student_ID,submit_count,active_days,question_count,correct_ratio,month_count,cluster,pattern,month
951d2aca1b8a1c336908,70,1,14,0.5571428571428572,1,1,探索尝试型,2023-08
bd657014cfd3fe7a8fe2,14,1,11,1.0,1,0,探索尝试型,2023-08
3531c5f9d520759ba697,1,1,1,1.0,1,0,探索尝试型,2023-08
c5c5e10586e94f96fe95,13,1,3,0.23076923076923078,1,2,集中针对型,2023-08
132c90d4a027a4477ad0,1,1,1,0.0,1,2,集中针对型,2023-08
3b6f3bb370f3107e257d,13,1,6,0.38461538461538464,1,0,探索尝试型,2023-08
148o63s7q5aitfxmmtrg,1,1,1,1.0,1,0,探索尝试型,2023-08
1nyzl7s790ta4c8r1l9g,5,1,4,0.6,1,0,探索尝试型,2023-08
t23e5lcdy5k50uvg5k0v,1,1,1,1.0,1,0,探索尝试型,2023-08
w9r5wihhl33fmutbq5qd,1,1,1,0.0,1,2,集中针对型,2023-08
lpzjucfyqwtb8ihim9b3,5,1,3,0.4,1,0,探索尝试型,2023-08
qu1rl2d6teeyti106rgx,3,1,3,1.0,1,0,探索尝试型,2023-08
hc0idvz0lxc4zpx94cbx,3,1,3,0.6666666666666666,1,0,探索尝试型,2023-08
e43g7im7dra88a4o8bbl,1,1,1,1.0,1,0,探索尝试型,2023-08
8l0qqik09gqh0e5anus0,5,1,3,0.6,1,0,探索尝试型,2023-08
70exfe4k4e5vvm5sqspq,2,1,2,0.0,1,2,集中针对型,2023-08
fcwom6dicy0kov3lxsf8,3,1,2,1.0,1,0,探索尝试型,2023-08
gk8izwg77g6t4p5buiar,3,1,2,0.6666666666666666,1,0,探索尝试型,2023-08
lqg2nmqf4x8w52gx12xw,1,1,1,0.0,1,2,集中针对型,2023-08
yesnbayr80dvsb8ajp9v,1,1,1,0.0,1,2,集中针对型,2023-08
40rkj6cwy12hdupgq4w2,3,1,3,1.0,1,0,探索尝试型,2023-08
wj1gt5zvzfnjf7xcf1c8,4,1,3,0.5,1,0,探索尝试型,2023-08
ov1tvylbnny48ojayssl,2,1,2,0.5,1,0,探索尝试型,2023-08
i8wbhc071gfhkbhtmeb1,1,1,1,1.0,1,0,探索尝试型,2023-08
8hn55e1bxuyegxa76l3r,1,1,1,0.0,1,2,集中针对型,2023-08
gsirdbny6840zq22vo7a,3,1,3,0.6666666666666666,1,0,探索尝试型,2023-08
7kqvekz6iho08947fhk9,1,1,1,1.0,1,0,探索尝试型,2023-08
1f4oscu6io8xlog2157e,2,1,2,0.5,1,0,探索尝试型,2023-08
msko5bf6rjt9adsuxby9,1,1,1,1.0,1,0,探索尝试型,2023-08
gj009a2t56bxjluh0mox,1,1,1,0.0,1,2,集中针对型,2023-08
z0mde15metn3m79ek96y,1,1,1,1.0,1,0,探索尝试型,2023-08
rb8z9vpc5uyhbcaa71v5,1,1,1,0.0,1,2,集中针对型,2023-08
86215294b080f19af22f,30,3,3,0.0,1,1,集中针对型,2023-09
e23ada44d3eac9b465d2,4,2,4,0.5,1,1,集中针对型,2023-09
1b25734414fcc7466153,4,1,2,0.5,1,1,集中针对型,2023-09
81c4c46f19cb21d54bbb,13,5,9,0.7692307692307693,1,1,集中针对型,2023-09
360820d6620d17d1b48b,39,6,11,0.41025641025641024,1,1,集中针对型,2023-09
47eeab842793b09300c3,19,4,6,0.2631578947368421,1,1,集中针对型,2023-09
10de703c06bf9d873d68,6,3,1,0.0,1,1,集中针对型,2023-09
8d422b817027d7721870,12,4,8,0.8333333333333334,1,1,集中针对型,2023-09
18cdd44af62c6935e7a0,42,4,8,0.42857142857142855,1,1,集中针对型,2023-09
d0a933a514028d777578,1,1,1,1.0,1,1,集中针对型,2023-09
ce1a32f22b91f4d81015,13,1,1,0.15384615384615385,1,1,集中针对型,2023-09
580e98185da72b5f34cd,21,2,6,0.47619047619047616,1,1,集中针对型,2023-09
fb4411db1aac3cd2544b,14,2,3,0.21428571428571427,1,1,集中针对型,2023-09
99d6b8a1cc0020112951,3,1,1,0.3333333333333333,1,1,集中针对型,2023-09
c57c5ca2df494f27ca64,1,1,1,1.0,1,1,集中针对型,2023-09
545eb6c8154273344669,2,1,1,0.0,1,1,集中针对型,2023-09
8777bd09f180d330b147,13,1,5,0.5384615384615384,1,1,集中针对型,2023-09
98e10f84d94623f8b39e,4,1,2,0.5,1,1,集中针对型,2023-09
cuwakm24vlp785ky5w71,5,4,3,0.2,1,1,集中针对型,2023-09
qz6jjynwbd3szlp0rj04,4,3,2,0.5,1,1,集中针对型,2023-09
wwh529n48kyjq1xe9h46,2,2,2,0.5,1,1,集中针对型,2023-09
fvurnsqlgyr9zbd6msqs,2,2,2,0.0,1,1,集中针对型,2023-09
cnkddx6ofjqd7ueylz0e,3,2,2,0.3333333333333333,1,1,集中针对型,2023-09
47vclaej1xmb0rc8kgka,4,4,3,0.75,1,1,集中针对型,2023-09
pr6b1twg5sgsrzek6adi,3,3,3,0.3333333333333333,1,1,集中针对型,2023-09
79cvflltnemb9zpg6pgl,2,2,2,0.0,1,1,集中针对型,2023-09
zlaig56ve06t7jruk2mr,5,3,3,0.4,1,1,集中针对型,2023-09
lzvutqpj9ggc0nwwsxcv,1,1,1,0.0,1,1,集中针对型,2023-09
ao2x473zwn7k7a6gpfr9,3,3,2,0.3333333333333333,1,1,集中针对型,2023-09
9wax6sfj9cuqbbxc95om,2,2,2,0.5,1,1,集中针对型,2023-09
jwdjcrxdn0um79f0rjvw,3,2,2,0.3333333333333333,1,1,集中针对型,2023-09
s0vfgmhobw9jq6al8iww,2,2,2,0.0,1,1,集中针对型,2023-09
vhlntoniujqiclub2juy,4,4,4,0.5,1,1,集中针对型,2023-09
qw1seyo5nrhlm8vby58w,1,1,1,0.0,1,1,集中针对型,2023-09
exj3a7hd6gwihbowgm3w,2,2,2,0.0,1,1,集中针对型,2023-09
0maggb1hf886m5u6p2vr,5,5,5,0.0,1,1,集中针对型,2023-09
91ybnlkli8x332l13rrk,3,2,2,0.3333333333333333,1,1,集中针对型,2023-09
styld7k1gge5cvjria5b,1,1,1,0.0,1,1,集中针对型,2023-09
5gs9643ghg39gpkgi3e5,1,1,1,0.0,1,1,集中针对型,2023-09
o5lo8q4tb8yt0v8imkw4,2,1,2,0.0,1,1,集中针对型,2023-09
8cvzwcc62ql4rqj0pyzl,3,2,3,0.3333333333333333,1,1,集中针对型,2023-09
t3wo8xb4rq94n3fpfk35,3,3,2,0.3333333333333333,1,1,集中针对型,2023-09
oppl3ojvw61dvd5yw1wl,3,3,2,0.3333333333333333,1,1,集中针对型,2023-09
i21qi5qdsjqcch2xvdd5,1,1,1,0.0,1,1,集中针对型,2023-09
1mp9yiw6rkrr3846047g,3,3,3,0.3333333333333333,1,1,集中针对型,2023-09
oit2xadfbpuveswzx4pf,1,1,1,0.0,1,1,集中针对型,2023-09
isa355t9q5rut5fm8aml,2,2,2,0.5,1,1,集中针对型,2023-09
uvh2zil455wi0dcdan51,2,2,2,0.5,1,1,集中针对型,2023-09
zeuj2ypen39p38d4m3oj,1,1,1,0.0,1,1,集中针对型,2023-09
k4usquerebza4uy0i57h,2,2,2,0.5,1,1,集中针对型,2023-09
5c33bb784bb99763ed74,6,3,4,0.8333333333333334,1,1,集中针对型,2023-09
18654732ca312afc173f,21,4,9,0.8095238095238095,1,1,集中针对型,2023-09
8f98bfcea1b9f0dba97e,26,2,18,0.8461538461538461,1,1,集中针对型,2023-09
460fa4961434cf281423,2,2,1,0.0,1,1,集中针对型,2023-09
41f718ae2aed1d6c2573,9,3,6,0.8888888888888888,1,1,集中针对型,2023-09
1329b6cf41debecda787,5,2,4,0.8,1,1,集中针对型,2023-09
db2418c575c0a4f7239d,28,4,5,0.21428571428571427,1,1,集中针对型,2023-09
d2e033f11edce44fea3d,6,2,4,0.6666666666666666,1,1,集中针对型,2023-09
6486c0664d217470d126,1,1,1,0.0,1,1,集中针对型,2023-09
bwvpzqnhh752noqjqj8d,2,2,2,0.5,1,1,集中针对型,2023-09
rd32gyblqsfn03xatnmt,2,1,2,1.0,1,1,集中针对型,2023-09
putb7ja6dwpdag4bwvnj,1,1,1,1.0,1,1,集中针对型,2023-09
pkjom9yr5m9690fg6wsi,2,2,2,1.0,1,1,集中针对型,2023-09
553l2g7kpifbvn82knxk,2,1,2,1.0,1,1,集中针对型,2023-09
awxiqzybhp95e08qx1h5,2,2,2,0.5,1,1,集中针对型,2023-09
zyfp520tbnq5p2pvrkin,4,3,3,0.75,1,1,集中针对型,2023-09
6tq9irjllweqmqe4u7sf,2,2,2,1.0,1,1,集中针对型,2023-09
4acutl013itvh9va99p7,3,1,2,1.0,1,1,集中针对型,2023-09
3qvqfnzdg358mord1cku,4,3,4,0.75,1,1,集中针对型,2023-09
99dj4o3b2f6m4jemke7d,1,1,1,1.0,1,1,集中针对型,2023-09
ef04ejvyvmh5votejbif,3,2,2,0.6666666666666666,1,1,集中针对型,2023-09
shtnl1wh1mconb8od5ko,1,1,1,1.0,1,1,集中针对型,2023-09
n8pe3tt7qmlgojwhhsj0,4,2,3,0.25,1,1,集中针对型,2023-09
2uxkhe454qk8jvk0ufvp,1,1,1,0.0,1,1,集中针对型,2023-09
ik7o5ykfnku0qp74sy1i,1,1,1,1.0,1,1,集中针对型,2023-09
2jvnsh0veb6qnn3uv6i8,3,3,3,1.0,1,1,集中针对型,2023-09
58n0dsxyyqnriomw67id,2,2,2,1.0,1,1,集中针对型,2023-09
3cic5ziycjx4ik4ll0v1,2,2,2,0.5,1,1,集中针对型,2023-09
9trgand057juzal1kecf,1,1,1,1.0,1,1,集中针对型,2023-09
2zfdinkl7qrn0o62tlp4,1,1,1,1.0,1,1,集中针对型,2023-09
si6ymh6w7xbo2f40o0p8,1,1,1,1.0,1,1,集中针对型,2023-09
5mrih4nj5agvu67vao4m,1,1,1,1.0,1,1,集中针对型,2023-09
dfnvtf7qbi2955rjeaqx,1,1,1,1.0,1,1,集中针对型,2023-09
62olkigg7ntlaf6fzytl,3,3,3,1.0,1,1,集中针对型,2023-09
ugaiak78ggmnku4yndlt,1,1,1,0.0,1,1,集中针对型,2023-09
x8hldszj3z40bgxl4mci,1,1,1,0.0,1,1,集中针对型,2023-09
yyz9rmyzzdp52h0glddp,1,1,1,1.0,1,1,集中针对型,2023-09
ae2e4cb7985c4ac71795,27,3,14,0.6666666666666666,1,1,集中针对型,2023-09
52f4899e918b57df28da,36,6,23,0.6666666666666666,1,2,探索尝试型,2023-09
c5b9961e65ffa73d971e,23,3,6,0.4782608695652174,1,1,集中针对型,2023-09
19fb3075dd2798538c9d,18,3,13,0.7222222222222222,1,1,集中针对型,2023-09
28719a42e0cbf4991b7f,14,3,5,0.5,1,1,集中针对型,2023-09
a55511198784610bf30b,8,1,1,0.125,1,1,集中针对型,2023-09
62a877b83219f7974fd0,10,5,9,0.9,1,1,集中针对型,2023-09
170a695a2717bcd9b74b,1,1,1,0.0,1,1,集中针对型,2023-09
918236b530adbe510201,48,3,17,0.5833333333333334,1,1,集中针对型,2023-09
1kvfwfp2hr5hjxjxzjqd,3,2,3,1.0,1,1,集中针对型,2023-09
4fl8e5s0nf65bm2m34f0,4,3,4,0.25,1,1,集中针对型,2023-09
fvlb9xi66oze7eo3yhdh,3,3,3,1.0,1,1,集中针对型,2023-09
d6qgzp196pwnzk7agyn6,1,1,1,1.0,1,1,集中针对型,2023-09
kpw433bcv21ksp1wgrux,5,4,5,0.6,1,1,集中针对型,2023-09
7c2qxvccum7f93e8ohgt,4,3,4,0.5,1,1,集中针对型,2023-09
m3y8jkkgflwqwcelrwzz,2,2,2,0.0,1,1,集中针对型,2023-09
bvz9hmtzknu45wvb0yaw,2,2,1,0.0,1,1,集中针对型,2023-09
nl4vt11ikn4we06zu0zj,6,3,6,0.6666666666666666,1,1,集中针对型,2023-09
wxgj9kdmdrmullrthnso,1,1,1,1.0,1,1,集中针对型,2023-09
i8gdglua8vbd4ul9x09f,5,5,4,0.6,1,1,集中针对型,2023-09
no0afrue2n6m8hcnuek1,4,3,4,0.75,1,1,集中针对型,2023-09
ymb5gxf0fi27kpj2f101,4,3,3,0.75,1,1,集中针对型,2023-09
fov3pbwdqzvhgcjp7o9f,3,3,2,0.6666666666666666,1,1,集中针对型,2023-09
7r0ywonplo8up7m35eav,4,3,3,0.5,1,1,集中针对型,2023-09
hcm6w0jxnfqhkpm745cu,3,3,3,1.0,1,1,集中针对型,2023-09
yb4sqfrwu788fa6y4zeb,3,2,3,0.6666666666666666,1,1,集中针对型,2023-09
0gfiioqi5g8djhh1wzol,4,2,3,0.5,1,1,集中针对型,2023-09
zon2ut7eqwqd7i86etaw,2,2,2,0.5,1,1,集中针对型,2023-09
3iz4t53ooerb6sruxf3n,2,2,2,0.5,1,1,集中针对型,2023-09
44x159fl0pw2uucriuga,3,3,3,0.6666666666666666,1,1,集中针对型,2023-09
cnqyqc90n3ixrlc3mri7,1,1,1,1.0,1,1,集中针对型,2023-09
fb735wd248crm37cgmgw,1,1,1,1.0,1,1,集中针对型,2023-09
93iq4xjhvlc8072fsfet,2,2,2,0.5,1,1,集中针对型,2023-09
4xh67ezjc331pg9q3kfv,1,1,1,0.0,1,1,集中针对型,2023-09
wbdvbdebq64ujpi9u7mn,3,3,3,1.0,1,1,集中针对型,2023-09
vqz1prz6hwnqepxsieip,2,2,2,1.0,1,1,集中针对型,2023-09
cunf3y04zq0f90dgy36j,1,1,1,0.0,1,1,集中针对型,2023-09
1hrtipd0awjpggdje5e2,3,3,3,0.6666666666666666,1,1,集中针对型,2023-09
alj4azvv1eqg1cyr3ae3,1,1,1,0.0,1,1,集中针对型,2023-09
5m6lgwi0mkqs8ilg3qqs,41,5,25,0.6341463414634146,1,2,探索尝试型,2023-09
016226278e6a69e10aa4,63,7,8,0.14285714285714285,1,1,集中针对型,2023-09
cade7d478dac7020a79b,39,2,2,0.1282051282051282,1,1,集中针对型,2023-09
d8ed5a1897987ffdeaed,41,4,12,0.3902439024390244,1,1,集中针对型,2023-09
11dae4659d30031a10dd,6,1,2,0.3333333333333333,1,1,集中针对型,2023-09
5f7b406b2bbf9789735f,2,2,1,0.5,1,1,集中针对型,2023-09
6d22912e7e93a96a8690,8,2,4,0.5,1,1,集中针对型,2023-09
9952cc289c9f690621ec,63,9,32,0.7936507936507936,1,0,探索尝试型,2023-09
c9c946fe211251af32d1,27,7,7,0.6296296296296297,1,1,集中针对型,2023-09
453d43b3f6bdf467e672,31,5,10,0.45161290322580644,1,1,集中针对型,2023-09
cf7f9c2c6872be9bf2d6,41,7,19,0.5365853658536586,1,2,探索尝试型,2023-09
0c57caf5358d30408034,141,6,38,0.475177304964539,1,0,探索尝试型,2023-09
ec4897070f2d3b6eab89,1,1,1,1.0,1,1,集中针对型,2023-09
0fc996fff93c00ca5ced,69,4,2,0.028985507246376812,1,1,集中针对型,2023-09
3ff069e95a9047dbfa8b,40,4,10,0.375,1,1,集中针对型,2023-09
aa83cf5fc68c1dcb5038,25,5,14,0.84,1,2,探索尝试型,2023-09
a3a0e2129e405aef3d87,11,2,7,1.0,1,1,集中针对型,2023-09
061db2c91f94c612f2d4,11,2,10,0.9090909090909091,1,1,集中针对型,2023-09
bb3328d3b1eecb5e1a8a,84,6,5,0.07142857142857142,1,1,集中针对型,2023-09
76fe2c19fa84d58b584b,13,1,3,0.3076923076923077,1,1,集中针对型,2023-09
b8162292f2171005c2ba,33,3,6,0.18181818181818182,1,1,集中针对型,2023-09
e3d0782396c346359a8f,13,2,5,0.38461538461538464,1,1,集中针对型,2023-09
3919286d3d8c4f4d339c,35,6,4,0.08571428571428572,1,1,集中针对型,2023-09
a8350dcececa0b02dd14,41,4,9,0.36585365853658536,1,1,集中针对型,2023-09
cafe5989da5dfed9f404,2,2,1,1.0,1,1,集中针对型,2023-09
3ba42ec5350aacb0750a,14,2,5,0.35714285714285715,1,1,集中针对型,2023-09
99a53846658ba3341de6,6,1,3,0.5,1,1,集中针对型,2023-09
4a6e1cf1e4e9d8f54717,53,2,38,0.8867924528301887,1,0,探索尝试型,2023-09
7c1d8516e6c2ab2d3030,4,2,3,0.75,1,1,集中针对型,2023-09
afc99b4940e933922aca,20,2,3,0.15,1,1,集中针对型,2023-09
20f97b68982d1b2f5c73,43,2,5,0.18604651162790697,1,1,集中针对型,2023-09
f36a755a3fa5db5c0743,15,1,1,0.06666666666666667,1,1,集中针对型,2023-09
6fe309a58b787e7010eb,34,1,2,0.0,1,1,集中针对型,2023-09
61de1e21015e07aacbe8,20,1,5,0.25,1,1,集中针对型,2023-09
dcd0562f8fb44933cb08,2,1,2,1.0,1,1,集中针对型,2023-09
9d02a160cd171c5f4c18,8,1,2,0.0,1,1,集中针对型,2023-09
lexte4gc3dvjb7ty0qf5,17,8,10,0.47058823529411764,1,2,探索尝试型,2023-09
svxexhg20hs3bbqd4fm7,16,9,9,0.25,1,2,探索尝试型,2023-09
zeuj820acn6zhcbx617v,19,7,7,0.3684210526315789,1,1,集中针对型,2023-09
t9a891e0764br5ujna1a,28,13,16,0.39285714285714285,1,2,探索尝试型,2023-09
ijieo064jbrs5ss1cmol,8,4,6,0.125,1,1,集中针对型,2023-09
4vnvytgnlmv4jbfw9h3t,10,5,6,0.2,1,1,集中针对型,2023-09
uk8sadmdmw8p7e22l2yr,18,10,7,0.4444444444444444,1,2,探索尝试型,2023-09
pv0c4za1m616k25gfwfb,14,6,8,0.5,1,1,集中针对型,2023-09
uy29im7a6hnc34lfp8ae,25,7,10,0.32,1,1,集中针对型,2023-09
fkenlzdweox7v0zaopqo,16,6,10,0.3125,1,1,集中针对型,2023-09
i1fr7kd71b2ni39kn958,15,6,8,0.5333333333333333,1,1,集中针对型,2023-09
t7x7ydt3u1cd2svfvk4q,14,8,9,0.35714285714285715,1,1,集中针对型,2023-09
mqqf68ny1kdp6i69i7tt,18,7,10,0.3333333333333333,1,1,集中针对型,2023-09
d3tt41de5iashfjr1txr,16,7,8,0.375,1,1,集中针对型,2023-09
3p34idi1traz2k8j0ulk,24,9,15,0.5,1,2,探索尝试型,2023-09
zc7xkcpo969z98kh6bg8,23,6,11,0.2608695652173913,1,1,集中针对型,2023-09
fqcud1c5mt7pdp9w0v6y,13,6,7,0.3076923076923077,1,1,集中针对型,2023-09
i5hexmb5zlzhd8lvwdv3,18,6,10,0.5,1,1,集中针对型,2023-09
kilhyvtskm84umerpjee,15,7,13,0.3333333333333333,1,2,探索尝试型,2023-09
9lfh7vk4u8eh6zz1dmvp,17,6,11,0.17647058823529413,1,1,集中针对型,2023-09
jyaxybaq8vui614ytd8i,22,9,12,0.3181818181818182,1,2,探索尝试型,2023-09
w1uwjc89gv68yxkutpoe,9,4,7,0.3333333333333333,1,1,集中针对型,2023-09
cp4d94b2v0ws6am7mvuw,19,8,9,0.21052631578947367,1,1,集中针对型,2023-09
rq44ojyrvdtad0tzsm32,20,9,9,0.35,1,2,探索尝试型,2023-09
6iag08nt7se7f2hkgzx4,13,5,8,0.23076923076923078,1,1,集中针对型,2023-09
6dx4zt62b8m37krb5l3n,22,9,11,0.4090909090909091,1,2,探索尝试型,2023-09
9a25hcbd3mhgaj0fyelo,19,8,12,0.3157894736842105,1,2,探索尝试型,2023-09
xsxczvs8iluovs3pt5q7,14,6,6,0.2857142857142857,1,1,集中针对型,2023-09
oi7j42phxrp4mc1n9h4b,16,12,10,0.375,1,2,探索尝试型,2023-09
6cxj0lsinp9d7215gtpe,17,8,13,0.47058823529411764,1,2,探索尝试型,2023-09
buv73728fa9viqgrz5mj,13,6,7,0.38461538461538464,1,1,集中针对型,2023-09
tvsgkf4oqh769h40lj43,13,8,9,0.38461538461538464,1,1,集中针对型,2023-09
h6miro3m8713s3dxuipr,17,9,10,0.29411764705882354,1,2,探索尝试型,2023-09
8urc1lsyw615q5prnxwh,16,8,10,0.5625,1,2,探索尝试型,2023-09
reo07h0d5zehmotdlz2w,14,6,7,0.35714285714285715,1,1,集中针对型,2023-09
854ce9f7f4d7b6115854,58,9,33,0.8275862068965517,1,0,探索尝试型,2023-09
454c91e8f96c1dc4e994,1,1,1,1.0,1,1,集中针对型,2023-09
03e0c9bff3a9557480d9,18,3,6,0.2777777777777778,1,1,集中针对型,2023-09
d6f3f410bbb24244d270,105,7,26,0.5904761904761905,1,0,探索尝试型,2023-09
0107f72b66cbd1a0926d,26,3,7,0.4230769230769231,1,1,集中针对型,2023-09
03754dce5ec7731fb3e2,65,5,25,0.8307692307692308,1,0,探索尝试型,2023-09
2e2c00240c341a4265e3,11,3,6,0.6363636363636364,1,1,集中针对型,2023-09
a9554f5c3d61d05617e1,43,3,8,0.4418604651162791,1,1,集中针对型,2023-09
a0fa57995e3e8cdcc13a,34,3,15,0.8235294117647058,1,1,集中针对型,2023-09
2af634997fba501740c2,24,2,8,0.375,1,1,集中针对型,2023-09
4c26df96293b4a52bc03,35,3,7,0.22857142857142856,1,1,集中针对型,2023-09
b0a62c35bfc7f529e83b,25,4,12,0.48,1,1,集中针对型,2023-09
be52205cb48c05e10567,2,1,1,0.0,1,1,集中针对型,2023-09
c9e6e9322dd7054e618c,17,3,9,0.5294117647058824,1,1,集中针对型,2023-09
67f8d47cfb7b7b3d2095,51,3,6,0.09803921568627451,1,1,集中针对型,2023-09
b34d4dc5b6c5fd7c5def,17,2,6,0.47058823529411764,1,1,集中针对型,2023-09
4bceaffe5e429ed3333b,17,4,9,0.5882352941176471,1,1,集中针对型,2023-09
951678e2f3db4cd9911d,14,2,9,0.9285714285714286,1,1,集中针对型,2023-09
19793e7e55b68c8dd776,18,2,6,0.2777777777777778,1,1,集中针对型,2023-09
912794ea0c6936c83ce2,17,2,4,0.23529411764705882,1,1,集中针对型,2023-09
4738a118c8b8fa271fd6,14,1,5,0.35714285714285715,1,1,集中针对型,2023-09
6b9ee688551136da2eb9,13,2,3,0.15384615384615385,1,1,集中针对型,2023-09
13de1d3a55477a0c0329,7,1,5,0.7142857142857143,1,1,集中针对型,2023-09
17e429460d5fda251953,51,2,6,0.09803921568627451,1,1,集中针对型,2023-09
d536120baaef5495c028,17,2,4,0.23529411764705882,1,1,集中针对型,2023-09
42e83553ca9d77ab4aee,1,1,1,1.0,1,1,集中针对型,2023-09
488fc49e8fccd665c3e2,42,2,5,0.07142857142857142,1,1,集中针对型,2023-09
a856f10303ba34926fdd,8,2,5,0.625,1,1,集中针对型,2023-09
e17f01453906e3ae5716,29,1,5,0.1724137931034483,1,1,集中针对型,2023-09
82da6d26645f8f71bd61,4,2,4,1.0,1,1,集中针对型,2023-09
be032ee60c336e4701e0,19,1,5,0.2631578947368421,1,1,集中针对型,2023-09
d72abe041b8db9118e70,8,1,5,0.625,1,1,集中针对型,2023-09
2d526c27123e59103e29,16,2,5,0.375,1,1,集中针对型,2023-09
f22c9341431a6123f670,12,1,5,0.4166666666666667,1,1,集中针对型,2023-09
d103bd9455fb9258c805,11,1,5,0.5454545454545454,1,1,集中针对型,2023-09
9b1c065069dbb7a71617,24,1,5,0.20833333333333334,1,1,集中针对型,2023-09
2ecb7fb5ff8899614c12,67,1,5,0.1044776119402985,1,1,集中针对型,2023-09
8e25bcfa51d165f162f6,7,1,5,0.8571428571428571,1,1,集中针对型,2023-09
2826ec26211d83efd2c6,21,1,5,0.47619047619047616,1,1,集中针对型,2023-09
fe40bd528b4fbbf591e1,23,1,5,0.21739130434782608,1,1,集中针对型,2023-09
6964a3d507ac1ecf9e52,25,1,5,0.24,1,1,集中针对型,2023-09
fe752a6d1aa3d710d738,37,1,5,0.1891891891891892,1,1,集中针对型,2023-09
ba563fef8484139dc84d,33,1,6,0.15151515151515152,1,1,集中针对型,2023-09
430420fb41fe0a889868,19,1,5,0.2631578947368421,1,1,集中针对型,2023-09
4e768251c78b687fa993,22,1,5,0.3181818181818182,1,1,集中针对型,2023-09
60c3549c706fe13322ce,13,1,5,0.38461538461538464,1,1,集中针对型,2023-09
1fa4f2361b8a03040292,17,2,5,0.29411764705882354,1,1,集中针对型,2023-09
ucxxvfcovdwuokyswife,20,6,8,0.25,1,1,集中针对型,2023-09
19rc4zj7sw4ms0996992,17,4,5,0.23529411764705882,1,1,集中针对型,2023-09
csxiwtz34vm9vr0kbryx,27,5,9,0.3333333333333333,1,1,集中针对型,2023-09
m3xzctvbxlbxz80zz042,15,5,7,0.26666666666666666,1,1,集中针对型,2023-09
vzdurh8f0rfus5h4bde2,17,5,8,0.47058823529411764,1,1,集中针对型,2023-09
7ddzwidmh4uwbopvlast,14,6,7,0.14285714285714285,1,1,集中针对型,2023-09
g5wbnnhq1jbyc32q3003,21,8,7,0.2857142857142857,1,1,集中针对型,2023-09
yums89f0epz009xrrwrf,10,4,6,0.3,1,1,集中针对型,2023-09
3ywgcurp27qp1fydp27z,22,7,8,0.45454545454545453,1,1,集中针对型,2023-09
74g1r714u01v7nb4vn8w,17,5,10,0.5294117647058824,1,1,集中针对型,2023-09
0sgnvj4zfg3xjjb9fl6h,16,5,10,0.4375,1,1,集中针对型,2023-09
p3cs5x8cxrwubesmagvl,27,7,8,0.4074074074074074,1,1,集中针对型,2023-09
sdun9fmcol7sud39mllw,22,5,6,0.3181818181818182,1,1,集中针对型,2023-09
j8inicu0iafkpv3u9431,15,5,5,0.4666666666666667,1,1,集中针对型,2023-09
z9q10sbk27qpuvatlkuw,11,6,7,0.5454545454545454,1,1,集中针对型,2023-09
1otvyki9oso9bg6ob16u,19,6,10,0.2631578947368421,1,1,集中针对型,2023-09
u968v341lom8drwdzqqj,17,5,7,0.29411764705882354,1,1,集中针对型,2023-09
flde3irykh8wauaj2fuw,20,5,9,0.3,1,1,集中针对型,2023-09
ulowmljtsh72z64haltq,13,4,7,0.3076923076923077,1,1,集中针对型,2023-09
pg8ucem69ixbqhznx0x2,22,3,7,0.4090909090909091,1,1,集中针对型,2023-09
cgydhui8n3uoxbq5rznl,13,4,7,0.23076923076923078,1,1,集中针对型,2023-09
1nebcwra7a0fduy8c1fa,15,3,6,0.26666666666666666,1,1,集中针对型,2023-09
hoedc2pzfz6av5bn1jq3,18,7,10,0.5,1,1,集中针对型,2023-09
isavn2ahb9n5z1q8win5,16,5,10,0.375,1,1,集中针对型,2023-09
lewkf2owb42ywhfto9yf,9,5,8,0.5555555555555556,1,1,集中针对型,2023-09
4v5xbvn3yhmvs97477pc,24,7,7,0.4166666666666667,1,1,集中针对型,2023-09
ng2c52g74hfaudyxmm6m,21,5,9,0.38095238095238093,1,1,集中针对型,2023-09
mn8t0yyppsznr674ic1a,20,5,7,0.35,1,1,集中针对型,2023-09
h9urbo4ce8x02brjnloz,16,7,10,0.4375,1,1,集中针对型,2023-09
inyirhdpjahiguhs9e5b,22,9,9,0.36363636363636365,1,2,探索尝试型,2023-09
4y1vvkscejq34042oag4,14,7,7,0.42857142857142855,1,1,集中针对型,2023-09
em248gxmeso9cw0wzlv8,24,6,9,0.2916666666666667,1,1,集中针对型,2023-09
x8hocidvl3emcmrhw2f8,22,6,8,0.36363636363636365,1,1,集中针对型,2023-09
uhky1uwx18u1e4nixzzf,13,3,7,0.38461538461538464,1,1,集中针对型,2023-09
ttsjumez81r1ot6tfe7n,10,6,7,0.5,1,1,集中针对型,2023-09
413cbf664ac3ba8307ea,97,11,34,0.711340206185567,1,0,探索尝试型,2023-09
2a515047aa9d085849a2,89,8,19,0.5730337078651685,1,0,探索尝试型,2023-09
3f34e3108d1108dab0fd,43,6,26,0.9069767441860465,1,2,探索尝试型,2023-09
e62f7655cb5259abfbf1,47,9,13,0.2127659574468085,1,2,探索尝试型,2023-09
05e6d9723ab3cde0841d,174,9,21,0.3045977011494253,1,0,探索尝试型,2023-09
329622100fe091a4c48c,116,14,16,0.2413793103448276,1,0,探索尝试型,2023-09
7f1c076b22be73eef99b,81,5,10,0.5061728395061729,1,1,集中针对型,2023-09
9ee4ff457095eaf23309,33,3,5,0.15151515151515152,1,1,集中针对型,2023-09
52a24e35d5356ab34a2e,37,5,10,0.40540540540540543,1,1,集中针对型,2023-09
04f2689b4ea16d8d7d9a,127,5,8,0.14173228346456693,1,1,集中针对型,2023-09
f9dde99f5db421171b51,89,5,11,0.24719101123595505,1,1,集中针对型,2023-09
5abcc9d4fb5e764b2f6f,44,4,6,0.1590909090909091,1,1,集中针对型,2023-09
8bf3625652581859dcd1,79,4,13,0.35443037974683544,1,1,集中针对型,2023-09
952e59666bdde6dad94c,133,7,14,0.6390977443609023,1,0,探索尝试型,2023-09
b1fbf77b475e79c3d413,148,3,8,0.1891891891891892,1,0,探索尝试型,2023-09
ca10145a308249ed82e9,47,5,19,0.44680851063829785,1,2,探索尝试型,2023-09
2fe9648ea28753c73c2c,50,3,7,0.12,1,1,集中针对型,2023-09
b6808721d4a7900e360a,232,13,35,0.5344827586206896,1,0,探索尝试型,2023-09
66d7c0bdb21b7d5bd83d,27,2,3,0.037037037037037035,1,1,集中针对型,2023-09
83b54209fa2b1055369b,18,5,6,0.3333333333333333,1,1,集中针对型,2023-09
0df40593e76a840fd64b,51,5,7,0.1568627450980392,1,1,集中针对型,2023-09
9ad512cc6cbd79aa81c7,5,1,2,1.0,1,1,集中针对型,2023-09
0258f681a9e1756dfc76,187,8,14,0.33689839572192515,1,0,探索尝试型,2023-09
8e1012c9f4775ba6a451,102,5,12,0.2647058823529412,1,1,集中针对型,2023-09
b9a8b9ee84232efd7d61,13,5,10,0.9230769230769231,1,1,集中针对型,2023-09
522837ace4fd8dd743f2,65,5,12,0.46153846153846156,1,1,集中针对型,2023-09
4dfdfa5e1a04c832b9b4,304,16,38,0.631578947368421,1,0,探索尝试型,2023-09
63c38a00d97e62c31e08,64,8,18,0.453125,1,2,探索尝试型,2023-09
c6ab0de398cfcbd21dc5,11,1,1,0.09090909090909091,1,1,集中针对型,2023-09
6fc66606e74242398444,50,4,7,0.16,1,1,集中针对型,2023-09
4e508744a9816cc4586a,21,3,10,0.47619047619047616,1,1,集中针对型,2023-09
e4af37199530e9ea523c,19,2,4,0.2631578947368421,1,1,集中针对型,2023-09
f05247f3d32a4bf5a6df,67,4,6,0.13432835820895522,1,1,集中针对型,2023-09
a95a606f0110653858b2,15,1,2,0.06666666666666667,1,1,集中针对型,2023-09
5cda8273b348fbda9f29,4,1,1,0.5,1,1,集中针对型,2023-09
81c441973fd4e024d60a,22,4,3,0.13636363636363635,1,1,集中针对型,2023-09
4cc0dc56eecea1d928d1,29,2,2,0.10344827586206896,1,1,集中针对型,2023-09
4474f24ef69e01e2c001,4,1,1,0.25,1,1,集中针对型,2023-09
3dba043eb6065ad3a343,3,1,1,0.3333333333333333,1,1,集中针对型,2023-09
93f200d7351d4980fec6,7,1,2,0.14285714285714285,1,1,集中针对型,2023-09
dddd7ba8769cf90bfd62,22,2,5,0.22727272727272727,1,1,集中针对型,2023-09
e5cab2ae37f3a9ed4f46,6,1,2,0.0,1,1,集中针对型,2023-09
1367d35cf39783effa7a,6,1,6,1.0,1,1,集中针对型,2023-09
aqpg6qwtponj9ojmx6ls,28,15,12,0.35714285714285715,1,2,探索尝试型,2023-09
xgvqpyg5mro3wihwngur,33,18,17,0.42424242424242425,1,2,探索尝试型,2023-09
tv0sptqq56ri3dpcd9nl,42,14,17,0.38095238095238093,1,2,探索尝试型,2023-09
u9owl1eky0jf8t3nc50o,28,13,13,0.39285714285714285,1,2,探索尝试型,2023-09
4x441h9y6wzknmtdw7q4,35,13,16,0.5428571428571428,1,2,探索尝试型,2023-09
xnvmb8uox3576k142awg,30,15,15,0.4,1,2,探索尝试型,2023-09
hhplrx9xd7cm2w7aslma,33,17,17,0.36363636363636365,1,2,探索尝试型,2023-09
a30afe3tftu3pgsdxxdq,25,14,12,0.44,1,2,探索尝试型,2023-09
nkr2o4v6q9alvt7ju51e,34,14,17,0.4117647058823529,1,2,探索尝试型,2023-09
orubxhpr5e1heat93ue4,24,12,13,0.3333333333333333,1,2,探索尝试型,2023-09
4130weedl0x9hc7qe5a4,33,14,18,0.48484848484848486,1,2,探索尝试型,2023-09
01qkq6w2v62cimidb3b7,24,15,13,0.25,1,2,探索尝试型,2023-09
nx4zicy1jbulkuen41s5,25,15,11,0.24,1,2,探索尝试型,2023-09
daty5mq7b20bkt2c2zfs,31,16,16,0.41935483870967744,1,2,探索尝试型,2023-09
rsclhbtmbxt0xrye64ax,30,12,13,0.4,1,2,探索尝试型,2023-09
oc0ww31yssff9rktgowo,31,15,14,0.4838709677419355,1,2,探索尝试型,2023-09
tp8x8dgd7d6dhpth8xni,19,8,14,0.21052631578947367,1,2,探索尝试型,2023-09
8kvpozl8kjupzd4yvwbv,21,10,13,0.2857142857142857,1,2,探索尝试型,2023-09
f527k17lr4aumahjtj92,22,12,11,0.3181818181818182,1,2,探索尝试型,2023-09
1afepx549ssnar1m9acp,29,14,14,0.3448275862068966,1,2,探索尝试型,2023-09
p611flt77czmqgut14jl,28,12,14,0.42857142857142855,1,2,探索尝试型,2023-09
zq3xohaut5o9dbd9064z,37,14,15,0.21621621621621623,1,2,探索尝试型,2023-09
m6p2hujqw21vc4lyt3f3,23,12,14,0.34782608695652173,1,2,探索尝试型,2023-09
2a6ap0t2rsvoogmydj3a,32,15,14,0.3125,1,2,探索尝试型,2023-09
mhufhb84kyqgs0anwy1d,16,10,10,0.5,1,2,探索尝试型,2023-09
ubi6gd21j9e9rw46hoz6,28,15,15,0.35714285714285715,1,2,探索尝试型,2023-09
uhthvh60xp911d47x7xm,28,16,16,0.39285714285714285,1,2,探索尝试型,2023-09
zuw35j06tzftt6oon4c5,36,17,18,0.4444444444444444,1,2,探索尝试型,2023-09
34qcy2qj5lij7g82hpvw,27,14,16,0.4444444444444444,1,2,探索尝试型,2023-09
j605t14y7ie6vr2n8s2c,26,11,15,0.34615384615384615,1,2,探索尝试型,2023-09
pgknalznufvmvwgc1ca8,24,10,15,0.5,1,2,探索尝试型,2023-09
o3jddioub8dsv0fm22qn,34,14,17,0.35294117647058826,1,2,探索尝试型,2023-09
9nfrfi8p7oktnfr9c30b,29,13,17,0.3793103448275862,1,2,探索尝试型,2023-09
jnupp0jsv1kjsvbzlnrr,25,14,15,0.2,1,2,探索尝试型,2023-09
me4d1o3nzhyoj0xfast0,23,12,13,0.5217391304347826,1,2,探索尝试型,2023-09
c20c86d30d19b39745e2,5,1,3,0.6,1,1,集中针对型,2023-09
a96027a83196027cf822,89,3,38,0.7752808988764045,1,0,探索尝试型,2023-09
eec0307b4d47609d6933,37,2,7,0.43243243243243246,1,1,集中针对型,2023-09
c682f6819dfbfc964bc7,43,2,19,0.6511627906976745,1,1,集中针对型,2023-09
3c71b62d597098c4cd18,29,3,9,0.4482758620689655,1,1,集中针对型,2023-09
c35834f349db8ef7c591,6,1,2,0.16666666666666666,1,1,集中针对型,2023-09
94066a900026329cd5cd,32,3,9,0.5,1,1,集中针对型,2023-09
3313c40ea45a87f9d2e7,14,2,9,0.7142857142857143,1,1,集中针对型,2023-09
37f3b3d773c5c073bc9a,14,2,4,0.2857142857142857,1,1,集中针对型,2023-09
a11b89c60677835e450c,67,3,36,0.9104477611940298,1,0,探索尝试型,2023-09
3c37e3ad275dcdd39e2c,18,2,5,0.2777777777777778,1,1,集中针对型,2023-09
f964ee6bca634319a68f,161,3,35,0.7080745341614907,1,0,探索尝试型,2023-09
31741464205aa8cdb4f5,13,2,8,0.6923076923076923,1,1,集中针对型,2023-09
ad29c5822807dabe497c,5,1,5,1.0,1,1,集中针对型,2023-09
f26c1d520ac39293c68a,9,2,4,0.4444444444444444,1,1,集中针对型,2023-09
72d383f55803c5a81bd6,33,2,7,0.9090909090909091,1,1,集中针对型,2023-09
fabad359607dabbaaed4,9,1,5,0.5555555555555556,1,1,集中针对型,2023-09
9b43f5fcb5d592a689af,10,2,5,0.5,1,1,集中针对型,2023-09
6fefd33cf297f69bcae3,32,2,2,0.0625,1,1,集中针对型,2023-09
1f56b6bda24efafcf3a4,8,1,3,0.375,1,1,集中针对型,2023-09
43d34a076620e32fedfa,5,1,2,0.4,1,1,集中针对型,2023-09
4478eae73fb84cedb102,4,1,3,0.75,1,1,集中针对型,2023-09
d45eea92ed42431d9076,11,2,5,0.5454545454545454,1,1,集中针对型,2023-09
9294393fcd13593bc537,20,1,5,0.4,1,1,集中针对型,2023-09
a34fbbb7d9a19eb82450,10,1,5,0.5,1,1,集中针对型,2023-09
09e4bfadd7e012c37c7c,2,1,1,1.0,1,1,集中针对型,2023-09
96dc0554852b5a94a400,9,1,1,0.0,1,1,集中针对型,2023-09
46e2d5243b6eef040f97,6,2,5,0.8333333333333334,1,1,集中针对型,2023-09
7ec5fc60b1ce755e0e17,21,3,6,0.8571428571428571,1,1,集中针对型,2023-09
3f81bf9625e47ca1963f,1,1,1,1.0,1,1,集中针对型,2023-09
27cc9165eef05eb1733f,22,1,8,0.9090909090909091,1,1,集中针对型,2023-09
d1df92e9d19fb2f22ebb,25,2,5,0.2,1,1,集中针对型,2023-09
7f91b4ad141d21887b79,24,1,8,0.6666666666666666,1,1,集中针对型,2023-09
17dda5f588bed077c742,63,2,9,0.3333333333333333,1,1,集中针对型,2023-09
0a7f1a73361654329281,18,1,5,0.3333333333333333,1,1,集中针对型,2023-09
3b3b2319b0995f149ecc,8,1,5,0.625,1,1,集中针对型,2023-09
6273f50d9a0b4e6d971c,10,1,3,0.3,1,1,集中针对型,2023-09
d6d6e7da792fdf0106f0,30,1,5,0.2,1,1,集中针对型,2023-09
bc48d03763657ec4aa63,20,2,9,0.55,1,1,集中针对型,2023-09
81e59e96ce9bd6a76bdb,26,2,11,0.4230769230769231,1,1,集中针对型,2023-09
b26aab632fd33a01020a,18,2,9,0.6111111111111112,1,1,集中针对型,2023-09
0bb8692f43a372e8d967,22,2,8,0.5454545454545454,1,1,集中针对型,2023-09
9104b8987aefa9d8e884,15,1,10,0.8,1,1,集中针对型,2023-09
074d7f43de7264306775,3,1,1,0.0,1,1,集中针对型,2023-09
e224221a9971f9f45489,11,2,5,0.45454545454545453,1,1,集中针对型,2023-09
24ca7714d40e2fe53821,15,2,4,0.26666666666666666,1,1,集中针对型,2023-09
301f57984e5d2969c938,37,2,9,0.4864864864864865,1,1,集中针对型,2023-09
c42aff1f9940e24491cc,8,1,6,0.875,1,1,集中针对型,2023-09
6d90c2fd38f2ea52ffd8,28,1,10,0.7857142857142857,1,1,集中针对型,2023-09
fe5cf715d9c94fc7779e,57,1,38,0.9122807017543859,1,0,探索尝试型,2023-09
4ewf46mylf75olvvihqj,12,3,10,0.6666666666666666,1,1,集中针对型,2023-09
nrv5a6tr3ya2iv3p5xpo,15,3,9,0.5333333333333333,1,1,集中针对型,2023-09
jv67r7eqa9z2a1777eex,24,3,11,0.6666666666666666,1,1,集中针对型,2023-09
orgvbr9mbmfo4z8tbsa3,12,3,8,0.3333333333333333,1,1,集中针对型,2023-09
k1r03pvvsv9zxrft5jgi,19,3,9,0.47368421052631576,1,1,集中针对型,2023-09
3w0b2b1gz9i1nhmtab7s,19,3,12,0.631578947368421,1,1,集中针对型,2023-09
4oqxw56hzk4fk8aqh3e0,7,3,7,0.42857142857142855,1,1,集中针对型,2023-09
8jo5o2abn697lg482k0e,13,3,11,0.6923076923076923,1,1,集中针对型,2023-09
6ixkthdoadcwip3r1sy2,14,3,11,0.7142857142857143,1,1,集中针对型,2023-09
70ym0xeqaqmx14dv6myx,15,3,11,0.5333333333333333,1,1,集中针对型,2023-09
r7embk7pqzg5g5p245x4,15,3,12,0.5333333333333333,1,1,集中针对型,2023-09
22fey6dqzcrm0jbtfnmm,13,3,7,0.6923076923076923,1,1,集中针对型,2023-09
b2imd0ms1p4fxkfcpygc,15,3,10,0.3333333333333333,1,1,集中针对型,2023-09
wf7yq9n2spgto3w5ad9r,10,3,7,0.8,1,1,集中针对型,2023-09
p10d5vx8mpn0v82i51gp,16,3,7,0.4375,1,1,集中针对型,2023-09
cmy2w5due4kl6pn6uia5,10,3,8,0.7,1,1,集中针对型,2023-09
ezdogkk0jqt4nvvvbnxp,12,3,9,0.5,1,1,集中针对型,2023-09
sushd67p0jy6f04a3h0m,14,3,9,0.6428571428571429,1,1,集中针对型,2023-09
lx7vfcjhdxzh2wkt42hc,10,3,9,0.5,1,1,集中针对型,2023-09
lf5hmkicbiuolk7khwwb,17,3,10,0.47058823529411764,1,1,集中针对型,2023-09
u2rchqp6tof1bkr07izf,9,3,9,0.7777777777777778,1,1,集中针对型,2023-09
d4geyy1ox6qzlz4ibz0z,7,3,6,0.5714285714285714,1,1,集中针对型,2023-09
sf30f3p1koevnfztc2pd,15,3,9,0.5333333333333333,1,1,集中针对型,2023-09
s97masc6nt48h4ly8s1w,18,3,10,0.4444444444444444,1,1,集中针对型,2023-09
r3uk44zat2tcyj5wmojt,14,3,10,0.5714285714285714,1,1,集中针对型,2023-09
skyax9iocbd5gzronpru,16,3,6,0.5,1,1,集中针对型,2023-09
wu3cwt7cavxrllp6s123,15,3,8,0.4,1,1,集中针对型,2023-09
5ez4c53h3kdamnlvkpna,14,3,8,0.6428571428571429,1,1,集中针对型,2023-09
p9enp5lzhiufas1xpd8p,12,3,6,0.5,1,1,集中针对型,2023-09
gzthlilac9ixoayq02u1,11,3,9,0.6363636363636364,1,1,集中针对型,2023-09
i8lx9f5ut0kaz120j30d,13,3,9,0.6153846153846154,1,1,集中针对型,2023-09
tuidsy7wcktf3jppecp5,16,3,9,0.5625,1,1,集中针对型,2023-09
dwg6k0ka5vuwzo5h11m0,17,3,12,0.6470588235294118,1,1,集中针对型,2023-09
5jxldd3plo4x6oq140l5,11,3,6,0.5454545454545454,1,1,集中针对型,2023-09
4atjmlccken75lck9ffp,12,3,9,0.4166666666666667,1,1,集中针对型,2023-09
25c8e1ae2335e8c3e5b3,59,3,5,0.15254237288135594,1,1,集中针对型,2023-09
0d260d8fac2289c8ed9e,30,5,9,0.4,1,1,集中针对型,2023-09
54342435561e775ce97f,99,13,26,0.8686868686868687,1,0,探索尝试型,2023-09
24524df0ca55659c384e,79,7,12,0.22784810126582278,1,2,探索尝试型,2023-09
vwyziyyebvsje4dqjsrp,43,10,23,0.8372093023255814,1,2,探索尝试型,2023-09
388090578f22a3c33738,25,4,9,0.8,1,1,集中针对型,2023-09
390d1fc3b78420815190,28,5,7,0.75,1,1,集中针对型,2023-09
767e222eeb367b2b010f,71,9,12,0.2112676056338028,1,2,探索尝试型,2023-09
cc317db3f3bb874542a7,6,1,1,0.16666666666666666,1,1,集中针对型,2023-09
5e12a0421c20717035cb,180,10,17,0.25,1,0,探索尝试型,2023-09
8f81bd9cbc5471ebfc60,108,10,20,0.46296296296296297,1,0,探索尝试型,2023-09
2959d8017312337a2ba6,112,9,10,0.15178571428571427,1,2,探索尝试型,2023-09
e28711e2f5500d3d6b04,61,2,2,0.03278688524590164,1,1,集中针对型,2023-09
5c83f4ed6601ddf1a6fa,26,3,6,0.19230769230769232,1,1,集中针对型,2023-09
b8a4fd679898150ef87a,152,10,14,0.35526315789473684,1,0,探索尝试型,2023-09
6604efc6fd93e070f40a,25,4,9,0.36,1,1,集中针对型,2023-09
7207088b2ef28ff6b669,48,7,15,0.7083333333333334,1,2,探索尝试型,2023-09
e199ddadaaf5aee02eb8,108,7,19,0.3611111111111111,1,0,探索尝试型,2023-09
0999173c045ee29a0b44,54,8,14,0.4074074074074074,1,2,探索尝试型,2023-09
8f477d2c60ec76ce22b7,62,10,24,0.5483870967741935,1,2,探索尝试型,2023-09
28d90a892cc66338f962,2,1,1,1.0,1,1,集中针对型,2023-09
8cdbc02c05d6ebafa9eb,17,7,9,0.5294117647058824,1,1,集中针对型,2023-09
29acddb87cfe062d73f5,22,2,6,0.22727272727272727,1,1,集中针对型,2023-09
1883af270e36a7580332,52,6,21,0.38461538461538464,1,2,探索尝试型,2023-09
1b36a3223f9dd94a211f,65,6,11,0.5230769230769231,1,2,探索尝试型,2023-09
a87767892344a954c746,178,17,38,0.6235955056179775,1,0,探索尝试型,2023-09
86366c9920186cc4d1a3,5,1,1,0.2,1,1,集中针对型,2023-09
3a9d955e2ef47191a742,42,4,9,0.6190476190476191,1,1,集中针对型,2023-09
be24259f2867b231800d,24,4,6,0.16666666666666666,1,1,集中针对型,2023-09
a14b9aa97f66fc82ede3,95,5,10,0.45263157894736844,1,1,集中针对型,2023-09
2e54b1c7bff5847c82a8,354,16,38,0.7655367231638418,1,0,探索尝试型,2023-09
510a90cd169e2eb042ab,30,2,4,0.23333333333333334,1,1,集中针对型,2023-09
1fc5b87acdfc2a8b580c,58,6,24,0.6724137931034483,1,2,探索尝试型,2023-09
869eacc999a52155ed53,146,14,38,0.6712328767123288,1,0,探索尝试型,2023-09
dba2bc2a15c1e8d696fe,1,1,1,1.0,1,1,集中针对型,2023-09
8b586d8b9c06414b2487,23,3,4,0.13043478260869565,1,1,集中针对型,2023-09
e7958857e7d2292ffbc7,5,2,1,0.0,1,1,集中针对型,2023-09
f50dcd09709383fea95f,1,1,1,0.0,1,1,集中针对型,2023-09
c24bc0aaf20c79d2dfda,13,1,3,0.07692307692307693,1,1,集中针对型,2023-09
dfa917b9dc15c87ab016,361,8,38,0.47645429362880887,1,0,探索尝试型,2023-09
5ada57d72f07c3803d33,24,1,3,0.16666666666666666,1,1,集中针对型,2023-09
gm1xiqmop9j2d2acc2jg,27,14,17,0.4074074074074074,1,2,探索尝试型,2023-09
nd9xpohv0s4ttw0o7fts,31,15,20,0.4838709677419355,1,2,探索尝试型,2023-09
hpb03ydulnt2b9ffa0j2,25,12,16,0.56,1,2,探索尝试型,2023-09
quam8ci0euq2dz8xldzz,38,14,18,0.5263157894736842,1,2,探索尝试型,2023-09
jj1jl4nhnkxllubypoq3,27,14,16,0.2962962962962963,1,2,探索尝试型,2023-09
1n42senfkcjopw1zh39l,25,15,15,0.48,1,2,探索尝试型,2023-09
xw0r5n17yfqv2va40bhi,34,16,22,0.29411764705882354,1,2,探索尝试型,2023-09
l41f9f1gb0y5rxcqfv64,29,15,20,0.6896551724137931,1,2,探索尝试型,2023-09
ec5zb47nxjbuzemc81p0,41,20,19,0.43902439024390244,1,2,探索尝试型,2023-09
ljylby8inwh5b93wkean,38,17,18,0.5263157894736842,1,2,探索尝试型,2023-09
4bq1kdgygbtif8w80s5y,21,11,14,0.3333333333333333,1,2,探索尝试型,2023-09
d16ht4y29lrac1brhwm1,23,16,15,0.5217391304347826,1,2,探索尝试型,2023-09
f5j3cojh9fr5gvylr0yi,32,17,14,0.46875,1,2,探索尝试型,2023-09
ny6yox8nvtlotclebkk8,32,17,19,0.46875,1,2,探索尝试型,2023-09
22wb5ostye8edvfar59p,37,16,21,0.4594594594594595,1,2,探索尝试型,2023-09
bgvt5n1h0qt51ze0md7w,27,16,16,0.48148148148148145,1,2,探索尝试型,2023-09
preni1j2j1gkvq1knpag,21,14,14,0.47619047619047616,1,2,探索尝试型,2023-09
x7xh8m5fvmipvkav1cb4,31,14,18,0.3225806451612903,1,2,探索尝试型,2023-09
xlp4p1b56hrhhyr2y3kd,25,14,14,0.44,1,2,探索尝试型,2023-09
me044us8pj1824r4dye2,29,18,15,0.5517241379310345,1,2,探索尝试型,2023-09
4erna0vkk9gu5umle1se,32,17,16,0.46875,1,2,探索尝试型,2023-09
0lgtv09uoh3ova8sjbze,25,17,15,0.52,1,2,探索尝试型,2023-09
ygoahstwe9gz9w87qncs,23,14,12,0.4782608695652174,1,2,探索尝试型,2023-09
0txd5enpfmbrth46w74b,26,11,20,0.4230769230769231,1,2,探索尝试型,2023-09
g4l5baozrnfblxayrhox,32,17,20,0.5,1,2,探索尝试型,2023-09
cby6hsod14blxr7zyfjs,29,15,17,0.5862068965517241,1,2,探索尝试型,2023-09
59bybxqvhton27u0jtfm,26,15,16,0.38461538461538464,1,2,探索尝试型,2023-09
7ae6jy1vw15ppmnq6sba,23,15,12,0.43478260869565216,1,2,探索尝试型,2023-09
fvqo3hum9a1rl6rxbyre,27,15,13,0.48148148148148145,1,2,探索尝试型,2023-09
hkk3qiui3e3r969oyfhf,36,16,18,0.4444444444444444,1,2,探索尝试型,2023-09
uem908xkm2x04s4iu84k,25,14,14,0.56,1,2,探索尝试型,2023-09
ggweeccb6anw0j3y32t0,35,14,18,0.42857142857142855,1,2,探索尝试型,2023-09
lqm8jh0uggps7yd0lx2x,24,15,14,0.5,1,2,探索尝试型,2023-09
rd4p70jwu852pbdjwl2d,26,12,13,0.6153846153846154,1,2,探索尝试型,2023-09
2krjeqjgjqfuumdo3ibt,22,13,12,0.45454545454545453,1,2,探索尝试型,2023-09
ff63c210b94623453b5f,178,12,38,0.39325842696629215,1,0,探索尝试型,2023-09
d7464b55181ef45e2d63,121,10,16,0.3140495867768595,1,0,探索尝试型,2023-09
b8d20bc2e0d3d86f5613,27,2,15,0.8148148148148148,1,1,集中针对型,2023-09
a1a127e2bf29c380819c,81,8,38,0.8641975308641975,1,0,探索尝试型,2023-09
2a6394114c31a10dc92b,91,8,13,0.43956043956043955,1,2,探索尝试型,2023-09
1c2aef3af32f6323a31d,63,3,7,0.12698412698412698,1,1,集中针对型,2023-09
7535fe5ae754da62a534,24,2,6,0.2916666666666667,1,1,集中针对型,2023-09
6c14ce386a9cda72549c,41,9,17,0.7317073170731707,1,2,探索尝试型,2023-09
db0241cf536c2174d9ed,15,2,4,0.26666666666666666,1,1,集中针对型,2023-09
df62b7675d1fdb8e6b11,56,5,29,0.9107142857142857,1,0,探索尝试型,2023-09
9b913075e93b2b788102,44,3,10,0.20454545454545456,1,1,集中针对型,2023-09
2c27d4de6ae130e7e242,85,4,8,0.25882352941176473,1,1,集中针对型,2023-09
0559e9cf806dab4cc20d,61,11,16,0.4262295081967213,1,2,探索尝试型,2023-09
f8c2f04e8e116f0fd237,4,3,1,0.25,1,1,集中针对型,2023-09
2c7d02c44b47e3d24d52,9,1,2,0.1111111111111111,1,1,集中针对型,2023-09
4aa8ff74dc576b7adbcd,50,3,10,0.7,1,1,集中针对型,2023-09
7c30aec52f13bebe07a6,9,3,3,0.3333333333333333,1,1,集中针对型,2023-09
9f0ce6d4cdf9d1772417,8,3,6,0.625,1,1,集中针对型,2023-09
d9dfc134efd3826bdaed,36,6,14,0.5,1,2,探索尝试型,2023-09
2007f4965d2aa6064a25,12,3,7,0.8333333333333334,1,1,集中针对型,2023-09
fc916744a3bd5120978f,10,2,4,0.5,1,1,集中针对型,2023-09
d554e419f820fa5cb0ca,15,2,5,0.3333333333333333,1,1,集中针对型,2023-09
2d9a38c93e37bc475cb6,96,12,34,0.6875,1,0,探索尝试型,2023-09
e2ea6dbbe90983dbb208,142,6,14,0.352112676056338,1,0,探索尝试型,2023-09
663aff87732c52f0e342,106,3,6,0.46226415094339623,1,1,集中针对型,2023-09
a2f48a796e250a14ff55,240,13,38,0.5333333333333333,1,0,探索尝试型,2023-09
4e693829528e3e7de62a,291,13,38,0.6288659793814433,1,0,探索尝试型,2023-09
792e3326f0d9f68389d9,17,2,3,0.17647058823529413,1,1,集中针对型,2023-09
c3beec92b66ff78a6ba9,31,2,9,0.5483870967741935,1,1,集中针对型,2023-09
ebe7a295f61c831b0093,116,6,38,0.7758620689655172,1,0,探索尝试型,2023-09
6fa0b38bfd05105503a1,1,1,1,1.0,1,1,集中针对型,2023-09
3e4e608ace87fe97bdb5,1,1,1,1.0,1,1,集中针对型,2023-09
8975db410fd78d462688,72,4,35,0.8888888888888888,1,0,探索尝试型,2023-09
n1nh33yq3nhwt4mx36yc,34,16,23,0.6470588235294118,1,2,探索尝试型,2023-09
jtbq3gkfw2tcsjvfwm56,31,14,18,0.6774193548387096,1,2,探索尝试型,2023-09
i3b6qk80m9jqwgft968o,25,13,15,0.64,1,2,探索尝试型,2023-09
8rsw4xhmff15occogf32,40,14,20,0.55,1,2,探索尝试型,2023-09
ipd72mytvphpd9tcejgb,39,18,21,0.5384615384615384,1,2,探索尝试型,2023-09
0dapvs3h4h3h1ahmt2o8,43,17,22,0.4418604651162791,1,2,探索尝试型,2023-09
hjcfqm1yfzh8s77mo3ec,35,14,18,0.4857142857142857,1,2,探索尝试型,2023-09
95jqkrj6zv7qf1wz1p8e,28,14,18,0.4642857142857143,1,2,探索尝试型,2023-09
jivt017uwst4sg4fqlek,36,17,19,0.5555555555555556,1,2,探索尝试型,2023-09
9jq31h6i3ny1lx0mx89e,53,18,22,0.4528301886792453,1,2,探索尝试型,2023-09
cm2celd9hmos24j2a5cg,31,15,19,0.7419354838709677,1,2,探索尝试型,2023-09
wmes720kojsggeq71m5y,41,16,18,0.43902439024390244,1,2,探索尝试型,2023-09
zylvq01zq0hxavbvsd2f,45,14,22,0.6,1,2,探索尝试型,2023-09
6qp85ufr2o1zg8k0cvtb,26,11,18,0.6153846153846154,1,2,探索尝试型,2023-09
5zczdtyecu2w495j80xv,33,14,20,0.696969696969697,1,2,探索尝试型,2023-09
siv6gzi7una85o8fzrwi,36,15,18,0.5277777777777778,1,2,探索尝试型,2023-09
5l1b1ma70rilf7mojch5,31,17,19,0.5806451612903226,1,2,探索尝试型,2023-09
81kmylu471y1njt1pin3,33,14,18,0.48484848484848486,1,2,探索尝试型,2023-09
5rxl72n8rmnxwrxcss0q,25,14,17,0.6,1,2,探索尝试型,2023-09
vd2j77wynysztt2wbv2v,27,13,16,0.5925925925925926,1,2,探索尝试型,2023-09
2svwdpmdpjsdzafekntw,24,12,14,0.5416666666666666,1,2,探索尝试型,2023-09
4ycyhj8tyx2b17fcx29j,37,13,19,0.4864864864864865,1,2,探索尝试型,2023-09
1hues7esy9erdsses6m0,28,12,16,0.4642857142857143,1,2,探索尝试型,2023-09
y0bdtutppfdzzttzq8dy,26,13,12,0.46153846153846156,1,2,探索尝试型,2023-09
p58nsuk0hj5uh2xk2k9p,34,15,16,0.47058823529411764,1,2,探索尝试型,2023-09
ti44fbogdeqbfflbizj7,31,13,15,0.5483870967741935,1,2,探索尝试型,2023-09
oriig6s6fmvi4f7mxamy,36,11,18,0.5277777777777778,1,2,探索尝试型,2023-09
bt192zri52uj2flwikrw,40,15,17,0.525,1,2,探索尝试型,2023-09
e9vzigim3qs88f721ohz,35,16,21,0.5428571428571428,1,2,探索尝试型,2023-09
8nqoz5k93j7it8w0muhl,27,14,15,0.5925925925925926,1,2,探索尝试型,2023-09
k8d21tlgxmu6i35atvub,35,14,19,0.4857142857142857,1,2,探索尝试型,2023-09
qol4cum3ewnz45dzpijx,38,14,19,0.6052631578947368,1,2,探索尝试型,2023-09
tbypawuj167ycyvg8sc2,31,11,18,0.5483870967741935,1,2,探索尝试型,2023-09
s8uk59p9w5ck47wlw3ea,28,10,20,0.5357142857142857,1,2,探索尝试型,2023-09
10xnkvdetxarrkdhx4i9,29,17,16,0.4827586206896552,1,2,探索尝试型,2023-09
8068144149e4ba65ef38,35,1,4,0.11428571428571428,1,1,集中针对型,2023-09
53d51965c40a54cff1a0,2,1,1,0.5,1,1,集中针对型,2023-09
d3e269bf68d51851097c,26,2,8,0.34615384615384615,1,1,集中针对型,2023-09
9c48779f6e97be993771,1,1,1,1.0,1,1,集中针对型,2023-09
e7feb8599ea5f596aeac,10,1,2,0.1,1,1,集中针对型,2023-09
bf07cdd92f1ff3197397,69,8,11,0.391304347826087,1,2,探索尝试型,2023-09
e2d7ee3637149f7087b2,86,5,10,0.12790697674418605,1,1,集中针对型,2023-09
9a630f9e9f4ec26d8fcd,32,3,9,0.34375,1,1,集中针对型,2023-09
38357be0ab369a9ae942,20,6,14,0.85,1,2,探索尝试型,2023-09
00cbf05221bb479e66c3,35,5,6,0.22857142857142856,1,1,集中针对型,2023-09
a1d00fdd7660b7e88077,6,1,3,0.5,1,1,集中针对型,2023-09
8ca890875272aede0af5,19,1,6,0.47368421052631576,1,1,集中针对型,2023-09
d035c324a020e7948fe8,8,1,5,0.625,1,1,集中针对型,2023-09
21e23771e52cb5291b19,12,1,2,0.0,1,1,集中针对型,2023-09
2egpenarap9h0a2k0bc5,6,6,6,0.16666666666666666,1,1,集中针对型,2023-09
7rzwry01x1n79a7rw5va,12,9,8,0.3333333333333333,1,2,探索尝试型,2023-09
vou4hlfvp8hv0r4odzq6,5,3,4,0.6,1,1,集中针对型,2023-09
jb3fqd2b9oyprn83h646,9,4,5,0.1111111111111111,1,1,集中针对型,2023-09
pva49fsfcbexwz1crjvg,3,2,3,0.0,1,1,集中针对型,2023-09
yvyud23n1eara086vntf,5,4,3,0.0,1,1,集中针对型,2023-09
kg28tppvvsvr918dkvlb,7,5,5,0.14285714285714285,1,1,集中针对型,2023-09
cfi8t4xrx12m2lt4flwz,6,4,4,0.0,1,1,集中针对型,2023-09
jsmqh4aa20rpfeqmyx4h,8,5,6,0.125,1,1,集中针对型,2023-09
t8sflynjwck4f650mtvp,9,8,6,0.2222222222222222,1,1,集中针对型,2023-09
9btb3ax7qaitktvbvn8g,3,2,3,0.0,1,1,集中针对型,2023-09
8ivuhc6n7pr63b39dupt,9,7,6,0.4444444444444444,1,1,集中针对型,2023-09
oyaoqkf2b1we4b67bv8l,3,2,3,0.6666666666666666,1,1,集中针对型,2023-09
vrx3ianblcyuixzmhzl2,11,7,8,0.18181818181818182,1,1,集中针对型,2023-09
xz7x7kwsn26marn29mag,8,4,7,0.25,1,1,集中针对型,2023-09
jhmn3s11l13woe6jy3zg,8,5,5,0.375,1,1,集中针对型,2023-09
qmf8702zbahi9083s7aq,6,3,4,0.16666666666666666,1,1,集中针对型,2023-09
qg0soq1i1uy7yndj17gd,7,5,6,0.14285714285714285,1,1,集中针对型,2023-09
votyzmo33yg7y89dag17,7,3,4,0.2857142857142857,1,1,集中针对型,2023-09
6g7c63m95z8acd3vx5ct,5,4,2,0.0,1,1,集中针对型,2023-09
w0u7vzowm7eimiupvmm3,8,5,7,0.125,1,1,集中针对型,2023-09
ta1gbqs6pw15bx0jb5on,3,2,2,0.3333333333333333,1,1,集中针对型,2023-09
te17utf5x961ldgs8zwn,8,4,5,0.125,1,1,集中针对型,2023-09
13nq2h723zixyhir01lf,10,6,6,0.2,1,1,集中针对型,2023-09
2h9c9tdsnoz1hyzo5frt,7,6,5,0.2857142857142857,1,1,集中针对型,2023-09
28tmrs0kyrrh1odyvf21,9,5,7,0.1111111111111111,1,1,集中针对型,2023-09
csvv3l0saxxx6pax18c3,4,4,3,0.25,1,1,集中针对型,2023-09
l2yv9tvvcakn7ikerccy,5,5,4,0.2,1,1,集中针对型,2023-09
lswzzwjmreuixxjqglhy,6,6,4,0.3333333333333333,1,1,集中针对型,2023-09
ss27ig83t1pi1ztsy5w8,3,3,3,0.6666666666666666,1,1,集中针对型,2023-09
zse4s5wowlo5xntqyqb4,10,7,6,0.4,1,1,集中针对型,2023-09
fnvhgnuqbir0drk8p1v2,3,2,2,0.3333333333333333,1,1,集中针对型,2023-09
wyhkcaf32y8h3707qzrz,4,3,4,0.25,1,1,集中针对型,2023-09
cy2sv8kkoybje2okbll0,4,4,3,0.25,1,1,集中针对型,2023-09
l82rq4xaymt7t5uytax9,1,1,1,0.0,1,1,集中针对型,2023-09
9f447b50d5788f7b4d0a,1,1,1,1.0,1,1,集中针对型,2023-09
a624e4f6e0a8f026cba9,44,11,26,0.8409090909090909,1,2,探索尝试型,2023-09
bd657014cfd3fe7a8fe2,71,10,27,0.9577464788732394,1,0,探索尝试型,2023-09
951d2aca1b8a1c336908,102,9,26,0.5588235294117647,1,0,探索尝试型,2023-09
34aaaa47df8c4aa4d926,17,1,2,0.0,1,1,集中针对型,2023-09
e73ae5f649c6f52b3fb1,33,10,13,0.696969696969697,1,2,探索尝试型,2023-09
b57bc31cac59b3d26216,392,8,38,0.6045918367346939,1,0,探索尝试型,2023-09
75dcc10ba89fd0c25d50,60,8,18,0.65,1,2,探索尝试型,2023-09
2xk6toebmkxdw8f2bypd,10,2,5,0.5,1,1,集中针对型,2023-09
eb93cedc17b4eac76750,63,8,21,0.7777777777777778,1,2,探索尝试型,2023-09
02068067a434adb6556a,4,1,1,0.0,1,1,集中针对型,2023-09
9723ceb0cf2dca42c118,108,10,17,0.2777777777777778,1,0,探索尝试型,2023-09
e50db74322430aa289b1,24,5,5,0.20833333333333334,1,1,集中针对型,2023-09
3531c5f9d520759ba697,167,12,37,0.6946107784431138,1,0,探索尝试型,2023-09
5914db0d4427b322e8af,3,1,3,0.6666666666666666,1,1,集中针对型,2023-09
29172d2e39ca0d890848,3,1,1,0.6666666666666666,1,1,集中针对型,2023-09
c5c5e10586e94f96fe95,123,7,20,0.6504065040650406,1,0,探索尝试型,2023-09
4388d48ebff4cf866ecd,11,1,1,0.0,1,1,集中针对型,2023-09
b083663157e08e36d335,15,4,12,0.8666666666666667,1,1,集中针对型,2023-09
e4c80506c14da4ad563d,6,1,4,0.8333333333333334,1,1,集中针对型,2023-09
6314d7cbc465e29f357c,34,4,6,0.4411764705882353,1,1,集中针对型,2023-09
1feef8b4129f5bf21e67,38,5,13,0.6578947368421053,1,1,集中针对型,2023-09
852687af72e9ee38fb42,17,3,13,0.8235294117647058,1,1,集中针对型,2023-09
33c123d08dc07edb50f9,5,2,4,0.8,1,1,集中针对型,2023-09
e4d6737b176e6ca5ef06,133,10,29,0.38345864661654133,1,0,探索尝试型,2023-09
49b95110a8c59f6b6c58,25,2,6,0.24,1,1,集中针对型,2023-09
98be3476791a8df7e937,16,1,1,0.0625,1,1,集中针对型,2023-09
3b6f3bb370f3107e257d,3,1,1,0.3333333333333333,1,1,集中针对型,2023-09
yesnbayr80dvsb8ajp9v,23,12,16,0.6086956521739131,1,2,探索尝试型,2023-09
8hn55e1bxuyegxa76l3r,28,10,16,0.7142857142857143,1,2,探索尝试型,2023-09
40rkj6cwy12hdupgq4w2,24,10,19,0.5416666666666666,1,2,探索尝试型,2023-09
1nyzl7s790ta4c8r1l9g,24,12,13,0.5416666666666666,1,2,探索尝试型,2023-09
rdf3wmujcm1k56ftf8uc,27,11,17,0.5555555555555556,1,2,探索尝试型,2023-09
rb8z9vpc5uyhbcaa71v5,27,10,17,0.5555555555555556,1,2,探索尝试型,2023-09
ov1tvylbnny48ojayssl,21,12,12,0.5714285714285714,1,2,探索尝试型,2023-09
wj1gt5zvzfnjf7xcf1c8,15,11,10,0.3333333333333333,1,2,探索尝试型,2023-09
w9r5wihhl33fmutbq5qd,29,13,18,0.6206896551724138,1,2,探索尝试型,2023-09
p9a57kwg5xdwjzm8eql9,23,12,18,0.43478260869565216,1,2,探索尝试型,2023-09
1f4oscu6io8xlog2157e,20,11,16,0.55,1,2,探索尝试型,2023-09
lpzjucfyqwtb8ihim9b3,28,11,16,0.5,1,2,探索尝试型,2023-09
t23e5lcdy5k50uvg5k0v,26,14,16,0.46153846153846156,1,2,探索尝试型,2023-09
gq3jw96afgct5rjiim20,24,17,11,0.375,1,2,探索尝试型,2023-09
8l0qqik09gqh0e5anus0,19,10,13,0.631578947368421,1,2,探索尝试型,2023-09
gj009a2t56bxjluh0mox,25,13,16,0.64,1,2,探索尝试型,2023-09
gk8izwg77g6t4p5buiar,15,6,8,0.5333333333333333,1,1,集中针对型,2023-09
fcwom6dicy0kov3lxsf8,19,12,15,0.631578947368421,1,2,探索尝试型,2023-09
sx8c4g672zgcw7w2lflp,20,11,16,0.5,1,2,探索尝试型,2023-09
e43g7im7dra88a4o8bbl,18,12,13,0.6111111111111112,1,2,探索尝试型,2023-09
z0mde15metn3m79ek96y,23,14,15,0.6086956521739131,1,2,探索尝试型,2023-09
hc0idvz0lxc4zpx94cbx,12,9,9,0.3333333333333333,1,2,探索尝试型,2023-09
udbo68xozj9btqumivk2,21,12,15,0.6666666666666666,1,2,探索尝试型,2023-09
70exfe4k4e5vvm5sqspq,23,14,13,0.391304347826087,1,2,探索尝试型,2023-09
qu1rl2d6teeyti106rgx,20,8,13,0.45,1,2,探索尝试型,2023-09
148o63s7q5aitfxmmtrg,41,12,21,0.6829268292682927,1,2,探索尝试型,2023-09
7kqvekz6iho08947fhk9,18,9,15,0.6666666666666666,1,2,探索尝试型,2023-09
qw19zri3d9vkqjhcn3xk,11,7,10,0.7272727272727273,1,2,探索尝试型,2023-09
lqg2nmqf4x8w52gx12xw,24,13,13,0.6666666666666666,1,2,探索尝试型,2023-09
msko5bf6rjt9adsuxby9,22,11,14,0.5,1,2,探索尝试型,2023-09
woxwsoo99kl7vq4mk0rr,21,10,16,0.6190476190476191,1,2,探索尝试型,2023-09
i8wbhc071gfhkbhtmeb1,18,11,13,0.5,1,2,探索尝试型,2023-09
43vri1lqbgiiwbkaskqd,21,13,13,0.5238095238095238,1,2,探索尝试型,2023-09
obyl72l5qy37to65i5ml,26,11,17,0.46153846153846156,1,2,探索尝试型,2023-09
gsirdbny6840zq22vo7a,20,10,13,0.6,1,2,探索尝试型,2023-09
50673b01fd2b0c765572,17,1,3,0.11764705882352941,1,1,集中针对型,2023-09
ff2d815d9ef74b153b54,21,5,7,0.3333333333333333,1,1,集中针对型,2023-09
0b828e1ae026c57b34dd,60,14,31,0.8666666666666667,1,0,探索尝试型,2023-09
def1216bf8f3009dbe41,29,2,5,0.1724137931034483,1,1,集中针对型,2023-09
504278569f7c6dff25e3,20,8,16,0.95,1,2,探索尝试型,2023-09
adcc5c13042d66cbfc8b,118,9,25,0.5084745762711864,1,0,探索尝试型,2023-09
b4a2138f577d9306f593,146,15,26,0.6506849315068494,1,0,探索尝试型,2023-09
d6d4488fa27e11465974,1,1,1,1.0,1,1,集中针对型,2023-09
e22c18eef214a779b4c2,85,13,29,0.6235294117647059,1,0,探索尝试型,2023-09
6efd353d32bd3d908b23,1,1,1,1.0,1,1,集中针对型,2023-09
74137c4db75be61c10fa,28,6,9,0.6428571428571429,1,1,集中针对型,2023-09
5f8d87412f69e3d9fb13,46,5,28,0.8043478260869565,1,2,探索尝试型,2023-09
9ef8a5baccebc3841cb2,25,5,19,0.84,1,2,探索尝试型,2023-09
d059dfed16a6d1ca6ddf,43,8,16,0.5581395348837209,1,2,探索尝试型,2023-09
ef912a5602a5f70b244b,14,5,6,0.42857142857142855,1,1,集中针对型,2023-09
54f91ccb08cbece520da,45,9,20,0.7333333333333333,1,2,探索尝试型,2023-09
b3ac0cebf20ee45135ca,58,8,18,0.6206896551724138,1,2,探索尝试型,2023-09
49ef48443e09f8be12f6,20,3,13,0.7,1,1,集中针对型,2023-09
ed4b51eb098deb0ba58e,90,13,35,0.8333333333333334,1,0,探索尝试型,2023-09
8711049a2e0ef13bb10c,6,2,5,0.8333333333333334,1,1,集中针对型,2023-09
6b22922bfe081d68c7a6,36,6,12,0.6111111111111112,1,2,探索尝试型,2023-09
45b6cc87a7e957f83027,109,7,35,0.8623853211009175,1,0,探索尝试型,2023-09
40eb36011ced9a882ea9,48,8,19,0.8333333333333334,1,2,探索尝试型,2023-09
e00bc7d9f2ce32c4f745,13,5,9,0.7692307692307693,1,1,集中针对型,2023-09
781f69b185122bfaddca,95,7,33,0.8421052631578947,1,0,探索尝试型,2023-09
a7fc1ba478db11fde063,15,5,9,0.6666666666666666,1,1,集中针对型,2023-09
311abc37a94ae8afe41a,39,6,18,0.8205128205128205,1,2,探索尝试型,2023-09
b1976734aee3bf129820,65,6,29,0.6461538461538462,1,0,探索尝试型,2023-09
21fc5674d24be8e9da89,15,1,9,0.8,1,1,集中针对型,2023-09
48a96425072cefa0dc69,5,1,1,0.4,1,1,集中针对型,2023-09
df02e3643bb9ee33fb0c,3,1,2,0.6666666666666666,1,1,集中针对型,2023-09
dee7cfe3312551bdf5a5,8,2,5,0.75,1,1,集中针对型,2023-09
63ff3dff3eb31d62ab3e,43,3,6,0.20930232558139536,1,1,集中针对型,2023-09
e865c97bc96802575f80,43,1,2,0.046511627906976744,1,1,集中针对型,2023-09
cbc8550ffaf44443c7ad,14,2,2,0.07142857142857142,1,1,集中针对型,2023-09
16d68f70cf5e52d0b34a,13,2,3,0.23076923076923078,1,1,集中针对型,2023-09
73ae359d8e93d41ae4ff,11,1,2,0.18181818181818182,1,1,集中针对型,2023-09
4edfd2e1b7c5c5d1d384,2,1,2,1.0,1,1,集中针对型,2023-09
d02f48d05ce5e7ca16e1,13,2,6,0.8461538461538461,1,1,集中针对型,2023-09
f5jwwahac3fyc6rq5tex,21,12,15,0.7142857142857143,1,2,探索尝试型,2023-09
58widcj6smafuwyqxw2m,25,14,14,0.68,1,2,探索尝试型,2023-09
35wcdp4s13xmtyq5f7os,28,14,17,0.6785714285714286,1,2,探索尝试型,2023-09
vbgs2hp7aiiw880dpm1s,27,12,17,0.5925925925925926,1,2,探索尝试型,2023-09
q1movls9kc4kglv6sb5g,26,14,16,0.6923076923076923,1,2,探索尝试型,2023-09
sbb3va36jvpkdpj257ek,18,9,13,0.6666666666666666,1,2,探索尝试型,2023-09
uon3zzl9a1zr5zmeodmr,20,13,11,0.8,1,2,探索尝试型,2023-09
n3dkt0eq0ekpby9lv06i,22,14,17,0.7727272727272727,1,2,探索尝试型,2023-09
wfsgbko6rfmajn85khu4,19,10,11,0.5789473684210527,1,2,探索尝试型,2023-09
2xsbkm76x36qvddrl2yo,19,11,13,0.7368421052631579,1,2,探索尝试型,2023-09
n2bgnbybijni2e9crs4x,19,10,15,0.6842105263157895,1,2,探索尝试型,2023-09
0m8o7nuv982vnv3328qw,33,17,21,0.6666666666666666,1,2,探索尝试型,2023-09
mm5p2ct8c21h4q753p3n,21,17,14,0.7142857142857143,1,2,探索尝试型,2023-09
628bztd9ybuth5efk7nw,24,14,19,0.6666666666666666,1,2,探索尝试型,2023-09
pgrig4vo54owe59j2j5f,26,12,15,0.5,1,2,探索尝试型,2023-09
zprxec1qxs8nqsmc5830,19,9,13,0.47368421052631576,1,2,探索尝试型,2023-09
uzk23hynw87co5ru0tr8,33,16,17,0.7272727272727273,1,2,探索尝试型,2023-09
j07d6onchxesk14v7b8w,21,11,16,0.6190476190476191,1,2,探索尝试型,2023-09
mwmft9w9vjod1g7jidmb,20,14,16,0.75,1,2,探索尝试型,2023-09
m4qqnaq8p8fn7b7bl5ic,22,12,15,0.5454545454545454,1,2,探索尝试型,2023-09
10qi28ikwz4c4v22b06i,20,12,12,0.4,1,2,探索尝试型,2023-09
amzij11bls4wa79p3cj8,26,14,18,0.5769230769230769,1,2,探索尝试型,2023-09
sx57v4y3hp52f9selxdo,25,14,15,0.52,1,2,探索尝试型,2023-09
9b0guld0vdm0ggmmfb8k,20,11,15,0.6,1,2,探索尝试型,2023-09
8wkyo305dh8esq6eop37,30,15,21,0.6333333333333333,1,2,探索尝试型,2023-09
axunv0aihh5wvi27tx50,18,11,10,0.6111111111111112,1,2,探索尝试型,2023-09
e58gk2f3crnwqnx0gett,26,11,15,0.6153846153846154,1,2,探索尝试型,2023-09
v4k20n9xryqdpe6fx42x,17,11,13,0.8235294117647058,1,2,探索尝试型,2023-09
erjfooit15024g7nj8co,32,14,14,0.65625,1,2,探索尝试型,2023-09
ksm67082xy9g2wnalt38,31,16,19,0.6129032258064516,1,2,探索尝试型,2023-09
2ddkknvpbz2j9wlvybtj,23,10,12,0.6956521739130435,1,2,探索尝试型,2023-09
i8ryguu9cpkrb6ouhwqq,23,12,15,0.8260869565217391,1,2,探索尝试型,2023-09
cygc6ulxpz04ex7under,21,11,16,0.6190476190476191,1,2,探索尝试型,2023-09
scl0uh5ig9ehluvs46h2,22,12,18,0.5909090909090909,1,2,探索尝试型,2023-09
1t6e0wa99fijxi3ssnzk,15,11,12,0.7333333333333333,1,2,探索尝试型,2023-09
424de2c5e2c1f5652cdc,17,3,2,0.11764705882352941,1,1,集中针对型,2023-09
ffe3886e3e3bab0249b5,136,15,38,0.7720588235294118,1,0,探索尝试型,2023-09
b37bdce835e610d26c0c,24,6,12,0.9583333333333334,1,2,探索尝试型,2023-09
5479f88afb95288d6392,7,3,6,0.8571428571428571,1,1,集中针对型,2023-09
6b0cc09c9daf2966d1a7,66,13,20,0.5757575757575758,1,2,探索尝试型,2023-09
0b16d35f1f39a063708a,24,2,3,0.20833333333333334,1,1,集中针对型,2023-09
0ef8b2c9e039eaace596,22,4,10,0.8181818181818182,1,1,集中针对型,2023-09
db54f15d48fa56b0d953,14,2,3,0.21428571428571427,1,1,集中针对型,2023-09
b7ef250772618a089b48,38,10,14,0.5789473684210527,1,2,探索尝试型,2023-09
897f6d3de550ebf68384,10,3,2,0.2,1,1,集中针对型,2023-09
fef67841144f4c95a6c5,56,7,36,0.8571428571428571,1,0,探索尝试型,2023-09
7bfbef4127aeec4b344e,37,4,5,0.1891891891891892,1,1,集中针对型,2023-09
74e22a3421e605061ef1,80,11,18,0.4875,1,2,探索尝试型,2023-09
49a91a4dce6838ffcbcd,14,1,2,0.14285714285714285,1,1,集中针对型,2023-09
418f4730434eaced55a2,6,1,6,1.0,1,1,集中针对型,2023-09
b6b2f975de58052aae0c,20,3,2,0.05,1,1,集中针对型,2023-09
c8d8f83d06b68fc2f944,11,4,5,0.45454545454545453,1,1,集中针对型,2023-09
700915d303cc358e662a,60,8,21,0.7666666666666667,1,2,探索尝试型,2023-09
de5213e7b8c88440a298,79,4,17,0.45569620253164556,1,2,探索尝试型,2023-09
071685b292483b04e836,23,3,6,0.4782608695652174,1,1,集中针对型,2023-09
6837091518a3524730fb,7,1,2,0.0,1,1,集中针对型,2023-09
b5863cc5a1b448ca1cab,25,1,2,0.04,1,1,集中针对型,2023-09
bc7286901f708e9069eb,1,1,1,0.0,1,1,集中针对型,2023-09
df784e67883e018f88b8,2,1,1,0.0,1,1,集中针对型,2023-09
yj708ceb2o5gueez45or,14,12,9,0.7142857142857143,1,2,探索尝试型,2023-09
sie4alrjjjvlk0w9ye5l,11,8,8,0.36363636363636365,1,1,集中针对型,2023-09
0m2kzubx9r60wyrsjj7j,10,8,8,0.5,1,1,集中针对型,2023-09
n20d6b4o2g64oaa3q8ym,8,7,6,0.75,1,1,集中针对型,2023-09
5qfsd40k8fv54hc102p2,15,11,11,0.7333333333333333,1,2,探索尝试型,2023-09
nilkp0a54b01p87udccl,10,8,9,0.7,1,2,探索尝试型,2023-09
emnk7ob7xxxdiph6fun3,6,6,5,0.5,1,1,集中针对型,2023-09
wty9xgte39cr5rp39e50,11,10,9,0.5454545454545454,1,2,探索尝试型,2023-09
hz3im1vs42bx5rxbn7wh,10,8,7,0.6,1,1,集中针对型,2023-09
5slhcx7pnjhcmlbfffu6,7,6,6,0.5714285714285714,1,1,集中针对型,2023-09
omzalmrzys0ymf4cgt03,15,12,10,0.3333333333333333,1,2,探索尝试型,2023-09
7ssihtyt72rzukfci0o1,10,5,6,0.3,1,1,集中针对型,2023-09
z23fh1v40p3hmxxspbo9,7,6,6,0.7142857142857143,1,1,集中针对型,2023-09
r28s9kyo7knrvytyvmt8,15,10,12,0.4,1,2,探索尝试型,2023-09
dt7s87imgsbma3l5scym,7,5,5,0.8571428571428571,1,1,集中针对型,2023-09
1vb2vsoy23nr0monflhx,9,7,6,0.7777777777777778,1,1,集中针对型,2023-09
icu31mfcha34dnwbsui2,11,8,8,0.6363636363636364,1,2,探索尝试型,2023-09
spyu1at0d9k1wxtenlhe,9,8,6,0.3333333333333333,1,1,集中针对型,2023-09
78uyv6k6u49krocgtkzu,13,9,9,0.46153846153846156,1,2,探索尝试型,2023-09
5dmn9cwdf4l1snqfjw1p,5,4,4,0.8,1,1,集中针对型,2023-09
wzfry2domlqnblox9w1b,11,9,8,0.36363636363636365,1,2,探索尝试型,2023-09
90z3slav21r61p88ksba,14,13,9,0.5,1,2,探索尝试型,2023-09
cz0pbk8vede7ey2oce4a,12,8,8,0.6666666666666666,1,2,探索尝试型,2023-09
r4oklg89q3yx9o2dfq3q,6,5,6,0.5,1,1,集中针对型,2023-09
5kqtdcvyt7rgqdoextw8,6,5,5,0.5,1,1,集中针对型,2023-09
7iulsxm22wz4v82hgb2g,5,5,4,0.6,1,1,集中针对型,2023-09
t8zrwu8iwkcdnwf3ruse,10,8,8,0.5,1,1,集中针对型,2023-09
xvfa4ysm4deeobu8wkym,5,5,5,0.8,1,1,集中针对型,2023-09
95i3ttsko6c6ol53ebql,10,7,8,0.5,1,1,集中针对型,2023-09
ij9llitbhr4gi126l772,8,7,8,0.625,1,1,集中针对型,2023-09
otznu9tyqq50x0xij3br,12,9,8,0.5,1,2,探索尝试型,2023-09
qxnna0of95m3oebjc84f,10,8,8,0.5,1,1,集中针对型,2023-09
4i0t5tq7o78lvc1zglgr,6,5,5,0.3333333333333333,1,1,集中针对型,2023-09
apxifjd35xfq6t47ysls,6,6,6,0.3333333333333333,1,1,集中针对型,2023-09
t5uf4x6hffga8in2ua6l,6,5,4,0.5,1,1,集中针对型,2023-09
c53129098375fc7f17bc,104,7,21,0.38461538461538464,1,0,探索尝试型,2023-09
f63cab44b941c6ca80d6,58,5,6,0.1896551724137931,1,1,集中针对型,2023-09
0eb6eec8b4bee8ab6a44,71,9,14,0.323943661971831,1,2,探索尝试型,2023-09
e0be3445997310f4d68e,144,7,17,0.4722222222222222,1,0,探索尝试型,2023-09
57f84519c468df122d69,38,7,9,0.42105263157894735,1,1,集中针对型,2023-09
b32b82ebae5971dd48df,66,13,23,0.6363636363636364,1,2,探索尝试型,2023-09
c16e14d7aa5b4ef519e3,21,9,17,0.9047619047619048,1,2,探索尝试型,2023-09
00df647ee4bf7173642f,42,2,6,0.09523809523809523,1,1,集中针对型,2023-09
faa31dca7ed1dd11fe44,59,4,13,0.3559322033898305,1,1,集中针对型,2023-09
4e4bb1f26e34ca0a13dc,111,8,38,0.6306306306306306,1,0,探索尝试型,2023-09
7f58862bfed16feedfd6,75,8,38,0.8933333333333333,1,0,探索尝试型,2023-09
d311ac015e2e230935b2,29,4,5,0.1724137931034483,1,1,集中针对型,2023-09
a2b5174e55754addcd68,55,2,9,0.3090909090909091,1,1,集中针对型,2023-09
a3cd849a5a8d682e18db,31,4,9,0.7096774193548387,1,1,集中针对型,2023-09
dc93d7d840a88e5efb17,21,3,7,0.7142857142857143,1,1,集中针对型,2023-09
cf73246d819a1ea78e14,13,1,6,0.46153846153846156,1,1,集中针对型,2023-09
33b73273ab8e1a11fcda,1,1,1,1.0,1,1,集中针对型,2023-09
b3e8039d33099e1d066c,10,3,9,1.0,1,1,集中针对型,2023-09
9369995cb6743cb69182,27,5,14,0.9259259259259259,1,2,探索尝试型,2023-09
5d2379fb72082166dee3,12,1,3,0.3333333333333333,1,1,集中针对型,2023-09
e5b30ace9334d153e076,19,2,2,0.10526315789473684,1,1,集中针对型,2023-09
367c27a001837dabb2e9,1,1,1,0.0,1,1,集中针对型,2023-09
f286ac7cd0663855cc5f,14,2,5,0.5,1,1,集中针对型,2023-09
a3c8ab369e2e928ed523,12,2,8,0.8333333333333334,1,1,集中针对型,2023-09
hpty3h6eij2tr467ueks,14,8,9,0.5,1,2,探索尝试型,2023-09
3dglsy7ee3ytfq1lpwlv,34,13,18,0.5588235294117647,1,2,探索尝试型,2023-09
rgl39qjfatpnh3v4o28m,23,12,15,0.4782608695652174,1,2,探索尝试型,2023-09
dri4ey8he2jovloucu86,21,10,12,0.6190476190476191,1,2,探索尝试型,2023-09
wmep7eexur6wwrlrz9sv,19,10,12,0.5263157894736842,1,2,探索尝试型,2023-09
219jkfkejubvu4dvuv13,29,10,15,0.5172413793103449,1,2,探索尝试型,2023-09
iqhpwbqkqi7kugzduhit,32,12,15,0.46875,1,2,探索尝试型,2023-09
1eekhswi2ckx4uw0j1c9,20,10,13,0.6,1,2,探索尝试型,2023-09
6569uz69or21mbcejw25,18,8,8,0.6666666666666666,1,2,探索尝试型,2023-09
ygc6nfsry40yon3nicac,19,10,12,0.631578947368421,1,2,探索尝试型,2023-09
qrrck1nnty89cmohw40b,21,12,13,0.5238095238095238,1,2,探索尝试型,2023-09
19buea1jycypffshcw38,16,9,12,0.6875,1,2,探索尝试型,2023-09
qaubz3kt65qtoit8g4vi,15,9,9,0.5333333333333333,1,2,探索尝试型,2023-09
iwjs5oi2pl8omkdrs53q,22,13,10,0.5,1,2,探索尝试型,2023-09
687ndz7mxhpv3gg91ie2,21,9,11,0.5238095238095238,1,2,探索尝试型,2023-09
h7i4kmpsra4szfbhrcbh,22,11,11,0.45454545454545453,1,2,探索尝试型,2023-09
rufanlg0slv70u876a05,21,9,15,0.7142857142857143,1,2,探索尝试型,2023-09
7eeq2weegodhsqj7bxc2,23,10,12,0.5652173913043478,1,2,探索尝试型,2023-09
bfl1bc2oafd8hrz2xswq,24,13,15,0.625,1,2,探索尝试型,2023-09
hva2hcwvh4mv0i4t59t6,17,7,10,0.5294117647058824,1,1,集中针对型,2023-09
0z4mockl76xn8mhdaehw,22,10,11,0.22727272727272727,1,2,探索尝试型,2023-09
mbbw64iibpv7ndj2iie1,10,9,8,0.6,1,2,探索尝试型,2023-09
x9xz7kb08kmf1tytnc1f,27,10,17,0.4444444444444444,1,2,探索尝试型,2023-09
lvp2qmljigke8u0nfbvl,17,8,12,0.47058823529411764,1,2,探索尝试型,2023-09
th28zykgzvfex40v22hz,23,10,14,0.5652173913043478,1,2,探索尝试型,2023-09
0qamadarf6xhm9pm2jta,26,12,11,0.5384615384615384,1,2,探索尝试型,2023-09
80xvovy2zizaj5kr0va5,22,7,12,0.3181818181818182,1,1,集中针对型,2023-09
o6tn58jvkqobrz2qmf5i,15,11,10,0.5333333333333333,1,2,探索尝试型,2023-09
8bj43lrpbsn3smxxn3xn,18,10,11,0.6666666666666666,1,2,探索尝试型,2023-09
vcw0s2e0akak8rqunatk,15,9,9,0.3333333333333333,1,2,探索尝试型,2023-09
0i1e50rz4mkhee97xvpo,19,9,11,0.5263157894736842,1,2,探索尝试型,2023-09
2ui63dibc4r8oo0p9agh,21,8,11,0.47619047619047616,1,2,探索尝试型,2023-09
tezxtgugzffgu5fxr0cz,25,9,19,0.56,1,2,探索尝试型,2023-09
12s3yomv0kltozc1qxc4,23,10,12,0.5217391304347826,1,2,探索尝试型,2023-09
jjx780kahllbp5y3x7p8,17,9,10,0.4117647058823529,1,2,探索尝试型,2023-09
0e804947f4cdc2721046,31,11,12,0.6129032258064516,1,2,探索尝试型,2023-09
f7c4a29d42220e1cea27,73,8,33,0.7945205479452054,1,0,探索尝试型,2023-09
8596e232b0d863cd3130,17,7,9,0.5882352941176471,1,1,集中针对型,2023-09
17656005bd4086137ab7,49,8,9,0.3877551020408163,1,2,探索尝试型,2023-09
28bc8af257c48eac3bf1,21,7,10,0.5238095238095238,1,1,集中针对型,2023-09
5e29473eb1e80fde79a0,42,4,4,0.09523809523809523,1,1,集中针对型,2023-09
211ed39c57c6e6cdefbf,37,4,7,0.2702702702702703,1,1,集中针对型,2023-09
2f3ef424b925a9881b81,44,4,6,0.1590909090909091,1,1,集中针对型,2023-09
b9d88af0a70c4ccb592e,11,7,10,1.0,1,2,探索尝试型,2023-09
35e028ec34bfdb7a6d26,37,4,8,0.21621621621621623,1,1,集中针对型,2023-09
8fe25991951e1f37568b,32,8,12,0.46875,1,2,探索尝试型,2023-09
0c81ca27b7d931b6ff6e,48,5,7,0.16666666666666666,1,1,集中针对型,2023-09
1552f58e2818ce7fa863,8,2,3,0.25,1,1,集中针对型,2023-09
d76c58732e315933a6cf,22,6,9,0.8181818181818182,1,1,集中针对型,2023-09
a959b7dd7f65365313a4,98,6,9,0.24489795918367346,1,1,集中针对型,2023-09
fda1eaffdfa7350e5d97,76,6,4,0.10526315789473684,1,1,集中针对型,2023-09
ac896071204b0ce26a1e,120,7,12,0.5,1,0,探索尝试型,2023-09
7c27b1482db039a6eee9,26,6,16,0.7307692307692307,1,2,探索尝试型,2023-09
5bdad002590327215ae0,18,5,11,1.0,1,1,集中针对型,2023-09
75e30b71e38030454877,38,6,9,0.2631578947368421,1,1,集中针对型,2023-09
01558eef77a8d39b7103,15,3,3,0.2,1,1,集中针对型,2023-09
d3fd2319c0f3aa00c371,21,7,13,1.0,1,2,探索尝试型,2023-09
13f8b8305f6c25c21921,94,9,12,0.3829787234042553,1,2,探索尝试型,2023-09
0b307ee95b41e222f204,29,5,9,0.5517241379310345,1,1,集中针对型,2023-09
41126caf1874c098d357,21,4,8,0.38095238095238093,1,1,集中针对型,2023-09
83bf9b0424c17c9e13e7,13,4,9,0.6923076923076923,1,1,集中针对型,2023-09
919b6f74756bdb77edab,41,4,9,0.21951219512195122,1,1,集中针对型,2023-09
76a2f2705490042bb8cb,17,4,9,0.5294117647058824,1,1,集中针对型,2023-09
539911ee11c1b2aaeb88,24,4,9,0.4166666666666667,1,1,集中针对型,2023-09
eacb3353d7bc80cf3e7a,7,3,5,0.7142857142857143,1,1,集中针对型,2023-09
69ae85efb03510241445,28,7,12,0.7857142857142857,1,2,探索尝试型,2023-09
1974349ec27d7d67bf08,63,6,8,0.1746031746031746,1,1,集中针对型,2023-09
c5c5601b771f1b4491fa,19,3,9,0.631578947368421,1,1,集中针对型,2023-09
87aa4503451b6a77b2b7,18,4,8,0.4444444444444444,1,1,集中针对型,2023-09
c4ffbc0ba8c38e725fc8,27,8,17,0.7777777777777778,1,2,探索尝试型,2023-09
75a72c46b8271a57fba6,13,3,4,0.3076923076923077,1,1,集中针对型,2023-09
359f25d9131a0699405b,10,2,5,0.5,1,1,集中针对型,2023-09
1d7229e0f5f825007870,25,2,8,0.44,1,1,集中针对型,2023-09
55a47a152d359522e38d,39,8,17,0.7435897435897436,1,2,探索尝试型,2023-09
e2ee4818284ba527ef0a,12,3,4,0.3333333333333333,1,1,集中针对型,2023-09
94752e120f6bb6178ad5,18,5,7,0.5555555555555556,1,1,集中针对型,2023-09
7ffc1d4e5026fc5195ea,19,6,10,0.5263157894736842,1,1,集中针对型,2023-09
d4d7a248a58363732f8e,34,6,9,0.35294117647058826,1,1,集中针对型,2023-09
a05da04117e032cb4977,39,6,17,0.6923076923076923,1,2,探索尝试型,2023-09
9be4ba08415daa1ee6fe,29,2,5,0.13793103448275862,1,1,集中针对型,2023-09
67456512891f96cc0fc3,7,2,4,0.5714285714285714,1,1,集中针对型,2023-09
o6kw9thwvq6csdr9taal,33,15,17,0.5454545454545454,1,2,探索尝试型,2023-09
32n93dfesjggabieb85t,34,16,14,0.5588235294117647,1,2,探索尝试型,2023-09
k6jujv82n727fuwbxa6f,32,16,12,0.40625,1,2,探索尝试型,2023-09
tndsnutlm99ld8f4uya0,20,10,10,0.45,1,2,探索尝试型,2023-09
pxnnkthuxasggux3hyae,30,12,8,0.23333333333333334,1,2,探索尝试型,2023-09
9npnusbksscam12fc4ut,25,12,10,0.48,1,2,探索尝试型,2023-09
pammg9gw4enjosw3z60e,30,14,11,0.36666666666666664,1,2,探索尝试型,2023-09
i39gdpglcxstun30b4yw,32,11,11,0.28125,1,2,探索尝试型,2023-09
qkc2f9omqulfmn3j0m9p,40,14,13,0.425,1,2,探索尝试型,2023-09
p8bk6cdfntr0humt6q45,23,11,9,0.30434782608695654,1,2,探索尝试型,2023-09
7n0vh1m7hm3g0v8ggv7v,35,12,13,0.42857142857142855,1,2,探索尝试型,2023-09
wi36b9plgjc82atx6z7h,23,10,9,0.43478260869565216,1,2,探索尝试型,2023-09
r9m46ndmmmzeeehft96z,27,13,12,0.37037037037037035,1,2,探索尝试型,2023-09
di7sclw5samggg4sxipv,40,13,12,0.575,1,2,探索尝试型,2023-09
zhx5rxgopln1p5hd10ql,31,12,10,0.41935483870967744,1,2,探索尝试型,2023-09
4nun1ah7qw10q705a2aq,27,12,9,0.4074074074074074,1,2,探索尝试型,2023-09
d9qmlhyp13mf5nto4qih,30,13,10,0.5333333333333333,1,2,探索尝试型,2023-09
xf5q0ixkpbxl3w7k16qo,32,12,10,0.34375,1,2,探索尝试型,2023-09
hu267zw9zywa4ew3d5bw,39,16,14,0.5128205128205128,1,2,探索尝试型,2023-09
9dbg3fyz4qnj7x9qug6x,29,15,13,0.41379310344827586,1,2,探索尝试型,2023-09
l1rn095adguamaugi4ux,29,11,12,0.5517241379310345,1,2,探索尝试型,2023-09
nq4jln5s1zqjk7nwbbeo,22,10,11,0.45454545454545453,1,2,探索尝试型,2023-09
k7fa3kdg6dq9avbiqv1f,22,11,9,0.2727272727272727,1,2,探索尝试型,2023-09
exaiz0y0uvpeg498cg4j,29,13,11,0.3448275862068966,1,2,探索尝试型,2023-09
twa56vh9h75mwaqdma1y,30,13,13,0.5666666666666667,1,2,探索尝试型,2023-09
zoo8a9uj8a0dplifqzdp,25,10,11,0.48,1,2,探索尝试型,2023-09
d4xny47ows87zd7viwj5,30,11,12,0.5,1,2,探索尝试型,2023-09
b6nwoi7doh1m1yzbkxup,32,12,10,0.4375,1,2,探索尝试型,2023-09
slmfpw1fyabrtys8ufg9,17,11,10,0.4117647058823529,1,2,探索尝试型,2023-09
aai4o855shne2taonl8m,21,10,9,0.3333333333333333,1,2,探索尝试型,2023-09
owzdfs89mm4ci0382a3b,28,14,14,0.35714285714285715,1,2,探索尝试型,2023-09
k6kv9y9tqfll5d282ymb,30,13,13,0.5,1,2,探索尝试型,2023-09
whzjoeh34i7o86p37u99,29,15,11,0.4827586206896552,1,2,探索尝试型,2023-09
3lbe8ny12qw7qwcyihpn,21,11,13,0.6190476190476191,1,2,探索尝试型,2023-09
m380dsj058viwn3ly6j1,30,14,11,0.4,1,2,探索尝试型,2023-09
bab3d23935ae4f8e798c,234,8,38,0.3888888888888889,1,0,探索尝试型,2023-10
e89cdaa3f159a0d3f55e,74,4,12,0.44594594594594594,1,1,集中针对型,2023-10
79ea7a2f63285f2fe26b,27,4,17,0.8888888888888888,1,1,集中针对型,2023-10
360820d6620d17d1b48b,52,14,25,0.8269230769230769,1,2,探索尝试型,2023-10
64d1d58d40bca568347c,71,8,23,0.4788732394366197,1,0,探索尝试型,2023-10
3c89c7f1db26ae691db8,100,10,10,0.2,1,0,探索尝试型,2023-10
8777bd09f180d330b147,52,13,16,0.5576923076923077,1,2,探索尝试型,2023-10
bca2be7a89b9b36b45cc,37,6,15,0.6216216216216216,1,1,集中针对型,2023-10
1b25734414fcc7466153,100,18,28,0.59,1,0,探索尝试型,2023-10
dc83f9577ae72447a7b1,91,12,22,0.5824175824175825,1,0,探索尝试型,2023-10
98e10f84d94623f8b39e,65,5,12,0.46153846153846156,1,1,集中针对型,2023-10
ff59855075a6bc39d62b,19,3,6,0.3684210526315789,1,1,集中针对型,2023-10
cd6355bf939a47577f6d,160,8,20,0.225,1,0,探索尝试型,2023-10
0a8736f6520cea837d94,88,9,16,0.45454545454545453,1,0,探索尝试型,2023-10
e37bbe9fe37f92b785d9,107,14,34,0.8130841121495327,1,0,探索尝试型,2023-10
8d422b817027d7721870,38,13,22,0.9473684210526315,1,2,探索尝试型,2023-10
54826f4abf592713d585,45,8,20,0.7555555555555555,1,1,集中针对型,2023-10
c00c91256ab1777d0dbc,134,8,36,0.3805970149253731,1,0,探索尝试型,2023-10
99d6b8a1cc0020112951,102,13,35,0.6862745098039216,1,0,探索尝试型,2023-10
cac3f85073c947532796,28,6,9,0.42857142857142855,1,1,集中针对型,2023-10
876aca2b8ce1958ea773,140,13,13,0.22857142857142856,1,0,探索尝试型,2023-10
ce1a32f22b91f4d81015,22,3,6,0.36363636363636365,1,1,集中针对型,2023-10
b345ecad87a7fbac77ce,172,19,38,0.8546511627906976,1,0,探索尝试型,2023-10
488934d01a504bc212b4,25,9,16,0.72,1,1,集中针对型,2023-10
c57c5ca2df494f27ca64,15,5,6,0.9333333333333333,1,1,集中针对型,2023-10
a1fa76b5d99a411d6649,49,9,17,0.4897959183673469,1,1,集中针对型,2023-10
d2403aa287eb869a170a,235,11,23,0.28085106382978725,1,0,探索尝试型,2023-10
e716574233e87591ff19,42,5,9,0.30952380952380953,1,1,集中针对型,2023-10
81c4c46f19cb21d54bbb,51,9,23,0.6666666666666666,1,2,探索尝试型,2023-10
9ea29e4a747ea4a7c70a,66,9,20,0.6666666666666666,1,0,探索尝试型,2023-10
03aa0b20dd4af1888eef,45,8,10,0.28888888888888886,1,1,集中针对型,2023-10
6e7d56f652020f046204,48,7,12,0.5,1,1,集中针对型,2023-10
57709f904b1cc9ec60b1,62,9,16,0.3225806451612903,1,0,探索尝试型,2023-10
75c2677c8d156032e303,56,3,5,0.17857142857142858,1,1,集中针对型,2023-10
580e98185da72b5f34cd,106,9,25,0.7452830188679245,1,0,探索尝试型,2023-10
d0a933a514028d777578,54,7,24,0.8703703703703703,1,0,探索尝试型,2023-10
7086b49d3d6c2cf79c1a,85,13,27,0.6,1,0,探索尝试型,2023-10
f06c3ddb1a98713eeb32,47,3,9,0.2978723404255319,1,1,集中针对型,2023-10
e23ada44d3eac9b465d2,26,8,14,0.6153846153846154,1,1,集中针对型,2023-10
10de703c06bf9d873d68,89,7,22,0.42696629213483145,1,0,探索尝试型,2023-10
8979427badebb9e2bd10,30,5,15,0.5333333333333333,1,1,集中针对型,2023-10
fb4411db1aac3cd2544b,48,9,17,0.75,1,1,集中针对型,2023-10
22ae866c664a147f9971,65,12,32,0.8769230769230769,1,0,探索尝试型,2023-10
18cdd44af62c6935e7a0,67,11,14,0.8208955223880597,1,1,集中针对型,2023-10
86215294b080f19af22f,54,8,23,0.6481481481481481,1,0,探索尝试型,2023-10
b79c2d9d8148403a3720,223,18,38,0.7309417040358744,1,0,探索尝试型,2023-10
f058870b1bc33e288e82,13,2,6,0.5384615384615384,1,1,集中针对型,2023-10
8b6d1125760bd3939b6e,16,1,6,0.375,1,1,集中针对型,2023-10
545eb6c8154273344669,58,10,18,0.5689655172413793,1,2,探索尝试型,2023-10
47eeab842793b09300c3,50,8,21,0.54,1,2,探索尝试型,2023-10
5d89810b20079366fcc2,11,2,6,0.5454545454545454,1,1,集中针对型,2023-10
8b1fbc97391699e46cef,77,9,13,0.4805194805194805,1,0,探索尝试型,2023-10
be503fccbf0ae5532639,30,4,9,0.4666666666666667,1,1,集中针对型,2023-10
9417c1b4c24e428984bc,83,8,16,0.6144578313253012,1,0,探索尝试型,2023-10
3d63ba961a5f3a60616a,49,8,22,0.7142857142857143,1,2,探索尝试型,2023-10
01d8aa21ef476b66c573,38,5,10,0.6052631578947368,1,1,集中针对型,2023-10
1e25b47eaef62694a236,7,1,1,0.14285714285714285,1,1,集中针对型,2023-10
37ae91c472189108a737,1,1,1,1.0,1,1,集中针对型,2023-10
t3wo8xb4rq94n3fpfk35,38,19,23,0.6052631578947368,1,2,探索尝试型,2023-10
8cvzwcc62ql4rqj0pyzl,35,20,21,0.5428571428571428,1,2,探索尝试型,2023-10
i21qi5qdsjqcch2xvdd5,37,19,20,0.5135135135135135,1,2,探索尝试型,2023-10
qz6jjynwbd3szlp0rj04,37,21,21,0.5405405405405406,1,2,探索尝试型,2023-10
pr6b1twg5sgsrzek6adi,38,15,18,0.5,1,2,探索尝试型,2023-10
wwh529n48kyjq1xe9h46,39,20,20,0.5897435897435898,1,2,探索尝试型,2023-10
exj3a7hd6gwihbowgm3w,40,22,20,0.475,1,2,探索尝试型,2023-10
ao2x473zwn7k7a6gpfr9,35,17,23,0.5142857142857142,1,2,探索尝试型,2023-10
zeuj2ypen39p38d4m3oj,28,16,17,0.4642857142857143,1,2,探索尝试型,2023-10
o5lo8q4tb8yt0v8imkw4,46,18,21,0.5,1,2,探索尝试型,2023-10
cuwakm24vlp785ky5w71,45,18,20,0.4222222222222222,1,2,探索尝试型,2023-10
cnkddx6ofjqd7ueylz0e,47,24,24,0.5106382978723404,1,2,探索尝试型,2023-10
styld7k1gge5cvjria5b,34,17,18,0.6176470588235294,1,2,探索尝试型,2023-10
1mp9yiw6rkrr3846047g,39,18,18,0.5384615384615384,1,2,探索尝试型,2023-10
ifj584ryrjv639n4nnsu,41,21,21,0.5365853658536586,1,2,探索尝试型,2023-10
47vclaej1xmb0rc8kgka,37,16,20,0.4594594594594595,1,2,探索尝试型,2023-10
lzvutqpj9ggc0nwwsxcv,43,20,24,0.4883720930232558,1,2,探索尝试型,2023-10
uvh2zil455wi0dcdan51,34,17,19,0.5588235294117647,1,2,探索尝试型,2023-10
jwdjcrxdn0um79f0rjvw,43,20,23,0.5348837209302325,1,2,探索尝试型,2023-10
oppl3ojvw61dvd5yw1wl,48,23,22,0.5833333333333334,1,2,探索尝试型,2023-10
fvurnsqlgyr9zbd6msqs,38,20,19,0.5,1,2,探索尝试型,2023-10
91ybnlkli8x332l13rrk,34,16,16,0.5294117647058824,1,2,探索尝试型,2023-10
5gs9643ghg39gpkgi3e5,41,19,20,0.6585365853658537,1,2,探索尝试型,2023-10
79cvflltnemb9zpg6pgl,38,19,22,0.5789473684210527,1,2,探索尝试型,2023-10
isa355t9q5rut5fm8aml,34,22,21,0.5882352941176471,1,2,探索尝试型,2023-10
9wax6sfj9cuqbbxc95om,31,18,20,0.5483870967741935,1,2,探索尝试型,2023-10
oit2xadfbpuveswzx4pf,33,17,20,0.36363636363636365,1,2,探索尝试型,2023-10
0maggb1hf886m5u6p2vr,45,23,23,0.5777777777777777,1,2,探索尝试型,2023-10
xh8a7nmtz192pknhec33,28,17,15,0.4642857142857143,1,2,探索尝试型,2023-10
6o68qswzkvrrtbiz6bzr,44,22,21,0.5227272727272727,1,2,探索尝试型,2023-10
vhlntoniujqiclub2juy,34,18,18,0.5,1,2,探索尝试型,2023-10
k4usquerebza4uy0i57h,37,21,19,0.5135135135135135,1,2,探索尝试型,2023-10
s0vfgmhobw9jq6al8iww,39,17,20,0.5897435897435898,1,2,探索尝试型,2023-10
qw1seyo5nrhlm8vby58w,36,20,18,0.4444444444444444,1,2,探索尝试型,2023-10
zlaig56ve06t7jruk2mr,39,14,21,0.5128205128205128,1,2,探索尝试型,2023-10
460fa4961434cf281423,60,12,23,0.75,1,2,探索尝试型,2023-10
0088dc183f73c83f763e,88,8,16,0.3068181818181818,1,0,探索尝试型,2023-10
7d882daa0b4d418d1d0c,23,6,18,0.9565217391304348,1,1,集中针对型,2023-10
da2199a7da15995db5ff,59,10,31,0.711864406779661,1,0,探索尝试型,2023-10
f7a14eb1e15ceeea955c,70,11,25,0.7857142857142857,1,0,探索尝试型,2023-10
e6c8ce7f4d7b0b4ca4a6,69,13,21,0.5362318840579711,1,0,探索尝试型,2023-10
daf693769d8638a22ee9,51,14,32,0.8431372549019608,1,2,探索尝试型,2023-10
18654732ca312afc173f,152,18,30,0.8947368421052632,1,0,探索尝试型,2023-10
f9d95830556934ae9a01,60,6,13,0.38333333333333336,1,1,集中针对型,2023-10
222d5ee50487a2b8601b,46,5,11,0.3695652173913043,1,1,集中针对型,2023-10
c955c51bfd07134bc831,31,9,19,0.7741935483870968,1,1,集中针对型,2023-10
41f718ae2aed1d6c2573,25,5,12,0.72,1,1,集中针对型,2023-10
d33a15d480f68c6ec82f,19,6,12,0.8421052631578947,1,1,集中针对型,2023-10
db2418c575c0a4f7239d,63,15,20,0.8412698412698413,1,2,探索尝试型,2023-10
06aff3e28c5db152f506,59,14,34,0.7457627118644068,1,2,探索尝试型,2023-10
6002b9ec0f4ad0b281cf,19,5,9,0.6842105263157895,1,1,集中针对型,2023-10
af8dedf6ecb4605a09fa,62,13,23,0.7741935483870968,1,2,探索尝试型,2023-10
8f98bfcea1b9f0dba97e,65,11,26,0.8923076923076924,1,0,探索尝试型,2023-10
7c3fa9ed66d940d49692,154,17,32,0.5974025974025974,1,0,探索尝试型,2023-10
2c6339f7c23a64d02081,34,4,10,0.6176470588235294,1,1,集中针对型,2023-10
5d580a610c7f8114eb5c,28,8,14,0.5714285714285714,1,1,集中针对型,2023-10
3555053023c67d592439,35,6,15,0.42857142857142855,1,1,集中针对型,2023-10
906ffe092972df38360a,74,11,31,0.5675675675675675,1,0,探索尝试型,2023-10
d2e033f11edce44fea3d,17,7,11,0.9411764705882353,1,1,集中针对型,2023-10
5c33bb784bb99763ed74,44,10,15,0.9090909090909091,1,1,集中针对型,2023-10
a4bfb84ab74e59389e7a,71,9,19,0.4788732394366197,1,0,探索尝试型,2023-10
152a0c17daaaa4e65e14,29,7,14,0.6896551724137931,1,1,集中针对型,2023-10
bfc3a5cb3b9c29f08176,70,9,22,0.5571428571428572,1,0,探索尝试型,2023-10
2f3c37735e817244e646,22,4,13,0.6363636363636364,1,1,集中针对型,2023-10
50fec4ca4283ad18c000,16,5,10,0.9375,1,1,集中针对型,2023-10
6ae7d356ba998218af82,28,6,13,0.8571428571428571,1,1,集中针对型,2023-10
ee1ef9674f9e0bfca48b,23,4,11,0.6086956521739131,1,1,集中针对型,2023-10
5a8cce5abee961fc77f3,26,5,9,0.9230769230769231,1,1,集中针对型,2023-10
977ece9de941d85308ac,149,7,15,0.2214765100671141,1,0,探索尝试型,2023-10
15ab118362ecbbd03b52,19,5,9,0.6842105263157895,1,1,集中针对型,2023-10
f47eab262dd5809d4d60,13,4,9,1.0,1,1,集中针对型,2023-10
5fbaf8a0f524358778bb,27,3,10,0.7777777777777778,1,1,集中针对型,2023-10
058c03d945c4ae0978a0,12,3,10,1.0,1,1,集中针对型,2023-10
3267b84814316e2fa25e,48,6,9,0.5208333333333334,1,1,集中针对型,2023-10
68c45e933c2dc939e7c9,41,8,17,0.6829268292682927,1,1,集中针对型,2023-10
0c670262b3941d307600,26,6,11,0.7307692307692307,1,1,集中针对型,2023-10
f82461b84c9c48a36613,20,5,9,0.65,1,1,集中针对型,2023-10
981cf48df067d975675b,23,6,9,0.5652173913043478,1,1,集中针对型,2023-10
6e8118d5ad3c7093b869,31,5,10,0.41935483870967744,1,1,集中针对型,2023-10
bd099a9fd29545e3766a,15,3,9,0.7333333333333333,1,1,集中针对型,2023-10
6486c0664d217470d126,22,4,14,0.7272727272727273,1,1,集中针对型,2023-10
077d5c82c9ee5019220f,26,6,12,0.8846153846153846,1,1,集中针对型,2023-10
41e9ff991a4a21f423a8,22,6,10,0.5,1,1,集中针对型,2023-10
a5966200ae4d58200438,23,5,10,0.9130434782608695,1,1,集中针对型,2023-10
9d030ebc092b353b9906,24,4,9,0.875,1,1,集中针对型,2023-10
0b8bea274b24847526b7,31,2,9,0.4838709677419355,1,1,集中针对型,2023-10
37905cfdcd105683aaf4,28,3,7,0.6071428571428571,1,1,集中针对型,2023-10
1329b6cf41debecda787,12,6,9,1.0,1,1,集中针对型,2023-10
79fdbcf16db75f75383a,10,2,9,1.0,1,1,集中针对型,2023-10
95889f5d20e344714084,71,4,11,0.15492957746478872,1,1,集中针对型,2023-10
cb2fbb322cc30a8b8fef,15,3,5,0.3333333333333333,1,1,集中针对型,2023-10
f25a777dbbda3d4314d7,15,2,5,0.4666666666666667,1,1,集中针对型,2023-10
xy7cro773yqyoblucwkp,44,20,20,0.75,1,2,探索尝试型,2023-10
553l2g7kpifbvn82knxk,38,21,19,0.7105263157894737,1,2,探索尝试型,2023-10
x8hldszj3z40bgxl4mci,55,19,21,0.5454545454545454,1,2,探索尝试型,2023-10
rd32gyblqsfn03xatnmt,49,23,16,0.6530612244897959,1,2,探索尝试型,2023-10
n8pe3tt7qmlgojwhhsj0,33,17,16,0.6666666666666666,1,2,探索尝试型,2023-10
2zfdinkl7qrn0o62tlp4,42,21,17,0.6666666666666666,1,2,探索尝试型,2023-10
zyfp520tbnq5p2pvrkin,33,20,19,0.7575757575757576,1,2,探索尝试型,2023-10
p6cp3ogj6xy2riczfupv,45,18,19,0.6444444444444445,1,2,探索尝试型,2023-10
yyz9rmyzzdp52h0glddp,40,20,20,0.45,1,2,探索尝试型,2023-10
ugaiak78ggmnku4yndlt,35,19,16,0.6285714285714286,1,2,探索尝试型,2023-10
62olkigg7ntlaf6fzytl,46,18,20,0.6521739130434783,1,2,探索尝试型,2023-10
66f99grd556eyxjqk7pz,47,21,23,0.6170212765957447,1,2,探索尝试型,2023-10
ik7o5ykfnku0qp74sy1i,33,19,17,0.7272727272727273,1,2,探索尝试型,2023-10
vrdxefyyyx3tkticfqnv,41,19,18,0.5121951219512195,1,2,探索尝试型,2023-10
putb7ja6dwpdag4bwvnj,30,19,15,0.6333333333333333,1,2,探索尝试型,2023-10
3cic5ziycjx4ik4ll0v1,35,19,13,0.6285714285714286,1,2,探索尝试型,2023-10
6tq9irjllweqmqe4u7sf,38,15,17,0.5263157894736842,1,2,探索尝试型,2023-10
dgoapkg9vpnafks22kx4,40,19,23,0.7,1,2,探索尝试型,2023-10
58n0dsxyyqnriomw67id,38,17,15,0.631578947368421,1,2,探索尝试型,2023-10
3m4gx52iq3mwqdycm8mm,47,18,20,0.5319148936170213,1,2,探索尝试型,2023-10
4acutl013itvh9va99p7,41,20,16,0.6829268292682927,1,2,探索尝试型,2023-10
bwvpzqnhh752noqjqj8d,39,21,16,0.6410256410256411,1,2,探索尝试型,2023-10
2jvnsh0veb6qnn3uv6i8,46,19,18,0.6304347826086957,1,2,探索尝试型,2023-10
ef04ejvyvmh5votejbif,31,17,17,0.8064516129032258,1,2,探索尝试型,2023-10
dfnvtf7qbi2955rjeaqx,44,22,16,0.5454545454545454,1,2,探索尝试型,2023-10
shtnl1wh1mconb8od5ko,33,19,17,0.6666666666666666,1,2,探索尝试型,2023-10
3qvqfnzdg358mord1cku,37,19,18,0.6216216216216216,1,2,探索尝试型,2023-10
pkjom9yr5m9690fg6wsi,33,15,18,0.5757575757575758,1,2,探索尝试型,2023-10
99dj4o3b2f6m4jemke7d,48,20,23,0.5833333333333334,1,2,探索尝试型,2023-10
si6ymh6w7xbo2f40o0p8,43,15,19,0.5116279069767442,1,2,探索尝试型,2023-10
je7kqkmpwkosa7nkgfpx,32,19,19,0.5625,1,2,探索尝试型,2023-10
2uxkhe454qk8jvk0ufvp,35,16,19,0.6,1,2,探索尝试型,2023-10
awxiqzybhp95e08qx1h5,24,16,14,0.4166666666666667,1,2,探索尝试型,2023-10
9trgand057juzal1kecf,36,18,19,0.5833333333333334,1,2,探索尝试型,2023-10
5mrih4nj5agvu67vao4m,27,19,19,0.6666666666666666,1,2,探索尝试型,2023-10
c352158bed343ccff8e5,87,8,13,0.21839080459770116,1,0,探索尝试型,2023-10
3f55d44d7572d52b2987,18,8,10,0.6111111111111112,1,1,集中针对型,2023-10
33ddb1517601db520cd6,60,10,18,0.5166666666666667,1,0,探索尝试型,2023-10
1202c731c612353ceef0,37,8,12,0.7027027027027027,1,1,集中针对型,2023-10
9e7bdc44129bf5acc196,73,7,14,0.4246575342465753,1,0,探索尝试型,2023-10
f4e46ba446c56e56259b,71,6,17,0.36619718309859156,1,0,探索尝试型,2023-10
918236b530adbe510201,55,10,19,0.7818181818181819,1,2,探索尝试型,2023-10
a0a1991396f865c9e3dc,83,11,17,0.7469879518072289,1,0,探索尝试型,2023-10
2ccfa5f79c8b61e465d4,59,8,13,0.5254237288135594,1,1,集中针对型,2023-10
446d2ad0ca2908ffa4f9,9,4,9,1.0,1,1,集中针对型,2023-10
e851f82a650692f8e591,119,13,27,0.40336134453781514,1,0,探索尝试型,2023-10
ae2e4cb7985c4ac71795,63,7,26,0.7936507936507936,1,0,探索尝试型,2023-10
63aded37545ab92d41d4,43,1,2,0.023255813953488372,1,1,集中针对型,2023-10
0e062d9fa22dc8e3bca2,10,2,9,0.9,1,1,集中针对型,2023-10
1629f353a742f6a73251,8,1,6,0.75,1,1,集中针对型,2023-10
1397545fbe9882e5cd42,22,6,9,0.6818181818181818,1,1,集中针对型,2023-10
d94c5dba40d9fcbfb8d9,31,6,13,0.7741935483870968,1,1,集中针对型,2023-10
c5b9961e65ffa73d971e,59,9,15,0.5932203389830508,1,1,集中针对型,2023-10
28719a42e0cbf4991b7f,61,8,24,0.7377049180327869,1,0,探索尝试型,2023-10
432fd26823e230070734,57,8,15,0.38596491228070173,1,1,集中针对型,2023-10
1b0baf552d2cd47ee10b,56,4,38,0.6964285714285714,1,0,探索尝试型,2023-10
bafdbc62a48daf6840c9,4,1,1,0.75,1,1,集中针对型,2023-10
749fec50db4020e9bfcc,20,3,5,0.25,1,1,集中针对型,2023-10
46a7a18ca160c829a15f,95,11,27,0.4105263157894737,1,0,探索尝试型,2023-10
8fb30cb5c7ad360c995f,164,12,28,0.7134146341463414,1,0,探索尝试型,2023-10
170a695a2717bcd9b74b,60,9,7,0.21666666666666667,1,1,集中针对型,2023-10
75097aa30e9373a612c7,4,2,3,0.75,1,1,集中针对型,2023-10
a55511198784610bf30b,75,6,17,0.29333333333333333,1,0,探索尝试型,2023-10
098b2c66cbc1ed736e14,34,4,14,0.7941176470588235,1,1,集中针对型,2023-10
0f160cd19890b97092b9,38,7,16,0.7105263157894737,1,1,集中针对型,2023-10
19fb3075dd2798538c9d,13,5,9,0.8461538461538461,1,1,集中针对型,2023-10
62a877b83219f7974fd0,41,7,29,0.926829268292683,1,2,探索尝试型,2023-10
72b4334deffff31dea8b,25,3,6,0.32,1,1,集中针对型,2023-10
e86f896d71d48d87464d,37,9,15,0.5405405405405406,1,1,集中针对型,2023-10
d3ba1fe030801d700cb6,34,3,9,0.5,1,1,集中针对型,2023-10
efb9fe363bdeb9f48d69,50,6,10,0.22,1,1,集中针对型,2023-10
6d35a9a33338a84dd077,38,10,15,0.7368421052631579,1,1,集中针对型,2023-10
84e8300978b600b5f0ba,19,4,8,0.47368421052631576,1,1,集中针对型,2023-10
62156eada978f707f5d2,33,8,14,0.7575757575757576,1,1,集中针对型,2023-10
7a600fb7e3750998e7ae,78,17,38,0.7948717948717948,1,0,探索尝试型,2023-10
e3ce61b92eeae0a33633,24,1,5,0.20833333333333334,1,1,集中针对型,2023-10
011d454f199c123d44ad,1,1,1,1.0,1,1,集中针对型,2023-10
7380885aaba482170588,18,2,5,0.2222222222222222,1,1,集中针对型,2023-10
52f4899e918b57df28da,35,9,16,0.8285714285714286,1,1,集中针对型,2023-10
5b5ef66e547d63806a56,85,5,11,0.3411764705882353,1,0,探索尝试型,2023-10
9e4c54a008ee874fc270,29,5,7,0.4482758620689655,1,1,集中针对型,2023-10
4c90f16c0fcd85d3de25,39,1,5,0.10256410256410256,1,1,集中针对型,2023-10
cnqyqc90n3ixrlc3mri7,21,16,14,0.42857142857142855,1,2,探索尝试型,2023-10
wxgj9kdmdrmullrthnso,35,18,17,0.6,1,2,探索尝试型,2023-10
1kvfwfp2hr5hjxjxzjqd,25,14,14,0.56,1,2,探索尝试型,2023-10
m3y8jkkgflwqwcelrwzz,29,15,15,0.5862068965517241,1,2,探索尝试型,2023-10
fov3pbwdqzvhgcjp7o9f,32,20,17,0.53125,1,2,探索尝试型,2023-10
qd5cqu3du8n28xxtkftw,37,18,19,0.5675675675675675,1,2,探索尝试型,2023-10
cunf3y04zq0f90dgy36j,19,14,12,0.42105263157894735,1,2,探索尝试型,2023-10
3iz4t53ooerb6sruxf3n,33,19,17,0.6666666666666666,1,2,探索尝试型,2023-10
fb735wd248crm37cgmgw,31,22,19,0.5483870967741935,1,2,探索尝试型,2023-10
7c2qxvccum7f93e8ohgt,36,20,22,0.6111111111111112,1,2,探索尝试型,2023-10
alj4azvv1eqg1cyr3ae3,24,16,15,0.5,1,2,探索尝试型,2023-10
vqz1prz6hwnqepxsieip,28,17,18,0.6428571428571429,1,2,探索尝试型,2023-10
i8gdglua8vbd4ul9x09f,27,17,15,0.5925925925925926,1,2,探索尝试型,2023-10
fvlb9xi66oze7eo3yhdh,38,19,20,0.5526315789473685,1,2,探索尝试型,2023-10
bvz9hmtzknu45wvb0yaw,30,16,17,0.5666666666666667,1,2,探索尝试型,2023-10
no0afrue2n6m8hcnuek1,34,21,17,0.6470588235294118,1,2,探索尝试型,2023-10
kpw433bcv21ksp1wgrux,27,18,15,0.5555555555555556,1,2,探索尝试型,2023-10
d6qgzp196pwnzk7agyn6,33,17,19,0.6363636363636364,1,2,探索尝试型,2023-10
4xh67ezjc331pg9q3kfv,25,19,16,0.48,1,2,探索尝试型,2023-10
93iq4xjhvlc8072fsfet,30,19,17,0.5666666666666667,1,2,探索尝试型,2023-10
nl4vt11ikn4we06zu0zj,32,20,16,0.46875,1,2,探索尝试型,2023-10
4fl8e5s0nf65bm2m34f0,32,17,14,0.34375,1,2,探索尝试型,2023-10
hcm6w0jxnfqhkpm745cu,35,20,18,0.6571428571428571,1,2,探索尝试型,2023-10
zon2ut7eqwqd7i86etaw,26,13,16,0.5384615384615384,1,2,探索尝试型,2023-10
4glo109mkgy7azntyttp,30,14,15,0.43333333333333335,1,2,探索尝试型,2023-10
ymb5gxf0fi27kpj2f101,17,14,9,0.5294117647058824,1,1,集中针对型,2023-10
8ajv97zyciosc57q0cng,30,20,17,0.5666666666666667,1,2,探索尝试型,2023-10
44x159fl0pw2uucriuga,30,19,17,0.6333333333333333,1,2,探索尝试型,2023-10
1hrtipd0awjpggdje5e2,32,20,14,0.28125,1,2,探索尝试型,2023-10
z0ti2nr5nh9fpad7wntt,21,9,15,0.5714285714285714,1,1,集中针对型,2023-10
t8a5fgt3wo8w18amulu3,19,10,10,0.5789473684210527,1,1,集中针对型,2023-10
7r0ywonplo8up7m35eav,31,17,16,0.5161290322580645,1,2,探索尝试型,2023-10
yb4sqfrwu788fa6y4zeb,22,15,15,0.5,1,2,探索尝试型,2023-10
0gfiioqi5g8djhh1wzol,26,14,13,0.38461538461538464,1,2,探索尝试型,2023-10
wbdvbdebq64ujpi9u7mn,27,15,17,0.5185185185185185,1,2,探索尝试型,2023-10
ec4897070f2d3b6eab89,13,3,4,0.3076923076923077,1,1,集中针对型,2023-10
e9b6fa8a87469779d732,33,12,15,0.5757575757575758,1,2,探索尝试型,2023-10
453d43b3f6bdf467e672,79,16,26,0.9113924050632911,1,0,探索尝试型,2023-10
aa83cf5fc68c1dcb5038,93,9,26,0.7526881720430108,1,0,探索尝试型,2023-10
99a53846658ba3341de6,42,4,25,0.8095238095238095,1,1,集中针对型,2023-10
016226278e6a69e10aa4,51,8,12,0.3333333333333333,1,1,集中针对型,2023-10
d8ed5a1897987ffdeaed,57,13,21,0.9298245614035088,1,2,探索尝试型,2023-10
c9c946fe211251af32d1,59,9,17,0.864406779661017,1,1,集中针对型,2023-10
3919286d3d8c4f4d339c,30,8,9,0.7,1,1,集中针对型,2023-10
11dae4659d30031a10dd,45,5,7,0.7555555555555555,1,1,集中针对型,2023-10
bb3328d3b1eecb5e1a8a,72,6,13,0.2916666666666667,1,1,集中针对型,2023-10
5f7b406b2bbf9789735f,28,5,6,0.39285714285714285,1,1,集中针对型,2023-10
cafe5989da5dfed9f404,131,11,11,0.21374045801526717,1,0,探索尝试型,2023-10
3ff069e95a9047dbfa8b,95,12,20,0.7368421052631579,1,0,探索尝试型,2023-10
61de1e21015e07aacbe8,77,5,9,0.4805194805194805,1,1,集中针对型,2023-10
5m6lgwi0mkqs8ilg3qqs,10,4,6,0.6,1,1,集中针对型,2023-10
6fe309a58b787e7010eb,58,9,8,0.25862068965517243,1,1,集中针对型,2023-10
3ba42ec5350aacb0750a,72,6,13,0.75,1,1,集中针对型,2023-10
d1e44a91dd4f37c03d43,14,2,5,0.35714285714285715,1,1,集中针对型,2023-10
061db2c91f94c612f2d4,15,4,12,0.8666666666666667,1,1,集中针对型,2023-10
0fc996fff93c00ca5ced,83,9,11,0.27710843373493976,1,0,探索尝试型,2023-10
76fe2c19fa84d58b584b,43,7,7,0.4186046511627907,1,1,集中针对型,2023-10
f36a755a3fa5db5c0743,35,8,19,0.8,1,1,集中针对型,2023-10
cf7f9c2c6872be9bf2d6,97,13,19,0.7731958762886598,1,0,探索尝试型,2023-10
a3a0e2129e405aef3d87,4,2,4,1.0,1,1,集中针对型,2023-10
b8162292f2171005c2ba,17,4,5,0.35294117647058826,1,1,集中针对型,2023-10
a8350dcececa0b02dd14,103,5,21,0.7961165048543689,1,0,探索尝试型,2023-10
c99e6802625540e4d1e2,13,3,6,0.46153846153846156,1,1,集中针对型,2023-10
cade7d478dac7020a79b,39,6,11,0.4358974358974359,1,1,集中针对型,2023-10
7c1d8516e6c2ab2d3030,13,2,4,0.3076923076923077,1,1,集中针对型,2023-10
afc99b4940e933922aca,47,5,14,0.44680851063829785,1,1,集中针对型,2023-10
20f97b68982d1b2f5c73,47,5,8,0.23404255319148937,1,1,集中针对型,2023-10
a06fdb8743c4d4ef09fe,24,3,3,0.125,1,1,集中针对型,2023-10
6d22912e7e93a96a8690,9,4,6,0.8888888888888888,1,1,集中针对型,2023-10
4a6e1cf1e4e9d8f54717,1,1,1,1.0,1,1,集中针对型,2023-10
728a4a393899c37a5429,19,3,19,1.0,1,1,集中针对型,2023-10
90f3fbedfce50f644011,10,2,2,0.2,1,1,集中针对型,2023-10
9d02a160cd171c5f4c18,4,1,1,0.0,1,1,集中针对型,2023-10
9952cc289c9f690621ec,17,2,7,0.4117647058823529,1,1,集中针对型,2023-10
dcd0562f8fb44933cb08,9,1,2,0.0,1,1,集中针对型,2023-10
rq44ojyrvdtad0tzsm32,31,16,16,0.5806451612903226,1,2,探索尝试型,2023-10
d3tt41de5iashfjr1txr,25,18,16,0.52,1,2,探索尝试型,2023-10
t9a891e0764br5ujna1a,21,17,14,0.7619047619047619,1,2,探索尝试型,2023-10
cp4d94b2v0ws6am7mvuw,19,13,12,0.5263157894736842,1,1,集中针对型,2023-10
uy29im7a6hnc34lfp8ae,27,18,16,0.5185185185185185,1,2,探索尝试型,2023-10
h6miro3m8713s3dxuipr,26,16,18,0.6538461538461539,1,2,探索尝试型,2023-10
kilhyvtskm84umerpjee,38,20,19,0.631578947368421,1,2,探索尝试型,2023-10
tvsgkf4oqh769h40lj43,33,17,17,0.42424242424242425,1,2,探索尝试型,2023-10
zeuj820acn6zhcbx617v,36,20,23,0.5277777777777778,1,2,探索尝试型,2023-10
jyaxybaq8vui614ytd8i,32,19,18,0.4375,1,2,探索尝试型,2023-10
8urc1lsyw615q5prnxwh,35,18,16,0.5428571428571428,1,2,探索尝试型,2023-10
svxexhg20hs3bbqd4fm7,21,13,18,0.7142857142857143,1,2,探索尝试型,2023-10
6cxj0lsinp9d7215gtpe,42,22,22,0.7142857142857143,1,2,探索尝试型,2023-10
6iag08nt7se7f2hkgzx4,31,17,23,0.7419354838709677,1,2,探索尝试型,2023-10
6dx4zt62b8m37krb5l3n,25,14,16,0.64,1,2,探索尝试型,2023-10
4vnvytgnlmv4jbfw9h3t,31,20,19,0.5483870967741935,1,2,探索尝试型,2023-10
lexte4gc3dvjb7ty0qf5,26,17,18,0.6538461538461539,1,2,探索尝试型,2023-10
t7x7ydt3u1cd2svfvk4q,30,18,19,0.6,1,2,探索尝试型,2023-10
buv73728fa9viqgrz5mj,27,19,20,0.7037037037037037,1,2,探索尝试型,2023-10
ijieo064jbrs5ss1cmol,24,17,18,0.5,1,2,探索尝试型,2023-10
zc7xkcpo969z98kh6bg8,32,17,18,0.375,1,2,探索尝试型,2023-10
fkenlzdweox7v0zaopqo,25,15,15,0.6,1,2,探索尝试型,2023-10
reo07h0d5zehmotdlz2w,28,19,18,0.6428571428571429,1,2,探索尝试型,2023-10
mqqf68ny1kdp6i69i7tt,17,13,13,0.5294117647058824,1,1,集中针对型,2023-10
i1fr7kd71b2ni39kn958,25,15,18,0.6,1,2,探索尝试型,2023-10
uk8sadmdmw8p7e22l2yr,33,22,21,0.696969696969697,1,2,探索尝试型,2023-10
pv0c4za1m616k25gfwfb,28,18,16,0.6785714285714286,1,2,探索尝试型,2023-10
xsxczvs8iluovs3pt5q7,30,21,19,0.5,1,2,探索尝试型,2023-10
9lfh7vk4u8eh6zz1dmvp,26,18,18,0.46153846153846156,1,2,探索尝试型,2023-10
w1uwjc89gv68yxkutpoe,29,18,20,0.6551724137931034,1,2,探索尝试型,2023-10
9a25hcbd3mhgaj0fyelo,29,20,16,0.5862068965517241,1,2,探索尝试型,2023-10
i5hexmb5zlzhd8lvwdv3,27,19,18,0.6666666666666666,1,2,探索尝试型,2023-10
3p34idi1traz2k8j0ulk,31,19,16,0.6129032258064516,1,2,探索尝试型,2023-10
oi7j42phxrp4mc1n9h4b,17,12,12,0.7058823529411765,1,1,集中针对型,2023-10
fqcud1c5mt7pdp9w0v6y,16,13,10,0.5,1,1,集中针对型,2023-10
17e429460d5fda251953,85,9,18,0.4117647058823529,1,0,探索尝试型,2023-10
82da6d26645f8f71bd61,23,6,11,0.9130434782608695,1,1,集中针对型,2023-10
a9554f5c3d61d05617e1,71,11,32,0.9295774647887324,1,0,探索尝试型,2023-10
2e2c00240c341a4265e3,30,8,10,0.7333333333333333,1,1,集中针对型,2023-10
1fa4f2361b8a03040292,32,9,14,0.65625,1,1,集中针对型,2023-10
4e768251c78b687fa993,90,15,17,0.6888888888888889,1,0,探索尝试型,2023-10
6964a3d507ac1ecf9e52,197,20,21,0.39593908629441626,1,0,探索尝试型,2023-10
0107f72b66cbd1a0926d,20,6,10,0.8,1,1,集中针对型,2023-10
03754dce5ec7731fb3e2,87,8,17,0.9425287356321839,1,0,探索尝试型,2023-10
2d526c27123e59103e29,199,14,19,0.35678391959798994,1,0,探索尝试型,2023-10
2af634997fba501740c2,66,10,18,0.4090909090909091,1,0,探索尝试型,2023-10
42e83553ca9d77ab4aee,33,8,16,0.7272727272727273,1,1,集中针对型,2023-10
9ee3e6df01c7cc22d066,63,8,7,0.3333333333333333,1,1,集中针对型,2023-10
c9e6e9322dd7054e618c,19,4,11,0.631578947368421,1,1,集中针对型,2023-10
d72abe041b8db9118e70,39,7,9,0.41025641025641024,1,1,集中针对型,2023-10
912794ea0c6936c83ce2,57,11,8,0.14035087719298245,1,1,集中针对型,2023-10
b0a62c35bfc7f529e83b,34,9,21,0.6764705882352942,1,2,探索尝试型,2023-10
a856f10303ba34926fdd,22,6,9,0.7272727272727273,1,1,集中针对型,2023-10
4bceaffe5e429ed3333b,17,5,10,0.5882352941176471,1,1,集中针对型,2023-10
4738a118c8b8fa271fd6,32,5,6,0.625,1,1,集中针对型,2023-10
951678e2f3db4cd9911d,60,7,29,0.9333333333333333,1,0,探索尝试型,2023-10
b34d4dc5b6c5fd7c5def,15,5,11,0.8,1,1,集中针对型,2023-10
430420fb41fe0a889868,76,8,15,0.6973684210526315,1,0,探索尝试型,2023-10
e17f01453906e3ae5716,75,6,9,0.37333333333333335,1,1,集中针对型,2023-10
9b1c065069dbb7a71617,29,3,2,0.2413793103448276,1,1,集中针对型,2023-10
d536120baaef5495c028,24,4,12,0.625,1,1,集中针对型,2023-10
2ecb7fb5ff8899614c12,36,3,12,0.4444444444444444,1,1,集中针对型,2023-10
d6f3f410bbb24244d270,37,7,12,0.8648648648648649,1,1,集中针对型,2023-10
67f8d47cfb7b7b3d2095,55,4,8,0.32727272727272727,1,1,集中针对型,2023-10
a0fa57995e3e8cdcc13a,71,6,24,0.9014084507042254,1,0,探索尝试型,2023-10
fe40bd528b4fbbf591e1,77,12,18,0.5064935064935064,1,0,探索尝试型,2023-10
ba563fef8484139dc84d,44,8,15,0.6136363636363636,1,1,集中针对型,2023-10
488fc49e8fccd665c3e2,48,6,8,0.1875,1,1,集中针对型,2023-10
be52205cb48c05e10567,26,5,9,0.34615384615384615,1,1,集中针对型,2023-10
03e0c9bff3a9557480d9,18,4,3,0.8333333333333334,1,1,集中针对型,2023-10
60c3549c706fe13322ce,37,7,13,0.5135135135135135,1,1,集中针对型,2023-10
2826ec26211d83efd2c6,33,9,11,0.6363636363636364,1,1,集中针对型,2023-10
4c26df96293b4a52bc03,21,5,14,0.8571428571428571,1,1,集中针对型,2023-10
6b9ee688551136da2eb9,50,4,7,0.2,1,1,集中针对型,2023-10
19793e7e55b68c8dd776,19,5,9,0.7368421052631579,1,1,集中针对型,2023-10
fe752a6d1aa3d710d738,66,8,12,0.21212121212121213,1,1,集中针对型,2023-10
8e25bcfa51d165f162f6,15,2,8,0.8,1,1,集中针对型,2023-10
454c91e8f96c1dc4e994,82,9,11,0.4268292682926829,1,0,探索尝试型,2023-10
be032ee60c336e4701e0,38,1,4,0.2894736842105263,1,1,集中针对型,2023-10
854ce9f7f4d7b6115854,3,2,1,0.3333333333333333,1,1,集中针对型,2023-10
d103bd9455fb9258c805,34,1,21,0.7058823529411765,1,1,集中针对型,2023-10
13de1d3a55477a0c0329,11,1,5,0.45454545454545453,1,1,集中针对型,2023-10
2e3e7cbe0e69add8d31a,6,1,6,1.0,1,1,集中针对型,2023-10
ttsjumez81r1ot6tfe7n,29,15,18,0.5172413793103449,1,2,探索尝试型,2023-10
sdun9fmcol7sud39mllw,35,19,19,0.5142857142857142,1,2,探索尝试型,2023-10
csxiwtz34vm9vr0kbryx,41,23,20,0.6097560975609756,1,2,探索尝试型,2023-10
g5wbnnhq1jbyc32q3003,33,22,17,0.5454545454545454,1,2,探索尝试型,2023-10
ulowmljtsh72z64haltq,39,16,18,0.4358974358974359,1,2,探索尝试型,2023-10
h9urbo4ce8x02brjnloz,32,15,16,0.59375,1,2,探索尝试型,2023-10
lewkf2owb42ywhfto9yf,43,21,19,0.4883720930232558,1,2,探索尝试型,2023-10
m3xzctvbxlbxz80zz042,39,22,17,0.46153846153846156,1,2,探索尝试型,2023-10
p3cs5x8cxrwubesmagvl,34,17,12,0.6176470588235294,1,2,探索尝试型,2023-10
4y1vvkscejq34042oag4,32,17,18,0.59375,1,2,探索尝试型,2023-10
x8hocidvl3emcmrhw2f8,46,19,20,0.45652173913043476,1,2,探索尝试型,2023-10
mn8t0yyppsznr674ic1a,30,16,18,0.4,1,2,探索尝试型,2023-10
74g1r714u01v7nb4vn8w,40,16,17,0.575,1,2,探索尝试型,2023-10
uhky1uwx18u1e4nixzzf,44,21,19,0.5454545454545454,1,2,探索尝试型,2023-10
hoedc2pzfz6av5bn1jq3,34,19,17,0.5882352941176471,1,2,探索尝试型,2023-10
1nebcwra7a0fduy8c1fa,27,18,18,0.48148148148148145,1,2,探索尝试型,2023-10
inyirhdpjahiguhs9e5b,47,20,21,0.46808510638297873,1,2,探索尝试型,2023-10
0sgnvj4zfg3xjjb9fl6h,34,16,16,0.7352941176470589,1,2,探索尝试型,2023-10
ng2c52g74hfaudyxmm6m,44,21,22,0.5909090909090909,1,2,探索尝试型,2023-10
isavn2ahb9n5z1q8win5,33,13,17,0.48484848484848486,1,2,探索尝试型,2023-10
4v5xbvn3yhmvs97477pc,34,15,13,0.5,1,2,探索尝试型,2023-10
u968v341lom8drwdzqqj,28,18,14,0.5,1,2,探索尝试型,2023-10
vzdurh8f0rfus5h4bde2,29,17,18,0.4827586206896552,1,2,探索尝试型,2023-10
19rc4zj7sw4ms0996992,42,20,19,0.6190476190476191,1,2,探索尝试型,2023-10
flde3irykh8wauaj2fuw,36,15,15,0.4722222222222222,1,2,探索尝试型,2023-10
3ywgcurp27qp1fydp27z,42,23,18,0.40476190476190477,1,2,探索尝试型,2023-10
pg8ucem69ixbqhznx0x2,30,15,14,0.43333333333333335,1,2,探索尝试型,2023-10
yums89f0epz009xrrwrf,35,18,19,0.42857142857142855,1,2,探索尝试型,2023-10
em248gxmeso9cw0wzlv8,40,16,19,0.525,1,2,探索尝试型,2023-10
ucxxvfcovdwuokyswife,29,18,16,0.6206896551724138,1,2,探索尝试型,2023-10
j8inicu0iafkpv3u9431,30,18,16,0.5,1,2,探索尝试型,2023-10
cgydhui8n3uoxbq5rznl,30,16,13,0.4666666666666667,1,2,探索尝试型,2023-10
z9q10sbk27qpuvatlkuw,35,18,14,0.4,1,2,探索尝试型,2023-10
7ddzwidmh4uwbopvlast,46,21,18,0.5434782608695652,1,2,探索尝试型,2023-10
1otvyki9oso9bg6ob16u,31,16,14,0.5161290322580645,1,2,探索尝试型,2023-10
758a52e21fd5c23cd7ed,34,4,10,0.6764705882352942,1,1,集中针对型,2023-10
b9a8b9ee84232efd7d61,17,5,10,0.7647058823529411,1,1,集中针对型,2023-10
d2c5423ea5fa0a995264,18,2,6,0.4444444444444444,1,1,集中针对型,2023-10
5cda8273b348fbda9f29,168,10,31,0.7261904761904762,1,0,探索尝试型,2023-10
42dd5f9cd9e2c3ac9ed7,98,11,25,0.30612244897959184,1,0,探索尝试型,2023-10
81c441973fd4e024d60a,87,16,16,0.4482758620689655,1,0,探索尝试型,2023-10
9ee4ff457095eaf23309,66,9,15,0.3939393939393939,1,0,探索尝试型,2023-10
63c38a00d97e62c31e08,43,7,13,0.5581395348837209,1,1,集中针对型,2023-10
e4af37199530e9ea523c,57,6,6,0.38596491228070173,1,1,集中针对型,2023-10
66d7c0bdb21b7d5bd83d,109,8,17,0.41284403669724773,1,0,探索尝试型,2023-10
d53a4fb612fb801fff3d,62,5,7,0.12903225806451613,1,1,集中针对型,2023-10
f81f52969ef1de783de3,8,1,5,0.625,1,1,集中针对型,2023-10
04f2689b4ea16d8d7d9a,128,12,15,0.6171875,1,0,探索尝试型,2023-10
96c23b85b0b4ffdc3cae,88,11,38,0.6931818181818182,1,0,探索尝试型,2023-10
2db6dd71f1d07300382c,22,6,10,0.5454545454545454,1,1,集中针对型,2023-10
3f34e3108d1108dab0fd,21,7,10,1.0,1,1,集中针对型,2023-10
2a515047aa9d085849a2,92,15,18,0.8260869565217391,1,0,探索尝试型,2023-10
8e1012c9f4775ba6a451,121,7,15,0.3140495867768595,1,0,探索尝试型,2023-10
0258f681a9e1756dfc76,67,13,13,0.582089552238806,1,2,探索尝试型,2023-10
329622100fe091a4c48c,137,19,23,0.5401459854014599,1,0,探索尝试型,2023-10
952e59666bdde6dad94c,24,2,3,0.125,1,1,集中针对型,2023-10
4cc0dc56eecea1d928d1,44,3,9,0.7045454545454546,1,1,集中针对型,2023-10
522837ace4fd8dd743f2,142,12,15,0.352112676056338,1,0,探索尝试型,2023-10
b1fbf77b475e79c3d413,31,2,5,0.5483870967741935,1,1,集中针对型,2023-10
a95a606f0110653858b2,72,5,12,0.2777777777777778,1,1,集中针对型,2023-10
71f6622e7caa6ed92506,14,3,5,0.35714285714285715,1,1,集中针对型,2023-10
52a24e35d5356ab34a2e,54,5,10,0.5,1,1,集中针对型,2023-10
f9dde99f5db421171b51,84,5,14,0.40476190476190477,1,0,探索尝试型,2023-10
83b54209fa2b1055369b,35,10,14,0.7428571428571429,1,1,集中针对型,2023-10
413cbf664ac3ba8307ea,31,6,12,0.967741935483871,1,1,集中针对型,2023-10
e62f7655cb5259abfbf1,72,8,25,0.5,1,0,探索尝试型,2023-10
b1b3363b7086aaa99b0d,17,3,10,0.6470588235294118,1,1,集中针对型,2023-10
8bf3625652581859dcd1,37,5,11,0.8918918918918919,1,1,集中针对型,2023-10
ca10145a308249ed82e9,27,4,18,0.8148148148148148,1,1,集中针对型,2023-10
b6808721d4a7900e360a,37,4,7,0.5945945945945946,1,1,集中针对型,2023-10
2fe9648ea28753c73c2c,11,6,5,0.9090909090909091,1,1,集中针对型,2023-10
b9c7c66c8b57b9d3c6fa,68,9,19,0.3382352941176471,1,0,探索尝试型,2023-10
3dba043eb6065ad3a343,34,4,7,0.20588235294117646,1,1,集中针对型,2023-10
8a9f3822aaa08e579e4f,102,4,38,0.6470588235294118,1,0,探索尝试型,2023-10
151cd83784ab9007e8d8,9,1,3,0.2222222222222222,1,1,集中针对型,2023-10
dddd7ba8769cf90bfd62,22,7,12,0.5909090909090909,1,1,集中针对型,2023-10
9ad512cc6cbd79aa81c7,25,4,7,0.72,1,1,集中针对型,2023-10
204fdbe885269686a392,28,2,6,0.21428571428571427,1,1,集中针对型,2023-10
1367d35cf39783effa7a,13,1,1,1.0,1,1,集中针对型,2023-10
c6ab0de398cfcbd21dc5,14,1,3,0.21428571428571427,1,1,集中针对型,2023-10
05e6d9723ab3cde0841d,135,5,14,0.5259259259259259,1,0,探索尝试型,2023-10
71ca74e191e71b0219b5,12,1,3,0.5,1,1,集中针对型,2023-10
800d0095388d11344b78,11,2,4,0.36363636363636365,1,1,集中针对型,2023-10
4dfdfa5e1a04c832b9b4,2,1,1,1.0,1,1,集中针对型,2023-10
7f1c076b22be73eef99b,112,13,29,0.8303571428571429,1,0,探索尝试型,2023-10
c89e8b7b18082e2fa6df,42,3,5,0.11904761904761904,1,1,集中针对型,2023-10
5abcc9d4fb5e764b2f6f,98,10,27,0.8061224489795918,1,0,探索尝试型,2023-10
93f200d7351d4980fec6,33,5,12,0.6060606060606061,1,1,集中针对型,2023-10
4e508744a9816cc4586a,4,1,2,0.5,1,1,集中针对型,2023-10
3bf7b3c9aa7d93ecb603,76,3,13,0.5394736842105263,1,1,集中针对型,2023-10
e5cab2ae37f3a9ed4f46,10,2,2,0.0,1,1,集中针对型,2023-10
2933a3227c7ce7fe21eb,1,1,1,1.0,1,1,集中针对型,2023-10
f05247f3d32a4bf5a6df,44,3,6,0.1590909090909091,1,1,集中针对型,2023-10
6fc66606e74242398444,35,2,3,0.6857142857142857,1,1,集中针对型,2023-10
4130weedl0x9hc7qe5a4,27,15,22,0.5555555555555556,1,2,探索尝试型,2023-10
pgknalznufvmvwgc1ca8,33,18,19,0.42424242424242425,1,2,探索尝试型,2023-10
ubi6gd21j9e9rw46hoz6,34,17,22,0.4117647058823529,1,2,探索尝试型,2023-10
4x441h9y6wzknmtdw7q4,36,17,22,0.6388888888888888,1,2,探索尝试型,2023-10
m6p2hujqw21vc4lyt3f3,32,15,20,0.53125,1,2,探索尝试型,2023-10
nkr2o4v6q9alvt7ju51e,33,17,19,0.48484848484848486,1,2,探索尝试型,2023-10
rsclhbtmbxt0xrye64ax,25,13,16,0.72,1,2,探索尝试型,2023-10
9nfrfi8p7oktnfr9c30b,31,18,20,0.3870967741935484,1,2,探索尝试型,2023-10
mhufhb84kyqgs0anwy1d,29,17,17,0.6551724137931034,1,2,探索尝试型,2023-10
orubxhpr5e1heat93ue4,29,21,19,0.6896551724137931,1,2,探索尝试型,2023-10
aqpg6qwtponj9ojmx6ls,33,17,18,0.5454545454545454,1,2,探索尝试型,2023-10
2a6ap0t2rsvoogmydj3a,43,17,24,0.4186046511627907,1,2,探索尝试型,2023-10
01qkq6w2v62cimidb3b7,25,17,15,0.6,1,2,探索尝试型,2023-10
u9owl1eky0jf8t3nc50o,22,15,14,0.36363636363636365,1,2,探索尝试型,2023-10
nx4zicy1jbulkuen41s5,33,18,20,0.5454545454545454,1,2,探索尝试型,2023-10
1afepx549ssnar1m9acp,25,18,19,0.36,1,2,探索尝试型,2023-10
xgvqpyg5mro3wihwngur,33,17,17,0.6666666666666666,1,2,探索尝试型,2023-10
zuw35j06tzftt6oon4c5,36,15,22,0.6111111111111112,1,2,探索尝试型,2023-10
p611flt77czmqgut14jl,25,16,14,0.52,1,2,探索尝试型,2023-10
xnvmb8uox3576k142awg,27,16,17,0.37037037037037035,1,2,探索尝试型,2023-10
hhplrx9xd7cm2w7aslma,23,14,12,0.6521739130434783,1,1,集中针对型,2023-10
daty5mq7b20bkt2c2zfs,29,18,20,0.5862068965517241,1,2,探索尝试型,2023-10
o3jddioub8dsv0fm22qn,25,17,17,0.64,1,2,探索尝试型,2023-10
tv0sptqq56ri3dpcd9nl,24,15,20,0.5416666666666666,1,2,探索尝试型,2023-10
zq3xohaut5o9dbd9064z,28,17,15,0.5714285714285714,1,2,探索尝试型,2023-10
oc0ww31yssff9rktgowo,21,13,14,0.6190476190476191,1,2,探索尝试型,2023-10
uhthvh60xp911d47x7xm,37,21,19,0.32432432432432434,1,2,探索尝试型,2023-10
34qcy2qj5lij7g82hpvw,27,19,22,0.5555555555555556,1,2,探索尝试型,2023-10
jnupp0jsv1kjsvbzlnrr,30,17,21,0.5,1,2,探索尝试型,2023-10
me4d1o3nzhyoj0xfast0,24,15,17,0.5416666666666666,1,2,探索尝试型,2023-10
j605t14y7ie6vr2n8s2c,24,14,21,0.5416666666666666,1,2,探索尝试型,2023-10
tp8x8dgd7d6dhpth8xni,24,17,18,0.625,1,2,探索尝试型,2023-10
a30afe3tftu3pgsdxxdq,26,15,17,0.5384615384615384,1,2,探索尝试型,2023-10
f527k17lr4aumahjtj92,26,17,15,0.46153846153846156,1,2,探索尝试型,2023-10
8kvpozl8kjupzd4yvwbv,20,15,15,0.65,1,2,探索尝试型,2023-10
fc39de3859d890b9693d,105,10,30,0.4857142857142857,1,0,探索尝试型,2023-10
72d383f55803c5a81bd6,74,14,26,0.8378378378378378,1,0,探索尝试型,2023-10
d6d6e7da792fdf0106f0,30,8,17,0.7,1,1,集中针对型,2023-10
9b43f5fcb5d592a689af,55,6,14,0.6181818181818182,1,1,集中针对型,2023-10
3313c40ea45a87f9d2e7,21,5,11,0.9523809523809523,1,1,集中针对型,2023-10
074d7f43de7264306775,102,5,14,0.21568627450980393,1,0,探索尝试型,2023-10
d1df92e9d19fb2f22ebb,108,7,20,0.46296296296296297,1,0,探索尝试型,2023-10
c20c86d30d19b39745e2,80,17,32,0.7125,1,0,探索尝试型,2023-10
6fefd33cf297f69bcae3,77,11,20,0.6103896103896104,1,0,探索尝试型,2023-10
e6b9a4292b6a8e8e0ef0,25,6,19,0.76,1,1,集中针对型,2023-10
9493dac6dc982d2b3dbe,183,11,20,0.2786885245901639,1,0,探索尝试型,2023-10
31741464205aa8cdb4f5,39,9,16,0.717948717948718,1,1,集中针对型,2023-10
9104b8987aefa9d8e884,64,8,28,0.671875,1,0,探索尝试型,2023-10
fabad359607dabbaaed4,27,7,14,0.8148148148148148,1,1,集中针对型,2023-10
96dc0554852b5a94a400,23,4,16,0.043478260869565216,1,1,集中针对型,2023-10
7ec5fc60b1ce755e0e17,120,13,17,0.6333333333333333,1,0,探索尝试型,2023-10
24ca7714d40e2fe53821,30,4,14,0.6,1,1,集中针对型,2023-10
33184c1cba6a37cdbda2,171,4,15,0.3684210526315789,1,0,探索尝试型,2023-10
16c505069c1e5c2bece5,9,1,7,0.8888888888888888,1,1,集中针对型,2023-10
c63d5a67687762a9f967,43,8,19,0.7209302325581395,1,1,集中针对型,2023-10
69a4b3d15a5bf0d0e43e,96,3,17,0.23958333333333334,1,0,探索尝试型,2023-10
6abeead45fd57abadaff,95,7,19,0.4421052631578947,1,0,探索尝试型,2023-10
5e89fad73b2ada2a30bf,80,9,19,0.55,1,0,探索尝试型,2023-10
46e2d5243b6eef040f97,19,8,14,0.9473684210526315,1,1,集中针对型,2023-10
94066a900026329cd5cd,50,7,12,0.64,1,1,集中针对型,2023-10
301f57984e5d2969c938,15,5,10,0.6666666666666666,1,1,集中针对型,2023-10
0a7f1a73361654329281,39,9,14,0.5128205128205128,1,1,集中针对型,2023-10
4478eae73fb84cedb102,74,10,17,0.5135135135135135,1,0,探索尝试型,2023-10
17dda5f588bed077c742,95,7,30,0.7157894736842105,1,0,探索尝试型,2023-10
8bece93f0b270602e64f,85,9,19,0.32941176470588235,1,0,探索尝试型,2023-10
e224221a9971f9f45489,46,7,14,0.8043478260869565,1,1,集中针对型,2023-10
0bb8692f43a372e8d967,23,8,10,0.43478260869565216,1,1,集中针对型,2023-10
81931021ce711e124d0b,100,11,18,0.5,1,0,探索尝试型,2023-10
c42aff1f9940e24491cc,37,5,19,0.8378378378378378,1,1,集中针对型,2023-10
3c37e3ad275dcdd39e2c,26,5,14,0.9615384615384616,1,1,集中针对型,2023-10
3f81bf9625e47ca1963f,36,5,18,0.7222222222222222,1,1,集中针对型,2023-10
a34fbbb7d9a19eb82450,22,9,14,0.8636363636363636,1,1,集中针对型,2023-10
6273f50d9a0b4e6d971c,28,5,16,0.6785714285714286,1,1,集中针对型,2023-10
3c71b62d597098c4cd18,17,4,10,0.7058823529411765,1,1,集中针对型,2023-10
43d34a076620e32fedfa,64,8,17,0.375,1,0,探索尝试型,2023-10
27cc9165eef05eb1733f,23,2,11,0.6521739130434783,1,1,集中针对型,2023-10
bc48d03763657ec4aa63,17,5,11,0.8235294117647058,1,1,集中针对型,2023-10
eec0307b4d47609d6933,100,11,13,0.45,1,0,探索尝试型,2023-10
37f3b3d773c5c073bc9a,19,9,15,0.9473684210526315,1,1,集中针对型,2023-10
d45eea92ed42431d9076,30,5,14,0.8,1,1,集中针对型,2023-10
b26aab632fd33a01020a,17,5,10,0.7647058823529411,1,1,集中针对型,2023-10
fcf6463f948b24ac7cd8,31,9,19,0.7419354838709677,1,1,集中针对型,2023-10
9294393fcd13593bc537,44,10,13,0.6818181818181818,1,1,集中针对型,2023-10
3b3b2319b0995f149ecc,39,4,14,0.6666666666666666,1,1,集中针对型,2023-10
ad29c5822807dabe497c,124,11,14,0.45161290322580644,1,0,探索尝试型,2023-10
1f56b6bda24efafcf3a4,68,8,17,0.7058823529411765,1,0,探索尝试型,2023-10
09e4bfadd7e012c37c7c,47,5,16,1.0,1,1,集中针对型,2023-10
f26c1d520ac39293c68a,151,12,17,0.3443708609271523,1,0,探索尝试型,2023-10
a94a32ebd5f7d177053a,32,3,12,0.5,1,1,集中针对型,2023-10
81e59e96ce9bd6a76bdb,63,3,28,0.6984126984126984,1,0,探索尝试型,2023-10
a96027a83196027cf822,16,4,5,0.8125,1,1,集中针对型,2023-10
f964ee6bca634319a68f,22,3,7,0.7272727272727273,1,1,集中针对型,2023-10
c35834f349db8ef7c591,133,7,30,0.6616541353383458,1,0,探索尝试型,2023-10
7f91b4ad141d21887b79,71,7,21,0.5915492957746479,1,0,探索尝试型,2023-10
6d90c2fd38f2ea52ffd8,55,5,27,0.9090909090909091,1,0,探索尝试型,2023-10
c682f6819dfbfc964bc7,96,8,19,0.6458333333333334,1,0,探索尝试型,2023-10
a11b89c60677835e450c,10,3,4,1.0,1,1,集中针对型,2023-10
u2rchqp6tof1bkr07izf,48,23,24,0.5416666666666666,1,2,探索尝试型,2023-10
lf5hmkicbiuolk7khwwb,40,20,18,0.5,1,2,探索尝试型,2023-10
ezdogkk0jqt4nvvvbnxp,44,20,23,0.5454545454545454,1,2,探索尝试型,2023-10
p9enp5lzhiufas1xpd8p,49,18,20,0.46938775510204084,1,2,探索尝试型,2023-10
3w0b2b1gz9i1nhmtab7s,48,18,23,0.5208333333333334,1,2,探索尝试型,2023-10
lx7vfcjhdxzh2wkt42hc,47,19,25,0.5106382978723404,1,2,探索尝试型,2023-10
5ez4c53h3kdamnlvkpna,41,17,17,0.6097560975609756,1,2,探索尝试型,2023-10
k1r03pvvsv9zxrft5jgi,47,22,20,0.6170212765957447,1,2,探索尝试型,2023-10
4ewf46mylf75olvvihqj,38,21,19,0.5263157894736842,1,2,探索尝试型,2023-10
dwg6k0ka5vuwzo5h11m0,44,20,20,0.6136363636363636,1,2,探索尝试型,2023-10
jv67r7eqa9z2a1777eex,40,20,20,0.675,1,2,探索尝试型,2023-10
nrv5a6tr3ya2iv3p5xpo,35,18,21,0.6571428571428571,1,2,探索尝试型,2023-10
r7embk7pqzg5g5p245x4,41,20,17,0.5853658536585366,1,2,探索尝试型,2023-10
cmy2w5due4kl6pn6uia5,41,20,21,0.5365853658536586,1,2,探索尝试型,2023-10
tuidsy7wcktf3jppecp5,44,21,23,0.5227272727272727,1,2,探索尝试型,2023-10
70ym0xeqaqmx14dv6myx,42,15,21,0.5,1,2,探索尝试型,2023-10
b2imd0ms1p4fxkfcpygc,33,19,18,0.6060606060606061,1,2,探索尝试型,2023-10
wf7yq9n2spgto3w5ad9r,43,20,19,0.4883720930232558,1,2,探索尝试型,2023-10
sf30f3p1koevnfztc2pd,45,18,21,0.6888888888888889,1,2,探索尝试型,2023-10
r3uk44zat2tcyj5wmojt,51,22,21,0.5882352941176471,1,2,探索尝试型,2023-10
skyax9iocbd5gzronpru,49,22,23,0.7142857142857143,1,2,探索尝试型,2023-10
22fey6dqzcrm0jbtfnmm,45,20,23,0.6666666666666666,1,2,探索尝试型,2023-10
wu3cwt7cavxrllp6s123,48,18,25,0.6041666666666666,1,2,探索尝试型,2023-10
i8lx9f5ut0kaz120j30d,39,21,20,0.4358974358974359,1,2,探索尝试型,2023-10
gzthlilac9ixoayq02u1,52,22,24,0.5769230769230769,1,2,探索尝试型,2023-10
4atjmlccken75lck9ffp,33,19,15,0.5454545454545454,1,2,探索尝试型,2023-10
8jo5o2abn697lg482k0e,38,20,18,0.4473684210526316,1,2,探索尝试型,2023-10
d4geyy1ox6qzlz4ibz0z,47,20,22,0.46808510638297873,1,2,探索尝试型,2023-10
sushd67p0jy6f04a3h0m,43,21,21,0.5581395348837209,1,2,探索尝试型,2023-10
p10d5vx8mpn0v82i51gp,34,17,21,0.6176470588235294,1,2,探索尝试型,2023-10
6ixkthdoadcwip3r1sy2,39,17,19,0.5641025641025641,1,2,探索尝试型,2023-10
orgvbr9mbmfo4z8tbsa3,43,16,19,0.4883720930232558,1,2,探索尝试型,2023-10
5jxldd3plo4x6oq140l5,58,21,25,0.6724137931034483,1,2,探索尝试型,2023-10
s97masc6nt48h4ly8s1w,37,20,20,0.5405405405405406,1,2,探索尝试型,2023-10
4oqxw56hzk4fk8aqh3e0,48,24,24,0.6041666666666666,1,2,探索尝试型,2023-10
0d260d8fac2289c8ed9e,33,12,17,0.7878787878787878,1,2,探索尝试型,2023-10
767e222eeb367b2b010f,118,10,21,0.6016949152542372,1,0,探索尝试型,2023-10
b21ec59d991586279d95,123,6,10,0.16260162601626016,1,0,探索尝试型,2023-10
7207088b2ef28ff6b669,21,4,12,0.7142857142857143,1,1,集中针对型,2023-10
f50dcd09709383fea95f,105,6,9,0.3523809523809524,1,0,探索尝试型,2023-10
8cdbc02c05d6ebafa9eb,44,12,24,0.8863636363636364,1,2,探索尝试型,2023-10
e199ddadaaf5aee02eb8,23,7,10,0.43478260869565216,1,1,集中针对型,2023-10
1b36a3223f9dd94a211f,39,11,12,0.6410256410256411,1,1,集中针对型,2023-10
ade35014b25afed24916,17,3,9,0.47058823529411764,1,1,集中针对型,2023-10
78e6c80ea8dc73ec747d,24,2,10,0.5,1,1,集中针对型,2023-10
07e3362d20ff4337671b,18,3,5,0.2777777777777778,1,1,集中针对型,2023-10
29acddb87cfe062d73f5,31,3,7,0.3870967741935484,1,1,集中针对型,2023-10
510a90cd169e2eb042ab,130,8,11,0.23076923076923078,1,0,探索尝试型,2023-10
914f82268754cbf71a54,49,4,16,0.42857142857142855,1,1,集中针对型,2023-10
f1c1c0932bfeb74762d0,116,10,13,0.3620689655172414,1,0,探索尝试型,2023-10
54342435561e775ce97f,61,12,13,0.9016393442622951,1,1,集中针对型,2023-10
217c87d59a4372c4f3fc,76,3,20,0.25,1,0,探索尝试型,2023-10
cc317db3f3bb874542a7,45,4,4,0.1111111111111111,1,1,集中针对型,2023-10
b8a4fd679898150ef87a,143,14,21,0.46153846153846156,1,0,探索尝试型,2023-10
24524df0ca55659c384e,63,16,26,0.7142857142857143,1,2,探索尝试型,2023-10
25c8e1ae2335e8c3e5b3,60,7,10,0.25,1,1,集中针对型,2023-10
c0884e4814b0f32935f8,18,3,12,0.7222222222222222,1,1,集中针对型,2023-10
86366c9920186cc4d1a3,29,1,3,0.10344827586206896,1,1,集中针对型,2023-10
be24259f2867b231800d,44,5,10,0.3181818181818182,1,1,集中针对型,2023-10
2959d8017312337a2ba6,77,7,15,0.7792207792207793,1,1,集中针对型,2023-10
a87767892344a954c746,2,2,2,1.0,1,1,集中针对型,2023-10
8f81bd9cbc5471ebfc60,134,10,28,0.664179104477612,1,0,探索尝试型,2023-10
vwyziyyebvsje4dqjsrp,49,10,13,0.5918367346938775,1,1,集中针对型,2023-10
b92448e12093e45dc6ff,110,13,28,0.42727272727272725,1,0,探索尝试型,2023-10
1096bd470d3ddff1ec1c,73,8,10,0.1917808219178082,1,1,集中针对型,2023-10
5c83f4ed6601ddf1a6fa,13,1,1,0.7692307692307693,1,1,集中针对型,2023-10
e7958857e7d2292ffbc7,42,4,4,0.09523809523809523,1,1,集中针对型,2023-10
4156dc6090d72c95c23b,40,4,20,0.55,1,1,集中针对型,2023-10
390d1fc3b78420815190,17,5,9,1.0,1,1,集中针对型,2023-10
3a9d955e2ef47191a742,51,4,20,0.8823529411764706,1,1,集中针对型,2023-10
09dfa3f18e48917f0242,139,5,10,0.1079136690647482,1,0,探索尝试型,2023-10
0999173c045ee29a0b44,25,6,7,0.44,1,1,集中针对型,2023-10
80423084979315c20dbf,45,3,7,0.13333333333333333,1,1,集中针对型,2023-10
8f477d2c60ec76ce22b7,7,1,5,1.0,1,1,集中针对型,2023-10
6604efc6fd93e070f40a,43,5,23,0.8604651162790697,1,1,集中针对型,2023-10
1883af270e36a7580332,56,4,12,0.32142857142857145,1,1,集中针对型,2023-10
a14b9aa97f66fc82ede3,30,5,9,0.5333333333333333,1,1,集中针对型,2023-10
5e12a0421c20717035cb,43,3,8,0.46511627906976744,1,1,集中针对型,2023-10
28d90a892cc66338f962,48,4,10,0.6875,1,1,集中针对型,2023-10
bfcf5965e6024248f0a3,38,1,6,0.18421052631578946,1,1,集中针对型,2023-10
8b586d8b9c06414b2487,95,8,15,0.43157894736842106,1,0,探索尝试型,2023-10
388090578f22a3c33738,32,6,15,0.6875,1,1,集中针对型,2023-10
1fc5b87acdfc2a8b580c,35,8,11,0.6571428571428571,1,1,集中针对型,2023-10
4c79be630ae9d3db6aaf,39,4,9,0.4358974358974359,1,1,集中针对型,2023-10
0b28c0a454678b75eefb,34,1,15,0.5588235294117647,1,1,集中针对型,2023-10
e28711e2f5500d3d6b04,145,3,7,0.503448275862069,1,0,探索尝试型,2023-10
4a7f53c0a376edadf38a,25,2,5,0.2,1,1,集中针对型,2023-10
c24bc0aaf20c79d2dfda,1,1,1,0.0,1,1,集中针对型,2023-10
46a60ed041c8ebf98061,4,2,4,1.0,1,1,集中针对型,2023-10
cby6hsod14blxr7zyfjs,29,19,19,0.5862068965517241,1,2,探索尝试型,2023-10
7ae6jy1vw15ppmnq6sba,25,16,15,0.48,1,2,探索尝试型,2023-10
ggweeccb6anw0j3y32t0,26,15,15,0.38461538461538464,1,2,探索尝试型,2023-10
jj1jl4nhnkxllubypoq3,24,17,14,0.5,1,2,探索尝试型,2023-10
ny6yox8nvtlotclebkk8,21,15,14,0.23809523809523808,1,2,探索尝试型,2023-10
4erna0vkk9gu5umle1se,20,13,13,0.4,1,2,探索尝试型,2023-10
xw0r5n17yfqv2va40bhi,23,13,12,0.2608695652173913,1,2,探索尝试型,2023-10
gm1xiqmop9j2d2acc2jg,25,12,17,0.48,1,2,探索尝试型,2023-10
g4l5baozrnfblxayrhox,29,15,13,0.41379310344827586,1,2,探索尝试型,2023-10
4bq1kdgygbtif8w80s5y,30,18,17,0.4,1,2,探索尝试型,2023-10
59bybxqvhton27u0jtfm,24,15,16,0.375,1,2,探索尝试型,2023-10
hpb03ydulnt2b9ffa0j2,26,14,15,0.4230769230769231,1,2,探索尝试型,2023-10
d16ht4y29lrac1brhwm1,24,15,16,0.5416666666666666,1,2,探索尝试型,2023-10
l41f9f1gb0y5rxcqfv64,23,14,14,0.34782608695652173,1,2,探索尝试型,2023-10
fvqo3hum9a1rl6rxbyre,26,15,16,0.38461538461538464,1,2,探索尝试型,2023-10
1n42senfkcjopw1zh39l,22,13,14,0.4090909090909091,1,2,探索尝试型,2023-10
ygoahstwe9gz9w87qncs,29,17,18,0.41379310344827586,1,2,探索尝试型,2023-10
22wb5ostye8edvfar59p,34,16,23,0.4117647058823529,1,2,探索尝试型,2023-10
quam8ci0euq2dz8xldzz,34,19,18,0.4411764705882353,1,2,探索尝试型,2023-10
lqm8jh0uggps7yd0lx2x,34,15,19,0.38235294117647056,1,2,探索尝试型,2023-10
0lgtv09uoh3ova8sjbze,50,22,20,0.42,1,2,探索尝试型,2023-10
f5j3cojh9fr5gvylr0yi,35,19,21,0.37142857142857144,1,2,探索尝试型,2023-10
2krjeqjgjqfuumdo3ibt,27,13,16,0.6296296296296297,1,2,探索尝试型,2023-10
me044us8pj1824r4dye2,34,18,18,0.29411764705882354,1,2,探索尝试型,2023-10
preni1j2j1gkvq1knpag,26,19,16,0.2692307692307692,1,2,探索尝试型,2023-10
xlp4p1b56hrhhyr2y3kd,26,16,17,0.5,1,2,探索尝试型,2023-10
bgvt5n1h0qt51ze0md7w,30,17,16,0.26666666666666666,1,2,探索尝试型,2023-10
rd4p70jwu852pbdjwl2d,32,16,19,0.5625,1,2,探索尝试型,2023-10
ec5zb47nxjbuzemc81p0,29,16,15,0.3793103448275862,1,2,探索尝试型,2023-10
nd9xpohv0s4ttw0o7fts,25,15,14,0.44,1,2,探索尝试型,2023-10
ljylby8inwh5b93wkean,20,15,14,0.45,1,2,探索尝试型,2023-10
uem908xkm2x04s4iu84k,32,13,22,0.53125,1,2,探索尝试型,2023-10
0txd5enpfmbrth46w74b,23,16,16,0.4782608695652174,1,2,探索尝试型,2023-10
hkk3qiui3e3r969oyfhf,27,13,17,0.4074074074074074,1,2,探索尝试型,2023-10
x7xh8m5fvmipvkav1cb4,25,15,17,0.52,1,2,探索尝试型,2023-10
0559e9cf806dab4cc20d,108,15,22,0.6018518518518519,1,0,探索尝试型,2023-10
6c14ce386a9cda72549c,155,17,25,0.8774193548387097,1,0,探索尝试型,2023-10
2007f4965d2aa6064a25,55,14,20,0.7636363636363637,1,2,探索尝试型,2023-10
6fa0b38bfd05105503a1,124,9,24,0.41935483870967744,1,0,探索尝试型,2023-10
3e4e608ace87fe97bdb5,41,8,24,0.8048780487804879,1,2,探索尝试型,2023-10
d554e419f820fa5cb0ca,77,9,33,0.922077922077922,1,0,探索尝试型,2023-10
b8d20bc2e0d3d86f5613,61,6,18,0.819672131147541,1,1,集中针对型,2023-10
df62b7675d1fdb8e6b11,42,6,11,0.8571428571428571,1,1,集中针对型,2023-10
ff63c210b94623453b5f,7,2,4,0.5714285714285714,1,1,集中针对型,2023-10
2c27d4de6ae130e7e242,200,13,23,0.525,1,0,探索尝试型,2023-10
9f0ce6d4cdf9d1772417,27,5,14,0.7777777777777778,1,1,集中针对型,2023-10
a2f48a796e250a14ff55,3,2,3,1.0,1,1,集中针对型,2023-10
8975db410fd78d462688,26,5,6,0.9230769230769231,1,1,集中针对型,2023-10
792e3326f0d9f68389d9,113,4,13,0.3274336283185841,1,0,探索尝试型,2023-10
4aa8ff74dc576b7adbcd,159,12,22,0.8742138364779874,1,0,探索尝试型,2023-10
dac03bcbefc3a08c8b50,22,3,15,0.6818181818181818,1,1,集中针对型,2023-10
4e693829528e3e7de62a,97,12,16,0.7628865979381443,1,0,探索尝试型,2023-10
f8c2f04e8e116f0fd237,85,6,9,0.2823529411764706,1,1,集中针对型,2023-10
db0241cf536c2174d9ed,18,4,7,0.4444444444444444,1,1,集中针对型,2023-10
d7464b55181ef45e2d63,40,7,12,0.275,1,1,集中针对型,2023-10
663aff87732c52f0e342,102,3,5,0.3137254901960784,1,1,集中针对型,2023-10
c3beec92b66ff78a6ba9,43,3,9,0.2558139534883721,1,1,集中针对型,2023-10
7535fe5ae754da62a534,17,4,12,1.0,1,1,集中针对型,2023-10
1c2aef3af32f6323a31d,70,7,33,0.7428571428571429,1,0,探索尝试型,2023-10
2a6394114c31a10dc92b,125,10,17,0.488,1,0,探索尝试型,2023-10
6efd2d79656d1b056f72,60,4,18,0.36666666666666664,1,0,探索尝试型,2023-10
d5067bceac0ffa5e4704,29,5,13,0.4827586206896552,1,1,集中针对型,2023-10
9b913075e93b2b788102,76,5,18,0.40789473684210525,1,0,探索尝试型,2023-10
ebe7a295f61c831b0093,5,2,2,1.0,1,1,集中针对型,2023-10
fc916744a3bd5120978f,89,8,34,0.7752808988764045,1,0,探索尝试型,2023-10
7c30aec52f13bebe07a6,32,7,15,0.71875,1,1,集中针对型,2023-10
2d9a38c93e37bc475cb6,11,1,4,0.36363636363636365,1,1,集中针对型,2023-10
d9dfc134efd3826bdaed,32,9,12,0.71875,1,1,集中针对型,2023-10
7c039dde693a18f3a834,66,5,19,0.5151515151515151,1,0,探索尝试型,2023-10
2c7d02c44b47e3d24d52,6,1,6,1.0,1,1,集中针对型,2023-10
2b3492096a4d12bb86cd,19,2,4,0.6842105263157895,1,1,集中针对型,2023-10
ce9dd8f1570caa0d6f5b,111,6,16,0.2702702702702703,1,0,探索尝试型,2023-10
a1a127e2bf29c380819c,2,1,2,1.0,1,1,集中针对型,2023-10
zylvq01zq0hxavbvsd2f,42,19,23,0.5952380952380952,1,2,探索尝试型,2023-10
2svwdpmdpjsdzafekntw,31,17,20,0.5161290322580645,1,2,探索尝试型,2023-10
e9vzigim3qs88f721ohz,38,15,23,0.631578947368421,1,2,探索尝试型,2023-10
siv6gzi7una85o8fzrwi,32,15,19,0.5,1,2,探索尝试型,2023-10
hjcfqm1yfzh8s77mo3ec,39,18,19,0.5897435897435898,1,2,探索尝试型,2023-10
8rsw4xhmff15occogf32,38,14,26,0.6842105263157895,1,2,探索尝试型,2023-10
wmes720kojsggeq71m5y,38,14,24,0.47368421052631576,1,2,探索尝试型,2023-10
i3b6qk80m9jqwgft968o,41,15,26,0.43902439024390244,1,2,探索尝试型,2023-10
0dapvs3h4h3h1ahmt2o8,43,20,27,0.627906976744186,1,2,探索尝试型,2023-10
8nqoz5k93j7it8w0muhl,40,19,21,0.65,1,2,探索尝试型,2023-10
5rxl72n8rmnxwrxcss0q,38,17,23,0.5789473684210527,1,2,探索尝试型,2023-10
ti44fbogdeqbfflbizj7,32,16,21,0.625,1,2,探索尝试型,2023-10
bt192zri52uj2flwikrw,42,17,27,0.5,1,2,探索尝试型,2023-10
jtbq3gkfw2tcsjvfwm56,37,22,25,0.5945945945945946,1,2,探索尝试型,2023-10
95jqkrj6zv7qf1wz1p8e,32,20,18,0.6875,1,2,探索尝试型,2023-10
jivt017uwst4sg4fqlek,32,16,19,0.5,1,2,探索尝试型,2023-10
6qp85ufr2o1zg8k0cvtb,39,14,21,0.5384615384615384,1,2,探索尝试型,2023-10
qol4cum3ewnz45dzpijx,34,18,20,0.6176470588235294,1,2,探索尝试型,2023-10
tbypawuj167ycyvg8sc2,38,18,24,0.42105263157894735,1,2,探索尝试型,2023-10
9jq31h6i3ny1lx0mx89e,47,17,24,0.5531914893617021,1,2,探索尝试型,2023-10
oriig6s6fmvi4f7mxamy,41,16,26,0.5609756097560976,1,2,探索尝试型,2023-10
p58nsuk0hj5uh2xk2k9p,28,14,17,0.5357142857142857,1,2,探索尝试型,2023-10
10xnkvdetxarrkdhx4i9,38,20,21,0.5263157894736842,1,2,探索尝试型,2023-10
5l1b1ma70rilf7mojch5,43,19,25,0.5116279069767442,1,2,探索尝试型,2023-10
81kmylu471y1njt1pin3,42,17,22,0.4523809523809524,1,2,探索尝试型,2023-10
vd2j77wynysztt2wbv2v,31,19,23,0.6774193548387096,1,2,探索尝试型,2023-10
y0bdtutppfdzzttzq8dy,42,19,23,0.5476190476190477,1,2,探索尝试型,2023-10
4ycyhj8tyx2b17fcx29j,44,14,26,0.6136363636363636,1,2,探索尝试型,2023-10
k8d21tlgxmu6i35atvub,40,17,19,0.65,1,2,探索尝试型,2023-10
cm2celd9hmos24j2a5cg,33,12,23,0.7272727272727273,1,2,探索尝试型,2023-10
s8uk59p9w5ck47wlw3ea,37,19,22,0.5945945945945946,1,2,探索尝试型,2023-10
5zczdtyecu2w495j80xv,35,15,20,0.5714285714285714,1,2,探索尝试型,2023-10
1hues7esy9erdsses6m0,36,17,21,0.5555555555555556,1,2,探索尝试型,2023-10
ipd72mytvphpd9tcejgb,37,16,22,0.6486486486486487,1,2,探索尝试型,2023-10
n1nh33yq3nhwt4mx36yc,28,16,18,0.6428571428571429,1,2,探索尝试型,2023-10
21e23771e52cb5291b19,147,14,14,0.4013605442176871,1,0,探索尝试型,2023-10
9c48779f6e97be993771,74,11,25,0.5135135135135135,1,0,探索尝试型,2023-10
9795edf22e930bc30fa4,86,7,19,0.813953488372093,1,0,探索尝试型,2023-10
ee07cc24589beb775d33,149,17,38,0.7046979865771812,1,0,探索尝试型,2023-10
7742559d8e833fbcd326,167,9,38,0.5329341317365269,1,0,探索尝试型,2023-10
8a45d6748ec853f7694c,44,3,9,0.6818181818181818,1,1,集中针对型,2023-10
d3e269bf68d51851097c,133,14,28,0.6541353383458647,1,0,探索尝试型,2023-10
8f1ddd99ac8c59bbd788,34,6,26,0.7941176470588235,1,2,探索尝试型,2023-10
03b463f52c0fff35433b,15,3,9,0.8,1,1,集中针对型,2023-10
b7f42d4b51972267680e,37,3,12,0.7027027027027027,1,1,集中针对型,2023-10
a1d00fdd7660b7e88077,70,9,17,0.8285714285714286,1,0,探索尝试型,2023-10
ac7214620207dfdd149d,8,1,8,1.0,1,1,集中针对型,2023-10
117ee98c7f916c88ddbb,81,7,18,0.30864197530864196,1,0,探索尝试型,2023-10
5963ba5cd9d242a00e22,79,5,10,0.22784810126582278,1,1,集中针对型,2023-10
00cbf05221bb479e66c3,47,6,13,0.5319148936170213,1,1,集中针对型,2023-10
91439fcb2590c49dd20d,34,5,18,0.5294117647058824,1,1,集中针对型,2023-10
53d51965c40a54cff1a0,92,9,35,0.7608695652173914,1,0,探索尝试型,2023-10
efd58fbebca61c41c881,10,1,10,1.0,1,1,集中针对型,2023-10
be75e05b9db5efb1258a,27,5,20,0.8518518518518519,1,1,集中针对型,2023-10
a337d5368b0d110803b1,31,6,13,0.6129032258064516,1,1,集中针对型,2023-10
204a7d6db340a3c18ca7,21,6,17,0.9047619047619048,1,1,集中针对型,2023-10
bf07cdd92f1ff3197397,66,14,19,0.45454545454545453,1,2,探索尝试型,2023-10
97442da123c449f6a146,24,3,10,0.5833333333333334,1,1,集中针对型,2023-10
cac84b1c3033872272f0,66,9,23,0.6212121212121212,1,0,探索尝试型,2023-10
882ccee198e25b49b30d,356,14,18,0.43820224719101125,1,0,探索尝试型,2023-10
8068144149e4ba65ef38,70,10,18,0.5142857142857142,1,0,探索尝试型,2023-10
d035c324a020e7948fe8,77,11,26,0.6363636363636364,1,0,探索尝试型,2023-10
e43a0e28d5cd6b54a2af,32,6,16,0.6875,1,1,集中针对型,2023-10
3565d61f3efec69e611c,46,5,15,0.5,1,1,集中针对型,2023-10
119b36a5797d5ce69625,94,14,28,0.5851063829787234,1,0,探索尝试型,2023-10
2150588a5903d9a77b79,52,8,11,0.6346153846153846,1,1,集中针对型,2023-10
e7feb8599ea5f596aeac,48,18,24,0.8541666666666666,1,2,探索尝试型,2023-10
1cfe33c5b178a0c2367f,27,1,9,0.5185185185185185,1,1,集中针对型,2023-10
e2d7ee3637149f7087b2,72,9,19,0.4027777777777778,1,0,探索尝试型,2023-10
bd8eb49a6b08f5e66a70,39,2,19,0.8717948717948718,1,1,集中针对型,2023-10
915813ad1b5f1bbe2d6e,67,5,38,0.8805970149253731,1,0,探索尝试型,2023-10
38357be0ab369a9ae942,37,10,22,0.8648648648648649,1,2,探索尝试型,2023-10
798ff22d126a0f8034ff,31,7,19,0.8064516129032258,1,1,集中针对型,2023-10
44c7cf3881ae07f7fb3e,100,4,19,0.36,1,0,探索尝试型,2023-10
8ca890875272aede0af5,29,9,17,0.8620689655172413,1,1,集中针对型,2023-10
4cb96f0d9108066442a8,53,6,18,0.4716981132075472,1,1,集中针对型,2023-10
9a630f9e9f4ec26d8fcd,41,6,17,0.7804878048780488,1,1,集中针对型,2023-10
cfaac49f7cc94528ffa7,24,6,19,1.0,1,1,集中针对型,2023-10
89af2669cc93dc97f545,71,5,20,0.5070422535211268,1,0,探索尝试型,2023-10
ef133c92e274a97b6eeb,10,3,9,0.9,1,1,集中针对型,2023-10
a5c03c57b0930cb5c2ac,12,2,5,0.25,1,1,集中针对型,2023-10
c681117f7f586fd730bb,2,1,1,0.5,1,1,集中针对型,2023-10
6496d6268092ef8e7e9d,6,1,1,0.16666666666666666,1,1,集中针对型,2023-10
41abb1b9df74d29b7732,32,3,10,0.3125,1,1,集中针对型,2023-10
zse4s5wowlo5xntqyqb4,59,21,25,0.7627118644067796,1,2,探索尝试型,2023-10
2egpenarap9h0a2k0bc5,39,18,19,0.46153846153846156,1,2,探索尝试型,2023-10
jsmqh4aa20rpfeqmyx4h,52,21,24,0.5769230769230769,1,2,探索尝试型,2023-10
cfi8t4xrx12m2lt4flwz,51,22,22,0.45098039215686275,1,2,探索尝试型,2023-10
ss27ig83t1pi1ztsy5w8,49,22,21,0.5918367346938775,1,2,探索尝试型,2023-10
lswzzwjmreuixxjqglhy,37,16,21,0.5675675675675675,1,2,探索尝试型,2023-10
7rzwry01x1n79a7rw5va,58,21,25,0.5,1,2,探索尝试型,2023-10
9btb3ax7qaitktvbvn8g,52,18,22,0.5192307692307693,1,2,探索尝试型,2023-10
qmf8702zbahi9083s7aq,48,19,22,0.6666666666666666,1,2,探索尝试型,2023-10
13nq2h723zixyhir01lf,54,17,23,0.5740740740740741,1,2,探索尝试型,2023-10
ta1gbqs6pw15bx0jb5on,45,21,21,0.5111111111111111,1,2,探索尝试型,2023-10
jhmn3s11l13woe6jy3zg,58,18,26,0.5689655172413793,1,2,探索尝试型,2023-10
w0u7vzowm7eimiupvmm3,46,21,24,0.43478260869565216,1,2,探索尝试型,2023-10
vou4hlfvp8hv0r4odzq6,52,19,22,0.5961538461538461,1,2,探索尝试型,2023-10
pva49fsfcbexwz1crjvg,46,21,24,0.6521739130434783,1,2,探索尝试型,2023-10
vrx3ianblcyuixzmhzl2,55,22,25,0.5818181818181818,1,2,探索尝试型,2023-10
28tmrs0kyrrh1odyvf21,55,20,25,0.5454545454545454,1,2,探索尝试型,2023-10
fnvhgnuqbir0drk8p1v2,45,19,22,0.6666666666666666,1,2,探索尝试型,2023-10
l82rq4xaymt7t5uytax9,53,20,23,0.7169811320754716,1,2,探索尝试型,2023-10
cy2sv8kkoybje2okbll0,47,20,18,0.6170212765957447,1,2,探索尝试型,2023-10
xz7x7kwsn26marn29mag,53,20,22,0.5660377358490566,1,2,探索尝试型,2023-10
l2yv9tvvcakn7ikerccy,52,22,25,0.6346153846153846,1,2,探索尝试型,2023-10
8ivuhc6n7pr63b39dupt,41,21,20,0.5121951219512195,1,2,探索尝试型,2023-10
csvv3l0saxxx6pax18c3,54,18,19,0.48148148148148145,1,2,探索尝试型,2023-10
qg0soq1i1uy7yndj17gd,44,18,18,0.6136363636363636,1,2,探索尝试型,2023-10
2h9c9tdsnoz1hyzo5frt,60,19,25,0.55,1,2,探索尝试型,2023-10
6g7c63m95z8acd3vx5ct,44,17,21,0.6590909090909091,1,2,探索尝试型,2023-10
t8sflynjwck4f650mtvp,43,20,22,0.6046511627906976,1,2,探索尝试型,2023-10
jb3fqd2b9oyprn83h646,47,20,25,0.6808510638297872,1,2,探索尝试型,2023-10
yvyud23n1eara086vntf,40,18,18,0.625,1,2,探索尝试型,2023-10
wyhkcaf32y8h3707qzrz,47,22,27,0.5957446808510638,1,2,探索尝试型,2023-10
oyaoqkf2b1we4b67bv8l,53,20,23,0.5283018867924528,1,2,探索尝试型,2023-10
te17utf5x961ldgs8zwn,42,20,20,0.5238095238095238,1,2,探索尝试型,2023-10
kg28tppvvsvr918dkvlb,39,15,23,0.717948717948718,1,2,探索尝试型,2023-10
votyzmo33yg7y89dag17,44,19,22,0.4772727272727273,1,2,探索尝试型,2023-10
33c123d08dc07edb50f9,11,3,6,0.36363636363636365,1,1,集中针对型,2023-10
9f447b50d5788f7b4d0a,39,7,7,0.2564102564102564,1,1,集中针对型,2023-10
23f1f5d3d90e2890a423,79,5,11,0.3291139240506329,1,1,集中针对型,2023-10
875704a45c0214c68eae,95,8,28,0.5789473684210527,1,0,探索尝试型,2023-10
c5c5e10586e94f96fe95,38,6,15,0.631578947368421,1,1,集中针对型,2023-10
4388d48ebff4cf866ecd,35,9,19,0.7428571428571429,1,1,集中针对型,2023-10
2a003b122e9500e465c4,100,14,23,0.45,1,0,探索尝试型,2023-10
533bc4c6716035e694ac,152,7,38,0.3815789473684211,1,0,探索尝试型,2023-10
a624e4f6e0a8f026cba9,23,11,14,0.9565217391304348,1,1,集中针对型,2023-10
7509bbe0d23fe15928ba,27,4,7,0.25925925925925924,1,1,集中针对型,2023-10
eb93cedc17b4eac76750,54,11,16,0.6666666666666666,1,2,探索尝试型,2023-10
1feef8b4129f5bf21e67,56,14,23,0.8571428571428571,1,2,探索尝试型,2023-10
951d2aca1b8a1c336908,3,3,3,1.0,1,1,集中针对型,2023-10
49b95110a8c59f6b6c58,105,14,27,0.49523809523809526,1,0,探索尝试型,2023-10
b8c0c68e7f1220949deb,27,7,17,0.9259259259259259,1,1,集中针对型,2023-10
451b0095938a3c54efc4,27,5,19,0.7777777777777778,1,1,集中针对型,2023-10
e4c80506c14da4ad563d,50,9,16,0.64,1,1,集中针对型,2023-10
25019b8f1c3ac537894b,26,8,16,0.7307692307692307,1,1,集中针对型,2023-10
34aaaa47df8c4aa4d926,88,16,18,0.375,1,0,探索尝试型,2023-10
4884f3bdc068ef01e042,140,6,19,0.5357142857142857,1,0,探索尝试型,2023-10
b43532c7a35b6aedd478,15,2,8,0.7333333333333333,1,1,集中针对型,2023-10
f9c641e9c05c243a751e,47,3,6,0.23404255319148937,1,1,集中针对型,2023-10
960bf72352d4f58ad083,100,10,22,0.29,1,0,探索尝试型,2023-10
0557b1363a5092b5811f,340,16,38,0.3382352941176471,1,0,探索尝试型,2023-10
091554ffa26fc9b17c36,18,5,14,0.8888888888888888,1,1,集中针对型,2023-10
d7ad1a5f3ab7d6237f8e,180,15,22,0.4166666666666667,1,0,探索尝试型,2023-10
e4d6737b176e6ca5ef06,18,3,9,0.4444444444444444,1,1,集中针对型,2023-10
75dcc10ba89fd0c25d50,74,5,15,0.8378378378378378,1,1,集中针对型,2023-10
d2cb0d0da17471ee23a9,12,2,3,0.3333333333333333,1,1,集中针对型,2023-10
132c90d4a027a4477ad0,54,3,7,0.16666666666666666,1,1,集中针对型,2023-10
98be3476791a8df7e937,136,10,18,0.45588235294117646,1,0,探索尝试型,2023-10
5914db0d4427b322e8af,48,7,16,0.625,1,1,集中针对型,2023-10
29172d2e39ca0d890848,30,7,16,0.8333333333333334,1,1,集中针对型,2023-10
b083663157e08e36d335,15,4,7,0.4666666666666667,1,1,集中针对型,2023-10
48ad93c227abfa9542aa,76,2,9,0.2894736842105263,1,1,集中针对型,2023-10
3ab864e1e692786fefd2,29,5,8,0.3103448275862069,1,1,集中针对型,2023-10
b217bae3c84d59dde71f,40,5,14,0.4,1,1,集中针对型,2023-10
3b6f3bb370f3107e257d,20,2,20,1.0,1,1,集中针对型,2023-10
b57bc31cac59b3d26216,75,5,10,0.68,1,1,集中针对型,2023-10
hq2dy5tjgczdmkvq0l2d,14,2,14,1.0,1,1,集中针对型,2023-10
e73ae5f649c6f52b3fb1,13,1,2,0.15384615384615385,1,1,集中针对型,2023-10
4a0890c15c26984c191f,30,2,4,0.23333333333333334,1,1,集中针对型,2023-10
a0b36e07079573966740,4,1,3,0.75,1,1,集中针对型,2023-10
852687af72e9ee38fb42,32,2,25,1.0,1,1,集中针对型,2023-10
6314d7cbc465e29f357c,8,3,5,1.0,1,1,集中针对型,2023-10
e50db74322430aa289b1,44,2,11,0.6136363636363636,1,1,集中针对型,2023-10
9723ceb0cf2dca42c118,11,1,1,0.0,1,1,集中针对型,2023-10
139429592a9c23c08b71,1,1,1,1.0,1,1,集中针对型,2023-10
avehb7ibwpvjcgcr474k,1,1,1,1.0,1,1,集中针对型,2023-10
c08165d73ae49215c391,1,1,1,1.0,1,1,集中针对型,2023-10
sfmngecoi3b7ahvhi2k6,32,2,19,0.625,1,1,集中针对型,2023-10
3531c5f9d520759ba697,3,2,2,1.0,1,1,集中针对型,2023-10
gj009a2t56bxjluh0mox,54,22,29,0.48148148148148145,1,2,探索尝试型,2023-10
t23e5lcdy5k50uvg5k0v,34,17,18,0.29411764705882354,1,2,探索尝试型,2023-10
1nyzl7s790ta4c8r1l9g,42,20,19,0.40476190476190477,1,2,探索尝试型,2023-10
wj1gt5zvzfnjf7xcf1c8,37,19,22,0.5135135135135135,1,2,探索尝试型,2023-10
1f4oscu6io8xlog2157e,40,23,23,0.525,1,2,探索尝试型,2023-10
z0mde15metn3m79ek96y,30,15,12,0.4,1,2,探索尝试型,2023-10
sx8c4g672zgcw7w2lflp,44,20,26,0.38636363636363635,1,2,探索尝试型,2023-10
yesnbayr80dvsb8ajp9v,42,21,22,0.5238095238095238,1,2,探索尝试型,2023-10
40rkj6cwy12hdupgq4w2,37,21,23,0.5405405405405406,1,2,探索尝试型,2023-10
148o63s7q5aitfxmmtrg,47,23,22,0.5106382978723404,1,2,探索尝试型,2023-10
7kqvekz6iho08947fhk9,42,21,24,0.5,1,2,探索尝试型,2023-10
70exfe4k4e5vvm5sqspq,36,19,22,0.6111111111111112,1,2,探索尝试型,2023-10
e43g7im7dra88a4o8bbl,32,17,19,0.5625,1,2,探索尝试型,2023-10
p9a57kwg5xdwjzm8eql9,39,19,20,0.46153846153846156,1,2,探索尝试型,2023-10
w9r5wihhl33fmutbq5qd,35,21,22,0.4857142857142857,1,2,探索尝试型,2023-10
qw19zri3d9vkqjhcn3xk,35,17,20,0.5714285714285714,1,2,探索尝试型,2023-10
lpzjucfyqwtb8ihim9b3,41,19,18,0.5853658536585366,1,2,探索尝试型,2023-10
udbo68xozj9btqumivk2,37,18,19,0.5675675675675675,1,2,探索尝试型,2023-10
rb8z9vpc5uyhbcaa71v5,38,20,19,0.39473684210526316,1,2,探索尝试型,2023-10
gk8izwg77g6t4p5buiar,36,20,24,0.5277777777777778,1,2,探索尝试型,2023-10
43vri1lqbgiiwbkaskqd,27,16,16,0.5185185185185185,1,2,探索尝试型,2023-10
qu1rl2d6teeyti106rgx,35,19,20,0.45714285714285713,1,2,探索尝试型,2023-10
msko5bf6rjt9adsuxby9,43,23,27,0.5581395348837209,1,2,探索尝试型,2023-10
fcwom6dicy0kov3lxsf8,38,20,21,0.5526315789473685,1,2,探索尝试型,2023-10
woxwsoo99kl7vq4mk0rr,43,23,21,0.4883720930232558,1,2,探索尝试型,2023-10
8hn55e1bxuyegxa76l3r,31,18,18,0.45161290322580644,1,2,探索尝试型,2023-10
8l0qqik09gqh0e5anus0,36,20,21,0.5277777777777778,1,2,探索尝试型,2023-10
gq3jw96afgct5rjiim20,38,21,22,0.6842105263157895,1,2,探索尝试型,2023-10
hc0idvz0lxc4zpx94cbx,33,16,20,0.45454545454545453,1,2,探索尝试型,2023-10
rdf3wmujcm1k56ftf8uc,44,22,23,0.29545454545454547,1,2,探索尝试型,2023-10
gsirdbny6840zq22vo7a,37,19,21,0.43243243243243246,1,2,探索尝试型,2023-10
ov1tvylbnny48ojayssl,44,19,19,0.4772727272727273,1,2,探索尝试型,2023-10
obyl72l5qy37to65i5ml,40,22,20,0.4,1,2,探索尝试型,2023-10
i8wbhc071gfhkbhtmeb1,39,20,25,0.6410256410256411,1,2,探索尝试型,2023-10
lqg2nmqf4x8w52gx12xw,31,18,18,0.4838709677419355,1,2,探索尝试型,2023-10
16d68f70cf5e52d0b34a,82,11,16,0.6219512195121951,1,0,探索尝试型,2023-10
4edfd2e1b7c5c5d1d384,38,7,16,0.5,1,1,集中针对型,2023-10
ba8c301bda7090bda756,26,8,19,0.9230769230769231,1,1,集中针对型,2023-10
311abc37a94ae8afe41a,76,14,19,0.75,1,0,探索尝试型,2023-10
fdd50b3ad56dcf116c82,46,10,19,0.5434782608695652,1,2,探索尝试型,2023-10
e22c18eef214a779b4c2,46,7,9,0.6956521739130435,1,1,集中针对型,2023-10
8711049a2e0ef13bb10c,17,10,14,1.0,1,1,集中针对型,2023-10
dee7cfe3312551bdf5a5,21,5,14,0.9047619047619048,1,1,集中针对型,2023-10
9ef8a5baccebc3841cb2,33,7,16,0.9393939393939394,1,1,集中针对型,2023-10
adcc5c13042d66cbfc8b,33,6,13,0.5757575757575758,1,1,集中针对型,2023-10
54f91ccb08cbece520da,34,7,14,0.8529411764705882,1,1,集中针对型,2023-10
6b22922bfe081d68c7a6,72,11,18,0.5833333333333334,1,0,探索尝试型,2023-10
cb65e2038b786e801292,10,5,10,1.0,1,1,集中针对型,2023-10
1f67cb2e7affbb00b6c8,248,13,34,0.4153225806451613,1,0,探索尝试型,2023-10
df02e3643bb9ee33fb0c,67,7,17,0.5671641791044776,1,0,探索尝试型,2023-10
45b6cc87a7e957f83027,25,7,7,0.88,1,1,集中针对型,2023-10
a7fc1ba478db11fde063,21,5,12,0.6190476190476191,1,1,集中针对型,2023-10
ff2d815d9ef74b153b54,29,9,15,0.896551724137931,1,1,集中针对型,2023-10
73ae359d8e93d41ae4ff,35,7,21,0.7428571428571429,1,1,集中针对型,2023-10
264320c6b92b92795ba0,83,8,16,0.25301204819277107,1,0,探索尝试型,2023-10
48a71a6a5a15e31084e3,67,8,24,0.5671641791044776,1,0,探索尝试型,2023-10
504278569f7c6dff25e3,39,13,19,0.9230769230769231,1,2,探索尝试型,2023-10
40eb36011ced9a882ea9,110,11,20,0.8909090909090909,1,0,探索尝试型,2023-10
e00bc7d9f2ce32c4f745,31,8,16,0.9032258064516129,1,1,集中针对型,2023-10
ed4b51eb098deb0ba58e,37,5,5,0.9459459459459459,1,1,集中针对型,2023-10
b4a2138f577d9306f593,112,12,16,0.8571428571428571,1,0,探索尝试型,2023-10
76366e9c264169b2bae1,75,5,14,0.52,1,1,集中针对型,2023-10
d059dfed16a6d1ca6ddf,52,13,16,0.7692307692307693,1,2,探索尝试型,2023-10
0b828e1ae026c57b34dd,9,5,7,0.8888888888888888,1,1,集中针对型,2023-10
b1976734aee3bf129820,75,7,13,0.8,1,1,集中针对型,2023-10
e865c97bc96802575f80,121,7,13,0.4297520661157025,1,0,探索尝试型,2023-10
50673b01fd2b0c765572,64,10,19,0.484375,1,0,探索尝试型,2023-10
b3ac0cebf20ee45135ca,70,7,16,0.7714285714285715,1,1,集中针对型,2023-10
fb5d5693ffa9f022a191,26,6,19,0.8846153846153846,1,1,集中针对型,2023-10
baed8a816ea02ae929f4,46,10,23,0.717391304347826,1,2,探索尝试型,2023-10
d02f48d05ce5e7ca16e1,47,8,19,0.6170212765957447,1,1,集中针对型,2023-10
74137c4db75be61c10fa,52,7,11,0.5961538461538461,1,1,集中针对型,2023-10
f5c3c6eb77fac482de13,20,6,14,0.75,1,1,集中针对型,2023-10
5f8d87412f69e3d9fb13,10,4,9,1.0,1,1,集中针对型,2023-10
781f69b185122bfaddca,3,2,2,1.0,1,1,集中针对型,2023-10
744e7141564ed216b812,20,4,13,0.7,1,1,集中针对型,2023-10
49ef48443e09f8be12f6,14,3,6,0.5714285714285714,1,1,集中针对型,2023-10
cbc8550ffaf44443c7ad,87,4,24,0.3218390804597701,1,0,探索尝试型,2023-10
43d98a750c726bb39d11,28,6,13,0.6785714285714286,1,1,集中针对型,2023-10
1bd9bb053a3ac1bba507,35,4,19,0.6571428571428571,1,1,集中针对型,2023-10
6923e581d76689cb57a1,62,5,8,0.4032258064516129,1,1,集中针对型,2023-10
3c1b9222136b752563f6,30,3,15,0.8,1,1,集中针对型,2023-10
5d16326e4577a67d94c6,36,3,8,0.5833333333333334,1,1,集中针对型,2023-10
48a96425072cefa0dc69,29,4,12,0.8620689655172413,1,1,集中针对型,2023-10
8ee4fdce37fceab5620a,29,5,18,0.7241379310344828,1,1,集中针对型,2023-10
d6d4488fa27e11465974,25,8,19,0.84,1,1,集中针对型,2023-10
6efd353d32bd3d908b23,11,2,8,0.7272727272727273,1,1,集中针对型,2023-10
4ca5c8ea55be09213d14,57,7,20,0.5789473684210527,1,0,探索尝试型,2023-10
766836b5f30556e81da4,22,3,15,0.6363636363636364,1,1,集中针对型,2023-10
ec86426a6e0331d06091,44,5,13,0.36363636363636365,1,1,集中针对型,2023-10
09400a9b50b6c96c5510,57,5,20,0.543859649122807,1,0,探索尝试型,2023-10
def1216bf8f3009dbe41,47,8,14,0.574468085106383,1,1,集中针对型,2023-10
63ff3dff3eb31d62ab3e,26,5,7,0.8846153846153846,1,1,集中针对型,2023-10
ef912a5602a5f70b244b,16,6,13,1.0,1,1,集中针对型,2023-10
21fc5674d24be8e9da89,10,1,8,0.8,1,1,集中针对型,2023-10
sx57v4y3hp52f9selxdo,39,16,20,0.6410256410256411,1,2,探索尝试型,2023-10
mwmft9w9vjod1g7jidmb,51,21,26,0.7254901960784313,1,2,探索尝试型,2023-10
10qi28ikwz4c4v22b06i,46,19,25,0.6304347826086957,1,2,探索尝试型,2023-10
1t6e0wa99fijxi3ssnzk,37,21,19,0.5945945945945946,1,2,探索尝试型,2023-10
628bztd9ybuth5efk7nw,62,23,29,0.6935483870967742,1,2,探索尝试型,2023-10
uzk23hynw87co5ru0tr8,47,17,24,0.574468085106383,1,2,探索尝试型,2023-10
8wkyo305dh8esq6eop37,38,15,18,0.6052631578947368,1,2,探索尝试型,2023-10
cygc6ulxpz04ex7under,46,20,26,0.7391304347826086,1,2,探索尝试型,2023-10
mm5p2ct8c21h4q753p3n,40,18,19,0.575,1,2,探索尝试型,2023-10
e58gk2f3crnwqnx0gett,43,20,20,0.627906976744186,1,2,探索尝试型,2023-10
q1movls9kc4kglv6sb5g,42,18,25,0.6666666666666666,1,2,探索尝试型,2023-10
zprxec1qxs8nqsmc5830,58,24,27,0.5517241379310345,1,2,探索尝试型,2023-10
pgrig4vo54owe59j2j5f,43,19,25,0.5348837209302325,1,2,探索尝试型,2023-10
n3dkt0eq0ekpby9lv06i,43,18,24,0.7441860465116279,1,2,探索尝试型,2023-10
v4k20n9xryqdpe6fx42x,47,22,23,0.6382978723404256,1,2,探索尝试型,2023-10
2xsbkm76x36qvddrl2yo,41,19,22,0.7073170731707317,1,2,探索尝试型,2023-10
0m8o7nuv982vnv3328qw,30,16,18,0.6333333333333333,1,2,探索尝试型,2023-10
m4qqnaq8p8fn7b7bl5ic,45,21,26,0.6444444444444445,1,2,探索尝试型,2023-10
f5jwwahac3fyc6rq5tex,44,18,19,0.5909090909090909,1,2,探索尝试型,2023-10
9b0guld0vdm0ggmmfb8k,45,22,26,0.6666666666666666,1,2,探索尝试型,2023-10
ksm67082xy9g2wnalt38,48,20,25,0.6666666666666666,1,2,探索尝试型,2023-10
i8ryguu9cpkrb6ouhwqq,56,24,28,0.6071428571428571,1,2,探索尝试型,2023-10
amzij11bls4wa79p3cj8,47,20,21,0.44680851063829785,1,2,探索尝试型,2023-10
35wcdp4s13xmtyq5f7os,49,23,24,0.5714285714285714,1,2,探索尝试型,2023-10
axunv0aihh5wvi27tx50,43,22,23,0.627906976744186,1,2,探索尝试型,2023-10
uon3zzl9a1zr5zmeodmr,34,15,19,0.47058823529411764,1,2,探索尝试型,2023-10
2ddkknvpbz2j9wlvybtj,52,23,27,0.6730769230769231,1,2,探索尝试型,2023-10
scl0uh5ig9ehluvs46h2,52,22,26,0.5,1,2,探索尝试型,2023-10
sbb3va36jvpkdpj257ek,47,17,22,0.6170212765957447,1,2,探索尝试型,2023-10
wfsgbko6rfmajn85khu4,46,22,23,0.6304347826086957,1,2,探索尝试型,2023-10
vbgs2hp7aiiw880dpm1s,42,22,28,0.6428571428571429,1,2,探索尝试型,2023-10
erjfooit15024g7nj8co,42,18,21,0.6666666666666666,1,2,探索尝试型,2023-10
j07d6onchxesk14v7b8w,41,18,19,0.6097560975609756,1,2,探索尝试型,2023-10
58widcj6smafuwyqxw2m,49,24,26,0.7142857142857143,1,2,探索尝试型,2023-10
n2bgnbybijni2e9crs4x,42,20,22,0.5476190476190477,1,2,探索尝试型,2023-10
0ef8b2c9e039eaace596,95,16,28,0.8421052631578947,1,0,探索尝试型,2023-10
c8d8f83d06b68fc2f944,62,15,19,0.8870967741935484,1,2,探索尝试型,2023-10
fc1c9dd58091c33d8888,93,9,11,0.3548387096774194,1,0,探索尝试型,2023-10
fc5a9edc3413ecece4bd,30,8,20,0.7,1,1,集中针对型,2023-10
72fbfd24cdff0454a0e2,46,4,16,0.3695652173913043,1,1,集中针对型,2023-10
5faa3d19e595ab735fda,89,9,21,0.550561797752809,1,0,探索尝试型,2023-10
0b16d35f1f39a063708a,113,12,15,0.45132743362831856,1,0,探索尝试型,2023-10
a0973be15e5e7116f121,22,5,12,0.8636363636363636,1,1,集中针对型,2023-10
49a91a4dce6838ffcbcd,114,13,25,0.34210526315789475,1,0,探索尝试型,2023-10
424de2c5e2c1f5652cdc,64,9,20,0.59375,1,0,探索尝试型,2023-10
1d50eac067378042684b,110,7,18,0.34545454545454546,1,0,探索尝试型,2023-10
552365f82674884bcaaa,43,7,20,0.6511627906976745,1,1,集中针对型,2023-10
a867295d48d4b4134903,144,12,36,0.5972222222222222,1,0,探索尝试型,2023-10
bc7286901f708e9069eb,58,13,20,0.3448275862068966,1,2,探索尝试型,2023-10
ed94d52e091b68ca5ee5,88,9,28,0.8181818181818182,1,0,探索尝试型,2023-10
b5863cc5a1b448ca1cab,58,12,17,0.4827586206896552,1,2,探索尝试型,2023-10
b050239b47c66a7280c9,65,10,12,0.5692307692307692,1,1,集中针对型,2023-10
b6b2f975de58052aae0c,123,9,21,0.23577235772357724,1,0,探索尝试型,2023-10
2842c82981077b78b3cd,71,7,10,0.39436619718309857,1,1,集中针对型,2023-10
6a62f52203bda35656be,151,13,17,0.33112582781456956,1,0,探索尝试型,2023-10
c7bb8ace7e79b91b3346,47,4,7,0.14893617021276595,1,1,集中针对型,2023-10
3094825929f936abb792,129,7,27,0.5038759689922481,1,0,探索尝试型,2023-10
498121d2486259ef1b3a,1,1,1,1.0,1,1,集中针对型,2023-10
374ff25490a1f0aba47f,98,12,29,0.7142857142857143,1,0,探索尝试型,2023-10
01a691413dc5897db83f,175,8,19,0.3314285714285714,1,0,探索尝试型,2023-10
9c2b85496091fd7f66d4,59,8,13,0.423728813559322,1,1,集中针对型,2023-10
306627b1ecbdf4e3aa34,62,11,25,0.6774193548387096,1,0,探索尝试型,2023-10
b93d9fe2a844b416581d,23,4,13,0.6956521739130435,1,1,集中针对型,2023-10
5479f88afb95288d6392,15,7,13,1.0,1,1,集中针对型,2023-10
6b0cc09c9daf2966d1a7,50,7,12,0.48,1,1,集中针对型,2023-10
e877c03b218bddedd3b8,38,4,7,0.15789473684210525,1,1,集中针对型,2023-10
897f6d3de550ebf68384,77,17,36,0.9090909090909091,1,0,探索尝试型,2023-10
7bfbef4127aeec4b344e,68,6,11,0.5,1,1,集中针对型,2023-10
6ab4994b59925a6d1bba,88,7,16,0.4772727272727273,1,0,探索尝试型,2023-10
94a770d27cae58950a5b,37,5,9,0.32432432432432434,1,1,集中针对型,2023-10
a9e1aff282e8d6356dce,70,7,32,0.42857142857142855,1,0,探索尝试型,2023-10
0b02f701b1179f9f74f9,44,4,11,0.3181818181818182,1,1,集中针对型,2023-10
fdd714a996ac8bd8006d,12,5,7,0.5833333333333334,1,1,集中针对型,2023-10
071685b292483b04e836,4,3,4,1.0,1,1,集中针对型,2023-10
2ea821273e01ec758583,29,8,15,0.6206896551724138,1,1,集中针对型,2023-10
df784e67883e018f88b8,23,5,8,0.391304347826087,1,1,集中针对型,2023-10
db54f15d48fa56b0d953,20,8,10,0.55,1,1,集中针对型,2023-10
74e22a3421e605061ef1,37,8,9,0.6486486486486487,1,1,集中针对型,2023-10
418f4730434eaced55a2,61,14,32,0.6885245901639344,1,2,探索尝试型,2023-10
b7ef250772618a089b48,90,12,26,0.8333333333333334,1,0,探索尝试型,2023-10
b37bdce835e610d26c0c,1,1,1,1.0,1,1,集中针对型,2023-10
fef67841144f4c95a6c5,14,5,5,0.9285714285714286,1,1,集中针对型,2023-10
de5213e7b8c88440a298,83,8,16,0.5783132530120482,1,0,探索尝试型,2023-10
768c216e172762b85899,24,5,12,0.5416666666666666,1,1,集中针对型,2023-10
700915d303cc358e662a,52,9,17,0.8461538461538461,1,1,集中针对型,2023-10
ffe3886e3e3bab0249b5,3,2,3,1.0,1,1,集中针对型,2023-10
cdbfb55b48cefce540dd,4,2,4,1.0,1,1,集中针对型,2023-10
emnk7ob7xxxdiph6fun3,55,24,26,0.5454545454545454,1,2,探索尝试型,2023-10
xvfa4ysm4deeobu8wkym,48,22,25,0.6041666666666666,1,2,探索尝试型,2023-10
z23fh1v40p3hmxxspbo9,40,20,21,0.55,1,2,探索尝试型,2023-10
n20d6b4o2g64oaa3q8ym,38,19,20,0.5,1,2,探索尝试型,2023-10
90z3slav21r61p88ksba,37,21,20,0.5135135135135135,1,2,探索尝试型,2023-10
r4oklg89q3yx9o2dfq3q,41,22,21,0.5121951219512195,1,2,探索尝试型,2023-10
4i0t5tq7o78lvc1zglgr,35,18,19,0.5142857142857142,1,2,探索尝试型,2023-10
icu31mfcha34dnwbsui2,40,18,21,0.525,1,2,探索尝试型,2023-10
1vb2vsoy23nr0monflhx,47,22,25,0.6170212765957447,1,2,探索尝试型,2023-10
7iulsxm22wz4v82hgb2g,37,20,21,0.6216216216216216,1,2,探索尝试型,2023-10
sie4alrjjjvlk0w9ye5l,40,23,23,0.525,1,2,探索尝试型,2023-10
78uyv6k6u49krocgtkzu,39,20,24,0.5384615384615384,1,2,探索尝试型,2023-10
wzfry2domlqnblox9w1b,34,18,23,0.47058823529411764,1,2,探索尝试型,2023-10
yj708ceb2o5gueez45or,42,22,21,0.6428571428571429,1,2,探索尝试型,2023-10
wty9xgte39cr5rp39e50,47,24,21,0.46808510638297873,1,2,探索尝试型,2023-10
cz0pbk8vede7ey2oce4a,33,22,21,0.5151515151515151,1,2,探索尝试型,2023-10
spyu1at0d9k1wxtenlhe,45,21,22,0.5111111111111111,1,2,探索尝试型,2023-10
5slhcx7pnjhcmlbfffu6,43,23,22,0.4418604651162791,1,2,探索尝试型,2023-10
ij9llitbhr4gi126l772,40,22,25,0.525,1,2,探索尝试型,2023-10
nilkp0a54b01p87udccl,38,21,20,0.6052631578947368,1,2,探索尝试型,2023-10
7ssihtyt72rzukfci0o1,41,21,23,0.6097560975609756,1,2,探索尝试型,2023-10
omzalmrzys0ymf4cgt03,45,22,22,0.6,1,2,探索尝试型,2023-10
5qfsd40k8fv54hc102p2,30,15,19,0.6333333333333333,1,2,探索尝试型,2023-10
hz3im1vs42bx5rxbn7wh,33,19,23,0.6363636363636364,1,2,探索尝试型,2023-10
qxnna0of95m3oebjc84f,37,21,19,0.5405405405405406,1,2,探索尝试型,2023-10
5dmn9cwdf4l1snqfjw1p,40,21,22,0.5,1,2,探索尝试型,2023-10
r28s9kyo7knrvytyvmt8,41,18,19,0.4634146341463415,1,2,探索尝试型,2023-10
95i3ttsko6c6ol53ebql,32,17,20,0.59375,1,2,探索尝试型,2023-10
otznu9tyqq50x0xij3br,42,18,22,0.42857142857142855,1,2,探索尝试型,2023-10
t8zrwu8iwkcdnwf3ruse,49,24,21,0.5306122448979592,1,2,探索尝试型,2023-10
0m2kzubx9r60wyrsjj7j,44,20,20,0.4318181818181818,1,2,探索尝试型,2023-10
5kqtdcvyt7rgqdoextw8,36,19,22,0.6111111111111112,1,2,探索尝试型,2023-10
apxifjd35xfq6t47ysls,39,18,21,0.6153846153846154,1,2,探索尝试型,2023-10
dt7s87imgsbma3l5scym,37,21,23,0.6216216216216216,1,2,探索尝试型,2023-10
t5uf4x6hffga8in2ua6l,50,22,20,0.5,1,2,探索尝试型,2023-10
faa31dca7ed1dd11fe44,178,11,25,0.6404494382022472,1,0,探索尝试型,2023-10
f286ac7cd0663855cc5f,62,7,20,0.6451612903225806,1,0,探索尝试型,2023-10
e0be3445997310f4d68e,81,14,23,0.8518518518518519,1,0,探索尝试型,2023-10
cf73246d819a1ea78e14,55,8,17,0.7636363636363637,1,1,集中针对型,2023-10
00df647ee4bf7173642f,253,18,34,0.5533596837944664,1,0,探索尝试型,2023-10
2b935bfe06ef02369807,40,6,12,0.375,1,1,集中针对型,2023-10
b3e8039d33099e1d066c,19,9,13,0.8421052631578947,1,1,集中针对型,2023-10
b32b82ebae5971dd48df,67,12,16,0.8656716417910447,1,2,探索尝试型,2023-10
9c39551b2cbe4f0c6d03,41,9,18,0.9024390243902439,1,1,集中针对型,2023-10
1ca19e51244cdd3f09ff,52,11,30,0.7692307692307693,1,2,探索尝试型,2023-10
0eb6eec8b4bee8ab6a44,26,4,12,0.5769230769230769,1,1,集中针对型,2023-10
d311ac015e2e230935b2,35,9,18,0.8857142857142857,1,1,集中针对型,2023-10
dc93d7d840a88e5efb17,61,11,22,0.8032786885245902,1,2,探索尝试型,2023-10
c7d5a3256a9f99ba3e98,77,8,21,0.7922077922077922,1,0,探索尝试型,2023-10
e77eaaa90a75ea6167f4,27,5,8,0.48148148148148145,1,1,集中针对型,2023-10
57f84519c468df122d69,32,12,19,0.8125,1,2,探索尝试型,2023-10
2e40c1b07d32d3b80862,112,10,20,0.2767857142857143,1,0,探索尝试型,2023-10
2b54ed4af8281eb82f58,33,2,9,0.3939393939393939,1,1,集中针对型,2023-10
5d2379fb72082166dee3,37,7,13,0.4594594594594595,1,1,集中针对型,2023-10
c16e14d7aa5b4ef519e3,34,12,17,0.9117647058823529,1,2,探索尝试型,2023-10
953123cfe1c275e6d8a9,35,3,8,0.22857142857142856,1,1,集中针对型,2023-10
c53129098375fc7f17bc,108,6,18,0.4722222222222222,1,0,探索尝试型,2023-10
eb4493aa138e8edc3f6d,28,3,7,0.25,1,1,集中针对型,2023-10
f63cab44b941c6ca80d6,69,7,18,0.5072463768115942,1,0,探索尝试型,2023-10
056ab41140f68c15db14,151,8,25,0.7284768211920529,1,0,探索尝试型,2023-10
367c27a001837dabb2e9,63,3,23,0.36507936507936506,1,0,探索尝试型,2023-10
c200d8d792314a9d3575,38,2,9,0.7105263157894737,1,1,集中针对型,2023-10
6106e5232ac32bc22d1d,89,9,25,0.6179775280898876,1,0,探索尝试型,2023-10
84f116e542feb4ff69c0,7,2,2,0.14285714285714285,1,1,集中针对型,2023-10
a1ed24a77c97b05064ef,5,2,2,0.2,1,1,集中针对型,2023-10
e5b30ace9334d153e076,37,5,12,0.5675675675675675,1,1,集中针对型,2023-10
47b08a7751ab609be9e5,28,3,6,0.2857142857142857,1,1,集中针对型,2023-10
9369995cb6743cb69182,57,8,20,0.9122807017543859,1,1,集中针对型,2023-10
a3c8ab369e2e928ed523,9,2,7,0.7777777777777778,1,1,集中针对型,2023-10
a3cd849a5a8d682e18db,14,5,9,0.7142857142857143,1,1,集中针对型,2023-10
33b73273ab8e1a11fcda,18,1,5,0.3333333333333333,1,1,集中针对型,2023-10
64d65eddd629b80922f1,1,1,1,0.0,1,1,集中针对型,2023-10
7b1d65c8c7637c14d9f2,27,3,4,0.14814814814814814,1,1,集中针对型,2023-10
17f2d0e73044110cdea5,49,5,22,0.5918367346938775,1,0,探索尝试型,2023-10
06309f4c8785254f4c13,12,1,4,0.3333333333333333,1,1,集中针对型,2023-10
a2b5174e55754addcd68,17,2,11,0.7058823529411765,1,1,集中针对型,2023-10
th28zykgzvfex40v22hz,49,25,25,0.5714285714285714,1,2,探索尝试型,2023-10
1eekhswi2ckx4uw0j1c9,36,19,21,0.4444444444444444,1,2,探索尝试型,2023-10
80xvovy2zizaj5kr0va5,45,26,28,0.4666666666666667,1,2,探索尝试型,2023-10
ygc6nfsry40yon3nicac,44,23,27,0.6590909090909091,1,2,探索尝试型,2023-10
qaubz3kt65qtoit8g4vi,57,23,24,0.6842105263157895,1,2,探索尝试型,2023-10
x9xz7kb08kmf1tytnc1f,39,20,18,0.6666666666666666,1,2,探索尝试型,2023-10
tezxtgugzffgu5fxr0cz,50,20,23,0.62,1,2,探索尝试型,2023-10
lvp2qmljigke8u0nfbvl,35,20,20,0.8,1,2,探索尝试型,2023-10
iqhpwbqkqi7kugzduhit,54,23,23,0.5185185185185185,1,2,探索尝试型,2023-10
vcw0s2e0akak8rqunatk,36,20,21,0.6388888888888888,1,2,探索尝试型,2023-10
2ui63dibc4r8oo0p9agh,46,21,22,0.5434782608695652,1,2,探索尝试型,2023-10
o6tn58jvkqobrz2qmf5i,46,22,25,0.5217391304347826,1,2,探索尝试型,2023-10
iwjs5oi2pl8omkdrs53q,39,22,23,0.6153846153846154,1,2,探索尝试型,2023-10
0qamadarf6xhm9pm2jta,32,16,22,0.5625,1,2,探索尝试型,2023-10
12s3yomv0kltozc1qxc4,51,22,30,0.7058823529411765,1,2,探索尝试型,2023-10
qrrck1nnty89cmohw40b,32,16,21,0.625,1,2,探索尝试型,2023-10
rufanlg0slv70u876a05,42,18,25,0.4523809523809524,1,2,探索尝试型,2023-10
rgl39qjfatpnh3v4o28m,53,22,25,0.6226415094339622,1,2,探索尝试型,2023-10
jjx780kahllbp5y3x7p8,46,23,25,0.5869565217391305,1,2,探索尝试型,2023-10
hva2hcwvh4mv0i4t59t6,36,20,20,0.5555555555555556,1,2,探索尝试型,2023-10
3dglsy7ee3ytfq1lpwlv,55,23,27,0.5272727272727272,1,2,探索尝试型,2023-10
mbbw64iibpv7ndj2iie1,53,24,21,0.6792452830188679,1,2,探索尝试型,2023-10
0z4mockl76xn8mhdaehw,38,24,21,0.5789473684210527,1,2,探索尝试型,2023-10
bfl1bc2oafd8hrz2xswq,39,17,20,0.5897435897435898,1,2,探索尝试型,2023-10
19buea1jycypffshcw38,41,17,23,0.5853658536585366,1,2,探索尝试型,2023-10
wmep7eexur6wwrlrz9sv,52,21,28,0.6538461538461539,1,2,探索尝试型,2023-10
h7i4kmpsra4szfbhrcbh,41,19,20,0.6829268292682927,1,2,探索尝试型,2023-10
6569uz69or21mbcejw25,39,22,24,0.48717948717948717,1,2,探索尝试型,2023-10
7eeq2weegodhsqj7bxc2,48,23,26,0.7083333333333334,1,2,探索尝试型,2023-10
687ndz7mxhpv3gg91ie2,47,20,25,0.7446808510638298,1,2,探索尝试型,2023-10
dri4ey8he2jovloucu86,46,20,24,0.4782608695652174,1,2,探索尝试型,2023-10
219jkfkejubvu4dvuv13,44,22,26,0.6590909090909091,1,2,探索尝试型,2023-10
0i1e50rz4mkhee97xvpo,34,15,22,0.7352941176470589,1,2,探索尝试型,2023-10
hpty3h6eij2tr467ueks,40,19,23,0.575,1,2,探索尝试型,2023-10
8bj43lrpbsn3smxxn3xn,34,22,20,0.6470588235294118,1,2,探索尝试型,2023-10
f7c4a29d42220e1cea27,30,9,8,0.9,1,1,集中针对型,2023-10
67456512891f96cc0fc3,20,4,11,0.55,1,1,集中针对型,2023-10
83bf9b0424c17c9e13e7,27,7,9,0.8518518518518519,1,1,集中针对型,2023-10
01558eef77a8d39b7103,46,13,15,0.6956521739130435,1,2,探索尝试型,2023-10
75a72c46b8271a57fba6,19,6,14,1.0,1,1,集中针对型,2023-10
1552f58e2818ce7fa863,33,2,7,0.3939393939393939,1,1,集中针对型,2023-10
359f25d9131a0699405b,67,7,12,0.2835820895522388,1,1,集中针对型,2023-10
8fe25991951e1f37568b,64,8,12,0.25,1,1,集中针对型,2023-10
28bc8af257c48eac3bf1,14,4,7,0.7857142857142857,1,1,集中针对型,2023-10
2f3ef424b925a9881b81,26,6,10,0.38461538461538464,1,1,集中针对型,2023-10
1d7229e0f5f825007870,19,6,10,0.8947368421052632,1,1,集中针对型,2023-10
b9d88af0a70c4ccb592e,28,11,15,0.7857142857142857,1,1,集中针对型,2023-10
d4d7a248a58363732f8e,27,7,11,0.8518518518518519,1,1,集中针对型,2023-10
5e29473eb1e80fde79a0,79,10,11,0.31645569620253167,1,0,探索尝试型,2023-10
211ed39c57c6e6cdefbf,30,5,11,0.4666666666666667,1,1,集中针对型,2023-10
0b307ee95b41e222f204,48,6,15,0.9166666666666666,1,1,集中针对型,2023-10
1974349ec27d7d67bf08,85,12,23,0.5764705882352941,1,0,探索尝试型,2023-10
35e028ec34bfdb7a6d26,19,7,9,0.5263157894736842,1,1,集中针对型,2023-10
d3fd2319c0f3aa00c371,28,7,15,0.8214285714285714,1,1,集中针对型,2023-10
5bdad002590327215ae0,13,6,9,1.0,1,1,集中针对型,2023-10
0c81ca27b7d931b6ff6e,35,4,6,0.22857142857142856,1,1,集中针对型,2023-10
fda1eaffdfa7350e5d97,82,9,12,0.3048780487804878,1,0,探索尝试型,2023-10
0e804947f4cdc2721046,34,10,13,0.5294117647058824,1,1,集中针对型,2023-10
919b6f74756bdb77edab,17,8,10,0.5882352941176471,1,1,集中针对型,2023-10
76a2f2705490042bb8cb,6,2,6,1.0,1,1,集中针对型,2023-10
539911ee11c1b2aaeb88,31,9,16,0.7096774193548387,1,1,集中针对型,2023-10
17656005bd4086137ab7,10,5,6,0.8,1,1,集中针对型,2023-10
55a47a152d359522e38d,71,10,15,0.6338028169014085,1,0,探索尝试型,2023-10
69ae85efb03510241445,16,4,9,0.8125,1,1,集中针对型,2023-10
c4ffbc0ba8c38e725fc8,14,5,11,0.9285714285714286,1,1,集中针对型,2023-10
7ffc1d4e5026fc5195ea,30,8,18,0.7333333333333333,1,1,集中针对型,2023-10
a05da04117e032cb4977,24,3,8,0.9166666666666666,1,1,集中针对型,2023-10
94752e120f6bb6178ad5,28,8,13,0.8214285714285714,1,1,集中针对型,2023-10
13f8b8305f6c25c21921,162,11,23,0.4876543209876543,1,0,探索尝试型,2023-10
75e30b71e38030454877,19,5,11,0.6842105263157895,1,1,集中针对型,2023-10
ac896071204b0ce26a1e,89,10,13,0.5730337078651685,1,0,探索尝试型,2023-10
87aa4503451b6a77b2b7,61,10,18,0.6721311475409836,1,2,探索尝试型,2023-10
7c27b1482db039a6eee9,36,10,18,0.9166666666666666,1,1,集中针对型,2023-10
eacb3353d7bc80cf3e7a,40,7,17,0.775,1,1,集中针对型,2023-10
8596e232b0d863cd3130,11,4,9,0.9090909090909091,1,1,集中针对型,2023-10
c5c5601b771f1b4491fa,30,6,11,0.9666666666666667,1,1,集中针对型,2023-10
d76c58732e315933a6cf,13,3,9,0.7692307692307693,1,1,集中针对型,2023-10
9be4ba08415daa1ee6fe,23,5,12,0.6521739130434783,1,1,集中针对型,2023-10
e2ee4818284ba527ef0a,8,4,5,1.0,1,1,集中针对型,2023-10
41126caf1874c098d357,39,5,9,0.6666666666666666,1,1,集中针对型,2023-10
a959b7dd7f65365313a4,38,5,6,0.42105263157894735,1,1,集中针对型,2023-10
qkc2f9omqulfmn3j0m9p,28,18,19,0.75,1,2,探索尝试型,2023-10
wi36b9plgjc82atx6z7h,31,16,16,0.5806451612903226,1,2,探索尝试型,2023-10
k6jujv82n727fuwbxa6f,30,17,18,0.6,1,2,探索尝试型,2023-10
di7sclw5samggg4sxipv,32,15,18,0.53125,1,2,探索尝试型,2023-10
whzjoeh34i7o86p37u99,33,19,17,0.5757575757575758,1,2,探索尝试型,2023-10
exaiz0y0uvpeg498cg4j,30,18,18,0.6333333333333333,1,2,探索尝试型,2023-10
b6nwoi7doh1m1yzbkxup,33,17,19,0.6060606060606061,1,2,探索尝试型,2023-10
pammg9gw4enjosw3z60e,32,17,20,0.59375,1,2,探索尝试型,2023-10
o6kw9thwvq6csdr9taal,34,14,20,0.7941176470588235,1,2,探索尝试型,2023-10
m380dsj058viwn3ly6j1,22,12,14,0.5,1,1,集中针对型,2023-10
hu267zw9zywa4ew3d5bw,36,20,18,0.6666666666666666,1,2,探索尝试型,2023-10
zoo8a9uj8a0dplifqzdp,37,21,20,0.6756756756756757,1,2,探索尝试型,2023-10
k6kv9y9tqfll5d282ymb,29,13,18,0.6206896551724138,1,2,探索尝试型,2023-10
7n0vh1m7hm3g0v8ggv7v,35,21,17,0.5428571428571428,1,2,探索尝试型,2023-10
p8bk6cdfntr0humt6q45,37,16,21,0.6486486486486487,1,2,探索尝试型,2023-10
32n93dfesjggabieb85t,30,20,15,0.5,1,2,探索尝试型,2023-10
nq4jln5s1zqjk7nwbbeo,29,18,15,0.4827586206896552,1,2,探索尝试型,2023-10
i39gdpglcxstun30b4yw,36,18,17,0.6111111111111112,1,2,探索尝试型,2023-10
4nun1ah7qw10q705a2aq,30,19,18,0.5333333333333333,1,2,探索尝试型,2023-10
tndsnutlm99ld8f4uya0,30,17,20,0.4666666666666667,1,2,探索尝试型,2023-10
3lbe8ny12qw7qwcyihpn,30,20,14,0.6666666666666666,1,2,探索尝试型,2023-10
pxnnkthuxasggux3hyae,27,19,15,0.5185185185185185,1,2,探索尝试型,2023-10
aai4o855shne2taonl8m,38,15,19,0.5789473684210527,1,2,探索尝试型,2023-10
k7fa3kdg6dq9avbiqv1f,42,21,21,0.47619047619047616,1,2,探索尝试型,2023-10
d4xny47ows87zd7viwj5,55,24,22,0.6727272727272727,1,2,探索尝试型,2023-10
zhx5rxgopln1p5hd10ql,30,16,17,0.4666666666666667,1,2,探索尝试型,2023-10
twa56vh9h75mwaqdma1y,33,17,18,0.5151515151515151,1,2,探索尝试型,2023-10
9dbg3fyz4qnj7x9qug6x,38,21,17,0.6578947368421053,1,2,探索尝试型,2023-10
9npnusbksscam12fc4ut,36,16,18,0.4444444444444444,1,2,探索尝试型,2023-10
l1rn095adguamaugi4ux,33,20,19,0.6060606060606061,1,2,探索尝试型,2023-10
r9m46ndmmmzeeehft96z,28,18,18,0.6071428571428571,1,2,探索尝试型,2023-10
d9qmlhyp13mf5nto4qih,35,17,20,0.45714285714285713,1,2,探索尝试型,2023-10
owzdfs89mm4ci0382a3b,24,20,14,0.4583333333333333,1,2,探索尝试型,2023-10
slmfpw1fyabrtys8ufg9,26,13,14,0.5769230769230769,1,2,探索尝试型,2023-10
xf5q0ixkpbxl3w7k16qo,25,15,15,0.64,1,2,探索尝试型,2023-10
e89cdaa3f159a0d3f55e,239,15,21,0.41841004184100417,1,0,广泛多样型,2023-11
9ea29e4a747ea4a7c70a,89,13,18,0.5168539325842697,1,0,广泛多样型,2023-11
e23ada44d3eac9b465d2,28,6,8,0.6428571428571429,1,1,集中针对型,2023-11
b79c2d9d8148403a3720,9,2,3,1.0,1,1,集中针对型,2023-11
01d8aa21ef476b66c573,74,7,19,0.6756756756756757,1,0,广泛多样型,2023-11
9417c1b4c24e428984bc,95,9,17,0.43157894736842106,1,0,广泛多样型,2023-11
3d63ba961a5f3a60616a,8,3,7,1.0,1,1,集中针对型,2023-11
57709f904b1cc9ec60b1,79,17,16,0.6962025316455697,1,2,探索尝试型,2023-11
8979427badebb9e2bd10,49,6,5,0.08163265306122448,1,0,广泛多样型,2023-11
6e7d56f652020f046204,58,11,19,0.5517241379310345,1,0,广泛多样型,2023-11
03aa0b20dd4af1888eef,58,16,19,0.8620689655172413,1,2,探索尝试型,2023-11
a8eea517e36b20757b2e,118,14,14,0.3813559322033898,1,0,广泛多样型,2023-11
8777bd09f180d330b147,55,10,19,0.41818181818181815,1,0,广泛多样型,2023-11
8b1fbc97391699e46cef,179,19,22,0.5418994413407822,1,0,广泛多样型,2023-11
3c89c7f1db26ae691db8,115,7,10,0.4782608695652174,1,0,广泛多样型,2023-11
dc83f9577ae72447a7b1,49,11,16,0.6122448979591837,1,2,探索尝试型,2023-11
be503fccbf0ae5532639,46,8,20,0.5,1,0,广泛多样型,2023-11
cd6355bf939a47577f6d,234,17,25,0.44017094017094016,1,0,广泛多样型,2023-11
fb4411db1aac3cd2544b,30,5,10,0.3,1,1,集中针对型,2023-11
f06c3ddb1a98713eeb32,108,11,25,0.4537037037037037,1,0,广泛多样型,2023-11
bca2be7a89b9b36b45cc,74,16,23,0.8108108108108109,1,2,探索尝试型,2023-11
f058870b1bc33e288e82,69,7,23,0.7536231884057971,1,0,广泛多样型,2023-11
e324cc9cb52a2b3cb9cb,41,10,5,0.12195121951219512,1,1,集中针对型,2023-11
a1fa76b5d99a411d6649,47,9,16,0.8085106382978723,1,2,探索尝试型,2023-11
79ea7a2f63285f2fe26b,90,8,15,0.8555555555555555,1,0,广泛多样型,2023-11
54826f4abf592713d585,61,11,18,0.8688524590163934,1,2,探索尝试型,2023-11
e716574233e87591ff19,47,6,11,0.574468085106383,1,1,集中针对型,2023-11
bab3d23935ae4f8e798c,111,20,22,0.5945945945945946,1,0,广泛多样型,2023-11
d2403aa287eb869a170a,21,3,6,0.2857142857142857,1,1,集中针对型,2023-11
ce1a32f22b91f4d81015,76,9,26,0.6973684210526315,1,0,广泛多样型,2023-11
1b25734414fcc7466153,68,10,9,0.5147058823529411,1,0,广泛多样型,2023-11
d0a933a514028d777578,48,8,15,0.8958333333333334,1,1,集中针对型,2023-11
81c4c46f19cb21d54bbb,21,4,8,0.47619047619047616,1,1,集中针对型,2023-11
876aca2b8ce1958ea773,73,13,16,0.410958904109589,1,0,广泛多样型,2023-11
c57c5ca2df494f27ca64,24,9,12,0.9583333333333334,1,1,集中针对型,2023-11
64d1d58d40bca568347c,43,4,12,0.6046511627906976,1,1,集中针对型,2023-11
75c2677c8d156032e303,173,15,19,0.24277456647398843,1,0,广泛多样型,2023-11
b345ecad87a7fbac77ce,66,10,17,0.8939393939393939,1,0,广泛多样型,2023-11
360820d6620d17d1b48b,55,8,11,0.9454545454545454,1,1,集中针对型,2023-11
7086b49d3d6c2cf79c1a,13,7,11,0.8461538461538461,1,1,集中针对型,2023-11
cac3f85073c947532796,146,14,26,0.815068493150685,1,0,广泛多样型,2023-11
e37bbe9fe37f92b785d9,74,10,21,0.5405405405405406,1,0,广泛多样型,2023-11
8b6d1125760bd3939b6e,8,2,4,1.0,1,1,集中针对型,2023-11
0a8736f6520cea837d94,63,5,19,0.5555555555555556,1,0,广泛多样型,2023-11
37ae91c472189108a737,37,6,14,0.5945945945945946,1,1,集中针对型,2023-11
488934d01a504bc212b4,55,12,23,0.8727272727272727,1,2,探索尝试型,2023-11
545eb6c8154273344669,67,11,16,0.43283582089552236,1,0,广泛多样型,2023-11
22ae866c664a147f9971,14,3,6,0.8571428571428571,1,1,集中针对型,2023-11
86215294b080f19af22f,30,5,9,0.5333333333333333,1,1,集中针对型,2023-11
1e25b47eaef62694a236,48,2,7,0.5,1,1,集中针对型,2023-11
580e98185da72b5f34cd,49,5,6,0.8979591836734694,1,1,集中针对型,2023-11
47eeab842793b09300c3,6,2,4,0.6666666666666666,1,1,集中针对型,2023-11
99d6b8a1cc0020112951,7,5,3,0.5714285714285714,1,1,集中针对型,2023-11
ff59855075a6bc39d62b,6,2,4,1.0,1,1,集中针对型,2023-11
8d422b817027d7721870,23,3,8,0.9565217391304348,1,1,集中针对型,2023-11
18cdd44af62c6935e7a0,81,5,18,0.7160493827160493,1,0,广泛多样型,2023-11
c00c91256ab1777d0dbc,27,4,7,0.48148148148148145,1,1,集中针对型,2023-11
10de703c06bf9d873d68,49,5,18,0.5306122448979592,1,0,广泛多样型,2023-11
5d89810b20079366fcc2,14,2,13,0.8571428571428571,1,1,集中针对型,2023-11
uvh2zil455wi0dcdan51,52,20,30,0.5769230769230769,1,2,探索尝试型,2023-11
79cvflltnemb9zpg6pgl,37,17,21,0.6756756756756757,1,2,探索尝试型,2023-11
1mp9yiw6rkrr3846047g,34,17,20,0.6470588235294118,1,2,探索尝试型,2023-11
lzvutqpj9ggc0nwwsxcv,40,22,21,0.6,1,2,探索尝试型,2023-11
0maggb1hf886m5u6p2vr,39,20,24,0.5641025641025641,1,2,探索尝试型,2023-11
isa355t9q5rut5fm8aml,33,17,18,0.5757575757575758,1,2,探索尝试型,2023-11
qz6jjynwbd3szlp0rj04,33,19,18,0.696969696969697,1,2,探索尝试型,2023-11
oppl3ojvw61dvd5yw1wl,37,15,16,0.6486486486486487,1,2,探索尝试型,2023-11
styld7k1gge5cvjria5b,28,19,22,0.7142857142857143,1,2,探索尝试型,2023-11
pr6b1twg5sgsrzek6adi,47,21,21,0.574468085106383,1,2,探索尝试型,2023-11
ao2x473zwn7k7a6gpfr9,33,21,21,0.6060606060606061,1,2,探索尝试型,2023-11
cnkddx6ofjqd7ueylz0e,39,20,20,0.5128205128205128,1,2,探索尝试型,2023-11
s0vfgmhobw9jq6al8iww,39,21,21,0.6410256410256411,1,2,探索尝试型,2023-11
8cvzwcc62ql4rqj0pyzl,40,17,22,0.65,1,2,探索尝试型,2023-11
oit2xadfbpuveswzx4pf,38,20,21,0.6578947368421053,1,2,探索尝试型,2023-11
o5lo8q4tb8yt0v8imkw4,31,20,20,0.5161290322580645,1,2,探索尝试型,2023-11
i21qi5qdsjqcch2xvdd5,38,20,24,0.5,1,2,探索尝试型,2023-11
jwdjcrxdn0um79f0rjvw,38,18,21,0.6052631578947368,1,2,探索尝试型,2023-11
ifj584ryrjv639n4nnsu,33,18,18,0.696969696969697,1,2,探索尝试型,2023-11
5gs9643ghg39gpkgi3e5,31,17,19,0.5483870967741935,1,2,探索尝试型,2023-11
zlaig56ve06t7jruk2mr,34,20,21,0.7058823529411765,1,2,探索尝试型,2023-11
47vclaej1xmb0rc8kgka,42,22,24,0.6190476190476191,1,2,探索尝试型,2023-11
fvurnsqlgyr9zbd6msqs,26,17,15,0.6153846153846154,1,2,探索尝试型,2023-11
qw1seyo5nrhlm8vby58w,44,22,21,0.6136363636363636,1,2,探索尝试型,2023-11
t3wo8xb4rq94n3fpfk35,39,17,24,0.5128205128205128,1,2,探索尝试型,2023-11
vhlntoniujqiclub2juy,36,18,20,0.6666666666666666,1,2,探索尝试型,2023-11
6o68qswzkvrrtbiz6bzr,41,22,25,0.43902439024390244,1,2,探索尝试型,2023-11
wwh529n48kyjq1xe9h46,31,19,18,0.7096774193548387,1,2,探索尝试型,2023-11
cuwakm24vlp785ky5w71,51,22,26,0.6470588235294118,1,2,探索尝试型,2023-11
91ybnlkli8x332l13rrk,37,22,20,0.5405405405405406,1,2,探索尝试型,2023-11
exj3a7hd6gwihbowgm3w,35,20,19,0.5142857142857142,1,2,探索尝试型,2023-11
zeuj2ypen39p38d4m3oj,42,19,20,0.5238095238095238,1,2,探索尝试型,2023-11
xh8a7nmtz192pknhec33,31,18,16,0.5806451612903226,1,2,探索尝试型,2023-11
9wax6sfj9cuqbbxc95om,32,19,20,0.625,1,2,探索尝试型,2023-11
k4usquerebza4uy0i57h,31,19,19,0.41935483870967744,1,2,探索尝试型,2023-11
f7a14eb1e15ceeea955c,38,8,13,0.7368421052631579,1,1,集中针对型,2023-11
68c45e933c2dc939e7c9,68,8,16,0.8382352941176471,1,0,广泛多样型,2023-11
a5966200ae4d58200438,52,13,24,0.8653846153846154,1,2,探索尝试型,2023-11
6e8118d5ad3c7093b869,44,8,20,0.9772727272727273,1,2,探索尝试型,2023-11
2f3c37735e817244e646,32,6,17,0.5,1,2,探索尝试型,2023-11
95889f5d20e344714084,68,4,22,0.4117647058823529,1,0,广泛多样型,2023-11
1329b6cf41debecda787,53,16,25,0.9433962264150944,1,2,探索尝试型,2023-11
daf693769d8638a22ee9,23,5,8,0.782608695652174,1,1,集中针对型,2023-11
460fa4961434cf281423,40,10,11,0.65,1,1,集中针对型,2023-11
18654732ca312afc173f,3,2,2,1.0,1,1,集中针对型,2023-11
f9d95830556934ae9a01,50,10,17,0.66,1,2,探索尝试型,2023-11
7c3fa9ed66d940d49692,6,3,4,1.0,1,1,集中针对型,2023-11
6486c0664d217470d126,35,10,25,1.0,1,2,探索尝试型,2023-11
af8dedf6ecb4605a09fa,91,15,13,0.8351648351648352,1,0,广泛多样型,2023-11
06aff3e28c5db152f506,17,4,7,0.6470588235294118,1,1,集中针对型,2023-11
d2e033f11edce44fea3d,31,6,15,0.7419354838709677,1,1,集中针对型,2023-11
c955c51bfd07134bc831,39,7,13,0.8461538461538461,1,1,集中针对型,2023-11
da2199a7da15995db5ff,23,7,6,0.9130434782608695,1,1,集中针对型,2023-11
f25a777dbbda3d4314d7,50,4,17,0.58,1,0,广泛多样型,2023-11
906ffe092972df38360a,15,5,9,0.8666666666666667,1,1,集中针对型,2023-11
222d5ee50487a2b8601b,33,3,9,0.36363636363636365,1,1,集中针对型,2023-11
0088dc183f73c83f763e,21,5,12,0.6666666666666666,1,1,集中针对型,2023-11
e6c8ce7f4d7b0b4ca4a6,26,6,12,0.7692307692307693,1,1,集中针对型,2023-11
5a8cce5abee961fc77f3,31,7,15,0.8387096774193549,1,1,集中针对型,2023-11
41e9ff991a4a21f423a8,58,12,20,0.7068965517241379,1,2,探索尝试型,2023-11
6ae7d356ba998218af82,29,6,17,0.9310344827586207,1,1,集中针对型,2023-11
0c670262b3941d307600,47,11,17,0.48936170212765956,1,2,探索尝试型,2023-11
37905cfdcd105683aaf4,66,11,20,0.5151515151515151,1,0,广泛多样型,2023-11
50fec4ca4283ad18c000,26,8,10,0.6153846153846154,1,1,集中针对型,2023-11
9d030ebc092b353b9906,36,11,21,0.8611111111111112,1,2,探索尝试型,2023-11
6002b9ec0f4ad0b281cf,63,9,23,0.8571428571428571,1,0,广泛多样型,2023-11
981cf48df067d975675b,66,10,21,0.8333333333333334,1,0,广泛多样型,2023-11
f82461b84c9c48a36613,57,14,21,0.8421052631578947,1,2,探索尝试型,2023-11
7d882daa0b4d418d1d0c,50,7,14,0.88,1,1,集中针对型,2023-11
152a0c17daaaa4e65e14,56,8,15,0.9464285714285714,1,1,集中针对型,2023-11
41f718ae2aed1d6c2573,24,7,13,0.7083333333333334,1,1,集中针对型,2023-11
bd099a9fd29545e3766a,27,5,14,0.7777777777777778,1,1,集中针对型,2023-11
5d580a610c7f8114eb5c,31,11,18,0.967741935483871,1,2,探索尝试型,2023-11
077d5c82c9ee5019220f,33,3,12,0.9696969696969697,1,1,集中针对型,2023-11
2c6339f7c23a64d02081,18,4,7,0.5555555555555556,1,1,集中针对型,2023-11
d33a15d480f68c6ec82f,51,8,19,0.8431372549019608,1,2,探索尝试型,2023-11
cb2fbb322cc30a8b8fef,103,10,19,0.5631067961165048,1,0,广泛多样型,2023-11
977ece9de941d85308ac,14,6,11,0.7857142857142857,1,1,集中针对型,2023-11
db2418c575c0a4f7239d,30,7,11,0.9333333333333333,1,1,集中针对型,2023-11
3267b84814316e2fa25e,65,11,21,0.7692307692307693,1,0,广泛多样型,2023-11
f47eab262dd5809d4d60,54,10,21,0.46296296296296297,1,0,广泛多样型,2023-11
0b8bea274b24847526b7,16,2,15,1.0,1,1,集中针对型,2023-11
5fbaf8a0f524358778bb,56,10,21,0.9107142857142857,1,2,探索尝试型,2023-11
15ab118362ecbbd03b52,39,6,14,0.8717948717948718,1,1,集中针对型,2023-11
3555053023c67d592439,18,8,15,0.8888888888888888,1,1,集中针对型,2023-11
a4bfb84ab74e59389e7a,109,14,14,0.7339449541284404,1,0,广泛多样型,2023-11
bfc3a5cb3b9c29f08176,73,5,11,0.726027397260274,1,0,广泛多样型,2023-11
ee1ef9674f9e0bfca48b,19,3,10,0.5263157894736842,1,1,集中针对型,2023-11
79fdbcf16db75f75383a,26,5,9,0.8076923076923077,1,1,集中针对型,2023-11
058c03d945c4ae0978a0,7,2,7,1.0,1,1,集中针对型,2023-11
5c33bb784bb99763ed74,21,3,6,0.8571428571428571,1,1,集中针对型,2023-11
awxiqzybhp95e08qx1h5,34,17,19,0.7941176470588235,1,2,探索尝试型,2023-11
3qvqfnzdg358mord1cku,40,16,19,0.725,1,2,探索尝试型,2023-11
dgoapkg9vpnafks22kx4,48,24,19,0.75,1,2,探索尝试型,2023-11
2jvnsh0veb6qnn3uv6i8,40,20,21,0.675,1,2,探索尝试型,2023-11
putb7ja6dwpdag4bwvnj,42,20,18,0.7380952380952381,1,2,探索尝试型,2023-11
3m4gx52iq3mwqdycm8mm,43,21,22,0.8372093023255814,1,2,探索尝试型,2023-11
2zfdinkl7qrn0o62tlp4,31,17,17,0.7741935483870968,1,2,探索尝试型,2023-11
2uxkhe454qk8jvk0ufvp,28,20,15,0.8214285714285714,1,2,探索尝试型,2023-11
xy7cro773yqyoblucwkp,24,17,16,0.625,1,2,探索尝试型,2023-11
shtnl1wh1mconb8od5ko,49,21,23,0.6938775510204082,1,2,探索尝试型,2023-11
ugaiak78ggmnku4yndlt,31,19,16,0.8064516129032258,1,2,探索尝试型,2023-11
x8hldszj3z40bgxl4mci,35,16,17,0.8,1,2,探索尝试型,2023-11
66f99grd556eyxjqk7pz,39,19,21,0.7435897435897436,1,2,探索尝试型,2023-11
62olkigg7ntlaf6fzytl,45,19,18,0.8,1,2,探索尝试型,2023-11
n8pe3tt7qmlgojwhhsj0,28,16,17,0.7142857142857143,1,2,探索尝试型,2023-11
yyz9rmyzzdp52h0glddp,48,22,22,0.7916666666666666,1,2,探索尝试型,2023-11
99dj4o3b2f6m4jemke7d,44,19,21,0.8636363636363636,1,2,探索尝试型,2023-11
553l2g7kpifbvn82knxk,42,22,19,0.7619047619047619,1,2,探索尝试型,2023-11
ef04ejvyvmh5votejbif,35,18,20,0.6571428571428571,1,2,探索尝试型,2023-11
3cic5ziycjx4ik4ll0v1,49,22,22,0.7755102040816326,1,2,探索尝试型,2023-11
ik7o5ykfnku0qp74sy1i,39,15,18,0.6923076923076923,1,2,探索尝试型,2023-11
je7kqkmpwkosa7nkgfpx,36,20,22,0.6944444444444444,1,2,探索尝试型,2023-11
9trgand057juzal1kecf,40,20,23,0.85,1,2,探索尝试型,2023-11
si6ymh6w7xbo2f40o0p8,41,20,19,0.7804878048780488,1,2,探索尝试型,2023-11
zyfp520tbnq5p2pvrkin,40,22,18,0.725,1,2,探索尝试型,2023-11
vrdxefyyyx3tkticfqnv,37,18,19,0.6486486486486487,1,2,探索尝试型,2023-11
58n0dsxyyqnriomw67id,40,22,21,0.775,1,2,探索尝试型,2023-11
dfnvtf7qbi2955rjeaqx,38,21,18,0.7894736842105263,1,2,探索尝试型,2023-11
4acutl013itvh9va99p7,36,18,20,0.8055555555555556,1,2,探索尝试型,2023-11
6tq9irjllweqmqe4u7sf,19,14,16,0.7894736842105263,1,2,探索尝试型,2023-11
5mrih4nj5agvu67vao4m,33,17,20,0.8787878787878788,1,2,探索尝试型,2023-11
bwvpzqnhh752noqjqj8d,40,20,19,0.775,1,2,探索尝试型,2023-11
rd32gyblqsfn03xatnmt,49,25,22,0.7346938775510204,1,2,探索尝试型,2023-11
pkjom9yr5m9690fg6wsi,34,20,20,0.8235294117647058,1,2,探索尝试型,2023-11
p6cp3ogj6xy2riczfupv,30,16,17,0.7333333333333333,1,2,探索尝试型,2023-11
4c90f16c0fcd85d3de25,115,6,16,0.33043478260869563,1,0,广泛多样型,2023-11
c352158bed343ccff8e5,45,5,26,0.6444444444444445,1,0,广泛多样型,2023-11
e3ce61b92eeae0a33633,46,5,31,0.717391304347826,1,0,广泛多样型,2023-11
166cb02ac436c9d3662f,155,5,12,0.33548387096774196,1,0,广泛多样型,2023-11
5f55600069b483f999f5,106,6,12,0.14150943396226415,1,0,广泛多样型,2023-11
749fec50db4020e9bfcc,61,7,17,0.3442622950819672,1,0,广泛多样型,2023-11
7ab9a2516b2dba99c36c,20,2,9,0.45,1,1,集中针对型,2023-11
19fb3075dd2798538c9d,25,6,12,0.92,1,1,集中针对型,2023-11
170a695a2717bcd9b74b,67,7,14,0.5074626865671642,1,0,广泛多样型,2023-11
36ebf305b7206112f676,28,3,21,0.8928571428571429,1,1,集中针对型,2023-11
9e4c54a008ee874fc270,44,14,23,0.7727272727272727,1,2,探索尝试型,2023-11
a8846b79555746e4f9df,3,1,3,1.0,1,1,集中针对型,2023-11
1629f353a742f6a73251,65,8,23,0.676923076923077,1,0,广泛多样型,2023-11
1202c731c612353ceef0,38,4,6,0.2894736842105263,1,1,集中针对型,2023-11
0e062d9fa22dc8e3bca2,52,16,24,0.9615384615384616,1,2,探索尝试型,2023-11
918236b530adbe510201,15,3,3,0.4,1,1,集中针对型,2023-11
0f8bd9e33125347965a1,94,6,21,0.2978723404255319,1,0,广泛多样型,2023-11
2c3b89432513b2035664,59,5,24,0.6779661016949152,1,0,广泛多样型,2023-11
1397545fbe9882e5cd42,63,7,13,0.6825396825396826,1,0,广泛多样型,2023-11
d94c5dba40d9fcbfb8d9,63,8,13,0.6984126984126984,1,0,广泛多样型,2023-11
7380885aaba482170588,59,5,34,0.864406779661017,1,0,广泛多样型,2023-11
6d35a9a33338a84dd077,75,10,15,0.48,1,0,广泛多样型,2023-11
011d454f199c123d44ad,71,5,13,0.352112676056338,1,0,广泛多样型,2023-11
72b4334deffff31dea8b,36,4,8,0.7777777777777778,1,1,集中针对型,2023-11
9e7bdc44129bf5acc196,83,5,24,0.37349397590361444,1,0,广泛多样型,2023-11
75097aa30e9373a612c7,48,12,20,0.75,1,2,探索尝试型,2023-11
93c2f240de504736b8d0,13,2,3,0.3076923076923077,1,1,集中针对型,2023-11
0f160cd19890b97092b9,22,5,12,0.8636363636363636,1,1,集中针对型,2023-11
a0a1991396f865c9e3dc,198,15,18,0.7121212121212122,1,0,广泛多样型,2023-11
432fd26823e230070734,93,7,13,0.3118279569892473,1,0,广泛多样型,2023-11
f4e46ba446c56e56259b,36,4,19,0.8055555555555556,1,1,集中针对型,2023-11
8fb30cb5c7ad360c995f,104,8,12,0.75,1,0,广泛多样型,2023-11
c5b9961e65ffa73d971e,33,8,6,0.5454545454545454,1,1,集中针对型,2023-11
5b5ef66e547d63806a56,57,6,17,0.7192982456140351,1,0,广泛多样型,2023-11
bafdbc62a48daf6840c9,90,4,9,0.2777777777777778,1,0,广泛多样型,2023-11
701a989d65a59c18845b,42,5,16,0.7380952380952381,1,1,集中针对型,2023-11
d3ba1fe030801d700cb6,3,1,1,0.3333333333333333,1,1,集中针对型,2023-11
3f55d44d7572d52b2987,55,11,20,0.8181818181818182,1,2,探索尝试型,2023-11
d27565678ffa4a9bfa85,8,2,1,0.0,1,1,集中针对型,2023-11
efb9fe363bdeb9f48d69,31,8,27,0.8387096774193549,1,2,探索尝试型,2023-11
28719a42e0cbf4991b7f,33,7,13,0.8181818181818182,1,1,集中针对型,2023-11
62156eada978f707f5d2,21,5,10,0.7619047619047619,1,1,集中针对型,2023-11
46a7a18ca160c829a15f,116,12,12,0.4224137931034483,1,0,广泛多样型,2023-11
63aded37545ab92d41d4,10,2,2,0.2,1,1,集中针对型,2023-11
57c33a6126c456c5ada8,45,3,14,0.3111111111111111,1,0,广泛多样型,2023-11
84e8300978b600b5f0ba,22,5,9,0.5454545454545454,1,1,集中针对型,2023-11
e851f82a650692f8e591,22,5,11,0.6363636363636364,1,1,集中针对型,2023-11
951eea03695f436017d3,11,3,9,0.8181818181818182,1,1,集中针对型,2023-11
098b2c66cbc1ed736e14,66,8,21,0.8484848484848485,1,0,广泛多样型,2023-11
33ddb1517601db520cd6,48,9,20,0.9583333333333334,1,2,探索尝试型,2023-11
a55511198784610bf30b,12,3,5,0.4166666666666667,1,1,集中针对型,2023-11
446d2ad0ca2908ffa4f9,24,3,16,0.625,1,1,集中针对型,2023-11
2ccfa5f79c8b61e465d4,18,4,7,0.7777777777777778,1,1,集中针对型,2023-11
nl4vt11ikn4we06zu0zj,34,16,21,0.5588235294117647,1,2,探索尝试型,2023-11
bvz9hmtzknu45wvb0yaw,38,17,22,0.6842105263157895,1,2,探索尝试型,2023-11
4fl8e5s0nf65bm2m34f0,31,16,19,0.5806451612903226,1,2,探索尝试型,2023-11
wbdvbdebq64ujpi9u7mn,29,16,19,0.5172413793103449,1,2,探索尝试型,2023-11
fb735wd248crm37cgmgw,29,15,19,0.6896551724137931,1,2,探索尝试型,2023-11
i8gdglua8vbd4ul9x09f,35,18,18,0.5428571428571428,1,2,探索尝试型,2023-11
fov3pbwdqzvhgcjp7o9f,30,15,18,0.5,1,2,探索尝试型,2023-11
1hrtipd0awjpggdje5e2,28,13,17,0.5714285714285714,1,2,探索尝试型,2023-11
3iz4t53ooerb6sruxf3n,35,18,24,0.5428571428571428,1,2,探索尝试型,2023-11
hcm6w0jxnfqhkpm745cu,29,16,18,0.5172413793103449,1,2,探索尝试型,2023-11
zon2ut7eqwqd7i86etaw,34,16,20,0.5294117647058824,1,2,探索尝试型,2023-11
wxgj9kdmdrmullrthnso,35,18,23,0.45714285714285713,1,2,探索尝试型,2023-11
4glo109mkgy7azntyttp,37,20,24,0.6486486486486487,1,2,探索尝试型,2023-11
z0ti2nr5nh9fpad7wntt,30,13,19,0.6666666666666666,1,2,探索尝试型,2023-11
t8a5fgt3wo8w18amulu3,32,16,20,0.59375,1,2,探索尝试型,2023-11
44x159fl0pw2uucriuga,37,19,22,0.7027027027027027,1,2,探索尝试型,2023-11
7r0ywonplo8up7m35eav,32,17,23,0.53125,1,2,探索尝试型,2023-11
cunf3y04zq0f90dgy36j,48,19,27,0.5,1,2,探索尝试型,2023-11
1kvfwfp2hr5hjxjxzjqd,44,17,26,0.5454545454545454,1,2,探索尝试型,2023-11
qd5cqu3du8n28xxtkftw,35,21,24,0.5714285714285714,1,2,探索尝试型,2023-11
0gfiioqi5g8djhh1wzol,30,15,19,0.4,1,2,探索尝试型,2023-11
4xh67ezjc331pg9q3kfv,45,19,24,0.5555555555555556,1,2,探索尝试型,2023-11
vqz1prz6hwnqepxsieip,36,18,24,0.6666666666666666,1,2,探索尝试型,2023-11
no0afrue2n6m8hcnuek1,47,20,25,0.5957446808510638,1,2,探索尝试型,2023-11
alj4azvv1eqg1cyr3ae3,31,16,19,0.6129032258064516,1,2,探索尝试型,2023-11
93iq4xjhvlc8072fsfet,32,17,22,0.65625,1,2,探索尝试型,2023-11
kpw433bcv21ksp1wgrux,38,19,23,0.7105263157894737,1,2,探索尝试型,2023-11
yb4sqfrwu788fa6y4zeb,33,14,20,0.36363636363636365,1,2,探索尝试型,2023-11
fvlb9xi66oze7eo3yhdh,40,19,24,0.625,1,2,探索尝试型,2023-11
8ajv97zyciosc57q0cng,42,19,21,0.5238095238095238,1,2,探索尝试型,2023-11
cnqyqc90n3ixrlc3mri7,38,19,21,0.5789473684210527,1,2,探索尝试型,2023-11
m3y8jkkgflwqwcelrwzz,35,18,22,0.6285714285714286,1,2,探索尝试型,2023-11
d6qgzp196pwnzk7agyn6,36,19,23,0.5277777777777778,1,2,探索尝试型,2023-11
ymb5gxf0fi27kpj2f101,23,13,18,0.4782608695652174,1,2,探索尝试型,2023-11
7c2qxvccum7f93e8ohgt,38,21,21,0.6052631578947368,1,2,探索尝试型,2023-11
3ff069e95a9047dbfa8b,43,6,10,0.6976744186046512,1,1,集中针对型,2023-11
016226278e6a69e10aa4,51,12,14,0.6274509803921569,1,2,探索尝试型,2023-11
7c1d8516e6c2ab2d3030,47,3,32,0.7872340425531915,1,0,广泛多样型,2023-11
453d43b3f6bdf467e672,77,9,9,0.7662337662337663,1,0,广泛多样型,2023-11
6fe309a58b787e7010eb,46,12,20,0.717391304347826,1,2,探索尝试型,2023-11
e9b6fa8a87469779d732,54,7,8,0.46296296296296297,1,1,集中针对型,2023-11
d8ed5a1897987ffdeaed,13,3,7,0.7692307692307693,1,1,集中针对型,2023-11
99a53846658ba3341de6,29,6,10,1.0,1,1,集中针对型,2023-11
afc99b4940e933922aca,6,2,3,0.3333333333333333,1,1,集中针对型,2023-11
3919286d3d8c4f4d339c,49,13,16,0.6326530612244898,1,2,探索尝试型,2023-11
4a6e1cf1e4e9d8f54717,3,1,1,1.0,1,1,集中针对型,2023-11
11dae4659d30031a10dd,59,11,14,0.4406779661016949,1,0,广泛多样型,2023-11
0fc996fff93c00ca5ced,97,5,9,0.44329896907216493,1,0,广泛多样型,2023-11
cafe5989da5dfed9f404,71,8,10,0.7323943661971831,1,0,广泛多样型,2023-11
ac4d829c715fb0c36ad5,10,1,10,1.0,1,1,集中针对型,2023-11
f36a755a3fa5db5c0743,55,5,17,0.7818181818181819,1,0,广泛多样型,2023-11
cade7d478dac7020a79b,8,3,6,0.875,1,1,集中针对型,2023-11
ec4897070f2d3b6eab89,33,7,14,0.8181818181818182,1,1,集中针对型,2023-11
20f97b68982d1b2f5c73,40,3,24,0.7,1,0,广泛多样型,2023-11
5f7b406b2bbf9789735f,37,10,19,0.4594594594594595,1,2,探索尝试型,2023-11
7bb37669654dedc7e397,59,8,18,0.5084745762711864,1,0,广泛多样型,2023-11
bb3328d3b1eecb5e1a8a,98,5,12,0.32653061224489793,1,0,广泛多样型,2023-11
a06fdb8743c4d4ef09fe,25,9,9,0.8,1,1,集中针对型,2023-11
61de1e21015e07aacbe8,107,8,27,0.6355140186915887,1,0,广泛多样型,2023-11
9d02a160cd171c5f4c18,57,2,12,0.42105263157894735,1,0,广泛多样型,2023-11
6d22912e7e93a96a8690,3,1,2,1.0,1,1,集中针对型,2023-11
c99e6802625540e4d1e2,21,2,9,0.8095238095238095,1,1,集中针对型,2023-11
c5d83404b165578ef794,17,3,8,0.8235294117647058,1,1,集中针对型,2023-11
90f3fbedfce50f644011,86,3,13,0.5348837209302325,1,0,广泛多样型,2023-11
c9c946fe211251af32d1,25,7,12,0.84,1,1,集中针对型,2023-11
76fe2c19fa84d58b584b,74,9,20,0.43243243243243246,1,0,广泛多样型,2023-11
3ba42ec5350aacb0750a,149,7,20,0.7651006711409396,1,0,广泛多样型,2023-11
d1e44a91dd4f37c03d43,55,4,21,0.5636363636363636,1,0,广泛多样型,2023-11
a8350dcececa0b02dd14,8,1,7,1.0,1,1,集中针对型,2023-11
7694d71417c2f5202940,6,1,1,0.3333333333333333,1,1,集中针对型,2023-11
061db2c91f94c612f2d4,34,6,16,0.8823529411764706,1,1,集中针对型,2023-11
b8162292f2171005c2ba,99,9,21,0.7575757575757576,1,0,广泛多样型,2023-11
aa83cf5fc68c1dcb5038,10,2,2,0.8,1,1,集中针对型,2023-11
cf7f9c2c6872be9bf2d6,2,1,1,1.0,1,1,集中针对型,2023-11
d52b119f8da2a1812722,68,8,16,0.29411764705882354,1,0,广泛多样型,2023-11
dcd0562f8fb44933cb08,13,1,10,0.6923076923076923,1,1,集中针对型,2023-11
e3d0782396c346359a8f,83,5,33,0.6265060240963856,1,0,广泛多样型,2023-11
5m6lgwi0mkqs8ilg3qqs,23,4,7,0.21739130434782608,1,1,集中针对型,2023-11
728a4a393899c37a5429,14,4,8,0.7857142857142857,1,1,集中针对型,2023-11
h6miro3m8713s3dxuipr,24,14,14,0.5833333333333334,1,2,探索尝试型,2023-11
oi7j42phxrp4mc1n9h4b,31,20,19,0.6774193548387096,1,2,探索尝试型,2023-11
fqcud1c5mt7pdp9w0v6y,33,18,20,0.696969696969697,1,2,探索尝试型,2023-11
uk8sadmdmw8p7e22l2yr,40,18,21,0.575,1,2,探索尝试型,2023-11
t7x7ydt3u1cd2svfvk4q,25,15,18,0.64,1,2,探索尝试型,2023-11
buv73728fa9viqgrz5mj,28,18,17,0.5357142857142857,1,2,探索尝试型,2023-11
i1fr7kd71b2ni39kn958,22,18,17,0.5454545454545454,1,2,探索尝试型,2023-11
kilhyvtskm84umerpjee,27,14,19,0.5925925925925926,1,2,探索尝试型,2023-11
lexte4gc3dvjb7ty0qf5,28,17,16,0.6785714285714286,1,2,探索尝试型,2023-11
d3tt41de5iashfjr1txr,26,14,18,0.5,1,2,探索尝试型,2023-11
jyaxybaq8vui614ytd8i,32,18,18,0.59375,1,2,探索尝试型,2023-11
svxexhg20hs3bbqd4fm7,34,18,20,0.5588235294117647,1,2,探索尝试型,2023-11
3p34idi1traz2k8j0ulk,34,16,22,0.5882352941176471,1,2,探索尝试型,2023-11
fkenlzdweox7v0zaopqo,37,21,22,0.5135135135135135,1,2,探索尝试型,2023-11
w1uwjc89gv68yxkutpoe,34,18,19,0.5294117647058824,1,2,探索尝试型,2023-11
9a25hcbd3mhgaj0fyelo,28,16,16,0.6071428571428571,1,2,探索尝试型,2023-11
tvsgkf4oqh769h40lj43,32,16,18,0.6875,1,2,探索尝试型,2023-11
zc7xkcpo969z98kh6bg8,44,19,24,0.6136363636363636,1,2,探索尝试型,2023-11
8urc1lsyw615q5prnxwh,33,17,21,0.5757575757575758,1,2,探索尝试型,2023-11
6dx4zt62b8m37krb5l3n,41,16,24,0.6341463414634146,1,2,探索尝试型,2023-11
zeuj820acn6zhcbx617v,32,17,19,0.78125,1,2,探索尝试型,2023-11
uy29im7a6hnc34lfp8ae,34,19,24,0.5882352941176471,1,2,探索尝试型,2023-11
cp4d94b2v0ws6am7mvuw,28,16,18,0.6428571428571429,1,2,探索尝试型,2023-11
t9a891e0764br5ujna1a,33,19,18,0.5757575757575758,1,2,探索尝试型,2023-11
mqqf68ny1kdp6i69i7tt,36,20,23,0.6944444444444444,1,2,探索尝试型,2023-11
9lfh7vk4u8eh6zz1dmvp,28,16,20,0.6071428571428571,1,2,探索尝试型,2023-11
xsxczvs8iluovs3pt5q7,21,15,17,0.6190476190476191,1,2,探索尝试型,2023-11
6cxj0lsinp9d7215gtpe,28,15,19,0.6428571428571429,1,2,探索尝试型,2023-11
reo07h0d5zehmotdlz2w,19,14,14,0.8421052631578947,1,2,探索尝试型,2023-11
6iag08nt7se7f2hkgzx4,30,19,21,0.5666666666666667,1,2,探索尝试型,2023-11
rq44ojyrvdtad0tzsm32,40,18,22,0.6,1,2,探索尝试型,2023-11
i5hexmb5zlzhd8lvwdv3,17,9,16,0.7058823529411765,1,2,探索尝试型,2023-11
pv0c4za1m616k25gfwfb,30,19,19,0.5666666666666667,1,2,探索尝试型,2023-11
4vnvytgnlmv4jbfw9h3t,27,21,19,0.6666666666666666,1,2,探索尝试型,2023-11
ijieo064jbrs5ss1cmol,33,17,23,0.6060606060606061,1,2,探索尝试型,2023-11
fe752a6d1aa3d710d738,44,9,12,0.4318181818181818,1,2,探索尝试型,2023-11
6964a3d507ac1ecf9e52,55,11,13,0.8181818181818182,1,2,探索尝试型,2023-11
2d526c27123e59103e29,81,6,7,0.8518518518518519,1,1,集中针对型,2023-11
82da6d26645f8f71bd61,15,5,10,0.8666666666666667,1,1,集中针对型,2023-11
454c91e8f96c1dc4e994,63,6,11,0.6666666666666666,1,1,集中针对型,2023-11
2826ec26211d83efd2c6,32,11,13,0.5,1,2,探索尝试型,2023-11
4e768251c78b687fa993,35,8,13,0.8571428571428571,1,1,集中针对型,2023-11
488fc49e8fccd665c3e2,134,12,15,0.4552238805970149,1,0,广泛多样型,2023-11
8e25bcfa51d165f162f6,16,3,12,0.75,1,1,集中针对型,2023-11
2e2c00240c341a4265e3,49,13,17,0.7959183673469388,1,2,探索尝试型,2023-11
13de1d3a55477a0c0329,91,5,27,0.3076923076923077,1,0,广泛多样型,2023-11
1fa4f2361b8a03040292,74,11,17,0.5405405405405406,1,0,广泛多样型,2023-11
03754dce5ec7731fb3e2,37,9,11,1.0,1,1,集中针对型,2023-11
fe40bd528b4fbbf591e1,46,6,12,0.782608695652174,1,1,集中针对型,2023-11
430420fb41fe0a889868,111,8,17,0.8738738738738738,1,0,广泛多样型,2023-11
912794ea0c6936c83ce2,37,12,14,0.7567567567567568,1,2,探索尝试型,2023-11
19793e7e55b68c8dd776,42,6,17,0.9523809523809523,1,1,集中针对型,2023-11
03e0c9bff3a9557480d9,19,2,9,0.8421052631578947,1,1,集中针对型,2023-11
60c3549c706fe13322ce,51,8,19,0.6470588235294118,1,0,广泛多样型,2023-11
9ee3e6df01c7cc22d066,100,7,21,0.57,1,0,广泛多样型,2023-11
e17f01453906e3ae5716,76,10,14,0.3684210526315789,1,0,广泛多样型,2023-11
d103bd9455fb9258c805,31,4,8,0.2903225806451613,1,1,集中针对型,2023-11
2ecb7fb5ff8899614c12,51,5,22,0.6862745098039216,1,0,广泛多样型,2023-11
2e3e7cbe0e69add8d31a,19,3,12,0.9473684210526315,1,1,集中针对型,2023-11
f22c9341431a6123f670,41,6,20,0.9024390243902439,1,1,集中针对型,2023-11
d536120baaef5495c028,54,4,20,0.3888888888888889,1,0,广泛多样型,2023-11
ba563fef8484139dc84d,29,5,9,0.3793103448275862,1,1,集中针对型,2023-11
42e83553ca9d77ab4aee,55,7,17,0.8363636363636363,1,1,集中针对型,2023-11
b34d4dc5b6c5fd7c5def,34,5,21,0.9411764705882353,1,1,集中针对型,2023-11
a856f10303ba34926fdd,36,8,12,0.6111111111111112,1,1,集中针对型,2023-11
a9554f5c3d61d05617e1,1,1,1,1.0,1,1,集中针对型,2023-11
d72abe041b8db9118e70,20,5,9,0.6,1,1,集中针对型,2023-11
6b9ee688551136da2eb9,11,4,8,0.8181818181818182,1,1,集中针对型,2023-11
17e429460d5fda251953,56,3,7,0.42857142857142855,1,1,集中针对型,2023-11
4738a118c8b8fa271fd6,26,6,10,0.8076923076923077,1,1,集中针对型,2023-11
be032ee60c336e4701e0,39,2,12,0.5384615384615384,1,1,集中针对型,2023-11
67f8d47cfb7b7b3d2095,41,8,11,0.7073170731707317,1,1,集中针对型,2023-11
d6f3f410bbb24244d270,2,1,1,0.5,1,1,集中针对型,2023-11
a0fa57995e3e8cdcc13a,83,5,4,0.9759036144578314,1,1,集中针对型,2023-11
2af634997fba501740c2,46,6,11,0.9130434782608695,1,1,集中针对型,2023-11
4c26df96293b4a52bc03,21,5,8,0.42857142857142855,1,1,集中针对型,2023-11
4bceaffe5e429ed3333b,11,2,6,0.6363636363636364,1,1,集中针对型,2023-11
c9e6e9322dd7054e618c,16,5,10,0.875,1,1,集中针对型,2023-11
0107f72b66cbd1a0926d,46,7,18,0.8260869565217391,1,1,集中针对型,2023-11
b0a62c35bfc7f529e83b,17,3,7,0.7647058823529411,1,1,集中针对型,2023-11
9b1c065069dbb7a71617,9,1,4,0.4444444444444444,1,1,集中针对型,2023-11
vzdurh8f0rfus5h4bde2,27,14,17,0.7777777777777778,1,2,探索尝试型,2023-11
ng2c52g74hfaudyxmm6m,37,20,21,0.7027027027027027,1,2,探索尝试型,2023-11
m3xzctvbxlbxz80zz042,27,17,17,0.5185185185185185,1,2,探索尝试型,2023-11
cgydhui8n3uoxbq5rznl,33,17,16,0.6060606060606061,1,2,探索尝试型,2023-11
1nebcwra7a0fduy8c1fa,42,19,18,0.6428571428571429,1,2,探索尝试型,2023-11
19rc4zj7sw4ms0996992,31,18,18,0.6774193548387096,1,2,探索尝试型,2023-11
mn8t0yyppsznr674ic1a,29,14,17,0.6206896551724138,1,2,探索尝试型,2023-11
ttsjumez81r1ot6tfe7n,33,17,18,0.6363636363636364,1,2,探索尝试型,2023-11
ucxxvfcovdwuokyswife,34,16,20,0.6470588235294118,1,2,探索尝试型,2023-11
4y1vvkscejq34042oag4,32,19,19,0.6875,1,2,探索尝试型,2023-11
yums89f0epz009xrrwrf,30,16,20,0.8333333333333334,1,2,探索尝试型,2023-11
z9q10sbk27qpuvatlkuw,28,15,15,0.6428571428571429,1,2,探索尝试型,2023-11
hoedc2pzfz6av5bn1jq3,32,20,16,0.75,1,2,探索尝试型,2023-11
uhky1uwx18u1e4nixzzf,37,21,16,0.7297297297297297,1,2,探索尝试型,2023-11
0sgnvj4zfg3xjjb9fl6h,35,15,19,0.5714285714285714,1,2,探索尝试型,2023-11
4v5xbvn3yhmvs97477pc,23,13,15,0.8695652173913043,1,2,探索尝试型,2023-11
h9urbo4ce8x02brjnloz,29,15,17,0.5172413793103449,1,2,探索尝试型,2023-11
ulowmljtsh72z64haltq,32,15,16,0.5625,1,2,探索尝试型,2023-11
j8inicu0iafkpv3u9431,35,16,16,0.7428571428571429,1,2,探索尝试型,2023-11
7ddzwidmh4uwbopvlast,31,19,19,0.5806451612903226,1,2,探索尝试型,2023-11
p3cs5x8cxrwubesmagvl,36,17,19,0.5833333333333334,1,2,探索尝试型,2023-11
g5wbnnhq1jbyc32q3003,30,16,16,0.8,1,2,探索尝试型,2023-11
sdun9fmcol7sud39mllw,36,21,18,0.7777777777777778,1,2,探索尝试型,2023-11
inyirhdpjahiguhs9e5b,25,16,16,0.64,1,2,探索尝试型,2023-11
74g1r714u01v7nb4vn8w,34,18,21,0.7352941176470589,1,2,探索尝试型,2023-11
isavn2ahb9n5z1q8win5,23,12,19,0.782608695652174,1,2,探索尝试型,2023-11
lewkf2owb42ywhfto9yf,31,20,18,0.7096774193548387,1,2,探索尝试型,2023-11
3ywgcurp27qp1fydp27z,36,18,19,0.8055555555555556,1,2,探索尝试型,2023-11
1otvyki9oso9bg6ob16u,31,16,17,0.5806451612903226,1,2,探索尝试型,2023-11
em248gxmeso9cw0wzlv8,34,15,18,0.6470588235294118,1,2,探索尝试型,2023-11
u968v341lom8drwdzqqj,27,14,18,0.7037037037037037,1,2,探索尝试型,2023-11
csxiwtz34vm9vr0kbryx,32,19,18,0.5625,1,2,探索尝试型,2023-11
pg8ucem69ixbqhznx0x2,26,14,15,0.8076923076923077,1,2,探索尝试型,2023-11
x8hocidvl3emcmrhw2f8,27,15,15,0.5925925925925926,1,2,探索尝试型,2023-11
flde3irykh8wauaj2fuw,26,17,17,0.5769230769230769,1,2,探索尝试型,2023-11
05e1c3ce1728da7e37e0,83,5,9,0.18072289156626506,1,0,广泛多样型,2023-11
66d7c0bdb21b7d5bd83d,186,10,22,0.40860215053763443,1,0,广泛多样型,2023-11
f81f52969ef1de783de3,70,14,26,0.7,1,0,广泛多样型,2023-11
c89e8b7b18082e2fa6df,140,14,33,0.45,1,0,广泛多样型,2023-11
522837ace4fd8dd743f2,161,17,15,0.546583850931677,1,0,广泛多样型,2023-11
0df40593e76a840fd64b,203,11,32,0.3645320197044335,1,0,广泛多样型,2023-11
952e59666bdde6dad94c,95,9,21,0.3894736842105263,1,0,广泛多样型,2023-11
800d0095388d11344b78,50,7,11,0.58,1,1,集中针对型,2023-11
71ca74e191e71b0219b5,59,7,21,0.5084745762711864,1,0,广泛多样型,2023-11
dddd7ba8769cf90bfd62,24,8,10,0.9583333333333334,1,1,集中针对型,2023-11
758a52e21fd5c23cd7ed,27,9,13,0.8518518518518519,1,1,集中针对型,2023-11
e62f7655cb5259abfbf1,13,5,4,0.3076923076923077,1,1,集中针对型,2023-11
0258f681a9e1756dfc76,83,12,9,0.20481927710843373,1,0,广泛多样型,2023-11
151cd83784ab9007e8d8,69,18,24,0.6521739130434783,1,2,探索尝试型,2023-11
8bf3625652581859dcd1,95,8,17,0.6842105263157895,1,0,广泛多样型,2023-11
63c38a00d97e62c31e08,44,5,9,0.8636363636363636,1,1,集中针对型,2023-11
f9dde99f5db421171b51,159,12,20,0.5471698113207547,1,0,广泛多样型,2023-11
b1b3363b7086aaa99b0d,36,12,18,0.6388888888888888,1,2,探索尝试型,2023-11
2fe9648ea28753c73c2c,39,9,13,0.6410256410256411,1,1,集中针对型,2023-11
204fdbe885269686a392,98,7,32,0.6224489795918368,1,0,广泛多样型,2023-11
4dfdfa5e1a04c832b9b4,12,3,3,1.0,1,1,集中针对型,2023-11
b1fbf77b475e79c3d413,12,1,6,0.8333333333333334,1,1,集中针对型,2023-11
71f6622e7caa6ed92506,45,10,25,0.8888888888888888,1,2,探索尝试型,2023-11
b9c7c66c8b57b9d3c6fa,51,7,14,0.39215686274509803,1,0,广泛多样型,2023-11
e4af37199530e9ea523c,54,8,12,0.7407407407407407,1,1,集中针对型,2023-11
7f1c076b22be73eef99b,16,5,8,0.875,1,1,集中针对型,2023-11
b9a8b9ee84232efd7d61,65,9,19,0.8769230769230769,1,0,广泛多样型,2023-11
04f2689b4ea16d8d7d9a,179,18,17,0.6256983240223464,1,0,广泛多样型,2023-11
4cc0dc56eecea1d928d1,45,5,13,0.4888888888888889,1,1,集中针对型,2023-11
2db6dd71f1d07300382c,34,8,18,0.6176470588235294,1,2,探索尝试型,2023-11
d2c5423ea5fa0a995264,48,4,15,0.5208333333333334,1,0,广泛多样型,2023-11
83b54209fa2b1055369b,64,9,16,0.828125,1,0,广泛多样型,2023-11
413cbf664ac3ba8307ea,21,4,5,0.7142857142857143,1,1,集中针对型,2023-11
a95a606f0110653858b2,49,6,13,0.2857142857142857,1,0,广泛多样型,2023-11
9ad512cc6cbd79aa81c7,33,8,12,0.5454545454545454,1,1,集中针对型,2023-11
9ee4ff457095eaf23309,63,8,17,0.4444444444444444,1,0,广泛多样型,2023-11
d53a4fb612fb801fff3d,42,8,16,0.5238095238095238,1,2,探索尝试型,2023-11
b6808721d4a7900e360a,13,3,3,0.5384615384615384,1,1,集中针对型,2023-11
f05247f3d32a4bf5a6df,67,7,16,0.43283582089552236,1,0,广泛多样型,2023-11
8e1012c9f4775ba6a451,88,6,9,0.32954545454545453,1,0,广泛多样型,2023-11
05e6d9723ab3cde0841d,40,2,6,0.3,1,1,集中针对型,2023-11
81c441973fd4e024d60a,105,14,18,0.41904761904761906,1,0,广泛多样型,2023-11
2a515047aa9d085849a2,14,7,7,0.9285714285714286,1,1,集中针对型,2023-11
3f34e3108d1108dab0fd,7,3,3,1.0,1,1,集中针对型,2023-11
42dd5f9cd9e2c3ac9ed7,25,4,13,0.52,1,1,集中针对型,2023-11
e5cab2ae37f3a9ed4f46,117,3,37,0.29914529914529914,1,0,广泛多样型,2023-11
ca10145a308249ed82e9,34,3,12,0.5294117647058824,1,1,集中针对型,2023-11
3bf7b3c9aa7d93ecb603,111,10,25,0.7567567567567568,1,0,广泛多样型,2023-11
6fc66606e74242398444,67,7,16,0.6119402985074627,1,0,广泛多样型,2023-11
2933a3227c7ce7fe21eb,54,8,15,0.37037037037037035,1,0,广泛多样型,2023-11
93f200d7351d4980fec6,74,9,25,0.8783783783783784,1,0,广泛多样型,2023-11
52a24e35d5356ab34a2e,29,3,8,0.3793103448275862,1,1,集中针对型,2023-11
329622100fe091a4c48c,31,4,4,0.3870967741935484,1,1,集中针对型,2023-11
c6ab0de398cfcbd21dc5,72,3,34,0.5833333333333334,1,0,广泛多样型,2023-11
1367d35cf39783effa7a,44,3,7,0.4318181818181818,1,1,集中针对型,2023-11
4e508744a9816cc4586a,48,1,26,0.6041666666666666,1,0,广泛多样型,2023-11
5abcc9d4fb5e764b2f6f,16,3,4,0.5,1,1,集中针对型,2023-11
4474f24ef69e01e2c001,33,2,8,0.5454545454545454,1,1,集中针对型,2023-11
5cda8273b348fbda9f29,13,2,2,0.8461538461538461,1,1,集中针对型,2023-11
o3jddioub8dsv0fm22qn,24,14,20,0.7916666666666666,1,2,探索尝试型,2023-11
oc0ww31yssff9rktgowo,43,24,26,0.6976744186046512,1,2,探索尝试型,2023-11
4x441h9y6wzknmtdw7q4,30,17,19,0.6333333333333333,1,2,探索尝试型,2023-11
2a6ap0t2rsvoogmydj3a,31,21,21,0.5161290322580645,1,2,探索尝试型,2023-11
hhplrx9xd7cm2w7aslma,31,18,22,0.5483870967741935,1,2,探索尝试型,2023-11
jnupp0jsv1kjsvbzlnrr,25,16,17,0.64,1,2,探索尝试型,2023-11
orubxhpr5e1heat93ue4,29,17,19,0.4482758620689655,1,2,探索尝试型,2023-11
u9owl1eky0jf8t3nc50o,42,21,27,0.6190476190476191,1,2,探索尝试型,2023-11
8kvpozl8kjupzd4yvwbv,30,15,21,0.36666666666666664,1,2,探索尝试型,2023-11
nx4zicy1jbulkuen41s5,39,21,23,0.38461538461538464,1,2,探索尝试型,2023-11
tp8x8dgd7d6dhpth8xni,33,19,20,0.5454545454545454,1,2,探索尝试型,2023-11
uhthvh60xp911d47x7xm,32,21,19,0.625,1,2,探索尝试型,2023-11
nkr2o4v6q9alvt7ju51e,30,16,18,0.43333333333333335,1,2,探索尝试型,2023-11
1afepx549ssnar1m9acp,38,21,20,0.5526315789473685,1,2,探索尝试型,2023-11
mhufhb84kyqgs0anwy1d,33,19,21,0.5757575757575758,1,2,探索尝试型,2023-11
zq3xohaut5o9dbd9064z,28,18,18,0.4642857142857143,1,2,探索尝试型,2023-11
rsclhbtmbxt0xrye64ax,33,19,17,0.6060606060606061,1,2,探索尝试型,2023-11
me4d1o3nzhyoj0xfast0,30,20,14,0.5666666666666667,1,2,探索尝试型,2023-11
p611flt77czmqgut14jl,38,18,25,0.4473684210526316,1,2,探索尝试型,2023-11
9nfrfi8p7oktnfr9c30b,32,20,18,0.40625,1,2,探索尝试型,2023-11
34qcy2qj5lij7g82hpvw,44,23,27,0.5227272727272727,1,2,探索尝试型,2023-11
f527k17lr4aumahjtj92,35,21,18,0.34285714285714286,1,2,探索尝试型,2023-11
4130weedl0x9hc7qe5a4,37,22,20,0.5405405405405406,1,2,探索尝试型,2023-11
m6p2hujqw21vc4lyt3f3,27,16,17,0.37037037037037035,1,2,探索尝试型,2023-11
zuw35j06tzftt6oon4c5,32,17,17,0.5625,1,2,探索尝试型,2023-11
xnvmb8uox3576k142awg,33,18,21,0.5151515151515151,1,2,探索尝试型,2023-11
daty5mq7b20bkt2c2zfs,40,22,25,0.425,1,2,探索尝试型,2023-11
j605t14y7ie6vr2n8s2c,36,19,20,0.5833333333333334,1,2,探索尝试型,2023-11
aqpg6qwtponj9ojmx6ls,33,19,17,0.3939393939393939,1,2,探索尝试型,2023-11
pgknalznufvmvwgc1ca8,37,22,23,0.4864864864864865,1,2,探索尝试型,2023-11
tv0sptqq56ri3dpcd9nl,37,21,21,0.4864864864864865,1,2,探索尝试型,2023-11
ubi6gd21j9e9rw46hoz6,29,18,21,0.5172413793103449,1,2,探索尝试型,2023-11
xgvqpyg5mro3wihwngur,35,17,21,0.5714285714285714,1,2,探索尝试型,2023-11
01qkq6w2v62cimidb3b7,31,20,18,0.7096774193548387,1,2,探索尝试型,2023-11
a30afe3tftu3pgsdxxdq,23,12,18,0.5217391304347826,1,2,探索尝试型,2023-11
81931021ce711e124d0b,143,11,14,0.7552447552447552,1,0,广泛多样型,2023-11
9294393fcd13593bc537,49,8,13,0.7755102040816326,1,1,集中针对型,2023-11
31741464205aa8cdb4f5,49,9,12,0.8367346938775511,1,1,集中针对型,2023-11
c63d5a67687762a9f967,81,10,15,0.6790123456790124,1,0,广泛多样型,2023-11
ad29c5822807dabe497c,50,6,10,0.46,1,1,集中针对型,2023-11
301f57984e5d2969c938,35,7,16,0.8285714285714286,1,1,集中针对型,2023-11
46e2d5243b6eef040f97,38,9,11,0.868421052631579,1,1,集中针对型,2023-11
6fefd33cf297f69bcae3,97,13,12,0.8247422680412371,1,0,广泛多样型,2023-11
17dda5f588bed077c742,15,3,4,1.0,1,1,集中针对型,2023-11
6d90c2fd38f2ea52ffd8,12,2,2,0.75,1,1,集中针对型,2023-11
fcf6463f948b24ac7cd8,44,6,11,0.6818181818181818,1,1,集中针对型,2023-11
d1df92e9d19fb2f22ebb,120,7,16,0.8083333333333333,1,0,广泛多样型,2023-11
72d383f55803c5a81bd6,33,8,7,0.9696969696969697,1,1,集中针对型,2023-11
c20c86d30d19b39745e2,17,4,6,0.5294117647058824,1,1,集中针对型,2023-11
f26c1d520ac39293c68a,95,10,14,0.6210526315789474,1,0,广泛多样型,2023-11
bc48d03763657ec4aa63,105,9,17,0.7142857142857143,1,0,广泛多样型,2023-11
8bece93f0b270602e64f,17,3,9,0.6470588235294118,1,1,集中针对型,2023-11
09e4bfadd7e012c37c7c,33,4,9,0.5454545454545454,1,1,集中针对型,2023-11
37f3b3d773c5c073bc9a,46,8,13,0.8478260869565217,1,1,集中针对型,2023-11
fc39de3859d890b9693d,35,2,10,0.6571428571428571,1,1,集中针对型,2023-11
a94a32ebd5f7d177053a,93,6,12,0.41935483870967744,1,0,广泛多样型,2023-11
9b43f5fcb5d592a689af,54,9,16,0.6481481481481481,1,0,广泛多样型,2023-11
b26aab632fd33a01020a,63,8,15,0.8888888888888888,1,1,集中针对型,2023-11
074d7f43de7264306775,30,3,15,0.5,1,1,集中针对型,2023-11
0a7f1a73361654329281,29,7,16,0.6896551724137931,1,1,集中针对型,2023-11
a34fbbb7d9a19eb82450,52,9,14,0.7884615384615384,1,1,集中针对型,2023-11
4478eae73fb84cedb102,63,8,14,0.4603174603174603,1,0,广泛多样型,2023-11
3c71b62d597098c4cd18,31,6,12,0.6451612903225806,1,1,集中针对型,2023-11
3313c40ea45a87f9d2e7,37,5,14,0.9459459459459459,1,1,集中针对型,2023-11
9493dac6dc982d2b3dbe,110,6,18,0.6090909090909091,1,0,广泛多样型,2023-11
c682f6819dfbfc964bc7,5,2,3,0.8,1,1,集中针对型,2023-11
94066a900026329cd5cd,60,6,11,0.8333333333333334,1,1,集中针对型,2023-11
81e59e96ce9bd6a76bdb,15,4,3,0.8666666666666667,1,1,集中针对型,2023-11
7ec5fc60b1ce755e0e17,50,6,9,0.8,1,1,集中针对型,2023-11
a96027a83196027cf822,10,2,1,1.0,1,1,集中针对型,2023-11
3c37e3ad275dcdd39e2c,38,4,11,0.5789473684210527,1,1,集中针对型,2023-11
6abeead45fd57abadaff,22,2,19,0.8636363636363636,1,1,集中针对型,2023-11
e224221a9971f9f45489,74,8,16,0.7432432432432432,1,0,广泛多样型,2023-11
e6b9a4292b6a8e8e0ef0,13,3,11,1.0,1,1,集中针对型,2023-11
d45eea92ed42431d9076,23,5,11,0.7391304347826086,1,1,集中针对型,2023-11
0bb8692f43a372e8d967,34,9,18,0.6764705882352942,1,2,探索尝试型,2023-11
33184c1cba6a37cdbda2,24,2,5,0.5,1,1,集中针对型,2023-11
d6d6e7da792fdf0106f0,24,8,10,0.8333333333333334,1,1,集中针对型,2023-11
5e89fad73b2ada2a30bf,22,3,6,0.4090909090909091,1,1,集中针对型,2023-11
3f81bf9625e47ca1963f,21,4,8,0.7142857142857143,1,1,集中针对型,2023-11
eec0307b4d47609d6933,117,8,13,0.48717948717948717,1,0,广泛多样型,2023-11
a11b89c60677835e450c,8,2,1,1.0,1,1,集中针对型,2023-11
fe5cf715d9c94fc7779e,2,1,1,1.0,1,1,集中针对型,2023-11
9104b8987aefa9d8e884,7,1,1,0.42857142857142855,1,1,集中针对型,2023-11
3b3b2319b0995f149ecc,71,3,10,0.43661971830985913,1,0,广泛多样型,2023-11
c35834f349db8ef7c591,56,6,10,0.875,1,1,集中针对型,2023-11
fabad359607dabbaaed4,23,5,10,0.8260869565217391,1,1,集中针对型,2023-11
69a4b3d15a5bf0d0e43e,35,3,11,0.37142857142857144,1,1,集中针对型,2023-11
1f56b6bda24efafcf3a4,65,5,11,0.6615384615384615,1,1,集中针对型,2023-11
7f91b4ad141d21887b79,57,5,9,0.47368421052631576,1,1,集中针对型,2023-11
43d34a076620e32fedfa,52,6,12,0.75,1,1,集中针对型,2023-11
c42aff1f9940e24491cc,27,5,9,0.6666666666666666,1,1,集中针对型,2023-11
24ca7714d40e2fe53821,52,3,11,0.7307692307692307,1,1,集中针对型,2023-11
16c505069c1e5c2bece5,47,1,32,0.9787234042553191,1,0,广泛多样型,2023-11
6273f50d9a0b4e6d971c,25,1,5,0.72,1,1,集中针对型,2023-11
27cc9165eef05eb1733f,9,1,3,0.6666666666666666,1,1,集中针对型,2023-11
lf5hmkicbiuolk7khwwb,31,15,16,0.7419354838709677,1,2,探索尝试型,2023-11
r7embk7pqzg5g5p245x4,32,19,15,0.75,1,2,探索尝试型,2023-11
8jo5o2abn697lg482k0e,30,20,13,0.6333333333333333,1,2,探索尝试型,2023-11
wf7yq9n2spgto3w5ad9r,26,16,14,0.8076923076923077,1,2,探索尝试型,2023-11
lx7vfcjhdxzh2wkt42hc,30,14,16,0.5666666666666667,1,2,探索尝试型,2023-11
5jxldd3plo4x6oq140l5,36,18,16,0.8055555555555556,1,2,探索尝试型,2023-11
22fey6dqzcrm0jbtfnmm,37,21,16,0.8108108108108109,1,2,探索尝试型,2023-11
4atjmlccken75lck9ffp,19,11,11,0.6842105263157895,1,1,集中针对型,2023-11
tuidsy7wcktf3jppecp5,37,18,14,0.8108108108108109,1,2,探索尝试型,2023-11
p10d5vx8mpn0v82i51gp,34,17,14,0.7941176470588235,1,2,探索尝试型,2023-11
cmy2w5due4kl6pn6uia5,32,16,13,0.59375,1,2,探索尝试型,2023-11
k1r03pvvsv9zxrft5jgi,30,16,12,0.6,1,2,探索尝试型,2023-11
r3uk44zat2tcyj5wmojt,32,17,15,0.5,1,2,探索尝试型,2023-11
nrv5a6tr3ya2iv3p5xpo,32,16,16,0.75,1,2,探索尝试型,2023-11
sf30f3p1koevnfztc2pd,28,18,15,0.7142857142857143,1,2,探索尝试型,2023-11
6ixkthdoadcwip3r1sy2,40,19,15,0.575,1,2,探索尝试型,2023-11
dwg6k0ka5vuwzo5h11m0,31,17,16,0.7096774193548387,1,2,探索尝试型,2023-11
ezdogkk0jqt4nvvvbnxp,27,17,16,0.6296296296296297,1,2,探索尝试型,2023-11
skyax9iocbd5gzronpru,37,18,12,0.7297297297297297,1,2,探索尝试型,2023-11
s97masc6nt48h4ly8s1w,34,17,13,0.6764705882352942,1,2,探索尝试型,2023-11
gzthlilac9ixoayq02u1,33,17,13,0.7272727272727273,1,2,探索尝试型,2023-11
4ewf46mylf75olvvihqj,29,15,15,0.7241379310344828,1,2,探索尝试型,2023-11
orgvbr9mbmfo4z8tbsa3,32,17,14,0.8125,1,2,探索尝试型,2023-11
wu3cwt7cavxrllp6s123,31,13,13,0.7096774193548387,1,2,探索尝试型,2023-11
jv67r7eqa9z2a1777eex,28,15,12,0.6785714285714286,1,2,探索尝试型,2023-11
u2rchqp6tof1bkr07izf,24,15,13,0.7083333333333334,1,2,探索尝试型,2023-11
i8lx9f5ut0kaz120j30d,27,14,16,0.6666666666666666,1,2,探索尝试型,2023-11
5ez4c53h3kdamnlvkpna,34,18,14,0.7058823529411765,1,2,探索尝试型,2023-11
d4geyy1ox6qzlz4ibz0z,33,19,15,0.8181818181818182,1,2,探索尝试型,2023-11
70ym0xeqaqmx14dv6myx,33,18,15,0.6363636363636364,1,2,探索尝试型,2023-11
b2imd0ms1p4fxkfcpygc,21,12,12,0.9523809523809523,1,1,集中针对型,2023-11
sushd67p0jy6f04a3h0m,25,16,14,0.64,1,2,探索尝试型,2023-11
4oqxw56hzk4fk8aqh3e0,29,15,12,0.6551724137931034,1,2,探索尝试型,2023-11
p9enp5lzhiufas1xpd8p,21,13,12,0.7619047619047619,1,2,探索尝试型,2023-11
3w0b2b1gz9i1nhmtab7s,25,15,14,0.76,1,2,探索尝试型,2023-11
4a7f53c0a376edadf38a,73,6,13,0.3424657534246575,1,0,广泛多样型,2023-11
bfcf5965e6024248f0a3,56,3,32,0.5892857142857143,1,0,广泛多样型,2023-11
4156dc6090d72c95c23b,36,2,18,0.5277777777777778,1,1,集中针对型,2023-11
1b36a3223f9dd94a211f,51,15,19,0.8627450980392157,1,2,探索尝试型,2023-11
8cdbc02c05d6ebafa9eb,14,4,6,1.0,1,1,集中针对型,2023-11
390d1fc3b78420815190,92,9,16,0.6630434782608695,1,0,广泛多样型,2023-11
c7c79725138f07b9c265,232,9,29,0.5043103448275862,1,0,广泛多样型,2023-11
b92448e12093e45dc6ff,87,8,14,0.3333333333333333,1,0,广泛多样型,2023-11
28d90a892cc66338f962,68,8,25,0.6911764705882353,1,0,广泛多样型,2023-11
3a9d955e2ef47191a742,61,6,8,0.9344262295081968,1,1,集中针对型,2023-11
1096bd470d3ddff1ec1c,76,7,29,0.8289473684210527,1,0,广泛多样型,2023-11
510a90cd169e2eb042ab,88,6,11,0.4431818181818182,1,0,广泛多样型,2023-11
8b586d8b9c06414b2487,79,4,20,0.5063291139240507,1,0,广泛多样型,2023-11
cc317db3f3bb874542a7,68,7,15,0.5588235294117647,1,0,广泛多样型,2023-11
09dfa3f18e48917f0242,60,5,15,0.4666666666666667,1,0,广泛多样型,2023-11
1224ceafb61456a033d0,53,3,16,0.4528301886792453,1,0,广泛多样型,2023-11
29acddb87cfe062d73f5,69,9,30,0.5072463768115942,1,0,广泛多样型,2023-11
e103cf810dfba59d0431,52,3,7,0.15384615384615385,1,0,广泛多样型,2023-11
dba2bc2a15c1e8d696fe,40,5,22,0.625,1,0,广泛多样型,2023-11
25c8e1ae2335e8c3e5b3,106,10,23,0.4528301886792453,1,0,广泛多样型,2023-11
b8a4fd679898150ef87a,26,5,8,0.5,1,1,集中针对型,2023-11
80423084979315c20dbf,82,4,19,0.25609756097560976,1,0,广泛多样型,2023-11
217c87d59a4372c4f3fc,131,4,26,0.35877862595419846,1,0,广泛多样型,2023-11
2959d8017312337a2ba6,83,11,14,0.7951807228915663,1,0,广泛多样型,2023-11
e199ddadaaf5aee02eb8,16,5,7,0.4375,1,1,集中针对型,2023-11
5ada57d72f07c3803d33,28,2,9,0.6785714285714286,1,1,集中针对型,2023-11
f1c1c0932bfeb74762d0,196,12,26,0.33163265306122447,1,0,广泛多样型,2023-11
b21ec59d991586279d95,82,11,23,0.4146341463414634,1,0,广泛多样型,2023-11
e28711e2f5500d3d6b04,151,9,18,0.4966887417218543,1,0,广泛多样型,2023-11
0d260d8fac2289c8ed9e,34,6,12,0.8235294117647058,1,1,集中针对型,2023-11
4c79be630ae9d3db6aaf,132,7,30,0.42424242424242425,1,0,广泛多样型,2023-11
5e12a0421c20717035cb,19,5,11,0.5789473684210527,1,1,集中针对型,2023-11
7207088b2ef28ff6b669,20,7,10,0.95,1,1,集中针对型,2023-11
c24bc0aaf20c79d2dfda,116,2,37,0.45689655172413796,1,0,广泛多样型,2023-11
24524df0ca55659c384e,20,5,7,0.7,1,1,集中针对型,2023-11
be24259f2867b231800d,57,6,25,0.5964912280701754,1,0,广泛多样型,2023-11
e7958857e7d2292ffbc7,42,5,10,0.5952380952380952,1,1,集中针对型,2023-11
86366c9920186cc4d1a3,105,6,26,0.6285714285714286,1,0,广泛多样型,2023-11
767e222eeb367b2b010f,66,6,7,0.4393939393939394,1,0,广泛多样型,2023-11
46a60ed041c8ebf98061,31,4,10,0.5161290322580645,1,1,集中针对型,2023-11
54342435561e775ce97f,5,2,4,1.0,1,1,集中针对型,2023-11
78e6c80ea8dc73ec747d,33,6,27,0.8181818181818182,1,2,探索尝试型,2023-11
f50dcd09709383fea95f,59,4,29,0.4915254237288136,1,0,广泛多样型,2023-11
ed5a13234f04cae4894d,25,3,20,0.72,1,1,集中针对型,2023-11
914f82268754cbf71a54,25,4,16,0.92,1,1,集中针对型,2023-11
ca66ab7e59628143cf1e,2,1,1,0.5,1,1,集中针对型,2023-11
0999173c045ee29a0b44,30,4,17,0.8666666666666667,1,1,集中针对型,2023-11
869eacc999a52155ed53,1,1,1,1.0,1,1,集中针对型,2023-11
1883af270e36a7580332,11,2,8,0.9090909090909091,1,1,集中针对型,2023-11
a14b9aa97f66fc82ede3,17,4,8,0.6470588235294118,1,1,集中针对型,2023-11
ade35014b25afed24916,23,4,15,0.5652173913043478,1,1,集中针对型,2023-11
0b28c0a454678b75eefb,32,1,10,0.90625,1,1,集中针对型,2023-11
8f477d2c60ec76ce22b7,38,1,14,0.5526315789473685,1,1,集中针对型,2023-11
388090578f22a3c33738,21,5,16,0.9523809523809523,1,1,集中针对型,2023-11
5c83f4ed6601ddf1a6fa,1,1,1,1.0,1,1,集中针对型,2023-11
07e3362d20ff4337671b,17,2,4,0.9411764705882353,1,1,集中针对型,2023-11
6604efc6fd93e070f40a,12,2,8,1.0,1,1,集中针对型,2023-11
vwyziyyebvsje4dqjsrp,4,1,4,1.0,1,1,集中针对型,2023-11
2e54b1c7bff5847c82a8,5,1,1,1.0,1,1,集中针对型,2023-11
quam8ci0euq2dz8xldzz,29,14,18,0.4482758620689655,1,2,探索尝试型,2023-11
d16ht4y29lrac1brhwm1,30,19,19,0.5333333333333333,1,2,探索尝试型,2023-11
preni1j2j1gkvq1knpag,33,19,20,0.5454545454545454,1,2,探索尝试型,2023-11
ny6yox8nvtlotclebkk8,29,16,20,0.5862068965517241,1,2,探索尝试型,2023-11
0txd5enpfmbrth46w74b,30,19,17,0.5,1,2,探索尝试型,2023-11
fvqo3hum9a1rl6rxbyre,34,18,22,0.4411764705882353,1,2,探索尝试型,2023-11
22wb5ostye8edvfar59p,34,17,15,0.6470588235294118,1,2,探索尝试型,2023-11
rd4p70jwu852pbdjwl2d,24,19,20,0.5833333333333334,1,2,探索尝试型,2023-11
1n42senfkcjopw1zh39l,38,22,21,0.4473684210526316,1,2,探索尝试型,2023-11
lqm8jh0uggps7yd0lx2x,26,17,20,0.6153846153846154,1,2,探索尝试型,2023-11
ljylby8inwh5b93wkean,35,17,18,0.4857142857142857,1,2,探索尝试型,2023-11
g4l5baozrnfblxayrhox,36,22,22,0.6666666666666666,1,2,探索尝试型,2023-11
ec5zb47nxjbuzemc81p0,31,19,25,0.6451612903225806,1,2,探索尝试型,2023-11
uem908xkm2x04s4iu84k,36,19,21,0.4166666666666667,1,2,探索尝试型,2023-11
nd9xpohv0s4ttw0o7fts,29,20,20,0.4827586206896552,1,2,探索尝试型,2023-11
xlp4p1b56hrhhyr2y3kd,38,24,23,0.5263157894736842,1,2,探索尝试型,2023-11
4erna0vkk9gu5umle1se,35,19,25,0.5428571428571428,1,2,探索尝试型,2023-11
hkk3qiui3e3r969oyfhf,34,16,22,0.6176470588235294,1,2,探索尝试型,2023-11
7ae6jy1vw15ppmnq6sba,32,21,24,0.375,1,2,探索尝试型,2023-11
cby6hsod14blxr7zyfjs,27,16,17,0.5925925925925926,1,2,探索尝试型,2023-11
59bybxqvhton27u0jtfm,35,18,23,0.4857142857142857,1,2,探索尝试型,2023-11
xw0r5n17yfqv2va40bhi,34,20,24,0.5588235294117647,1,2,探索尝试型,2023-11
x7xh8m5fvmipvkav1cb4,37,20,21,0.6486486486486487,1,2,探索尝试型,2023-11
gm1xiqmop9j2d2acc2jg,31,15,18,0.45161290322580644,1,2,探索尝试型,2023-11
f5j3cojh9fr5gvylr0yi,31,18,19,0.5483870967741935,1,2,探索尝试型,2023-11
bgvt5n1h0qt51ze0md7w,18,12,14,0.3888888888888889,1,2,探索尝试型,2023-11
4bq1kdgygbtif8w80s5y,36,19,24,0.5555555555555556,1,2,探索尝试型,2023-11
jj1jl4nhnkxllubypoq3,31,19,20,0.6129032258064516,1,2,探索尝试型,2023-11
hpb03ydulnt2b9ffa0j2,41,21,22,0.5609756097560976,1,2,探索尝试型,2023-11
me044us8pj1824r4dye2,33,16,22,0.30303030303030304,1,2,探索尝试型,2023-11
2krjeqjgjqfuumdo3ibt,31,16,20,0.5483870967741935,1,2,探索尝试型,2023-11
ygoahstwe9gz9w87qncs,20,14,15,0.5,1,2,探索尝试型,2023-11
0lgtv09uoh3ova8sjbze,23,16,16,0.4782608695652174,1,2,探索尝试型,2023-11
ggweeccb6anw0j3y32t0,41,19,25,0.5365853658536586,1,2,探索尝试型,2023-11
l41f9f1gb0y5rxcqfv64,29,15,18,0.3793103448275862,1,2,探索尝试型,2023-11
c3beec92b66ff78a6ba9,98,10,23,0.46938775510204084,1,0,广泛多样型,2023-11
dac03bcbefc3a08c8b50,34,3,21,0.5588235294117647,1,0,广泛多样型,2023-11
4e693829528e3e7de62a,46,8,13,0.8913043478260869,1,1,集中针对型,2023-11
792e3326f0d9f68389d9,95,6,20,0.37894736842105264,1,0,广泛多样型,2023-11
d5067bceac0ffa5e4704,33,8,20,0.6060606060606061,1,2,探索尝试型,2023-11
663aff87732c52f0e342,209,9,26,0.3157894736842105,1,0,广泛多样型,2023-11
2b3492096a4d12bb86cd,71,15,12,0.6197183098591549,1,2,探索尝试型,2023-11
9f0ce6d4cdf9d1772417,69,8,14,0.6376811594202898,1,0,广泛多样型,2023-11
6efd2d79656d1b056f72,91,11,25,0.6153846153846154,1,0,广泛多样型,2023-11
f8c2f04e8e116f0fd237,62,6,9,0.6451612903225806,1,1,集中针对型,2023-11
7c039dde693a18f3a834,36,3,21,0.6111111111111112,1,0,广泛多样型,2023-11
ce9dd8f1570caa0d6f5b,80,13,22,0.3625,1,0,广泛多样型,2023-11
d9dfc134efd3826bdaed,7,4,5,1.0,1,1,集中针对型,2023-11
2a6394114c31a10dc92b,34,7,14,0.5588235294117647,1,1,集中针对型,2023-11
7535fe5ae754da62a534,46,7,20,0.6521739130434783,1,0,广泛多样型,2023-11
2007f4965d2aa6064a25,56,14,17,0.6785714285714286,1,2,探索尝试型,2023-11
2c27d4de6ae130e7e242,48,9,9,0.6666666666666666,1,1,集中针对型,2023-11
2c7d02c44b47e3d24d52,58,5,31,0.7586206896551724,1,0,广泛多样型,2023-11
6c14ce386a9cda72549c,22,6,9,0.7727272727272727,1,1,集中针对型,2023-11
a2f48a796e250a14ff55,16,3,8,0.625,1,1,集中针对型,2023-11
3e4e608ace87fe97bdb5,55,8,11,0.7636363636363637,1,1,集中针对型,2023-11
9b913075e93b2b788102,8,1,2,0.375,1,1,集中针对型,2023-11
b8d20bc2e0d3d86f5613,23,5,7,0.6086956521739131,1,1,集中针对型,2023-11
6fa0b38bfd05105503a1,44,7,13,0.8409090909090909,1,1,集中针对型,2023-11
d7464b55181ef45e2d63,15,7,13,0.9333333333333333,1,1,集中针对型,2023-11
db0241cf536c2174d9ed,96,6,21,0.6041666666666666,1,0,广泛多样型,2023-11
ff63c210b94623453b5f,3,2,3,0.6666666666666666,1,1,集中针对型,2023-11
7c30aec52f13bebe07a6,35,3,23,0.8,1,1,集中针对型,2023-11
0559e9cf806dab4cc20d,11,2,4,0.36363636363636365,1,1,集中针对型,2023-11
4aa8ff74dc576b7adbcd,11,2,8,0.9090909090909091,1,1,集中针对型,2023-11
hjcfqm1yfzh8s77mo3ec,17,10,10,0.7058823529411765,1,1,集中针对型,2023-11
1hues7esy9erdsses6m0,24,16,18,0.5,1,2,探索尝试型,2023-11
5l1b1ma70rilf7mojch5,23,14,13,0.5217391304347826,1,2,探索尝试型,2023-11
zylvq01zq0hxavbvsd2f,20,13,15,0.5,1,2,探索尝试型,2023-11
tbypawuj167ycyvg8sc2,32,19,21,0.5625,1,2,探索尝试型,2023-11
ti44fbogdeqbfflbizj7,20,14,15,0.6,1,2,探索尝试型,2023-11
5rxl72n8rmnxwrxcss0q,28,20,18,0.7142857142857143,1,2,探索尝试型,2023-11
p58nsuk0hj5uh2xk2k9p,27,18,18,0.5555555555555556,1,2,探索尝试型,2023-11
81kmylu471y1njt1pin3,25,15,17,0.4,1,2,探索尝试型,2023-11
95jqkrj6zv7qf1wz1p8e,28,13,16,0.4642857142857143,1,2,探索尝试型,2023-11
9jq31h6i3ny1lx0mx89e,28,16,17,0.5357142857142857,1,2,探索尝试型,2023-11
wmes720kojsggeq71m5y,21,10,14,0.5714285714285714,1,2,探索尝试型,2023-11
2svwdpmdpjsdzafekntw,25,17,16,0.64,1,2,探索尝试型,2023-11
10xnkvdetxarrkdhx4i9,21,13,17,0.7142857142857143,1,2,探索尝试型,2023-11
k8d21tlgxmu6i35atvub,24,15,15,0.5416666666666666,1,2,探索尝试型,2023-11
bt192zri52uj2flwikrw,15,11,11,0.8,1,1,集中针对型,2023-11
vd2j77wynysztt2wbv2v,22,14,15,0.36363636363636365,1,2,探索尝试型,2023-11
i3b6qk80m9jqwgft968o,15,10,13,0.6666666666666666,1,1,集中针对型,2023-11
5zczdtyecu2w495j80xv,21,13,14,0.47619047619047616,1,2,探索尝试型,2023-11
oriig6s6fmvi4f7mxamy,27,14,15,0.5925925925925926,1,2,探索尝试型,2023-11
8rsw4xhmff15occogf32,25,15,18,0.44,1,2,探索尝试型,2023-11
ipd72mytvphpd9tcejgb,18,10,12,0.5555555555555556,1,1,集中针对型,2023-11
8nqoz5k93j7it8w0muhl,30,17,16,0.5333333333333333,1,2,探索尝试型,2023-11
y0bdtutppfdzzttzq8dy,15,10,11,0.6666666666666666,1,1,集中针对型,2023-11
e9vzigim3qs88f721ohz,21,13,15,0.5238095238095238,1,2,探索尝试型,2023-11
0dapvs3h4h3h1ahmt2o8,21,15,16,0.47619047619047616,1,2,探索尝试型,2023-11
n1nh33yq3nhwt4mx36yc,29,20,18,0.6206896551724138,1,2,探索尝试型,2023-11
siv6gzi7una85o8fzrwi,28,15,21,0.6071428571428571,1,2,探索尝试型,2023-11
jtbq3gkfw2tcsjvfwm56,22,18,14,0.6363636363636364,1,2,探索尝试型,2023-11
s8uk59p9w5ck47wlw3ea,23,14,13,0.34782608695652173,1,2,探索尝试型,2023-11
6qp85ufr2o1zg8k0cvtb,16,12,12,0.6875,1,2,探索尝试型,2023-11
jivt017uwst4sg4fqlek,26,14,15,0.5769230769230769,1,2,探索尝试型,2023-11
qol4cum3ewnz45dzpijx,20,12,15,0.45,1,2,探索尝试型,2023-11
4ycyhj8tyx2b17fcx29j,19,13,15,0.6842105263157895,1,2,探索尝试型,2023-11
cm2celd9hmos24j2a5cg,18,10,12,0.2777777777777778,1,2,探索尝试型,2023-11
8068144149e4ba65ef38,63,7,13,0.7142857142857143,1,0,广泛多样型,2023-11
9c48779f6e97be993771,77,6,14,0.6753246753246753,1,0,广泛多样型,2023-11
41abb1b9df74d29b7732,55,3,27,0.6909090909090909,1,0,广泛多样型,2023-11
e7feb8599ea5f596aeac,35,7,10,0.8571428571428571,1,1,集中针对型,2023-11
89af2669cc93dc97f545,17,2,7,0.47058823529411764,1,1,集中针对型,2023-11
21e23771e52cb5291b19,67,13,16,0.4626865671641791,1,0,广泛多样型,2023-11
c681117f7f586fd730bb,24,7,14,0.9583333333333334,1,1,集中针对型,2023-11
117ee98c7f916c88ddbb,72,8,16,0.8055555555555556,1,0,广泛多样型,2023-11
e2d7ee3637149f7087b2,13,2,7,0.6153846153846154,1,1,集中针对型,2023-11
a337d5368b0d110803b1,27,5,13,0.5555555555555556,1,1,集中针对型,2023-11
6496d6268092ef8e7e9d,71,12,20,0.352112676056338,1,0,广泛多样型,2023-11
97442da123c449f6a146,60,9,16,0.5,1,0,广泛多样型,2023-11
8a45d6748ec853f7694c,59,7,17,0.4406779661016949,1,0,广泛多样型,2023-11
bf07cdd92f1ff3197397,28,10,9,0.5714285714285714,1,1,集中针对型,2023-11
44c7cf3881ae07f7fb3e,17,2,11,0.7647058823529411,1,1,集中针对型,2023-11
8f1ddd99ac8c59bbd788,66,7,10,0.8636363636363636,1,1,集中针对型,2023-11
be75e05b9db5efb1258a,51,5,12,0.9019607843137255,1,1,集中针对型,2023-11
53d51965c40a54cff1a0,3,2,2,1.0,1,1,集中针对型,2023-11
ac7214620207dfdd149d,33,3,25,0.8181818181818182,1,0,广泛多样型,2023-11
bd8eb49a6b08f5e66a70,62,3,19,0.7903225806451613,1,0,广泛多样型,2023-11
1cfe33c5b178a0c2367f,26,8,7,0.9230769230769231,1,1,集中针对型,2023-11
5963ba5cd9d242a00e22,30,7,13,0.5666666666666667,1,1,集中针对型,2023-11
00cbf05221bb479e66c3,18,3,7,0.6111111111111112,1,1,集中针对型,2023-11
e43a0e28d5cd6b54a2af,18,2,10,0.5,1,1,集中针对型,2023-11
9795edf22e930bc30fa4,71,5,12,0.704225352112676,1,0,广泛多样型,2023-11
119b36a5797d5ce69625,23,5,11,0.782608695652174,1,1,集中针对型,2023-11
915813ad1b5f1bbe2d6e,3,2,2,1.0,1,1,集中针对型,2023-11
798ff22d126a0f8034ff,27,3,11,0.7777777777777778,1,1,集中针对型,2023-11
91439fcb2590c49dd20d,33,4,13,0.6060606060606061,1,1,集中针对型,2023-11
882ccee198e25b49b30d,91,4,16,0.5494505494505495,1,0,广泛多样型,2023-11
8ca890875272aede0af5,40,5,12,0.95,1,1,集中针对型,2023-11
03b463f52c0fff35433b,25,6,10,0.72,1,1,集中针对型,2023-11
3565d61f3efec69e611c,17,4,16,0.9411764705882353,1,1,集中针对型,2023-11
38357be0ab369a9ae942,15,2,9,0.7333333333333333,1,1,集中针对型,2023-11
9a630f9e9f4ec26d8fcd,12,3,5,0.9166666666666666,1,1,集中针对型,2023-11
ef133c92e274a97b6eeb,18,3,10,0.9444444444444444,1,1,集中针对型,2023-11
cac84b1c3033872272f0,41,9,13,0.8536585365853658,1,1,集中针对型,2023-11
d035c324a020e7948fe8,28,6,10,0.9285714285714286,1,1,集中针对型,2023-11
4cb96f0d9108066442a8,17,2,6,0.5294117647058824,1,1,集中针对型,2023-11
204a7d6db340a3c18ca7,13,4,8,0.9230769230769231,1,1,集中针对型,2023-11
cfaac49f7cc94528ffa7,41,7,13,0.8292682926829268,1,1,集中针对型,2023-11
2150588a5903d9a77b79,42,6,15,0.8095238095238095,1,1,集中针对型,2023-11
b7f42d4b51972267680e,117,7,18,0.8632478632478633,1,0,广泛多样型,2023-11
d3e269bf68d51851097c,12,5,5,0.6666666666666666,1,1,集中针对型,2023-11
7742559d8e833fbcd326,1,1,1,1.0,1,1,集中针对型,2023-11
a5c03c57b0930cb5c2ac,28,2,27,0.9642857142857143,1,1,集中针对型,2023-11
efd58fbebca61c41c881,11,1,11,1.0,1,1,集中针对型,2023-11
a1d00fdd7660b7e88077,5,1,5,1.0,1,1,集中针对型,2023-11
fnvhgnuqbir0drk8p1v2,29,15,18,0.7241379310344828,1,2,探索尝试型,2023-11
wyhkcaf32y8h3707qzrz,34,18,17,0.7058823529411765,1,2,探索尝试型,2023-11
cfi8t4xrx12m2lt4flwz,24,13,14,0.6666666666666666,1,2,探索尝试型,2023-11
lswzzwjmreuixxjqglhy,34,19,18,0.6470588235294118,1,2,探索尝试型,2023-11
yvyud23n1eara086vntf,29,14,21,0.6551724137931034,1,2,探索尝试型,2023-11
2h9c9tdsnoz1hyzo5frt,31,16,19,0.8709677419354839,1,2,探索尝试型,2023-11
zse4s5wowlo5xntqyqb4,37,21,21,0.6756756756756757,1,2,探索尝试型,2023-11
w0u7vzowm7eimiupvmm3,42,19,22,0.8333333333333334,1,2,探索尝试型,2023-11
te17utf5x961ldgs8zwn,39,18,18,0.6923076923076923,1,2,探索尝试型,2023-11
vrx3ianblcyuixzmhzl2,28,16,17,0.6428571428571429,1,2,探索尝试型,2023-11
kg28tppvvsvr918dkvlb,24,13,13,0.6666666666666666,1,2,探索尝试型,2023-11
oyaoqkf2b1we4b67bv8l,31,17,16,0.6451612903225806,1,2,探索尝试型,2023-11
qg0soq1i1uy7yndj17gd,23,11,13,0.8260869565217391,1,1,集中针对型,2023-11
cy2sv8kkoybje2okbll0,31,16,21,0.6774193548387096,1,2,探索尝试型,2023-11
qmf8702zbahi9083s7aq,28,16,16,0.8571428571428571,1,2,探索尝试型,2023-11
pva49fsfcbexwz1crjvg,32,15,15,0.71875,1,2,探索尝试型,2023-11
l82rq4xaymt7t5uytax9,31,16,21,0.5161290322580645,1,2,探索尝试型,2023-11
9btb3ax7qaitktvbvn8g,33,19,19,0.7575757575757576,1,2,探索尝试型,2023-11
jb3fqd2b9oyprn83h646,22,14,15,0.7272727272727273,1,2,探索尝试型,2023-11
l2yv9tvvcakn7ikerccy,16,10,12,0.6875,1,1,集中针对型,2023-11
13nq2h723zixyhir01lf,31,19,17,0.7741935483870968,1,2,探索尝试型,2023-11
xz7x7kwsn26marn29mag,27,18,20,0.7777777777777778,1,2,探索尝试型,2023-11
vou4hlfvp8hv0r4odzq6,22,17,18,0.8181818181818182,1,2,探索尝试型,2023-11
jhmn3s11l13woe6jy3zg,35,16,17,0.8285714285714286,1,2,探索尝试型,2023-11
votyzmo33yg7y89dag17,30,14,15,0.6666666666666666,1,2,探索尝试型,2023-11
t8sflynjwck4f650mtvp,34,14,15,0.7352941176470589,1,2,探索尝试型,2023-11
2egpenarap9h0a2k0bc5,26,13,17,0.7692307692307693,1,2,探索尝试型,2023-11
csvv3l0saxxx6pax18c3,22,16,17,0.8636363636363636,1,2,探索尝试型,2023-11
8ivuhc6n7pr63b39dupt,33,20,21,0.8181818181818182,1,2,探索尝试型,2023-11
ta1gbqs6pw15bx0jb5on,30,12,20,0.7666666666666667,1,2,探索尝试型,2023-11
ss27ig83t1pi1ztsy5w8,23,17,15,0.782608695652174,1,2,探索尝试型,2023-11
jsmqh4aa20rpfeqmyx4h,17,11,13,0.8235294117647058,1,1,集中针对型,2023-11
28tmrs0kyrrh1odyvf21,31,16,15,0.6774193548387096,1,2,探索尝试型,2023-11
6g7c63m95z8acd3vx5ct,27,16,18,0.6296296296296297,1,2,探索尝试型,2023-11
7rzwry01x1n79a7rw5va,24,13,14,0.6666666666666666,1,2,探索尝试型,2023-11
132c90d4a027a4477ad0,32,3,13,0.53125,1,1,集中针对型,2023-11
29172d2e39ca0d890848,22,7,13,0.9090909090909091,1,1,集中针对型,2023-11
avehb7ibwpvjcgcr474k,5,1,3,0.8,1,1,集中针对型,2023-11
3ab864e1e692786fefd2,28,5,9,0.5357142857142857,1,1,集中针对型,2023-11
e4d6737b176e6ca5ef06,1,1,1,0.0,1,1,集中针对型,2023-11
e73ae5f649c6f52b3fb1,21,8,10,0.8095238095238095,1,1,集中针对型,2023-11
4a0890c15c26984c191f,35,9,13,0.6857142857142857,1,1,集中针对型,2023-11
hq2dy5tjgczdmkvq0l2d,20,3,19,0.95,1,1,集中针对型,2023-11
48ad93c227abfa9542aa,29,3,7,0.9310344827586207,1,1,集中针对型,2023-11
5be7405ad4ae9d9a2853,102,6,13,0.5294117647058824,1,0,广泛多样型,2023-11
sfmngecoi3b7ahvhi2k6,52,4,21,0.6346153846153846,1,0,广泛多样型,2023-11
c08165d73ae49215c391,115,9,24,0.5217391304347826,1,0,广泛多样型,2023-11
e4c80506c14da4ad563d,28,4,7,0.6785714285714286,1,1,集中针对型,2023-11
84146496b8d6256d6982,7,1,5,0.7142857142857143,1,1,集中针对型,2023-11
9f447b50d5788f7b4d0a,15,7,11,0.8,1,1,集中针对型,2023-11
b8c0c68e7f1220949deb,18,5,9,0.5,1,1,集中针对型,2023-11
e50db74322430aa289b1,3,1,2,0.6666666666666666,1,1,集中针对型,2023-11
533bc4c6716035e694ac,1,1,1,1.0,1,1,集中针对型,2023-11
6314d7cbc465e29f357c,17,4,4,0.23529411764705882,1,1,集中针对型,2023-11
091554ffa26fc9b17c36,11,4,6,1.0,1,1,集中针对型,2023-11
4884f3bdc068ef01e042,104,4,15,0.5576923076923077,1,0,广泛多样型,2023-11
451b0095938a3c54efc4,62,5,19,0.5645161290322581,1,0,广泛多样型,2023-11
25019b8f1c3ac537894b,19,5,7,0.7894736842105263,1,1,集中针对型,2023-11
9723ceb0cf2dca42c118,42,2,22,0.5238095238095238,1,0,广泛多样型,2023-11
2a003b122e9500e465c4,12,2,2,0.5833333333333334,1,1,集中针对型,2023-11
1feef8b4129f5bf21e67,12,3,5,0.75,1,1,集中针对型,2023-11
d7ad1a5f3ab7d6237f8e,93,8,19,0.3655913978494624,1,0,广泛多样型,2023-11
75dcc10ba89fd0c25d50,16,3,3,0.6875,1,1,集中针对型,2023-11
23f1f5d3d90e2890a423,20,3,7,0.65,1,1,集中针对型,2023-11
a0b36e07079573966740,46,1,35,0.8695652173913043,1,0,广泛多样型,2023-11
4388d48ebff4cf866ecd,13,2,4,0.5384615384615384,1,1,集中针对型,2023-11
49b95110a8c59f6b6c58,57,5,10,0.631578947368421,1,1,集中针对型,2023-11
b217bae3c84d59dde71f,30,5,9,0.5333333333333333,1,1,集中针对型,2023-11
34aaaa47df8c4aa4d926,21,3,6,0.38095238095238093,1,1,集中针对型,2023-11
b43532c7a35b6aedd478,12,2,7,0.9166666666666666,1,1,集中针对型,2023-11
33c123d08dc07edb50f9,12,2,10,0.9166666666666666,1,1,集中针对型,2023-11
7509bbe0d23fe15928ba,24,1,9,0.4583333333333333,1,1,集中针对型,2023-11
98be3476791a8df7e937,32,5,7,0.4375,1,1,集中针对型,2023-11
5914db0d4427b322e8af,8,1,3,0.5,1,1,集中针对型,2023-11
b57bc31cac59b3d26216,1,1,1,1.0,1,1,集中针对型,2023-11
b083663157e08e36d335,3,2,3,1.0,1,1,集中针对型,2023-11
960bf72352d4f58ad083,2,1,1,0.0,1,1,集中针对型,2023-11
0557b1363a5092b5811f,8,1,1,0.625,1,1,集中针对型,2023-11
eb93cedc17b4eac76750,12,2,2,0.16666666666666666,1,1,集中针对型,2023-11
a624e4f6e0a8f026cba9,1,1,1,1.0,1,1,集中针对型,2023-11
gsirdbny6840zq22vo7a,20,10,14,0.5,1,2,探索尝试型,2023-11
sx8c4g672zgcw7w2lflp,27,16,18,0.5185185185185185,1,2,探索尝试型,2023-11
w9r5wihhl33fmutbq5qd,19,14,14,0.5789473684210527,1,2,探索尝试型,2023-11
i8wbhc071gfhkbhtmeb1,20,13,14,0.55,1,2,探索尝试型,2023-11
rdf3wmujcm1k56ftf8uc,12,8,10,0.6666666666666666,1,1,集中针对型,2023-11
udbo68xozj9btqumivk2,15,11,13,0.6,1,2,探索尝试型,2023-11
msko5bf6rjt9adsuxby9,16,13,15,0.375,1,2,探索尝试型,2023-11
lqg2nmqf4x8w52gx12xw,24,14,15,0.5833333333333334,1,2,探索尝试型,2023-11
woxwsoo99kl7vq4mk0rr,13,11,12,0.6153846153846154,1,1,集中针对型,2023-11
40rkj6cwy12hdupgq4w2,15,11,12,0.4666666666666667,1,2,探索尝试型,2023-11
8l0qqik09gqh0e5anus0,13,7,11,0.7692307692307693,1,1,集中针对型,2023-11
70exfe4k4e5vvm5sqspq,20,15,14,0.65,1,2,探索尝试型,2023-11
e43g7im7dra88a4o8bbl,15,10,13,0.7333333333333333,1,1,集中针对型,2023-11
wj1gt5zvzfnjf7xcf1c8,13,8,9,0.6923076923076923,1,1,集中针对型,2023-11
yesnbayr80dvsb8ajp9v,25,15,17,0.6,1,2,探索尝试型,2023-11
8hn55e1bxuyegxa76l3r,18,12,11,0.6111111111111112,1,2,探索尝试型,2023-11
ov1tvylbnny48ojayssl,14,11,9,0.7142857142857143,1,1,集中针对型,2023-11
lpzjucfyqwtb8ihim9b3,12,8,9,0.6666666666666666,1,1,集中针对型,2023-11
t23e5lcdy5k50uvg5k0v,19,8,12,0.7894736842105263,1,1,集中针对型,2023-11
gk8izwg77g6t4p5buiar,19,11,16,0.5263157894736842,1,2,探索尝试型,2023-11
148o63s7q5aitfxmmtrg,25,15,18,0.64,1,2,探索尝试型,2023-11
1f4oscu6io8xlog2157e,7,6,5,1.0,1,1,集中针对型,2023-11
obyl72l5qy37to65i5ml,21,13,19,0.47619047619047616,1,2,探索尝试型,2023-11
qu1rl2d6teeyti106rgx,20,12,14,0.55,1,2,探索尝试型,2023-11
gj009a2t56bxjluh0mox,26,19,19,0.6538461538461539,1,2,探索尝试型,2023-11
43vri1lqbgiiwbkaskqd,12,10,11,0.5,1,1,集中针对型,2023-11
fcwom6dicy0kov3lxsf8,19,14,13,0.631578947368421,1,2,探索尝试型,2023-11
gq3jw96afgct5rjiim20,18,10,14,0.6666666666666666,1,2,探索尝试型,2023-11
rb8z9vpc5uyhbcaa71v5,20,14,14,0.65,1,2,探索尝试型,2023-11
hc0idvz0lxc4zpx94cbx,16,12,11,0.6875,1,1,集中针对型,2023-11
z0mde15metn3m79ek96y,13,7,11,0.6923076923076923,1,1,集中针对型,2023-11
p9a57kwg5xdwjzm8eql9,19,16,16,0.6842105263157895,1,2,探索尝试型,2023-11
1nyzl7s790ta4c8r1l9g,16,11,12,0.5625,1,2,探索尝试型,2023-11
7kqvekz6iho08947fhk9,16,9,13,0.5625,1,1,集中针对型,2023-11
qw19zri3d9vkqjhcn3xk,10,7,8,0.7,1,1,集中针对型,2023-11
48a71a6a5a15e31084e3,16,3,7,0.625,1,1,集中针对型,2023-11
e00bc7d9f2ce32c4f745,73,11,15,0.863013698630137,1,0,广泛多样型,2023-11
fdd50b3ad56dcf116c82,9,3,7,0.8888888888888888,1,1,集中针对型,2023-11
a7fc1ba478db11fde063,11,2,4,0.5454545454545454,1,1,集中针对型,2023-11
df02e3643bb9ee33fb0c,18,4,8,0.9444444444444444,1,1,集中针对型,2023-11
73ae359d8e93d41ae4ff,30,7,12,0.9666666666666667,1,1,集中针对型,2023-11
ec86426a6e0331d06091,28,4,17,0.6071428571428571,1,1,集中针对型,2023-11
74137c4db75be61c10fa,51,8,13,0.6862745098039216,1,1,集中针对型,2023-11
43d98a750c726bb39d11,33,5,12,0.7878787878787878,1,1,集中针对型,2023-11
dee7cfe3312551bdf5a5,27,5,12,0.8888888888888888,1,1,集中针对型,2023-11
1f67cb2e7affbb00b6c8,26,6,6,0.7692307692307693,1,1,集中针对型,2023-11
264320c6b92b92795ba0,35,8,14,0.7428571428571429,1,1,集中针对型,2023-11
f5c3c6eb77fac482de13,28,8,11,0.6428571428571429,1,1,集中针对型,2023-11
8711049a2e0ef13bb10c,16,4,11,0.8125,1,1,集中针对型,2023-11
e22c18eef214a779b4c2,4,1,1,0.75,1,1,集中针对型,2023-11
6efd353d32bd3d908b23,73,5,28,0.6712328767123288,1,0,广泛多样型,2023-11
baed8a816ea02ae929f4,77,9,13,0.8181818181818182,1,0,广泛多样型,2023-11
d6d4488fa27e11465974,10,5,8,1.0,1,1,集中针对型,2023-11
ef912a5602a5f70b244b,14,3,8,1.0,1,1,集中针对型,2023-11
4ca5c8ea55be09213d14,22,3,8,0.5,1,1,集中针对型,2023-11
e865c97bc96802575f80,47,7,12,0.2765957446808511,1,0,广泛多样型,2023-11
6b22922bfe081d68c7a6,25,2,11,0.76,1,1,集中针对型,2023-11
def1216bf8f3009dbe41,14,3,12,1.0,1,1,集中针对型,2023-11
fb5d5693ffa9f022a191,17,5,10,0.8235294117647058,1,1,集中针对型,2023-11
50673b01fd2b0c765572,33,6,11,0.5151515151515151,1,1,集中针对型,2023-11
09400a9b50b6c96c5510,23,6,10,0.9565217391304348,1,1,集中针对型,2023-11
16d68f70cf5e52d0b34a,25,4,6,0.32,1,1,集中针对型,2023-11
cb65e2038b786e801292,30,5,20,0.9666666666666667,1,1,集中针对型,2023-11
8ee4fdce37fceab5620a,10,2,9,1.0,1,1,集中针对型,2023-11
5d16326e4577a67d94c6,28,6,13,0.6428571428571429,1,1,集中针对型,2023-11
1bd9bb053a3ac1bba507,15,1,13,0.9333333333333333,1,1,集中针对型,2023-11
76366e9c264169b2bae1,30,3,13,0.6666666666666666,1,1,集中针对型,2023-11
3c1b9222136b752563f6,15,1,10,0.7333333333333333,1,1,集中针对型,2023-11
63ff3dff3eb31d62ab3e,39,3,11,0.46153846153846156,1,1,集中针对型,2023-11
6923e581d76689cb57a1,32,9,14,0.5625,1,2,探索尝试型,2023-11
ba8c301bda7090bda756,25,8,17,0.84,1,1,集中针对型,2023-11
ff2d815d9ef74b153b54,23,4,7,0.2608695652173913,1,1,集中针对型,2023-11
54f91ccb08cbece520da,16,4,7,1.0,1,1,集中针对型,2023-11
744e7141564ed216b812,20,5,15,1.0,1,1,集中针对型,2023-11
d059dfed16a6d1ca6ddf,38,7,5,0.868421052631579,1,1,集中针对型,2023-11
40eb36011ced9a882ea9,35,2,5,1.0,1,1,集中针对型,2023-11
d02f48d05ce5e7ca16e1,53,7,12,0.9622641509433962,1,1,集中针对型,2023-11
48a96425072cefa0dc69,25,4,10,0.68,1,1,集中针对型,2023-11
4edfd2e1b7c5c5d1d384,2,1,1,1.0,1,1,集中针对型,2023-11
adcc5c13042d66cbfc8b,2,2,2,1.0,1,1,集中针对型,2023-11
21fc5674d24be8e9da89,9,1,9,1.0,1,1,集中针对型,2023-11
9ef8a5baccebc3841cb2,3,1,1,1.0,1,1,集中针对型,2023-11
766836b5f30556e81da4,15,2,6,0.4666666666666667,1,1,集中针对型,2023-11
b3ac0cebf20ee45135ca,6,1,1,0.8333333333333334,1,1,集中针对型,2023-11
49ef48443e09f8be12f6,35,3,12,0.7142857142857143,1,1,集中针对型,2023-11
311abc37a94ae8afe41a,7,2,2,0.5714285714285714,1,1,集中针对型,2023-11
504278569f7c6dff25e3,12,2,5,0.8333333333333334,1,1,集中针对型,2023-11
5f8d87412f69e3d9fb13,1,1,1,1.0,1,1,集中针对型,2023-11
b1976734aee3bf129820,33,2,3,0.5454545454545454,1,1,集中针对型,2023-11
m4qqnaq8p8fn7b7bl5ic,23,14,14,0.6086956521739131,1,2,探索尝试型,2023-11
ksm67082xy9g2wnalt38,18,13,12,0.7777777777777778,1,2,探索尝试型,2023-11
35wcdp4s13xmtyq5f7os,12,9,10,0.75,1,1,集中针对型,2023-11
2ddkknvpbz2j9wlvybtj,23,14,17,0.5652173913043478,1,2,探索尝试型,2023-11
9b0guld0vdm0ggmmfb8k,18,14,13,0.6666666666666666,1,2,探索尝试型,2023-11
cygc6ulxpz04ex7under,19,15,12,0.7894736842105263,1,2,探索尝试型,2023-11
58widcj6smafuwyqxw2m,22,12,13,0.6818181818181818,1,2,探索尝试型,2023-11
n3dkt0eq0ekpby9lv06i,14,11,11,0.7142857142857143,1,1,集中针对型,2023-11
sbb3va36jvpkdpj257ek,25,16,17,0.92,1,2,探索尝试型,2023-11
uzk23hynw87co5ru0tr8,24,12,17,0.75,1,2,探索尝试型,2023-11
mwmft9w9vjod1g7jidmb,19,10,11,0.6842105263157895,1,1,集中针对型,2023-11
j07d6onchxesk14v7b8w,19,10,15,0.7894736842105263,1,1,集中针对型,2023-11
v4k20n9xryqdpe6fx42x,20,16,12,0.85,1,2,探索尝试型,2023-11
sx57v4y3hp52f9selxdo,21,11,11,0.8095238095238095,1,1,集中针对型,2023-11
628bztd9ybuth5efk7nw,23,13,12,0.8260869565217391,1,2,探索尝试型,2023-11
n2bgnbybijni2e9crs4x,24,14,16,0.75,1,2,探索尝试型,2023-11
pgrig4vo54owe59j2j5f,20,12,16,0.6,1,2,探索尝试型,2023-11
amzij11bls4wa79p3cj8,19,13,15,0.7894736842105263,1,2,探索尝试型,2023-11
scl0uh5ig9ehluvs46h2,28,17,16,0.7857142857142857,1,2,探索尝试型,2023-11
0m8o7nuv982vnv3328qw,11,8,8,0.7272727272727273,1,1,集中针对型,2023-11
axunv0aihh5wvi27tx50,14,9,12,0.5714285714285714,1,1,集中针对型,2023-11
mm5p2ct8c21h4q753p3n,30,15,16,0.6666666666666666,1,2,探索尝试型,2023-11
zprxec1qxs8nqsmc5830,22,12,14,0.8181818181818182,1,2,探索尝试型,2023-11
q1movls9kc4kglv6sb5g,26,17,15,0.8076923076923077,1,2,探索尝试型,2023-11
e58gk2f3crnwqnx0gett,12,8,9,0.9166666666666666,1,1,集中针对型,2023-11
8wkyo305dh8esq6eop37,18,13,13,0.9444444444444444,1,2,探索尝试型,2023-11
2xsbkm76x36qvddrl2yo,16,10,12,0.6875,1,1,集中针对型,2023-11
i8ryguu9cpkrb6ouhwqq,27,17,15,0.8148148148148148,1,2,探索尝试型,2023-11
10qi28ikwz4c4v22b06i,20,11,12,0.8,1,1,集中针对型,2023-11
uon3zzl9a1zr5zmeodmr,19,12,12,0.9473684210526315,1,1,集中针对型,2023-11
wfsgbko6rfmajn85khu4,18,8,12,0.5555555555555556,1,1,集中针对型,2023-11
erjfooit15024g7nj8co,15,7,10,0.7333333333333333,1,1,集中针对型,2023-11
1t6e0wa99fijxi3ssnzk,19,13,14,0.8947368421052632,1,2,探索尝试型,2023-11
vbgs2hp7aiiw880dpm1s,19,15,12,0.7894736842105263,1,2,探索尝试型,2023-11
f5jwwahac3fyc6rq5tex,23,14,13,0.6086956521739131,1,2,探索尝试型,2023-11
01a691413dc5897db83f,141,8,21,0.5460992907801419,1,0,广泛多样型,2023-11
6cbcdec2dffbcf09a91a,13,4,9,0.9230769230769231,1,1,集中针对型,2023-11
424de2c5e2c1f5652cdc,49,10,14,0.8571428571428571,1,1,集中针对型,2023-11
374ff25490a1f0aba47f,19,3,3,0.9473684210526315,1,1,集中针对型,2023-11
bc7286901f708e9069eb,31,7,11,0.3548387096774194,1,1,集中针对型,2023-11
5479f88afb95288d6392,48,7,11,0.7291666666666666,1,1,集中针对型,2023-11
ed94d52e091b68ca5ee5,65,4,11,0.8923076923076924,1,1,集中针对型,2023-11
db54f15d48fa56b0d953,16,4,11,0.75,1,1,集中针对型,2023-11
9c2b85496091fd7f66d4,80,11,16,0.5375,1,0,广泛多样型,2023-11
6a62f52203bda35656be,61,11,14,0.4098360655737705,1,0,广泛多样型,2023-11
0b02f701b1179f9f74f9,5,2,4,0.8,1,1,集中针对型,2023-11
74e22a3421e605061ef1,30,5,5,0.43333333333333335,1,1,集中针对型,2023-11
de5213e7b8c88440a298,1,1,1,1.0,1,1,集中针对型,2023-11
94a770d27cae58950a5b,28,8,16,0.8571428571428571,1,1,集中针对型,2023-11
5faa3d19e595ab735fda,37,5,16,0.918918918918919,1,1,集中针对型,2023-11
6837091518a3524730fb,68,4,10,0.6617647058823529,1,1,集中针对型,2023-11
e877c03b218bddedd3b8,8,4,3,0.125,1,1,集中针对型,2023-11
cad61c88146ec4d99a6d,6,1,1,0.16666666666666666,1,1,集中针对型,2023-11
1d50eac067378042684b,51,3,11,0.29411764705882354,1,0,广泛多样型,2023-11
c8d8f83d06b68fc2f944,45,8,9,0.9111111111111111,1,1,集中针对型,2023-11
2842c82981077b78b3cd,57,7,7,0.14035087719298245,1,0,广泛多样型,2023-11
6ab4994b59925a6d1bba,83,8,13,0.27710843373493976,1,0,广泛多样型,2023-11
72fbfd24cdff0454a0e2,55,5,22,0.5636363636363636,1,0,广泛多样型,2023-11
768c216e172762b85899,8,1,3,0.375,1,1,集中针对型,2023-11
306627b1ecbdf4e3aa34,14,5,7,0.7142857142857143,1,1,集中针对型,2023-11
0ef8b2c9e039eaace596,17,3,8,0.7647058823529411,1,1,集中针对型,2023-11
fc5a9edc3413ecece4bd,7,2,6,0.8571428571428571,1,1,集中针对型,2023-11
6b0cc09c9daf2966d1a7,55,7,7,0.5272727272727272,1,1,集中针对型,2023-11
b050239b47c66a7280c9,22,5,5,0.3181818181818182,1,1,集中针对型,2023-11
b6b2f975de58052aae0c,33,2,8,0.21212121212121213,1,1,集中针对型,2023-11
071685b292483b04e836,16,7,11,0.75,1,1,集中针对型,2023-11
2ea821273e01ec758583,64,7,17,0.375,1,0,广泛多样型,2023-11
fc1c9dd58091c33d8888,73,4,9,0.2054794520547945,1,0,广泛多样型,2023-11
cdbfb55b48cefce540dd,13,2,5,0.5384615384615384,1,1,集中针对型,2023-11
a867295d48d4b4134903,19,5,3,0.3157894736842105,1,1,集中针对型,2023-11
a9e1aff282e8d6356dce,14,3,5,0.35714285714285715,1,1,集中针对型,2023-11
0b16d35f1f39a063708a,53,7,9,0.5283018867924528,1,1,集中针对型,2023-11
3094825929f936abb792,25,6,12,0.84,1,1,集中针对型,2023-11
8f9ecba976a15fa5d900,34,6,20,0.6176470588235294,1,2,探索尝试型,2023-11
49a91a4dce6838ffcbcd,24,6,14,0.9166666666666666,1,1,集中针对型,2023-11
a0973be15e5e7116f121,45,11,20,0.7111111111111111,1,2,探索尝试型,2023-11
b37bdce835e610d26c0c,7,1,3,1.0,1,1,集中针对型,2023-11
b7ef250772618a089b48,5,3,3,0.8,1,1,集中针对型,2023-11
897f6d3de550ebf68384,16,4,3,0.75,1,1,集中针对型,2023-11
700915d303cc358e662a,1,1,1,1.0,1,1,集中针对型,2023-11
498121d2486259ef1b3a,98,8,22,0.45918367346938777,1,0,广泛多样型,2023-11
c7bb8ace7e79b91b3346,11,2,7,0.7272727272727273,1,1,集中针对型,2023-11
7bfbef4127aeec4b344e,9,4,5,0.6666666666666666,1,1,集中针对型,2023-11
b5863cc5a1b448ca1cab,16,3,4,0.625,1,1,集中针对型,2023-11
b93d9fe2a844b416581d,75,11,16,0.7866666666666666,1,0,广泛多样型,2023-11
552365f82674884bcaaa,2,1,2,1.0,1,1,集中针对型,2023-11
df784e67883e018f88b8,5,2,3,1.0,1,1,集中针对型,2023-11
sie4alrjjjvlk0w9ye5l,31,16,22,0.6451612903225806,1,2,探索尝试型,2023-11
spyu1at0d9k1wxtenlhe,18,13,14,0.7777777777777778,1,2,探索尝试型,2023-11
nilkp0a54b01p87udccl,24,13,16,0.5833333333333334,1,2,探索尝试型,2023-11
7ssihtyt72rzukfci0o1,19,12,15,0.5263157894736842,1,2,探索尝试型,2023-11
qxnna0of95m3oebjc84f,22,17,17,0.5909090909090909,1,2,探索尝试型,2023-11
n20d6b4o2g64oaa3q8ym,33,15,18,0.3333333333333333,1,2,探索尝试型,2023-11
78uyv6k6u49krocgtkzu,25,17,16,0.56,1,2,探索尝试型,2023-11
95i3ttsko6c6ol53ebql,29,17,16,0.6206896551724138,1,2,探索尝试型,2023-11
otznu9tyqq50x0xij3br,25,13,14,0.68,1,2,探索尝试型,2023-11
apxifjd35xfq6t47ysls,23,14,21,0.6956521739130435,1,2,探索尝试型,2023-11
cz0pbk8vede7ey2oce4a,30,15,20,0.5666666666666667,1,2,探索尝试型,2023-11
7iulsxm22wz4v82hgb2g,26,13,16,0.6538461538461539,1,2,探索尝试型,2023-11
t8zrwu8iwkcdnwf3ruse,20,11,15,0.4,1,2,探索尝试型,2023-11
emnk7ob7xxxdiph6fun3,24,12,15,0.625,1,2,探索尝试型,2023-11
5dmn9cwdf4l1snqfjw1p,18,11,14,0.5,1,2,探索尝试型,2023-11
0m2kzubx9r60wyrsjj7j,25,15,16,0.76,1,2,探索尝试型,2023-11
yj708ceb2o5gueez45or,28,19,22,0.6071428571428571,1,2,探索尝试型,2023-11
5kqtdcvyt7rgqdoextw8,27,14,16,0.6666666666666666,1,2,探索尝试型,2023-11
hz3im1vs42bx5rxbn7wh,27,14,16,0.5185185185185185,1,2,探索尝试型,2023-11
z23fh1v40p3hmxxspbo9,22,13,14,0.5,1,2,探索尝试型,2023-11
omzalmrzys0ymf4cgt03,31,13,17,0.6129032258064516,1,2,探索尝试型,2023-11
90z3slav21r61p88ksba,28,11,15,0.5714285714285714,1,2,探索尝试型,2023-11
5qfsd40k8fv54hc102p2,17,11,16,0.6470588235294118,1,2,探索尝试型,2023-11
1vb2vsoy23nr0monflhx,27,11,17,0.3333333333333333,1,2,探索尝试型,2023-11
icu31mfcha34dnwbsui2,15,7,11,0.6,1,1,集中针对型,2023-11
t5uf4x6hffga8in2ua6l,26,14,15,0.6153846153846154,1,2,探索尝试型,2023-11
4i0t5tq7o78lvc1zglgr,25,13,16,0.56,1,2,探索尝试型,2023-11
ij9llitbhr4gi126l772,27,17,18,0.6296296296296297,1,2,探索尝试型,2023-11
xvfa4ysm4deeobu8wkym,30,17,21,0.6666666666666666,1,2,探索尝试型,2023-11
r28s9kyo7knrvytyvmt8,17,11,13,0.4117647058823529,1,2,探索尝试型,2023-11
5slhcx7pnjhcmlbfffu6,18,9,13,0.5555555555555556,1,1,集中针对型,2023-11
wzfry2domlqnblox9w1b,24,15,17,0.4583333333333333,1,2,探索尝试型,2023-11
dt7s87imgsbma3l5scym,24,11,15,0.4583333333333333,1,2,探索尝试型,2023-11
r4oklg89q3yx9o2dfq3q,20,11,18,0.55,1,2,探索尝试型,2023-11
wty9xgte39cr5rp39e50,28,15,17,0.5,1,2,探索尝试型,2023-11
e77eaaa90a75ea6167f4,79,7,12,0.45569620253164556,1,0,广泛多样型,2023-11
c7d5a3256a9f99ba3e98,28,5,9,0.9285714285714286,1,1,集中针对型,2023-11
a3cd849a5a8d682e18db,20,3,2,0.75,1,1,集中针对型,2023-11
a1ed24a77c97b05064ef,16,4,6,0.5,1,1,集中针对型,2023-11
57f84519c468df122d69,8,4,4,1.0,1,1,集中针对型,2023-11
17f2d0e73044110cdea5,28,3,13,0.8928571428571429,1,1,集中针对型,2023-11
2e40c1b07d32d3b80862,34,5,11,0.29411764705882354,1,1,集中针对型,2023-11
5d2379fb72082166dee3,1,1,1,1.0,1,1,集中针对型,2023-11
953123cfe1c275e6d8a9,76,6,25,0.34210526315789475,1,0,广泛多样型,2023-11
367c27a001837dabb2e9,10,3,6,0.5,1,1,集中针对型,2023-11
855b21869c4fdbed8047,38,1,29,0.631578947368421,1,0,广泛多样型,2023-11
f63cab44b941c6ca80d6,14,2,1,0.35714285714285715,1,1,集中针对型,2023-11
47b08a7751ab609be9e5,13,2,9,0.8461538461538461,1,1,集中针对型,2023-11
b3e8039d33099e1d066c,11,3,9,0.7272727272727273,1,1,集中针对型,2023-11
c16e14d7aa5b4ef519e3,2,2,2,1.0,1,1,集中针对型,2023-11
1ca19e51244cdd3f09ff,20,8,8,0.85,1,1,集中针对型,2023-11
e5b30ace9334d153e076,20,3,5,0.7,1,1,集中针对型,2023-11
6106e5232ac32bc22d1d,21,3,6,0.5238095238095238,1,1,集中针对型,2023-11
eb4493aa138e8edc3f6d,50,2,13,0.2,1,0,广泛多样型,2023-11
a2b5174e55754addcd68,12,1,4,0.5833333333333334,1,1,集中针对型,2023-11
2b54ed4af8281eb82f58,18,3,6,0.5555555555555556,1,1,集中针对型,2023-11
9369995cb6743cb69182,5,2,4,0.8,1,1,集中针对型,2023-11
056ab41140f68c15db14,42,5,7,0.7857142857142857,1,1,集中针对型,2023-11
2b935bfe06ef02369807,1,1,1,1.0,1,1,集中针对型,2023-11
06309f4c8785254f4c13,16,1,3,0.1875,1,1,集中针对型,2023-11
84f116e542feb4ff69c0,60,3,22,0.5,1,0,广泛多样型,2023-11
c200d8d792314a9d3575,17,3,4,0.7058823529411765,1,1,集中针对型,2023-11
9c39551b2cbe4f0c6d03,2,1,1,1.0,1,1,集中针对型,2023-11
7b1d65c8c7637c14d9f2,22,2,2,0.09090909090909091,1,1,集中针对型,2023-11
d311ac015e2e230935b2,1,1,1,1.0,1,1,集中针对型,2023-11
cf73246d819a1ea78e14,14,1,8,0.6428571428571429,1,1,集中针对型,2023-11
f286ac7cd0663855cc5f,5,1,3,0.6,1,1,集中针对型,2023-11
00df647ee4bf7173642f,16,1,3,0.5,1,1,集中针对型,2023-11
33b73273ab8e1a11fcda,6,1,3,0.8333333333333334,1,1,集中针对型,2023-11
ygc6nfsry40yon3nicac,13,9,11,0.23076923076923078,1,2,探索尝试型,2023-11
qaubz3kt65qtoit8g4vi,12,8,9,0.5,1,1,集中针对型,2023-11
8bj43lrpbsn3smxxn3xn,14,9,10,0.5714285714285714,1,1,集中针对型,2023-11
19buea1jycypffshcw38,18,12,14,0.5555555555555556,1,2,探索尝试型,2023-11
3dglsy7ee3ytfq1lpwlv,18,13,14,0.5,1,2,探索尝试型,2023-11
6569uz69or21mbcejw25,13,9,12,0.6923076923076923,1,1,集中针对型,2023-11
2ui63dibc4r8oo0p9agh,17,11,15,0.47058823529411764,1,2,探索尝试型,2023-11
o6tn58jvkqobrz2qmf5i,22,11,11,0.6818181818181818,1,1,集中针对型,2023-11
12s3yomv0kltozc1qxc4,13,10,11,0.7692307692307693,1,1,集中针对型,2023-11
80xvovy2zizaj5kr0va5,12,8,11,0.16666666666666666,1,1,集中针对型,2023-11
bfl1bc2oafd8hrz2xswq,21,11,15,0.7142857142857143,1,2,探索尝试型,2023-11
0i1e50rz4mkhee97xvpo,18,12,13,0.5,1,2,探索尝试型,2023-11
h7i4kmpsra4szfbhrcbh,14,10,11,0.6428571428571429,1,1,集中针对型,2023-11
lvp2qmljigke8u0nfbvl,16,9,8,0.4375,1,1,集中针对型,2023-11
jjx780kahllbp5y3x7p8,23,11,16,0.4782608695652174,1,2,探索尝试型,2023-11
x9xz7kb08kmf1tytnc1f,18,10,15,0.3333333333333333,1,2,探索尝试型,2023-11
iqhpwbqkqi7kugzduhit,16,11,13,0.5625,1,2,探索尝试型,2023-11
dri4ey8he2jovloucu86,14,11,12,0.2857142857142857,1,2,探索尝试型,2023-11
687ndz7mxhpv3gg91ie2,9,7,7,0.3333333333333333,1,1,集中针对型,2023-11
vcw0s2e0akak8rqunatk,16,9,15,0.5625,1,2,探索尝试型,2023-11
tezxtgugzffgu5fxr0cz,26,13,15,0.5384615384615384,1,2,探索尝试型,2023-11
wmep7eexur6wwrlrz9sv,13,8,11,0.38461538461538464,1,1,集中针对型,2023-11
0z4mockl76xn8mhdaehw,16,11,12,0.375,1,2,探索尝试型,2023-11
219jkfkejubvu4dvuv13,20,13,14,0.5,1,2,探索尝试型,2023-11
mbbw64iibpv7ndj2iie1,18,11,14,0.6666666666666666,1,2,探索尝试型,2023-11
1eekhswi2ckx4uw0j1c9,24,11,15,0.625,1,2,探索尝试型,2023-11
hva2hcwvh4mv0i4t59t6,15,8,12,0.6666666666666666,1,1,集中针对型,2023-11
rgl39qjfatpnh3v4o28m,19,11,15,0.5263157894736842,1,2,探索尝试型,2023-11
th28zykgzvfex40v22hz,18,11,12,0.5555555555555556,1,2,探索尝试型,2023-11
rufanlg0slv70u876a05,16,10,10,0.6875,1,1,集中针对型,2023-11
7eeq2weegodhsqj7bxc2,19,11,11,0.6842105263157895,1,1,集中针对型,2023-11
0qamadarf6xhm9pm2jta,13,10,12,0.23076923076923078,1,2,探索尝试型,2023-11
hpty3h6eij2tr467ueks,13,8,8,0.5384615384615384,1,1,集中针对型,2023-11
iwjs5oi2pl8omkdrs53q,11,9,10,0.6363636363636364,1,1,集中针对型,2023-11
qrrck1nnty89cmohw40b,9,7,9,0.4444444444444444,1,1,集中针对型,2023-11
5e29473eb1e80fde79a0,42,9,15,0.35714285714285715,1,0,广泛多样型,2023-11
d4d7a248a58363732f8e,38,6,13,0.6578947368421053,1,1,集中针对型,2023-11
35e028ec34bfdb7a6d26,8,3,4,0.75,1,1,集中针对型,2023-11
75a72c46b8271a57fba6,16,5,13,0.8125,1,1,集中针对型,2023-11
b9d88af0a70c4ccb592e,14,9,10,0.7142857142857143,1,1,集中针对型,2023-11
eacb3353d7bc80cf3e7a,14,3,8,0.9285714285714286,1,1,集中针对型,2023-11
8596e232b0d863cd3130,34,6,11,0.7352941176470589,1,1,集中针对型,2023-11
d3fd2319c0f3aa00c371,19,5,6,1.0,1,1,集中针对型,2023-11
539911ee11c1b2aaeb88,11,3,8,1.0,1,1,集中针对型,2023-11
75e30b71e38030454877,30,6,10,0.36666666666666664,1,1,集中针对型,2023-11
2f3ef424b925a9881b81,25,8,12,0.88,1,1,集中针对型,2023-11
ac896071204b0ce26a1e,91,8,14,0.7802197802197802,1,0,广泛多样型,2023-11
76a2f2705490042bb8cb,19,5,9,0.631578947368421,1,1,集中针对型,2023-11
919b6f74756bdb77edab,19,5,11,0.6842105263157895,1,1,集中针对型,2023-11
01558eef77a8d39b7103,44,9,12,0.5227272727272727,1,1,集中针对型,2023-11
359f25d9131a0699405b,22,4,9,0.4090909090909091,1,1,集中针对型,2023-11
211ed39c57c6e6cdefbf,35,4,11,0.34285714285714286,1,1,集中针对型,2023-11
a959b7dd7f65365313a4,88,5,21,0.26136363636363635,1,0,广泛多样型,2023-11
41126caf1874c098d357,34,5,16,0.6470588235294118,1,1,集中针对型,2023-11
7c27b1482db039a6eee9,5,2,3,1.0,1,1,集中针对型,2023-11
c5c5601b771f1b4491fa,21,6,12,0.9523809523809523,1,1,集中针对型,2023-11
13f8b8305f6c25c21921,10,5,3,0.7,1,1,集中针对型,2023-11
f7c4a29d42220e1cea27,6,2,2,1.0,1,1,集中针对型,2023-11
94752e120f6bb6178ad5,45,9,14,0.7555555555555555,1,1,集中针对型,2023-11
1d7229e0f5f825007870,21,8,12,0.6190476190476191,1,1,集中针对型,2023-11
87aa4503451b6a77b2b7,5,1,5,1.0,1,1,集中针对型,2023-11
d76c58732e315933a6cf,17,3,7,0.5294117647058824,1,1,集中针对型,2023-11
1552f58e2818ce7fa863,31,5,12,0.4838709677419355,1,1,集中针对型,2023-11
67456512891f96cc0fc3,13,5,10,0.7692307692307693,1,1,集中针对型,2023-11
69ae85efb03510241445,22,3,9,0.9545454545454546,1,1,集中针对型,2023-11
55a47a152d359522e38d,16,5,5,0.9375,1,1,集中针对型,2023-11
83bf9b0424c17c9e13e7,8,3,4,0.5,1,1,集中针对型,2023-11
9be4ba08415daa1ee6fe,12,2,7,1.0,1,1,集中针对型,2023-11
fda1eaffdfa7350e5d97,29,3,8,0.41379310344827586,1,1,集中针对型,2023-11
1974349ec27d7d67bf08,19,5,5,0.7368421052631579,1,1,集中针对型,2023-11
e2ee4818284ba527ef0a,5,1,3,0.8,1,1,集中针对型,2023-11
17656005bd4086137ab7,27,3,12,0.7037037037037037,1,1,集中针对型,2023-11
0b307ee95b41e222f204,15,3,4,0.9333333333333333,1,1,集中针对型,2023-11
7ffc1d4e5026fc5195ea,15,4,7,1.0,1,1,集中针对型,2023-11
c4ffbc0ba8c38e725fc8,18,4,7,0.8888888888888888,1,1,集中针对型,2023-11
a05da04117e032cb4977,14,2,6,1.0,1,1,集中针对型,2023-11
5bdad002590327215ae0,17,4,9,0.8235294117647058,1,1,集中针对型,2023-11
8fe25991951e1f37568b,9,2,7,0.8888888888888888,1,1,集中针对型,2023-11
0c81ca27b7d931b6ff6e,29,1,8,0.5172413793103449,1,1,集中针对型,2023-11
0e804947f4cdc2721046,17,1,1,0.7058823529411765,1,1,集中针对型,2023-11
7n0vh1m7hm3g0v8ggv7v,19,11,14,0.5263157894736842,1,2,探索尝试型,2023-11
aai4o855shne2taonl8m,30,15,16,0.5333333333333333,1,2,探索尝试型,2023-11
p8bk6cdfntr0humt6q45,20,9,12,0.8,1,1,集中针对型,2023-11
zhx5rxgopln1p5hd10ql,23,12,15,0.6956521739130435,1,2,探索尝试型,2023-11
3lbe8ny12qw7qwcyihpn,16,10,10,0.6875,1,1,集中针对型,2023-11
nq4jln5s1zqjk7nwbbeo,12,11,7,0.5833333333333334,1,1,集中针对型,2023-11
d9qmlhyp13mf5nto4qih,30,18,16,0.6,1,2,探索尝试型,2023-11
m380dsj058viwn3ly6j1,14,10,10,0.5714285714285714,1,1,集中针对型,2023-11
k6jujv82n727fuwbxa6f,25,13,13,0.84,1,2,探索尝试型,2023-11
pammg9gw4enjosw3z60e,18,11,9,0.6666666666666666,1,1,集中针对型,2023-11
32n93dfesjggabieb85t,29,13,15,0.6896551724137931,1,2,探索尝试型,2023-11
k7fa3kdg6dq9avbiqv1f,19,11,11,0.8947368421052632,1,1,集中针对型,2023-11
b6nwoi7doh1m1yzbkxup,20,13,12,0.65,1,2,探索尝试型,2023-11
r9m46ndmmmzeeehft96z,18,13,11,0.6666666666666666,1,2,探索尝试型,2023-11
d4xny47ows87zd7viwj5,19,12,11,0.5789473684210527,1,2,探索尝试型,2023-11
owzdfs89mm4ci0382a3b,20,13,14,0.65,1,2,探索尝试型,2023-11
di7sclw5samggg4sxipv,19,11,15,0.7894736842105263,1,2,探索尝试型,2023-11
whzjoeh34i7o86p37u99,24,14,15,0.625,1,2,探索尝试型,2023-11
9npnusbksscam12fc4ut,22,13,12,0.7727272727272727,1,2,探索尝试型,2023-11
exaiz0y0uvpeg498cg4j,18,9,10,0.7777777777777778,1,1,集中针对型,2023-11
xf5q0ixkpbxl3w7k16qo,18,11,12,0.5,1,2,探索尝试型,2023-11
l1rn095adguamaugi4ux,20,13,12,0.65,1,2,探索尝试型,2023-11
9dbg3fyz4qnj7x9qug6x,24,13,14,0.6666666666666666,1,2,探索尝试型,2023-11
i39gdpglcxstun30b4yw,16,12,14,0.6875,1,2,探索尝试型,2023-11
k6kv9y9tqfll5d282ymb,23,12,13,0.6521739130434783,1,2,探索尝试型,2023-11
wi36b9plgjc82atx6z7h,16,14,9,0.4375,1,2,探索尝试型,2023-11
qkc2f9omqulfmn3j0m9p,21,14,17,0.6190476190476191,1,2,探索尝试型,2023-11
twa56vh9h75mwaqdma1y,17,10,11,0.8235294117647058,1,1,集中针对型,2023-11
tndsnutlm99ld8f4uya0,19,12,14,0.7368421052631579,1,2,探索尝试型,2023-11
zoo8a9uj8a0dplifqzdp,19,10,12,0.6842105263157895,1,1,集中针对型,2023-11
slmfpw1fyabrtys8ufg9,18,13,14,0.6111111111111112,1,2,探索尝试型,2023-11
hu267zw9zywa4ew3d5bw,26,12,16,0.6538461538461539,1,2,探索尝试型,2023-11
pxnnkthuxasggux3hyae,19,13,13,0.8947368421052632,1,2,探索尝试型,2023-11
4nun1ah7qw10q705a2aq,22,11,15,0.8181818181818182,1,2,探索尝试型,2023-11
o6kw9thwvq6csdr9taal,12,10,9,0.5833333333333334,1,1,集中针对型,2023-11
5d89810b20079366fcc2,13,1,11,0.8461538461538461,1,1,集中针对型,2023-12
e324cc9cb52a2b3cb9cb,168,8,35,0.27976190476190477,1,2,探索尝试型,2023-12
98e10f84d94623f8b39e,93,2,24,0.3118279569892473,1,2,探索尝试型,2023-12
3c89c7f1db26ae691db8,33,8,18,0.8787878787878788,1,0,探索尝试型,2023-12
fb4411db1aac3cd2544b,18,2,10,0.7222222222222222,1,1,集中针对型,2023-12
8979427badebb9e2bd10,39,6,19,0.9743589743589743,1,1,集中针对型,2023-12
e89cdaa3f159a0d3f55e,92,8,9,0.43478260869565216,1,2,探索尝试型,2023-12
bab3d23935ae4f8e798c,44,8,11,0.6136363636363636,1,0,探索尝试型,2023-12
8b1fbc97391699e46cef,22,5,6,0.6363636363636364,1,1,集中针对型,2023-12
cd6355bf939a47577f6d,60,8,18,0.6833333333333333,1,2,探索尝试型,2023-12
f06c3ddb1a98713eeb32,15,3,11,0.8,1,1,集中针对型,2023-12
e716574233e87591ff19,62,9,18,0.6451612903225806,1,2,探索尝试型,2023-12
0a8736f6520cea837d94,67,4,12,0.208955223880597,1,2,探索尝试型,2023-12
ff59855075a6bc39d62b,43,4,28,0.6511627906976745,1,2,探索尝试型,2023-12
876aca2b8ce1958ea773,122,9,12,0.6065573770491803,1,2,探索尝试型,2023-12
580e98185da72b5f34cd,33,4,4,0.9393939393939394,1,1,集中针对型,2023-12
37ae91c472189108a737,41,5,23,0.6341463414634146,1,2,探索尝试型,2023-12
360820d6620d17d1b48b,52,9,5,0.8846153846153846,1,1,集中针对型,2023-12
a8eea517e36b20757b2e,24,4,7,0.3333333333333333,1,1,集中针对型,2023-12
d2403aa287eb869a170a,17,3,8,0.47058823529411764,1,1,集中针对型,2023-12
63eef37311aaac915a45,245,8,38,0.31020408163265306,1,2,探索尝试型,2023-12
c57c5ca2df494f27ca64,87,8,20,0.6206896551724138,1,2,探索尝试型,2023-12
c00c91256ab1777d0dbc,5,1,2,1.0,1,1,集中针对型,2023-12
e23ada44d3eac9b465d2,16,8,14,1.0,1,1,集中针对型,2023-12
cac3f85073c947532796,34,6,6,0.4411764705882353,1,1,集中针对型,2023-12
f058870b1bc33e288e82,28,2,9,0.5714285714285714,1,1,集中针对型,2023-12
47eeab842793b09300c3,27,2,11,0.4444444444444444,1,1,集中针对型,2023-12
d0a933a514028d777578,3,1,1,1.0,1,1,集中针对型,2023-12
64d1d58d40bca568347c,6,2,4,0.8333333333333334,1,1,集中针对型,2023-12
3d63ba961a5f3a60616a,19,3,10,0.5263157894736842,1,1,集中针对型,2023-12
01d8aa21ef476b66c573,17,2,10,0.5882352941176471,1,1,集中针对型,2023-12
75c2677c8d156032e303,82,12,17,0.7195121951219512,1,2,探索尝试型,2023-12
6e7d56f652020f046204,34,6,10,0.4411764705882353,1,1,集中针对型,2023-12
03aa0b20dd4af1888eef,57,12,13,0.6666666666666666,1,0,探索尝试型,2023-12
ce1a32f22b91f4d81015,25,8,9,0.64,1,1,集中针对型,2023-12
dc83f9577ae72447a7b1,21,6,8,0.9523809523809523,1,1,集中针对型,2023-12
1e25b47eaef62694a236,54,2,31,0.8333333333333334,1,2,探索尝试型,2023-12
a1fa76b5d99a411d6649,14,6,7,0.8571428571428571,1,1,集中针对型,2023-12
79ea7a2f63285f2fe26b,13,3,8,0.9230769230769231,1,1,集中针对型,2023-12
57709f904b1cc9ec60b1,19,8,10,0.631578947368421,1,1,集中针对型,2023-12
9417c1b4c24e428984bc,18,1,9,0.7777777777777778,1,1,集中针对型,2023-12
9ea29e4a747ea4a7c70a,9,3,4,0.8888888888888888,1,1,集中针对型,2023-12
e37bbe9fe37f92b785d9,3,2,2,1.0,1,1,集中针对型,2023-12
bca2be7a89b9b36b45cc,44,7,26,0.9318181818181818,1,2,探索尝试型,2023-12
81c4c46f19cb21d54bbb,4,3,1,0.25,1,1,集中针对型,2023-12
1b25734414fcc7466153,3,2,3,1.0,1,1,集中针对型,2023-12
545eb6c8154273344669,11,3,5,0.6363636363636364,1,1,集中针对型,2023-12
54826f4abf592713d585,2,1,1,1.0,1,1,集中针对型,2023-12
b79c2d9d8148403a3720,2,1,1,1.0,1,1,集中针对型,2023-12
86215294b080f19af22f,35,3,8,0.4857142857142857,1,1,集中针对型,2023-12
b345ecad87a7fbac77ce,8,2,2,0.875,1,1,集中针对型,2023-12
be503fccbf0ae5532639,20,2,9,0.65,1,1,集中针对型,2023-12
10de703c06bf9d873d68,8,1,7,1.0,1,1,集中针对型,2023-12
8d422b817027d7721870,3,2,1,1.0,1,1,集中针对型,2023-12
wwh529n48kyjq1xe9h46,13,11,10,0.7692307692307693,1,0,探索尝试型,2023-12
o5lo8q4tb8yt0v8imkw4,16,12,8,0.875,1,0,探索尝试型,2023-12
5gs9643ghg39gpkgi3e5,16,10,11,0.75,1,0,探索尝试型,2023-12
oppl3ojvw61dvd5yw1wl,22,14,13,0.5,1,0,探索尝试型,2023-12
isa355t9q5rut5fm8aml,26,14,17,0.8076923076923077,1,0,探索尝试型,2023-12
47vclaej1xmb0rc8kgka,19,12,13,0.5263157894736842,1,0,探索尝试型,2023-12
ao2x473zwn7k7a6gpfr9,21,14,16,0.42857142857142855,1,0,探索尝试型,2023-12
qz6jjynwbd3szlp0rj04,14,11,10,0.5714285714285714,1,0,探索尝试型,2023-12
zeuj2ypen39p38d4m3oj,24,15,17,0.3333333333333333,1,0,探索尝试型,2023-12
jwdjcrxdn0um79f0rjvw,13,9,11,0.6923076923076923,1,0,探索尝试型,2023-12
ifj584ryrjv639n4nnsu,22,14,14,0.5909090909090909,1,0,探索尝试型,2023-12
8cvzwcc62ql4rqj0pyzl,20,13,13,0.75,1,0,探索尝试型,2023-12
i21qi5qdsjqcch2xvdd5,24,14,15,0.5416666666666666,1,0,探索尝试型,2023-12
9wax6sfj9cuqbbxc95om,23,15,17,0.6086956521739131,1,0,探索尝试型,2023-12
oit2xadfbpuveswzx4pf,13,9,10,0.38461538461538464,1,0,探索尝试型,2023-12
qw1seyo5nrhlm8vby58w,18,13,13,0.6111111111111112,1,0,探索尝试型,2023-12
pr6b1twg5sgsrzek6adi,19,13,13,0.5263157894736842,1,0,探索尝试型,2023-12
vhlntoniujqiclub2juy,18,12,11,0.6111111111111112,1,0,探索尝试型,2023-12
styld7k1gge5cvjria5b,20,13,13,0.6,1,0,探索尝试型,2023-12
k4usquerebza4uy0i57h,14,13,11,0.5,1,0,探索尝试型,2023-12
fvurnsqlgyr9zbd6msqs,19,12,16,0.5263157894736842,1,0,探索尝试型,2023-12
t3wo8xb4rq94n3fpfk35,24,13,14,0.6666666666666666,1,0,探索尝试型,2023-12
6o68qswzkvrrtbiz6bzr,31,17,14,0.5806451612903226,1,0,探索尝试型,2023-12
exj3a7hd6gwihbowgm3w,22,14,14,0.45454545454545453,1,0,探索尝试型,2023-12
79cvflltnemb9zpg6pgl,17,14,10,0.47058823529411764,1,0,探索尝试型,2023-12
1mp9yiw6rkrr3846047g,15,10,11,0.6,1,0,探索尝试型,2023-12
xh8a7nmtz192pknhec33,13,12,11,0.5384615384615384,1,0,探索尝试型,2023-12
91ybnlkli8x332l13rrk,15,9,9,0.4,1,0,探索尝试型,2023-12
0maggb1hf886m5u6p2vr,24,16,15,0.5,1,0,探索尝试型,2023-12
zlaig56ve06t7jruk2mr,23,13,13,0.6956521739130435,1,0,探索尝试型,2023-12
cuwakm24vlp785ky5w71,20,13,15,0.55,1,0,探索尝试型,2023-12
lzvutqpj9ggc0nwwsxcv,18,11,13,0.7777777777777778,1,0,探索尝试型,2023-12
uvh2zil455wi0dcdan51,20,13,12,0.5,1,0,探索尝试型,2023-12
cnkddx6ofjqd7ueylz0e,14,10,9,0.6428571428571429,1,0,探索尝试型,2023-12
s0vfgmhobw9jq6al8iww,10,9,9,0.6,1,0,探索尝试型,2023-12
79fdbcf16db75f75383a,82,8,21,0.6951219512195121,1,2,探索尝试型,2023-12
2c6339f7c23a64d02081,25,5,21,0.76,1,1,集中针对型,2023-12
50fec4ca4283ad18c000,75,11,20,0.9066666666666666,1,2,探索尝试型,2023-12
077d5c82c9ee5019220f,21,6,17,0.8571428571428571,1,1,集中针对型,2023-12
222d5ee50487a2b8601b,39,6,18,0.7692307692307693,1,0,探索尝试型,2023-12
0088dc183f73c83f763e,54,8,15,0.7592592592592593,1,0,探索尝试型,2023-12
f9d95830556934ae9a01,54,5,11,0.6666666666666666,1,1,集中针对型,2023-12
06aff3e28c5db152f506,33,6,18,0.8181818181818182,1,1,集中针对型,2023-12
3555053023c67d592439,29,7,8,0.6206896551724138,1,1,集中针对型,2023-12
f25a777dbbda3d4314d7,51,6,18,0.6470588235294118,1,2,探索尝试型,2023-12
41e9ff991a4a21f423a8,43,10,25,0.9069767441860465,1,2,探索尝试型,2023-12
6002b9ec0f4ad0b281cf,24,8,8,0.7083333333333334,1,1,集中针对型,2023-12
0b8bea274b24847526b7,26,3,14,0.5384615384615384,1,1,集中针对型,2023-12
68c45e933c2dc939e7c9,50,5,6,0.92,1,1,集中针对型,2023-12
f7a14eb1e15ceeea955c,22,5,4,0.8636363636363636,1,1,集中针对型,2023-12
d33a15d480f68c6ec82f,15,7,8,0.8666666666666667,1,1,集中针对型,2023-12
5c33bb784bb99763ed74,30,1,14,0.4666666666666667,1,1,集中针对型,2023-12
058c03d945c4ae0978a0,50,9,21,0.94,1,2,探索尝试型,2023-12
d2e033f11edce44fea3d,19,4,10,0.8947368421052632,1,1,集中针对型,2023-12
af8dedf6ecb4605a09fa,41,10,10,0.926829268292683,1,0,探索尝试型,2023-12
152a0c17daaaa4e65e14,14,3,9,0.9285714285714286,1,1,集中针对型,2023-12
c955c51bfd07134bc831,24,8,10,0.8333333333333334,1,1,集中针对型,2023-12
7d882daa0b4d418d1d0c,57,5,8,0.8421052631578947,1,1,集中针对型,2023-12
2f3c37735e817244e646,25,6,14,0.6,1,1,集中针对型,2023-12
5d580a610c7f8114eb5c,18,4,9,0.9444444444444444,1,1,集中针对型,2023-12
5a8cce5abee961fc77f3,38,10,16,0.7368421052631579,1,0,探索尝试型,2023-12
bd099a9fd29545e3766a,27,8,15,0.9259259259259259,1,1,集中针对型,2023-12
460fa4961434cf281423,23,6,8,0.8695652173913043,1,1,集中针对型,2023-12
da2199a7da15995db5ff,13,4,4,1.0,1,1,集中针对型,2023-12
e6c8ce7f4d7b0b4ca4a6,17,6,8,0.6470588235294118,1,1,集中针对型,2023-12
41f718ae2aed1d6c2573,16,4,9,0.625,1,1,集中针对型,2023-12
ee1ef9674f9e0bfca48b,20,4,19,0.95,1,1,集中针对型,2023-12
981cf48df067d975675b,30,11,10,1.0,1,0,探索尝试型,2023-12
f47eab262dd5809d4d60,30,7,8,1.0,1,1,集中针对型,2023-12
7c3fa9ed66d940d49692,9,4,4,1.0,1,1,集中针对型,2023-12
f82461b84c9c48a36613,29,5,9,0.9310344827586207,1,1,集中针对型,2023-12
9d030ebc092b353b9906,28,7,8,0.8928571428571429,1,1,集中针对型,2023-12
cb2fbb322cc30a8b8fef,24,4,15,0.6666666666666666,1,1,集中针对型,2023-12
977ece9de941d85308ac,14,3,12,1.0,1,1,集中针对型,2023-12
37905cfdcd105683aaf4,27,5,13,0.5555555555555556,1,1,集中针对型,2023-12
a4bfb84ab74e59389e7a,48,6,8,0.3958333333333333,1,1,集中针对型,2023-12
5fbaf8a0f524358778bb,31,5,10,0.9032258064516129,1,1,集中针对型,2023-12
8f98bfcea1b9f0dba97e,2,2,2,1.0,1,1,集中针对型,2023-12
15ab118362ecbbd03b52,35,12,20,1.0,1,0,探索尝试型,2023-12
6e8118d5ad3c7093b869,36,7,14,0.9444444444444444,1,1,集中针对型,2023-12
bfc3a5cb3b9c29f08176,35,2,5,0.5428571428571428,1,1,集中针对型,2023-12
daf693769d8638a22ee9,20,3,3,1.0,1,1,集中针对型,2023-12
3267b84814316e2fa25e,21,5,8,0.8571428571428571,1,1,集中针对型,2023-12
95889f5d20e344714084,15,2,6,0.4,1,1,集中针对型,2023-12
6486c0664d217470d126,18,5,2,1.0,1,1,集中针对型,2023-12
a5966200ae4d58200438,35,4,7,0.7714285714285715,1,1,集中针对型,2023-12
db2418c575c0a4f7239d,2,1,2,1.0,1,1,集中针对型,2023-12
0c670262b3941d307600,33,4,14,0.5454545454545454,1,1,集中针对型,2023-12
1329b6cf41debecda787,28,5,3,0.8928571428571429,1,1,集中针对型,2023-12
si6ymh6w7xbo2f40o0p8,25,17,12,0.72,1,0,探索尝试型,2023-12
9trgand057juzal1kecf,24,13,16,0.75,1,0,探索尝试型,2023-12
62olkigg7ntlaf6fzytl,25,15,15,0.76,1,0,探索尝试型,2023-12
pkjom9yr5m9690fg6wsi,21,13,8,0.7619047619047619,1,0,探索尝试型,2023-12
3qvqfnzdg358mord1cku,20,14,10,0.8,1,0,探索尝试型,2023-12
5mrih4nj5agvu67vao4m,33,18,14,0.7878787878787878,1,0,探索尝试型,2023-12
vrdxefyyyx3tkticfqnv,34,18,12,0.7647058823529411,1,0,探索尝试型,2023-12
rd32gyblqsfn03xatnmt,31,19,14,0.8387096774193549,1,0,探索尝试型,2023-12
2uxkhe454qk8jvk0ufvp,29,18,12,0.9310344827586207,1,0,探索尝试型,2023-12
n8pe3tt7qmlgojwhhsj0,15,13,7,0.9333333333333333,1,0,探索尝试型,2023-12
ik7o5ykfnku0qp74sy1i,28,15,16,0.8214285714285714,1,0,探索尝试型,2023-12
zyfp520tbnq5p2pvrkin,27,14,12,0.7037037037037037,1,0,探索尝试型,2023-12
4acutl013itvh9va99p7,21,10,12,0.7142857142857143,1,0,探索尝试型,2023-12
2jvnsh0veb6qnn3uv6i8,23,15,10,0.6956521739130435,1,0,探索尝试型,2023-12
ugaiak78ggmnku4yndlt,24,13,10,0.75,1,0,探索尝试型,2023-12
shtnl1wh1mconb8od5ko,25,13,15,0.88,1,0,探索尝试型,2023-12
3m4gx52iq3mwqdycm8mm,29,20,16,0.8275862068965517,1,0,探索尝试型,2023-12
awxiqzybhp95e08qx1h5,26,16,14,0.7692307692307693,1,0,探索尝试型,2023-12
ef04ejvyvmh5votejbif,33,18,13,0.696969696969697,1,0,探索尝试型,2023-12
p6cp3ogj6xy2riczfupv,24,15,14,0.5833333333333334,1,0,探索尝试型,2023-12
dgoapkg9vpnafks22kx4,23,13,8,0.9130434782608695,1,0,探索尝试型,2023-12
2zfdinkl7qrn0o62tlp4,21,13,13,0.8095238095238095,1,0,探索尝试型,2023-12
99dj4o3b2f6m4jemke7d,33,15,17,0.8181818181818182,1,0,探索尝试型,2023-12
xy7cro773yqyoblucwkp,26,17,13,0.6538461538461539,1,0,探索尝试型,2023-12
6tq9irjllweqmqe4u7sf,21,15,10,0.9047619047619048,1,0,探索尝试型,2023-12
553l2g7kpifbvn82knxk,26,15,13,0.8076923076923077,1,0,探索尝试型,2023-12
dfnvtf7qbi2955rjeaqx,38,19,14,0.868421052631579,1,0,探索尝试型,2023-12
66f99grd556eyxjqk7pz,27,18,10,0.8148148148148148,1,0,探索尝试型,2023-12
putb7ja6dwpdag4bwvnj,24,14,13,0.7916666666666666,1,0,探索尝试型,2023-12
58n0dsxyyqnriomw67id,25,14,11,0.72,1,0,探索尝试型,2023-12
3cic5ziycjx4ik4ll0v1,28,15,15,0.75,1,0,探索尝试型,2023-12
yyz9rmyzzdp52h0glddp,29,16,16,0.6896551724137931,1,0,探索尝试型,2023-12
je7kqkmpwkosa7nkgfpx,24,14,13,0.8333333333333334,1,0,探索尝试型,2023-12
bwvpzqnhh752noqjqj8d,24,13,11,0.75,1,0,探索尝试型,2023-12
x8hldszj3z40bgxl4mci,30,16,16,0.8,1,0,探索尝试型,2023-12
5f55600069b483f999f5,94,5,27,0.40425531914893614,1,2,探索尝试型,2023-12
170a695a2717bcd9b74b,64,7,18,0.515625,1,2,探索尝试型,2023-12
a0a1991396f865c9e3dc,8,4,6,1.0,1,1,集中针对型,2023-12
3fee5c27236cbb682727,90,7,38,0.45555555555555555,1,2,探索尝试型,2023-12
701a989d65a59c18845b,65,6,21,0.676923076923077,1,2,探索尝试型,2023-12
3672e2896ad7d8f2404e,87,5,38,0.6091954022988506,1,2,探索尝试型,2023-12
52f1bca9ac9c792e4457,105,8,38,0.3904761904761905,1,2,探索尝试型,2023-12
75097aa30e9373a612c7,57,12,21,0.6666666666666666,1,0,探索尝试型,2023-12
72b4334deffff31dea8b,62,8,24,0.5967741935483871,1,2,探索尝试型,2023-12
84e8300978b600b5f0ba,93,7,22,0.7741935483870968,1,2,探索尝试型,2023-12
2ccfa5f79c8b61e465d4,128,12,21,0.6953125,1,2,探索尝试型,2023-12
63aded37545ab92d41d4,119,2,35,0.35294117647058826,1,2,探索尝试型,2023-12
e851f82a650692f8e591,24,3,8,0.7916666666666666,1,1,集中针对型,2023-12
cb8c2285066597e012c6,90,6,38,0.43333333333333335,1,2,探索尝试型,2023-12
a55511198784610bf30b,30,6,16,0.7,1,1,集中针对型,2023-12
749fec50db4020e9bfcc,21,1,15,0.8571428571428571,1,1,集中针对型,2023-12
2b9ef4e3749f713870b0,123,9,38,0.34146341463414637,1,2,探索尝试型,2023-12
a8846b79555746e4f9df,51,3,35,0.7058823529411765,1,2,探索尝试型,2023-12
d27565678ffa4a9bfa85,83,4,38,0.4819277108433735,1,2,探索尝试型,2023-12
d3ba1fe030801d700cb6,76,10,28,0.5526315789473685,1,2,探索尝试型,2023-12
166cb02ac436c9d3662f,103,2,28,0.2912621359223301,1,2,探索尝试型,2023-12
1629f353a742f6a73251,28,7,9,0.8571428571428571,1,1,集中针对型,2023-12
62156eada978f707f5d2,28,5,15,0.75,1,1,集中针对型,2023-12
6d35a9a33338a84dd077,27,7,9,0.6296296296296297,1,1,集中针对型,2023-12
098b2c66cbc1ed736e14,10,4,4,0.8,1,1,集中针对型,2023-12
ae2e4cb7985c4ac71795,7,3,3,0.7142857142857143,1,1,集中针对型,2023-12
011d454f199c123d44ad,76,7,25,0.42105263157894735,1,2,探索尝试型,2023-12
1202c731c612353ceef0,69,9,23,0.5942028985507246,1,2,探索尝试型,2023-12
4c90f16c0fcd85d3de25,113,8,18,0.46017699115044247,1,2,探索尝试型,2023-12
7ab9a2516b2dba99c36c,32,3,25,0.875,1,2,探索尝试型,2023-12
7380885aaba482170588,3,2,3,1.0,1,1,集中针对型,2023-12
c9c9f0b7606030f2aade,38,1,38,1.0,1,2,探索尝试型,2023-12
b8290aea71e7a5421a02,3,2,2,1.0,1,1,集中针对型,2023-12
0e062d9fa22dc8e3bca2,47,5,8,0.8297872340425532,1,1,集中针对型,2023-12
5b5ef66e547d63806a56,78,6,18,0.7435897435897436,1,2,探索尝试型,2023-12
f4e46ba446c56e56259b,9,1,3,0.3333333333333333,1,1,集中针对型,2023-12
9e4c54a008ee874fc270,42,5,10,0.8095238095238095,1,1,集中针对型,2023-12
1397545fbe9882e5cd42,65,7,17,0.7538461538461538,1,2,探索尝试型,2023-12
93c2f240de504736b8d0,81,9,36,0.49382716049382713,1,2,探索尝试型,2023-12
0f160cd19890b97092b9,25,4,10,1.0,1,1,集中针对型,2023-12
8fb30cb5c7ad360c995f,4,3,3,1.0,1,1,集中针对型,2023-12
e3ce61b92eeae0a33633,4,2,3,1.0,1,1,集中针对型,2023-12
d235a2c32940b970ab7c,45,4,38,0.8666666666666667,1,2,探索尝试型,2023-12
432fd26823e230070734,72,4,11,0.5833333333333334,1,2,探索尝试型,2023-12
2c3b89432513b2035664,18,2,14,0.8333333333333334,1,1,集中针对型,2023-12
8242b99ad9d6609fd19c,65,4,38,0.6,1,2,探索尝试型,2023-12
918236b530adbe510201,34,4,6,0.7352941176470589,1,1,集中针对型,2023-12
efb9fe363bdeb9f48d69,4,2,4,1.0,1,1,集中针对型,2023-12
57c33a6126c456c5ada8,32,4,24,0.65625,1,2,探索尝试型,2023-12
8d93485dc6a4b2a9f03f,67,3,38,0.5970149253731343,1,2,探索尝试型,2023-12
3f55d44d7572d52b2987,13,4,10,0.8461538461538461,1,1,集中针对型,2023-12
19fb3075dd2798538c9d,6,2,4,0.6666666666666666,1,1,集中针对型,2023-12
a108f1103f798c85d061,44,1,38,0.9318181818181818,1,2,探索尝试型,2023-12
c5b9961e65ffa73d971e,39,5,13,0.6923076923076923,1,1,集中针对型,2023-12
52d965ebf3ec0518bc0f,81,3,38,0.48148148148148145,1,2,探索尝试型,2023-12
36ebf305b7206112f676,123,5,17,0.9512195121951219,1,2,探索尝试型,2023-12
23dd64a1d2e4965198bf,85,1,38,0.47058823529411764,1,2,探索尝试型,2023-12
bafdbc62a48daf6840c9,45,1,28,0.6666666666666666,1,2,探索尝试型,2023-12
d94c5dba40d9fcbfb8d9,19,3,14,0.7368421052631579,1,1,集中针对型,2023-12
951eea03695f436017d3,56,2,29,0.5357142857142857,1,2,探索尝试型,2023-12
446d2ad0ca2908ffa4f9,20,1,14,0.8,1,1,集中针对型,2023-12
f9ef2830cd485d038b53,30,1,29,0.9666666666666667,1,2,探索尝试型,2023-12
0f8bd9e33125347965a1,53,2,17,0.49056603773584906,1,2,探索尝试型,2023-12
46a7a18ca160c829a15f,7,1,2,1.0,1,1,集中针对型,2023-12
e3b920878572dbcf8c9e,38,1,38,1.0,1,2,探索尝试型,2023-12
93iq4xjhvlc8072fsfet,42,18,24,0.5476190476190477,1,0,探索尝试型,2023-12
kpw433bcv21ksp1wgrux,38,17,22,0.6578947368421053,1,0,探索尝试型,2023-12
fov3pbwdqzvhgcjp7o9f,54,21,30,0.5740740740740741,1,0,探索尝试型,2023-12
i8gdglua8vbd4ul9x09f,36,17,21,0.6388888888888888,1,0,探索尝试型,2023-12
4fl8e5s0nf65bm2m34f0,41,17,26,0.7073170731707317,1,0,探索尝试型,2023-12
4glo109mkgy7azntyttp,38,15,23,0.6052631578947368,1,0,探索尝试型,2023-12
bvz9hmtzknu45wvb0yaw,44,20,28,0.6363636363636364,1,0,探索尝试型,2023-12
cunf3y04zq0f90dgy36j,40,18,24,0.575,1,0,探索尝试型,2023-12
0gfiioqi5g8djhh1wzol,46,22,24,0.6956521739130435,1,0,探索尝试型,2023-12
qd5cqu3du8n28xxtkftw,54,21,28,0.6111111111111112,1,0,探索尝试型,2023-12
cnqyqc90n3ixrlc3mri7,33,16,19,0.6363636363636364,1,0,探索尝试型,2023-12
hcm6w0jxnfqhkpm745cu,46,16,25,0.5217391304347826,1,0,探索尝试型,2023-12
z0ti2nr5nh9fpad7wntt,39,20,24,0.6923076923076923,1,0,探索尝试型,2023-12
wbdvbdebq64ujpi9u7mn,41,19,23,0.5853658536585366,1,0,探索尝试型,2023-12
44x159fl0pw2uucriuga,42,17,25,0.6666666666666666,1,0,探索尝试型,2023-12
1kvfwfp2hr5hjxjxzjqd,35,16,24,0.4857142857142857,1,0,探索尝试型,2023-12
yb4sqfrwu788fa6y4zeb,28,15,20,0.5714285714285714,1,0,探索尝试型,2023-12
d6qgzp196pwnzk7agyn6,51,20,21,0.5294117647058824,1,0,探索尝试型,2023-12
fvlb9xi66oze7eo3yhdh,40,14,21,0.65,1,0,探索尝试型,2023-12
7r0ywonplo8up7m35eav,37,20,22,0.6486486486486487,1,0,探索尝试型,2023-12
3iz4t53ooerb6sruxf3n,36,16,22,0.5555555555555556,1,0,探索尝试型,2023-12
wxgj9kdmdrmullrthnso,37,17,22,0.6486486486486487,1,0,探索尝试型,2023-12
8ajv97zyciosc57q0cng,42,17,25,0.6904761904761905,1,0,探索尝试型,2023-12
nl4vt11ikn4we06zu0zj,45,21,26,0.6666666666666666,1,0,探索尝试型,2023-12
1hrtipd0awjpggdje5e2,46,20,26,0.5434782608695652,1,0,探索尝试型,2023-12
fb735wd248crm37cgmgw,32,17,20,0.6875,1,0,探索尝试型,2023-12
ymb5gxf0fi27kpj2f101,42,19,25,0.5952380952380952,1,0,探索尝试型,2023-12
vqz1prz6hwnqepxsieip,38,19,25,0.47368421052631576,1,0,探索尝试型,2023-12
7c2qxvccum7f93e8ohgt,37,17,23,0.5405405405405406,1,0,探索尝试型,2023-12
4xh67ezjc331pg9q3kfv,39,17,20,0.6153846153846154,1,0,探索尝试型,2023-12
no0afrue2n6m8hcnuek1,48,19,22,0.5416666666666666,1,0,探索尝试型,2023-12
alj4azvv1eqg1cyr3ae3,38,19,24,0.7105263157894737,1,0,探索尝试型,2023-12
t8a5fgt3wo8w18amulu3,35,19,23,0.6285714285714286,1,0,探索尝试型,2023-12
m3y8jkkgflwqwcelrwzz,36,20,23,0.6388888888888888,1,0,探索尝试型,2023-12
zon2ut7eqwqd7i86etaw,43,19,22,0.5116279069767442,1,0,探索尝试型,2023-12
d93519b044de1fa037b0,50,2,38,0.74,1,2,探索尝试型,2023-12
afc99b4940e933922aca,38,4,19,0.5,1,2,探索尝试型,2023-12
c5d83404b165578ef794,54,8,30,0.8703703703703703,1,2,探索尝试型,2023-12
dcd0562f8fb44933cb08,39,4,27,0.6153846153846154,1,2,探索尝试型,2023-12
7694d71417c2f5202940,144,8,37,0.3888888888888889,1,2,探索尝试型,2023-12
3ba42ec5350aacb0750a,3,1,2,1.0,1,1,集中针对型,2023-12
e9b6fa8a87469779d732,73,7,16,0.684931506849315,1,2,探索尝试型,2023-12
cafe5989da5dfed9f404,42,5,18,0.7857142857142857,1,1,集中针对型,2023-12
d52b119f8da2a1812722,53,7,23,0.4528301886792453,1,2,探索尝试型,2023-12
11dae4659d30031a10dd,35,5,15,0.5714285714285714,1,1,集中针对型,2023-12
ec4897070f2d3b6eab89,48,7,20,0.6666666666666666,1,2,探索尝试型,2023-12
a3a0e2129e405aef3d87,51,2,27,0.5490196078431373,1,2,探索尝试型,2023-12
a06fdb8743c4d4ef09fe,35,10,26,0.9142857142857143,1,0,探索尝试型,2023-12
7bb37669654dedc7e397,45,6,20,0.6,1,2,探索尝试型,2023-12
6fe309a58b787e7010eb,60,9,14,0.7,1,0,探索尝试型,2023-12
db0bcf208cbed26d0bfe,48,2,38,0.8958333333333334,1,2,探索尝试型,2023-12
90f3fbedfce50f644011,266,8,24,0.24436090225563908,1,2,探索尝试型,2023-12
e3d0782396c346359a8f,7,2,4,1.0,1,1,集中针对型,2023-12
3919286d3d8c4f4d339c,23,7,13,0.6956521739130435,1,1,集中针对型,2023-12
9d02a160cd171c5f4c18,37,1,26,0.8378378378378378,1,2,探索尝试型,2023-12
7c1d8516e6c2ab2d3030,6,1,6,1.0,1,1,集中针对型,2023-12
728a4a393899c37a5429,29,4,11,0.896551724137931,1,1,集中针对型,2023-12
6d22912e7e93a96a8690,26,3,26,1.0,1,2,探索尝试型,2023-12
0fc996fff93c00ca5ced,50,10,19,0.58,1,0,探索尝试型,2023-12
20f97b68982d1b2f5c73,35,2,5,0.2571428571428571,1,1,集中针对型,2023-12
5m6lgwi0mkqs8ilg3qqs,7,2,2,0.2857142857142857,1,1,集中针对型,2023-12
93f451c36b535d39003d,52,2,37,0.6923076923076923,1,2,探索尝试型,2023-12
c9c946fe211251af32d1,8,3,3,0.5,1,1,集中针对型,2023-12
f36a755a3fa5db5c0743,11,3,4,0.8181818181818182,1,1,集中针对型,2023-12
76fe2c19fa84d58b584b,16,4,8,0.625,1,1,集中针对型,2023-12
cade7d478dac7020a79b,30,3,19,0.6333333333333333,1,1,集中针对型,2023-12
5f7b406b2bbf9789735f,15,2,14,0.9333333333333333,1,1,集中针对型,2023-12
453d43b3f6bdf467e672,29,5,8,0.896551724137931,1,1,集中针对型,2023-12
61de1e21015e07aacbe8,129,6,19,0.6976744186046512,1,2,探索尝试型,2023-12
ac4d829c715fb0c36ad5,33,3,28,0.8484848484848485,1,2,探索尝试型,2023-12
bb3328d3b1eecb5e1a8a,64,3,9,0.609375,1,1,集中针对型,2023-12
d1e44a91dd4f37c03d43,38,3,12,0.5526315789473685,1,1,集中针对型,2023-12
3ff069e95a9047dbfa8b,1,1,1,1.0,1,1,集中针对型,2023-12
cf7f9c2c6872be9bf2d6,25,3,2,0.84,1,1,集中针对型,2023-12
c99e6802625540e4d1e2,46,4,24,0.782608695652174,1,2,探索尝试型,2023-12
016226278e6a69e10aa4,13,3,6,0.8461538461538461,1,1,集中针对型,2023-12
0d4a3518a188f6888380,50,1,38,0.9,1,2,探索尝试型,2023-12
b8162292f2171005c2ba,17,2,10,0.5882352941176471,1,1,集中针对型,2023-12
h6miro3m8713s3dxuipr,32,13,17,0.59375,1,0,探索尝试型,2023-12
i5hexmb5zlzhd8lvwdv3,25,12,16,0.6,1,0,探索尝试型,2023-12
cp4d94b2v0ws6am7mvuw,23,12,10,0.4782608695652174,1,0,探索尝试型,2023-12
d3tt41de5iashfjr1txr,27,13,18,0.6666666666666666,1,0,探索尝试型,2023-12
rq44ojyrvdtad0tzsm32,32,13,17,0.4375,1,0,探索尝试型,2023-12
uk8sadmdmw8p7e22l2yr,38,18,25,0.6052631578947368,1,0,探索尝试型,2023-12
t7x7ydt3u1cd2svfvk4q,32,17,20,0.625,1,0,探索尝试型,2023-12
fkenlzdweox7v0zaopqo,27,16,17,0.5925925925925926,1,0,探索尝试型,2023-12
t9a891e0764br5ujna1a,26,14,16,0.5769230769230769,1,0,探索尝试型,2023-12
fqcud1c5mt7pdp9w0v6y,26,15,16,0.6153846153846154,1,0,探索尝试型,2023-12
svxexhg20hs3bbqd4fm7,31,13,18,0.6451612903225806,1,0,探索尝试型,2023-12
6dx4zt62b8m37krb5l3n,28,15,19,0.5714285714285714,1,0,探索尝试型,2023-12
buv73728fa9viqgrz5mj,26,12,18,0.5384615384615384,1,0,探索尝试型,2023-12
i1fr7kd71b2ni39kn958,30,16,18,0.4666666666666667,1,0,探索尝试型,2023-12
ijieo064jbrs5ss1cmol,30,13,19,0.7,1,0,探索尝试型,2023-12
oi7j42phxrp4mc1n9h4b,26,12,18,0.5384615384615384,1,0,探索尝试型,2023-12
4vnvytgnlmv4jbfw9h3t,32,16,19,0.8125,1,0,探索尝试型,2023-12
9lfh7vk4u8eh6zz1dmvp,24,16,15,0.5833333333333334,1,0,探索尝试型,2023-12
zeuj820acn6zhcbx617v,31,10,15,0.5161290322580645,1,0,探索尝试型,2023-12
mqqf68ny1kdp6i69i7tt,25,13,16,0.56,1,0,探索尝试型,2023-12
zc7xkcpo969z98kh6bg8,38,15,24,0.6578947368421053,1,0,探索尝试型,2023-12
xsxczvs8iluovs3pt5q7,27,16,20,0.5925925925925926,1,0,探索尝试型,2023-12
w1uwjc89gv68yxkutpoe,19,10,16,0.5263157894736842,1,0,探索尝试型,2023-12
reo07h0d5zehmotdlz2w,29,13,16,0.6551724137931034,1,0,探索尝试型,2023-12
6cxj0lsinp9d7215gtpe,30,16,17,0.6666666666666666,1,0,探索尝试型,2023-12
uy29im7a6hnc34lfp8ae,22,11,15,0.6363636363636364,1,0,探索尝试型,2023-12
kilhyvtskm84umerpjee,29,18,18,0.5517241379310345,1,0,探索尝试型,2023-12
6iag08nt7se7f2hkgzx4,28,14,19,0.7857142857142857,1,0,探索尝试型,2023-12
jyaxybaq8vui614ytd8i,36,14,19,0.6666666666666666,1,0,探索尝试型,2023-12
pv0c4za1m616k25gfwfb,32,16,22,0.6875,1,0,探索尝试型,2023-12
3p34idi1traz2k8j0ulk,20,11,15,0.7,1,0,探索尝试型,2023-12
tvsgkf4oqh769h40lj43,39,15,19,0.6153846153846154,1,0,探索尝试型,2023-12
9a25hcbd3mhgaj0fyelo,28,15,16,0.6428571428571429,1,0,探索尝试型,2023-12
lexte4gc3dvjb7ty0qf5,29,11,18,0.6206896551724138,1,0,探索尝试型,2023-12
8urc1lsyw615q5prnxwh,23,13,20,0.6086956521739131,1,0,探索尝试型,2023-12
fe752a6d1aa3d710d738,27,10,10,0.5925925925925926,1,0,探索尝试型,2023-12
912794ea0c6936c83ce2,48,8,16,0.7083333333333334,1,0,探索尝试型,2023-12
19793e7e55b68c8dd776,13,2,9,0.6153846153846154,1,1,集中针对型,2023-12
17e429460d5fda251953,41,5,12,0.4146341463414634,1,1,集中针对型,2023-12
2e3e7cbe0e69add8d31a,19,4,17,0.9473684210526315,1,1,集中针对型,2023-12
4bceaffe5e429ed3333b,14,4,13,1.0,1,1,集中针对型,2023-12
f22c9341431a6123f670,29,4,13,0.9310344827586207,1,1,集中针对型,2023-12
0107f72b66cbd1a0926d,6,1,5,0.8333333333333334,1,1,集中针对型,2023-12
4c26df96293b4a52bc03,32,7,11,0.8125,1,1,集中针对型,2023-12
9ee3e6df01c7cc22d066,47,4,10,0.48936170212765956,1,1,集中针对型,2023-12
42e83553ca9d77ab4aee,22,2,5,0.8181818181818182,1,1,集中针对型,2023-12
ba563fef8484139dc84d,28,4,9,0.35714285714285715,1,1,集中针对型,2023-12
9b1c065069dbb7a71617,101,5,29,0.49504950495049505,1,2,探索尝试型,2023-12
1fa4f2361b8a03040292,13,5,5,0.5384615384615384,1,1,集中针对型,2023-12
d6f3f410bbb24244d270,7,1,1,1.0,1,1,集中针对型,2023-12
67f8d47cfb7b7b3d2095,43,3,17,0.5813953488372093,1,2,探索尝试型,2023-12
be032ee60c336e4701e0,28,2,9,0.7857142857142857,1,1,集中针对型,2023-12
a856f10303ba34926fdd,28,5,14,0.9642857142857143,1,1,集中针对型,2023-12
2826ec26211d83efd2c6,26,6,9,0.9230769230769231,1,1,集中针对型,2023-12
4e768251c78b687fa993,17,5,6,0.8823529411764706,1,1,集中针对型,2023-12
82da6d26645f8f71bd61,17,2,12,0.8823529411764706,1,1,集中针对型,2023-12
6b9ee688551136da2eb9,32,7,22,0.71875,1,0,探索尝试型,2023-12
03e0c9bff3a9557480d9,41,6,20,0.926829268292683,1,2,探索尝试型,2023-12
4738a118c8b8fa271fd6,32,5,17,0.5625,1,0,探索尝试型,2023-12
2e2c00240c341a4265e3,16,6,6,1.0,1,1,集中针对型,2023-12
03754dce5ec7731fb3e2,16,5,7,0.9375,1,1,集中针对型,2023-12
2ecb7fb5ff8899614c12,20,3,2,0.2,1,1,集中针对型,2023-12
2af634997fba501740c2,1,1,1,1.0,1,1,集中针对型,2023-12
e17f01453906e3ae5716,25,5,10,0.68,1,1,集中针对型,2023-12
488fc49e8fccd665c3e2,41,5,12,0.4634146341463415,1,1,集中针对型,2023-12
d103bd9455fb9258c805,17,3,6,0.35294117647058826,1,1,集中针对型,2023-12
8e25bcfa51d165f162f6,31,2,13,0.6774193548387096,1,1,集中针对型,2023-12
13de1d3a55477a0c0329,6,3,4,0.6666666666666666,1,1,集中针对型,2023-12
d72abe041b8db9118e70,28,5,17,0.75,1,1,集中针对型,2023-12
2d526c27123e59103e29,36,4,5,1.0,1,1,集中针对型,2023-12
60c3549c706fe13322ce,8,1,1,0.125,1,1,集中针对型,2023-12
d536120baaef5495c028,9,3,6,0.6666666666666666,1,1,集中针对型,2023-12
a0fa57995e3e8cdcc13a,5,2,3,1.0,1,1,集中针对型,2023-12
fe40bd528b4fbbf591e1,4,2,4,1.0,1,1,集中针对型,2023-12
a9554f5c3d61d05617e1,3,1,1,1.0,1,1,集中针对型,2023-12
c9e6e9322dd7054e618c,17,2,8,0.5294117647058824,1,1,集中针对型,2023-12
430420fb41fe0a889868,7,1,1,0.14285714285714285,1,1,集中针对型,2023-12
6964a3d507ac1ecf9e52,2,2,2,1.0,1,1,集中针对型,2023-12
454c91e8f96c1dc4e994,29,3,15,0.8620689655172413,1,1,集中针对型,2023-12
yums89f0epz009xrrwrf,13,11,9,0.6923076923076923,1,0,探索尝试型,2023-12
1nebcwra7a0fduy8c1fa,17,8,9,0.4117647058823529,1,0,探索尝试型,2023-12
vzdurh8f0rfus5h4bde2,17,13,10,0.7058823529411765,1,0,探索尝试型,2023-12
4v5xbvn3yhmvs97477pc,15,11,10,0.8,1,0,探索尝试型,2023-12
isavn2ahb9n5z1q8win5,21,15,9,1.0,1,0,探索尝试型,2023-12
u968v341lom8drwdzqqj,16,9,11,0.5625,1,0,探索尝试型,2023-12
ulowmljtsh72z64haltq,11,10,9,0.9090909090909091,1,1,集中针对型,2023-12
mn8t0yyppsznr674ic1a,14,11,6,0.5714285714285714,1,0,探索尝试型,2023-12
p3cs5x8cxrwubesmagvl,20,14,14,0.7,1,0,探索尝试型,2023-12
0sgnvj4zfg3xjjb9fl6h,20,15,14,0.6,1,0,探索尝试型,2023-12
j8inicu0iafkpv3u9431,15,10,10,0.6666666666666666,1,0,探索尝试型,2023-12
7ddzwidmh4uwbopvlast,20,15,12,0.75,1,0,探索尝试型,2023-12
g5wbnnhq1jbyc32q3003,17,12,12,0.7647058823529411,1,0,探索尝试型,2023-12
flde3irykh8wauaj2fuw,20,13,12,0.55,1,0,探索尝试型,2023-12
em248gxmeso9cw0wzlv8,18,12,10,0.7777777777777778,1,0,探索尝试型,2023-12
74g1r714u01v7nb4vn8w,10,8,10,0.7,1,1,集中针对型,2023-12
1otvyki9oso9bg6ob16u,20,12,12,0.85,1,0,探索尝试型,2023-12
inyirhdpjahiguhs9e5b,16,11,10,0.6875,1,0,探索尝试型,2023-12
pg8ucem69ixbqhznx0x2,10,7,10,0.7,1,1,集中针对型,2023-12
sdun9fmcol7sud39mllw,12,10,10,0.5,1,0,探索尝试型,2023-12
cgydhui8n3uoxbq5rznl,15,10,9,0.8,1,0,探索尝试型,2023-12
hoedc2pzfz6av5bn1jq3,12,9,10,0.9166666666666666,1,1,集中针对型,2023-12
csxiwtz34vm9vr0kbryx,19,13,11,0.7368421052631579,1,0,探索尝试型,2023-12
z9q10sbk27qpuvatlkuw,14,9,10,0.6428571428571429,1,0,探索尝试型,2023-12
ttsjumez81r1ot6tfe7n,10,9,9,0.9,1,1,集中针对型,2023-12
3ywgcurp27qp1fydp27z,15,10,10,0.8,1,0,探索尝试型,2023-12
x8hocidvl3emcmrhw2f8,17,11,8,0.5294117647058824,1,0,探索尝试型,2023-12
m3xzctvbxlbxz80zz042,18,14,11,0.8333333333333334,1,0,探索尝试型,2023-12
lewkf2owb42ywhfto9yf,12,9,11,0.6666666666666666,1,0,探索尝试型,2023-12
ng2c52g74hfaudyxmm6m,21,13,12,0.6190476190476191,1,0,探索尝试型,2023-12
ucxxvfcovdwuokyswife,9,9,8,0.7777777777777778,1,1,集中针对型,2023-12
h9urbo4ce8x02brjnloz,17,13,12,0.5882352941176471,1,0,探索尝试型,2023-12
19rc4zj7sw4ms0996992,14,11,11,0.7857142857142857,1,0,探索尝试型,2023-12
uhky1uwx18u1e4nixzzf,8,5,6,0.75,1,1,集中针对型,2023-12
4y1vvkscejq34042oag4,13,11,9,0.9230769230769231,1,0,探索尝试型,2023-12
05e1c3ce1728da7e37e0,51,3,14,0.27450980392156865,1,2,探索尝试型,2023-12
93f200d7351d4980fec6,7,1,5,0.5714285714285714,1,1,集中针对型,2023-12
4dfdfa5e1a04c832b9b4,22,3,5,0.8636363636363636,1,1,集中针对型,2023-12
151cd83784ab9007e8d8,78,11,17,0.7051282051282052,1,2,探索尝试型,2023-12
8e1012c9f4775ba6a451,28,3,8,0.42857142857142855,1,1,集中针对型,2023-12
413cbf664ac3ba8307ea,10,3,4,0.9,1,1,集中针对型,2023-12
3bf7b3c9aa7d93ecb603,1,1,1,1.0,1,1,集中针对型,2023-12
9ad512cc6cbd79aa81c7,20,8,17,0.95,1,1,集中针对型,2023-12
71f6622e7caa6ed92506,20,5,9,0.85,1,1,集中针对型,2023-12
2fe9648ea28753c73c2c,83,6,15,0.6746987951807228,1,2,探索尝试型,2023-12
4474f24ef69e01e2c001,15,5,5,0.26666666666666666,1,1,集中针对型,2023-12
f81f52969ef1de783de3,19,2,10,0.631578947368421,1,1,集中针对型,2023-12
b9c7c66c8b57b9d3c6fa,9,2,7,0.8888888888888888,1,1,集中针对型,2023-12
a95a606f0110653858b2,27,3,13,0.5185185185185185,1,1,集中针对型,2023-12
4cc0dc56eecea1d928d1,22,3,15,0.7272727272727273,1,1,集中针对型,2023-12
e4af37199530e9ea523c,49,4,20,0.6530612244897959,1,2,探索尝试型,2023-12
52a24e35d5356ab34a2e,25,2,12,0.64,1,1,集中针对型,2023-12
5abcc9d4fb5e764b2f6f,2,1,1,1.0,1,1,集中针对型,2023-12
dddd7ba8769cf90bfd62,18,4,14,0.9444444444444444,1,1,集中针对型,2023-12
6fc66606e74242398444,35,4,13,0.8285714285714286,1,1,集中针对型,2023-12
83b54209fa2b1055369b,10,2,5,0.7,1,1,集中针对型,2023-12
5a44a7c59729d41d596a,35,3,10,0.6571428571428571,1,1,集中针对型,2023-12
f05247f3d32a4bf5a6df,70,4,13,0.2714285714285714,1,2,探索尝试型,2023-12
2933a3227c7ce7fe21eb,28,6,19,0.6785714285714286,1,0,探索尝试型,2023-12
758a52e21fd5c23cd7ed,43,5,16,0.627906976744186,1,1,集中针对型,2023-12
81c441973fd4e024d60a,14,2,3,0.21428571428571427,1,1,集中针对型,2023-12
42dd5f9cd9e2c3ac9ed7,6,1,2,0.3333333333333333,1,1,集中针对型,2023-12
b1b3363b7086aaa99b0d,19,3,12,0.631578947368421,1,1,集中针对型,2023-12
5cda8273b348fbda9f29,14,2,7,0.8571428571428571,1,1,集中针对型,2023-12
71ca74e191e71b0219b5,17,1,14,0.7647058823529411,1,1,集中针对型,2023-12
d53a4fb612fb801fff3d,29,2,14,0.41379310344827586,1,1,集中针对型,2023-12
2db6dd71f1d07300382c,11,2,11,1.0,1,1,集中针对型,2023-12
d2c5423ea5fa0a995264,21,5,15,0.9047619047619048,1,1,集中针对型,2023-12
0258f681a9e1756dfc76,5,2,5,1.0,1,1,集中针对型,2023-12
e5cab2ae37f3a9ed4f46,4,2,4,1.0,1,1,集中针对型,2023-12
800d0095388d11344b78,27,1,22,0.7777777777777778,1,1,集中针对型,2023-12
522837ace4fd8dd743f2,2,1,2,1.0,1,1,集中针对型,2023-12
b1fbf77b475e79c3d413,40,1,22,0.65,1,2,探索尝试型,2023-12
04f2689b4ea16d8d7d9a,8,1,3,0.5,1,1,集中针对型,2023-12
9ee4ff457095eaf23309,4,2,2,0.5,1,1,集中针对型,2023-12
952e59666bdde6dad94c,2,1,1,1.0,1,1,集中针对型,2023-12
0df40593e76a840fd64b,8,1,5,0.625,1,1,集中针对型,2023-12
daty5mq7b20bkt2c2zfs,8,8,7,0.5,1,1,集中针对型,2023-12
pgknalznufvmvwgc1ca8,9,7,6,0.6666666666666666,1,1,集中针对型,2023-12
01qkq6w2v62cimidb3b7,10,8,9,0.7,1,1,集中针对型,2023-12
j605t14y7ie6vr2n8s2c,6,5,5,0.8333333333333334,1,1,集中针对型,2023-12
o3jddioub8dsv0fm22qn,6,3,3,0.6666666666666666,1,1,集中针对型,2023-12
8kvpozl8kjupzd4yvwbv,16,9,11,0.5625,1,0,探索尝试型,2023-12
4130weedl0x9hc7qe5a4,7,7,6,0.7142857142857143,1,1,集中针对型,2023-12
orubxhpr5e1heat93ue4,13,9,11,0.6923076923076923,1,0,探索尝试型,2023-12
4x441h9y6wzknmtdw7q4,12,7,6,0.5833333333333334,1,1,集中针对型,2023-12
xgvqpyg5mro3wihwngur,13,8,10,0.5384615384615384,1,0,探索尝试型,2023-12
xnvmb8uox3576k142awg,6,5,5,0.3333333333333333,1,1,集中针对型,2023-12
u9owl1eky0jf8t3nc50o,10,7,10,0.7,1,1,集中针对型,2023-12
mhufhb84kyqgs0anwy1d,14,10,11,0.5714285714285714,1,0,探索尝试型,2023-12
uhthvh60xp911d47x7xm,7,5,7,0.7142857142857143,1,1,集中针对型,2023-12
hhplrx9xd7cm2w7aslma,9,7,7,0.4444444444444444,1,1,集中针对型,2023-12
tp8x8dgd7d6dhpth8xni,5,5,5,1.0,1,1,集中针对型,2023-12
me4d1o3nzhyoj0xfast0,12,9,6,0.5833333333333334,1,1,集中针对型,2023-12
a30afe3tftu3pgsdxxdq,6,6,5,0.8333333333333334,1,1,集中针对型,2023-12
jnupp0jsv1kjsvbzlnrr,8,6,6,0.375,1,1,集中针对型,2023-12
ubi6gd21j9e9rw46hoz6,7,5,7,0.5714285714285714,1,1,集中针对型,2023-12
tv0sptqq56ri3dpcd9nl,9,6,7,0.3333333333333333,1,1,集中针对型,2023-12
rsclhbtmbxt0xrye64ax,11,7,9,0.6363636363636364,1,1,集中针对型,2023-12
oc0ww31yssff9rktgowo,12,10,12,0.8333333333333334,1,0,探索尝试型,2023-12
zq3xohaut5o9dbd9064z,9,8,8,0.7777777777777778,1,1,集中针对型,2023-12
nkr2o4v6q9alvt7ju51e,5,4,4,0.8,1,1,集中针对型,2023-12
p611flt77czmqgut14jl,3,3,3,0.3333333333333333,1,1,集中针对型,2023-12
nx4zicy1jbulkuen41s5,8,7,8,0.75,1,1,集中针对型,2023-12
aqpg6qwtponj9ojmx6ls,6,3,6,0.6666666666666666,1,1,集中针对型,2023-12
9nfrfi8p7oktnfr9c30b,14,8,10,0.7142857142857143,1,1,集中针对型,2023-12
1afepx549ssnar1m9acp,8,5,6,0.75,1,1,集中针对型,2023-12
f527k17lr4aumahjtj92,7,5,6,0.42857142857142855,1,1,集中针对型,2023-12
zuw35j06tzftt6oon4c5,9,7,8,0.4444444444444444,1,1,集中针对型,2023-12
m6p2hujqw21vc4lyt3f3,7,5,6,0.2857142857142857,1,1,集中针对型,2023-12
34qcy2qj5lij7g82hpvw,6,4,5,0.5,1,1,集中针对型,2023-12
2a6ap0t2rsvoogmydj3a,2,2,2,0.5,1,1,集中针对型,2023-12
33184c1cba6a37cdbda2,61,4,23,0.5081967213114754,1,2,探索尝试型,2023-12
3f81bf9625e47ca1963f,42,5,11,0.42857142857142855,1,1,集中针对型,2023-12
8bece93f0b270602e64f,11,3,10,0.9090909090909091,1,1,集中针对型,2023-12
27cc9165eef05eb1733f,22,2,16,0.8636363636363636,1,1,集中针对型,2023-12
3c37e3ad275dcdd39e2c,34,3,9,0.6176470588235294,1,1,集中针对型,2023-12
46e2d5243b6eef040f97,14,2,8,0.6428571428571429,1,1,集中针对型,2023-12
37f3b3d773c5c073bc9a,11,5,7,0.8181818181818182,1,1,集中针对型,2023-12
96dc0554852b5a94a400,76,2,37,0.5131578947368421,1,2,探索尝试型,2023-12
6273f50d9a0b4e6d971c,20,3,14,1.0,1,1,集中针对型,2023-12
4478eae73fb84cedb102,9,3,7,1.0,1,1,集中针对型,2023-12
0a7f1a73361654329281,4,1,4,1.0,1,1,集中针对型,2023-12
301f57984e5d2969c938,13,3,5,0.6923076923076923,1,1,集中针对型,2023-12
3b3b2319b0995f149ecc,28,2,10,0.7857142857142857,1,1,集中针对型,2023-12
3313c40ea45a87f9d2e7,13,2,9,0.9230769230769231,1,1,集中针对型,2023-12
fabad359607dabbaaed4,35,5,14,1.0,1,1,集中针对型,2023-12
6fefd33cf297f69bcae3,40,4,6,0.975,1,1,集中针对型,2023-12
7ec5fc60b1ce755e0e17,62,5,8,0.6774193548387096,1,1,集中针对型,2023-12
d6d6e7da792fdf0106f0,6,3,6,1.0,1,1,集中针对型,2023-12
b26aab632fd33a01020a,7,3,4,0.8571428571428571,1,1,集中针对型,2023-12
43d34a076620e32fedfa,40,4,14,0.525,1,1,集中针对型,2023-12
074d7f43de7264306775,22,1,10,0.3181818181818182,1,1,集中针对型,2023-12
c682f6819dfbfc964bc7,4,1,3,1.0,1,1,集中针对型,2023-12
09e4bfadd7e012c37c7c,22,2,12,0.5909090909090909,1,1,集中针对型,2023-12
6d90c2fd38f2ea52ffd8,9,2,3,0.5555555555555556,1,1,集中针对型,2023-12
94066a900026329cd5cd,57,5,9,0.7719298245614035,1,1,集中针对型,2023-12
c42aff1f9940e24491cc,13,3,6,0.6923076923076923,1,1,集中针对型,2023-12
5e89fad73b2ada2a30bf,15,3,14,1.0,1,1,集中针对型,2023-12
24ca7714d40e2fe53821,9,1,7,0.7777777777777778,1,1,集中针对型,2023-12
eec0307b4d47609d6933,17,3,6,0.35294117647058826,1,1,集中针对型,2023-12
a34fbbb7d9a19eb82450,8,3,5,0.75,1,1,集中针对型,2023-12
72d383f55803c5a81bd6,15,1,15,1.0,1,1,集中针对型,2023-12
31741464205aa8cdb4f5,19,4,6,0.9473684210526315,1,1,集中针对型,2023-12
9b43f5fcb5d592a689af,18,4,10,0.7777777777777778,1,1,集中针对型,2023-12
c63d5a67687762a9f967,7,1,5,1.0,1,1,集中针对型,2023-12
a11b89c60677835e450c,3,1,1,1.0,1,1,集中针对型,2023-12
d1df92e9d19fb2f22ebb,16,2,7,0.9375,1,1,集中针对型,2023-12
ad29c5822807dabe497c,34,4,10,0.47058823529411764,1,1,集中针对型,2023-12
a94a32ebd5f7d177053a,18,2,14,0.8888888888888888,1,1,集中针对型,2023-12
81931021ce711e124d0b,40,2,7,0.825,1,1,集中针对型,2023-12
0bb8692f43a372e8d967,17,3,14,0.8235294117647058,1,1,集中针对型,2023-12
e224221a9971f9f45489,32,3,7,0.875,1,1,集中针对型,2023-12
9294393fcd13593bc537,14,4,8,0.9285714285714286,1,1,集中针对型,2023-12
17dda5f588bed077c742,45,3,25,0.8222222222222222,1,2,探索尝试型,2023-12
69a4b3d15a5bf0d0e43e,24,1,14,0.4166666666666667,1,1,集中针对型,2023-12
f964ee6bca634319a68f,5,2,2,0.6,1,1,集中针对型,2023-12
a96027a83196027cf822,12,2,2,0.6666666666666666,1,1,集中针对型,2023-12
e6b9a4292b6a8e8e0ef0,9,2,8,1.0,1,1,集中针对型,2023-12
bc48d03763657ec4aa63,58,2,8,0.7586206896551724,1,1,集中针对型,2023-12
3c71b62d597098c4cd18,10,3,7,0.8,1,1,集中针对型,2023-12
1f56b6bda24efafcf3a4,8,2,8,1.0,1,1,集中针对型,2023-12
6abeead45fd57abadaff,1,1,1,1.0,1,1,集中针对型,2023-12
c20c86d30d19b39745e2,11,2,2,1.0,1,1,集中针对型,2023-12
f26c1d520ac39293c68a,12,1,8,1.0,1,1,集中针对型,2023-12
d45eea92ed42431d9076,8,1,8,1.0,1,1,集中针对型,2023-12
7f91b4ad141d21887b79,1,1,1,1.0,1,1,集中针对型,2023-12
fcf6463f948b24ac7cd8,11,1,8,0.7272727272727273,1,1,集中针对型,2023-12
lf5hmkicbiuolk7khwwb,18,7,10,0.6666666666666666,1,1,集中针对型,2023-12
b2imd0ms1p4fxkfcpygc,17,9,9,0.7647058823529411,1,1,集中针对型,2023-12
nrv5a6tr3ya2iv3p5xpo,16,10,12,0.8125,1,0,探索尝试型,2023-12
r3uk44zat2tcyj5wmojt,17,9,10,0.8823529411764706,1,1,集中针对型,2023-12
ezdogkk0jqt4nvvvbnxp,10,9,8,0.8,1,1,集中针对型,2023-12
dwg6k0ka5vuwzo5h11m0,12,6,11,0.6666666666666666,1,1,集中针对型,2023-12
orgvbr9mbmfo4z8tbsa3,12,6,9,0.6666666666666666,1,1,集中针对型,2023-12
wu3cwt7cavxrllp6s123,16,10,10,0.625,1,0,探索尝试型,2023-12
p10d5vx8mpn0v82i51gp,20,10,10,0.8,1,0,探索尝试型,2023-12
tuidsy7wcktf3jppecp5,17,7,11,0.6470588235294118,1,1,集中针对型,2023-12
3w0b2b1gz9i1nhmtab7s,10,8,8,0.8,1,1,集中针对型,2023-12
4atjmlccken75lck9ffp,15,9,10,0.8666666666666667,1,1,集中针对型,2023-12
70ym0xeqaqmx14dv6myx,14,8,10,0.6428571428571429,1,1,集中针对型,2023-12
k1r03pvvsv9zxrft5jgi,18,11,14,0.6111111111111112,1,0,探索尝试型,2023-12
s97masc6nt48h4ly8s1w,11,7,8,0.6363636363636364,1,1,集中针对型,2023-12
sf30f3p1koevnfztc2pd,11,9,8,0.5454545454545454,1,0,探索尝试型,2023-12
sushd67p0jy6f04a3h0m,14,6,7,0.7142857142857143,1,1,集中针对型,2023-12
6ixkthdoadcwip3r1sy2,12,9,10,0.8333333333333334,1,1,集中针对型,2023-12
5ez4c53h3kdamnlvkpna,12,7,9,0.5,1,1,集中针对型,2023-12
r7embk7pqzg5g5p245x4,16,8,9,0.625,1,1,集中针对型,2023-12
4oqxw56hzk4fk8aqh3e0,13,8,9,0.6923076923076923,1,1,集中针对型,2023-12
22fey6dqzcrm0jbtfnmm,13,8,9,0.8461538461538461,1,1,集中针对型,2023-12
lx7vfcjhdxzh2wkt42hc,19,11,11,0.8947368421052632,1,0,探索尝试型,2023-12
jv67r7eqa9z2a1777eex,14,8,10,0.7142857142857143,1,1,集中针对型,2023-12
skyax9iocbd5gzronpru,16,9,12,0.875,1,1,集中针对型,2023-12
u2rchqp6tof1bkr07izf,9,6,6,0.5555555555555556,1,1,集中针对型,2023-12
gzthlilac9ixoayq02u1,15,7,6,0.8666666666666667,1,1,集中针对型,2023-12
p9enp5lzhiufas1xpd8p,9,5,8,0.6666666666666666,1,1,集中针对型,2023-12
8jo5o2abn697lg482k0e,9,5,6,0.8888888888888888,1,1,集中针对型,2023-12
i8lx9f5ut0kaz120j30d,11,7,9,0.7272727272727273,1,1,集中针对型,2023-12
wf7yq9n2spgto3w5ad9r,16,10,11,0.8125,1,0,探索尝试型,2023-12
5jxldd3plo4x6oq140l5,20,12,13,0.65,1,0,探索尝试型,2023-12
cmy2w5due4kl6pn6uia5,5,5,5,0.4,1,1,集中针对型,2023-12
4ewf46mylf75olvvihqj,10,8,8,0.8,1,1,集中针对型,2023-12
d4geyy1ox6qzlz4ibz0z,5,4,4,0.6,1,1,集中针对型,2023-12
510a90cd169e2eb042ab,50,9,14,0.58,1,0,探索尝试型,2023-12
2959d8017312337a2ba6,18,2,2,0.6666666666666666,1,1,集中针对型,2023-12
07e3362d20ff4337671b,65,7,31,0.8,1,2,探索尝试型,2023-12
b6ed77b2b3283f9379c8,308,5,38,0.4318181818181818,1,2,探索尝试型,2023-12
09dfa3f18e48917f0242,45,7,26,0.6222222222222222,1,2,探索尝试型,2023-12
dba2bc2a15c1e8d696fe,39,4,15,0.6410256410256411,1,1,集中针对型,2023-12
ca66ab7e59628143cf1e,70,1,37,0.6,1,2,探索尝试型,2023-12
4a7f53c0a376edadf38a,56,4,20,0.5,1,2,探索尝试型,2023-12
cc317db3f3bb874542a7,22,3,18,0.8181818181818182,1,1,集中针对型,2023-12
e28711e2f5500d3d6b04,91,9,17,0.43956043956043955,1,2,探索尝试型,2023-12
1224ceafb61456a033d0,69,4,22,0.4927536231884058,1,2,探索尝试型,2023-12
e103cf810dfba59d0431,86,6,34,0.4418604651162791,1,2,探索尝试型,2023-12
ade35014b25afed24916,71,8,17,0.28169014084507044,1,2,探索尝试型,2023-12
e7958857e7d2292ffbc7,35,3,23,0.7714285714285715,1,2,探索尝试型,2023-12
80423084979315c20dbf,36,4,18,0.5,1,2,探索尝试型,2023-12
f1c1c0932bfeb74762d0,1,1,1,1.0,1,1,集中针对型,2023-12
29acddb87cfe062d73f5,8,3,3,0.375,1,1,集中针对型,2023-12
46a60ed041c8ebf98061,39,5,24,0.717948717948718,1,2,探索尝试型,2023-12
c7c79725138f07b9c265,116,5,14,0.6896551724137931,1,2,探索尝试型,2023-12
8b586d8b9c06414b2487,3,2,3,1.0,1,1,集中针对型,2023-12
b8a4fd679898150ef87a,11,2,5,0.9090909090909091,1,1,集中针对型,2023-12
914f82268754cbf71a54,16,6,9,0.75,1,1,集中针对型,2023-12
f50dcd09709383fea95f,5,2,2,0.4,1,1,集中针对型,2023-12
1b36a3223f9dd94a211f,1,1,1,1.0,1,1,集中针对型,2023-12
1fc5b87acdfc2a8b580c,3,1,3,1.0,1,1,集中针对型,2023-12
5c83f4ed6601ddf1a6fa,53,3,32,0.660377358490566,1,2,探索尝试型,2023-12
4c79be630ae9d3db6aaf,8,3,2,0.375,1,1,集中针对型,2023-12
0d260d8fac2289c8ed9e,52,4,8,0.5961538461538461,1,1,集中针对型,2023-12
a14b9aa97f66fc82ede3,17,3,11,0.9411764705882353,1,1,集中针对型,2023-12
dfa917b9dc15c87ab016,34,3,4,1.0,1,1,集中针对型,2023-12
1883af270e36a7580332,8,2,8,1.0,1,1,集中针对型,2023-12
5ada57d72f07c3803d33,70,3,26,0.5714285714285714,1,2,探索尝试型,2023-12
86366c9920186cc4d1a3,17,3,8,0.5294117647058824,1,1,集中针对型,2023-12
ed5a13234f04cae4894d,27,6,21,0.7037037037037037,1,0,探索尝试型,2023-12
390d1fc3b78420815190,15,1,7,0.5333333333333333,1,1,集中针对型,2023-12
24524df0ca55659c384e,2,1,1,0.5,1,1,集中针对型,2023-12
3a9d955e2ef47191a742,7,2,5,1.0,1,1,集中针对型,2023-12
e199ddadaaf5aee02eb8,6,2,2,0.3333333333333333,1,1,集中针对型,2023-12
25c8e1ae2335e8c3e5b3,1,1,1,1.0,1,1,集中针对型,2023-12
1096bd470d3ddff1ec1c,1,1,1,1.0,1,1,集中针对型,2023-12
0b28c0a454678b75eefb,15,1,13,0.8666666666666667,1,1,集中针对型,2023-12
c0884e4814b0f32935f8,31,2,26,0.9032258064516129,1,2,探索尝试型,2023-12
5e12a0421c20717035cb,10,1,5,0.5,1,1,集中针对型,2023-12
b21ec59d991586279d95,9,2,6,0.5555555555555556,1,1,集中针对型,2023-12
b92448e12093e45dc6ff,13,2,7,0.6153846153846154,1,1,集中针对型,2023-12
78e6c80ea8dc73ec747d,1,1,1,1.0,1,1,集中针对型,2023-12
767e222eeb367b2b010f,1,1,1,1.0,1,1,集中针对型,2023-12
388090578f22a3c33738,1,1,1,1.0,1,1,集中针对型,2023-12
be24259f2867b231800d,1,1,1,1.0,1,1,集中针对型,2023-12
28d90a892cc66338f962,3,1,3,1.0,1,1,集中针对型,2023-12
lqm8jh0uggps7yd0lx2x,13,10,12,0.5384615384615384,1,0,探索尝试型,2023-12
uem908xkm2x04s4iu84k,15,7,13,0.7333333333333333,1,1,集中针对型,2023-12
2krjeqjgjqfuumdo3ibt,18,9,15,0.5555555555555556,1,0,探索尝试型,2023-12
7ae6jy1vw15ppmnq6sba,21,11,16,0.47619047619047616,1,0,探索尝试型,2023-12
quam8ci0euq2dz8xldzz,15,10,11,0.7333333333333333,1,0,探索尝试型,2023-12
59bybxqvhton27u0jtfm,18,10,13,0.5,1,0,探索尝试型,2023-12
f5j3cojh9fr5gvylr0yi,14,8,12,0.6428571428571429,1,0,探索尝试型,2023-12
0txd5enpfmbrth46w74b,16,10,14,0.6875,1,0,探索尝试型,2023-12
ljylby8inwh5b93wkean,14,10,10,0.6428571428571429,1,0,探索尝试型,2023-12
1n42senfkcjopw1zh39l,14,7,13,0.5,1,0,探索尝试型,2023-12
g4l5baozrnfblxayrhox,12,8,8,0.75,1,1,集中针对型,2023-12
4bq1kdgygbtif8w80s5y,19,10,17,0.5263157894736842,1,0,探索尝试型,2023-12
preni1j2j1gkvq1knpag,13,8,13,0.46153846153846156,1,0,探索尝试型,2023-12
d16ht4y29lrac1brhwm1,22,12,16,0.5,1,0,探索尝试型,2023-12
0lgtv09uoh3ova8sjbze,21,12,19,0.5714285714285714,1,0,探索尝试型,2023-12
xlp4p1b56hrhhyr2y3kd,13,8,9,0.3076923076923077,1,0,探索尝试型,2023-12
ny6yox8nvtlotclebkk8,21,10,14,0.5238095238095238,1,0,探索尝试型,2023-12
x7xh8m5fvmipvkav1cb4,14,9,11,0.7142857142857143,1,0,探索尝试型,2023-12
l41f9f1gb0y5rxcqfv64,12,10,8,0.5,1,0,探索尝试型,2023-12
fvqo3hum9a1rl6rxbyre,22,11,15,0.45454545454545453,1,0,探索尝试型,2023-12
ec5zb47nxjbuzemc81p0,13,9,10,0.6153846153846154,1,0,探索尝试型,2023-12
ygoahstwe9gz9w87qncs,21,9,14,0.7142857142857143,1,0,探索尝试型,2023-12
gm1xiqmop9j2d2acc2jg,21,13,14,0.7142857142857143,1,0,探索尝试型,2023-12
jj1jl4nhnkxllubypoq3,12,6,10,0.5833333333333334,1,1,集中针对型,2023-12
xw0r5n17yfqv2va40bhi,16,9,10,0.625,1,0,探索尝试型,2023-12
cby6hsod14blxr7zyfjs,18,8,14,0.5,1,0,探索尝试型,2023-12
nd9xpohv0s4ttw0o7fts,15,9,12,0.6,1,0,探索尝试型,2023-12
me044us8pj1824r4dye2,21,10,15,0.5714285714285714,1,0,探索尝试型,2023-12
4erna0vkk9gu5umle1se,22,11,14,0.6363636363636364,1,0,探索尝试型,2023-12
rd4p70jwu852pbdjwl2d,28,14,16,0.75,1,0,探索尝试型,2023-12
hpb03ydulnt2b9ffa0j2,23,10,13,0.6521739130434783,1,0,探索尝试型,2023-12
22wb5ostye8edvfar59p,15,7,9,0.5333333333333333,1,1,集中针对型,2023-12
hkk3qiui3e3r969oyfhf,17,10,13,0.4117647058823529,1,0,探索尝试型,2023-12
bgvt5n1h0qt51ze0md7w,10,6,9,0.4,1,1,集中针对型,2023-12
ggweeccb6anw0j3y32t0,15,10,13,0.8,1,0,探索尝试型,2023-12
4aa8ff74dc576b7adbcd,13,1,6,0.8461538461538461,1,1,集中针对型,2023-12
792e3326f0d9f68389d9,16,4,8,0.75,1,1,集中针对型,2023-12
9b913075e93b2b788102,200,12,32,0.53,1,2,探索尝试型,2023-12
1c2aef3af32f6323a31d,3,1,2,1.0,1,1,集中针对型,2023-12
9f0ce6d4cdf9d1772417,12,2,6,0.6666666666666666,1,1,集中针对型,2023-12
4e693829528e3e7de62a,133,7,28,0.7518796992481203,1,2,探索尝试型,2023-12
2c27d4de6ae130e7e242,6,2,3,1.0,1,1,集中针对型,2023-12
2b3492096a4d12bb86cd,16,7,6,0.6875,1,1,集中针对型,2023-12
f8c2f04e8e116f0fd237,100,13,28,0.58,1,2,探索尝试型,2023-12
2a6394114c31a10dc92b,76,4,16,0.5,1,2,探索尝试型,2023-12
d9dfc134efd3826bdaed,29,3,13,0.9310344827586207,1,1,集中针对型,2023-12
e2ea6dbbe90983dbb208,34,2,24,0.8529411764705882,1,2,探索尝试型,2023-12
ce9dd8f1570caa0d6f5b,28,3,7,0.25,1,1,集中针对型,2023-12
663aff87732c52f0e342,3,3,3,1.0,1,1,集中针对型,2023-12
d5067bceac0ffa5e4704,10,1,5,0.7,1,1,集中针对型,2023-12
7c039dde693a18f3a834,14,1,4,0.2857142857142857,1,1,集中针对型,2023-12
6efd2d79656d1b056f72,18,2,5,0.5555555555555556,1,1,集中针对型,2023-12
3e4e608ace87fe97bdb5,8,1,3,0.375,1,1,集中针对型,2023-12
ebe7a295f61c831b0093,1,1,1,1.0,1,1,集中针对型,2023-12
ff63c210b94623453b5f,14,1,3,0.2857142857142857,1,1,集中针对型,2023-12
d7464b55181ef45e2d63,1,1,1,1.0,1,1,集中针对型,2023-12
db0241cf536c2174d9ed,8,1,6,1.0,1,1,集中针对型,2023-12
c3beec92b66ff78a6ba9,3,1,2,0.3333333333333333,1,1,集中针对型,2023-12
dac03bcbefc3a08c8b50,18,1,5,0.2777777777777778,1,1,集中针对型,2023-12
p58nsuk0hj5uh2xk2k9p,10,7,7,0.6,1,1,集中针对型,2023-12
oriig6s6fmvi4f7mxamy,8,7,7,0.625,1,1,集中针对型,2023-12
i3b6qk80m9jqwgft968o,22,10,10,0.6818181818181818,1,0,探索尝试型,2023-12
jtbq3gkfw2tcsjvfwm56,16,9,10,0.5625,1,0,探索尝试型,2023-12
y0bdtutppfdzzttzq8dy,13,8,11,0.9230769230769231,1,1,集中针对型,2023-12
siv6gzi7una85o8fzrwi,12,10,9,0.4166666666666667,1,0,探索尝试型,2023-12
5l1b1ma70rilf7mojch5,17,8,14,0.7058823529411765,1,0,探索尝试型,2023-12
9jq31h6i3ny1lx0mx89e,8,7,7,0.75,1,1,集中针对型,2023-12
qol4cum3ewnz45dzpijx,10,8,8,0.9,1,1,集中针对型,2023-12
k8d21tlgxmu6i35atvub,13,8,12,0.46153846153846156,1,0,探索尝试型,2023-12
jivt017uwst4sg4fqlek,8,6,8,0.625,1,1,集中针对型,2023-12
5rxl72n8rmnxwrxcss0q,7,5,6,0.8571428571428571,1,1,集中针对型,2023-12
1hues7esy9erdsses6m0,15,9,10,0.4,1,0,探索尝试型,2023-12
e9vzigim3qs88f721ohz,12,6,9,0.5,1,1,集中针对型,2023-12
8rsw4xhmff15occogf32,19,11,11,0.42105263157894735,1,0,探索尝试型,2023-12
n1nh33yq3nhwt4mx36yc,16,9,10,0.8125,1,1,集中针对型,2023-12
hjcfqm1yfzh8s77mo3ec,14,11,12,0.6428571428571429,1,0,探索尝试型,2023-12
zylvq01zq0hxavbvsd2f,9,5,9,0.7777777777777778,1,1,集中针对型,2023-12
95jqkrj6zv7qf1wz1p8e,14,8,13,0.6428571428571429,1,0,探索尝试型,2023-12
vd2j77wynysztt2wbv2v,6,5,5,0.6666666666666666,1,1,集中针对型,2023-12
ti44fbogdeqbfflbizj7,16,7,12,0.75,1,1,集中针对型,2023-12
4ycyhj8tyx2b17fcx29j,13,7,8,0.6923076923076923,1,1,集中针对型,2023-12
2svwdpmdpjsdzafekntw,7,6,6,0.5714285714285714,1,1,集中针对型,2023-12
bt192zri52uj2flwikrw,9,7,7,0.4444444444444444,1,1,集中针对型,2023-12
wmes720kojsggeq71m5y,16,10,11,0.625,1,0,探索尝试型,2023-12
5zczdtyecu2w495j80xv,13,8,11,0.6153846153846154,1,0,探索尝试型,2023-12
8nqoz5k93j7it8w0muhl,15,8,11,0.6,1,0,探索尝试型,2023-12
81kmylu471y1njt1pin3,18,11,14,0.5555555555555556,1,0,探索尝试型,2023-12
cm2celd9hmos24j2a5cg,6,6,5,0.6666666666666666,1,1,集中针对型,2023-12
ipd72mytvphpd9tcejgb,12,10,7,0.4166666666666667,1,0,探索尝试型,2023-12
s8uk59p9w5ck47wlw3ea,9,7,7,0.7777777777777778,1,1,集中针对型,2023-12
0dapvs3h4h3h1ahmt2o8,11,6,10,0.45454545454545453,1,1,集中针对型,2023-12
6qp85ufr2o1zg8k0cvtb,9,6,8,0.8888888888888888,1,1,集中针对型,2023-12
10xnkvdetxarrkdhx4i9,13,9,11,0.6153846153846154,1,0,探索尝试型,2023-12
tbypawuj167ycyvg8sc2,6,4,6,0.8333333333333334,1,1,集中针对型,2023-12
119b36a5797d5ce69625,13,6,6,0.5384615384615384,1,1,集中针对型,2023-12
ee07cc24589beb775d33,1,1,1,1.0,1,1,集中针对型,2023-12
44c7cf3881ae07f7fb3e,22,4,15,0.9545454545454546,1,1,集中针对型,2023-12
44c7cf3881ae07f7fb3eD,1,1,1,1.0,1,1,集中针对型,2023-12
c681117f7f586fd730bb,107,7,23,0.6822429906542056,1,2,探索尝试型,2023-12
1cfe33c5b178a0c2367f,38,2,22,0.6052631578947368,1,2,探索尝试型,2023-12
6496d6268092ef8e7e9d,73,9,19,0.6027397260273972,1,2,探索尝试型,2023-12
5963ba5cd9d242a00e22,22,7,15,0.6818181818181818,1,0,探索尝试型,2023-12
00cbf05221bb479e66c3,48,5,13,0.5,1,1,集中针对型,2023-12
9a630f9e9f4ec26d8fcd,12,5,10,1.0,1,1,集中针对型,2023-12
8068144149e4ba65ef38,13,2,6,0.5384615384615384,1,1,集中针对型,2023-12
e7feb8599ea5f596aeac,8,3,4,1.0,1,1,集中针对型,2023-12
21e23771e52cb5291b19,50,4,12,0.3,1,2,探索尝试型,2023-12
8ca890875272aede0af5,22,4,10,0.6818181818181818,1,1,集中针对型,2023-12
882ccee198e25b49b30d,82,3,9,0.3170731707317073,1,2,探索尝试型,2023-12
8a45d6748ec853f7694c,28,4,12,0.7857142857142857,1,1,集中针对型,2023-12
2150588a5903d9a77b79,36,5,16,0.7777777777777778,1,1,集中针对型,2023-12
9795edf22e930bc30fa4,43,3,8,0.6976744186046512,1,1,集中针对型,2023-12
b7f42d4b51972267680e,32,3,11,0.65625,1,1,集中针对型,2023-12
03b463f52c0fff35433b,22,4,19,0.9545454545454546,1,1,集中针对型,2023-12
798ff22d126a0f8034ff,26,3,8,0.8461538461538461,1,1,集中针对型,2023-12
97442da123c449f6a146,32,3,12,0.625,1,1,集中针对型,2023-12
cfaac49f7cc94528ffa7,9,3,8,1.0,1,1,集中针对型,2023-12
38357be0ab369a9ae942,18,2,2,0.2222222222222222,1,1,集中针对型,2023-12
a337d5368b0d110803b1,16,4,12,0.75,1,1,集中针对型,2023-12
d035c324a020e7948fe8,11,2,7,0.7272727272727273,1,1,集中针对型,2023-12
be75e05b9db5efb1258a,7,1,7,1.0,1,1,集中针对型,2023-12
e43a0e28d5cd6b54a2af,25,4,14,0.56,1,1,集中针对型,2023-12
204a7d6db340a3c18ca7,18,1,13,0.7777777777777778,1,1,集中针对型,2023-12
91439fcb2590c49dd20d,16,2,8,0.625,1,1,集中针对型,2023-12
89af2669cc93dc97f545,29,2,13,0.4482758620689655,1,1,集中针对型,2023-12
117ee98c7f916c88ddbb,7,3,6,0.8571428571428571,1,1,集中针对型,2023-12
cac84b1c3033872272f0,7,2,3,0.7142857142857143,1,1,集中针对型,2023-12
e2d7ee3637149f7087b2,8,2,4,0.5,1,1,集中针对型,2023-12
4cb96f0d9108066442a8,18,1,14,0.9444444444444444,1,1,集中针对型,2023-12
bf07cdd92f1ff3197397,5,1,1,0.2,1,1,集中针对型,2023-12
41abb1b9df74d29b7732,1,1,1,1.0,1,1,集中针对型,2023-12
a1d00fdd7660b7e88077,24,3,13,0.9166666666666666,1,1,集中针对型,2023-12
3565d61f3efec69e611c,10,2,9,0.9,1,1,集中针对型,2023-12
a5c03c57b0930cb5c2ac,18,2,8,0.4444444444444444,1,1,集中针对型,2023-12
8f1ddd99ac8c59bbd788,15,1,4,0.6,1,1,集中针对型,2023-12
ef133c92e274a97b6eeb,31,1,19,0.7741935483870968,1,1,集中针对型,2023-12
53d51965c40a54cff1a0,1,1,1,1.0,1,1,集中针对型,2023-12
ac7214620207dfdd149d,16,2,6,0.4375,1,1,集中针对型,2023-12
efd58fbebca61c41c881,17,1,15,1.0,1,1,集中针对型,2023-12
t8sflynjwck4f650mtvp,19,12,12,0.5789473684210527,1,0,探索尝试型,2023-12
votyzmo33yg7y89dag17,12,8,8,0.5833333333333334,1,1,集中针对型,2023-12
cfi8t4xrx12m2lt4flwz,21,10,10,0.6190476190476191,1,0,探索尝试型,2023-12
cy2sv8kkoybje2okbll0,22,10,10,0.8181818181818182,1,0,探索尝试型,2023-12
yvyud23n1eara086vntf,24,13,15,0.625,1,0,探索尝试型,2023-12
2h9c9tdsnoz1hyzo5frt,17,11,10,0.7647058823529411,1,0,探索尝试型,2023-12
vou4hlfvp8hv0r4odzq6,18,10,13,0.6666666666666666,1,0,探索尝试型,2023-12
l82rq4xaymt7t5uytax9,15,9,7,0.4666666666666667,1,0,探索尝试型,2023-12
kg28tppvvsvr918dkvlb,20,12,10,0.55,1,0,探索尝试型,2023-12
8ivuhc6n7pr63b39dupt,15,7,10,0.5333333333333333,1,1,集中针对型,2023-12
jb3fqd2b9oyprn83h646,17,10,11,0.7058823529411765,1,0,探索尝试型,2023-12
ta1gbqs6pw15bx0jb5on,17,13,9,0.5294117647058824,1,0,探索尝试型,2023-12
ss27ig83t1pi1ztsy5w8,18,11,13,0.7222222222222222,1,0,探索尝试型,2023-12
zse4s5wowlo5xntqyqb4,16,8,10,0.5625,1,0,探索尝试型,2023-12
pva49fsfcbexwz1crjvg,14,9,8,0.6428571428571429,1,0,探索尝试型,2023-12
vrx3ianblcyuixzmhzl2,14,8,10,0.35714285714285715,1,0,探索尝试型,2023-12
6g7c63m95z8acd3vx5ct,17,10,9,0.6470588235294118,1,0,探索尝试型,2023-12
csvv3l0saxxx6pax18c3,10,7,8,0.7,1,1,集中针对型,2023-12
w0u7vzowm7eimiupvmm3,19,12,14,0.5263157894736842,1,0,探索尝试型,2023-12
te17utf5x961ldgs8zwn,16,9,12,0.625,1,0,探索尝试型,2023-12
xz7x7kwsn26marn29mag,17,12,12,0.8823529411764706,1,0,探索尝试型,2023-12
9btb3ax7qaitktvbvn8g,13,8,8,0.6153846153846154,1,1,集中针对型,2023-12
7rzwry01x1n79a7rw5va,12,9,8,0.75,1,1,集中针对型,2023-12
wyhkcaf32y8h3707qzrz,14,10,13,0.6428571428571429,1,0,探索尝试型,2023-12
2egpenarap9h0a2k0bc5,24,11,13,0.6666666666666666,1,0,探索尝试型,2023-12
l2yv9tvvcakn7ikerccy,12,9,10,0.4166666666666667,1,0,探索尝试型,2023-12
qmf8702zbahi9083s7aq,13,7,9,0.6153846153846154,1,1,集中针对型,2023-12
oyaoqkf2b1we4b67bv8l,21,11,15,0.47619047619047616,1,0,探索尝试型,2023-12
jsmqh4aa20rpfeqmyx4h,21,9,12,0.6666666666666666,1,0,探索尝试型,2023-12
13nq2h723zixyhir01lf,24,11,13,0.625,1,0,探索尝试型,2023-12
jhmn3s11l13woe6jy3zg,18,9,11,0.6666666666666666,1,0,探索尝试型,2023-12
lswzzwjmreuixxjqglhy,14,10,9,0.7142857142857143,1,0,探索尝试型,2023-12
qg0soq1i1uy7yndj17gd,16,9,10,0.6875,1,0,探索尝试型,2023-12
fnvhgnuqbir0drk8p1v2,15,8,13,0.7333333333333333,1,0,探索尝试型,2023-12
28tmrs0kyrrh1odyvf21,14,10,9,0.5714285714285714,1,0,探索尝试型,2023-12
960bf72352d4f58ad083,29,4,17,0.7586206896551724,1,1,集中针对型,2023-12
b217bae3c84d59dde71f,26,7,6,0.3076923076923077,1,0,探索尝试型,2023-12
9f447b50d5788f7b4d0a,33,9,19,0.8484848484848485,1,0,探索尝试型,2023-12
4a0890c15c26984c191f,43,6,10,0.3953488372093023,1,0,探索尝试型,2023-12
d2cb0d0da17471ee23a9,40,5,12,0.25,1,0,探索尝试型,2023-12
e73ae5f649c6f52b3fb1,22,7,6,0.9090909090909091,1,1,集中针对型,2023-12
75dcc10ba89fd0c25d50,2,1,1,0.0,1,1,集中针对型,2023-12
875704a45c0214c68eae,50,7,11,0.9,1,1,集中针对型,2023-12
b083663157e08e36d335,6,1,4,1.0,1,1,集中针对型,2023-12
f9c641e9c05c243a751e,39,2,3,0.5384615384615384,1,1,集中针对型,2023-12
5be7405ad4ae9d9a2853,10,1,2,0.2,1,1,集中针对型,2023-12
23f1f5d3d90e2890a423,95,10,20,0.8105263157894737,1,2,探索尝试型,2023-12
c08165d73ae49215c391,23,8,8,0.5652173913043478,1,1,集中针对型,2023-12
451b0095938a3c54efc4,1,1,1,1.0,1,1,集中针对型,2023-12
avehb7ibwpvjcgcr474k,14,3,6,0.8571428571428571,1,1,集中针对型,2023-12
29172d2e39ca0d890848,32,5,10,1.0,1,1,集中针对型,2023-12
b8c0c68e7f1220949deb,11,4,5,1.0,1,1,集中针对型,2023-12
e4d6737b176e6ca5ef06,1,1,1,0.0,1,1,集中针对型,2023-12
2a003b122e9500e465c4,15,5,14,0.9333333333333333,1,1,集中针对型,2023-12
091554ffa26fc9b17c36,14,3,5,1.0,1,1,集中针对型,2023-12
34aaaa47df8c4aa4d926,23,3,7,0.34782608695652173,1,1,集中针对型,2023-12
139429592a9c23c08b71,47,6,19,0.574468085106383,1,2,探索尝试型,2023-12
3531c5f9d520759ba697,3,1,1,1.0,1,1,集中针对型,2023-12
49b95110a8c59f6b6c58,1,1,1,1.0,1,1,集中针对型,2023-12
2xk6toebmkxdw8f2bypd,56,4,33,0.7142857142857143,1,2,探索尝试型,2023-12
25019b8f1c3ac537894b,46,5,15,0.6739130434782609,1,1,集中针对型,2023-12
e4c80506c14da4ad563d,25,2,11,0.68,1,1,集中针对型,2023-12
cef765c4375252a6029b,55,4,4,0.05454545454545454,1,1,集中针对型,2023-12
33c123d08dc07edb50f9,1,1,1,1.0,1,1,集中针对型,2023-12
84146496b8d6256d6982,12,3,6,0.75,1,1,集中针对型,2023-12
1feef8b4129f5bf21e67,1,1,1,1.0,1,1,集中针对型,2023-12
3ab864e1e692786fefd2,17,3,6,0.35294117647058826,1,1,集中针对型,2023-12
3b6f3bb370f3107e257d,14,2,12,0.8571428571428571,1,1,集中针对型,2023-12
a624e4f6e0a8f026cba9,3,2,3,0.6666666666666666,1,1,集中针对型,2023-12
6314d7cbc465e29f357c,9,2,2,0.2222222222222222,1,1,集中针对型,2023-12
98be3476791a8df7e937,34,1,14,0.8235294117647058,1,1,集中针对型,2023-12
48ad93c227abfa9542aa,37,2,23,0.9459459459459459,1,2,探索尝试型,2023-12
hq2dy5tjgczdmkvq0l2d,9,1,8,1.0,1,1,集中针对型,2023-12
qw19zri3d9vkqjhcn3xk,6,6,6,0.8333333333333334,1,1,集中针对型,2023-12
obyl72l5qy37to65i5ml,14,9,13,0.6428571428571429,1,0,探索尝试型,2023-12
8hn55e1bxuyegxa76l3r,15,11,11,0.4666666666666667,1,0,探索尝试型,2023-12
rdf3wmujcm1k56ftf8uc,11,10,10,0.7272727272727273,1,0,探索尝试型,2023-12
yesnbayr80dvsb8ajp9v,20,15,16,0.7,1,0,探索尝试型,2023-12
i8wbhc071gfhkbhtmeb1,8,7,8,0.625,1,1,集中针对型,2023-12
rb8z9vpc5uyhbcaa71v5,14,9,12,0.5714285714285714,1,0,探索尝试型,2023-12
gsirdbny6840zq22vo7a,23,14,16,0.6521739130434783,1,0,探索尝试型,2023-12
1nyzl7s790ta4c8r1l9g,7,4,5,0.7142857142857143,1,1,集中针对型,2023-12
lqg2nmqf4x8w52gx12xw,13,8,12,0.46153846153846156,1,0,探索尝试型,2023-12
sx8c4g672zgcw7w2lflp,17,11,13,0.5882352941176471,1,0,探索尝试型,2023-12
148o63s7q5aitfxmmtrg,7,5,6,0.5714285714285714,1,1,集中针对型,2023-12
8l0qqik09gqh0e5anus0,16,11,14,0.625,1,0,探索尝试型,2023-12
hc0idvz0lxc4zpx94cbx,15,9,13,0.4666666666666667,1,0,探索尝试型,2023-12
msko5bf6rjt9adsuxby9,17,12,13,0.7058823529411765,1,0,探索尝试型,2023-12
e43g7im7dra88a4o8bbl,14,11,12,0.5,1,0,探索尝试型,2023-12
gj009a2t56bxjluh0mox,11,9,10,0.6363636363636364,1,0,探索尝试型,2023-12
woxwsoo99kl7vq4mk0rr,14,11,13,0.5714285714285714,1,0,探索尝试型,2023-12
w9r5wihhl33fmutbq5qd,15,12,12,0.4,1,0,探索尝试型,2023-12
70exfe4k4e5vvm5sqspq,14,11,11,0.8571428571428571,1,0,探索尝试型,2023-12
t23e5lcdy5k50uvg5k0v,10,7,8,0.8,1,1,集中针对型,2023-12
ov1tvylbnny48ojayssl,9,6,7,0.8888888888888888,1,1,集中针对型,2023-12
43vri1lqbgiiwbkaskqd,14,9,11,0.7142857142857143,1,0,探索尝试型,2023-12
gq3jw96afgct5rjiim20,8,7,5,0.875,1,1,集中针对型,2023-12
wj1gt5zvzfnjf7xcf1c8,15,12,12,0.6,1,0,探索尝试型,2023-12
p9a57kwg5xdwjzm8eql9,7,5,4,1.0,1,1,集中针对型,2023-12
gk8izwg77g6t4p5buiar,14,10,10,0.6428571428571429,1,0,探索尝试型,2023-12
7kqvekz6iho08947fhk9,10,9,8,0.7,1,1,集中针对型,2023-12
udbo68xozj9btqumivk2,7,7,7,0.5714285714285714,1,1,集中针对型,2023-12
z0mde15metn3m79ek96y,8,6,7,0.375,1,1,集中针对型,2023-12
1f4oscu6io8xlog2157e,16,12,12,0.625,1,0,探索尝试型,2023-12
fcwom6dicy0kov3lxsf8,13,9,11,0.6153846153846154,1,0,探索尝试型,2023-12
qu1rl2d6teeyti106rgx,5,5,5,0.2,1,1,集中针对型,2023-12
40rkj6cwy12hdupgq4w2,14,9,10,0.6428571428571429,1,0,探索尝试型,2023-12
lpzjucfyqwtb8ihim9b3,10,6,8,0.4,1,1,集中针对型,2023-12
49ef48443e09f8be12f6,27,3,7,0.7407407407407407,1,1,集中针对型,2023-12
def1216bf8f3009dbe41,12,5,10,1.0,1,1,集中针对型,2023-12
e865c97bc96802575f80,73,7,9,0.589041095890411,1,2,探索尝试型,2023-12
d02f48d05ce5e7ca16e1,1,1,1,1.0,1,1,集中针对型,2023-12
e00bc7d9f2ce32c4f745,23,5,7,0.8695652173913043,1,1,集中针对型,2023-12
4edfd2e1b7c5c5d1d384,10,4,10,1.0,1,1,集中针对型,2023-12
6b22922bfe081d68c7a6,50,6,8,0.92,1,1,集中针对型,2023-12
43d98a750c726bb39d11,42,6,13,0.6904761904761905,1,1,集中针对型,2023-12
baed8a816ea02ae929f4,23,4,6,0.6086956521739131,1,1,集中针对型,2023-12
dee7cfe3312551bdf5a5,25,4,7,0.76,1,1,集中针对型,2023-12
ef912a5602a5f70b244b,15,4,11,1.0,1,1,集中针对型,2023-12
48a71a6a5a15e31084e3,15,5,7,0.6,1,1,集中针对型,2023-12
6923e581d76689cb57a1,11,6,8,0.8181818181818182,1,1,集中针对型,2023-12
16d68f70cf5e52d0b34a,28,7,13,0.6785714285714286,1,1,集中针对型,2023-12
8711049a2e0ef13bb10c,12,4,9,0.9166666666666666,1,1,集中针对型,2023-12
766836b5f30556e81da4,28,3,15,0.5,1,1,集中针对型,2023-12
ff2d815d9ef74b153b54,15,6,13,0.8666666666666667,1,1,集中针对型,2023-12
76366e9c264169b2bae1,39,4,19,0.8717948717948718,1,1,集中针对型,2023-12
3c1b9222136b752563f6,9,1,8,0.7777777777777778,1,1,集中针对型,2023-12
5f8d87412f69e3d9fb13,3,1,3,1.0,1,1,集中针对型,2023-12
b3ac0cebf20ee45135ca,26,3,4,0.23076923076923078,1,1,集中针对型,2023-12
74137c4db75be61c10fa,38,8,8,0.8157894736842105,1,1,集中针对型,2023-12
744e7141564ed216b812,12,5,7,1.0,1,1,集中针对型,2023-12
e22c18eef214a779b4c2,19,1,2,0.8947368421052632,1,1,集中针对型,2023-12
df02e3643bb9ee33fb0c,11,3,5,0.6363636363636364,1,1,集中针对型,2023-12
0b828e1ae026c57b34dd,3,2,2,1.0,1,1,集中针对型,2023-12
d059dfed16a6d1ca6ddf,10,3,4,0.8,1,1,集中针对型,2023-12
6efd353d32bd3d908b23,26,2,7,0.9230769230769231,1,1,集中针对型,2023-12
8ee4fdce37fceab5620a,13,5,11,0.8461538461538461,1,1,集中针对型,2023-12
fdd50b3ad56dcf116c82,28,7,13,0.6428571428571429,1,0,探索尝试型,2023-12
cb65e2038b786e801292,14,3,8,1.0,1,1,集中针对型,2023-12
fb5d5693ffa9f022a191,18,4,10,0.7222222222222222,1,1,集中针对型,2023-12
5d16326e4577a67d94c6,14,5,9,0.7857142857142857,1,1,集中针对型,2023-12
264320c6b92b92795ba0,34,8,12,0.8529411764705882,1,1,集中针对型,2023-12
40eb36011ced9a882ea9,7,4,3,1.0,1,1,集中针对型,2023-12
1bd9bb053a3ac1bba507,14,2,11,1.0,1,1,集中针对型,2023-12
48a96425072cefa0dc69,39,5,15,0.8974358974358975,1,1,集中针对型,2023-12
d6d4488fa27e11465974,20,6,10,0.9,1,1,集中针对型,2023-12
63ff3dff3eb31d62ab3e,12,1,8,0.75,1,1,集中针对型,2023-12
f5c3c6eb77fac482de13,7,2,5,0.8571428571428571,1,1,集中针对型,2023-12
50673b01fd2b0c765572,16,7,8,0.625,1,1,集中针对型,2023-12
adcc5c13042d66cbfc8b,3,1,1,0.6666666666666666,1,1,集中针对型,2023-12
09400a9b50b6c96c5510,57,6,8,0.8245614035087719,1,1,集中针对型,2023-12
ec86426a6e0331d06091,13,2,8,0.6153846153846154,1,1,集中针对型,2023-12
73ae359d8e93d41ae4ff,11,2,5,0.9090909090909091,1,1,集中针对型,2023-12
ba8c301bda7090bda756,5,1,2,1.0,1,1,集中针对型,2023-12
54f91ccb08cbece520da,4,1,1,1.0,1,1,集中针对型,2023-12
4ca5c8ea55be09213d14,17,2,11,0.7058823529411765,1,1,集中针对型,2023-12
cbc8550ffaf44443c7ad,16,3,11,0.75,1,1,集中针对型,2023-12
a7fc1ba478db11fde063,4,2,2,0.5,1,1,集中针对型,2023-12
21fc5674d24be8e9da89,10,1,10,1.0,1,1,集中针对型,2023-12
9ef8a5baccebc3841cb2,9,1,2,0.2222222222222222,1,1,集中针对型,2023-12
zprxec1qxs8nqsmc5830,19,10,10,0.7894736842105263,1,0,探索尝试型,2023-12
n3dkt0eq0ekpby9lv06i,15,9,8,0.7333333333333333,1,1,集中针对型,2023-12
v4k20n9xryqdpe6fx42x,19,12,10,0.6842105263157895,1,0,探索尝试型,2023-12
sx57v4y3hp52f9selxdo,17,10,11,0.8235294117647058,1,0,探索尝试型,2023-12
q1movls9kc4kglv6sb5g,19,14,13,0.8947368421052632,1,0,探索尝试型,2023-12
10qi28ikwz4c4v22b06i,16,11,7,0.6875,1,0,探索尝试型,2023-12
n2bgnbybijni2e9crs4x,17,12,11,0.8823529411764706,1,0,探索尝试型,2023-12
uzk23hynw87co5ru0tr8,16,10,10,0.875,1,0,探索尝试型,2023-12
58widcj6smafuwyqxw2m,16,7,9,0.875,1,1,集中针对型,2023-12
erjfooit15024g7nj8co,14,10,11,0.7857142857142857,1,0,探索尝试型,2023-12
8wkyo305dh8esq6eop37,13,8,8,0.7692307692307693,1,1,集中针对型,2023-12
m4qqnaq8p8fn7b7bl5ic,14,10,11,0.7857142857142857,1,0,探索尝试型,2023-12
i8ryguu9cpkrb6ouhwqq,16,9,9,0.8125,1,1,集中针对型,2023-12
amzij11bls4wa79p3cj8,12,8,9,0.6666666666666666,1,1,集中针对型,2023-12
2ddkknvpbz2j9wlvybtj,8,7,7,0.875,1,1,集中针对型,2023-12
f5jwwahac3fyc6rq5tex,17,9,11,0.5882352941176471,1,0,探索尝试型,2023-12
vbgs2hp7aiiw880dpm1s,17,10,9,0.7647058823529411,1,0,探索尝试型,2023-12
uon3zzl9a1zr5zmeodmr,14,8,9,0.7857142857142857,1,1,集中针对型,2023-12
mwmft9w9vjod1g7jidmb,14,7,9,0.8571428571428571,1,1,集中针对型,2023-12
0m8o7nuv982vnv3328qw,16,11,11,0.75,1,0,探索尝试型,2023-12
cygc6ulxpz04ex7under,14,10,11,0.7142857142857143,1,0,探索尝试型,2023-12
mm5p2ct8c21h4q753p3n,16,12,10,0.8125,1,0,探索尝试型,2023-12
wfsgbko6rfmajn85khu4,7,4,6,0.7142857142857143,1,1,集中针对型,2023-12
j07d6onchxesk14v7b8w,10,7,8,0.7,1,1,集中针对型,2023-12
1t6e0wa99fijxi3ssnzk,15,8,11,0.9333333333333333,1,1,集中针对型,2023-12
9b0guld0vdm0ggmmfb8k,14,10,10,0.7142857142857143,1,0,探索尝试型,2023-12
scl0uh5ig9ehluvs46h2,16,10,14,0.8125,1,0,探索尝试型,2023-12
pgrig4vo54owe59j2j5f,16,10,11,0.875,1,0,探索尝试型,2023-12
35wcdp4s13xmtyq5f7os,14,12,10,0.6428571428571429,1,0,探索尝试型,2023-12
2xsbkm76x36qvddrl2yo,19,14,11,0.7368421052631579,1,0,探索尝试型,2023-12
628bztd9ybuth5efk7nw,15,12,9,0.9333333333333333,1,0,探索尝试型,2023-12
sbb3va36jvpkdpj257ek,16,10,10,0.9375,1,1,集中针对型,2023-12
e58gk2f3crnwqnx0gett,11,9,7,0.8181818181818182,1,1,集中针对型,2023-12
axunv0aihh5wvi27tx50,16,11,9,0.8125,1,0,探索尝试型,2023-12
ksm67082xy9g2wnalt38,12,9,9,0.8333333333333334,1,1,集中针对型,2023-12
6ab4994b59925a6d1bba,90,6,10,0.43333333333333335,1,2,探索尝试型,2023-12
b6b2f975de58052aae0c,13,2,4,0.23076923076923078,1,1,集中针对型,2023-12
9c2b85496091fd7f66d4,72,3,10,0.8472222222222222,1,1,集中针对型,2023-12
7bfbef4127aeec4b344e,76,14,17,0.42105263157894735,1,2,探索尝试型,2023-12
e877c03b218bddedd3b8,28,2,8,0.39285714285714285,1,1,集中针对型,2023-12
df784e67883e018f88b8,34,8,20,0.8529411764705882,1,0,探索尝试型,2023-12
74e22a3421e605061ef1,37,4,5,0.6486486486486487,1,1,集中针对型,2023-12
2842c82981077b78b3cd,102,7,17,0.43137254901960786,1,2,探索尝试型,2023-12
fc1c9dd58091c33d8888,107,5,11,0.2616822429906542,1,2,探索尝试型,2023-12
768c216e172762b85899,129,4,20,0.5193798449612403,1,2,探索尝试型,2023-12
0b16d35f1f39a063708a,60,11,12,0.5833333333333334,1,0,探索尝试型,2023-12
2ea821273e01ec758583,40,3,8,0.3,1,1,集中针对型,2023-12
cdbfb55b48cefce540dd,26,4,9,0.3076923076923077,1,1,集中针对型,2023-12
306627b1ecbdf4e3aa34,33,5,8,0.6363636363636364,1,1,集中针对型,2023-12
a867295d48d4b4134903,12,2,5,0.4166666666666667,1,1,集中针对型,2023-12
bc7286901f708e9069eb,16,6,7,0.4375,1,1,集中针对型,2023-12
498121d2486259ef1b3a,84,5,16,0.39285714285714285,1,2,探索尝试型,2023-12
b5863cc5a1b448ca1cab,40,11,16,0.6,1,0,探索尝试型,2023-12
6b0cc09c9daf2966d1a7,50,6,8,0.72,1,1,集中针对型,2023-12
6837091518a3524730fb,237,10,32,0.7257383966244726,1,2,探索尝试型,2023-12
fc5a9edc3413ecece4bd,30,9,12,0.5666666666666667,1,0,探索尝试型,2023-12
c8d8f83d06b68fc2f944,14,6,10,0.9285714285714286,1,1,集中针对型,2023-12
424de2c5e2c1f5652cdc,12,4,7,0.6666666666666666,1,1,集中针对型,2023-12
0ef8b2c9e039eaace596,2,1,2,1.0,1,1,集中针对型,2023-12
374ff25490a1f0aba47f,41,4,5,0.8536585365853658,1,1,集中针对型,2023-12
071685b292483b04e836,16,5,6,0.75,1,1,集中针对型,2023-12
94a770d27cae58950a5b,34,6,8,0.9705882352941176,1,1,集中针对型,2023-12
0b02f701b1179f9f74f9,50,10,20,0.74,1,0,探索尝试型,2023-12
ed94d52e091b68ca5ee5,1,1,1,1.0,1,1,集中针对型,2023-12
b050239b47c66a7280c9,15,3,4,0.4666666666666667,1,1,集中针对型,2023-12
c7bb8ace7e79b91b3346,73,11,26,0.5342465753424658,1,2,探索尝试型,2023-12
01a691413dc5897db83f,6,1,2,0.8333333333333334,1,1,集中针对型,2023-12
db54f15d48fa56b0d953,2,1,1,0.5,1,1,集中针对型,2023-12
5479f88afb95288d6392,20,3,7,0.75,1,1,集中针对型,2023-12
fdd714a996ac8bd8006d,3,2,3,1.0,1,1,集中针对型,2023-12
a0973be15e5e7116f121,14,3,7,1.0,1,1,集中针对型,2023-12
49a91a4dce6838ffcbcd,20,4,8,0.7,1,1,集中针对型,2023-12
a9e1aff282e8d6356dce,6,1,4,0.6666666666666666,1,1,集中针对型,2023-12
1d50eac067378042684b,37,2,11,0.5135135135135135,1,1,集中针对型,2023-12
552365f82674884bcaaa,10,2,7,0.8,1,1,集中针对型,2023-12
8f9ecba976a15fa5d900,53,5,13,0.6415094339622641,1,1,集中针对型,2023-12
b37bdce835e610d26c0c,11,4,6,0.7272727272727273,1,1,集中针对型,2023-12
5faa3d19e595ab735fda,3,1,2,1.0,1,1,集中针对型,2023-12
de5213e7b8c88440a298,32,2,6,0.59375,1,1,集中针对型,2023-12
6a62f52203bda35656be,24,5,4,0.4166666666666667,1,1,集中针对型,2023-12
3094825929f936abb792,3,2,2,1.0,1,1,集中针对型,2023-12
sie4alrjjjvlk0w9ye5l,24,15,14,0.75,1,0,探索尝试型,2023-12
95i3ttsko6c6ol53ebql,21,12,15,0.5714285714285714,1,0,探索尝试型,2023-12
cz0pbk8vede7ey2oce4a,21,14,13,0.5714285714285714,1,0,探索尝试型,2023-12
5qfsd40k8fv54hc102p2,20,15,16,0.65,1,0,探索尝试型,2023-12
z23fh1v40p3hmxxspbo9,22,15,16,0.4090909090909091,1,0,探索尝试型,2023-12
apxifjd35xfq6t47ysls,21,13,12,0.5238095238095238,1,0,探索尝试型,2023-12
spyu1at0d9k1wxtenlhe,26,18,20,0.5384615384615384,1,0,探索尝试型,2023-12
ij9llitbhr4gi126l772,31,16,20,0.6451612903225806,1,0,探索尝试型,2023-12
wzfry2domlqnblox9w1b,26,16,14,0.4230769230769231,1,0,探索尝试型,2023-12
otznu9tyqq50x0xij3br,15,11,12,0.5333333333333333,1,0,探索尝试型,2023-12
xvfa4ysm4deeobu8wkym,23,14,14,0.6086956521739131,1,0,探索尝试型,2023-12
0m2kzubx9r60wyrsjj7j,23,17,15,0.391304347826087,1,0,探索尝试型,2023-12
5kqtdcvyt7rgqdoextw8,25,15,18,0.6,1,0,探索尝试型,2023-12
omzalmrzys0ymf4cgt03,25,14,16,0.56,1,0,探索尝试型,2023-12
t5uf4x6hffga8in2ua6l,25,18,17,0.36,1,0,探索尝试型,2023-12
1vb2vsoy23nr0monflhx,22,13,12,0.5909090909090909,1,0,探索尝试型,2023-12
n20d6b4o2g64oaa3q8ym,24,16,18,0.7083333333333334,1,0,探索尝试型,2023-12
r4oklg89q3yx9o2dfq3q,21,12,15,0.5238095238095238,1,0,探索尝试型,2023-12
wty9xgte39cr5rp39e50,30,14,15,0.4666666666666667,1,0,探索尝试型,2023-12
yj708ceb2o5gueez45or,21,12,17,0.7142857142857143,1,0,探索尝试型,2023-12
emnk7ob7xxxdiph6fun3,22,14,14,0.5,1,0,探索尝试型,2023-12
5slhcx7pnjhcmlbfffu6,25,15,15,0.64,1,0,探索尝试型,2023-12
dt7s87imgsbma3l5scym,29,17,15,0.5517241379310345,1,0,探索尝试型,2023-12
7iulsxm22wz4v82hgb2g,31,20,15,0.7419354838709677,1,0,探索尝试型,2023-12
78uyv6k6u49krocgtkzu,22,13,14,0.5454545454545454,1,0,探索尝试型,2023-12
5dmn9cwdf4l1snqfjw1p,21,15,12,0.3333333333333333,1,0,探索尝试型,2023-12
icu31mfcha34dnwbsui2,21,13,13,0.38095238095238093,1,0,探索尝试型,2023-12
hz3im1vs42bx5rxbn7wh,23,14,16,0.391304347826087,1,0,探索尝试型,2023-12
4i0t5tq7o78lvc1zglgr,22,12,16,0.6818181818181818,1,0,探索尝试型,2023-12
nilkp0a54b01p87udccl,12,9,10,0.25,1,0,探索尝试型,2023-12
r28s9kyo7knrvytyvmt8,28,17,15,0.5,1,0,探索尝试型,2023-12
90z3slav21r61p88ksba,30,16,16,0.5666666666666667,1,0,探索尝试型,2023-12
qxnna0of95m3oebjc84f,22,12,14,0.6363636363636364,1,0,探索尝试型,2023-12
7ssihtyt72rzukfci0o1,21,14,16,0.5238095238095238,1,0,探索尝试型,2023-12
t8zrwu8iwkcdnwf3ruse,24,16,16,0.7083333333333334,1,0,探索尝试型,2023-12
2b935bfe06ef02369807,33,2,26,0.8181818181818182,1,2,探索尝试型,2023-12
71d0a8156e59c4dcedfd,55,2,37,0.7090909090909091,1,2,探索尝试型,2023-12
6106e5232ac32bc22d1d,25,3,10,0.56,1,1,集中针对型,2023-12
eb4493aa138e8edc3f6d,57,5,26,0.5263157894736842,1,2,探索尝试型,2023-12
5d2379fb72082166dee3,60,5,21,0.5,1,2,探索尝试型,2023-12
2e40c1b07d32d3b80862,30,3,15,0.5333333333333333,1,1,集中针对型,2023-12
57f84519c468df122d69,13,6,7,0.9230769230769231,1,1,集中针对型,2023-12
64d65eddd629b80922f1,36,1,36,0.9444444444444444,1,2,探索尝试型,2023-12
d311ac015e2e230935b2,18,4,14,0.7777777777777778,1,1,集中针对型,2023-12
33b73273ab8e1a11fcda,46,6,29,0.6739130434782609,1,2,探索尝试型,2023-12
a1ed24a77c97b05064ef,67,8,32,0.582089552238806,1,2,探索尝试型,2023-12
f286ac7cd0663855cc5f,18,2,10,0.7222222222222222,1,1,集中针对型,2023-12
a3cd849a5a8d682e18db,29,2,18,0.7586206896551724,1,1,集中针对型,2023-12
e77eaaa90a75ea6167f4,19,2,18,1.0,1,1,集中针对型,2023-12
7b1d65c8c7637c14d9f2,52,2,32,0.7884615384615384,1,2,探索尝试型,2023-12
855b21869c4fdbed8047,24,2,16,0.8333333333333334,1,1,集中针对型,2023-12
2b54ed4af8281eb82f58,92,6,27,0.532608695652174,1,2,探索尝试型,2023-12
f63cab44b941c6ca80d6,38,5,13,0.6578947368421053,1,1,集中针对型,2023-12
0eb6eec8b4bee8ab6a44,31,2,13,0.5483870967741935,1,1,集中针对型,2023-12
cf73246d819a1ea78e14,27,3,10,0.6296296296296297,1,1,集中针对型,2023-12
056ab41140f68c15db14,16,2,7,0.4375,1,1,集中针对型,2023-12
367c27a001837dabb2e9,35,6,14,0.37142857142857144,1,0,探索尝试型,2023-12
9c39551b2cbe4f0c6d03,71,8,20,0.7605633802816901,1,2,探索尝试型,2023-12
a2b5174e55754addcd68,23,5,14,0.6086956521739131,1,1,集中针对型,2023-12
953123cfe1c275e6d8a9,18,4,6,0.3888888888888889,1,1,集中针对型,2023-12
06309f4c8785254f4c13,35,3,31,0.8857142857142857,1,2,探索尝试型,2023-12
a3c8ab369e2e928ed523,30,5,23,0.9666666666666667,1,1,集中针对型,2023-12
dc93d7d840a88e5efb17,52,7,10,0.9423076923076923,1,1,集中针对型,2023-12
c16e14d7aa5b4ef519e3,4,1,3,1.0,1,1,集中针对型,2023-12
b3e8039d33099e1d066c,39,3,8,0.20512820512820512,1,1,集中针对型,2023-12
b32b82ebae5971dd48df,2,1,2,1.0,1,1,集中针对型,2023-12
47b08a7751ab609be9e5,33,2,25,0.7878787878787878,1,2,探索尝试型,2023-12
e5b30ace9334d153e076,85,6,20,0.6705882352941176,1,2,探索尝试型,2023-12
17f2d0e73044110cdea5,23,3,5,0.391304347826087,1,1,集中针对型,2023-12
c200d8d792314a9d3575,79,5,26,0.34177215189873417,1,2,探索尝试型,2023-12
1ca19e51244cdd3f09ff,7,2,2,1.0,1,1,集中针对型,2023-12
c7d5a3256a9f99ba3e98,16,1,9,0.5625,1,1,集中针对型,2023-12
84f116e542feb4ff69c0,33,1,15,0.6060606060606061,1,1,集中针对型,2023-12
faa31dca7ed1dd11fe44,2,1,2,1.0,1,1,集中针对型,2023-12
00df647ee4bf7173642f,4,1,2,0.5,1,1,集中针对型,2023-12
9369995cb6743cb69182,3,1,2,0.6666666666666666,1,1,集中针对型,2023-12
iqhpwbqkqi7kugzduhit,25,13,18,0.64,1,0,探索尝试型,2023-12
12s3yomv0kltozc1qxc4,31,18,20,0.6451612903225806,1,0,探索尝试型,2023-12
mbbw64iibpv7ndj2iie1,26,19,17,0.5769230769230769,1,0,探索尝试型,2023-12
hva2hcwvh4mv0i4t59t6,22,15,15,0.5909090909090909,1,0,探索尝试型,2023-12
687ndz7mxhpv3gg91ie2,27,17,21,0.5925925925925926,1,0,探索尝试型,2023-12
8bj43lrpbsn3smxxn3xn,19,14,12,0.7894736842105263,1,0,探索尝试型,2023-12
ygc6nfsry40yon3nicac,34,14,21,0.5588235294117647,1,0,探索尝试型,2023-12
h7i4kmpsra4szfbhrcbh,35,18,19,0.4857142857142857,1,0,探索尝试型,2023-12
th28zykgzvfex40v22hz,27,14,17,0.5555555555555556,1,0,探索尝试型,2023-12
3dglsy7ee3ytfq1lpwlv,23,14,16,0.5217391304347826,1,0,探索尝试型,2023-12
2ui63dibc4r8oo0p9agh,30,10,17,0.5333333333333333,1,0,探索尝试型,2023-12
1eekhswi2ckx4uw0j1c9,32,14,18,0.53125,1,0,探索尝试型,2023-12
rufanlg0slv70u876a05,40,16,18,0.55,1,0,探索尝试型,2023-12
iwjs5oi2pl8omkdrs53q,36,18,18,0.7222222222222222,1,0,探索尝试型,2023-12
bfl1bc2oafd8hrz2xswq,20,14,16,0.5,1,0,探索尝试型,2023-12
7eeq2weegodhsqj7bxc2,31,15,19,0.6129032258064516,1,0,探索尝试型,2023-12
0z4mockl76xn8mhdaehw,32,15,16,0.625,1,0,探索尝试型,2023-12
rgl39qjfatpnh3v4o28m,28,12,16,0.5,1,0,探索尝试型,2023-12
0i1e50rz4mkhee97xvpo,23,14,14,0.4782608695652174,1,0,探索尝试型,2023-12
vcw0s2e0akak8rqunatk,31,17,21,0.7096774193548387,1,0,探索尝试型,2023-12
jjx780kahllbp5y3x7p8,34,15,22,0.6176470588235294,1,0,探索尝试型,2023-12
dri4ey8he2jovloucu86,18,10,12,0.4444444444444444,1,0,探索尝试型,2023-12
o6tn58jvkqobrz2qmf5i,35,15,18,0.7142857142857143,1,0,探索尝试型,2023-12
6569uz69or21mbcejw25,23,14,12,0.4782608695652174,1,0,探索尝试型,2023-12
hpty3h6eij2tr467ueks,26,13,15,0.5384615384615384,1,0,探索尝试型,2023-12
219jkfkejubvu4dvuv13,24,14,18,0.5833333333333334,1,0,探索尝试型,2023-12
0qamadarf6xhm9pm2jta,30,13,16,0.6,1,0,探索尝试型,2023-12
x9xz7kb08kmf1tytnc1f,24,15,14,0.625,1,0,探索尝试型,2023-12
qrrck1nnty89cmohw40b,25,16,18,0.8,1,0,探索尝试型,2023-12
19buea1jycypffshcw38,30,15,17,0.5666666666666667,1,0,探索尝试型,2023-12
80xvovy2zizaj5kr0va5,25,13,16,0.68,1,0,探索尝试型,2023-12
tezxtgugzffgu5fxr0cz,17,10,14,0.6470588235294118,1,0,探索尝试型,2023-12
qaubz3kt65qtoit8g4vi,29,15,19,0.5862068965517241,1,0,探索尝试型,2023-12
wmep7eexur6wwrlrz9sv,21,12,15,0.6190476190476191,1,0,探索尝试型,2023-12
lvp2qmljigke8u0nfbvl,24,15,17,0.5833333333333334,1,0,探索尝试型,2023-12
76a2f2705490042bb8cb,19,3,8,0.8421052631578947,1,1,集中针对型,2023-12
fda1eaffdfa7350e5d97,20,4,14,0.75,1,1,集中针对型,2023-12
87aa4503451b6a77b2b7,22,3,7,0.3181818181818182,1,1,集中针对型,2023-12
1552f58e2818ce7fa863,51,9,19,0.5882352941176471,1,2,探索尝试型,2023-12
211ed39c57c6e6cdefbf,8,4,8,1.0,1,1,集中针对型,2023-12
28bc8af257c48eac3bf1,31,4,22,0.7741935483870968,1,2,探索尝试型,2023-12
2f3ef424b925a9881b81,23,5,10,0.9130434782608695,1,1,集中针对型,2023-12
8fe25991951e1f37568b,20,4,8,0.9,1,1,集中针对型,2023-12
a959b7dd7f65365313a4,28,2,8,0.2857142857142857,1,1,集中针对型,2023-12
17656005bd4086137ab7,12,2,3,1.0,1,1,集中针对型,2023-12
919b6f74756bdb77edab,24,4,8,0.7916666666666666,1,1,集中针对型,2023-12
1d7229e0f5f825007870,17,2,8,1.0,1,1,集中针对型,2023-12
8596e232b0d863cd3130,25,4,10,0.88,1,1,集中针对型,2023-12
35e028ec34bfdb7a6d26,59,5,18,0.7627118644067796,1,2,探索尝试型,2023-12
b9d88af0a70c4ccb592e,11,5,9,1.0,1,1,集中针对型,2023-12
359f25d9131a0699405b,28,4,14,0.6428571428571429,1,1,集中针对型,2023-12
69ae85efb03510241445,39,5,9,0.8717948717948718,1,1,集中针对型,2023-12
539911ee11c1b2aaeb88,13,4,5,0.38461538461538464,1,1,集中针对型,2023-12
41126caf1874c098d357,17,2,8,0.47058823529411764,1,1,集中针对型,2023-12
94752e120f6bb6178ad5,7,3,6,1.0,1,1,集中针对型,2023-12
c5c5601b771f1b4491fa,20,3,7,0.9,1,1,集中针对型,2023-12
1974349ec27d7d67bf08,25,2,4,0.6,1,1,集中针对型,2023-12
ac896071204b0ce26a1e,40,5,5,0.325,1,1,集中针对型,2023-12
d3fd2319c0f3aa00c371,28,5,8,0.9642857142857143,1,1,集中针对型,2023-12
c4ffbc0ba8c38e725fc8,4,1,4,1.0,1,1,集中针对型,2023-12
83bf9b0424c17c9e13e7,18,4,9,0.5,1,1,集中针对型,2023-12
d76c58732e315933a6cf,13,2,11,0.9230769230769231,1,1,集中针对型,2023-12
5bdad002590327215ae0,31,4,11,0.967741935483871,1,1,集中针对型,2023-12
a05da04117e032cb4977,12,3,6,1.0,1,1,集中针对型,2023-12
75e30b71e38030454877,52,6,8,0.7115384615384616,1,1,集中针对型,2023-12
67456512891f96cc0fc3,22,5,7,0.8636363636363636,1,1,集中针对型,2023-12
7ffc1d4e5026fc5195ea,10,3,4,1.0,1,1,集中针对型,2023-12
5e29473eb1e80fde79a0,11,4,7,0.8181818181818182,1,1,集中针对型,2023-12
0b307ee95b41e222f204,21,3,8,0.9047619047619048,1,1,集中针对型,2023-12
f7c4a29d42220e1cea27,5,1,1,1.0,1,1,集中针对型,2023-12
55a47a152d359522e38d,8,1,2,1.0,1,1,集中针对型,2023-12
01558eef77a8d39b7103,16,3,6,0.8125,1,1,集中针对型,2023-12
d4d7a248a58363732f8e,8,3,5,0.5,1,1,集中针对型,2023-12
75a72c46b8271a57fba6,8,2,3,0.875,1,1,集中针对型,2023-12
7c27b1482db039a6eee9,1,1,1,1.0,1,1,集中针对型,2023-12
eacb3353d7bc80cf3e7a,7,2,3,1.0,1,1,集中针对型,2023-12
0e804947f4cdc2721046,21,3,12,0.9047619047619048,1,1,集中针对型,2023-12
9be4ba08415daa1ee6fe,16,3,16,1.0,1,1,集中针对型,2023-12
0c81ca27b7d931b6ff6e,23,2,17,0.8260869565217391,1,1,集中针对型,2023-12
di7sclw5samggg4sxipv,18,11,13,0.6111111111111112,1,0,探索尝试型,2023-12
twa56vh9h75mwaqdma1y,21,15,14,0.7142857142857143,1,0,探索尝试型,2023-12
nq4jln5s1zqjk7nwbbeo,16,10,8,0.75,1,0,探索尝试型,2023-12
4nun1ah7qw10q705a2aq,23,15,9,0.8260869565217391,1,0,探索尝试型,2023-12
hu267zw9zywa4ew3d5bw,20,13,12,0.65,1,0,探索尝试型,2023-12
9npnusbksscam12fc4ut,15,11,10,0.6666666666666666,1,0,探索尝试型,2023-12
zoo8a9uj8a0dplifqzdp,16,11,7,0.8125,1,0,探索尝试型,2023-12
pxnnkthuxasggux3hyae,24,14,12,0.625,1,0,探索尝试型,2023-12
i39gdpglcxstun30b4yw,15,9,11,0.8,1,1,集中针对型,2023-12
k7fa3kdg6dq9avbiqv1f,20,14,11,0.7,1,0,探索尝试型,2023-12
r9m46ndmmmzeeehft96z,14,10,9,0.7857142857142857,1,0,探索尝试型,2023-12
7n0vh1m7hm3g0v8ggv7v,18,12,8,0.7777777777777778,1,0,探索尝试型,2023-12
k6jujv82n727fuwbxa6f,24,12,10,0.7916666666666666,1,0,探索尝试型,2023-12
32n93dfesjggabieb85t,19,14,10,0.6842105263157895,1,0,探索尝试型,2023-12
d9qmlhyp13mf5nto4qih,16,9,11,0.75,1,0,探索尝试型,2023-12
xf5q0ixkpbxl3w7k16qo,19,11,11,0.7894736842105263,1,0,探索尝试型,2023-12
slmfpw1fyabrtys8ufg9,26,14,12,0.5384615384615384,1,0,探索尝试型,2023-12
m380dsj058viwn3ly6j1,23,13,13,0.6521739130434783,1,0,探索尝试型,2023-12
o6kw9thwvq6csdr9taal,30,14,12,0.7,1,0,探索尝试型,2023-12
owzdfs89mm4ci0382a3b,21,15,11,0.9047619047619048,1,0,探索尝试型,2023-12
k6kv9y9tqfll5d282ymb,15,11,12,0.8666666666666667,1,0,探索尝试型,2023-12
whzjoeh34i7o86p37u99,17,10,10,0.7647058823529411,1,0,探索尝试型,2023-12
9dbg3fyz4qnj7x9qug6x,16,9,10,0.75,1,1,集中针对型,2023-12
aai4o855shne2taonl8m,19,12,9,0.6842105263157895,1,0,探索尝试型,2023-12
3lbe8ny12qw7qwcyihpn,21,11,11,0.5714285714285714,1,0,探索尝试型,2023-12
exaiz0y0uvpeg498cg4j,20,13,13,0.45,1,0,探索尝试型,2023-12
p8bk6cdfntr0humt6q45,12,10,6,1.0,1,1,集中针对型,2023-12
b6nwoi7doh1m1yzbkxup,23,14,9,0.6956521739130435,1,0,探索尝试型,2023-12
zhx5rxgopln1p5hd10ql,21,11,10,0.7142857142857143,1,0,探索尝试型,2023-12
l1rn095adguamaugi4ux,27,14,14,0.8518518518518519,1,0,探索尝试型,2023-12
wi36b9plgjc82atx6z7h,22,13,11,0.6363636363636364,1,0,探索尝试型,2023-12
tndsnutlm99ld8f4uya0,16,9,9,0.75,1,1,集中针对型,2023-12
d4xny47ows87zd7viwj5,13,9,9,0.7692307692307693,1,1,集中针对型,2023-12
qkc2f9omqulfmn3j0m9p,9,6,8,0.4444444444444444,1,1,集中针对型,2023-12
pammg9gw4enjosw3z60e,17,13,12,0.8235294117647058,1,0,探索尝试型,2023-12
8b6d1125760bd3939b6e,43,1,28,0.6511627906976745,1,0,探索尝试型,2024-01
63eef37311aaac915a45,1,1,1,1.0,1,1,探索尝试型,2024-01
5d89810b20079366fcc2,11,1,10,0.9090909090909091,1,1,探索尝试型,2024-01
47eeab842793b09300c3,2,1,1,1.0,1,1,探索尝试型,2024-01
a8eea517e36b20757b2e,25,1,15,0.48,1,0,探索尝试型,2024-01
e89cdaa3f159a0d3f55e,15,1,2,0.26666666666666666,1,2,集中针对型,2024-01
3c89c7f1db26ae691db8,3,1,3,1.0,1,1,探索尝试型,2024-01
d2403aa287eb869a170a,3,1,3,1.0,1,1,探索尝试型,2024-01
styld7k1gge5cvjria5b,4,2,4,0.5,1,2,集中针对型,2024-01
k4usquerebza4uy0i57h,2,1,2,0.5,1,2,集中针对型,2024-01
ifj584ryrjv639n4nnsu,4,1,3,0.25,1,2,集中针对型,2024-01
exj3a7hd6gwihbowgm3w,1,1,1,0.0,1,2,集中针对型,2024-01
wwh529n48kyjq1xe9h46,2,1,2,0.5,1,2,集中针对型,2024-01
0maggb1hf886m5u6p2vr,1,1,1,0.0,1,2,集中针对型,2024-01
47vclaej1xmb0rc8kgka,1,1,1,1.0,1,1,探索尝试型,2024-01
8cvzwcc62ql4rqj0pyzl,1,1,1,0.0,1,2,集中针对型,2024-01
cnkddx6ofjqd7ueylz0e,5,1,3,0.4,1,2,集中针对型,2024-01
oit2xadfbpuveswzx4pf,1,1,1,0.0,1,2,集中针对型,2024-01
xh8a7nmtz192pknhec33,1,1,1,1.0,1,1,探索尝试型,2024-01
o5lo8q4tb8yt0v8imkw4,2,1,2,0.5,1,2,集中针对型,2024-01
ao2x473zwn7k7a6gpfr9,2,1,2,1.0,1,1,探索尝试型,2024-01
lzvutqpj9ggc0nwwsxcv,1,1,1,1.0,1,1,探索尝试型,2024-01
6o68qswzkvrrtbiz6bzr,2,1,2,0.0,1,2,集中针对型,2024-01
isa355t9q5rut5fm8aml,1,1,1,1.0,1,1,探索尝试型,2024-01
qw1seyo5nrhlm8vby58w,1,1,1,0.0,1,2,集中针对型,2024-01
vhlntoniujqiclub2juy,1,1,1,1.0,1,1,探索尝试型,2024-01
cuwakm24vlp785ky5w71,1,1,1,0.0,1,2,集中针对型,2024-01
fvurnsqlgyr9zbd6msqs,1,1,1,1.0,1,1,探索尝试型,2024-01
oppl3ojvw61dvd5yw1wl,1,1,1,1.0,1,1,探索尝试型,2024-01
uvh2zil455wi0dcdan51,1,1,1,1.0,1,1,探索尝试型,2024-01
9wax6sfj9cuqbbxc95om,2,1,2,0.5,1,2,集中针对型,2024-01
6ae7d356ba998218af82,12,1,9,0.8333333333333334,1,1,探索尝试型,2024-01
2c6339f7c23a64d02081,3,1,3,1.0,1,1,探索尝试型,2024-01
99dj4o3b2f6m4jemke7d,1,1,1,1.0,1,1,探索尝试型,2024-01
2zfdinkl7qrn0o62tlp4,1,1,1,1.0,1,1,探索尝试型,2024-01
zyfp520tbnq5p2pvrkin,1,1,1,0.0,1,2,集中针对型,2024-01
62olkigg7ntlaf6fzytl,1,1,1,1.0,1,1,探索尝试型,2024-01
58n0dsxyyqnriomw67id,1,1,1,1.0,1,1,探索尝试型,2024-01
4c90f16c0fcd85d3de25,7,1,7,1.0,1,1,探索尝试型,2024-01
2b9ef4e3749f713870b0,15,1,4,0.26666666666666666,1,2,集中针对型,2024-01
b8290aea71e7a5421a02,36,1,36,1.0,1,0,探索尝试型,2024-01
fvlb9xi66oze7eo3yhdh,1,1,1,1.0,1,1,探索尝试型,2024-01
no0afrue2n6m8hcnuek1,2,1,2,1.0,1,1,探索尝试型,2024-01
i8gdglua8vbd4ul9x09f,2,1,2,1.0,1,1,探索尝试型,2024-01
1hrtipd0awjpggdje5e2,1,1,1,1.0,1,1,探索尝试型,2024-01
alj4azvv1eqg1cyr3ae3,1,1,1,1.0,1,1,探索尝试型,2024-01
fov3pbwdqzvhgcjp7o9f,1,1,1,1.0,1,1,探索尝试型,2024-01
wbdvbdebq64ujpi9u7mn,1,1,1,1.0,1,1,探索尝试型,2024-01
vqz1prz6hwnqepxsieip,1,1,1,0.0,1,2,集中针对型,2024-01
cunf3y04zq0f90dgy36j,2,2,2,1.0,1,1,探索尝试型,2024-01
44x159fl0pw2uucriuga,3,1,2,0.3333333333333333,1,2,集中针对型,2024-01
qd5cqu3du8n28xxtkftw,1,1,1,1.0,1,1,探索尝试型,2024-01
nl4vt11ikn4we06zu0zj,1,1,1,1.0,1,1,探索尝试型,2024-01
4fl8e5s0nf65bm2m34f0,2,2,2,0.5,1,2,集中针对型,2024-01
fb735wd248crm37cgmgw,1,1,1,0.0,1,2,集中针对型,2024-01
cnqyqc90n3ixrlc3mri7,1,1,1,1.0,1,1,探索尝试型,2024-01
z0ti2nr5nh9fpad7wntt,1,1,1,0.0,1,2,集中针对型,2024-01
zon2ut7eqwqd7i86etaw,1,1,1,0.0,1,2,集中针对型,2024-01
kpw433bcv21ksp1wgrux,1,1,1,0.0,1,2,集中针对型,2024-01
2d526c27123e59103e29,11,2,5,0.45454545454545453,1,2,集中针对型,2024-01
488fc49e8fccd665c3e2,5,1,2,0.4,1,2,集中针对型,2024-01
be032ee60c336e4701e0,9,1,9,1.0,1,1,探索尝试型,2024-01
g5wbnnhq1jbyc32q3003,1,1,1,1.0,1,1,探索尝试型,2024-01
p3cs5x8cxrwubesmagvl,1,1,1,1.0,1,1,探索尝试型,2024-01
ucxxvfcovdwuokyswife,1,1,1,1.0,1,1,探索尝试型,2024-01
vzdurh8f0rfus5h4bde2,1,1,1,1.0,1,1,探索尝试型,2024-01
7ddzwidmh4uwbopvlast,1,1,1,1.0,1,1,探索尝试型,2024-01
yums89f0epz009xrrwrf,1,1,1,0.0,1,2,集中针对型,2024-01
pg8ucem69ixbqhznx0x2,1,1,1,0.0,1,2,集中针对型,2024-01
19rc4zj7sw4ms0996992,1,1,1,0.0,1,2,集中针对型,2024-01
cgydhui8n3uoxbq5rznl,1,1,1,1.0,1,1,探索尝试型,2024-01
139429592a9c23c08b71,32,2,18,0.5625,1,0,探索尝试型,2024-01
b217bae3c84d59dde71f,17,3,11,0.7647058823529411,1,0,探索尝试型,2024-01
e50db74322430aa289b1,51,4,28,0.9215686274509803,1,0,探索尝试型,2024-01
4388d48ebff4cf866ecd,13,1,10,0.8461538461538461,1,1,探索尝试型,2024-01
cef765c4375252a6029b,28,1,28,1.0,1,0,探索尝试型,2024-01
3ac65fbc295f5fbd2ff7,89,1,38,0.43820224719101125,1,0,探索尝试型,2024-01
132c90d4a027a4477ad0,20,2,18,0.9,1,0,探索尝试型,2024-01
6314d7cbc465e29f357c,26,2,22,0.9230769230769231,1,0,探索尝试型,2024-01
d2cb0d0da17471ee23a9,100,3,26,0.27,1,0,探索尝试型,2024-01
f9c641e9c05c243a751e,49,4,28,0.6326530612244898,1,0,探索尝试型,2024-01
34aaaa47df8c4aa4d926,26,4,8,0.5,1,0,探索尝试型,2024-01
b083663157e08e36d335,14,3,12,0.8571428571428571,1,1,探索尝试型,2024-01
e73ae5f649c6f52b3fb1,29,5,9,0.9655172413793104,1,0,探索尝试型,2024-01
9f447b50d5788f7b4d0a,1,1,1,1.0,1,1,探索尝试型,2024-01
a12c27630a75f6a4a64a,165,4,38,0.503030303030303,1,0,探索尝试型,2024-01
b43532c7a35b6aedd478,24,3,23,0.9583333333333334,1,0,探索尝试型,2024-01
037a76bc8e6bf5fe1fc0,39,2,38,0.9743589743589743,1,0,探索尝试型,2024-01
c08165d73ae49215c391,6,3,5,1.0,1,1,探索尝试型,2024-01
091554ffa26fc9b17c36,20,2,16,0.9,1,0,探索尝试型,2024-01
4a0890c15c26984c191f,42,2,20,0.7380952380952381,1,0,探索尝试型,2024-01
23f1f5d3d90e2890a423,1,1,1,1.0,1,1,探索尝试型,2024-01
33c123d08dc07edb50f9,30,2,19,0.7666666666666667,1,0,探索尝试型,2024-01
84146496b8d6256d6982,29,3,27,0.9310344827586207,1,0,探索尝试型,2024-01
b8c0c68e7f1220949deb,16,1,9,0.9375,1,1,探索尝试型,2024-01
5be7405ad4ae9d9a2853,34,2,24,0.7647058823529411,1,0,探索尝试型,2024-01
7509bbe0d23fe15928ba,45,2,22,0.5111111111111111,1,0,探索尝试型,2024-01
avehb7ibwpvjcgcr474k,49,5,28,0.7346938775510204,1,0,探索尝试型,2024-01
e4d6737b176e6ca5ef06,1,1,1,1.0,1,1,探索尝试型,2024-01
4884f3bdc068ef01e042,23,2,7,0.9130434782608695,1,1,探索尝试型,2024-01
eb93cedc17b4eac76750,3,1,2,1.0,1,1,探索尝试型,2024-01
75dcc10ba89fd0c25d50,7,1,4,0.5714285714285714,1,2,集中针对型,2024-01
3ab864e1e692786fefd2,16,1,15,0.9375,1,1,探索尝试型,2024-01
b57bc31cac59b3d26216,1,1,1,1.0,1,1,探索尝试型,2024-01
ov1tvylbnny48ojayssl,18,7,15,0.7777777777777778,1,0,探索尝试型,2024-01
yesnbayr80dvsb8ajp9v,14,6,12,0.7857142857142857,1,0,探索尝试型,2024-01
rb8z9vpc5uyhbcaa71v5,21,7,17,0.7142857142857143,1,0,探索尝试型,2024-01
p9a57kwg5xdwjzm8eql9,19,8,14,0.7368421052631579,1,0,探索尝试型,2024-01
gk8izwg77g6t4p5buiar,15,8,11,0.6,1,0,探索尝试型,2024-01
z0mde15metn3m79ek96y,20,7,15,0.8,1,0,探索尝试型,2024-01
148o63s7q5aitfxmmtrg,22,9,19,0.7272727272727273,1,0,探索尝试型,2024-01
rdf3wmujcm1k56ftf8uc,11,7,11,0.9090909090909091,1,0,探索尝试型,2024-01
e43g7im7dra88a4o8bbl,20,7,18,0.7,1,0,探索尝试型,2024-01
qw19zri3d9vkqjhcn3xk,15,8,15,0.7333333333333333,1,0,探索尝试型,2024-01
lpzjucfyqwtb8ihim9b3,16,8,14,0.8125,1,0,探索尝试型,2024-01
gq3jw96afgct5rjiim20,15,8,11,0.6,1,0,探索尝试型,2024-01
hc0idvz0lxc4zpx94cbx,21,7,16,0.8571428571428571,1,0,探索尝试型,2024-01
qu1rl2d6teeyti106rgx,14,8,11,0.8571428571428571,1,0,探索尝试型,2024-01
wj1gt5zvzfnjf7xcf1c8,18,6,13,0.7777777777777778,1,0,探索尝试型,2024-01
1nyzl7s790ta4c8r1l9g,17,8,15,0.8235294117647058,1,0,探索尝试型,2024-01
gj009a2t56bxjluh0mox,14,8,12,0.5,1,0,探索尝试型,2024-01
7kqvekz6iho08947fhk9,13,6,11,0.6153846153846154,1,0,探索尝试型,2024-01
obyl72l5qy37to65i5ml,19,9,15,0.8421052631578947,1,0,探索尝试型,2024-01
sx8c4g672zgcw7w2lflp,19,9,17,0.631578947368421,1,0,探索尝试型,2024-01
43vri1lqbgiiwbkaskqd,24,9,16,0.7083333333333334,1,0,探索尝试型,2024-01
udbo68xozj9btqumivk2,18,7,15,0.6111111111111112,1,0,探索尝试型,2024-01
t23e5lcdy5k50uvg5k0v,15,8,13,0.8666666666666667,1,0,探索尝试型,2024-01
w9r5wihhl33fmutbq5qd,13,6,9,0.8461538461538461,1,0,探索尝试型,2024-01
40rkj6cwy12hdupgq4w2,19,7,14,0.8421052631578947,1,0,探索尝试型,2024-01
70exfe4k4e5vvm5sqspq,14,7,14,0.5,1,0,探索尝试型,2024-01
woxwsoo99kl7vq4mk0rr,11,6,9,0.5454545454545454,1,0,探索尝试型,2024-01
msko5bf6rjt9adsuxby9,15,8,15,0.6666666666666666,1,0,探索尝试型,2024-01
8l0qqik09gqh0e5anus0,12,8,8,0.75,1,0,探索尝试型,2024-01
gsirdbny6840zq22vo7a,17,8,13,0.8235294117647058,1,0,探索尝试型,2024-01
1f4oscu6io8xlog2157e,16,6,13,0.6875,1,0,探索尝试型,2024-01
i8wbhc071gfhkbhtmeb1,12,7,11,0.75,1,0,探索尝试型,2024-01
fcwom6dicy0kov3lxsf8,16,7,13,0.8125,1,0,探索尝试型,2024-01
lqg2nmqf4x8w52gx12xw,6,5,6,0.8333333333333334,1,1,探索尝试型,2024-01
8hn55e1bxuyegxa76l3r,9,6,7,0.6666666666666666,1,0,探索尝试型,2024-01
43d98a750c726bb39d11,6,1,2,0.8333333333333334,1,1,探索尝试型,2024-01
5d16326e4577a67d94c6,17,6,8,0.7058823529411765,1,0,探索尝试型,2024-01
e00bc7d9f2ce32c4f745,3,1,3,1.0,1,1,探索尝试型,2024-01
21fc5674d24be8e9da89,2,1,2,1.0,1,1,探索尝试型,2024-01
a7fc1ba478db11fde063,16,4,11,0.6875,1,0,探索尝试型,2024-01
63ff3dff3eb31d62ab3e,9,1,7,0.7777777777777778,1,1,探索尝试型,2024-01
4edfd2e1b7c5c5d1d384,9,3,5,1.0,1,1,探索尝试型,2024-01
cbc8550ffaf44443c7ad,12,2,4,0.8333333333333334,1,1,探索尝试型,2024-01
766836b5f30556e81da4,5,2,5,1.0,1,1,探索尝试型,2024-01
df02e3643bb9ee33fb0c,8,1,6,0.875,1,1,探索尝试型,2024-01
f5c3c6eb77fac482de13,14,2,8,0.6428571428571429,1,1,探索尝试型,2024-01
5f8d87412f69e3d9fb13,2,1,2,1.0,1,1,探索尝试型,2024-01
6923e581d76689cb57a1,8,1,8,1.0,1,1,探索尝试型,2024-01
e865c97bc96802575f80,16,2,8,1.0,1,1,探索尝试型,2024-01
fb5d5693ffa9f022a191,2,1,1,1.0,1,1,探索尝试型,2024-01
1bd9bb053a3ac1bba507,14,2,7,0.6428571428571429,1,1,探索尝试型,2024-01
3c1b9222136b752563f6,7,2,6,0.8571428571428571,1,1,探索尝试型,2024-01
744e7141564ed216b812,4,3,4,1.0,1,1,探索尝试型,2024-01
74137c4db75be61c10fa,1,1,1,1.0,1,1,探索尝试型,2024-01
def1216bf8f3009dbe41,1,1,1,1.0,1,1,探索尝试型,2024-01
73ae359d8e93d41ae4ff,1,1,1,1.0,1,1,探索尝试型,2024-01
m4qqnaq8p8fn7b7bl5ic,2,2,2,1.0,1,1,探索尝试型,2024-01
ksm67082xy9g2wnalt38,4,3,4,0.75,1,1,探索尝试型,2024-01
sx57v4y3hp52f9selxdo,2,2,2,1.0,1,1,探索尝试型,2024-01
uon3zzl9a1zr5zmeodmr,5,3,5,1.0,1,1,探索尝试型,2024-01
f5jwwahac3fyc6rq5tex,1,1,1,0.0,1,2,集中针对型,2024-01
j07d6onchxesk14v7b8w,1,1,1,1.0,1,1,探索尝试型,2024-01
mwmft9w9vjod1g7jidmb,2,2,2,1.0,1,1,探索尝试型,2024-01
mm5p2ct8c21h4q753p3n,3,1,3,1.0,1,1,探索尝试型,2024-01
scl0uh5ig9ehluvs46h2,2,1,1,1.0,1,1,探索尝试型,2024-01
i8ryguu9cpkrb6ouhwqq,4,2,3,1.0,1,1,探索尝试型,2024-01
8wkyo305dh8esq6eop37,3,3,3,1.0,1,1,探索尝试型,2024-01
pgrig4vo54owe59j2j5f,2,1,2,0.5,1,2,集中针对型,2024-01
v4k20n9xryqdpe6fx42x,1,1,1,1.0,1,1,探索尝试型,2024-01
1t6e0wa99fijxi3ssnzk,5,2,3,1.0,1,1,探索尝试型,2024-01
58widcj6smafuwyqxw2m,3,2,3,0.6666666666666666,1,1,探索尝试型,2024-01
e58gk2f3crnwqnx0gett,2,1,2,1.0,1,1,探索尝试型,2024-01
2ddkknvpbz2j9wlvybtj,3,3,3,1.0,1,1,探索尝试型,2024-01
zprxec1qxs8nqsmc5830,3,2,3,0.6666666666666666,1,1,探索尝试型,2024-01
9b0guld0vdm0ggmmfb8k,3,3,3,1.0,1,1,探索尝试型,2024-01
35wcdp4s13xmtyq5f7os,3,2,3,1.0,1,1,探索尝试型,2024-01
sbb3va36jvpkdpj257ek,1,1,1,1.0,1,1,探索尝试型,2024-01
n2bgnbybijni2e9crs4x,2,2,2,1.0,1,1,探索尝试型,2024-01
uzk23hynw87co5ru0tr8,3,3,3,1.0,1,1,探索尝试型,2024-01
q1movls9kc4kglv6sb5g,2,2,2,1.0,1,1,探索尝试型,2024-01
0m8o7nuv982vnv3328qw,2,1,2,1.0,1,1,探索尝试型,2024-01
n3dkt0eq0ekpby9lv06i,2,2,2,1.0,1,1,探索尝试型,2024-01
amzij11bls4wa79p3cj8,3,3,2,1.0,1,1,探索尝试型,2024-01
628bztd9ybuth5efk7nw,1,1,1,1.0,1,1,探索尝试型,2024-01
2xsbkm76x36qvddrl2yo,1,1,1,1.0,1,1,探索尝试型,2024-01
vbgs2hp7aiiw880dpm1s,3,3,3,1.0,1,1,探索尝试型,2024-01
erjfooit15024g7nj8co,3,3,2,1.0,1,1,探索尝试型,2024-01
cygc6ulxpz04ex7under,2,2,2,0.5,1,2,集中针对型,2024-01
axunv0aihh5wvi27tx50,2,2,2,1.0,1,1,探索尝试型,2024-01
wfsgbko6rfmajn85khu4,1,1,1,1.0,1,1,探索尝试型,2024-01
10qi28ikwz4c4v22b06i,2,2,2,1.0,1,1,探索尝试型,2024-01
6837091518a3524730fb,4,2,3,0.75,1,1,探索尝试型,2024-01
b050239b47c66a7280c9,26,5,21,0.8846153846153846,1,0,探索尝试型,2024-01
bc7286901f708e9069eb,3,1,1,0.3333333333333333,1,2,集中针对型,2024-01
8f9ecba976a15fa5d900,12,2,9,0.8333333333333334,1,1,探索尝试型,2024-01
6cbcdec2dffbcf09a91a,36,3,29,0.8888888888888888,1,0,探索尝试型,2024-01
fdd714a996ac8bd8006d,44,5,29,0.9318181818181818,1,0,探索尝试型,2024-01
fc5a9edc3413ecece4bd,3,2,3,1.0,1,1,探索尝试型,2024-01
7bfbef4127aeec4b344e,6,1,3,1.0,1,1,探索尝试型,2024-01
b93d9fe2a844b416581d,24,3,12,0.75,1,0,探索尝试型,2024-01
df784e67883e018f88b8,11,1,10,1.0,1,1,探索尝试型,2024-01
9c2b85496091fd7f66d4,27,4,8,0.48148148148148145,1,0,探索尝试型,2024-01
2842c82981077b78b3cd,73,3,12,0.5068493150684932,1,0,探索尝试型,2024-01
6ab4994b59925a6d1bba,40,2,7,0.375,1,2,集中针对型,2024-01
fc1c9dd58091c33d8888,42,1,20,0.7619047619047619,1,0,探索尝试型,2024-01
552365f82674884bcaaa,14,2,9,0.7142857142857143,1,1,探索尝试型,2024-01
94a770d27cae58950a5b,11,1,7,0.6363636363636364,1,1,探索尝试型,2024-01
3094825929f936abb792,2,2,2,1.0,1,1,探索尝试型,2024-01
e877c03b218bddedd3b8,59,3,23,0.4745762711864407,1,0,探索尝试型,2024-01
b5863cc5a1b448ca1cab,1,1,1,1.0,1,1,探索尝试型,2024-01
01a691413dc5897db83f,2,1,2,1.0,1,1,探索尝试型,2024-01
cdbfb55b48cefce540dd,25,3,21,1.0,1,0,探索尝试型,2024-01
0b02f701b1179f9f74f9,6,1,6,1.0,1,1,探索尝试型,2024-01
424de2c5e2c1f5652cdc,6,1,2,0.3333333333333333,1,2,集中针对型,2024-01
374ff25490a1f0aba47f,6,1,2,0.8333333333333334,1,1,探索尝试型,2024-01
db54f15d48fa56b0d953,24,3,15,0.7083333333333334,1,0,探索尝试型,2024-01
5479f88afb95288d6392,3,1,1,0.3333333333333333,1,2,集中针对型,2024-01
071685b292483b04e836,14,2,11,1.0,1,1,探索尝试型,2024-01
72fbfd24cdff0454a0e2,2,1,1,1.0,1,1,探索尝试型,2024-01
de5213e7b8c88440a298,5,2,5,1.0,1,1,探索尝试型,2024-01
b6b2f975de58052aae0c,10,1,8,1.0,1,1,探索尝试型,2024-01
6a62f52203bda35656be,10,1,8,0.8,1,1,探索尝试型,2024-01
74e22a3421e605061ef1,4,1,1,0.25,1,2,集中针对型,2024-01
5slhcx7pnjhcmlbfffu6,9,7,9,0.7777777777777778,1,0,探索尝试型,2024-01
xvfa4ysm4deeobu8wkym,8,5,7,0.75,1,1,探索尝试型,2024-01
omzalmrzys0ymf4cgt03,12,6,10,0.9166666666666666,1,0,探索尝试型,2024-01
qxnna0of95m3oebjc84f,5,3,5,0.6,1,1,探索尝试型,2024-01
n20d6b4o2g64oaa3q8ym,10,6,9,0.6,1,0,探索尝试型,2024-01
wty9xgte39cr5rp39e50,8,5,6,0.75,1,1,探索尝试型,2024-01
icu31mfcha34dnwbsui2,5,4,5,0.6,1,1,探索尝试型,2024-01
7ssihtyt72rzukfci0o1,6,6,6,0.6666666666666666,1,0,探索尝试型,2024-01
r4oklg89q3yx9o2dfq3q,8,3,6,0.75,1,1,探索尝试型,2024-01
apxifjd35xfq6t47ysls,12,7,12,0.75,1,0,探索尝试型,2024-01
otznu9tyqq50x0xij3br,5,5,4,1.0,1,1,探索尝试型,2024-01
ij9llitbhr4gi126l772,5,4,4,0.8,1,1,探索尝试型,2024-01
z23fh1v40p3hmxxspbo9,9,5,9,0.7777777777777778,1,0,探索尝试型,2024-01
0m2kzubx9r60wyrsjj7j,5,5,5,0.6,1,1,探索尝试型,2024-01
dt7s87imgsbma3l5scym,5,5,5,1.0,1,1,探索尝试型,2024-01
1vb2vsoy23nr0monflhx,12,5,8,0.5833333333333334,1,0,探索尝试型,2024-01
t5uf4x6hffga8in2ua6l,8,5,7,0.625,1,0,探索尝试型,2024-01
cz0pbk8vede7ey2oce4a,13,6,8,0.9230769230769231,1,0,探索尝试型,2024-01
sie4alrjjjvlk0w9ye5l,9,7,8,1.0,1,0,探索尝试型,2024-01
wzfry2domlqnblox9w1b,4,4,4,0.75,1,1,探索尝试型,2024-01
5qfsd40k8fv54hc102p2,9,4,7,0.8888888888888888,1,1,探索尝试型,2024-01
nilkp0a54b01p87udccl,10,7,9,0.8,1,0,探索尝试型,2024-01
yj708ceb2o5gueez45or,7,5,7,0.8571428571428571,1,1,探索尝试型,2024-01
5kqtdcvyt7rgqdoextw8,10,6,7,0.9,1,0,探索尝试型,2024-01
spyu1at0d9k1wxtenlhe,5,4,5,0.6,1,1,探索尝试型,2024-01
7iulsxm22wz4v82hgb2g,7,3,7,0.7142857142857143,1,1,探索尝试型,2024-01
90z3slav21r61p88ksba,10,7,7,0.9,1,0,探索尝试型,2024-01
78uyv6k6u49krocgtkzu,6,4,6,0.8333333333333334,1,1,探索尝试型,2024-01
hz3im1vs42bx5rxbn7wh,6,6,5,0.6666666666666666,1,0,探索尝试型,2024-01
t8zrwu8iwkcdnwf3ruse,4,2,4,0.25,1,2,集中针对型,2024-01
emnk7ob7xxxdiph6fun3,10,8,9,0.7,1,0,探索尝试型,2024-01
5dmn9cwdf4l1snqfjw1p,4,2,3,0.75,1,1,探索尝试型,2024-01
r28s9kyo7knrvytyvmt8,9,7,9,0.8888888888888888,1,0,探索尝试型,2024-01
4i0t5tq7o78lvc1zglgr,3,3,3,0.6666666666666666,1,1,探索尝试型,2024-01
95i3ttsko6c6ol53ebql,5,3,5,0.6,1,1,探索尝试型,2024-01
ac896071204b0ce26a1e,3,1,3,1.0,1,1,探索尝试型,2024-01
75a72c46b8271a57fba6,13,3,9,0.8461538461538461,1,1,探索尝试型,2024-01
fda1eaffdfa7350e5d97,15,4,9,0.8,1,0,探索尝试型,2024-01
0e804947f4cdc2721046,1,1,1,1.0,1,1,探索尝试型,2024-01
f7c4a29d42220e1cea27,4,1,1,0.75,1,1,探索尝试型,2024-01
539911ee11c1b2aaeb88,25,2,14,0.56,1,0,探索尝试型,2024-01
94752e120f6bb6178ad5,10,3,4,0.8,1,1,探索尝试型,2024-01
13f8b8305f6c25c21921,1,1,1,1.0,1,1,探索尝试型,2024-01
0c81ca27b7d931b6ff6e,7,1,3,0.7142857142857143,1,1,探索尝试型,2024-01
e2ee4818284ba527ef0a,48,3,26,0.7916666666666666,1,0,探索尝试型,2024-01
0b307ee95b41e222f204,5,2,3,1.0,1,1,探索尝试型,2024-01
67456512891f96cc0fc3,16,2,9,0.625,1,1,探索尝试型,2024-01
01558eef77a8d39b7103,5,2,4,0.8,1,1,探索尝试型,2024-01
83bf9b0424c17c9e13e7,7,2,7,1.0,1,1,探索尝试型,2024-01
eacb3353d7bc80cf3e7a,7,1,7,1.0,1,1,探索尝试型,2024-01
87aa4503451b6a77b2b7,1,1,1,1.0,1,1,探索尝试型,2024-01
359f25d9131a0699405b,4,1,4,1.0,1,1,探索尝试型,2024-01
5e29473eb1e80fde79a0,11,3,8,0.8181818181818182,1,1,探索尝试型,2024-01
211ed39c57c6e6cdefbf,15,1,2,0.4,1,2,集中针对型,2024-01
1552f58e2818ce7fa863,1,1,1,1.0,1,1,探索尝试型,2024-01
17656005bd4086137ab7,8,2,8,1.0,1,1,探索尝试型,2024-01
a05da04117e032cb4977,15,2,6,0.9333333333333333,1,1,探索尝试型,2024-01
2f3ef424b925a9881b81,1,1,1,1.0,1,1,探索尝试型,2024-01
7ffc1d4e5026fc5195ea,4,1,2,1.0,1,1,探索尝试型,2024-01
55a47a152d359522e38d,1,1,1,1.0,1,1,探索尝试型,2024-01
76a2f2705490042bb8cb,16,1,6,1.0,1,1,探索尝试型,2024-01
d4d7a248a58363732f8e,4,1,2,1.0,1,1,探索尝试型,2024-01
k7fa3kdg6dq9avbiqv1f,7,4,7,0.8571428571428571,1,1,探索尝试型,2024-01
pammg9gw4enjosw3z60e,6,4,5,0.6666666666666666,1,1,探索尝试型,2024-01
aai4o855shne2taonl8m,3,2,3,0.6666666666666666,1,1,探索尝试型,2024-01
wi36b9plgjc82atx6z7h,4,3,4,1.0,1,1,探索尝试型,2024-01
zoo8a9uj8a0dplifqzdp,8,5,7,0.75,1,1,探索尝试型,2024-01
3lbe8ny12qw7qwcyihpn,6,5,6,0.5,1,2,集中针对型,2024-01
o6kw9thwvq6csdr9taal,6,4,6,0.6666666666666666,1,1,探索尝试型,2024-01
owzdfs89mm4ci0382a3b,5,5,4,0.6,1,1,探索尝试型,2024-01
di7sclw5samggg4sxipv,3,2,3,0.3333333333333333,1,2,集中针对型,2024-01
zhx5rxgopln1p5hd10ql,3,3,3,0.6666666666666666,1,1,探索尝试型,2024-01
slmfpw1fyabrtys8ufg9,6,5,5,0.8333333333333334,1,1,探索尝试型,2024-01
9dbg3fyz4qnj7x9qug6x,4,3,4,0.25,1,2,集中针对型,2024-01
hu267zw9zywa4ew3d5bw,5,3,4,1.0,1,1,探索尝试型,2024-01
b6nwoi7doh1m1yzbkxup,4,4,3,1.0,1,1,探索尝试型,2024-01
32n93dfesjggabieb85t,6,5,5,0.8333333333333334,1,1,探索尝试型,2024-01
r9m46ndmmmzeeehft96z,2,2,2,1.0,1,1,探索尝试型,2024-01
p8bk6cdfntr0humt6q45,6,4,3,0.8333333333333334,1,1,探索尝试型,2024-01
qkc2f9omqulfmn3j0m9p,5,5,4,0.8,1,1,探索尝试型,2024-01
nq4jln5s1zqjk7nwbbeo,3,3,3,1.0,1,1,探索尝试型,2024-01
l1rn095adguamaugi4ux,6,6,5,0.8333333333333334,1,1,探索尝试型,2024-01
d9qmlhyp13mf5nto4qih,3,3,3,1.0,1,1,探索尝试型,2024-01
exaiz0y0uvpeg498cg4j,4,4,2,1.0,1,1,探索尝试型,2024-01
k6jujv82n727fuwbxa6f,4,4,3,0.75,1,1,探索尝试型,2024-01
4nun1ah7qw10q705a2aq,1,1,1,1.0,1,1,探索尝试型,2024-01
pxnnkthuxasggux3hyae,5,4,4,0.8,1,1,探索尝试型,2024-01
d4xny47ows87zd7viwj5,1,1,1,1.0,1,1,探索尝试型,2024-01
m380dsj058viwn3ly6j1,4,3,3,1.0,1,1,探索尝试型,2024-01
tndsnutlm99ld8f4uya0,5,4,5,1.0,1,1,探索尝试型,2024-01
whzjoeh34i7o86p37u99,6,4,4,0.6666666666666666,1,1,探索尝试型,2024-01
twa56vh9h75mwaqdma1y,2,2,2,1.0,1,1,探索尝试型,2024-01
k6kv9y9tqfll5d282ymb,6,4,5,1.0,1,1,探索尝试型,2024-01
xf5q0ixkpbxl3w7k16qo,3,3,3,1.0,1,1,探索尝试型,2024-01
7n0vh1m7hm3g0v8ggv7v,1,1,1,1.0,1,1,探索尝试型,2024-01
9npnusbksscam12fc4ut,4,4,4,0.75,1,1,探索尝试型,2024-01
i39gdpglcxstun30b4yw,2,2,2,0.5,1,2,集中针对型,2024-01
