student_ID,hour,count,percentage
8b6d1125760bd3939b6e,0,0,0.0
8b6d1125760bd3939b6e,1,0,0.0
8b6d1125760bd3939b6e,2,3,4.48
8b6d1125760bd3939b6e,3,0,0.0
8b6d1125760bd3939b6e,4,0,0.0
8b6d1125760bd3939b6e,5,4,5.97
8b6d1125760bd3939b6e,6,12,17.91
8b6d1125760bd3939b6e,7,0,0.0
8b6d1125760bd3939b6e,8,0,0.0
8b6d1125760bd3939b6e,9,0,0.0
8b6d1125760bd3939b6e,10,0,0.0
8b6d1125760bd3939b6e,11,5,7.46
8b6d1125760bd3939b6e,12,0,0.0
8b6d1125760bd3939b6e,13,0,0.0
8b6d1125760bd3939b6e,14,40,59.7
8b6d1125760bd3939b6e,15,3,4.48
8b6d1125760bd3939b6e,16,0,0.0
8b6d1125760bd3939b6e,17,0,0.0
8b6d1125760bd3939b6e,18,0,0.0
8b6d1125760bd3939b6e,19,0,0.0
8b6d1125760bd3939b6e,20,0,0.0
8b6d1125760bd3939b6e,21,0,0.0
8b6d1125760bd3939b6e,22,0,0.0
8b6d1125760bd3939b6e,23,0,0.0
63eef37311aaac915a45,0,0,0.0
63eef37311aaac915a45,1,0,0.0
63eef37311aaac915a45,2,14,5.69
63eef37311aaac915a45,3,28,11.38
63eef37311aaac915a45,4,54,21.95
63eef37311aaac915a45,5,0,0.0
63eef37311aaac915a45,6,4,1.63
63eef37311aaac915a45,7,2,0.81
63eef37311aaac915a45,8,8,3.25
63eef37311aaac915a45,9,6,2.44
63eef37311aaac915a45,10,0,0.0
63eef37311aaac915a45,11,0,0.0
63eef37311aaac915a45,12,0,0.0
63eef37311aaac915a45,13,0,0.0
63eef37311aaac915a45,14,0,0.0
63eef37311aaac915a45,15,12,4.88
63eef37311aaac915a45,16,83,33.74
63eef37311aaac915a45,17,25,10.16
63eef37311aaac915a45,18,10,4.07
63eef37311aaac915a45,19,0,0.0
63eef37311aaac915a45,20,0,0.0
63eef37311aaac915a45,21,0,0.0
63eef37311aaac915a45,22,0,0.0
63eef37311aaac915a45,23,0,0.0
5d89810b20079366fcc2,0,0,0.0
5d89810b20079366fcc2,1,0,0.0
5d89810b20079366fcc2,2,0,0.0
5d89810b20079366fcc2,3,0,0.0
5d89810b20079366fcc2,4,1,2.04
5d89810b20079366fcc2,5,10,20.41
5d89810b20079366fcc2,6,15,30.61
5d89810b20079366fcc2,7,0,0.0
5d89810b20079366fcc2,8,0,0.0
5d89810b20079366fcc2,9,12,24.49
5d89810b20079366fcc2,10,0,0.0
5d89810b20079366fcc2,11,0,0.0
5d89810b20079366fcc2,12,0,0.0
5d89810b20079366fcc2,13,0,0.0
5d89810b20079366fcc2,14,0,0.0
5d89810b20079366fcc2,15,11,22.45
5d89810b20079366fcc2,16,0,0.0
5d89810b20079366fcc2,17,0,0.0
5d89810b20079366fcc2,18,0,0.0
5d89810b20079366fcc2,19,0,0.0
5d89810b20079366fcc2,20,0,0.0
5d89810b20079366fcc2,21,0,0.0
5d89810b20079366fcc2,22,0,0.0
5d89810b20079366fcc2,23,0,0.0
47eeab842793b09300c3,0,1,0.96
47eeab842793b09300c3,1,1,0.96
47eeab842793b09300c3,2,6,5.77
47eeab842793b09300c3,3,5,4.81
47eeab842793b09300c3,4,3,2.88
47eeab842793b09300c3,5,30,28.85
47eeab842793b09300c3,6,21,20.19
47eeab842793b09300c3,7,0,0.0
47eeab842793b09300c3,8,0,0.0
47eeab842793b09300c3,9,0,0.0
47eeab842793b09300c3,10,2,1.92
47eeab842793b09300c3,11,0,0.0
47eeab842793b09300c3,12,2,1.92
47eeab842793b09300c3,13,2,1.92
47eeab842793b09300c3,14,5,4.81
47eeab842793b09300c3,15,26,25.0
47eeab842793b09300c3,16,0,0.0
47eeab842793b09300c3,17,0,0.0
47eeab842793b09300c3,18,0,0.0
47eeab842793b09300c3,19,0,0.0
47eeab842793b09300c3,20,0,0.0
47eeab842793b09300c3,21,0,0.0
47eeab842793b09300c3,22,0,0.0
47eeab842793b09300c3,23,0,0.0
a8eea517e36b20757b2e,0,8,4.79
a8eea517e36b20757b2e,1,27,16.17
a8eea517e36b20757b2e,2,27,16.17
a8eea517e36b20757b2e,3,10,5.99
a8eea517e36b20757b2e,4,0,0.0
a8eea517e36b20757b2e,5,18,10.78
a8eea517e36b20757b2e,6,3,1.8
a8eea517e36b20757b2e,7,3,1.8
a8eea517e36b20757b2e,8,9,5.39
a8eea517e36b20757b2e,9,0,0.0
a8eea517e36b20757b2e,10,9,5.39
a8eea517e36b20757b2e,11,21,12.57
a8eea517e36b20757b2e,12,0,0.0
a8eea517e36b20757b2e,13,5,2.99
a8eea517e36b20757b2e,14,26,15.57
a8eea517e36b20757b2e,15,0,0.0
a8eea517e36b20757b2e,16,1,0.6
a8eea517e36b20757b2e,17,0,0.0
a8eea517e36b20757b2e,18,0,0.0
a8eea517e36b20757b2e,19,0,0.0
a8eea517e36b20757b2e,20,0,0.0
a8eea517e36b20757b2e,21,0,0.0
a8eea517e36b20757b2e,22,0,0.0
a8eea517e36b20757b2e,23,0,0.0
e89cdaa3f159a0d3f55e,0,1,0.24
e89cdaa3f159a0d3f55e,1,7,1.67
e89cdaa3f159a0d3f55e,2,5,1.19
e89cdaa3f159a0d3f55e,3,6,1.43
e89cdaa3f159a0d3f55e,4,0,0.0
e89cdaa3f159a0d3f55e,5,0,0.0
e89cdaa3f159a0d3f55e,6,8,1.9
e89cdaa3f159a0d3f55e,7,8,1.9
e89cdaa3f159a0d3f55e,8,11,2.62
e89cdaa3f159a0d3f55e,9,21,5.0
e89cdaa3f159a0d3f55e,10,6,1.43
e89cdaa3f159a0d3f55e,11,13,3.1
e89cdaa3f159a0d3f55e,12,58,13.81
e89cdaa3f159a0d3f55e,13,82,19.52
e89cdaa3f159a0d3f55e,14,80,19.05
e89cdaa3f159a0d3f55e,15,70,16.67
e89cdaa3f159a0d3f55e,16,29,6.9
e89cdaa3f159a0d3f55e,17,15,3.57
e89cdaa3f159a0d3f55e,18,0,0.0
e89cdaa3f159a0d3f55e,19,0,0.0
e89cdaa3f159a0d3f55e,20,0,0.0
e89cdaa3f159a0d3f55e,21,0,0.0
e89cdaa3f159a0d3f55e,22,0,0.0
e89cdaa3f159a0d3f55e,23,0,0.0
e324cc9cb52a2b3cb9cb,0,0,0.0
e324cc9cb52a2b3cb9cb,1,0,0.0
e324cc9cb52a2b3cb9cb,2,12,5.74
e324cc9cb52a2b3cb9cb,3,17,8.13
e324cc9cb52a2b3cb9cb,4,8,3.83
e324cc9cb52a2b3cb9cb,5,15,7.18
e324cc9cb52a2b3cb9cb,6,46,22.01
e324cc9cb52a2b3cb9cb,7,11,5.26
e324cc9cb52a2b3cb9cb,8,4,1.91
e324cc9cb52a2b3cb9cb,9,5,2.39
e324cc9cb52a2b3cb9cb,10,3,1.44
e324cc9cb52a2b3cb9cb,11,8,3.83
e324cc9cb52a2b3cb9cb,12,15,7.18
e324cc9cb52a2b3cb9cb,13,21,10.05
e324cc9cb52a2b3cb9cb,14,32,15.31
e324cc9cb52a2b3cb9cb,15,12,5.74
e324cc9cb52a2b3cb9cb,16,0,0.0
e324cc9cb52a2b3cb9cb,17,0,0.0
e324cc9cb52a2b3cb9cb,18,0,0.0
e324cc9cb52a2b3cb9cb,19,0,0.0
e324cc9cb52a2b3cb9cb,20,0,0.0
e324cc9cb52a2b3cb9cb,21,0,0.0
e324cc9cb52a2b3cb9cb,22,0,0.0
e324cc9cb52a2b3cb9cb,23,0,0.0
98e10f84d94623f8b39e,0,0,0.0
98e10f84d94623f8b39e,1,0,0.0
98e10f84d94623f8b39e,2,0,0.0
98e10f84d94623f8b39e,3,0,0.0
98e10f84d94623f8b39e,4,5,3.09
98e10f84d94623f8b39e,5,10,6.17
98e10f84d94623f8b39e,6,12,7.41
98e10f84d94623f8b39e,7,0,0.0
98e10f84d94623f8b39e,8,3,1.85
98e10f84d94623f8b39e,9,0,0.0
98e10f84d94623f8b39e,10,9,5.56
98e10f84d94623f8b39e,11,24,14.81
98e10f84d94623f8b39e,12,45,27.78
98e10f84d94623f8b39e,13,31,19.14
98e10f84d94623f8b39e,14,16,9.88
98e10f84d94623f8b39e,15,7,4.32
98e10f84d94623f8b39e,16,0,0.0
98e10f84d94623f8b39e,17,0,0.0
98e10f84d94623f8b39e,18,0,0.0
98e10f84d94623f8b39e,19,0,0.0
98e10f84d94623f8b39e,20,0,0.0
98e10f84d94623f8b39e,21,0,0.0
98e10f84d94623f8b39e,22,0,0.0
98e10f84d94623f8b39e,23,0,0.0
3c89c7f1db26ae691db8,0,0,0.0
3c89c7f1db26ae691db8,1,2,0.8
3c89c7f1db26ae691db8,2,13,5.18
3c89c7f1db26ae691db8,3,6,2.39
3c89c7f1db26ae691db8,4,19,7.57
3c89c7f1db26ae691db8,5,6,2.39
3c89c7f1db26ae691db8,6,1,0.4
3c89c7f1db26ae691db8,7,4,1.59
3c89c7f1db26ae691db8,8,25,9.96
3c89c7f1db26ae691db8,9,8,3.19
3c89c7f1db26ae691db8,10,17,6.77
3c89c7f1db26ae691db8,11,50,19.92
3c89c7f1db26ae691db8,12,35,13.94
3c89c7f1db26ae691db8,13,23,9.16
3c89c7f1db26ae691db8,14,38,15.14
3c89c7f1db26ae691db8,15,4,1.59
3c89c7f1db26ae691db8,16,0,0.0
3c89c7f1db26ae691db8,17,0,0.0
3c89c7f1db26ae691db8,18,0,0.0
3c89c7f1db26ae691db8,19,0,0.0
3c89c7f1db26ae691db8,20,0,0.0
3c89c7f1db26ae691db8,21,0,0.0
3c89c7f1db26ae691db8,22,0,0.0
3c89c7f1db26ae691db8,23,0,0.0
9ea29e4a747ea4a7c70a,0,0,0.0
9ea29e4a747ea4a7c70a,1,1,0.61
9ea29e4a747ea4a7c70a,2,17,10.37
9ea29e4a747ea4a7c70a,3,11,6.71
9ea29e4a747ea4a7c70a,4,6,3.66
9ea29e4a747ea4a7c70a,5,2,1.22
9ea29e4a747ea4a7c70a,6,13,7.93
9ea29e4a747ea4a7c70a,7,6,3.66
9ea29e4a747ea4a7c70a,8,4,2.44
9ea29e4a747ea4a7c70a,9,19,11.59
9ea29e4a747ea4a7c70a,10,3,1.83
9ea29e4a747ea4a7c70a,11,6,3.66
9ea29e4a747ea4a7c70a,12,14,8.54
9ea29e4a747ea4a7c70a,13,17,10.37
9ea29e4a747ea4a7c70a,14,11,6.71
9ea29e4a747ea4a7c70a,15,31,18.9
9ea29e4a747ea4a7c70a,16,3,1.83
9ea29e4a747ea4a7c70a,17,0,0.0
9ea29e4a747ea4a7c70a,18,0,0.0
9ea29e4a747ea4a7c70a,19,0,0.0
9ea29e4a747ea4a7c70a,20,0,0.0
9ea29e4a747ea4a7c70a,21,0,0.0
9ea29e4a747ea4a7c70a,22,0,0.0
9ea29e4a747ea4a7c70a,23,0,0.0
e23ada44d3eac9b465d2,0,0,0.0
e23ada44d3eac9b465d2,1,1,1.35
e23ada44d3eac9b465d2,2,5,6.76
e23ada44d3eac9b465d2,3,0,0.0
e23ada44d3eac9b465d2,4,0,0.0
e23ada44d3eac9b465d2,5,0,0.0
e23ada44d3eac9b465d2,6,4,5.41
e23ada44d3eac9b465d2,7,6,8.11
e23ada44d3eac9b465d2,8,2,2.7
e23ada44d3eac9b465d2,9,2,2.7
e23ada44d3eac9b465d2,10,2,2.7
e23ada44d3eac9b465d2,11,4,5.41
e23ada44d3eac9b465d2,12,8,10.81
e23ada44d3eac9b465d2,13,15,20.27
e23ada44d3eac9b465d2,14,20,27.03
e23ada44d3eac9b465d2,15,5,6.76
e23ada44d3eac9b465d2,16,0,0.0
e23ada44d3eac9b465d2,17,0,0.0
e23ada44d3eac9b465d2,18,0,0.0
e23ada44d3eac9b465d2,19,0,0.0
e23ada44d3eac9b465d2,20,0,0.0
e23ada44d3eac9b465d2,21,0,0.0
e23ada44d3eac9b465d2,22,0,0.0
e23ada44d3eac9b465d2,23,0,0.0
b79c2d9d8148403a3720,0,0,0.0
b79c2d9d8148403a3720,1,10,4.27
b79c2d9d8148403a3720,2,6,2.56
b79c2d9d8148403a3720,3,8,3.42
b79c2d9d8148403a3720,4,0,0.0
b79c2d9d8148403a3720,5,2,0.85
b79c2d9d8148403a3720,6,23,9.83
b79c2d9d8148403a3720,7,26,11.11
b79c2d9d8148403a3720,8,28,11.97
b79c2d9d8148403a3720,9,18,7.69
b79c2d9d8148403a3720,10,3,1.28
b79c2d9d8148403a3720,11,8,3.42
b79c2d9d8148403a3720,12,16,6.84
b79c2d9d8148403a3720,13,41,17.52
b79c2d9d8148403a3720,14,23,9.83
b79c2d9d8148403a3720,15,22,9.4
b79c2d9d8148403a3720,16,0,0.0
b79c2d9d8148403a3720,17,0,0.0
b79c2d9d8148403a3720,18,0,0.0
b79c2d9d8148403a3720,19,0,0.0
b79c2d9d8148403a3720,20,0,0.0
b79c2d9d8148403a3720,21,0,0.0
b79c2d9d8148403a3720,22,0,0.0
b79c2d9d8148403a3720,23,0,0.0
01d8aa21ef476b66c573,0,0,0.0
01d8aa21ef476b66c573,1,1,0.78
01d8aa21ef476b66c573,2,8,6.2
01d8aa21ef476b66c573,3,1,0.78
01d8aa21ef476b66c573,4,0,0.0
01d8aa21ef476b66c573,5,2,1.55
01d8aa21ef476b66c573,6,6,4.65
01d8aa21ef476b66c573,7,18,13.95
01d8aa21ef476b66c573,8,4,3.1
01d8aa21ef476b66c573,9,9,6.98
01d8aa21ef476b66c573,10,4,3.1
01d8aa21ef476b66c573,11,22,17.05
01d8aa21ef476b66c573,12,31,24.03
01d8aa21ef476b66c573,13,11,8.53
01d8aa21ef476b66c573,14,11,8.53
01d8aa21ef476b66c573,15,0,0.0
01d8aa21ef476b66c573,16,1,0.78
01d8aa21ef476b66c573,17,0,0.0
01d8aa21ef476b66c573,18,0,0.0
01d8aa21ef476b66c573,19,0,0.0
01d8aa21ef476b66c573,20,0,0.0
01d8aa21ef476b66c573,21,0,0.0
01d8aa21ef476b66c573,22,0,0.0
01d8aa21ef476b66c573,23,0,0.0
9417c1b4c24e428984bc,0,0,0.0
9417c1b4c24e428984bc,1,0,0.0
9417c1b4c24e428984bc,2,19,9.69
9417c1b4c24e428984bc,3,4,2.04
9417c1b4c24e428984bc,4,3,1.53
9417c1b4c24e428984bc,5,17,8.67
9417c1b4c24e428984bc,6,4,2.04
9417c1b4c24e428984bc,7,32,16.33
9417c1b4c24e428984bc,8,18,9.18
9417c1b4c24e428984bc,9,1,0.51
9417c1b4c24e428984bc,10,30,15.31
9417c1b4c24e428984bc,11,19,9.69
9417c1b4c24e428984bc,12,41,20.92
9417c1b4c24e428984bc,13,7,3.57
9417c1b4c24e428984bc,14,0,0.0
9417c1b4c24e428984bc,15,1,0.51
9417c1b4c24e428984bc,16,0,0.0
9417c1b4c24e428984bc,17,0,0.0
9417c1b4c24e428984bc,18,0,0.0
9417c1b4c24e428984bc,19,0,0.0
9417c1b4c24e428984bc,20,0,0.0
9417c1b4c24e428984bc,21,0,0.0
9417c1b4c24e428984bc,22,0,0.0
9417c1b4c24e428984bc,23,0,0.0
3d63ba961a5f3a60616a,0,0,0.0
3d63ba961a5f3a60616a,1,1,1.32
3d63ba961a5f3a60616a,2,1,1.32
3d63ba961a5f3a60616a,3,0,0.0
3d63ba961a5f3a60616a,4,1,1.32
3d63ba961a5f3a60616a,5,2,2.63
3d63ba961a5f3a60616a,6,0,0.0
3d63ba961a5f3a60616a,7,0,0.0
3d63ba961a5f3a60616a,8,5,6.58
3d63ba961a5f3a60616a,9,0,0.0
3d63ba961a5f3a60616a,10,4,5.26
3d63ba961a5f3a60616a,11,15,19.74
3d63ba961a5f3a60616a,12,10,13.16
3d63ba961a5f3a60616a,13,9,11.84
3d63ba961a5f3a60616a,14,15,19.74
3d63ba961a5f3a60616a,15,13,17.11
3d63ba961a5f3a60616a,16,0,0.0
3d63ba961a5f3a60616a,17,0,0.0
3d63ba961a5f3a60616a,18,0,0.0
3d63ba961a5f3a60616a,19,0,0.0
3d63ba961a5f3a60616a,20,0,0.0
3d63ba961a5f3a60616a,21,0,0.0
3d63ba961a5f3a60616a,22,0,0.0
3d63ba961a5f3a60616a,23,0,0.0
57709f904b1cc9ec60b1,0,0,0.0
57709f904b1cc9ec60b1,1,5,3.12
57709f904b1cc9ec60b1,2,11,6.88
57709f904b1cc9ec60b1,3,9,5.62
57709f904b1cc9ec60b1,4,9,5.62
57709f904b1cc9ec60b1,5,4,2.5
57709f904b1cc9ec60b1,6,27,16.88
57709f904b1cc9ec60b1,7,6,3.75
57709f904b1cc9ec60b1,8,4,2.5
57709f904b1cc9ec60b1,9,0,0.0
57709f904b1cc9ec60b1,10,1,0.62
57709f904b1cc9ec60b1,11,28,17.5
57709f904b1cc9ec60b1,12,25,15.62
57709f904b1cc9ec60b1,13,2,1.25
57709f904b1cc9ec60b1,14,20,12.5
57709f904b1cc9ec60b1,15,8,5.0
57709f904b1cc9ec60b1,16,1,0.62
57709f904b1cc9ec60b1,17,0,0.0
57709f904b1cc9ec60b1,18,0,0.0
57709f904b1cc9ec60b1,19,0,0.0
57709f904b1cc9ec60b1,20,0,0.0
57709f904b1cc9ec60b1,21,0,0.0
57709f904b1cc9ec60b1,22,0,0.0
57709f904b1cc9ec60b1,23,0,0.0
8979427badebb9e2bd10,0,0,0.0
8979427badebb9e2bd10,1,0,0.0
8979427badebb9e2bd10,2,4,3.39
8979427badebb9e2bd10,3,19,16.1
8979427badebb9e2bd10,4,13,11.02
8979427badebb9e2bd10,5,24,20.34
8979427badebb9e2bd10,6,2,1.69
8979427badebb9e2bd10,7,10,8.47
8979427badebb9e2bd10,8,8,6.78
8979427badebb9e2bd10,9,4,3.39
8979427badebb9e2bd10,10,6,5.08
8979427badebb9e2bd10,11,3,2.54
8979427badebb9e2bd10,12,4,3.39
8979427badebb9e2bd10,13,1,0.85
8979427badebb9e2bd10,14,3,2.54
8979427badebb9e2bd10,15,9,7.63
8979427badebb9e2bd10,16,1,0.85
8979427badebb9e2bd10,17,7,5.93
8979427badebb9e2bd10,18,0,0.0
8979427badebb9e2bd10,19,0,0.0
8979427badebb9e2bd10,20,0,0.0
8979427badebb9e2bd10,21,0,0.0
8979427badebb9e2bd10,22,0,0.0
8979427badebb9e2bd10,23,0,0.0
6e7d56f652020f046204,0,0,0.0
6e7d56f652020f046204,1,1,0.71
6e7d56f652020f046204,2,18,12.86
6e7d56f652020f046204,3,8,5.71
6e7d56f652020f046204,4,1,0.71
6e7d56f652020f046204,5,0,0.0
6e7d56f652020f046204,6,9,6.43
6e7d56f652020f046204,7,16,11.43
6e7d56f652020f046204,8,2,1.43
6e7d56f652020f046204,9,12,8.57
6e7d56f652020f046204,10,3,2.14
6e7d56f652020f046204,11,21,15.0
6e7d56f652020f046204,12,8,5.71
6e7d56f652020f046204,13,10,7.14
6e7d56f652020f046204,14,27,19.29
6e7d56f652020f046204,15,4,2.86
6e7d56f652020f046204,16,0,0.0
6e7d56f652020f046204,17,0,0.0
6e7d56f652020f046204,18,0,0.0
6e7d56f652020f046204,19,0,0.0
6e7d56f652020f046204,20,0,0.0
6e7d56f652020f046204,21,0,0.0
6e7d56f652020f046204,22,0,0.0
6e7d56f652020f046204,23,0,0.0
03aa0b20dd4af1888eef,0,1,0.62
03aa0b20dd4af1888eef,1,8,5.0
03aa0b20dd4af1888eef,2,8,5.0
03aa0b20dd4af1888eef,3,7,4.38
03aa0b20dd4af1888eef,4,0,0.0
03aa0b20dd4af1888eef,5,0,0.0
03aa0b20dd4af1888eef,6,18,11.25
03aa0b20dd4af1888eef,7,15,9.38
03aa0b20dd4af1888eef,8,9,5.62
03aa0b20dd4af1888eef,9,6,3.75
03aa0b20dd4af1888eef,10,6,3.75
03aa0b20dd4af1888eef,11,7,4.38
03aa0b20dd4af1888eef,12,24,15.0
03aa0b20dd4af1888eef,13,19,11.88
03aa0b20dd4af1888eef,14,30,18.75
03aa0b20dd4af1888eef,15,2,1.25
03aa0b20dd4af1888eef,16,0,0.0
03aa0b20dd4af1888eef,17,0,0.0
03aa0b20dd4af1888eef,18,0,0.0
03aa0b20dd4af1888eef,19,0,0.0
03aa0b20dd4af1888eef,20,0,0.0
03aa0b20dd4af1888eef,21,0,0.0
03aa0b20dd4af1888eef,22,0,0.0
03aa0b20dd4af1888eef,23,0,0.0
1b25734414fcc7466153,0,2,1.14
1b25734414fcc7466153,1,1,0.57
1b25734414fcc7466153,2,24,13.71
1b25734414fcc7466153,3,0,0.0
1b25734414fcc7466153,4,8,4.57
1b25734414fcc7466153,5,9,5.14
1b25734414fcc7466153,6,23,13.14
1b25734414fcc7466153,7,17,9.71
1b25734414fcc7466153,8,20,11.43
1b25734414fcc7466153,9,2,1.14
1b25734414fcc7466153,10,16,9.14
1b25734414fcc7466153,11,3,1.71
1b25734414fcc7466153,12,10,5.71
1b25734414fcc7466153,13,16,9.14
1b25734414fcc7466153,14,19,10.86
1b25734414fcc7466153,15,5,2.86
1b25734414fcc7466153,16,0,0.0
1b25734414fcc7466153,17,0,0.0
1b25734414fcc7466153,18,0,0.0
1b25734414fcc7466153,19,0,0.0
1b25734414fcc7466153,20,0,0.0
1b25734414fcc7466153,21,0,0.0
1b25734414fcc7466153,22,0,0.0
1b25734414fcc7466153,23,0,0.0
8777bd09f180d330b147,0,0,0.0
8777bd09f180d330b147,1,2,1.67
8777bd09f180d330b147,2,7,5.83
8777bd09f180d330b147,3,3,2.5
8777bd09f180d330b147,4,2,1.67
8777bd09f180d330b147,5,5,4.17
8777bd09f180d330b147,6,2,1.67
8777bd09f180d330b147,7,6,5.0
8777bd09f180d330b147,8,4,3.33
8777bd09f180d330b147,9,7,5.83
8777bd09f180d330b147,10,6,5.0
8777bd09f180d330b147,11,14,11.67
8777bd09f180d330b147,12,12,10.0
8777bd09f180d330b147,13,17,14.17
8777bd09f180d330b147,14,15,12.5
8777bd09f180d330b147,15,9,7.5
8777bd09f180d330b147,16,0,0.0
8777bd09f180d330b147,17,0,0.0
8777bd09f180d330b147,18,0,0.0
8777bd09f180d330b147,19,0,0.0
8777bd09f180d330b147,20,0,0.0
8777bd09f180d330b147,21,0,0.0
8777bd09f180d330b147,22,7,5.83
8777bd09f180d330b147,23,2,1.67
8b1fbc97391699e46cef,0,0,0.0
8b1fbc97391699e46cef,1,0,0.0
8b1fbc97391699e46cef,2,10,3.6
8b1fbc97391699e46cef,3,3,1.08
8b1fbc97391699e46cef,4,8,2.88
8b1fbc97391699e46cef,5,2,0.72
8b1fbc97391699e46cef,6,17,6.12
8b1fbc97391699e46cef,7,9,3.24
8b1fbc97391699e46cef,8,43,15.47
8b1fbc97391699e46cef,9,7,2.52
8b1fbc97391699e46cef,10,12,4.32
8b1fbc97391699e46cef,11,25,8.99
8b1fbc97391699e46cef,12,21,7.55
8b1fbc97391699e46cef,13,70,25.18
8b1fbc97391699e46cef,14,30,10.79
8b1fbc97391699e46cef,15,19,6.83
8b1fbc97391699e46cef,16,1,0.36
8b1fbc97391699e46cef,17,1,0.36
8b1fbc97391699e46cef,18,0,0.0
8b1fbc97391699e46cef,19,0,0.0
8b1fbc97391699e46cef,20,0,0.0
8b1fbc97391699e46cef,21,0,0.0
8b1fbc97391699e46cef,22,0,0.0
8b1fbc97391699e46cef,23,0,0.0
dc83f9577ae72447a7b1,0,1,0.62
dc83f9577ae72447a7b1,1,2,1.24
dc83f9577ae72447a7b1,2,12,7.45
dc83f9577ae72447a7b1,3,6,3.73
dc83f9577ae72447a7b1,4,5,3.11
dc83f9577ae72447a7b1,5,4,2.48
dc83f9577ae72447a7b1,6,13,8.07
dc83f9577ae72447a7b1,7,0,0.0
dc83f9577ae72447a7b1,8,1,0.62
dc83f9577ae72447a7b1,9,11,6.83
dc83f9577ae72447a7b1,10,30,18.63
dc83f9577ae72447a7b1,11,27,16.77
dc83f9577ae72447a7b1,12,10,6.21
dc83f9577ae72447a7b1,13,5,3.11
dc83f9577ae72447a7b1,14,15,9.32
dc83f9577ae72447a7b1,15,19,11.8
dc83f9577ae72447a7b1,16,0,0.0
dc83f9577ae72447a7b1,17,0,0.0
dc83f9577ae72447a7b1,18,0,0.0
dc83f9577ae72447a7b1,19,0,0.0
dc83f9577ae72447a7b1,20,0,0.0
dc83f9577ae72447a7b1,21,0,0.0
dc83f9577ae72447a7b1,22,0,0.0
dc83f9577ae72447a7b1,23,0,0.0
be503fccbf0ae5532639,0,2,2.08
be503fccbf0ae5532639,1,7,7.29
be503fccbf0ae5532639,2,7,7.29
be503fccbf0ae5532639,3,12,12.5
be503fccbf0ae5532639,4,4,4.17
be503fccbf0ae5532639,5,3,3.12
be503fccbf0ae5532639,6,9,9.38
be503fccbf0ae5532639,7,8,8.33
be503fccbf0ae5532639,8,2,2.08
be503fccbf0ae5532639,9,2,2.08
be503fccbf0ae5532639,10,2,2.08
be503fccbf0ae5532639,11,3,3.12
be503fccbf0ae5532639,12,10,10.42
be503fccbf0ae5532639,13,11,11.46
be503fccbf0ae5532639,14,5,5.21
be503fccbf0ae5532639,15,0,0.0
be503fccbf0ae5532639,16,0,0.0
be503fccbf0ae5532639,17,0,0.0
be503fccbf0ae5532639,18,0,0.0
be503fccbf0ae5532639,19,0,0.0
be503fccbf0ae5532639,20,0,0.0
be503fccbf0ae5532639,21,0,0.0
be503fccbf0ae5532639,22,9,9.38
be503fccbf0ae5532639,23,0,0.0
cd6355bf939a47577f6d,0,1,0.22
cd6355bf939a47577f6d,1,5,1.1
cd6355bf939a47577f6d,2,56,12.33
cd6355bf939a47577f6d,3,33,7.27
cd6355bf939a47577f6d,4,17,3.74
cd6355bf939a47577f6d,5,18,3.96
cd6355bf939a47577f6d,6,52,11.45
cd6355bf939a47577f6d,7,29,6.39
cd6355bf939a47577f6d,8,36,7.93
cd6355bf939a47577f6d,9,19,4.19
cd6355bf939a47577f6d,10,11,2.42
cd6355bf939a47577f6d,11,39,8.59
cd6355bf939a47577f6d,12,41,9.03
cd6355bf939a47577f6d,13,30,6.61
cd6355bf939a47577f6d,14,53,11.67
cd6355bf939a47577f6d,15,14,3.08
cd6355bf939a47577f6d,16,0,0.0
cd6355bf939a47577f6d,17,0,0.0
cd6355bf939a47577f6d,18,0,0.0
cd6355bf939a47577f6d,19,0,0.0
cd6355bf939a47577f6d,20,0,0.0
cd6355bf939a47577f6d,21,0,0.0
cd6355bf939a47577f6d,22,0,0.0
cd6355bf939a47577f6d,23,0,0.0
fb4411db1aac3cd2544b,0,0,0.0
fb4411db1aac3cd2544b,1,0,0.0
fb4411db1aac3cd2544b,2,0,0.0
fb4411db1aac3cd2544b,3,0,0.0
fb4411db1aac3cd2544b,4,0,0.0
fb4411db1aac3cd2544b,5,0,0.0
fb4411db1aac3cd2544b,6,0,0.0
fb4411db1aac3cd2544b,7,10,9.09
fb4411db1aac3cd2544b,8,0,0.0
fb4411db1aac3cd2544b,9,0,0.0
fb4411db1aac3cd2544b,10,30,27.27
fb4411db1aac3cd2544b,11,33,30.0
fb4411db1aac3cd2544b,12,11,10.0
fb4411db1aac3cd2544b,13,9,8.18
fb4411db1aac3cd2544b,14,14,12.73
fb4411db1aac3cd2544b,15,3,2.73
fb4411db1aac3cd2544b,16,0,0.0
fb4411db1aac3cd2544b,17,0,0.0
fb4411db1aac3cd2544b,18,0,0.0
fb4411db1aac3cd2544b,19,0,0.0
fb4411db1aac3cd2544b,20,0,0.0
fb4411db1aac3cd2544b,21,0,0.0
fb4411db1aac3cd2544b,22,0,0.0
fb4411db1aac3cd2544b,23,0,0.0
f06c3ddb1a98713eeb32,0,8,4.71
f06c3ddb1a98713eeb32,1,3,1.76
f06c3ddb1a98713eeb32,2,26,15.29
f06c3ddb1a98713eeb32,3,5,2.94
f06c3ddb1a98713eeb32,4,2,1.18
f06c3ddb1a98713eeb32,5,2,1.18
f06c3ddb1a98713eeb32,6,10,5.88
f06c3ddb1a98713eeb32,7,7,4.12
f06c3ddb1a98713eeb32,8,24,14.12
f06c3ddb1a98713eeb32,9,28,16.47
f06c3ddb1a98713eeb32,10,2,1.18
f06c3ddb1a98713eeb32,11,2,1.18
f06c3ddb1a98713eeb32,12,6,3.53
f06c3ddb1a98713eeb32,13,20,11.76
f06c3ddb1a98713eeb32,14,19,11.18
f06c3ddb1a98713eeb32,15,6,3.53
f06c3ddb1a98713eeb32,16,0,0.0
f06c3ddb1a98713eeb32,17,0,0.0
f06c3ddb1a98713eeb32,18,0,0.0
f06c3ddb1a98713eeb32,19,0,0.0
f06c3ddb1a98713eeb32,20,0,0.0
f06c3ddb1a98713eeb32,21,0,0.0
f06c3ddb1a98713eeb32,22,0,0.0
f06c3ddb1a98713eeb32,23,0,0.0
bca2be7a89b9b36b45cc,0,0,0.0
bca2be7a89b9b36b45cc,1,0,0.0
bca2be7a89b9b36b45cc,2,22,14.19
bca2be7a89b9b36b45cc,3,6,3.87
bca2be7a89b9b36b45cc,4,0,0.0
bca2be7a89b9b36b45cc,5,11,7.1
bca2be7a89b9b36b45cc,6,3,1.94
bca2be7a89b9b36b45cc,7,2,1.29
bca2be7a89b9b36b45cc,8,6,3.87
bca2be7a89b9b36b45cc,9,20,12.9
bca2be7a89b9b36b45cc,10,5,3.23
bca2be7a89b9b36b45cc,11,20,12.9
bca2be7a89b9b36b45cc,12,10,6.45
bca2be7a89b9b36b45cc,13,8,5.16
bca2be7a89b9b36b45cc,14,12,7.74
bca2be7a89b9b36b45cc,15,29,18.71
bca2be7a89b9b36b45cc,16,1,0.65
bca2be7a89b9b36b45cc,17,0,0.0
bca2be7a89b9b36b45cc,18,0,0.0
bca2be7a89b9b36b45cc,19,0,0.0
bca2be7a89b9b36b45cc,20,0,0.0
bca2be7a89b9b36b45cc,21,0,0.0
bca2be7a89b9b36b45cc,22,0,0.0
bca2be7a89b9b36b45cc,23,0,0.0
f058870b1bc33e288e82,0,0,0.0
f058870b1bc33e288e82,1,0,0.0
f058870b1bc33e288e82,2,0,0.0
f058870b1bc33e288e82,3,0,0.0
f058870b1bc33e288e82,4,5,4.55
f058870b1bc33e288e82,5,3,2.73
f058870b1bc33e288e82,6,17,15.45
f058870b1bc33e288e82,7,15,13.64
f058870b1bc33e288e82,8,0,0.0
f058870b1bc33e288e82,9,0,0.0
f058870b1bc33e288e82,10,0,0.0
f058870b1bc33e288e82,11,10,9.09
f058870b1bc33e288e82,12,20,18.18
f058870b1bc33e288e82,13,25,22.73
f058870b1bc33e288e82,14,4,3.64
f058870b1bc33e288e82,15,11,10.0
f058870b1bc33e288e82,16,0,0.0
f058870b1bc33e288e82,17,0,0.0
f058870b1bc33e288e82,18,0,0.0
f058870b1bc33e288e82,19,0,0.0
f058870b1bc33e288e82,20,0,0.0
f058870b1bc33e288e82,21,0,0.0
f058870b1bc33e288e82,22,0,0.0
f058870b1bc33e288e82,23,0,0.0
a1fa76b5d99a411d6649,0,0,0.0
a1fa76b5d99a411d6649,1,0,0.0
a1fa76b5d99a411d6649,2,0,0.0
a1fa76b5d99a411d6649,3,0,0.0
a1fa76b5d99a411d6649,4,12,10.91
a1fa76b5d99a411d6649,5,9,8.18
a1fa76b5d99a411d6649,6,5,4.55
a1fa76b5d99a411d6649,7,1,0.91
a1fa76b5d99a411d6649,8,17,15.45
a1fa76b5d99a411d6649,9,5,4.55
a1fa76b5d99a411d6649,10,11,10.0
a1fa76b5d99a411d6649,11,11,10.0
a1fa76b5d99a411d6649,12,20,18.18
a1fa76b5d99a411d6649,13,13,11.82
a1fa76b5d99a411d6649,14,6,5.45
a1fa76b5d99a411d6649,15,0,0.0
a1fa76b5d99a411d6649,16,0,0.0
a1fa76b5d99a411d6649,17,0,0.0
a1fa76b5d99a411d6649,18,0,0.0
a1fa76b5d99a411d6649,19,0,0.0
a1fa76b5d99a411d6649,20,0,0.0
a1fa76b5d99a411d6649,21,0,0.0
a1fa76b5d99a411d6649,22,0,0.0
a1fa76b5d99a411d6649,23,0,0.0
79ea7a2f63285f2fe26b,0,1,0.77
79ea7a2f63285f2fe26b,1,1,0.77
79ea7a2f63285f2fe26b,2,3,2.31
79ea7a2f63285f2fe26b,3,3,2.31
79ea7a2f63285f2fe26b,4,4,3.08
79ea7a2f63285f2fe26b,5,1,0.77
79ea7a2f63285f2fe26b,6,7,5.38
79ea7a2f63285f2fe26b,7,4,3.08
79ea7a2f63285f2fe26b,8,11,8.46
79ea7a2f63285f2fe26b,9,24,18.46
79ea7a2f63285f2fe26b,10,10,7.69
79ea7a2f63285f2fe26b,11,2,1.54
79ea7a2f63285f2fe26b,12,0,0.0
79ea7a2f63285f2fe26b,13,22,16.92
79ea7a2f63285f2fe26b,14,25,19.23
79ea7a2f63285f2fe26b,15,7,5.38
79ea7a2f63285f2fe26b,16,5,3.85
79ea7a2f63285f2fe26b,17,0,0.0
79ea7a2f63285f2fe26b,18,0,0.0
79ea7a2f63285f2fe26b,19,0,0.0
79ea7a2f63285f2fe26b,20,0,0.0
79ea7a2f63285f2fe26b,21,0,0.0
79ea7a2f63285f2fe26b,22,0,0.0
79ea7a2f63285f2fe26b,23,0,0.0
54826f4abf592713d585,0,2,1.85
54826f4abf592713d585,1,0,0.0
54826f4abf592713d585,2,11,10.19
54826f4abf592713d585,3,5,4.63
54826f4abf592713d585,4,0,0.0
54826f4abf592713d585,5,0,0.0
54826f4abf592713d585,6,7,6.48
54826f4abf592713d585,7,4,3.7
54826f4abf592713d585,8,3,2.78
54826f4abf592713d585,9,3,2.78
54826f4abf592713d585,10,3,2.78
54826f4abf592713d585,11,9,8.33
54826f4abf592713d585,12,17,15.74
54826f4abf592713d585,13,4,3.7
54826f4abf592713d585,14,35,32.41
54826f4abf592713d585,15,5,4.63
54826f4abf592713d585,16,0,0.0
54826f4abf592713d585,17,0,0.0
54826f4abf592713d585,18,0,0.0
54826f4abf592713d585,19,0,0.0
54826f4abf592713d585,20,0,0.0
54826f4abf592713d585,21,0,0.0
54826f4abf592713d585,22,0,0.0
54826f4abf592713d585,23,0,0.0
e716574233e87591ff19,0,4,2.65
e716574233e87591ff19,1,0,0.0
e716574233e87591ff19,2,21,13.91
e716574233e87591ff19,3,8,5.3
e716574233e87591ff19,4,9,5.96
e716574233e87591ff19,5,4,2.65
e716574233e87591ff19,6,16,10.6
e716574233e87591ff19,7,4,2.65
e716574233e87591ff19,8,25,16.56
e716574233e87591ff19,9,1,0.66
e716574233e87591ff19,10,8,5.3
e716574233e87591ff19,11,12,7.95
e716574233e87591ff19,12,4,2.65
e716574233e87591ff19,13,23,15.23
e716574233e87591ff19,14,10,6.62
e716574233e87591ff19,15,2,1.32
e716574233e87591ff19,16,0,0.0
e716574233e87591ff19,17,0,0.0
e716574233e87591ff19,18,0,0.0
e716574233e87591ff19,19,0,0.0
e716574233e87591ff19,20,0,0.0
e716574233e87591ff19,21,0,0.0
e716574233e87591ff19,22,0,0.0
e716574233e87591ff19,23,0,0.0
bab3d23935ae4f8e798c,0,3,0.77
bab3d23935ae4f8e798c,1,5,1.29
bab3d23935ae4f8e798c,2,23,5.91
bab3d23935ae4f8e798c,3,16,4.11
bab3d23935ae4f8e798c,4,1,0.26
bab3d23935ae4f8e798c,5,21,5.4
bab3d23935ae4f8e798c,6,12,3.08
bab3d23935ae4f8e798c,7,37,9.51
bab3d23935ae4f8e798c,8,10,2.57
bab3d23935ae4f8e798c,9,5,1.29
bab3d23935ae4f8e798c,10,13,3.34
bab3d23935ae4f8e798c,11,19,4.88
bab3d23935ae4f8e798c,12,36,9.25
bab3d23935ae4f8e798c,13,84,21.59
bab3d23935ae4f8e798c,14,20,5.14
bab3d23935ae4f8e798c,15,28,7.2
bab3d23935ae4f8e798c,16,12,3.08
bab3d23935ae4f8e798c,17,4,1.03
bab3d23935ae4f8e798c,18,2,0.51
bab3d23935ae4f8e798c,19,3,0.77
bab3d23935ae4f8e798c,20,4,1.03
bab3d23935ae4f8e798c,21,4,1.03
bab3d23935ae4f8e798c,22,10,2.57
bab3d23935ae4f8e798c,23,17,4.37
d2403aa287eb869a170a,0,27,9.78
d2403aa287eb869a170a,1,5,1.81
d2403aa287eb869a170a,2,14,5.07
d2403aa287eb869a170a,3,11,3.99
d2403aa287eb869a170a,4,0,0.0
d2403aa287eb869a170a,5,3,1.09
d2403aa287eb869a170a,6,14,5.07
d2403aa287eb869a170a,7,5,1.81
d2403aa287eb869a170a,8,3,1.09
d2403aa287eb869a170a,9,24,8.7
d2403aa287eb869a170a,10,14,5.07
d2403aa287eb869a170a,11,11,3.99
d2403aa287eb869a170a,12,22,7.97
d2403aa287eb869a170a,13,40,14.49
d2403aa287eb869a170a,14,10,3.62
d2403aa287eb869a170a,15,34,12.32
d2403aa287eb869a170a,16,18,6.52
d2403aa287eb869a170a,17,0,0.0
d2403aa287eb869a170a,18,0,0.0
d2403aa287eb869a170a,19,0,0.0
d2403aa287eb869a170a,20,0,0.0
d2403aa287eb869a170a,21,0,0.0
d2403aa287eb869a170a,22,0,0.0
d2403aa287eb869a170a,23,21,7.61
ce1a32f22b91f4d81015,0,0,0.0
ce1a32f22b91f4d81015,1,0,0.0
ce1a32f22b91f4d81015,2,0,0.0
ce1a32f22b91f4d81015,3,2,1.47
ce1a32f22b91f4d81015,4,3,2.21
ce1a32f22b91f4d81015,5,10,7.35
ce1a32f22b91f4d81015,6,7,5.15
ce1a32f22b91f4d81015,7,8,5.88
ce1a32f22b91f4d81015,8,19,13.97
ce1a32f22b91f4d81015,9,17,12.5
ce1a32f22b91f4d81015,10,16,11.76
ce1a32f22b91f4d81015,11,14,10.29
ce1a32f22b91f4d81015,12,22,16.18
ce1a32f22b91f4d81015,13,10,7.35
ce1a32f22b91f4d81015,14,2,1.47
ce1a32f22b91f4d81015,15,5,3.68
ce1a32f22b91f4d81015,16,1,0.74
ce1a32f22b91f4d81015,17,0,0.0
ce1a32f22b91f4d81015,18,0,0.0
ce1a32f22b91f4d81015,19,0,0.0
ce1a32f22b91f4d81015,20,0,0.0
ce1a32f22b91f4d81015,21,0,0.0
ce1a32f22b91f4d81015,22,0,0.0
ce1a32f22b91f4d81015,23,0,0.0
d0a933a514028d777578,0,3,2.83
d0a933a514028d777578,1,0,0.0
d0a933a514028d777578,2,3,2.83
d0a933a514028d777578,3,12,11.32
d0a933a514028d777578,4,5,4.72
d0a933a514028d777578,5,9,8.49
d0a933a514028d777578,6,12,11.32
d0a933a514028d777578,7,4,3.77
d0a933a514028d777578,8,2,1.89
d0a933a514028d777578,9,12,11.32
d0a933a514028d777578,10,2,1.89
d0a933a514028d777578,11,8,7.55
d0a933a514028d777578,12,0,0.0
d0a933a514028d777578,13,3,2.83
d0a933a514028d777578,14,20,18.87
d0a933a514028d777578,15,11,10.38
d0a933a514028d777578,16,0,0.0
d0a933a514028d777578,17,0,0.0
d0a933a514028d777578,18,0,0.0
d0a933a514028d777578,19,0,0.0
d0a933a514028d777578,20,0,0.0
d0a933a514028d777578,21,0,0.0
d0a933a514028d777578,22,0,0.0
d0a933a514028d777578,23,0,0.0
81c4c46f19cb21d54bbb,0,0,0.0
81c4c46f19cb21d54bbb,1,3,3.37
81c4c46f19cb21d54bbb,2,4,4.49
81c4c46f19cb21d54bbb,3,4,4.49
81c4c46f19cb21d54bbb,4,0,0.0
81c4c46f19cb21d54bbb,5,11,12.36
81c4c46f19cb21d54bbb,6,12,13.48
81c4c46f19cb21d54bbb,7,9,10.11
81c4c46f19cb21d54bbb,8,7,7.87
81c4c46f19cb21d54bbb,9,3,3.37
81c4c46f19cb21d54bbb,10,11,12.36
81c4c46f19cb21d54bbb,11,14,15.73
81c4c46f19cb21d54bbb,12,9,10.11
81c4c46f19cb21d54bbb,13,2,2.25
81c4c46f19cb21d54bbb,14,0,0.0
81c4c46f19cb21d54bbb,15,0,0.0
81c4c46f19cb21d54bbb,16,0,0.0
81c4c46f19cb21d54bbb,17,0,0.0
81c4c46f19cb21d54bbb,18,0,0.0
81c4c46f19cb21d54bbb,19,0,0.0
81c4c46f19cb21d54bbb,20,0,0.0
81c4c46f19cb21d54bbb,21,0,0.0
81c4c46f19cb21d54bbb,22,0,0.0
81c4c46f19cb21d54bbb,23,0,0.0
876aca2b8ce1958ea773,0,0,0.0
876aca2b8ce1958ea773,1,6,1.79
876aca2b8ce1958ea773,2,42,12.54
876aca2b8ce1958ea773,3,40,11.94
876aca2b8ce1958ea773,4,20,5.97
876aca2b8ce1958ea773,5,30,8.96
876aca2b8ce1958ea773,6,32,9.55
876aca2b8ce1958ea773,7,3,0.9
876aca2b8ce1958ea773,8,4,1.19
876aca2b8ce1958ea773,9,8,2.39
876aca2b8ce1958ea773,10,4,1.19
876aca2b8ce1958ea773,11,17,5.07
876aca2b8ce1958ea773,12,33,9.85
876aca2b8ce1958ea773,13,28,8.36
876aca2b8ce1958ea773,14,34,10.15
876aca2b8ce1958ea773,15,31,9.25
876aca2b8ce1958ea773,16,3,0.9
876aca2b8ce1958ea773,17,0,0.0
876aca2b8ce1958ea773,18,0,0.0
876aca2b8ce1958ea773,19,0,0.0
876aca2b8ce1958ea773,20,0,0.0
876aca2b8ce1958ea773,21,0,0.0
876aca2b8ce1958ea773,22,0,0.0
876aca2b8ce1958ea773,23,0,0.0
c57c5ca2df494f27ca64,0,1,0.79
c57c5ca2df494f27ca64,1,1,0.79
c57c5ca2df494f27ca64,2,4,3.15
c57c5ca2df494f27ca64,3,3,2.36
c57c5ca2df494f27ca64,4,4,3.15
c57c5ca2df494f27ca64,5,3,2.36
c57c5ca2df494f27ca64,6,21,16.54
c57c5ca2df494f27ca64,7,3,2.36
c57c5ca2df494f27ca64,8,6,4.72
c57c5ca2df494f27ca64,9,0,0.0
c57c5ca2df494f27ca64,10,3,2.36
c57c5ca2df494f27ca64,11,18,14.17
c57c5ca2df494f27ca64,12,25,19.69
c57c5ca2df494f27ca64,13,3,2.36
c57c5ca2df494f27ca64,14,6,4.72
c57c5ca2df494f27ca64,15,24,18.9
c57c5ca2df494f27ca64,16,2,1.57
c57c5ca2df494f27ca64,17,0,0.0
c57c5ca2df494f27ca64,18,0,0.0
c57c5ca2df494f27ca64,19,0,0.0
c57c5ca2df494f27ca64,20,0,0.0
c57c5ca2df494f27ca64,21,0,0.0
c57c5ca2df494f27ca64,22,0,0.0
c57c5ca2df494f27ca64,23,0,0.0
64d1d58d40bca568347c,0,0,0.0
64d1d58d40bca568347c,1,0,0.0
64d1d58d40bca568347c,2,8,6.67
64d1d58d40bca568347c,3,9,7.5
64d1d58d40bca568347c,4,0,0.0
64d1d58d40bca568347c,5,9,7.5
64d1d58d40bca568347c,6,16,13.33
64d1d58d40bca568347c,7,0,0.0
64d1d58d40bca568347c,8,16,13.33
64d1d58d40bca568347c,9,8,6.67
64d1d58d40bca568347c,10,16,13.33
64d1d58d40bca568347c,11,16,13.33
64d1d58d40bca568347c,12,5,4.17
64d1d58d40bca568347c,13,4,3.33
64d1d58d40bca568347c,14,12,10.0
64d1d58d40bca568347c,15,1,0.83
64d1d58d40bca568347c,16,0,0.0
64d1d58d40bca568347c,17,0,0.0
64d1d58d40bca568347c,18,0,0.0
64d1d58d40bca568347c,19,0,0.0
64d1d58d40bca568347c,20,0,0.0
64d1d58d40bca568347c,21,0,0.0
64d1d58d40bca568347c,22,0,0.0
64d1d58d40bca568347c,23,0,0.0
75c2677c8d156032e303,0,8,2.57
75c2677c8d156032e303,1,15,4.82
75c2677c8d156032e303,2,36,11.58
75c2677c8d156032e303,3,54,17.36
75c2677c8d156032e303,4,3,0.96
75c2677c8d156032e303,5,25,8.04
75c2677c8d156032e303,6,9,2.89
75c2677c8d156032e303,7,27,8.68
75c2677c8d156032e303,8,27,8.68
75c2677c8d156032e303,9,11,3.54
75c2677c8d156032e303,10,14,4.5
75c2677c8d156032e303,11,2,0.64
75c2677c8d156032e303,12,4,1.29
75c2677c8d156032e303,13,18,5.79
75c2677c8d156032e303,14,44,14.15
75c2677c8d156032e303,15,11,3.54
75c2677c8d156032e303,16,0,0.0
75c2677c8d156032e303,17,0,0.0
75c2677c8d156032e303,18,0,0.0
75c2677c8d156032e303,19,0,0.0
75c2677c8d156032e303,20,0,0.0
75c2677c8d156032e303,21,0,0.0
75c2677c8d156032e303,22,0,0.0
75c2677c8d156032e303,23,3,0.96
b345ecad87a7fbac77ce,0,5,2.03
b345ecad87a7fbac77ce,1,18,7.32
b345ecad87a7fbac77ce,2,9,3.66
b345ecad87a7fbac77ce,3,21,8.54
b345ecad87a7fbac77ce,4,0,0.0
b345ecad87a7fbac77ce,5,3,1.22
b345ecad87a7fbac77ce,6,32,13.01
b345ecad87a7fbac77ce,7,10,4.07
b345ecad87a7fbac77ce,8,9,3.66
b345ecad87a7fbac77ce,9,0,0.0
b345ecad87a7fbac77ce,10,31,12.6
b345ecad87a7fbac77ce,11,27,10.98
b345ecad87a7fbac77ce,12,10,4.07
b345ecad87a7fbac77ce,13,13,5.28
b345ecad87a7fbac77ce,14,35,14.23
b345ecad87a7fbac77ce,15,14,5.69
b345ecad87a7fbac77ce,16,0,0.0
b345ecad87a7fbac77ce,17,0,0.0
b345ecad87a7fbac77ce,18,0,0.0
b345ecad87a7fbac77ce,19,0,0.0
b345ecad87a7fbac77ce,20,0,0.0
b345ecad87a7fbac77ce,21,0,0.0
b345ecad87a7fbac77ce,22,0,0.0
b345ecad87a7fbac77ce,23,9,3.66
360820d6620d17d1b48b,0,0,0.0
360820d6620d17d1b48b,1,3,1.52
360820d6620d17d1b48b,2,1,0.51
360820d6620d17d1b48b,3,3,1.52
360820d6620d17d1b48b,4,7,3.54
360820d6620d17d1b48b,5,12,6.06
360820d6620d17d1b48b,6,6,3.03
360820d6620d17d1b48b,7,4,2.02
360820d6620d17d1b48b,8,7,3.54
360820d6620d17d1b48b,9,30,15.15
360820d6620d17d1b48b,10,10,5.05
360820d6620d17d1b48b,11,9,4.55
360820d6620d17d1b48b,12,16,8.08
360820d6620d17d1b48b,13,32,16.16
360820d6620d17d1b48b,14,32,16.16
360820d6620d17d1b48b,15,20,10.1
360820d6620d17d1b48b,16,0,0.0
360820d6620d17d1b48b,17,0,0.0
360820d6620d17d1b48b,18,0,0.0
360820d6620d17d1b48b,19,0,0.0
360820d6620d17d1b48b,20,0,0.0
360820d6620d17d1b48b,21,0,0.0
360820d6620d17d1b48b,22,2,1.01
360820d6620d17d1b48b,23,4,2.02
7086b49d3d6c2cf79c1a,0,0,0.0
7086b49d3d6c2cf79c1a,1,0,0.0
7086b49d3d6c2cf79c1a,2,4,4.08
7086b49d3d6c2cf79c1a,3,2,2.04
7086b49d3d6c2cf79c1a,4,6,6.12
7086b49d3d6c2cf79c1a,5,0,0.0
7086b49d3d6c2cf79c1a,6,5,5.1
7086b49d3d6c2cf79c1a,7,1,1.02
7086b49d3d6c2cf79c1a,8,4,4.08
7086b49d3d6c2cf79c1a,9,3,3.06
7086b49d3d6c2cf79c1a,10,15,15.31
7086b49d3d6c2cf79c1a,11,10,10.2
7086b49d3d6c2cf79c1a,12,22,22.45
7086b49d3d6c2cf79c1a,13,17,17.35
7086b49d3d6c2cf79c1a,14,9,9.18
7086b49d3d6c2cf79c1a,15,0,0.0
7086b49d3d6c2cf79c1a,16,0,0.0
7086b49d3d6c2cf79c1a,17,0,0.0
7086b49d3d6c2cf79c1a,18,0,0.0
7086b49d3d6c2cf79c1a,19,0,0.0
7086b49d3d6c2cf79c1a,20,0,0.0
7086b49d3d6c2cf79c1a,21,0,0.0
7086b49d3d6c2cf79c1a,22,0,0.0
7086b49d3d6c2cf79c1a,23,0,0.0
cac3f85073c947532796,0,3,1.44
cac3f85073c947532796,1,12,5.77
cac3f85073c947532796,2,11,5.29
cac3f85073c947532796,3,15,7.21
cac3f85073c947532796,4,5,2.4
cac3f85073c947532796,5,3,1.44
cac3f85073c947532796,6,23,11.06
cac3f85073c947532796,7,13,6.25
cac3f85073c947532796,8,10,4.81
cac3f85073c947532796,9,14,6.73
cac3f85073c947532796,10,12,5.77
cac3f85073c947532796,11,17,8.17
cac3f85073c947532796,12,21,10.1
cac3f85073c947532796,13,26,12.5
cac3f85073c947532796,14,13,6.25
cac3f85073c947532796,15,8,3.85
cac3f85073c947532796,16,2,0.96
cac3f85073c947532796,17,0,0.0
cac3f85073c947532796,18,0,0.0
cac3f85073c947532796,19,0,0.0
cac3f85073c947532796,20,0,0.0
cac3f85073c947532796,21,0,0.0
cac3f85073c947532796,22,0,0.0
cac3f85073c947532796,23,0,0.0
e37bbe9fe37f92b785d9,0,5,2.72
e37bbe9fe37f92b785d9,1,15,8.15
e37bbe9fe37f92b785d9,2,5,2.72
e37bbe9fe37f92b785d9,3,6,3.26
e37bbe9fe37f92b785d9,4,6,3.26
e37bbe9fe37f92b785d9,5,5,2.72
e37bbe9fe37f92b785d9,6,11,5.98
e37bbe9fe37f92b785d9,7,12,6.52
e37bbe9fe37f92b785d9,8,22,11.96
e37bbe9fe37f92b785d9,9,15,8.15
e37bbe9fe37f92b785d9,10,8,4.35
e37bbe9fe37f92b785d9,11,4,2.17
e37bbe9fe37f92b785d9,12,6,3.26
e37bbe9fe37f92b785d9,13,11,5.98
e37bbe9fe37f92b785d9,14,50,27.17
e37bbe9fe37f92b785d9,15,1,0.54
e37bbe9fe37f92b785d9,16,0,0.0
e37bbe9fe37f92b785d9,17,0,0.0
e37bbe9fe37f92b785d9,18,0,0.0
e37bbe9fe37f92b785d9,19,0,0.0
e37bbe9fe37f92b785d9,20,0,0.0
e37bbe9fe37f92b785d9,21,0,0.0
e37bbe9fe37f92b785d9,22,0,0.0
e37bbe9fe37f92b785d9,23,2,1.09
0a8736f6520cea837d94,0,0,0.0
0a8736f6520cea837d94,1,28,12.84
0a8736f6520cea837d94,2,9,4.13
0a8736f6520cea837d94,3,14,6.42
0a8736f6520cea837d94,4,12,5.5
0a8736f6520cea837d94,5,10,4.59
0a8736f6520cea837d94,6,23,10.55
0a8736f6520cea837d94,7,14,6.42
0a8736f6520cea837d94,8,39,17.89
0a8736f6520cea837d94,9,15,6.88
0a8736f6520cea837d94,10,16,7.34
0a8736f6520cea837d94,11,20,9.17
0a8736f6520cea837d94,12,5,2.29
0a8736f6520cea837d94,13,8,3.67
0a8736f6520cea837d94,14,0,0.0
0a8736f6520cea837d94,15,0,0.0
0a8736f6520cea837d94,16,0,0.0
0a8736f6520cea837d94,17,0,0.0
0a8736f6520cea837d94,18,0,0.0
0a8736f6520cea837d94,19,0,0.0
0a8736f6520cea837d94,20,0,0.0
0a8736f6520cea837d94,21,0,0.0
0a8736f6520cea837d94,22,0,0.0
0a8736f6520cea837d94,23,5,2.29
37ae91c472189108a737,0,0,0.0
37ae91c472189108a737,1,0,0.0
37ae91c472189108a737,2,0,0.0
37ae91c472189108a737,3,19,24.05
37ae91c472189108a737,4,0,0.0
37ae91c472189108a737,5,0,0.0
37ae91c472189108a737,6,12,15.19
37ae91c472189108a737,7,5,6.33
37ae91c472189108a737,8,23,29.11
37ae91c472189108a737,9,1,1.27
37ae91c472189108a737,10,0,0.0
37ae91c472189108a737,11,6,7.59
37ae91c472189108a737,12,1,1.27
37ae91c472189108a737,13,2,2.53
37ae91c472189108a737,14,2,2.53
37ae91c472189108a737,15,8,10.13
37ae91c472189108a737,16,0,0.0
37ae91c472189108a737,17,0,0.0
37ae91c472189108a737,18,0,0.0
37ae91c472189108a737,19,0,0.0
37ae91c472189108a737,20,0,0.0
37ae91c472189108a737,21,0,0.0
37ae91c472189108a737,22,0,0.0
37ae91c472189108a737,23,0,0.0
488934d01a504bc212b4,0,0,0.0
488934d01a504bc212b4,1,1,1.25
488934d01a504bc212b4,2,2,2.5
488934d01a504bc212b4,3,8,10.0
488934d01a504bc212b4,4,9,11.25
488934d01a504bc212b4,5,0,0.0
488934d01a504bc212b4,6,0,0.0
488934d01a504bc212b4,7,10,12.5
488934d01a504bc212b4,8,6,7.5
488934d01a504bc212b4,9,2,2.5
488934d01a504bc212b4,10,15,18.75
488934d01a504bc212b4,11,9,11.25
488934d01a504bc212b4,12,5,6.25
488934d01a504bc212b4,13,3,3.75
488934d01a504bc212b4,14,5,6.25
488934d01a504bc212b4,15,4,5.0
488934d01a504bc212b4,16,1,1.25
488934d01a504bc212b4,17,0,0.0
488934d01a504bc212b4,18,0,0.0
488934d01a504bc212b4,19,0,0.0
488934d01a504bc212b4,20,0,0.0
488934d01a504bc212b4,21,0,0.0
488934d01a504bc212b4,22,0,0.0
488934d01a504bc212b4,23,0,0.0
545eb6c8154273344669,0,5,3.62
545eb6c8154273344669,1,6,4.35
545eb6c8154273344669,2,8,5.8
545eb6c8154273344669,3,13,9.42
545eb6c8154273344669,4,0,0.0
545eb6c8154273344669,5,13,9.42
545eb6c8154273344669,6,3,2.17
545eb6c8154273344669,7,1,0.72
545eb6c8154273344669,8,4,2.9
545eb6c8154273344669,9,1,0.72
545eb6c8154273344669,10,12,8.7
545eb6c8154273344669,11,11,7.97
545eb6c8154273344669,12,17,12.32
545eb6c8154273344669,13,7,5.07
545eb6c8154273344669,14,28,20.29
545eb6c8154273344669,15,8,5.8
545eb6c8154273344669,16,1,0.72
545eb6c8154273344669,17,0,0.0
545eb6c8154273344669,18,0,0.0
545eb6c8154273344669,19,0,0.0
545eb6c8154273344669,20,0,0.0
545eb6c8154273344669,21,0,0.0
545eb6c8154273344669,22,0,0.0
545eb6c8154273344669,23,0,0.0
22ae866c664a147f9971,0,2,2.53
22ae866c664a147f9971,1,1,1.27
22ae866c664a147f9971,2,2,2.53
22ae866c664a147f9971,3,2,2.53
22ae866c664a147f9971,4,0,0.0
22ae866c664a147f9971,5,1,1.27
22ae866c664a147f9971,6,5,6.33
22ae866c664a147f9971,7,8,10.13
22ae866c664a147f9971,8,8,10.13
22ae866c664a147f9971,9,3,3.8
22ae866c664a147f9971,10,20,25.32
22ae866c664a147f9971,11,10,12.66
22ae866c664a147f9971,12,4,5.06
22ae866c664a147f9971,13,7,8.86
22ae866c664a147f9971,14,6,7.59
22ae866c664a147f9971,15,0,0.0
22ae866c664a147f9971,16,0,0.0
22ae866c664a147f9971,17,0,0.0
22ae866c664a147f9971,18,0,0.0
22ae866c664a147f9971,19,0,0.0
22ae866c664a147f9971,20,0,0.0
22ae866c664a147f9971,21,0,0.0
22ae866c664a147f9971,22,0,0.0
22ae866c664a147f9971,23,0,0.0
86215294b080f19af22f,0,0,0.0
86215294b080f19af22f,1,2,1.34
86215294b080f19af22f,2,0,0.0
86215294b080f19af22f,3,0,0.0
86215294b080f19af22f,4,8,5.37
86215294b080f19af22f,5,11,7.38
86215294b080f19af22f,6,13,8.72
86215294b080f19af22f,7,9,6.04
86215294b080f19af22f,8,15,10.07
86215294b080f19af22f,9,13,8.72
86215294b080f19af22f,10,0,0.0
86215294b080f19af22f,11,1,0.67
86215294b080f19af22f,12,4,2.68
86215294b080f19af22f,13,25,16.78
86215294b080f19af22f,14,39,26.17
86215294b080f19af22f,15,9,6.04
86215294b080f19af22f,16,0,0.0
86215294b080f19af22f,17,0,0.0
86215294b080f19af22f,18,0,0.0
86215294b080f19af22f,19,0,0.0
86215294b080f19af22f,20,0,0.0
86215294b080f19af22f,21,0,0.0
86215294b080f19af22f,22,0,0.0
86215294b080f19af22f,23,0,0.0
1e25b47eaef62694a236,0,1,0.92
1e25b47eaef62694a236,1,33,30.28
1e25b47eaef62694a236,2,0,0.0
1e25b47eaef62694a236,3,0,0.0
1e25b47eaef62694a236,4,0,0.0
1e25b47eaef62694a236,5,0,0.0
1e25b47eaef62694a236,6,9,8.26
1e25b47eaef62694a236,7,0,0.0
1e25b47eaef62694a236,8,7,6.42
1e25b47eaef62694a236,9,0,0.0
1e25b47eaef62694a236,10,26,23.85
1e25b47eaef62694a236,11,6,5.5
1e25b47eaef62694a236,12,7,6.42
1e25b47eaef62694a236,13,9,8.26
1e25b47eaef62694a236,14,11,10.09
1e25b47eaef62694a236,15,0,0.0
1e25b47eaef62694a236,16,0,0.0
1e25b47eaef62694a236,17,0,0.0
1e25b47eaef62694a236,18,0,0.0
1e25b47eaef62694a236,19,0,0.0
1e25b47eaef62694a236,20,0,0.0
1e25b47eaef62694a236,21,0,0.0
1e25b47eaef62694a236,22,0,0.0
1e25b47eaef62694a236,23,0,0.0
580e98185da72b5f34cd,0,5,2.39
580e98185da72b5f34cd,1,21,10.05
580e98185da72b5f34cd,2,17,8.13
580e98185da72b5f34cd,3,8,3.83
580e98185da72b5f34cd,4,1,0.48
580e98185da72b5f34cd,5,18,8.61
580e98185da72b5f34cd,6,38,18.18
580e98185da72b5f34cd,7,6,2.87
580e98185da72b5f34cd,8,7,3.35
580e98185da72b5f34cd,9,18,8.61
580e98185da72b5f34cd,10,18,8.61
580e98185da72b5f34cd,11,34,16.27
580e98185da72b5f34cd,12,8,3.83
580e98185da72b5f34cd,13,5,2.39
580e98185da72b5f34cd,14,4,1.91
580e98185da72b5f34cd,15,1,0.48
580e98185da72b5f34cd,16,0,0.0
580e98185da72b5f34cd,17,0,0.0
580e98185da72b5f34cd,18,0,0.0
580e98185da72b5f34cd,19,0,0.0
580e98185da72b5f34cd,20,0,0.0
580e98185da72b5f34cd,21,0,0.0
580e98185da72b5f34cd,22,0,0.0
580e98185da72b5f34cd,23,0,0.0
99d6b8a1cc0020112951,0,0,0.0
99d6b8a1cc0020112951,1,4,3.57
99d6b8a1cc0020112951,2,1,0.89
99d6b8a1cc0020112951,3,10,8.93
99d6b8a1cc0020112951,4,8,7.14
99d6b8a1cc0020112951,5,13,11.61
99d6b8a1cc0020112951,6,7,6.25
99d6b8a1cc0020112951,7,6,5.36
99d6b8a1cc0020112951,8,10,8.93
99d6b8a1cc0020112951,9,1,0.89
99d6b8a1cc0020112951,10,0,0.0
99d6b8a1cc0020112951,11,2,1.79
99d6b8a1cc0020112951,12,0,0.0
99d6b8a1cc0020112951,13,1,0.89
99d6b8a1cc0020112951,14,23,20.54
99d6b8a1cc0020112951,15,16,14.29
99d6b8a1cc0020112951,16,10,8.93
99d6b8a1cc0020112951,17,0,0.0
99d6b8a1cc0020112951,18,0,0.0
99d6b8a1cc0020112951,19,0,0.0
99d6b8a1cc0020112951,20,0,0.0
99d6b8a1cc0020112951,21,0,0.0
99d6b8a1cc0020112951,22,0,0.0
99d6b8a1cc0020112951,23,0,0.0
ff59855075a6bc39d62b,0,0,0.0
ff59855075a6bc39d62b,1,0,0.0
ff59855075a6bc39d62b,2,7,10.29
ff59855075a6bc39d62b,3,0,0.0
ff59855075a6bc39d62b,4,7,10.29
ff59855075a6bc39d62b,5,1,1.47
ff59855075a6bc39d62b,6,0,0.0
ff59855075a6bc39d62b,7,0,0.0
ff59855075a6bc39d62b,8,0,0.0
ff59855075a6bc39d62b,9,6,8.82
ff59855075a6bc39d62b,10,3,4.41
ff59855075a6bc39d62b,11,12,17.65
ff59855075a6bc39d62b,12,12,17.65
ff59855075a6bc39d62b,13,12,17.65
ff59855075a6bc39d62b,14,3,4.41
ff59855075a6bc39d62b,15,5,7.35
ff59855075a6bc39d62b,16,0,0.0
ff59855075a6bc39d62b,17,0,0.0
ff59855075a6bc39d62b,18,0,0.0
ff59855075a6bc39d62b,19,0,0.0
ff59855075a6bc39d62b,20,0,0.0
ff59855075a6bc39d62b,21,0,0.0
ff59855075a6bc39d62b,22,0,0.0
ff59855075a6bc39d62b,23,0,0.0
8d422b817027d7721870,0,0,0.0
8d422b817027d7721870,1,4,5.26
8d422b817027d7721870,2,5,6.58
8d422b817027d7721870,3,5,6.58
8d422b817027d7721870,4,0,0.0
8d422b817027d7721870,5,5,6.58
8d422b817027d7721870,6,2,2.63
8d422b817027d7721870,7,4,5.26
8d422b817027d7721870,8,5,6.58
8d422b817027d7721870,9,14,18.42
8d422b817027d7721870,10,5,6.58
8d422b817027d7721870,11,5,6.58
8d422b817027d7721870,12,12,15.79
8d422b817027d7721870,13,0,0.0
8d422b817027d7721870,14,9,11.84
8d422b817027d7721870,15,1,1.32
8d422b817027d7721870,16,0,0.0
8d422b817027d7721870,17,0,0.0
8d422b817027d7721870,18,0,0.0
8d422b817027d7721870,19,0,0.0
8d422b817027d7721870,20,0,0.0
8d422b817027d7721870,21,0,0.0
8d422b817027d7721870,22,0,0.0
8d422b817027d7721870,23,0,0.0
18cdd44af62c6935e7a0,0,0,0.0
18cdd44af62c6935e7a0,1,0,0.0
18cdd44af62c6935e7a0,2,13,6.84
18cdd44af62c6935e7a0,3,1,0.53
18cdd44af62c6935e7a0,4,0,0.0
18cdd44af62c6935e7a0,5,3,1.58
18cdd44af62c6935e7a0,6,7,3.68
18cdd44af62c6935e7a0,7,3,1.58
18cdd44af62c6935e7a0,8,6,3.16
18cdd44af62c6935e7a0,9,14,7.37
18cdd44af62c6935e7a0,10,33,17.37
18cdd44af62c6935e7a0,11,7,3.68
18cdd44af62c6935e7a0,12,12,6.32
18cdd44af62c6935e7a0,13,35,18.42
18cdd44af62c6935e7a0,14,21,11.05
18cdd44af62c6935e7a0,15,35,18.42
18cdd44af62c6935e7a0,16,0,0.0
18cdd44af62c6935e7a0,17,0,0.0
18cdd44af62c6935e7a0,18,0,0.0
18cdd44af62c6935e7a0,19,0,0.0
18cdd44af62c6935e7a0,20,0,0.0
18cdd44af62c6935e7a0,21,0,0.0
18cdd44af62c6935e7a0,22,0,0.0
18cdd44af62c6935e7a0,23,0,0.0
c00c91256ab1777d0dbc,0,0,0.0
c00c91256ab1777d0dbc,1,0,0.0
c00c91256ab1777d0dbc,2,0,0.0
c00c91256ab1777d0dbc,3,0,0.0
c00c91256ab1777d0dbc,4,10,6.02
c00c91256ab1777d0dbc,5,1,0.6
c00c91256ab1777d0dbc,6,8,4.82
c00c91256ab1777d0dbc,7,21,12.65
c00c91256ab1777d0dbc,8,29,17.47
c00c91256ab1777d0dbc,9,0,0.0
c00c91256ab1777d0dbc,10,2,1.2
c00c91256ab1777d0dbc,11,1,0.6
c00c91256ab1777d0dbc,12,17,10.24
c00c91256ab1777d0dbc,13,14,8.43
c00c91256ab1777d0dbc,14,39,23.49
c00c91256ab1777d0dbc,15,24,14.46
c00c91256ab1777d0dbc,16,0,0.0
c00c91256ab1777d0dbc,17,0,0.0
c00c91256ab1777d0dbc,18,0,0.0
c00c91256ab1777d0dbc,19,0,0.0
c00c91256ab1777d0dbc,20,0,0.0
c00c91256ab1777d0dbc,21,0,0.0
c00c91256ab1777d0dbc,22,0,0.0
c00c91256ab1777d0dbc,23,0,0.0
10de703c06bf9d873d68,0,3,1.97
10de703c06bf9d873d68,1,5,3.29
10de703c06bf9d873d68,2,0,0.0
10de703c06bf9d873d68,3,0,0.0
10de703c06bf9d873d68,4,8,5.26
10de703c06bf9d873d68,5,6,3.95
10de703c06bf9d873d68,6,1,0.66
10de703c06bf9d873d68,7,0,0.0
10de703c06bf9d873d68,8,17,11.18
10de703c06bf9d873d68,9,0,0.0
10de703c06bf9d873d68,10,22,14.47
10de703c06bf9d873d68,11,42,27.63
10de703c06bf9d873d68,12,28,18.42
10de703c06bf9d873d68,13,5,3.29
10de703c06bf9d873d68,14,7,4.61
10de703c06bf9d873d68,15,8,5.26
10de703c06bf9d873d68,16,0,0.0
10de703c06bf9d873d68,17,0,0.0
10de703c06bf9d873d68,18,0,0.0
10de703c06bf9d873d68,19,0,0.0
10de703c06bf9d873d68,20,0,0.0
10de703c06bf9d873d68,21,0,0.0
10de703c06bf9d873d68,22,0,0.0
10de703c06bf9d873d68,23,0,0.0
t3wo8xb4rq94n3fpfk35,0,0,0.0
t3wo8xb4rq94n3fpfk35,1,2,1.92
t3wo8xb4rq94n3fpfk35,2,12,11.54
t3wo8xb4rq94n3fpfk35,3,6,5.77
t3wo8xb4rq94n3fpfk35,4,1,0.96
t3wo8xb4rq94n3fpfk35,5,7,6.73
t3wo8xb4rq94n3fpfk35,6,7,6.73
t3wo8xb4rq94n3fpfk35,7,5,4.81
t3wo8xb4rq94n3fpfk35,8,8,7.69
t3wo8xb4rq94n3fpfk35,9,7,6.73
t3wo8xb4rq94n3fpfk35,10,11,10.58
t3wo8xb4rq94n3fpfk35,11,4,3.85
t3wo8xb4rq94n3fpfk35,12,11,10.58
t3wo8xb4rq94n3fpfk35,13,8,7.69
t3wo8xb4rq94n3fpfk35,14,9,8.65
t3wo8xb4rq94n3fpfk35,15,3,2.88
t3wo8xb4rq94n3fpfk35,16,1,0.96
t3wo8xb4rq94n3fpfk35,17,1,0.96
t3wo8xb4rq94n3fpfk35,18,0,0.0
t3wo8xb4rq94n3fpfk35,19,0,0.0
t3wo8xb4rq94n3fpfk35,20,0,0.0
t3wo8xb4rq94n3fpfk35,21,0,0.0
t3wo8xb4rq94n3fpfk35,22,1,0.96
t3wo8xb4rq94n3fpfk35,23,0,0.0
8cvzwcc62ql4rqj0pyzl,0,0,0.0
8cvzwcc62ql4rqj0pyzl,1,4,4.04
8cvzwcc62ql4rqj0pyzl,2,7,7.07
8cvzwcc62ql4rqj0pyzl,3,10,10.1
8cvzwcc62ql4rqj0pyzl,4,4,4.04
8cvzwcc62ql4rqj0pyzl,5,4,4.04
8cvzwcc62ql4rqj0pyzl,6,6,6.06
8cvzwcc62ql4rqj0pyzl,7,4,4.04
8cvzwcc62ql4rqj0pyzl,8,5,5.05
8cvzwcc62ql4rqj0pyzl,9,8,8.08
8cvzwcc62ql4rqj0pyzl,10,4,4.04
8cvzwcc62ql4rqj0pyzl,11,10,10.1
8cvzwcc62ql4rqj0pyzl,12,10,10.1
8cvzwcc62ql4rqj0pyzl,13,8,8.08
8cvzwcc62ql4rqj0pyzl,14,5,5.05
8cvzwcc62ql4rqj0pyzl,15,6,6.06
8cvzwcc62ql4rqj0pyzl,16,2,2.02
8cvzwcc62ql4rqj0pyzl,17,0,0.0
8cvzwcc62ql4rqj0pyzl,18,1,1.01
8cvzwcc62ql4rqj0pyzl,19,0,0.0
8cvzwcc62ql4rqj0pyzl,20,0,0.0
8cvzwcc62ql4rqj0pyzl,21,0,0.0
8cvzwcc62ql4rqj0pyzl,22,1,1.01
8cvzwcc62ql4rqj0pyzl,23,0,0.0
79cvflltnemb9zpg6pgl,0,0,0.0
79cvflltnemb9zpg6pgl,1,2,2.13
79cvflltnemb9zpg6pgl,2,8,8.51
79cvflltnemb9zpg6pgl,3,6,6.38
79cvflltnemb9zpg6pgl,4,5,5.32
79cvflltnemb9zpg6pgl,5,5,5.32
79cvflltnemb9zpg6pgl,6,5,5.32
79cvflltnemb9zpg6pgl,7,2,2.13
79cvflltnemb9zpg6pgl,8,4,4.26
79cvflltnemb9zpg6pgl,9,5,5.32
79cvflltnemb9zpg6pgl,10,7,7.45
79cvflltnemb9zpg6pgl,11,9,9.57
79cvflltnemb9zpg6pgl,12,5,5.32
79cvflltnemb9zpg6pgl,13,11,11.7
79cvflltnemb9zpg6pgl,14,4,4.26
79cvflltnemb9zpg6pgl,15,6,6.38
79cvflltnemb9zpg6pgl,16,5,5.32
79cvflltnemb9zpg6pgl,17,2,2.13
79cvflltnemb9zpg6pgl,18,0,0.0
79cvflltnemb9zpg6pgl,19,0,0.0
79cvflltnemb9zpg6pgl,20,0,0.0
79cvflltnemb9zpg6pgl,21,1,1.06
79cvflltnemb9zpg6pgl,22,1,1.06
79cvflltnemb9zpg6pgl,23,1,1.06
i21qi5qdsjqcch2xvdd5,0,1,1.0
i21qi5qdsjqcch2xvdd5,1,4,4.0
i21qi5qdsjqcch2xvdd5,2,9,9.0
i21qi5qdsjqcch2xvdd5,3,4,4.0
i21qi5qdsjqcch2xvdd5,4,4,4.0
i21qi5qdsjqcch2xvdd5,5,5,5.0
i21qi5qdsjqcch2xvdd5,6,5,5.0
i21qi5qdsjqcch2xvdd5,7,9,9.0
i21qi5qdsjqcch2xvdd5,8,6,6.0
i21qi5qdsjqcch2xvdd5,9,4,4.0
i21qi5qdsjqcch2xvdd5,10,3,3.0
i21qi5qdsjqcch2xvdd5,11,7,7.0
i21qi5qdsjqcch2xvdd5,12,8,8.0
i21qi5qdsjqcch2xvdd5,13,11,11.0
i21qi5qdsjqcch2xvdd5,14,10,10.0
i21qi5qdsjqcch2xvdd5,15,6,6.0
i21qi5qdsjqcch2xvdd5,16,2,2.0
i21qi5qdsjqcch2xvdd5,17,1,1.0
i21qi5qdsjqcch2xvdd5,18,1,1.0
i21qi5qdsjqcch2xvdd5,19,0,0.0
i21qi5qdsjqcch2xvdd5,20,0,0.0
i21qi5qdsjqcch2xvdd5,21,0,0.0
i21qi5qdsjqcch2xvdd5,22,0,0.0
i21qi5qdsjqcch2xvdd5,23,0,0.0
qw1seyo5nrhlm8vby58w,0,1,1.0
qw1seyo5nrhlm8vby58w,1,3,3.0
qw1seyo5nrhlm8vby58w,2,7,7.0
qw1seyo5nrhlm8vby58w,3,5,5.0
qw1seyo5nrhlm8vby58w,4,5,5.0
qw1seyo5nrhlm8vby58w,5,4,4.0
qw1seyo5nrhlm8vby58w,6,6,6.0
qw1seyo5nrhlm8vby58w,7,5,5.0
qw1seyo5nrhlm8vby58w,8,8,8.0
qw1seyo5nrhlm8vby58w,9,4,4.0
qw1seyo5nrhlm8vby58w,10,5,5.0
qw1seyo5nrhlm8vby58w,11,7,7.0
qw1seyo5nrhlm8vby58w,12,5,5.0
qw1seyo5nrhlm8vby58w,13,12,12.0
qw1seyo5nrhlm8vby58w,14,10,10.0
qw1seyo5nrhlm8vby58w,15,7,7.0
qw1seyo5nrhlm8vby58w,16,4,4.0
qw1seyo5nrhlm8vby58w,17,1,1.0
qw1seyo5nrhlm8vby58w,18,0,0.0
qw1seyo5nrhlm8vby58w,19,0,0.0
qw1seyo5nrhlm8vby58w,20,0,0.0
qw1seyo5nrhlm8vby58w,21,0,0.0
qw1seyo5nrhlm8vby58w,22,0,0.0
qw1seyo5nrhlm8vby58w,23,1,1.0
exj3a7hd6gwihbowgm3w,0,0,0.0
exj3a7hd6gwihbowgm3w,1,2,2.0
exj3a7hd6gwihbowgm3w,2,8,8.0
exj3a7hd6gwihbowgm3w,3,6,6.0
exj3a7hd6gwihbowgm3w,4,4,4.0
exj3a7hd6gwihbowgm3w,5,6,6.0
exj3a7hd6gwihbowgm3w,6,4,4.0
exj3a7hd6gwihbowgm3w,7,3,3.0
exj3a7hd6gwihbowgm3w,8,10,10.0
exj3a7hd6gwihbowgm3w,9,4,4.0
exj3a7hd6gwihbowgm3w,10,6,6.0
exj3a7hd6gwihbowgm3w,11,9,9.0
exj3a7hd6gwihbowgm3w,12,10,10.0
exj3a7hd6gwihbowgm3w,13,5,5.0
exj3a7hd6gwihbowgm3w,14,11,11.0
exj3a7hd6gwihbowgm3w,15,8,8.0
exj3a7hd6gwihbowgm3w,16,3,3.0
exj3a7hd6gwihbowgm3w,17,1,1.0
exj3a7hd6gwihbowgm3w,18,0,0.0
exj3a7hd6gwihbowgm3w,19,0,0.0
exj3a7hd6gwihbowgm3w,20,0,0.0
exj3a7hd6gwihbowgm3w,21,0,0.0
exj3a7hd6gwihbowgm3w,22,0,0.0
exj3a7hd6gwihbowgm3w,23,0,0.0
qz6jjynwbd3szlp0rj04,0,1,1.14
qz6jjynwbd3szlp0rj04,1,4,4.55
qz6jjynwbd3szlp0rj04,2,7,7.95
qz6jjynwbd3szlp0rj04,3,2,2.27
qz6jjynwbd3szlp0rj04,4,3,3.41
qz6jjynwbd3szlp0rj04,5,3,3.41
qz6jjynwbd3szlp0rj04,6,7,7.95
qz6jjynwbd3szlp0rj04,7,5,5.68
qz6jjynwbd3szlp0rj04,8,7,7.95
qz6jjynwbd3szlp0rj04,9,4,4.55
qz6jjynwbd3szlp0rj04,10,7,7.95
qz6jjynwbd3szlp0rj04,11,9,10.23
qz6jjynwbd3szlp0rj04,12,7,7.95
qz6jjynwbd3szlp0rj04,13,6,6.82
qz6jjynwbd3szlp0rj04,14,7,7.95
qz6jjynwbd3szlp0rj04,15,6,6.82
qz6jjynwbd3szlp0rj04,16,0,0.0
qz6jjynwbd3szlp0rj04,17,1,1.14
qz6jjynwbd3szlp0rj04,18,0,0.0
qz6jjynwbd3szlp0rj04,19,0,0.0
qz6jjynwbd3szlp0rj04,20,0,0.0
qz6jjynwbd3szlp0rj04,21,0,0.0
qz6jjynwbd3szlp0rj04,22,1,1.14
qz6jjynwbd3szlp0rj04,23,1,1.14
0maggb1hf886m5u6p2vr,0,0,0.0
0maggb1hf886m5u6p2vr,1,6,5.26
0maggb1hf886m5u6p2vr,2,9,7.89
0maggb1hf886m5u6p2vr,3,4,3.51
0maggb1hf886m5u6p2vr,4,4,3.51
0maggb1hf886m5u6p2vr,5,5,4.39
0maggb1hf886m5u6p2vr,6,6,5.26
0maggb1hf886m5u6p2vr,7,4,3.51
0maggb1hf886m5u6p2vr,8,11,9.65
0maggb1hf886m5u6p2vr,9,3,2.63
0maggb1hf886m5u6p2vr,10,6,5.26
0maggb1hf886m5u6p2vr,11,10,8.77
0maggb1hf886m5u6p2vr,12,3,2.63
0maggb1hf886m5u6p2vr,13,13,11.4
0maggb1hf886m5u6p2vr,14,16,14.04
0maggb1hf886m5u6p2vr,15,9,7.89
0maggb1hf886m5u6p2vr,16,2,1.75
0maggb1hf886m5u6p2vr,17,1,0.88
0maggb1hf886m5u6p2vr,18,1,0.88
0maggb1hf886m5u6p2vr,19,0,0.0
0maggb1hf886m5u6p2vr,20,0,0.0
0maggb1hf886m5u6p2vr,21,0,0.0
0maggb1hf886m5u6p2vr,22,0,0.0
0maggb1hf886m5u6p2vr,23,1,0.88
cuwakm24vlp785ky5w71,0,3,2.46
cuwakm24vlp785ky5w71,1,2,1.64
cuwakm24vlp785ky5w71,2,2,1.64
cuwakm24vlp785ky5w71,3,8,6.56
cuwakm24vlp785ky5w71,4,8,6.56
cuwakm24vlp785ky5w71,5,5,4.1
cuwakm24vlp785ky5w71,6,7,5.74
cuwakm24vlp785ky5w71,7,3,2.46
cuwakm24vlp785ky5w71,8,6,4.92
cuwakm24vlp785ky5w71,9,7,5.74
cuwakm24vlp785ky5w71,10,11,9.02
cuwakm24vlp785ky5w71,11,10,8.2
cuwakm24vlp785ky5w71,12,10,8.2
cuwakm24vlp785ky5w71,13,14,11.48
cuwakm24vlp785ky5w71,14,15,12.3
cuwakm24vlp785ky5w71,15,7,5.74
cuwakm24vlp785ky5w71,16,2,1.64
cuwakm24vlp785ky5w71,17,1,0.82
cuwakm24vlp785ky5w71,18,0,0.0
cuwakm24vlp785ky5w71,19,0,0.0
cuwakm24vlp785ky5w71,20,0,0.0
cuwakm24vlp785ky5w71,21,0,0.0
cuwakm24vlp785ky5w71,22,1,0.82
cuwakm24vlp785ky5w71,23,0,0.0
uvh2zil455wi0dcdan51,0,1,0.92
uvh2zil455wi0dcdan51,1,2,1.83
uvh2zil455wi0dcdan51,2,6,5.5
uvh2zil455wi0dcdan51,3,6,5.5
uvh2zil455wi0dcdan51,4,4,3.67
uvh2zil455wi0dcdan51,5,3,2.75
uvh2zil455wi0dcdan51,6,11,10.09
uvh2zil455wi0dcdan51,7,8,7.34
uvh2zil455wi0dcdan51,8,9,8.26
uvh2zil455wi0dcdan51,9,3,2.75
uvh2zil455wi0dcdan51,10,3,2.75
uvh2zil455wi0dcdan51,11,10,9.17
uvh2zil455wi0dcdan51,12,7,6.42
uvh2zil455wi0dcdan51,13,10,9.17
uvh2zil455wi0dcdan51,14,8,7.34
uvh2zil455wi0dcdan51,15,9,8.26
uvh2zil455wi0dcdan51,16,4,3.67
uvh2zil455wi0dcdan51,17,4,3.67
uvh2zil455wi0dcdan51,18,0,0.0
uvh2zil455wi0dcdan51,19,0,0.0
uvh2zil455wi0dcdan51,20,0,0.0
uvh2zil455wi0dcdan51,21,1,0.92
uvh2zil455wi0dcdan51,22,0,0.0
uvh2zil455wi0dcdan51,23,0,0.0
wwh529n48kyjq1xe9h46,0,2,2.3
wwh529n48kyjq1xe9h46,1,6,6.9
wwh529n48kyjq1xe9h46,2,1,1.15
wwh529n48kyjq1xe9h46,3,7,8.05
wwh529n48kyjq1xe9h46,4,2,2.3
wwh529n48kyjq1xe9h46,5,4,4.6
wwh529n48kyjq1xe9h46,6,7,8.05
wwh529n48kyjq1xe9h46,7,2,2.3
wwh529n48kyjq1xe9h46,8,5,5.75
wwh529n48kyjq1xe9h46,9,3,3.45
wwh529n48kyjq1xe9h46,10,6,6.9
wwh529n48kyjq1xe9h46,11,7,8.05
wwh529n48kyjq1xe9h46,12,6,6.9
wwh529n48kyjq1xe9h46,13,12,13.79
wwh529n48kyjq1xe9h46,14,13,14.94
wwh529n48kyjq1xe9h46,15,3,3.45
wwh529n48kyjq1xe9h46,16,0,0.0
wwh529n48kyjq1xe9h46,17,0,0.0
wwh529n48kyjq1xe9h46,18,0,0.0
wwh529n48kyjq1xe9h46,19,0,0.0
wwh529n48kyjq1xe9h46,20,0,0.0
wwh529n48kyjq1xe9h46,21,0,0.0
wwh529n48kyjq1xe9h46,22,0,0.0
wwh529n48kyjq1xe9h46,23,1,1.15
o5lo8q4tb8yt0v8imkw4,0,0,0.0
o5lo8q4tb8yt0v8imkw4,1,2,2.06
o5lo8q4tb8yt0v8imkw4,2,6,6.19
o5lo8q4tb8yt0v8imkw4,3,2,2.06
o5lo8q4tb8yt0v8imkw4,4,5,5.15
o5lo8q4tb8yt0v8imkw4,5,6,6.19
o5lo8q4tb8yt0v8imkw4,6,10,10.31
o5lo8q4tb8yt0v8imkw4,7,5,5.15
o5lo8q4tb8yt0v8imkw4,8,6,6.19
o5lo8q4tb8yt0v8imkw4,9,3,3.09
o5lo8q4tb8yt0v8imkw4,10,6,6.19
o5lo8q4tb8yt0v8imkw4,11,11,11.34
o5lo8q4tb8yt0v8imkw4,12,10,10.31
o5lo8q4tb8yt0v8imkw4,13,8,8.25
o5lo8q4tb8yt0v8imkw4,14,5,5.15
o5lo8q4tb8yt0v8imkw4,15,11,11.34
o5lo8q4tb8yt0v8imkw4,16,1,1.03
o5lo8q4tb8yt0v8imkw4,17,0,0.0
o5lo8q4tb8yt0v8imkw4,18,0,0.0
o5lo8q4tb8yt0v8imkw4,19,0,0.0
o5lo8q4tb8yt0v8imkw4,20,0,0.0
o5lo8q4tb8yt0v8imkw4,21,0,0.0
o5lo8q4tb8yt0v8imkw4,22,0,0.0
o5lo8q4tb8yt0v8imkw4,23,0,0.0
pr6b1twg5sgsrzek6adi,0,2,1.87
pr6b1twg5sgsrzek6adi,1,4,3.74
pr6b1twg5sgsrzek6adi,2,3,2.8
pr6b1twg5sgsrzek6adi,3,2,1.87
pr6b1twg5sgsrzek6adi,4,1,0.93
pr6b1twg5sgsrzek6adi,5,8,7.48
pr6b1twg5sgsrzek6adi,6,11,10.28
pr6b1twg5sgsrzek6adi,7,8,7.48
pr6b1twg5sgsrzek6adi,8,10,9.35
pr6b1twg5sgsrzek6adi,9,5,4.67
pr6b1twg5sgsrzek6adi,10,6,5.61
pr6b1twg5sgsrzek6adi,11,10,9.35
pr6b1twg5sgsrzek6adi,12,8,7.48
pr6b1twg5sgsrzek6adi,13,11,10.28
pr6b1twg5sgsrzek6adi,14,9,8.41
pr6b1twg5sgsrzek6adi,15,8,7.48
pr6b1twg5sgsrzek6adi,16,1,0.93
pr6b1twg5sgsrzek6adi,17,0,0.0
pr6b1twg5sgsrzek6adi,18,0,0.0
pr6b1twg5sgsrzek6adi,19,0,0.0
pr6b1twg5sgsrzek6adi,20,0,0.0
pr6b1twg5sgsrzek6adi,21,0,0.0
pr6b1twg5sgsrzek6adi,22,0,0.0
pr6b1twg5sgsrzek6adi,23,0,0.0
zeuj2ypen39p38d4m3oj,0,0,0.0
zeuj2ypen39p38d4m3oj,1,2,2.11
zeuj2ypen39p38d4m3oj,2,3,3.16
zeuj2ypen39p38d4m3oj,3,8,8.42
zeuj2ypen39p38d4m3oj,4,5,5.26
zeuj2ypen39p38d4m3oj,5,3,3.16
zeuj2ypen39p38d4m3oj,6,11,11.58
zeuj2ypen39p38d4m3oj,7,3,3.16
zeuj2ypen39p38d4m3oj,8,8,8.42
zeuj2ypen39p38d4m3oj,9,3,3.16
zeuj2ypen39p38d4m3oj,10,3,3.16
zeuj2ypen39p38d4m3oj,11,7,7.37
zeuj2ypen39p38d4m3oj,12,13,13.68
zeuj2ypen39p38d4m3oj,13,7,7.37
zeuj2ypen39p38d4m3oj,14,10,10.53
zeuj2ypen39p38d4m3oj,15,8,8.42
zeuj2ypen39p38d4m3oj,16,0,0.0
zeuj2ypen39p38d4m3oj,17,1,1.05
zeuj2ypen39p38d4m3oj,18,0,0.0
zeuj2ypen39p38d4m3oj,19,0,0.0
zeuj2ypen39p38d4m3oj,20,0,0.0
zeuj2ypen39p38d4m3oj,21,0,0.0
zeuj2ypen39p38d4m3oj,22,0,0.0
zeuj2ypen39p38d4m3oj,23,0,0.0
6o68qswzkvrrtbiz6bzr,0,4,3.39
6o68qswzkvrrtbiz6bzr,1,3,2.54
6o68qswzkvrrtbiz6bzr,2,7,5.93
6o68qswzkvrrtbiz6bzr,3,7,5.93
6o68qswzkvrrtbiz6bzr,4,7,5.93
6o68qswzkvrrtbiz6bzr,5,4,3.39
6o68qswzkvrrtbiz6bzr,6,9,7.63
6o68qswzkvrrtbiz6bzr,7,6,5.08
6o68qswzkvrrtbiz6bzr,8,7,5.93
6o68qswzkvrrtbiz6bzr,9,3,2.54
6o68qswzkvrrtbiz6bzr,10,5,4.24
6o68qswzkvrrtbiz6bzr,11,4,3.39
6o68qswzkvrrtbiz6bzr,12,8,6.78
6o68qswzkvrrtbiz6bzr,13,11,9.32
6o68qswzkvrrtbiz6bzr,14,13,11.02
6o68qswzkvrrtbiz6bzr,15,11,9.32
6o68qswzkvrrtbiz6bzr,16,6,5.08
6o68qswzkvrrtbiz6bzr,17,1,0.85
6o68qswzkvrrtbiz6bzr,18,0,0.0
6o68qswzkvrrtbiz6bzr,19,1,0.85
6o68qswzkvrrtbiz6bzr,20,0,0.0
6o68qswzkvrrtbiz6bzr,21,0,0.0
6o68qswzkvrrtbiz6bzr,22,0,0.0
6o68qswzkvrrtbiz6bzr,23,1,0.85
1mp9yiw6rkrr3846047g,0,1,1.1
1mp9yiw6rkrr3846047g,1,5,5.49
1mp9yiw6rkrr3846047g,2,2,2.2
1mp9yiw6rkrr3846047g,3,4,4.4
1mp9yiw6rkrr3846047g,4,5,5.49
1mp9yiw6rkrr3846047g,5,5,5.49
1mp9yiw6rkrr3846047g,6,8,8.79
1mp9yiw6rkrr3846047g,7,7,7.69
1mp9yiw6rkrr3846047g,8,4,4.4
1mp9yiw6rkrr3846047g,9,4,4.4
1mp9yiw6rkrr3846047g,10,7,7.69
1mp9yiw6rkrr3846047g,11,7,7.69
1mp9yiw6rkrr3846047g,12,10,10.99
1mp9yiw6rkrr3846047g,13,7,7.69
1mp9yiw6rkrr3846047g,14,5,5.49
1mp9yiw6rkrr3846047g,15,8,8.79
1mp9yiw6rkrr3846047g,16,0,0.0
1mp9yiw6rkrr3846047g,17,0,0.0
1mp9yiw6rkrr3846047g,18,0,0.0
1mp9yiw6rkrr3846047g,19,0,0.0
1mp9yiw6rkrr3846047g,20,0,0.0
1mp9yiw6rkrr3846047g,21,0,0.0
1mp9yiw6rkrr3846047g,22,1,1.1
1mp9yiw6rkrr3846047g,23,1,1.1
lzvutqpj9ggc0nwwsxcv,0,2,1.94
lzvutqpj9ggc0nwwsxcv,1,2,1.94
lzvutqpj9ggc0nwwsxcv,2,5,4.85
lzvutqpj9ggc0nwwsxcv,3,4,3.88
lzvutqpj9ggc0nwwsxcv,4,2,1.94
lzvutqpj9ggc0nwwsxcv,5,2,1.94
lzvutqpj9ggc0nwwsxcv,6,12,11.65
lzvutqpj9ggc0nwwsxcv,7,6,5.83
lzvutqpj9ggc0nwwsxcv,8,2,1.94
lzvutqpj9ggc0nwwsxcv,9,4,3.88
lzvutqpj9ggc0nwwsxcv,10,6,5.83
lzvutqpj9ggc0nwwsxcv,11,10,9.71
lzvutqpj9ggc0nwwsxcv,12,12,11.65
lzvutqpj9ggc0nwwsxcv,13,14,13.59
lzvutqpj9ggc0nwwsxcv,14,7,6.8
lzvutqpj9ggc0nwwsxcv,15,10,9.71
lzvutqpj9ggc0nwwsxcv,16,1,0.97
lzvutqpj9ggc0nwwsxcv,17,0,0.0
lzvutqpj9ggc0nwwsxcv,18,0,0.0
lzvutqpj9ggc0nwwsxcv,19,0,0.0
lzvutqpj9ggc0nwwsxcv,20,0,0.0
lzvutqpj9ggc0nwwsxcv,21,0,0.0
lzvutqpj9ggc0nwwsxcv,22,2,1.94
lzvutqpj9ggc0nwwsxcv,23,0,0.0
isa355t9q5rut5fm8aml,0,1,1.04
isa355t9q5rut5fm8aml,1,1,1.04
isa355t9q5rut5fm8aml,2,8,8.33
isa355t9q5rut5fm8aml,3,4,4.17
isa355t9q5rut5fm8aml,4,5,5.21
isa355t9q5rut5fm8aml,5,8,8.33
isa355t9q5rut5fm8aml,6,10,10.42
isa355t9q5rut5fm8aml,7,5,5.21
isa355t9q5rut5fm8aml,8,5,5.21
isa355t9q5rut5fm8aml,9,4,4.17
isa355t9q5rut5fm8aml,10,4,4.17
isa355t9q5rut5fm8aml,11,8,8.33
isa355t9q5rut5fm8aml,12,7,7.29
isa355t9q5rut5fm8aml,13,10,10.42
isa355t9q5rut5fm8aml,14,8,8.33
isa355t9q5rut5fm8aml,15,4,4.17
isa355t9q5rut5fm8aml,16,2,2.08
isa355t9q5rut5fm8aml,17,0,0.0
isa355t9q5rut5fm8aml,18,1,1.04
isa355t9q5rut5fm8aml,19,0,0.0
isa355t9q5rut5fm8aml,20,0,0.0
isa355t9q5rut5fm8aml,21,0,0.0
isa355t9q5rut5fm8aml,22,0,0.0
isa355t9q5rut5fm8aml,23,1,1.04
5gs9643ghg39gpkgi3e5,0,2,2.25
5gs9643ghg39gpkgi3e5,1,3,3.37
5gs9643ghg39gpkgi3e5,2,2,2.25
5gs9643ghg39gpkgi3e5,3,4,4.49
5gs9643ghg39gpkgi3e5,4,2,2.25
5gs9643ghg39gpkgi3e5,5,3,3.37
5gs9643ghg39gpkgi3e5,6,6,6.74
5gs9643ghg39gpkgi3e5,7,9,10.11
5gs9643ghg39gpkgi3e5,8,8,8.99
5gs9643ghg39gpkgi3e5,9,3,3.37
5gs9643ghg39gpkgi3e5,10,6,6.74
5gs9643ghg39gpkgi3e5,11,6,6.74
5gs9643ghg39gpkgi3e5,12,8,8.99
5gs9643ghg39gpkgi3e5,13,11,12.36
5gs9643ghg39gpkgi3e5,14,9,10.11
5gs9643ghg39gpkgi3e5,15,5,5.62
5gs9643ghg39gpkgi3e5,16,1,1.12
5gs9643ghg39gpkgi3e5,17,0,0.0
5gs9643ghg39gpkgi3e5,18,0,0.0
5gs9643ghg39gpkgi3e5,19,0,0.0
5gs9643ghg39gpkgi3e5,20,0,0.0
5gs9643ghg39gpkgi3e5,21,0,0.0
5gs9643ghg39gpkgi3e5,22,0,0.0
5gs9643ghg39gpkgi3e5,23,1,1.12
ao2x473zwn7k7a6gpfr9,0,0,0.0
ao2x473zwn7k7a6gpfr9,1,3,3.19
ao2x473zwn7k7a6gpfr9,2,7,7.45
ao2x473zwn7k7a6gpfr9,3,6,6.38
ao2x473zwn7k7a6gpfr9,4,1,1.06
ao2x473zwn7k7a6gpfr9,5,3,3.19
ao2x473zwn7k7a6gpfr9,6,8,8.51
ao2x473zwn7k7a6gpfr9,7,5,5.32
ao2x473zwn7k7a6gpfr9,8,5,5.32
ao2x473zwn7k7a6gpfr9,9,4,4.26
ao2x473zwn7k7a6gpfr9,10,4,4.26
ao2x473zwn7k7a6gpfr9,11,5,5.32
ao2x473zwn7k7a6gpfr9,12,11,11.7
ao2x473zwn7k7a6gpfr9,13,13,13.83
ao2x473zwn7k7a6gpfr9,14,10,10.64
ao2x473zwn7k7a6gpfr9,15,5,5.32
ao2x473zwn7k7a6gpfr9,16,3,3.19
ao2x473zwn7k7a6gpfr9,17,0,0.0
ao2x473zwn7k7a6gpfr9,18,0,0.0
ao2x473zwn7k7a6gpfr9,19,0,0.0
ao2x473zwn7k7a6gpfr9,20,0,0.0
ao2x473zwn7k7a6gpfr9,21,0,0.0
ao2x473zwn7k7a6gpfr9,22,1,1.06
ao2x473zwn7k7a6gpfr9,23,0,0.0
jwdjcrxdn0um79f0rjvw,0,0,0.0
jwdjcrxdn0um79f0rjvw,1,3,3.09
jwdjcrxdn0um79f0rjvw,2,2,2.06
jwdjcrxdn0um79f0rjvw,3,9,9.28
jwdjcrxdn0um79f0rjvw,4,3,3.09
jwdjcrxdn0um79f0rjvw,5,5,5.15
jwdjcrxdn0um79f0rjvw,6,10,10.31
jwdjcrxdn0um79f0rjvw,7,6,6.19
jwdjcrxdn0um79f0rjvw,8,5,5.15
jwdjcrxdn0um79f0rjvw,9,8,8.25
jwdjcrxdn0um79f0rjvw,10,4,4.12
jwdjcrxdn0um79f0rjvw,11,5,5.15
jwdjcrxdn0um79f0rjvw,12,6,6.19
jwdjcrxdn0um79f0rjvw,13,13,13.4
jwdjcrxdn0um79f0rjvw,14,8,8.25
jwdjcrxdn0um79f0rjvw,15,6,6.19
jwdjcrxdn0um79f0rjvw,16,2,2.06
jwdjcrxdn0um79f0rjvw,17,1,1.03
jwdjcrxdn0um79f0rjvw,18,0,0.0
jwdjcrxdn0um79f0rjvw,19,1,1.03
jwdjcrxdn0um79f0rjvw,20,0,0.0
jwdjcrxdn0um79f0rjvw,21,0,0.0
jwdjcrxdn0um79f0rjvw,22,0,0.0
jwdjcrxdn0um79f0rjvw,23,0,0.0
oppl3ojvw61dvd5yw1wl,0,1,0.9
oppl3ojvw61dvd5yw1wl,1,3,2.7
oppl3ojvw61dvd5yw1wl,2,5,4.5
oppl3ojvw61dvd5yw1wl,3,7,6.31
oppl3ojvw61dvd5yw1wl,4,7,6.31
oppl3ojvw61dvd5yw1wl,5,7,6.31
oppl3ojvw61dvd5yw1wl,6,13,11.71
oppl3ojvw61dvd5yw1wl,7,7,6.31
oppl3ojvw61dvd5yw1wl,8,5,4.5
oppl3ojvw61dvd5yw1wl,9,5,4.5
oppl3ojvw61dvd5yw1wl,10,5,4.5
oppl3ojvw61dvd5yw1wl,11,6,5.41
oppl3ojvw61dvd5yw1wl,12,9,8.11
oppl3ojvw61dvd5yw1wl,13,10,9.01
oppl3ojvw61dvd5yw1wl,14,14,12.61
oppl3ojvw61dvd5yw1wl,15,6,5.41
oppl3ojvw61dvd5yw1wl,16,0,0.0
oppl3ojvw61dvd5yw1wl,17,0,0.0
oppl3ojvw61dvd5yw1wl,18,0,0.0
oppl3ojvw61dvd5yw1wl,19,0,0.0
oppl3ojvw61dvd5yw1wl,20,0,0.0
oppl3ojvw61dvd5yw1wl,21,0,0.0
oppl3ojvw61dvd5yw1wl,22,0,0.0
oppl3ojvw61dvd5yw1wl,23,1,0.9
s0vfgmhobw9jq6al8iww,0,1,1.11
s0vfgmhobw9jq6al8iww,1,0,0.0
s0vfgmhobw9jq6al8iww,2,3,3.33
s0vfgmhobw9jq6al8iww,3,6,6.67
s0vfgmhobw9jq6al8iww,4,1,1.11
s0vfgmhobw9jq6al8iww,5,4,4.44
s0vfgmhobw9jq6al8iww,6,9,10.0
s0vfgmhobw9jq6al8iww,7,4,4.44
s0vfgmhobw9jq6al8iww,8,7,7.78
s0vfgmhobw9jq6al8iww,9,6,6.67
s0vfgmhobw9jq6al8iww,10,7,7.78
s0vfgmhobw9jq6al8iww,11,8,8.89
s0vfgmhobw9jq6al8iww,12,7,7.78
s0vfgmhobw9jq6al8iww,13,11,12.22
s0vfgmhobw9jq6al8iww,14,7,7.78
s0vfgmhobw9jq6al8iww,15,4,4.44
s0vfgmhobw9jq6al8iww,16,3,3.33
s0vfgmhobw9jq6al8iww,17,0,0.0
s0vfgmhobw9jq6al8iww,18,0,0.0
s0vfgmhobw9jq6al8iww,19,0,0.0
s0vfgmhobw9jq6al8iww,20,0,0.0
s0vfgmhobw9jq6al8iww,21,0,0.0
s0vfgmhobw9jq6al8iww,22,0,0.0
s0vfgmhobw9jq6al8iww,23,2,2.22
styld7k1gge5cvjria5b,0,1,1.15
styld7k1gge5cvjria5b,1,1,1.15
styld7k1gge5cvjria5b,2,5,5.75
styld7k1gge5cvjria5b,3,2,2.3
styld7k1gge5cvjria5b,4,3,3.45
styld7k1gge5cvjria5b,5,4,4.6
styld7k1gge5cvjria5b,6,10,11.49
styld7k1gge5cvjria5b,7,4,4.6
styld7k1gge5cvjria5b,8,4,4.6
styld7k1gge5cvjria5b,9,5,5.75
styld7k1gge5cvjria5b,10,6,6.9
styld7k1gge5cvjria5b,11,5,5.75
styld7k1gge5cvjria5b,12,9,10.34
styld7k1gge5cvjria5b,13,8,9.2
styld7k1gge5cvjria5b,14,13,14.94
styld7k1gge5cvjria5b,15,4,4.6
styld7k1gge5cvjria5b,16,1,1.15
styld7k1gge5cvjria5b,17,2,2.3
styld7k1gge5cvjria5b,18,0,0.0
styld7k1gge5cvjria5b,19,0,0.0
styld7k1gge5cvjria5b,20,0,0.0
styld7k1gge5cvjria5b,21,0,0.0
styld7k1gge5cvjria5b,22,0,0.0
styld7k1gge5cvjria5b,23,0,0.0
fvurnsqlgyr9zbd6msqs,0,0,0.0
fvurnsqlgyr9zbd6msqs,1,3,3.49
fvurnsqlgyr9zbd6msqs,2,6,6.98
fvurnsqlgyr9zbd6msqs,3,5,5.81
fvurnsqlgyr9zbd6msqs,4,1,1.16
fvurnsqlgyr9zbd6msqs,5,3,3.49
fvurnsqlgyr9zbd6msqs,6,4,4.65
fvurnsqlgyr9zbd6msqs,7,5,5.81
fvurnsqlgyr9zbd6msqs,8,4,4.65
fvurnsqlgyr9zbd6msqs,9,5,5.81
fvurnsqlgyr9zbd6msqs,10,6,6.98
fvurnsqlgyr9zbd6msqs,11,4,4.65
fvurnsqlgyr9zbd6msqs,12,7,8.14
fvurnsqlgyr9zbd6msqs,13,10,11.63
fvurnsqlgyr9zbd6msqs,14,15,17.44
fvurnsqlgyr9zbd6msqs,15,3,3.49
fvurnsqlgyr9zbd6msqs,16,4,4.65
fvurnsqlgyr9zbd6msqs,17,1,1.16
fvurnsqlgyr9zbd6msqs,18,0,0.0
fvurnsqlgyr9zbd6msqs,19,0,0.0
fvurnsqlgyr9zbd6msqs,20,0,0.0
fvurnsqlgyr9zbd6msqs,21,0,0.0
fvurnsqlgyr9zbd6msqs,22,0,0.0
fvurnsqlgyr9zbd6msqs,23,0,0.0
47vclaej1xmb0rc8kgka,0,2,1.94
47vclaej1xmb0rc8kgka,1,2,1.94
47vclaej1xmb0rc8kgka,2,11,10.68
47vclaej1xmb0rc8kgka,3,7,6.8
47vclaej1xmb0rc8kgka,4,5,4.85
47vclaej1xmb0rc8kgka,5,3,2.91
47vclaej1xmb0rc8kgka,6,5,4.85
47vclaej1xmb0rc8kgka,7,5,4.85
47vclaej1xmb0rc8kgka,8,11,10.68
47vclaej1xmb0rc8kgka,9,4,3.88
47vclaej1xmb0rc8kgka,10,5,4.85
47vclaej1xmb0rc8kgka,11,8,7.77
47vclaej1xmb0rc8kgka,12,10,9.71
47vclaej1xmb0rc8kgka,13,6,5.83
47vclaej1xmb0rc8kgka,14,11,10.68
47vclaej1xmb0rc8kgka,15,5,4.85
47vclaej1xmb0rc8kgka,16,1,0.97
47vclaej1xmb0rc8kgka,17,0,0.0
47vclaej1xmb0rc8kgka,18,0,0.0
47vclaej1xmb0rc8kgka,19,0,0.0
47vclaej1xmb0rc8kgka,20,0,0.0
47vclaej1xmb0rc8kgka,21,0,0.0
47vclaej1xmb0rc8kgka,22,1,0.97
47vclaej1xmb0rc8kgka,23,1,0.97
cnkddx6ofjqd7ueylz0e,0,0,0.0
cnkddx6ofjqd7ueylz0e,1,4,3.7
cnkddx6ofjqd7ueylz0e,2,5,4.63
cnkddx6ofjqd7ueylz0e,3,2,1.85
cnkddx6ofjqd7ueylz0e,4,4,3.7
cnkddx6ofjqd7ueylz0e,5,3,2.78
cnkddx6ofjqd7ueylz0e,6,7,6.48
cnkddx6ofjqd7ueylz0e,7,3,2.78
cnkddx6ofjqd7ueylz0e,8,7,6.48
cnkddx6ofjqd7ueylz0e,9,7,6.48
cnkddx6ofjqd7ueylz0e,10,3,2.78
cnkddx6ofjqd7ueylz0e,11,8,7.41
cnkddx6ofjqd7ueylz0e,12,10,9.26
cnkddx6ofjqd7ueylz0e,13,15,13.89
cnkddx6ofjqd7ueylz0e,14,18,16.67
cnkddx6ofjqd7ueylz0e,15,10,9.26
cnkddx6ofjqd7ueylz0e,16,0,0.0
cnkddx6ofjqd7ueylz0e,17,0,0.0
cnkddx6ofjqd7ueylz0e,18,0,0.0
cnkddx6ofjqd7ueylz0e,19,0,0.0
cnkddx6ofjqd7ueylz0e,20,0,0.0
cnkddx6ofjqd7ueylz0e,21,0,0.0
cnkddx6ofjqd7ueylz0e,22,1,0.93
cnkddx6ofjqd7ueylz0e,23,1,0.93
zlaig56ve06t7jruk2mr,0,1,0.99
zlaig56ve06t7jruk2mr,1,3,2.97
zlaig56ve06t7jruk2mr,2,6,5.94
zlaig56ve06t7jruk2mr,3,6,5.94
zlaig56ve06t7jruk2mr,4,4,3.96
zlaig56ve06t7jruk2mr,5,5,4.95
zlaig56ve06t7jruk2mr,6,7,6.93
zlaig56ve06t7jruk2mr,7,4,3.96
zlaig56ve06t7jruk2mr,8,3,2.97
zlaig56ve06t7jruk2mr,9,9,8.91
zlaig56ve06t7jruk2mr,10,6,5.94
zlaig56ve06t7jruk2mr,11,10,9.9
zlaig56ve06t7jruk2mr,12,9,8.91
zlaig56ve06t7jruk2mr,13,8,7.92
zlaig56ve06t7jruk2mr,14,6,5.94
zlaig56ve06t7jruk2mr,15,9,8.91
zlaig56ve06t7jruk2mr,16,5,4.95
zlaig56ve06t7jruk2mr,17,0,0.0
zlaig56ve06t7jruk2mr,18,0,0.0
zlaig56ve06t7jruk2mr,19,0,0.0
zlaig56ve06t7jruk2mr,20,0,0.0
zlaig56ve06t7jruk2mr,21,0,0.0
zlaig56ve06t7jruk2mr,22,0,0.0
zlaig56ve06t7jruk2mr,23,0,0.0
ifj584ryrjv639n4nnsu,0,0,0.0
ifj584ryrjv639n4nnsu,1,3,3.0
ifj584ryrjv639n4nnsu,2,4,4.0
ifj584ryrjv639n4nnsu,3,5,5.0
ifj584ryrjv639n4nnsu,4,1,1.0
ifj584ryrjv639n4nnsu,5,6,6.0
ifj584ryrjv639n4nnsu,6,7,7.0
ifj584ryrjv639n4nnsu,7,4,4.0
ifj584ryrjv639n4nnsu,8,3,3.0
ifj584ryrjv639n4nnsu,9,10,10.0
ifj584ryrjv639n4nnsu,10,5,5.0
ifj584ryrjv639n4nnsu,11,6,6.0
ifj584ryrjv639n4nnsu,12,9,9.0
ifj584ryrjv639n4nnsu,13,8,8.0
ifj584ryrjv639n4nnsu,14,15,15.0
ifj584ryrjv639n4nnsu,15,11,11.0
ifj584ryrjv639n4nnsu,16,1,1.0
ifj584ryrjv639n4nnsu,17,0,0.0
ifj584ryrjv639n4nnsu,18,0,0.0
ifj584ryrjv639n4nnsu,19,0,0.0
ifj584ryrjv639n4nnsu,20,0,0.0
ifj584ryrjv639n4nnsu,21,0,0.0
ifj584ryrjv639n4nnsu,22,2,2.0
ifj584ryrjv639n4nnsu,23,0,0.0
xh8a7nmtz192pknhec33,0,0,0.0
xh8a7nmtz192pknhec33,1,3,4.11
xh8a7nmtz192pknhec33,2,3,4.11
xh8a7nmtz192pknhec33,3,3,4.11
xh8a7nmtz192pknhec33,4,5,6.85
xh8a7nmtz192pknhec33,5,3,4.11
xh8a7nmtz192pknhec33,6,4,5.48
xh8a7nmtz192pknhec33,7,1,1.37
xh8a7nmtz192pknhec33,8,3,4.11
xh8a7nmtz192pknhec33,9,8,10.96
xh8a7nmtz192pknhec33,10,2,2.74
xh8a7nmtz192pknhec33,11,4,5.48
xh8a7nmtz192pknhec33,12,8,10.96
xh8a7nmtz192pknhec33,13,4,5.48
xh8a7nmtz192pknhec33,14,10,13.7
xh8a7nmtz192pknhec33,15,10,13.7
xh8a7nmtz192pknhec33,16,0,0.0
xh8a7nmtz192pknhec33,17,2,2.74
xh8a7nmtz192pknhec33,18,0,0.0
xh8a7nmtz192pknhec33,19,0,0.0
xh8a7nmtz192pknhec33,20,0,0.0
xh8a7nmtz192pknhec33,21,0,0.0
xh8a7nmtz192pknhec33,22,0,0.0
xh8a7nmtz192pknhec33,23,0,0.0
vhlntoniujqiclub2juy,0,1,1.08
vhlntoniujqiclub2juy,1,0,0.0
vhlntoniujqiclub2juy,2,5,5.38
vhlntoniujqiclub2juy,3,1,1.08
vhlntoniujqiclub2juy,4,2,2.15
vhlntoniujqiclub2juy,5,4,4.3
vhlntoniujqiclub2juy,6,7,7.53
vhlntoniujqiclub2juy,7,4,4.3
vhlntoniujqiclub2juy,8,2,2.15
vhlntoniujqiclub2juy,9,8,8.6
vhlntoniujqiclub2juy,10,4,4.3
vhlntoniujqiclub2juy,11,7,7.53
vhlntoniujqiclub2juy,12,9,9.68
vhlntoniujqiclub2juy,13,9,9.68
vhlntoniujqiclub2juy,14,16,17.2
vhlntoniujqiclub2juy,15,8,8.6
vhlntoniujqiclub2juy,16,4,4.3
vhlntoniujqiclub2juy,17,0,0.0
vhlntoniujqiclub2juy,18,1,1.08
vhlntoniujqiclub2juy,19,0,0.0
vhlntoniujqiclub2juy,20,0,0.0
vhlntoniujqiclub2juy,21,0,0.0
vhlntoniujqiclub2juy,22,0,0.0
vhlntoniujqiclub2juy,23,1,1.08
9wax6sfj9cuqbbxc95om,0,1,1.11
9wax6sfj9cuqbbxc95om,1,2,2.22
9wax6sfj9cuqbbxc95om,2,5,5.56
9wax6sfj9cuqbbxc95om,3,5,5.56
9wax6sfj9cuqbbxc95om,4,2,2.22
9wax6sfj9cuqbbxc95om,5,3,3.33
9wax6sfj9cuqbbxc95om,6,10,11.11
9wax6sfj9cuqbbxc95om,7,5,5.56
9wax6sfj9cuqbbxc95om,8,7,7.78
9wax6sfj9cuqbbxc95om,9,8,8.89
9wax6sfj9cuqbbxc95om,10,4,4.44
9wax6sfj9cuqbbxc95om,11,3,3.33
9wax6sfj9cuqbbxc95om,12,6,6.67
9wax6sfj9cuqbbxc95om,13,10,11.11
9wax6sfj9cuqbbxc95om,14,9,10.0
9wax6sfj9cuqbbxc95om,15,7,7.78
9wax6sfj9cuqbbxc95om,16,1,1.11
9wax6sfj9cuqbbxc95om,17,2,2.22
9wax6sfj9cuqbbxc95om,18,0,0.0
9wax6sfj9cuqbbxc95om,19,0,0.0
9wax6sfj9cuqbbxc95om,20,0,0.0
9wax6sfj9cuqbbxc95om,21,0,0.0
9wax6sfj9cuqbbxc95om,22,0,0.0
9wax6sfj9cuqbbxc95om,23,0,0.0
oit2xadfbpuveswzx4pf,0,1,1.16
oit2xadfbpuveswzx4pf,1,4,4.65
oit2xadfbpuveswzx4pf,2,2,2.33
oit2xadfbpuveswzx4pf,3,2,2.33
oit2xadfbpuveswzx4pf,4,4,4.65
oit2xadfbpuveswzx4pf,5,2,2.33
oit2xadfbpuveswzx4pf,6,5,5.81
oit2xadfbpuveswzx4pf,7,6,6.98
oit2xadfbpuveswzx4pf,8,8,9.3
oit2xadfbpuveswzx4pf,9,1,1.16
oit2xadfbpuveswzx4pf,10,8,9.3
oit2xadfbpuveswzx4pf,11,10,11.63
oit2xadfbpuveswzx4pf,12,4,4.65
oit2xadfbpuveswzx4pf,13,10,11.63
oit2xadfbpuveswzx4pf,14,8,9.3
oit2xadfbpuveswzx4pf,15,9,10.47
oit2xadfbpuveswzx4pf,16,0,0.0
oit2xadfbpuveswzx4pf,17,2,2.33
oit2xadfbpuveswzx4pf,18,0,0.0
oit2xadfbpuveswzx4pf,19,0,0.0
oit2xadfbpuveswzx4pf,20,0,0.0
oit2xadfbpuveswzx4pf,21,0,0.0
oit2xadfbpuveswzx4pf,22,0,0.0
oit2xadfbpuveswzx4pf,23,0,0.0
91ybnlkli8x332l13rrk,0,2,2.25
91ybnlkli8x332l13rrk,1,0,0.0
91ybnlkli8x332l13rrk,2,4,4.49
91ybnlkli8x332l13rrk,3,1,1.12
91ybnlkli8x332l13rrk,4,3,3.37
91ybnlkli8x332l13rrk,5,2,2.25
91ybnlkli8x332l13rrk,6,5,5.62
91ybnlkli8x332l13rrk,7,6,6.74
91ybnlkli8x332l13rrk,8,4,4.49
91ybnlkli8x332l13rrk,9,6,6.74
91ybnlkli8x332l13rrk,10,6,6.74
91ybnlkli8x332l13rrk,11,5,5.62
91ybnlkli8x332l13rrk,12,6,6.74
91ybnlkli8x332l13rrk,13,12,13.48
91ybnlkli8x332l13rrk,14,13,14.61
91ybnlkli8x332l13rrk,15,7,7.87
91ybnlkli8x332l13rrk,16,4,4.49
91ybnlkli8x332l13rrk,17,1,1.12
91ybnlkli8x332l13rrk,18,0,0.0
91ybnlkli8x332l13rrk,19,0,0.0
91ybnlkli8x332l13rrk,20,0,0.0
91ybnlkli8x332l13rrk,21,0,0.0
91ybnlkli8x332l13rrk,22,1,1.12
91ybnlkli8x332l13rrk,23,1,1.12
k4usquerebza4uy0i57h,0,1,1.16
k4usquerebza4uy0i57h,1,0,0.0
k4usquerebza4uy0i57h,2,1,1.16
k4usquerebza4uy0i57h,3,6,6.98
k4usquerebza4uy0i57h,4,3,3.49
k4usquerebza4uy0i57h,5,0,0.0
k4usquerebza4uy0i57h,6,7,8.14
k4usquerebza4uy0i57h,7,5,5.81
k4usquerebza4uy0i57h,8,5,5.81
k4usquerebza4uy0i57h,9,2,2.33
k4usquerebza4uy0i57h,10,7,8.14
k4usquerebza4uy0i57h,11,8,9.3
k4usquerebza4uy0i57h,12,8,9.3
k4usquerebza4uy0i57h,13,5,5.81
k4usquerebza4uy0i57h,14,14,16.28
k4usquerebza4uy0i57h,15,5,5.81
k4usquerebza4uy0i57h,16,6,6.98
k4usquerebza4uy0i57h,17,1,1.16
k4usquerebza4uy0i57h,18,0,0.0
k4usquerebza4uy0i57h,19,0,0.0
k4usquerebza4uy0i57h,20,0,0.0
k4usquerebza4uy0i57h,21,0,0.0
k4usquerebza4uy0i57h,22,0,0.0
k4usquerebza4uy0i57h,23,2,2.33
6ae7d356ba998218af82,0,1,1.45
6ae7d356ba998218af82,1,2,2.9
6ae7d356ba998218af82,2,0,0.0
6ae7d356ba998218af82,3,0,0.0
6ae7d356ba998218af82,4,0,0.0
6ae7d356ba998218af82,5,0,0.0
6ae7d356ba998218af82,6,0,0.0
6ae7d356ba998218af82,7,1,1.45
6ae7d356ba998218af82,8,3,4.35
6ae7d356ba998218af82,9,10,14.49
6ae7d356ba998218af82,10,0,0.0
6ae7d356ba998218af82,11,3,4.35
6ae7d356ba998218af82,12,9,13.04
6ae7d356ba998218af82,13,6,8.7
6ae7d356ba998218af82,14,1,1.45
6ae7d356ba998218af82,15,24,34.78
6ae7d356ba998218af82,16,9,13.04
6ae7d356ba998218af82,17,0,0.0
6ae7d356ba998218af82,18,0,0.0
6ae7d356ba998218af82,19,0,0.0
6ae7d356ba998218af82,20,0,0.0
6ae7d356ba998218af82,21,0,0.0
6ae7d356ba998218af82,22,0,0.0
6ae7d356ba998218af82,23,0,0.0
2c6339f7c23a64d02081,0,1,1.25
2c6339f7c23a64d02081,1,1,1.25
2c6339f7c23a64d02081,2,5,6.25
2c6339f7c23a64d02081,3,4,5.0
2c6339f7c23a64d02081,4,0,0.0
2c6339f7c23a64d02081,5,5,6.25
2c6339f7c23a64d02081,6,16,20.0
2c6339f7c23a64d02081,7,2,2.5
2c6339f7c23a64d02081,8,9,11.25
2c6339f7c23a64d02081,9,0,0.0
2c6339f7c23a64d02081,10,11,13.75
2c6339f7c23a64d02081,11,8,10.0
2c6339f7c23a64d02081,12,0,0.0
2c6339f7c23a64d02081,13,2,2.5
2c6339f7c23a64d02081,14,1,1.25
2c6339f7c23a64d02081,15,0,0.0
2c6339f7c23a64d02081,16,3,3.75
2c6339f7c23a64d02081,17,0,0.0
2c6339f7c23a64d02081,18,0,0.0
2c6339f7c23a64d02081,19,0,0.0
2c6339f7c23a64d02081,20,0,0.0
2c6339f7c23a64d02081,21,6,7.5
2c6339f7c23a64d02081,22,3,3.75
2c6339f7c23a64d02081,23,3,3.75
79fdbcf16db75f75383a,0,0,0.0
79fdbcf16db75f75383a,1,0,0.0
79fdbcf16db75f75383a,2,0,0.0
79fdbcf16db75f75383a,3,2,1.69
79fdbcf16db75f75383a,4,0,0.0
79fdbcf16db75f75383a,5,2,1.69
79fdbcf16db75f75383a,6,5,4.24
79fdbcf16db75f75383a,7,8,6.78
79fdbcf16db75f75383a,8,1,0.85
79fdbcf16db75f75383a,9,13,11.02
79fdbcf16db75f75383a,10,20,16.95
79fdbcf16db75f75383a,11,14,11.86
79fdbcf16db75f75383a,12,8,6.78
79fdbcf16db75f75383a,13,2,1.69
79fdbcf16db75f75383a,14,19,16.1
79fdbcf16db75f75383a,15,20,16.95
79fdbcf16db75f75383a,16,0,0.0
79fdbcf16db75f75383a,17,4,3.39
79fdbcf16db75f75383a,18,0,0.0
79fdbcf16db75f75383a,19,0,0.0
79fdbcf16db75f75383a,20,0,0.0
79fdbcf16db75f75383a,21,0,0.0
79fdbcf16db75f75383a,22,0,0.0
79fdbcf16db75f75383a,23,0,0.0
50fec4ca4283ad18c000,0,5,4.27
50fec4ca4283ad18c000,1,10,8.55
50fec4ca4283ad18c000,2,6,5.13
50fec4ca4283ad18c000,3,0,0.0
50fec4ca4283ad18c000,4,1,0.85
50fec4ca4283ad18c000,5,2,1.71
50fec4ca4283ad18c000,6,0,0.0
50fec4ca4283ad18c000,7,0,0.0
50fec4ca4283ad18c000,8,3,2.56
50fec4ca4283ad18c000,9,7,5.98
50fec4ca4283ad18c000,10,8,6.84
50fec4ca4283ad18c000,11,8,6.84
50fec4ca4283ad18c000,12,5,4.27
50fec4ca4283ad18c000,13,5,4.27
50fec4ca4283ad18c000,14,35,29.91
50fec4ca4283ad18c000,15,22,18.8
50fec4ca4283ad18c000,16,0,0.0
50fec4ca4283ad18c000,17,0,0.0
50fec4ca4283ad18c000,18,0,0.0
50fec4ca4283ad18c000,19,0,0.0
50fec4ca4283ad18c000,20,0,0.0
50fec4ca4283ad18c000,21,0,0.0
50fec4ca4283ad18c000,22,0,0.0
50fec4ca4283ad18c000,23,0,0.0
077d5c82c9ee5019220f,0,2,2.5
077d5c82c9ee5019220f,1,0,0.0
077d5c82c9ee5019220f,2,11,13.75
077d5c82c9ee5019220f,3,2,2.5
077d5c82c9ee5019220f,4,5,6.25
077d5c82c9ee5019220f,5,0,0.0
077d5c82c9ee5019220f,6,0,0.0
077d5c82c9ee5019220f,7,5,6.25
077d5c82c9ee5019220f,8,23,28.75
077d5c82c9ee5019220f,9,4,5.0
077d5c82c9ee5019220f,10,3,3.75
077d5c82c9ee5019220f,11,2,2.5
077d5c82c9ee5019220f,12,5,6.25
077d5c82c9ee5019220f,13,4,5.0
077d5c82c9ee5019220f,14,7,8.75
077d5c82c9ee5019220f,15,2,2.5
077d5c82c9ee5019220f,16,0,0.0
077d5c82c9ee5019220f,17,0,0.0
077d5c82c9ee5019220f,18,0,0.0
077d5c82c9ee5019220f,19,0,0.0
077d5c82c9ee5019220f,20,0,0.0
077d5c82c9ee5019220f,21,0,0.0
077d5c82c9ee5019220f,22,0,0.0
077d5c82c9ee5019220f,23,5,6.25
41f718ae2aed1d6c2573,0,0,0.0
41f718ae2aed1d6c2573,1,0,0.0
41f718ae2aed1d6c2573,2,4,5.41
41f718ae2aed1d6c2573,3,1,1.35
41f718ae2aed1d6c2573,4,2,2.7
41f718ae2aed1d6c2573,5,5,6.76
41f718ae2aed1d6c2573,6,5,6.76
41f718ae2aed1d6c2573,7,1,1.35
41f718ae2aed1d6c2573,8,29,39.19
41f718ae2aed1d6c2573,9,2,2.7
41f718ae2aed1d6c2573,10,7,9.46
41f718ae2aed1d6c2573,11,0,0.0
41f718ae2aed1d6c2573,12,0,0.0
41f718ae2aed1d6c2573,13,3,4.05
41f718ae2aed1d6c2573,14,14,18.92
41f718ae2aed1d6c2573,15,1,1.35
41f718ae2aed1d6c2573,16,0,0.0
41f718ae2aed1d6c2573,17,0,0.0
41f718ae2aed1d6c2573,18,0,0.0
41f718ae2aed1d6c2573,19,0,0.0
41f718ae2aed1d6c2573,20,0,0.0
41f718ae2aed1d6c2573,21,0,0.0
41f718ae2aed1d6c2573,22,0,0.0
41f718ae2aed1d6c2573,23,0,0.0
222d5ee50487a2b8601b,0,1,0.85
222d5ee50487a2b8601b,1,0,0.0
222d5ee50487a2b8601b,2,12,10.17
222d5ee50487a2b8601b,3,1,0.85
222d5ee50487a2b8601b,4,10,8.47
222d5ee50487a2b8601b,5,0,0.0
222d5ee50487a2b8601b,6,0,0.0
222d5ee50487a2b8601b,7,11,9.32
222d5ee50487a2b8601b,8,20,16.95
222d5ee50487a2b8601b,9,5,4.24
222d5ee50487a2b8601b,10,12,10.17
222d5ee50487a2b8601b,11,4,3.39
222d5ee50487a2b8601b,12,2,1.69
222d5ee50487a2b8601b,13,8,6.78
222d5ee50487a2b8601b,14,6,5.08
222d5ee50487a2b8601b,15,23,19.49
222d5ee50487a2b8601b,16,0,0.0
222d5ee50487a2b8601b,17,0,0.0
222d5ee50487a2b8601b,18,0,0.0
222d5ee50487a2b8601b,19,0,0.0
222d5ee50487a2b8601b,20,0,0.0
222d5ee50487a2b8601b,21,0,0.0
222d5ee50487a2b8601b,22,0,0.0
222d5ee50487a2b8601b,23,3,2.54
0088dc183f73c83f763e,0,1,0.61
0088dc183f73c83f763e,1,0,0.0
0088dc183f73c83f763e,2,15,9.2
0088dc183f73c83f763e,3,12,7.36
0088dc183f73c83f763e,4,2,1.23
0088dc183f73c83f763e,5,1,0.61
0088dc183f73c83f763e,6,5,3.07
0088dc183f73c83f763e,7,4,2.45
0088dc183f73c83f763e,8,43,26.38
0088dc183f73c83f763e,9,15,9.2
0088dc183f73c83f763e,10,4,2.45
0088dc183f73c83f763e,11,9,5.52
0088dc183f73c83f763e,12,10,6.13
0088dc183f73c83f763e,13,3,1.84
0088dc183f73c83f763e,14,26,15.95
0088dc183f73c83f763e,15,10,6.13
0088dc183f73c83f763e,16,3,1.84
0088dc183f73c83f763e,17,0,0.0
0088dc183f73c83f763e,18,0,0.0
0088dc183f73c83f763e,19,0,0.0
0088dc183f73c83f763e,20,0,0.0
0088dc183f73c83f763e,21,0,0.0
0088dc183f73c83f763e,22,0,0.0
0088dc183f73c83f763e,23,0,0.0
f9d95830556934ae9a01,0,1,0.61
f9d95830556934ae9a01,1,0,0.0
f9d95830556934ae9a01,2,4,2.44
f9d95830556934ae9a01,3,0,0.0
f9d95830556934ae9a01,4,0,0.0
f9d95830556934ae9a01,5,11,6.71
f9d95830556934ae9a01,6,6,3.66
f9d95830556934ae9a01,7,21,12.8
f9d95830556934ae9a01,8,5,3.05
f9d95830556934ae9a01,9,16,9.76
f9d95830556934ae9a01,10,16,9.76
f9d95830556934ae9a01,11,22,13.41
f9d95830556934ae9a01,12,13,7.93
f9d95830556934ae9a01,13,17,10.37
f9d95830556934ae9a01,14,16,9.76
f9d95830556934ae9a01,15,7,4.27
f9d95830556934ae9a01,16,9,5.49
f9d95830556934ae9a01,17,0,0.0
f9d95830556934ae9a01,18,0,0.0
f9d95830556934ae9a01,19,0,0.0
f9d95830556934ae9a01,20,0,0.0
f9d95830556934ae9a01,21,0,0.0
f9d95830556934ae9a01,22,0,0.0
f9d95830556934ae9a01,23,0,0.0
06aff3e28c5db152f506,0,1,0.92
06aff3e28c5db152f506,1,0,0.0
06aff3e28c5db152f506,2,1,0.92
06aff3e28c5db152f506,3,5,4.59
06aff3e28c5db152f506,4,8,7.34
06aff3e28c5db152f506,5,2,1.83
06aff3e28c5db152f506,6,12,11.01
06aff3e28c5db152f506,7,6,5.5
06aff3e28c5db152f506,8,0,0.0
06aff3e28c5db152f506,9,5,4.59
06aff3e28c5db152f506,10,12,11.01
06aff3e28c5db152f506,11,5,4.59
06aff3e28c5db152f506,12,10,9.17
06aff3e28c5db152f506,13,8,7.34
06aff3e28c5db152f506,14,8,7.34
06aff3e28c5db152f506,15,15,13.76
06aff3e28c5db152f506,16,7,6.42
06aff3e28c5db152f506,17,0,0.0
06aff3e28c5db152f506,18,0,0.0
06aff3e28c5db152f506,19,0,0.0
06aff3e28c5db152f506,20,0,0.0
06aff3e28c5db152f506,21,0,0.0
06aff3e28c5db152f506,22,0,0.0
06aff3e28c5db152f506,23,4,3.67
3555053023c67d592439,0,0,0.0
3555053023c67d592439,1,2,2.44
3555053023c67d592439,2,2,2.44
3555053023c67d592439,3,2,2.44
3555053023c67d592439,4,6,7.32
3555053023c67d592439,5,5,6.1
3555053023c67d592439,6,0,0.0
3555053023c67d592439,7,0,0.0
3555053023c67d592439,8,11,13.41
3555053023c67d592439,9,5,6.1
3555053023c67d592439,10,2,2.44
3555053023c67d592439,11,6,7.32
3555053023c67d592439,12,6,7.32
3555053023c67d592439,13,4,4.88
3555053023c67d592439,14,17,20.73
3555053023c67d592439,15,14,17.07
3555053023c67d592439,16,0,0.0
3555053023c67d592439,17,0,0.0
3555053023c67d592439,18,0,0.0
3555053023c67d592439,19,0,0.0
3555053023c67d592439,20,0,0.0
3555053023c67d592439,21,0,0.0
3555053023c67d592439,22,0,0.0
3555053023c67d592439,23,0,0.0
f25a777dbbda3d4314d7,0,4,3.45
f25a777dbbda3d4314d7,1,0,0.0
f25a777dbbda3d4314d7,2,0,0.0
f25a777dbbda3d4314d7,3,0,0.0
f25a777dbbda3d4314d7,4,0,0.0
f25a777dbbda3d4314d7,5,1,0.86
f25a777dbbda3d4314d7,6,0,0.0
f25a777dbbda3d4314d7,7,0,0.0
f25a777dbbda3d4314d7,8,3,2.59
f25a777dbbda3d4314d7,9,5,4.31
f25a777dbbda3d4314d7,10,4,3.45
f25a777dbbda3d4314d7,11,7,6.03
f25a777dbbda3d4314d7,12,0,0.0
f25a777dbbda3d4314d7,13,21,18.1
f25a777dbbda3d4314d7,14,19,16.38
f25a777dbbda3d4314d7,15,46,39.66
f25a777dbbda3d4314d7,16,6,5.17
f25a777dbbda3d4314d7,17,0,0.0
f25a777dbbda3d4314d7,18,0,0.0
f25a777dbbda3d4314d7,19,0,0.0
f25a777dbbda3d4314d7,20,0,0.0
f25a777dbbda3d4314d7,21,0,0.0
f25a777dbbda3d4314d7,22,0,0.0
f25a777dbbda3d4314d7,23,0,0.0
41e9ff991a4a21f423a8,0,0,0.0
41e9ff991a4a21f423a8,1,0,0.0
41e9ff991a4a21f423a8,2,1,0.81
41e9ff991a4a21f423a8,3,0,0.0
41e9ff991a4a21f423a8,4,0,0.0
41e9ff991a4a21f423a8,5,3,2.44
41e9ff991a4a21f423a8,6,7,5.69
41e9ff991a4a21f423a8,7,13,10.57
41e9ff991a4a21f423a8,8,9,7.32
41e9ff991a4a21f423a8,9,12,9.76
41e9ff991a4a21f423a8,10,14,11.38
41e9ff991a4a21f423a8,11,8,6.5
41e9ff991a4a21f423a8,12,0,0.0
41e9ff991a4a21f423a8,13,20,16.26
41e9ff991a4a21f423a8,14,20,16.26
41e9ff991a4a21f423a8,15,15,12.2
41e9ff991a4a21f423a8,16,1,0.81
41e9ff991a4a21f423a8,17,0,0.0
41e9ff991a4a21f423a8,18,0,0.0
41e9ff991a4a21f423a8,19,0,0.0
41e9ff991a4a21f423a8,20,0,0.0
41e9ff991a4a21f423a8,21,0,0.0
41e9ff991a4a21f423a8,22,0,0.0
41e9ff991a4a21f423a8,23,0,0.0
6002b9ec0f4ad0b281cf,0,0,0.0
6002b9ec0f4ad0b281cf,1,0,0.0
6002b9ec0f4ad0b281cf,2,0,0.0
6002b9ec0f4ad0b281cf,3,1,0.94
6002b9ec0f4ad0b281cf,4,4,3.77
6002b9ec0f4ad0b281cf,5,6,5.66
6002b9ec0f4ad0b281cf,6,5,4.72
6002b9ec0f4ad0b281cf,7,8,7.55
6002b9ec0f4ad0b281cf,8,14,13.21
6002b9ec0f4ad0b281cf,9,12,11.32
6002b9ec0f4ad0b281cf,10,7,6.6
6002b9ec0f4ad0b281cf,11,8,7.55
6002b9ec0f4ad0b281cf,12,8,7.55
6002b9ec0f4ad0b281cf,13,19,17.92
6002b9ec0f4ad0b281cf,14,9,8.49
6002b9ec0f4ad0b281cf,15,5,4.72
6002b9ec0f4ad0b281cf,16,0,0.0
6002b9ec0f4ad0b281cf,17,0,0.0
6002b9ec0f4ad0b281cf,18,0,0.0
6002b9ec0f4ad0b281cf,19,0,0.0
6002b9ec0f4ad0b281cf,20,0,0.0
6002b9ec0f4ad0b281cf,21,0,0.0
6002b9ec0f4ad0b281cf,22,0,0.0
6002b9ec0f4ad0b281cf,23,0,0.0
0b8bea274b24847526b7,0,0,0.0
0b8bea274b24847526b7,1,0,0.0
0b8bea274b24847526b7,2,0,0.0
0b8bea274b24847526b7,3,2,2.74
0b8bea274b24847526b7,4,23,31.51
0b8bea274b24847526b7,5,0,0.0
0b8bea274b24847526b7,6,9,12.33
0b8bea274b24847526b7,7,1,1.37
0b8bea274b24847526b7,8,0,0.0
0b8bea274b24847526b7,9,2,2.74
0b8bea274b24847526b7,10,11,15.07
0b8bea274b24847526b7,11,14,19.18
0b8bea274b24847526b7,12,2,2.74
0b8bea274b24847526b7,13,9,12.33
0b8bea274b24847526b7,14,0,0.0
0b8bea274b24847526b7,15,0,0.0
0b8bea274b24847526b7,16,0,0.0
0b8bea274b24847526b7,17,0,0.0
0b8bea274b24847526b7,18,0,0.0
0b8bea274b24847526b7,19,0,0.0
0b8bea274b24847526b7,20,0,0.0
0b8bea274b24847526b7,21,0,0.0
0b8bea274b24847526b7,22,0,0.0
0b8bea274b24847526b7,23,0,0.0
f7a14eb1e15ceeea955c,0,0,0.0
f7a14eb1e15ceeea955c,1,4,3.08
f7a14eb1e15ceeea955c,2,2,1.54
f7a14eb1e15ceeea955c,3,1,0.77
f7a14eb1e15ceeea955c,4,15,11.54
f7a14eb1e15ceeea955c,5,0,0.0
f7a14eb1e15ceeea955c,6,9,6.92
f7a14eb1e15ceeea955c,7,9,6.92
f7a14eb1e15ceeea955c,8,17,13.08
f7a14eb1e15ceeea955c,9,5,3.85
f7a14eb1e15ceeea955c,10,15,11.54
f7a14eb1e15ceeea955c,11,5,3.85
f7a14eb1e15ceeea955c,12,4,3.08
f7a14eb1e15ceeea955c,13,35,26.92
f7a14eb1e15ceeea955c,14,9,6.92
f7a14eb1e15ceeea955c,15,0,0.0
f7a14eb1e15ceeea955c,16,0,0.0
f7a14eb1e15ceeea955c,17,0,0.0
f7a14eb1e15ceeea955c,18,0,0.0
f7a14eb1e15ceeea955c,19,0,0.0
f7a14eb1e15ceeea955c,20,0,0.0
f7a14eb1e15ceeea955c,21,0,0.0
f7a14eb1e15ceeea955c,22,0,0.0
f7a14eb1e15ceeea955c,23,0,0.0
68c45e933c2dc939e7c9,0,0,0.0
68c45e933c2dc939e7c9,1,1,0.63
68c45e933c2dc939e7c9,2,0,0.0
68c45e933c2dc939e7c9,3,1,0.63
68c45e933c2dc939e7c9,4,3,1.89
68c45e933c2dc939e7c9,5,21,13.21
68c45e933c2dc939e7c9,6,7,4.4
68c45e933c2dc939e7c9,7,18,11.32
68c45e933c2dc939e7c9,8,50,31.45
68c45e933c2dc939e7c9,9,18,11.32
68c45e933c2dc939e7c9,10,6,3.77
68c45e933c2dc939e7c9,11,5,3.14
68c45e933c2dc939e7c9,12,3,1.89
68c45e933c2dc939e7c9,13,16,10.06
68c45e933c2dc939e7c9,14,8,5.03
68c45e933c2dc939e7c9,15,2,1.26
68c45e933c2dc939e7c9,16,0,0.0
68c45e933c2dc939e7c9,17,0,0.0
68c45e933c2dc939e7c9,18,0,0.0
68c45e933c2dc939e7c9,19,0,0.0
68c45e933c2dc939e7c9,20,0,0.0
68c45e933c2dc939e7c9,21,0,0.0
68c45e933c2dc939e7c9,22,0,0.0
68c45e933c2dc939e7c9,23,0,0.0
a5966200ae4d58200438,0,8,7.27
a5966200ae4d58200438,1,2,1.82
a5966200ae4d58200438,2,3,2.73
a5966200ae4d58200438,3,0,0.0
a5966200ae4d58200438,4,10,9.09
a5966200ae4d58200438,5,3,2.73
a5966200ae4d58200438,6,2,1.82
a5966200ae4d58200438,7,0,0.0
a5966200ae4d58200438,8,11,10.0
a5966200ae4d58200438,9,1,0.91
a5966200ae4d58200438,10,0,0.0
a5966200ae4d58200438,11,0,0.0
a5966200ae4d58200438,12,9,8.18
a5966200ae4d58200438,13,15,13.64
a5966200ae4d58200438,14,44,40.0
a5966200ae4d58200438,15,0,0.0
a5966200ae4d58200438,16,0,0.0
a5966200ae4d58200438,17,0,0.0
a5966200ae4d58200438,18,0,0.0
a5966200ae4d58200438,19,0,0.0
a5966200ae4d58200438,20,0,0.0
a5966200ae4d58200438,21,0,0.0
a5966200ae4d58200438,22,0,0.0
a5966200ae4d58200438,23,2,1.82
6e8118d5ad3c7093b869,0,0,0.0
6e8118d5ad3c7093b869,1,0,0.0
6e8118d5ad3c7093b869,2,0,0.0
6e8118d5ad3c7093b869,3,0,0.0
6e8118d5ad3c7093b869,4,3,2.7
6e8118d5ad3c7093b869,5,23,20.72
6e8118d5ad3c7093b869,6,19,17.12
6e8118d5ad3c7093b869,7,4,3.6
6e8118d5ad3c7093b869,8,1,0.9
6e8118d5ad3c7093b869,9,10,9.01
6e8118d5ad3c7093b869,10,5,4.5
6e8118d5ad3c7093b869,11,7,6.31
6e8118d5ad3c7093b869,12,13,11.71
6e8118d5ad3c7093b869,13,5,4.5
6e8118d5ad3c7093b869,14,18,16.22
6e8118d5ad3c7093b869,15,3,2.7
6e8118d5ad3c7093b869,16,0,0.0
6e8118d5ad3c7093b869,17,0,0.0
6e8118d5ad3c7093b869,18,0,0.0
6e8118d5ad3c7093b869,19,0,0.0
6e8118d5ad3c7093b869,20,0,0.0
6e8118d5ad3c7093b869,21,0,0.0
6e8118d5ad3c7093b869,22,0,0.0
6e8118d5ad3c7093b869,23,0,0.0
2f3c37735e817244e646,0,0,0.0
2f3c37735e817244e646,1,1,1.27
2f3c37735e817244e646,2,1,1.27
2f3c37735e817244e646,3,3,3.8
2f3c37735e817244e646,4,1,1.27
2f3c37735e817244e646,5,0,0.0
2f3c37735e817244e646,6,0,0.0
2f3c37735e817244e646,7,3,3.8
2f3c37735e817244e646,8,9,11.39
2f3c37735e817244e646,9,3,3.8
2f3c37735e817244e646,10,9,11.39
2f3c37735e817244e646,11,12,15.19
2f3c37735e817244e646,12,9,11.39
2f3c37735e817244e646,13,8,10.13
2f3c37735e817244e646,14,13,16.46
2f3c37735e817244e646,15,5,6.33
2f3c37735e817244e646,16,2,2.53
2f3c37735e817244e646,17,0,0.0
2f3c37735e817244e646,18,0,0.0
2f3c37735e817244e646,19,0,0.0
2f3c37735e817244e646,20,0,0.0
2f3c37735e817244e646,21,0,0.0
2f3c37735e817244e646,22,0,0.0
2f3c37735e817244e646,23,0,0.0
95889f5d20e344714084,0,0,0.0
95889f5d20e344714084,1,7,4.55
95889f5d20e344714084,2,0,0.0
95889f5d20e344714084,3,3,1.95
95889f5d20e344714084,4,13,8.44
95889f5d20e344714084,5,1,0.65
95889f5d20e344714084,6,8,5.19
95889f5d20e344714084,7,2,1.3
95889f5d20e344714084,8,14,9.09
95889f5d20e344714084,9,0,0.0
95889f5d20e344714084,10,6,3.9
95889f5d20e344714084,11,21,13.64
95889f5d20e344714084,12,14,9.09
95889f5d20e344714084,13,11,7.14
95889f5d20e344714084,14,34,22.08
95889f5d20e344714084,15,20,12.99
95889f5d20e344714084,16,0,0.0
95889f5d20e344714084,17,0,0.0
95889f5d20e344714084,18,0,0.0
95889f5d20e344714084,19,0,0.0
95889f5d20e344714084,20,0,0.0
95889f5d20e344714084,21,0,0.0
95889f5d20e344714084,22,0,0.0
95889f5d20e344714084,23,0,0.0
1329b6cf41debecda787,0,0,0.0
1329b6cf41debecda787,1,0,0.0
1329b6cf41debecda787,2,2,2.04
1329b6cf41debecda787,3,4,4.08
1329b6cf41debecda787,4,0,0.0
1329b6cf41debecda787,5,2,2.04
1329b6cf41debecda787,6,0,0.0
1329b6cf41debecda787,7,0,0.0
1329b6cf41debecda787,8,4,4.08
1329b6cf41debecda787,9,1,1.02
1329b6cf41debecda787,10,5,5.1
1329b6cf41debecda787,11,8,8.16
1329b6cf41debecda787,12,2,2.04
1329b6cf41debecda787,13,13,13.27
1329b6cf41debecda787,14,39,39.8
1329b6cf41debecda787,15,18,18.37
1329b6cf41debecda787,16,0,0.0
1329b6cf41debecda787,17,0,0.0
1329b6cf41debecda787,18,0,0.0
1329b6cf41debecda787,19,0,0.0
1329b6cf41debecda787,20,0,0.0
1329b6cf41debecda787,21,0,0.0
1329b6cf41debecda787,22,0,0.0
1329b6cf41debecda787,23,0,0.0
cb2fbb322cc30a8b8fef,0,0,0.0
cb2fbb322cc30a8b8fef,1,0,0.0
cb2fbb322cc30a8b8fef,2,3,2.11
cb2fbb322cc30a8b8fef,3,0,0.0
cb2fbb322cc30a8b8fef,4,0,0.0
cb2fbb322cc30a8b8fef,5,0,0.0
cb2fbb322cc30a8b8fef,6,0,0.0
cb2fbb322cc30a8b8fef,7,1,0.7
cb2fbb322cc30a8b8fef,8,12,8.45
cb2fbb322cc30a8b8fef,9,8,5.63
cb2fbb322cc30a8b8fef,10,3,2.11
cb2fbb322cc30a8b8fef,11,10,7.04
cb2fbb322cc30a8b8fef,12,0,0.0
cb2fbb322cc30a8b8fef,13,17,11.97
cb2fbb322cc30a8b8fef,14,32,22.54
cb2fbb322cc30a8b8fef,15,56,39.44
cb2fbb322cc30a8b8fef,16,0,0.0
cb2fbb322cc30a8b8fef,17,0,0.0
cb2fbb322cc30a8b8fef,18,0,0.0
cb2fbb322cc30a8b8fef,19,0,0.0
cb2fbb322cc30a8b8fef,20,0,0.0
cb2fbb322cc30a8b8fef,21,0,0.0
cb2fbb322cc30a8b8fef,22,0,0.0
cb2fbb322cc30a8b8fef,23,0,0.0
daf693769d8638a22ee9,0,0,0.0
daf693769d8638a22ee9,1,0,0.0
daf693769d8638a22ee9,2,2,2.13
daf693769d8638a22ee9,3,3,3.19
daf693769d8638a22ee9,4,1,1.06
daf693769d8638a22ee9,5,9,9.57
daf693769d8638a22ee9,6,10,10.64
daf693769d8638a22ee9,7,10,10.64
daf693769d8638a22ee9,8,19,20.21
daf693769d8638a22ee9,9,5,5.32
daf693769d8638a22ee9,10,8,8.51
daf693769d8638a22ee9,11,4,4.26
daf693769d8638a22ee9,12,3,3.19
daf693769d8638a22ee9,13,14,14.89
daf693769d8638a22ee9,14,6,6.38
daf693769d8638a22ee9,15,0,0.0
daf693769d8638a22ee9,16,0,0.0
daf693769d8638a22ee9,17,0,0.0
daf693769d8638a22ee9,18,0,0.0
daf693769d8638a22ee9,19,0,0.0
daf693769d8638a22ee9,20,0,0.0
daf693769d8638a22ee9,21,0,0.0
daf693769d8638a22ee9,22,0,0.0
daf693769d8638a22ee9,23,0,0.0
da2199a7da15995db5ff,0,5,5.26
da2199a7da15995db5ff,1,7,7.37
da2199a7da15995db5ff,2,5,5.26
da2199a7da15995db5ff,3,0,0.0
da2199a7da15995db5ff,4,4,4.21
da2199a7da15995db5ff,5,3,3.16
da2199a7da15995db5ff,6,5,5.26
da2199a7da15995db5ff,7,1,1.05
da2199a7da15995db5ff,8,12,12.63
da2199a7da15995db5ff,9,4,4.21
da2199a7da15995db5ff,10,7,7.37
da2199a7da15995db5ff,11,15,15.79
da2199a7da15995db5ff,12,11,11.58
da2199a7da15995db5ff,13,4,4.21
da2199a7da15995db5ff,14,10,10.53
da2199a7da15995db5ff,15,2,2.11
da2199a7da15995db5ff,16,0,0.0
da2199a7da15995db5ff,17,0,0.0
da2199a7da15995db5ff,18,0,0.0
da2199a7da15995db5ff,19,0,0.0
da2199a7da15995db5ff,20,0,0.0
da2199a7da15995db5ff,21,0,0.0
da2199a7da15995db5ff,22,0,0.0
da2199a7da15995db5ff,23,0,0.0
460fa4961434cf281423,0,3,2.4
460fa4961434cf281423,1,7,5.6
460fa4961434cf281423,2,3,2.4
460fa4961434cf281423,3,4,3.2
460fa4961434cf281423,4,5,4.0
460fa4961434cf281423,5,5,4.0
460fa4961434cf281423,6,1,0.8
460fa4961434cf281423,7,11,8.8
460fa4961434cf281423,8,8,6.4
460fa4961434cf281423,9,1,0.8
460fa4961434cf281423,10,2,1.6
460fa4961434cf281423,11,17,13.6
460fa4961434cf281423,12,1,0.8
460fa4961434cf281423,13,17,13.6
460fa4961434cf281423,14,30,24.0
460fa4961434cf281423,15,10,8.0
460fa4961434cf281423,16,0,0.0
460fa4961434cf281423,17,0,0.0
460fa4961434cf281423,18,0,0.0
460fa4961434cf281423,19,0,0.0
460fa4961434cf281423,20,0,0.0
460fa4961434cf281423,21,0,0.0
460fa4961434cf281423,22,0,0.0
460fa4961434cf281423,23,0,0.0
18654732ca312afc173f,0,7,3.98
18654732ca312afc173f,1,11,6.25
18654732ca312afc173f,2,9,5.11
18654732ca312afc173f,3,13,7.39
18654732ca312afc173f,4,8,4.55
18654732ca312afc173f,5,9,5.11
18654732ca312afc173f,6,18,10.23
18654732ca312afc173f,7,6,3.41
18654732ca312afc173f,8,16,9.09
18654732ca312afc173f,9,9,5.11
18654732ca312afc173f,10,14,7.95
18654732ca312afc173f,11,20,11.36
18654732ca312afc173f,12,5,2.84
18654732ca312afc173f,13,4,2.27
18654732ca312afc173f,14,22,12.5
18654732ca312afc173f,15,5,2.84
18654732ca312afc173f,16,0,0.0
18654732ca312afc173f,17,0,0.0
18654732ca312afc173f,18,0,0.0
18654732ca312afc173f,19,0,0.0
18654732ca312afc173f,20,0,0.0
18654732ca312afc173f,21,0,0.0
18654732ca312afc173f,22,0,0.0
18654732ca312afc173f,23,0,0.0
7c3fa9ed66d940d49692,0,8,4.73
7c3fa9ed66d940d49692,1,12,7.1
7c3fa9ed66d940d49692,2,3,1.78
7c3fa9ed66d940d49692,3,7,4.14
7c3fa9ed66d940d49692,4,17,10.06
7c3fa9ed66d940d49692,5,17,10.06
7c3fa9ed66d940d49692,6,25,14.79
7c3fa9ed66d940d49692,7,12,7.1
7c3fa9ed66d940d49692,8,5,2.96
7c3fa9ed66d940d49692,9,5,2.96
7c3fa9ed66d940d49692,10,12,7.1
7c3fa9ed66d940d49692,11,8,4.73
7c3fa9ed66d940d49692,12,7,4.14
7c3fa9ed66d940d49692,13,1,0.59
7c3fa9ed66d940d49692,14,11,6.51
7c3fa9ed66d940d49692,15,12,7.1
7c3fa9ed66d940d49692,16,0,0.0
7c3fa9ed66d940d49692,17,0,0.0
7c3fa9ed66d940d49692,18,0,0.0
7c3fa9ed66d940d49692,19,0,0.0
7c3fa9ed66d940d49692,20,0,0.0
7c3fa9ed66d940d49692,21,0,0.0
7c3fa9ed66d940d49692,22,0,0.0
7c3fa9ed66d940d49692,23,7,4.14
6486c0664d217470d126,0,6,7.89
6486c0664d217470d126,1,8,10.53
6486c0664d217470d126,2,7,9.21
6486c0664d217470d126,3,7,9.21
6486c0664d217470d126,4,1,1.32
6486c0664d217470d126,5,1,1.32
6486c0664d217470d126,6,2,2.63
6486c0664d217470d126,7,10,13.16
6486c0664d217470d126,8,4,5.26
6486c0664d217470d126,9,1,1.32
6486c0664d217470d126,10,6,7.89
6486c0664d217470d126,11,14,18.42
6486c0664d217470d126,12,9,11.84
6486c0664d217470d126,13,0,0.0
6486c0664d217470d126,14,0,0.0
6486c0664d217470d126,15,0,0.0
6486c0664d217470d126,16,0,0.0
6486c0664d217470d126,17,0,0.0
6486c0664d217470d126,18,0,0.0
6486c0664d217470d126,19,0,0.0
6486c0664d217470d126,20,0,0.0
6486c0664d217470d126,21,0,0.0
6486c0664d217470d126,22,0,0.0
6486c0664d217470d126,23,0,0.0
af8dedf6ecb4605a09fa,0,0,0.0
af8dedf6ecb4605a09fa,1,1,0.52
af8dedf6ecb4605a09fa,2,7,3.61
af8dedf6ecb4605a09fa,3,6,3.09
af8dedf6ecb4605a09fa,4,7,3.61
af8dedf6ecb4605a09fa,5,13,6.7
af8dedf6ecb4605a09fa,6,26,13.4
af8dedf6ecb4605a09fa,7,15,7.73
af8dedf6ecb4605a09fa,8,7,3.61
af8dedf6ecb4605a09fa,9,15,7.73
af8dedf6ecb4605a09fa,10,12,6.19
af8dedf6ecb4605a09fa,11,10,5.15
af8dedf6ecb4605a09fa,12,28,14.43
af8dedf6ecb4605a09fa,13,6,3.09
af8dedf6ecb4605a09fa,14,11,5.67
af8dedf6ecb4605a09fa,15,25,12.89
af8dedf6ecb4605a09fa,16,5,2.58
af8dedf6ecb4605a09fa,17,0,0.0
af8dedf6ecb4605a09fa,18,0,0.0
af8dedf6ecb4605a09fa,19,0,0.0
af8dedf6ecb4605a09fa,20,0,0.0
af8dedf6ecb4605a09fa,21,0,0.0
af8dedf6ecb4605a09fa,22,0,0.0
af8dedf6ecb4605a09fa,23,0,0.0
d2e033f11edce44fea3d,0,0,0.0
d2e033f11edce44fea3d,1,0,0.0
d2e033f11edce44fea3d,2,0,0.0
d2e033f11edce44fea3d,3,3,4.11
d2e033f11edce44fea3d,4,1,1.37
d2e033f11edce44fea3d,5,1,1.37
d2e033f11edce44fea3d,6,3,4.11
d2e033f11edce44fea3d,7,7,9.59
d2e033f11edce44fea3d,8,6,8.22
d2e033f11edce44fea3d,9,7,9.59
d2e033f11edce44fea3d,10,2,2.74
d2e033f11edce44fea3d,11,2,2.74
d2e033f11edce44fea3d,12,9,12.33
d2e033f11edce44fea3d,13,5,6.85
d2e033f11edce44fea3d,14,10,13.7
d2e033f11edce44fea3d,15,16,21.92
d2e033f11edce44fea3d,16,1,1.37
d2e033f11edce44fea3d,17,0,0.0
d2e033f11edce44fea3d,18,0,0.0
d2e033f11edce44fea3d,19,0,0.0
d2e033f11edce44fea3d,20,0,0.0
d2e033f11edce44fea3d,21,0,0.0
d2e033f11edce44fea3d,22,0,0.0
d2e033f11edce44fea3d,23,0,0.0
c955c51bfd07134bc831,0,0,0.0
c955c51bfd07134bc831,1,0,0.0
c955c51bfd07134bc831,2,1,1.06
c955c51bfd07134bc831,3,0,0.0
c955c51bfd07134bc831,4,2,2.13
c955c51bfd07134bc831,5,3,3.19
c955c51bfd07134bc831,6,6,6.38
c955c51bfd07134bc831,7,7,7.45
c955c51bfd07134bc831,8,21,22.34
c955c51bfd07134bc831,9,6,6.38
c955c51bfd07134bc831,10,5,5.32
c955c51bfd07134bc831,11,8,8.51
c955c51bfd07134bc831,12,5,5.32
c955c51bfd07134bc831,13,1,1.06
c955c51bfd07134bc831,14,9,9.57
c955c51bfd07134bc831,15,16,17.02
c955c51bfd07134bc831,16,4,4.26
c955c51bfd07134bc831,17,0,0.0
c955c51bfd07134bc831,18,0,0.0
c955c51bfd07134bc831,19,0,0.0
c955c51bfd07134bc831,20,0,0.0
c955c51bfd07134bc831,21,0,0.0
c955c51bfd07134bc831,22,0,0.0
c955c51bfd07134bc831,23,0,0.0
906ffe092972df38360a,0,6,6.74
906ffe092972df38360a,1,5,5.62
906ffe092972df38360a,2,2,2.25
906ffe092972df38360a,3,6,6.74
906ffe092972df38360a,4,1,1.12
906ffe092972df38360a,5,5,5.62
906ffe092972df38360a,6,6,6.74
906ffe092972df38360a,7,1,1.12
906ffe092972df38360a,8,7,7.87
906ffe092972df38360a,9,3,3.37
906ffe092972df38360a,10,30,33.71
906ffe092972df38360a,11,6,6.74
906ffe092972df38360a,12,3,3.37
906ffe092972df38360a,13,5,5.62
906ffe092972df38360a,14,1,1.12
906ffe092972df38360a,15,2,2.25
906ffe092972df38360a,16,0,0.0
906ffe092972df38360a,17,0,0.0
906ffe092972df38360a,18,0,0.0
906ffe092972df38360a,19,0,0.0
906ffe092972df38360a,20,0,0.0
906ffe092972df38360a,21,0,0.0
906ffe092972df38360a,22,0,0.0
906ffe092972df38360a,23,0,0.0
e6c8ce7f4d7b0b4ca4a6,0,2,1.79
e6c8ce7f4d7b0b4ca4a6,1,6,5.36
e6c8ce7f4d7b0b4ca4a6,2,4,3.57
e6c8ce7f4d7b0b4ca4a6,3,7,6.25
e6c8ce7f4d7b0b4ca4a6,4,8,7.14
e6c8ce7f4d7b0b4ca4a6,5,3,2.68
e6c8ce7f4d7b0b4ca4a6,6,4,3.57
e6c8ce7f4d7b0b4ca4a6,7,3,2.68
e6c8ce7f4d7b0b4ca4a6,8,5,4.46
e6c8ce7f4d7b0b4ca4a6,9,1,0.89
e6c8ce7f4d7b0b4ca4a6,10,0,0.0
e6c8ce7f4d7b0b4ca4a6,11,8,7.14
e6c8ce7f4d7b0b4ca4a6,12,8,7.14
e6c8ce7f4d7b0b4ca4a6,13,2,1.79
e6c8ce7f4d7b0b4ca4a6,14,26,23.21
e6c8ce7f4d7b0b4ca4a6,15,14,12.5
e6c8ce7f4d7b0b4ca4a6,16,0,0.0
e6c8ce7f4d7b0b4ca4a6,17,0,0.0
e6c8ce7f4d7b0b4ca4a6,18,0,0.0
e6c8ce7f4d7b0b4ca4a6,19,0,0.0
e6c8ce7f4d7b0b4ca4a6,20,0,0.0
e6c8ce7f4d7b0b4ca4a6,21,0,0.0
e6c8ce7f4d7b0b4ca4a6,22,6,5.36
e6c8ce7f4d7b0b4ca4a6,23,5,4.46
5a8cce5abee961fc77f3,0,0,0.0
5a8cce5abee961fc77f3,1,0,0.0
5a8cce5abee961fc77f3,2,0,0.0
5a8cce5abee961fc77f3,3,1,1.05
5a8cce5abee961fc77f3,4,0,0.0
5a8cce5abee961fc77f3,5,1,1.05
5a8cce5abee961fc77f3,6,1,1.05
5a8cce5abee961fc77f3,7,2,2.11
5a8cce5abee961fc77f3,8,1,1.05
5a8cce5abee961fc77f3,9,6,6.32
5a8cce5abee961fc77f3,10,1,1.05
5a8cce5abee961fc77f3,11,4,4.21
5a8cce5abee961fc77f3,12,23,24.21
5a8cce5abee961fc77f3,13,14,14.74
5a8cce5abee961fc77f3,14,29,30.53
5a8cce5abee961fc77f3,15,12,12.63
5a8cce5abee961fc77f3,16,0,0.0
5a8cce5abee961fc77f3,17,0,0.0
5a8cce5abee961fc77f3,18,0,0.0
5a8cce5abee961fc77f3,19,0,0.0
5a8cce5abee961fc77f3,20,0,0.0
5a8cce5abee961fc77f3,21,0,0.0
5a8cce5abee961fc77f3,22,0,0.0
5a8cce5abee961fc77f3,23,0,0.0
0c670262b3941d307600,0,1,0.94
0c670262b3941d307600,1,5,4.72
0c670262b3941d307600,2,0,0.0
0c670262b3941d307600,3,4,3.77
0c670262b3941d307600,4,0,0.0
0c670262b3941d307600,5,1,0.94
0c670262b3941d307600,6,0,0.0
0c670262b3941d307600,7,0,0.0
0c670262b3941d307600,8,0,0.0
0c670262b3941d307600,9,0,0.0
0c670262b3941d307600,10,9,8.49
0c670262b3941d307600,11,31,29.25
0c670262b3941d307600,12,5,4.72
0c670262b3941d307600,13,0,0.0
0c670262b3941d307600,14,16,15.09
0c670262b3941d307600,15,29,27.36
0c670262b3941d307600,16,4,3.77
0c670262b3941d307600,17,1,0.94
0c670262b3941d307600,18,0,0.0
0c670262b3941d307600,19,0,0.0
0c670262b3941d307600,20,0,0.0
0c670262b3941d307600,21,0,0.0
0c670262b3941d307600,22,0,0.0
0c670262b3941d307600,23,0,0.0
7d882daa0b4d418d1d0c,0,0,0.0
7d882daa0b4d418d1d0c,1,3,2.31
7d882daa0b4d418d1d0c,2,0,0.0
7d882daa0b4d418d1d0c,3,0,0.0
7d882daa0b4d418d1d0c,4,0,0.0
7d882daa0b4d418d1d0c,5,0,0.0
7d882daa0b4d418d1d0c,6,5,3.85
7d882daa0b4d418d1d0c,7,6,4.62
7d882daa0b4d418d1d0c,8,8,6.15
7d882daa0b4d418d1d0c,9,3,2.31
7d882daa0b4d418d1d0c,10,21,16.15
7d882daa0b4d418d1d0c,11,36,27.69
7d882daa0b4d418d1d0c,12,23,17.69
7d882daa0b4d418d1d0c,13,13,10.0
7d882daa0b4d418d1d0c,14,12,9.23
7d882daa0b4d418d1d0c,15,0,0.0
7d882daa0b4d418d1d0c,16,0,0.0
7d882daa0b4d418d1d0c,17,0,0.0
7d882daa0b4d418d1d0c,18,0,0.0
7d882daa0b4d418d1d0c,19,0,0.0
7d882daa0b4d418d1d0c,20,0,0.0
7d882daa0b4d418d1d0c,21,0,0.0
7d882daa0b4d418d1d0c,22,0,0.0
7d882daa0b4d418d1d0c,23,0,0.0
d33a15d480f68c6ec82f,0,0,0.0
d33a15d480f68c6ec82f,1,0,0.0
d33a15d480f68c6ec82f,2,0,0.0
d33a15d480f68c6ec82f,3,0,0.0
d33a15d480f68c6ec82f,4,10,11.76
d33a15d480f68c6ec82f,5,0,0.0
d33a15d480f68c6ec82f,6,0,0.0
d33a15d480f68c6ec82f,7,0,0.0
d33a15d480f68c6ec82f,8,1,1.18
d33a15d480f68c6ec82f,9,0,0.0
d33a15d480f68c6ec82f,10,1,1.18
d33a15d480f68c6ec82f,11,15,17.65
d33a15d480f68c6ec82f,12,8,9.41
d33a15d480f68c6ec82f,13,3,3.53
d33a15d480f68c6ec82f,14,26,30.59
d33a15d480f68c6ec82f,15,18,21.18
d33a15d480f68c6ec82f,16,2,2.35
d33a15d480f68c6ec82f,17,0,0.0
d33a15d480f68c6ec82f,18,0,0.0
d33a15d480f68c6ec82f,19,0,0.0
d33a15d480f68c6ec82f,20,0,0.0
d33a15d480f68c6ec82f,21,0,0.0
d33a15d480f68c6ec82f,22,0,0.0
d33a15d480f68c6ec82f,23,1,1.18
db2418c575c0a4f7239d,0,0,0.0
db2418c575c0a4f7239d,1,2,1.63
db2418c575c0a4f7239d,2,0,0.0
db2418c575c0a4f7239d,3,0,0.0
db2418c575c0a4f7239d,4,16,13.01
db2418c575c0a4f7239d,5,12,9.76
db2418c575c0a4f7239d,6,1,0.81
db2418c575c0a4f7239d,7,2,1.63
db2418c575c0a4f7239d,8,7,5.69
db2418c575c0a4f7239d,9,0,0.0
db2418c575c0a4f7239d,10,14,11.38
db2418c575c0a4f7239d,11,0,0.0
db2418c575c0a4f7239d,12,20,16.26
db2418c575c0a4f7239d,13,21,17.07
db2418c575c0a4f7239d,14,14,11.38
db2418c575c0a4f7239d,15,14,11.38
db2418c575c0a4f7239d,16,0,0.0
db2418c575c0a4f7239d,17,0,0.0
db2418c575c0a4f7239d,18,0,0.0
db2418c575c0a4f7239d,19,0,0.0
db2418c575c0a4f7239d,20,0,0.0
db2418c575c0a4f7239d,21,0,0.0
db2418c575c0a4f7239d,22,0,0.0
db2418c575c0a4f7239d,23,0,0.0
8f98bfcea1b9f0dba97e,0,1,1.08
8f98bfcea1b9f0dba97e,1,0,0.0
8f98bfcea1b9f0dba97e,2,1,1.08
8f98bfcea1b9f0dba97e,3,4,4.3
8f98bfcea1b9f0dba97e,4,0,0.0
8f98bfcea1b9f0dba97e,5,0,0.0
8f98bfcea1b9f0dba97e,6,3,3.23
8f98bfcea1b9f0dba97e,7,0,0.0
8f98bfcea1b9f0dba97e,8,3,3.23
8f98bfcea1b9f0dba97e,9,9,9.68
8f98bfcea1b9f0dba97e,10,6,6.45
8f98bfcea1b9f0dba97e,11,5,5.38
8f98bfcea1b9f0dba97e,12,16,17.2
8f98bfcea1b9f0dba97e,13,24,25.81
8f98bfcea1b9f0dba97e,14,19,20.43
8f98bfcea1b9f0dba97e,15,2,2.15
8f98bfcea1b9f0dba97e,16,0,0.0
8f98bfcea1b9f0dba97e,17,0,0.0
8f98bfcea1b9f0dba97e,18,0,0.0
8f98bfcea1b9f0dba97e,19,0,0.0
8f98bfcea1b9f0dba97e,20,0,0.0
8f98bfcea1b9f0dba97e,21,0,0.0
8f98bfcea1b9f0dba97e,22,0,0.0
8f98bfcea1b9f0dba97e,23,0,0.0
5d580a610c7f8114eb5c,0,0,0.0
5d580a610c7f8114eb5c,1,2,2.6
5d580a610c7f8114eb5c,2,0,0.0
5d580a610c7f8114eb5c,3,1,1.3
5d580a610c7f8114eb5c,4,0,0.0
5d580a610c7f8114eb5c,5,4,5.19
5d580a610c7f8114eb5c,6,0,0.0
5d580a610c7f8114eb5c,7,3,3.9
5d580a610c7f8114eb5c,8,14,18.18
5d580a610c7f8114eb5c,9,6,7.79
5d580a610c7f8114eb5c,10,9,11.69
5d580a610c7f8114eb5c,11,7,9.09
5d580a610c7f8114eb5c,12,5,6.49
5d580a610c7f8114eb5c,13,4,5.19
5d580a610c7f8114eb5c,14,10,12.99
5d580a610c7f8114eb5c,15,12,15.58
5d580a610c7f8114eb5c,16,0,0.0
5d580a610c7f8114eb5c,17,0,0.0
5d580a610c7f8114eb5c,18,0,0.0
5d580a610c7f8114eb5c,19,0,0.0
5d580a610c7f8114eb5c,20,0,0.0
5d580a610c7f8114eb5c,21,0,0.0
5d580a610c7f8114eb5c,22,0,0.0
5d580a610c7f8114eb5c,23,0,0.0
5c33bb784bb99763ed74,0,0,0.0
5c33bb784bb99763ed74,1,0,0.0
5c33bb784bb99763ed74,2,1,0.99
5c33bb784bb99763ed74,3,10,9.9
5c33bb784bb99763ed74,4,4,3.96
5c33bb784bb99763ed74,5,2,1.98
5c33bb784bb99763ed74,6,26,25.74
5c33bb784bb99763ed74,7,0,0.0
5c33bb784bb99763ed74,8,0,0.0
5c33bb784bb99763ed74,9,2,1.98
5c33bb784bb99763ed74,10,1,0.99
5c33bb784bb99763ed74,11,2,1.98
5c33bb784bb99763ed74,12,1,0.99
5c33bb784bb99763ed74,13,6,5.94
5c33bb784bb99763ed74,14,35,34.65
5c33bb784bb99763ed74,15,9,8.91
5c33bb784bb99763ed74,16,2,1.98
5c33bb784bb99763ed74,17,0,0.0
5c33bb784bb99763ed74,18,0,0.0
5c33bb784bb99763ed74,19,0,0.0
5c33bb784bb99763ed74,20,0,0.0
5c33bb784bb99763ed74,21,0,0.0
5c33bb784bb99763ed74,22,0,0.0
5c33bb784bb99763ed74,23,0,0.0
058c03d945c4ae0978a0,0,0,0.0
058c03d945c4ae0978a0,1,0,0.0
058c03d945c4ae0978a0,2,0,0.0
058c03d945c4ae0978a0,3,1,1.45
058c03d945c4ae0978a0,4,0,0.0
058c03d945c4ae0978a0,5,0,0.0
058c03d945c4ae0978a0,6,0,0.0
058c03d945c4ae0978a0,7,4,5.8
058c03d945c4ae0978a0,8,6,8.7
058c03d945c4ae0978a0,9,6,8.7
058c03d945c4ae0978a0,10,5,7.25
058c03d945c4ae0978a0,11,6,8.7
058c03d945c4ae0978a0,12,13,18.84
058c03d945c4ae0978a0,13,9,13.04
058c03d945c4ae0978a0,14,14,20.29
058c03d945c4ae0978a0,15,5,7.25
058c03d945c4ae0978a0,16,0,0.0
058c03d945c4ae0978a0,17,0,0.0
058c03d945c4ae0978a0,18,0,0.0
058c03d945c4ae0978a0,19,0,0.0
058c03d945c4ae0978a0,20,0,0.0
058c03d945c4ae0978a0,21,0,0.0
058c03d945c4ae0978a0,22,0,0.0
058c03d945c4ae0978a0,23,0,0.0
bfc3a5cb3b9c29f08176,0,0,0.0
bfc3a5cb3b9c29f08176,1,2,1.12
bfc3a5cb3b9c29f08176,2,6,3.37
bfc3a5cb3b9c29f08176,3,1,0.56
bfc3a5cb3b9c29f08176,4,0,0.0
bfc3a5cb3b9c29f08176,5,2,1.12
bfc3a5cb3b9c29f08176,6,0,0.0
bfc3a5cb3b9c29f08176,7,0,0.0
bfc3a5cb3b9c29f08176,8,4,2.25
bfc3a5cb3b9c29f08176,9,28,15.73
bfc3a5cb3b9c29f08176,10,32,17.98
bfc3a5cb3b9c29f08176,11,17,9.55
bfc3a5cb3b9c29f08176,12,27,15.17
bfc3a5cb3b9c29f08176,13,6,3.37
bfc3a5cb3b9c29f08176,14,33,18.54
bfc3a5cb3b9c29f08176,15,9,5.06
bfc3a5cb3b9c29f08176,16,11,6.18
bfc3a5cb3b9c29f08176,17,0,0.0
bfc3a5cb3b9c29f08176,18,0,0.0
bfc3a5cb3b9c29f08176,19,0,0.0
bfc3a5cb3b9c29f08176,20,0,0.0
bfc3a5cb3b9c29f08176,21,0,0.0
bfc3a5cb3b9c29f08176,22,0,0.0
bfc3a5cb3b9c29f08176,23,0,0.0
a4bfb84ab74e59389e7a,0,0,0.0
a4bfb84ab74e59389e7a,1,5,2.19
a4bfb84ab74e59389e7a,2,0,0.0
a4bfb84ab74e59389e7a,3,1,0.44
a4bfb84ab74e59389e7a,4,8,3.51
a4bfb84ab74e59389e7a,5,7,3.07
a4bfb84ab74e59389e7a,6,7,3.07
a4bfb84ab74e59389e7a,7,4,1.75
a4bfb84ab74e59389e7a,8,26,11.4
a4bfb84ab74e59389e7a,9,2,0.88
a4bfb84ab74e59389e7a,10,3,1.32
a4bfb84ab74e59389e7a,11,6,2.63
a4bfb84ab74e59389e7a,12,1,0.44
a4bfb84ab74e59389e7a,13,6,2.63
a4bfb84ab74e59389e7a,14,30,13.16
a4bfb84ab74e59389e7a,15,104,45.61
a4bfb84ab74e59389e7a,16,18,7.89
a4bfb84ab74e59389e7a,17,0,0.0
a4bfb84ab74e59389e7a,18,0,0.0
a4bfb84ab74e59389e7a,19,0,0.0
a4bfb84ab74e59389e7a,20,0,0.0
a4bfb84ab74e59389e7a,21,0,0.0
a4bfb84ab74e59389e7a,22,0,0.0
a4bfb84ab74e59389e7a,23,0,0.0
152a0c17daaaa4e65e14,0,0,0.0
152a0c17daaaa4e65e14,1,1,1.01
152a0c17daaaa4e65e14,2,0,0.0
152a0c17daaaa4e65e14,3,0,0.0
152a0c17daaaa4e65e14,4,0,0.0
152a0c17daaaa4e65e14,5,3,3.03
152a0c17daaaa4e65e14,6,6,6.06
152a0c17daaaa4e65e14,7,3,3.03
152a0c17daaaa4e65e14,8,4,4.04
152a0c17daaaa4e65e14,9,4,4.04
152a0c17daaaa4e65e14,10,4,4.04
152a0c17daaaa4e65e14,11,14,14.14
152a0c17daaaa4e65e14,12,6,6.06
152a0c17daaaa4e65e14,13,1,1.01
152a0c17daaaa4e65e14,14,14,14.14
152a0c17daaaa4e65e14,15,18,18.18
152a0c17daaaa4e65e14,16,13,13.13
152a0c17daaaa4e65e14,17,0,0.0
152a0c17daaaa4e65e14,18,0,0.0
152a0c17daaaa4e65e14,19,0,0.0
152a0c17daaaa4e65e14,20,0,0.0
152a0c17daaaa4e65e14,21,0,0.0
152a0c17daaaa4e65e14,22,0,0.0
152a0c17daaaa4e65e14,23,8,8.08
ee1ef9674f9e0bfca48b,0,0,0.0
ee1ef9674f9e0bfca48b,1,0,0.0
ee1ef9674f9e0bfca48b,2,6,9.68
ee1ef9674f9e0bfca48b,3,0,0.0
ee1ef9674f9e0bfca48b,4,1,1.61
ee1ef9674f9e0bfca48b,5,7,11.29
ee1ef9674f9e0bfca48b,6,7,11.29
ee1ef9674f9e0bfca48b,7,3,4.84
ee1ef9674f9e0bfca48b,8,2,3.23
ee1ef9674f9e0bfca48b,9,0,0.0
ee1ef9674f9e0bfca48b,10,9,14.52
ee1ef9674f9e0bfca48b,11,0,0.0
ee1ef9674f9e0bfca48b,12,11,17.74
ee1ef9674f9e0bfca48b,13,0,0.0
ee1ef9674f9e0bfca48b,14,0,0.0
ee1ef9674f9e0bfca48b,15,5,8.06
ee1ef9674f9e0bfca48b,16,9,14.52
ee1ef9674f9e0bfca48b,17,0,0.0
ee1ef9674f9e0bfca48b,18,0,0.0
ee1ef9674f9e0bfca48b,19,0,0.0
ee1ef9674f9e0bfca48b,20,0,0.0
ee1ef9674f9e0bfca48b,21,0,0.0
ee1ef9674f9e0bfca48b,22,0,0.0
ee1ef9674f9e0bfca48b,23,2,3.23
977ece9de941d85308ac,0,14,7.91
977ece9de941d85308ac,1,0,0.0
977ece9de941d85308ac,2,36,20.34
977ece9de941d85308ac,3,5,2.82
977ece9de941d85308ac,4,0,0.0
977ece9de941d85308ac,5,0,0.0
977ece9de941d85308ac,6,18,10.17
977ece9de941d85308ac,7,14,7.91
977ece9de941d85308ac,8,8,4.52
977ece9de941d85308ac,9,4,2.26
977ece9de941d85308ac,10,34,19.21
977ece9de941d85308ac,11,27,15.25
977ece9de941d85308ac,12,6,3.39
977ece9de941d85308ac,13,10,5.65
977ece9de941d85308ac,14,1,0.56
977ece9de941d85308ac,15,0,0.0
977ece9de941d85308ac,16,0,0.0
977ece9de941d85308ac,17,0,0.0
977ece9de941d85308ac,18,0,0.0
977ece9de941d85308ac,19,0,0.0
977ece9de941d85308ac,20,0,0.0
977ece9de941d85308ac,21,0,0.0
977ece9de941d85308ac,22,0,0.0
977ece9de941d85308ac,23,0,0.0
15ab118362ecbbd03b52,0,2,2.15
15ab118362ecbbd03b52,1,3,3.23
15ab118362ecbbd03b52,2,1,1.08
15ab118362ecbbd03b52,3,2,2.15
15ab118362ecbbd03b52,4,0,0.0
15ab118362ecbbd03b52,5,0,0.0
15ab118362ecbbd03b52,6,3,3.23
15ab118362ecbbd03b52,7,4,4.3
15ab118362ecbbd03b52,8,17,18.28
15ab118362ecbbd03b52,9,10,10.75
15ab118362ecbbd03b52,10,6,6.45
15ab118362ecbbd03b52,11,6,6.45
15ab118362ecbbd03b52,12,0,0.0
15ab118362ecbbd03b52,13,12,12.9
15ab118362ecbbd03b52,14,22,23.66
15ab118362ecbbd03b52,15,5,5.38
15ab118362ecbbd03b52,16,0,0.0
15ab118362ecbbd03b52,17,0,0.0
15ab118362ecbbd03b52,18,0,0.0
15ab118362ecbbd03b52,19,0,0.0
15ab118362ecbbd03b52,20,0,0.0
15ab118362ecbbd03b52,21,0,0.0
15ab118362ecbbd03b52,22,0,0.0
15ab118362ecbbd03b52,23,0,0.0
f47eab262dd5809d4d60,0,2,2.06
f47eab262dd5809d4d60,1,7,7.22
f47eab262dd5809d4d60,2,11,11.34
f47eab262dd5809d4d60,3,1,1.03
f47eab262dd5809d4d60,4,12,12.37
f47eab262dd5809d4d60,5,1,1.03
f47eab262dd5809d4d60,6,5,5.15
f47eab262dd5809d4d60,7,4,4.12
f47eab262dd5809d4d60,8,11,11.34
f47eab262dd5809d4d60,9,7,7.22
f47eab262dd5809d4d60,10,4,4.12
f47eab262dd5809d4d60,11,4,4.12
f47eab262dd5809d4d60,12,1,1.03
f47eab262dd5809d4d60,13,5,5.15
f47eab262dd5809d4d60,14,12,12.37
f47eab262dd5809d4d60,15,10,10.31
f47eab262dd5809d4d60,16,0,0.0
f47eab262dd5809d4d60,17,0,0.0
f47eab262dd5809d4d60,18,0,0.0
f47eab262dd5809d4d60,19,0,0.0
f47eab262dd5809d4d60,20,0,0.0
f47eab262dd5809d4d60,21,0,0.0
f47eab262dd5809d4d60,22,0,0.0
f47eab262dd5809d4d60,23,0,0.0
5fbaf8a0f524358778bb,0,0,0.0
5fbaf8a0f524358778bb,1,1,0.88
5fbaf8a0f524358778bb,2,0,0.0
5fbaf8a0f524358778bb,3,3,2.63
5fbaf8a0f524358778bb,4,3,2.63
5fbaf8a0f524358778bb,5,8,7.02
5fbaf8a0f524358778bb,6,13,11.4
5fbaf8a0f524358778bb,7,7,6.14
5fbaf8a0f524358778bb,8,8,7.02
5fbaf8a0f524358778bb,9,7,6.14
5fbaf8a0f524358778bb,10,11,9.65
5fbaf8a0f524358778bb,11,3,2.63
5fbaf8a0f524358778bb,12,7,6.14
5fbaf8a0f524358778bb,13,10,8.77
5fbaf8a0f524358778bb,14,24,21.05
5fbaf8a0f524358778bb,15,9,7.89
5fbaf8a0f524358778bb,16,0,0.0
5fbaf8a0f524358778bb,17,0,0.0
5fbaf8a0f524358778bb,18,0,0.0
5fbaf8a0f524358778bb,19,0,0.0
5fbaf8a0f524358778bb,20,0,0.0
5fbaf8a0f524358778bb,21,0,0.0
5fbaf8a0f524358778bb,22,0,0.0
5fbaf8a0f524358778bb,23,0,0.0
3267b84814316e2fa25e,0,0,0.0
3267b84814316e2fa25e,1,3,2.24
3267b84814316e2fa25e,2,10,7.46
3267b84814316e2fa25e,3,3,2.24
3267b84814316e2fa25e,4,17,12.69
3267b84814316e2fa25e,5,0,0.0
3267b84814316e2fa25e,6,4,2.99
3267b84814316e2fa25e,7,5,3.73
3267b84814316e2fa25e,8,21,15.67
3267b84814316e2fa25e,9,5,3.73
3267b84814316e2fa25e,10,2,1.49
3267b84814316e2fa25e,11,4,2.99
3267b84814316e2fa25e,12,17,12.69
3267b84814316e2fa25e,13,3,2.24
3267b84814316e2fa25e,14,12,8.96
3267b84814316e2fa25e,15,28,20.9
3267b84814316e2fa25e,16,0,0.0
3267b84814316e2fa25e,17,0,0.0
3267b84814316e2fa25e,18,0,0.0
3267b84814316e2fa25e,19,0,0.0
3267b84814316e2fa25e,20,0,0.0
3267b84814316e2fa25e,21,0,0.0
3267b84814316e2fa25e,22,0,0.0
3267b84814316e2fa25e,23,0,0.0
f82461b84c9c48a36613,0,0,0.0
f82461b84c9c48a36613,1,3,2.83
f82461b84c9c48a36613,2,0,0.0
f82461b84c9c48a36613,3,1,0.94
f82461b84c9c48a36613,4,2,1.89
f82461b84c9c48a36613,5,3,2.83
f82461b84c9c48a36613,6,7,6.6
f82461b84c9c48a36613,7,9,8.49
f82461b84c9c48a36613,8,20,18.87
f82461b84c9c48a36613,9,3,2.83
f82461b84c9c48a36613,10,3,2.83
f82461b84c9c48a36613,11,7,6.6
f82461b84c9c48a36613,12,7,6.6
f82461b84c9c48a36613,13,12,11.32
f82461b84c9c48a36613,14,23,21.7
f82461b84c9c48a36613,15,6,5.66
f82461b84c9c48a36613,16,0,0.0
f82461b84c9c48a36613,17,0,0.0
f82461b84c9c48a36613,18,0,0.0
f82461b84c9c48a36613,19,0,0.0
f82461b84c9c48a36613,20,0,0.0
f82461b84c9c48a36613,21,0,0.0
f82461b84c9c48a36613,22,0,0.0
f82461b84c9c48a36613,23,0,0.0
981cf48df067d975675b,0,0,0.0
981cf48df067d975675b,1,0,0.0
981cf48df067d975675b,2,0,0.0
981cf48df067d975675b,3,0,0.0
981cf48df067d975675b,4,6,5.04
981cf48df067d975675b,5,2,1.68
981cf48df067d975675b,6,5,4.2
981cf48df067d975675b,7,2,1.68
981cf48df067d975675b,8,10,8.4
981cf48df067d975675b,9,3,2.52
981cf48df067d975675b,10,3,2.52
981cf48df067d975675b,11,4,3.36
981cf48df067d975675b,12,18,15.13
981cf48df067d975675b,13,17,14.29
981cf48df067d975675b,14,22,18.49
981cf48df067d975675b,15,26,21.85
981cf48df067d975675b,16,1,0.84
981cf48df067d975675b,17,0,0.0
981cf48df067d975675b,18,0,0.0
981cf48df067d975675b,19,0,0.0
981cf48df067d975675b,20,0,0.0
981cf48df067d975675b,21,0,0.0
981cf48df067d975675b,22,0,0.0
981cf48df067d975675b,23,0,0.0
bd099a9fd29545e3766a,0,0,0.0
bd099a9fd29545e3766a,1,8,11.59
bd099a9fd29545e3766a,2,4,5.8
bd099a9fd29545e3766a,3,0,0.0
bd099a9fd29545e3766a,4,0,0.0
bd099a9fd29545e3766a,5,0,0.0
bd099a9fd29545e3766a,6,0,0.0
bd099a9fd29545e3766a,7,5,7.25
bd099a9fd29545e3766a,8,3,4.35
bd099a9fd29545e3766a,9,8,11.59
bd099a9fd29545e3766a,10,4,5.8
bd099a9fd29545e3766a,11,13,18.84
bd099a9fd29545e3766a,12,3,4.35
bd099a9fd29545e3766a,13,9,13.04
bd099a9fd29545e3766a,14,5,7.25
bd099a9fd29545e3766a,15,7,10.14
bd099a9fd29545e3766a,16,0,0.0
bd099a9fd29545e3766a,17,0,0.0
bd099a9fd29545e3766a,18,0,0.0
bd099a9fd29545e3766a,19,0,0.0
bd099a9fd29545e3766a,20,0,0.0
bd099a9fd29545e3766a,21,0,0.0
bd099a9fd29545e3766a,22,0,0.0
bd099a9fd29545e3766a,23,0,0.0
9d030ebc092b353b9906,0,0,0.0
9d030ebc092b353b9906,1,0,0.0
9d030ebc092b353b9906,2,0,0.0
9d030ebc092b353b9906,3,0,0.0
9d030ebc092b353b9906,4,4,4.55
9d030ebc092b353b9906,5,4,4.55
9d030ebc092b353b9906,6,4,4.55
9d030ebc092b353b9906,7,0,0.0
9d030ebc092b353b9906,8,2,2.27
9d030ebc092b353b9906,9,1,1.14
9d030ebc092b353b9906,10,2,2.27
9d030ebc092b353b9906,11,0,0.0
9d030ebc092b353b9906,12,2,2.27
9d030ebc092b353b9906,13,12,13.64
9d030ebc092b353b9906,14,29,32.95
9d030ebc092b353b9906,15,28,31.82
9d030ebc092b353b9906,16,0,0.0
9d030ebc092b353b9906,17,0,0.0
9d030ebc092b353b9906,18,0,0.0
9d030ebc092b353b9906,19,0,0.0
9d030ebc092b353b9906,20,0,0.0
9d030ebc092b353b9906,21,0,0.0
9d030ebc092b353b9906,22,0,0.0
9d030ebc092b353b9906,23,0,0.0
37905cfdcd105683aaf4,0,0,0.0
37905cfdcd105683aaf4,1,0,0.0
37905cfdcd105683aaf4,2,0,0.0
37905cfdcd105683aaf4,3,0,0.0
37905cfdcd105683aaf4,4,0,0.0
37905cfdcd105683aaf4,5,0,0.0
37905cfdcd105683aaf4,6,4,3.31
37905cfdcd105683aaf4,7,0,0.0
37905cfdcd105683aaf4,8,3,2.48
37905cfdcd105683aaf4,9,1,0.83
37905cfdcd105683aaf4,10,13,10.74
37905cfdcd105683aaf4,11,21,17.36
37905cfdcd105683aaf4,12,6,4.96
37905cfdcd105683aaf4,13,8,6.61
37905cfdcd105683aaf4,14,8,6.61
37905cfdcd105683aaf4,15,5,4.13
37905cfdcd105683aaf4,16,15,12.4
37905cfdcd105683aaf4,17,14,11.57
37905cfdcd105683aaf4,18,23,19.01
37905cfdcd105683aaf4,19,0,0.0
37905cfdcd105683aaf4,20,0,0.0
37905cfdcd105683aaf4,21,0,0.0
37905cfdcd105683aaf4,22,0,0.0
37905cfdcd105683aaf4,23,0,0.0
xy7cro773yqyoblucwkp,0,0,0.0
xy7cro773yqyoblucwkp,1,3,3.19
xy7cro773yqyoblucwkp,2,1,1.06
xy7cro773yqyoblucwkp,3,3,3.19
xy7cro773yqyoblucwkp,4,2,2.13
xy7cro773yqyoblucwkp,5,1,1.06
xy7cro773yqyoblucwkp,6,4,4.26
xy7cro773yqyoblucwkp,7,7,7.45
xy7cro773yqyoblucwkp,8,9,9.57
xy7cro773yqyoblucwkp,9,3,3.19
xy7cro773yqyoblucwkp,10,9,9.57
xy7cro773yqyoblucwkp,11,9,9.57
xy7cro773yqyoblucwkp,12,6,6.38
xy7cro773yqyoblucwkp,13,7,7.45
xy7cro773yqyoblucwkp,14,11,11.7
xy7cro773yqyoblucwkp,15,16,17.02
xy7cro773yqyoblucwkp,16,2,2.13
xy7cro773yqyoblucwkp,17,0,0.0
xy7cro773yqyoblucwkp,18,1,1.06
xy7cro773yqyoblucwkp,19,0,0.0
xy7cro773yqyoblucwkp,20,0,0.0
xy7cro773yqyoblucwkp,21,0,0.0
xy7cro773yqyoblucwkp,22,0,0.0
xy7cro773yqyoblucwkp,23,0,0.0
3qvqfnzdg358mord1cku,0,1,0.99
3qvqfnzdg358mord1cku,1,4,3.96
3qvqfnzdg358mord1cku,2,1,0.99
3qvqfnzdg358mord1cku,3,1,0.99
3qvqfnzdg358mord1cku,4,2,1.98
3qvqfnzdg358mord1cku,5,3,2.97
3qvqfnzdg358mord1cku,6,8,7.92
3qvqfnzdg358mord1cku,7,4,3.96
3qvqfnzdg358mord1cku,8,8,7.92
3qvqfnzdg358mord1cku,9,9,8.91
3qvqfnzdg358mord1cku,10,9,8.91
3qvqfnzdg358mord1cku,11,5,4.95
3qvqfnzdg358mord1cku,12,6,5.94
3qvqfnzdg358mord1cku,13,10,9.9
3qvqfnzdg358mord1cku,14,18,17.82
3qvqfnzdg358mord1cku,15,9,8.91
3qvqfnzdg358mord1cku,16,2,1.98
3qvqfnzdg358mord1cku,17,0,0.0
3qvqfnzdg358mord1cku,18,1,0.99
3qvqfnzdg358mord1cku,19,0,0.0
3qvqfnzdg358mord1cku,20,0,0.0
3qvqfnzdg358mord1cku,21,0,0.0
3qvqfnzdg358mord1cku,22,0,0.0
3qvqfnzdg358mord1cku,23,0,0.0
awxiqzybhp95e08qx1h5,0,2,2.33
awxiqzybhp95e08qx1h5,1,2,2.33
awxiqzybhp95e08qx1h5,2,2,2.33
awxiqzybhp95e08qx1h5,3,1,1.16
awxiqzybhp95e08qx1h5,4,1,1.16
awxiqzybhp95e08qx1h5,5,2,2.33
awxiqzybhp95e08qx1h5,6,5,5.81
awxiqzybhp95e08qx1h5,7,3,3.49
awxiqzybhp95e08qx1h5,8,10,11.63
awxiqzybhp95e08qx1h5,9,6,6.98
awxiqzybhp95e08qx1h5,10,2,2.33
awxiqzybhp95e08qx1h5,11,6,6.98
awxiqzybhp95e08qx1h5,12,7,8.14
awxiqzybhp95e08qx1h5,13,7,8.14
awxiqzybhp95e08qx1h5,14,14,16.28
awxiqzybhp95e08qx1h5,15,13,15.12
awxiqzybhp95e08qx1h5,16,2,2.33
awxiqzybhp95e08qx1h5,17,0,0.0
awxiqzybhp95e08qx1h5,18,0,0.0
awxiqzybhp95e08qx1h5,19,0,0.0
awxiqzybhp95e08qx1h5,20,0,0.0
awxiqzybhp95e08qx1h5,21,0,0.0
awxiqzybhp95e08qx1h5,22,0,0.0
awxiqzybhp95e08qx1h5,23,1,1.16
dgoapkg9vpnafks22kx4,0,1,0.9
dgoapkg9vpnafks22kx4,1,2,1.8
dgoapkg9vpnafks22kx4,2,3,2.7
dgoapkg9vpnafks22kx4,3,2,1.8
dgoapkg9vpnafks22kx4,4,4,3.6
dgoapkg9vpnafks22kx4,5,6,5.41
dgoapkg9vpnafks22kx4,6,5,4.5
dgoapkg9vpnafks22kx4,7,5,4.5
dgoapkg9vpnafks22kx4,8,9,8.11
dgoapkg9vpnafks22kx4,9,11,9.91
dgoapkg9vpnafks22kx4,10,5,4.5
dgoapkg9vpnafks22kx4,11,7,6.31
dgoapkg9vpnafks22kx4,12,10,9.01
dgoapkg9vpnafks22kx4,13,9,8.11
dgoapkg9vpnafks22kx4,14,17,15.32
dgoapkg9vpnafks22kx4,15,13,11.71
dgoapkg9vpnafks22kx4,16,2,1.8
dgoapkg9vpnafks22kx4,17,0,0.0
dgoapkg9vpnafks22kx4,18,0,0.0
dgoapkg9vpnafks22kx4,19,0,0.0
dgoapkg9vpnafks22kx4,20,0,0.0
dgoapkg9vpnafks22kx4,21,0,0.0
dgoapkg9vpnafks22kx4,22,0,0.0
dgoapkg9vpnafks22kx4,23,0,0.0
2jvnsh0veb6qnn3uv6i8,0,1,0.89
2jvnsh0veb6qnn3uv6i8,1,1,0.89
2jvnsh0veb6qnn3uv6i8,2,3,2.68
2jvnsh0veb6qnn3uv6i8,3,1,0.89
2jvnsh0veb6qnn3uv6i8,4,7,6.25
2jvnsh0veb6qnn3uv6i8,5,4,3.57
2jvnsh0veb6qnn3uv6i8,6,5,4.46
2jvnsh0veb6qnn3uv6i8,7,1,0.89
2jvnsh0veb6qnn3uv6i8,8,8,7.14
2jvnsh0veb6qnn3uv6i8,9,9,8.04
2jvnsh0veb6qnn3uv6i8,10,7,6.25
2jvnsh0veb6qnn3uv6i8,11,8,7.14
2jvnsh0veb6qnn3uv6i8,12,7,6.25
2jvnsh0veb6qnn3uv6i8,13,13,11.61
2jvnsh0veb6qnn3uv6i8,14,15,13.39
2jvnsh0veb6qnn3uv6i8,15,19,16.96
2jvnsh0veb6qnn3uv6i8,16,0,0.0
2jvnsh0veb6qnn3uv6i8,17,1,0.89
2jvnsh0veb6qnn3uv6i8,18,0,0.0
2jvnsh0veb6qnn3uv6i8,19,0,0.0
2jvnsh0veb6qnn3uv6i8,20,0,0.0
2jvnsh0veb6qnn3uv6i8,21,0,0.0
2jvnsh0veb6qnn3uv6i8,22,1,0.89
2jvnsh0veb6qnn3uv6i8,23,1,0.89
553l2g7kpifbvn82knxk,0,4,3.7
553l2g7kpifbvn82knxk,1,0,0.0
553l2g7kpifbvn82knxk,2,4,3.7
553l2g7kpifbvn82knxk,3,1,0.93
553l2g7kpifbvn82knxk,4,4,3.7
553l2g7kpifbvn82knxk,5,4,3.7
553l2g7kpifbvn82knxk,6,6,5.56
553l2g7kpifbvn82knxk,7,5,4.63
553l2g7kpifbvn82knxk,8,9,8.33
553l2g7kpifbvn82knxk,9,7,6.48
553l2g7kpifbvn82knxk,10,6,5.56
553l2g7kpifbvn82knxk,11,10,9.26
553l2g7kpifbvn82knxk,12,11,10.19
553l2g7kpifbvn82knxk,13,8,7.41
553l2g7kpifbvn82knxk,14,12,11.11
553l2g7kpifbvn82knxk,15,14,12.96
553l2g7kpifbvn82knxk,16,2,1.85
553l2g7kpifbvn82knxk,17,0,0.0
553l2g7kpifbvn82knxk,18,0,0.0
553l2g7kpifbvn82knxk,19,0,0.0
553l2g7kpifbvn82knxk,20,0,0.0
553l2g7kpifbvn82knxk,21,0,0.0
553l2g7kpifbvn82knxk,22,0,0.0
553l2g7kpifbvn82knxk,23,1,0.93
58n0dsxyyqnriomw67id,0,0,0.0
58n0dsxyyqnriomw67id,1,2,1.89
58n0dsxyyqnriomw67id,2,1,0.94
58n0dsxyyqnriomw67id,3,2,1.89
58n0dsxyyqnriomw67id,4,7,6.6
58n0dsxyyqnriomw67id,5,4,3.77
58n0dsxyyqnriomw67id,6,7,6.6
58n0dsxyyqnriomw67id,7,4,3.77
58n0dsxyyqnriomw67id,8,11,10.38
58n0dsxyyqnriomw67id,9,4,3.77
58n0dsxyyqnriomw67id,10,6,5.66
58n0dsxyyqnriomw67id,11,7,6.6
58n0dsxyyqnriomw67id,12,8,7.55
58n0dsxyyqnriomw67id,13,5,4.72
58n0dsxyyqnriomw67id,14,15,14.15
58n0dsxyyqnriomw67id,15,16,15.09
58n0dsxyyqnriomw67id,16,5,4.72
58n0dsxyyqnriomw67id,17,0,0.0
58n0dsxyyqnriomw67id,18,1,0.94
58n0dsxyyqnriomw67id,19,0,0.0
58n0dsxyyqnriomw67id,20,0,0.0
58n0dsxyyqnriomw67id,21,0,0.0
58n0dsxyyqnriomw67id,22,0,0.0
58n0dsxyyqnriomw67id,23,1,0.94
x8hldszj3z40bgxl4mci,0,3,2.48
x8hldszj3z40bgxl4mci,1,4,3.31
x8hldszj3z40bgxl4mci,2,2,1.65
x8hldszj3z40bgxl4mci,3,1,0.83
x8hldszj3z40bgxl4mci,4,3,2.48
x8hldszj3z40bgxl4mci,5,4,3.31
x8hldszj3z40bgxl4mci,6,6,4.96
x8hldszj3z40bgxl4mci,7,7,5.79
x8hldszj3z40bgxl4mci,8,14,11.57
x8hldszj3z40bgxl4mci,9,5,4.13
x8hldszj3z40bgxl4mci,10,5,4.13
x8hldszj3z40bgxl4mci,11,13,10.74
x8hldszj3z40bgxl4mci,12,9,7.44
x8hldszj3z40bgxl4mci,13,8,6.61
x8hldszj3z40bgxl4mci,14,22,18.18
x8hldszj3z40bgxl4mci,15,10,8.26
x8hldszj3z40bgxl4mci,16,3,2.48
x8hldszj3z40bgxl4mci,17,0,0.0
x8hldszj3z40bgxl4mci,18,1,0.83
x8hldszj3z40bgxl4mci,19,0,0.0
x8hldszj3z40bgxl4mci,20,0,0.0
x8hldszj3z40bgxl4mci,21,0,0.0
x8hldszj3z40bgxl4mci,22,0,0.0
x8hldszj3z40bgxl4mci,23,1,0.83
putb7ja6dwpdag4bwvnj,0,2,2.06
putb7ja6dwpdag4bwvnj,1,2,2.06
putb7ja6dwpdag4bwvnj,2,3,3.09
putb7ja6dwpdag4bwvnj,3,1,1.03
putb7ja6dwpdag4bwvnj,4,2,2.06
putb7ja6dwpdag4bwvnj,5,5,5.15
putb7ja6dwpdag4bwvnj,6,8,8.25
putb7ja6dwpdag4bwvnj,7,7,7.22
putb7ja6dwpdag4bwvnj,8,7,7.22
putb7ja6dwpdag4bwvnj,9,6,6.19
putb7ja6dwpdag4bwvnj,10,9,9.28
putb7ja6dwpdag4bwvnj,11,5,5.15
putb7ja6dwpdag4bwvnj,12,9,9.28
putb7ja6dwpdag4bwvnj,13,4,4.12
putb7ja6dwpdag4bwvnj,14,15,15.46
putb7ja6dwpdag4bwvnj,15,9,9.28
putb7ja6dwpdag4bwvnj,16,1,1.03
putb7ja6dwpdag4bwvnj,17,0,0.0
putb7ja6dwpdag4bwvnj,18,1,1.03
putb7ja6dwpdag4bwvnj,19,0,0.0
putb7ja6dwpdag4bwvnj,20,0,0.0
putb7ja6dwpdag4bwvnj,21,0,0.0
putb7ja6dwpdag4bwvnj,22,0,0.0
putb7ja6dwpdag4bwvnj,23,1,1.03
3m4gx52iq3mwqdycm8mm,0,2,1.68
3m4gx52iq3mwqdycm8mm,1,2,1.68
3m4gx52iq3mwqdycm8mm,2,4,3.36
3m4gx52iq3mwqdycm8mm,3,2,1.68
3m4gx52iq3mwqdycm8mm,4,4,3.36
3m4gx52iq3mwqdycm8mm,5,3,2.52
3m4gx52iq3mwqdycm8mm,6,3,2.52
3m4gx52iq3mwqdycm8mm,7,8,6.72
3m4gx52iq3mwqdycm8mm,8,9,7.56
3m4gx52iq3mwqdycm8mm,9,10,8.4
3m4gx52iq3mwqdycm8mm,10,12,10.08
3m4gx52iq3mwqdycm8mm,11,6,5.04
3m4gx52iq3mwqdycm8mm,12,8,6.72
3m4gx52iq3mwqdycm8mm,13,10,8.4
3m4gx52iq3mwqdycm8mm,14,20,16.81
3m4gx52iq3mwqdycm8mm,15,12,10.08
3m4gx52iq3mwqdycm8mm,16,1,0.84
3m4gx52iq3mwqdycm8mm,17,1,0.84
3m4gx52iq3mwqdycm8mm,18,0,0.0
3m4gx52iq3mwqdycm8mm,19,0,0.0
3m4gx52iq3mwqdycm8mm,20,0,0.0
3m4gx52iq3mwqdycm8mm,21,0,0.0
3m4gx52iq3mwqdycm8mm,22,0,0.0
3m4gx52iq3mwqdycm8mm,23,2,1.68
2zfdinkl7qrn0o62tlp4,0,2,2.08
2zfdinkl7qrn0o62tlp4,1,1,1.04
2zfdinkl7qrn0o62tlp4,2,3,3.12
2zfdinkl7qrn0o62tlp4,3,1,1.04
2zfdinkl7qrn0o62tlp4,4,3,3.12
2zfdinkl7qrn0o62tlp4,5,0,0.0
2zfdinkl7qrn0o62tlp4,6,7,7.29
2zfdinkl7qrn0o62tlp4,7,5,5.21
2zfdinkl7qrn0o62tlp4,8,12,12.5
2zfdinkl7qrn0o62tlp4,9,4,4.17
2zfdinkl7qrn0o62tlp4,10,6,6.25
2zfdinkl7qrn0o62tlp4,11,9,9.38
2zfdinkl7qrn0o62tlp4,12,7,7.29
2zfdinkl7qrn0o62tlp4,13,11,11.46
2zfdinkl7qrn0o62tlp4,14,11,11.46
2zfdinkl7qrn0o62tlp4,15,11,11.46
2zfdinkl7qrn0o62tlp4,16,2,2.08
2zfdinkl7qrn0o62tlp4,17,0,0.0
2zfdinkl7qrn0o62tlp4,18,1,1.04
2zfdinkl7qrn0o62tlp4,19,0,0.0
2zfdinkl7qrn0o62tlp4,20,0,0.0
2zfdinkl7qrn0o62tlp4,21,0,0.0
2zfdinkl7qrn0o62tlp4,22,0,0.0
2zfdinkl7qrn0o62tlp4,23,0,0.0
rd32gyblqsfn03xatnmt,0,4,3.05
rd32gyblqsfn03xatnmt,1,2,1.53
rd32gyblqsfn03xatnmt,2,5,3.82
rd32gyblqsfn03xatnmt,3,0,0.0
rd32gyblqsfn03xatnmt,4,4,3.05
rd32gyblqsfn03xatnmt,5,4,3.05
rd32gyblqsfn03xatnmt,6,7,5.34
rd32gyblqsfn03xatnmt,7,6,4.58
rd32gyblqsfn03xatnmt,8,12,9.16
rd32gyblqsfn03xatnmt,9,4,3.05
rd32gyblqsfn03xatnmt,10,6,4.58
rd32gyblqsfn03xatnmt,11,15,11.45
rd32gyblqsfn03xatnmt,12,7,5.34
rd32gyblqsfn03xatnmt,13,17,12.98
rd32gyblqsfn03xatnmt,14,20,15.27
rd32gyblqsfn03xatnmt,15,13,9.92
rd32gyblqsfn03xatnmt,16,3,2.29
rd32gyblqsfn03xatnmt,17,1,0.76
rd32gyblqsfn03xatnmt,18,0,0.0
rd32gyblqsfn03xatnmt,19,0,0.0
rd32gyblqsfn03xatnmt,20,0,0.0
rd32gyblqsfn03xatnmt,21,0,0.0
rd32gyblqsfn03xatnmt,22,0,0.0
rd32gyblqsfn03xatnmt,23,1,0.76
n8pe3tt7qmlgojwhhsj0,0,0,0.0
n8pe3tt7qmlgojwhhsj0,1,1,1.25
n8pe3tt7qmlgojwhhsj0,2,2,2.5
n8pe3tt7qmlgojwhhsj0,3,1,1.25
n8pe3tt7qmlgojwhhsj0,4,4,5.0
n8pe3tt7qmlgojwhhsj0,5,0,0.0
n8pe3tt7qmlgojwhhsj0,6,4,5.0
n8pe3tt7qmlgojwhhsj0,7,4,5.0
n8pe3tt7qmlgojwhhsj0,8,5,6.25
n8pe3tt7qmlgojwhhsj0,9,4,5.0
n8pe3tt7qmlgojwhhsj0,10,8,10.0
n8pe3tt7qmlgojwhhsj0,11,12,15.0
n8pe3tt7qmlgojwhhsj0,12,10,12.5
n8pe3tt7qmlgojwhhsj0,13,7,8.75
n8pe3tt7qmlgojwhhsj0,14,8,10.0
n8pe3tt7qmlgojwhhsj0,15,7,8.75
n8pe3tt7qmlgojwhhsj0,16,1,1.25
n8pe3tt7qmlgojwhhsj0,17,1,1.25
n8pe3tt7qmlgojwhhsj0,18,1,1.25
n8pe3tt7qmlgojwhhsj0,19,0,0.0
n8pe3tt7qmlgojwhhsj0,20,0,0.0
n8pe3tt7qmlgojwhhsj0,21,0,0.0
n8pe3tt7qmlgojwhhsj0,22,0,0.0
n8pe3tt7qmlgojwhhsj0,23,0,0.0
p6cp3ogj6xy2riczfupv,0,2,2.02
p6cp3ogj6xy2riczfupv,1,1,1.01
p6cp3ogj6xy2riczfupv,2,2,2.02
p6cp3ogj6xy2riczfupv,3,2,2.02
p6cp3ogj6xy2riczfupv,4,5,5.05
p6cp3ogj6xy2riczfupv,5,3,3.03
p6cp3ogj6xy2riczfupv,6,4,4.04
p6cp3ogj6xy2riczfupv,7,5,5.05
p6cp3ogj6xy2riczfupv,8,8,8.08
p6cp3ogj6xy2riczfupv,9,9,9.09
p6cp3ogj6xy2riczfupv,10,4,4.04
p6cp3ogj6xy2riczfupv,11,7,7.07
p6cp3ogj6xy2riczfupv,12,4,4.04
p6cp3ogj6xy2riczfupv,13,11,11.11
p6cp3ogj6xy2riczfupv,14,12,12.12
p6cp3ogj6xy2riczfupv,15,16,16.16
p6cp3ogj6xy2riczfupv,16,3,3.03
p6cp3ogj6xy2riczfupv,17,0,0.0
p6cp3ogj6xy2riczfupv,18,0,0.0
p6cp3ogj6xy2riczfupv,19,0,0.0
p6cp3ogj6xy2riczfupv,20,0,0.0
p6cp3ogj6xy2riczfupv,21,0,0.0
p6cp3ogj6xy2riczfupv,22,1,1.01
p6cp3ogj6xy2riczfupv,23,0,0.0
si6ymh6w7xbo2f40o0p8,0,1,0.91
si6ymh6w7xbo2f40o0p8,1,0,0.0
si6ymh6w7xbo2f40o0p8,2,1,0.91
si6ymh6w7xbo2f40o0p8,3,1,0.91
si6ymh6w7xbo2f40o0p8,4,4,3.64
si6ymh6w7xbo2f40o0p8,5,5,4.55
si6ymh6w7xbo2f40o0p8,6,4,3.64
si6ymh6w7xbo2f40o0p8,7,6,5.45
si6ymh6w7xbo2f40o0p8,8,11,10.0
si6ymh6w7xbo2f40o0p8,9,6,5.45
si6ymh6w7xbo2f40o0p8,10,11,10.0
si6ymh6w7xbo2f40o0p8,11,10,9.09
si6ymh6w7xbo2f40o0p8,12,9,8.18
si6ymh6w7xbo2f40o0p8,13,12,10.91
si6ymh6w7xbo2f40o0p8,14,8,7.27
si6ymh6w7xbo2f40o0p8,15,14,12.73
si6ymh6w7xbo2f40o0p8,16,6,5.45
si6ymh6w7xbo2f40o0p8,17,0,0.0
si6ymh6w7xbo2f40o0p8,18,0,0.0
si6ymh6w7xbo2f40o0p8,19,0,0.0
si6ymh6w7xbo2f40o0p8,20,0,0.0
si6ymh6w7xbo2f40o0p8,21,0,0.0
si6ymh6w7xbo2f40o0p8,22,0,0.0
si6ymh6w7xbo2f40o0p8,23,1,0.91
9trgand057juzal1kecf,0,2,1.98
9trgand057juzal1kecf,1,0,0.0
9trgand057juzal1kecf,2,2,1.98
9trgand057juzal1kecf,3,3,2.97
9trgand057juzal1kecf,4,1,0.99
9trgand057juzal1kecf,5,1,0.99
9trgand057juzal1kecf,6,6,5.94
9trgand057juzal1kecf,7,6,5.94
9trgand057juzal1kecf,8,10,9.9
9trgand057juzal1kecf,9,6,5.94
9trgand057juzal1kecf,10,9,8.91
9trgand057juzal1kecf,11,7,6.93
9trgand057juzal1kecf,12,8,7.92
9trgand057juzal1kecf,13,13,12.87
9trgand057juzal1kecf,14,14,13.86
9trgand057juzal1kecf,15,7,6.93
9trgand057juzal1kecf,16,4,3.96
9trgand057juzal1kecf,17,0,0.0
9trgand057juzal1kecf,18,1,0.99
9trgand057juzal1kecf,19,0,0.0
9trgand057juzal1kecf,20,0,0.0
9trgand057juzal1kecf,21,0,0.0
9trgand057juzal1kecf,22,0,0.0
9trgand057juzal1kecf,23,1,0.99
4acutl013itvh9va99p7,0,2,1.98
4acutl013itvh9va99p7,1,2,1.98
4acutl013itvh9va99p7,2,6,5.94
4acutl013itvh9va99p7,3,0,0.0
4acutl013itvh9va99p7,4,6,5.94
4acutl013itvh9va99p7,5,3,2.97
4acutl013itvh9va99p7,6,3,2.97
4acutl013itvh9va99p7,7,5,4.95
4acutl013itvh9va99p7,8,8,7.92
4acutl013itvh9va99p7,9,3,2.97
4acutl013itvh9va99p7,10,10,9.9
4acutl013itvh9va99p7,11,4,3.96
4acutl013itvh9va99p7,12,9,8.91
4acutl013itvh9va99p7,13,6,5.94
4acutl013itvh9va99p7,14,16,15.84
4acutl013itvh9va99p7,15,11,10.89
4acutl013itvh9va99p7,16,3,2.97
4acutl013itvh9va99p7,17,0,0.0
4acutl013itvh9va99p7,18,1,0.99
4acutl013itvh9va99p7,19,0,0.0
4acutl013itvh9va99p7,20,0,0.0
4acutl013itvh9va99p7,21,0,0.0
4acutl013itvh9va99p7,22,1,0.99
4acutl013itvh9va99p7,23,2,1.98
62olkigg7ntlaf6fzytl,0,2,1.67
62olkigg7ntlaf6fzytl,1,1,0.83
62olkigg7ntlaf6fzytl,2,5,4.17
62olkigg7ntlaf6fzytl,3,2,1.67
62olkigg7ntlaf6fzytl,4,5,4.17
62olkigg7ntlaf6fzytl,5,4,3.33
62olkigg7ntlaf6fzytl,6,9,7.5
62olkigg7ntlaf6fzytl,7,5,4.17
62olkigg7ntlaf6fzytl,8,14,11.67
62olkigg7ntlaf6fzytl,9,4,3.33
62olkigg7ntlaf6fzytl,10,8,6.67
62olkigg7ntlaf6fzytl,11,8,6.67
62olkigg7ntlaf6fzytl,12,8,6.67
62olkigg7ntlaf6fzytl,13,9,7.5
62olkigg7ntlaf6fzytl,14,18,15.0
62olkigg7ntlaf6fzytl,15,13,10.83
62olkigg7ntlaf6fzytl,16,4,3.33
62olkigg7ntlaf6fzytl,17,0,0.0
62olkigg7ntlaf6fzytl,18,0,0.0
62olkigg7ntlaf6fzytl,19,0,0.0
62olkigg7ntlaf6fzytl,20,0,0.0
62olkigg7ntlaf6fzytl,21,0,0.0
62olkigg7ntlaf6fzytl,22,0,0.0
62olkigg7ntlaf6fzytl,23,1,0.83
zyfp520tbnq5p2pvrkin,0,0,0.0
zyfp520tbnq5p2pvrkin,1,1,0.95
zyfp520tbnq5p2pvrkin,2,2,1.9
zyfp520tbnq5p2pvrkin,3,2,1.9
zyfp520tbnq5p2pvrkin,4,6,5.71
zyfp520tbnq5p2pvrkin,5,4,3.81
zyfp520tbnq5p2pvrkin,6,4,3.81
zyfp520tbnq5p2pvrkin,7,3,2.86
zyfp520tbnq5p2pvrkin,8,14,13.33
zyfp520tbnq5p2pvrkin,9,8,7.62
zyfp520tbnq5p2pvrkin,10,10,9.52
zyfp520tbnq5p2pvrkin,11,7,6.67
zyfp520tbnq5p2pvrkin,12,4,3.81
zyfp520tbnq5p2pvrkin,13,8,7.62
zyfp520tbnq5p2pvrkin,14,14,13.33
zyfp520tbnq5p2pvrkin,15,13,12.38
zyfp520tbnq5p2pvrkin,16,4,3.81
zyfp520tbnq5p2pvrkin,17,0,0.0
zyfp520tbnq5p2pvrkin,18,1,0.95
zyfp520tbnq5p2pvrkin,19,0,0.0
zyfp520tbnq5p2pvrkin,20,0,0.0
zyfp520tbnq5p2pvrkin,21,0,0.0
zyfp520tbnq5p2pvrkin,22,0,0.0
zyfp520tbnq5p2pvrkin,23,0,0.0
yyz9rmyzzdp52h0glddp,0,1,0.85
yyz9rmyzzdp52h0glddp,1,2,1.69
yyz9rmyzzdp52h0glddp,2,6,5.08
yyz9rmyzzdp52h0glddp,3,0,0.0
yyz9rmyzzdp52h0glddp,4,5,4.24
yyz9rmyzzdp52h0glddp,5,3,2.54
yyz9rmyzzdp52h0glddp,6,4,3.39
yyz9rmyzzdp52h0glddp,7,6,5.08
yyz9rmyzzdp52h0glddp,8,16,13.56
yyz9rmyzzdp52h0glddp,9,3,2.54
yyz9rmyzzdp52h0glddp,10,10,8.47
yyz9rmyzzdp52h0glddp,11,11,9.32
yyz9rmyzzdp52h0glddp,12,11,9.32
yyz9rmyzzdp52h0glddp,13,7,5.93
yyz9rmyzzdp52h0glddp,14,14,11.86
yyz9rmyzzdp52h0glddp,15,17,14.41
yyz9rmyzzdp52h0glddp,16,2,1.69
yyz9rmyzzdp52h0glddp,17,0,0.0
yyz9rmyzzdp52h0glddp,18,0,0.0
yyz9rmyzzdp52h0glddp,19,0,0.0
yyz9rmyzzdp52h0glddp,20,0,0.0
yyz9rmyzzdp52h0glddp,21,0,0.0
yyz9rmyzzdp52h0glddp,22,0,0.0
yyz9rmyzzdp52h0glddp,23,0,0.0
2uxkhe454qk8jvk0ufvp,0,1,1.08
2uxkhe454qk8jvk0ufvp,1,3,3.23
2uxkhe454qk8jvk0ufvp,2,3,3.23
2uxkhe454qk8jvk0ufvp,3,0,0.0
2uxkhe454qk8jvk0ufvp,4,2,2.15
2uxkhe454qk8jvk0ufvp,5,4,4.3
2uxkhe454qk8jvk0ufvp,6,8,8.6
2uxkhe454qk8jvk0ufvp,7,5,5.38
2uxkhe454qk8jvk0ufvp,8,11,11.83
2uxkhe454qk8jvk0ufvp,9,5,5.38
2uxkhe454qk8jvk0ufvp,10,5,5.38
2uxkhe454qk8jvk0ufvp,11,11,11.83
2uxkhe454qk8jvk0ufvp,12,5,5.38
2uxkhe454qk8jvk0ufvp,13,10,10.75
2uxkhe454qk8jvk0ufvp,14,14,15.05
2uxkhe454qk8jvk0ufvp,15,5,5.38
2uxkhe454qk8jvk0ufvp,16,0,0.0
2uxkhe454qk8jvk0ufvp,17,0,0.0
2uxkhe454qk8jvk0ufvp,18,0,0.0
2uxkhe454qk8jvk0ufvp,19,0,0.0
2uxkhe454qk8jvk0ufvp,20,0,0.0
2uxkhe454qk8jvk0ufvp,21,0,0.0
2uxkhe454qk8jvk0ufvp,22,1,1.08
2uxkhe454qk8jvk0ufvp,23,0,0.0
pkjom9yr5m9690fg6wsi,0,0,0.0
pkjom9yr5m9690fg6wsi,1,1,1.11
pkjom9yr5m9690fg6wsi,2,2,2.22
pkjom9yr5m9690fg6wsi,3,1,1.11
pkjom9yr5m9690fg6wsi,4,3,3.33
pkjom9yr5m9690fg6wsi,5,2,2.22
pkjom9yr5m9690fg6wsi,6,8,8.89
pkjom9yr5m9690fg6wsi,7,4,4.44
pkjom9yr5m9690fg6wsi,8,10,11.11
pkjom9yr5m9690fg6wsi,9,4,4.44
pkjom9yr5m9690fg6wsi,10,9,10.0
pkjom9yr5m9690fg6wsi,11,9,10.0
pkjom9yr5m9690fg6wsi,12,6,6.67
pkjom9yr5m9690fg6wsi,13,8,8.89
pkjom9yr5m9690fg6wsi,14,10,11.11
pkjom9yr5m9690fg6wsi,15,8,8.89
pkjom9yr5m9690fg6wsi,16,2,2.22
pkjom9yr5m9690fg6wsi,17,1,1.11
pkjom9yr5m9690fg6wsi,18,0,0.0
pkjom9yr5m9690fg6wsi,19,0,0.0
pkjom9yr5m9690fg6wsi,20,0,0.0
pkjom9yr5m9690fg6wsi,21,0,0.0
pkjom9yr5m9690fg6wsi,22,0,0.0
pkjom9yr5m9690fg6wsi,23,2,2.22
shtnl1wh1mconb8od5ko,0,2,1.85
shtnl1wh1mconb8od5ko,1,1,0.93
shtnl1wh1mconb8od5ko,2,3,2.78
shtnl1wh1mconb8od5ko,3,4,3.7
shtnl1wh1mconb8od5ko,4,2,1.85
shtnl1wh1mconb8od5ko,5,1,0.93
shtnl1wh1mconb8od5ko,6,4,3.7
shtnl1wh1mconb8od5ko,7,2,1.85
shtnl1wh1mconb8od5ko,8,12,11.11
shtnl1wh1mconb8od5ko,9,8,7.41
shtnl1wh1mconb8od5ko,10,7,6.48
shtnl1wh1mconb8od5ko,11,13,12.04
shtnl1wh1mconb8od5ko,12,7,6.48
shtnl1wh1mconb8od5ko,13,8,7.41
shtnl1wh1mconb8od5ko,14,14,12.96
shtnl1wh1mconb8od5ko,15,14,12.96
shtnl1wh1mconb8od5ko,16,5,4.63
shtnl1wh1mconb8od5ko,17,0,0.0
shtnl1wh1mconb8od5ko,18,1,0.93
shtnl1wh1mconb8od5ko,19,0,0.0
shtnl1wh1mconb8od5ko,20,0,0.0
shtnl1wh1mconb8od5ko,21,0,0.0
shtnl1wh1mconb8od5ko,22,0,0.0
shtnl1wh1mconb8od5ko,23,0,0.0
ugaiak78ggmnku4yndlt,0,0,0.0
ugaiak78ggmnku4yndlt,1,0,0.0
ugaiak78ggmnku4yndlt,2,1,1.1
ugaiak78ggmnku4yndlt,3,0,0.0
ugaiak78ggmnku4yndlt,4,5,5.49
ugaiak78ggmnku4yndlt,5,3,3.3
ugaiak78ggmnku4yndlt,6,7,7.69
ugaiak78ggmnku4yndlt,7,4,4.4
ugaiak78ggmnku4yndlt,8,12,13.19
ugaiak78ggmnku4yndlt,9,5,5.49
ugaiak78ggmnku4yndlt,10,4,4.4
ugaiak78ggmnku4yndlt,11,10,10.99
ugaiak78ggmnku4yndlt,12,5,5.49
ugaiak78ggmnku4yndlt,13,7,7.69
ugaiak78ggmnku4yndlt,14,19,20.88
ugaiak78ggmnku4yndlt,15,6,6.59
ugaiak78ggmnku4yndlt,16,1,1.1
ugaiak78ggmnku4yndlt,17,0,0.0
ugaiak78ggmnku4yndlt,18,0,0.0
ugaiak78ggmnku4yndlt,19,0,0.0
ugaiak78ggmnku4yndlt,20,0,0.0
ugaiak78ggmnku4yndlt,21,0,0.0
ugaiak78ggmnku4yndlt,22,0,0.0
ugaiak78ggmnku4yndlt,23,2,2.2
5mrih4nj5agvu67vao4m,0,0,0.0
5mrih4nj5agvu67vao4m,1,3,3.19
5mrih4nj5agvu67vao4m,2,2,2.13
5mrih4nj5agvu67vao4m,3,2,2.13
5mrih4nj5agvu67vao4m,4,3,3.19
5mrih4nj5agvu67vao4m,5,1,1.06
5mrih4nj5agvu67vao4m,6,7,7.45
5mrih4nj5agvu67vao4m,7,4,4.26
5mrih4nj5agvu67vao4m,8,9,9.57
5mrih4nj5agvu67vao4m,9,7,7.45
5mrih4nj5agvu67vao4m,10,9,9.57
5mrih4nj5agvu67vao4m,11,6,6.38
5mrih4nj5agvu67vao4m,12,12,12.77
5mrih4nj5agvu67vao4m,13,4,4.26
5mrih4nj5agvu67vao4m,14,13,13.83
5mrih4nj5agvu67vao4m,15,8,8.51
5mrih4nj5agvu67vao4m,16,3,3.19
5mrih4nj5agvu67vao4m,17,1,1.06
5mrih4nj5agvu67vao4m,18,0,0.0
5mrih4nj5agvu67vao4m,19,0,0.0
5mrih4nj5agvu67vao4m,20,0,0.0
5mrih4nj5agvu67vao4m,21,0,0.0
5mrih4nj5agvu67vao4m,22,0,0.0
5mrih4nj5agvu67vao4m,23,0,0.0
66f99grd556eyxjqk7pz,0,0,0.0
66f99grd556eyxjqk7pz,1,0,0.0
66f99grd556eyxjqk7pz,2,2,1.77
66f99grd556eyxjqk7pz,3,4,3.54
66f99grd556eyxjqk7pz,4,6,5.31
66f99grd556eyxjqk7pz,5,3,2.65
66f99grd556eyxjqk7pz,6,3,2.65
66f99grd556eyxjqk7pz,7,5,4.42
66f99grd556eyxjqk7pz,8,11,9.73
66f99grd556eyxjqk7pz,9,12,10.62
66f99grd556eyxjqk7pz,10,6,5.31
66f99grd556eyxjqk7pz,11,7,6.19
66f99grd556eyxjqk7pz,12,6,5.31
66f99grd556eyxjqk7pz,13,11,9.73
66f99grd556eyxjqk7pz,14,16,14.16
66f99grd556eyxjqk7pz,15,19,16.81
66f99grd556eyxjqk7pz,16,2,1.77
66f99grd556eyxjqk7pz,17,0,0.0
66f99grd556eyxjqk7pz,18,0,0.0
66f99grd556eyxjqk7pz,19,0,0.0
66f99grd556eyxjqk7pz,20,0,0.0
66f99grd556eyxjqk7pz,21,0,0.0
66f99grd556eyxjqk7pz,22,0,0.0
66f99grd556eyxjqk7pz,23,0,0.0
vrdxefyyyx3tkticfqnv,0,2,1.79
vrdxefyyyx3tkticfqnv,1,3,2.68
vrdxefyyyx3tkticfqnv,2,4,3.57
vrdxefyyyx3tkticfqnv,3,2,1.79
vrdxefyyyx3tkticfqnv,4,6,5.36
vrdxefyyyx3tkticfqnv,5,5,4.46
vrdxefyyyx3tkticfqnv,6,7,6.25
vrdxefyyyx3tkticfqnv,7,7,6.25
vrdxefyyyx3tkticfqnv,8,10,8.93
vrdxefyyyx3tkticfqnv,9,8,7.14
vrdxefyyyx3tkticfqnv,10,6,5.36
vrdxefyyyx3tkticfqnv,11,7,6.25
vrdxefyyyx3tkticfqnv,12,3,2.68
vrdxefyyyx3tkticfqnv,13,10,8.93
vrdxefyyyx3tkticfqnv,14,12,10.71
vrdxefyyyx3tkticfqnv,15,19,16.96
vrdxefyyyx3tkticfqnv,16,0,0.0
vrdxefyyyx3tkticfqnv,17,0,0.0
vrdxefyyyx3tkticfqnv,18,0,0.0
vrdxefyyyx3tkticfqnv,19,0,0.0
vrdxefyyyx3tkticfqnv,20,0,0.0
vrdxefyyyx3tkticfqnv,21,0,0.0
vrdxefyyyx3tkticfqnv,22,1,0.89
vrdxefyyyx3tkticfqnv,23,0,0.0
ik7o5ykfnku0qp74sy1i,0,2,1.98
ik7o5ykfnku0qp74sy1i,1,2,1.98
ik7o5ykfnku0qp74sy1i,2,3,2.97
ik7o5ykfnku0qp74sy1i,3,0,0.0
ik7o5ykfnku0qp74sy1i,4,2,1.98
ik7o5ykfnku0qp74sy1i,5,4,3.96
ik7o5ykfnku0qp74sy1i,6,4,3.96
ik7o5ykfnku0qp74sy1i,7,8,7.92
ik7o5ykfnku0qp74sy1i,8,9,8.91
ik7o5ykfnku0qp74sy1i,9,7,6.93
ik7o5ykfnku0qp74sy1i,10,5,4.95
ik7o5ykfnku0qp74sy1i,11,4,3.96
ik7o5ykfnku0qp74sy1i,12,11,10.89
ik7o5ykfnku0qp74sy1i,13,12,11.88
ik7o5ykfnku0qp74sy1i,14,13,12.87
ik7o5ykfnku0qp74sy1i,15,12,11.88
ik7o5ykfnku0qp74sy1i,16,3,2.97
ik7o5ykfnku0qp74sy1i,17,0,0.0
ik7o5ykfnku0qp74sy1i,18,0,0.0
ik7o5ykfnku0qp74sy1i,19,0,0.0
ik7o5ykfnku0qp74sy1i,20,0,0.0
ik7o5ykfnku0qp74sy1i,21,0,0.0
ik7o5ykfnku0qp74sy1i,22,0,0.0
ik7o5ykfnku0qp74sy1i,23,0,0.0
99dj4o3b2f6m4jemke7d,0,2,1.57
99dj4o3b2f6m4jemke7d,1,1,0.79
99dj4o3b2f6m4jemke7d,2,2,1.57
99dj4o3b2f6m4jemke7d,3,3,2.36
99dj4o3b2f6m4jemke7d,4,4,3.15
99dj4o3b2f6m4jemke7d,5,3,2.36
99dj4o3b2f6m4jemke7d,6,9,7.09
99dj4o3b2f6m4jemke7d,7,6,4.72
99dj4o3b2f6m4jemke7d,8,8,6.3
99dj4o3b2f6m4jemke7d,9,5,3.94
99dj4o3b2f6m4jemke7d,10,14,11.02
99dj4o3b2f6m4jemke7d,11,9,7.09
99dj4o3b2f6m4jemke7d,12,17,13.39
99dj4o3b2f6m4jemke7d,13,6,4.72
99dj4o3b2f6m4jemke7d,14,19,14.96
99dj4o3b2f6m4jemke7d,15,16,12.6
99dj4o3b2f6m4jemke7d,16,3,2.36
99dj4o3b2f6m4jemke7d,17,0,0.0
99dj4o3b2f6m4jemke7d,18,0,0.0
99dj4o3b2f6m4jemke7d,19,0,0.0
99dj4o3b2f6m4jemke7d,20,0,0.0
99dj4o3b2f6m4jemke7d,21,0,0.0
99dj4o3b2f6m4jemke7d,22,0,0.0
99dj4o3b2f6m4jemke7d,23,0,0.0
6tq9irjllweqmqe4u7sf,0,0,0.0
6tq9irjllweqmqe4u7sf,1,3,3.75
6tq9irjllweqmqe4u7sf,2,3,3.75
6tq9irjllweqmqe4u7sf,3,0,0.0
6tq9irjllweqmqe4u7sf,4,2,2.5
6tq9irjllweqmqe4u7sf,5,2,2.5
6tq9irjllweqmqe4u7sf,6,3,3.75
6tq9irjllweqmqe4u7sf,7,6,7.5
6tq9irjllweqmqe4u7sf,8,8,10.0
6tq9irjllweqmqe4u7sf,9,10,12.5
6tq9irjllweqmqe4u7sf,10,8,10.0
6tq9irjllweqmqe4u7sf,11,4,5.0
6tq9irjllweqmqe4u7sf,12,5,6.25
6tq9irjllweqmqe4u7sf,13,5,6.25
6tq9irjllweqmqe4u7sf,14,11,13.75
6tq9irjllweqmqe4u7sf,15,6,7.5
6tq9irjllweqmqe4u7sf,16,1,1.25
6tq9irjllweqmqe4u7sf,17,1,1.25
6tq9irjllweqmqe4u7sf,18,0,0.0
6tq9irjllweqmqe4u7sf,19,0,0.0
6tq9irjllweqmqe4u7sf,20,0,0.0
6tq9irjllweqmqe4u7sf,21,0,0.0
6tq9irjllweqmqe4u7sf,22,0,0.0
6tq9irjllweqmqe4u7sf,23,2,2.5
je7kqkmpwkosa7nkgfpx,0,1,1.09
je7kqkmpwkosa7nkgfpx,1,1,1.09
je7kqkmpwkosa7nkgfpx,2,2,2.17
je7kqkmpwkosa7nkgfpx,3,2,2.17
je7kqkmpwkosa7nkgfpx,4,5,5.43
je7kqkmpwkosa7nkgfpx,5,3,3.26
je7kqkmpwkosa7nkgfpx,6,5,5.43
je7kqkmpwkosa7nkgfpx,7,9,9.78
je7kqkmpwkosa7nkgfpx,8,5,5.43
je7kqkmpwkosa7nkgfpx,9,5,5.43
je7kqkmpwkosa7nkgfpx,10,8,8.7
je7kqkmpwkosa7nkgfpx,11,8,8.7
je7kqkmpwkosa7nkgfpx,12,5,5.43
je7kqkmpwkosa7nkgfpx,13,8,8.7
je7kqkmpwkosa7nkgfpx,14,10,10.87
je7kqkmpwkosa7nkgfpx,15,11,11.96
je7kqkmpwkosa7nkgfpx,16,3,3.26
je7kqkmpwkosa7nkgfpx,17,0,0.0
je7kqkmpwkosa7nkgfpx,18,1,1.09
je7kqkmpwkosa7nkgfpx,19,0,0.0
je7kqkmpwkosa7nkgfpx,20,0,0.0
je7kqkmpwkosa7nkgfpx,21,0,0.0
je7kqkmpwkosa7nkgfpx,22,0,0.0
je7kqkmpwkosa7nkgfpx,23,0,0.0
3cic5ziycjx4ik4ll0v1,0,1,0.88
3cic5ziycjx4ik4ll0v1,1,1,0.88
3cic5ziycjx4ik4ll0v1,2,1,0.88
3cic5ziycjx4ik4ll0v1,3,2,1.75
3cic5ziycjx4ik4ll0v1,4,4,3.51
3cic5ziycjx4ik4ll0v1,5,2,1.75
3cic5ziycjx4ik4ll0v1,6,7,6.14
3cic5ziycjx4ik4ll0v1,7,8,7.02
3cic5ziycjx4ik4ll0v1,8,9,7.89
3cic5ziycjx4ik4ll0v1,9,5,4.39
3cic5ziycjx4ik4ll0v1,10,10,8.77
3cic5ziycjx4ik4ll0v1,11,8,7.02
3cic5ziycjx4ik4ll0v1,12,5,4.39
3cic5ziycjx4ik4ll0v1,13,8,7.02
3cic5ziycjx4ik4ll0v1,14,25,21.93
3cic5ziycjx4ik4ll0v1,15,14,12.28
3cic5ziycjx4ik4ll0v1,16,1,0.88
3cic5ziycjx4ik4ll0v1,17,2,1.75
3cic5ziycjx4ik4ll0v1,18,0,0.0
3cic5ziycjx4ik4ll0v1,19,0,0.0
3cic5ziycjx4ik4ll0v1,20,0,0.0
3cic5ziycjx4ik4ll0v1,21,0,0.0
3cic5ziycjx4ik4ll0v1,22,0,0.0
3cic5ziycjx4ik4ll0v1,23,1,0.88
ef04ejvyvmh5votejbif,0,0,0.0
ef04ejvyvmh5votejbif,1,2,1.96
ef04ejvyvmh5votejbif,2,4,3.92
ef04ejvyvmh5votejbif,3,1,0.98
ef04ejvyvmh5votejbif,4,6,5.88
ef04ejvyvmh5votejbif,5,6,5.88
ef04ejvyvmh5votejbif,6,4,3.92
ef04ejvyvmh5votejbif,7,4,3.92
ef04ejvyvmh5votejbif,8,15,14.71
ef04ejvyvmh5votejbif,9,4,3.92
ef04ejvyvmh5votejbif,10,7,6.86
ef04ejvyvmh5votejbif,11,2,1.96
ef04ejvyvmh5votejbif,12,8,7.84
ef04ejvyvmh5votejbif,13,10,9.8
ef04ejvyvmh5votejbif,14,14,13.73
ef04ejvyvmh5votejbif,15,12,11.76
ef04ejvyvmh5votejbif,16,1,0.98
ef04ejvyvmh5votejbif,17,0,0.0
ef04ejvyvmh5votejbif,18,0,0.0
ef04ejvyvmh5votejbif,19,0,0.0
ef04ejvyvmh5votejbif,20,0,0.0
ef04ejvyvmh5votejbif,21,0,0.0
ef04ejvyvmh5votejbif,22,0,0.0
ef04ejvyvmh5votejbif,23,2,1.96
dfnvtf7qbi2955rjeaqx,0,0,0.0
dfnvtf7qbi2955rjeaqx,1,5,4.13
dfnvtf7qbi2955rjeaqx,2,7,5.79
dfnvtf7qbi2955rjeaqx,3,0,0.0
dfnvtf7qbi2955rjeaqx,4,4,3.31
dfnvtf7qbi2955rjeaqx,5,2,1.65
dfnvtf7qbi2955rjeaqx,6,8,6.61
dfnvtf7qbi2955rjeaqx,7,4,3.31
dfnvtf7qbi2955rjeaqx,8,9,7.44
dfnvtf7qbi2955rjeaqx,9,9,7.44
dfnvtf7qbi2955rjeaqx,10,11,9.09
dfnvtf7qbi2955rjeaqx,11,12,9.92
dfnvtf7qbi2955rjeaqx,12,5,4.13
dfnvtf7qbi2955rjeaqx,13,10,8.26
dfnvtf7qbi2955rjeaqx,14,19,15.7
dfnvtf7qbi2955rjeaqx,15,9,7.44
dfnvtf7qbi2955rjeaqx,16,3,2.48
dfnvtf7qbi2955rjeaqx,17,1,0.83
dfnvtf7qbi2955rjeaqx,18,0,0.0
dfnvtf7qbi2955rjeaqx,19,0,0.0
dfnvtf7qbi2955rjeaqx,20,0,0.0
dfnvtf7qbi2955rjeaqx,21,1,0.83
dfnvtf7qbi2955rjeaqx,22,0,0.0
dfnvtf7qbi2955rjeaqx,23,2,1.65
bwvpzqnhh752noqjqj8d,0,1,0.95
bwvpzqnhh752noqjqj8d,1,1,0.95
bwvpzqnhh752noqjqj8d,2,5,4.76
bwvpzqnhh752noqjqj8d,3,5,4.76
bwvpzqnhh752noqjqj8d,4,5,4.76
bwvpzqnhh752noqjqj8d,5,9,8.57
bwvpzqnhh752noqjqj8d,6,2,1.9
bwvpzqnhh752noqjqj8d,7,6,5.71
bwvpzqnhh752noqjqj8d,8,9,8.57
bwvpzqnhh752noqjqj8d,9,3,2.86
bwvpzqnhh752noqjqj8d,10,4,3.81
bwvpzqnhh752noqjqj8d,11,6,5.71
bwvpzqnhh752noqjqj8d,12,9,8.57
bwvpzqnhh752noqjqj8d,13,14,13.33
bwvpzqnhh752noqjqj8d,14,11,10.48
bwvpzqnhh752noqjqj8d,15,13,12.38
bwvpzqnhh752noqjqj8d,16,1,0.95
bwvpzqnhh752noqjqj8d,17,0,0.0
bwvpzqnhh752noqjqj8d,18,0,0.0
bwvpzqnhh752noqjqj8d,19,0,0.0
bwvpzqnhh752noqjqj8d,20,0,0.0
bwvpzqnhh752noqjqj8d,21,0,0.0
bwvpzqnhh752noqjqj8d,22,0,0.0
bwvpzqnhh752noqjqj8d,23,1,0.95
4c90f16c0fcd85d3de25,0,0,0.0
4c90f16c0fcd85d3de25,1,15,5.47
4c90f16c0fcd85d3de25,2,71,25.91
4c90f16c0fcd85d3de25,3,27,9.85
4c90f16c0fcd85d3de25,4,5,1.82
4c90f16c0fcd85d3de25,5,0,0.0
4c90f16c0fcd85d3de25,6,10,3.65
4c90f16c0fcd85d3de25,7,13,4.74
4c90f16c0fcd85d3de25,8,19,6.93
4c90f16c0fcd85d3de25,9,15,5.47
4c90f16c0fcd85d3de25,10,14,5.11
4c90f16c0fcd85d3de25,11,24,8.76
4c90f16c0fcd85d3de25,12,6,2.19
4c90f16c0fcd85d3de25,13,30,10.95
4c90f16c0fcd85d3de25,14,21,7.66
4c90f16c0fcd85d3de25,15,4,1.46
4c90f16c0fcd85d3de25,16,0,0.0
4c90f16c0fcd85d3de25,17,0,0.0
4c90f16c0fcd85d3de25,18,0,0.0
4c90f16c0fcd85d3de25,19,0,0.0
4c90f16c0fcd85d3de25,20,0,0.0
4c90f16c0fcd85d3de25,21,0,0.0
4c90f16c0fcd85d3de25,22,0,0.0
4c90f16c0fcd85d3de25,23,0,0.0
2b9ef4e3749f713870b0,0,0,0.0
2b9ef4e3749f713870b0,1,2,1.45
2b9ef4e3749f713870b0,2,9,6.52
2b9ef4e3749f713870b0,3,9,6.52
2b9ef4e3749f713870b0,4,27,19.57
2b9ef4e3749f713870b0,5,0,0.0
2b9ef4e3749f713870b0,6,2,1.45
2b9ef4e3749f713870b0,7,0,0.0
2b9ef4e3749f713870b0,8,0,0.0
2b9ef4e3749f713870b0,9,11,7.97
2b9ef4e3749f713870b0,10,8,5.8
2b9ef4e3749f713870b0,11,29,21.01
2b9ef4e3749f713870b0,12,9,6.52
2b9ef4e3749f713870b0,13,2,1.45
2b9ef4e3749f713870b0,14,25,18.12
2b9ef4e3749f713870b0,15,5,3.62
2b9ef4e3749f713870b0,16,0,0.0
2b9ef4e3749f713870b0,17,0,0.0
2b9ef4e3749f713870b0,18,0,0.0
2b9ef4e3749f713870b0,19,0,0.0
2b9ef4e3749f713870b0,20,0,0.0
2b9ef4e3749f713870b0,21,0,0.0
2b9ef4e3749f713870b0,22,0,0.0
2b9ef4e3749f713870b0,23,0,0.0
b8290aea71e7a5421a02,0,0,0.0
b8290aea71e7a5421a02,1,0,0.0
b8290aea71e7a5421a02,2,0,0.0
b8290aea71e7a5421a02,3,0,0.0
b8290aea71e7a5421a02,4,0,0.0
b8290aea71e7a5421a02,5,1,2.56
b8290aea71e7a5421a02,6,35,89.74
b8290aea71e7a5421a02,7,0,0.0
b8290aea71e7a5421a02,8,0,0.0
b8290aea71e7a5421a02,9,0,0.0
b8290aea71e7a5421a02,10,0,0.0
b8290aea71e7a5421a02,11,2,5.13
b8290aea71e7a5421a02,12,0,0.0
b8290aea71e7a5421a02,13,1,2.56
b8290aea71e7a5421a02,14,0,0.0
b8290aea71e7a5421a02,15,0,0.0
b8290aea71e7a5421a02,16,0,0.0
b8290aea71e7a5421a02,17,0,0.0
b8290aea71e7a5421a02,18,0,0.0
b8290aea71e7a5421a02,19,0,0.0
b8290aea71e7a5421a02,20,0,0.0
b8290aea71e7a5421a02,21,0,0.0
b8290aea71e7a5421a02,22,0,0.0
b8290aea71e7a5421a02,23,0,0.0
5f55600069b483f999f5,0,0,0.0
5f55600069b483f999f5,1,0,0.0
5f55600069b483f999f5,2,2,1.0
5f55600069b483f999f5,3,0,0.0
5f55600069b483f999f5,4,0,0.0
5f55600069b483f999f5,5,0,0.0
5f55600069b483f999f5,6,0,0.0
5f55600069b483f999f5,7,17,8.5
5f55600069b483f999f5,8,10,5.0
5f55600069b483f999f5,9,21,10.5
5f55600069b483f999f5,10,13,6.5
5f55600069b483f999f5,11,57,28.5
5f55600069b483f999f5,12,36,18.0
5f55600069b483f999f5,13,0,0.0
5f55600069b483f999f5,14,28,14.0
5f55600069b483f999f5,15,16,8.0
5f55600069b483f999f5,16,0,0.0
5f55600069b483f999f5,17,0,0.0
5f55600069b483f999f5,18,0,0.0
5f55600069b483f999f5,19,0,0.0
5f55600069b483f999f5,20,0,0.0
5f55600069b483f999f5,21,0,0.0
5f55600069b483f999f5,22,0,0.0
5f55600069b483f999f5,23,0,0.0
170a695a2717bcd9b74b,0,4,2.08
170a695a2717bcd9b74b,1,9,4.69
170a695a2717bcd9b74b,2,45,23.44
170a695a2717bcd9b74b,3,23,11.98
170a695a2717bcd9b74b,4,6,3.12
170a695a2717bcd9b74b,5,0,0.0
170a695a2717bcd9b74b,6,0,0.0
170a695a2717bcd9b74b,7,3,1.56
170a695a2717bcd9b74b,8,7,3.65
170a695a2717bcd9b74b,9,19,9.9
170a695a2717bcd9b74b,10,2,1.04
170a695a2717bcd9b74b,11,45,23.44
170a695a2717bcd9b74b,12,7,3.65
170a695a2717bcd9b74b,13,7,3.65
170a695a2717bcd9b74b,14,1,0.52
170a695a2717bcd9b74b,15,14,7.29
170a695a2717bcd9b74b,16,0,0.0
170a695a2717bcd9b74b,17,0,0.0
170a695a2717bcd9b74b,18,0,0.0
170a695a2717bcd9b74b,19,0,0.0
170a695a2717bcd9b74b,20,0,0.0
170a695a2717bcd9b74b,21,0,0.0
170a695a2717bcd9b74b,22,0,0.0
170a695a2717bcd9b74b,23,0,0.0
a0a1991396f865c9e3dc,0,1,0.35
a0a1991396f865c9e3dc,1,2,0.69
a0a1991396f865c9e3dc,2,8,2.77
a0a1991396f865c9e3dc,3,2,0.69
a0a1991396f865c9e3dc,4,7,2.42
a0a1991396f865c9e3dc,5,2,0.69
a0a1991396f865c9e3dc,6,0,0.0
a0a1991396f865c9e3dc,7,1,0.35
a0a1991396f865c9e3dc,8,23,7.96
a0a1991396f865c9e3dc,9,9,3.11
a0a1991396f865c9e3dc,10,7,2.42
a0a1991396f865c9e3dc,11,11,3.81
a0a1991396f865c9e3dc,12,23,7.96
a0a1991396f865c9e3dc,13,77,26.64
a0a1991396f865c9e3dc,14,47,16.26
a0a1991396f865c9e3dc,15,29,10.03
a0a1991396f865c9e3dc,16,21,7.27
a0a1991396f865c9e3dc,17,7,2.42
a0a1991396f865c9e3dc,18,11,3.81
a0a1991396f865c9e3dc,19,0,0.0
a0a1991396f865c9e3dc,20,0,0.0
a0a1991396f865c9e3dc,21,0,0.0
a0a1991396f865c9e3dc,22,0,0.0
a0a1991396f865c9e3dc,23,1,0.35
3fee5c27236cbb682727,0,0,0.0
3fee5c27236cbb682727,1,0,0.0
3fee5c27236cbb682727,2,0,0.0
3fee5c27236cbb682727,3,0,0.0
3fee5c27236cbb682727,4,2,2.22
3fee5c27236cbb682727,5,0,0.0
3fee5c27236cbb682727,6,0,0.0
3fee5c27236cbb682727,7,0,0.0
3fee5c27236cbb682727,8,0,0.0
3fee5c27236cbb682727,9,2,2.22
3fee5c27236cbb682727,10,0,0.0
3fee5c27236cbb682727,11,1,1.11
3fee5c27236cbb682727,12,41,45.56
3fee5c27236cbb682727,13,8,8.89
3fee5c27236cbb682727,14,2,2.22
3fee5c27236cbb682727,15,7,7.78
3fee5c27236cbb682727,16,15,16.67
3fee5c27236cbb682727,17,12,13.33
3fee5c27236cbb682727,18,0,0.0
3fee5c27236cbb682727,19,0,0.0
3fee5c27236cbb682727,20,0,0.0
3fee5c27236cbb682727,21,0,0.0
3fee5c27236cbb682727,22,0,0.0
3fee5c27236cbb682727,23,0,0.0
701a989d65a59c18845b,0,1,0.93
701a989d65a59c18845b,1,7,6.54
701a989d65a59c18845b,2,9,8.41
701a989d65a59c18845b,3,4,3.74
701a989d65a59c18845b,4,3,2.8
701a989d65a59c18845b,5,0,0.0
701a989d65a59c18845b,6,0,0.0
701a989d65a59c18845b,7,5,4.67
701a989d65a59c18845b,8,12,11.21
701a989d65a59c18845b,9,6,5.61
701a989d65a59c18845b,10,3,2.8
701a989d65a59c18845b,11,11,10.28
701a989d65a59c18845b,12,4,3.74
701a989d65a59c18845b,13,9,8.41
701a989d65a59c18845b,14,1,0.93
701a989d65a59c18845b,15,15,14.02
701a989d65a59c18845b,16,10,9.35
701a989d65a59c18845b,17,0,0.0
701a989d65a59c18845b,18,0,0.0
701a989d65a59c18845b,19,0,0.0
701a989d65a59c18845b,20,0,0.0
701a989d65a59c18845b,21,0,0.0
701a989d65a59c18845b,22,0,0.0
701a989d65a59c18845b,23,7,6.54
3672e2896ad7d8f2404e,0,0,0.0
3672e2896ad7d8f2404e,1,0,0.0
3672e2896ad7d8f2404e,2,1,1.15
3672e2896ad7d8f2404e,3,4,4.6
3672e2896ad7d8f2404e,4,11,12.64
3672e2896ad7d8f2404e,5,0,0.0
3672e2896ad7d8f2404e,6,0,0.0
3672e2896ad7d8f2404e,7,0,0.0
3672e2896ad7d8f2404e,8,0,0.0
3672e2896ad7d8f2404e,9,0,0.0
3672e2896ad7d8f2404e,10,41,47.13
3672e2896ad7d8f2404e,11,1,1.15
3672e2896ad7d8f2404e,12,0,0.0
3672e2896ad7d8f2404e,13,9,10.34
3672e2896ad7d8f2404e,14,13,14.94
3672e2896ad7d8f2404e,15,7,8.05
3672e2896ad7d8f2404e,16,0,0.0
3672e2896ad7d8f2404e,17,0,0.0
3672e2896ad7d8f2404e,18,0,0.0
3672e2896ad7d8f2404e,19,0,0.0
3672e2896ad7d8f2404e,20,0,0.0
3672e2896ad7d8f2404e,21,0,0.0
3672e2896ad7d8f2404e,22,0,0.0
3672e2896ad7d8f2404e,23,0,0.0
52f1bca9ac9c792e4457,0,6,5.71
52f1bca9ac9c792e4457,1,6,5.71
52f1bca9ac9c792e4457,2,11,10.48
52f1bca9ac9c792e4457,3,0,0.0
52f1bca9ac9c792e4457,4,0,0.0
52f1bca9ac9c792e4457,5,0,0.0
52f1bca9ac9c792e4457,6,0,0.0
52f1bca9ac9c792e4457,7,0,0.0
52f1bca9ac9c792e4457,8,4,3.81
52f1bca9ac9c792e4457,9,0,0.0
52f1bca9ac9c792e4457,10,0,0.0
52f1bca9ac9c792e4457,11,0,0.0
52f1bca9ac9c792e4457,12,22,20.95
52f1bca9ac9c792e4457,13,21,20.0
52f1bca9ac9c792e4457,14,19,18.1
52f1bca9ac9c792e4457,15,16,15.24
52f1bca9ac9c792e4457,16,0,0.0
52f1bca9ac9c792e4457,17,0,0.0
52f1bca9ac9c792e4457,18,0,0.0
52f1bca9ac9c792e4457,19,0,0.0
52f1bca9ac9c792e4457,20,0,0.0
52f1bca9ac9c792e4457,21,0,0.0
52f1bca9ac9c792e4457,22,0,0.0
52f1bca9ac9c792e4457,23,0,0.0
75097aa30e9373a612c7,0,6,5.5
75097aa30e9373a612c7,1,6,5.5
75097aa30e9373a612c7,2,0,0.0
75097aa30e9373a612c7,3,1,0.92
75097aa30e9373a612c7,4,0,0.0
75097aa30e9373a612c7,5,3,2.75
75097aa30e9373a612c7,6,8,7.34
75097aa30e9373a612c7,7,3,2.75
75097aa30e9373a612c7,8,4,3.67
75097aa30e9373a612c7,9,2,1.83
75097aa30e9373a612c7,10,5,4.59
75097aa30e9373a612c7,11,12,11.01
75097aa30e9373a612c7,12,13,11.93
75097aa30e9373a612c7,13,5,4.59
75097aa30e9373a612c7,14,34,31.19
75097aa30e9373a612c7,15,7,6.42
75097aa30e9373a612c7,16,0,0.0
75097aa30e9373a612c7,17,0,0.0
75097aa30e9373a612c7,18,0,0.0
75097aa30e9373a612c7,19,0,0.0
75097aa30e9373a612c7,20,0,0.0
75097aa30e9373a612c7,21,0,0.0
75097aa30e9373a612c7,22,0,0.0
75097aa30e9373a612c7,23,0,0.0
72b4334deffff31dea8b,0,0,0.0
72b4334deffff31dea8b,1,0,0.0
72b4334deffff31dea8b,2,0,0.0
72b4334deffff31dea8b,3,0,0.0
72b4334deffff31dea8b,4,0,0.0
72b4334deffff31dea8b,5,0,0.0
72b4334deffff31dea8b,6,0,0.0
72b4334deffff31dea8b,7,0,0.0
72b4334deffff31dea8b,8,0,0.0
72b4334deffff31dea8b,9,0,0.0
72b4334deffff31dea8b,10,0,0.0
72b4334deffff31dea8b,11,8,6.5
72b4334deffff31dea8b,12,18,14.63
72b4334deffff31dea8b,13,27,21.95
72b4334deffff31dea8b,14,40,32.52
72b4334deffff31dea8b,15,30,24.39
72b4334deffff31dea8b,16,0,0.0
72b4334deffff31dea8b,17,0,0.0
72b4334deffff31dea8b,18,0,0.0
72b4334deffff31dea8b,19,0,0.0
72b4334deffff31dea8b,20,0,0.0
72b4334deffff31dea8b,21,0,0.0
72b4334deffff31dea8b,22,0,0.0
72b4334deffff31dea8b,23,0,0.0
84e8300978b600b5f0ba,0,13,9.7
84e8300978b600b5f0ba,1,0,0.0
84e8300978b600b5f0ba,2,2,1.49
84e8300978b600b5f0ba,3,7,5.22
84e8300978b600b5f0ba,4,5,3.73
84e8300978b600b5f0ba,5,7,5.22
84e8300978b600b5f0ba,6,3,2.24
84e8300978b600b5f0ba,7,9,6.72
84e8300978b600b5f0ba,8,5,3.73
84e8300978b600b5f0ba,9,3,2.24
84e8300978b600b5f0ba,10,8,5.97
84e8300978b600b5f0ba,11,13,9.7
84e8300978b600b5f0ba,12,16,11.94
84e8300978b600b5f0ba,13,8,5.97
84e8300978b600b5f0ba,14,6,4.48
84e8300978b600b5f0ba,15,29,21.64
84e8300978b600b5f0ba,16,0,0.0
84e8300978b600b5f0ba,17,0,0.0
84e8300978b600b5f0ba,18,0,0.0
84e8300978b600b5f0ba,19,0,0.0
84e8300978b600b5f0ba,20,0,0.0
84e8300978b600b5f0ba,21,0,0.0
84e8300978b600b5f0ba,22,0,0.0
84e8300978b600b5f0ba,23,0,0.0
2ccfa5f79c8b61e465d4,0,0,0.0
2ccfa5f79c8b61e465d4,1,2,0.98
2ccfa5f79c8b61e465d4,2,44,21.46
2ccfa5f79c8b61e465d4,3,0,0.0
2ccfa5f79c8b61e465d4,4,5,2.44
2ccfa5f79c8b61e465d4,5,7,3.41
2ccfa5f79c8b61e465d4,6,23,11.22
2ccfa5f79c8b61e465d4,7,7,3.41
2ccfa5f79c8b61e465d4,8,16,7.8
2ccfa5f79c8b61e465d4,9,10,4.88
2ccfa5f79c8b61e465d4,10,10,4.88
2ccfa5f79c8b61e465d4,11,8,3.9
2ccfa5f79c8b61e465d4,12,4,1.95
2ccfa5f79c8b61e465d4,13,27,13.17
2ccfa5f79c8b61e465d4,14,21,10.24
2ccfa5f79c8b61e465d4,15,2,0.98
2ccfa5f79c8b61e465d4,16,18,8.78
2ccfa5f79c8b61e465d4,17,1,0.49
2ccfa5f79c8b61e465d4,18,0,0.0
2ccfa5f79c8b61e465d4,19,0,0.0
2ccfa5f79c8b61e465d4,20,0,0.0
2ccfa5f79c8b61e465d4,21,0,0.0
2ccfa5f79c8b61e465d4,22,0,0.0
2ccfa5f79c8b61e465d4,23,0,0.0
63aded37545ab92d41d4,0,0,0.0
63aded37545ab92d41d4,1,0,0.0
63aded37545ab92d41d4,2,0,0.0
63aded37545ab92d41d4,3,0,0.0
63aded37545ab92d41d4,4,0,0.0
63aded37545ab92d41d4,5,0,0.0
63aded37545ab92d41d4,6,0,0.0
63aded37545ab92d41d4,7,0,0.0
63aded37545ab92d41d4,8,0,0.0
63aded37545ab92d41d4,9,0,0.0
63aded37545ab92d41d4,10,0,0.0
63aded37545ab92d41d4,11,10,5.81
63aded37545ab92d41d4,12,39,22.67
63aded37545ab92d41d4,13,71,41.28
63aded37545ab92d41d4,14,40,23.26
63aded37545ab92d41d4,15,12,6.98
63aded37545ab92d41d4,16,0,0.0
63aded37545ab92d41d4,17,0,0.0
63aded37545ab92d41d4,18,0,0.0
63aded37545ab92d41d4,19,0,0.0
63aded37545ab92d41d4,20,0,0.0
63aded37545ab92d41d4,21,0,0.0
63aded37545ab92d41d4,22,0,0.0
63aded37545ab92d41d4,23,0,0.0
e851f82a650692f8e591,0,12,7.27
e851f82a650692f8e591,1,0,0.0
e851f82a650692f8e591,2,0,0.0
e851f82a650692f8e591,3,26,15.76
e851f82a650692f8e591,4,18,10.91
e851f82a650692f8e591,5,3,1.82
e851f82a650692f8e591,6,19,11.52
e851f82a650692f8e591,7,3,1.82
e851f82a650692f8e591,8,4,2.42
e851f82a650692f8e591,9,2,1.21
e851f82a650692f8e591,10,0,0.0
e851f82a650692f8e591,11,19,11.52
e851f82a650692f8e591,12,0,0.0
e851f82a650692f8e591,13,13,7.88
e851f82a650692f8e591,14,5,3.03
e851f82a650692f8e591,15,39,23.64
e851f82a650692f8e591,16,2,1.21
e851f82a650692f8e591,17,0,0.0
e851f82a650692f8e591,18,0,0.0
e851f82a650692f8e591,19,0,0.0
e851f82a650692f8e591,20,0,0.0
e851f82a650692f8e591,21,0,0.0
e851f82a650692f8e591,22,0,0.0
e851f82a650692f8e591,23,0,0.0
c352158bed343ccff8e5,0,0,0.0
c352158bed343ccff8e5,1,1,0.76
c352158bed343ccff8e5,2,4,3.03
c352158bed343ccff8e5,3,0,0.0
c352158bed343ccff8e5,4,0,0.0
c352158bed343ccff8e5,5,0,0.0
c352158bed343ccff8e5,6,0,0.0
c352158bed343ccff8e5,7,1,0.76
c352158bed343ccff8e5,8,10,7.58
c352158bed343ccff8e5,9,3,2.27
c352158bed343ccff8e5,10,5,3.79
c352158bed343ccff8e5,11,25,18.94
c352158bed343ccff8e5,12,14,10.61
c352158bed343ccff8e5,13,14,10.61
c352158bed343ccff8e5,14,37,28.03
c352158bed343ccff8e5,15,18,13.64
c352158bed343ccff8e5,16,0,0.0
c352158bed343ccff8e5,17,0,0.0
c352158bed343ccff8e5,18,0,0.0
c352158bed343ccff8e5,19,0,0.0
c352158bed343ccff8e5,20,0,0.0
c352158bed343ccff8e5,21,0,0.0
c352158bed343ccff8e5,22,0,0.0
c352158bed343ccff8e5,23,0,0.0
e3ce61b92eeae0a33633,0,0,0.0
e3ce61b92eeae0a33633,1,0,0.0
e3ce61b92eeae0a33633,2,3,4.05
e3ce61b92eeae0a33633,3,2,2.7
e3ce61b92eeae0a33633,4,0,0.0
e3ce61b92eeae0a33633,5,0,0.0
e3ce61b92eeae0a33633,6,0,0.0
e3ce61b92eeae0a33633,7,5,6.76
e3ce61b92eeae0a33633,8,17,22.97
e3ce61b92eeae0a33633,9,2,2.7
e3ce61b92eeae0a33633,10,15,20.27
e3ce61b92eeae0a33633,11,16,21.62
e3ce61b92eeae0a33633,12,11,14.86
e3ce61b92eeae0a33633,13,1,1.35
e3ce61b92eeae0a33633,14,2,2.7
e3ce61b92eeae0a33633,15,0,0.0
e3ce61b92eeae0a33633,16,0,0.0
e3ce61b92eeae0a33633,17,0,0.0
e3ce61b92eeae0a33633,18,0,0.0
e3ce61b92eeae0a33633,19,0,0.0
e3ce61b92eeae0a33633,20,0,0.0
e3ce61b92eeae0a33633,21,0,0.0
e3ce61b92eeae0a33633,22,0,0.0
e3ce61b92eeae0a33633,23,0,0.0
166cb02ac436c9d3662f,0,0,0.0
166cb02ac436c9d3662f,1,0,0.0
166cb02ac436c9d3662f,2,41,15.89
166cb02ac436c9d3662f,3,13,5.04
166cb02ac436c9d3662f,4,0,0.0
166cb02ac436c9d3662f,5,1,0.39
166cb02ac436c9d3662f,6,0,0.0
166cb02ac436c9d3662f,7,2,0.78
166cb02ac436c9d3662f,8,8,3.1
166cb02ac436c9d3662f,9,8,3.1
166cb02ac436c9d3662f,10,27,10.47
166cb02ac436c9d3662f,11,54,20.93
166cb02ac436c9d3662f,12,50,19.38
166cb02ac436c9d3662f,13,5,1.94
166cb02ac436c9d3662f,14,43,16.67
166cb02ac436c9d3662f,15,6,2.33
166cb02ac436c9d3662f,16,0,0.0
166cb02ac436c9d3662f,17,0,0.0
166cb02ac436c9d3662f,18,0,0.0
166cb02ac436c9d3662f,19,0,0.0
166cb02ac436c9d3662f,20,0,0.0
166cb02ac436c9d3662f,21,0,0.0
166cb02ac436c9d3662f,22,0,0.0
166cb02ac436c9d3662f,23,0,0.0
749fec50db4020e9bfcc,0,0,0.0
749fec50db4020e9bfcc,1,0,0.0
749fec50db4020e9bfcc,2,10,9.8
749fec50db4020e9bfcc,3,7,6.86
749fec50db4020e9bfcc,4,0,0.0
749fec50db4020e9bfcc,5,6,5.88
749fec50db4020e9bfcc,6,0,0.0
749fec50db4020e9bfcc,7,15,14.71
749fec50db4020e9bfcc,8,3,2.94
749fec50db4020e9bfcc,9,0,0.0
749fec50db4020e9bfcc,10,15,14.71
749fec50db4020e9bfcc,11,37,36.27
749fec50db4020e9bfcc,12,6,5.88
749fec50db4020e9bfcc,13,3,2.94
749fec50db4020e9bfcc,14,0,0.0
749fec50db4020e9bfcc,15,0,0.0
749fec50db4020e9bfcc,16,0,0.0
749fec50db4020e9bfcc,17,0,0.0
749fec50db4020e9bfcc,18,0,0.0
749fec50db4020e9bfcc,19,0,0.0
749fec50db4020e9bfcc,20,0,0.0
749fec50db4020e9bfcc,21,0,0.0
749fec50db4020e9bfcc,22,0,0.0
749fec50db4020e9bfcc,23,0,0.0
7ab9a2516b2dba99c36c,0,1,1.92
7ab9a2516b2dba99c36c,1,12,23.08
7ab9a2516b2dba99c36c,2,0,0.0
7ab9a2516b2dba99c36c,3,0,0.0
7ab9a2516b2dba99c36c,4,0,0.0
7ab9a2516b2dba99c36c,5,0,0.0
7ab9a2516b2dba99c36c,6,0,0.0
7ab9a2516b2dba99c36c,7,0,0.0
7ab9a2516b2dba99c36c,8,0,0.0
7ab9a2516b2dba99c36c,9,22,42.31
7ab9a2516b2dba99c36c,10,11,21.15
7ab9a2516b2dba99c36c,11,6,11.54
7ab9a2516b2dba99c36c,12,0,0.0
7ab9a2516b2dba99c36c,13,0,0.0
7ab9a2516b2dba99c36c,14,0,0.0
7ab9a2516b2dba99c36c,15,0,0.0
7ab9a2516b2dba99c36c,16,0,0.0
7ab9a2516b2dba99c36c,17,0,0.0
7ab9a2516b2dba99c36c,18,0,0.0
7ab9a2516b2dba99c36c,19,0,0.0
7ab9a2516b2dba99c36c,20,0,0.0
7ab9a2516b2dba99c36c,21,0,0.0
7ab9a2516b2dba99c36c,22,0,0.0
7ab9a2516b2dba99c36c,23,0,0.0
19fb3075dd2798538c9d,0,0,0.0
19fb3075dd2798538c9d,1,0,0.0
19fb3075dd2798538c9d,2,12,19.35
19fb3075dd2798538c9d,3,6,9.68
19fb3075dd2798538c9d,4,0,0.0
19fb3075dd2798538c9d,5,2,3.23
19fb3075dd2798538c9d,6,6,9.68
19fb3075dd2798538c9d,7,1,1.61
19fb3075dd2798538c9d,8,4,6.45
19fb3075dd2798538c9d,9,3,4.84
19fb3075dd2798538c9d,10,5,8.06
19fb3075dd2798538c9d,11,18,29.03
19fb3075dd2798538c9d,12,3,4.84
19fb3075dd2798538c9d,13,0,0.0
19fb3075dd2798538c9d,14,0,0.0
19fb3075dd2798538c9d,15,0,0.0
19fb3075dd2798538c9d,16,0,0.0
19fb3075dd2798538c9d,17,0,0.0
19fb3075dd2798538c9d,18,0,0.0
19fb3075dd2798538c9d,19,0,0.0
19fb3075dd2798538c9d,20,0,0.0
19fb3075dd2798538c9d,21,0,0.0
19fb3075dd2798538c9d,22,0,0.0
19fb3075dd2798538c9d,23,2,3.23
36ebf305b7206112f676,0,2,1.32
36ebf305b7206112f676,1,0,0.0
36ebf305b7206112f676,2,0,0.0
36ebf305b7206112f676,3,3,1.99
36ebf305b7206112f676,4,13,8.61
36ebf305b7206112f676,5,11,7.28
36ebf305b7206112f676,6,7,4.64
36ebf305b7206112f676,7,8,5.3
36ebf305b7206112f676,8,5,3.31
36ebf305b7206112f676,9,12,7.95
36ebf305b7206112f676,10,5,3.31
36ebf305b7206112f676,11,6,3.97
36ebf305b7206112f676,12,8,5.3
36ebf305b7206112f676,13,30,19.87
36ebf305b7206112f676,14,41,27.15
36ebf305b7206112f676,15,0,0.0
36ebf305b7206112f676,16,0,0.0
36ebf305b7206112f676,17,0,0.0
36ebf305b7206112f676,18,0,0.0
36ebf305b7206112f676,19,0,0.0
36ebf305b7206112f676,20,0,0.0
36ebf305b7206112f676,21,0,0.0
36ebf305b7206112f676,22,0,0.0
36ebf305b7206112f676,23,0,0.0
1397545fbe9882e5cd42,0,0,0.0
1397545fbe9882e5cd42,1,0,0.0
1397545fbe9882e5cd42,2,0,0.0
1397545fbe9882e5cd42,3,0,0.0
1397545fbe9882e5cd42,4,5,3.33
1397545fbe9882e5cd42,5,6,4.0
1397545fbe9882e5cd42,6,8,5.33
1397545fbe9882e5cd42,7,16,10.67
1397545fbe9882e5cd42,8,10,6.67
1397545fbe9882e5cd42,9,12,8.0
1397545fbe9882e5cd42,10,5,3.33
1397545fbe9882e5cd42,11,6,4.0
1397545fbe9882e5cd42,12,2,1.33
1397545fbe9882e5cd42,13,8,5.33
1397545fbe9882e5cd42,14,7,4.67
1397545fbe9882e5cd42,15,53,35.33
1397545fbe9882e5cd42,16,8,5.33
1397545fbe9882e5cd42,17,4,2.67
1397545fbe9882e5cd42,18,0,0.0
1397545fbe9882e5cd42,19,0,0.0
1397545fbe9882e5cd42,20,0,0.0
1397545fbe9882e5cd42,21,0,0.0
1397545fbe9882e5cd42,22,0,0.0
1397545fbe9882e5cd42,23,0,0.0
9e4c54a008ee874fc270,0,0,0.0
9e4c54a008ee874fc270,1,3,2.61
9e4c54a008ee874fc270,2,0,0.0
9e4c54a008ee874fc270,3,7,6.09
9e4c54a008ee874fc270,4,10,8.7
9e4c54a008ee874fc270,5,9,7.83
9e4c54a008ee874fc270,6,1,0.87
9e4c54a008ee874fc270,7,1,0.87
9e4c54a008ee874fc270,8,10,8.7
9e4c54a008ee874fc270,9,7,6.09
9e4c54a008ee874fc270,10,0,0.0
9e4c54a008ee874fc270,11,21,18.26
9e4c54a008ee874fc270,12,16,13.91
9e4c54a008ee874fc270,13,18,15.65
9e4c54a008ee874fc270,14,7,6.09
9e4c54a008ee874fc270,15,5,4.35
9e4c54a008ee874fc270,16,0,0.0
9e4c54a008ee874fc270,17,0,0.0
9e4c54a008ee874fc270,18,0,0.0
9e4c54a008ee874fc270,19,0,0.0
9e4c54a008ee874fc270,20,0,0.0
9e4c54a008ee874fc270,21,0,0.0
9e4c54a008ee874fc270,22,0,0.0
9e4c54a008ee874fc270,23,0,0.0
a8846b79555746e4f9df,0,0,0.0
a8846b79555746e4f9df,1,2,3.7
a8846b79555746e4f9df,2,4,7.41
a8846b79555746e4f9df,3,0,0.0
a8846b79555746e4f9df,4,0,0.0
a8846b79555746e4f9df,5,7,12.96
a8846b79555746e4f9df,6,4,7.41
a8846b79555746e4f9df,7,15,27.78
a8846b79555746e4f9df,8,22,40.74
a8846b79555746e4f9df,9,0,0.0
a8846b79555746e4f9df,10,0,0.0
a8846b79555746e4f9df,11,0,0.0
a8846b79555746e4f9df,12,0,0.0
a8846b79555746e4f9df,13,0,0.0
a8846b79555746e4f9df,14,0,0.0
a8846b79555746e4f9df,15,0,0.0
a8846b79555746e4f9df,16,0,0.0
a8846b79555746e4f9df,17,0,0.0
a8846b79555746e4f9df,18,0,0.0
a8846b79555746e4f9df,19,0,0.0
a8846b79555746e4f9df,20,0,0.0
a8846b79555746e4f9df,21,0,0.0
a8846b79555746e4f9df,22,0,0.0
a8846b79555746e4f9df,23,0,0.0
1629f353a742f6a73251,0,0,0.0
1629f353a742f6a73251,1,0,0.0
1629f353a742f6a73251,2,7,6.93
1629f353a742f6a73251,3,3,2.97
1629f353a742f6a73251,4,3,2.97
1629f353a742f6a73251,5,1,0.99
1629f353a742f6a73251,6,14,13.86
1629f353a742f6a73251,7,8,7.92
1629f353a742f6a73251,8,0,0.0
1629f353a742f6a73251,9,0,0.0
1629f353a742f6a73251,10,4,3.96
1629f353a742f6a73251,11,3,2.97
1629f353a742f6a73251,12,13,12.87
1629f353a742f6a73251,13,16,15.84
1629f353a742f6a73251,14,13,12.87
1629f353a742f6a73251,15,16,15.84
1629f353a742f6a73251,16,0,0.0
1629f353a742f6a73251,17,0,0.0
1629f353a742f6a73251,18,0,0.0
1629f353a742f6a73251,19,0,0.0
1629f353a742f6a73251,20,0,0.0
1629f353a742f6a73251,21,0,0.0
1629f353a742f6a73251,22,0,0.0
1629f353a742f6a73251,23,0,0.0
1202c731c612353ceef0,0,1,0.69
1202c731c612353ceef0,1,1,0.69
1202c731c612353ceef0,2,12,8.33
1202c731c612353ceef0,3,38,26.39
1202c731c612353ceef0,4,2,1.39
1202c731c612353ceef0,5,2,1.39
1202c731c612353ceef0,6,19,13.19
1202c731c612353ceef0,7,3,2.08
1202c731c612353ceef0,8,26,18.06
1202c731c612353ceef0,9,2,1.39
1202c731c612353ceef0,10,5,3.47
1202c731c612353ceef0,11,3,2.08
1202c731c612353ceef0,12,4,2.78
1202c731c612353ceef0,13,7,4.86
1202c731c612353ceef0,14,13,9.03
1202c731c612353ceef0,15,6,4.17
1202c731c612353ceef0,16,0,0.0
1202c731c612353ceef0,17,0,0.0
1202c731c612353ceef0,18,0,0.0
1202c731c612353ceef0,19,0,0.0
1202c731c612353ceef0,20,0,0.0
1202c731c612353ceef0,21,0,0.0
1202c731c612353ceef0,22,0,0.0
1202c731c612353ceef0,23,0,0.0
0e062d9fa22dc8e3bca2,0,0,0.0
0e062d9fa22dc8e3bca2,1,0,0.0
0e062d9fa22dc8e3bca2,2,6,5.5
0e062d9fa22dc8e3bca2,3,6,5.5
0e062d9fa22dc8e3bca2,4,2,1.83
0e062d9fa22dc8e3bca2,5,1,0.92
0e062d9fa22dc8e3bca2,6,8,7.34
0e062d9fa22dc8e3bca2,7,4,3.67
0e062d9fa22dc8e3bca2,8,5,4.59
0e062d9fa22dc8e3bca2,9,5,4.59
0e062d9fa22dc8e3bca2,10,13,11.93
0e062d9fa22dc8e3bca2,11,11,10.09
0e062d9fa22dc8e3bca2,12,24,22.02
0e062d9fa22dc8e3bca2,13,3,2.75
0e062d9fa22dc8e3bca2,14,4,3.67
0e062d9fa22dc8e3bca2,15,11,10.09
0e062d9fa22dc8e3bca2,16,6,5.5
0e062d9fa22dc8e3bca2,17,0,0.0
0e062d9fa22dc8e3bca2,18,0,0.0
0e062d9fa22dc8e3bca2,19,0,0.0
0e062d9fa22dc8e3bca2,20,0,0.0
0e062d9fa22dc8e3bca2,21,0,0.0
0e062d9fa22dc8e3bca2,22,0,0.0
0e062d9fa22dc8e3bca2,23,0,0.0
918236b530adbe510201,0,0,0.0
918236b530adbe510201,1,14,9.21
918236b530adbe510201,2,4,2.63
918236b530adbe510201,3,1,0.66
918236b530adbe510201,4,7,4.61
918236b530adbe510201,5,13,8.55
918236b530adbe510201,6,3,1.97
918236b530adbe510201,7,3,1.97
918236b530adbe510201,8,12,7.89
918236b530adbe510201,9,0,0.0
918236b530adbe510201,10,24,15.79
918236b530adbe510201,11,28,18.42
918236b530adbe510201,12,27,17.76
918236b530adbe510201,13,10,6.58
918236b530adbe510201,14,6,3.95
918236b530adbe510201,15,0,0.0
918236b530adbe510201,16,0,0.0
918236b530adbe510201,17,0,0.0
918236b530adbe510201,18,0,0.0
918236b530adbe510201,19,0,0.0
918236b530adbe510201,20,0,0.0
918236b530adbe510201,21,0,0.0
918236b530adbe510201,22,0,0.0
918236b530adbe510201,23,0,0.0
0f8bd9e33125347965a1,0,0,0.0
0f8bd9e33125347965a1,1,1,0.68
0f8bd9e33125347965a1,2,0,0.0
0f8bd9e33125347965a1,3,32,21.77
0f8bd9e33125347965a1,4,1,0.68
0f8bd9e33125347965a1,5,0,0.0
0f8bd9e33125347965a1,6,0,0.0
0f8bd9e33125347965a1,7,4,2.72
0f8bd9e33125347965a1,8,2,1.36
0f8bd9e33125347965a1,9,0,0.0
0f8bd9e33125347965a1,10,0,0.0
0f8bd9e33125347965a1,11,0,0.0
0f8bd9e33125347965a1,12,3,2.04
0f8bd9e33125347965a1,13,16,10.88
0f8bd9e33125347965a1,14,44,29.93
0f8bd9e33125347965a1,15,23,15.65
0f8bd9e33125347965a1,16,17,11.56
0f8bd9e33125347965a1,17,4,2.72
0f8bd9e33125347965a1,18,0,0.0
0f8bd9e33125347965a1,19,0,0.0
0f8bd9e33125347965a1,20,0,0.0
0f8bd9e33125347965a1,21,0,0.0
0f8bd9e33125347965a1,22,0,0.0
0f8bd9e33125347965a1,23,0,0.0
2c3b89432513b2035664,0,0,0.0
2c3b89432513b2035664,1,1,1.3
2c3b89432513b2035664,2,5,6.49
2c3b89432513b2035664,3,6,7.79
2c3b89432513b2035664,4,0,0.0
2c3b89432513b2035664,5,0,0.0
2c3b89432513b2035664,6,0,0.0
2c3b89432513b2035664,7,0,0.0
2c3b89432513b2035664,8,0,0.0
2c3b89432513b2035664,9,0,0.0
2c3b89432513b2035664,10,4,5.19
2c3b89432513b2035664,11,12,15.58
2c3b89432513b2035664,12,2,2.6
2c3b89432513b2035664,13,8,10.39
2c3b89432513b2035664,14,29,37.66
2c3b89432513b2035664,15,10,12.99
2c3b89432513b2035664,16,0,0.0
2c3b89432513b2035664,17,0,0.0
2c3b89432513b2035664,18,0,0.0
2c3b89432513b2035664,19,0,0.0
2c3b89432513b2035664,20,0,0.0
2c3b89432513b2035664,21,0,0.0
2c3b89432513b2035664,22,0,0.0
2c3b89432513b2035664,23,0,0.0
d94c5dba40d9fcbfb8d9,0,0,0.0
d94c5dba40d9fcbfb8d9,1,0,0.0
d94c5dba40d9fcbfb8d9,2,10,8.85
d94c5dba40d9fcbfb8d9,3,3,2.65
d94c5dba40d9fcbfb8d9,4,12,10.62
d94c5dba40d9fcbfb8d9,5,1,0.88
d94c5dba40d9fcbfb8d9,6,2,1.77
d94c5dba40d9fcbfb8d9,7,5,4.42
d94c5dba40d9fcbfb8d9,8,9,7.96
d94c5dba40d9fcbfb8d9,9,4,3.54
d94c5dba40d9fcbfb8d9,10,11,9.73
d94c5dba40d9fcbfb8d9,11,18,15.93
d94c5dba40d9fcbfb8d9,12,26,23.01
d94c5dba40d9fcbfb8d9,13,10,8.85
d94c5dba40d9fcbfb8d9,14,2,1.77
d94c5dba40d9fcbfb8d9,15,0,0.0
d94c5dba40d9fcbfb8d9,16,0,0.0
d94c5dba40d9fcbfb8d9,17,0,0.0
d94c5dba40d9fcbfb8d9,18,0,0.0
d94c5dba40d9fcbfb8d9,19,0,0.0
d94c5dba40d9fcbfb8d9,20,0,0.0
d94c5dba40d9fcbfb8d9,21,0,0.0
d94c5dba40d9fcbfb8d9,22,0,0.0
d94c5dba40d9fcbfb8d9,23,0,0.0
7380885aaba482170588,0,3,3.75
7380885aaba482170588,1,7,8.75
7380885aaba482170588,2,3,3.75
7380885aaba482170588,3,2,2.5
7380885aaba482170588,4,3,3.75
7380885aaba482170588,5,4,5.0
7380885aaba482170588,6,3,3.75
7380885aaba482170588,7,0,0.0
7380885aaba482170588,8,6,7.5
7380885aaba482170588,9,6,7.5
7380885aaba482170588,10,3,3.75
7380885aaba482170588,11,11,13.75
7380885aaba482170588,12,10,12.5
7380885aaba482170588,13,0,0.0
7380885aaba482170588,14,16,20.0
7380885aaba482170588,15,3,3.75
7380885aaba482170588,16,0,0.0
7380885aaba482170588,17,0,0.0
7380885aaba482170588,18,0,0.0
7380885aaba482170588,19,0,0.0
7380885aaba482170588,20,0,0.0
7380885aaba482170588,21,0,0.0
7380885aaba482170588,22,0,0.0
7380885aaba482170588,23,0,0.0
6d35a9a33338a84dd077,0,0,0.0
6d35a9a33338a84dd077,1,0,0.0
6d35a9a33338a84dd077,2,0,0.0
6d35a9a33338a84dd077,3,0,0.0
6d35a9a33338a84dd077,4,0,0.0
6d35a9a33338a84dd077,5,0,0.0
6d35a9a33338a84dd077,6,3,2.14
6d35a9a33338a84dd077,7,13,9.29
6d35a9a33338a84dd077,8,3,2.14
6d35a9a33338a84dd077,9,6,4.29
6d35a9a33338a84dd077,10,5,3.57
6d35a9a33338a84dd077,11,23,16.43
6d35a9a33338a84dd077,12,26,18.57
6d35a9a33338a84dd077,13,16,11.43
6d35a9a33338a84dd077,14,38,27.14
6d35a9a33338a84dd077,15,5,3.57
6d35a9a33338a84dd077,16,0,0.0
6d35a9a33338a84dd077,17,0,0.0
6d35a9a33338a84dd077,18,0,0.0
6d35a9a33338a84dd077,19,0,0.0
6d35a9a33338a84dd077,20,0,0.0
6d35a9a33338a84dd077,21,0,0.0
6d35a9a33338a84dd077,22,0,0.0
6d35a9a33338a84dd077,23,2,1.43
011d454f199c123d44ad,0,0,0.0
011d454f199c123d44ad,1,0,0.0
011d454f199c123d44ad,2,10,6.76
011d454f199c123d44ad,3,18,12.16
011d454f199c123d44ad,4,0,0.0
011d454f199c123d44ad,5,3,2.03
011d454f199c123d44ad,6,31,20.95
011d454f199c123d44ad,7,1,0.68
011d454f199c123d44ad,8,17,11.49
011d454f199c123d44ad,9,7,4.73
011d454f199c123d44ad,10,4,2.7
011d454f199c123d44ad,11,0,0.0
011d454f199c123d44ad,12,11,7.43
011d454f199c123d44ad,13,25,16.89
011d454f199c123d44ad,14,21,14.19
011d454f199c123d44ad,15,0,0.0
011d454f199c123d44ad,16,0,0.0
011d454f199c123d44ad,17,0,0.0
011d454f199c123d44ad,18,0,0.0
011d454f199c123d44ad,19,0,0.0
011d454f199c123d44ad,20,0,0.0
011d454f199c123d44ad,21,0,0.0
011d454f199c123d44ad,22,0,0.0
011d454f199c123d44ad,23,0,0.0
9e7bdc44129bf5acc196,0,0,0.0
9e7bdc44129bf5acc196,1,0,0.0
9e7bdc44129bf5acc196,2,19,12.18
9e7bdc44129bf5acc196,3,8,5.13
9e7bdc44129bf5acc196,4,1,0.64
9e7bdc44129bf5acc196,5,0,0.0
9e7bdc44129bf5acc196,6,8,5.13
9e7bdc44129bf5acc196,7,5,3.21
9e7bdc44129bf5acc196,8,1,0.64
9e7bdc44129bf5acc196,9,7,4.49
9e7bdc44129bf5acc196,10,6,3.85
9e7bdc44129bf5acc196,11,1,0.64
9e7bdc44129bf5acc196,12,37,23.72
9e7bdc44129bf5acc196,13,8,5.13
9e7bdc44129bf5acc196,14,17,10.9
9e7bdc44129bf5acc196,15,37,23.72
9e7bdc44129bf5acc196,16,1,0.64
9e7bdc44129bf5acc196,17,0,0.0
9e7bdc44129bf5acc196,18,0,0.0
9e7bdc44129bf5acc196,19,0,0.0
9e7bdc44129bf5acc196,20,0,0.0
9e7bdc44129bf5acc196,21,0,0.0
9e7bdc44129bf5acc196,22,0,0.0
9e7bdc44129bf5acc196,23,0,0.0
93c2f240de504736b8d0,0,0,0.0
93c2f240de504736b8d0,1,0,0.0
93c2f240de504736b8d0,2,25,26.6
93c2f240de504736b8d0,3,1,1.06
93c2f240de504736b8d0,4,0,0.0
93c2f240de504736b8d0,5,7,7.45
93c2f240de504736b8d0,6,2,2.13
93c2f240de504736b8d0,7,12,12.77
93c2f240de504736b8d0,8,11,11.7
93c2f240de504736b8d0,9,2,2.13
93c2f240de504736b8d0,10,3,3.19
93c2f240de504736b8d0,11,8,8.51
93c2f240de504736b8d0,12,2,2.13
93c2f240de504736b8d0,13,3,3.19
93c2f240de504736b8d0,14,4,4.26
93c2f240de504736b8d0,15,7,7.45
93c2f240de504736b8d0,16,0,0.0
93c2f240de504736b8d0,17,0,0.0
93c2f240de504736b8d0,18,0,0.0
93c2f240de504736b8d0,19,0,0.0
93c2f240de504736b8d0,20,0,0.0
93c2f240de504736b8d0,21,0,0.0
93c2f240de504736b8d0,22,1,1.06
93c2f240de504736b8d0,23,6,6.38
0f160cd19890b97092b9,0,0,0.0
0f160cd19890b97092b9,1,2,2.35
0f160cd19890b97092b9,2,6,7.06
0f160cd19890b97092b9,3,1,1.18
0f160cd19890b97092b9,4,1,1.18
0f160cd19890b97092b9,5,1,1.18
0f160cd19890b97092b9,6,0,0.0
0f160cd19890b97092b9,7,0,0.0
0f160cd19890b97092b9,8,7,8.24
0f160cd19890b97092b9,9,5,5.88
0f160cd19890b97092b9,10,11,12.94
0f160cd19890b97092b9,11,15,17.65
0f160cd19890b97092b9,12,10,11.76
0f160cd19890b97092b9,13,10,11.76
0f160cd19890b97092b9,14,9,10.59
0f160cd19890b97092b9,15,7,8.24
0f160cd19890b97092b9,16,0,0.0
0f160cd19890b97092b9,17,0,0.0
0f160cd19890b97092b9,18,0,0.0
0f160cd19890b97092b9,19,0,0.0
0f160cd19890b97092b9,20,0,0.0
0f160cd19890b97092b9,21,0,0.0
0f160cd19890b97092b9,22,0,0.0
0f160cd19890b97092b9,23,0,0.0
432fd26823e230070734,0,3,1.35
432fd26823e230070734,1,4,1.8
432fd26823e230070734,2,6,2.7
432fd26823e230070734,3,24,10.81
432fd26823e230070734,4,8,3.6
432fd26823e230070734,5,0,0.0
432fd26823e230070734,6,6,2.7
432fd26823e230070734,7,15,6.76
432fd26823e230070734,8,31,13.96
432fd26823e230070734,9,24,10.81
432fd26823e230070734,10,4,1.8
432fd26823e230070734,11,2,0.9
432fd26823e230070734,12,16,7.21
432fd26823e230070734,13,19,8.56
432fd26823e230070734,14,54,24.32
432fd26823e230070734,15,6,2.7
432fd26823e230070734,16,0,0.0
432fd26823e230070734,17,0,0.0
432fd26823e230070734,18,0,0.0
432fd26823e230070734,19,0,0.0
432fd26823e230070734,20,0,0.0
432fd26823e230070734,21,0,0.0
432fd26823e230070734,22,0,0.0
432fd26823e230070734,23,0,0.0
f4e46ba446c56e56259b,0,4,3.45
f4e46ba446c56e56259b,1,2,1.72
f4e46ba446c56e56259b,2,33,28.45
f4e46ba446c56e56259b,3,10,8.62
f4e46ba446c56e56259b,4,0,0.0
f4e46ba446c56e56259b,5,0,0.0
f4e46ba446c56e56259b,6,0,0.0
f4e46ba446c56e56259b,7,3,2.59
f4e46ba446c56e56259b,8,17,14.66
f4e46ba446c56e56259b,9,8,6.9
f4e46ba446c56e56259b,10,1,0.86
f4e46ba446c56e56259b,11,11,9.48
f4e46ba446c56e56259b,12,13,11.21
f4e46ba446c56e56259b,13,2,1.72
f4e46ba446c56e56259b,14,9,7.76
f4e46ba446c56e56259b,15,3,2.59
f4e46ba446c56e56259b,16,0,0.0
f4e46ba446c56e56259b,17,0,0.0
f4e46ba446c56e56259b,18,0,0.0
f4e46ba446c56e56259b,19,0,0.0
f4e46ba446c56e56259b,20,0,0.0
f4e46ba446c56e56259b,21,0,0.0
f4e46ba446c56e56259b,22,0,0.0
f4e46ba446c56e56259b,23,0,0.0
8fb30cb5c7ad360c995f,0,0,0.0
8fb30cb5c7ad360c995f,1,2,0.74
8fb30cb5c7ad360c995f,2,8,2.94
8fb30cb5c7ad360c995f,3,6,2.21
8fb30cb5c7ad360c995f,4,2,0.74
8fb30cb5c7ad360c995f,5,32,11.76
8fb30cb5c7ad360c995f,6,16,5.88
8fb30cb5c7ad360c995f,7,19,6.99
8fb30cb5c7ad360c995f,8,2,0.74
8fb30cb5c7ad360c995f,9,9,3.31
8fb30cb5c7ad360c995f,10,56,20.59
8fb30cb5c7ad360c995f,11,38,13.97
8fb30cb5c7ad360c995f,12,18,6.62
8fb30cb5c7ad360c995f,13,4,1.47
8fb30cb5c7ad360c995f,14,3,1.1
8fb30cb5c7ad360c995f,15,27,9.93
8fb30cb5c7ad360c995f,16,30,11.03
8fb30cb5c7ad360c995f,17,0,0.0
8fb30cb5c7ad360c995f,18,0,0.0
8fb30cb5c7ad360c995f,19,0,0.0
8fb30cb5c7ad360c995f,20,0,0.0
8fb30cb5c7ad360c995f,21,0,0.0
8fb30cb5c7ad360c995f,22,0,0.0
8fb30cb5c7ad360c995f,23,0,0.0
cb8c2285066597e012c6,0,0,0.0
cb8c2285066597e012c6,1,0,0.0
cb8c2285066597e012c6,2,0,0.0
cb8c2285066597e012c6,3,0,0.0
cb8c2285066597e012c6,4,0,0.0
cb8c2285066597e012c6,5,6,6.67
cb8c2285066597e012c6,6,0,0.0
cb8c2285066597e012c6,7,0,0.0
cb8c2285066597e012c6,8,0,0.0
cb8c2285066597e012c6,9,0,0.0
cb8c2285066597e012c6,10,8,8.89
cb8c2285066597e012c6,11,0,0.0
cb8c2285066597e012c6,12,22,24.44
cb8c2285066597e012c6,13,33,36.67
cb8c2285066597e012c6,14,21,23.33
cb8c2285066597e012c6,15,0,0.0
cb8c2285066597e012c6,16,0,0.0
cb8c2285066597e012c6,17,0,0.0
cb8c2285066597e012c6,18,0,0.0
cb8c2285066597e012c6,19,0,0.0
cb8c2285066597e012c6,20,0,0.0
cb8c2285066597e012c6,21,0,0.0
cb8c2285066597e012c6,22,0,0.0
cb8c2285066597e012c6,23,0,0.0
a55511198784610bf30b,0,0,0.0
a55511198784610bf30b,1,1,0.8
a55511198784610bf30b,2,0,0.0
a55511198784610bf30b,3,0,0.0
a55511198784610bf30b,4,0,0.0
a55511198784610bf30b,5,1,0.8
a55511198784610bf30b,6,0,0.0
a55511198784610bf30b,7,0,0.0
a55511198784610bf30b,8,7,5.6
a55511198784610bf30b,9,19,15.2
a55511198784610bf30b,10,16,12.8
a55511198784610bf30b,11,2,1.6
a55511198784610bf30b,12,6,4.8
a55511198784610bf30b,13,16,12.8
a55511198784610bf30b,14,50,40.0
a55511198784610bf30b,15,7,5.6
a55511198784610bf30b,16,0,0.0
a55511198784610bf30b,17,0,0.0
a55511198784610bf30b,18,0,0.0
a55511198784610bf30b,19,0,0.0
a55511198784610bf30b,20,0,0.0
a55511198784610bf30b,21,0,0.0
a55511198784610bf30b,22,0,0.0
a55511198784610bf30b,23,0,0.0
c5b9961e65ffa73d971e,0,0,0.0
c5b9961e65ffa73d971e,1,14,9.09
c5b9961e65ffa73d971e,2,14,9.09
c5b9961e65ffa73d971e,3,18,11.69
c5b9961e65ffa73d971e,4,18,11.69
c5b9961e65ffa73d971e,5,7,4.55
c5b9961e65ffa73d971e,6,27,17.53
c5b9961e65ffa73d971e,7,15,9.74
c5b9961e65ffa73d971e,8,10,6.49
c5b9961e65ffa73d971e,9,1,0.65
c5b9961e65ffa73d971e,10,6,3.9
c5b9961e65ffa73d971e,11,2,1.3
c5b9961e65ffa73d971e,12,4,2.6
c5b9961e65ffa73d971e,13,5,3.25
c5b9961e65ffa73d971e,14,2,1.3
c5b9961e65ffa73d971e,15,8,5.19
c5b9961e65ffa73d971e,16,3,1.95
c5b9961e65ffa73d971e,17,0,0.0
c5b9961e65ffa73d971e,18,0,0.0
c5b9961e65ffa73d971e,19,0,0.0
c5b9961e65ffa73d971e,20,0,0.0
c5b9961e65ffa73d971e,21,0,0.0
c5b9961e65ffa73d971e,22,0,0.0
c5b9961e65ffa73d971e,23,0,0.0
5b5ef66e547d63806a56,0,1,0.45
5b5ef66e547d63806a56,1,35,15.91
5b5ef66e547d63806a56,2,8,3.64
5b5ef66e547d63806a56,3,6,2.73
5b5ef66e547d63806a56,4,1,0.45
5b5ef66e547d63806a56,5,8,3.64
5b5ef66e547d63806a56,6,2,0.91
5b5ef66e547d63806a56,7,10,4.55
5b5ef66e547d63806a56,8,7,3.18
5b5ef66e547d63806a56,9,22,10.0
5b5ef66e547d63806a56,10,8,3.64
5b5ef66e547d63806a56,11,27,12.27
5b5ef66e547d63806a56,12,14,6.36
5b5ef66e547d63806a56,13,15,6.82
5b5ef66e547d63806a56,14,55,25.0
5b5ef66e547d63806a56,15,1,0.45
5b5ef66e547d63806a56,16,0,0.0
5b5ef66e547d63806a56,17,0,0.0
5b5ef66e547d63806a56,18,0,0.0
5b5ef66e547d63806a56,19,0,0.0
5b5ef66e547d63806a56,20,0,0.0
5b5ef66e547d63806a56,21,0,0.0
5b5ef66e547d63806a56,22,0,0.0
5b5ef66e547d63806a56,23,0,0.0
bafdbc62a48daf6840c9,0,0,0.0
bafdbc62a48daf6840c9,1,0,0.0
bafdbc62a48daf6840c9,2,0,0.0
bafdbc62a48daf6840c9,3,0,0.0
bafdbc62a48daf6840c9,4,0,0.0
bafdbc62a48daf6840c9,5,0,0.0
bafdbc62a48daf6840c9,6,28,20.14
bafdbc62a48daf6840c9,7,56,40.29
bafdbc62a48daf6840c9,8,11,7.91
bafdbc62a48daf6840c9,9,0,0.0
bafdbc62a48daf6840c9,10,0,0.0
bafdbc62a48daf6840c9,11,3,2.16
bafdbc62a48daf6840c9,12,37,26.62
bafdbc62a48daf6840c9,13,4,2.88
bafdbc62a48daf6840c9,14,0,0.0
bafdbc62a48daf6840c9,15,0,0.0
bafdbc62a48daf6840c9,16,0,0.0
bafdbc62a48daf6840c9,17,0,0.0
bafdbc62a48daf6840c9,18,0,0.0
bafdbc62a48daf6840c9,19,0,0.0
bafdbc62a48daf6840c9,20,0,0.0
bafdbc62a48daf6840c9,21,0,0.0
bafdbc62a48daf6840c9,22,0,0.0
bafdbc62a48daf6840c9,23,0,0.0
d3ba1fe030801d700cb6,0,4,3.54
d3ba1fe030801d700cb6,1,1,0.88
d3ba1fe030801d700cb6,2,0,0.0
d3ba1fe030801d700cb6,3,5,4.42
d3ba1fe030801d700cb6,4,14,12.39
d3ba1fe030801d700cb6,5,1,0.88
d3ba1fe030801d700cb6,6,2,1.77
d3ba1fe030801d700cb6,7,1,0.88
d3ba1fe030801d700cb6,8,2,1.77
d3ba1fe030801d700cb6,9,0,0.0
d3ba1fe030801d700cb6,10,0,0.0
d3ba1fe030801d700cb6,11,12,10.62
d3ba1fe030801d700cb6,12,20,17.7
d3ba1fe030801d700cb6,13,0,0.0
d3ba1fe030801d700cb6,14,11,9.73
d3ba1fe030801d700cb6,15,40,35.4
d3ba1fe030801d700cb6,16,0,0.0
d3ba1fe030801d700cb6,17,0,0.0
d3ba1fe030801d700cb6,18,0,0.0
d3ba1fe030801d700cb6,19,0,0.0
d3ba1fe030801d700cb6,20,0,0.0
d3ba1fe030801d700cb6,21,0,0.0
d3ba1fe030801d700cb6,22,0,0.0
d3ba1fe030801d700cb6,23,0,0.0
3f55d44d7572d52b2987,0,0,0.0
3f55d44d7572d52b2987,1,0,0.0
3f55d44d7572d52b2987,2,4,4.65
3f55d44d7572d52b2987,3,7,8.14
3f55d44d7572d52b2987,4,0,0.0
3f55d44d7572d52b2987,5,1,1.16
3f55d44d7572d52b2987,6,3,3.49
3f55d44d7572d52b2987,7,2,2.33
3f55d44d7572d52b2987,8,7,8.14
3f55d44d7572d52b2987,9,7,8.14
3f55d44d7572d52b2987,10,9,10.47
3f55d44d7572d52b2987,11,22,25.58
3f55d44d7572d52b2987,12,21,24.42
3f55d44d7572d52b2987,13,2,2.33
3f55d44d7572d52b2987,14,1,1.16
3f55d44d7572d52b2987,15,0,0.0
3f55d44d7572d52b2987,16,0,0.0
3f55d44d7572d52b2987,17,0,0.0
3f55d44d7572d52b2987,18,0,0.0
3f55d44d7572d52b2987,19,0,0.0
3f55d44d7572d52b2987,20,0,0.0
3f55d44d7572d52b2987,21,0,0.0
3f55d44d7572d52b2987,22,0,0.0
3f55d44d7572d52b2987,23,0,0.0
d27565678ffa4a9bfa85,0,0,0.0
d27565678ffa4a9bfa85,1,0,0.0
d27565678ffa4a9bfa85,2,3,3.3
d27565678ffa4a9bfa85,3,22,24.18
d27565678ffa4a9bfa85,4,4,4.4
d27565678ffa4a9bfa85,5,0,0.0
d27565678ffa4a9bfa85,6,32,35.16
d27565678ffa4a9bfa85,7,16,17.58
d27565678ffa4a9bfa85,8,9,9.89
d27565678ffa4a9bfa85,9,5,5.49
d27565678ffa4a9bfa85,10,0,0.0
d27565678ffa4a9bfa85,11,0,0.0
d27565678ffa4a9bfa85,12,0,0.0
d27565678ffa4a9bfa85,13,0,0.0
d27565678ffa4a9bfa85,14,0,0.0
d27565678ffa4a9bfa85,15,0,0.0
d27565678ffa4a9bfa85,16,0,0.0
d27565678ffa4a9bfa85,17,0,0.0
d27565678ffa4a9bfa85,18,0,0.0
d27565678ffa4a9bfa85,19,0,0.0
d27565678ffa4a9bfa85,20,0,0.0
d27565678ffa4a9bfa85,21,0,0.0
d27565678ffa4a9bfa85,22,0,0.0
d27565678ffa4a9bfa85,23,0,0.0
efb9fe363bdeb9f48d69,0,0,0.0
efb9fe363bdeb9f48d69,1,4,4.71
efb9fe363bdeb9f48d69,2,17,20.0
efb9fe363bdeb9f48d69,3,4,4.71
efb9fe363bdeb9f48d69,4,5,5.88
efb9fe363bdeb9f48d69,5,8,9.41
efb9fe363bdeb9f48d69,6,0,0.0
efb9fe363bdeb9f48d69,7,7,8.24
efb9fe363bdeb9f48d69,8,7,8.24
efb9fe363bdeb9f48d69,9,4,4.71
efb9fe363bdeb9f48d69,10,0,0.0
efb9fe363bdeb9f48d69,11,0,0.0
efb9fe363bdeb9f48d69,12,3,3.53
efb9fe363bdeb9f48d69,13,11,12.94
efb9fe363bdeb9f48d69,14,8,9.41
efb9fe363bdeb9f48d69,15,7,8.24
efb9fe363bdeb9f48d69,16,0,0.0
efb9fe363bdeb9f48d69,17,0,0.0
efb9fe363bdeb9f48d69,18,0,0.0
efb9fe363bdeb9f48d69,19,0,0.0
efb9fe363bdeb9f48d69,20,0,0.0
efb9fe363bdeb9f48d69,21,0,0.0
efb9fe363bdeb9f48d69,22,0,0.0
efb9fe363bdeb9f48d69,23,0,0.0
28719a42e0cbf4991b7f,0,0,0.0
28719a42e0cbf4991b7f,1,4,3.7
28719a42e0cbf4991b7f,2,14,12.96
28719a42e0cbf4991b7f,3,5,4.63
28719a42e0cbf4991b7f,4,0,0.0
28719a42e0cbf4991b7f,5,10,9.26
28719a42e0cbf4991b7f,6,26,24.07
28719a42e0cbf4991b7f,7,3,2.78
28719a42e0cbf4991b7f,8,3,2.78
28719a42e0cbf4991b7f,9,0,0.0
28719a42e0cbf4991b7f,10,10,9.26
28719a42e0cbf4991b7f,11,18,16.67
28719a42e0cbf4991b7f,12,7,6.48
28719a42e0cbf4991b7f,13,5,4.63
28719a42e0cbf4991b7f,14,1,0.93
28719a42e0cbf4991b7f,15,2,1.85
28719a42e0cbf4991b7f,16,0,0.0
28719a42e0cbf4991b7f,17,0,0.0
28719a42e0cbf4991b7f,18,0,0.0
28719a42e0cbf4991b7f,19,0,0.0
28719a42e0cbf4991b7f,20,0,0.0
28719a42e0cbf4991b7f,21,0,0.0
28719a42e0cbf4991b7f,22,0,0.0
28719a42e0cbf4991b7f,23,0,0.0
62156eada978f707f5d2,0,4,4.88
62156eada978f707f5d2,1,6,7.32
62156eada978f707f5d2,2,3,3.66
62156eada978f707f5d2,3,7,8.54
62156eada978f707f5d2,4,0,0.0
62156eada978f707f5d2,5,2,2.44
62156eada978f707f5d2,6,2,2.44
62156eada978f707f5d2,7,1,1.22
62156eada978f707f5d2,8,5,6.1
62156eada978f707f5d2,9,3,3.66
62156eada978f707f5d2,10,16,19.51
62156eada978f707f5d2,11,5,6.1
62156eada978f707f5d2,12,1,1.22
62156eada978f707f5d2,13,4,4.88
62156eada978f707f5d2,14,8,9.76
62156eada978f707f5d2,15,6,7.32
62156eada978f707f5d2,16,9,10.98
62156eada978f707f5d2,17,0,0.0
62156eada978f707f5d2,18,0,0.0
62156eada978f707f5d2,19,0,0.0
62156eada978f707f5d2,20,0,0.0
62156eada978f707f5d2,21,0,0.0
62156eada978f707f5d2,22,0,0.0
62156eada978f707f5d2,23,0,0.0
46a7a18ca160c829a15f,0,16,7.34
46a7a18ca160c829a15f,1,9,4.13
46a7a18ca160c829a15f,2,21,9.63
46a7a18ca160c829a15f,3,17,7.8
46a7a18ca160c829a15f,4,3,1.38
46a7a18ca160c829a15f,5,1,0.46
46a7a18ca160c829a15f,6,20,9.17
46a7a18ca160c829a15f,7,7,3.21
46a7a18ca160c829a15f,8,12,5.5
46a7a18ca160c829a15f,9,17,7.8
46a7a18ca160c829a15f,10,12,5.5
46a7a18ca160c829a15f,11,17,7.8
46a7a18ca160c829a15f,12,20,9.17
46a7a18ca160c829a15f,13,21,9.63
46a7a18ca160c829a15f,14,21,9.63
46a7a18ca160c829a15f,15,4,1.83
46a7a18ca160c829a15f,16,0,0.0
46a7a18ca160c829a15f,17,0,0.0
46a7a18ca160c829a15f,18,0,0.0
46a7a18ca160c829a15f,19,0,0.0
46a7a18ca160c829a15f,20,0,0.0
46a7a18ca160c829a15f,21,0,0.0
46a7a18ca160c829a15f,22,0,0.0
46a7a18ca160c829a15f,23,0,0.0
57c33a6126c456c5ada8,0,0,0.0
57c33a6126c456c5ada8,1,0,0.0
57c33a6126c456c5ada8,2,0,0.0
57c33a6126c456c5ada8,3,0,0.0
57c33a6126c456c5ada8,4,0,0.0
57c33a6126c456c5ada8,5,9,11.69
57c33a6126c456c5ada8,6,10,12.99
57c33a6126c456c5ada8,7,4,5.19
57c33a6126c456c5ada8,8,0,0.0
57c33a6126c456c5ada8,9,5,6.49
57c33a6126c456c5ada8,10,7,9.09
57c33a6126c456c5ada8,11,0,0.0
57c33a6126c456c5ada8,12,0,0.0
57c33a6126c456c5ada8,13,26,33.77
57c33a6126c456c5ada8,14,16,20.78
57c33a6126c456c5ada8,15,0,0.0
57c33a6126c456c5ada8,16,0,0.0
57c33a6126c456c5ada8,17,0,0.0
57c33a6126c456c5ada8,18,0,0.0
57c33a6126c456c5ada8,19,0,0.0
57c33a6126c456c5ada8,20,0,0.0
57c33a6126c456c5ada8,21,0,0.0
57c33a6126c456c5ada8,22,0,0.0
57c33a6126c456c5ada8,23,0,0.0
951eea03695f436017d3,0,0,0.0
951eea03695f436017d3,1,0,0.0
951eea03695f436017d3,2,0,0.0
951eea03695f436017d3,3,0,0.0
951eea03695f436017d3,4,0,0.0
951eea03695f436017d3,5,0,0.0
951eea03695f436017d3,6,0,0.0
951eea03695f436017d3,7,1,1.49
951eea03695f436017d3,8,0,0.0
951eea03695f436017d3,9,0,0.0
951eea03695f436017d3,10,2,2.99
951eea03695f436017d3,11,0,0.0
951eea03695f436017d3,12,11,16.42
951eea03695f436017d3,13,38,56.72
951eea03695f436017d3,14,15,22.39
951eea03695f436017d3,15,0,0.0
951eea03695f436017d3,16,0,0.0
951eea03695f436017d3,17,0,0.0
951eea03695f436017d3,18,0,0.0
951eea03695f436017d3,19,0,0.0
951eea03695f436017d3,20,0,0.0
951eea03695f436017d3,21,0,0.0
951eea03695f436017d3,22,0,0.0
951eea03695f436017d3,23,0,0.0
098b2c66cbc1ed736e14,0,2,1.82
098b2c66cbc1ed736e14,1,1,0.91
098b2c66cbc1ed736e14,2,3,2.73
098b2c66cbc1ed736e14,3,0,0.0
098b2c66cbc1ed736e14,4,1,0.91
098b2c66cbc1ed736e14,5,7,6.36
098b2c66cbc1ed736e14,6,1,0.91
098b2c66cbc1ed736e14,7,5,4.55
098b2c66cbc1ed736e14,8,3,2.73
098b2c66cbc1ed736e14,9,14,12.73
098b2c66cbc1ed736e14,10,8,7.27
098b2c66cbc1ed736e14,11,19,17.27
098b2c66cbc1ed736e14,12,12,10.91
098b2c66cbc1ed736e14,13,18,16.36
098b2c66cbc1ed736e14,14,13,11.82
098b2c66cbc1ed736e14,15,3,2.73
098b2c66cbc1ed736e14,16,0,0.0
098b2c66cbc1ed736e14,17,0,0.0
098b2c66cbc1ed736e14,18,0,0.0
098b2c66cbc1ed736e14,19,0,0.0
098b2c66cbc1ed736e14,20,0,0.0
098b2c66cbc1ed736e14,21,0,0.0
098b2c66cbc1ed736e14,22,0,0.0
098b2c66cbc1ed736e14,23,0,0.0
33ddb1517601db520cd6,0,0,0.0
33ddb1517601db520cd6,1,2,1.85
33ddb1517601db520cd6,2,13,12.04
33ddb1517601db520cd6,3,8,7.41
33ddb1517601db520cd6,4,4,3.7
33ddb1517601db520cd6,5,2,1.85
33ddb1517601db520cd6,6,8,7.41
33ddb1517601db520cd6,7,0,0.0
33ddb1517601db520cd6,8,1,0.93
33ddb1517601db520cd6,9,7,6.48
33ddb1517601db520cd6,10,11,10.19
33ddb1517601db520cd6,11,36,33.33
33ddb1517601db520cd6,12,11,10.19
33ddb1517601db520cd6,13,3,2.78
33ddb1517601db520cd6,14,0,0.0
33ddb1517601db520cd6,15,0,0.0
33ddb1517601db520cd6,16,2,1.85
33ddb1517601db520cd6,17,0,0.0
33ddb1517601db520cd6,18,0,0.0
33ddb1517601db520cd6,19,0,0.0
33ddb1517601db520cd6,20,0,0.0
33ddb1517601db520cd6,21,0,0.0
33ddb1517601db520cd6,22,0,0.0
33ddb1517601db520cd6,23,0,0.0
446d2ad0ca2908ffa4f9,0,1,1.89
446d2ad0ca2908ffa4f9,1,2,3.77
446d2ad0ca2908ffa4f9,2,1,1.89
446d2ad0ca2908ffa4f9,3,0,0.0
446d2ad0ca2908ffa4f9,4,4,7.55
446d2ad0ca2908ffa4f9,5,0,0.0
446d2ad0ca2908ffa4f9,6,0,0.0
446d2ad0ca2908ffa4f9,7,2,3.77
446d2ad0ca2908ffa4f9,8,0,0.0
446d2ad0ca2908ffa4f9,9,3,5.66
446d2ad0ca2908ffa4f9,10,1,1.89
446d2ad0ca2908ffa4f9,11,7,13.21
446d2ad0ca2908ffa4f9,12,7,13.21
446d2ad0ca2908ffa4f9,13,3,5.66
446d2ad0ca2908ffa4f9,14,21,39.62
446d2ad0ca2908ffa4f9,15,1,1.89
446d2ad0ca2908ffa4f9,16,0,0.0
446d2ad0ca2908ffa4f9,17,0,0.0
446d2ad0ca2908ffa4f9,18,0,0.0
446d2ad0ca2908ffa4f9,19,0,0.0
446d2ad0ca2908ffa4f9,20,0,0.0
446d2ad0ca2908ffa4f9,21,0,0.0
446d2ad0ca2908ffa4f9,22,0,0.0
446d2ad0ca2908ffa4f9,23,0,0.0
ae2e4cb7985c4ac71795,0,0,0.0
ae2e4cb7985c4ac71795,1,2,2.06
ae2e4cb7985c4ac71795,2,10,10.31
ae2e4cb7985c4ac71795,3,6,6.19
ae2e4cb7985c4ac71795,4,0,0.0
ae2e4cb7985c4ac71795,5,0,0.0
ae2e4cb7985c4ac71795,6,9,9.28
ae2e4cb7985c4ac71795,7,2,2.06
ae2e4cb7985c4ac71795,8,0,0.0
ae2e4cb7985c4ac71795,9,4,4.12
ae2e4cb7985c4ac71795,10,15,15.46
ae2e4cb7985c4ac71795,11,12,12.37
ae2e4cb7985c4ac71795,12,0,0.0
ae2e4cb7985c4ac71795,13,9,9.28
ae2e4cb7985c4ac71795,14,10,10.31
ae2e4cb7985c4ac71795,15,17,17.53
ae2e4cb7985c4ac71795,16,1,1.03
ae2e4cb7985c4ac71795,17,0,0.0
ae2e4cb7985c4ac71795,18,0,0.0
ae2e4cb7985c4ac71795,19,0,0.0
ae2e4cb7985c4ac71795,20,0,0.0
ae2e4cb7985c4ac71795,21,0,0.0
ae2e4cb7985c4ac71795,22,0,0.0
ae2e4cb7985c4ac71795,23,0,0.0
1b0baf552d2cd47ee10b,0,0,0.0
1b0baf552d2cd47ee10b,1,0,0.0
1b0baf552d2cd47ee10b,2,0,0.0
1b0baf552d2cd47ee10b,3,0,0.0
1b0baf552d2cd47ee10b,4,11,19.64
1b0baf552d2cd47ee10b,5,0,0.0
1b0baf552d2cd47ee10b,6,0,0.0
1b0baf552d2cd47ee10b,7,0,0.0
1b0baf552d2cd47ee10b,8,9,16.07
1b0baf552d2cd47ee10b,9,0,0.0
1b0baf552d2cd47ee10b,10,0,0.0
1b0baf552d2cd47ee10b,11,0,0.0
1b0baf552d2cd47ee10b,12,0,0.0
1b0baf552d2cd47ee10b,13,1,1.79
1b0baf552d2cd47ee10b,14,31,55.36
1b0baf552d2cd47ee10b,15,4,7.14
1b0baf552d2cd47ee10b,16,0,0.0
1b0baf552d2cd47ee10b,17,0,0.0
1b0baf552d2cd47ee10b,18,0,0.0
1b0baf552d2cd47ee10b,19,0,0.0
1b0baf552d2cd47ee10b,20,0,0.0
1b0baf552d2cd47ee10b,21,0,0.0
1b0baf552d2cd47ee10b,22,0,0.0
1b0baf552d2cd47ee10b,23,0,0.0
e86f896d71d48d87464d,0,0,0.0
e86f896d71d48d87464d,1,1,2.7
e86f896d71d48d87464d,2,2,5.41
e86f896d71d48d87464d,3,1,2.7
e86f896d71d48d87464d,4,0,0.0
e86f896d71d48d87464d,5,7,18.92
e86f896d71d48d87464d,6,4,10.81
e86f896d71d48d87464d,7,0,0.0
e86f896d71d48d87464d,8,0,0.0
e86f896d71d48d87464d,9,2,5.41
e86f896d71d48d87464d,10,4,10.81
e86f896d71d48d87464d,11,3,8.11
e86f896d71d48d87464d,12,3,8.11
e86f896d71d48d87464d,13,5,13.51
e86f896d71d48d87464d,14,5,13.51
e86f896d71d48d87464d,15,0,0.0
e86f896d71d48d87464d,16,0,0.0
e86f896d71d48d87464d,17,0,0.0
e86f896d71d48d87464d,18,0,0.0
e86f896d71d48d87464d,19,0,0.0
e86f896d71d48d87464d,20,0,0.0
e86f896d71d48d87464d,21,0,0.0
e86f896d71d48d87464d,22,0,0.0
e86f896d71d48d87464d,23,0,0.0
62a877b83219f7974fd0,0,0,0.0
62a877b83219f7974fd0,1,3,5.88
62a877b83219f7974fd0,2,1,1.96
62a877b83219f7974fd0,3,2,3.92
62a877b83219f7974fd0,4,5,9.8
62a877b83219f7974fd0,5,3,5.88
62a877b83219f7974fd0,6,1,1.96
62a877b83219f7974fd0,7,0,0.0
62a877b83219f7974fd0,8,2,3.92
62a877b83219f7974fd0,9,1,1.96
62a877b83219f7974fd0,10,2,3.92
62a877b83219f7974fd0,11,0,0.0
62a877b83219f7974fd0,12,2,3.92
62a877b83219f7974fd0,13,9,17.65
62a877b83219f7974fd0,14,17,33.33
62a877b83219f7974fd0,15,3,5.88
62a877b83219f7974fd0,16,0,0.0
62a877b83219f7974fd0,17,0,0.0
62a877b83219f7974fd0,18,0,0.0
62a877b83219f7974fd0,19,0,0.0
62a877b83219f7974fd0,20,0,0.0
62a877b83219f7974fd0,21,0,0.0
62a877b83219f7974fd0,22,0,0.0
62a877b83219f7974fd0,23,0,0.0
7a600fb7e3750998e7ae,0,4,5.13
7a600fb7e3750998e7ae,1,0,0.0
7a600fb7e3750998e7ae,2,4,5.13
7a600fb7e3750998e7ae,3,7,8.97
7a600fb7e3750998e7ae,4,8,10.26
7a600fb7e3750998e7ae,5,7,8.97
7a600fb7e3750998e7ae,6,4,5.13
7a600fb7e3750998e7ae,7,3,3.85
7a600fb7e3750998e7ae,8,3,3.85
7a600fb7e3750998e7ae,9,2,2.56
7a600fb7e3750998e7ae,10,5,6.41
7a600fb7e3750998e7ae,11,3,3.85
7a600fb7e3750998e7ae,12,4,5.13
7a600fb7e3750998e7ae,13,3,3.85
7a600fb7e3750998e7ae,14,9,11.54
7a600fb7e3750998e7ae,15,2,2.56
7a600fb7e3750998e7ae,16,0,0.0
7a600fb7e3750998e7ae,17,0,0.0
7a600fb7e3750998e7ae,18,0,0.0
7a600fb7e3750998e7ae,19,0,0.0
7a600fb7e3750998e7ae,20,0,0.0
7a600fb7e3750998e7ae,21,0,0.0
7a600fb7e3750998e7ae,22,6,7.69
7a600fb7e3750998e7ae,23,4,5.13
c9c9f0b7606030f2aade,0,0,0.0
c9c9f0b7606030f2aade,1,0,0.0
c9c9f0b7606030f2aade,2,0,0.0
c9c9f0b7606030f2aade,3,3,7.89
c9c9f0b7606030f2aade,4,35,92.11
c9c9f0b7606030f2aade,5,0,0.0
c9c9f0b7606030f2aade,6,0,0.0
c9c9f0b7606030f2aade,7,0,0.0
c9c9f0b7606030f2aade,8,0,0.0
c9c9f0b7606030f2aade,9,0,0.0
c9c9f0b7606030f2aade,10,0,0.0
c9c9f0b7606030f2aade,11,0,0.0
c9c9f0b7606030f2aade,12,0,0.0
c9c9f0b7606030f2aade,13,0,0.0
c9c9f0b7606030f2aade,14,0,0.0
c9c9f0b7606030f2aade,15,0,0.0
c9c9f0b7606030f2aade,16,0,0.0
c9c9f0b7606030f2aade,17,0,0.0
c9c9f0b7606030f2aade,18,0,0.0
c9c9f0b7606030f2aade,19,0,0.0
c9c9f0b7606030f2aade,20,0,0.0
c9c9f0b7606030f2aade,21,0,0.0
c9c9f0b7606030f2aade,22,0,0.0
c9c9f0b7606030f2aade,23,0,0.0
52f4899e918b57df28da,0,0,0.0
52f4899e918b57df28da,1,3,4.23
52f4899e918b57df28da,2,12,16.9
52f4899e918b57df28da,3,12,16.9
52f4899e918b57df28da,4,6,8.45
52f4899e918b57df28da,5,3,4.23
52f4899e918b57df28da,6,2,2.82
52f4899e918b57df28da,7,9,12.68
52f4899e918b57df28da,8,0,0.0
52f4899e918b57df28da,9,4,5.63
52f4899e918b57df28da,10,5,7.04
52f4899e918b57df28da,11,7,9.86
52f4899e918b57df28da,12,4,5.63
52f4899e918b57df28da,13,3,4.23
52f4899e918b57df28da,14,1,1.41
52f4899e918b57df28da,15,0,0.0
52f4899e918b57df28da,16,0,0.0
52f4899e918b57df28da,17,0,0.0
52f4899e918b57df28da,18,0,0.0
52f4899e918b57df28da,19,0,0.0
52f4899e918b57df28da,20,0,0.0
52f4899e918b57df28da,21,0,0.0
52f4899e918b57df28da,22,0,0.0
52f4899e918b57df28da,23,0,0.0
d235a2c32940b970ab7c,0,0,0.0
d235a2c32940b970ab7c,1,0,0.0
d235a2c32940b970ab7c,2,4,8.89
d235a2c32940b970ab7c,3,3,6.67
d235a2c32940b970ab7c,4,0,0.0
d235a2c32940b970ab7c,5,0,0.0
d235a2c32940b970ab7c,6,0,0.0
d235a2c32940b970ab7c,7,0,0.0
d235a2c32940b970ab7c,8,0,0.0
d235a2c32940b970ab7c,9,2,4.44
d235a2c32940b970ab7c,10,8,17.78
d235a2c32940b970ab7c,11,9,20.0
d235a2c32940b970ab7c,12,0,0.0
d235a2c32940b970ab7c,13,19,42.22
d235a2c32940b970ab7c,14,0,0.0
d235a2c32940b970ab7c,15,0,0.0
d235a2c32940b970ab7c,16,0,0.0
d235a2c32940b970ab7c,17,0,0.0
d235a2c32940b970ab7c,18,0,0.0
d235a2c32940b970ab7c,19,0,0.0
d235a2c32940b970ab7c,20,0,0.0
d235a2c32940b970ab7c,21,0,0.0
d235a2c32940b970ab7c,22,0,0.0
d235a2c32940b970ab7c,23,0,0.0
8242b99ad9d6609fd19c,0,0,0.0
8242b99ad9d6609fd19c,1,0,0.0
8242b99ad9d6609fd19c,2,5,7.69
8242b99ad9d6609fd19c,3,2,3.08
8242b99ad9d6609fd19c,4,11,16.92
8242b99ad9d6609fd19c,5,0,0.0
8242b99ad9d6609fd19c,6,0,0.0
8242b99ad9d6609fd19c,7,31,47.69
8242b99ad9d6609fd19c,8,0,0.0
8242b99ad9d6609fd19c,9,13,20.0
8242b99ad9d6609fd19c,10,3,4.62
8242b99ad9d6609fd19c,11,0,0.0
8242b99ad9d6609fd19c,12,0,0.0
8242b99ad9d6609fd19c,13,0,0.0
8242b99ad9d6609fd19c,14,0,0.0
8242b99ad9d6609fd19c,15,0,0.0
8242b99ad9d6609fd19c,16,0,0.0
8242b99ad9d6609fd19c,17,0,0.0
8242b99ad9d6609fd19c,18,0,0.0
8242b99ad9d6609fd19c,19,0,0.0
8242b99ad9d6609fd19c,20,0,0.0
8242b99ad9d6609fd19c,21,0,0.0
8242b99ad9d6609fd19c,22,0,0.0
8242b99ad9d6609fd19c,23,0,0.0
8d93485dc6a4b2a9f03f,0,0,0.0
8d93485dc6a4b2a9f03f,1,0,0.0
8d93485dc6a4b2a9f03f,2,0,0.0
8d93485dc6a4b2a9f03f,3,3,4.48
8d93485dc6a4b2a9f03f,4,1,1.49
8d93485dc6a4b2a9f03f,5,14,20.9
8d93485dc6a4b2a9f03f,6,0,0.0
8d93485dc6a4b2a9f03f,7,0,0.0
8d93485dc6a4b2a9f03f,8,0,0.0
8d93485dc6a4b2a9f03f,9,0,0.0
8d93485dc6a4b2a9f03f,10,42,62.69
8d93485dc6a4b2a9f03f,11,7,10.45
8d93485dc6a4b2a9f03f,12,0,0.0
8d93485dc6a4b2a9f03f,13,0,0.0
8d93485dc6a4b2a9f03f,14,0,0.0
8d93485dc6a4b2a9f03f,15,0,0.0
8d93485dc6a4b2a9f03f,16,0,0.0
8d93485dc6a4b2a9f03f,17,0,0.0
8d93485dc6a4b2a9f03f,18,0,0.0
8d93485dc6a4b2a9f03f,19,0,0.0
8d93485dc6a4b2a9f03f,20,0,0.0
8d93485dc6a4b2a9f03f,21,0,0.0
8d93485dc6a4b2a9f03f,22,0,0.0
8d93485dc6a4b2a9f03f,23,0,0.0
a108f1103f798c85d061,0,0,0.0
a108f1103f798c85d061,1,0,0.0
a108f1103f798c85d061,2,0,0.0
a108f1103f798c85d061,3,0,0.0
a108f1103f798c85d061,4,0,0.0
a108f1103f798c85d061,5,0,0.0
a108f1103f798c85d061,6,0,0.0
a108f1103f798c85d061,7,2,4.55
a108f1103f798c85d061,8,42,95.45
a108f1103f798c85d061,9,0,0.0
a108f1103f798c85d061,10,0,0.0
a108f1103f798c85d061,11,0,0.0
a108f1103f798c85d061,12,0,0.0
a108f1103f798c85d061,13,0,0.0
a108f1103f798c85d061,14,0,0.0
a108f1103f798c85d061,15,0,0.0
a108f1103f798c85d061,16,0,0.0
a108f1103f798c85d061,17,0,0.0
a108f1103f798c85d061,18,0,0.0
a108f1103f798c85d061,19,0,0.0
a108f1103f798c85d061,20,0,0.0
a108f1103f798c85d061,21,0,0.0
a108f1103f798c85d061,22,0,0.0
a108f1103f798c85d061,23,0,0.0
52d965ebf3ec0518bc0f,0,0,0.0
52d965ebf3ec0518bc0f,1,4,4.94
52d965ebf3ec0518bc0f,2,10,12.35
52d965ebf3ec0518bc0f,3,0,0.0
52d965ebf3ec0518bc0f,4,0,0.0
52d965ebf3ec0518bc0f,5,0,0.0
52d965ebf3ec0518bc0f,6,0,0.0
52d965ebf3ec0518bc0f,7,0,0.0
52d965ebf3ec0518bc0f,8,0,0.0
52d965ebf3ec0518bc0f,9,0,0.0
52d965ebf3ec0518bc0f,10,0,0.0
52d965ebf3ec0518bc0f,11,0,0.0
52d965ebf3ec0518bc0f,12,0,0.0
52d965ebf3ec0518bc0f,13,0,0.0
52d965ebf3ec0518bc0f,14,61,75.31
52d965ebf3ec0518bc0f,15,6,7.41
52d965ebf3ec0518bc0f,16,0,0.0
52d965ebf3ec0518bc0f,17,0,0.0
52d965ebf3ec0518bc0f,18,0,0.0
52d965ebf3ec0518bc0f,19,0,0.0
52d965ebf3ec0518bc0f,20,0,0.0
52d965ebf3ec0518bc0f,21,0,0.0
52d965ebf3ec0518bc0f,22,0,0.0
52d965ebf3ec0518bc0f,23,0,0.0
23dd64a1d2e4965198bf,0,0,0.0
23dd64a1d2e4965198bf,1,1,1.18
23dd64a1d2e4965198bf,2,0,0.0
23dd64a1d2e4965198bf,3,0,0.0
23dd64a1d2e4965198bf,4,0,0.0
23dd64a1d2e4965198bf,5,0,0.0
23dd64a1d2e4965198bf,6,14,16.47
23dd64a1d2e4965198bf,7,12,14.12
23dd64a1d2e4965198bf,8,31,36.47
23dd64a1d2e4965198bf,9,1,1.18
23dd64a1d2e4965198bf,10,0,0.0
23dd64a1d2e4965198bf,11,0,0.0
23dd64a1d2e4965198bf,12,0,0.0
23dd64a1d2e4965198bf,13,0,0.0
23dd64a1d2e4965198bf,14,26,30.59
23dd64a1d2e4965198bf,15,0,0.0
23dd64a1d2e4965198bf,16,0,0.0
23dd64a1d2e4965198bf,17,0,0.0
23dd64a1d2e4965198bf,18,0,0.0
23dd64a1d2e4965198bf,19,0,0.0
23dd64a1d2e4965198bf,20,0,0.0
23dd64a1d2e4965198bf,21,0,0.0
23dd64a1d2e4965198bf,22,0,0.0
23dd64a1d2e4965198bf,23,0,0.0
f9ef2830cd485d038b53,0,0,0.0
f9ef2830cd485d038b53,1,0,0.0
f9ef2830cd485d038b53,2,0,0.0
f9ef2830cd485d038b53,3,0,0.0
f9ef2830cd485d038b53,4,0,0.0
f9ef2830cd485d038b53,5,0,0.0
f9ef2830cd485d038b53,6,0,0.0
f9ef2830cd485d038b53,7,0,0.0
f9ef2830cd485d038b53,8,0,0.0
f9ef2830cd485d038b53,9,0,0.0
f9ef2830cd485d038b53,10,0,0.0
f9ef2830cd485d038b53,11,7,23.33
f9ef2830cd485d038b53,12,22,73.33
f9ef2830cd485d038b53,13,1,3.33
f9ef2830cd485d038b53,14,0,0.0
f9ef2830cd485d038b53,15,0,0.0
f9ef2830cd485d038b53,16,0,0.0
f9ef2830cd485d038b53,17,0,0.0
f9ef2830cd485d038b53,18,0,0.0
f9ef2830cd485d038b53,19,0,0.0
f9ef2830cd485d038b53,20,0,0.0
f9ef2830cd485d038b53,21,0,0.0
f9ef2830cd485d038b53,22,0,0.0
f9ef2830cd485d038b53,23,0,0.0
e3b920878572dbcf8c9e,0,0,0.0
e3b920878572dbcf8c9e,1,0,0.0
e3b920878572dbcf8c9e,2,0,0.0
e3b920878572dbcf8c9e,3,0,0.0
e3b920878572dbcf8c9e,4,0,0.0
e3b920878572dbcf8c9e,5,0,0.0
e3b920878572dbcf8c9e,6,0,0.0
e3b920878572dbcf8c9e,7,0,0.0
e3b920878572dbcf8c9e,8,0,0.0
e3b920878572dbcf8c9e,9,0,0.0
e3b920878572dbcf8c9e,10,0,0.0
e3b920878572dbcf8c9e,11,0,0.0
e3b920878572dbcf8c9e,12,13,34.21
e3b920878572dbcf8c9e,13,25,65.79
e3b920878572dbcf8c9e,14,0,0.0
e3b920878572dbcf8c9e,15,0,0.0
e3b920878572dbcf8c9e,16,0,0.0
e3b920878572dbcf8c9e,17,0,0.0
e3b920878572dbcf8c9e,18,0,0.0
e3b920878572dbcf8c9e,19,0,0.0
e3b920878572dbcf8c9e,20,0,0.0
e3b920878572dbcf8c9e,21,0,0.0
e3b920878572dbcf8c9e,22,0,0.0
e3b920878572dbcf8c9e,23,0,0.0
93iq4xjhvlc8072fsfet,0,3,2.83
93iq4xjhvlc8072fsfet,1,5,4.72
93iq4xjhvlc8072fsfet,2,7,6.6
93iq4xjhvlc8072fsfet,3,6,5.66
93iq4xjhvlc8072fsfet,4,7,6.6
93iq4xjhvlc8072fsfet,5,0,0.0
93iq4xjhvlc8072fsfet,6,3,2.83
93iq4xjhvlc8072fsfet,7,6,5.66
93iq4xjhvlc8072fsfet,8,6,5.66
93iq4xjhvlc8072fsfet,9,7,6.6
93iq4xjhvlc8072fsfet,10,3,2.83
93iq4xjhvlc8072fsfet,11,10,9.43
93iq4xjhvlc8072fsfet,12,9,8.49
93iq4xjhvlc8072fsfet,13,12,11.32
93iq4xjhvlc8072fsfet,14,16,15.09
93iq4xjhvlc8072fsfet,15,4,3.77
93iq4xjhvlc8072fsfet,16,2,1.89
93iq4xjhvlc8072fsfet,17,0,0.0
93iq4xjhvlc8072fsfet,18,0,0.0
93iq4xjhvlc8072fsfet,19,0,0.0
93iq4xjhvlc8072fsfet,20,0,0.0
93iq4xjhvlc8072fsfet,21,0,0.0
93iq4xjhvlc8072fsfet,22,0,0.0
93iq4xjhvlc8072fsfet,23,0,0.0
nl4vt11ikn4we06zu0zj,0,1,0.85
nl4vt11ikn4we06zu0zj,1,6,5.08
nl4vt11ikn4we06zu0zj,2,5,4.24
nl4vt11ikn4we06zu0zj,3,6,5.08
nl4vt11ikn4we06zu0zj,4,4,3.39
nl4vt11ikn4we06zu0zj,5,4,3.39
nl4vt11ikn4we06zu0zj,6,6,5.08
nl4vt11ikn4we06zu0zj,7,6,5.08
nl4vt11ikn4we06zu0zj,8,9,7.63
nl4vt11ikn4we06zu0zj,9,7,5.93
nl4vt11ikn4we06zu0zj,10,14,11.86
nl4vt11ikn4we06zu0zj,11,11,9.32
nl4vt11ikn4we06zu0zj,12,15,12.71
nl4vt11ikn4we06zu0zj,13,9,7.63
nl4vt11ikn4we06zu0zj,14,9,7.63
nl4vt11ikn4we06zu0zj,15,5,4.24
nl4vt11ikn4we06zu0zj,16,0,0.0
nl4vt11ikn4we06zu0zj,17,0,0.0
nl4vt11ikn4we06zu0zj,18,0,0.0
nl4vt11ikn4we06zu0zj,19,0,0.0
nl4vt11ikn4we06zu0zj,20,0,0.0
nl4vt11ikn4we06zu0zj,21,0,0.0
nl4vt11ikn4we06zu0zj,22,0,0.0
nl4vt11ikn4we06zu0zj,23,1,0.85
cnqyqc90n3ixrlc3mri7,0,0,0.0
cnqyqc90n3ixrlc3mri7,1,0,0.0
cnqyqc90n3ixrlc3mri7,2,7,7.45
cnqyqc90n3ixrlc3mri7,3,7,7.45
cnqyqc90n3ixrlc3mri7,4,3,3.19
cnqyqc90n3ixrlc3mri7,5,2,2.13
cnqyqc90n3ixrlc3mri7,6,8,8.51
cnqyqc90n3ixrlc3mri7,7,2,2.13
cnqyqc90n3ixrlc3mri7,8,6,6.38
cnqyqc90n3ixrlc3mri7,9,7,7.45
cnqyqc90n3ixrlc3mri7,10,7,7.45
cnqyqc90n3ixrlc3mri7,11,9,9.57
cnqyqc90n3ixrlc3mri7,12,12,12.77
cnqyqc90n3ixrlc3mri7,13,5,5.32
cnqyqc90n3ixrlc3mri7,14,11,11.7
cnqyqc90n3ixrlc3mri7,15,7,7.45
cnqyqc90n3ixrlc3mri7,16,1,1.06
cnqyqc90n3ixrlc3mri7,17,0,0.0
cnqyqc90n3ixrlc3mri7,18,0,0.0
cnqyqc90n3ixrlc3mri7,19,0,0.0
cnqyqc90n3ixrlc3mri7,20,0,0.0
cnqyqc90n3ixrlc3mri7,21,0,0.0
cnqyqc90n3ixrlc3mri7,22,0,0.0
cnqyqc90n3ixrlc3mri7,23,0,0.0
yb4sqfrwu788fa6y4zeb,0,1,1.16
yb4sqfrwu788fa6y4zeb,1,1,1.16
yb4sqfrwu788fa6y4zeb,2,5,5.81
yb4sqfrwu788fa6y4zeb,3,2,2.33
yb4sqfrwu788fa6y4zeb,4,2,2.33
yb4sqfrwu788fa6y4zeb,5,5,5.81
yb4sqfrwu788fa6y4zeb,6,7,8.14
yb4sqfrwu788fa6y4zeb,7,5,5.81
yb4sqfrwu788fa6y4zeb,8,8,9.3
yb4sqfrwu788fa6y4zeb,9,3,3.49
yb4sqfrwu788fa6y4zeb,10,6,6.98
yb4sqfrwu788fa6y4zeb,11,9,10.47
yb4sqfrwu788fa6y4zeb,12,5,5.81
yb4sqfrwu788fa6y4zeb,13,5,5.81
yb4sqfrwu788fa6y4zeb,14,10,11.63
yb4sqfrwu788fa6y4zeb,15,9,10.47
yb4sqfrwu788fa6y4zeb,16,2,2.33
yb4sqfrwu788fa6y4zeb,17,0,0.0
yb4sqfrwu788fa6y4zeb,18,0,0.0
yb4sqfrwu788fa6y4zeb,19,0,0.0
yb4sqfrwu788fa6y4zeb,20,0,0.0
yb4sqfrwu788fa6y4zeb,21,0,0.0
yb4sqfrwu788fa6y4zeb,22,0,0.0
yb4sqfrwu788fa6y4zeb,23,1,1.16
kpw433bcv21ksp1wgrux,0,2,1.83
kpw433bcv21ksp1wgrux,1,2,1.83
kpw433bcv21ksp1wgrux,2,9,8.26
kpw433bcv21ksp1wgrux,3,3,2.75
kpw433bcv21ksp1wgrux,4,1,0.92
kpw433bcv21ksp1wgrux,5,3,2.75
kpw433bcv21ksp1wgrux,6,1,0.92
kpw433bcv21ksp1wgrux,7,4,3.67
kpw433bcv21ksp1wgrux,8,9,8.26
kpw433bcv21ksp1wgrux,9,4,3.67
kpw433bcv21ksp1wgrux,10,12,11.01
kpw433bcv21ksp1wgrux,11,10,9.17
kpw433bcv21ksp1wgrux,12,17,15.6
kpw433bcv21ksp1wgrux,13,10,9.17
kpw433bcv21ksp1wgrux,14,14,12.84
kpw433bcv21ksp1wgrux,15,7,6.42
kpw433bcv21ksp1wgrux,16,0,0.0
kpw433bcv21ksp1wgrux,17,0,0.0
kpw433bcv21ksp1wgrux,18,1,0.92
kpw433bcv21ksp1wgrux,19,0,0.0
kpw433bcv21ksp1wgrux,20,0,0.0
kpw433bcv21ksp1wgrux,21,0,0.0
kpw433bcv21ksp1wgrux,22,0,0.0
kpw433bcv21ksp1wgrux,23,0,0.0
wxgj9kdmdrmullrthnso,0,0,0.0
wxgj9kdmdrmullrthnso,1,2,1.85
wxgj9kdmdrmullrthnso,2,5,4.63
wxgj9kdmdrmullrthnso,3,9,8.33
wxgj9kdmdrmullrthnso,4,6,5.56
wxgj9kdmdrmullrthnso,5,3,2.78
wxgj9kdmdrmullrthnso,6,6,5.56
wxgj9kdmdrmullrthnso,7,5,4.63
wxgj9kdmdrmullrthnso,8,6,5.56
wxgj9kdmdrmullrthnso,9,4,3.7
wxgj9kdmdrmullrthnso,10,5,4.63
wxgj9kdmdrmullrthnso,11,15,13.89
wxgj9kdmdrmullrthnso,12,14,12.96
wxgj9kdmdrmullrthnso,13,6,5.56
wxgj9kdmdrmullrthnso,14,11,10.19
wxgj9kdmdrmullrthnso,15,8,7.41
wxgj9kdmdrmullrthnso,16,2,1.85
wxgj9kdmdrmullrthnso,17,0,0.0
wxgj9kdmdrmullrthnso,18,0,0.0
wxgj9kdmdrmullrthnso,19,0,0.0
wxgj9kdmdrmullrthnso,20,0,0.0
wxgj9kdmdrmullrthnso,21,0,0.0
wxgj9kdmdrmullrthnso,22,0,0.0
wxgj9kdmdrmullrthnso,23,1,0.93
bvz9hmtzknu45wvb0yaw,0,0,0.0
bvz9hmtzknu45wvb0yaw,1,2,1.75
bvz9hmtzknu45wvb0yaw,2,9,7.89
bvz9hmtzknu45wvb0yaw,3,5,4.39
bvz9hmtzknu45wvb0yaw,4,4,3.51
bvz9hmtzknu45wvb0yaw,5,0,0.0
bvz9hmtzknu45wvb0yaw,6,6,5.26
bvz9hmtzknu45wvb0yaw,7,3,2.63
bvz9hmtzknu45wvb0yaw,8,5,4.39
bvz9hmtzknu45wvb0yaw,9,9,7.89
bvz9hmtzknu45wvb0yaw,10,12,10.53
bvz9hmtzknu45wvb0yaw,11,9,7.89
bvz9hmtzknu45wvb0yaw,12,6,5.26
bvz9hmtzknu45wvb0yaw,13,15,13.16
bvz9hmtzknu45wvb0yaw,14,16,14.04
bvz9hmtzknu45wvb0yaw,15,10,8.77
bvz9hmtzknu45wvb0yaw,16,2,1.75
bvz9hmtzknu45wvb0yaw,17,1,0.88
bvz9hmtzknu45wvb0yaw,18,0,0.0
bvz9hmtzknu45wvb0yaw,19,0,0.0
bvz9hmtzknu45wvb0yaw,20,0,0.0
bvz9hmtzknu45wvb0yaw,21,0,0.0
bvz9hmtzknu45wvb0yaw,22,0,0.0
bvz9hmtzknu45wvb0yaw,23,0,0.0
1kvfwfp2hr5hjxjxzjqd,0,2,1.87
1kvfwfp2hr5hjxjxzjqd,1,2,1.87
1kvfwfp2hr5hjxjxzjqd,2,8,7.48
1kvfwfp2hr5hjxjxzjqd,3,5,4.67
1kvfwfp2hr5hjxjxzjqd,4,3,2.8
1kvfwfp2hr5hjxjxzjqd,5,3,2.8
1kvfwfp2hr5hjxjxzjqd,6,5,4.67
1kvfwfp2hr5hjxjxzjqd,7,3,2.8
1kvfwfp2hr5hjxjxzjqd,8,10,9.35
1kvfwfp2hr5hjxjxzjqd,9,6,5.61
1kvfwfp2hr5hjxjxzjqd,10,4,3.74
1kvfwfp2hr5hjxjxzjqd,11,4,3.74
1kvfwfp2hr5hjxjxzjqd,12,10,9.35
1kvfwfp2hr5hjxjxzjqd,13,14,13.08
1kvfwfp2hr5hjxjxzjqd,14,18,16.82
1kvfwfp2hr5hjxjxzjqd,15,7,6.54
1kvfwfp2hr5hjxjxzjqd,16,3,2.8
1kvfwfp2hr5hjxjxzjqd,17,0,0.0
1kvfwfp2hr5hjxjxzjqd,18,0,0.0
1kvfwfp2hr5hjxjxzjqd,19,0,0.0
1kvfwfp2hr5hjxjxzjqd,20,0,0.0
1kvfwfp2hr5hjxjxzjqd,21,0,0.0
1kvfwfp2hr5hjxjxzjqd,22,0,0.0
1kvfwfp2hr5hjxjxzjqd,23,0,0.0
m3y8jkkgflwqwcelrwzz,0,1,0.98
m3y8jkkgflwqwcelrwzz,1,3,2.94
m3y8jkkgflwqwcelrwzz,2,4,3.92
m3y8jkkgflwqwcelrwzz,3,3,2.94
m3y8jkkgflwqwcelrwzz,4,3,2.94
m3y8jkkgflwqwcelrwzz,5,4,3.92
m3y8jkkgflwqwcelrwzz,6,4,3.92
m3y8jkkgflwqwcelrwzz,7,6,5.88
m3y8jkkgflwqwcelrwzz,8,5,4.9
m3y8jkkgflwqwcelrwzz,9,5,4.9
m3y8jkkgflwqwcelrwzz,10,11,10.78
m3y8jkkgflwqwcelrwzz,11,8,7.84
m3y8jkkgflwqwcelrwzz,12,8,7.84
m3y8jkkgflwqwcelrwzz,13,12,11.76
m3y8jkkgflwqwcelrwzz,14,13,12.75
m3y8jkkgflwqwcelrwzz,15,10,9.8
m3y8jkkgflwqwcelrwzz,16,2,1.96
m3y8jkkgflwqwcelrwzz,17,0,0.0
m3y8jkkgflwqwcelrwzz,18,0,0.0
m3y8jkkgflwqwcelrwzz,19,0,0.0
m3y8jkkgflwqwcelrwzz,20,0,0.0
m3y8jkkgflwqwcelrwzz,21,0,0.0
m3y8jkkgflwqwcelrwzz,22,0,0.0
m3y8jkkgflwqwcelrwzz,23,0,0.0
fov3pbwdqzvhgcjp7o9f,0,3,2.5
fov3pbwdqzvhgcjp7o9f,1,6,5.0
fov3pbwdqzvhgcjp7o9f,2,8,6.67
fov3pbwdqzvhgcjp7o9f,3,6,5.0
fov3pbwdqzvhgcjp7o9f,4,2,1.67
fov3pbwdqzvhgcjp7o9f,5,3,2.5
fov3pbwdqzvhgcjp7o9f,6,3,2.5
fov3pbwdqzvhgcjp7o9f,7,7,5.83
fov3pbwdqzvhgcjp7o9f,8,7,5.83
fov3pbwdqzvhgcjp7o9f,9,6,5.0
fov3pbwdqzvhgcjp7o9f,10,10,8.33
fov3pbwdqzvhgcjp7o9f,11,5,4.17
fov3pbwdqzvhgcjp7o9f,12,15,12.5
fov3pbwdqzvhgcjp7o9f,13,12,10.0
fov3pbwdqzvhgcjp7o9f,14,17,14.17
fov3pbwdqzvhgcjp7o9f,15,7,5.83
fov3pbwdqzvhgcjp7o9f,16,2,1.67
fov3pbwdqzvhgcjp7o9f,17,1,0.83
fov3pbwdqzvhgcjp7o9f,18,0,0.0
fov3pbwdqzvhgcjp7o9f,19,0,0.0
fov3pbwdqzvhgcjp7o9f,20,0,0.0
fov3pbwdqzvhgcjp7o9f,21,0,0.0
fov3pbwdqzvhgcjp7o9f,22,0,0.0
fov3pbwdqzvhgcjp7o9f,23,0,0.0
3iz4t53ooerb6sruxf3n,0,1,0.94
3iz4t53ooerb6sruxf3n,1,3,2.83
3iz4t53ooerb6sruxf3n,2,9,8.49
3iz4t53ooerb6sruxf3n,3,5,4.72
3iz4t53ooerb6sruxf3n,4,2,1.89
3iz4t53ooerb6sruxf3n,5,0,0.0
3iz4t53ooerb6sruxf3n,6,8,7.55
3iz4t53ooerb6sruxf3n,7,4,3.77
3iz4t53ooerb6sruxf3n,8,8,7.55
3iz4t53ooerb6sruxf3n,9,3,2.83
3iz4t53ooerb6sruxf3n,10,6,5.66
3iz4t53ooerb6sruxf3n,11,10,9.43
3iz4t53ooerb6sruxf3n,12,4,3.77
3iz4t53ooerb6sruxf3n,13,9,8.49
3iz4t53ooerb6sruxf3n,14,22,20.75
3iz4t53ooerb6sruxf3n,15,7,6.6
3iz4t53ooerb6sruxf3n,16,3,2.83
3iz4t53ooerb6sruxf3n,17,2,1.89
3iz4t53ooerb6sruxf3n,18,0,0.0
3iz4t53ooerb6sruxf3n,19,0,0.0
3iz4t53ooerb6sruxf3n,20,0,0.0
3iz4t53ooerb6sruxf3n,21,0,0.0
3iz4t53ooerb6sruxf3n,22,0,0.0
3iz4t53ooerb6sruxf3n,23,0,0.0
8ajv97zyciosc57q0cng,0,0,0.0
8ajv97zyciosc57q0cng,1,7,6.14
8ajv97zyciosc57q0cng,2,7,6.14
8ajv97zyciosc57q0cng,3,8,7.02
8ajv97zyciosc57q0cng,4,5,4.39
8ajv97zyciosc57q0cng,5,3,2.63
8ajv97zyciosc57q0cng,6,6,5.26
8ajv97zyciosc57q0cng,7,13,11.4
8ajv97zyciosc57q0cng,8,8,7.02
8ajv97zyciosc57q0cng,9,2,1.75
8ajv97zyciosc57q0cng,10,8,7.02
8ajv97zyciosc57q0cng,11,12,10.53
8ajv97zyciosc57q0cng,12,3,2.63
8ajv97zyciosc57q0cng,13,9,7.89
8ajv97zyciosc57q0cng,14,12,10.53
8ajv97zyciosc57q0cng,15,9,7.89
8ajv97zyciosc57q0cng,16,1,0.88
8ajv97zyciosc57q0cng,17,0,0.0
8ajv97zyciosc57q0cng,18,0,0.0
8ajv97zyciosc57q0cng,19,0,0.0
8ajv97zyciosc57q0cng,20,0,0.0
8ajv97zyciosc57q0cng,21,0,0.0
8ajv97zyciosc57q0cng,22,1,0.88
8ajv97zyciosc57q0cng,23,0,0.0
i8gdglua8vbd4ul9x09f,0,2,1.9
i8gdglua8vbd4ul9x09f,1,5,4.76
i8gdglua8vbd4ul9x09f,2,8,7.62
i8gdglua8vbd4ul9x09f,3,4,3.81
i8gdglua8vbd4ul9x09f,4,1,0.95
i8gdglua8vbd4ul9x09f,5,2,1.9
i8gdglua8vbd4ul9x09f,6,6,5.71
i8gdglua8vbd4ul9x09f,7,8,7.62
i8gdglua8vbd4ul9x09f,8,4,3.81
i8gdglua8vbd4ul9x09f,9,5,4.76
i8gdglua8vbd4ul9x09f,10,9,8.57
i8gdglua8vbd4ul9x09f,11,9,8.57
i8gdglua8vbd4ul9x09f,12,10,9.52
i8gdglua8vbd4ul9x09f,13,3,2.86
i8gdglua8vbd4ul9x09f,14,18,17.14
i8gdglua8vbd4ul9x09f,15,9,8.57
i8gdglua8vbd4ul9x09f,16,1,0.95
i8gdglua8vbd4ul9x09f,17,0,0.0
i8gdglua8vbd4ul9x09f,18,0,0.0
i8gdglua8vbd4ul9x09f,19,0,0.0
i8gdglua8vbd4ul9x09f,20,0,0.0
i8gdglua8vbd4ul9x09f,21,0,0.0
i8gdglua8vbd4ul9x09f,22,0,0.0
i8gdglua8vbd4ul9x09f,23,1,0.95
qd5cqu3du8n28xxtkftw,0,1,0.79
qd5cqu3du8n28xxtkftw,1,5,3.94
qd5cqu3du8n28xxtkftw,2,13,10.24
qd5cqu3du8n28xxtkftw,3,7,5.51
qd5cqu3du8n28xxtkftw,4,3,2.36
qd5cqu3du8n28xxtkftw,5,3,2.36
qd5cqu3du8n28xxtkftw,6,6,4.72
qd5cqu3du8n28xxtkftw,7,6,4.72
qd5cqu3du8n28xxtkftw,8,6,4.72
qd5cqu3du8n28xxtkftw,9,7,5.51
qd5cqu3du8n28xxtkftw,10,3,2.36
qd5cqu3du8n28xxtkftw,11,13,10.24
qd5cqu3du8n28xxtkftw,12,15,11.81
qd5cqu3du8n28xxtkftw,13,18,14.17
qd5cqu3du8n28xxtkftw,14,12,9.45
qd5cqu3du8n28xxtkftw,15,6,4.72
qd5cqu3du8n28xxtkftw,16,2,1.57
qd5cqu3du8n28xxtkftw,17,1,0.79
qd5cqu3du8n28xxtkftw,18,0,0.0
qd5cqu3du8n28xxtkftw,19,0,0.0
qd5cqu3du8n28xxtkftw,20,0,0.0
qd5cqu3du8n28xxtkftw,21,0,0.0
qd5cqu3du8n28xxtkftw,22,0,0.0
qd5cqu3du8n28xxtkftw,23,0,0.0
fvlb9xi66oze7eo3yhdh,0,1,0.82
fvlb9xi66oze7eo3yhdh,1,6,4.92
fvlb9xi66oze7eo3yhdh,2,6,4.92
fvlb9xi66oze7eo3yhdh,3,2,1.64
fvlb9xi66oze7eo3yhdh,4,4,3.28
fvlb9xi66oze7eo3yhdh,5,1,0.82
fvlb9xi66oze7eo3yhdh,6,5,4.1
fvlb9xi66oze7eo3yhdh,7,4,3.28
fvlb9xi66oze7eo3yhdh,8,5,4.1
fvlb9xi66oze7eo3yhdh,9,5,4.1
fvlb9xi66oze7eo3yhdh,10,8,6.56
fvlb9xi66oze7eo3yhdh,11,16,13.11
fvlb9xi66oze7eo3yhdh,12,12,9.84
fvlb9xi66oze7eo3yhdh,13,14,11.48
fvlb9xi66oze7eo3yhdh,14,17,13.93
fvlb9xi66oze7eo3yhdh,15,10,8.2
fvlb9xi66oze7eo3yhdh,16,4,3.28
fvlb9xi66oze7eo3yhdh,17,1,0.82
fvlb9xi66oze7eo3yhdh,18,1,0.82
fvlb9xi66oze7eo3yhdh,19,0,0.0
fvlb9xi66oze7eo3yhdh,20,0,0.0
fvlb9xi66oze7eo3yhdh,21,0,0.0
fvlb9xi66oze7eo3yhdh,22,0,0.0
fvlb9xi66oze7eo3yhdh,23,0,0.0
4fl8e5s0nf65bm2m34f0,0,1,0.91
4fl8e5s0nf65bm2m34f0,1,0,0.0
4fl8e5s0nf65bm2m34f0,2,6,5.45
4fl8e5s0nf65bm2m34f0,3,7,6.36
4fl8e5s0nf65bm2m34f0,4,3,2.73
4fl8e5s0nf65bm2m34f0,5,4,3.64
4fl8e5s0nf65bm2m34f0,6,6,5.45
4fl8e5s0nf65bm2m34f0,7,11,10.0
4fl8e5s0nf65bm2m34f0,8,7,6.36
4fl8e5s0nf65bm2m34f0,9,4,3.64
4fl8e5s0nf65bm2m34f0,10,5,4.55
4fl8e5s0nf65bm2m34f0,11,7,6.36
4fl8e5s0nf65bm2m34f0,12,13,11.82
4fl8e5s0nf65bm2m34f0,13,12,10.91
4fl8e5s0nf65bm2m34f0,14,12,10.91
4fl8e5s0nf65bm2m34f0,15,12,10.91
4fl8e5s0nf65bm2m34f0,16,0,0.0
4fl8e5s0nf65bm2m34f0,17,0,0.0
4fl8e5s0nf65bm2m34f0,18,0,0.0
4fl8e5s0nf65bm2m34f0,19,0,0.0
4fl8e5s0nf65bm2m34f0,20,0,0.0
4fl8e5s0nf65bm2m34f0,21,0,0.0
4fl8e5s0nf65bm2m34f0,22,0,0.0
4fl8e5s0nf65bm2m34f0,23,0,0.0
4glo109mkgy7azntyttp,0,0,0.0
4glo109mkgy7azntyttp,1,1,0.95
4glo109mkgy7azntyttp,2,7,6.67
4glo109mkgy7azntyttp,3,3,2.86
4glo109mkgy7azntyttp,4,5,4.76
4glo109mkgy7azntyttp,5,3,2.86
4glo109mkgy7azntyttp,6,3,2.86
4glo109mkgy7azntyttp,7,3,2.86
4glo109mkgy7azntyttp,8,10,9.52
4glo109mkgy7azntyttp,9,3,2.86
4glo109mkgy7azntyttp,10,2,1.9
4glo109mkgy7azntyttp,11,12,11.43
4glo109mkgy7azntyttp,12,12,11.43
4glo109mkgy7azntyttp,13,11,10.48
4glo109mkgy7azntyttp,14,18,17.14
4glo109mkgy7azntyttp,15,9,8.57
4glo109mkgy7azntyttp,16,1,0.95
4glo109mkgy7azntyttp,17,1,0.95
4glo109mkgy7azntyttp,18,0,0.0
4glo109mkgy7azntyttp,19,0,0.0
4glo109mkgy7azntyttp,20,0,0.0
4glo109mkgy7azntyttp,21,0,0.0
4glo109mkgy7azntyttp,22,0,0.0
4glo109mkgy7azntyttp,23,1,0.95
cunf3y04zq0f90dgy36j,0,0,0.0
cunf3y04zq0f90dgy36j,1,2,1.82
cunf3y04zq0f90dgy36j,2,10,9.09
cunf3y04zq0f90dgy36j,3,8,7.27
cunf3y04zq0f90dgy36j,4,3,2.73
cunf3y04zq0f90dgy36j,5,3,2.73
cunf3y04zq0f90dgy36j,6,8,7.27
cunf3y04zq0f90dgy36j,7,6,5.45
cunf3y04zq0f90dgy36j,8,3,2.73
cunf3y04zq0f90dgy36j,9,3,2.73
cunf3y04zq0f90dgy36j,10,9,8.18
cunf3y04zq0f90dgy36j,11,13,11.82
cunf3y04zq0f90dgy36j,12,20,18.18
cunf3y04zq0f90dgy36j,13,9,8.18
cunf3y04zq0f90dgy36j,14,7,6.36
cunf3y04zq0f90dgy36j,15,4,3.64
cunf3y04zq0f90dgy36j,16,1,0.91
cunf3y04zq0f90dgy36j,17,0,0.0
cunf3y04zq0f90dgy36j,18,1,0.91
cunf3y04zq0f90dgy36j,19,0,0.0
cunf3y04zq0f90dgy36j,20,0,0.0
cunf3y04zq0f90dgy36j,21,0,0.0
cunf3y04zq0f90dgy36j,22,0,0.0
cunf3y04zq0f90dgy36j,23,0,0.0
wbdvbdebq64ujpi9u7mn,0,1,0.99
wbdvbdebq64ujpi9u7mn,1,3,2.97
wbdvbdebq64ujpi9u7mn,2,7,6.93
wbdvbdebq64ujpi9u7mn,3,1,0.99
wbdvbdebq64ujpi9u7mn,4,5,4.95
wbdvbdebq64ujpi9u7mn,5,3,2.97
wbdvbdebq64ujpi9u7mn,6,7,6.93
wbdvbdebq64ujpi9u7mn,7,4,3.96
wbdvbdebq64ujpi9u7mn,8,6,5.94
wbdvbdebq64ujpi9u7mn,9,5,4.95
wbdvbdebq64ujpi9u7mn,10,6,5.94
wbdvbdebq64ujpi9u7mn,11,11,10.89
wbdvbdebq64ujpi9u7mn,12,13,12.87
wbdvbdebq64ujpi9u7mn,13,7,6.93
wbdvbdebq64ujpi9u7mn,14,16,15.84
wbdvbdebq64ujpi9u7mn,15,5,4.95
wbdvbdebq64ujpi9u7mn,16,0,0.0
wbdvbdebq64ujpi9u7mn,17,0,0.0
wbdvbdebq64ujpi9u7mn,18,0,0.0
wbdvbdebq64ujpi9u7mn,19,0,0.0
wbdvbdebq64ujpi9u7mn,20,0,0.0
wbdvbdebq64ujpi9u7mn,21,0,0.0
wbdvbdebq64ujpi9u7mn,22,0,0.0
wbdvbdebq64ujpi9u7mn,23,1,0.99
0gfiioqi5g8djhh1wzol,0,0,0.0
0gfiioqi5g8djhh1wzol,1,1,0.94
0gfiioqi5g8djhh1wzol,2,7,6.6
0gfiioqi5g8djhh1wzol,3,8,7.55
0gfiioqi5g8djhh1wzol,4,6,5.66
0gfiioqi5g8djhh1wzol,5,1,0.94
0gfiioqi5g8djhh1wzol,6,6,5.66
0gfiioqi5g8djhh1wzol,7,5,4.72
0gfiioqi5g8djhh1wzol,8,4,3.77
0gfiioqi5g8djhh1wzol,9,8,7.55
0gfiioqi5g8djhh1wzol,10,9,8.49
0gfiioqi5g8djhh1wzol,11,5,4.72
0gfiioqi5g8djhh1wzol,12,11,10.38
0gfiioqi5g8djhh1wzol,13,12,11.32
0gfiioqi5g8djhh1wzol,14,12,11.32
0gfiioqi5g8djhh1wzol,15,10,9.43
0gfiioqi5g8djhh1wzol,16,1,0.94
0gfiioqi5g8djhh1wzol,17,0,0.0
0gfiioqi5g8djhh1wzol,18,0,0.0
0gfiioqi5g8djhh1wzol,19,0,0.0
0gfiioqi5g8djhh1wzol,20,0,0.0
0gfiioqi5g8djhh1wzol,21,0,0.0
0gfiioqi5g8djhh1wzol,22,0,0.0
0gfiioqi5g8djhh1wzol,23,0,0.0
fb735wd248crm37cgmgw,0,0,0.0
fb735wd248crm37cgmgw,1,1,1.06
fb735wd248crm37cgmgw,2,8,8.51
fb735wd248crm37cgmgw,3,6,6.38
fb735wd248crm37cgmgw,4,4,4.26
fb735wd248crm37cgmgw,5,1,1.06
fb735wd248crm37cgmgw,6,7,7.45
fb735wd248crm37cgmgw,7,4,4.26
fb735wd248crm37cgmgw,8,7,7.45
fb735wd248crm37cgmgw,9,3,3.19
fb735wd248crm37cgmgw,10,8,8.51
fb735wd248crm37cgmgw,11,10,10.64
fb735wd248crm37cgmgw,12,8,8.51
fb735wd248crm37cgmgw,13,9,9.57
fb735wd248crm37cgmgw,14,6,6.38
fb735wd248crm37cgmgw,15,8,8.51
fb735wd248crm37cgmgw,16,4,4.26
fb735wd248crm37cgmgw,17,0,0.0
fb735wd248crm37cgmgw,18,0,0.0
fb735wd248crm37cgmgw,19,0,0.0
fb735wd248crm37cgmgw,20,0,0.0
fb735wd248crm37cgmgw,21,0,0.0
fb735wd248crm37cgmgw,22,0,0.0
fb735wd248crm37cgmgw,23,0,0.0
zon2ut7eqwqd7i86etaw,0,0,0.0
zon2ut7eqwqd7i86etaw,1,2,1.89
zon2ut7eqwqd7i86etaw,2,8,7.55
zon2ut7eqwqd7i86etaw,3,3,2.83
zon2ut7eqwqd7i86etaw,4,5,4.72
zon2ut7eqwqd7i86etaw,5,3,2.83
zon2ut7eqwqd7i86etaw,6,5,4.72
zon2ut7eqwqd7i86etaw,7,3,2.83
zon2ut7eqwqd7i86etaw,8,5,4.72
zon2ut7eqwqd7i86etaw,9,5,4.72
zon2ut7eqwqd7i86etaw,10,6,5.66
zon2ut7eqwqd7i86etaw,11,7,6.6
zon2ut7eqwqd7i86etaw,12,11,10.38
zon2ut7eqwqd7i86etaw,13,15,14.15
zon2ut7eqwqd7i86etaw,14,11,10.38
zon2ut7eqwqd7i86etaw,15,11,10.38
zon2ut7eqwqd7i86etaw,16,5,4.72
zon2ut7eqwqd7i86etaw,17,0,0.0
zon2ut7eqwqd7i86etaw,18,1,0.94
zon2ut7eqwqd7i86etaw,19,0,0.0
zon2ut7eqwqd7i86etaw,20,0,0.0
zon2ut7eqwqd7i86etaw,21,0,0.0
zon2ut7eqwqd7i86etaw,22,0,0.0
zon2ut7eqwqd7i86etaw,23,0,0.0
1hrtipd0awjpggdje5e2,0,1,0.91
1hrtipd0awjpggdje5e2,1,2,1.82
1hrtipd0awjpggdje5e2,2,9,8.18
1hrtipd0awjpggdje5e2,3,9,8.18
1hrtipd0awjpggdje5e2,4,1,0.91
1hrtipd0awjpggdje5e2,5,2,1.82
1hrtipd0awjpggdje5e2,6,5,4.55
1hrtipd0awjpggdje5e2,7,2,1.82
1hrtipd0awjpggdje5e2,8,9,8.18
1hrtipd0awjpggdje5e2,9,7,6.36
1hrtipd0awjpggdje5e2,10,5,4.55
1hrtipd0awjpggdje5e2,11,10,9.09
1hrtipd0awjpggdje5e2,12,14,12.73
1hrtipd0awjpggdje5e2,13,8,7.27
1hrtipd0awjpggdje5e2,14,15,13.64
1hrtipd0awjpggdje5e2,15,9,8.18
1hrtipd0awjpggdje5e2,16,2,1.82
1hrtipd0awjpggdje5e2,17,0,0.0
1hrtipd0awjpggdje5e2,18,0,0.0
1hrtipd0awjpggdje5e2,19,0,0.0
1hrtipd0awjpggdje5e2,20,0,0.0
1hrtipd0awjpggdje5e2,21,0,0.0
1hrtipd0awjpggdje5e2,22,0,0.0
1hrtipd0awjpggdje5e2,23,0,0.0
hcm6w0jxnfqhkpm745cu,0,0,0.0
hcm6w0jxnfqhkpm745cu,1,3,2.65
hcm6w0jxnfqhkpm745cu,2,6,5.31
hcm6w0jxnfqhkpm745cu,3,5,4.42
hcm6w0jxnfqhkpm745cu,4,4,3.54
hcm6w0jxnfqhkpm745cu,5,8,7.08
hcm6w0jxnfqhkpm745cu,6,5,4.42
hcm6w0jxnfqhkpm745cu,7,8,7.08
hcm6w0jxnfqhkpm745cu,8,7,6.19
hcm6w0jxnfqhkpm745cu,9,2,1.77
hcm6w0jxnfqhkpm745cu,10,3,2.65
hcm6w0jxnfqhkpm745cu,11,12,10.62
hcm6w0jxnfqhkpm745cu,12,14,12.39
hcm6w0jxnfqhkpm745cu,13,10,8.85
hcm6w0jxnfqhkpm745cu,14,16,14.16
hcm6w0jxnfqhkpm745cu,15,6,5.31
hcm6w0jxnfqhkpm745cu,16,3,2.65
hcm6w0jxnfqhkpm745cu,17,0,0.0
hcm6w0jxnfqhkpm745cu,18,0,0.0
hcm6w0jxnfqhkpm745cu,19,0,0.0
hcm6w0jxnfqhkpm745cu,20,0,0.0
hcm6w0jxnfqhkpm745cu,21,0,0.0
hcm6w0jxnfqhkpm745cu,22,1,0.88
hcm6w0jxnfqhkpm745cu,23,0,0.0
z0ti2nr5nh9fpad7wntt,0,1,1.1
z0ti2nr5nh9fpad7wntt,1,1,1.1
z0ti2nr5nh9fpad7wntt,2,8,8.79
z0ti2nr5nh9fpad7wntt,3,1,1.1
z0ti2nr5nh9fpad7wntt,4,1,1.1
z0ti2nr5nh9fpad7wntt,5,3,3.3
z0ti2nr5nh9fpad7wntt,6,2,2.2
z0ti2nr5nh9fpad7wntt,7,6,6.59
z0ti2nr5nh9fpad7wntt,8,8,8.79
z0ti2nr5nh9fpad7wntt,9,8,8.79
z0ti2nr5nh9fpad7wntt,10,7,7.69
z0ti2nr5nh9fpad7wntt,11,7,7.69
z0ti2nr5nh9fpad7wntt,12,9,9.89
z0ti2nr5nh9fpad7wntt,13,2,2.2
z0ti2nr5nh9fpad7wntt,14,13,14.29
z0ti2nr5nh9fpad7wntt,15,14,15.38
z0ti2nr5nh9fpad7wntt,16,0,0.0
z0ti2nr5nh9fpad7wntt,17,0,0.0
z0ti2nr5nh9fpad7wntt,18,0,0.0
z0ti2nr5nh9fpad7wntt,19,0,0.0
z0ti2nr5nh9fpad7wntt,20,0,0.0
z0ti2nr5nh9fpad7wntt,21,0,0.0
z0ti2nr5nh9fpad7wntt,22,0,0.0
z0ti2nr5nh9fpad7wntt,23,0,0.0
44x159fl0pw2uucriuga,0,1,0.87
44x159fl0pw2uucriuga,1,5,4.35
44x159fl0pw2uucriuga,2,4,3.48
44x159fl0pw2uucriuga,3,4,3.48
44x159fl0pw2uucriuga,4,3,2.61
44x159fl0pw2uucriuga,5,3,2.61
44x159fl0pw2uucriuga,6,9,7.83
44x159fl0pw2uucriuga,7,3,2.61
44x159fl0pw2uucriuga,8,10,8.7
44x159fl0pw2uucriuga,9,8,6.96
44x159fl0pw2uucriuga,10,6,5.22
44x159fl0pw2uucriuga,11,13,11.3
44x159fl0pw2uucriuga,12,11,9.57
44x159fl0pw2uucriuga,13,13,11.3
44x159fl0pw2uucriuga,14,12,10.43
44x159fl0pw2uucriuga,15,7,6.09
44x159fl0pw2uucriuga,16,2,1.74
44x159fl0pw2uucriuga,17,1,0.87
44x159fl0pw2uucriuga,18,0,0.0
44x159fl0pw2uucriuga,19,0,0.0
44x159fl0pw2uucriuga,20,0,0.0
44x159fl0pw2uucriuga,21,0,0.0
44x159fl0pw2uucriuga,22,0,0.0
44x159fl0pw2uucriuga,23,0,0.0
7c2qxvccum7f93e8ohgt,0,0,0.0
7c2qxvccum7f93e8ohgt,1,4,3.48
7c2qxvccum7f93e8ohgt,2,8,6.96
7c2qxvccum7f93e8ohgt,3,3,2.61
7c2qxvccum7f93e8ohgt,4,2,1.74
7c2qxvccum7f93e8ohgt,5,5,4.35
7c2qxvccum7f93e8ohgt,6,3,2.61
7c2qxvccum7f93e8ohgt,7,4,3.48
7c2qxvccum7f93e8ohgt,8,6,5.22
7c2qxvccum7f93e8ohgt,9,4,3.48
7c2qxvccum7f93e8ohgt,10,7,6.09
7c2qxvccum7f93e8ohgt,11,10,8.7
7c2qxvccum7f93e8ohgt,12,16,13.91
7c2qxvccum7f93e8ohgt,13,13,11.3
7c2qxvccum7f93e8ohgt,14,14,12.17
7c2qxvccum7f93e8ohgt,15,15,13.04
7c2qxvccum7f93e8ohgt,16,1,0.87
7c2qxvccum7f93e8ohgt,17,0,0.0
7c2qxvccum7f93e8ohgt,18,0,0.0
7c2qxvccum7f93e8ohgt,19,0,0.0
7c2qxvccum7f93e8ohgt,20,0,0.0
7c2qxvccum7f93e8ohgt,21,0,0.0
7c2qxvccum7f93e8ohgt,22,0,0.0
7c2qxvccum7f93e8ohgt,23,0,0.0
d6qgzp196pwnzk7agyn6,0,1,0.83
d6qgzp196pwnzk7agyn6,1,3,2.48
d6qgzp196pwnzk7agyn6,2,10,8.26
d6qgzp196pwnzk7agyn6,3,5,4.13
d6qgzp196pwnzk7agyn6,4,0,0.0
d6qgzp196pwnzk7agyn6,5,2,1.65
d6qgzp196pwnzk7agyn6,6,5,4.13
d6qgzp196pwnzk7agyn6,7,3,2.48
d6qgzp196pwnzk7agyn6,8,10,8.26
d6qgzp196pwnzk7agyn6,9,5,4.13
d6qgzp196pwnzk7agyn6,10,11,9.09
d6qgzp196pwnzk7agyn6,11,10,8.26
d6qgzp196pwnzk7agyn6,12,14,11.57
d6qgzp196pwnzk7agyn6,13,10,8.26
d6qgzp196pwnzk7agyn6,14,18,14.88
d6qgzp196pwnzk7agyn6,15,9,7.44
d6qgzp196pwnzk7agyn6,16,2,1.65
d6qgzp196pwnzk7agyn6,17,1,0.83
d6qgzp196pwnzk7agyn6,18,0,0.0
d6qgzp196pwnzk7agyn6,19,0,0.0
d6qgzp196pwnzk7agyn6,20,0,0.0
d6qgzp196pwnzk7agyn6,21,0,0.0
d6qgzp196pwnzk7agyn6,22,1,0.83
d6qgzp196pwnzk7agyn6,23,1,0.83
alj4azvv1eqg1cyr3ae3,0,2,2.11
alj4azvv1eqg1cyr3ae3,1,3,3.16
alj4azvv1eqg1cyr3ae3,2,7,7.37
alj4azvv1eqg1cyr3ae3,3,8,8.42
alj4azvv1eqg1cyr3ae3,4,4,4.21
alj4azvv1eqg1cyr3ae3,5,3,3.16
alj4azvv1eqg1cyr3ae3,6,4,4.21
alj4azvv1eqg1cyr3ae3,7,3,3.16
alj4azvv1eqg1cyr3ae3,8,4,4.21
alj4azvv1eqg1cyr3ae3,9,5,5.26
alj4azvv1eqg1cyr3ae3,10,7,7.37
alj4azvv1eqg1cyr3ae3,11,14,14.74
alj4azvv1eqg1cyr3ae3,12,8,8.42
alj4azvv1eqg1cyr3ae3,13,4,4.21
alj4azvv1eqg1cyr3ae3,14,10,10.53
alj4azvv1eqg1cyr3ae3,15,6,6.32
alj4azvv1eqg1cyr3ae3,16,2,2.11
alj4azvv1eqg1cyr3ae3,17,1,1.05
alj4azvv1eqg1cyr3ae3,18,0,0.0
alj4azvv1eqg1cyr3ae3,19,0,0.0
alj4azvv1eqg1cyr3ae3,20,0,0.0
alj4azvv1eqg1cyr3ae3,21,0,0.0
alj4azvv1eqg1cyr3ae3,22,0,0.0
alj4azvv1eqg1cyr3ae3,23,0,0.0
vqz1prz6hwnqepxsieip,0,3,2.86
vqz1prz6hwnqepxsieip,1,2,1.9
vqz1prz6hwnqepxsieip,2,14,13.33
vqz1prz6hwnqepxsieip,3,4,3.81
vqz1prz6hwnqepxsieip,4,2,1.9
vqz1prz6hwnqepxsieip,5,1,0.95
vqz1prz6hwnqepxsieip,6,2,1.9
vqz1prz6hwnqepxsieip,7,2,1.9
vqz1prz6hwnqepxsieip,8,5,4.76
vqz1prz6hwnqepxsieip,9,7,6.67
vqz1prz6hwnqepxsieip,10,5,4.76
vqz1prz6hwnqepxsieip,11,12,11.43
vqz1prz6hwnqepxsieip,12,15,14.29
vqz1prz6hwnqepxsieip,13,10,9.52
vqz1prz6hwnqepxsieip,14,14,13.33
vqz1prz6hwnqepxsieip,15,5,4.76
vqz1prz6hwnqepxsieip,16,2,1.9
vqz1prz6hwnqepxsieip,17,0,0.0
vqz1prz6hwnqepxsieip,18,0,0.0
vqz1prz6hwnqepxsieip,19,0,0.0
vqz1prz6hwnqepxsieip,20,0,0.0
vqz1prz6hwnqepxsieip,21,0,0.0
vqz1prz6hwnqepxsieip,22,0,0.0
vqz1prz6hwnqepxsieip,23,0,0.0
4xh67ezjc331pg9q3kfv,0,1,0.91
4xh67ezjc331pg9q3kfv,1,1,0.91
4xh67ezjc331pg9q3kfv,2,11,10.0
4xh67ezjc331pg9q3kfv,3,5,4.55
4xh67ezjc331pg9q3kfv,4,0,0.0
4xh67ezjc331pg9q3kfv,5,3,2.73
4xh67ezjc331pg9q3kfv,6,7,6.36
4xh67ezjc331pg9q3kfv,7,5,4.55
4xh67ezjc331pg9q3kfv,8,7,6.36
4xh67ezjc331pg9q3kfv,9,4,3.64
4xh67ezjc331pg9q3kfv,10,6,5.45
4xh67ezjc331pg9q3kfv,11,9,8.18
4xh67ezjc331pg9q3kfv,12,11,10.0
4xh67ezjc331pg9q3kfv,13,13,11.82
4xh67ezjc331pg9q3kfv,14,17,15.45
4xh67ezjc331pg9q3kfv,15,8,7.27
4xh67ezjc331pg9q3kfv,16,1,0.91
4xh67ezjc331pg9q3kfv,17,0,0.0
4xh67ezjc331pg9q3kfv,18,0,0.0
4xh67ezjc331pg9q3kfv,19,0,0.0
4xh67ezjc331pg9q3kfv,20,0,0.0
4xh67ezjc331pg9q3kfv,21,0,0.0
4xh67ezjc331pg9q3kfv,22,0,0.0
4xh67ezjc331pg9q3kfv,23,1,0.91
t8a5fgt3wo8w18amulu3,0,1,1.16
t8a5fgt3wo8w18amulu3,1,3,3.49
t8a5fgt3wo8w18amulu3,2,6,6.98
t8a5fgt3wo8w18amulu3,3,7,8.14
t8a5fgt3wo8w18amulu3,4,1,1.16
t8a5fgt3wo8w18amulu3,5,4,4.65
t8a5fgt3wo8w18amulu3,6,4,4.65
t8a5fgt3wo8w18amulu3,7,5,5.81
t8a5fgt3wo8w18amulu3,8,3,3.49
t8a5fgt3wo8w18amulu3,9,7,8.14
t8a5fgt3wo8w18amulu3,10,5,5.81
t8a5fgt3wo8w18amulu3,11,8,9.3
t8a5fgt3wo8w18amulu3,12,6,6.98
t8a5fgt3wo8w18amulu3,13,11,12.79
t8a5fgt3wo8w18amulu3,14,9,10.47
t8a5fgt3wo8w18amulu3,15,4,4.65
t8a5fgt3wo8w18amulu3,16,2,2.33
t8a5fgt3wo8w18amulu3,17,0,0.0
t8a5fgt3wo8w18amulu3,18,0,0.0
t8a5fgt3wo8w18amulu3,19,0,0.0
t8a5fgt3wo8w18amulu3,20,0,0.0
t8a5fgt3wo8w18amulu3,21,0,0.0
t8a5fgt3wo8w18amulu3,22,0,0.0
t8a5fgt3wo8w18amulu3,23,0,0.0
7r0ywonplo8up7m35eav,0,2,1.92
7r0ywonplo8up7m35eav,1,3,2.88
7r0ywonplo8up7m35eav,2,5,4.81
7r0ywonplo8up7m35eav,3,4,3.85
7r0ywonplo8up7m35eav,4,4,3.85
7r0ywonplo8up7m35eav,5,2,1.92
7r0ywonplo8up7m35eav,6,5,4.81
7r0ywonplo8up7m35eav,7,7,6.73
7r0ywonplo8up7m35eav,8,5,4.81
7r0ywonplo8up7m35eav,9,6,5.77
7r0ywonplo8up7m35eav,10,5,4.81
7r0ywonplo8up7m35eav,11,16,15.38
7r0ywonplo8up7m35eav,12,6,5.77
7r0ywonplo8up7m35eav,13,12,11.54
7r0ywonplo8up7m35eav,14,13,12.5
7r0ywonplo8up7m35eav,15,8,7.69
7r0ywonplo8up7m35eav,16,1,0.96
7r0ywonplo8up7m35eav,17,0,0.0
7r0ywonplo8up7m35eav,18,0,0.0
7r0ywonplo8up7m35eav,19,0,0.0
7r0ywonplo8up7m35eav,20,0,0.0
7r0ywonplo8up7m35eav,21,0,0.0
7r0ywonplo8up7m35eav,22,0,0.0
7r0ywonplo8up7m35eav,23,0,0.0
no0afrue2n6m8hcnuek1,0,0,0.0
no0afrue2n6m8hcnuek1,1,1,0.74
no0afrue2n6m8hcnuek1,2,15,11.11
no0afrue2n6m8hcnuek1,3,4,2.96
no0afrue2n6m8hcnuek1,4,4,2.96
no0afrue2n6m8hcnuek1,5,3,2.22
no0afrue2n6m8hcnuek1,6,8,5.93
no0afrue2n6m8hcnuek1,7,4,2.96
no0afrue2n6m8hcnuek1,8,10,7.41
no0afrue2n6m8hcnuek1,9,9,6.67
no0afrue2n6m8hcnuek1,10,4,2.96
no0afrue2n6m8hcnuek1,11,18,13.33
no0afrue2n6m8hcnuek1,12,11,8.15
no0afrue2n6m8hcnuek1,13,10,7.41
no0afrue2n6m8hcnuek1,14,17,12.59
no0afrue2n6m8hcnuek1,15,13,9.63
no0afrue2n6m8hcnuek1,16,3,2.22
no0afrue2n6m8hcnuek1,17,0,0.0
no0afrue2n6m8hcnuek1,18,0,0.0
no0afrue2n6m8hcnuek1,19,0,0.0
no0afrue2n6m8hcnuek1,20,0,0.0
no0afrue2n6m8hcnuek1,21,0,0.0
no0afrue2n6m8hcnuek1,22,0,0.0
no0afrue2n6m8hcnuek1,23,1,0.74
ymb5gxf0fi27kpj2f101,0,1,1.16
ymb5gxf0fi27kpj2f101,1,1,1.16
ymb5gxf0fi27kpj2f101,2,5,5.81
ymb5gxf0fi27kpj2f101,3,2,2.33
ymb5gxf0fi27kpj2f101,4,2,2.33
ymb5gxf0fi27kpj2f101,5,3,3.49
ymb5gxf0fi27kpj2f101,6,4,4.65
ymb5gxf0fi27kpj2f101,7,6,6.98
ymb5gxf0fi27kpj2f101,8,3,3.49
ymb5gxf0fi27kpj2f101,9,2,2.33
ymb5gxf0fi27kpj2f101,10,6,6.98
ymb5gxf0fi27kpj2f101,11,10,11.63
ymb5gxf0fi27kpj2f101,12,14,16.28
ymb5gxf0fi27kpj2f101,13,7,8.14
ymb5gxf0fi27kpj2f101,14,13,15.12
ymb5gxf0fi27kpj2f101,15,1,1.16
ymb5gxf0fi27kpj2f101,16,4,4.65
ymb5gxf0fi27kpj2f101,17,1,1.16
ymb5gxf0fi27kpj2f101,18,0,0.0
ymb5gxf0fi27kpj2f101,19,0,0.0
ymb5gxf0fi27kpj2f101,20,0,0.0
ymb5gxf0fi27kpj2f101,21,0,0.0
ymb5gxf0fi27kpj2f101,22,1,1.16
ymb5gxf0fi27kpj2f101,23,0,0.0
d93519b044de1fa037b0,0,0,0.0
d93519b044de1fa037b0,1,5,10.0
d93519b044de1fa037b0,2,9,18.0
d93519b044de1fa037b0,3,0,0.0
d93519b044de1fa037b0,4,0,0.0
d93519b044de1fa037b0,5,0,0.0
d93519b044de1fa037b0,6,10,20.0
d93519b044de1fa037b0,7,0,0.0
d93519b044de1fa037b0,8,2,4.0
d93519b044de1fa037b0,9,4,8.0
d93519b044de1fa037b0,10,0,0.0
d93519b044de1fa037b0,11,0,0.0
d93519b044de1fa037b0,12,0,0.0
d93519b044de1fa037b0,13,16,32.0
d93519b044de1fa037b0,14,4,8.0
d93519b044de1fa037b0,15,0,0.0
d93519b044de1fa037b0,16,0,0.0
d93519b044de1fa037b0,17,0,0.0
d93519b044de1fa037b0,18,0,0.0
d93519b044de1fa037b0,19,0,0.0
d93519b044de1fa037b0,20,0,0.0
d93519b044de1fa037b0,21,0,0.0
d93519b044de1fa037b0,22,0,0.0
d93519b044de1fa037b0,23,0,0.0
afc99b4940e933922aca,0,0,0.0
afc99b4940e933922aca,1,0,0.0
afc99b4940e933922aca,2,30,27.03
afc99b4940e933922aca,3,0,0.0
afc99b4940e933922aca,4,0,0.0
afc99b4940e933922aca,5,0,0.0
afc99b4940e933922aca,6,0,0.0
afc99b4940e933922aca,7,0,0.0
afc99b4940e933922aca,8,4,3.6
afc99b4940e933922aca,9,1,0.9
afc99b4940e933922aca,10,21,18.92
afc99b4940e933922aca,11,31,27.93
afc99b4940e933922aca,12,17,15.32
afc99b4940e933922aca,13,0,0.0
afc99b4940e933922aca,14,7,6.31
afc99b4940e933922aca,15,0,0.0
afc99b4940e933922aca,16,0,0.0
afc99b4940e933922aca,17,0,0.0
afc99b4940e933922aca,18,0,0.0
afc99b4940e933922aca,19,0,0.0
afc99b4940e933922aca,20,0,0.0
afc99b4940e933922aca,21,0,0.0
afc99b4940e933922aca,22,0,0.0
afc99b4940e933922aca,23,0,0.0
c5d83404b165578ef794,0,0,0.0
c5d83404b165578ef794,1,0,0.0
c5d83404b165578ef794,2,0,0.0
c5d83404b165578ef794,3,2,2.82
c5d83404b165578ef794,4,2,2.82
c5d83404b165578ef794,5,0,0.0
c5d83404b165578ef794,6,0,0.0
c5d83404b165578ef794,7,0,0.0
c5d83404b165578ef794,8,9,12.68
c5d83404b165578ef794,9,5,7.04
c5d83404b165578ef794,10,1,1.41
c5d83404b165578ef794,11,1,1.41
c5d83404b165578ef794,12,2,2.82
c5d83404b165578ef794,13,9,12.68
c5d83404b165578ef794,14,24,33.8
c5d83404b165578ef794,15,16,22.54
c5d83404b165578ef794,16,0,0.0
c5d83404b165578ef794,17,0,0.0
c5d83404b165578ef794,18,0,0.0
c5d83404b165578ef794,19,0,0.0
c5d83404b165578ef794,20,0,0.0
c5d83404b165578ef794,21,0,0.0
c5d83404b165578ef794,22,0,0.0
c5d83404b165578ef794,23,0,0.0
dcd0562f8fb44933cb08,0,0,0.0
dcd0562f8fb44933cb08,1,0,0.0
dcd0562f8fb44933cb08,2,0,0.0
dcd0562f8fb44933cb08,3,0,0.0
dcd0562f8fb44933cb08,4,0,0.0
dcd0562f8fb44933cb08,5,19,30.16
dcd0562f8fb44933cb08,6,6,9.52
dcd0562f8fb44933cb08,7,0,0.0
dcd0562f8fb44933cb08,8,0,0.0
dcd0562f8fb44933cb08,9,0,0.0
dcd0562f8fb44933cb08,10,1,1.59
dcd0562f8fb44933cb08,11,22,34.92
dcd0562f8fb44933cb08,12,8,12.7
dcd0562f8fb44933cb08,13,5,7.94
dcd0562f8fb44933cb08,14,0,0.0
dcd0562f8fb44933cb08,15,2,3.17
dcd0562f8fb44933cb08,16,0,0.0
dcd0562f8fb44933cb08,17,0,0.0
dcd0562f8fb44933cb08,18,0,0.0
dcd0562f8fb44933cb08,19,0,0.0
dcd0562f8fb44933cb08,20,0,0.0
dcd0562f8fb44933cb08,21,0,0.0
dcd0562f8fb44933cb08,22,0,0.0
dcd0562f8fb44933cb08,23,0,0.0
7694d71417c2f5202940,0,0,0.0
7694d71417c2f5202940,1,0,0.0
7694d71417c2f5202940,2,0,0.0
7694d71417c2f5202940,3,11,7.33
7694d71417c2f5202940,4,19,12.67
7694d71417c2f5202940,5,0,0.0
7694d71417c2f5202940,6,0,0.0
7694d71417c2f5202940,7,4,2.67
7694d71417c2f5202940,8,12,8.0
7694d71417c2f5202940,9,3,2.0
7694d71417c2f5202940,10,7,4.67
7694d71417c2f5202940,11,3,2.0
7694d71417c2f5202940,12,5,3.33
7694d71417c2f5202940,13,0,0.0
7694d71417c2f5202940,14,17,11.33
7694d71417c2f5202940,15,65,43.33
7694d71417c2f5202940,16,4,2.67
7694d71417c2f5202940,17,0,0.0
7694d71417c2f5202940,18,0,0.0
7694d71417c2f5202940,19,0,0.0
7694d71417c2f5202940,20,0,0.0
7694d71417c2f5202940,21,0,0.0
7694d71417c2f5202940,22,0,0.0
7694d71417c2f5202940,23,0,0.0
3ba42ec5350aacb0750a,0,0,0.0
3ba42ec5350aacb0750a,1,1,0.42
3ba42ec5350aacb0750a,2,0,0.0
3ba42ec5350aacb0750a,3,5,2.1
3ba42ec5350aacb0750a,4,1,0.42
3ba42ec5350aacb0750a,5,4,1.68
3ba42ec5350aacb0750a,6,0,0.0
3ba42ec5350aacb0750a,7,15,6.3
3ba42ec5350aacb0750a,8,13,5.46
3ba42ec5350aacb0750a,9,27,11.34
3ba42ec5350aacb0750a,10,35,14.71
3ba42ec5350aacb0750a,11,46,19.33
3ba42ec5350aacb0750a,12,21,8.82
3ba42ec5350aacb0750a,13,20,8.4
3ba42ec5350aacb0750a,14,34,14.29
3ba42ec5350aacb0750a,15,8,3.36
3ba42ec5350aacb0750a,16,8,3.36
3ba42ec5350aacb0750a,17,0,0.0
3ba42ec5350aacb0750a,18,0,0.0
3ba42ec5350aacb0750a,19,0,0.0
3ba42ec5350aacb0750a,20,0,0.0
3ba42ec5350aacb0750a,21,0,0.0
3ba42ec5350aacb0750a,22,0,0.0
3ba42ec5350aacb0750a,23,0,0.0
e9b6fa8a87469779d732,0,0,0.0
e9b6fa8a87469779d732,1,0,0.0
e9b6fa8a87469779d732,2,19,11.88
e9b6fa8a87469779d732,3,21,13.12
e9b6fa8a87469779d732,4,3,1.88
e9b6fa8a87469779d732,5,1,0.62
e9b6fa8a87469779d732,6,6,3.75
e9b6fa8a87469779d732,7,2,1.25
e9b6fa8a87469779d732,8,6,3.75
e9b6fa8a87469779d732,9,1,0.62
e9b6fa8a87469779d732,10,18,11.25
e9b6fa8a87469779d732,11,3,1.88
e9b6fa8a87469779d732,12,18,11.25
e9b6fa8a87469779d732,13,28,17.5
e9b6fa8a87469779d732,14,8,5.0
e9b6fa8a87469779d732,15,20,12.5
e9b6fa8a87469779d732,16,6,3.75
e9b6fa8a87469779d732,17,0,0.0
e9b6fa8a87469779d732,18,0,0.0
e9b6fa8a87469779d732,19,0,0.0
e9b6fa8a87469779d732,20,0,0.0
e9b6fa8a87469779d732,21,0,0.0
e9b6fa8a87469779d732,22,0,0.0
e9b6fa8a87469779d732,23,0,0.0
cafe5989da5dfed9f404,0,3,1.22
cafe5989da5dfed9f404,1,14,5.69
cafe5989da5dfed9f404,2,17,6.91
cafe5989da5dfed9f404,3,31,12.6
cafe5989da5dfed9f404,4,2,0.81
cafe5989da5dfed9f404,5,1,0.41
cafe5989da5dfed9f404,6,0,0.0
cafe5989da5dfed9f404,7,5,2.03
cafe5989da5dfed9f404,8,8,3.25
cafe5989da5dfed9f404,9,13,5.28
cafe5989da5dfed9f404,10,2,0.81
cafe5989da5dfed9f404,11,26,10.57
cafe5989da5dfed9f404,12,11,4.47
cafe5989da5dfed9f404,13,36,14.63
cafe5989da5dfed9f404,14,29,11.79
cafe5989da5dfed9f404,15,13,5.28
cafe5989da5dfed9f404,16,30,12.2
cafe5989da5dfed9f404,17,4,1.63
cafe5989da5dfed9f404,18,1,0.41
cafe5989da5dfed9f404,19,0,0.0
cafe5989da5dfed9f404,20,0,0.0
cafe5989da5dfed9f404,21,0,0.0
cafe5989da5dfed9f404,22,0,0.0
cafe5989da5dfed9f404,23,0,0.0
d52b119f8da2a1812722,0,0,0.0
d52b119f8da2a1812722,1,0,0.0
d52b119f8da2a1812722,2,0,0.0
d52b119f8da2a1812722,3,0,0.0
d52b119f8da2a1812722,4,0,0.0
d52b119f8da2a1812722,5,0,0.0
d52b119f8da2a1812722,6,0,0.0
d52b119f8da2a1812722,7,0,0.0
d52b119f8da2a1812722,8,0,0.0
d52b119f8da2a1812722,9,12,9.92
d52b119f8da2a1812722,10,12,9.92
d52b119f8da2a1812722,11,20,16.53
d52b119f8da2a1812722,12,13,10.74
d52b119f8da2a1812722,13,13,10.74
d52b119f8da2a1812722,14,50,41.32
d52b119f8da2a1812722,15,1,0.83
d52b119f8da2a1812722,16,0,0.0
d52b119f8da2a1812722,17,0,0.0
d52b119f8da2a1812722,18,0,0.0
d52b119f8da2a1812722,19,0,0.0
d52b119f8da2a1812722,20,0,0.0
d52b119f8da2a1812722,21,0,0.0
d52b119f8da2a1812722,22,0,0.0
d52b119f8da2a1812722,23,0,0.0
11dae4659d30031a10dd,0,0,0.0
11dae4659d30031a10dd,1,0,0.0
11dae4659d30031a10dd,2,3,2.07
11dae4659d30031a10dd,3,3,2.07
11dae4659d30031a10dd,4,0,0.0
11dae4659d30031a10dd,5,1,0.69
11dae4659d30031a10dd,6,15,10.34
11dae4659d30031a10dd,7,6,4.14
11dae4659d30031a10dd,8,4,2.76
11dae4659d30031a10dd,9,15,10.34
11dae4659d30031a10dd,10,10,6.9
11dae4659d30031a10dd,11,1,0.69
11dae4659d30031a10dd,12,4,2.76
11dae4659d30031a10dd,13,23,15.86
11dae4659d30031a10dd,14,32,22.07
11dae4659d30031a10dd,15,28,19.31
11dae4659d30031a10dd,16,0,0.0
11dae4659d30031a10dd,17,0,0.0
11dae4659d30031a10dd,18,0,0.0
11dae4659d30031a10dd,19,0,0.0
11dae4659d30031a10dd,20,0,0.0
11dae4659d30031a10dd,21,0,0.0
11dae4659d30031a10dd,22,0,0.0
11dae4659d30031a10dd,23,0,0.0
ec4897070f2d3b6eab89,0,3,3.16
ec4897070f2d3b6eab89,1,0,0.0
ec4897070f2d3b6eab89,2,6,6.32
ec4897070f2d3b6eab89,3,6,6.32
ec4897070f2d3b6eab89,4,0,0.0
ec4897070f2d3b6eab89,5,11,11.58
ec4897070f2d3b6eab89,6,1,1.05
ec4897070f2d3b6eab89,7,1,1.05
ec4897070f2d3b6eab89,8,10,10.53
ec4897070f2d3b6eab89,9,1,1.05
ec4897070f2d3b6eab89,10,0,0.0
ec4897070f2d3b6eab89,11,6,6.32
ec4897070f2d3b6eab89,12,3,3.16
ec4897070f2d3b6eab89,13,13,13.68
ec4897070f2d3b6eab89,14,16,16.84
ec4897070f2d3b6eab89,15,15,15.79
ec4897070f2d3b6eab89,16,0,0.0
ec4897070f2d3b6eab89,17,0,0.0
ec4897070f2d3b6eab89,18,0,0.0
ec4897070f2d3b6eab89,19,0,0.0
ec4897070f2d3b6eab89,20,0,0.0
ec4897070f2d3b6eab89,21,0,0.0
ec4897070f2d3b6eab89,22,0,0.0
ec4897070f2d3b6eab89,23,3,3.16
a3a0e2129e405aef3d87,0,0,0.0
a3a0e2129e405aef3d87,1,0,0.0
a3a0e2129e405aef3d87,2,1,1.52
a3a0e2129e405aef3d87,3,1,1.52
a3a0e2129e405aef3d87,4,1,1.52
a3a0e2129e405aef3d87,5,2,3.03
a3a0e2129e405aef3d87,6,8,12.12
a3a0e2129e405aef3d87,7,15,22.73
a3a0e2129e405aef3d87,8,3,4.55
a3a0e2129e405aef3d87,9,7,10.61
a3a0e2129e405aef3d87,10,0,0.0
a3a0e2129e405aef3d87,11,7,10.61
a3a0e2129e405aef3d87,12,5,7.58
a3a0e2129e405aef3d87,13,1,1.52
a3a0e2129e405aef3d87,14,4,6.06
a3a0e2129e405aef3d87,15,8,12.12
a3a0e2129e405aef3d87,16,3,4.55
a3a0e2129e405aef3d87,17,0,0.0
a3a0e2129e405aef3d87,18,0,0.0
a3a0e2129e405aef3d87,19,0,0.0
a3a0e2129e405aef3d87,20,0,0.0
a3a0e2129e405aef3d87,21,0,0.0
a3a0e2129e405aef3d87,22,0,0.0
a3a0e2129e405aef3d87,23,0,0.0
a06fdb8743c4d4ef09fe,0,0,0.0
a06fdb8743c4d4ef09fe,1,0,0.0
a06fdb8743c4d4ef09fe,2,0,0.0
a06fdb8743c4d4ef09fe,3,0,0.0
a06fdb8743c4d4ef09fe,4,1,1.19
a06fdb8743c4d4ef09fe,5,8,9.52
a06fdb8743c4d4ef09fe,6,4,4.76
a06fdb8743c4d4ef09fe,7,12,14.29
a06fdb8743c4d4ef09fe,8,20,23.81
a06fdb8743c4d4ef09fe,9,10,11.9
a06fdb8743c4d4ef09fe,10,5,5.95
a06fdb8743c4d4ef09fe,11,7,8.33
a06fdb8743c4d4ef09fe,12,2,2.38
a06fdb8743c4d4ef09fe,13,9,10.71
a06fdb8743c4d4ef09fe,14,4,4.76
a06fdb8743c4d4ef09fe,15,2,2.38
a06fdb8743c4d4ef09fe,16,0,0.0
a06fdb8743c4d4ef09fe,17,0,0.0
a06fdb8743c4d4ef09fe,18,0,0.0
a06fdb8743c4d4ef09fe,19,0,0.0
a06fdb8743c4d4ef09fe,20,0,0.0
a06fdb8743c4d4ef09fe,21,0,0.0
a06fdb8743c4d4ef09fe,22,0,0.0
a06fdb8743c4d4ef09fe,23,0,0.0
3ff069e95a9047dbfa8b,0,1,0.56
3ff069e95a9047dbfa8b,1,20,11.17
3ff069e95a9047dbfa8b,2,16,8.94
3ff069e95a9047dbfa8b,3,11,6.15
3ff069e95a9047dbfa8b,4,1,0.56
3ff069e95a9047dbfa8b,5,0,0.0
3ff069e95a9047dbfa8b,6,0,0.0
3ff069e95a9047dbfa8b,7,3,1.68
3ff069e95a9047dbfa8b,8,21,11.73
3ff069e95a9047dbfa8b,9,4,2.23
3ff069e95a9047dbfa8b,10,20,11.17
3ff069e95a9047dbfa8b,11,10,5.59
3ff069e95a9047dbfa8b,12,38,21.23
3ff069e95a9047dbfa8b,13,16,8.94
3ff069e95a9047dbfa8b,14,2,1.12
3ff069e95a9047dbfa8b,15,6,3.35
3ff069e95a9047dbfa8b,16,0,0.0
3ff069e95a9047dbfa8b,17,0,0.0
3ff069e95a9047dbfa8b,18,0,0.0
3ff069e95a9047dbfa8b,19,0,0.0
3ff069e95a9047dbfa8b,20,0,0.0
3ff069e95a9047dbfa8b,21,0,0.0
3ff069e95a9047dbfa8b,22,1,0.56
3ff069e95a9047dbfa8b,23,9,5.03
016226278e6a69e10aa4,0,1,0.56
016226278e6a69e10aa4,1,12,6.74
016226278e6a69e10aa4,2,39,21.91
016226278e6a69e10aa4,3,5,2.81
016226278e6a69e10aa4,4,1,0.56
016226278e6a69e10aa4,5,1,0.56
016226278e6a69e10aa4,6,0,0.0
016226278e6a69e10aa4,7,1,0.56
016226278e6a69e10aa4,8,17,9.55
016226278e6a69e10aa4,9,7,3.93
016226278e6a69e10aa4,10,13,7.3
016226278e6a69e10aa4,11,1,0.56
016226278e6a69e10aa4,12,9,5.06
016226278e6a69e10aa4,13,41,23.03
016226278e6a69e10aa4,14,24,13.48
016226278e6a69e10aa4,15,6,3.37
016226278e6a69e10aa4,16,0,0.0
016226278e6a69e10aa4,17,0,0.0
016226278e6a69e10aa4,18,0,0.0
016226278e6a69e10aa4,19,0,0.0
016226278e6a69e10aa4,20,0,0.0
016226278e6a69e10aa4,21,0,0.0
016226278e6a69e10aa4,22,0,0.0
016226278e6a69e10aa4,23,0,0.0
7c1d8516e6c2ab2d3030,0,0,0.0
7c1d8516e6c2ab2d3030,1,0,0.0
7c1d8516e6c2ab2d3030,2,0,0.0
7c1d8516e6c2ab2d3030,3,0,0.0
7c1d8516e6c2ab2d3030,4,0,0.0
7c1d8516e6c2ab2d3030,5,0,0.0
7c1d8516e6c2ab2d3030,6,10,14.29
7c1d8516e6c2ab2d3030,7,0,0.0
7c1d8516e6c2ab2d3030,8,13,18.57
7c1d8516e6c2ab2d3030,9,1,1.43
7c1d8516e6c2ab2d3030,10,1,1.43
7c1d8516e6c2ab2d3030,11,0,0.0
7c1d8516e6c2ab2d3030,12,40,57.14
7c1d8516e6c2ab2d3030,13,5,7.14
7c1d8516e6c2ab2d3030,14,0,0.0
7c1d8516e6c2ab2d3030,15,0,0.0
7c1d8516e6c2ab2d3030,16,0,0.0
7c1d8516e6c2ab2d3030,17,0,0.0
7c1d8516e6c2ab2d3030,18,0,0.0
7c1d8516e6c2ab2d3030,19,0,0.0
7c1d8516e6c2ab2d3030,20,0,0.0
7c1d8516e6c2ab2d3030,21,0,0.0
7c1d8516e6c2ab2d3030,22,0,0.0
7c1d8516e6c2ab2d3030,23,0,0.0
453d43b3f6bdf467e672,0,0,0.0
453d43b3f6bdf467e672,1,0,0.0
453d43b3f6bdf467e672,2,11,5.09
453d43b3f6bdf467e672,3,5,2.31
453d43b3f6bdf467e672,4,9,4.17
453d43b3f6bdf467e672,5,2,0.93
453d43b3f6bdf467e672,6,0,0.0
453d43b3f6bdf467e672,7,6,2.78
453d43b3f6bdf467e672,8,37,17.13
453d43b3f6bdf467e672,9,22,10.19
453d43b3f6bdf467e672,10,13,6.02
453d43b3f6bdf467e672,11,15,6.94
453d43b3f6bdf467e672,12,21,9.72
453d43b3f6bdf467e672,13,39,18.06
453d43b3f6bdf467e672,14,14,6.48
453d43b3f6bdf467e672,15,14,6.48
453d43b3f6bdf467e672,16,8,3.7
453d43b3f6bdf467e672,17,0,0.0
453d43b3f6bdf467e672,18,0,0.0
453d43b3f6bdf467e672,19,0,0.0
453d43b3f6bdf467e672,20,0,0.0
453d43b3f6bdf467e672,21,0,0.0
453d43b3f6bdf467e672,22,0,0.0
453d43b3f6bdf467e672,23,0,0.0
6fe309a58b787e7010eb,0,0,0.0
6fe309a58b787e7010eb,1,0,0.0
6fe309a58b787e7010eb,2,5,2.53
6fe309a58b787e7010eb,3,2,1.01
6fe309a58b787e7010eb,4,6,3.03
6fe309a58b787e7010eb,5,1,0.51
6fe309a58b787e7010eb,6,2,1.01
6fe309a58b787e7010eb,7,7,3.54
6fe309a58b787e7010eb,8,25,12.63
6fe309a58b787e7010eb,9,10,5.05
6fe309a58b787e7010eb,10,4,2.02
6fe309a58b787e7010eb,11,18,9.09
6fe309a58b787e7010eb,12,33,16.67
6fe309a58b787e7010eb,13,14,7.07
6fe309a58b787e7010eb,14,46,23.23
6fe309a58b787e7010eb,15,25,12.63
6fe309a58b787e7010eb,16,0,0.0
6fe309a58b787e7010eb,17,0,0.0
6fe309a58b787e7010eb,18,0,0.0
6fe309a58b787e7010eb,19,0,0.0
6fe309a58b787e7010eb,20,0,0.0
6fe309a58b787e7010eb,21,0,0.0
6fe309a58b787e7010eb,22,0,0.0
6fe309a58b787e7010eb,23,0,0.0
d8ed5a1897987ffdeaed,0,1,0.9
d8ed5a1897987ffdeaed,1,3,2.7
d8ed5a1897987ffdeaed,2,2,1.8
d8ed5a1897987ffdeaed,3,4,3.6
d8ed5a1897987ffdeaed,4,0,0.0
d8ed5a1897987ffdeaed,5,3,2.7
d8ed5a1897987ffdeaed,6,2,1.8
d8ed5a1897987ffdeaed,7,2,1.8
d8ed5a1897987ffdeaed,8,6,5.41
d8ed5a1897987ffdeaed,9,3,2.7
d8ed5a1897987ffdeaed,10,19,17.12
d8ed5a1897987ffdeaed,11,30,27.03
d8ed5a1897987ffdeaed,12,20,18.02
d8ed5a1897987ffdeaed,13,8,7.21
d8ed5a1897987ffdeaed,14,2,1.8
d8ed5a1897987ffdeaed,15,5,4.5
d8ed5a1897987ffdeaed,16,0,0.0
d8ed5a1897987ffdeaed,17,0,0.0
d8ed5a1897987ffdeaed,18,0,0.0
d8ed5a1897987ffdeaed,19,0,0.0
d8ed5a1897987ffdeaed,20,0,0.0
d8ed5a1897987ffdeaed,21,0,0.0
d8ed5a1897987ffdeaed,22,0,0.0
d8ed5a1897987ffdeaed,23,1,0.9
99a53846658ba3341de6,0,1,1.3
99a53846658ba3341de6,1,3,3.9
99a53846658ba3341de6,2,2,2.6
99a53846658ba3341de6,3,1,1.3
99a53846658ba3341de6,4,6,7.79
99a53846658ba3341de6,5,1,1.3
99a53846658ba3341de6,6,5,6.49
99a53846658ba3341de6,7,7,9.09
99a53846658ba3341de6,8,8,10.39
99a53846658ba3341de6,9,7,9.09
99a53846658ba3341de6,10,4,5.19
99a53846658ba3341de6,11,4,5.19
99a53846658ba3341de6,12,6,7.79
99a53846658ba3341de6,13,7,9.09
99a53846658ba3341de6,14,15,19.48
99a53846658ba3341de6,15,0,0.0
99a53846658ba3341de6,16,0,0.0
99a53846658ba3341de6,17,0,0.0
99a53846658ba3341de6,18,0,0.0
99a53846658ba3341de6,19,0,0.0
99a53846658ba3341de6,20,0,0.0
99a53846658ba3341de6,21,0,0.0
99a53846658ba3341de6,22,0,0.0
99a53846658ba3341de6,23,0,0.0
3919286d3d8c4f4d339c,0,4,2.92
3919286d3d8c4f4d339c,1,9,6.57
3919286d3d8c4f4d339c,2,0,0.0
3919286d3d8c4f4d339c,3,5,3.65
3919286d3d8c4f4d339c,4,2,1.46
3919286d3d8c4f4d339c,5,0,0.0
3919286d3d8c4f4d339c,6,4,2.92
3919286d3d8c4f4d339c,7,0,0.0
3919286d3d8c4f4d339c,8,0,0.0
3919286d3d8c4f4d339c,9,4,2.92
3919286d3d8c4f4d339c,10,14,10.22
3919286d3d8c4f4d339c,11,19,13.87
3919286d3d8c4f4d339c,12,21,15.33
3919286d3d8c4f4d339c,13,27,19.71
3919286d3d8c4f4d339c,14,24,17.52
3919286d3d8c4f4d339c,15,4,2.92
3919286d3d8c4f4d339c,16,0,0.0
3919286d3d8c4f4d339c,17,0,0.0
3919286d3d8c4f4d339c,18,0,0.0
3919286d3d8c4f4d339c,19,0,0.0
3919286d3d8c4f4d339c,20,0,0.0
3919286d3d8c4f4d339c,21,0,0.0
3919286d3d8c4f4d339c,22,0,0.0
3919286d3d8c4f4d339c,23,0,0.0
4a6e1cf1e4e9d8f54717,0,0,0.0
4a6e1cf1e4e9d8f54717,1,0,0.0
4a6e1cf1e4e9d8f54717,2,0,0.0
4a6e1cf1e4e9d8f54717,3,0,0.0
4a6e1cf1e4e9d8f54717,4,0,0.0
4a6e1cf1e4e9d8f54717,5,0,0.0
4a6e1cf1e4e9d8f54717,6,0,0.0
4a6e1cf1e4e9d8f54717,7,0,0.0
4a6e1cf1e4e9d8f54717,8,16,28.07
4a6e1cf1e4e9d8f54717,9,5,8.77
4a6e1cf1e4e9d8f54717,10,0,0.0
4a6e1cf1e4e9d8f54717,11,0,0.0
4a6e1cf1e4e9d8f54717,12,1,1.75
4a6e1cf1e4e9d8f54717,13,13,22.81
4a6e1cf1e4e9d8f54717,14,17,29.82
4a6e1cf1e4e9d8f54717,15,5,8.77
4a6e1cf1e4e9d8f54717,16,0,0.0
4a6e1cf1e4e9d8f54717,17,0,0.0
4a6e1cf1e4e9d8f54717,18,0,0.0
4a6e1cf1e4e9d8f54717,19,0,0.0
4a6e1cf1e4e9d8f54717,20,0,0.0
4a6e1cf1e4e9d8f54717,21,0,0.0
4a6e1cf1e4e9d8f54717,22,0,0.0
4a6e1cf1e4e9d8f54717,23,0,0.0
0fc996fff93c00ca5ced,0,0,0.0
0fc996fff93c00ca5ced,1,23,7.69
0fc996fff93c00ca5ced,2,77,25.75
0fc996fff93c00ca5ced,3,24,8.03
0fc996fff93c00ca5ced,4,6,2.01
0fc996fff93c00ca5ced,5,3,1.0
0fc996fff93c00ca5ced,6,7,2.34
0fc996fff93c00ca5ced,7,3,1.0
0fc996fff93c00ca5ced,8,16,5.35
0fc996fff93c00ca5ced,9,8,2.68
0fc996fff93c00ca5ced,10,34,11.37
0fc996fff93c00ca5ced,11,27,9.03
0fc996fff93c00ca5ced,12,9,3.01
0fc996fff93c00ca5ced,13,18,6.02
0fc996fff93c00ca5ced,14,8,2.68
0fc996fff93c00ca5ced,15,30,10.03
0fc996fff93c00ca5ced,16,6,2.01
0fc996fff93c00ca5ced,17,0,0.0
0fc996fff93c00ca5ced,18,0,0.0
0fc996fff93c00ca5ced,19,0,0.0
0fc996fff93c00ca5ced,20,0,0.0
0fc996fff93c00ca5ced,21,0,0.0
0fc996fff93c00ca5ced,22,0,0.0
0fc996fff93c00ca5ced,23,0,0.0
aa83cf5fc68c1dcb5038,0,0,0.0
aa83cf5fc68c1dcb5038,1,0,0.0
aa83cf5fc68c1dcb5038,2,1,0.78
aa83cf5fc68c1dcb5038,3,0,0.0
aa83cf5fc68c1dcb5038,4,6,4.69
aa83cf5fc68c1dcb5038,5,0,0.0
aa83cf5fc68c1dcb5038,6,0,0.0
aa83cf5fc68c1dcb5038,7,0,0.0
aa83cf5fc68c1dcb5038,8,0,0.0
aa83cf5fc68c1dcb5038,9,1,0.78
aa83cf5fc68c1dcb5038,10,4,3.12
aa83cf5fc68c1dcb5038,11,34,26.56
aa83cf5fc68c1dcb5038,12,20,15.62
aa83cf5fc68c1dcb5038,13,28,21.88
aa83cf5fc68c1dcb5038,14,20,15.62
aa83cf5fc68c1dcb5038,15,11,8.59
aa83cf5fc68c1dcb5038,16,3,2.34
aa83cf5fc68c1dcb5038,17,0,0.0
aa83cf5fc68c1dcb5038,18,0,0.0
aa83cf5fc68c1dcb5038,19,0,0.0
aa83cf5fc68c1dcb5038,20,0,0.0
aa83cf5fc68c1dcb5038,21,0,0.0
aa83cf5fc68c1dcb5038,22,0,0.0
aa83cf5fc68c1dcb5038,23,0,0.0
c9c946fe211251af32d1,0,0,0.0
c9c946fe211251af32d1,1,0,0.0
c9c946fe211251af32d1,2,4,3.36
c9c946fe211251af32d1,3,0,0.0
c9c946fe211251af32d1,4,4,3.36
c9c946fe211251af32d1,5,24,20.17
c9c946fe211251af32d1,6,15,12.61
c9c946fe211251af32d1,7,14,11.76
c9c946fe211251af32d1,8,14,11.76
c9c946fe211251af32d1,9,17,14.29
c9c946fe211251af32d1,10,8,6.72
c9c946fe211251af32d1,11,0,0.0
c9c946fe211251af32d1,12,0,0.0
c9c946fe211251af32d1,13,5,4.2
c9c946fe211251af32d1,14,13,10.92
c9c946fe211251af32d1,15,1,0.84
c9c946fe211251af32d1,16,0,0.0
c9c946fe211251af32d1,17,0,0.0
c9c946fe211251af32d1,18,0,0.0
c9c946fe211251af32d1,19,0,0.0
c9c946fe211251af32d1,20,0,0.0
c9c946fe211251af32d1,21,0,0.0
c9c946fe211251af32d1,22,0,0.0
c9c946fe211251af32d1,23,0,0.0
bb3328d3b1eecb5e1a8a,0,0,0.0
bb3328d3b1eecb5e1a8a,1,4,1.26
bb3328d3b1eecb5e1a8a,2,0,0.0
bb3328d3b1eecb5e1a8a,3,1,0.31
bb3328d3b1eecb5e1a8a,4,24,7.55
bb3328d3b1eecb5e1a8a,5,0,0.0
bb3328d3b1eecb5e1a8a,6,0,0.0
bb3328d3b1eecb5e1a8a,7,2,0.63
bb3328d3b1eecb5e1a8a,8,26,8.18
bb3328d3b1eecb5e1a8a,9,19,5.97
bb3328d3b1eecb5e1a8a,10,29,9.12
bb3328d3b1eecb5e1a8a,11,23,7.23
bb3328d3b1eecb5e1a8a,12,70,22.01
bb3328d3b1eecb5e1a8a,13,45,14.15
bb3328d3b1eecb5e1a8a,14,52,16.35
bb3328d3b1eecb5e1a8a,15,23,7.23
bb3328d3b1eecb5e1a8a,16,0,0.0
bb3328d3b1eecb5e1a8a,17,0,0.0
bb3328d3b1eecb5e1a8a,18,0,0.0
bb3328d3b1eecb5e1a8a,19,0,0.0
bb3328d3b1eecb5e1a8a,20,0,0.0
bb3328d3b1eecb5e1a8a,21,0,0.0
bb3328d3b1eecb5e1a8a,22,0,0.0
bb3328d3b1eecb5e1a8a,23,0,0.0
5f7b406b2bbf9789735f,0,0,0.0
5f7b406b2bbf9789735f,1,0,0.0
5f7b406b2bbf9789735f,2,0,0.0
5f7b406b2bbf9789735f,3,0,0.0
5f7b406b2bbf9789735f,4,0,0.0
5f7b406b2bbf9789735f,5,1,1.22
5f7b406b2bbf9789735f,6,13,15.85
5f7b406b2bbf9789735f,7,0,0.0
5f7b406b2bbf9789735f,8,8,9.76
5f7b406b2bbf9789735f,9,0,0.0
5f7b406b2bbf9789735f,10,0,0.0
5f7b406b2bbf9789735f,11,18,21.95
5f7b406b2bbf9789735f,12,3,3.66
5f7b406b2bbf9789735f,13,2,2.44
5f7b406b2bbf9789735f,14,31,37.8
5f7b406b2bbf9789735f,15,5,6.1
5f7b406b2bbf9789735f,16,0,0.0
5f7b406b2bbf9789735f,17,0,0.0
5f7b406b2bbf9789735f,18,0,0.0
5f7b406b2bbf9789735f,19,0,0.0
5f7b406b2bbf9789735f,20,0,0.0
5f7b406b2bbf9789735f,21,0,0.0
5f7b406b2bbf9789735f,22,0,0.0
5f7b406b2bbf9789735f,23,1,1.22
61de1e21015e07aacbe8,0,0,0.0
61de1e21015e07aacbe8,1,17,5.11
61de1e21015e07aacbe8,2,4,1.2
61de1e21015e07aacbe8,3,8,2.4
61de1e21015e07aacbe8,4,17,5.11
61de1e21015e07aacbe8,5,9,2.7
61de1e21015e07aacbe8,6,2,0.6
61de1e21015e07aacbe8,7,11,3.3
61de1e21015e07aacbe8,8,22,6.61
61de1e21015e07aacbe8,9,31,9.31
61de1e21015e07aacbe8,10,24,7.21
61de1e21015e07aacbe8,11,16,4.8
61de1e21015e07aacbe8,12,12,3.6
61de1e21015e07aacbe8,13,38,11.41
61de1e21015e07aacbe8,14,79,23.72
61de1e21015e07aacbe8,15,42,12.61
61de1e21015e07aacbe8,16,0,0.0
61de1e21015e07aacbe8,17,0,0.0
61de1e21015e07aacbe8,18,0,0.0
61de1e21015e07aacbe8,19,0,0.0
61de1e21015e07aacbe8,20,0,0.0
61de1e21015e07aacbe8,21,0,0.0
61de1e21015e07aacbe8,22,1,0.3
61de1e21015e07aacbe8,23,0,0.0
5m6lgwi0mkqs8ilg3qqs,0,4,4.94
5m6lgwi0mkqs8ilg3qqs,1,8,9.88
5m6lgwi0mkqs8ilg3qqs,2,0,0.0
5m6lgwi0mkqs8ilg3qqs,3,5,6.17
5m6lgwi0mkqs8ilg3qqs,4,3,3.7
5m6lgwi0mkqs8ilg3qqs,5,10,12.35
5m6lgwi0mkqs8ilg3qqs,6,1,1.23
5m6lgwi0mkqs8ilg3qqs,7,14,17.28
5m6lgwi0mkqs8ilg3qqs,8,15,18.52
5m6lgwi0mkqs8ilg3qqs,9,16,19.75
5m6lgwi0mkqs8ilg3qqs,10,0,0.0
5m6lgwi0mkqs8ilg3qqs,11,3,3.7
5m6lgwi0mkqs8ilg3qqs,12,2,2.47
5m6lgwi0mkqs8ilg3qqs,13,0,0.0
5m6lgwi0mkqs8ilg3qqs,14,0,0.0
5m6lgwi0mkqs8ilg3qqs,15,0,0.0
5m6lgwi0mkqs8ilg3qqs,16,0,0.0
5m6lgwi0mkqs8ilg3qqs,17,0,0.0
5m6lgwi0mkqs8ilg3qqs,18,0,0.0
5m6lgwi0mkqs8ilg3qqs,19,0,0.0
5m6lgwi0mkqs8ilg3qqs,20,0,0.0
5m6lgwi0mkqs8ilg3qqs,21,0,0.0
5m6lgwi0mkqs8ilg3qqs,22,0,0.0
5m6lgwi0mkqs8ilg3qqs,23,0,0.0
d1e44a91dd4f37c03d43,0,0,0.0
d1e44a91dd4f37c03d43,1,9,8.41
d1e44a91dd4f37c03d43,2,0,0.0
d1e44a91dd4f37c03d43,3,0,0.0
d1e44a91dd4f37c03d43,4,5,4.67
d1e44a91dd4f37c03d43,5,4,3.74
d1e44a91dd4f37c03d43,6,11,10.28
d1e44a91dd4f37c03d43,7,3,2.8
d1e44a91dd4f37c03d43,8,15,14.02
d1e44a91dd4f37c03d43,9,2,1.87
d1e44a91dd4f37c03d43,10,0,0.0
d1e44a91dd4f37c03d43,11,2,1.87
d1e44a91dd4f37c03d43,12,3,2.8
d1e44a91dd4f37c03d43,13,30,28.04
d1e44a91dd4f37c03d43,14,5,4.67
d1e44a91dd4f37c03d43,15,18,16.82
d1e44a91dd4f37c03d43,16,0,0.0
d1e44a91dd4f37c03d43,17,0,0.0
d1e44a91dd4f37c03d43,18,0,0.0
d1e44a91dd4f37c03d43,19,0,0.0
d1e44a91dd4f37c03d43,20,0,0.0
d1e44a91dd4f37c03d43,21,0,0.0
d1e44a91dd4f37c03d43,22,0,0.0
d1e44a91dd4f37c03d43,23,0,0.0
7bb37669654dedc7e397,0,0,0.0
7bb37669654dedc7e397,1,0,0.0
7bb37669654dedc7e397,2,0,0.0
7bb37669654dedc7e397,3,0,0.0
7bb37669654dedc7e397,4,8,7.69
7bb37669654dedc7e397,5,1,0.96
7bb37669654dedc7e397,6,11,10.58
7bb37669654dedc7e397,7,13,12.5
7bb37669654dedc7e397,8,9,8.65
7bb37669654dedc7e397,9,6,5.77
7bb37669654dedc7e397,10,20,19.23
7bb37669654dedc7e397,11,10,9.62
7bb37669654dedc7e397,12,3,2.88
7bb37669654dedc7e397,13,4,3.85
7bb37669654dedc7e397,14,14,13.46
7bb37669654dedc7e397,15,5,4.81
7bb37669654dedc7e397,16,0,0.0
7bb37669654dedc7e397,17,0,0.0
7bb37669654dedc7e397,18,0,0.0
7bb37669654dedc7e397,19,0,0.0
7bb37669654dedc7e397,20,0,0.0
7bb37669654dedc7e397,21,0,0.0
7bb37669654dedc7e397,22,0,0.0
7bb37669654dedc7e397,23,0,0.0
061db2c91f94c612f2d4,0,0,0.0
061db2c91f94c612f2d4,1,1,1.67
061db2c91f94c612f2d4,2,4,6.67
061db2c91f94c612f2d4,3,2,3.33
061db2c91f94c612f2d4,4,0,0.0
061db2c91f94c612f2d4,5,0,0.0
061db2c91f94c612f2d4,6,0,0.0
061db2c91f94c612f2d4,7,0,0.0
061db2c91f94c612f2d4,8,0,0.0
061db2c91f94c612f2d4,9,0,0.0
061db2c91f94c612f2d4,10,1,1.67
061db2c91f94c612f2d4,11,3,5.0
061db2c91f94c612f2d4,12,7,11.67
061db2c91f94c612f2d4,13,9,15.0
061db2c91f94c612f2d4,14,13,21.67
061db2c91f94c612f2d4,15,16,26.67
061db2c91f94c612f2d4,16,2,3.33
061db2c91f94c612f2d4,17,2,3.33
061db2c91f94c612f2d4,18,0,0.0
061db2c91f94c612f2d4,19,0,0.0
061db2c91f94c612f2d4,20,0,0.0
061db2c91f94c612f2d4,21,0,0.0
061db2c91f94c612f2d4,22,0,0.0
061db2c91f94c612f2d4,23,0,0.0
76fe2c19fa84d58b584b,0,0,0.0
76fe2c19fa84d58b584b,1,0,0.0
76fe2c19fa84d58b584b,2,0,0.0
76fe2c19fa84d58b584b,3,7,4.79
76fe2c19fa84d58b584b,4,7,4.79
76fe2c19fa84d58b584b,5,5,3.42
76fe2c19fa84d58b584b,6,15,10.27
76fe2c19fa84d58b584b,7,2,1.37
76fe2c19fa84d58b584b,8,8,5.48
76fe2c19fa84d58b584b,9,1,0.68
76fe2c19fa84d58b584b,10,26,17.81
76fe2c19fa84d58b584b,11,22,15.07
76fe2c19fa84d58b584b,12,4,2.74
76fe2c19fa84d58b584b,13,36,24.66
76fe2c19fa84d58b584b,14,13,8.9
76fe2c19fa84d58b584b,15,0,0.0
76fe2c19fa84d58b584b,16,0,0.0
76fe2c19fa84d58b584b,17,0,0.0
76fe2c19fa84d58b584b,18,0,0.0
76fe2c19fa84d58b584b,19,0,0.0
76fe2c19fa84d58b584b,20,0,0.0
76fe2c19fa84d58b584b,21,0,0.0
76fe2c19fa84d58b584b,22,0,0.0
76fe2c19fa84d58b584b,23,0,0.0
f36a755a3fa5db5c0743,0,0,0.0
f36a755a3fa5db5c0743,1,1,0.86
f36a755a3fa5db5c0743,2,10,8.62
f36a755a3fa5db5c0743,3,0,0.0
f36a755a3fa5db5c0743,4,0,0.0
f36a755a3fa5db5c0743,5,0,0.0
f36a755a3fa5db5c0743,6,0,0.0
f36a755a3fa5db5c0743,7,7,6.03
f36a755a3fa5db5c0743,8,7,6.03
f36a755a3fa5db5c0743,9,4,3.45
f36a755a3fa5db5c0743,10,15,12.93
f36a755a3fa5db5c0743,11,10,8.62
f36a755a3fa5db5c0743,12,13,11.21
f36a755a3fa5db5c0743,13,21,18.1
f36a755a3fa5db5c0743,14,15,12.93
f36a755a3fa5db5c0743,15,8,6.9
f36a755a3fa5db5c0743,16,5,4.31
f36a755a3fa5db5c0743,17,0,0.0
f36a755a3fa5db5c0743,18,0,0.0
f36a755a3fa5db5c0743,19,0,0.0
f36a755a3fa5db5c0743,20,0,0.0
f36a755a3fa5db5c0743,21,0,0.0
f36a755a3fa5db5c0743,22,0,0.0
f36a755a3fa5db5c0743,23,0,0.0
cf7f9c2c6872be9bf2d6,0,2,1.21
cf7f9c2c6872be9bf2d6,1,25,15.15
cf7f9c2c6872be9bf2d6,2,17,10.3
cf7f9c2c6872be9bf2d6,3,35,21.21
cf7f9c2c6872be9bf2d6,4,1,0.61
cf7f9c2c6872be9bf2d6,5,0,0.0
cf7f9c2c6872be9bf2d6,6,9,5.45
cf7f9c2c6872be9bf2d6,7,0,0.0
cf7f9c2c6872be9bf2d6,8,0,0.0
cf7f9c2c6872be9bf2d6,9,7,4.24
cf7f9c2c6872be9bf2d6,10,16,9.7
cf7f9c2c6872be9bf2d6,11,16,9.7
cf7f9c2c6872be9bf2d6,12,20,12.12
cf7f9c2c6872be9bf2d6,13,10,6.06
cf7f9c2c6872be9bf2d6,14,5,3.03
cf7f9c2c6872be9bf2d6,15,2,1.21
cf7f9c2c6872be9bf2d6,16,0,0.0
cf7f9c2c6872be9bf2d6,17,0,0.0
cf7f9c2c6872be9bf2d6,18,0,0.0
cf7f9c2c6872be9bf2d6,19,0,0.0
cf7f9c2c6872be9bf2d6,20,0,0.0
cf7f9c2c6872be9bf2d6,21,0,0.0
cf7f9c2c6872be9bf2d6,22,0,0.0
cf7f9c2c6872be9bf2d6,23,0,0.0
b8162292f2171005c2ba,0,0,0.0
b8162292f2171005c2ba,1,14,8.43
b8162292f2171005c2ba,2,6,3.61
b8162292f2171005c2ba,3,6,3.61
b8162292f2171005c2ba,4,9,5.42
b8162292f2171005c2ba,5,4,2.41
b8162292f2171005c2ba,6,6,3.61
b8162292f2171005c2ba,7,5,3.01
b8162292f2171005c2ba,8,3,1.81
b8162292f2171005c2ba,9,12,7.23
b8162292f2171005c2ba,10,22,13.25
b8162292f2171005c2ba,11,42,25.3
b8162292f2171005c2ba,12,7,4.22
b8162292f2171005c2ba,13,3,1.81
b8162292f2171005c2ba,14,24,14.46
b8162292f2171005c2ba,15,3,1.81
b8162292f2171005c2ba,16,0,0.0
b8162292f2171005c2ba,17,0,0.0
b8162292f2171005c2ba,18,0,0.0
b8162292f2171005c2ba,19,0,0.0
b8162292f2171005c2ba,20,0,0.0
b8162292f2171005c2ba,21,0,0.0
b8162292f2171005c2ba,22,0,0.0
b8162292f2171005c2ba,23,0,0.0
a8350dcececa0b02dd14,0,0,0.0
a8350dcececa0b02dd14,1,0,0.0
a8350dcececa0b02dd14,2,0,0.0
a8350dcececa0b02dd14,3,3,1.97
a8350dcececa0b02dd14,4,15,9.87
a8350dcececa0b02dd14,5,0,0.0
a8350dcececa0b02dd14,6,8,5.26
a8350dcececa0b02dd14,7,1,0.66
a8350dcececa0b02dd14,8,13,8.55
a8350dcececa0b02dd14,9,4,2.63
a8350dcececa0b02dd14,10,4,2.63
a8350dcececa0b02dd14,11,33,21.71
a8350dcececa0b02dd14,12,29,19.08
a8350dcececa0b02dd14,13,6,3.95
a8350dcececa0b02dd14,14,11,7.24
a8350dcececa0b02dd14,15,8,5.26
a8350dcececa0b02dd14,16,0,0.0
a8350dcececa0b02dd14,17,17,11.18
a8350dcececa0b02dd14,18,0,0.0
a8350dcececa0b02dd14,19,0,0.0
a8350dcececa0b02dd14,20,0,0.0
a8350dcececa0b02dd14,21,0,0.0
a8350dcececa0b02dd14,22,0,0.0
a8350dcececa0b02dd14,23,0,0.0
c99e6802625540e4d1e2,0,0,0.0
c99e6802625540e4d1e2,1,0,0.0
c99e6802625540e4d1e2,2,0,0.0
c99e6802625540e4d1e2,3,0,0.0
c99e6802625540e4d1e2,4,0,0.0
c99e6802625540e4d1e2,5,1,1.25
c99e6802625540e4d1e2,6,0,0.0
c99e6802625540e4d1e2,7,1,1.25
c99e6802625540e4d1e2,8,0,0.0
c99e6802625540e4d1e2,9,0,0.0
c99e6802625540e4d1e2,10,0,0.0
c99e6802625540e4d1e2,11,7,8.75
c99e6802625540e4d1e2,12,8,10.0
c99e6802625540e4d1e2,13,18,22.5
c99e6802625540e4d1e2,14,16,20.0
c99e6802625540e4d1e2,15,4,5.0
c99e6802625540e4d1e2,16,17,21.25
c99e6802625540e4d1e2,17,8,10.0
c99e6802625540e4d1e2,18,0,0.0
c99e6802625540e4d1e2,19,0,0.0
c99e6802625540e4d1e2,20,0,0.0
c99e6802625540e4d1e2,21,0,0.0
c99e6802625540e4d1e2,22,0,0.0
c99e6802625540e4d1e2,23,0,0.0
cade7d478dac7020a79b,0,0,0.0
cade7d478dac7020a79b,1,0,0.0
cade7d478dac7020a79b,2,0,0.0
cade7d478dac7020a79b,3,3,2.59
cade7d478dac7020a79b,4,15,12.93
cade7d478dac7020a79b,5,4,3.45
cade7d478dac7020a79b,6,0,0.0
cade7d478dac7020a79b,7,12,10.34
cade7d478dac7020a79b,8,3,2.59
cade7d478dac7020a79b,9,0,0.0
cade7d478dac7020a79b,10,0,0.0
cade7d478dac7020a79b,11,11,9.48
cade7d478dac7020a79b,12,5,4.31
cade7d478dac7020a79b,13,3,2.59
cade7d478dac7020a79b,14,19,16.38
cade7d478dac7020a79b,15,31,26.72
cade7d478dac7020a79b,16,10,8.62
cade7d478dac7020a79b,17,0,0.0
cade7d478dac7020a79b,18,0,0.0
cade7d478dac7020a79b,19,0,0.0
cade7d478dac7020a79b,20,0,0.0
cade7d478dac7020a79b,21,0,0.0
cade7d478dac7020a79b,22,0,0.0
cade7d478dac7020a79b,23,0,0.0
20f97b68982d1b2f5c73,0,0,0.0
20f97b68982d1b2f5c73,1,0,0.0
20f97b68982d1b2f5c73,2,0,0.0
20f97b68982d1b2f5c73,3,0,0.0
20f97b68982d1b2f5c73,4,0,0.0
20f97b68982d1b2f5c73,5,0,0.0
20f97b68982d1b2f5c73,6,0,0.0
20f97b68982d1b2f5c73,7,6,3.64
20f97b68982d1b2f5c73,8,10,6.06
20f97b68982d1b2f5c73,9,28,16.97
20f97b68982d1b2f5c73,10,21,12.73
20f97b68982d1b2f5c73,11,36,21.82
20f97b68982d1b2f5c73,12,7,4.24
20f97b68982d1b2f5c73,13,16,9.7
20f97b68982d1b2f5c73,14,31,18.79
20f97b68982d1b2f5c73,15,10,6.06
20f97b68982d1b2f5c73,16,0,0.0
20f97b68982d1b2f5c73,17,0,0.0
20f97b68982d1b2f5c73,18,0,0.0
20f97b68982d1b2f5c73,19,0,0.0
20f97b68982d1b2f5c73,20,0,0.0
20f97b68982d1b2f5c73,21,0,0.0
20f97b68982d1b2f5c73,22,0,0.0
20f97b68982d1b2f5c73,23,0,0.0
6d22912e7e93a96a8690,0,0,0.0
6d22912e7e93a96a8690,1,0,0.0
6d22912e7e93a96a8690,2,0,0.0
6d22912e7e93a96a8690,3,0,0.0
6d22912e7e93a96a8690,4,0,0.0
6d22912e7e93a96a8690,5,0,0.0
6d22912e7e93a96a8690,6,3,6.52
6d22912e7e93a96a8690,7,23,50.0
6d22912e7e93a96a8690,8,2,4.35
6d22912e7e93a96a8690,9,1,2.17
6d22912e7e93a96a8690,10,0,0.0
6d22912e7e93a96a8690,11,1,2.17
6d22912e7e93a96a8690,12,7,15.22
6d22912e7e93a96a8690,13,4,8.7
6d22912e7e93a96a8690,14,5,10.87
6d22912e7e93a96a8690,15,0,0.0
6d22912e7e93a96a8690,16,0,0.0
6d22912e7e93a96a8690,17,0,0.0
6d22912e7e93a96a8690,18,0,0.0
6d22912e7e93a96a8690,19,0,0.0
6d22912e7e93a96a8690,20,0,0.0
6d22912e7e93a96a8690,21,0,0.0
6d22912e7e93a96a8690,22,0,0.0
6d22912e7e93a96a8690,23,0,0.0
db0bcf208cbed26d0bfe,0,0,0.0
db0bcf208cbed26d0bfe,1,0,0.0
db0bcf208cbed26d0bfe,2,17,35.42
db0bcf208cbed26d0bfe,3,0,0.0
db0bcf208cbed26d0bfe,4,6,12.5
db0bcf208cbed26d0bfe,5,5,10.42
db0bcf208cbed26d0bfe,6,3,6.25
db0bcf208cbed26d0bfe,7,3,6.25
db0bcf208cbed26d0bfe,8,5,10.42
db0bcf208cbed26d0bfe,9,0,0.0
db0bcf208cbed26d0bfe,10,0,0.0
db0bcf208cbed26d0bfe,11,0,0.0
db0bcf208cbed26d0bfe,12,0,0.0
db0bcf208cbed26d0bfe,13,0,0.0
db0bcf208cbed26d0bfe,14,9,18.75
db0bcf208cbed26d0bfe,15,0,0.0
db0bcf208cbed26d0bfe,16,0,0.0
db0bcf208cbed26d0bfe,17,0,0.0
db0bcf208cbed26d0bfe,18,0,0.0
db0bcf208cbed26d0bfe,19,0,0.0
db0bcf208cbed26d0bfe,20,0,0.0
db0bcf208cbed26d0bfe,21,0,0.0
db0bcf208cbed26d0bfe,22,0,0.0
db0bcf208cbed26d0bfe,23,0,0.0
90f3fbedfce50f644011,0,0,0.0
90f3fbedfce50f644011,1,0,0.0
90f3fbedfce50f644011,2,18,4.97
90f3fbedfce50f644011,3,28,7.73
90f3fbedfce50f644011,4,33,9.12
90f3fbedfce50f644011,5,33,9.12
90f3fbedfce50f644011,6,11,3.04
90f3fbedfce50f644011,7,7,1.93
90f3fbedfce50f644011,8,26,7.18
90f3fbedfce50f644011,9,25,6.91
90f3fbedfce50f644011,10,2,0.55
90f3fbedfce50f644011,11,35,9.67
90f3fbedfce50f644011,12,16,4.42
90f3fbedfce50f644011,13,54,14.92
90f3fbedfce50f644011,14,58,16.02
90f3fbedfce50f644011,15,16,4.42
90f3fbedfce50f644011,16,0,0.0
90f3fbedfce50f644011,17,0,0.0
90f3fbedfce50f644011,18,0,0.0
90f3fbedfce50f644011,19,0,0.0
90f3fbedfce50f644011,20,0,0.0
90f3fbedfce50f644011,21,0,0.0
90f3fbedfce50f644011,22,0,0.0
90f3fbedfce50f644011,23,0,0.0
728a4a393899c37a5429,0,0,0.0
728a4a393899c37a5429,1,0,0.0
728a4a393899c37a5429,2,7,11.29
728a4a393899c37a5429,3,7,11.29
728a4a393899c37a5429,4,0,0.0
728a4a393899c37a5429,5,3,4.84
728a4a393899c37a5429,6,3,4.84
728a4a393899c37a5429,7,3,4.84
728a4a393899c37a5429,8,3,4.84
728a4a393899c37a5429,9,5,8.06
728a4a393899c37a5429,10,4,6.45
728a4a393899c37a5429,11,6,9.68
728a4a393899c37a5429,12,5,8.06
728a4a393899c37a5429,13,10,16.13
728a4a393899c37a5429,14,3,4.84
728a4a393899c37a5429,15,1,1.61
728a4a393899c37a5429,16,0,0.0
728a4a393899c37a5429,17,0,0.0
728a4a393899c37a5429,18,1,1.61
728a4a393899c37a5429,19,0,0.0
728a4a393899c37a5429,20,0,0.0
728a4a393899c37a5429,21,0,0.0
728a4a393899c37a5429,22,0,0.0
728a4a393899c37a5429,23,1,1.61
e3d0782396c346359a8f,0,2,1.94
e3d0782396c346359a8f,1,2,1.94
e3d0782396c346359a8f,2,0,0.0
e3d0782396c346359a8f,3,0,0.0
e3d0782396c346359a8f,4,0,0.0
e3d0782396c346359a8f,5,1,0.97
e3d0782396c346359a8f,6,0,0.0
e3d0782396c346359a8f,7,0,0.0
e3d0782396c346359a8f,8,0,0.0
e3d0782396c346359a8f,9,6,5.83
e3d0782396c346359a8f,10,0,0.0
e3d0782396c346359a8f,11,8,7.77
e3d0782396c346359a8f,12,28,27.18
e3d0782396c346359a8f,13,22,21.36
e3d0782396c346359a8f,14,31,30.1
e3d0782396c346359a8f,15,3,2.91
e3d0782396c346359a8f,16,0,0.0
e3d0782396c346359a8f,17,0,0.0
e3d0782396c346359a8f,18,0,0.0
e3d0782396c346359a8f,19,0,0.0
e3d0782396c346359a8f,20,0,0.0
e3d0782396c346359a8f,21,0,0.0
e3d0782396c346359a8f,22,0,0.0
e3d0782396c346359a8f,23,0,0.0
9d02a160cd171c5f4c18,0,0,0.0
9d02a160cd171c5f4c18,1,0,0.0
9d02a160cd171c5f4c18,2,0,0.0
9d02a160cd171c5f4c18,3,6,5.66
9d02a160cd171c5f4c18,4,4,3.77
9d02a160cd171c5f4c18,5,0,0.0
9d02a160cd171c5f4c18,6,0,0.0
9d02a160cd171c5f4c18,7,21,19.81
9d02a160cd171c5f4c18,8,28,26.42
9d02a160cd171c5f4c18,9,18,16.98
9d02a160cd171c5f4c18,10,13,12.26
9d02a160cd171c5f4c18,11,5,4.72
9d02a160cd171c5f4c18,12,11,10.38
9d02a160cd171c5f4c18,13,0,0.0
9d02a160cd171c5f4c18,14,0,0.0
9d02a160cd171c5f4c18,15,0,0.0
9d02a160cd171c5f4c18,16,0,0.0
9d02a160cd171c5f4c18,17,0,0.0
9d02a160cd171c5f4c18,18,0,0.0
9d02a160cd171c5f4c18,19,0,0.0
9d02a160cd171c5f4c18,20,0,0.0
9d02a160cd171c5f4c18,21,0,0.0
9d02a160cd171c5f4c18,22,0,0.0
9d02a160cd171c5f4c18,23,0,0.0
9952cc289c9f690621ec,0,0,0.0
9952cc289c9f690621ec,1,0,0.0
9952cc289c9f690621ec,2,6,7.5
9952cc289c9f690621ec,3,3,3.75
9952cc289c9f690621ec,4,3,3.75
9952cc289c9f690621ec,5,0,0.0
9952cc289c9f690621ec,6,2,2.5
9952cc289c9f690621ec,7,13,16.25
9952cc289c9f690621ec,8,19,23.75
9952cc289c9f690621ec,9,8,10.0
9952cc289c9f690621ec,10,9,11.25
9952cc289c9f690621ec,11,11,13.75
9952cc289c9f690621ec,12,1,1.25
9952cc289c9f690621ec,13,0,0.0
9952cc289c9f690621ec,14,3,3.75
9952cc289c9f690621ec,15,2,2.5
9952cc289c9f690621ec,16,0,0.0
9952cc289c9f690621ec,17,0,0.0
9952cc289c9f690621ec,18,0,0.0
9952cc289c9f690621ec,19,0,0.0
9952cc289c9f690621ec,20,0,0.0
9952cc289c9f690621ec,21,0,0.0
9952cc289c9f690621ec,22,0,0.0
9952cc289c9f690621ec,23,0,0.0
0c57caf5358d30408034,0,0,0.0
0c57caf5358d30408034,1,0,0.0
0c57caf5358d30408034,2,0,0.0
0c57caf5358d30408034,3,0,0.0
0c57caf5358d30408034,4,0,0.0
0c57caf5358d30408034,5,0,0.0
0c57caf5358d30408034,6,0,0.0
0c57caf5358d30408034,7,0,0.0
0c57caf5358d30408034,8,0,0.0
0c57caf5358d30408034,9,25,17.73
0c57caf5358d30408034,10,16,11.35
0c57caf5358d30408034,11,0,0.0
0c57caf5358d30408034,12,8,5.67
0c57caf5358d30408034,13,40,28.37
0c57caf5358d30408034,14,49,34.75
0c57caf5358d30408034,15,3,2.13
0c57caf5358d30408034,16,0,0.0
0c57caf5358d30408034,17,0,0.0
0c57caf5358d30408034,18,0,0.0
0c57caf5358d30408034,19,0,0.0
0c57caf5358d30408034,20,0,0.0
0c57caf5358d30408034,21,0,0.0
0c57caf5358d30408034,22,0,0.0
0c57caf5358d30408034,23,0,0.0
93f451c36b535d39003d,0,0,0.0
93f451c36b535d39003d,1,0,0.0
93f451c36b535d39003d,2,12,23.08
93f451c36b535d39003d,3,11,21.15
93f451c36b535d39003d,4,16,30.77
93f451c36b535d39003d,5,1,1.92
93f451c36b535d39003d,6,2,3.85
93f451c36b535d39003d,7,4,7.69
93f451c36b535d39003d,8,6,11.54
93f451c36b535d39003d,9,0,0.0
93f451c36b535d39003d,10,0,0.0
93f451c36b535d39003d,11,0,0.0
93f451c36b535d39003d,12,0,0.0
93f451c36b535d39003d,13,0,0.0
93f451c36b535d39003d,14,0,0.0
93f451c36b535d39003d,15,0,0.0
93f451c36b535d39003d,16,0,0.0
93f451c36b535d39003d,17,0,0.0
93f451c36b535d39003d,18,0,0.0
93f451c36b535d39003d,19,0,0.0
93f451c36b535d39003d,20,0,0.0
93f451c36b535d39003d,21,0,0.0
93f451c36b535d39003d,22,0,0.0
93f451c36b535d39003d,23,0,0.0
ac4d829c715fb0c36ad5,0,0,0.0
ac4d829c715fb0c36ad5,1,0,0.0
ac4d829c715fb0c36ad5,2,0,0.0
ac4d829c715fb0c36ad5,3,0,0.0
ac4d829c715fb0c36ad5,4,5,11.63
ac4d829c715fb0c36ad5,5,0,0.0
ac4d829c715fb0c36ad5,6,0,0.0
ac4d829c715fb0c36ad5,7,0,0.0
ac4d829c715fb0c36ad5,8,0,0.0
ac4d829c715fb0c36ad5,9,8,18.6
ac4d829c715fb0c36ad5,10,0,0.0
ac4d829c715fb0c36ad5,11,0,0.0
ac4d829c715fb0c36ad5,12,10,23.26
ac4d829c715fb0c36ad5,13,0,0.0
ac4d829c715fb0c36ad5,14,0,0.0
ac4d829c715fb0c36ad5,15,0,0.0
ac4d829c715fb0c36ad5,16,2,4.65
ac4d829c715fb0c36ad5,17,18,41.86
ac4d829c715fb0c36ad5,18,0,0.0
ac4d829c715fb0c36ad5,19,0,0.0
ac4d829c715fb0c36ad5,20,0,0.0
ac4d829c715fb0c36ad5,21,0,0.0
ac4d829c715fb0c36ad5,22,0,0.0
ac4d829c715fb0c36ad5,23,0,0.0
0d4a3518a188f6888380,0,0,0.0
0d4a3518a188f6888380,1,0,0.0
0d4a3518a188f6888380,2,0,0.0
0d4a3518a188f6888380,3,0,0.0
0d4a3518a188f6888380,4,0,0.0
0d4a3518a188f6888380,5,50,100.0
0d4a3518a188f6888380,6,0,0.0
0d4a3518a188f6888380,7,0,0.0
0d4a3518a188f6888380,8,0,0.0
0d4a3518a188f6888380,9,0,0.0
0d4a3518a188f6888380,10,0,0.0
0d4a3518a188f6888380,11,0,0.0
0d4a3518a188f6888380,12,0,0.0
0d4a3518a188f6888380,13,0,0.0
0d4a3518a188f6888380,14,0,0.0
0d4a3518a188f6888380,15,0,0.0
0d4a3518a188f6888380,16,0,0.0
0d4a3518a188f6888380,17,0,0.0
0d4a3518a188f6888380,18,0,0.0
0d4a3518a188f6888380,19,0,0.0
0d4a3518a188f6888380,20,0,0.0
0d4a3518a188f6888380,21,0,0.0
0d4a3518a188f6888380,22,0,0.0
0d4a3518a188f6888380,23,0,0.0
fqcud1c5mt7pdp9w0v6y,0,0,0.0
fqcud1c5mt7pdp9w0v6y,1,1,1.14
fqcud1c5mt7pdp9w0v6y,2,7,7.95
fqcud1c5mt7pdp9w0v6y,3,6,6.82
fqcud1c5mt7pdp9w0v6y,4,4,4.55
fqcud1c5mt7pdp9w0v6y,5,3,3.41
fqcud1c5mt7pdp9w0v6y,6,3,3.41
fqcud1c5mt7pdp9w0v6y,7,3,3.41
fqcud1c5mt7pdp9w0v6y,8,4,4.55
fqcud1c5mt7pdp9w0v6y,9,3,3.41
fqcud1c5mt7pdp9w0v6y,10,6,6.82
fqcud1c5mt7pdp9w0v6y,11,7,7.95
fqcud1c5mt7pdp9w0v6y,12,12,13.64
fqcud1c5mt7pdp9w0v6y,13,12,13.64
fqcud1c5mt7pdp9w0v6y,14,9,10.23
fqcud1c5mt7pdp9w0v6y,15,4,4.55
fqcud1c5mt7pdp9w0v6y,16,2,2.27
fqcud1c5mt7pdp9w0v6y,17,2,2.27
fqcud1c5mt7pdp9w0v6y,18,0,0.0
fqcud1c5mt7pdp9w0v6y,19,0,0.0
fqcud1c5mt7pdp9w0v6y,20,0,0.0
fqcud1c5mt7pdp9w0v6y,21,0,0.0
fqcud1c5mt7pdp9w0v6y,22,0,0.0
fqcud1c5mt7pdp9w0v6y,23,0,0.0
rq44ojyrvdtad0tzsm32,0,1,0.81
rq44ojyrvdtad0tzsm32,1,1,0.81
rq44ojyrvdtad0tzsm32,2,5,4.07
rq44ojyrvdtad0tzsm32,3,5,4.07
rq44ojyrvdtad0tzsm32,4,4,3.25
rq44ojyrvdtad0tzsm32,5,3,2.44
rq44ojyrvdtad0tzsm32,6,2,1.63
rq44ojyrvdtad0tzsm32,7,3,2.44
rq44ojyrvdtad0tzsm32,8,13,10.57
rq44ojyrvdtad0tzsm32,9,6,4.88
rq44ojyrvdtad0tzsm32,10,10,8.13
rq44ojyrvdtad0tzsm32,11,15,12.2
rq44ojyrvdtad0tzsm32,12,8,6.5
rq44ojyrvdtad0tzsm32,13,15,12.2
rq44ojyrvdtad0tzsm32,14,14,11.38
rq44ojyrvdtad0tzsm32,15,14,11.38
rq44ojyrvdtad0tzsm32,16,2,1.63
rq44ojyrvdtad0tzsm32,17,1,0.81
rq44ojyrvdtad0tzsm32,18,0,0.0
rq44ojyrvdtad0tzsm32,19,0,0.0
rq44ojyrvdtad0tzsm32,20,0,0.0
rq44ojyrvdtad0tzsm32,21,0,0.0
rq44ojyrvdtad0tzsm32,22,0,0.0
rq44ojyrvdtad0tzsm32,23,1,0.81
h6miro3m8713s3dxuipr,0,1,1.01
h6miro3m8713s3dxuipr,1,4,4.04
h6miro3m8713s3dxuipr,2,5,5.05
h6miro3m8713s3dxuipr,3,1,1.01
h6miro3m8713s3dxuipr,4,8,8.08
h6miro3m8713s3dxuipr,5,1,1.01
h6miro3m8713s3dxuipr,6,0,0.0
h6miro3m8713s3dxuipr,7,5,5.05
h6miro3m8713s3dxuipr,8,9,9.09
h6miro3m8713s3dxuipr,9,8,8.08
h6miro3m8713s3dxuipr,10,7,7.07
h6miro3m8713s3dxuipr,11,9,9.09
h6miro3m8713s3dxuipr,12,5,5.05
h6miro3m8713s3dxuipr,13,6,6.06
h6miro3m8713s3dxuipr,14,18,18.18
h6miro3m8713s3dxuipr,15,7,7.07
h6miro3m8713s3dxuipr,16,2,2.02
h6miro3m8713s3dxuipr,17,2,2.02
h6miro3m8713s3dxuipr,18,0,0.0
h6miro3m8713s3dxuipr,19,0,0.0
h6miro3m8713s3dxuipr,20,0,0.0
h6miro3m8713s3dxuipr,21,0,0.0
h6miro3m8713s3dxuipr,22,0,0.0
h6miro3m8713s3dxuipr,23,1,1.01
lexte4gc3dvjb7ty0qf5,0,0,0.0
lexte4gc3dvjb7ty0qf5,1,5,5.0
lexte4gc3dvjb7ty0qf5,2,5,5.0
lexte4gc3dvjb7ty0qf5,3,5,5.0
lexte4gc3dvjb7ty0qf5,4,11,11.0
lexte4gc3dvjb7ty0qf5,5,5,5.0
lexte4gc3dvjb7ty0qf5,6,3,3.0
lexte4gc3dvjb7ty0qf5,7,2,2.0
lexte4gc3dvjb7ty0qf5,8,5,5.0
lexte4gc3dvjb7ty0qf5,9,3,3.0
lexte4gc3dvjb7ty0qf5,10,11,11.0
lexte4gc3dvjb7ty0qf5,11,10,10.0
lexte4gc3dvjb7ty0qf5,12,7,7.0
lexte4gc3dvjb7ty0qf5,13,9,9.0
lexte4gc3dvjb7ty0qf5,14,10,10.0
lexte4gc3dvjb7ty0qf5,15,6,6.0
lexte4gc3dvjb7ty0qf5,16,2,2.0
lexte4gc3dvjb7ty0qf5,17,1,1.0
lexte4gc3dvjb7ty0qf5,18,0,0.0
lexte4gc3dvjb7ty0qf5,19,0,0.0
lexte4gc3dvjb7ty0qf5,20,0,0.0
lexte4gc3dvjb7ty0qf5,21,0,0.0
lexte4gc3dvjb7ty0qf5,22,0,0.0
lexte4gc3dvjb7ty0qf5,23,0,0.0
6dx4zt62b8m37krb5l3n,0,1,0.86
6dx4zt62b8m37krb5l3n,1,2,1.72
6dx4zt62b8m37krb5l3n,2,8,6.9
6dx4zt62b8m37krb5l3n,3,3,2.59
6dx4zt62b8m37krb5l3n,4,4,3.45
6dx4zt62b8m37krb5l3n,5,4,3.45
6dx4zt62b8m37krb5l3n,6,4,3.45
6dx4zt62b8m37krb5l3n,7,6,5.17
6dx4zt62b8m37krb5l3n,8,8,6.9
6dx4zt62b8m37krb5l3n,9,4,3.45
6dx4zt62b8m37krb5l3n,10,9,7.76
6dx4zt62b8m37krb5l3n,11,14,12.07
6dx4zt62b8m37krb5l3n,12,13,11.21
6dx4zt62b8m37krb5l3n,13,14,12.07
6dx4zt62b8m37krb5l3n,14,14,12.07
6dx4zt62b8m37krb5l3n,15,5,4.31
6dx4zt62b8m37krb5l3n,16,2,1.72
6dx4zt62b8m37krb5l3n,17,1,0.86
6dx4zt62b8m37krb5l3n,18,0,0.0
6dx4zt62b8m37krb5l3n,19,0,0.0
6dx4zt62b8m37krb5l3n,20,0,0.0
6dx4zt62b8m37krb5l3n,21,0,0.0
6dx4zt62b8m37krb5l3n,22,0,0.0
6dx4zt62b8m37krb5l3n,23,0,0.0
oi7j42phxrp4mc1n9h4b,0,0,0.0
oi7j42phxrp4mc1n9h4b,1,5,5.56
oi7j42phxrp4mc1n9h4b,2,8,8.89
oi7j42phxrp4mc1n9h4b,3,2,2.22
oi7j42phxrp4mc1n9h4b,4,2,2.22
oi7j42phxrp4mc1n9h4b,5,1,1.11
oi7j42phxrp4mc1n9h4b,6,4,4.44
oi7j42phxrp4mc1n9h4b,7,5,5.56
oi7j42phxrp4mc1n9h4b,8,8,8.89
oi7j42phxrp4mc1n9h4b,9,6,6.67
oi7j42phxrp4mc1n9h4b,10,5,5.56
oi7j42phxrp4mc1n9h4b,11,7,7.78
oi7j42phxrp4mc1n9h4b,12,6,6.67
oi7j42phxrp4mc1n9h4b,13,8,8.89
oi7j42phxrp4mc1n9h4b,14,13,14.44
oi7j42phxrp4mc1n9h4b,15,6,6.67
oi7j42phxrp4mc1n9h4b,16,4,4.44
oi7j42phxrp4mc1n9h4b,17,0,0.0
oi7j42phxrp4mc1n9h4b,18,0,0.0
oi7j42phxrp4mc1n9h4b,19,0,0.0
oi7j42phxrp4mc1n9h4b,20,0,0.0
oi7j42phxrp4mc1n9h4b,21,0,0.0
oi7j42phxrp4mc1n9h4b,22,0,0.0
oi7j42phxrp4mc1n9h4b,23,0,0.0
i5hexmb5zlzhd8lvwdv3,0,0,0.0
i5hexmb5zlzhd8lvwdv3,1,2,2.3
i5hexmb5zlzhd8lvwdv3,2,6,6.9
i5hexmb5zlzhd8lvwdv3,3,4,4.6
i5hexmb5zlzhd8lvwdv3,4,4,4.6
i5hexmb5zlzhd8lvwdv3,5,1,1.15
i5hexmb5zlzhd8lvwdv3,6,1,1.15
i5hexmb5zlzhd8lvwdv3,7,2,2.3
i5hexmb5zlzhd8lvwdv3,8,7,8.05
i5hexmb5zlzhd8lvwdv3,9,6,6.9
i5hexmb5zlzhd8lvwdv3,10,7,8.05
i5hexmb5zlzhd8lvwdv3,11,7,8.05
i5hexmb5zlzhd8lvwdv3,12,10,11.49
i5hexmb5zlzhd8lvwdv3,13,10,11.49
i5hexmb5zlzhd8lvwdv3,14,12,13.79
i5hexmb5zlzhd8lvwdv3,15,7,8.05
i5hexmb5zlzhd8lvwdv3,16,1,1.15
i5hexmb5zlzhd8lvwdv3,17,0,0.0
i5hexmb5zlzhd8lvwdv3,18,0,0.0
i5hexmb5zlzhd8lvwdv3,19,0,0.0
i5hexmb5zlzhd8lvwdv3,20,0,0.0
i5hexmb5zlzhd8lvwdv3,21,0,0.0
i5hexmb5zlzhd8lvwdv3,22,0,0.0
i5hexmb5zlzhd8lvwdv3,23,0,0.0
cp4d94b2v0ws6am7mvuw,0,1,1.12
cp4d94b2v0ws6am7mvuw,1,0,0.0
cp4d94b2v0ws6am7mvuw,2,4,4.49
cp4d94b2v0ws6am7mvuw,3,3,3.37
cp4d94b2v0ws6am7mvuw,4,6,6.74
cp4d94b2v0ws6am7mvuw,5,1,1.12
cp4d94b2v0ws6am7mvuw,6,2,2.25
cp4d94b2v0ws6am7mvuw,7,4,4.49
cp4d94b2v0ws6am7mvuw,8,7,7.87
cp4d94b2v0ws6am7mvuw,9,2,2.25
cp4d94b2v0ws6am7mvuw,10,7,7.87
cp4d94b2v0ws6am7mvuw,11,12,13.48
cp4d94b2v0ws6am7mvuw,12,14,15.73
cp4d94b2v0ws6am7mvuw,13,6,6.74
cp4d94b2v0ws6am7mvuw,14,9,10.11
cp4d94b2v0ws6am7mvuw,15,8,8.99
cp4d94b2v0ws6am7mvuw,16,2,2.25
cp4d94b2v0ws6am7mvuw,17,1,1.12
cp4d94b2v0ws6am7mvuw,18,0,0.0
cp4d94b2v0ws6am7mvuw,19,0,0.0
cp4d94b2v0ws6am7mvuw,20,0,0.0
cp4d94b2v0ws6am7mvuw,21,0,0.0
cp4d94b2v0ws6am7mvuw,22,0,0.0
cp4d94b2v0ws6am7mvuw,23,0,0.0
6cxj0lsinp9d7215gtpe,0,0,0.0
6cxj0lsinp9d7215gtpe,1,2,1.71
6cxj0lsinp9d7215gtpe,2,4,3.42
6cxj0lsinp9d7215gtpe,3,4,3.42
6cxj0lsinp9d7215gtpe,4,6,5.13
6cxj0lsinp9d7215gtpe,5,1,0.85
6cxj0lsinp9d7215gtpe,6,0,0.0
6cxj0lsinp9d7215gtpe,7,5,4.27
6cxj0lsinp9d7215gtpe,8,9,7.69
6cxj0lsinp9d7215gtpe,9,9,7.69
6cxj0lsinp9d7215gtpe,10,8,6.84
6cxj0lsinp9d7215gtpe,11,10,8.55
6cxj0lsinp9d7215gtpe,12,15,12.82
6cxj0lsinp9d7215gtpe,13,15,12.82
6cxj0lsinp9d7215gtpe,14,21,17.95
6cxj0lsinp9d7215gtpe,15,5,4.27
6cxj0lsinp9d7215gtpe,16,3,2.56
6cxj0lsinp9d7215gtpe,17,0,0.0
6cxj0lsinp9d7215gtpe,18,0,0.0
6cxj0lsinp9d7215gtpe,19,0,0.0
6cxj0lsinp9d7215gtpe,20,0,0.0
6cxj0lsinp9d7215gtpe,21,0,0.0
6cxj0lsinp9d7215gtpe,22,0,0.0
6cxj0lsinp9d7215gtpe,23,0,0.0
t7x7ydt3u1cd2svfvk4q,0,0,0.0
t7x7ydt3u1cd2svfvk4q,1,4,3.96
t7x7ydt3u1cd2svfvk4q,2,5,4.95
t7x7ydt3u1cd2svfvk4q,3,1,0.99
t7x7ydt3u1cd2svfvk4q,4,3,2.97
t7x7ydt3u1cd2svfvk4q,5,5,4.95
t7x7ydt3u1cd2svfvk4q,6,2,1.98
t7x7ydt3u1cd2svfvk4q,7,4,3.96
t7x7ydt3u1cd2svfvk4q,8,5,4.95
t7x7ydt3u1cd2svfvk4q,9,5,4.95
t7x7ydt3u1cd2svfvk4q,10,8,7.92
t7x7ydt3u1cd2svfvk4q,11,10,9.9
t7x7ydt3u1cd2svfvk4q,12,7,6.93
t7x7ydt3u1cd2svfvk4q,13,24,23.76
t7x7ydt3u1cd2svfvk4q,14,8,7.92
t7x7ydt3u1cd2svfvk4q,15,7,6.93
t7x7ydt3u1cd2svfvk4q,16,3,2.97
t7x7ydt3u1cd2svfvk4q,17,0,0.0
t7x7ydt3u1cd2svfvk4q,18,0,0.0
t7x7ydt3u1cd2svfvk4q,19,0,0.0
t7x7ydt3u1cd2svfvk4q,20,0,0.0
t7x7ydt3u1cd2svfvk4q,21,0,0.0
t7x7ydt3u1cd2svfvk4q,22,0,0.0
t7x7ydt3u1cd2svfvk4q,23,0,0.0
6iag08nt7se7f2hkgzx4,0,0,0.0
6iag08nt7se7f2hkgzx4,1,2,1.96
6iag08nt7se7f2hkgzx4,2,6,5.88
6iag08nt7se7f2hkgzx4,3,3,2.94
6iag08nt7se7f2hkgzx4,4,5,4.9
6iag08nt7se7f2hkgzx4,5,4,3.92
6iag08nt7se7f2hkgzx4,6,3,2.94
6iag08nt7se7f2hkgzx4,7,5,4.9
6iag08nt7se7f2hkgzx4,8,6,5.88
6iag08nt7se7f2hkgzx4,9,7,6.86
6iag08nt7se7f2hkgzx4,10,9,8.82
6iag08nt7se7f2hkgzx4,11,15,14.71
6iag08nt7se7f2hkgzx4,12,5,4.9
6iag08nt7se7f2hkgzx4,13,11,10.78
6iag08nt7se7f2hkgzx4,14,14,13.73
6iag08nt7se7f2hkgzx4,15,5,4.9
6iag08nt7se7f2hkgzx4,16,2,1.96
6iag08nt7se7f2hkgzx4,17,0,0.0
6iag08nt7se7f2hkgzx4,18,0,0.0
6iag08nt7se7f2hkgzx4,19,0,0.0
6iag08nt7se7f2hkgzx4,20,0,0.0
6iag08nt7se7f2hkgzx4,21,0,0.0
6iag08nt7se7f2hkgzx4,22,0,0.0
6iag08nt7se7f2hkgzx4,23,0,0.0
d3tt41de5iashfjr1txr,0,0,0.0
d3tt41de5iashfjr1txr,1,4,4.26
d3tt41de5iashfjr1txr,2,9,9.57
d3tt41de5iashfjr1txr,3,1,1.06
d3tt41de5iashfjr1txr,4,6,6.38
d3tt41de5iashfjr1txr,5,1,1.06
d3tt41de5iashfjr1txr,6,3,3.19
d3tt41de5iashfjr1txr,7,0,0.0
d3tt41de5iashfjr1txr,8,9,9.57
d3tt41de5iashfjr1txr,9,7,7.45
d3tt41de5iashfjr1txr,10,8,8.51
d3tt41de5iashfjr1txr,11,13,13.83
d3tt41de5iashfjr1txr,12,5,5.32
d3tt41de5iashfjr1txr,13,7,7.45
d3tt41de5iashfjr1txr,14,12,12.77
d3tt41de5iashfjr1txr,15,9,9.57
d3tt41de5iashfjr1txr,16,0,0.0
d3tt41de5iashfjr1txr,17,0,0.0
d3tt41de5iashfjr1txr,18,0,0.0
d3tt41de5iashfjr1txr,19,0,0.0
d3tt41de5iashfjr1txr,20,0,0.0
d3tt41de5iashfjr1txr,21,0,0.0
d3tt41de5iashfjr1txr,22,0,0.0
d3tt41de5iashfjr1txr,23,0,0.0
uk8sadmdmw8p7e22l2yr,0,1,0.78
uk8sadmdmw8p7e22l2yr,1,5,3.88
uk8sadmdmw8p7e22l2yr,2,8,6.2
uk8sadmdmw8p7e22l2yr,3,2,1.55
uk8sadmdmw8p7e22l2yr,4,5,3.88
uk8sadmdmw8p7e22l2yr,5,3,2.33
uk8sadmdmw8p7e22l2yr,6,4,3.1
uk8sadmdmw8p7e22l2yr,7,3,2.33
uk8sadmdmw8p7e22l2yr,8,8,6.2
uk8sadmdmw8p7e22l2yr,9,7,5.43
uk8sadmdmw8p7e22l2yr,10,8,6.2
uk8sadmdmw8p7e22l2yr,11,7,5.43
uk8sadmdmw8p7e22l2yr,12,12,9.3
uk8sadmdmw8p7e22l2yr,13,19,14.73
uk8sadmdmw8p7e22l2yr,14,21,16.28
uk8sadmdmw8p7e22l2yr,15,10,7.75
uk8sadmdmw8p7e22l2yr,16,3,2.33
uk8sadmdmw8p7e22l2yr,17,3,2.33
uk8sadmdmw8p7e22l2yr,18,0,0.0
uk8sadmdmw8p7e22l2yr,19,0,0.0
uk8sadmdmw8p7e22l2yr,20,0,0.0
uk8sadmdmw8p7e22l2yr,21,0,0.0
uk8sadmdmw8p7e22l2yr,22,0,0.0
uk8sadmdmw8p7e22l2yr,23,0,0.0
svxexhg20hs3bbqd4fm7,0,0,0.0
svxexhg20hs3bbqd4fm7,1,1,0.98
svxexhg20hs3bbqd4fm7,2,6,5.88
svxexhg20hs3bbqd4fm7,3,3,2.94
svxexhg20hs3bbqd4fm7,4,4,3.92
svxexhg20hs3bbqd4fm7,5,6,5.88
svxexhg20hs3bbqd4fm7,6,3,2.94
svxexhg20hs3bbqd4fm7,7,8,7.84
svxexhg20hs3bbqd4fm7,8,10,9.8
svxexhg20hs3bbqd4fm7,9,1,0.98
svxexhg20hs3bbqd4fm7,10,5,4.9
svxexhg20hs3bbqd4fm7,11,15,14.71
svxexhg20hs3bbqd4fm7,12,11,10.78
svxexhg20hs3bbqd4fm7,13,11,10.78
svxexhg20hs3bbqd4fm7,14,11,10.78
svxexhg20hs3bbqd4fm7,15,4,3.92
svxexhg20hs3bbqd4fm7,16,1,0.98
svxexhg20hs3bbqd4fm7,17,2,1.96
svxexhg20hs3bbqd4fm7,18,0,0.0
svxexhg20hs3bbqd4fm7,19,0,0.0
svxexhg20hs3bbqd4fm7,20,0,0.0
svxexhg20hs3bbqd4fm7,21,0,0.0
svxexhg20hs3bbqd4fm7,22,0,0.0
svxexhg20hs3bbqd4fm7,23,0,0.0
3p34idi1traz2k8j0ulk,0,0,0.0
3p34idi1traz2k8j0ulk,1,1,0.92
3p34idi1traz2k8j0ulk,2,5,4.59
3p34idi1traz2k8j0ulk,3,5,4.59
3p34idi1traz2k8j0ulk,4,1,0.92
3p34idi1traz2k8j0ulk,5,2,1.83
3p34idi1traz2k8j0ulk,6,4,3.67
3p34idi1traz2k8j0ulk,7,1,0.92
3p34idi1traz2k8j0ulk,8,12,11.01
3p34idi1traz2k8j0ulk,9,14,12.84
3p34idi1traz2k8j0ulk,10,10,9.17
3p34idi1traz2k8j0ulk,11,9,8.26
3p34idi1traz2k8j0ulk,12,11,10.09
3p34idi1traz2k8j0ulk,13,11,10.09
3p34idi1traz2k8j0ulk,14,16,14.68
3p34idi1traz2k8j0ulk,15,5,4.59
3p34idi1traz2k8j0ulk,16,2,1.83
3p34idi1traz2k8j0ulk,17,0,0.0
3p34idi1traz2k8j0ulk,18,0,0.0
3p34idi1traz2k8j0ulk,19,0,0.0
3p34idi1traz2k8j0ulk,20,0,0.0
3p34idi1traz2k8j0ulk,21,0,0.0
3p34idi1traz2k8j0ulk,22,0,0.0
3p34idi1traz2k8j0ulk,23,0,0.0
t9a891e0764br5ujna1a,0,0,0.0
t9a891e0764br5ujna1a,1,1,0.93
t9a891e0764br5ujna1a,2,4,3.7
t9a891e0764br5ujna1a,3,4,3.7
t9a891e0764br5ujna1a,4,3,2.78
t9a891e0764br5ujna1a,5,4,3.7
t9a891e0764br5ujna1a,6,7,6.48
t9a891e0764br5ujna1a,7,3,2.78
t9a891e0764br5ujna1a,8,6,5.56
t9a891e0764br5ujna1a,9,6,5.56
t9a891e0764br5ujna1a,10,13,12.04
t9a891e0764br5ujna1a,11,15,13.89
t9a891e0764br5ujna1a,12,6,5.56
t9a891e0764br5ujna1a,13,12,11.11
t9a891e0764br5ujna1a,14,15,13.89
t9a891e0764br5ujna1a,15,7,6.48
t9a891e0764br5ujna1a,16,0,0.0
t9a891e0764br5ujna1a,17,1,0.93
t9a891e0764br5ujna1a,18,0,0.0
t9a891e0764br5ujna1a,19,0,0.0
t9a891e0764br5ujna1a,20,0,0.0
t9a891e0764br5ujna1a,21,0,0.0
t9a891e0764br5ujna1a,22,0,0.0
t9a891e0764br5ujna1a,23,1,0.93
zeuj820acn6zhcbx617v,0,0,0.0
zeuj820acn6zhcbx617v,1,5,4.24
zeuj820acn6zhcbx617v,2,3,2.54
zeuj820acn6zhcbx617v,3,8,6.78
zeuj820acn6zhcbx617v,4,4,3.39
zeuj820acn6zhcbx617v,5,7,5.93
zeuj820acn6zhcbx617v,6,3,2.54
zeuj820acn6zhcbx617v,7,6,5.08
zeuj820acn6zhcbx617v,8,9,7.63
zeuj820acn6zhcbx617v,9,11,9.32
zeuj820acn6zhcbx617v,10,8,6.78
zeuj820acn6zhcbx617v,11,11,9.32
zeuj820acn6zhcbx617v,12,12,10.17
zeuj820acn6zhcbx617v,13,13,11.02
zeuj820acn6zhcbx617v,14,14,11.86
zeuj820acn6zhcbx617v,15,2,1.69
zeuj820acn6zhcbx617v,16,2,1.69
zeuj820acn6zhcbx617v,17,0,0.0
zeuj820acn6zhcbx617v,18,0,0.0
zeuj820acn6zhcbx617v,19,0,0.0
zeuj820acn6zhcbx617v,20,0,0.0
zeuj820acn6zhcbx617v,21,0,0.0
zeuj820acn6zhcbx617v,22,0,0.0
zeuj820acn6zhcbx617v,23,0,0.0
i1fr7kd71b2ni39kn958,0,0,0.0
i1fr7kd71b2ni39kn958,1,2,2.17
i1fr7kd71b2ni39kn958,2,2,2.17
i1fr7kd71b2ni39kn958,3,7,7.61
i1fr7kd71b2ni39kn958,4,4,4.35
i1fr7kd71b2ni39kn958,5,2,2.17
i1fr7kd71b2ni39kn958,6,2,2.17
i1fr7kd71b2ni39kn958,7,5,5.43
i1fr7kd71b2ni39kn958,8,3,3.26
i1fr7kd71b2ni39kn958,9,6,6.52
i1fr7kd71b2ni39kn958,10,7,7.61
i1fr7kd71b2ni39kn958,11,9,9.78
i1fr7kd71b2ni39kn958,12,10,10.87
i1fr7kd71b2ni39kn958,13,9,9.78
i1fr7kd71b2ni39kn958,14,13,14.13
i1fr7kd71b2ni39kn958,15,8,8.7
i1fr7kd71b2ni39kn958,16,2,2.17
i1fr7kd71b2ni39kn958,17,1,1.09
i1fr7kd71b2ni39kn958,18,0,0.0
i1fr7kd71b2ni39kn958,19,0,0.0
i1fr7kd71b2ni39kn958,20,0,0.0
i1fr7kd71b2ni39kn958,21,0,0.0
i1fr7kd71b2ni39kn958,22,0,0.0
i1fr7kd71b2ni39kn958,23,0,0.0
tvsgkf4oqh769h40lj43,0,0,0.0
tvsgkf4oqh769h40lj43,1,4,3.42
tvsgkf4oqh769h40lj43,2,6,5.13
tvsgkf4oqh769h40lj43,3,6,5.13
tvsgkf4oqh769h40lj43,4,5,4.27
tvsgkf4oqh769h40lj43,5,7,5.98
tvsgkf4oqh769h40lj43,6,4,3.42
tvsgkf4oqh769h40lj43,7,8,6.84
tvsgkf4oqh769h40lj43,8,7,5.98
tvsgkf4oqh769h40lj43,9,6,5.13
tvsgkf4oqh769h40lj43,10,13,11.11
tvsgkf4oqh769h40lj43,11,7,5.98
tvsgkf4oqh769h40lj43,12,5,4.27
tvsgkf4oqh769h40lj43,13,12,10.26
tvsgkf4oqh769h40lj43,14,15,12.82
tvsgkf4oqh769h40lj43,15,10,8.55
tvsgkf4oqh769h40lj43,16,2,1.71
tvsgkf4oqh769h40lj43,17,0,0.0
tvsgkf4oqh769h40lj43,18,0,0.0
tvsgkf4oqh769h40lj43,19,0,0.0
tvsgkf4oqh769h40lj43,20,0,0.0
tvsgkf4oqh769h40lj43,21,0,0.0
tvsgkf4oqh769h40lj43,22,0,0.0
tvsgkf4oqh769h40lj43,23,0,0.0
buv73728fa9viqgrz5mj,0,0,0.0
buv73728fa9viqgrz5mj,1,1,1.06
buv73728fa9viqgrz5mj,2,7,7.45
buv73728fa9viqgrz5mj,3,4,4.26
buv73728fa9viqgrz5mj,4,1,1.06
buv73728fa9viqgrz5mj,5,0,0.0
buv73728fa9viqgrz5mj,6,2,2.13
buv73728fa9viqgrz5mj,7,4,4.26
buv73728fa9viqgrz5mj,8,6,6.38
buv73728fa9viqgrz5mj,9,9,9.57
buv73728fa9viqgrz5mj,10,8,8.51
buv73728fa9viqgrz5mj,11,12,12.77
buv73728fa9viqgrz5mj,12,8,8.51
buv73728fa9viqgrz5mj,13,10,10.64
buv73728fa9viqgrz5mj,14,11,11.7
buv73728fa9viqgrz5mj,15,6,6.38
buv73728fa9viqgrz5mj,16,4,4.26
buv73728fa9viqgrz5mj,17,1,1.06
buv73728fa9viqgrz5mj,18,0,0.0
buv73728fa9viqgrz5mj,19,0,0.0
buv73728fa9viqgrz5mj,20,0,0.0
buv73728fa9viqgrz5mj,21,0,0.0
buv73728fa9viqgrz5mj,22,0,0.0
buv73728fa9viqgrz5mj,23,0,0.0
w1uwjc89gv68yxkutpoe,0,0,0.0
w1uwjc89gv68yxkutpoe,1,4,4.4
w1uwjc89gv68yxkutpoe,2,4,4.4
w1uwjc89gv68yxkutpoe,3,3,3.3
w1uwjc89gv68yxkutpoe,4,3,3.3
w1uwjc89gv68yxkutpoe,5,1,1.1
w1uwjc89gv68yxkutpoe,6,5,5.49
w1uwjc89gv68yxkutpoe,7,3,3.3
w1uwjc89gv68yxkutpoe,8,6,6.59
w1uwjc89gv68yxkutpoe,9,7,7.69
w1uwjc89gv68yxkutpoe,10,15,16.48
w1uwjc89gv68yxkutpoe,11,8,8.79
w1uwjc89gv68yxkutpoe,12,11,12.09
w1uwjc89gv68yxkutpoe,13,8,8.79
w1uwjc89gv68yxkutpoe,14,9,9.89
w1uwjc89gv68yxkutpoe,15,3,3.3
w1uwjc89gv68yxkutpoe,16,1,1.1
w1uwjc89gv68yxkutpoe,17,0,0.0
w1uwjc89gv68yxkutpoe,18,0,0.0
w1uwjc89gv68yxkutpoe,19,0,0.0
w1uwjc89gv68yxkutpoe,20,0,0.0
w1uwjc89gv68yxkutpoe,21,0,0.0
w1uwjc89gv68yxkutpoe,22,0,0.0
w1uwjc89gv68yxkutpoe,23,0,0.0
fkenlzdweox7v0zaopqo,0,1,0.95
fkenlzdweox7v0zaopqo,1,2,1.9
fkenlzdweox7v0zaopqo,2,0,0.0
fkenlzdweox7v0zaopqo,3,6,5.71
fkenlzdweox7v0zaopqo,4,2,1.9
fkenlzdweox7v0zaopqo,5,3,2.86
fkenlzdweox7v0zaopqo,6,3,2.86
fkenlzdweox7v0zaopqo,7,3,2.86
fkenlzdweox7v0zaopqo,8,10,9.52
fkenlzdweox7v0zaopqo,9,6,5.71
fkenlzdweox7v0zaopqo,10,9,8.57
fkenlzdweox7v0zaopqo,11,8,7.62
fkenlzdweox7v0zaopqo,12,6,5.71
fkenlzdweox7v0zaopqo,13,16,15.24
fkenlzdweox7v0zaopqo,14,19,18.1
fkenlzdweox7v0zaopqo,15,7,6.67
fkenlzdweox7v0zaopqo,16,2,1.9
fkenlzdweox7v0zaopqo,17,2,1.9
fkenlzdweox7v0zaopqo,18,0,0.0
fkenlzdweox7v0zaopqo,19,0,0.0
fkenlzdweox7v0zaopqo,20,0,0.0
fkenlzdweox7v0zaopqo,21,0,0.0
fkenlzdweox7v0zaopqo,22,0,0.0
fkenlzdweox7v0zaopqo,23,0,0.0
uy29im7a6hnc34lfp8ae,0,0,0.0
uy29im7a6hnc34lfp8ae,1,0,0.0
uy29im7a6hnc34lfp8ae,2,4,3.7
uy29im7a6hnc34lfp8ae,3,6,5.56
uy29im7a6hnc34lfp8ae,4,4,3.7
uy29im7a6hnc34lfp8ae,5,3,2.78
uy29im7a6hnc34lfp8ae,6,4,3.7
uy29im7a6hnc34lfp8ae,7,5,4.63
uy29im7a6hnc34lfp8ae,8,8,7.41
uy29im7a6hnc34lfp8ae,9,8,7.41
uy29im7a6hnc34lfp8ae,10,7,6.48
uy29im7a6hnc34lfp8ae,11,13,12.04
uy29im7a6hnc34lfp8ae,12,11,10.19
uy29im7a6hnc34lfp8ae,13,14,12.96
uy29im7a6hnc34lfp8ae,14,16,14.81
uy29im7a6hnc34lfp8ae,15,4,3.7
uy29im7a6hnc34lfp8ae,16,1,0.93
uy29im7a6hnc34lfp8ae,17,0,0.0
uy29im7a6hnc34lfp8ae,18,0,0.0
uy29im7a6hnc34lfp8ae,19,0,0.0
uy29im7a6hnc34lfp8ae,20,0,0.0
uy29im7a6hnc34lfp8ae,21,0,0.0
uy29im7a6hnc34lfp8ae,22,0,0.0
uy29im7a6hnc34lfp8ae,23,0,0.0
kilhyvtskm84umerpjee,0,0,0.0
kilhyvtskm84umerpjee,1,5,4.59
kilhyvtskm84umerpjee,2,5,4.59
kilhyvtskm84umerpjee,3,5,4.59
kilhyvtskm84umerpjee,4,5,4.59
kilhyvtskm84umerpjee,5,2,1.83
kilhyvtskm84umerpjee,6,2,1.83
kilhyvtskm84umerpjee,7,5,4.59
kilhyvtskm84umerpjee,8,13,11.93
kilhyvtskm84umerpjee,9,5,4.59
kilhyvtskm84umerpjee,10,8,7.34
kilhyvtskm84umerpjee,11,13,11.93
kilhyvtskm84umerpjee,12,8,7.34
kilhyvtskm84umerpjee,13,11,10.09
kilhyvtskm84umerpjee,14,7,6.42
kilhyvtskm84umerpjee,15,13,11.93
kilhyvtskm84umerpjee,16,2,1.83
kilhyvtskm84umerpjee,17,0,0.0
kilhyvtskm84umerpjee,18,0,0.0
kilhyvtskm84umerpjee,19,0,0.0
kilhyvtskm84umerpjee,20,0,0.0
kilhyvtskm84umerpjee,21,0,0.0
kilhyvtskm84umerpjee,22,0,0.0
kilhyvtskm84umerpjee,23,0,0.0
8urc1lsyw615q5prnxwh,0,0,0.0
8urc1lsyw615q5prnxwh,1,4,3.74
8urc1lsyw615q5prnxwh,2,8,7.48
8urc1lsyw615q5prnxwh,3,3,2.8
8urc1lsyw615q5prnxwh,4,2,1.87
8urc1lsyw615q5prnxwh,5,4,3.74
8urc1lsyw615q5prnxwh,6,5,4.67
8urc1lsyw615q5prnxwh,7,2,1.87
8urc1lsyw615q5prnxwh,8,5,4.67
8urc1lsyw615q5prnxwh,9,3,2.8
8urc1lsyw615q5prnxwh,10,9,8.41
8urc1lsyw615q5prnxwh,11,10,9.35
8urc1lsyw615q5prnxwh,12,16,14.95
8urc1lsyw615q5prnxwh,13,12,11.21
8urc1lsyw615q5prnxwh,14,12,11.21
8urc1lsyw615q5prnxwh,15,9,8.41
8urc1lsyw615q5prnxwh,16,2,1.87
8urc1lsyw615q5prnxwh,17,1,0.93
8urc1lsyw615q5prnxwh,18,0,0.0
8urc1lsyw615q5prnxwh,19,0,0.0
8urc1lsyw615q5prnxwh,20,0,0.0
8urc1lsyw615q5prnxwh,21,0,0.0
8urc1lsyw615q5prnxwh,22,0,0.0
8urc1lsyw615q5prnxwh,23,0,0.0
jyaxybaq8vui614ytd8i,0,1,0.82
jyaxybaq8vui614ytd8i,1,2,1.64
jyaxybaq8vui614ytd8i,2,8,6.56
jyaxybaq8vui614ytd8i,3,5,4.1
jyaxybaq8vui614ytd8i,4,5,4.1
jyaxybaq8vui614ytd8i,5,2,1.64
jyaxybaq8vui614ytd8i,6,2,1.64
jyaxybaq8vui614ytd8i,7,3,2.46
jyaxybaq8vui614ytd8i,8,12,9.84
jyaxybaq8vui614ytd8i,9,8,6.56
jyaxybaq8vui614ytd8i,10,9,7.38
jyaxybaq8vui614ytd8i,11,12,9.84
jyaxybaq8vui614ytd8i,12,11,9.02
jyaxybaq8vui614ytd8i,13,13,10.66
jyaxybaq8vui614ytd8i,14,20,16.39
jyaxybaq8vui614ytd8i,15,6,4.92
jyaxybaq8vui614ytd8i,16,3,2.46
jyaxybaq8vui614ytd8i,17,0,0.0
jyaxybaq8vui614ytd8i,18,0,0.0
jyaxybaq8vui614ytd8i,19,0,0.0
jyaxybaq8vui614ytd8i,20,0,0.0
jyaxybaq8vui614ytd8i,21,0,0.0
jyaxybaq8vui614ytd8i,22,0,0.0
jyaxybaq8vui614ytd8i,23,0,0.0
ijieo064jbrs5ss1cmol,0,0,0.0
ijieo064jbrs5ss1cmol,1,2,2.11
ijieo064jbrs5ss1cmol,2,7,7.37
ijieo064jbrs5ss1cmol,3,0,0.0
ijieo064jbrs5ss1cmol,4,8,8.42
ijieo064jbrs5ss1cmol,5,2,2.11
ijieo064jbrs5ss1cmol,6,2,2.11
ijieo064jbrs5ss1cmol,7,3,3.16
ijieo064jbrs5ss1cmol,8,11,11.58
ijieo064jbrs5ss1cmol,9,5,5.26
ijieo064jbrs5ss1cmol,10,5,5.26
ijieo064jbrs5ss1cmol,11,6,6.32
ijieo064jbrs5ss1cmol,12,11,11.58
ijieo064jbrs5ss1cmol,13,13,13.68
ijieo064jbrs5ss1cmol,14,13,13.68
ijieo064jbrs5ss1cmol,15,5,5.26
ijieo064jbrs5ss1cmol,16,2,2.11
ijieo064jbrs5ss1cmol,17,0,0.0
ijieo064jbrs5ss1cmol,18,0,0.0
ijieo064jbrs5ss1cmol,19,0,0.0
ijieo064jbrs5ss1cmol,20,0,0.0
ijieo064jbrs5ss1cmol,21,0,0.0
ijieo064jbrs5ss1cmol,22,0,0.0
ijieo064jbrs5ss1cmol,23,0,0.0
zc7xkcpo969z98kh6bg8,0,0,0.0
zc7xkcpo969z98kh6bg8,1,2,1.46
zc7xkcpo969z98kh6bg8,2,9,6.57
zc7xkcpo969z98kh6bg8,3,4,2.92
zc7xkcpo969z98kh6bg8,4,3,2.19
zc7xkcpo969z98kh6bg8,5,9,6.57
zc7xkcpo969z98kh6bg8,6,4,2.92
zc7xkcpo969z98kh6bg8,7,5,3.65
zc7xkcpo969z98kh6bg8,8,6,4.38
zc7xkcpo969z98kh6bg8,9,11,8.03
zc7xkcpo969z98kh6bg8,10,11,8.03
zc7xkcpo969z98kh6bg8,11,12,8.76
zc7xkcpo969z98kh6bg8,12,13,9.49
zc7xkcpo969z98kh6bg8,13,16,11.68
zc7xkcpo969z98kh6bg8,14,17,12.41
zc7xkcpo969z98kh6bg8,15,12,8.76
zc7xkcpo969z98kh6bg8,16,3,2.19
zc7xkcpo969z98kh6bg8,17,0,0.0
zc7xkcpo969z98kh6bg8,18,0,0.0
zc7xkcpo969z98kh6bg8,19,0,0.0
zc7xkcpo969z98kh6bg8,20,0,0.0
zc7xkcpo969z98kh6bg8,21,0,0.0
zc7xkcpo969z98kh6bg8,22,0,0.0
zc7xkcpo969z98kh6bg8,23,0,0.0
4vnvytgnlmv4jbfw9h3t,0,0,0.0
4vnvytgnlmv4jbfw9h3t,1,1,1.0
4vnvytgnlmv4jbfw9h3t,2,6,6.0
4vnvytgnlmv4jbfw9h3t,3,2,2.0
4vnvytgnlmv4jbfw9h3t,4,4,4.0
4vnvytgnlmv4jbfw9h3t,5,3,3.0
4vnvytgnlmv4jbfw9h3t,6,4,4.0
4vnvytgnlmv4jbfw9h3t,7,4,4.0
4vnvytgnlmv4jbfw9h3t,8,6,6.0
4vnvytgnlmv4jbfw9h3t,9,8,8.0
4vnvytgnlmv4jbfw9h3t,10,6,6.0
4vnvytgnlmv4jbfw9h3t,11,8,8.0
4vnvytgnlmv4jbfw9h3t,12,13,13.0
4vnvytgnlmv4jbfw9h3t,13,10,10.0
4vnvytgnlmv4jbfw9h3t,14,14,14.0
4vnvytgnlmv4jbfw9h3t,15,9,9.0
4vnvytgnlmv4jbfw9h3t,16,2,2.0
4vnvytgnlmv4jbfw9h3t,17,0,0.0
4vnvytgnlmv4jbfw9h3t,18,0,0.0
4vnvytgnlmv4jbfw9h3t,19,0,0.0
4vnvytgnlmv4jbfw9h3t,20,0,0.0
4vnvytgnlmv4jbfw9h3t,21,0,0.0
4vnvytgnlmv4jbfw9h3t,22,0,0.0
4vnvytgnlmv4jbfw9h3t,23,0,0.0
pv0c4za1m616k25gfwfb,0,1,0.96
pv0c4za1m616k25gfwfb,1,2,1.92
pv0c4za1m616k25gfwfb,2,3,2.88
pv0c4za1m616k25gfwfb,3,8,7.69
pv0c4za1m616k25gfwfb,4,3,2.88
pv0c4za1m616k25gfwfb,5,2,1.92
pv0c4za1m616k25gfwfb,6,1,0.96
pv0c4za1m616k25gfwfb,7,5,4.81
pv0c4za1m616k25gfwfb,8,8,7.69
pv0c4za1m616k25gfwfb,9,2,1.92
pv0c4za1m616k25gfwfb,10,7,6.73
pv0c4za1m616k25gfwfb,11,11,10.58
pv0c4za1m616k25gfwfb,12,9,8.65
pv0c4za1m616k25gfwfb,13,13,12.5
pv0c4za1m616k25gfwfb,14,15,14.42
pv0c4za1m616k25gfwfb,15,12,11.54
pv0c4za1m616k25gfwfb,16,2,1.92
pv0c4za1m616k25gfwfb,17,0,0.0
pv0c4za1m616k25gfwfb,18,0,0.0
pv0c4za1m616k25gfwfb,19,0,0.0
pv0c4za1m616k25gfwfb,20,0,0.0
pv0c4za1m616k25gfwfb,21,0,0.0
pv0c4za1m616k25gfwfb,22,0,0.0
pv0c4za1m616k25gfwfb,23,0,0.0
mqqf68ny1kdp6i69i7tt,0,0,0.0
mqqf68ny1kdp6i69i7tt,1,1,1.04
mqqf68ny1kdp6i69i7tt,2,8,8.33
mqqf68ny1kdp6i69i7tt,3,4,4.17
mqqf68ny1kdp6i69i7tt,4,2,2.08
mqqf68ny1kdp6i69i7tt,5,2,2.08
mqqf68ny1kdp6i69i7tt,6,0,0.0
mqqf68ny1kdp6i69i7tt,7,6,6.25
mqqf68ny1kdp6i69i7tt,8,8,8.33
mqqf68ny1kdp6i69i7tt,9,5,5.21
mqqf68ny1kdp6i69i7tt,10,9,9.38
mqqf68ny1kdp6i69i7tt,11,9,9.38
mqqf68ny1kdp6i69i7tt,12,5,5.21
mqqf68ny1kdp6i69i7tt,13,16,16.67
mqqf68ny1kdp6i69i7tt,14,16,16.67
mqqf68ny1kdp6i69i7tt,15,5,5.21
mqqf68ny1kdp6i69i7tt,16,0,0.0
mqqf68ny1kdp6i69i7tt,17,0,0.0
mqqf68ny1kdp6i69i7tt,18,0,0.0
mqqf68ny1kdp6i69i7tt,19,0,0.0
mqqf68ny1kdp6i69i7tt,20,0,0.0
mqqf68ny1kdp6i69i7tt,21,0,0.0
mqqf68ny1kdp6i69i7tt,22,0,0.0
mqqf68ny1kdp6i69i7tt,23,0,0.0
9a25hcbd3mhgaj0fyelo,0,1,0.96
9a25hcbd3mhgaj0fyelo,1,4,3.85
9a25hcbd3mhgaj0fyelo,2,2,1.92
9a25hcbd3mhgaj0fyelo,3,6,5.77
9a25hcbd3mhgaj0fyelo,4,4,3.85
9a25hcbd3mhgaj0fyelo,5,2,1.92
9a25hcbd3mhgaj0fyelo,6,6,5.77
9a25hcbd3mhgaj0fyelo,7,2,1.92
9a25hcbd3mhgaj0fyelo,8,4,3.85
9a25hcbd3mhgaj0fyelo,9,6,5.77
9a25hcbd3mhgaj0fyelo,10,5,4.81
9a25hcbd3mhgaj0fyelo,11,13,12.5
9a25hcbd3mhgaj0fyelo,12,7,6.73
9a25hcbd3mhgaj0fyelo,13,7,6.73
9a25hcbd3mhgaj0fyelo,14,17,16.35
9a25hcbd3mhgaj0fyelo,15,15,14.42
9a25hcbd3mhgaj0fyelo,16,2,1.92
9a25hcbd3mhgaj0fyelo,17,1,0.96
9a25hcbd3mhgaj0fyelo,18,0,0.0
9a25hcbd3mhgaj0fyelo,19,0,0.0
9a25hcbd3mhgaj0fyelo,20,0,0.0
9a25hcbd3mhgaj0fyelo,21,0,0.0
9a25hcbd3mhgaj0fyelo,22,0,0.0
9a25hcbd3mhgaj0fyelo,23,0,0.0
9lfh7vk4u8eh6zz1dmvp,0,0,0.0
9lfh7vk4u8eh6zz1dmvp,1,2,2.11
9lfh7vk4u8eh6zz1dmvp,2,7,7.37
9lfh7vk4u8eh6zz1dmvp,3,2,2.11
9lfh7vk4u8eh6zz1dmvp,4,4,4.21
9lfh7vk4u8eh6zz1dmvp,5,1,1.05
9lfh7vk4u8eh6zz1dmvp,6,3,3.16
9lfh7vk4u8eh6zz1dmvp,7,2,2.11
9lfh7vk4u8eh6zz1dmvp,8,6,6.32
9lfh7vk4u8eh6zz1dmvp,9,8,8.42
9lfh7vk4u8eh6zz1dmvp,10,11,11.58
9lfh7vk4u8eh6zz1dmvp,11,6,6.32
9lfh7vk4u8eh6zz1dmvp,12,13,13.68
9lfh7vk4u8eh6zz1dmvp,13,10,10.53
9lfh7vk4u8eh6zz1dmvp,14,10,10.53
9lfh7vk4u8eh6zz1dmvp,15,8,8.42
9lfh7vk4u8eh6zz1dmvp,16,1,1.05
9lfh7vk4u8eh6zz1dmvp,17,0,0.0
9lfh7vk4u8eh6zz1dmvp,18,0,0.0
9lfh7vk4u8eh6zz1dmvp,19,0,0.0
9lfh7vk4u8eh6zz1dmvp,20,0,0.0
9lfh7vk4u8eh6zz1dmvp,21,0,0.0
9lfh7vk4u8eh6zz1dmvp,22,0,0.0
9lfh7vk4u8eh6zz1dmvp,23,1,1.05
xsxczvs8iluovs3pt5q7,0,1,1.09
xsxczvs8iluovs3pt5q7,1,3,3.26
xsxczvs8iluovs3pt5q7,2,3,3.26
xsxczvs8iluovs3pt5q7,3,2,2.17
xsxczvs8iluovs3pt5q7,4,4,4.35
xsxczvs8iluovs3pt5q7,5,4,4.35
xsxczvs8iluovs3pt5q7,6,5,5.43
xsxczvs8iluovs3pt5q7,7,2,2.17
xsxczvs8iluovs3pt5q7,8,5,5.43
xsxczvs8iluovs3pt5q7,9,7,7.61
xsxczvs8iluovs3pt5q7,10,11,11.96
xsxczvs8iluovs3pt5q7,11,10,10.87
xsxczvs8iluovs3pt5q7,12,9,9.78
xsxczvs8iluovs3pt5q7,13,8,8.7
xsxczvs8iluovs3pt5q7,14,9,9.78
xsxczvs8iluovs3pt5q7,15,8,8.7
xsxczvs8iluovs3pt5q7,16,1,1.09
xsxczvs8iluovs3pt5q7,17,0,0.0
xsxczvs8iluovs3pt5q7,18,0,0.0
xsxczvs8iluovs3pt5q7,19,0,0.0
xsxczvs8iluovs3pt5q7,20,0,0.0
xsxczvs8iluovs3pt5q7,21,0,0.0
xsxczvs8iluovs3pt5q7,22,0,0.0
xsxczvs8iluovs3pt5q7,23,0,0.0
reo07h0d5zehmotdlz2w,0,0,0.0
reo07h0d5zehmotdlz2w,1,1,1.11
reo07h0d5zehmotdlz2w,2,6,6.67
reo07h0d5zehmotdlz2w,3,4,4.44
reo07h0d5zehmotdlz2w,4,2,2.22
reo07h0d5zehmotdlz2w,5,2,2.22
reo07h0d5zehmotdlz2w,6,3,3.33
reo07h0d5zehmotdlz2w,7,6,6.67
reo07h0d5zehmotdlz2w,8,7,7.78
reo07h0d5zehmotdlz2w,9,3,3.33
reo07h0d5zehmotdlz2w,10,10,11.11
reo07h0d5zehmotdlz2w,11,8,8.89
reo07h0d5zehmotdlz2w,12,5,5.56
reo07h0d5zehmotdlz2w,13,13,14.44
reo07h0d5zehmotdlz2w,14,12,13.33
reo07h0d5zehmotdlz2w,15,5,5.56
reo07h0d5zehmotdlz2w,16,3,3.33
reo07h0d5zehmotdlz2w,17,0,0.0
reo07h0d5zehmotdlz2w,18,0,0.0
reo07h0d5zehmotdlz2w,19,0,0.0
reo07h0d5zehmotdlz2w,20,0,0.0
reo07h0d5zehmotdlz2w,21,0,0.0
reo07h0d5zehmotdlz2w,22,0,0.0
reo07h0d5zehmotdlz2w,23,0,0.0
2d526c27123e59103e29,0,1,0.29
2d526c27123e59103e29,1,3,0.87
2d526c27123e59103e29,2,0,0.0
2d526c27123e59103e29,3,0,0.0
2d526c27123e59103e29,4,4,1.17
2d526c27123e59103e29,5,40,11.66
2d526c27123e59103e29,6,26,7.58
2d526c27123e59103e29,7,23,6.71
2d526c27123e59103e29,8,3,0.87
2d526c27123e59103e29,9,34,9.91
2d526c27123e59103e29,10,18,5.25
2d526c27123e59103e29,11,48,13.99
2d526c27123e59103e29,12,38,11.08
2d526c27123e59103e29,13,38,11.08
2d526c27123e59103e29,14,35,10.2
2d526c27123e59103e29,15,18,5.25
2d526c27123e59103e29,16,2,0.58
2d526c27123e59103e29,17,0,0.0
2d526c27123e59103e29,18,0,0.0
2d526c27123e59103e29,19,0,0.0
2d526c27123e59103e29,20,0,0.0
2d526c27123e59103e29,21,0,0.0
2d526c27123e59103e29,22,0,0.0
2d526c27123e59103e29,23,12,3.5
488fc49e8fccd665c3e2,0,15,5.56
488fc49e8fccd665c3e2,1,7,2.59
488fc49e8fccd665c3e2,2,30,11.11
488fc49e8fccd665c3e2,3,7,2.59
488fc49e8fccd665c3e2,4,7,2.59
488fc49e8fccd665c3e2,5,12,4.44
488fc49e8fccd665c3e2,6,7,2.59
488fc49e8fccd665c3e2,7,2,0.74
488fc49e8fccd665c3e2,8,9,3.33
488fc49e8fccd665c3e2,9,1,0.37
488fc49e8fccd665c3e2,10,10,3.7
488fc49e8fccd665c3e2,11,49,18.15
488fc49e8fccd665c3e2,12,34,12.59
488fc49e8fccd665c3e2,13,11,4.07
488fc49e8fccd665c3e2,14,22,8.15
488fc49e8fccd665c3e2,15,40,14.81
488fc49e8fccd665c3e2,16,2,0.74
488fc49e8fccd665c3e2,17,0,0.0
488fc49e8fccd665c3e2,18,0,0.0
488fc49e8fccd665c3e2,19,0,0.0
488fc49e8fccd665c3e2,20,0,0.0
488fc49e8fccd665c3e2,21,0,0.0
488fc49e8fccd665c3e2,22,0,0.0
488fc49e8fccd665c3e2,23,5,1.85
be032ee60c336e4701e0,0,0,0.0
be032ee60c336e4701e0,1,3,2.26
be032ee60c336e4701e0,2,15,11.28
be032ee60c336e4701e0,3,9,6.77
be032ee60c336e4701e0,4,16,12.03
be032ee60c336e4701e0,5,19,14.29
be032ee60c336e4701e0,6,3,2.26
be032ee60c336e4701e0,7,0,0.0
be032ee60c336e4701e0,8,0,0.0
be032ee60c336e4701e0,9,3,2.26
be032ee60c336e4701e0,10,18,13.53
be032ee60c336e4701e0,11,10,7.52
be032ee60c336e4701e0,12,7,5.26
be032ee60c336e4701e0,13,3,2.26
be032ee60c336e4701e0,14,9,6.77
be032ee60c336e4701e0,15,18,13.53
be032ee60c336e4701e0,16,0,0.0
be032ee60c336e4701e0,17,0,0.0
be032ee60c336e4701e0,18,0,0.0
be032ee60c336e4701e0,19,0,0.0
be032ee60c336e4701e0,20,0,0.0
be032ee60c336e4701e0,21,0,0.0
be032ee60c336e4701e0,22,0,0.0
be032ee60c336e4701e0,23,0,0.0
19793e7e55b68c8dd776,0,7,7.61
19793e7e55b68c8dd776,1,8,8.7
19793e7e55b68c8dd776,2,7,7.61
19793e7e55b68c8dd776,3,2,2.17
19793e7e55b68c8dd776,4,5,5.43
19793e7e55b68c8dd776,5,11,11.96
19793e7e55b68c8dd776,6,4,4.35
19793e7e55b68c8dd776,7,2,2.17
19793e7e55b68c8dd776,8,0,0.0
19793e7e55b68c8dd776,9,0,0.0
19793e7e55b68c8dd776,10,7,7.61
19793e7e55b68c8dd776,11,11,11.96
19793e7e55b68c8dd776,12,4,4.35
19793e7e55b68c8dd776,13,8,8.7
19793e7e55b68c8dd776,14,5,5.43
19793e7e55b68c8dd776,15,11,11.96
19793e7e55b68c8dd776,16,0,0.0
19793e7e55b68c8dd776,17,0,0.0
19793e7e55b68c8dd776,18,0,0.0
19793e7e55b68c8dd776,19,0,0.0
19793e7e55b68c8dd776,20,0,0.0
19793e7e55b68c8dd776,21,0,0.0
19793e7e55b68c8dd776,22,0,0.0
19793e7e55b68c8dd776,23,0,0.0
fe752a6d1aa3d710d738,0,3,1.72
fe752a6d1aa3d710d738,1,0,0.0
fe752a6d1aa3d710d738,2,4,2.3
fe752a6d1aa3d710d738,3,0,0.0
fe752a6d1aa3d710d738,4,2,1.15
fe752a6d1aa3d710d738,5,8,4.6
fe752a6d1aa3d710d738,6,1,0.57
fe752a6d1aa3d710d738,7,5,2.87
fe752a6d1aa3d710d738,8,8,4.6
fe752a6d1aa3d710d738,9,2,1.15
fe752a6d1aa3d710d738,10,1,0.57
fe752a6d1aa3d710d738,11,18,10.34
fe752a6d1aa3d710d738,12,19,10.92
fe752a6d1aa3d710d738,13,28,16.09
fe752a6d1aa3d710d738,14,24,13.79
fe752a6d1aa3d710d738,15,40,22.99
fe752a6d1aa3d710d738,16,9,5.17
fe752a6d1aa3d710d738,17,0,0.0
fe752a6d1aa3d710d738,18,0,0.0
fe752a6d1aa3d710d738,19,0,0.0
fe752a6d1aa3d710d738,20,0,0.0
fe752a6d1aa3d710d738,21,0,0.0
fe752a6d1aa3d710d738,22,0,0.0
fe752a6d1aa3d710d738,23,2,1.15
912794ea0c6936c83ce2,0,1,0.63
912794ea0c6936c83ce2,1,4,2.52
912794ea0c6936c83ce2,2,0,0.0
912794ea0c6936c83ce2,3,2,1.26
912794ea0c6936c83ce2,4,9,5.66
912794ea0c6936c83ce2,5,12,7.55
912794ea0c6936c83ce2,6,12,7.55
912794ea0c6936c83ce2,7,4,2.52
912794ea0c6936c83ce2,8,4,2.52
912794ea0c6936c83ce2,9,12,7.55
912794ea0c6936c83ce2,10,12,7.55
912794ea0c6936c83ce2,11,13,8.18
912794ea0c6936c83ce2,12,22,13.84
912794ea0c6936c83ce2,13,38,23.9
912794ea0c6936c83ce2,14,11,6.92
912794ea0c6936c83ce2,15,0,0.0
912794ea0c6936c83ce2,16,0,0.0
912794ea0c6936c83ce2,17,0,0.0
912794ea0c6936c83ce2,18,0,0.0
912794ea0c6936c83ce2,19,0,0.0
912794ea0c6936c83ce2,20,0,0.0
912794ea0c6936c83ce2,21,0,0.0
912794ea0c6936c83ce2,22,0,0.0
912794ea0c6936c83ce2,23,3,1.89
17e429460d5fda251953,0,0,0.0
17e429460d5fda251953,1,1,0.43
17e429460d5fda251953,2,0,0.0
17e429460d5fda251953,3,4,1.72
17e429460d5fda251953,4,12,5.15
17e429460d5fda251953,5,9,3.86
17e429460d5fda251953,6,6,2.58
17e429460d5fda251953,7,0,0.0
17e429460d5fda251953,8,1,0.43
17e429460d5fda251953,9,5,2.15
17e429460d5fda251953,10,30,12.88
17e429460d5fda251953,11,24,10.3
17e429460d5fda251953,12,31,13.3
17e429460d5fda251953,13,23,9.87
17e429460d5fda251953,14,45,19.31
17e429460d5fda251953,15,41,17.6
17e429460d5fda251953,16,1,0.43
17e429460d5fda251953,17,0,0.0
17e429460d5fda251953,18,0,0.0
17e429460d5fda251953,19,0,0.0
17e429460d5fda251953,20,0,0.0
17e429460d5fda251953,21,0,0.0
17e429460d5fda251953,22,0,0.0
17e429460d5fda251953,23,0,0.0
2e3e7cbe0e69add8d31a,0,0,0.0
2e3e7cbe0e69add8d31a,1,0,0.0
2e3e7cbe0e69add8d31a,2,0,0.0
2e3e7cbe0e69add8d31a,3,0,0.0
2e3e7cbe0e69add8d31a,4,0,0.0
2e3e7cbe0e69add8d31a,5,1,2.27
2e3e7cbe0e69add8d31a,6,1,2.27
2e3e7cbe0e69add8d31a,7,4,9.09
2e3e7cbe0e69add8d31a,8,7,15.91
2e3e7cbe0e69add8d31a,9,5,11.36
2e3e7cbe0e69add8d31a,10,3,6.82
2e3e7cbe0e69add8d31a,11,1,2.27
2e3e7cbe0e69add8d31a,12,9,20.45
2e3e7cbe0e69add8d31a,13,6,13.64
2e3e7cbe0e69add8d31a,14,6,13.64
2e3e7cbe0e69add8d31a,15,1,2.27
2e3e7cbe0e69add8d31a,16,0,0.0
2e3e7cbe0e69add8d31a,17,0,0.0
2e3e7cbe0e69add8d31a,18,0,0.0
2e3e7cbe0e69add8d31a,19,0,0.0
2e3e7cbe0e69add8d31a,20,0,0.0
2e3e7cbe0e69add8d31a,21,0,0.0
2e3e7cbe0e69add8d31a,22,0,0.0
2e3e7cbe0e69add8d31a,23,0,0.0
4bceaffe5e429ed3333b,0,7,11.86
4bceaffe5e429ed3333b,1,6,10.17
4bceaffe5e429ed3333b,2,1,1.69
4bceaffe5e429ed3333b,3,1,1.69
4bceaffe5e429ed3333b,4,7,11.86
4bceaffe5e429ed3333b,5,6,10.17
4bceaffe5e429ed3333b,6,4,6.78
4bceaffe5e429ed3333b,7,0,0.0
4bceaffe5e429ed3333b,8,3,5.08
4bceaffe5e429ed3333b,9,0,0.0
4bceaffe5e429ed3333b,10,0,0.0
4bceaffe5e429ed3333b,11,0,0.0
4bceaffe5e429ed3333b,12,4,6.78
4bceaffe5e429ed3333b,13,2,3.39
4bceaffe5e429ed3333b,14,12,20.34
4bceaffe5e429ed3333b,15,5,8.47
4bceaffe5e429ed3333b,16,0,0.0
4bceaffe5e429ed3333b,17,0,0.0
4bceaffe5e429ed3333b,18,0,0.0
4bceaffe5e429ed3333b,19,0,0.0
4bceaffe5e429ed3333b,20,0,0.0
4bceaffe5e429ed3333b,21,0,0.0
4bceaffe5e429ed3333b,22,0,0.0
4bceaffe5e429ed3333b,23,1,1.69
f22c9341431a6123f670,0,0,0.0
f22c9341431a6123f670,1,0,0.0
f22c9341431a6123f670,2,0,0.0
f22c9341431a6123f670,3,3,3.66
f22c9341431a6123f670,4,0,0.0
f22c9341431a6123f670,5,3,3.66
f22c9341431a6123f670,6,4,4.88
f22c9341431a6123f670,7,25,30.49
f22c9341431a6123f670,8,4,4.88
f22c9341431a6123f670,9,2,2.44
f22c9341431a6123f670,10,2,2.44
f22c9341431a6123f670,11,2,2.44
f22c9341431a6123f670,12,6,7.32
f22c9341431a6123f670,13,7,8.54
f22c9341431a6123f670,14,18,21.95
f22c9341431a6123f670,15,6,7.32
f22c9341431a6123f670,16,0,0.0
f22c9341431a6123f670,17,0,0.0
f22c9341431a6123f670,18,0,0.0
f22c9341431a6123f670,19,0,0.0
f22c9341431a6123f670,20,0,0.0
f22c9341431a6123f670,21,0,0.0
f22c9341431a6123f670,22,0,0.0
f22c9341431a6123f670,23,0,0.0
0107f72b66cbd1a0926d,0,6,6.12
0107f72b66cbd1a0926d,1,1,1.02
0107f72b66cbd1a0926d,2,4,4.08
0107f72b66cbd1a0926d,3,3,3.06
0107f72b66cbd1a0926d,4,5,5.1
0107f72b66cbd1a0926d,5,7,7.14
0107f72b66cbd1a0926d,6,7,7.14
0107f72b66cbd1a0926d,7,7,7.14
0107f72b66cbd1a0926d,8,10,10.2
0107f72b66cbd1a0926d,9,1,1.02
0107f72b66cbd1a0926d,10,2,2.04
0107f72b66cbd1a0926d,11,4,4.08
0107f72b66cbd1a0926d,12,12,12.24
0107f72b66cbd1a0926d,13,9,9.18
0107f72b66cbd1a0926d,14,9,9.18
0107f72b66cbd1a0926d,15,5,5.1
0107f72b66cbd1a0926d,16,5,5.1
0107f72b66cbd1a0926d,17,0,0.0
0107f72b66cbd1a0926d,18,0,0.0
0107f72b66cbd1a0926d,19,0,0.0
0107f72b66cbd1a0926d,20,0,0.0
0107f72b66cbd1a0926d,21,0,0.0
0107f72b66cbd1a0926d,22,0,0.0
0107f72b66cbd1a0926d,23,1,1.02
4c26df96293b4a52bc03,0,1,0.92
4c26df96293b4a52bc03,1,1,0.92
4c26df96293b4a52bc03,2,0,0.0
4c26df96293b4a52bc03,3,0,0.0
4c26df96293b4a52bc03,4,18,16.51
4c26df96293b4a52bc03,5,18,16.51
4c26df96293b4a52bc03,6,17,15.6
4c26df96293b4a52bc03,7,7,6.42
4c26df96293b4a52bc03,8,3,2.75
4c26df96293b4a52bc03,9,0,0.0
4c26df96293b4a52bc03,10,1,0.92
4c26df96293b4a52bc03,11,0,0.0
4c26df96293b4a52bc03,12,0,0.0
4c26df96293b4a52bc03,13,13,11.93
4c26df96293b4a52bc03,14,11,10.09
4c26df96293b4a52bc03,15,18,16.51
4c26df96293b4a52bc03,16,1,0.92
4c26df96293b4a52bc03,17,0,0.0
4c26df96293b4a52bc03,18,0,0.0
4c26df96293b4a52bc03,19,0,0.0
4c26df96293b4a52bc03,20,0,0.0
4c26df96293b4a52bc03,21,0,0.0
4c26df96293b4a52bc03,22,0,0.0
4c26df96293b4a52bc03,23,0,0.0
8e25bcfa51d165f162f6,0,2,2.9
8e25bcfa51d165f162f6,1,3,4.35
8e25bcfa51d165f162f6,2,3,4.35
8e25bcfa51d165f162f6,3,3,4.35
8e25bcfa51d165f162f6,4,0,0.0
8e25bcfa51d165f162f6,5,0,0.0
8e25bcfa51d165f162f6,6,5,7.25
8e25bcfa51d165f162f6,7,1,1.45
8e25bcfa51d165f162f6,8,0,0.0
8e25bcfa51d165f162f6,9,0,0.0
8e25bcfa51d165f162f6,10,0,0.0
8e25bcfa51d165f162f6,11,22,31.88
8e25bcfa51d165f162f6,12,6,8.7
8e25bcfa51d165f162f6,13,7,10.14
8e25bcfa51d165f162f6,14,4,5.8
8e25bcfa51d165f162f6,15,4,5.8
8e25bcfa51d165f162f6,16,5,7.25
8e25bcfa51d165f162f6,17,2,2.9
8e25bcfa51d165f162f6,18,0,0.0
8e25bcfa51d165f162f6,19,0,0.0
8e25bcfa51d165f162f6,20,0,0.0
8e25bcfa51d165f162f6,21,0,0.0
8e25bcfa51d165f162f6,22,0,0.0
8e25bcfa51d165f162f6,23,2,2.9
9ee3e6df01c7cc22d066,0,8,3.81
9ee3e6df01c7cc22d066,1,12,5.71
9ee3e6df01c7cc22d066,2,0,0.0
9ee3e6df01c7cc22d066,3,0,0.0
9ee3e6df01c7cc22d066,4,4,1.9
9ee3e6df01c7cc22d066,5,3,1.43
9ee3e6df01c7cc22d066,6,7,3.33
9ee3e6df01c7cc22d066,7,6,2.86
9ee3e6df01c7cc22d066,8,13,6.19
9ee3e6df01c7cc22d066,9,6,2.86
9ee3e6df01c7cc22d066,10,37,17.62
9ee3e6df01c7cc22d066,11,51,24.29
9ee3e6df01c7cc22d066,12,50,23.81
9ee3e6df01c7cc22d066,13,13,6.19
9ee3e6df01c7cc22d066,14,0,0.0
9ee3e6df01c7cc22d066,15,0,0.0
9ee3e6df01c7cc22d066,16,0,0.0
9ee3e6df01c7cc22d066,17,0,0.0
9ee3e6df01c7cc22d066,18,0,0.0
9ee3e6df01c7cc22d066,19,0,0.0
9ee3e6df01c7cc22d066,20,0,0.0
9ee3e6df01c7cc22d066,21,0,0.0
9ee3e6df01c7cc22d066,22,0,0.0
9ee3e6df01c7cc22d066,23,0,0.0
42e83553ca9d77ab4aee,0,9,8.11
42e83553ca9d77ab4aee,1,11,9.91
42e83553ca9d77ab4aee,2,0,0.0
42e83553ca9d77ab4aee,3,3,2.7
42e83553ca9d77ab4aee,4,0,0.0
42e83553ca9d77ab4aee,5,1,0.9
42e83553ca9d77ab4aee,6,3,2.7
42e83553ca9d77ab4aee,7,1,0.9
42e83553ca9d77ab4aee,8,0,0.0
42e83553ca9d77ab4aee,9,1,0.9
42e83553ca9d77ab4aee,10,14,12.61
42e83553ca9d77ab4aee,11,26,23.42
42e83553ca9d77ab4aee,12,9,8.11
42e83553ca9d77ab4aee,13,22,19.82
42e83553ca9d77ab4aee,14,10,9.01
42e83553ca9d77ab4aee,15,0,0.0
42e83553ca9d77ab4aee,16,0,0.0
42e83553ca9d77ab4aee,17,0,0.0
42e83553ca9d77ab4aee,18,0,0.0
42e83553ca9d77ab4aee,19,0,0.0
42e83553ca9d77ab4aee,20,0,0.0
42e83553ca9d77ab4aee,21,0,0.0
42e83553ca9d77ab4aee,22,0,0.0
42e83553ca9d77ab4aee,23,1,0.9
ba563fef8484139dc84d,0,2,1.49
ba563fef8484139dc84d,1,4,2.99
ba563fef8484139dc84d,2,1,0.75
ba563fef8484139dc84d,3,9,6.72
ba563fef8484139dc84d,4,7,5.22
ba563fef8484139dc84d,5,24,17.91
ba563fef8484139dc84d,6,9,6.72
ba563fef8484139dc84d,7,1,0.75
ba563fef8484139dc84d,8,0,0.0
ba563fef8484139dc84d,9,8,5.97
ba563fef8484139dc84d,10,13,9.7
ba563fef8484139dc84d,11,21,15.67
ba563fef8484139dc84d,12,6,4.48
ba563fef8484139dc84d,13,8,5.97
ba563fef8484139dc84d,14,19,14.18
ba563fef8484139dc84d,15,2,1.49
ba563fef8484139dc84d,16,0,0.0
ba563fef8484139dc84d,17,0,0.0
ba563fef8484139dc84d,18,0,0.0
ba563fef8484139dc84d,19,0,0.0
ba563fef8484139dc84d,20,0,0.0
ba563fef8484139dc84d,21,0,0.0
ba563fef8484139dc84d,22,0,0.0
ba563fef8484139dc84d,23,0,0.0
9b1c065069dbb7a71617,0,0,0.0
9b1c065069dbb7a71617,1,0,0.0
9b1c065069dbb7a71617,2,0,0.0
9b1c065069dbb7a71617,3,1,0.61
9b1c065069dbb7a71617,4,0,0.0
9b1c065069dbb7a71617,5,2,1.23
9b1c065069dbb7a71617,6,7,4.29
9b1c065069dbb7a71617,7,7,4.29
9b1c065069dbb7a71617,8,18,11.04
9b1c065069dbb7a71617,9,0,0.0
9b1c065069dbb7a71617,10,15,9.2
9b1c065069dbb7a71617,11,29,17.79
9b1c065069dbb7a71617,12,5,3.07
9b1c065069dbb7a71617,13,32,19.63
9b1c065069dbb7a71617,14,13,7.98
9b1c065069dbb7a71617,15,20,12.27
9b1c065069dbb7a71617,16,14,8.59
9b1c065069dbb7a71617,17,0,0.0
9b1c065069dbb7a71617,18,0,0.0
9b1c065069dbb7a71617,19,0,0.0
9b1c065069dbb7a71617,20,0,0.0
9b1c065069dbb7a71617,21,0,0.0
9b1c065069dbb7a71617,22,0,0.0
9b1c065069dbb7a71617,23,0,0.0
1fa4f2361b8a03040292,0,1,0.74
1fa4f2361b8a03040292,1,9,6.62
1fa4f2361b8a03040292,2,1,0.74
1fa4f2361b8a03040292,3,3,2.21
1fa4f2361b8a03040292,4,7,5.15
1fa4f2361b8a03040292,5,1,0.74
1fa4f2361b8a03040292,6,1,0.74
1fa4f2361b8a03040292,7,0,0.0
1fa4f2361b8a03040292,8,0,0.0
1fa4f2361b8a03040292,9,4,2.94
1fa4f2361b8a03040292,10,2,1.47
1fa4f2361b8a03040292,11,4,2.94
1fa4f2361b8a03040292,12,14,10.29
1fa4f2361b8a03040292,13,51,37.5
1fa4f2361b8a03040292,14,33,24.26
1fa4f2361b8a03040292,15,5,3.68
1fa4f2361b8a03040292,16,0,0.0
1fa4f2361b8a03040292,17,0,0.0
1fa4f2361b8a03040292,18,0,0.0
1fa4f2361b8a03040292,19,0,0.0
1fa4f2361b8a03040292,20,0,0.0
1fa4f2361b8a03040292,21,0,0.0
1fa4f2361b8a03040292,22,0,0.0
1fa4f2361b8a03040292,23,0,0.0
82da6d26645f8f71bd61,0,0,0.0
82da6d26645f8f71bd61,1,0,0.0
82da6d26645f8f71bd61,2,0,0.0
82da6d26645f8f71bd61,3,0,0.0
82da6d26645f8f71bd61,4,1,1.69
82da6d26645f8f71bd61,5,1,1.69
82da6d26645f8f71bd61,6,6,10.17
82da6d26645f8f71bd61,7,0,0.0
82da6d26645f8f71bd61,8,6,10.17
82da6d26645f8f71bd61,9,2,3.39
82da6d26645f8f71bd61,10,6,10.17
82da6d26645f8f71bd61,11,9,15.25
82da6d26645f8f71bd61,12,1,1.69
82da6d26645f8f71bd61,13,2,3.39
82da6d26645f8f71bd61,14,11,18.64
82da6d26645f8f71bd61,15,13,22.03
82da6d26645f8f71bd61,16,1,1.69
82da6d26645f8f71bd61,17,0,0.0
82da6d26645f8f71bd61,18,0,0.0
82da6d26645f8f71bd61,19,0,0.0
82da6d26645f8f71bd61,20,0,0.0
82da6d26645f8f71bd61,21,0,0.0
82da6d26645f8f71bd61,22,0,0.0
82da6d26645f8f71bd61,23,0,0.0
a9554f5c3d61d05617e1,0,0,0.0
a9554f5c3d61d05617e1,1,0,0.0
a9554f5c3d61d05617e1,2,0,0.0
a9554f5c3d61d05617e1,3,0,0.0
a9554f5c3d61d05617e1,4,15,12.71
a9554f5c3d61d05617e1,5,24,20.34
a9554f5c3d61d05617e1,6,1,0.85
a9554f5c3d61d05617e1,7,5,4.24
a9554f5c3d61d05617e1,8,1,0.85
a9554f5c3d61d05617e1,9,0,0.0
a9554f5c3d61d05617e1,10,2,1.69
a9554f5c3d61d05617e1,11,19,16.1
a9554f5c3d61d05617e1,12,12,10.17
a9554f5c3d61d05617e1,13,5,4.24
a9554f5c3d61d05617e1,14,31,26.27
a9554f5c3d61d05617e1,15,3,2.54
a9554f5c3d61d05617e1,16,0,0.0
a9554f5c3d61d05617e1,17,0,0.0
a9554f5c3d61d05617e1,18,0,0.0
a9554f5c3d61d05617e1,19,0,0.0
a9554f5c3d61d05617e1,20,0,0.0
a9554f5c3d61d05617e1,21,0,0.0
a9554f5c3d61d05617e1,22,0,0.0
a9554f5c3d61d05617e1,23,0,0.0
2e2c00240c341a4265e3,0,0,0.0
2e2c00240c341a4265e3,1,0,0.0
2e2c00240c341a4265e3,2,0,0.0
2e2c00240c341a4265e3,3,0,0.0
2e2c00240c341a4265e3,4,0,0.0
2e2c00240c341a4265e3,5,4,3.77
2e2c00240c341a4265e3,6,15,14.15
2e2c00240c341a4265e3,7,1,0.94
2e2c00240c341a4265e3,8,0,0.0
2e2c00240c341a4265e3,9,5,4.72
2e2c00240c341a4265e3,10,0,0.0
2e2c00240c341a4265e3,11,0,0.0
2e2c00240c341a4265e3,12,3,2.83
2e2c00240c341a4265e3,13,16,15.09
2e2c00240c341a4265e3,14,34,32.08
2e2c00240c341a4265e3,15,28,26.42
2e2c00240c341a4265e3,16,0,0.0
2e2c00240c341a4265e3,17,0,0.0
2e2c00240c341a4265e3,18,0,0.0
2e2c00240c341a4265e3,19,0,0.0
2e2c00240c341a4265e3,20,0,0.0
2e2c00240c341a4265e3,21,0,0.0
2e2c00240c341a4265e3,22,0,0.0
2e2c00240c341a4265e3,23,0,0.0
4e768251c78b687fa993,0,11,6.71
4e768251c78b687fa993,1,1,0.61
4e768251c78b687fa993,2,6,3.66
4e768251c78b687fa993,3,11,6.71
4e768251c78b687fa993,4,7,4.27
4e768251c78b687fa993,5,23,14.02
4e768251c78b687fa993,6,4,2.44
4e768251c78b687fa993,7,2,1.22
4e768251c78b687fa993,8,18,10.98
4e768251c78b687fa993,9,1,0.61
4e768251c78b687fa993,10,11,6.71
4e768251c78b687fa993,11,20,12.2
4e768251c78b687fa993,12,14,8.54
4e768251c78b687fa993,13,26,15.85
4e768251c78b687fa993,14,8,4.88
4e768251c78b687fa993,15,0,0.0
4e768251c78b687fa993,16,1,0.61
4e768251c78b687fa993,17,0,0.0
4e768251c78b687fa993,18,0,0.0
4e768251c78b687fa993,19,0,0.0
4e768251c78b687fa993,20,0,0.0
4e768251c78b687fa993,21,0,0.0
4e768251c78b687fa993,22,0,0.0
4e768251c78b687fa993,23,0,0.0
6964a3d507ac1ecf9e52,0,6,2.15
6964a3d507ac1ecf9e52,1,7,2.51
6964a3d507ac1ecf9e52,2,8,2.87
6964a3d507ac1ecf9e52,3,9,3.23
6964a3d507ac1ecf9e52,4,16,5.73
6964a3d507ac1ecf9e52,5,35,12.54
6964a3d507ac1ecf9e52,6,12,4.3
6964a3d507ac1ecf9e52,7,2,0.72
6964a3d507ac1ecf9e52,8,0,0.0
6964a3d507ac1ecf9e52,9,6,2.15
6964a3d507ac1ecf9e52,10,8,2.87
6964a3d507ac1ecf9e52,11,2,0.72
6964a3d507ac1ecf9e52,12,2,0.72
6964a3d507ac1ecf9e52,13,37,13.26
6964a3d507ac1ecf9e52,14,38,13.62
6964a3d507ac1ecf9e52,15,41,14.7
6964a3d507ac1ecf9e52,16,48,17.2
6964a3d507ac1ecf9e52,17,2,0.72
6964a3d507ac1ecf9e52,18,0,0.0
6964a3d507ac1ecf9e52,19,0,0.0
6964a3d507ac1ecf9e52,20,0,0.0
6964a3d507ac1ecf9e52,21,0,0.0
6964a3d507ac1ecf9e52,22,0,0.0
6964a3d507ac1ecf9e52,23,0,0.0
03754dce5ec7731fb3e2,0,0,0.0
03754dce5ec7731fb3e2,1,2,0.98
03754dce5ec7731fb3e2,2,1,0.49
03754dce5ec7731fb3e2,3,3,1.46
03754dce5ec7731fb3e2,4,26,12.68
03754dce5ec7731fb3e2,5,34,16.59
03754dce5ec7731fb3e2,6,22,10.73
03754dce5ec7731fb3e2,7,17,8.29
03754dce5ec7731fb3e2,8,2,0.98
03754dce5ec7731fb3e2,9,5,2.44
03754dce5ec7731fb3e2,10,6,2.93
03754dce5ec7731fb3e2,11,2,0.98
03754dce5ec7731fb3e2,12,10,4.88
03754dce5ec7731fb3e2,13,40,19.51
03754dce5ec7731fb3e2,14,33,16.1
03754dce5ec7731fb3e2,15,2,0.98
03754dce5ec7731fb3e2,16,0,0.0
03754dce5ec7731fb3e2,17,0,0.0
03754dce5ec7731fb3e2,18,0,0.0
03754dce5ec7731fb3e2,19,0,0.0
03754dce5ec7731fb3e2,20,0,0.0
03754dce5ec7731fb3e2,21,0,0.0
03754dce5ec7731fb3e2,22,0,0.0
03754dce5ec7731fb3e2,23,0,0.0
4738a118c8b8fa271fd6,0,7,6.73
4738a118c8b8fa271fd6,1,9,8.65
4738a118c8b8fa271fd6,2,18,17.31
4738a118c8b8fa271fd6,3,7,6.73
4738a118c8b8fa271fd6,4,2,1.92
4738a118c8b8fa271fd6,5,0,0.0
4738a118c8b8fa271fd6,6,3,2.88
4738a118c8b8fa271fd6,7,7,6.73
4738a118c8b8fa271fd6,8,0,0.0
4738a118c8b8fa271fd6,9,0,0.0
4738a118c8b8fa271fd6,10,8,7.69
4738a118c8b8fa271fd6,11,1,0.96
4738a118c8b8fa271fd6,12,11,10.58
4738a118c8b8fa271fd6,13,17,16.35
4738a118c8b8fa271fd6,14,10,9.62
4738a118c8b8fa271fd6,15,0,0.0
4738a118c8b8fa271fd6,16,0,0.0
4738a118c8b8fa271fd6,17,0,0.0
4738a118c8b8fa271fd6,18,0,0.0
4738a118c8b8fa271fd6,19,0,0.0
4738a118c8b8fa271fd6,20,0,0.0
4738a118c8b8fa271fd6,21,0,0.0
4738a118c8b8fa271fd6,22,0,0.0
4738a118c8b8fa271fd6,23,4,3.85
2af634997fba501740c2,0,0,0.0
2af634997fba501740c2,1,0,0.0
2af634997fba501740c2,2,5,3.65
2af634997fba501740c2,3,15,10.95
2af634997fba501740c2,4,22,16.06
2af634997fba501740c2,5,7,5.11
2af634997fba501740c2,6,9,6.57
2af634997fba501740c2,7,9,6.57
2af634997fba501740c2,8,4,2.92
2af634997fba501740c2,9,3,2.19
2af634997fba501740c2,10,2,1.46
2af634997fba501740c2,11,17,12.41
2af634997fba501740c2,12,12,8.76
2af634997fba501740c2,13,28,20.44
2af634997fba501740c2,14,4,2.92
2af634997fba501740c2,15,0,0.0
2af634997fba501740c2,16,0,0.0
2af634997fba501740c2,17,0,0.0
2af634997fba501740c2,18,0,0.0
2af634997fba501740c2,19,0,0.0
2af634997fba501740c2,20,0,0.0
2af634997fba501740c2,21,0,0.0
2af634997fba501740c2,22,0,0.0
2af634997fba501740c2,23,0,0.0
c9e6e9322dd7054e618c,0,0,0.0
c9e6e9322dd7054e618c,1,0,0.0
c9e6e9322dd7054e618c,2,3,4.35
c9e6e9322dd7054e618c,3,0,0.0
c9e6e9322dd7054e618c,4,0,0.0
c9e6e9322dd7054e618c,5,0,0.0
c9e6e9322dd7054e618c,6,0,0.0
c9e6e9322dd7054e618c,7,11,15.94
c9e6e9322dd7054e618c,8,10,14.49
c9e6e9322dd7054e618c,9,6,8.7
c9e6e9322dd7054e618c,10,1,1.45
c9e6e9322dd7054e618c,11,0,0.0
c9e6e9322dd7054e618c,12,15,21.74
c9e6e9322dd7054e618c,13,2,2.9
c9e6e9322dd7054e618c,14,15,21.74
c9e6e9322dd7054e618c,15,6,8.7
c9e6e9322dd7054e618c,16,0,0.0
c9e6e9322dd7054e618c,17,0,0.0
c9e6e9322dd7054e618c,18,0,0.0
c9e6e9322dd7054e618c,19,0,0.0
c9e6e9322dd7054e618c,20,0,0.0
c9e6e9322dd7054e618c,21,0,0.0
c9e6e9322dd7054e618c,22,0,0.0
c9e6e9322dd7054e618c,23,0,0.0
d72abe041b8db9118e70,0,1,1.05
d72abe041b8db9118e70,1,19,20.0
d72abe041b8db9118e70,2,2,2.11
d72abe041b8db9118e70,3,1,1.05
d72abe041b8db9118e70,4,2,2.11
d72abe041b8db9118e70,5,6,6.32
d72abe041b8db9118e70,6,7,7.37
d72abe041b8db9118e70,7,0,0.0
d72abe041b8db9118e70,8,0,0.0
d72abe041b8db9118e70,9,0,0.0
d72abe041b8db9118e70,10,0,0.0
d72abe041b8db9118e70,11,9,9.47
d72abe041b8db9118e70,12,1,1.05
d72abe041b8db9118e70,13,18,18.95
d72abe041b8db9118e70,14,17,17.89
d72abe041b8db9118e70,15,8,8.42
d72abe041b8db9118e70,16,4,4.21
d72abe041b8db9118e70,17,0,0.0
d72abe041b8db9118e70,18,0,0.0
d72abe041b8db9118e70,19,0,0.0
d72abe041b8db9118e70,20,0,0.0
d72abe041b8db9118e70,21,0,0.0
d72abe041b8db9118e70,22,0,0.0
d72abe041b8db9118e70,23,0,0.0
b0a62c35bfc7f529e83b,0,4,5.26
b0a62c35bfc7f529e83b,1,1,1.32
b0a62c35bfc7f529e83b,2,5,6.58
b0a62c35bfc7f529e83b,3,7,9.21
b0a62c35bfc7f529e83b,4,0,0.0
b0a62c35bfc7f529e83b,5,12,15.79
b0a62c35bfc7f529e83b,6,4,5.26
b0a62c35bfc7f529e83b,7,0,0.0
b0a62c35bfc7f529e83b,8,0,0.0
b0a62c35bfc7f529e83b,9,1,1.32
b0a62c35bfc7f529e83b,10,0,0.0
b0a62c35bfc7f529e83b,11,0,0.0
b0a62c35bfc7f529e83b,12,7,9.21
b0a62c35bfc7f529e83b,13,11,14.47
b0a62c35bfc7f529e83b,14,6,7.89
b0a62c35bfc7f529e83b,15,18,23.68
b0a62c35bfc7f529e83b,16,0,0.0
b0a62c35bfc7f529e83b,17,0,0.0
b0a62c35bfc7f529e83b,18,0,0.0
b0a62c35bfc7f529e83b,19,0,0.0
b0a62c35bfc7f529e83b,20,0,0.0
b0a62c35bfc7f529e83b,21,0,0.0
b0a62c35bfc7f529e83b,22,0,0.0
b0a62c35bfc7f529e83b,23,0,0.0
a856f10303ba34926fdd,0,0,0.0
a856f10303ba34926fdd,1,0,0.0
a856f10303ba34926fdd,2,1,1.06
a856f10303ba34926fdd,3,4,4.26
a856f10303ba34926fdd,4,0,0.0
a856f10303ba34926fdd,5,8,8.51
a856f10303ba34926fdd,6,6,6.38
a856f10303ba34926fdd,7,0,0.0
a856f10303ba34926fdd,8,3,3.19
a856f10303ba34926fdd,9,3,3.19
a856f10303ba34926fdd,10,5,5.32
a856f10303ba34926fdd,11,13,13.83
a856f10303ba34926fdd,12,16,17.02
a856f10303ba34926fdd,13,11,11.7
a856f10303ba34926fdd,14,11,11.7
a856f10303ba34926fdd,15,13,13.83
a856f10303ba34926fdd,16,0,0.0
a856f10303ba34926fdd,17,0,0.0
a856f10303ba34926fdd,18,0,0.0
a856f10303ba34926fdd,19,0,0.0
a856f10303ba34926fdd,20,0,0.0
a856f10303ba34926fdd,21,0,0.0
a856f10303ba34926fdd,22,0,0.0
a856f10303ba34926fdd,23,0,0.0
951678e2f3db4cd9911d,0,1,1.35
951678e2f3db4cd9911d,1,1,1.35
951678e2f3db4cd9911d,2,8,10.81
951678e2f3db4cd9911d,3,0,0.0
951678e2f3db4cd9911d,4,9,12.16
951678e2f3db4cd9911d,5,9,12.16
951678e2f3db4cd9911d,6,13,17.57
951678e2f3db4cd9911d,7,2,2.7
951678e2f3db4cd9911d,8,2,2.7
951678e2f3db4cd9911d,9,6,8.11
951678e2f3db4cd9911d,10,3,4.05
951678e2f3db4cd9911d,11,3,4.05
951678e2f3db4cd9911d,12,3,4.05
951678e2f3db4cd9911d,13,0,0.0
951678e2f3db4cd9911d,14,2,2.7
951678e2f3db4cd9911d,15,11,14.86
951678e2f3db4cd9911d,16,0,0.0
951678e2f3db4cd9911d,17,0,0.0
951678e2f3db4cd9911d,18,0,0.0
951678e2f3db4cd9911d,19,0,0.0
951678e2f3db4cd9911d,20,0,0.0
951678e2f3db4cd9911d,21,0,0.0
951678e2f3db4cd9911d,22,0,0.0
951678e2f3db4cd9911d,23,1,1.35
b34d4dc5b6c5fd7c5def,0,0,0.0
b34d4dc5b6c5fd7c5def,1,0,0.0
b34d4dc5b6c5fd7c5def,2,4,6.06
b34d4dc5b6c5fd7c5def,3,2,3.03
b34d4dc5b6c5fd7c5def,4,11,16.67
b34d4dc5b6c5fd7c5def,5,4,6.06
b34d4dc5b6c5fd7c5def,6,8,12.12
b34d4dc5b6c5fd7c5def,7,1,1.52
b34d4dc5b6c5fd7c5def,8,0,0.0
b34d4dc5b6c5fd7c5def,9,0,0.0
b34d4dc5b6c5fd7c5def,10,8,12.12
b34d4dc5b6c5fd7c5def,11,7,10.61
b34d4dc5b6c5fd7c5def,12,13,19.7
b34d4dc5b6c5fd7c5def,13,3,4.55
b34d4dc5b6c5fd7c5def,14,4,6.06
b34d4dc5b6c5fd7c5def,15,1,1.52
b34d4dc5b6c5fd7c5def,16,0,0.0
b34d4dc5b6c5fd7c5def,17,0,0.0
b34d4dc5b6c5fd7c5def,18,0,0.0
b34d4dc5b6c5fd7c5def,19,0,0.0
b34d4dc5b6c5fd7c5def,20,0,0.0
b34d4dc5b6c5fd7c5def,21,0,0.0
b34d4dc5b6c5fd7c5def,22,0,0.0
b34d4dc5b6c5fd7c5def,23,0,0.0
430420fb41fe0a889868,0,1,0.47
430420fb41fe0a889868,1,30,14.08
430420fb41fe0a889868,2,9,4.23
430420fb41fe0a889868,3,4,1.88
430420fb41fe0a889868,4,3,1.41
430420fb41fe0a889868,5,0,0.0
430420fb41fe0a889868,6,14,6.57
430420fb41fe0a889868,7,6,2.82
430420fb41fe0a889868,8,3,1.41
430420fb41fe0a889868,9,0,0.0
430420fb41fe0a889868,10,5,2.35
430420fb41fe0a889868,11,17,7.98
430420fb41fe0a889868,12,25,11.74
430420fb41fe0a889868,13,24,11.27
430420fb41fe0a889868,14,30,14.08
430420fb41fe0a889868,15,30,14.08
430420fb41fe0a889868,16,10,4.69
430420fb41fe0a889868,17,2,0.94
430420fb41fe0a889868,18,0,0.0
430420fb41fe0a889868,19,0,0.0
430420fb41fe0a889868,20,0,0.0
430420fb41fe0a889868,21,0,0.0
430420fb41fe0a889868,22,0,0.0
430420fb41fe0a889868,23,0,0.0
e17f01453906e3ae5716,0,3,1.46
e17f01453906e3ae5716,1,0,0.0
e17f01453906e3ae5716,2,0,0.0
e17f01453906e3ae5716,3,0,0.0
e17f01453906e3ae5716,4,1,0.49
e17f01453906e3ae5716,5,12,5.85
e17f01453906e3ae5716,6,2,0.98
e17f01453906e3ae5716,7,4,1.95
e17f01453906e3ae5716,8,16,7.8
e17f01453906e3ae5716,9,5,2.44
e17f01453906e3ae5716,10,45,21.95
e17f01453906e3ae5716,11,30,14.63
e17f01453906e3ae5716,12,10,4.88
e17f01453906e3ae5716,13,28,13.66
e17f01453906e3ae5716,14,30,14.63
e17f01453906e3ae5716,15,19,9.27
e17f01453906e3ae5716,16,0,0.0
e17f01453906e3ae5716,17,0,0.0
e17f01453906e3ae5716,18,0,0.0
e17f01453906e3ae5716,19,0,0.0
e17f01453906e3ae5716,20,0,0.0
e17f01453906e3ae5716,21,0,0.0
e17f01453906e3ae5716,22,0,0.0
e17f01453906e3ae5716,23,0,0.0
d536120baaef5495c028,0,15,14.42
d536120baaef5495c028,1,19,18.27
d536120baaef5495c028,2,6,5.77
d536120baaef5495c028,3,0,0.0
d536120baaef5495c028,4,5,4.81
d536120baaef5495c028,5,0,0.0
d536120baaef5495c028,6,0,0.0
d536120baaef5495c028,7,0,0.0
d536120baaef5495c028,8,3,2.88
d536120baaef5495c028,9,0,0.0
d536120baaef5495c028,10,0,0.0
d536120baaef5495c028,11,0,0.0
d536120baaef5495c028,12,9,8.65
d536120baaef5495c028,13,44,42.31
d536120baaef5495c028,14,1,0.96
d536120baaef5495c028,15,1,0.96
d536120baaef5495c028,16,0,0.0
d536120baaef5495c028,17,0,0.0
d536120baaef5495c028,18,0,0.0
d536120baaef5495c028,19,0,0.0
d536120baaef5495c028,20,0,0.0
d536120baaef5495c028,21,0,0.0
d536120baaef5495c028,22,0,0.0
d536120baaef5495c028,23,1,0.96
2ecb7fb5ff8899614c12,0,3,1.72
2ecb7fb5ff8899614c12,1,0,0.0
2ecb7fb5ff8899614c12,2,19,10.92
2ecb7fb5ff8899614c12,3,0,0.0
2ecb7fb5ff8899614c12,4,0,0.0
2ecb7fb5ff8899614c12,5,0,0.0
2ecb7fb5ff8899614c12,6,13,7.47
2ecb7fb5ff8899614c12,7,6,3.45
2ecb7fb5ff8899614c12,8,0,0.0
2ecb7fb5ff8899614c12,9,0,0.0
2ecb7fb5ff8899614c12,10,64,36.78
2ecb7fb5ff8899614c12,11,32,18.39
2ecb7fb5ff8899614c12,12,1,0.57
2ecb7fb5ff8899614c12,13,9,5.17
2ecb7fb5ff8899614c12,14,14,8.05
2ecb7fb5ff8899614c12,15,13,7.47
2ecb7fb5ff8899614c12,16,0,0.0
2ecb7fb5ff8899614c12,17,0,0.0
2ecb7fb5ff8899614c12,18,0,0.0
2ecb7fb5ff8899614c12,19,0,0.0
2ecb7fb5ff8899614c12,20,0,0.0
2ecb7fb5ff8899614c12,21,0,0.0
2ecb7fb5ff8899614c12,22,0,0.0
2ecb7fb5ff8899614c12,23,0,0.0
d6f3f410bbb24244d270,0,0,0.0
d6f3f410bbb24244d270,1,0,0.0
d6f3f410bbb24244d270,2,0,0.0
d6f3f410bbb24244d270,3,0,0.0
d6f3f410bbb24244d270,4,3,1.99
d6f3f410bbb24244d270,5,9,5.96
d6f3f410bbb24244d270,6,13,8.61
d6f3f410bbb24244d270,7,1,0.66
d6f3f410bbb24244d270,8,21,13.91
d6f3f410bbb24244d270,9,2,1.32
d6f3f410bbb24244d270,10,30,19.87
d6f3f410bbb24244d270,11,17,11.26
d6f3f410bbb24244d270,12,21,13.91
d6f3f410bbb24244d270,13,26,17.22
d6f3f410bbb24244d270,14,7,4.64
d6f3f410bbb24244d270,15,1,0.66
d6f3f410bbb24244d270,16,0,0.0
d6f3f410bbb24244d270,17,0,0.0
d6f3f410bbb24244d270,18,0,0.0
d6f3f410bbb24244d270,19,0,0.0
d6f3f410bbb24244d270,20,0,0.0
d6f3f410bbb24244d270,21,0,0.0
d6f3f410bbb24244d270,22,0,0.0
d6f3f410bbb24244d270,23,0,0.0
67f8d47cfb7b7b3d2095,0,5,2.63
67f8d47cfb7b7b3d2095,1,7,3.68
67f8d47cfb7b7b3d2095,2,1,0.53
67f8d47cfb7b7b3d2095,3,19,10.0
67f8d47cfb7b7b3d2095,4,14,7.37
67f8d47cfb7b7b3d2095,5,24,12.63
67f8d47cfb7b7b3d2095,6,6,3.16
67f8d47cfb7b7b3d2095,7,0,0.0
67f8d47cfb7b7b3d2095,8,0,0.0
67f8d47cfb7b7b3d2095,9,0,0.0
67f8d47cfb7b7b3d2095,10,2,1.05
67f8d47cfb7b7b3d2095,11,36,18.95
67f8d47cfb7b7b3d2095,12,17,8.95
67f8d47cfb7b7b3d2095,13,5,2.63
67f8d47cfb7b7b3d2095,14,14,7.37
67f8d47cfb7b7b3d2095,15,36,18.95
67f8d47cfb7b7b3d2095,16,0,0.0
67f8d47cfb7b7b3d2095,17,0,0.0
67f8d47cfb7b7b3d2095,18,4,2.11
67f8d47cfb7b7b3d2095,19,0,0.0
67f8d47cfb7b7b3d2095,20,0,0.0
67f8d47cfb7b7b3d2095,21,0,0.0
67f8d47cfb7b7b3d2095,22,0,0.0
67f8d47cfb7b7b3d2095,23,0,0.0
a0fa57995e3e8cdcc13a,0,2,1.04
a0fa57995e3e8cdcc13a,1,12,6.22
a0fa57995e3e8cdcc13a,2,6,3.11
a0fa57995e3e8cdcc13a,3,4,2.07
a0fa57995e3e8cdcc13a,4,2,1.04
a0fa57995e3e8cdcc13a,5,7,3.63
a0fa57995e3e8cdcc13a,6,18,9.33
a0fa57995e3e8cdcc13a,7,2,1.04
a0fa57995e3e8cdcc13a,8,10,5.18
a0fa57995e3e8cdcc13a,9,1,0.52
a0fa57995e3e8cdcc13a,10,24,12.44
a0fa57995e3e8cdcc13a,11,10,5.18
a0fa57995e3e8cdcc13a,12,71,36.79
a0fa57995e3e8cdcc13a,13,12,6.22
a0fa57995e3e8cdcc13a,14,11,5.7
a0fa57995e3e8cdcc13a,15,0,0.0
a0fa57995e3e8cdcc13a,16,0,0.0
a0fa57995e3e8cdcc13a,17,0,0.0
a0fa57995e3e8cdcc13a,18,0,0.0
a0fa57995e3e8cdcc13a,19,0,0.0
a0fa57995e3e8cdcc13a,20,0,0.0
a0fa57995e3e8cdcc13a,21,0,0.0
a0fa57995e3e8cdcc13a,22,0,0.0
a0fa57995e3e8cdcc13a,23,1,0.52
fe40bd528b4fbbf591e1,0,0,0.0
fe40bd528b4fbbf591e1,1,9,6.0
fe40bd528b4fbbf591e1,2,0,0.0
fe40bd528b4fbbf591e1,3,0,0.0
fe40bd528b4fbbf591e1,4,13,8.67
fe40bd528b4fbbf591e1,5,6,4.0
fe40bd528b4fbbf591e1,6,3,2.0
fe40bd528b4fbbf591e1,7,4,2.67
fe40bd528b4fbbf591e1,8,3,2.0
fe40bd528b4fbbf591e1,9,2,1.33
fe40bd528b4fbbf591e1,10,7,4.67
fe40bd528b4fbbf591e1,11,20,13.33
fe40bd528b4fbbf591e1,12,8,5.33
fe40bd528b4fbbf591e1,13,28,18.67
fe40bd528b4fbbf591e1,14,47,31.33
fe40bd528b4fbbf591e1,15,0,0.0
fe40bd528b4fbbf591e1,16,0,0.0
fe40bd528b4fbbf591e1,17,0,0.0
fe40bd528b4fbbf591e1,18,0,0.0
fe40bd528b4fbbf591e1,19,0,0.0
fe40bd528b4fbbf591e1,20,0,0.0
fe40bd528b4fbbf591e1,21,0,0.0
fe40bd528b4fbbf591e1,22,0,0.0
fe40bd528b4fbbf591e1,23,0,0.0
be52205cb48c05e10567,0,0,0.0
be52205cb48c05e10567,1,5,17.86
be52205cb48c05e10567,2,3,10.71
be52205cb48c05e10567,3,0,0.0
be52205cb48c05e10567,4,0,0.0
be52205cb48c05e10567,5,0,0.0
be52205cb48c05e10567,6,0,0.0
be52205cb48c05e10567,7,1,3.57
be52205cb48c05e10567,8,0,0.0
be52205cb48c05e10567,9,0,0.0
be52205cb48c05e10567,10,14,50.0
be52205cb48c05e10567,11,0,0.0
be52205cb48c05e10567,12,3,10.71
be52205cb48c05e10567,13,2,7.14
be52205cb48c05e10567,14,0,0.0
be52205cb48c05e10567,15,0,0.0
be52205cb48c05e10567,16,0,0.0
be52205cb48c05e10567,17,0,0.0
be52205cb48c05e10567,18,0,0.0
be52205cb48c05e10567,19,0,0.0
be52205cb48c05e10567,20,0,0.0
be52205cb48c05e10567,21,0,0.0
be52205cb48c05e10567,22,0,0.0
be52205cb48c05e10567,23,0,0.0
03e0c9bff3a9557480d9,0,0,0.0
03e0c9bff3a9557480d9,1,7,7.29
03e0c9bff3a9557480d9,2,5,5.21
03e0c9bff3a9557480d9,3,1,1.04
03e0c9bff3a9557480d9,4,1,1.04
03e0c9bff3a9557480d9,5,7,7.29
03e0c9bff3a9557480d9,6,0,0.0
03e0c9bff3a9557480d9,7,8,8.33
03e0c9bff3a9557480d9,8,4,4.17
03e0c9bff3a9557480d9,9,0,0.0
03e0c9bff3a9557480d9,10,2,2.08
03e0c9bff3a9557480d9,11,10,10.42
03e0c9bff3a9557480d9,12,13,13.54
03e0c9bff3a9557480d9,13,17,17.71
03e0c9bff3a9557480d9,14,6,6.25
03e0c9bff3a9557480d9,15,9,9.38
03e0c9bff3a9557480d9,16,0,0.0
03e0c9bff3a9557480d9,17,0,0.0
03e0c9bff3a9557480d9,18,0,0.0
03e0c9bff3a9557480d9,19,0,0.0
03e0c9bff3a9557480d9,20,0,0.0
03e0c9bff3a9557480d9,21,0,0.0
03e0c9bff3a9557480d9,22,0,0.0
03e0c9bff3a9557480d9,23,6,6.25
60c3549c706fe13322ce,0,0,0.0
60c3549c706fe13322ce,1,0,0.0
60c3549c706fe13322ce,2,19,17.43
60c3549c706fe13322ce,3,1,0.92
60c3549c706fe13322ce,4,3,2.75
60c3549c706fe13322ce,5,19,17.43
60c3549c706fe13322ce,6,13,11.93
60c3549c706fe13322ce,7,1,0.92
60c3549c706fe13322ce,8,2,1.83
60c3549c706fe13322ce,9,11,10.09
60c3549c706fe13322ce,10,18,16.51
60c3549c706fe13322ce,11,13,11.93
60c3549c706fe13322ce,12,5,4.59
60c3549c706fe13322ce,13,0,0.0
60c3549c706fe13322ce,14,4,3.67
60c3549c706fe13322ce,15,0,0.0
60c3549c706fe13322ce,16,0,0.0
60c3549c706fe13322ce,17,0,0.0
60c3549c706fe13322ce,18,0,0.0
60c3549c706fe13322ce,19,0,0.0
60c3549c706fe13322ce,20,0,0.0
60c3549c706fe13322ce,21,0,0.0
60c3549c706fe13322ce,22,0,0.0
60c3549c706fe13322ce,23,0,0.0
2826ec26211d83efd2c6,0,0,0.0
2826ec26211d83efd2c6,1,0,0.0
2826ec26211d83efd2c6,2,8,7.14
2826ec26211d83efd2c6,3,0,0.0
2826ec26211d83efd2c6,4,2,1.79
2826ec26211d83efd2c6,5,6,5.36
2826ec26211d83efd2c6,6,1,0.89
2826ec26211d83efd2c6,7,4,3.57
2826ec26211d83efd2c6,8,2,1.79
2826ec26211d83efd2c6,9,4,3.57
2826ec26211d83efd2c6,10,3,2.68
2826ec26211d83efd2c6,11,6,5.36
2826ec26211d83efd2c6,12,14,12.5
2826ec26211d83efd2c6,13,32,28.57
2826ec26211d83efd2c6,14,26,23.21
2826ec26211d83efd2c6,15,2,1.79
2826ec26211d83efd2c6,16,0,0.0
2826ec26211d83efd2c6,17,0,0.0
2826ec26211d83efd2c6,18,0,0.0
2826ec26211d83efd2c6,19,0,0.0
2826ec26211d83efd2c6,20,0,0.0
2826ec26211d83efd2c6,21,0,0.0
2826ec26211d83efd2c6,22,0,0.0
2826ec26211d83efd2c6,23,2,1.79
6b9ee688551136da2eb9,0,0,0.0
6b9ee688551136da2eb9,1,0,0.0
6b9ee688551136da2eb9,2,0,0.0
6b9ee688551136da2eb9,3,0,0.0
6b9ee688551136da2eb9,4,0,0.0
6b9ee688551136da2eb9,5,5,4.72
6b9ee688551136da2eb9,6,9,8.49
6b9ee688551136da2eb9,7,8,7.55
6b9ee688551136da2eb9,8,0,0.0
6b9ee688551136da2eb9,9,0,0.0
6b9ee688551136da2eb9,10,21,19.81
6b9ee688551136da2eb9,11,3,2.83
6b9ee688551136da2eb9,12,10,9.43
6b9ee688551136da2eb9,13,7,6.6
6b9ee688551136da2eb9,14,8,7.55
6b9ee688551136da2eb9,15,35,33.02
6b9ee688551136da2eb9,16,0,0.0
6b9ee688551136da2eb9,17,0,0.0
6b9ee688551136da2eb9,18,0,0.0
6b9ee688551136da2eb9,19,0,0.0
6b9ee688551136da2eb9,20,0,0.0
6b9ee688551136da2eb9,21,0,0.0
6b9ee688551136da2eb9,22,0,0.0
6b9ee688551136da2eb9,23,0,0.0
454c91e8f96c1dc4e994,0,0,0.0
454c91e8f96c1dc4e994,1,0,0.0
454c91e8f96c1dc4e994,2,3,1.71
454c91e8f96c1dc4e994,3,3,1.71
454c91e8f96c1dc4e994,4,3,1.71
454c91e8f96c1dc4e994,5,24,13.71
454c91e8f96c1dc4e994,6,9,5.14
454c91e8f96c1dc4e994,7,3,1.71
454c91e8f96c1dc4e994,8,5,2.86
454c91e8f96c1dc4e994,9,15,8.57
454c91e8f96c1dc4e994,10,8,4.57
454c91e8f96c1dc4e994,11,20,11.43
454c91e8f96c1dc4e994,12,18,10.29
454c91e8f96c1dc4e994,13,25,14.29
454c91e8f96c1dc4e994,14,18,10.29
454c91e8f96c1dc4e994,15,20,11.43
454c91e8f96c1dc4e994,16,1,0.57
454c91e8f96c1dc4e994,17,0,0.0
454c91e8f96c1dc4e994,18,0,0.0
454c91e8f96c1dc4e994,19,0,0.0
454c91e8f96c1dc4e994,20,0,0.0
454c91e8f96c1dc4e994,21,0,0.0
454c91e8f96c1dc4e994,22,0,0.0
454c91e8f96c1dc4e994,23,0,0.0
854ce9f7f4d7b6115854,0,1,1.64
854ce9f7f4d7b6115854,1,12,19.67
854ce9f7f4d7b6115854,2,6,9.84
854ce9f7f4d7b6115854,3,1,1.64
854ce9f7f4d7b6115854,4,4,6.56
854ce9f7f4d7b6115854,5,0,0.0
854ce9f7f4d7b6115854,6,0,0.0
854ce9f7f4d7b6115854,7,3,4.92
854ce9f7f4d7b6115854,8,4,6.56
854ce9f7f4d7b6115854,9,4,6.56
854ce9f7f4d7b6115854,10,1,1.64
854ce9f7f4d7b6115854,11,11,18.03
854ce9f7f4d7b6115854,12,14,22.95
854ce9f7f4d7b6115854,13,0,0.0
854ce9f7f4d7b6115854,14,0,0.0
854ce9f7f4d7b6115854,15,0,0.0
854ce9f7f4d7b6115854,16,0,0.0
854ce9f7f4d7b6115854,17,0,0.0
854ce9f7f4d7b6115854,18,0,0.0
854ce9f7f4d7b6115854,19,0,0.0
854ce9f7f4d7b6115854,20,0,0.0
854ce9f7f4d7b6115854,21,0,0.0
854ce9f7f4d7b6115854,22,0,0.0
854ce9f7f4d7b6115854,23,0,0.0
d103bd9455fb9258c805,0,0,0.0
d103bd9455fb9258c805,1,0,0.0
d103bd9455fb9258c805,2,4,4.3
d103bd9455fb9258c805,3,2,2.15
d103bd9455fb9258c805,4,0,0.0
d103bd9455fb9258c805,5,7,7.53
d103bd9455fb9258c805,6,0,0.0
d103bd9455fb9258c805,7,0,0.0
d103bd9455fb9258c805,8,11,11.83
d103bd9455fb9258c805,9,1,1.08
d103bd9455fb9258c805,10,8,8.6
d103bd9455fb9258c805,11,18,19.35
d103bd9455fb9258c805,12,23,24.73
d103bd9455fb9258c805,13,6,6.45
d103bd9455fb9258c805,14,11,11.83
d103bd9455fb9258c805,15,2,2.15
d103bd9455fb9258c805,16,0,0.0
d103bd9455fb9258c805,17,0,0.0
d103bd9455fb9258c805,18,0,0.0
d103bd9455fb9258c805,19,0,0.0
d103bd9455fb9258c805,20,0,0.0
d103bd9455fb9258c805,21,0,0.0
d103bd9455fb9258c805,22,0,0.0
d103bd9455fb9258c805,23,0,0.0
13de1d3a55477a0c0329,0,0,0.0
13de1d3a55477a0c0329,1,0,0.0
13de1d3a55477a0c0329,2,6,5.22
13de1d3a55477a0c0329,3,4,3.48
13de1d3a55477a0c0329,4,2,1.74
13de1d3a55477a0c0329,5,5,4.35
13de1d3a55477a0c0329,6,0,0.0
13de1d3a55477a0c0329,7,0,0.0
13de1d3a55477a0c0329,8,3,2.61
13de1d3a55477a0c0329,9,0,0.0
13de1d3a55477a0c0329,10,0,0.0
13de1d3a55477a0c0329,11,0,0.0
13de1d3a55477a0c0329,12,13,11.3
13de1d3a55477a0c0329,13,49,42.61
13de1d3a55477a0c0329,14,23,20.0
13de1d3a55477a0c0329,15,10,8.7
13de1d3a55477a0c0329,16,0,0.0
13de1d3a55477a0c0329,17,0,0.0
13de1d3a55477a0c0329,18,0,0.0
13de1d3a55477a0c0329,19,0,0.0
13de1d3a55477a0c0329,20,0,0.0
13de1d3a55477a0c0329,21,0,0.0
13de1d3a55477a0c0329,22,0,0.0
13de1d3a55477a0c0329,23,0,0.0
pg8ucem69ixbqhznx0x2,0,2,2.25
pg8ucem69ixbqhznx0x2,1,0,0.0
pg8ucem69ixbqhznx0x2,2,2,2.25
pg8ucem69ixbqhznx0x2,3,0,0.0
pg8ucem69ixbqhznx0x2,4,4,4.49
pg8ucem69ixbqhznx0x2,5,7,7.87
pg8ucem69ixbqhznx0x2,6,7,7.87
pg8ucem69ixbqhznx0x2,7,2,2.25
pg8ucem69ixbqhznx0x2,8,3,3.37
pg8ucem69ixbqhznx0x2,9,0,0.0
pg8ucem69ixbqhznx0x2,10,9,10.11
pg8ucem69ixbqhznx0x2,11,12,13.48
pg8ucem69ixbqhznx0x2,12,16,17.98
pg8ucem69ixbqhznx0x2,13,11,12.36
pg8ucem69ixbqhznx0x2,14,10,11.24
pg8ucem69ixbqhznx0x2,15,2,2.25
pg8ucem69ixbqhznx0x2,16,0,0.0
pg8ucem69ixbqhznx0x2,17,0,0.0
pg8ucem69ixbqhznx0x2,18,0,0.0
pg8ucem69ixbqhznx0x2,19,0,0.0
pg8ucem69ixbqhznx0x2,20,0,0.0
pg8ucem69ixbqhznx0x2,21,0,0.0
pg8ucem69ixbqhznx0x2,22,0,0.0
pg8ucem69ixbqhznx0x2,23,2,2.25
vzdurh8f0rfus5h4bde2,0,1,1.1
vzdurh8f0rfus5h4bde2,1,3,3.3
vzdurh8f0rfus5h4bde2,2,5,5.49
vzdurh8f0rfus5h4bde2,3,1,1.1
vzdurh8f0rfus5h4bde2,4,2,2.2
vzdurh8f0rfus5h4bde2,5,10,10.99
vzdurh8f0rfus5h4bde2,6,4,4.4
vzdurh8f0rfus5h4bde2,7,3,3.3
vzdurh8f0rfus5h4bde2,8,1,1.1
vzdurh8f0rfus5h4bde2,9,4,4.4
vzdurh8f0rfus5h4bde2,10,7,7.69
vzdurh8f0rfus5h4bde2,11,13,14.29
vzdurh8f0rfus5h4bde2,12,4,4.4
vzdurh8f0rfus5h4bde2,13,10,10.99
vzdurh8f0rfus5h4bde2,14,12,13.19
vzdurh8f0rfus5h4bde2,15,10,10.99
vzdurh8f0rfus5h4bde2,16,0,0.0
vzdurh8f0rfus5h4bde2,17,0,0.0
vzdurh8f0rfus5h4bde2,18,0,0.0
vzdurh8f0rfus5h4bde2,19,0,0.0
vzdurh8f0rfus5h4bde2,20,0,0.0
vzdurh8f0rfus5h4bde2,21,0,0.0
vzdurh8f0rfus5h4bde2,22,0,0.0
vzdurh8f0rfus5h4bde2,23,1,1.1
ucxxvfcovdwuokyswife,0,2,2.15
ucxxvfcovdwuokyswife,1,3,3.23
ucxxvfcovdwuokyswife,2,1,1.08
ucxxvfcovdwuokyswife,3,1,1.08
ucxxvfcovdwuokyswife,4,3,3.23
ucxxvfcovdwuokyswife,5,7,7.53
ucxxvfcovdwuokyswife,6,3,3.23
ucxxvfcovdwuokyswife,7,2,2.15
ucxxvfcovdwuokyswife,8,5,5.38
ucxxvfcovdwuokyswife,9,3,3.23
ucxxvfcovdwuokyswife,10,4,4.3
ucxxvfcovdwuokyswife,11,7,7.53
ucxxvfcovdwuokyswife,12,17,18.28
ucxxvfcovdwuokyswife,13,9,9.68
ucxxvfcovdwuokyswife,14,19,20.43
ucxxvfcovdwuokyswife,15,6,6.45
ucxxvfcovdwuokyswife,16,1,1.08
ucxxvfcovdwuokyswife,17,0,0.0
ucxxvfcovdwuokyswife,18,0,0.0
ucxxvfcovdwuokyswife,19,0,0.0
ucxxvfcovdwuokyswife,20,0,0.0
ucxxvfcovdwuokyswife,21,0,0.0
ucxxvfcovdwuokyswife,22,0,0.0
ucxxvfcovdwuokyswife,23,0,0.0
yums89f0epz009xrrwrf,0,0,0.0
yums89f0epz009xrrwrf,1,1,1.12
yums89f0epz009xrrwrf,2,2,2.25
yums89f0epz009xrrwrf,3,1,1.12
yums89f0epz009xrrwrf,4,3,3.37
yums89f0epz009xrrwrf,5,10,11.24
yums89f0epz009xrrwrf,6,3,3.37
yums89f0epz009xrrwrf,7,1,1.12
yums89f0epz009xrrwrf,8,8,8.99
yums89f0epz009xrrwrf,9,3,3.37
yums89f0epz009xrrwrf,10,3,3.37
yums89f0epz009xrrwrf,11,8,8.99
yums89f0epz009xrrwrf,12,3,3.37
yums89f0epz009xrrwrf,13,16,17.98
yums89f0epz009xrrwrf,14,17,19.1
yums89f0epz009xrrwrf,15,10,11.24
yums89f0epz009xrrwrf,16,0,0.0
yums89f0epz009xrrwrf,17,0,0.0
yums89f0epz009xrrwrf,18,0,0.0
yums89f0epz009xrrwrf,19,0,0.0
yums89f0epz009xrrwrf,20,0,0.0
yums89f0epz009xrrwrf,21,0,0.0
yums89f0epz009xrrwrf,22,0,0.0
yums89f0epz009xrrwrf,23,0,0.0
4y1vvkscejq34042oag4,0,1,1.1
4y1vvkscejq34042oag4,1,3,3.3
4y1vvkscejq34042oag4,2,1,1.1
4y1vvkscejq34042oag4,3,1,1.1
4y1vvkscejq34042oag4,4,4,4.4
4y1vvkscejq34042oag4,5,9,9.89
4y1vvkscejq34042oag4,6,5,5.49
4y1vvkscejq34042oag4,7,4,4.4
4y1vvkscejq34042oag4,8,2,2.2
4y1vvkscejq34042oag4,9,3,3.3
4y1vvkscejq34042oag4,10,6,6.59
4y1vvkscejq34042oag4,11,11,12.09
4y1vvkscejq34042oag4,12,8,8.79
4y1vvkscejq34042oag4,13,11,12.09
4y1vvkscejq34042oag4,14,10,10.99
4y1vvkscejq34042oag4,15,11,12.09
4y1vvkscejq34042oag4,16,1,1.1
4y1vvkscejq34042oag4,17,0,0.0
4y1vvkscejq34042oag4,18,0,0.0
4y1vvkscejq34042oag4,19,0,0.0
4y1vvkscejq34042oag4,20,0,0.0
4y1vvkscejq34042oag4,21,0,0.0
4y1vvkscejq34042oag4,22,0,0.0
4y1vvkscejq34042oag4,23,0,0.0
ng2c52g74hfaudyxmm6m,0,1,0.81
ng2c52g74hfaudyxmm6m,1,5,4.07
ng2c52g74hfaudyxmm6m,2,4,3.25
ng2c52g74hfaudyxmm6m,3,4,3.25
ng2c52g74hfaudyxmm6m,4,4,3.25
ng2c52g74hfaudyxmm6m,5,9,7.32
ng2c52g74hfaudyxmm6m,6,7,5.69
ng2c52g74hfaudyxmm6m,7,3,2.44
ng2c52g74hfaudyxmm6m,8,2,1.63
ng2c52g74hfaudyxmm6m,9,3,2.44
ng2c52g74hfaudyxmm6m,10,8,6.5
ng2c52g74hfaudyxmm6m,11,11,8.94
ng2c52g74hfaudyxmm6m,12,19,15.45
ng2c52g74hfaudyxmm6m,13,11,8.94
ng2c52g74hfaudyxmm6m,14,14,11.38
ng2c52g74hfaudyxmm6m,15,17,13.82
ng2c52g74hfaudyxmm6m,16,0,0.0
ng2c52g74hfaudyxmm6m,17,0,0.0
ng2c52g74hfaudyxmm6m,18,0,0.0
ng2c52g74hfaudyxmm6m,19,0,0.0
ng2c52g74hfaudyxmm6m,20,0,0.0
ng2c52g74hfaudyxmm6m,21,0,0.0
ng2c52g74hfaudyxmm6m,22,0,0.0
ng2c52g74hfaudyxmm6m,23,1,0.81
ttsjumez81r1ot6tfe7n,0,3,3.66
ttsjumez81r1ot6tfe7n,1,2,2.44
ttsjumez81r1ot6tfe7n,2,2,2.44
ttsjumez81r1ot6tfe7n,3,1,1.22
ttsjumez81r1ot6tfe7n,4,1,1.22
ttsjumez81r1ot6tfe7n,5,5,6.1
ttsjumez81r1ot6tfe7n,6,4,4.88
ttsjumez81r1ot6tfe7n,7,1,1.22
ttsjumez81r1ot6tfe7n,8,6,7.32
ttsjumez81r1ot6tfe7n,9,1,1.22
ttsjumez81r1ot6tfe7n,10,8,9.76
ttsjumez81r1ot6tfe7n,11,9,10.98
ttsjumez81r1ot6tfe7n,12,7,8.54
ttsjumez81r1ot6tfe7n,13,10,12.2
ttsjumez81r1ot6tfe7n,14,12,14.63
ttsjumez81r1ot6tfe7n,15,9,10.98
ttsjumez81r1ot6tfe7n,16,1,1.22
ttsjumez81r1ot6tfe7n,17,0,0.0
ttsjumez81r1ot6tfe7n,18,0,0.0
ttsjumez81r1ot6tfe7n,19,0,0.0
ttsjumez81r1ot6tfe7n,20,0,0.0
ttsjumez81r1ot6tfe7n,21,0,0.0
ttsjumez81r1ot6tfe7n,22,0,0.0
ttsjumez81r1ot6tfe7n,23,0,0.0
m3xzctvbxlbxz80zz042,0,1,1.01
m3xzctvbxlbxz80zz042,1,2,2.02
m3xzctvbxlbxz80zz042,2,4,4.04
m3xzctvbxlbxz80zz042,3,3,3.03
m3xzctvbxlbxz80zz042,4,8,8.08
m3xzctvbxlbxz80zz042,5,8,8.08
m3xzctvbxlbxz80zz042,6,12,12.12
m3xzctvbxlbxz80zz042,7,2,2.02
m3xzctvbxlbxz80zz042,8,5,5.05
m3xzctvbxlbxz80zz042,9,1,1.01
m3xzctvbxlbxz80zz042,10,5,5.05
m3xzctvbxlbxz80zz042,11,7,7.07
m3xzctvbxlbxz80zz042,12,7,7.07
m3xzctvbxlbxz80zz042,13,13,13.13
m3xzctvbxlbxz80zz042,14,13,13.13
m3xzctvbxlbxz80zz042,15,7,7.07
m3xzctvbxlbxz80zz042,16,0,0.0
m3xzctvbxlbxz80zz042,17,0,0.0
m3xzctvbxlbxz80zz042,18,0,0.0
m3xzctvbxlbxz80zz042,19,0,0.0
m3xzctvbxlbxz80zz042,20,0,0.0
m3xzctvbxlbxz80zz042,21,0,0.0
m3xzctvbxlbxz80zz042,22,0,0.0
m3xzctvbxlbxz80zz042,23,1,1.01
1nebcwra7a0fduy8c1fa,0,3,2.97
1nebcwra7a0fduy8c1fa,1,4,3.96
1nebcwra7a0fduy8c1fa,2,1,0.99
1nebcwra7a0fduy8c1fa,3,3,2.97
1nebcwra7a0fduy8c1fa,4,7,6.93
1nebcwra7a0fduy8c1fa,5,2,1.98
1nebcwra7a0fduy8c1fa,6,3,2.97
1nebcwra7a0fduy8c1fa,7,0,0.0
1nebcwra7a0fduy8c1fa,8,2,1.98
1nebcwra7a0fduy8c1fa,9,1,0.99
1nebcwra7a0fduy8c1fa,10,10,9.9
1nebcwra7a0fduy8c1fa,11,16,15.84
1nebcwra7a0fduy8c1fa,12,9,8.91
1nebcwra7a0fduy8c1fa,13,17,16.83
1nebcwra7a0fduy8c1fa,14,12,11.88
1nebcwra7a0fduy8c1fa,15,10,9.9
1nebcwra7a0fduy8c1fa,16,0,0.0
1nebcwra7a0fduy8c1fa,17,0,0.0
1nebcwra7a0fduy8c1fa,18,0,0.0
1nebcwra7a0fduy8c1fa,19,0,0.0
1nebcwra7a0fduy8c1fa,20,0,0.0
1nebcwra7a0fduy8c1fa,21,0,0.0
1nebcwra7a0fduy8c1fa,22,0,0.0
1nebcwra7a0fduy8c1fa,23,1,0.99
z9q10sbk27qpuvatlkuw,0,3,3.41
z9q10sbk27qpuvatlkuw,1,1,1.14
z9q10sbk27qpuvatlkuw,2,2,2.27
z9q10sbk27qpuvatlkuw,3,4,4.55
z9q10sbk27qpuvatlkuw,4,1,1.14
z9q10sbk27qpuvatlkuw,5,6,6.82
z9q10sbk27qpuvatlkuw,6,4,4.55
z9q10sbk27qpuvatlkuw,7,2,2.27
z9q10sbk27qpuvatlkuw,8,4,4.55
z9q10sbk27qpuvatlkuw,9,3,3.41
z9q10sbk27qpuvatlkuw,10,7,7.95
z9q10sbk27qpuvatlkuw,11,11,12.5
z9q10sbk27qpuvatlkuw,12,8,9.09
z9q10sbk27qpuvatlkuw,13,13,14.77
z9q10sbk27qpuvatlkuw,14,10,11.36
z9q10sbk27qpuvatlkuw,15,5,5.68
z9q10sbk27qpuvatlkuw,16,3,3.41
z9q10sbk27qpuvatlkuw,17,0,0.0
z9q10sbk27qpuvatlkuw,18,0,0.0
z9q10sbk27qpuvatlkuw,19,0,0.0
z9q10sbk27qpuvatlkuw,20,0,0.0
z9q10sbk27qpuvatlkuw,21,0,0.0
z9q10sbk27qpuvatlkuw,22,0,0.0
z9q10sbk27qpuvatlkuw,23,1,1.14
cgydhui8n3uoxbq5rznl,0,3,3.26
cgydhui8n3uoxbq5rznl,1,5,5.43
cgydhui8n3uoxbq5rznl,2,2,2.17
cgydhui8n3uoxbq5rznl,3,1,1.09
cgydhui8n3uoxbq5rznl,4,3,3.26
cgydhui8n3uoxbq5rznl,5,7,7.61
cgydhui8n3uoxbq5rznl,6,3,3.26
cgydhui8n3uoxbq5rznl,7,2,2.17
cgydhui8n3uoxbq5rznl,8,1,1.09
cgydhui8n3uoxbq5rznl,9,0,0.0
cgydhui8n3uoxbq5rznl,10,7,7.61
cgydhui8n3uoxbq5rznl,11,12,13.04
cgydhui8n3uoxbq5rznl,12,8,8.7
cgydhui8n3uoxbq5rznl,13,14,15.22
cgydhui8n3uoxbq5rznl,14,15,16.3
cgydhui8n3uoxbq5rznl,15,6,6.52
cgydhui8n3uoxbq5rznl,16,2,2.17
cgydhui8n3uoxbq5rznl,17,0,0.0
cgydhui8n3uoxbq5rznl,18,0,0.0
cgydhui8n3uoxbq5rznl,19,0,0.0
cgydhui8n3uoxbq5rznl,20,0,0.0
cgydhui8n3uoxbq5rznl,21,0,0.0
cgydhui8n3uoxbq5rznl,22,0,0.0
cgydhui8n3uoxbq5rznl,23,1,1.09
sdun9fmcol7sud39mllw,0,1,0.95
sdun9fmcol7sud39mllw,1,2,1.9
sdun9fmcol7sud39mllw,2,5,4.76
sdun9fmcol7sud39mllw,3,3,2.86
sdun9fmcol7sud39mllw,4,6,5.71
sdun9fmcol7sud39mllw,5,10,9.52
sdun9fmcol7sud39mllw,6,5,4.76
sdun9fmcol7sud39mllw,7,2,1.9
sdun9fmcol7sud39mllw,8,4,3.81
sdun9fmcol7sud39mllw,9,2,1.9
sdun9fmcol7sud39mllw,10,11,10.48
sdun9fmcol7sud39mllw,11,3,2.86
sdun9fmcol7sud39mllw,12,6,5.71
sdun9fmcol7sud39mllw,13,9,8.57
sdun9fmcol7sud39mllw,14,14,13.33
sdun9fmcol7sud39mllw,15,16,15.24
sdun9fmcol7sud39mllw,16,1,0.95
sdun9fmcol7sud39mllw,17,1,0.95
sdun9fmcol7sud39mllw,18,1,0.95
sdun9fmcol7sud39mllw,19,0,0.0
sdun9fmcol7sud39mllw,20,0,0.0
sdun9fmcol7sud39mllw,21,0,0.0
sdun9fmcol7sud39mllw,22,0,0.0
sdun9fmcol7sud39mllw,23,3,2.86
csxiwtz34vm9vr0kbryx,0,3,2.52
csxiwtz34vm9vr0kbryx,1,4,3.36
csxiwtz34vm9vr0kbryx,2,3,2.52
csxiwtz34vm9vr0kbryx,3,4,3.36
csxiwtz34vm9vr0kbryx,4,9,7.56
csxiwtz34vm9vr0kbryx,5,14,11.76
csxiwtz34vm9vr0kbryx,6,5,4.2
csxiwtz34vm9vr0kbryx,7,4,3.36
csxiwtz34vm9vr0kbryx,8,0,0.0
csxiwtz34vm9vr0kbryx,9,6,5.04
csxiwtz34vm9vr0kbryx,10,10,8.4
csxiwtz34vm9vr0kbryx,11,6,5.04
csxiwtz34vm9vr0kbryx,12,9,7.56
csxiwtz34vm9vr0kbryx,13,12,10.08
csxiwtz34vm9vr0kbryx,14,12,10.08
csxiwtz34vm9vr0kbryx,15,15,12.61
csxiwtz34vm9vr0kbryx,16,2,1.68
csxiwtz34vm9vr0kbryx,17,0,0.0
csxiwtz34vm9vr0kbryx,18,0,0.0
csxiwtz34vm9vr0kbryx,19,0,0.0
csxiwtz34vm9vr0kbryx,20,0,0.0
csxiwtz34vm9vr0kbryx,21,0,0.0
csxiwtz34vm9vr0kbryx,22,0,0.0
csxiwtz34vm9vr0kbryx,23,1,0.84
4v5xbvn3yhmvs97477pc,0,0,0.0
4v5xbvn3yhmvs97477pc,1,2,2.08
4v5xbvn3yhmvs97477pc,2,1,1.04
4v5xbvn3yhmvs97477pc,3,1,1.04
4v5xbvn3yhmvs97477pc,4,3,3.12
4v5xbvn3yhmvs97477pc,5,4,4.17
4v5xbvn3yhmvs97477pc,6,5,5.21
4v5xbvn3yhmvs97477pc,7,3,3.12
4v5xbvn3yhmvs97477pc,8,5,5.21
4v5xbvn3yhmvs97477pc,9,4,4.17
4v5xbvn3yhmvs97477pc,10,5,5.21
4v5xbvn3yhmvs97477pc,11,10,10.42
4v5xbvn3yhmvs97477pc,12,13,13.54
4v5xbvn3yhmvs97477pc,13,10,10.42
4v5xbvn3yhmvs97477pc,14,21,21.88
4v5xbvn3yhmvs97477pc,15,5,5.21
4v5xbvn3yhmvs97477pc,16,3,3.12
4v5xbvn3yhmvs97477pc,17,0,0.0
4v5xbvn3yhmvs97477pc,18,0,0.0
4v5xbvn3yhmvs97477pc,19,0,0.0
4v5xbvn3yhmvs97477pc,20,0,0.0
4v5xbvn3yhmvs97477pc,21,0,0.0
4v5xbvn3yhmvs97477pc,22,0,0.0
4v5xbvn3yhmvs97477pc,23,1,1.04
g5wbnnhq1jbyc32q3003,0,2,1.96
g5wbnnhq1jbyc32q3003,1,2,1.96
g5wbnnhq1jbyc32q3003,2,3,2.94
g5wbnnhq1jbyc32q3003,3,4,3.92
g5wbnnhq1jbyc32q3003,4,5,4.9
g5wbnnhq1jbyc32q3003,5,8,7.84
g5wbnnhq1jbyc32q3003,6,6,5.88
g5wbnnhq1jbyc32q3003,7,2,1.96
g5wbnnhq1jbyc32q3003,8,3,2.94
g5wbnnhq1jbyc32q3003,9,5,4.9
g5wbnnhq1jbyc32q3003,10,6,5.88
g5wbnnhq1jbyc32q3003,11,10,9.8
g5wbnnhq1jbyc32q3003,12,10,9.8
g5wbnnhq1jbyc32q3003,13,9,8.82
g5wbnnhq1jbyc32q3003,14,12,11.76
g5wbnnhq1jbyc32q3003,15,10,9.8
g5wbnnhq1jbyc32q3003,16,3,2.94
g5wbnnhq1jbyc32q3003,17,0,0.0
g5wbnnhq1jbyc32q3003,18,0,0.0
g5wbnnhq1jbyc32q3003,19,0,0.0
g5wbnnhq1jbyc32q3003,20,0,0.0
g5wbnnhq1jbyc32q3003,21,0,0.0
g5wbnnhq1jbyc32q3003,22,0,0.0
g5wbnnhq1jbyc32q3003,23,2,1.96
ulowmljtsh72z64haltq,0,1,1.05
ulowmljtsh72z64haltq,1,0,0.0
ulowmljtsh72z64haltq,2,4,4.21
ulowmljtsh72z64haltq,3,0,0.0
ulowmljtsh72z64haltq,4,6,6.32
ulowmljtsh72z64haltq,5,9,9.47
ulowmljtsh72z64haltq,6,4,4.21
ulowmljtsh72z64haltq,7,2,2.11
ulowmljtsh72z64haltq,8,2,2.11
ulowmljtsh72z64haltq,9,3,3.16
ulowmljtsh72z64haltq,10,9,9.47
ulowmljtsh72z64haltq,11,13,13.68
ulowmljtsh72z64haltq,12,10,10.53
ulowmljtsh72z64haltq,13,8,8.42
ulowmljtsh72z64haltq,14,12,12.63
ulowmljtsh72z64haltq,15,10,10.53
ulowmljtsh72z64haltq,16,1,1.05
ulowmljtsh72z64haltq,17,0,0.0
ulowmljtsh72z64haltq,18,0,0.0
ulowmljtsh72z64haltq,19,0,0.0
ulowmljtsh72z64haltq,20,0,0.0
ulowmljtsh72z64haltq,21,0,0.0
ulowmljtsh72z64haltq,22,0,0.0
ulowmljtsh72z64haltq,23,1,1.05
19rc4zj7sw4ms0996992,0,2,1.9
19rc4zj7sw4ms0996992,1,3,2.86
19rc4zj7sw4ms0996992,2,8,7.62
19rc4zj7sw4ms0996992,3,1,0.95
19rc4zj7sw4ms0996992,4,7,6.67
19rc4zj7sw4ms0996992,5,11,10.48
19rc4zj7sw4ms0996992,6,2,1.9
19rc4zj7sw4ms0996992,7,5,4.76
19rc4zj7sw4ms0996992,8,3,2.86
19rc4zj7sw4ms0996992,9,1,0.95
19rc4zj7sw4ms0996992,10,6,5.71
19rc4zj7sw4ms0996992,11,13,12.38
19rc4zj7sw4ms0996992,12,12,11.43
19rc4zj7sw4ms0996992,13,9,8.57
19rc4zj7sw4ms0996992,14,6,5.71
19rc4zj7sw4ms0996992,15,12,11.43
19rc4zj7sw4ms0996992,16,2,1.9
19rc4zj7sw4ms0996992,17,0,0.0
19rc4zj7sw4ms0996992,18,0,0.0
19rc4zj7sw4ms0996992,19,0,0.0
19rc4zj7sw4ms0996992,20,0,0.0
19rc4zj7sw4ms0996992,21,0,0.0
19rc4zj7sw4ms0996992,22,0,0.0
19rc4zj7sw4ms0996992,23,2,1.9
mn8t0yyppsznr674ic1a,0,5,5.38
mn8t0yyppsznr674ic1a,1,3,3.23
mn8t0yyppsznr674ic1a,2,5,5.38
mn8t0yyppsznr674ic1a,3,5,5.38
mn8t0yyppsznr674ic1a,4,2,2.15
mn8t0yyppsznr674ic1a,5,8,8.6
mn8t0yyppsznr674ic1a,6,2,2.15
mn8t0yyppsznr674ic1a,7,5,5.38
mn8t0yyppsznr674ic1a,8,5,5.38
mn8t0yyppsznr674ic1a,9,5,5.38
mn8t0yyppsznr674ic1a,10,9,9.68
mn8t0yyppsznr674ic1a,11,7,7.53
mn8t0yyppsznr674ic1a,12,8,8.6
mn8t0yyppsznr674ic1a,13,8,8.6
mn8t0yyppsznr674ic1a,14,11,11.83
mn8t0yyppsznr674ic1a,15,3,3.23
mn8t0yyppsznr674ic1a,16,1,1.08
mn8t0yyppsznr674ic1a,17,0,0.0
mn8t0yyppsznr674ic1a,18,0,0.0
mn8t0yyppsznr674ic1a,19,0,0.0
mn8t0yyppsznr674ic1a,20,0,0.0
mn8t0yyppsznr674ic1a,21,0,0.0
mn8t0yyppsznr674ic1a,22,0,0.0
mn8t0yyppsznr674ic1a,23,1,1.08
isavn2ahb9n5z1q8win5,0,0,0.0
isavn2ahb9n5z1q8win5,1,2,2.15
isavn2ahb9n5z1q8win5,2,6,6.45
isavn2ahb9n5z1q8win5,3,5,5.38
isavn2ahb9n5z1q8win5,4,3,3.23
isavn2ahb9n5z1q8win5,5,13,13.98
isavn2ahb9n5z1q8win5,6,4,4.3
isavn2ahb9n5z1q8win5,7,2,2.15
isavn2ahb9n5z1q8win5,8,2,2.15
isavn2ahb9n5z1q8win5,9,0,0.0
isavn2ahb9n5z1q8win5,10,6,6.45
isavn2ahb9n5z1q8win5,11,13,13.98
isavn2ahb9n5z1q8win5,12,9,9.68
isavn2ahb9n5z1q8win5,13,10,10.75
isavn2ahb9n5z1q8win5,14,10,10.75
isavn2ahb9n5z1q8win5,15,6,6.45
isavn2ahb9n5z1q8win5,16,2,2.15
isavn2ahb9n5z1q8win5,17,0,0.0
isavn2ahb9n5z1q8win5,18,0,0.0
isavn2ahb9n5z1q8win5,19,0,0.0
isavn2ahb9n5z1q8win5,20,0,0.0
isavn2ahb9n5z1q8win5,21,0,0.0
isavn2ahb9n5z1q8win5,22,0,0.0
isavn2ahb9n5z1q8win5,23,0,0.0
uhky1uwx18u1e4nixzzf,0,0,0.0
uhky1uwx18u1e4nixzzf,1,3,2.94
uhky1uwx18u1e4nixzzf,2,5,4.9
uhky1uwx18u1e4nixzzf,3,1,0.98
uhky1uwx18u1e4nixzzf,4,1,0.98
uhky1uwx18u1e4nixzzf,5,7,6.86
uhky1uwx18u1e4nixzzf,6,3,2.94
uhky1uwx18u1e4nixzzf,7,3,2.94
uhky1uwx18u1e4nixzzf,8,3,2.94
uhky1uwx18u1e4nixzzf,9,0,0.0
uhky1uwx18u1e4nixzzf,10,5,4.9
uhky1uwx18u1e4nixzzf,11,11,10.78
uhky1uwx18u1e4nixzzf,12,18,17.65
uhky1uwx18u1e4nixzzf,13,16,15.69
uhky1uwx18u1e4nixzzf,14,15,14.71
uhky1uwx18u1e4nixzzf,15,8,7.84
uhky1uwx18u1e4nixzzf,16,3,2.94
uhky1uwx18u1e4nixzzf,17,0,0.0
uhky1uwx18u1e4nixzzf,18,0,0.0
uhky1uwx18u1e4nixzzf,19,0,0.0
uhky1uwx18u1e4nixzzf,20,0,0.0
uhky1uwx18u1e4nixzzf,21,0,0.0
uhky1uwx18u1e4nixzzf,22,0,0.0
uhky1uwx18u1e4nixzzf,23,0,0.0
h9urbo4ce8x02brjnloz,0,0,0.0
h9urbo4ce8x02brjnloz,1,1,1.06
h9urbo4ce8x02brjnloz,2,0,0.0
h9urbo4ce8x02brjnloz,3,4,4.26
h9urbo4ce8x02brjnloz,4,2,2.13
h9urbo4ce8x02brjnloz,5,5,5.32
h9urbo4ce8x02brjnloz,6,4,4.26
h9urbo4ce8x02brjnloz,7,0,0.0
h9urbo4ce8x02brjnloz,8,3,3.19
h9urbo4ce8x02brjnloz,9,3,3.19
h9urbo4ce8x02brjnloz,10,7,7.45
h9urbo4ce8x02brjnloz,11,12,12.77
h9urbo4ce8x02brjnloz,12,14,14.89
h9urbo4ce8x02brjnloz,13,9,9.57
h9urbo4ce8x02brjnloz,14,13,13.83
h9urbo4ce8x02brjnloz,15,13,13.83
h9urbo4ce8x02brjnloz,16,2,2.13
h9urbo4ce8x02brjnloz,17,1,1.06
h9urbo4ce8x02brjnloz,18,0,0.0
h9urbo4ce8x02brjnloz,19,0,0.0
h9urbo4ce8x02brjnloz,20,0,0.0
h9urbo4ce8x02brjnloz,21,0,0.0
h9urbo4ce8x02brjnloz,22,0,0.0
h9urbo4ce8x02brjnloz,23,1,1.06
lewkf2owb42ywhfto9yf,0,3,3.16
lewkf2owb42ywhfto9yf,1,3,3.16
lewkf2owb42ywhfto9yf,2,5,5.26
lewkf2owb42ywhfto9yf,3,0,0.0
lewkf2owb42ywhfto9yf,4,4,4.21
lewkf2owb42ywhfto9yf,5,6,6.32
lewkf2owb42ywhfto9yf,6,6,6.32
lewkf2owb42ywhfto9yf,7,3,3.16
lewkf2owb42ywhfto9yf,8,2,2.11
lewkf2owb42ywhfto9yf,9,2,2.11
lewkf2owb42ywhfto9yf,10,8,8.42
lewkf2owb42ywhfto9yf,11,13,13.68
lewkf2owb42ywhfto9yf,12,7,7.37
lewkf2owb42ywhfto9yf,13,11,11.58
lewkf2owb42ywhfto9yf,14,13,13.68
lewkf2owb42ywhfto9yf,15,5,5.26
lewkf2owb42ywhfto9yf,16,3,3.16
lewkf2owb42ywhfto9yf,17,0,0.0
lewkf2owb42ywhfto9yf,18,0,0.0
lewkf2owb42ywhfto9yf,19,0,0.0
lewkf2owb42ywhfto9yf,20,0,0.0
lewkf2owb42ywhfto9yf,21,0,0.0
lewkf2owb42ywhfto9yf,22,0,0.0
lewkf2owb42ywhfto9yf,23,1,1.05
p3cs5x8cxrwubesmagvl,0,3,2.54
p3cs5x8cxrwubesmagvl,1,2,1.69
p3cs5x8cxrwubesmagvl,2,6,5.08
p3cs5x8cxrwubesmagvl,3,4,3.39
p3cs5x8cxrwubesmagvl,4,5,4.24
p3cs5x8cxrwubesmagvl,5,6,5.08
p3cs5x8cxrwubesmagvl,6,4,3.39
p3cs5x8cxrwubesmagvl,7,3,2.54
p3cs5x8cxrwubesmagvl,8,4,3.39
p3cs5x8cxrwubesmagvl,9,4,3.39
p3cs5x8cxrwubesmagvl,10,9,7.63
p3cs5x8cxrwubesmagvl,11,15,12.71
p3cs5x8cxrwubesmagvl,12,13,11.02
p3cs5x8cxrwubesmagvl,13,13,11.02
p3cs5x8cxrwubesmagvl,14,15,12.71
p3cs5x8cxrwubesmagvl,15,8,6.78
p3cs5x8cxrwubesmagvl,16,3,2.54
p3cs5x8cxrwubesmagvl,17,0,0.0
p3cs5x8cxrwubesmagvl,18,0,0.0
p3cs5x8cxrwubesmagvl,19,0,0.0
p3cs5x8cxrwubesmagvl,20,0,0.0
p3cs5x8cxrwubesmagvl,21,0,0.0
p3cs5x8cxrwubesmagvl,22,0,0.0
p3cs5x8cxrwubesmagvl,23,1,0.85
u968v341lom8drwdzqqj,0,0,0.0
u968v341lom8drwdzqqj,1,3,3.41
u968v341lom8drwdzqqj,2,2,2.27
u968v341lom8drwdzqqj,3,1,1.14
u968v341lom8drwdzqqj,4,1,1.14
u968v341lom8drwdzqqj,5,9,10.23
u968v341lom8drwdzqqj,6,6,6.82
u968v341lom8drwdzqqj,7,4,4.55
u968v341lom8drwdzqqj,8,3,3.41
u968v341lom8drwdzqqj,9,4,4.55
u968v341lom8drwdzqqj,10,8,9.09
u968v341lom8drwdzqqj,11,10,11.36
u968v341lom8drwdzqqj,12,12,13.64
u968v341lom8drwdzqqj,13,10,11.36
u968v341lom8drwdzqqj,14,9,10.23
u968v341lom8drwdzqqj,15,4,4.55
u968v341lom8drwdzqqj,16,1,1.14
u968v341lom8drwdzqqj,17,0,0.0
u968v341lom8drwdzqqj,18,0,0.0
u968v341lom8drwdzqqj,19,0,0.0
u968v341lom8drwdzqqj,20,0,0.0
u968v341lom8drwdzqqj,21,0,0.0
u968v341lom8drwdzqqj,22,0,0.0
u968v341lom8drwdzqqj,23,1,1.14
x8hocidvl3emcmrhw2f8,0,6,5.36
x8hocidvl3emcmrhw2f8,1,1,0.89
x8hocidvl3emcmrhw2f8,2,3,2.68
x8hocidvl3emcmrhw2f8,3,2,1.79
x8hocidvl3emcmrhw2f8,4,1,0.89
x8hocidvl3emcmrhw2f8,5,8,7.14
x8hocidvl3emcmrhw2f8,6,7,6.25
x8hocidvl3emcmrhw2f8,7,0,0.0
x8hocidvl3emcmrhw2f8,8,8,7.14
x8hocidvl3emcmrhw2f8,9,4,3.57
x8hocidvl3emcmrhw2f8,10,14,12.5
x8hocidvl3emcmrhw2f8,11,11,9.82
x8hocidvl3emcmrhw2f8,12,10,8.93
x8hocidvl3emcmrhw2f8,13,8,7.14
x8hocidvl3emcmrhw2f8,14,17,15.18
x8hocidvl3emcmrhw2f8,15,10,8.93
x8hocidvl3emcmrhw2f8,16,2,1.79
x8hocidvl3emcmrhw2f8,17,0,0.0
x8hocidvl3emcmrhw2f8,18,0,0.0
x8hocidvl3emcmrhw2f8,19,0,0.0
x8hocidvl3emcmrhw2f8,20,0,0.0
x8hocidvl3emcmrhw2f8,21,0,0.0
x8hocidvl3emcmrhw2f8,22,0,0.0
x8hocidvl3emcmrhw2f8,23,0,0.0
0sgnvj4zfg3xjjb9fl6h,0,3,2.86
0sgnvj4zfg3xjjb9fl6h,1,4,3.81
0sgnvj4zfg3xjjb9fl6h,2,5,4.76
0sgnvj4zfg3xjjb9fl6h,3,2,1.9
0sgnvj4zfg3xjjb9fl6h,4,2,1.9
0sgnvj4zfg3xjjb9fl6h,5,5,4.76
0sgnvj4zfg3xjjb9fl6h,6,5,4.76
0sgnvj4zfg3xjjb9fl6h,7,2,1.9
0sgnvj4zfg3xjjb9fl6h,8,5,4.76
0sgnvj4zfg3xjjb9fl6h,9,2,1.9
0sgnvj4zfg3xjjb9fl6h,10,5,4.76
0sgnvj4zfg3xjjb9fl6h,11,12,11.43
0sgnvj4zfg3xjjb9fl6h,12,12,11.43
0sgnvj4zfg3xjjb9fl6h,13,21,20.0
0sgnvj4zfg3xjjb9fl6h,14,12,11.43
0sgnvj4zfg3xjjb9fl6h,15,8,7.62
0sgnvj4zfg3xjjb9fl6h,16,0,0.0
0sgnvj4zfg3xjjb9fl6h,17,0,0.0
0sgnvj4zfg3xjjb9fl6h,18,0,0.0
0sgnvj4zfg3xjjb9fl6h,19,0,0.0
0sgnvj4zfg3xjjb9fl6h,20,0,0.0
0sgnvj4zfg3xjjb9fl6h,21,0,0.0
0sgnvj4zfg3xjjb9fl6h,22,0,0.0
0sgnvj4zfg3xjjb9fl6h,23,0,0.0
7ddzwidmh4uwbopvlast,0,2,1.79
7ddzwidmh4uwbopvlast,1,3,2.68
7ddzwidmh4uwbopvlast,2,2,1.79
7ddzwidmh4uwbopvlast,3,2,1.79
7ddzwidmh4uwbopvlast,4,6,5.36
7ddzwidmh4uwbopvlast,5,8,7.14
7ddzwidmh4uwbopvlast,6,7,6.25
7ddzwidmh4uwbopvlast,7,3,2.68
7ddzwidmh4uwbopvlast,8,2,1.79
7ddzwidmh4uwbopvlast,9,1,0.89
7ddzwidmh4uwbopvlast,10,12,10.71
7ddzwidmh4uwbopvlast,11,11,9.82
7ddzwidmh4uwbopvlast,12,12,10.71
7ddzwidmh4uwbopvlast,13,18,16.07
7ddzwidmh4uwbopvlast,14,13,11.61
7ddzwidmh4uwbopvlast,15,9,8.04
7ddzwidmh4uwbopvlast,16,1,0.89
7ddzwidmh4uwbopvlast,17,0,0.0
7ddzwidmh4uwbopvlast,18,0,0.0
7ddzwidmh4uwbopvlast,19,0,0.0
7ddzwidmh4uwbopvlast,20,0,0.0
7ddzwidmh4uwbopvlast,21,0,0.0
7ddzwidmh4uwbopvlast,22,0,0.0
7ddzwidmh4uwbopvlast,23,0,0.0
j8inicu0iafkpv3u9431,0,0,0.0
j8inicu0iafkpv3u9431,1,6,6.32
j8inicu0iafkpv3u9431,2,2,2.11
j8inicu0iafkpv3u9431,3,4,4.21
j8inicu0iafkpv3u9431,4,0,0.0
j8inicu0iafkpv3u9431,5,10,10.53
j8inicu0iafkpv3u9431,6,5,5.26
j8inicu0iafkpv3u9431,7,4,4.21
j8inicu0iafkpv3u9431,8,2,2.11
j8inicu0iafkpv3u9431,9,4,4.21
j8inicu0iafkpv3u9431,10,8,8.42
j8inicu0iafkpv3u9431,11,7,7.37
j8inicu0iafkpv3u9431,12,9,9.47
j8inicu0iafkpv3u9431,13,12,12.63
j8inicu0iafkpv3u9431,14,11,11.58
j8inicu0iafkpv3u9431,15,6,6.32
j8inicu0iafkpv3u9431,16,3,3.16
j8inicu0iafkpv3u9431,17,1,1.05
j8inicu0iafkpv3u9431,18,0,0.0
j8inicu0iafkpv3u9431,19,0,0.0
j8inicu0iafkpv3u9431,20,0,0.0
j8inicu0iafkpv3u9431,21,0,0.0
j8inicu0iafkpv3u9431,22,0,0.0
j8inicu0iafkpv3u9431,23,1,1.05
74g1r714u01v7nb4vn8w,0,3,2.97
74g1r714u01v7nb4vn8w,1,0,0.0
74g1r714u01v7nb4vn8w,2,5,4.95
74g1r714u01v7nb4vn8w,3,2,1.98
74g1r714u01v7nb4vn8w,4,3,2.97
74g1r714u01v7nb4vn8w,5,8,7.92
74g1r714u01v7nb4vn8w,6,7,6.93
74g1r714u01v7nb4vn8w,7,5,4.95
74g1r714u01v7nb4vn8w,8,2,1.98
74g1r714u01v7nb4vn8w,9,1,0.99
74g1r714u01v7nb4vn8w,10,1,0.99
74g1r714u01v7nb4vn8w,11,14,13.86
74g1r714u01v7nb4vn8w,12,13,12.87
74g1r714u01v7nb4vn8w,13,11,10.89
74g1r714u01v7nb4vn8w,14,14,13.86
74g1r714u01v7nb4vn8w,15,11,10.89
74g1r714u01v7nb4vn8w,16,1,0.99
74g1r714u01v7nb4vn8w,17,0,0.0
74g1r714u01v7nb4vn8w,18,0,0.0
74g1r714u01v7nb4vn8w,19,0,0.0
74g1r714u01v7nb4vn8w,20,0,0.0
74g1r714u01v7nb4vn8w,21,0,0.0
74g1r714u01v7nb4vn8w,22,0,0.0
74g1r714u01v7nb4vn8w,23,0,0.0
em248gxmeso9cw0wzlv8,0,3,2.59
em248gxmeso9cw0wzlv8,1,2,1.72
em248gxmeso9cw0wzlv8,2,6,5.17
em248gxmeso9cw0wzlv8,3,2,1.72
em248gxmeso9cw0wzlv8,4,7,6.03
em248gxmeso9cw0wzlv8,5,4,3.45
em248gxmeso9cw0wzlv8,6,5,4.31
em248gxmeso9cw0wzlv8,7,4,3.45
em248gxmeso9cw0wzlv8,8,1,0.86
em248gxmeso9cw0wzlv8,9,0,0.0
em248gxmeso9cw0wzlv8,10,12,10.34
em248gxmeso9cw0wzlv8,11,16,13.79
em248gxmeso9cw0wzlv8,12,14,12.07
em248gxmeso9cw0wzlv8,13,16,13.79
em248gxmeso9cw0wzlv8,14,9,7.76
em248gxmeso9cw0wzlv8,15,11,9.48
em248gxmeso9cw0wzlv8,16,2,1.72
em248gxmeso9cw0wzlv8,17,1,0.86
em248gxmeso9cw0wzlv8,18,0,0.0
em248gxmeso9cw0wzlv8,19,0,0.0
em248gxmeso9cw0wzlv8,20,0,0.0
em248gxmeso9cw0wzlv8,21,0,0.0
em248gxmeso9cw0wzlv8,22,0,0.0
em248gxmeso9cw0wzlv8,23,1,0.86
hoedc2pzfz6av5bn1jq3,0,2,2.08
hoedc2pzfz6av5bn1jq3,1,6,6.25
hoedc2pzfz6av5bn1jq3,2,5,5.21
hoedc2pzfz6av5bn1jq3,3,4,4.17
hoedc2pzfz6av5bn1jq3,4,2,2.08
hoedc2pzfz6av5bn1jq3,5,6,6.25
hoedc2pzfz6av5bn1jq3,6,13,13.54
hoedc2pzfz6av5bn1jq3,7,1,1.04
hoedc2pzfz6av5bn1jq3,8,5,5.21
hoedc2pzfz6av5bn1jq3,9,3,3.12
hoedc2pzfz6av5bn1jq3,10,4,4.17
hoedc2pzfz6av5bn1jq3,11,8,8.33
hoedc2pzfz6av5bn1jq3,12,7,7.29
hoedc2pzfz6av5bn1jq3,13,7,7.29
hoedc2pzfz6av5bn1jq3,14,14,14.58
hoedc2pzfz6av5bn1jq3,15,6,6.25
hoedc2pzfz6av5bn1jq3,16,2,2.08
hoedc2pzfz6av5bn1jq3,17,0,0.0
hoedc2pzfz6av5bn1jq3,18,0,0.0
hoedc2pzfz6av5bn1jq3,19,0,0.0
hoedc2pzfz6av5bn1jq3,20,0,0.0
hoedc2pzfz6av5bn1jq3,21,0,0.0
hoedc2pzfz6av5bn1jq3,22,0,0.0
hoedc2pzfz6av5bn1jq3,23,1,1.04
3ywgcurp27qp1fydp27z,0,1,0.87
3ywgcurp27qp1fydp27z,1,3,2.61
3ywgcurp27qp1fydp27z,2,5,4.35
3ywgcurp27qp1fydp27z,3,8,6.96
3ywgcurp27qp1fydp27z,4,4,3.48
3ywgcurp27qp1fydp27z,5,13,11.3
3ywgcurp27qp1fydp27z,6,4,3.48
3ywgcurp27qp1fydp27z,7,2,1.74
3ywgcurp27qp1fydp27z,8,5,4.35
3ywgcurp27qp1fydp27z,9,3,2.61
3ywgcurp27qp1fydp27z,10,9,7.83
3ywgcurp27qp1fydp27z,11,11,9.57
3ywgcurp27qp1fydp27z,12,14,12.17
3ywgcurp27qp1fydp27z,13,13,11.3
3ywgcurp27qp1fydp27z,14,10,8.7
3ywgcurp27qp1fydp27z,15,8,6.96
3ywgcurp27qp1fydp27z,16,2,1.74
3ywgcurp27qp1fydp27z,17,0,0.0
3ywgcurp27qp1fydp27z,18,0,0.0
3ywgcurp27qp1fydp27z,19,0,0.0
3ywgcurp27qp1fydp27z,20,0,0.0
3ywgcurp27qp1fydp27z,21,0,0.0
3ywgcurp27qp1fydp27z,22,0,0.0
3ywgcurp27qp1fydp27z,23,0,0.0
inyirhdpjahiguhs9e5b,0,0,0.0
inyirhdpjahiguhs9e5b,1,3,2.73
inyirhdpjahiguhs9e5b,2,1,0.91
inyirhdpjahiguhs9e5b,3,3,2.73
inyirhdpjahiguhs9e5b,4,4,3.64
inyirhdpjahiguhs9e5b,5,9,8.18
inyirhdpjahiguhs9e5b,6,5,4.55
inyirhdpjahiguhs9e5b,7,3,2.73
inyirhdpjahiguhs9e5b,8,4,3.64
inyirhdpjahiguhs9e5b,9,6,5.45
inyirhdpjahiguhs9e5b,10,7,6.36
inyirhdpjahiguhs9e5b,11,12,10.91
inyirhdpjahiguhs9e5b,12,13,11.82
inyirhdpjahiguhs9e5b,13,6,5.45
inyirhdpjahiguhs9e5b,14,15,13.64
inyirhdpjahiguhs9e5b,15,18,16.36
inyirhdpjahiguhs9e5b,16,0,0.0
inyirhdpjahiguhs9e5b,17,0,0.0
inyirhdpjahiguhs9e5b,18,0,0.0
inyirhdpjahiguhs9e5b,19,0,0.0
inyirhdpjahiguhs9e5b,20,0,0.0
inyirhdpjahiguhs9e5b,21,0,0.0
inyirhdpjahiguhs9e5b,22,0,0.0
inyirhdpjahiguhs9e5b,23,1,0.91
flde3irykh8wauaj2fuw,0,2,1.96
flde3irykh8wauaj2fuw,1,3,2.94
flde3irykh8wauaj2fuw,2,0,0.0
flde3irykh8wauaj2fuw,3,1,0.98
flde3irykh8wauaj2fuw,4,5,4.9
flde3irykh8wauaj2fuw,5,5,4.9
flde3irykh8wauaj2fuw,6,8,7.84
flde3irykh8wauaj2fuw,7,4,3.92
flde3irykh8wauaj2fuw,8,7,6.86
flde3irykh8wauaj2fuw,9,3,2.94
flde3irykh8wauaj2fuw,10,7,6.86
flde3irykh8wauaj2fuw,11,13,12.75
flde3irykh8wauaj2fuw,12,6,5.88
flde3irykh8wauaj2fuw,13,19,18.63
flde3irykh8wauaj2fuw,14,10,9.8
flde3irykh8wauaj2fuw,15,7,6.86
flde3irykh8wauaj2fuw,16,1,0.98
flde3irykh8wauaj2fuw,17,0,0.0
flde3irykh8wauaj2fuw,18,0,0.0
flde3irykh8wauaj2fuw,19,0,0.0
flde3irykh8wauaj2fuw,20,0,0.0
flde3irykh8wauaj2fuw,21,0,0.0
flde3irykh8wauaj2fuw,22,0,0.0
flde3irykh8wauaj2fuw,23,1,0.98
1otvyki9oso9bg6ob16u,0,1,0.99
1otvyki9oso9bg6ob16u,1,2,1.98
1otvyki9oso9bg6ob16u,2,3,2.97
1otvyki9oso9bg6ob16u,3,1,0.99
1otvyki9oso9bg6ob16u,4,3,2.97
1otvyki9oso9bg6ob16u,5,6,5.94
1otvyki9oso9bg6ob16u,6,6,5.94
1otvyki9oso9bg6ob16u,7,4,3.96
1otvyki9oso9bg6ob16u,8,5,4.95
1otvyki9oso9bg6ob16u,9,2,1.98
1otvyki9oso9bg6ob16u,10,5,4.95
1otvyki9oso9bg6ob16u,11,9,8.91
1otvyki9oso9bg6ob16u,12,15,14.85
1otvyki9oso9bg6ob16u,13,10,9.9
1otvyki9oso9bg6ob16u,14,14,13.86
1otvyki9oso9bg6ob16u,15,13,12.87
1otvyki9oso9bg6ob16u,16,0,0.0
1otvyki9oso9bg6ob16u,17,0,0.0
1otvyki9oso9bg6ob16u,18,0,0.0
1otvyki9oso9bg6ob16u,19,0,0.0
1otvyki9oso9bg6ob16u,20,0,0.0
1otvyki9oso9bg6ob16u,21,0,0.0
1otvyki9oso9bg6ob16u,22,0,0.0
1otvyki9oso9bg6ob16u,23,2,1.98
05e1c3ce1728da7e37e0,0,0,0.0
05e1c3ce1728da7e37e0,1,0,0.0
05e1c3ce1728da7e37e0,2,0,0.0
05e1c3ce1728da7e37e0,3,0,0.0
05e1c3ce1728da7e37e0,4,0,0.0
05e1c3ce1728da7e37e0,5,0,0.0
05e1c3ce1728da7e37e0,6,0,0.0
05e1c3ce1728da7e37e0,7,0,0.0
05e1c3ce1728da7e37e0,8,0,0.0
05e1c3ce1728da7e37e0,9,0,0.0
05e1c3ce1728da7e37e0,10,0,0.0
05e1c3ce1728da7e37e0,11,22,16.42
05e1c3ce1728da7e37e0,12,46,34.33
05e1c3ce1728da7e37e0,13,30,22.39
05e1c3ce1728da7e37e0,14,27,20.15
05e1c3ce1728da7e37e0,15,9,6.72
05e1c3ce1728da7e37e0,16,0,0.0
05e1c3ce1728da7e37e0,17,0,0.0
05e1c3ce1728da7e37e0,18,0,0.0
05e1c3ce1728da7e37e0,19,0,0.0
05e1c3ce1728da7e37e0,20,0,0.0
05e1c3ce1728da7e37e0,21,0,0.0
05e1c3ce1728da7e37e0,22,0,0.0
05e1c3ce1728da7e37e0,23,0,0.0
93f200d7351d4980fec6,0,0,0.0
93f200d7351d4980fec6,1,0,0.0
93f200d7351d4980fec6,2,0,0.0
93f200d7351d4980fec6,3,0,0.0
93f200d7351d4980fec6,4,7,5.79
93f200d7351d4980fec6,5,2,1.65
93f200d7351d4980fec6,6,12,9.92
93f200d7351d4980fec6,7,10,8.26
93f200d7351d4980fec6,8,6,4.96
93f200d7351d4980fec6,9,3,2.48
93f200d7351d4980fec6,10,2,1.65
93f200d7351d4980fec6,11,10,8.26
93f200d7351d4980fec6,12,5,4.13
93f200d7351d4980fec6,13,33,27.27
93f200d7351d4980fec6,14,21,17.36
93f200d7351d4980fec6,15,10,8.26
93f200d7351d4980fec6,16,0,0.0
93f200d7351d4980fec6,17,0,0.0
93f200d7351d4980fec6,18,0,0.0
93f200d7351d4980fec6,19,0,0.0
93f200d7351d4980fec6,20,0,0.0
93f200d7351d4980fec6,21,0,0.0
93f200d7351d4980fec6,22,0,0.0
93f200d7351d4980fec6,23,0,0.0
4dfdfa5e1a04c832b9b4,0,20,5.88
4dfdfa5e1a04c832b9b4,1,12,3.53
4dfdfa5e1a04c832b9b4,2,7,2.06
4dfdfa5e1a04c832b9b4,3,17,5.0
4dfdfa5e1a04c832b9b4,4,9,2.65
4dfdfa5e1a04c832b9b4,5,11,3.24
4dfdfa5e1a04c832b9b4,6,5,1.47
4dfdfa5e1a04c832b9b4,7,8,2.35
4dfdfa5e1a04c832b9b4,8,37,10.88
4dfdfa5e1a04c832b9b4,9,8,2.35
4dfdfa5e1a04c832b9b4,10,49,14.41
4dfdfa5e1a04c832b9b4,11,52,15.29
4dfdfa5e1a04c832b9b4,12,40,11.76
4dfdfa5e1a04c832b9b4,13,14,4.12
4dfdfa5e1a04c832b9b4,14,23,6.76
4dfdfa5e1a04c832b9b4,15,22,6.47
4dfdfa5e1a04c832b9b4,16,0,0.0
4dfdfa5e1a04c832b9b4,17,0,0.0
4dfdfa5e1a04c832b9b4,18,0,0.0
4dfdfa5e1a04c832b9b4,19,0,0.0
4dfdfa5e1a04c832b9b4,20,0,0.0
4dfdfa5e1a04c832b9b4,21,0,0.0
4dfdfa5e1a04c832b9b4,22,0,0.0
4dfdfa5e1a04c832b9b4,23,6,1.76
151cd83784ab9007e8d8,0,0,0.0
151cd83784ab9007e8d8,1,0,0.0
151cd83784ab9007e8d8,2,0,0.0
151cd83784ab9007e8d8,3,3,1.92
151cd83784ab9007e8d8,4,2,1.28
151cd83784ab9007e8d8,5,6,3.85
151cd83784ab9007e8d8,6,15,9.62
151cd83784ab9007e8d8,7,18,11.54
151cd83784ab9007e8d8,8,8,5.13
151cd83784ab9007e8d8,9,11,7.05
151cd83784ab9007e8d8,10,15,9.62
151cd83784ab9007e8d8,11,8,5.13
151cd83784ab9007e8d8,12,10,6.41
151cd83784ab9007e8d8,13,8,5.13
151cd83784ab9007e8d8,14,15,9.62
151cd83784ab9007e8d8,15,35,22.44
151cd83784ab9007e8d8,16,2,1.28
151cd83784ab9007e8d8,17,0,0.0
151cd83784ab9007e8d8,18,0,0.0
151cd83784ab9007e8d8,19,0,0.0
151cd83784ab9007e8d8,20,0,0.0
151cd83784ab9007e8d8,21,0,0.0
151cd83784ab9007e8d8,22,0,0.0
151cd83784ab9007e8d8,23,0,0.0
8e1012c9f4775ba6a451,0,0,0.0
8e1012c9f4775ba6a451,1,1,0.29
8e1012c9f4775ba6a451,2,0,0.0
8e1012c9f4775ba6a451,3,8,2.36
8e1012c9f4775ba6a451,4,0,0.0
8e1012c9f4775ba6a451,5,0,0.0
8e1012c9f4775ba6a451,6,0,0.0
8e1012c9f4775ba6a451,7,12,3.54
8e1012c9f4775ba6a451,8,0,0.0
8e1012c9f4775ba6a451,9,0,0.0
8e1012c9f4775ba6a451,10,19,5.6
8e1012c9f4775ba6a451,11,9,2.65
8e1012c9f4775ba6a451,12,64,18.88
8e1012c9f4775ba6a451,13,54,15.93
8e1012c9f4775ba6a451,14,59,17.4
8e1012c9f4775ba6a451,15,104,30.68
8e1012c9f4775ba6a451,16,9,2.65
8e1012c9f4775ba6a451,17,0,0.0
8e1012c9f4775ba6a451,18,0,0.0
8e1012c9f4775ba6a451,19,0,0.0
8e1012c9f4775ba6a451,20,0,0.0
8e1012c9f4775ba6a451,21,0,0.0
8e1012c9f4775ba6a451,22,0,0.0
8e1012c9f4775ba6a451,23,0,0.0
413cbf664ac3ba8307ea,0,0,0.0
413cbf664ac3ba8307ea,1,4,2.52
413cbf664ac3ba8307ea,2,4,2.52
413cbf664ac3ba8307ea,3,17,10.69
413cbf664ac3ba8307ea,4,0,0.0
413cbf664ac3ba8307ea,5,2,1.26
413cbf664ac3ba8307ea,6,3,1.89
413cbf664ac3ba8307ea,7,6,3.77
413cbf664ac3ba8307ea,8,29,18.24
413cbf664ac3ba8307ea,9,8,5.03
413cbf664ac3ba8307ea,10,19,11.95
413cbf664ac3ba8307ea,11,19,11.95
413cbf664ac3ba8307ea,12,7,4.4
413cbf664ac3ba8307ea,13,21,13.21
413cbf664ac3ba8307ea,14,10,6.29
413cbf664ac3ba8307ea,15,3,1.89
413cbf664ac3ba8307ea,16,7,4.4
413cbf664ac3ba8307ea,17,0,0.0
413cbf664ac3ba8307ea,18,0,0.0
413cbf664ac3ba8307ea,19,0,0.0
413cbf664ac3ba8307ea,20,0,0.0
413cbf664ac3ba8307ea,21,0,0.0
413cbf664ac3ba8307ea,22,0,0.0
413cbf664ac3ba8307ea,23,0,0.0
3bf7b3c9aa7d93ecb603,0,0,0.0
3bf7b3c9aa7d93ecb603,1,7,3.72
3bf7b3c9aa7d93ecb603,2,10,5.32
3bf7b3c9aa7d93ecb603,3,6,3.19
3bf7b3c9aa7d93ecb603,4,6,3.19
3bf7b3c9aa7d93ecb603,5,0,0.0
3bf7b3c9aa7d93ecb603,6,0,0.0
3bf7b3c9aa7d93ecb603,7,0,0.0
3bf7b3c9aa7d93ecb603,8,0,0.0
3bf7b3c9aa7d93ecb603,9,0,0.0
3bf7b3c9aa7d93ecb603,10,16,8.51
3bf7b3c9aa7d93ecb603,11,28,14.89
3bf7b3c9aa7d93ecb603,12,29,15.43
3bf7b3c9aa7d93ecb603,13,38,20.21
3bf7b3c9aa7d93ecb603,14,18,9.57
3bf7b3c9aa7d93ecb603,15,24,12.77
3bf7b3c9aa7d93ecb603,16,6,3.19
3bf7b3c9aa7d93ecb603,17,0,0.0
3bf7b3c9aa7d93ecb603,18,0,0.0
3bf7b3c9aa7d93ecb603,19,0,0.0
3bf7b3c9aa7d93ecb603,20,0,0.0
3bf7b3c9aa7d93ecb603,21,0,0.0
3bf7b3c9aa7d93ecb603,22,0,0.0
3bf7b3c9aa7d93ecb603,23,0,0.0
9ad512cc6cbd79aa81c7,0,0,0.0
9ad512cc6cbd79aa81c7,1,1,1.2
9ad512cc6cbd79aa81c7,2,3,3.61
9ad512cc6cbd79aa81c7,3,3,3.61
9ad512cc6cbd79aa81c7,4,2,2.41
9ad512cc6cbd79aa81c7,5,2,2.41
9ad512cc6cbd79aa81c7,6,2,2.41
9ad512cc6cbd79aa81c7,7,1,1.2
9ad512cc6cbd79aa81c7,8,1,1.2
9ad512cc6cbd79aa81c7,9,0,0.0
9ad512cc6cbd79aa81c7,10,2,2.41
9ad512cc6cbd79aa81c7,11,4,4.82
9ad512cc6cbd79aa81c7,12,11,13.25
9ad512cc6cbd79aa81c7,13,16,19.28
9ad512cc6cbd79aa81c7,14,5,6.02
9ad512cc6cbd79aa81c7,15,26,31.33
9ad512cc6cbd79aa81c7,16,3,3.61
9ad512cc6cbd79aa81c7,17,0,0.0
9ad512cc6cbd79aa81c7,18,0,0.0
9ad512cc6cbd79aa81c7,19,0,0.0
9ad512cc6cbd79aa81c7,20,1,1.2
9ad512cc6cbd79aa81c7,21,0,0.0
9ad512cc6cbd79aa81c7,22,0,0.0
9ad512cc6cbd79aa81c7,23,0,0.0
71f6622e7caa6ed92506,0,0,0.0
71f6622e7caa6ed92506,1,2,2.53
71f6622e7caa6ed92506,2,0,0.0
71f6622e7caa6ed92506,3,0,0.0
71f6622e7caa6ed92506,4,0,0.0
71f6622e7caa6ed92506,5,3,3.8
71f6622e7caa6ed92506,6,10,12.66
71f6622e7caa6ed92506,7,5,6.33
71f6622e7caa6ed92506,8,12,15.19
71f6622e7caa6ed92506,9,9,11.39
71f6622e7caa6ed92506,10,3,3.8
71f6622e7caa6ed92506,11,4,5.06
71f6622e7caa6ed92506,12,1,1.27
71f6622e7caa6ed92506,13,9,11.39
71f6622e7caa6ed92506,14,6,7.59
71f6622e7caa6ed92506,15,11,13.92
71f6622e7caa6ed92506,16,4,5.06
71f6622e7caa6ed92506,17,0,0.0
71f6622e7caa6ed92506,18,0,0.0
71f6622e7caa6ed92506,19,0,0.0
71f6622e7caa6ed92506,20,0,0.0
71f6622e7caa6ed92506,21,0,0.0
71f6622e7caa6ed92506,22,0,0.0
71f6622e7caa6ed92506,23,0,0.0
2fe9648ea28753c73c2c,0,0,0.0
2fe9648ea28753c73c2c,1,1,0.55
2fe9648ea28753c73c2c,2,13,7.1
2fe9648ea28753c73c2c,3,12,6.56
2fe9648ea28753c73c2c,4,0,0.0
2fe9648ea28753c73c2c,5,2,1.09
2fe9648ea28753c73c2c,6,3,1.64
2fe9648ea28753c73c2c,7,1,0.55
2fe9648ea28753c73c2c,8,4,2.19
2fe9648ea28753c73c2c,9,0,0.0
2fe9648ea28753c73c2c,10,0,0.0
2fe9648ea28753c73c2c,11,1,0.55
2fe9648ea28753c73c2c,12,15,8.2
2fe9648ea28753c73c2c,13,27,14.75
2fe9648ea28753c73c2c,14,20,10.93
2fe9648ea28753c73c2c,15,71,38.8
2fe9648ea28753c73c2c,16,9,4.92
2fe9648ea28753c73c2c,17,4,2.19
2fe9648ea28753c73c2c,18,0,0.0
2fe9648ea28753c73c2c,19,0,0.0
2fe9648ea28753c73c2c,20,0,0.0
2fe9648ea28753c73c2c,21,0,0.0
2fe9648ea28753c73c2c,22,0,0.0
2fe9648ea28753c73c2c,23,0,0.0
4474f24ef69e01e2c001,0,0,0.0
4474f24ef69e01e2c001,1,0,0.0
4474f24ef69e01e2c001,2,0,0.0
4474f24ef69e01e2c001,3,2,3.85
4474f24ef69e01e2c001,4,0,0.0
4474f24ef69e01e2c001,5,2,3.85
4474f24ef69e01e2c001,6,1,1.92
4474f24ef69e01e2c001,7,0,0.0
4474f24ef69e01e2c001,8,4,7.69
4474f24ef69e01e2c001,9,2,3.85
4474f24ef69e01e2c001,10,0,0.0
4474f24ef69e01e2c001,11,0,0.0
4474f24ef69e01e2c001,12,0,0.0
4474f24ef69e01e2c001,13,4,7.69
4474f24ef69e01e2c001,14,4,7.69
4474f24ef69e01e2c001,15,24,46.15
4474f24ef69e01e2c001,16,6,11.54
4474f24ef69e01e2c001,17,3,5.77
4474f24ef69e01e2c001,18,0,0.0
4474f24ef69e01e2c001,19,0,0.0
4474f24ef69e01e2c001,20,0,0.0
4474f24ef69e01e2c001,21,0,0.0
4474f24ef69e01e2c001,22,0,0.0
4474f24ef69e01e2c001,23,0,0.0
f81f52969ef1de783de3,0,0,0.0
f81f52969ef1de783de3,1,0,0.0
f81f52969ef1de783de3,2,0,0.0
f81f52969ef1de783de3,3,0,0.0
f81f52969ef1de783de3,4,9,9.28
f81f52969ef1de783de3,5,9,9.28
f81f52969ef1de783de3,6,5,5.15
f81f52969ef1de783de3,7,1,1.03
f81f52969ef1de783de3,8,15,15.46
f81f52969ef1de783de3,9,3,3.09
f81f52969ef1de783de3,10,8,8.25
f81f52969ef1de783de3,11,1,1.03
f81f52969ef1de783de3,12,0,0.0
f81f52969ef1de783de3,13,9,9.28
f81f52969ef1de783de3,14,36,37.11
f81f52969ef1de783de3,15,1,1.03
f81f52969ef1de783de3,16,0,0.0
f81f52969ef1de783de3,17,0,0.0
f81f52969ef1de783de3,18,0,0.0
f81f52969ef1de783de3,19,0,0.0
f81f52969ef1de783de3,20,0,0.0
f81f52969ef1de783de3,21,0,0.0
f81f52969ef1de783de3,22,0,0.0
f81f52969ef1de783de3,23,0,0.0
b9c7c66c8b57b9d3c6fa,0,0,0.0
b9c7c66c8b57b9d3c6fa,1,5,3.91
b9c7c66c8b57b9d3c6fa,2,0,0.0
b9c7c66c8b57b9d3c6fa,3,5,3.91
b9c7c66c8b57b9d3c6fa,4,5,3.91
b9c7c66c8b57b9d3c6fa,5,7,5.47
b9c7c66c8b57b9d3c6fa,6,20,15.62
b9c7c66c8b57b9d3c6fa,7,7,5.47
b9c7c66c8b57b9d3c6fa,8,13,10.16
b9c7c66c8b57b9d3c6fa,9,4,3.12
b9c7c66c8b57b9d3c6fa,10,6,4.69
b9c7c66c8b57b9d3c6fa,11,14,10.94
b9c7c66c8b57b9d3c6fa,12,23,17.97
b9c7c66c8b57b9d3c6fa,13,5,3.91
b9c7c66c8b57b9d3c6fa,14,14,10.94
b9c7c66c8b57b9d3c6fa,15,0,0.0
b9c7c66c8b57b9d3c6fa,16,0,0.0
b9c7c66c8b57b9d3c6fa,17,0,0.0
b9c7c66c8b57b9d3c6fa,18,0,0.0
b9c7c66c8b57b9d3c6fa,19,0,0.0
b9c7c66c8b57b9d3c6fa,20,0,0.0
b9c7c66c8b57b9d3c6fa,21,0,0.0
b9c7c66c8b57b9d3c6fa,22,0,0.0
b9c7c66c8b57b9d3c6fa,23,0,0.0
a95a606f0110653858b2,0,0,0.0
a95a606f0110653858b2,1,0,0.0
a95a606f0110653858b2,2,5,3.07
a95a606f0110653858b2,3,11,6.75
a95a606f0110653858b2,4,9,5.52
a95a606f0110653858b2,5,5,3.07
a95a606f0110653858b2,6,0,0.0
a95a606f0110653858b2,7,0,0.0
a95a606f0110653858b2,8,6,3.68
a95a606f0110653858b2,9,2,1.23
a95a606f0110653858b2,10,3,1.84
a95a606f0110653858b2,11,13,7.98
a95a606f0110653858b2,12,9,5.52
a95a606f0110653858b2,13,11,6.75
a95a606f0110653858b2,14,7,4.29
a95a606f0110653858b2,15,26,15.95
a95a606f0110653858b2,16,39,23.93
a95a606f0110653858b2,17,17,10.43
a95a606f0110653858b2,18,0,0.0
a95a606f0110653858b2,19,0,0.0
a95a606f0110653858b2,20,0,0.0
a95a606f0110653858b2,21,0,0.0
a95a606f0110653858b2,22,0,0.0
a95a606f0110653858b2,23,0,0.0
66d7c0bdb21b7d5bd83d,0,2,0.62
66d7c0bdb21b7d5bd83d,1,7,2.17
66d7c0bdb21b7d5bd83d,2,0,0.0
66d7c0bdb21b7d5bd83d,3,4,1.24
66d7c0bdb21b7d5bd83d,4,14,4.35
66d7c0bdb21b7d5bd83d,5,0,0.0
66d7c0bdb21b7d5bd83d,6,0,0.0
66d7c0bdb21b7d5bd83d,7,10,3.11
66d7c0bdb21b7d5bd83d,8,28,8.7
66d7c0bdb21b7d5bd83d,9,6,1.86
66d7c0bdb21b7d5bd83d,10,28,8.7
66d7c0bdb21b7d5bd83d,11,7,2.17
66d7c0bdb21b7d5bd83d,12,21,6.52
66d7c0bdb21b7d5bd83d,13,23,7.14
66d7c0bdb21b7d5bd83d,14,48,14.91
66d7c0bdb21b7d5bd83d,15,67,20.81
66d7c0bdb21b7d5bd83d,16,57,17.7
66d7c0bdb21b7d5bd83d,17,0,0.0
66d7c0bdb21b7d5bd83d,18,0,0.0
66d7c0bdb21b7d5bd83d,19,0,0.0
66d7c0bdb21b7d5bd83d,20,0,0.0
66d7c0bdb21b7d5bd83d,21,0,0.0
66d7c0bdb21b7d5bd83d,22,0,0.0
66d7c0bdb21b7d5bd83d,23,0,0.0
c89e8b7b18082e2fa6df,0,0,0.0
c89e8b7b18082e2fa6df,1,8,4.4
c89e8b7b18082e2fa6df,2,0,0.0
c89e8b7b18082e2fa6df,3,2,1.1
c89e8b7b18082e2fa6df,4,0,0.0
c89e8b7b18082e2fa6df,5,0,0.0
c89e8b7b18082e2fa6df,6,0,0.0
c89e8b7b18082e2fa6df,7,1,0.55
c89e8b7b18082e2fa6df,8,11,6.04
c89e8b7b18082e2fa6df,9,3,1.65
c89e8b7b18082e2fa6df,10,21,11.54
c89e8b7b18082e2fa6df,11,2,1.1
c89e8b7b18082e2fa6df,12,0,0.0
c89e8b7b18082e2fa6df,13,12,6.59
c89e8b7b18082e2fa6df,14,32,17.58
c89e8b7b18082e2fa6df,15,29,15.93
c89e8b7b18082e2fa6df,16,56,30.77
c89e8b7b18082e2fa6df,17,5,2.75
c89e8b7b18082e2fa6df,18,0,0.0
c89e8b7b18082e2fa6df,19,0,0.0
c89e8b7b18082e2fa6df,20,0,0.0
c89e8b7b18082e2fa6df,21,0,0.0
c89e8b7b18082e2fa6df,22,0,0.0
c89e8b7b18082e2fa6df,23,0,0.0
522837ace4fd8dd743f2,0,3,0.81
522837ace4fd8dd743f2,1,2,0.54
522837ace4fd8dd743f2,2,32,8.65
522837ace4fd8dd743f2,3,20,5.41
522837ace4fd8dd743f2,4,2,0.54
522837ace4fd8dd743f2,5,21,5.68
522837ace4fd8dd743f2,6,21,5.68
522837ace4fd8dd743f2,7,14,3.78
522837ace4fd8dd743f2,8,33,8.92
522837ace4fd8dd743f2,9,12,3.24
522837ace4fd8dd743f2,10,33,8.92
522837ace4fd8dd743f2,11,40,10.81
522837ace4fd8dd743f2,12,12,3.24
522837ace4fd8dd743f2,13,9,2.43
522837ace4fd8dd743f2,14,31,8.38
522837ace4fd8dd743f2,15,46,12.43
522837ace4fd8dd743f2,16,37,10.0
522837ace4fd8dd743f2,17,2,0.54
522837ace4fd8dd743f2,18,0,0.0
522837ace4fd8dd743f2,19,0,0.0
522837ace4fd8dd743f2,20,0,0.0
522837ace4fd8dd743f2,21,0,0.0
522837ace4fd8dd743f2,22,0,0.0
522837ace4fd8dd743f2,23,0,0.0
0df40593e76a840fd64b,0,5,1.91
0df40593e76a840fd64b,1,22,8.4
0df40593e76a840fd64b,2,0,0.0
0df40593e76a840fd64b,3,10,3.82
0df40593e76a840fd64b,4,12,4.58
0df40593e76a840fd64b,5,3,1.15
0df40593e76a840fd64b,6,31,11.83
0df40593e76a840fd64b,7,11,4.2
0df40593e76a840fd64b,8,1,0.38
0df40593e76a840fd64b,9,2,0.76
0df40593e76a840fd64b,10,62,23.66
0df40593e76a840fd64b,11,47,17.94
0df40593e76a840fd64b,12,40,15.27
0df40593e76a840fd64b,13,12,4.58
0df40593e76a840fd64b,14,0,0.0
0df40593e76a840fd64b,15,4,1.53
0df40593e76a840fd64b,16,0,0.0
0df40593e76a840fd64b,17,0,0.0
0df40593e76a840fd64b,18,0,0.0
0df40593e76a840fd64b,19,0,0.0
0df40593e76a840fd64b,20,0,0.0
0df40593e76a840fd64b,21,0,0.0
0df40593e76a840fd64b,22,0,0.0
0df40593e76a840fd64b,23,0,0.0
952e59666bdde6dad94c,0,0,0.0
952e59666bdde6dad94c,1,13,5.12
952e59666bdde6dad94c,2,29,11.42
952e59666bdde6dad94c,3,29,11.42
952e59666bdde6dad94c,4,2,0.79
952e59666bdde6dad94c,5,13,5.12
952e59666bdde6dad94c,6,5,1.97
952e59666bdde6dad94c,7,7,2.76
952e59666bdde6dad94c,8,1,0.39
952e59666bdde6dad94c,9,7,2.76
952e59666bdde6dad94c,10,13,5.12
952e59666bdde6dad94c,11,50,19.69
952e59666bdde6dad94c,12,53,20.87
952e59666bdde6dad94c,13,7,2.76
952e59666bdde6dad94c,14,8,3.15
952e59666bdde6dad94c,15,16,6.3
952e59666bdde6dad94c,16,0,0.0
952e59666bdde6dad94c,17,0,0.0
952e59666bdde6dad94c,18,0,0.0
952e59666bdde6dad94c,19,0,0.0
952e59666bdde6dad94c,20,0,0.0
952e59666bdde6dad94c,21,0,0.0
952e59666bdde6dad94c,22,0,0.0
952e59666bdde6dad94c,23,1,0.39
800d0095388d11344b78,0,0,0.0
800d0095388d11344b78,1,0,0.0
800d0095388d11344b78,2,1,1.14
800d0095388d11344b78,3,0,0.0
800d0095388d11344b78,4,0,0.0
800d0095388d11344b78,5,0,0.0
800d0095388d11344b78,6,0,0.0
800d0095388d11344b78,7,0,0.0
800d0095388d11344b78,8,0,0.0
800d0095388d11344b78,9,0,0.0
800d0095388d11344b78,10,10,11.36
800d0095388d11344b78,11,10,11.36
800d0095388d11344b78,12,4,4.55
800d0095388d11344b78,13,8,9.09
800d0095388d11344b78,14,15,17.05
800d0095388d11344b78,15,23,26.14
800d0095388d11344b78,16,17,19.32
800d0095388d11344b78,17,0,0.0
800d0095388d11344b78,18,0,0.0
800d0095388d11344b78,19,0,0.0
800d0095388d11344b78,20,0,0.0
800d0095388d11344b78,21,0,0.0
800d0095388d11344b78,22,0,0.0
800d0095388d11344b78,23,0,0.0
d53a4fb612fb801fff3d,0,0,0.0
d53a4fb612fb801fff3d,1,0,0.0
d53a4fb612fb801fff3d,2,17,12.78
d53a4fb612fb801fff3d,3,0,0.0
d53a4fb612fb801fff3d,4,0,0.0
d53a4fb612fb801fff3d,5,11,8.27
d53a4fb612fb801fff3d,6,41,30.83
d53a4fb612fb801fff3d,7,11,8.27
d53a4fb612fb801fff3d,8,0,0.0
d53a4fb612fb801fff3d,9,0,0.0
d53a4fb612fb801fff3d,10,10,7.52
d53a4fb612fb801fff3d,11,2,1.5
d53a4fb612fb801fff3d,12,11,8.27
d53a4fb612fb801fff3d,13,7,5.26
d53a4fb612fb801fff3d,14,22,16.54
d53a4fb612fb801fff3d,15,1,0.75
d53a4fb612fb801fff3d,16,0,0.0
d53a4fb612fb801fff3d,17,0,0.0
d53a4fb612fb801fff3d,18,0,0.0
d53a4fb612fb801fff3d,19,0,0.0
d53a4fb612fb801fff3d,20,0,0.0
d53a4fb612fb801fff3d,21,0,0.0
d53a4fb612fb801fff3d,22,0,0.0
d53a4fb612fb801fff3d,23,0,0.0
71ca74e191e71b0219b5,0,0,0.0
71ca74e191e71b0219b5,1,4,4.55
71ca74e191e71b0219b5,2,14,15.91
71ca74e191e71b0219b5,3,11,12.5
71ca74e191e71b0219b5,4,0,0.0
71ca74e191e71b0219b5,5,8,9.09
71ca74e191e71b0219b5,6,6,6.82
71ca74e191e71b0219b5,7,4,4.55
71ca74e191e71b0219b5,8,0,0.0
71ca74e191e71b0219b5,9,0,0.0
71ca74e191e71b0219b5,10,4,4.55
71ca74e191e71b0219b5,11,1,1.14
71ca74e191e71b0219b5,12,16,18.18
71ca74e191e71b0219b5,13,3,3.41
71ca74e191e71b0219b5,14,0,0.0
71ca74e191e71b0219b5,15,16,18.18
71ca74e191e71b0219b5,16,1,1.14
71ca74e191e71b0219b5,17,0,0.0
71ca74e191e71b0219b5,18,0,0.0
71ca74e191e71b0219b5,19,0,0.0
71ca74e191e71b0219b5,20,0,0.0
71ca74e191e71b0219b5,21,0,0.0
71ca74e191e71b0219b5,22,0,0.0
71ca74e191e71b0219b5,23,0,0.0
dddd7ba8769cf90bfd62,0,7,8.14
dddd7ba8769cf90bfd62,1,3,3.49
dddd7ba8769cf90bfd62,2,1,1.16
dddd7ba8769cf90bfd62,3,15,17.44
dddd7ba8769cf90bfd62,4,1,1.16
dddd7ba8769cf90bfd62,5,4,4.65
dddd7ba8769cf90bfd62,6,1,1.16
dddd7ba8769cf90bfd62,7,0,0.0
dddd7ba8769cf90bfd62,8,4,4.65
dddd7ba8769cf90bfd62,9,2,2.33
dddd7ba8769cf90bfd62,10,6,6.98
dddd7ba8769cf90bfd62,11,4,4.65
dddd7ba8769cf90bfd62,12,1,1.16
dddd7ba8769cf90bfd62,13,5,5.81
dddd7ba8769cf90bfd62,14,23,26.74
dddd7ba8769cf90bfd62,15,9,10.47
dddd7ba8769cf90bfd62,16,0,0.0
dddd7ba8769cf90bfd62,17,0,0.0
dddd7ba8769cf90bfd62,18,0,0.0
dddd7ba8769cf90bfd62,19,0,0.0
dddd7ba8769cf90bfd62,20,0,0.0
dddd7ba8769cf90bfd62,21,0,0.0
dddd7ba8769cf90bfd62,22,0,0.0
dddd7ba8769cf90bfd62,23,0,0.0
758a52e21fd5c23cd7ed,0,0,0.0
758a52e21fd5c23cd7ed,1,1,0.96
758a52e21fd5c23cd7ed,2,13,12.5
758a52e21fd5c23cd7ed,3,6,5.77
758a52e21fd5c23cd7ed,4,0,0.0
758a52e21fd5c23cd7ed,5,0,0.0
758a52e21fd5c23cd7ed,6,5,4.81
758a52e21fd5c23cd7ed,7,5,4.81
758a52e21fd5c23cd7ed,8,15,14.42
758a52e21fd5c23cd7ed,9,6,5.77
758a52e21fd5c23cd7ed,10,0,0.0
758a52e21fd5c23cd7ed,11,2,1.92
758a52e21fd5c23cd7ed,12,0,0.0
758a52e21fd5c23cd7ed,13,26,25.0
758a52e21fd5c23cd7ed,14,2,1.92
758a52e21fd5c23cd7ed,15,3,2.88
758a52e21fd5c23cd7ed,16,11,10.58
758a52e21fd5c23cd7ed,17,9,8.65
758a52e21fd5c23cd7ed,18,0,0.0
758a52e21fd5c23cd7ed,19,0,0.0
758a52e21fd5c23cd7ed,20,0,0.0
758a52e21fd5c23cd7ed,21,0,0.0
758a52e21fd5c23cd7ed,22,0,0.0
758a52e21fd5c23cd7ed,23,0,0.0
4cc0dc56eecea1d928d1,0,0,0.0
4cc0dc56eecea1d928d1,1,0,0.0
4cc0dc56eecea1d928d1,2,1,0.71
4cc0dc56eecea1d928d1,3,19,13.57
4cc0dc56eecea1d928d1,4,12,8.57
4cc0dc56eecea1d928d1,5,0,0.0
4cc0dc56eecea1d928d1,6,0,0.0
4cc0dc56eecea1d928d1,7,0,0.0
4cc0dc56eecea1d928d1,8,0,0.0
4cc0dc56eecea1d928d1,9,14,10.0
4cc0dc56eecea1d928d1,10,10,7.14
4cc0dc56eecea1d928d1,11,31,22.14
4cc0dc56eecea1d928d1,12,13,9.29
4cc0dc56eecea1d928d1,13,9,6.43
4cc0dc56eecea1d928d1,14,30,21.43
4cc0dc56eecea1d928d1,15,1,0.71
4cc0dc56eecea1d928d1,16,0,0.0
4cc0dc56eecea1d928d1,17,0,0.0
4cc0dc56eecea1d928d1,18,0,0.0
4cc0dc56eecea1d928d1,19,0,0.0
4cc0dc56eecea1d928d1,20,0,0.0
4cc0dc56eecea1d928d1,21,0,0.0
4cc0dc56eecea1d928d1,22,0,0.0
4cc0dc56eecea1d928d1,23,0,0.0
e62f7655cb5259abfbf1,0,16,12.12
e62f7655cb5259abfbf1,1,8,6.06
e62f7655cb5259abfbf1,2,14,10.61
e62f7655cb5259abfbf1,3,17,12.88
e62f7655cb5259abfbf1,4,4,3.03
e62f7655cb5259abfbf1,5,15,11.36
e62f7655cb5259abfbf1,6,6,4.55
e62f7655cb5259abfbf1,7,16,12.12
e62f7655cb5259abfbf1,8,6,4.55
e62f7655cb5259abfbf1,9,0,0.0
e62f7655cb5259abfbf1,10,8,6.06
e62f7655cb5259abfbf1,11,0,0.0
e62f7655cb5259abfbf1,12,0,0.0
e62f7655cb5259abfbf1,13,3,2.27
e62f7655cb5259abfbf1,14,13,9.85
e62f7655cb5259abfbf1,15,3,2.27
e62f7655cb5259abfbf1,16,0,0.0
e62f7655cb5259abfbf1,17,0,0.0
e62f7655cb5259abfbf1,18,0,0.0
e62f7655cb5259abfbf1,19,0,0.0
e62f7655cb5259abfbf1,20,0,0.0
e62f7655cb5259abfbf1,21,0,0.0
e62f7655cb5259abfbf1,22,0,0.0
e62f7655cb5259abfbf1,23,3,2.27
0258f681a9e1756dfc76,0,11,3.22
0258f681a9e1756dfc76,1,12,3.51
0258f681a9e1756dfc76,2,12,3.51
0258f681a9e1756dfc76,3,9,2.63
0258f681a9e1756dfc76,4,4,1.17
0258f681a9e1756dfc76,5,6,1.75
0258f681a9e1756dfc76,6,4,1.17
0258f681a9e1756dfc76,7,14,4.09
0258f681a9e1756dfc76,8,32,9.36
0258f681a9e1756dfc76,9,11,3.22
0258f681a9e1756dfc76,10,13,3.8
0258f681a9e1756dfc76,11,35,10.23
0258f681a9e1756dfc76,12,61,17.84
0258f681a9e1756dfc76,13,26,7.6
0258f681a9e1756dfc76,14,20,5.85
0258f681a9e1756dfc76,15,35,10.23
0258f681a9e1756dfc76,16,32,9.36
0258f681a9e1756dfc76,17,5,1.46
0258f681a9e1756dfc76,18,0,0.0
0258f681a9e1756dfc76,19,0,0.0
0258f681a9e1756dfc76,20,0,0.0
0258f681a9e1756dfc76,21,0,0.0
0258f681a9e1756dfc76,22,0,0.0
0258f681a9e1756dfc76,23,0,0.0
8bf3625652581859dcd1,0,0,0.0
8bf3625652581859dcd1,1,0,0.0
8bf3625652581859dcd1,2,0,0.0
8bf3625652581859dcd1,3,0,0.0
8bf3625652581859dcd1,4,0,0.0
8bf3625652581859dcd1,5,1,0.47
8bf3625652581859dcd1,6,1,0.47
8bf3625652581859dcd1,7,8,3.79
8bf3625652581859dcd1,8,7,3.32
8bf3625652581859dcd1,9,10,4.74
8bf3625652581859dcd1,10,12,5.69
8bf3625652581859dcd1,11,35,16.59
8bf3625652581859dcd1,12,54,25.59
8bf3625652581859dcd1,13,22,10.43
8bf3625652581859dcd1,14,50,23.7
8bf3625652581859dcd1,15,11,5.21
8bf3625652581859dcd1,16,0,0.0
8bf3625652581859dcd1,17,0,0.0
8bf3625652581859dcd1,18,0,0.0
8bf3625652581859dcd1,19,0,0.0
8bf3625652581859dcd1,20,0,0.0
8bf3625652581859dcd1,21,0,0.0
8bf3625652581859dcd1,22,0,0.0
8bf3625652581859dcd1,23,0,0.0
63c38a00d97e62c31e08,0,11,7.28
63c38a00d97e62c31e08,1,6,3.97
63c38a00d97e62c31e08,2,11,7.28
63c38a00d97e62c31e08,3,8,5.3
63c38a00d97e62c31e08,4,12,7.95
63c38a00d97e62c31e08,5,9,5.96
63c38a00d97e62c31e08,6,3,1.99
63c38a00d97e62c31e08,7,12,7.95
63c38a00d97e62c31e08,8,13,8.61
63c38a00d97e62c31e08,9,4,2.65
63c38a00d97e62c31e08,10,3,1.99
63c38a00d97e62c31e08,11,0,0.0
63c38a00d97e62c31e08,12,10,6.62
63c38a00d97e62c31e08,13,15,9.93
63c38a00d97e62c31e08,14,31,20.53
63c38a00d97e62c31e08,15,1,0.66
63c38a00d97e62c31e08,16,0,0.0
63c38a00d97e62c31e08,17,0,0.0
63c38a00d97e62c31e08,18,0,0.0
63c38a00d97e62c31e08,19,0,0.0
63c38a00d97e62c31e08,20,0,0.0
63c38a00d97e62c31e08,21,0,0.0
63c38a00d97e62c31e08,22,0,0.0
63c38a00d97e62c31e08,23,2,1.32
f9dde99f5db421171b51,0,0,0.0
f9dde99f5db421171b51,1,7,2.11
f9dde99f5db421171b51,2,0,0.0
f9dde99f5db421171b51,3,4,1.2
f9dde99f5db421171b51,4,5,1.51
f9dde99f5db421171b51,5,0,0.0
f9dde99f5db421171b51,6,18,5.42
f9dde99f5db421171b51,7,28,8.43
f9dde99f5db421171b51,8,40,12.05
f9dde99f5db421171b51,9,23,6.93
f9dde99f5db421171b51,10,36,10.84
f9dde99f5db421171b51,11,96,28.92
f9dde99f5db421171b51,12,54,16.27
f9dde99f5db421171b51,13,4,1.2
f9dde99f5db421171b51,14,17,5.12
f9dde99f5db421171b51,15,0,0.0
f9dde99f5db421171b51,16,0,0.0
f9dde99f5db421171b51,17,0,0.0
f9dde99f5db421171b51,18,0,0.0
f9dde99f5db421171b51,19,0,0.0
f9dde99f5db421171b51,20,0,0.0
f9dde99f5db421171b51,21,0,0.0
f9dde99f5db421171b51,22,0,0.0
f9dde99f5db421171b51,23,0,0.0
b1b3363b7086aaa99b0d,0,0,0.0
b1b3363b7086aaa99b0d,1,2,2.78
b1b3363b7086aaa99b0d,2,2,2.78
b1b3363b7086aaa99b0d,3,4,5.56
b1b3363b7086aaa99b0d,4,5,6.94
b1b3363b7086aaa99b0d,5,10,13.89
b1b3363b7086aaa99b0d,6,0,0.0
b1b3363b7086aaa99b0d,7,5,6.94
b1b3363b7086aaa99b0d,8,10,13.89
b1b3363b7086aaa99b0d,9,5,6.94
b1b3363b7086aaa99b0d,10,1,1.39
b1b3363b7086aaa99b0d,11,6,8.33
b1b3363b7086aaa99b0d,12,0,0.0
b1b3363b7086aaa99b0d,13,4,5.56
b1b3363b7086aaa99b0d,14,6,8.33
b1b3363b7086aaa99b0d,15,5,6.94
b1b3363b7086aaa99b0d,16,4,5.56
b1b3363b7086aaa99b0d,17,3,4.17
b1b3363b7086aaa99b0d,18,0,0.0
b1b3363b7086aaa99b0d,19,0,0.0
b1b3363b7086aaa99b0d,20,0,0.0
b1b3363b7086aaa99b0d,21,0,0.0
b1b3363b7086aaa99b0d,22,0,0.0
b1b3363b7086aaa99b0d,23,0,0.0
e4af37199530e9ea523c,0,0,0.0
e4af37199530e9ea523c,1,5,2.79
e4af37199530e9ea523c,2,8,4.47
e4af37199530e9ea523c,3,21,11.73
e4af37199530e9ea523c,4,2,1.12
e4af37199530e9ea523c,5,0,0.0
e4af37199530e9ea523c,6,0,0.0
e4af37199530e9ea523c,7,15,8.38
e4af37199530e9ea523c,8,15,8.38
e4af37199530e9ea523c,9,9,5.03
e4af37199530e9ea523c,10,3,1.68
e4af37199530e9ea523c,11,50,27.93
e4af37199530e9ea523c,12,30,16.76
e4af37199530e9ea523c,13,15,8.38
e4af37199530e9ea523c,14,6,3.35
e4af37199530e9ea523c,15,0,0.0
e4af37199530e9ea523c,16,0,0.0
e4af37199530e9ea523c,17,0,0.0
e4af37199530e9ea523c,18,0,0.0
e4af37199530e9ea523c,19,0,0.0
e4af37199530e9ea523c,20,0,0.0
e4af37199530e9ea523c,21,0,0.0
e4af37199530e9ea523c,22,0,0.0
e4af37199530e9ea523c,23,0,0.0
204fdbe885269686a392,0,0,0.0
204fdbe885269686a392,1,0,0.0
204fdbe885269686a392,2,0,0.0
204fdbe885269686a392,3,0,0.0
204fdbe885269686a392,4,0,0.0
204fdbe885269686a392,5,0,0.0
204fdbe885269686a392,6,2,1.59
204fdbe885269686a392,7,11,8.73
204fdbe885269686a392,8,27,21.43
204fdbe885269686a392,9,0,0.0
204fdbe885269686a392,10,4,3.17
204fdbe885269686a392,11,42,33.33
204fdbe885269686a392,12,29,23.02
204fdbe885269686a392,13,11,8.73
204fdbe885269686a392,14,0,0.0
204fdbe885269686a392,15,0,0.0
204fdbe885269686a392,16,0,0.0
204fdbe885269686a392,17,0,0.0
204fdbe885269686a392,18,0,0.0
204fdbe885269686a392,19,0,0.0
204fdbe885269686a392,20,0,0.0
204fdbe885269686a392,21,0,0.0
204fdbe885269686a392,22,0,0.0
204fdbe885269686a392,23,0,0.0
b1fbf77b475e79c3d413,0,0,0.0
b1fbf77b475e79c3d413,1,0,0.0
b1fbf77b475e79c3d413,2,21,9.09
b1fbf77b475e79c3d413,3,33,14.29
b1fbf77b475e79c3d413,4,1,0.43
b1fbf77b475e79c3d413,5,0,0.0
b1fbf77b475e79c3d413,6,0,0.0
b1fbf77b475e79c3d413,7,0,0.0
b1fbf77b475e79c3d413,8,0,0.0
b1fbf77b475e79c3d413,9,41,17.75
b1fbf77b475e79c3d413,10,49,21.21
b1fbf77b475e79c3d413,11,55,23.81
b1fbf77b475e79c3d413,12,31,13.42
b1fbf77b475e79c3d413,13,0,0.0
b1fbf77b475e79c3d413,14,0,0.0
b1fbf77b475e79c3d413,15,0,0.0
b1fbf77b475e79c3d413,16,0,0.0
b1fbf77b475e79c3d413,17,0,0.0
b1fbf77b475e79c3d413,18,0,0.0
b1fbf77b475e79c3d413,19,0,0.0
b1fbf77b475e79c3d413,20,0,0.0
b1fbf77b475e79c3d413,21,0,0.0
b1fbf77b475e79c3d413,22,0,0.0
b1fbf77b475e79c3d413,23,0,0.0
7f1c076b22be73eef99b,0,0,0.0
7f1c076b22be73eef99b,1,0,0.0
7f1c076b22be73eef99b,2,8,3.83
7f1c076b22be73eef99b,3,2,0.96
7f1c076b22be73eef99b,4,0,0.0
7f1c076b22be73eef99b,5,4,1.91
7f1c076b22be73eef99b,6,7,3.35
7f1c076b22be73eef99b,7,5,2.39
7f1c076b22be73eef99b,8,3,1.44
7f1c076b22be73eef99b,9,5,2.39
7f1c076b22be73eef99b,10,14,6.7
7f1c076b22be73eef99b,11,9,4.31
7f1c076b22be73eef99b,12,22,10.53
7f1c076b22be73eef99b,13,34,16.27
7f1c076b22be73eef99b,14,23,11.0
7f1c076b22be73eef99b,15,10,4.78
7f1c076b22be73eef99b,16,12,5.74
7f1c076b22be73eef99b,17,39,18.66
7f1c076b22be73eef99b,18,12,5.74
7f1c076b22be73eef99b,19,0,0.0
7f1c076b22be73eef99b,20,0,0.0
7f1c076b22be73eef99b,21,0,0.0
7f1c076b22be73eef99b,22,0,0.0
7f1c076b22be73eef99b,23,0,0.0
b9a8b9ee84232efd7d61,0,0,0.0
b9a8b9ee84232efd7d61,1,6,6.32
b9a8b9ee84232efd7d61,2,7,7.37
b9a8b9ee84232efd7d61,3,3,3.16
b9a8b9ee84232efd7d61,4,2,2.11
b9a8b9ee84232efd7d61,5,0,0.0
b9a8b9ee84232efd7d61,6,1,1.05
b9a8b9ee84232efd7d61,7,0,0.0
b9a8b9ee84232efd7d61,8,0,0.0
b9a8b9ee84232efd7d61,9,8,8.42
b9a8b9ee84232efd7d61,10,4,4.21
b9a8b9ee84232efd7d61,11,16,16.84
b9a8b9ee84232efd7d61,12,28,29.47
b9a8b9ee84232efd7d61,13,1,1.05
b9a8b9ee84232efd7d61,14,11,11.58
b9a8b9ee84232efd7d61,15,6,6.32
b9a8b9ee84232efd7d61,16,2,2.11
b9a8b9ee84232efd7d61,17,0,0.0
b9a8b9ee84232efd7d61,18,0,0.0
b9a8b9ee84232efd7d61,19,0,0.0
b9a8b9ee84232efd7d61,20,0,0.0
b9a8b9ee84232efd7d61,21,0,0.0
b9a8b9ee84232efd7d61,22,0,0.0
b9a8b9ee84232efd7d61,23,0,0.0
52a24e35d5356ab34a2e,0,10,6.9
52a24e35d5356ab34a2e,1,24,16.55
52a24e35d5356ab34a2e,2,2,1.38
52a24e35d5356ab34a2e,3,18,12.41
52a24e35d5356ab34a2e,4,1,0.69
52a24e35d5356ab34a2e,5,7,4.83
52a24e35d5356ab34a2e,6,9,6.21
52a24e35d5356ab34a2e,7,0,0.0
52a24e35d5356ab34a2e,8,27,18.62
52a24e35d5356ab34a2e,9,18,12.41
52a24e35d5356ab34a2e,10,7,4.83
52a24e35d5356ab34a2e,11,3,2.07
52a24e35d5356ab34a2e,12,4,2.76
52a24e35d5356ab34a2e,13,2,1.38
52a24e35d5356ab34a2e,14,7,4.83
52a24e35d5356ab34a2e,15,6,4.14
52a24e35d5356ab34a2e,16,0,0.0
52a24e35d5356ab34a2e,17,0,0.0
52a24e35d5356ab34a2e,18,0,0.0
52a24e35d5356ab34a2e,19,0,0.0
52a24e35d5356ab34a2e,20,0,0.0
52a24e35d5356ab34a2e,21,0,0.0
52a24e35d5356ab34a2e,22,0,0.0
52a24e35d5356ab34a2e,23,0,0.0
5abcc9d4fb5e764b2f6f,0,0,0.0
5abcc9d4fb5e764b2f6f,1,0,0.0
5abcc9d4fb5e764b2f6f,2,1,0.62
5abcc9d4fb5e764b2f6f,3,6,3.75
5abcc9d4fb5e764b2f6f,4,1,0.62
5abcc9d4fb5e764b2f6f,5,18,11.25
5abcc9d4fb5e764b2f6f,6,10,6.25
5abcc9d4fb5e764b2f6f,7,0,0.0
5abcc9d4fb5e764b2f6f,8,8,5.0
5abcc9d4fb5e764b2f6f,9,2,1.25
5abcc9d4fb5e764b2f6f,10,12,7.5
5abcc9d4fb5e764b2f6f,11,34,21.25
5abcc9d4fb5e764b2f6f,12,23,14.37
5abcc9d4fb5e764b2f6f,13,32,20.0
5abcc9d4fb5e764b2f6f,14,12,7.5
5abcc9d4fb5e764b2f6f,15,1,0.62
5abcc9d4fb5e764b2f6f,16,0,0.0
5abcc9d4fb5e764b2f6f,17,0,0.0
5abcc9d4fb5e764b2f6f,18,0,0.0
5abcc9d4fb5e764b2f6f,19,0,0.0
5abcc9d4fb5e764b2f6f,20,0,0.0
5abcc9d4fb5e764b2f6f,21,0,0.0
5abcc9d4fb5e764b2f6f,22,0,0.0
5abcc9d4fb5e764b2f6f,23,0,0.0
04f2689b4ea16d8d7d9a,0,20,4.52
04f2689b4ea16d8d7d9a,1,4,0.9
04f2689b4ea16d8d7d9a,2,37,8.37
04f2689b4ea16d8d7d9a,3,48,10.86
04f2689b4ea16d8d7d9a,4,19,4.3
04f2689b4ea16d8d7d9a,5,17,3.85
04f2689b4ea16d8d7d9a,6,19,4.3
04f2689b4ea16d8d7d9a,7,30,6.79
04f2689b4ea16d8d7d9a,8,43,9.73
04f2689b4ea16d8d7d9a,9,1,0.23
04f2689b4ea16d8d7d9a,10,26,5.88
04f2689b4ea16d8d7d9a,11,44,9.95
04f2689b4ea16d8d7d9a,12,54,12.22
04f2689b4ea16d8d7d9a,13,49,11.09
04f2689b4ea16d8d7d9a,14,23,5.2
04f2689b4ea16d8d7d9a,15,8,1.81
04f2689b4ea16d8d7d9a,16,0,0.0
04f2689b4ea16d8d7d9a,17,0,0.0
04f2689b4ea16d8d7d9a,18,0,0.0
04f2689b4ea16d8d7d9a,19,0,0.0
04f2689b4ea16d8d7d9a,20,0,0.0
04f2689b4ea16d8d7d9a,21,0,0.0
04f2689b4ea16d8d7d9a,22,0,0.0
04f2689b4ea16d8d7d9a,23,0,0.0
2db6dd71f1d07300382c,0,0,0.0
2db6dd71f1d07300382c,1,0,0.0
2db6dd71f1d07300382c,2,3,4.48
2db6dd71f1d07300382c,3,0,0.0
2db6dd71f1d07300382c,4,2,2.99
2db6dd71f1d07300382c,5,0,0.0
2db6dd71f1d07300382c,6,1,1.49
2db6dd71f1d07300382c,7,5,7.46
2db6dd71f1d07300382c,8,0,0.0
2db6dd71f1d07300382c,9,0,0.0
2db6dd71f1d07300382c,10,5,7.46
2db6dd71f1d07300382c,11,0,0.0
2db6dd71f1d07300382c,12,1,1.49
2db6dd71f1d07300382c,13,10,14.93
2db6dd71f1d07300382c,14,20,29.85
2db6dd71f1d07300382c,15,6,8.96
2db6dd71f1d07300382c,16,14,20.9
2db6dd71f1d07300382c,17,0,0.0
2db6dd71f1d07300382c,18,0,0.0
2db6dd71f1d07300382c,19,0,0.0
2db6dd71f1d07300382c,20,0,0.0
2db6dd71f1d07300382c,21,0,0.0
2db6dd71f1d07300382c,22,0,0.0
2db6dd71f1d07300382c,23,0,0.0
d2c5423ea5fa0a995264,0,0,0.0
d2c5423ea5fa0a995264,1,0,0.0
d2c5423ea5fa0a995264,2,0,0.0
d2c5423ea5fa0a995264,3,0,0.0
d2c5423ea5fa0a995264,4,0,0.0
d2c5423ea5fa0a995264,5,2,2.3
d2c5423ea5fa0a995264,6,0,0.0
d2c5423ea5fa0a995264,7,13,14.94
d2c5423ea5fa0a995264,8,0,0.0
d2c5423ea5fa0a995264,9,0,0.0
d2c5423ea5fa0a995264,10,5,5.75
d2c5423ea5fa0a995264,11,9,10.34
d2c5423ea5fa0a995264,12,22,25.29
d2c5423ea5fa0a995264,13,10,11.49
d2c5423ea5fa0a995264,14,14,16.09
d2c5423ea5fa0a995264,15,5,5.75
d2c5423ea5fa0a995264,16,0,0.0
d2c5423ea5fa0a995264,17,7,8.05
d2c5423ea5fa0a995264,18,0,0.0
d2c5423ea5fa0a995264,19,0,0.0
d2c5423ea5fa0a995264,20,0,0.0
d2c5423ea5fa0a995264,21,0,0.0
d2c5423ea5fa0a995264,22,0,0.0
d2c5423ea5fa0a995264,23,0,0.0
81c441973fd4e024d60a,0,3,1.32
81c441973fd4e024d60a,1,29,12.72
81c441973fd4e024d60a,2,15,6.58
81c441973fd4e024d60a,3,9,3.95
81c441973fd4e024d60a,4,14,6.14
81c441973fd4e024d60a,5,23,10.09
81c441973fd4e024d60a,6,19,8.33
81c441973fd4e024d60a,7,14,6.14
81c441973fd4e024d60a,8,6,2.63
81c441973fd4e024d60a,9,13,5.7
81c441973fd4e024d60a,10,1,0.44
81c441973fd4e024d60a,11,12,5.26
81c441973fd4e024d60a,12,15,6.58
81c441973fd4e024d60a,13,7,3.07
81c441973fd4e024d60a,14,13,5.7
81c441973fd4e024d60a,15,33,14.47
81c441973fd4e024d60a,16,2,0.88
81c441973fd4e024d60a,17,0,0.0
81c441973fd4e024d60a,18,0,0.0
81c441973fd4e024d60a,19,0,0.0
81c441973fd4e024d60a,20,0,0.0
81c441973fd4e024d60a,21,0,0.0
81c441973fd4e024d60a,22,0,0.0
81c441973fd4e024d60a,23,0,0.0
83b54209fa2b1055369b,0,1,0.79
83b54209fa2b1055369b,1,11,8.66
83b54209fa2b1055369b,2,2,1.57
83b54209fa2b1055369b,3,5,3.94
83b54209fa2b1055369b,4,0,0.0
83b54209fa2b1055369b,5,0,0.0
83b54209fa2b1055369b,6,8,6.3
83b54209fa2b1055369b,7,11,8.66
83b54209fa2b1055369b,8,9,7.09
83b54209fa2b1055369b,9,14,11.02
83b54209fa2b1055369b,10,1,0.79
83b54209fa2b1055369b,11,19,14.96
83b54209fa2b1055369b,12,16,12.6
83b54209fa2b1055369b,13,23,18.11
83b54209fa2b1055369b,14,2,1.57
83b54209fa2b1055369b,15,0,0.0
83b54209fa2b1055369b,16,0,0.0
83b54209fa2b1055369b,17,0,0.0
83b54209fa2b1055369b,18,0,0.0
83b54209fa2b1055369b,19,0,0.0
83b54209fa2b1055369b,20,0,0.0
83b54209fa2b1055369b,21,0,0.0
83b54209fa2b1055369b,22,0,0.0
83b54209fa2b1055369b,23,5,3.94
9ee4ff457095eaf23309,0,6,3.61
9ee4ff457095eaf23309,1,5,3.01
9ee4ff457095eaf23309,2,1,0.6
9ee4ff457095eaf23309,3,2,1.2
9ee4ff457095eaf23309,4,1,0.6
9ee4ff457095eaf23309,5,4,2.41
9ee4ff457095eaf23309,6,12,7.23
9ee4ff457095eaf23309,7,15,9.04
9ee4ff457095eaf23309,8,1,0.6
9ee4ff457095eaf23309,9,2,1.2
9ee4ff457095eaf23309,10,5,3.01
9ee4ff457095eaf23309,11,11,6.63
9ee4ff457095eaf23309,12,42,25.3
9ee4ff457095eaf23309,13,14,8.43
9ee4ff457095eaf23309,14,38,22.89
9ee4ff457095eaf23309,15,7,4.22
9ee4ff457095eaf23309,16,0,0.0
9ee4ff457095eaf23309,17,0,0.0
9ee4ff457095eaf23309,18,0,0.0
9ee4ff457095eaf23309,19,0,0.0
9ee4ff457095eaf23309,20,0,0.0
9ee4ff457095eaf23309,21,0,0.0
9ee4ff457095eaf23309,22,0,0.0
9ee4ff457095eaf23309,23,0,0.0
b6808721d4a7900e360a,0,10,3.55
b6808721d4a7900e360a,1,11,3.9
b6808721d4a7900e360a,2,18,6.38
b6808721d4a7900e360a,3,6,2.13
b6808721d4a7900e360a,4,29,10.28
b6808721d4a7900e360a,5,13,4.61
b6808721d4a7900e360a,6,33,11.7
b6808721d4a7900e360a,7,11,3.9
b6808721d4a7900e360a,8,15,5.32
b6808721d4a7900e360a,9,7,2.48
b6808721d4a7900e360a,10,13,4.61
b6808721d4a7900e360a,11,24,8.51
b6808721d4a7900e360a,12,23,8.16
b6808721d4a7900e360a,13,26,9.22
b6808721d4a7900e360a,14,29,10.28
b6808721d4a7900e360a,15,8,2.84
b6808721d4a7900e360a,16,0,0.0
b6808721d4a7900e360a,17,0,0.0
b6808721d4a7900e360a,18,0,0.0
b6808721d4a7900e360a,19,0,0.0
b6808721d4a7900e360a,20,0,0.0
b6808721d4a7900e360a,21,0,0.0
b6808721d4a7900e360a,22,3,1.06
b6808721d4a7900e360a,23,3,1.06
f05247f3d32a4bf5a6df,0,4,1.61
f05247f3d32a4bf5a6df,1,11,4.44
f05247f3d32a4bf5a6df,2,7,2.82
f05247f3d32a4bf5a6df,3,9,3.63
f05247f3d32a4bf5a6df,4,0,0.0
f05247f3d32a4bf5a6df,5,20,8.06
f05247f3d32a4bf5a6df,6,7,2.82
f05247f3d32a4bf5a6df,7,0,0.0
f05247f3d32a4bf5a6df,8,0,0.0
f05247f3d32a4bf5a6df,9,0,0.0
f05247f3d32a4bf5a6df,10,20,8.06
f05247f3d32a4bf5a6df,11,13,5.24
f05247f3d32a4bf5a6df,12,15,6.05
f05247f3d32a4bf5a6df,13,6,2.42
f05247f3d32a4bf5a6df,14,13,5.24
f05247f3d32a4bf5a6df,15,104,41.94
f05247f3d32a4bf5a6df,16,19,7.66
f05247f3d32a4bf5a6df,17,0,0.0
f05247f3d32a4bf5a6df,18,0,0.0
f05247f3d32a4bf5a6df,19,0,0.0
f05247f3d32a4bf5a6df,20,0,0.0
f05247f3d32a4bf5a6df,21,0,0.0
f05247f3d32a4bf5a6df,22,0,0.0
f05247f3d32a4bf5a6df,23,0,0.0
6fc66606e74242398444,0,11,5.88
6fc66606e74242398444,1,1,0.53
6fc66606e74242398444,2,0,0.0
6fc66606e74242398444,3,2,1.07
6fc66606e74242398444,4,0,0.0
6fc66606e74242398444,5,1,0.53
6fc66606e74242398444,6,1,0.53
6fc66606e74242398444,7,8,4.28
6fc66606e74242398444,8,1,0.53
6fc66606e74242398444,9,14,7.49
6fc66606e74242398444,10,20,10.7
6fc66606e74242398444,11,8,4.28
6fc66606e74242398444,12,16,8.56
6fc66606e74242398444,13,29,15.51
6fc66606e74242398444,14,41,21.93
6fc66606e74242398444,15,23,12.3
6fc66606e74242398444,16,0,0.0
6fc66606e74242398444,17,3,1.6
6fc66606e74242398444,18,8,4.28
6fc66606e74242398444,19,0,0.0
6fc66606e74242398444,20,0,0.0
6fc66606e74242398444,21,0,0.0
6fc66606e74242398444,22,0,0.0
6fc66606e74242398444,23,0,0.0
5a44a7c59729d41d596a,0,0,0.0
5a44a7c59729d41d596a,1,2,5.71
5a44a7c59729d41d596a,2,0,0.0
5a44a7c59729d41d596a,3,0,0.0
5a44a7c59729d41d596a,4,0,0.0
5a44a7c59729d41d596a,5,0,0.0
5a44a7c59729d41d596a,6,0,0.0
5a44a7c59729d41d596a,7,0,0.0
5a44a7c59729d41d596a,8,0,0.0
5a44a7c59729d41d596a,9,8,22.86
5a44a7c59729d41d596a,10,0,0.0
5a44a7c59729d41d596a,11,1,2.86
5a44a7c59729d41d596a,12,0,0.0
5a44a7c59729d41d596a,13,1,2.86
5a44a7c59729d41d596a,14,14,40.0
5a44a7c59729d41d596a,15,9,25.71
5a44a7c59729d41d596a,16,0,0.0
5a44a7c59729d41d596a,17,0,0.0
5a44a7c59729d41d596a,18,0,0.0
5a44a7c59729d41d596a,19,0,0.0
5a44a7c59729d41d596a,20,0,0.0
5a44a7c59729d41d596a,21,0,0.0
5a44a7c59729d41d596a,22,0,0.0
5a44a7c59729d41d596a,23,0,0.0
05e6d9723ab3cde0841d,0,6,1.72
05e6d9723ab3cde0841d,1,18,5.16
05e6d9723ab3cde0841d,2,24,6.88
05e6d9723ab3cde0841d,3,24,6.88
05e6d9723ab3cde0841d,4,2,0.57
05e6d9723ab3cde0841d,5,27,7.74
05e6d9723ab3cde0841d,6,18,5.16
05e6d9723ab3cde0841d,7,19,5.44
05e6d9723ab3cde0841d,8,23,6.59
05e6d9723ab3cde0841d,9,30,8.6
05e6d9723ab3cde0841d,10,24,6.88
05e6d9723ab3cde0841d,11,31,8.88
05e6d9723ab3cde0841d,12,20,5.73
05e6d9723ab3cde0841d,13,18,5.16
05e6d9723ab3cde0841d,14,61,17.48
05e6d9723ab3cde0841d,15,4,1.15
05e6d9723ab3cde0841d,16,0,0.0
05e6d9723ab3cde0841d,17,0,0.0
05e6d9723ab3cde0841d,18,0,0.0
05e6d9723ab3cde0841d,19,0,0.0
05e6d9723ab3cde0841d,20,0,0.0
05e6d9723ab3cde0841d,21,0,0.0
05e6d9723ab3cde0841d,22,0,0.0
05e6d9723ab3cde0841d,23,0,0.0
2a515047aa9d085849a2,0,4,2.05
2a515047aa9d085849a2,1,7,3.59
2a515047aa9d085849a2,2,13,6.67
2a515047aa9d085849a2,3,15,7.69
2a515047aa9d085849a2,4,7,3.59
2a515047aa9d085849a2,5,1,0.51
2a515047aa9d085849a2,6,2,1.03
2a515047aa9d085849a2,7,15,7.69
2a515047aa9d085849a2,8,16,8.21
2a515047aa9d085849a2,9,7,3.59
2a515047aa9d085849a2,10,21,10.77
2a515047aa9d085849a2,11,26,13.33
2a515047aa9d085849a2,12,27,13.85
2a515047aa9d085849a2,13,6,3.08
2a515047aa9d085849a2,14,10,5.13
2a515047aa9d085849a2,15,15,7.69
2a515047aa9d085849a2,16,0,0.0
2a515047aa9d085849a2,17,0,0.0
2a515047aa9d085849a2,18,0,0.0
2a515047aa9d085849a2,19,0,0.0
2a515047aa9d085849a2,20,0,0.0
2a515047aa9d085849a2,21,0,0.0
2a515047aa9d085849a2,22,0,0.0
2a515047aa9d085849a2,23,3,1.54
3f34e3108d1108dab0fd,0,0,0.0
3f34e3108d1108dab0fd,1,1,1.41
3f34e3108d1108dab0fd,2,7,9.86
3f34e3108d1108dab0fd,3,8,11.27
3f34e3108d1108dab0fd,4,1,1.41
3f34e3108d1108dab0fd,5,0,0.0
3f34e3108d1108dab0fd,6,8,11.27
3f34e3108d1108dab0fd,7,0,0.0
3f34e3108d1108dab0fd,8,0,0.0
3f34e3108d1108dab0fd,9,0,0.0
3f34e3108d1108dab0fd,10,3,4.23
3f34e3108d1108dab0fd,11,27,38.03
3f34e3108d1108dab0fd,12,7,9.86
3f34e3108d1108dab0fd,13,2,2.82
3f34e3108d1108dab0fd,14,1,1.41
3f34e3108d1108dab0fd,15,6,8.45
3f34e3108d1108dab0fd,16,0,0.0
3f34e3108d1108dab0fd,17,0,0.0
3f34e3108d1108dab0fd,18,0,0.0
3f34e3108d1108dab0fd,19,0,0.0
3f34e3108d1108dab0fd,20,0,0.0
3f34e3108d1108dab0fd,21,0,0.0
3f34e3108d1108dab0fd,22,0,0.0
3f34e3108d1108dab0fd,23,0,0.0
42dd5f9cd9e2c3ac9ed7,0,4,3.1
42dd5f9cd9e2c3ac9ed7,1,9,6.98
42dd5f9cd9e2c3ac9ed7,2,0,0.0
42dd5f9cd9e2c3ac9ed7,3,0,0.0
42dd5f9cd9e2c3ac9ed7,4,4,3.1
42dd5f9cd9e2c3ac9ed7,5,6,4.65
42dd5f9cd9e2c3ac9ed7,6,11,8.53
42dd5f9cd9e2c3ac9ed7,7,6,4.65
42dd5f9cd9e2c3ac9ed7,8,0,0.0
42dd5f9cd9e2c3ac9ed7,9,0,0.0
42dd5f9cd9e2c3ac9ed7,10,0,0.0
42dd5f9cd9e2c3ac9ed7,11,0,0.0
42dd5f9cd9e2c3ac9ed7,12,44,34.11
42dd5f9cd9e2c3ac9ed7,13,20,15.5
42dd5f9cd9e2c3ac9ed7,14,23,17.83
42dd5f9cd9e2c3ac9ed7,15,2,1.55
42dd5f9cd9e2c3ac9ed7,16,0,0.0
42dd5f9cd9e2c3ac9ed7,17,0,0.0
42dd5f9cd9e2c3ac9ed7,18,0,0.0
42dd5f9cd9e2c3ac9ed7,19,0,0.0
42dd5f9cd9e2c3ac9ed7,20,0,0.0
42dd5f9cd9e2c3ac9ed7,21,0,0.0
42dd5f9cd9e2c3ac9ed7,22,0,0.0
42dd5f9cd9e2c3ac9ed7,23,0,0.0
e5cab2ae37f3a9ed4f46,0,0,0.0
e5cab2ae37f3a9ed4f46,1,0,0.0
e5cab2ae37f3a9ed4f46,2,0,0.0
e5cab2ae37f3a9ed4f46,3,1,0.73
e5cab2ae37f3a9ed4f46,4,1,0.73
e5cab2ae37f3a9ed4f46,5,31,22.63
e5cab2ae37f3a9ed4f46,6,10,7.3
e5cab2ae37f3a9ed4f46,7,7,5.11
e5cab2ae37f3a9ed4f46,8,27,19.71
e5cab2ae37f3a9ed4f46,9,47,34.31
e5cab2ae37f3a9ed4f46,10,8,5.84
e5cab2ae37f3a9ed4f46,11,0,0.0
e5cab2ae37f3a9ed4f46,12,0,0.0
e5cab2ae37f3a9ed4f46,13,0,0.0
e5cab2ae37f3a9ed4f46,14,5,3.65
e5cab2ae37f3a9ed4f46,15,0,0.0
e5cab2ae37f3a9ed4f46,16,0,0.0
e5cab2ae37f3a9ed4f46,17,0,0.0
e5cab2ae37f3a9ed4f46,18,0,0.0
e5cab2ae37f3a9ed4f46,19,0,0.0
e5cab2ae37f3a9ed4f46,20,0,0.0
e5cab2ae37f3a9ed4f46,21,0,0.0
e5cab2ae37f3a9ed4f46,22,0,0.0
e5cab2ae37f3a9ed4f46,23,0,0.0
ca10145a308249ed82e9,0,0,0.0
ca10145a308249ed82e9,1,2,1.85
ca10145a308249ed82e9,2,5,4.63
ca10145a308249ed82e9,3,8,7.41
ca10145a308249ed82e9,4,4,3.7
ca10145a308249ed82e9,5,11,10.19
ca10145a308249ed82e9,6,11,10.19
ca10145a308249ed82e9,7,6,5.56
ca10145a308249ed82e9,8,17,15.74
ca10145a308249ed82e9,9,0,0.0
ca10145a308249ed82e9,10,1,0.93
ca10145a308249ed82e9,11,20,18.52
ca10145a308249ed82e9,12,1,0.93
ca10145a308249ed82e9,13,4,3.7
ca10145a308249ed82e9,14,17,15.74
ca10145a308249ed82e9,15,1,0.93
ca10145a308249ed82e9,16,0,0.0
ca10145a308249ed82e9,17,0,0.0
ca10145a308249ed82e9,18,0,0.0
ca10145a308249ed82e9,19,0,0.0
ca10145a308249ed82e9,20,0,0.0
ca10145a308249ed82e9,21,0,0.0
ca10145a308249ed82e9,22,0,0.0
ca10145a308249ed82e9,23,0,0.0
5cda8273b348fbda9f29,0,20,10.05
5cda8273b348fbda9f29,1,18,9.05
5cda8273b348fbda9f29,2,10,5.03
5cda8273b348fbda9f29,3,22,11.06
5cda8273b348fbda9f29,4,6,3.02
5cda8273b348fbda9f29,5,4,2.01
5cda8273b348fbda9f29,6,6,3.02
5cda8273b348fbda9f29,7,16,8.04
5cda8273b348fbda9f29,8,17,8.54
5cda8273b348fbda9f29,9,0,0.0
5cda8273b348fbda9f29,10,18,9.05
5cda8273b348fbda9f29,11,27,13.57
5cda8273b348fbda9f29,12,6,3.02
5cda8273b348fbda9f29,13,2,1.01
5cda8273b348fbda9f29,14,24,12.06
5cda8273b348fbda9f29,15,0,0.0
5cda8273b348fbda9f29,16,0,0.0
5cda8273b348fbda9f29,17,0,0.0
5cda8273b348fbda9f29,18,0,0.0
5cda8273b348fbda9f29,19,0,0.0
5cda8273b348fbda9f29,20,0,0.0
5cda8273b348fbda9f29,21,0,0.0
5cda8273b348fbda9f29,22,0,0.0
5cda8273b348fbda9f29,23,3,1.51
96c23b85b0b4ffdc3cae,0,0,0.0
96c23b85b0b4ffdc3cae,1,0,0.0
96c23b85b0b4ffdc3cae,2,1,1.14
96c23b85b0b4ffdc3cae,3,8,9.09
96c23b85b0b4ffdc3cae,4,3,3.41
96c23b85b0b4ffdc3cae,5,2,2.27
96c23b85b0b4ffdc3cae,6,0,0.0
96c23b85b0b4ffdc3cae,7,0,0.0
96c23b85b0b4ffdc3cae,8,10,11.36
96c23b85b0b4ffdc3cae,9,2,2.27
96c23b85b0b4ffdc3cae,10,21,23.86
96c23b85b0b4ffdc3cae,11,27,30.68
96c23b85b0b4ffdc3cae,12,12,13.64
96c23b85b0b4ffdc3cae,13,2,2.27
96c23b85b0b4ffdc3cae,14,0,0.0
96c23b85b0b4ffdc3cae,15,0,0.0
96c23b85b0b4ffdc3cae,16,0,0.0
96c23b85b0b4ffdc3cae,17,0,0.0
96c23b85b0b4ffdc3cae,18,0,0.0
96c23b85b0b4ffdc3cae,19,0,0.0
96c23b85b0b4ffdc3cae,20,0,0.0
96c23b85b0b4ffdc3cae,21,0,0.0
96c23b85b0b4ffdc3cae,22,0,0.0
96c23b85b0b4ffdc3cae,23,0,0.0
329622100fe091a4c48c,0,0,0.0
329622100fe091a4c48c,1,2,0.7
329622100fe091a4c48c,2,16,5.63
329622100fe091a4c48c,3,31,10.92
329622100fe091a4c48c,4,8,2.82
329622100fe091a4c48c,5,15,5.28
329622100fe091a4c48c,6,18,6.34
329622100fe091a4c48c,7,26,9.15
329622100fe091a4c48c,8,26,9.15
329622100fe091a4c48c,9,35,12.32
329622100fe091a4c48c,10,32,11.27
329622100fe091a4c48c,11,48,16.9
329622100fe091a4c48c,12,0,0.0
329622100fe091a4c48c,13,18,6.34
329622100fe091a4c48c,14,9,3.17
329622100fe091a4c48c,15,0,0.0
329622100fe091a4c48c,16,0,0.0
329622100fe091a4c48c,17,0,0.0
329622100fe091a4c48c,18,0,0.0
329622100fe091a4c48c,19,0,0.0
329622100fe091a4c48c,20,0,0.0
329622100fe091a4c48c,21,0,0.0
329622100fe091a4c48c,22,0,0.0
329622100fe091a4c48c,23,0,0.0
2933a3227c7ce7fe21eb,0,7,8.43
2933a3227c7ce7fe21eb,1,1,1.2
2933a3227c7ce7fe21eb,2,0,0.0
2933a3227c7ce7fe21eb,3,2,2.41
2933a3227c7ce7fe21eb,4,2,2.41
2933a3227c7ce7fe21eb,5,2,2.41
2933a3227c7ce7fe21eb,6,7,8.43
2933a3227c7ce7fe21eb,7,4,4.82
2933a3227c7ce7fe21eb,8,9,10.84
2933a3227c7ce7fe21eb,9,9,10.84
2933a3227c7ce7fe21eb,10,2,2.41
2933a3227c7ce7fe21eb,11,1,1.2
2933a3227c7ce7fe21eb,12,8,9.64
2933a3227c7ce7fe21eb,13,4,4.82
2933a3227c7ce7fe21eb,14,18,21.69
2933a3227c7ce7fe21eb,15,7,8.43
2933a3227c7ce7fe21eb,16,0,0.0
2933a3227c7ce7fe21eb,17,0,0.0
2933a3227c7ce7fe21eb,18,0,0.0
2933a3227c7ce7fe21eb,19,0,0.0
2933a3227c7ce7fe21eb,20,0,0.0
2933a3227c7ce7fe21eb,21,0,0.0
2933a3227c7ce7fe21eb,22,0,0.0
2933a3227c7ce7fe21eb,23,0,0.0
3dba043eb6065ad3a343,0,0,0.0
3dba043eb6065ad3a343,1,0,0.0
3dba043eb6065ad3a343,2,0,0.0
3dba043eb6065ad3a343,3,2,5.41
3dba043eb6065ad3a343,4,0,0.0
3dba043eb6065ad3a343,5,6,16.22
3dba043eb6065ad3a343,6,0,0.0
3dba043eb6065ad3a343,7,0,0.0
3dba043eb6065ad3a343,8,0,0.0
3dba043eb6065ad3a343,9,5,13.51
3dba043eb6065ad3a343,10,17,45.95
3dba043eb6065ad3a343,11,1,2.7
3dba043eb6065ad3a343,12,4,10.81
3dba043eb6065ad3a343,13,0,0.0
3dba043eb6065ad3a343,14,2,5.41
3dba043eb6065ad3a343,15,0,0.0
3dba043eb6065ad3a343,16,0,0.0
3dba043eb6065ad3a343,17,0,0.0
3dba043eb6065ad3a343,18,0,0.0
3dba043eb6065ad3a343,19,0,0.0
3dba043eb6065ad3a343,20,0,0.0
3dba043eb6065ad3a343,21,0,0.0
3dba043eb6065ad3a343,22,0,0.0
3dba043eb6065ad3a343,23,0,0.0
8a9f3822aaa08e579e4f,0,3,2.94
8a9f3822aaa08e579e4f,1,0,0.0
8a9f3822aaa08e579e4f,2,21,20.59
8a9f3822aaa08e579e4f,3,15,14.71
8a9f3822aaa08e579e4f,4,13,12.75
8a9f3822aaa08e579e4f,5,26,25.49
8a9f3822aaa08e579e4f,6,15,14.71
8a9f3822aaa08e579e4f,7,0,0.0
8a9f3822aaa08e579e4f,8,0,0.0
8a9f3822aaa08e579e4f,9,0,0.0
8a9f3822aaa08e579e4f,10,0,0.0
8a9f3822aaa08e579e4f,11,0,0.0
8a9f3822aaa08e579e4f,12,7,6.86
8a9f3822aaa08e579e4f,13,2,1.96
8a9f3822aaa08e579e4f,14,0,0.0
8a9f3822aaa08e579e4f,15,0,0.0
8a9f3822aaa08e579e4f,16,0,0.0
8a9f3822aaa08e579e4f,17,0,0.0
8a9f3822aaa08e579e4f,18,0,0.0
8a9f3822aaa08e579e4f,19,0,0.0
8a9f3822aaa08e579e4f,20,0,0.0
8a9f3822aaa08e579e4f,21,0,0.0
8a9f3822aaa08e579e4f,22,0,0.0
8a9f3822aaa08e579e4f,23,0,0.0
1367d35cf39783effa7a,0,0,0.0
1367d35cf39783effa7a,1,0,0.0
1367d35cf39783effa7a,2,3,4.76
1367d35cf39783effa7a,3,0,0.0
1367d35cf39783effa7a,4,0,0.0
1367d35cf39783effa7a,5,6,9.52
1367d35cf39783effa7a,6,0,0.0
1367d35cf39783effa7a,7,0,0.0
1367d35cf39783effa7a,8,0,0.0
1367d35cf39783effa7a,9,0,0.0
1367d35cf39783effa7a,10,2,3.17
1367d35cf39783effa7a,11,27,42.86
1367d35cf39783effa7a,12,19,30.16
1367d35cf39783effa7a,13,6,9.52
1367d35cf39783effa7a,14,0,0.0
1367d35cf39783effa7a,15,0,0.0
1367d35cf39783effa7a,16,0,0.0
1367d35cf39783effa7a,17,0,0.0
1367d35cf39783effa7a,18,0,0.0
1367d35cf39783effa7a,19,0,0.0
1367d35cf39783effa7a,20,0,0.0
1367d35cf39783effa7a,21,0,0.0
1367d35cf39783effa7a,22,0,0.0
1367d35cf39783effa7a,23,0,0.0
c6ab0de398cfcbd21dc5,0,2,2.06
c6ab0de398cfcbd21dc5,1,9,9.28
c6ab0de398cfcbd21dc5,2,5,5.15
c6ab0de398cfcbd21dc5,3,0,0.0
c6ab0de398cfcbd21dc5,4,0,0.0
c6ab0de398cfcbd21dc5,5,0,0.0
c6ab0de398cfcbd21dc5,6,0,0.0
c6ab0de398cfcbd21dc5,7,6,6.19
c6ab0de398cfcbd21dc5,8,20,20.62
c6ab0de398cfcbd21dc5,9,23,23.71
c6ab0de398cfcbd21dc5,10,0,0.0
c6ab0de398cfcbd21dc5,11,15,15.46
c6ab0de398cfcbd21dc5,12,6,6.19
c6ab0de398cfcbd21dc5,13,0,0.0
c6ab0de398cfcbd21dc5,14,2,2.06
c6ab0de398cfcbd21dc5,15,5,5.15
c6ab0de398cfcbd21dc5,16,4,4.12
c6ab0de398cfcbd21dc5,17,0,0.0
c6ab0de398cfcbd21dc5,18,0,0.0
c6ab0de398cfcbd21dc5,19,0,0.0
c6ab0de398cfcbd21dc5,20,0,0.0
c6ab0de398cfcbd21dc5,21,0,0.0
c6ab0de398cfcbd21dc5,22,0,0.0
c6ab0de398cfcbd21dc5,23,0,0.0
4e508744a9816cc4586a,0,0,0.0
4e508744a9816cc4586a,1,0,0.0
4e508744a9816cc4586a,2,0,0.0
4e508744a9816cc4586a,3,0,0.0
4e508744a9816cc4586a,4,0,0.0
4e508744a9816cc4586a,5,0,0.0
4e508744a9816cc4586a,6,0,0.0
4e508744a9816cc4586a,7,0,0.0
4e508744a9816cc4586a,8,0,0.0
4e508744a9816cc4586a,9,0,0.0
4e508744a9816cc4586a,10,47,64.38
4e508744a9816cc4586a,11,15,20.55
4e508744a9816cc4586a,12,11,15.07
4e508744a9816cc4586a,13,0,0.0
4e508744a9816cc4586a,14,0,0.0
4e508744a9816cc4586a,15,0,0.0
4e508744a9816cc4586a,16,0,0.0
4e508744a9816cc4586a,17,0,0.0
4e508744a9816cc4586a,18,0,0.0
4e508744a9816cc4586a,19,0,0.0
4e508744a9816cc4586a,20,0,0.0
4e508744a9816cc4586a,21,0,0.0
4e508744a9816cc4586a,22,0,0.0
4e508744a9816cc4586a,23,0,0.0
o3jddioub8dsv0fm22qn,0,1,1.12
o3jddioub8dsv0fm22qn,1,3,3.37
o3jddioub8dsv0fm22qn,2,1,1.12
o3jddioub8dsv0fm22qn,3,4,4.49
o3jddioub8dsv0fm22qn,4,2,2.25
o3jddioub8dsv0fm22qn,5,3,3.37
o3jddioub8dsv0fm22qn,6,4,4.49
o3jddioub8dsv0fm22qn,7,6,6.74
o3jddioub8dsv0fm22qn,8,1,1.12
o3jddioub8dsv0fm22qn,9,3,3.37
o3jddioub8dsv0fm22qn,10,8,8.99
o3jddioub8dsv0fm22qn,11,12,13.48
o3jddioub8dsv0fm22qn,12,15,16.85
o3jddioub8dsv0fm22qn,13,6,6.74
o3jddioub8dsv0fm22qn,14,11,12.36
o3jddioub8dsv0fm22qn,15,4,4.49
o3jddioub8dsv0fm22qn,16,3,3.37
o3jddioub8dsv0fm22qn,17,1,1.12
o3jddioub8dsv0fm22qn,18,1,1.12
o3jddioub8dsv0fm22qn,19,0,0.0
o3jddioub8dsv0fm22qn,20,0,0.0
o3jddioub8dsv0fm22qn,21,0,0.0
o3jddioub8dsv0fm22qn,22,0,0.0
o3jddioub8dsv0fm22qn,23,0,0.0
4130weedl0x9hc7qe5a4,0,0,0.0
4130weedl0x9hc7qe5a4,1,2,1.92
4130weedl0x9hc7qe5a4,2,5,4.81
4130weedl0x9hc7qe5a4,3,3,2.88
4130weedl0x9hc7qe5a4,4,3,2.88
4130weedl0x9hc7qe5a4,5,5,4.81
4130weedl0x9hc7qe5a4,6,3,2.88
4130weedl0x9hc7qe5a4,7,6,5.77
4130weedl0x9hc7qe5a4,8,7,6.73
4130weedl0x9hc7qe5a4,9,1,0.96
4130weedl0x9hc7qe5a4,10,12,11.54
4130weedl0x9hc7qe5a4,11,14,13.46
4130weedl0x9hc7qe5a4,12,13,12.5
4130weedl0x9hc7qe5a4,13,9,8.65
4130weedl0x9hc7qe5a4,14,13,12.5
4130weedl0x9hc7qe5a4,15,3,2.88
4130weedl0x9hc7qe5a4,16,5,4.81
4130weedl0x9hc7qe5a4,17,0,0.0
4130weedl0x9hc7qe5a4,18,0,0.0
4130weedl0x9hc7qe5a4,19,0,0.0
4130weedl0x9hc7qe5a4,20,0,0.0
4130weedl0x9hc7qe5a4,21,0,0.0
4130weedl0x9hc7qe5a4,22,0,0.0
4130weedl0x9hc7qe5a4,23,0,0.0
aqpg6qwtponj9ojmx6ls,0,4,4.0
aqpg6qwtponj9ojmx6ls,1,2,2.0
aqpg6qwtponj9ojmx6ls,2,7,7.0
aqpg6qwtponj9ojmx6ls,3,4,4.0
aqpg6qwtponj9ojmx6ls,4,1,1.0
aqpg6qwtponj9ojmx6ls,5,1,1.0
aqpg6qwtponj9ojmx6ls,6,6,6.0
aqpg6qwtponj9ojmx6ls,7,4,4.0
aqpg6qwtponj9ojmx6ls,8,3,3.0
aqpg6qwtponj9ojmx6ls,9,4,4.0
aqpg6qwtponj9ojmx6ls,10,8,8.0
aqpg6qwtponj9ojmx6ls,11,7,7.0
aqpg6qwtponj9ojmx6ls,12,19,19.0
aqpg6qwtponj9ojmx6ls,13,5,5.0
aqpg6qwtponj9ojmx6ls,14,10,10.0
aqpg6qwtponj9ojmx6ls,15,11,11.0
aqpg6qwtponj9ojmx6ls,16,2,2.0
aqpg6qwtponj9ojmx6ls,17,0,0.0
aqpg6qwtponj9ojmx6ls,18,1,1.0
aqpg6qwtponj9ojmx6ls,19,0,0.0
aqpg6qwtponj9ojmx6ls,20,0,0.0
aqpg6qwtponj9ojmx6ls,21,0,0.0
aqpg6qwtponj9ojmx6ls,22,0,0.0
aqpg6qwtponj9ojmx6ls,23,1,1.0
pgknalznufvmvwgc1ca8,0,4,3.88
pgknalznufvmvwgc1ca8,1,5,4.85
pgknalznufvmvwgc1ca8,2,2,1.94
pgknalznufvmvwgc1ca8,3,4,3.88
pgknalznufvmvwgc1ca8,4,2,1.94
pgknalznufvmvwgc1ca8,5,4,3.88
pgknalznufvmvwgc1ca8,6,5,4.85
pgknalznufvmvwgc1ca8,7,6,5.83
pgknalznufvmvwgc1ca8,8,5,4.85
pgknalznufvmvwgc1ca8,9,3,2.91
pgknalznufvmvwgc1ca8,10,9,8.74
pgknalznufvmvwgc1ca8,11,11,10.68
pgknalznufvmvwgc1ca8,12,15,14.56
pgknalznufvmvwgc1ca8,13,9,8.74
pgknalznufvmvwgc1ca8,14,7,6.8
pgknalznufvmvwgc1ca8,15,8,7.77
pgknalznufvmvwgc1ca8,16,4,3.88
pgknalznufvmvwgc1ca8,17,0,0.0
pgknalznufvmvwgc1ca8,18,0,0.0
pgknalznufvmvwgc1ca8,19,0,0.0
pgknalznufvmvwgc1ca8,20,0,0.0
pgknalznufvmvwgc1ca8,21,0,0.0
pgknalznufvmvwgc1ca8,22,0,0.0
pgknalznufvmvwgc1ca8,23,0,0.0
oc0ww31yssff9rktgowo,0,3,2.8
oc0ww31yssff9rktgowo,1,3,2.8
oc0ww31yssff9rktgowo,2,3,2.8
oc0ww31yssff9rktgowo,3,2,1.87
oc0ww31yssff9rktgowo,4,1,0.93
oc0ww31yssff9rktgowo,5,7,6.54
oc0ww31yssff9rktgowo,6,6,5.61
oc0ww31yssff9rktgowo,7,5,4.67
oc0ww31yssff9rktgowo,8,9,8.41
oc0ww31yssff9rktgowo,9,3,2.8
oc0ww31yssff9rktgowo,10,7,6.54
oc0ww31yssff9rktgowo,11,12,11.21
oc0ww31yssff9rktgowo,12,11,10.28
oc0ww31yssff9rktgowo,13,7,6.54
oc0ww31yssff9rktgowo,14,13,12.15
oc0ww31yssff9rktgowo,15,9,8.41
oc0ww31yssff9rktgowo,16,4,3.74
oc0ww31yssff9rktgowo,17,1,0.93
oc0ww31yssff9rktgowo,18,0,0.0
oc0ww31yssff9rktgowo,19,0,0.0
oc0ww31yssff9rktgowo,20,0,0.0
oc0ww31yssff9rktgowo,21,0,0.0
oc0ww31yssff9rktgowo,22,0,0.0
oc0ww31yssff9rktgowo,23,1,0.93
rsclhbtmbxt0xrye64ax,0,1,1.01
rsclhbtmbxt0xrye64ax,1,4,4.04
rsclhbtmbxt0xrye64ax,2,8,8.08
rsclhbtmbxt0xrye64ax,3,7,7.07
rsclhbtmbxt0xrye64ax,4,0,0.0
rsclhbtmbxt0xrye64ax,5,8,8.08
rsclhbtmbxt0xrye64ax,6,1,1.01
rsclhbtmbxt0xrye64ax,7,2,2.02
rsclhbtmbxt0xrye64ax,8,3,3.03
rsclhbtmbxt0xrye64ax,9,3,3.03
rsclhbtmbxt0xrye64ax,10,8,8.08
rsclhbtmbxt0xrye64ax,11,12,12.12
rsclhbtmbxt0xrye64ax,12,5,5.05
rsclhbtmbxt0xrye64ax,13,13,13.13
rsclhbtmbxt0xrye64ax,14,13,13.13
rsclhbtmbxt0xrye64ax,15,6,6.06
rsclhbtmbxt0xrye64ax,16,4,4.04
rsclhbtmbxt0xrye64ax,17,0,0.0
rsclhbtmbxt0xrye64ax,18,1,1.01
rsclhbtmbxt0xrye64ax,19,0,0.0
rsclhbtmbxt0xrye64ax,20,0,0.0
rsclhbtmbxt0xrye64ax,21,0,0.0
rsclhbtmbxt0xrye64ax,22,0,0.0
rsclhbtmbxt0xrye64ax,23,0,0.0
orubxhpr5e1heat93ue4,0,1,1.05
orubxhpr5e1heat93ue4,1,1,1.05
orubxhpr5e1heat93ue4,2,2,2.11
orubxhpr5e1heat93ue4,3,2,2.11
orubxhpr5e1heat93ue4,4,1,1.05
orubxhpr5e1heat93ue4,5,5,5.26
orubxhpr5e1heat93ue4,6,4,4.21
orubxhpr5e1heat93ue4,7,5,5.26
orubxhpr5e1heat93ue4,8,7,7.37
orubxhpr5e1heat93ue4,9,4,4.21
orubxhpr5e1heat93ue4,10,11,11.58
orubxhpr5e1heat93ue4,11,11,11.58
orubxhpr5e1heat93ue4,12,11,11.58
orubxhpr5e1heat93ue4,13,13,13.68
orubxhpr5e1heat93ue4,14,6,6.32
orubxhpr5e1heat93ue4,15,6,6.32
orubxhpr5e1heat93ue4,16,3,3.16
orubxhpr5e1heat93ue4,17,2,2.11
orubxhpr5e1heat93ue4,18,0,0.0
orubxhpr5e1heat93ue4,19,0,0.0
orubxhpr5e1heat93ue4,20,0,0.0
orubxhpr5e1heat93ue4,21,0,0.0
orubxhpr5e1heat93ue4,22,0,0.0
orubxhpr5e1heat93ue4,23,0,0.0
4x441h9y6wzknmtdw7q4,0,2,1.77
4x441h9y6wzknmtdw7q4,1,6,5.31
4x441h9y6wzknmtdw7q4,2,2,1.77
4x441h9y6wzknmtdw7q4,3,5,4.42
4x441h9y6wzknmtdw7q4,4,4,3.54
4x441h9y6wzknmtdw7q4,5,2,1.77
4x441h9y6wzknmtdw7q4,6,6,5.31
4x441h9y6wzknmtdw7q4,7,5,4.42
4x441h9y6wzknmtdw7q4,8,6,5.31
4x441h9y6wzknmtdw7q4,9,6,5.31
4x441h9y6wzknmtdw7q4,10,9,7.96
4x441h9y6wzknmtdw7q4,11,16,14.16
4x441h9y6wzknmtdw7q4,12,14,12.39
4x441h9y6wzknmtdw7q4,13,6,5.31
4x441h9y6wzknmtdw7q4,14,11,9.73
4x441h9y6wzknmtdw7q4,15,7,6.19
4x441h9y6wzknmtdw7q4,16,5,4.42
4x441h9y6wzknmtdw7q4,17,1,0.88
4x441h9y6wzknmtdw7q4,18,0,0.0
4x441h9y6wzknmtdw7q4,19,0,0.0
4x441h9y6wzknmtdw7q4,20,0,0.0
4x441h9y6wzknmtdw7q4,21,0,0.0
4x441h9y6wzknmtdw7q4,22,0,0.0
4x441h9y6wzknmtdw7q4,23,0,0.0
2a6ap0t2rsvoogmydj3a,0,1,0.93
2a6ap0t2rsvoogmydj3a,1,7,6.48
2a6ap0t2rsvoogmydj3a,2,3,2.78
2a6ap0t2rsvoogmydj3a,3,7,6.48
2a6ap0t2rsvoogmydj3a,4,1,0.93
2a6ap0t2rsvoogmydj3a,5,5,4.63
2a6ap0t2rsvoogmydj3a,6,9,8.33
2a6ap0t2rsvoogmydj3a,7,7,6.48
2a6ap0t2rsvoogmydj3a,8,4,3.7
2a6ap0t2rsvoogmydj3a,9,5,4.63
2a6ap0t2rsvoogmydj3a,10,5,4.63
2a6ap0t2rsvoogmydj3a,11,8,7.41
2a6ap0t2rsvoogmydj3a,12,17,15.74
2a6ap0t2rsvoogmydj3a,13,9,8.33
2a6ap0t2rsvoogmydj3a,14,10,9.26
2a6ap0t2rsvoogmydj3a,15,7,6.48
2a6ap0t2rsvoogmydj3a,16,3,2.78
2a6ap0t2rsvoogmydj3a,17,0,0.0
2a6ap0t2rsvoogmydj3a,18,0,0.0
2a6ap0t2rsvoogmydj3a,19,0,0.0
2a6ap0t2rsvoogmydj3a,20,0,0.0
2a6ap0t2rsvoogmydj3a,21,0,0.0
2a6ap0t2rsvoogmydj3a,22,0,0.0
2a6ap0t2rsvoogmydj3a,23,0,0.0
daty5mq7b20bkt2c2zfs,0,2,1.85
daty5mq7b20bkt2c2zfs,1,1,0.93
daty5mq7b20bkt2c2zfs,2,3,2.78
daty5mq7b20bkt2c2zfs,3,6,5.56
daty5mq7b20bkt2c2zfs,4,2,1.85
daty5mq7b20bkt2c2zfs,5,5,4.63
daty5mq7b20bkt2c2zfs,6,3,2.78
daty5mq7b20bkt2c2zfs,7,3,2.78
daty5mq7b20bkt2c2zfs,8,10,9.26
daty5mq7b20bkt2c2zfs,9,4,3.7
daty5mq7b20bkt2c2zfs,10,6,5.56
daty5mq7b20bkt2c2zfs,11,12,11.11
daty5mq7b20bkt2c2zfs,12,16,14.81
daty5mq7b20bkt2c2zfs,13,9,8.33
daty5mq7b20bkt2c2zfs,14,15,13.89
daty5mq7b20bkt2c2zfs,15,7,6.48
daty5mq7b20bkt2c2zfs,16,2,1.85
daty5mq7b20bkt2c2zfs,17,1,0.93
daty5mq7b20bkt2c2zfs,18,0,0.0
daty5mq7b20bkt2c2zfs,19,0,0.0
daty5mq7b20bkt2c2zfs,20,0,0.0
daty5mq7b20bkt2c2zfs,21,0,0.0
daty5mq7b20bkt2c2zfs,22,0,0.0
daty5mq7b20bkt2c2zfs,23,1,0.93
hhplrx9xd7cm2w7aslma,0,2,2.08
hhplrx9xd7cm2w7aslma,1,3,3.12
hhplrx9xd7cm2w7aslma,2,7,7.29
hhplrx9xd7cm2w7aslma,3,2,2.08
hhplrx9xd7cm2w7aslma,4,3,3.12
hhplrx9xd7cm2w7aslma,5,5,5.21
hhplrx9xd7cm2w7aslma,6,5,5.21
hhplrx9xd7cm2w7aslma,7,3,3.12
hhplrx9xd7cm2w7aslma,8,7,7.29
hhplrx9xd7cm2w7aslma,9,4,4.17
hhplrx9xd7cm2w7aslma,10,7,7.29
hhplrx9xd7cm2w7aslma,11,14,14.58
hhplrx9xd7cm2w7aslma,12,11,11.46
hhplrx9xd7cm2w7aslma,13,10,10.42
hhplrx9xd7cm2w7aslma,14,5,5.21
hhplrx9xd7cm2w7aslma,15,7,7.29
hhplrx9xd7cm2w7aslma,16,0,0.0
hhplrx9xd7cm2w7aslma,17,0,0.0
hhplrx9xd7cm2w7aslma,18,1,1.04
hhplrx9xd7cm2w7aslma,19,0,0.0
hhplrx9xd7cm2w7aslma,20,0,0.0
hhplrx9xd7cm2w7aslma,21,0,0.0
hhplrx9xd7cm2w7aslma,22,0,0.0
hhplrx9xd7cm2w7aslma,23,0,0.0
xgvqpyg5mro3wihwngur,0,0,0.0
xgvqpyg5mro3wihwngur,1,11,9.65
xgvqpyg5mro3wihwngur,2,3,2.63
xgvqpyg5mro3wihwngur,3,3,2.63
xgvqpyg5mro3wihwngur,4,3,2.63
xgvqpyg5mro3wihwngur,5,4,3.51
xgvqpyg5mro3wihwngur,6,2,1.75
xgvqpyg5mro3wihwngur,7,4,3.51
xgvqpyg5mro3wihwngur,8,5,4.39
xgvqpyg5mro3wihwngur,9,3,2.63
xgvqpyg5mro3wihwngur,10,9,7.89
xgvqpyg5mro3wihwngur,11,20,17.54
xgvqpyg5mro3wihwngur,12,18,15.79
xgvqpyg5mro3wihwngur,13,8,7.02
xgvqpyg5mro3wihwngur,14,8,7.02
xgvqpyg5mro3wihwngur,15,8,7.02
xgvqpyg5mro3wihwngur,16,3,2.63
xgvqpyg5mro3wihwngur,17,2,1.75
xgvqpyg5mro3wihwngur,18,0,0.0
xgvqpyg5mro3wihwngur,19,0,0.0
xgvqpyg5mro3wihwngur,20,0,0.0
xgvqpyg5mro3wihwngur,21,0,0.0
xgvqpyg5mro3wihwngur,22,0,0.0
xgvqpyg5mro3wihwngur,23,0,0.0
jnupp0jsv1kjsvbzlnrr,0,1,1.14
jnupp0jsv1kjsvbzlnrr,1,4,4.55
jnupp0jsv1kjsvbzlnrr,2,4,4.55
jnupp0jsv1kjsvbzlnrr,3,2,2.27
jnupp0jsv1kjsvbzlnrr,4,0,0.0
jnupp0jsv1kjsvbzlnrr,5,4,4.55
jnupp0jsv1kjsvbzlnrr,6,7,7.95
jnupp0jsv1kjsvbzlnrr,7,1,1.14
jnupp0jsv1kjsvbzlnrr,8,6,6.82
jnupp0jsv1kjsvbzlnrr,9,5,5.68
jnupp0jsv1kjsvbzlnrr,10,7,7.95
jnupp0jsv1kjsvbzlnrr,11,11,12.5
jnupp0jsv1kjsvbzlnrr,12,8,9.09
jnupp0jsv1kjsvbzlnrr,13,11,12.5
jnupp0jsv1kjsvbzlnrr,14,8,9.09
jnupp0jsv1kjsvbzlnrr,15,8,9.09
jnupp0jsv1kjsvbzlnrr,16,0,0.0
jnupp0jsv1kjsvbzlnrr,17,1,1.14
jnupp0jsv1kjsvbzlnrr,18,0,0.0
jnupp0jsv1kjsvbzlnrr,19,0,0.0
jnupp0jsv1kjsvbzlnrr,20,0,0.0
jnupp0jsv1kjsvbzlnrr,21,0,0.0
jnupp0jsv1kjsvbzlnrr,22,0,0.0
jnupp0jsv1kjsvbzlnrr,23,0,0.0
u9owl1eky0jf8t3nc50o,0,1,0.98
u9owl1eky0jf8t3nc50o,1,1,0.98
u9owl1eky0jf8t3nc50o,2,5,4.9
u9owl1eky0jf8t3nc50o,3,2,1.96
u9owl1eky0jf8t3nc50o,4,4,3.92
u9owl1eky0jf8t3nc50o,5,2,1.96
u9owl1eky0jf8t3nc50o,6,4,3.92
u9owl1eky0jf8t3nc50o,7,2,1.96
u9owl1eky0jf8t3nc50o,8,12,11.76
u9owl1eky0jf8t3nc50o,9,4,3.92
u9owl1eky0jf8t3nc50o,10,8,7.84
u9owl1eky0jf8t3nc50o,11,12,11.76
u9owl1eky0jf8t3nc50o,12,14,13.73
u9owl1eky0jf8t3nc50o,13,9,8.82
u9owl1eky0jf8t3nc50o,14,9,8.82
u9owl1eky0jf8t3nc50o,15,10,9.8
u9owl1eky0jf8t3nc50o,16,2,1.96
u9owl1eky0jf8t3nc50o,17,1,0.98
u9owl1eky0jf8t3nc50o,18,0,0.0
u9owl1eky0jf8t3nc50o,19,0,0.0
u9owl1eky0jf8t3nc50o,20,0,0.0
u9owl1eky0jf8t3nc50o,21,0,0.0
u9owl1eky0jf8t3nc50o,22,0,0.0
u9owl1eky0jf8t3nc50o,23,0,0.0
ubi6gd21j9e9rw46hoz6,0,2,2.04
ubi6gd21j9e9rw46hoz6,1,3,3.06
ubi6gd21j9e9rw46hoz6,2,3,3.06
ubi6gd21j9e9rw46hoz6,3,5,5.1
ubi6gd21j9e9rw46hoz6,4,3,3.06
ubi6gd21j9e9rw46hoz6,5,3,3.06
ubi6gd21j9e9rw46hoz6,6,6,6.12
ubi6gd21j9e9rw46hoz6,7,2,2.04
ubi6gd21j9e9rw46hoz6,8,12,12.24
ubi6gd21j9e9rw46hoz6,9,5,5.1
ubi6gd21j9e9rw46hoz6,10,5,5.1
ubi6gd21j9e9rw46hoz6,11,15,15.31
ubi6gd21j9e9rw46hoz6,12,10,10.2
ubi6gd21j9e9rw46hoz6,13,10,10.2
ubi6gd21j9e9rw46hoz6,14,9,9.18
ubi6gd21j9e9rw46hoz6,15,3,3.06
ubi6gd21j9e9rw46hoz6,16,2,2.04
ubi6gd21j9e9rw46hoz6,17,0,0.0
ubi6gd21j9e9rw46hoz6,18,0,0.0
ubi6gd21j9e9rw46hoz6,19,0,0.0
ubi6gd21j9e9rw46hoz6,20,0,0.0
ubi6gd21j9e9rw46hoz6,21,0,0.0
ubi6gd21j9e9rw46hoz6,22,0,0.0
ubi6gd21j9e9rw46hoz6,23,0,0.0
tv0sptqq56ri3dpcd9nl,0,2,1.79
tv0sptqq56ri3dpcd9nl,1,4,3.57
tv0sptqq56ri3dpcd9nl,2,4,3.57
tv0sptqq56ri3dpcd9nl,3,5,4.46
tv0sptqq56ri3dpcd9nl,4,2,1.79
tv0sptqq56ri3dpcd9nl,5,5,4.46
tv0sptqq56ri3dpcd9nl,6,7,6.25
tv0sptqq56ri3dpcd9nl,7,3,2.68
tv0sptqq56ri3dpcd9nl,8,9,8.04
tv0sptqq56ri3dpcd9nl,9,7,6.25
tv0sptqq56ri3dpcd9nl,10,4,3.57
tv0sptqq56ri3dpcd9nl,11,10,8.93
tv0sptqq56ri3dpcd9nl,12,12,10.71
tv0sptqq56ri3dpcd9nl,13,3,2.68
tv0sptqq56ri3dpcd9nl,14,16,14.29
tv0sptqq56ri3dpcd9nl,15,14,12.5
tv0sptqq56ri3dpcd9nl,16,2,1.79
tv0sptqq56ri3dpcd9nl,17,2,1.79
tv0sptqq56ri3dpcd9nl,18,0,0.0
tv0sptqq56ri3dpcd9nl,19,0,0.0
tv0sptqq56ri3dpcd9nl,20,0,0.0
tv0sptqq56ri3dpcd9nl,21,0,0.0
tv0sptqq56ri3dpcd9nl,22,0,0.0
tv0sptqq56ri3dpcd9nl,23,1,0.89
8kvpozl8kjupzd4yvwbv,0,3,3.45
8kvpozl8kjupzd4yvwbv,1,4,4.6
8kvpozl8kjupzd4yvwbv,2,7,8.05
8kvpozl8kjupzd4yvwbv,3,4,4.6
8kvpozl8kjupzd4yvwbv,4,4,4.6
8kvpozl8kjupzd4yvwbv,5,6,6.9
8kvpozl8kjupzd4yvwbv,6,4,4.6
8kvpozl8kjupzd4yvwbv,7,4,4.6
8kvpozl8kjupzd4yvwbv,8,3,3.45
8kvpozl8kjupzd4yvwbv,9,5,5.75
8kvpozl8kjupzd4yvwbv,10,4,4.6
8kvpozl8kjupzd4yvwbv,11,8,9.2
8kvpozl8kjupzd4yvwbv,12,5,5.75
8kvpozl8kjupzd4yvwbv,13,4,4.6
8kvpozl8kjupzd4yvwbv,14,6,6.9
8kvpozl8kjupzd4yvwbv,15,10,11.49
8kvpozl8kjupzd4yvwbv,16,4,4.6
8kvpozl8kjupzd4yvwbv,17,2,2.3
8kvpozl8kjupzd4yvwbv,18,0,0.0
8kvpozl8kjupzd4yvwbv,19,0,0.0
8kvpozl8kjupzd4yvwbv,20,0,0.0
8kvpozl8kjupzd4yvwbv,21,0,0.0
8kvpozl8kjupzd4yvwbv,22,0,0.0
8kvpozl8kjupzd4yvwbv,23,0,0.0
m6p2hujqw21vc4lyt3f3,0,3,3.37
m6p2hujqw21vc4lyt3f3,1,5,5.62
m6p2hujqw21vc4lyt3f3,2,3,3.37
m6p2hujqw21vc4lyt3f3,3,8,8.99
m6p2hujqw21vc4lyt3f3,4,2,2.25
m6p2hujqw21vc4lyt3f3,5,7,7.87
m6p2hujqw21vc4lyt3f3,6,4,4.49
m6p2hujqw21vc4lyt3f3,7,3,3.37
m6p2hujqw21vc4lyt3f3,8,6,6.74
m6p2hujqw21vc4lyt3f3,9,1,1.12
m6p2hujqw21vc4lyt3f3,10,7,7.87
m6p2hujqw21vc4lyt3f3,11,9,10.11
m6p2hujqw21vc4lyt3f3,12,8,8.99
m6p2hujqw21vc4lyt3f3,13,3,3.37
m6p2hujqw21vc4lyt3f3,14,9,10.11
m6p2hujqw21vc4lyt3f3,15,6,6.74
m6p2hujqw21vc4lyt3f3,16,3,3.37
m6p2hujqw21vc4lyt3f3,17,2,2.25
m6p2hujqw21vc4lyt3f3,18,0,0.0
m6p2hujqw21vc4lyt3f3,19,0,0.0
m6p2hujqw21vc4lyt3f3,20,0,0.0
m6p2hujqw21vc4lyt3f3,21,0,0.0
m6p2hujqw21vc4lyt3f3,22,0,0.0
m6p2hujqw21vc4lyt3f3,23,0,0.0
nx4zicy1jbulkuen41s5,0,0,0.0
nx4zicy1jbulkuen41s5,1,3,2.86
nx4zicy1jbulkuen41s5,2,2,1.9
nx4zicy1jbulkuen41s5,3,7,6.67
nx4zicy1jbulkuen41s5,4,2,1.9
nx4zicy1jbulkuen41s5,5,7,6.67
nx4zicy1jbulkuen41s5,6,3,2.86
nx4zicy1jbulkuen41s5,7,6,5.71
nx4zicy1jbulkuen41s5,8,9,8.57
nx4zicy1jbulkuen41s5,9,5,4.76
nx4zicy1jbulkuen41s5,10,6,5.71
nx4zicy1jbulkuen41s5,11,9,8.57
nx4zicy1jbulkuen41s5,12,13,12.38
nx4zicy1jbulkuen41s5,13,10,9.52
nx4zicy1jbulkuen41s5,14,10,9.52
nx4zicy1jbulkuen41s5,15,4,3.81
nx4zicy1jbulkuen41s5,16,7,6.67
nx4zicy1jbulkuen41s5,17,1,0.95
nx4zicy1jbulkuen41s5,18,0,0.0
nx4zicy1jbulkuen41s5,19,0,0.0
nx4zicy1jbulkuen41s5,20,0,0.0
nx4zicy1jbulkuen41s5,21,0,0.0
nx4zicy1jbulkuen41s5,22,0,0.0
nx4zicy1jbulkuen41s5,23,1,0.95
xnvmb8uox3576k142awg,0,1,1.04
xnvmb8uox3576k142awg,1,2,2.08
xnvmb8uox3576k142awg,2,2,2.08
xnvmb8uox3576k142awg,3,3,3.12
xnvmb8uox3576k142awg,4,1,1.04
xnvmb8uox3576k142awg,5,4,4.17
xnvmb8uox3576k142awg,6,8,8.33
xnvmb8uox3576k142awg,7,7,7.29
xnvmb8uox3576k142awg,8,10,10.42
xnvmb8uox3576k142awg,9,2,2.08
xnvmb8uox3576k142awg,10,12,12.5
xnvmb8uox3576k142awg,11,7,7.29
xnvmb8uox3576k142awg,12,8,8.33
xnvmb8uox3576k142awg,13,7,7.29
xnvmb8uox3576k142awg,14,6,6.25
xnvmb8uox3576k142awg,15,11,11.46
xnvmb8uox3576k142awg,16,4,4.17
xnvmb8uox3576k142awg,17,0,0.0
xnvmb8uox3576k142awg,18,0,0.0
xnvmb8uox3576k142awg,19,0,0.0
xnvmb8uox3576k142awg,20,0,0.0
xnvmb8uox3576k142awg,21,0,0.0
xnvmb8uox3576k142awg,22,0,0.0
xnvmb8uox3576k142awg,23,1,1.04
nkr2o4v6q9alvt7ju51e,0,0,0.0
nkr2o4v6q9alvt7ju51e,1,2,1.96
nkr2o4v6q9alvt7ju51e,2,3,2.94
nkr2o4v6q9alvt7ju51e,3,1,0.98
nkr2o4v6q9alvt7ju51e,4,1,0.98
nkr2o4v6q9alvt7ju51e,5,6,5.88
nkr2o4v6q9alvt7ju51e,6,6,5.88
nkr2o4v6q9alvt7ju51e,7,3,2.94
nkr2o4v6q9alvt7ju51e,8,7,6.86
nkr2o4v6q9alvt7ju51e,9,5,4.9
nkr2o4v6q9alvt7ju51e,10,8,7.84
nkr2o4v6q9alvt7ju51e,11,18,17.65
nkr2o4v6q9alvt7ju51e,12,14,13.73
nkr2o4v6q9alvt7ju51e,13,6,5.88
nkr2o4v6q9alvt7ju51e,14,9,8.82
nkr2o4v6q9alvt7ju51e,15,7,6.86
nkr2o4v6q9alvt7ju51e,16,6,5.88
nkr2o4v6q9alvt7ju51e,17,0,0.0
nkr2o4v6q9alvt7ju51e,18,0,0.0
nkr2o4v6q9alvt7ju51e,19,0,0.0
nkr2o4v6q9alvt7ju51e,20,0,0.0
nkr2o4v6q9alvt7ju51e,21,0,0.0
nkr2o4v6q9alvt7ju51e,22,0,0.0
nkr2o4v6q9alvt7ju51e,23,0,0.0
01qkq6w2v62cimidb3b7,0,0,0.0
01qkq6w2v62cimidb3b7,1,2,2.22
01qkq6w2v62cimidb3b7,2,4,4.44
01qkq6w2v62cimidb3b7,3,5,5.56
01qkq6w2v62cimidb3b7,4,3,3.33
01qkq6w2v62cimidb3b7,5,6,6.67
01qkq6w2v62cimidb3b7,6,3,3.33
01qkq6w2v62cimidb3b7,7,3,3.33
01qkq6w2v62cimidb3b7,8,5,5.56
01qkq6w2v62cimidb3b7,9,1,1.11
01qkq6w2v62cimidb3b7,10,5,5.56
01qkq6w2v62cimidb3b7,11,16,17.78
01qkq6w2v62cimidb3b7,12,9,10.0
01qkq6w2v62cimidb3b7,13,9,10.0
01qkq6w2v62cimidb3b7,14,6,6.67
01qkq6w2v62cimidb3b7,15,7,7.78
01qkq6w2v62cimidb3b7,16,4,4.44
01qkq6w2v62cimidb3b7,17,1,1.11
01qkq6w2v62cimidb3b7,18,0,0.0
01qkq6w2v62cimidb3b7,19,0,0.0
01qkq6w2v62cimidb3b7,20,0,0.0
01qkq6w2v62cimidb3b7,21,0,0.0
01qkq6w2v62cimidb3b7,22,0,0.0
01qkq6w2v62cimidb3b7,23,1,1.11
tp8x8dgd7d6dhpth8xni,0,0,0.0
tp8x8dgd7d6dhpth8xni,1,1,1.23
tp8x8dgd7d6dhpth8xni,2,3,3.7
tp8x8dgd7d6dhpth8xni,3,6,7.41
tp8x8dgd7d6dhpth8xni,4,0,0.0
tp8x8dgd7d6dhpth8xni,5,2,2.47
tp8x8dgd7d6dhpth8xni,6,2,2.47
tp8x8dgd7d6dhpth8xni,7,3,3.7
tp8x8dgd7d6dhpth8xni,8,2,2.47
tp8x8dgd7d6dhpth8xni,9,3,3.7
tp8x8dgd7d6dhpth8xni,10,8,9.88
tp8x8dgd7d6dhpth8xni,11,13,16.05
tp8x8dgd7d6dhpth8xni,12,7,8.64
tp8x8dgd7d6dhpth8xni,13,7,8.64
tp8x8dgd7d6dhpth8xni,14,13,16.05
tp8x8dgd7d6dhpth8xni,15,6,7.41
tp8x8dgd7d6dhpth8xni,16,4,4.94
tp8x8dgd7d6dhpth8xni,17,1,1.23
tp8x8dgd7d6dhpth8xni,18,0,0.0
tp8x8dgd7d6dhpth8xni,19,0,0.0
tp8x8dgd7d6dhpth8xni,20,0,0.0
tp8x8dgd7d6dhpth8xni,21,0,0.0
tp8x8dgd7d6dhpth8xni,22,0,0.0
tp8x8dgd7d6dhpth8xni,23,0,0.0
uhthvh60xp911d47x7xm,0,1,0.96
uhthvh60xp911d47x7xm,1,2,1.92
uhthvh60xp911d47x7xm,2,7,6.73
uhthvh60xp911d47x7xm,3,3,2.88
uhthvh60xp911d47x7xm,4,2,1.92
uhthvh60xp911d47x7xm,5,5,4.81
uhthvh60xp911d47x7xm,6,7,6.73
uhthvh60xp911d47x7xm,7,7,6.73
uhthvh60xp911d47x7xm,8,4,3.85
uhthvh60xp911d47x7xm,9,4,3.85
uhthvh60xp911d47x7xm,10,6,5.77
uhthvh60xp911d47x7xm,11,8,7.69
uhthvh60xp911d47x7xm,12,11,10.58
uhthvh60xp911d47x7xm,13,10,9.62
uhthvh60xp911d47x7xm,14,14,13.46
uhthvh60xp911d47x7xm,15,6,5.77
uhthvh60xp911d47x7xm,16,4,3.85
uhthvh60xp911d47x7xm,17,1,0.96
uhthvh60xp911d47x7xm,18,0,0.0
uhthvh60xp911d47x7xm,19,0,0.0
uhthvh60xp911d47x7xm,20,0,0.0
uhthvh60xp911d47x7xm,21,0,0.0
uhthvh60xp911d47x7xm,22,0,0.0
uhthvh60xp911d47x7xm,23,2,1.92
a30afe3tftu3pgsdxxdq,0,1,1.25
a30afe3tftu3pgsdxxdq,1,5,6.25
a30afe3tftu3pgsdxxdq,2,6,7.5
a30afe3tftu3pgsdxxdq,3,4,5.0
a30afe3tftu3pgsdxxdq,4,1,1.25
a30afe3tftu3pgsdxxdq,5,2,2.5
a30afe3tftu3pgsdxxdq,6,3,3.75
a30afe3tftu3pgsdxxdq,7,3,3.75
a30afe3tftu3pgsdxxdq,8,5,6.25
a30afe3tftu3pgsdxxdq,9,5,6.25
a30afe3tftu3pgsdxxdq,10,5,6.25
a30afe3tftu3pgsdxxdq,11,7,8.75
a30afe3tftu3pgsdxxdq,12,12,15.0
a30afe3tftu3pgsdxxdq,13,4,5.0
a30afe3tftu3pgsdxxdq,14,10,12.5
a30afe3tftu3pgsdxxdq,15,3,3.75
a30afe3tftu3pgsdxxdq,16,2,2.5
a30afe3tftu3pgsdxxdq,17,1,1.25
a30afe3tftu3pgsdxxdq,18,0,0.0
a30afe3tftu3pgsdxxdq,19,0,0.0
a30afe3tftu3pgsdxxdq,20,0,0.0
a30afe3tftu3pgsdxxdq,21,0,0.0
a30afe3tftu3pgsdxxdq,22,0,0.0
a30afe3tftu3pgsdxxdq,23,1,1.25
9nfrfi8p7oktnfr9c30b,0,5,4.72
9nfrfi8p7oktnfr9c30b,1,4,3.77
9nfrfi8p7oktnfr9c30b,2,3,2.83
9nfrfi8p7oktnfr9c30b,3,6,5.66
9nfrfi8p7oktnfr9c30b,4,2,1.89
9nfrfi8p7oktnfr9c30b,5,7,6.6
9nfrfi8p7oktnfr9c30b,6,6,5.66
9nfrfi8p7oktnfr9c30b,7,5,4.72
9nfrfi8p7oktnfr9c30b,8,5,4.72
9nfrfi8p7oktnfr9c30b,9,9,8.49
9nfrfi8p7oktnfr9c30b,10,2,1.89
9nfrfi8p7oktnfr9c30b,11,12,11.32
9nfrfi8p7oktnfr9c30b,12,15,14.15
9nfrfi8p7oktnfr9c30b,13,7,6.6
9nfrfi8p7oktnfr9c30b,14,6,5.66
9nfrfi8p7oktnfr9c30b,15,7,6.6
9nfrfi8p7oktnfr9c30b,16,1,0.94
9nfrfi8p7oktnfr9c30b,17,4,3.77
9nfrfi8p7oktnfr9c30b,18,0,0.0
9nfrfi8p7oktnfr9c30b,19,0,0.0
9nfrfi8p7oktnfr9c30b,20,0,0.0
9nfrfi8p7oktnfr9c30b,21,0,0.0
9nfrfi8p7oktnfr9c30b,22,0,0.0
9nfrfi8p7oktnfr9c30b,23,0,0.0
34qcy2qj5lij7g82hpvw,0,3,2.88
34qcy2qj5lij7g82hpvw,1,4,3.85
34qcy2qj5lij7g82hpvw,2,6,5.77
34qcy2qj5lij7g82hpvw,3,4,3.85
34qcy2qj5lij7g82hpvw,4,2,1.92
34qcy2qj5lij7g82hpvw,5,3,2.88
34qcy2qj5lij7g82hpvw,6,3,2.88
34qcy2qj5lij7g82hpvw,7,5,4.81
34qcy2qj5lij7g82hpvw,8,7,6.73
34qcy2qj5lij7g82hpvw,9,5,4.81
34qcy2qj5lij7g82hpvw,10,7,6.73
34qcy2qj5lij7g82hpvw,11,10,9.62
34qcy2qj5lij7g82hpvw,12,12,11.54
34qcy2qj5lij7g82hpvw,13,7,6.73
34qcy2qj5lij7g82hpvw,14,10,9.62
34qcy2qj5lij7g82hpvw,15,6,5.77
34qcy2qj5lij7g82hpvw,16,9,8.65
34qcy2qj5lij7g82hpvw,17,0,0.0
34qcy2qj5lij7g82hpvw,18,0,0.0
34qcy2qj5lij7g82hpvw,19,0,0.0
34qcy2qj5lij7g82hpvw,20,0,0.0
34qcy2qj5lij7g82hpvw,21,0,0.0
34qcy2qj5lij7g82hpvw,22,0,0.0
34qcy2qj5lij7g82hpvw,23,1,0.96
mhufhb84kyqgs0anwy1d,0,1,1.09
mhufhb84kyqgs0anwy1d,1,2,2.17
mhufhb84kyqgs0anwy1d,2,5,5.43
mhufhb84kyqgs0anwy1d,3,5,5.43
mhufhb84kyqgs0anwy1d,4,2,2.17
mhufhb84kyqgs0anwy1d,5,5,5.43
mhufhb84kyqgs0anwy1d,6,2,2.17
mhufhb84kyqgs0anwy1d,7,3,3.26
mhufhb84kyqgs0anwy1d,8,6,6.52
mhufhb84kyqgs0anwy1d,9,3,3.26
mhufhb84kyqgs0anwy1d,10,7,7.61
mhufhb84kyqgs0anwy1d,11,16,17.39
mhufhb84kyqgs0anwy1d,12,10,10.87
mhufhb84kyqgs0anwy1d,13,6,6.52
mhufhb84kyqgs0anwy1d,14,11,11.96
mhufhb84kyqgs0anwy1d,15,3,3.26
mhufhb84kyqgs0anwy1d,16,4,4.35
mhufhb84kyqgs0anwy1d,17,1,1.09
mhufhb84kyqgs0anwy1d,18,0,0.0
mhufhb84kyqgs0anwy1d,19,0,0.0
mhufhb84kyqgs0anwy1d,20,0,0.0
mhufhb84kyqgs0anwy1d,21,0,0.0
mhufhb84kyqgs0anwy1d,22,0,0.0
mhufhb84kyqgs0anwy1d,23,0,0.0
1afepx549ssnar1m9acp,0,0,0.0
1afepx549ssnar1m9acp,1,2,2.0
1afepx549ssnar1m9acp,2,3,3.0
1afepx549ssnar1m9acp,3,3,3.0
1afepx549ssnar1m9acp,4,3,3.0
1afepx549ssnar1m9acp,5,10,10.0
1afepx549ssnar1m9acp,6,7,7.0
1afepx549ssnar1m9acp,7,5,5.0
1afepx549ssnar1m9acp,8,7,7.0
1afepx549ssnar1m9acp,9,6,6.0
1afepx549ssnar1m9acp,10,5,5.0
1afepx549ssnar1m9acp,11,11,11.0
1afepx549ssnar1m9acp,12,9,9.0
1afepx549ssnar1m9acp,13,8,8.0
1afepx549ssnar1m9acp,14,10,10.0
1afepx549ssnar1m9acp,15,8,8.0
1afepx549ssnar1m9acp,16,3,3.0
1afepx549ssnar1m9acp,17,0,0.0
1afepx549ssnar1m9acp,18,0,0.0
1afepx549ssnar1m9acp,19,0,0.0
1afepx549ssnar1m9acp,20,0,0.0
1afepx549ssnar1m9acp,21,0,0.0
1afepx549ssnar1m9acp,22,0,0.0
1afepx549ssnar1m9acp,23,0,0.0
j605t14y7ie6vr2n8s2c,0,2,2.17
j605t14y7ie6vr2n8s2c,1,2,2.17
j605t14y7ie6vr2n8s2c,2,5,5.43
j605t14y7ie6vr2n8s2c,3,6,6.52
j605t14y7ie6vr2n8s2c,4,1,1.09
j605t14y7ie6vr2n8s2c,5,5,5.43
j605t14y7ie6vr2n8s2c,6,5,5.43
j605t14y7ie6vr2n8s2c,7,2,2.17
j605t14y7ie6vr2n8s2c,8,8,8.7
j605t14y7ie6vr2n8s2c,9,4,4.35
j605t14y7ie6vr2n8s2c,10,5,5.43
j605t14y7ie6vr2n8s2c,11,18,19.57
j605t14y7ie6vr2n8s2c,12,10,10.87
j605t14y7ie6vr2n8s2c,13,3,3.26
j605t14y7ie6vr2n8s2c,14,5,5.43
j605t14y7ie6vr2n8s2c,15,3,3.26
j605t14y7ie6vr2n8s2c,16,6,6.52
j605t14y7ie6vr2n8s2c,17,1,1.09
j605t14y7ie6vr2n8s2c,18,1,1.09
j605t14y7ie6vr2n8s2c,19,0,0.0
j605t14y7ie6vr2n8s2c,20,0,0.0
j605t14y7ie6vr2n8s2c,21,0,0.0
j605t14y7ie6vr2n8s2c,22,0,0.0
j605t14y7ie6vr2n8s2c,23,0,0.0
zq3xohaut5o9dbd9064z,0,6,5.88
zq3xohaut5o9dbd9064z,1,6,5.88
zq3xohaut5o9dbd9064z,2,2,1.96
zq3xohaut5o9dbd9064z,3,5,4.9
zq3xohaut5o9dbd9064z,4,2,1.96
zq3xohaut5o9dbd9064z,5,5,4.9
zq3xohaut5o9dbd9064z,6,4,3.92
zq3xohaut5o9dbd9064z,7,6,5.88
zq3xohaut5o9dbd9064z,8,8,7.84
zq3xohaut5o9dbd9064z,9,2,1.96
zq3xohaut5o9dbd9064z,10,11,10.78
zq3xohaut5o9dbd9064z,11,13,12.75
zq3xohaut5o9dbd9064z,12,13,12.75
zq3xohaut5o9dbd9064z,13,3,2.94
zq3xohaut5o9dbd9064z,14,7,6.86
zq3xohaut5o9dbd9064z,15,5,4.9
zq3xohaut5o9dbd9064z,16,2,1.96
zq3xohaut5o9dbd9064z,17,1,0.98
zq3xohaut5o9dbd9064z,18,0,0.0
zq3xohaut5o9dbd9064z,19,0,0.0
zq3xohaut5o9dbd9064z,20,0,0.0
zq3xohaut5o9dbd9064z,21,0,0.0
zq3xohaut5o9dbd9064z,22,0,0.0
zq3xohaut5o9dbd9064z,23,1,0.98
me4d1o3nzhyoj0xfast0,0,0,0.0
me4d1o3nzhyoj0xfast0,1,3,3.37
me4d1o3nzhyoj0xfast0,2,0,0.0
me4d1o3nzhyoj0xfast0,3,6,6.74
me4d1o3nzhyoj0xfast0,4,4,4.49
me4d1o3nzhyoj0xfast0,5,2,2.25
me4d1o3nzhyoj0xfast0,6,5,5.62
me4d1o3nzhyoj0xfast0,7,3,3.37
me4d1o3nzhyoj0xfast0,8,2,2.25
me4d1o3nzhyoj0xfast0,9,8,8.99
me4d1o3nzhyoj0xfast0,10,10,11.24
me4d1o3nzhyoj0xfast0,11,7,7.87
me4d1o3nzhyoj0xfast0,12,7,7.87
me4d1o3nzhyoj0xfast0,13,7,7.87
me4d1o3nzhyoj0xfast0,14,16,17.98
me4d1o3nzhyoj0xfast0,15,4,4.49
me4d1o3nzhyoj0xfast0,16,3,3.37
me4d1o3nzhyoj0xfast0,17,1,1.12
me4d1o3nzhyoj0xfast0,18,0,0.0
me4d1o3nzhyoj0xfast0,19,0,0.0
me4d1o3nzhyoj0xfast0,20,0,0.0
me4d1o3nzhyoj0xfast0,21,0,0.0
me4d1o3nzhyoj0xfast0,22,0,0.0
me4d1o3nzhyoj0xfast0,23,1,1.12
p611flt77czmqgut14jl,0,1,1.06
p611flt77czmqgut14jl,1,7,7.45
p611flt77czmqgut14jl,2,2,2.13
p611flt77czmqgut14jl,3,8,8.51
p611flt77czmqgut14jl,4,2,2.13
p611flt77czmqgut14jl,5,6,6.38
p611flt77czmqgut14jl,6,4,4.26
p611flt77czmqgut14jl,7,3,3.19
p611flt77czmqgut14jl,8,8,8.51
p611flt77czmqgut14jl,9,3,3.19
p611flt77czmqgut14jl,10,4,4.26
p611flt77czmqgut14jl,11,12,12.77
p611flt77czmqgut14jl,12,8,8.51
p611flt77czmqgut14jl,13,6,6.38
p611flt77czmqgut14jl,14,13,13.83
p611flt77czmqgut14jl,15,3,3.19
p611flt77czmqgut14jl,16,2,2.13
p611flt77czmqgut14jl,17,1,1.06
p611flt77czmqgut14jl,18,0,0.0
p611flt77czmqgut14jl,19,0,0.0
p611flt77czmqgut14jl,20,0,0.0
p611flt77czmqgut14jl,21,0,0.0
p611flt77czmqgut14jl,22,0,0.0
p611flt77czmqgut14jl,23,1,1.06
zuw35j06tzftt6oon4c5,0,1,0.88
zuw35j06tzftt6oon4c5,1,3,2.65
zuw35j06tzftt6oon4c5,2,3,2.65
zuw35j06tzftt6oon4c5,3,7,6.19
zuw35j06tzftt6oon4c5,4,1,0.88
zuw35j06tzftt6oon4c5,5,7,6.19
zuw35j06tzftt6oon4c5,6,4,3.54
zuw35j06tzftt6oon4c5,7,2,1.77
zuw35j06tzftt6oon4c5,8,11,9.73
zuw35j06tzftt6oon4c5,9,3,2.65
zuw35j06tzftt6oon4c5,10,8,7.08
zuw35j06tzftt6oon4c5,11,15,13.27
zuw35j06tzftt6oon4c5,12,16,14.16
zuw35j06tzftt6oon4c5,13,9,7.96
zuw35j06tzftt6oon4c5,14,11,9.73
zuw35j06tzftt6oon4c5,15,8,7.08
zuw35j06tzftt6oon4c5,16,3,2.65
zuw35j06tzftt6oon4c5,17,1,0.88
zuw35j06tzftt6oon4c5,18,0,0.0
zuw35j06tzftt6oon4c5,19,0,0.0
zuw35j06tzftt6oon4c5,20,0,0.0
zuw35j06tzftt6oon4c5,21,0,0.0
zuw35j06tzftt6oon4c5,22,0,0.0
zuw35j06tzftt6oon4c5,23,0,0.0
f527k17lr4aumahjtj92,0,1,1.11
f527k17lr4aumahjtj92,1,1,1.11
f527k17lr4aumahjtj92,2,6,6.67
f527k17lr4aumahjtj92,3,4,4.44
f527k17lr4aumahjtj92,4,1,1.11
f527k17lr4aumahjtj92,5,2,2.22
f527k17lr4aumahjtj92,6,5,5.56
f527k17lr4aumahjtj92,7,4,4.44
f527k17lr4aumahjtj92,8,8,8.89
f527k17lr4aumahjtj92,9,1,1.11
f527k17lr4aumahjtj92,10,6,6.67
f527k17lr4aumahjtj92,11,11,12.22
f527k17lr4aumahjtj92,12,10,11.11
f527k17lr4aumahjtj92,13,8,8.89
f527k17lr4aumahjtj92,14,6,6.67
f527k17lr4aumahjtj92,15,13,14.44
f527k17lr4aumahjtj92,16,3,3.33
f527k17lr4aumahjtj92,17,0,0.0
f527k17lr4aumahjtj92,18,0,0.0
f527k17lr4aumahjtj92,19,0,0.0
f527k17lr4aumahjtj92,20,0,0.0
f527k17lr4aumahjtj92,21,0,0.0
f527k17lr4aumahjtj92,22,0,0.0
f527k17lr4aumahjtj92,23,0,0.0
33184c1cba6a37cdbda2,0,0,0.0
33184c1cba6a37cdbda2,1,0,0.0
33184c1cba6a37cdbda2,2,0,0.0
33184c1cba6a37cdbda2,3,0,0.0
33184c1cba6a37cdbda2,4,0,0.0
33184c1cba6a37cdbda2,5,0,0.0
33184c1cba6a37cdbda2,6,2,0.78
33184c1cba6a37cdbda2,7,1,0.39
33184c1cba6a37cdbda2,8,0,0.0
33184c1cba6a37cdbda2,9,13,5.08
33184c1cba6a37cdbda2,10,33,12.89
33184c1cba6a37cdbda2,11,31,12.11
33184c1cba6a37cdbda2,12,28,10.94
33184c1cba6a37cdbda2,13,28,10.94
33184c1cba6a37cdbda2,14,19,7.42
33184c1cba6a37cdbda2,15,43,16.8
33184c1cba6a37cdbda2,16,12,4.69
33184c1cba6a37cdbda2,17,11,4.3
33184c1cba6a37cdbda2,18,32,12.5
33184c1cba6a37cdbda2,19,3,1.17
33184c1cba6a37cdbda2,20,0,0.0
33184c1cba6a37cdbda2,21,0,0.0
33184c1cba6a37cdbda2,22,0,0.0
33184c1cba6a37cdbda2,23,0,0.0
3f81bf9625e47ca1963f,0,0,0.0
3f81bf9625e47ca1963f,1,0,0.0
3f81bf9625e47ca1963f,2,3,3.0
3f81bf9625e47ca1963f,3,13,13.0
3f81bf9625e47ca1963f,4,0,0.0
3f81bf9625e47ca1963f,5,0,0.0
3f81bf9625e47ca1963f,6,0,0.0
3f81bf9625e47ca1963f,7,0,0.0
3f81bf9625e47ca1963f,8,9,9.0
3f81bf9625e47ca1963f,9,3,3.0
3f81bf9625e47ca1963f,10,5,5.0
3f81bf9625e47ca1963f,11,6,6.0
3f81bf9625e47ca1963f,12,15,15.0
3f81bf9625e47ca1963f,13,38,38.0
3f81bf9625e47ca1963f,14,6,6.0
3f81bf9625e47ca1963f,15,2,2.0
3f81bf9625e47ca1963f,16,0,0.0
3f81bf9625e47ca1963f,17,0,0.0
3f81bf9625e47ca1963f,18,0,0.0
3f81bf9625e47ca1963f,19,0,0.0
3f81bf9625e47ca1963f,20,0,0.0
3f81bf9625e47ca1963f,21,0,0.0
3f81bf9625e47ca1963f,22,0,0.0
3f81bf9625e47ca1963f,23,0,0.0
8bece93f0b270602e64f,0,0,0.0
8bece93f0b270602e64f,1,0,0.0
8bece93f0b270602e64f,2,0,0.0
8bece93f0b270602e64f,3,0,0.0
8bece93f0b270602e64f,4,0,0.0
8bece93f0b270602e64f,5,8,7.08
8bece93f0b270602e64f,6,16,14.16
8bece93f0b270602e64f,7,8,7.08
8bece93f0b270602e64f,8,0,0.0
8bece93f0b270602e64f,9,1,0.88
8bece93f0b270602e64f,10,23,20.35
8bece93f0b270602e64f,11,4,3.54
8bece93f0b270602e64f,12,7,6.19
8bece93f0b270602e64f,13,18,15.93
8bece93f0b270602e64f,14,28,24.78
8bece93f0b270602e64f,15,0,0.0
8bece93f0b270602e64f,16,0,0.0
8bece93f0b270602e64f,17,0,0.0
8bece93f0b270602e64f,18,0,0.0
8bece93f0b270602e64f,19,0,0.0
8bece93f0b270602e64f,20,0,0.0
8bece93f0b270602e64f,21,0,0.0
8bece93f0b270602e64f,22,0,0.0
8bece93f0b270602e64f,23,0,0.0
27cc9165eef05eb1733f,0,0,0.0
27cc9165eef05eb1733f,1,0,0.0
27cc9165eef05eb1733f,2,0,0.0
27cc9165eef05eb1733f,3,0,0.0
27cc9165eef05eb1733f,4,0,0.0
27cc9165eef05eb1733f,5,0,0.0
27cc9165eef05eb1733f,6,0,0.0
27cc9165eef05eb1733f,7,0,0.0
27cc9165eef05eb1733f,8,0,0.0
27cc9165eef05eb1733f,9,0,0.0
27cc9165eef05eb1733f,10,6,7.89
27cc9165eef05eb1733f,11,7,9.21
27cc9165eef05eb1733f,12,34,44.74
27cc9165eef05eb1733f,13,6,7.89
27cc9165eef05eb1733f,14,10,13.16
27cc9165eef05eb1733f,15,0,0.0
27cc9165eef05eb1733f,16,3,3.95
27cc9165eef05eb1733f,17,10,13.16
27cc9165eef05eb1733f,18,0,0.0
27cc9165eef05eb1733f,19,0,0.0
27cc9165eef05eb1733f,20,0,0.0
27cc9165eef05eb1733f,21,0,0.0
27cc9165eef05eb1733f,22,0,0.0
27cc9165eef05eb1733f,23,0,0.0
3c37e3ad275dcdd39e2c,0,0,0.0
3c37e3ad275dcdd39e2c,1,1,0.86
3c37e3ad275dcdd39e2c,2,5,4.31
3c37e3ad275dcdd39e2c,3,0,0.0
3c37e3ad275dcdd39e2c,4,3,2.59
3c37e3ad275dcdd39e2c,5,0,0.0
3c37e3ad275dcdd39e2c,6,0,0.0
3c37e3ad275dcdd39e2c,7,11,9.48
3c37e3ad275dcdd39e2c,8,3,2.59
3c37e3ad275dcdd39e2c,9,4,3.45
3c37e3ad275dcdd39e2c,10,10,8.62
3c37e3ad275dcdd39e2c,11,12,10.34
3c37e3ad275dcdd39e2c,12,26,22.41
3c37e3ad275dcdd39e2c,13,24,20.69
3c37e3ad275dcdd39e2c,14,12,10.34
3c37e3ad275dcdd39e2c,15,5,4.31
3c37e3ad275dcdd39e2c,16,0,0.0
3c37e3ad275dcdd39e2c,17,0,0.0
3c37e3ad275dcdd39e2c,18,0,0.0
3c37e3ad275dcdd39e2c,19,0,0.0
3c37e3ad275dcdd39e2c,20,0,0.0
3c37e3ad275dcdd39e2c,21,0,0.0
3c37e3ad275dcdd39e2c,22,0,0.0
3c37e3ad275dcdd39e2c,23,0,0.0
46e2d5243b6eef040f97,0,5,6.49
46e2d5243b6eef040f97,1,2,2.6
46e2d5243b6eef040f97,2,5,6.49
46e2d5243b6eef040f97,3,0,0.0
46e2d5243b6eef040f97,4,5,6.49
46e2d5243b6eef040f97,5,3,3.9
46e2d5243b6eef040f97,6,3,3.9
46e2d5243b6eef040f97,7,4,5.19
46e2d5243b6eef040f97,8,4,5.19
46e2d5243b6eef040f97,9,0,0.0
46e2d5243b6eef040f97,10,2,2.6
46e2d5243b6eef040f97,11,6,7.79
46e2d5243b6eef040f97,12,2,2.6
46e2d5243b6eef040f97,13,7,9.09
46e2d5243b6eef040f97,14,5,6.49
46e2d5243b6eef040f97,15,22,28.57
46e2d5243b6eef040f97,16,0,0.0
46e2d5243b6eef040f97,17,0,0.0
46e2d5243b6eef040f97,18,0,0.0
46e2d5243b6eef040f97,19,0,0.0
46e2d5243b6eef040f97,20,0,0.0
46e2d5243b6eef040f97,21,0,0.0
46e2d5243b6eef040f97,22,0,0.0
46e2d5243b6eef040f97,23,2,2.6
37f3b3d773c5c073bc9a,0,1,1.11
37f3b3d773c5c073bc9a,1,1,1.11
37f3b3d773c5c073bc9a,2,0,0.0
37f3b3d773c5c073bc9a,3,2,2.22
37f3b3d773c5c073bc9a,4,1,1.11
37f3b3d773c5c073bc9a,5,0,0.0
37f3b3d773c5c073bc9a,6,0,0.0
37f3b3d773c5c073bc9a,7,7,7.78
37f3b3d773c5c073bc9a,8,10,11.11
37f3b3d773c5c073bc9a,9,5,5.56
37f3b3d773c5c073bc9a,10,3,3.33
37f3b3d773c5c073bc9a,11,12,13.33
37f3b3d773c5c073bc9a,12,14,15.56
37f3b3d773c5c073bc9a,13,11,12.22
37f3b3d773c5c073bc9a,14,12,13.33
37f3b3d773c5c073bc9a,15,5,5.56
37f3b3d773c5c073bc9a,16,6,6.67
37f3b3d773c5c073bc9a,17,0,0.0
37f3b3d773c5c073bc9a,18,0,0.0
37f3b3d773c5c073bc9a,19,0,0.0
37f3b3d773c5c073bc9a,20,0,0.0
37f3b3d773c5c073bc9a,21,0,0.0
37f3b3d773c5c073bc9a,22,0,0.0
37f3b3d773c5c073bc9a,23,0,0.0
96dc0554852b5a94a400,0,0,0.0
96dc0554852b5a94a400,1,3,2.78
96dc0554852b5a94a400,2,9,8.33
96dc0554852b5a94a400,3,18,16.67
96dc0554852b5a94a400,4,0,0.0
96dc0554852b5a94a400,5,12,11.11
96dc0554852b5a94a400,6,0,0.0
96dc0554852b5a94a400,7,0,0.0
96dc0554852b5a94a400,8,3,2.78
96dc0554852b5a94a400,9,3,2.78
96dc0554852b5a94a400,10,2,1.85
96dc0554852b5a94a400,11,13,12.04
96dc0554852b5a94a400,12,29,26.85
96dc0554852b5a94a400,13,14,12.96
96dc0554852b5a94a400,14,2,1.85
96dc0554852b5a94a400,15,0,0.0
96dc0554852b5a94a400,16,0,0.0
96dc0554852b5a94a400,17,0,0.0
96dc0554852b5a94a400,18,0,0.0
96dc0554852b5a94a400,19,0,0.0
96dc0554852b5a94a400,20,0,0.0
96dc0554852b5a94a400,21,0,0.0
96dc0554852b5a94a400,22,0,0.0
96dc0554852b5a94a400,23,0,0.0
6273f50d9a0b4e6d971c,0,0,0.0
6273f50d9a0b4e6d971c,1,0,0.0
6273f50d9a0b4e6d971c,2,0,0.0
6273f50d9a0b4e6d971c,3,0,0.0
6273f50d9a0b4e6d971c,4,0,0.0
6273f50d9a0b4e6d971c,5,1,1.2
6273f50d9a0b4e6d971c,6,4,4.82
6273f50d9a0b4e6d971c,7,1,1.2
6273f50d9a0b4e6d971c,8,0,0.0
6273f50d9a0b4e6d971c,9,2,2.41
6273f50d9a0b4e6d971c,10,29,34.94
6273f50d9a0b4e6d971c,11,5,6.02
6273f50d9a0b4e6d971c,12,3,3.61
6273f50d9a0b4e6d971c,13,24,28.92
6273f50d9a0b4e6d971c,14,14,16.87
6273f50d9a0b4e6d971c,15,0,0.0
6273f50d9a0b4e6d971c,16,0,0.0
6273f50d9a0b4e6d971c,17,0,0.0
6273f50d9a0b4e6d971c,18,0,0.0
6273f50d9a0b4e6d971c,19,0,0.0
6273f50d9a0b4e6d971c,20,0,0.0
6273f50d9a0b4e6d971c,21,0,0.0
6273f50d9a0b4e6d971c,22,0,0.0
6273f50d9a0b4e6d971c,23,0,0.0
4478eae73fb84cedb102,0,5,3.33
4478eae73fb84cedb102,1,6,4.0
4478eae73fb84cedb102,2,2,1.33
4478eae73fb84cedb102,3,21,14.0
4478eae73fb84cedb102,4,1,0.67
4478eae73fb84cedb102,5,3,2.0
4478eae73fb84cedb102,6,1,0.67
4478eae73fb84cedb102,7,6,4.0
4478eae73fb84cedb102,8,5,3.33
4478eae73fb84cedb102,9,2,1.33
4478eae73fb84cedb102,10,5,3.33
4478eae73fb84cedb102,11,17,11.33
4478eae73fb84cedb102,12,18,12.0
4478eae73fb84cedb102,13,19,12.67
4478eae73fb84cedb102,14,19,12.67
4478eae73fb84cedb102,15,19,12.67
4478eae73fb84cedb102,16,1,0.67
4478eae73fb84cedb102,17,0,0.0
4478eae73fb84cedb102,18,0,0.0
4478eae73fb84cedb102,19,0,0.0
4478eae73fb84cedb102,20,0,0.0
4478eae73fb84cedb102,21,0,0.0
4478eae73fb84cedb102,22,0,0.0
4478eae73fb84cedb102,23,0,0.0
0a7f1a73361654329281,0,0,0.0
0a7f1a73361654329281,1,8,8.89
0a7f1a73361654329281,2,4,4.44
0a7f1a73361654329281,3,4,4.44
0a7f1a73361654329281,4,5,5.56
0a7f1a73361654329281,5,1,1.11
0a7f1a73361654329281,6,0,0.0
0a7f1a73361654329281,7,2,2.22
0a7f1a73361654329281,8,11,12.22
0a7f1a73361654329281,9,3,3.33
0a7f1a73361654329281,10,1,1.11
0a7f1a73361654329281,11,8,8.89
0a7f1a73361654329281,12,4,4.44
0a7f1a73361654329281,13,11,12.22
0a7f1a73361654329281,14,17,18.89
0a7f1a73361654329281,15,11,12.22
0a7f1a73361654329281,16,0,0.0
0a7f1a73361654329281,17,0,0.0
0a7f1a73361654329281,18,0,0.0
0a7f1a73361654329281,19,0,0.0
0a7f1a73361654329281,20,0,0.0
0a7f1a73361654329281,21,0,0.0
0a7f1a73361654329281,22,0,0.0
0a7f1a73361654329281,23,0,0.0
301f57984e5d2969c938,0,24,24.0
301f57984e5d2969c938,1,14,14.0
301f57984e5d2969c938,2,3,3.0
301f57984e5d2969c938,3,5,5.0
301f57984e5d2969c938,4,2,2.0
301f57984e5d2969c938,5,0,0.0
301f57984e5d2969c938,6,0,0.0
301f57984e5d2969c938,7,0,0.0
301f57984e5d2969c938,8,3,3.0
301f57984e5d2969c938,9,2,2.0
301f57984e5d2969c938,10,10,10.0
301f57984e5d2969c938,11,1,1.0
301f57984e5d2969c938,12,8,8.0
301f57984e5d2969c938,13,5,5.0
301f57984e5d2969c938,14,10,10.0
301f57984e5d2969c938,15,8,8.0
301f57984e5d2969c938,16,5,5.0
301f57984e5d2969c938,17,0,0.0
301f57984e5d2969c938,18,0,0.0
301f57984e5d2969c938,19,0,0.0
301f57984e5d2969c938,20,0,0.0
301f57984e5d2969c938,21,0,0.0
301f57984e5d2969c938,22,0,0.0
301f57984e5d2969c938,23,0,0.0
3b3b2319b0995f149ecc,0,0,0.0
3b3b2319b0995f149ecc,1,0,0.0
3b3b2319b0995f149ecc,2,7,4.79
3b3b2319b0995f149ecc,3,6,4.11
3b3b2319b0995f149ecc,4,11,7.53
3b3b2319b0995f149ecc,5,12,8.22
3b3b2319b0995f149ecc,6,0,0.0
3b3b2319b0995f149ecc,7,1,0.68
3b3b2319b0995f149ecc,8,5,3.42
3b3b2319b0995f149ecc,9,0,0.0
3b3b2319b0995f149ecc,10,11,7.53
3b3b2319b0995f149ecc,11,21,14.38
3b3b2319b0995f149ecc,12,13,8.9
3b3b2319b0995f149ecc,13,21,14.38
3b3b2319b0995f149ecc,14,24,16.44
3b3b2319b0995f149ecc,15,14,9.59
3b3b2319b0995f149ecc,16,0,0.0
3b3b2319b0995f149ecc,17,0,0.0
3b3b2319b0995f149ecc,18,0,0.0
3b3b2319b0995f149ecc,19,0,0.0
3b3b2319b0995f149ecc,20,0,0.0
3b3b2319b0995f149ecc,21,0,0.0
3b3b2319b0995f149ecc,22,0,0.0
3b3b2319b0995f149ecc,23,0,0.0
3313c40ea45a87f9d2e7,0,0,0.0
3313c40ea45a87f9d2e7,1,1,1.18
3313c40ea45a87f9d2e7,2,4,4.71
3313c40ea45a87f9d2e7,3,4,4.71
3313c40ea45a87f9d2e7,4,0,0.0
3313c40ea45a87f9d2e7,5,8,9.41
3313c40ea45a87f9d2e7,6,5,5.88
3313c40ea45a87f9d2e7,7,1,1.18
3313c40ea45a87f9d2e7,8,9,10.59
3313c40ea45a87f9d2e7,9,3,3.53
3313c40ea45a87f9d2e7,10,1,1.18
3313c40ea45a87f9d2e7,11,4,4.71
3313c40ea45a87f9d2e7,12,6,7.06
3313c40ea45a87f9d2e7,13,3,3.53
3313c40ea45a87f9d2e7,14,2,2.35
3313c40ea45a87f9d2e7,15,16,18.82
3313c40ea45a87f9d2e7,16,7,8.24
3313c40ea45a87f9d2e7,17,10,11.76
3313c40ea45a87f9d2e7,18,1,1.18
3313c40ea45a87f9d2e7,19,0,0.0
3313c40ea45a87f9d2e7,20,0,0.0
3313c40ea45a87f9d2e7,21,0,0.0
3313c40ea45a87f9d2e7,22,0,0.0
3313c40ea45a87f9d2e7,23,0,0.0
81931021ce711e124d0b,0,0,0.0
81931021ce711e124d0b,1,1,0.35
81931021ce711e124d0b,2,11,3.89
81931021ce711e124d0b,3,24,8.48
81931021ce711e124d0b,4,17,6.01
81931021ce711e124d0b,5,9,3.18
81931021ce711e124d0b,6,2,0.71
81931021ce711e124d0b,7,17,6.01
81931021ce711e124d0b,8,6,2.12
81931021ce711e124d0b,9,17,6.01
81931021ce711e124d0b,10,72,25.44
81931021ce711e124d0b,11,31,10.95
81931021ce711e124d0b,12,17,6.01
81931021ce711e124d0b,13,26,9.19
81931021ce711e124d0b,14,25,8.83
81931021ce711e124d0b,15,5,1.77
81931021ce711e124d0b,16,2,0.71
81931021ce711e124d0b,17,0,0.0
81931021ce711e124d0b,18,0,0.0
81931021ce711e124d0b,19,0,0.0
81931021ce711e124d0b,20,0,0.0
81931021ce711e124d0b,21,0,0.0
81931021ce711e124d0b,22,0,0.0
81931021ce711e124d0b,23,1,0.35
9294393fcd13593bc537,0,3,2.36
9294393fcd13593bc537,1,4,3.15
9294393fcd13593bc537,2,24,18.9
9294393fcd13593bc537,3,5,3.94
9294393fcd13593bc537,4,0,0.0
9294393fcd13593bc537,5,5,3.94
9294393fcd13593bc537,6,0,0.0
9294393fcd13593bc537,7,13,10.24
9294393fcd13593bc537,8,16,12.6
9294393fcd13593bc537,9,9,7.09
9294393fcd13593bc537,10,4,3.15
9294393fcd13593bc537,11,10,7.87
9294393fcd13593bc537,12,11,8.66
9294393fcd13593bc537,13,10,7.87
9294393fcd13593bc537,14,10,7.87
9294393fcd13593bc537,15,3,2.36
9294393fcd13593bc537,16,0,0.0
9294393fcd13593bc537,17,0,0.0
9294393fcd13593bc537,18,0,0.0
9294393fcd13593bc537,19,0,0.0
9294393fcd13593bc537,20,0,0.0
9294393fcd13593bc537,21,0,0.0
9294393fcd13593bc537,22,0,0.0
9294393fcd13593bc537,23,0,0.0
31741464205aa8cdb4f5,0,5,4.17
31741464205aa8cdb4f5,1,1,0.83
31741464205aa8cdb4f5,2,0,0.0
31741464205aa8cdb4f5,3,3,2.5
31741464205aa8cdb4f5,4,7,5.83
31741464205aa8cdb4f5,5,4,3.33
31741464205aa8cdb4f5,6,9,7.5
31741464205aa8cdb4f5,7,8,6.67
31741464205aa8cdb4f5,8,13,10.83
31741464205aa8cdb4f5,9,5,4.17
31741464205aa8cdb4f5,10,11,9.17
31741464205aa8cdb4f5,11,12,10.0
31741464205aa8cdb4f5,12,19,15.83
31741464205aa8cdb4f5,13,5,4.17
31741464205aa8cdb4f5,14,13,10.83
31741464205aa8cdb4f5,15,5,4.17
31741464205aa8cdb4f5,16,0,0.0
31741464205aa8cdb4f5,17,0,0.0
31741464205aa8cdb4f5,18,0,0.0
31741464205aa8cdb4f5,19,0,0.0
31741464205aa8cdb4f5,20,0,0.0
31741464205aa8cdb4f5,21,0,0.0
31741464205aa8cdb4f5,22,0,0.0
31741464205aa8cdb4f5,23,0,0.0
c63d5a67687762a9f967,0,1,0.76
c63d5a67687762a9f967,1,5,3.82
c63d5a67687762a9f967,2,0,0.0
c63d5a67687762a9f967,3,10,7.63
c63d5a67687762a9f967,4,6,4.58
c63d5a67687762a9f967,5,0,0.0
c63d5a67687762a9f967,6,0,0.0
c63d5a67687762a9f967,7,7,5.34
c63d5a67687762a9f967,8,3,2.29
c63d5a67687762a9f967,9,1,0.76
c63d5a67687762a9f967,10,4,3.05
c63d5a67687762a9f967,11,26,19.85
c63d5a67687762a9f967,12,13,9.92
c63d5a67687762a9f967,13,1,0.76
c63d5a67687762a9f967,14,9,6.87
c63d5a67687762a9f967,15,24,18.32
c63d5a67687762a9f967,16,19,14.5
c63d5a67687762a9f967,17,2,1.53
c63d5a67687762a9f967,18,0,0.0
c63d5a67687762a9f967,19,0,0.0
c63d5a67687762a9f967,20,0,0.0
c63d5a67687762a9f967,21,0,0.0
c63d5a67687762a9f967,22,0,0.0
c63d5a67687762a9f967,23,0,0.0
ad29c5822807dabe497c,0,3,1.41
ad29c5822807dabe497c,1,24,11.27
ad29c5822807dabe497c,2,7,3.29
ad29c5822807dabe497c,3,2,0.94
ad29c5822807dabe497c,4,0,0.0
ad29c5822807dabe497c,5,0,0.0
ad29c5822807dabe497c,6,13,6.1
ad29c5822807dabe497c,7,8,3.76
ad29c5822807dabe497c,8,20,9.39
ad29c5822807dabe497c,9,12,5.63
ad29c5822807dabe497c,10,10,4.69
ad29c5822807dabe497c,11,26,12.21
ad29c5822807dabe497c,12,40,18.78
ad29c5822807dabe497c,13,38,17.84
ad29c5822807dabe497c,14,9,4.23
ad29c5822807dabe497c,15,0,0.0
ad29c5822807dabe497c,16,0,0.0
ad29c5822807dabe497c,17,0,0.0
ad29c5822807dabe497c,18,0,0.0
ad29c5822807dabe497c,19,0,0.0
ad29c5822807dabe497c,20,0,0.0
ad29c5822807dabe497c,21,0,0.0
ad29c5822807dabe497c,22,0,0.0
ad29c5822807dabe497c,23,1,0.47
6fefd33cf297f69bcae3,0,1,0.41
6fefd33cf297f69bcae3,1,7,2.85
6fefd33cf297f69bcae3,2,17,6.91
6fefd33cf297f69bcae3,3,8,3.25
6fefd33cf297f69bcae3,4,17,6.91
6fefd33cf297f69bcae3,5,17,6.91
6fefd33cf297f69bcae3,6,19,7.72
6fefd33cf297f69bcae3,7,32,13.01
6fefd33cf297f69bcae3,8,17,6.91
6fefd33cf297f69bcae3,9,19,7.72
6fefd33cf297f69bcae3,10,1,0.41
6fefd33cf297f69bcae3,11,24,9.76
6fefd33cf297f69bcae3,12,37,15.04
6fefd33cf297f69bcae3,13,8,3.25
6fefd33cf297f69bcae3,14,19,7.72
6fefd33cf297f69bcae3,15,3,1.22
6fefd33cf297f69bcae3,16,0,0.0
6fefd33cf297f69bcae3,17,0,0.0
6fefd33cf297f69bcae3,18,0,0.0
6fefd33cf297f69bcae3,19,0,0.0
6fefd33cf297f69bcae3,20,0,0.0
6fefd33cf297f69bcae3,21,0,0.0
6fefd33cf297f69bcae3,22,0,0.0
6fefd33cf297f69bcae3,23,0,0.0
17dda5f588bed077c742,0,0,0.0
17dda5f588bed077c742,1,4,1.83
17dda5f588bed077c742,2,12,5.5
17dda5f588bed077c742,3,22,10.09
17dda5f588bed077c742,4,2,0.92
17dda5f588bed077c742,5,20,9.17
17dda5f588bed077c742,6,11,5.05
17dda5f588bed077c742,7,12,5.5
17dda5f588bed077c742,8,18,8.26
17dda5f588bed077c742,9,9,4.13
17dda5f588bed077c742,10,7,3.21
17dda5f588bed077c742,11,30,13.76
17dda5f588bed077c742,12,31,14.22
17dda5f588bed077c742,13,20,9.17
17dda5f588bed077c742,14,19,8.72
17dda5f588bed077c742,15,0,0.0
17dda5f588bed077c742,16,0,0.0
17dda5f588bed077c742,17,0,0.0
17dda5f588bed077c742,18,0,0.0
17dda5f588bed077c742,19,0,0.0
17dda5f588bed077c742,20,0,0.0
17dda5f588bed077c742,21,0,0.0
17dda5f588bed077c742,22,0,0.0
17dda5f588bed077c742,23,1,0.46
6d90c2fd38f2ea52ffd8,0,18,17.31
6d90c2fd38f2ea52ffd8,1,5,4.81
6d90c2fd38f2ea52ffd8,2,0,0.0
6d90c2fd38f2ea52ffd8,3,4,3.85
6d90c2fd38f2ea52ffd8,4,11,10.58
6d90c2fd38f2ea52ffd8,5,2,1.92
6d90c2fd38f2ea52ffd8,6,8,7.69
6d90c2fd38f2ea52ffd8,7,7,6.73
6d90c2fd38f2ea52ffd8,8,3,2.88
6d90c2fd38f2ea52ffd8,9,0,0.0
6d90c2fd38f2ea52ffd8,10,16,15.38
6d90c2fd38f2ea52ffd8,11,12,11.54
6d90c2fd38f2ea52ffd8,12,14,13.46
6d90c2fd38f2ea52ffd8,13,1,0.96
6d90c2fd38f2ea52ffd8,14,3,2.88
6d90c2fd38f2ea52ffd8,15,0,0.0
6d90c2fd38f2ea52ffd8,16,0,0.0
6d90c2fd38f2ea52ffd8,17,0,0.0
6d90c2fd38f2ea52ffd8,18,0,0.0
6d90c2fd38f2ea52ffd8,19,0,0.0
6d90c2fd38f2ea52ffd8,20,0,0.0
6d90c2fd38f2ea52ffd8,21,0,0.0
6d90c2fd38f2ea52ffd8,22,0,0.0
6d90c2fd38f2ea52ffd8,23,0,0.0
fcf6463f948b24ac7cd8,0,0,0.0
fcf6463f948b24ac7cd8,1,31,36.05
fcf6463f948b24ac7cd8,2,3,3.49
fcf6463f948b24ac7cd8,3,9,10.47
fcf6463f948b24ac7cd8,4,0,0.0
fcf6463f948b24ac7cd8,5,0,0.0
fcf6463f948b24ac7cd8,6,0,0.0
fcf6463f948b24ac7cd8,7,0,0.0
fcf6463f948b24ac7cd8,8,3,3.49
fcf6463f948b24ac7cd8,9,0,0.0
fcf6463f948b24ac7cd8,10,3,3.49
fcf6463f948b24ac7cd8,11,12,13.95
fcf6463f948b24ac7cd8,12,0,0.0
fcf6463f948b24ac7cd8,13,5,5.81
fcf6463f948b24ac7cd8,14,0,0.0
fcf6463f948b24ac7cd8,15,12,13.95
fcf6463f948b24ac7cd8,16,0,0.0
fcf6463f948b24ac7cd8,17,0,0.0
fcf6463f948b24ac7cd8,18,0,0.0
fcf6463f948b24ac7cd8,19,0,0.0
fcf6463f948b24ac7cd8,20,0,0.0
fcf6463f948b24ac7cd8,21,0,0.0
fcf6463f948b24ac7cd8,22,2,2.33
fcf6463f948b24ac7cd8,23,6,6.98
d1df92e9d19fb2f22ebb,0,16,5.95
d1df92e9d19fb2f22ebb,1,27,10.04
d1df92e9d19fb2f22ebb,2,11,4.09
d1df92e9d19fb2f22ebb,3,6,2.23
d1df92e9d19fb2f22ebb,4,1,0.37
d1df92e9d19fb2f22ebb,5,7,2.6
d1df92e9d19fb2f22ebb,6,0,0.0
d1df92e9d19fb2f22ebb,7,4,1.49
d1df92e9d19fb2f22ebb,8,6,2.23
d1df92e9d19fb2f22ebb,9,18,6.69
d1df92e9d19fb2f22ebb,10,0,0.0
d1df92e9d19fb2f22ebb,11,10,3.72
d1df92e9d19fb2f22ebb,12,10,3.72
d1df92e9d19fb2f22ebb,13,14,5.2
d1df92e9d19fb2f22ebb,14,63,23.42
d1df92e9d19fb2f22ebb,15,27,10.04
d1df92e9d19fb2f22ebb,16,1,0.37
d1df92e9d19fb2f22ebb,17,0,0.0
d1df92e9d19fb2f22ebb,18,0,0.0
d1df92e9d19fb2f22ebb,19,0,0.0
d1df92e9d19fb2f22ebb,20,0,0.0
d1df92e9d19fb2f22ebb,21,0,0.0
d1df92e9d19fb2f22ebb,22,12,4.46
d1df92e9d19fb2f22ebb,23,36,13.38
72d383f55803c5a81bd6,0,12,7.74
72d383f55803c5a81bd6,1,5,3.23
72d383f55803c5a81bd6,2,8,5.16
72d383f55803c5a81bd6,3,5,3.23
72d383f55803c5a81bd6,4,0,0.0
72d383f55803c5a81bd6,5,22,14.19
72d383f55803c5a81bd6,6,4,2.58
72d383f55803c5a81bd6,7,17,10.97
72d383f55803c5a81bd6,8,16,10.32
72d383f55803c5a81bd6,9,2,1.29
72d383f55803c5a81bd6,10,5,3.23
72d383f55803c5a81bd6,11,8,5.16
72d383f55803c5a81bd6,12,11,7.1
72d383f55803c5a81bd6,13,9,5.81
72d383f55803c5a81bd6,14,22,14.19
72d383f55803c5a81bd6,15,9,5.81
72d383f55803c5a81bd6,16,0,0.0
72d383f55803c5a81bd6,17,0,0.0
72d383f55803c5a81bd6,18,0,0.0
72d383f55803c5a81bd6,19,0,0.0
72d383f55803c5a81bd6,20,0,0.0
72d383f55803c5a81bd6,21,0,0.0
72d383f55803c5a81bd6,22,0,0.0
72d383f55803c5a81bd6,23,0,0.0
c20c86d30d19b39745e2,0,8,7.08
c20c86d30d19b39745e2,1,6,5.31
c20c86d30d19b39745e2,2,5,4.42
c20c86d30d19b39745e2,3,2,1.77
c20c86d30d19b39745e2,4,2,1.77
c20c86d30d19b39745e2,5,0,0.0
c20c86d30d19b39745e2,6,2,1.77
c20c86d30d19b39745e2,7,4,3.54
c20c86d30d19b39745e2,8,16,14.16
c20c86d30d19b39745e2,9,0,0.0
c20c86d30d19b39745e2,10,0,0.0
c20c86d30d19b39745e2,11,4,3.54
c20c86d30d19b39745e2,12,16,14.16
c20c86d30d19b39745e2,13,3,2.65
c20c86d30d19b39745e2,14,5,4.42
c20c86d30d19b39745e2,15,18,15.93
c20c86d30d19b39745e2,16,11,9.73
c20c86d30d19b39745e2,17,1,0.88
c20c86d30d19b39745e2,18,0,0.0
c20c86d30d19b39745e2,19,0,0.0
c20c86d30d19b39745e2,20,0,0.0
c20c86d30d19b39745e2,21,0,0.0
c20c86d30d19b39745e2,22,0,0.0
c20c86d30d19b39745e2,23,10,8.85
f26c1d520ac39293c68a,0,2,0.75
f26c1d520ac39293c68a,1,0,0.0
f26c1d520ac39293c68a,2,2,0.75
f26c1d520ac39293c68a,3,0,0.0
f26c1d520ac39293c68a,4,4,1.5
f26c1d520ac39293c68a,5,15,5.62
f26c1d520ac39293c68a,6,0,0.0
f26c1d520ac39293c68a,7,16,5.99
f26c1d520ac39293c68a,8,26,9.74
f26c1d520ac39293c68a,9,25,9.36
f26c1d520ac39293c68a,10,19,7.12
f26c1d520ac39293c68a,11,77,28.84
f26c1d520ac39293c68a,12,47,17.6
f26c1d520ac39293c68a,13,16,5.99
f26c1d520ac39293c68a,14,12,4.49
f26c1d520ac39293c68a,15,5,1.87
f26c1d520ac39293c68a,16,0,0.0
f26c1d520ac39293c68a,17,0,0.0
f26c1d520ac39293c68a,18,0,0.0
f26c1d520ac39293c68a,19,0,0.0
f26c1d520ac39293c68a,20,0,0.0
f26c1d520ac39293c68a,21,0,0.0
f26c1d520ac39293c68a,22,0,0.0
f26c1d520ac39293c68a,23,1,0.37
bc48d03763657ec4aa63,0,5,2.5
bc48d03763657ec4aa63,1,11,5.5
bc48d03763657ec4aa63,2,15,7.5
bc48d03763657ec4aa63,3,28,14.0
bc48d03763657ec4aa63,4,9,4.5
bc48d03763657ec4aa63,5,14,7.0
bc48d03763657ec4aa63,6,2,1.0
bc48d03763657ec4aa63,7,4,2.0
bc48d03763657ec4aa63,8,19,9.5
bc48d03763657ec4aa63,9,12,6.0
bc48d03763657ec4aa63,10,17,8.5
bc48d03763657ec4aa63,11,21,10.5
bc48d03763657ec4aa63,12,5,2.5
bc48d03763657ec4aa63,13,9,4.5
bc48d03763657ec4aa63,14,14,7.0
bc48d03763657ec4aa63,15,7,3.5
bc48d03763657ec4aa63,16,8,4.0
bc48d03763657ec4aa63,17,0,0.0
bc48d03763657ec4aa63,18,0,0.0
bc48d03763657ec4aa63,19,0,0.0
bc48d03763657ec4aa63,20,0,0.0
bc48d03763657ec4aa63,21,0,0.0
bc48d03763657ec4aa63,22,0,0.0
bc48d03763657ec4aa63,23,0,0.0
09e4bfadd7e012c37c7c,0,4,3.85
09e4bfadd7e012c37c7c,1,10,9.62
09e4bfadd7e012c37c7c,2,0,0.0
09e4bfadd7e012c37c7c,3,5,4.81
09e4bfadd7e012c37c7c,4,0,0.0
09e4bfadd7e012c37c7c,5,7,6.73
09e4bfadd7e012c37c7c,6,1,0.96
09e4bfadd7e012c37c7c,7,0,0.0
09e4bfadd7e012c37c7c,8,15,14.42
09e4bfadd7e012c37c7c,9,4,3.85
09e4bfadd7e012c37c7c,10,24,23.08
09e4bfadd7e012c37c7c,11,14,13.46
09e4bfadd7e012c37c7c,12,6,5.77
09e4bfadd7e012c37c7c,13,0,0.0
09e4bfadd7e012c37c7c,14,0,0.0
09e4bfadd7e012c37c7c,15,2,1.92
09e4bfadd7e012c37c7c,16,12,11.54
09e4bfadd7e012c37c7c,17,0,0.0
09e4bfadd7e012c37c7c,18,0,0.0
09e4bfadd7e012c37c7c,19,0,0.0
09e4bfadd7e012c37c7c,20,0,0.0
09e4bfadd7e012c37c7c,21,0,0.0
09e4bfadd7e012c37c7c,22,0,0.0
09e4bfadd7e012c37c7c,23,0,0.0
fc39de3859d890b9693d,0,0,0.0
fc39de3859d890b9693d,1,0,0.0
fc39de3859d890b9693d,2,0,0.0
fc39de3859d890b9693d,3,0,0.0
fc39de3859d890b9693d,4,4,2.86
fc39de3859d890b9693d,5,0,0.0
fc39de3859d890b9693d,6,10,7.14
fc39de3859d890b9693d,7,12,8.57
fc39de3859d890b9693d,8,3,2.14
fc39de3859d890b9693d,9,10,7.14
fc39de3859d890b9693d,10,17,12.14
fc39de3859d890b9693d,11,16,11.43
fc39de3859d890b9693d,12,13,9.29
fc39de3859d890b9693d,13,28,20.0
fc39de3859d890b9693d,14,27,19.29
fc39de3859d890b9693d,15,0,0.0
fc39de3859d890b9693d,16,0,0.0
fc39de3859d890b9693d,17,0,0.0
fc39de3859d890b9693d,18,0,0.0
fc39de3859d890b9693d,19,0,0.0
fc39de3859d890b9693d,20,0,0.0
fc39de3859d890b9693d,21,0,0.0
fc39de3859d890b9693d,22,0,0.0
fc39de3859d890b9693d,23,0,0.0
a94a32ebd5f7d177053a,0,0,0.0
a94a32ebd5f7d177053a,1,7,4.9
a94a32ebd5f7d177053a,2,0,0.0
a94a32ebd5f7d177053a,3,7,4.9
a94a32ebd5f7d177053a,4,0,0.0
a94a32ebd5f7d177053a,5,3,2.1
a94a32ebd5f7d177053a,6,12,8.39
a94a32ebd5f7d177053a,7,17,11.89
a94a32ebd5f7d177053a,8,20,13.99
a94a32ebd5f7d177053a,9,0,0.0
a94a32ebd5f7d177053a,10,3,2.1
a94a32ebd5f7d177053a,11,17,11.89
a94a32ebd5f7d177053a,12,23,16.08
a94a32ebd5f7d177053a,13,20,13.99
a94a32ebd5f7d177053a,14,10,6.99
a94a32ebd5f7d177053a,15,4,2.8
a94a32ebd5f7d177053a,16,0,0.0
a94a32ebd5f7d177053a,17,0,0.0
a94a32ebd5f7d177053a,18,0,0.0
a94a32ebd5f7d177053a,19,0,0.0
a94a32ebd5f7d177053a,20,0,0.0
a94a32ebd5f7d177053a,21,0,0.0
a94a32ebd5f7d177053a,22,0,0.0
a94a32ebd5f7d177053a,23,0,0.0
9b43f5fcb5d592a689af,0,1,0.73
9b43f5fcb5d592a689af,1,3,2.19
9b43f5fcb5d592a689af,2,0,0.0
9b43f5fcb5d592a689af,3,0,0.0
9b43f5fcb5d592a689af,4,0,0.0
9b43f5fcb5d592a689af,5,0,0.0
9b43f5fcb5d592a689af,6,3,2.19
9b43f5fcb5d592a689af,7,8,5.84
9b43f5fcb5d592a689af,8,2,1.46
9b43f5fcb5d592a689af,9,11,8.03
9b43f5fcb5d592a689af,10,35,25.55
9b43f5fcb5d592a689af,11,29,21.17
9b43f5fcb5d592a689af,12,14,10.22
9b43f5fcb5d592a689af,13,3,2.19
9b43f5fcb5d592a689af,14,19,13.87
9b43f5fcb5d592a689af,15,9,6.57
9b43f5fcb5d592a689af,16,0,0.0
9b43f5fcb5d592a689af,17,0,0.0
9b43f5fcb5d592a689af,18,0,0.0
9b43f5fcb5d592a689af,19,0,0.0
9b43f5fcb5d592a689af,20,0,0.0
9b43f5fcb5d592a689af,21,0,0.0
9b43f5fcb5d592a689af,22,0,0.0
9b43f5fcb5d592a689af,23,0,0.0
b26aab632fd33a01020a,0,2,1.9
b26aab632fd33a01020a,1,6,5.71
b26aab632fd33a01020a,2,2,1.9
b26aab632fd33a01020a,3,0,0.0
b26aab632fd33a01020a,4,0,0.0
b26aab632fd33a01020a,5,2,1.9
b26aab632fd33a01020a,6,9,8.57
b26aab632fd33a01020a,7,6,5.71
b26aab632fd33a01020a,8,9,8.57
b26aab632fd33a01020a,9,9,8.57
b26aab632fd33a01020a,10,11,10.48
b26aab632fd33a01020a,11,6,5.71
b26aab632fd33a01020a,12,12,11.43
b26aab632fd33a01020a,13,2,1.9
b26aab632fd33a01020a,14,6,5.71
b26aab632fd33a01020a,15,23,21.9
b26aab632fd33a01020a,16,0,0.0
b26aab632fd33a01020a,17,0,0.0
b26aab632fd33a01020a,18,0,0.0
b26aab632fd33a01020a,19,0,0.0
b26aab632fd33a01020a,20,0,0.0
b26aab632fd33a01020a,21,0,0.0
b26aab632fd33a01020a,22,0,0.0
b26aab632fd33a01020a,23,0,0.0
074d7f43de7264306775,0,2,1.27
074d7f43de7264306775,1,12,7.64
074d7f43de7264306775,2,1,0.64
074d7f43de7264306775,3,0,0.0
074d7f43de7264306775,4,0,0.0
074d7f43de7264306775,5,3,1.91
074d7f43de7264306775,6,0,0.0
074d7f43de7264306775,7,0,0.0
074d7f43de7264306775,8,0,0.0
074d7f43de7264306775,9,0,0.0
074d7f43de7264306775,10,22,14.01
074d7f43de7264306775,11,34,21.66
074d7f43de7264306775,12,44,28.03
074d7f43de7264306775,13,11,7.01
074d7f43de7264306775,14,12,7.64
074d7f43de7264306775,15,14,8.92
074d7f43de7264306775,16,2,1.27
074d7f43de7264306775,17,0,0.0
074d7f43de7264306775,18,0,0.0
074d7f43de7264306775,19,0,0.0
074d7f43de7264306775,20,0,0.0
074d7f43de7264306775,21,0,0.0
074d7f43de7264306775,22,0,0.0
074d7f43de7264306775,23,0,0.0
fabad359607dabbaaed4,0,0,0.0
fabad359607dabbaaed4,1,0,0.0
fabad359607dabbaaed4,2,0,0.0
fabad359607dabbaaed4,3,6,6.38
fabad359607dabbaaed4,4,0,0.0
fabad359607dabbaaed4,5,1,1.06
fabad359607dabbaaed4,6,0,0.0
fabad359607dabbaaed4,7,7,7.45
fabad359607dabbaaed4,8,2,2.13
fabad359607dabbaaed4,9,13,13.83
fabad359607dabbaaed4,10,16,17.02
fabad359607dabbaaed4,11,8,8.51
fabad359607dabbaaed4,12,7,7.45
fabad359607dabbaaed4,13,15,15.96
fabad359607dabbaaed4,14,7,7.45
fabad359607dabbaaed4,15,12,12.77
fabad359607dabbaaed4,16,0,0.0
fabad359607dabbaaed4,17,0,0.0
fabad359607dabbaaed4,18,0,0.0
fabad359607dabbaaed4,19,0,0.0
fabad359607dabbaaed4,20,0,0.0
fabad359607dabbaaed4,21,0,0.0
fabad359607dabbaaed4,22,0,0.0
fabad359607dabbaaed4,23,0,0.0
d6d6e7da792fdf0106f0,0,0,0.0
d6d6e7da792fdf0106f0,1,1,1.11
d6d6e7da792fdf0106f0,2,0,0.0
d6d6e7da792fdf0106f0,3,1,1.11
d6d6e7da792fdf0106f0,4,2,2.22
d6d6e7da792fdf0106f0,5,4,4.44
d6d6e7da792fdf0106f0,6,1,1.11
d6d6e7da792fdf0106f0,7,3,3.33
d6d6e7da792fdf0106f0,8,10,11.11
d6d6e7da792fdf0106f0,9,6,6.67
d6d6e7da792fdf0106f0,10,30,33.33
d6d6e7da792fdf0106f0,11,10,11.11
d6d6e7da792fdf0106f0,12,12,13.33
d6d6e7da792fdf0106f0,13,1,1.11
d6d6e7da792fdf0106f0,14,0,0.0
d6d6e7da792fdf0106f0,15,9,10.0
d6d6e7da792fdf0106f0,16,0,0.0
d6d6e7da792fdf0106f0,17,0,0.0
d6d6e7da792fdf0106f0,18,0,0.0
d6d6e7da792fdf0106f0,19,0,0.0
d6d6e7da792fdf0106f0,20,0,0.0
d6d6e7da792fdf0106f0,21,0,0.0
d6d6e7da792fdf0106f0,22,0,0.0
d6d6e7da792fdf0106f0,23,0,0.0
e6b9a4292b6a8e8e0ef0,0,0,0.0
e6b9a4292b6a8e8e0ef0,1,0,0.0
e6b9a4292b6a8e8e0ef0,2,0,0.0
e6b9a4292b6a8e8e0ef0,3,0,0.0
e6b9a4292b6a8e8e0ef0,4,0,0.0
e6b9a4292b6a8e8e0ef0,5,0,0.0
e6b9a4292b6a8e8e0ef0,6,0,0.0
e6b9a4292b6a8e8e0ef0,7,0,0.0
e6b9a4292b6a8e8e0ef0,8,0,0.0
e6b9a4292b6a8e8e0ef0,9,0,0.0
e6b9a4292b6a8e8e0ef0,10,4,8.51
e6b9a4292b6a8e8e0ef0,11,2,4.26
e6b9a4292b6a8e8e0ef0,12,8,17.02
e6b9a4292b6a8e8e0ef0,13,16,34.04
e6b9a4292b6a8e8e0ef0,14,17,36.17
e6b9a4292b6a8e8e0ef0,15,0,0.0
e6b9a4292b6a8e8e0ef0,16,0,0.0
e6b9a4292b6a8e8e0ef0,17,0,0.0
e6b9a4292b6a8e8e0ef0,18,0,0.0
e6b9a4292b6a8e8e0ef0,19,0,0.0
e6b9a4292b6a8e8e0ef0,20,0,0.0
e6b9a4292b6a8e8e0ef0,21,0,0.0
e6b9a4292b6a8e8e0ef0,22,0,0.0
e6b9a4292b6a8e8e0ef0,23,0,0.0
9493dac6dc982d2b3dbe,0,6,2.05
9493dac6dc982d2b3dbe,1,11,3.75
9493dac6dc982d2b3dbe,2,29,9.9
9493dac6dc982d2b3dbe,3,14,4.78
9493dac6dc982d2b3dbe,4,8,2.73
9493dac6dc982d2b3dbe,5,1,0.34
9493dac6dc982d2b3dbe,6,14,4.78
9493dac6dc982d2b3dbe,7,25,8.53
9493dac6dc982d2b3dbe,8,27,9.22
9493dac6dc982d2b3dbe,9,12,4.1
9493dac6dc982d2b3dbe,10,1,0.34
9493dac6dc982d2b3dbe,11,12,4.1
9493dac6dc982d2b3dbe,12,20,6.83
9493dac6dc982d2b3dbe,13,10,3.41
9493dac6dc982d2b3dbe,14,38,12.97
9493dac6dc982d2b3dbe,15,22,7.51
9493dac6dc982d2b3dbe,16,31,10.58
9493dac6dc982d2b3dbe,17,12,4.1
9493dac6dc982d2b3dbe,18,0,0.0
9493dac6dc982d2b3dbe,19,0,0.0
9493dac6dc982d2b3dbe,20,0,0.0
9493dac6dc982d2b3dbe,21,0,0.0
9493dac6dc982d2b3dbe,22,0,0.0
9493dac6dc982d2b3dbe,23,0,0.0
9104b8987aefa9d8e884,0,12,13.95
9104b8987aefa9d8e884,1,11,12.79
9104b8987aefa9d8e884,2,11,12.79
9104b8987aefa9d8e884,3,12,13.95
9104b8987aefa9d8e884,4,0,0.0
9104b8987aefa9d8e884,5,9,10.47
9104b8987aefa9d8e884,6,10,11.63
9104b8987aefa9d8e884,7,13,15.12
9104b8987aefa9d8e884,8,0,0.0
9104b8987aefa9d8e884,9,0,0.0
9104b8987aefa9d8e884,10,0,0.0
9104b8987aefa9d8e884,11,0,0.0
9104b8987aefa9d8e884,12,0,0.0
9104b8987aefa9d8e884,13,7,8.14
9104b8987aefa9d8e884,14,1,1.16
9104b8987aefa9d8e884,15,0,0.0
9104b8987aefa9d8e884,16,0,0.0
9104b8987aefa9d8e884,17,0,0.0
9104b8987aefa9d8e884,18,0,0.0
9104b8987aefa9d8e884,19,0,0.0
9104b8987aefa9d8e884,20,0,0.0
9104b8987aefa9d8e884,21,0,0.0
9104b8987aefa9d8e884,22,0,0.0
9104b8987aefa9d8e884,23,0,0.0
7ec5fc60b1ce755e0e17,0,15,5.93
7ec5fc60b1ce755e0e17,1,8,3.16
7ec5fc60b1ce755e0e17,2,8,3.16
7ec5fc60b1ce755e0e17,3,15,5.93
7ec5fc60b1ce755e0e17,4,19,7.51
7ec5fc60b1ce755e0e17,5,0,0.0
7ec5fc60b1ce755e0e17,6,3,1.19
7ec5fc60b1ce755e0e17,7,21,8.3
7ec5fc60b1ce755e0e17,8,7,2.77
7ec5fc60b1ce755e0e17,9,7,2.77
7ec5fc60b1ce755e0e17,10,39,15.42
7ec5fc60b1ce755e0e17,11,32,12.65
7ec5fc60b1ce755e0e17,12,17,6.72
7ec5fc60b1ce755e0e17,13,14,5.53
7ec5fc60b1ce755e0e17,14,17,6.72
7ec5fc60b1ce755e0e17,15,20,7.91
7ec5fc60b1ce755e0e17,16,7,2.77
7ec5fc60b1ce755e0e17,17,0,0.0
7ec5fc60b1ce755e0e17,18,0,0.0
7ec5fc60b1ce755e0e17,19,0,0.0
7ec5fc60b1ce755e0e17,20,0,0.0
7ec5fc60b1ce755e0e17,21,0,0.0
7ec5fc60b1ce755e0e17,22,0,0.0
7ec5fc60b1ce755e0e17,23,4,1.58
24ca7714d40e2fe53821,0,1,0.94
24ca7714d40e2fe53821,1,6,5.66
24ca7714d40e2fe53821,2,0,0.0
24ca7714d40e2fe53821,3,0,0.0
24ca7714d40e2fe53821,4,1,0.94
24ca7714d40e2fe53821,5,0,0.0
24ca7714d40e2fe53821,6,0,0.0
24ca7714d40e2fe53821,7,0,0.0
24ca7714d40e2fe53821,8,11,10.38
24ca7714d40e2fe53821,9,21,19.81
24ca7714d40e2fe53821,10,13,12.26
24ca7714d40e2fe53821,11,2,1.89
24ca7714d40e2fe53821,12,30,28.3
24ca7714d40e2fe53821,13,1,0.94
24ca7714d40e2fe53821,14,18,16.98
24ca7714d40e2fe53821,15,2,1.89
24ca7714d40e2fe53821,16,0,0.0
24ca7714d40e2fe53821,17,0,0.0
24ca7714d40e2fe53821,18,0,0.0
24ca7714d40e2fe53821,19,0,0.0
24ca7714d40e2fe53821,20,0,0.0
24ca7714d40e2fe53821,21,0,0.0
24ca7714d40e2fe53821,22,0,0.0
24ca7714d40e2fe53821,23,0,0.0
16c505069c1e5c2bece5,0,0,0.0
16c505069c1e5c2bece5,1,9,16.07
16c505069c1e5c2bece5,2,0,0.0
16c505069c1e5c2bece5,3,0,0.0
16c505069c1e5c2bece5,4,0,0.0
16c505069c1e5c2bece5,5,0,0.0
16c505069c1e5c2bece5,6,0,0.0
16c505069c1e5c2bece5,7,0,0.0
16c505069c1e5c2bece5,8,0,0.0
16c505069c1e5c2bece5,9,0,0.0
16c505069c1e5c2bece5,10,0,0.0
16c505069c1e5c2bece5,11,0,0.0
16c505069c1e5c2bece5,12,0,0.0
16c505069c1e5c2bece5,13,0,0.0
16c505069c1e5c2bece5,14,7,12.5
16c505069c1e5c2bece5,15,37,66.07
16c505069c1e5c2bece5,16,3,5.36
16c505069c1e5c2bece5,17,0,0.0
16c505069c1e5c2bece5,18,0,0.0
16c505069c1e5c2bece5,19,0,0.0
16c505069c1e5c2bece5,20,0,0.0
16c505069c1e5c2bece5,21,0,0.0
16c505069c1e5c2bece5,22,0,0.0
16c505069c1e5c2bece5,23,0,0.0
69a4b3d15a5bf0d0e43e,0,0,0.0
69a4b3d15a5bf0d0e43e,1,0,0.0
69a4b3d15a5bf0d0e43e,2,0,0.0
69a4b3d15a5bf0d0e43e,3,0,0.0
69a4b3d15a5bf0d0e43e,4,0,0.0
69a4b3d15a5bf0d0e43e,5,0,0.0
69a4b3d15a5bf0d0e43e,6,0,0.0
69a4b3d15a5bf0d0e43e,7,0,0.0
69a4b3d15a5bf0d0e43e,8,0,0.0
69a4b3d15a5bf0d0e43e,9,1,0.65
69a4b3d15a5bf0d0e43e,10,10,6.45
69a4b3d15a5bf0d0e43e,11,0,0.0
69a4b3d15a5bf0d0e43e,12,6,3.87
69a4b3d15a5bf0d0e43e,13,13,8.39
69a4b3d15a5bf0d0e43e,14,23,14.84
69a4b3d15a5bf0d0e43e,15,33,21.29
69a4b3d15a5bf0d0e43e,16,27,17.42
69a4b3d15a5bf0d0e43e,17,8,5.16
69a4b3d15a5bf0d0e43e,18,12,7.74
69a4b3d15a5bf0d0e43e,19,21,13.55
69a4b3d15a5bf0d0e43e,20,1,0.65
69a4b3d15a5bf0d0e43e,21,0,0.0
69a4b3d15a5bf0d0e43e,22,0,0.0
69a4b3d15a5bf0d0e43e,23,0,0.0
6abeead45fd57abadaff,0,1,0.85
6abeead45fd57abadaff,1,0,0.0
6abeead45fd57abadaff,2,11,9.32
6abeead45fd57abadaff,3,7,5.93
6abeead45fd57abadaff,4,0,0.0
6abeead45fd57abadaff,5,0,0.0
6abeead45fd57abadaff,6,0,0.0
6abeead45fd57abadaff,7,21,17.8
6abeead45fd57abadaff,8,12,10.17
6abeead45fd57abadaff,9,2,1.69
6abeead45fd57abadaff,10,0,0.0
6abeead45fd57abadaff,11,18,15.25
6abeead45fd57abadaff,12,13,11.02
6abeead45fd57abadaff,13,6,5.08
6abeead45fd57abadaff,14,12,10.17
6abeead45fd57abadaff,15,13,11.02
6abeead45fd57abadaff,16,2,1.69
6abeead45fd57abadaff,17,0,0.0
6abeead45fd57abadaff,18,0,0.0
6abeead45fd57abadaff,19,0,0.0
6abeead45fd57abadaff,20,0,0.0
6abeead45fd57abadaff,21,0,0.0
6abeead45fd57abadaff,22,0,0.0
6abeead45fd57abadaff,23,0,0.0
5e89fad73b2ada2a30bf,0,0,0.0
5e89fad73b2ada2a30bf,1,0,0.0
5e89fad73b2ada2a30bf,2,0,0.0
5e89fad73b2ada2a30bf,3,2,1.71
5e89fad73b2ada2a30bf,4,3,2.56
5e89fad73b2ada2a30bf,5,0,0.0
5e89fad73b2ada2a30bf,6,3,2.56
5e89fad73b2ada2a30bf,7,7,5.98
5e89fad73b2ada2a30bf,8,6,5.13
5e89fad73b2ada2a30bf,9,4,3.42
5e89fad73b2ada2a30bf,10,11,9.4
5e89fad73b2ada2a30bf,11,7,5.98
5e89fad73b2ada2a30bf,12,6,5.13
5e89fad73b2ada2a30bf,13,9,7.69
5e89fad73b2ada2a30bf,14,14,11.97
5e89fad73b2ada2a30bf,15,27,23.08
5e89fad73b2ada2a30bf,16,5,4.27
5e89fad73b2ada2a30bf,17,12,10.26
5e89fad73b2ada2a30bf,18,0,0.0
5e89fad73b2ada2a30bf,19,0,0.0
5e89fad73b2ada2a30bf,20,0,0.0
5e89fad73b2ada2a30bf,21,0,0.0
5e89fad73b2ada2a30bf,22,0,0.0
5e89fad73b2ada2a30bf,23,1,0.85
94066a900026329cd5cd,0,0,0.0
94066a900026329cd5cd,1,0,0.0
94066a900026329cd5cd,2,4,2.01
94066a900026329cd5cd,3,16,8.04
94066a900026329cd5cd,4,11,5.53
94066a900026329cd5cd,5,3,1.51
94066a900026329cd5cd,6,7,3.52
94066a900026329cd5cd,7,10,5.03
94066a900026329cd5cd,8,23,11.56
94066a900026329cd5cd,9,23,11.56
94066a900026329cd5cd,10,5,2.51
94066a900026329cd5cd,11,12,6.03
94066a900026329cd5cd,12,28,14.07
94066a900026329cd5cd,13,17,8.54
94066a900026329cd5cd,14,13,6.53
94066a900026329cd5cd,15,26,13.07
94066a900026329cd5cd,16,0,0.0
94066a900026329cd5cd,17,0,0.0
94066a900026329cd5cd,18,0,0.0
94066a900026329cd5cd,19,0,0.0
94066a900026329cd5cd,20,0,0.0
94066a900026329cd5cd,21,0,0.0
94066a900026329cd5cd,22,0,0.0
94066a900026329cd5cd,23,1,0.5
0bb8692f43a372e8d967,0,1,1.04
0bb8692f43a372e8d967,1,13,13.54
0bb8692f43a372e8d967,2,0,0.0
0bb8692f43a372e8d967,3,3,3.12
0bb8692f43a372e8d967,4,2,2.08
0bb8692f43a372e8d967,5,5,5.21
0bb8692f43a372e8d967,6,3,3.12
0bb8692f43a372e8d967,7,6,6.25
0bb8692f43a372e8d967,8,6,6.25
0bb8692f43a372e8d967,9,17,17.71
0bb8692f43a372e8d967,10,0,0.0
0bb8692f43a372e8d967,11,8,8.33
0bb8692f43a372e8d967,12,13,13.54
0bb8692f43a372e8d967,13,9,9.38
0bb8692f43a372e8d967,14,9,9.38
0bb8692f43a372e8d967,15,1,1.04
0bb8692f43a372e8d967,16,0,0.0
0bb8692f43a372e8d967,17,0,0.0
0bb8692f43a372e8d967,18,0,0.0
0bb8692f43a372e8d967,19,0,0.0
0bb8692f43a372e8d967,20,0,0.0
0bb8692f43a372e8d967,21,0,0.0
0bb8692f43a372e8d967,22,0,0.0
0bb8692f43a372e8d967,23,0,0.0
e224221a9971f9f45489,0,0,0.0
e224221a9971f9f45489,1,16,9.82
e224221a9971f9f45489,2,1,0.61
e224221a9971f9f45489,3,0,0.0
e224221a9971f9f45489,4,8,4.91
e224221a9971f9f45489,5,0,0.0
e224221a9971f9f45489,6,4,2.45
e224221a9971f9f45489,7,6,3.68
e224221a9971f9f45489,8,5,3.07
e224221a9971f9f45489,9,5,3.07
e224221a9971f9f45489,10,5,3.07
e224221a9971f9f45489,11,25,15.34
e224221a9971f9f45489,12,8,4.91
e224221a9971f9f45489,13,20,12.27
e224221a9971f9f45489,14,49,30.06
e224221a9971f9f45489,15,11,6.75
e224221a9971f9f45489,16,0,0.0
e224221a9971f9f45489,17,0,0.0
e224221a9971f9f45489,18,0,0.0
e224221a9971f9f45489,19,0,0.0
e224221a9971f9f45489,20,0,0.0
e224221a9971f9f45489,21,0,0.0
e224221a9971f9f45489,22,0,0.0
e224221a9971f9f45489,23,0,0.0
c42aff1f9940e24491cc,0,20,23.53
c42aff1f9940e24491cc,1,10,11.76
c42aff1f9940e24491cc,2,6,7.06
c42aff1f9940e24491cc,3,1,1.18
c42aff1f9940e24491cc,4,0,0.0
c42aff1f9940e24491cc,5,0,0.0
c42aff1f9940e24491cc,6,0,0.0
c42aff1f9940e24491cc,7,6,7.06
c42aff1f9940e24491cc,8,0,0.0
c42aff1f9940e24491cc,9,3,3.53
c42aff1f9940e24491cc,10,19,22.35
c42aff1f9940e24491cc,11,9,10.59
c42aff1f9940e24491cc,12,0,0.0
c42aff1f9940e24491cc,13,0,0.0
c42aff1f9940e24491cc,14,6,7.06
c42aff1f9940e24491cc,15,4,4.71
c42aff1f9940e24491cc,16,0,0.0
c42aff1f9940e24491cc,17,0,0.0
c42aff1f9940e24491cc,18,0,0.0
c42aff1f9940e24491cc,19,0,0.0
c42aff1f9940e24491cc,20,0,0.0
c42aff1f9940e24491cc,21,0,0.0
c42aff1f9940e24491cc,22,0,0.0
c42aff1f9940e24491cc,23,1,1.18
a34fbbb7d9a19eb82450,0,0,0.0
a34fbbb7d9a19eb82450,1,2,2.17
a34fbbb7d9a19eb82450,2,1,1.09
a34fbbb7d9a19eb82450,3,0,0.0
a34fbbb7d9a19eb82450,4,7,7.61
a34fbbb7d9a19eb82450,5,5,5.43
a34fbbb7d9a19eb82450,6,9,9.78
a34fbbb7d9a19eb82450,7,1,1.09
a34fbbb7d9a19eb82450,8,1,1.09
a34fbbb7d9a19eb82450,9,4,4.35
a34fbbb7d9a19eb82450,10,4,4.35
a34fbbb7d9a19eb82450,11,4,4.35
a34fbbb7d9a19eb82450,12,1,1.09
a34fbbb7d9a19eb82450,13,15,16.3
a34fbbb7d9a19eb82450,14,8,8.7
a34fbbb7d9a19eb82450,15,23,25.0
a34fbbb7d9a19eb82450,16,7,7.61
a34fbbb7d9a19eb82450,17,0,0.0
a34fbbb7d9a19eb82450,18,0,0.0
a34fbbb7d9a19eb82450,19,0,0.0
a34fbbb7d9a19eb82450,20,0,0.0
a34fbbb7d9a19eb82450,21,0,0.0
a34fbbb7d9a19eb82450,22,0,0.0
a34fbbb7d9a19eb82450,23,0,0.0
3c71b62d597098c4cd18,0,1,1.15
3c71b62d597098c4cd18,1,14,16.09
3c71b62d597098c4cd18,2,1,1.15
3c71b62d597098c4cd18,3,0,0.0
3c71b62d597098c4cd18,4,0,0.0
3c71b62d597098c4cd18,5,1,1.15
3c71b62d597098c4cd18,6,1,1.15
3c71b62d597098c4cd18,7,0,0.0
3c71b62d597098c4cd18,8,9,10.34
3c71b62d597098c4cd18,9,9,10.34
3c71b62d597098c4cd18,10,8,9.2
3c71b62d597098c4cd18,11,8,9.2
3c71b62d597098c4cd18,12,5,5.75
3c71b62d597098c4cd18,13,14,16.09
3c71b62d597098c4cd18,14,4,4.6
3c71b62d597098c4cd18,15,0,0.0
3c71b62d597098c4cd18,16,11,12.64
3c71b62d597098c4cd18,17,0,0.0
3c71b62d597098c4cd18,18,0,0.0
3c71b62d597098c4cd18,19,0,0.0
3c71b62d597098c4cd18,20,0,0.0
3c71b62d597098c4cd18,21,0,0.0
3c71b62d597098c4cd18,22,0,0.0
3c71b62d597098c4cd18,23,1,1.15
43d34a076620e32fedfa,0,0,0.0
43d34a076620e32fedfa,1,4,2.48
43d34a076620e32fedfa,2,5,3.11
43d34a076620e32fedfa,3,0,0.0
43d34a076620e32fedfa,4,5,3.11
43d34a076620e32fedfa,5,1,0.62
43d34a076620e32fedfa,6,15,9.32
43d34a076620e32fedfa,7,10,6.21
43d34a076620e32fedfa,8,6,3.73
43d34a076620e32fedfa,9,2,1.24
43d34a076620e32fedfa,10,14,8.7
43d34a076620e32fedfa,11,29,18.01
43d34a076620e32fedfa,12,28,17.39
43d34a076620e32fedfa,13,21,13.04
43d34a076620e32fedfa,14,12,7.45
43d34a076620e32fedfa,15,9,5.59
43d34a076620e32fedfa,16,0,0.0
43d34a076620e32fedfa,17,0,0.0
43d34a076620e32fedfa,18,0,0.0
43d34a076620e32fedfa,19,0,0.0
43d34a076620e32fedfa,20,0,0.0
43d34a076620e32fedfa,21,0,0.0
43d34a076620e32fedfa,22,0,0.0
43d34a076620e32fedfa,23,0,0.0
eec0307b4d47609d6933,0,0,0.0
eec0307b4d47609d6933,1,9,3.32
eec0307b4d47609d6933,2,5,1.85
eec0307b4d47609d6933,3,7,2.58
eec0307b4d47609d6933,4,9,3.32
eec0307b4d47609d6933,5,4,1.48
eec0307b4d47609d6933,6,4,1.48
eec0307b4d47609d6933,7,30,11.07
eec0307b4d47609d6933,8,33,12.18
eec0307b4d47609d6933,9,3,1.11
eec0307b4d47609d6933,10,1,0.37
eec0307b4d47609d6933,11,6,2.21
eec0307b4d47609d6933,12,28,10.33
eec0307b4d47609d6933,13,23,8.49
eec0307b4d47609d6933,14,47,17.34
eec0307b4d47609d6933,15,52,19.19
eec0307b4d47609d6933,16,10,3.69
eec0307b4d47609d6933,17,0,0.0
eec0307b4d47609d6933,18,0,0.0
eec0307b4d47609d6933,19,0,0.0
eec0307b4d47609d6933,20,0,0.0
eec0307b4d47609d6933,21,0,0.0
eec0307b4d47609d6933,22,0,0.0
eec0307b4d47609d6933,23,0,0.0
d45eea92ed42431d9076,0,0,0.0
d45eea92ed42431d9076,1,0,0.0
d45eea92ed42431d9076,2,0,0.0
d45eea92ed42431d9076,3,0,0.0
d45eea92ed42431d9076,4,0,0.0
d45eea92ed42431d9076,5,0,0.0
d45eea92ed42431d9076,6,0,0.0
d45eea92ed42431d9076,7,0,0.0
d45eea92ed42431d9076,8,5,6.94
d45eea92ed42431d9076,9,0,0.0
d45eea92ed42431d9076,10,28,38.89
d45eea92ed42431d9076,11,5,6.94
d45eea92ed42431d9076,12,13,18.06
d45eea92ed42431d9076,13,10,13.89
d45eea92ed42431d9076,14,9,12.5
d45eea92ed42431d9076,15,2,2.78
d45eea92ed42431d9076,16,0,0.0
d45eea92ed42431d9076,17,0,0.0
d45eea92ed42431d9076,18,0,0.0
d45eea92ed42431d9076,19,0,0.0
d45eea92ed42431d9076,20,0,0.0
d45eea92ed42431d9076,21,0,0.0
d45eea92ed42431d9076,22,0,0.0
d45eea92ed42431d9076,23,0,0.0
fe5cf715d9c94fc7779e,0,16,27.12
fe5cf715d9c94fc7779e,1,14,23.73
fe5cf715d9c94fc7779e,2,7,11.86
fe5cf715d9c94fc7779e,3,3,5.08
fe5cf715d9c94fc7779e,4,0,0.0
fe5cf715d9c94fc7779e,5,0,0.0
fe5cf715d9c94fc7779e,6,0,0.0
fe5cf715d9c94fc7779e,7,4,6.78
fe5cf715d9c94fc7779e,8,5,8.47
fe5cf715d9c94fc7779e,9,3,5.08
fe5cf715d9c94fc7779e,10,5,8.47
fe5cf715d9c94fc7779e,11,0,0.0
fe5cf715d9c94fc7779e,12,0,0.0
fe5cf715d9c94fc7779e,13,0,0.0
fe5cf715d9c94fc7779e,14,2,3.39
fe5cf715d9c94fc7779e,15,0,0.0
fe5cf715d9c94fc7779e,16,0,0.0
fe5cf715d9c94fc7779e,17,0,0.0
fe5cf715d9c94fc7779e,18,0,0.0
fe5cf715d9c94fc7779e,19,0,0.0
fe5cf715d9c94fc7779e,20,0,0.0
fe5cf715d9c94fc7779e,21,0,0.0
fe5cf715d9c94fc7779e,22,0,0.0
fe5cf715d9c94fc7779e,23,0,0.0
1f56b6bda24efafcf3a4,0,0,0.0
1f56b6bda24efafcf3a4,1,0,0.0
1f56b6bda24efafcf3a4,2,0,0.0
1f56b6bda24efafcf3a4,3,0,0.0
1f56b6bda24efafcf3a4,4,0,0.0
1f56b6bda24efafcf3a4,5,0,0.0
1f56b6bda24efafcf3a4,6,0,0.0
1f56b6bda24efafcf3a4,7,0,0.0
1f56b6bda24efafcf3a4,8,30,20.13
1f56b6bda24efafcf3a4,9,2,1.34
1f56b6bda24efafcf3a4,10,27,18.12
1f56b6bda24efafcf3a4,11,31,20.81
1f56b6bda24efafcf3a4,12,21,14.09
1f56b6bda24efafcf3a4,13,20,13.42
1f56b6bda24efafcf3a4,14,11,7.38
1f56b6bda24efafcf3a4,15,7,4.7
1f56b6bda24efafcf3a4,16,0,0.0
1f56b6bda24efafcf3a4,17,0,0.0
1f56b6bda24efafcf3a4,18,0,0.0
1f56b6bda24efafcf3a4,19,0,0.0
1f56b6bda24efafcf3a4,20,0,0.0
1f56b6bda24efafcf3a4,21,0,0.0
1f56b6bda24efafcf3a4,22,0,0.0
1f56b6bda24efafcf3a4,23,0,0.0
c682f6819dfbfc964bc7,0,0,0.0
c682f6819dfbfc964bc7,1,2,1.35
c682f6819dfbfc964bc7,2,12,8.11
c682f6819dfbfc964bc7,3,1,0.68
c682f6819dfbfc964bc7,4,0,0.0
c682f6819dfbfc964bc7,5,6,4.05
c682f6819dfbfc964bc7,6,4,2.7
c682f6819dfbfc964bc7,7,18,12.16
c682f6819dfbfc964bc7,8,33,22.3
c682f6819dfbfc964bc7,9,2,1.35
c682f6819dfbfc964bc7,10,0,0.0
c682f6819dfbfc964bc7,11,4,2.7
c682f6819dfbfc964bc7,12,4,2.7
c682f6819dfbfc964bc7,13,28,18.92
c682f6819dfbfc964bc7,14,23,15.54
c682f6819dfbfc964bc7,15,7,4.73
c682f6819dfbfc964bc7,16,3,2.03
c682f6819dfbfc964bc7,17,1,0.68
c682f6819dfbfc964bc7,18,0,0.0
c682f6819dfbfc964bc7,19,0,0.0
c682f6819dfbfc964bc7,20,0,0.0
c682f6819dfbfc964bc7,21,0,0.0
c682f6819dfbfc964bc7,22,0,0.0
c682f6819dfbfc964bc7,23,0,0.0
81e59e96ce9bd6a76bdb,0,15,14.42
81e59e96ce9bd6a76bdb,1,2,1.92
81e59e96ce9bd6a76bdb,2,9,8.65
81e59e96ce9bd6a76bdb,3,4,3.85
81e59e96ce9bd6a76bdb,4,0,0.0
81e59e96ce9bd6a76bdb,5,1,0.96
81e59e96ce9bd6a76bdb,6,5,4.81
81e59e96ce9bd6a76bdb,7,3,2.88
81e59e96ce9bd6a76bdb,8,2,1.92
81e59e96ce9bd6a76bdb,9,7,6.73
81e59e96ce9bd6a76bdb,10,1,0.96
81e59e96ce9bd6a76bdb,11,17,16.35
81e59e96ce9bd6a76bdb,12,11,10.58
81e59e96ce9bd6a76bdb,13,0,0.0
81e59e96ce9bd6a76bdb,14,1,0.96
81e59e96ce9bd6a76bdb,15,26,25.0
81e59e96ce9bd6a76bdb,16,0,0.0
81e59e96ce9bd6a76bdb,17,0,0.0
81e59e96ce9bd6a76bdb,18,0,0.0
81e59e96ce9bd6a76bdb,19,0,0.0
81e59e96ce9bd6a76bdb,20,0,0.0
81e59e96ce9bd6a76bdb,21,0,0.0
81e59e96ce9bd6a76bdb,22,0,0.0
81e59e96ce9bd6a76bdb,23,0,0.0
a96027a83196027cf822,0,9,7.09
a96027a83196027cf822,1,7,5.51
a96027a83196027cf822,2,7,5.51
a96027a83196027cf822,3,9,7.09
a96027a83196027cf822,4,5,3.94
a96027a83196027cf822,5,1,0.79
a96027a83196027cf822,6,5,3.94
a96027a83196027cf822,7,11,8.66
a96027a83196027cf822,8,16,12.6
a96027a83196027cf822,9,5,3.94
a96027a83196027cf822,10,9,7.09
a96027a83196027cf822,11,1,0.79
a96027a83196027cf822,12,11,8.66
a96027a83196027cf822,13,13,10.24
a96027a83196027cf822,14,11,8.66
a96027a83196027cf822,15,0,0.0
a96027a83196027cf822,16,7,5.51
a96027a83196027cf822,17,0,0.0
a96027a83196027cf822,18,0,0.0
a96027a83196027cf822,19,0,0.0
a96027a83196027cf822,20,0,0.0
a96027a83196027cf822,21,0,0.0
a96027a83196027cf822,22,0,0.0
a96027a83196027cf822,23,0,0.0
f964ee6bca634319a68f,0,17,9.04
f964ee6bca634319a68f,1,31,16.49
f964ee6bca634319a68f,2,22,11.7
f964ee6bca634319a68f,3,4,2.13
f964ee6bca634319a68f,4,11,5.85
f964ee6bca634319a68f,5,0,0.0
f964ee6bca634319a68f,6,6,3.19
f964ee6bca634319a68f,7,2,1.06
f964ee6bca634319a68f,8,2,1.06
f964ee6bca634319a68f,9,16,8.51
f964ee6bca634319a68f,10,7,3.72
f964ee6bca634319a68f,11,0,0.0
f964ee6bca634319a68f,12,10,5.32
f964ee6bca634319a68f,13,3,1.6
f964ee6bca634319a68f,14,14,7.45
f964ee6bca634319a68f,15,6,3.19
f964ee6bca634319a68f,16,1,0.53
f964ee6bca634319a68f,17,0,0.0
f964ee6bca634319a68f,18,0,0.0
f964ee6bca634319a68f,19,0,0.0
f964ee6bca634319a68f,20,0,0.0
f964ee6bca634319a68f,21,0,0.0
f964ee6bca634319a68f,22,15,7.98
f964ee6bca634319a68f,23,21,11.17
c35834f349db8ef7c591,0,2,1.03
c35834f349db8ef7c591,1,11,5.64
c35834f349db8ef7c591,2,19,9.74
c35834f349db8ef7c591,3,4,2.05
c35834f349db8ef7c591,4,0,0.0
c35834f349db8ef7c591,5,0,0.0
c35834f349db8ef7c591,6,3,1.54
c35834f349db8ef7c591,7,33,16.92
c35834f349db8ef7c591,8,6,3.08
c35834f349db8ef7c591,9,9,4.62
c35834f349db8ef7c591,10,17,8.72
c35834f349db8ef7c591,11,31,15.9
c35834f349db8ef7c591,12,27,13.85
c35834f349db8ef7c591,13,13,6.67
c35834f349db8ef7c591,14,8,4.1
c35834f349db8ef7c591,15,5,2.56
c35834f349db8ef7c591,16,7,3.59
c35834f349db8ef7c591,17,0,0.0
c35834f349db8ef7c591,18,0,0.0
c35834f349db8ef7c591,19,0,0.0
c35834f349db8ef7c591,20,0,0.0
c35834f349db8ef7c591,21,0,0.0
c35834f349db8ef7c591,22,0,0.0
c35834f349db8ef7c591,23,0,0.0
7f91b4ad141d21887b79,0,1,0.65
7f91b4ad141d21887b79,1,7,4.58
7f91b4ad141d21887b79,2,0,0.0
7f91b4ad141d21887b79,3,2,1.31
7f91b4ad141d21887b79,4,7,4.58
7f91b4ad141d21887b79,5,2,1.31
7f91b4ad141d21887b79,6,6,3.92
7f91b4ad141d21887b79,7,10,6.54
7f91b4ad141d21887b79,8,12,7.84
7f91b4ad141d21887b79,9,9,5.88
7f91b4ad141d21887b79,10,6,3.92
7f91b4ad141d21887b79,11,16,10.46
7f91b4ad141d21887b79,12,28,18.3
7f91b4ad141d21887b79,13,13,8.5
7f91b4ad141d21887b79,14,20,13.07
7f91b4ad141d21887b79,15,12,7.84
7f91b4ad141d21887b79,16,2,1.31
7f91b4ad141d21887b79,17,0,0.0
7f91b4ad141d21887b79,18,0,0.0
7f91b4ad141d21887b79,19,0,0.0
7f91b4ad141d21887b79,20,0,0.0
7f91b4ad141d21887b79,21,0,0.0
7f91b4ad141d21887b79,22,0,0.0
7f91b4ad141d21887b79,23,0,0.0
a11b89c60677835e450c,0,4,4.55
a11b89c60677835e450c,1,8,9.09
a11b89c60677835e450c,2,6,6.82
a11b89c60677835e450c,3,5,5.68
a11b89c60677835e450c,4,3,3.41
a11b89c60677835e450c,5,7,7.95
a11b89c60677835e450c,6,1,1.14
a11b89c60677835e450c,7,1,1.14
a11b89c60677835e450c,8,7,7.95
a11b89c60677835e450c,9,5,5.68
a11b89c60677835e450c,10,9,10.23
a11b89c60677835e450c,11,2,2.27
a11b89c60677835e450c,12,6,6.82
a11b89c60677835e450c,13,10,11.36
a11b89c60677835e450c,14,10,11.36
a11b89c60677835e450c,15,4,4.55
a11b89c60677835e450c,16,0,0.0
a11b89c60677835e450c,17,0,0.0
a11b89c60677835e450c,18,0,0.0
a11b89c60677835e450c,19,0,0.0
a11b89c60677835e450c,20,0,0.0
a11b89c60677835e450c,21,0,0.0
a11b89c60677835e450c,22,0,0.0
a11b89c60677835e450c,23,0,0.0
lf5hmkicbiuolk7khwwb,0,3,2.83
lf5hmkicbiuolk7khwwb,1,7,6.6
lf5hmkicbiuolk7khwwb,2,2,1.89
lf5hmkicbiuolk7khwwb,3,5,4.72
lf5hmkicbiuolk7khwwb,4,5,4.72
lf5hmkicbiuolk7khwwb,5,2,1.89
lf5hmkicbiuolk7khwwb,6,4,3.77
lf5hmkicbiuolk7khwwb,7,5,4.72
lf5hmkicbiuolk7khwwb,8,8,7.55
lf5hmkicbiuolk7khwwb,9,5,4.72
lf5hmkicbiuolk7khwwb,10,11,10.38
lf5hmkicbiuolk7khwwb,11,9,8.49
lf5hmkicbiuolk7khwwb,12,10,9.43
lf5hmkicbiuolk7khwwb,13,6,5.66
lf5hmkicbiuolk7khwwb,14,6,5.66
lf5hmkicbiuolk7khwwb,15,12,11.32
lf5hmkicbiuolk7khwwb,16,2,1.89
lf5hmkicbiuolk7khwwb,17,1,0.94
lf5hmkicbiuolk7khwwb,18,1,0.94
lf5hmkicbiuolk7khwwb,19,0,0.0
lf5hmkicbiuolk7khwwb,20,0,0.0
lf5hmkicbiuolk7khwwb,21,0,0.0
lf5hmkicbiuolk7khwwb,22,1,0.94
lf5hmkicbiuolk7khwwb,23,1,0.94
4ewf46mylf75olvvihqj,0,0,0.0
4ewf46mylf75olvvihqj,1,3,3.37
4ewf46mylf75olvvihqj,2,5,5.62
4ewf46mylf75olvvihqj,3,3,3.37
4ewf46mylf75olvvihqj,4,6,6.74
4ewf46mylf75olvvihqj,5,4,4.49
4ewf46mylf75olvvihqj,6,1,1.12
4ewf46mylf75olvvihqj,7,5,5.62
4ewf46mylf75olvvihqj,8,5,5.62
4ewf46mylf75olvvihqj,9,3,3.37
4ewf46mylf75olvvihqj,10,6,6.74
4ewf46mylf75olvvihqj,11,9,10.11
4ewf46mylf75olvvihqj,12,11,12.36
4ewf46mylf75olvvihqj,13,7,7.87
4ewf46mylf75olvvihqj,14,8,8.99
4ewf46mylf75olvvihqj,15,9,10.11
4ewf46mylf75olvvihqj,16,2,2.25
4ewf46mylf75olvvihqj,17,1,1.12
4ewf46mylf75olvvihqj,18,0,0.0
4ewf46mylf75olvvihqj,19,0,0.0
4ewf46mylf75olvvihqj,20,0,0.0
4ewf46mylf75olvvihqj,21,0,0.0
4ewf46mylf75olvvihqj,22,0,0.0
4ewf46mylf75olvvihqj,23,1,1.12
u2rchqp6tof1bkr07izf,0,2,2.22
u2rchqp6tof1bkr07izf,1,4,4.44
u2rchqp6tof1bkr07izf,2,5,5.56
u2rchqp6tof1bkr07izf,3,1,1.11
u2rchqp6tof1bkr07izf,4,3,3.33
u2rchqp6tof1bkr07izf,5,3,3.33
u2rchqp6tof1bkr07izf,6,4,4.44
u2rchqp6tof1bkr07izf,7,6,6.67
u2rchqp6tof1bkr07izf,8,4,4.44
u2rchqp6tof1bkr07izf,9,3,3.33
u2rchqp6tof1bkr07izf,10,5,5.56
u2rchqp6tof1bkr07izf,11,18,20.0
u2rchqp6tof1bkr07izf,12,3,3.33
u2rchqp6tof1bkr07izf,13,13,14.44
u2rchqp6tof1bkr07izf,14,9,10.0
u2rchqp6tof1bkr07izf,15,2,2.22
u2rchqp6tof1bkr07izf,16,3,3.33
u2rchqp6tof1bkr07izf,17,0,0.0
u2rchqp6tof1bkr07izf,18,1,1.11
u2rchqp6tof1bkr07izf,19,0,0.0
u2rchqp6tof1bkr07izf,20,0,0.0
u2rchqp6tof1bkr07izf,21,0,0.0
u2rchqp6tof1bkr07izf,22,0,0.0
u2rchqp6tof1bkr07izf,23,1,1.11
nrv5a6tr3ya2iv3p5xpo,0,2,2.04
nrv5a6tr3ya2iv3p5xpo,1,1,1.02
nrv5a6tr3ya2iv3p5xpo,2,5,5.1
nrv5a6tr3ya2iv3p5xpo,3,5,5.1
nrv5a6tr3ya2iv3p5xpo,4,3,3.06
nrv5a6tr3ya2iv3p5xpo,5,1,1.02
nrv5a6tr3ya2iv3p5xpo,6,3,3.06
nrv5a6tr3ya2iv3p5xpo,7,5,5.1
nrv5a6tr3ya2iv3p5xpo,8,5,5.1
nrv5a6tr3ya2iv3p5xpo,9,2,2.04
nrv5a6tr3ya2iv3p5xpo,10,9,9.18
nrv5a6tr3ya2iv3p5xpo,11,11,11.22
nrv5a6tr3ya2iv3p5xpo,12,8,8.16
nrv5a6tr3ya2iv3p5xpo,13,13,13.27
nrv5a6tr3ya2iv3p5xpo,14,6,6.12
nrv5a6tr3ya2iv3p5xpo,15,10,10.2
nrv5a6tr3ya2iv3p5xpo,16,4,4.08
nrv5a6tr3ya2iv3p5xpo,17,2,2.04
nrv5a6tr3ya2iv3p5xpo,18,1,1.02
nrv5a6tr3ya2iv3p5xpo,19,0,0.0
nrv5a6tr3ya2iv3p5xpo,20,0,0.0
nrv5a6tr3ya2iv3p5xpo,21,0,0.0
nrv5a6tr3ya2iv3p5xpo,22,1,1.02
nrv5a6tr3ya2iv3p5xpo,23,1,1.02
70ym0xeqaqmx14dv6myx,0,1,0.96
70ym0xeqaqmx14dv6myx,1,11,10.58
70ym0xeqaqmx14dv6myx,2,2,1.92
70ym0xeqaqmx14dv6myx,3,3,2.88
70ym0xeqaqmx14dv6myx,4,2,1.92
70ym0xeqaqmx14dv6myx,5,3,2.88
70ym0xeqaqmx14dv6myx,6,2,1.92
70ym0xeqaqmx14dv6myx,7,4,3.85
70ym0xeqaqmx14dv6myx,8,6,5.77
70ym0xeqaqmx14dv6myx,9,3,2.88
70ym0xeqaqmx14dv6myx,10,6,5.77
70ym0xeqaqmx14dv6myx,11,12,11.54
70ym0xeqaqmx14dv6myx,12,9,8.65
70ym0xeqaqmx14dv6myx,13,9,8.65
70ym0xeqaqmx14dv6myx,14,15,14.42
70ym0xeqaqmx14dv6myx,15,13,12.5
70ym0xeqaqmx14dv6myx,16,1,0.96
70ym0xeqaqmx14dv6myx,17,2,1.92
70ym0xeqaqmx14dv6myx,18,0,0.0
70ym0xeqaqmx14dv6myx,19,0,0.0
70ym0xeqaqmx14dv6myx,20,0,0.0
70ym0xeqaqmx14dv6myx,21,0,0.0
70ym0xeqaqmx14dv6myx,22,0,0.0
70ym0xeqaqmx14dv6myx,23,0,0.0
r7embk7pqzg5g5p245x4,0,3,2.88
r7embk7pqzg5g5p245x4,1,2,1.92
r7embk7pqzg5g5p245x4,2,5,4.81
r7embk7pqzg5g5p245x4,3,5,4.81
r7embk7pqzg5g5p245x4,4,4,3.85
r7embk7pqzg5g5p245x4,5,5,4.81
r7embk7pqzg5g5p245x4,6,1,0.96
r7embk7pqzg5g5p245x4,7,6,5.77
r7embk7pqzg5g5p245x4,8,5,4.81
r7embk7pqzg5g5p245x4,9,11,10.58
r7embk7pqzg5g5p245x4,10,10,9.62
r7embk7pqzg5g5p245x4,11,7,6.73
r7embk7pqzg5g5p245x4,12,12,11.54
r7embk7pqzg5g5p245x4,13,8,7.69
r7embk7pqzg5g5p245x4,14,5,4.81
r7embk7pqzg5g5p245x4,15,11,10.58
r7embk7pqzg5g5p245x4,16,3,2.88
r7embk7pqzg5g5p245x4,17,1,0.96
r7embk7pqzg5g5p245x4,18,0,0.0
r7embk7pqzg5g5p245x4,19,0,0.0
r7embk7pqzg5g5p245x4,20,0,0.0
r7embk7pqzg5g5p245x4,21,0,0.0
r7embk7pqzg5g5p245x4,22,0,0.0
r7embk7pqzg5g5p245x4,23,0,0.0
b2imd0ms1p4fxkfcpygc,0,3,3.49
b2imd0ms1p4fxkfcpygc,1,4,4.65
b2imd0ms1p4fxkfcpygc,2,0,0.0
b2imd0ms1p4fxkfcpygc,3,6,6.98
b2imd0ms1p4fxkfcpygc,4,1,1.16
b2imd0ms1p4fxkfcpygc,5,2,2.33
b2imd0ms1p4fxkfcpygc,6,2,2.33
b2imd0ms1p4fxkfcpygc,7,3,3.49
b2imd0ms1p4fxkfcpygc,8,6,6.98
b2imd0ms1p4fxkfcpygc,9,7,8.14
b2imd0ms1p4fxkfcpygc,10,6,6.98
b2imd0ms1p4fxkfcpygc,11,10,11.63
b2imd0ms1p4fxkfcpygc,12,7,8.14
b2imd0ms1p4fxkfcpygc,13,5,5.81
b2imd0ms1p4fxkfcpygc,14,11,12.79
b2imd0ms1p4fxkfcpygc,15,6,6.98
b2imd0ms1p4fxkfcpygc,16,3,3.49
b2imd0ms1p4fxkfcpygc,17,1,1.16
b2imd0ms1p4fxkfcpygc,18,1,1.16
b2imd0ms1p4fxkfcpygc,19,0,0.0
b2imd0ms1p4fxkfcpygc,20,0,0.0
b2imd0ms1p4fxkfcpygc,21,0,0.0
b2imd0ms1p4fxkfcpygc,22,0,0.0
b2imd0ms1p4fxkfcpygc,23,2,2.33
jv67r7eqa9z2a1777eex,0,7,6.6
jv67r7eqa9z2a1777eex,1,6,5.66
jv67r7eqa9z2a1777eex,2,5,4.72
jv67r7eqa9z2a1777eex,3,2,1.89
jv67r7eqa9z2a1777eex,4,4,3.77
jv67r7eqa9z2a1777eex,5,3,2.83
jv67r7eqa9z2a1777eex,6,7,6.6
jv67r7eqa9z2a1777eex,7,3,2.83
jv67r7eqa9z2a1777eex,8,3,2.83
jv67r7eqa9z2a1777eex,9,2,1.89
jv67r7eqa9z2a1777eex,10,7,6.6
jv67r7eqa9z2a1777eex,11,18,16.98
jv67r7eqa9z2a1777eex,12,11,10.38
jv67r7eqa9z2a1777eex,13,10,9.43
jv67r7eqa9z2a1777eex,14,8,7.55
jv67r7eqa9z2a1777eex,15,4,3.77
jv67r7eqa9z2a1777eex,16,3,2.83
jv67r7eqa9z2a1777eex,17,1,0.94
jv67r7eqa9z2a1777eex,18,1,0.94
jv67r7eqa9z2a1777eex,19,1,0.94
jv67r7eqa9z2a1777eex,20,0,0.0
jv67r7eqa9z2a1777eex,21,0,0.0
jv67r7eqa9z2a1777eex,22,0,0.0
jv67r7eqa9z2a1777eex,23,0,0.0
8jo5o2abn697lg482k0e,0,4,4.44
8jo5o2abn697lg482k0e,1,6,6.67
8jo5o2abn697lg482k0e,2,0,0.0
8jo5o2abn697lg482k0e,3,6,6.67
8jo5o2abn697lg482k0e,4,2,2.22
8jo5o2abn697lg482k0e,5,4,4.44
8jo5o2abn697lg482k0e,6,0,0.0
8jo5o2abn697lg482k0e,7,6,6.67
8jo5o2abn697lg482k0e,8,4,4.44
8jo5o2abn697lg482k0e,9,0,0.0
8jo5o2abn697lg482k0e,10,6,6.67
8jo5o2abn697lg482k0e,11,13,14.44
8jo5o2abn697lg482k0e,12,6,6.67
8jo5o2abn697lg482k0e,13,5,5.56
8jo5o2abn697lg482k0e,14,11,12.22
8jo5o2abn697lg482k0e,15,9,10.0
8jo5o2abn697lg482k0e,16,4,4.44
8jo5o2abn697lg482k0e,17,1,1.11
8jo5o2abn697lg482k0e,18,0,0.0
8jo5o2abn697lg482k0e,19,1,1.11
8jo5o2abn697lg482k0e,20,0,0.0
8jo5o2abn697lg482k0e,21,0,0.0
8jo5o2abn697lg482k0e,22,1,1.11
8jo5o2abn697lg482k0e,23,1,1.11
ezdogkk0jqt4nvvvbnxp,0,4,4.3
ezdogkk0jqt4nvvvbnxp,1,4,4.3
ezdogkk0jqt4nvvvbnxp,2,2,2.15
ezdogkk0jqt4nvvvbnxp,3,6,6.45
ezdogkk0jqt4nvvvbnxp,4,2,2.15
ezdogkk0jqt4nvvvbnxp,5,5,5.38
ezdogkk0jqt4nvvvbnxp,6,3,3.23
ezdogkk0jqt4nvvvbnxp,7,6,6.45
ezdogkk0jqt4nvvvbnxp,8,8,8.6
ezdogkk0jqt4nvvvbnxp,9,3,3.23
ezdogkk0jqt4nvvvbnxp,10,11,11.83
ezdogkk0jqt4nvvvbnxp,11,5,5.38
ezdogkk0jqt4nvvvbnxp,12,11,11.83
ezdogkk0jqt4nvvvbnxp,13,9,9.68
ezdogkk0jqt4nvvvbnxp,14,5,5.38
ezdogkk0jqt4nvvvbnxp,15,6,6.45
ezdogkk0jqt4nvvvbnxp,16,2,2.15
ezdogkk0jqt4nvvvbnxp,17,0,0.0
ezdogkk0jqt4nvvvbnxp,18,1,1.08
ezdogkk0jqt4nvvvbnxp,19,0,0.0
ezdogkk0jqt4nvvvbnxp,20,0,0.0
ezdogkk0jqt4nvvvbnxp,21,0,0.0
ezdogkk0jqt4nvvvbnxp,22,0,0.0
ezdogkk0jqt4nvvvbnxp,23,0,0.0
wf7yq9n2spgto3w5ad9r,0,3,3.16
wf7yq9n2spgto3w5ad9r,1,4,4.21
wf7yq9n2spgto3w5ad9r,2,2,2.11
wf7yq9n2spgto3w5ad9r,3,2,2.11
wf7yq9n2spgto3w5ad9r,4,7,7.37
wf7yq9n2spgto3w5ad9r,5,3,3.16
wf7yq9n2spgto3w5ad9r,6,3,3.16
wf7yq9n2spgto3w5ad9r,7,7,7.37
wf7yq9n2spgto3w5ad9r,8,4,4.21
wf7yq9n2spgto3w5ad9r,9,6,6.32
wf7yq9n2spgto3w5ad9r,10,12,12.63
wf7yq9n2spgto3w5ad9r,11,7,7.37
wf7yq9n2spgto3w5ad9r,12,7,7.37
wf7yq9n2spgto3w5ad9r,13,5,5.26
wf7yq9n2spgto3w5ad9r,14,10,10.53
wf7yq9n2spgto3w5ad9r,15,7,7.37
wf7yq9n2spgto3w5ad9r,16,3,3.16
wf7yq9n2spgto3w5ad9r,17,1,1.05
wf7yq9n2spgto3w5ad9r,18,1,1.05
wf7yq9n2spgto3w5ad9r,19,0,0.0
wf7yq9n2spgto3w5ad9r,20,0,0.0
wf7yq9n2spgto3w5ad9r,21,0,0.0
wf7yq9n2spgto3w5ad9r,22,0,0.0
wf7yq9n2spgto3w5ad9r,23,1,1.05
p9enp5lzhiufas1xpd8p,0,1,1.1
p9enp5lzhiufas1xpd8p,1,3,3.3
p9enp5lzhiufas1xpd8p,2,7,7.69
p9enp5lzhiufas1xpd8p,3,5,5.49
p9enp5lzhiufas1xpd8p,4,2,2.2
p9enp5lzhiufas1xpd8p,5,2,2.2
p9enp5lzhiufas1xpd8p,6,1,1.1
p9enp5lzhiufas1xpd8p,7,5,5.49
p9enp5lzhiufas1xpd8p,8,4,4.4
p9enp5lzhiufas1xpd8p,9,4,4.4
p9enp5lzhiufas1xpd8p,10,4,4.4
p9enp5lzhiufas1xpd8p,11,11,12.09
p9enp5lzhiufas1xpd8p,12,7,7.69
p9enp5lzhiufas1xpd8p,13,13,14.29
p9enp5lzhiufas1xpd8p,14,9,9.89
p9enp5lzhiufas1xpd8p,15,9,9.89
p9enp5lzhiufas1xpd8p,16,1,1.1
p9enp5lzhiufas1xpd8p,17,0,0.0
p9enp5lzhiufas1xpd8p,18,0,0.0
p9enp5lzhiufas1xpd8p,19,2,2.2
p9enp5lzhiufas1xpd8p,20,0,0.0
p9enp5lzhiufas1xpd8p,21,0,0.0
p9enp5lzhiufas1xpd8p,22,0,0.0
p9enp5lzhiufas1xpd8p,23,1,1.1
lx7vfcjhdxzh2wkt42hc,0,1,0.94
lx7vfcjhdxzh2wkt42hc,1,5,4.72
lx7vfcjhdxzh2wkt42hc,2,3,2.83
lx7vfcjhdxzh2wkt42hc,3,7,6.6
lx7vfcjhdxzh2wkt42hc,4,1,0.94
lx7vfcjhdxzh2wkt42hc,5,1,0.94
lx7vfcjhdxzh2wkt42hc,6,2,1.89
lx7vfcjhdxzh2wkt42hc,7,8,7.55
lx7vfcjhdxzh2wkt42hc,8,5,4.72
lx7vfcjhdxzh2wkt42hc,9,4,3.77
lx7vfcjhdxzh2wkt42hc,10,8,7.55
lx7vfcjhdxzh2wkt42hc,11,12,11.32
lx7vfcjhdxzh2wkt42hc,12,11,10.38
lx7vfcjhdxzh2wkt42hc,13,7,6.6
lx7vfcjhdxzh2wkt42hc,14,13,12.26
lx7vfcjhdxzh2wkt42hc,15,9,8.49
lx7vfcjhdxzh2wkt42hc,16,2,1.89
lx7vfcjhdxzh2wkt42hc,17,4,3.77
lx7vfcjhdxzh2wkt42hc,18,0,0.0
lx7vfcjhdxzh2wkt42hc,19,0,0.0
lx7vfcjhdxzh2wkt42hc,20,0,0.0
lx7vfcjhdxzh2wkt42hc,21,0,0.0
lx7vfcjhdxzh2wkt42hc,22,1,0.94
lx7vfcjhdxzh2wkt42hc,23,2,1.89
dwg6k0ka5vuwzo5h11m0,0,5,4.81
dwg6k0ka5vuwzo5h11m0,1,4,3.85
dwg6k0ka5vuwzo5h11m0,2,9,8.65
dwg6k0ka5vuwzo5h11m0,3,6,5.77
dwg6k0ka5vuwzo5h11m0,4,4,3.85
dwg6k0ka5vuwzo5h11m0,5,3,2.88
dwg6k0ka5vuwzo5h11m0,6,0,0.0
dwg6k0ka5vuwzo5h11m0,7,5,4.81
dwg6k0ka5vuwzo5h11m0,8,4,3.85
dwg6k0ka5vuwzo5h11m0,9,1,0.96
dwg6k0ka5vuwzo5h11m0,10,6,5.77
dwg6k0ka5vuwzo5h11m0,11,13,12.5
dwg6k0ka5vuwzo5h11m0,12,11,10.58
dwg6k0ka5vuwzo5h11m0,13,6,5.77
dwg6k0ka5vuwzo5h11m0,14,11,10.58
dwg6k0ka5vuwzo5h11m0,15,9,8.65
dwg6k0ka5vuwzo5h11m0,16,2,1.92
dwg6k0ka5vuwzo5h11m0,17,2,1.92
dwg6k0ka5vuwzo5h11m0,18,2,1.92
dwg6k0ka5vuwzo5h11m0,19,0,0.0
dwg6k0ka5vuwzo5h11m0,20,0,0.0
dwg6k0ka5vuwzo5h11m0,21,0,0.0
dwg6k0ka5vuwzo5h11m0,22,1,0.96
dwg6k0ka5vuwzo5h11m0,23,0,0.0
5jxldd3plo4x6oq140l5,0,4,3.2
5jxldd3plo4x6oq140l5,1,5,4.0
5jxldd3plo4x6oq140l5,2,3,2.4
5jxldd3plo4x6oq140l5,3,5,4.0
5jxldd3plo4x6oq140l5,4,3,2.4
5jxldd3plo4x6oq140l5,5,4,3.2
5jxldd3plo4x6oq140l5,6,1,0.8
5jxldd3plo4x6oq140l5,7,7,5.6
5jxldd3plo4x6oq140l5,8,9,7.2
5jxldd3plo4x6oq140l5,9,7,5.6
5jxldd3plo4x6oq140l5,10,15,12.0
5jxldd3plo4x6oq140l5,11,10,8.0
5jxldd3plo4x6oq140l5,12,13,10.4
5jxldd3plo4x6oq140l5,13,9,7.2
5jxldd3plo4x6oq140l5,14,9,7.2
5jxldd3plo4x6oq140l5,15,14,11.2
5jxldd3plo4x6oq140l5,16,2,1.6
5jxldd3plo4x6oq140l5,17,0,0.0
5jxldd3plo4x6oq140l5,18,1,0.8
5jxldd3plo4x6oq140l5,19,1,0.8
5jxldd3plo4x6oq140l5,20,0,0.0
5jxldd3plo4x6oq140l5,21,0,0.0
5jxldd3plo4x6oq140l5,22,0,0.0
5jxldd3plo4x6oq140l5,23,3,2.4
orgvbr9mbmfo4z8tbsa3,0,3,3.03
orgvbr9mbmfo4z8tbsa3,1,5,5.05
orgvbr9mbmfo4z8tbsa3,2,5,5.05
orgvbr9mbmfo4z8tbsa3,3,3,3.03
orgvbr9mbmfo4z8tbsa3,4,4,4.04
orgvbr9mbmfo4z8tbsa3,5,0,0.0
orgvbr9mbmfo4z8tbsa3,6,1,1.01
orgvbr9mbmfo4z8tbsa3,7,2,2.02
orgvbr9mbmfo4z8tbsa3,8,12,12.12
orgvbr9mbmfo4z8tbsa3,9,5,5.05
orgvbr9mbmfo4z8tbsa3,10,7,7.07
orgvbr9mbmfo4z8tbsa3,11,9,9.09
orgvbr9mbmfo4z8tbsa3,12,11,11.11
orgvbr9mbmfo4z8tbsa3,13,10,10.1
orgvbr9mbmfo4z8tbsa3,14,13,13.13
orgvbr9mbmfo4z8tbsa3,15,5,5.05
orgvbr9mbmfo4z8tbsa3,16,2,2.02
orgvbr9mbmfo4z8tbsa3,17,0,0.0
orgvbr9mbmfo4z8tbsa3,18,0,0.0
orgvbr9mbmfo4z8tbsa3,19,2,2.02
orgvbr9mbmfo4z8tbsa3,20,0,0.0
orgvbr9mbmfo4z8tbsa3,21,0,0.0
orgvbr9mbmfo4z8tbsa3,22,0,0.0
orgvbr9mbmfo4z8tbsa3,23,0,0.0
3w0b2b1gz9i1nhmtab7s,0,3,2.94
3w0b2b1gz9i1nhmtab7s,1,4,3.92
3w0b2b1gz9i1nhmtab7s,2,4,3.92
3w0b2b1gz9i1nhmtab7s,3,5,4.9
3w0b2b1gz9i1nhmtab7s,4,0,0.0
3w0b2b1gz9i1nhmtab7s,5,1,0.98
3w0b2b1gz9i1nhmtab7s,6,4,3.92
3w0b2b1gz9i1nhmtab7s,7,5,4.9
3w0b2b1gz9i1nhmtab7s,8,7,6.86
3w0b2b1gz9i1nhmtab7s,9,5,4.9
3w0b2b1gz9i1nhmtab7s,10,11,10.78
3w0b2b1gz9i1nhmtab7s,11,7,6.86
3w0b2b1gz9i1nhmtab7s,12,7,6.86
3w0b2b1gz9i1nhmtab7s,13,8,7.84
3w0b2b1gz9i1nhmtab7s,14,13,12.75
3w0b2b1gz9i1nhmtab7s,15,8,7.84
3w0b2b1gz9i1nhmtab7s,16,4,3.92
3w0b2b1gz9i1nhmtab7s,17,3,2.94
3w0b2b1gz9i1nhmtab7s,18,2,1.96
3w0b2b1gz9i1nhmtab7s,19,0,0.0
3w0b2b1gz9i1nhmtab7s,20,0,0.0
3w0b2b1gz9i1nhmtab7s,21,0,0.0
3w0b2b1gz9i1nhmtab7s,22,1,0.98
3w0b2b1gz9i1nhmtab7s,23,0,0.0
22fey6dqzcrm0jbtfnmm,0,2,1.85
22fey6dqzcrm0jbtfnmm,1,2,1.85
22fey6dqzcrm0jbtfnmm,2,4,3.7
22fey6dqzcrm0jbtfnmm,3,3,2.78
22fey6dqzcrm0jbtfnmm,4,1,0.93
22fey6dqzcrm0jbtfnmm,5,6,5.56
22fey6dqzcrm0jbtfnmm,6,3,2.78
22fey6dqzcrm0jbtfnmm,7,6,5.56
22fey6dqzcrm0jbtfnmm,8,8,7.41
22fey6dqzcrm0jbtfnmm,9,6,5.56
22fey6dqzcrm0jbtfnmm,10,7,6.48
22fey6dqzcrm0jbtfnmm,11,12,11.11
22fey6dqzcrm0jbtfnmm,12,16,14.81
22fey6dqzcrm0jbtfnmm,13,4,3.7
22fey6dqzcrm0jbtfnmm,14,14,12.96
22fey6dqzcrm0jbtfnmm,15,9,8.33
22fey6dqzcrm0jbtfnmm,16,2,1.85
22fey6dqzcrm0jbtfnmm,17,2,1.85
22fey6dqzcrm0jbtfnmm,18,0,0.0
22fey6dqzcrm0jbtfnmm,19,1,0.93
22fey6dqzcrm0jbtfnmm,20,0,0.0
22fey6dqzcrm0jbtfnmm,21,0,0.0
22fey6dqzcrm0jbtfnmm,22,0,0.0
22fey6dqzcrm0jbtfnmm,23,0,0.0
4atjmlccken75lck9ffp,0,3,3.8
4atjmlccken75lck9ffp,1,5,6.33
4atjmlccken75lck9ffp,2,4,5.06
4atjmlccken75lck9ffp,3,6,7.59
4atjmlccken75lck9ffp,4,1,1.27
4atjmlccken75lck9ffp,5,5,6.33
4atjmlccken75lck9ffp,6,3,3.8
4atjmlccken75lck9ffp,7,9,11.39
4atjmlccken75lck9ffp,8,6,7.59
4atjmlccken75lck9ffp,9,2,2.53
4atjmlccken75lck9ffp,10,6,7.59
4atjmlccken75lck9ffp,11,4,5.06
4atjmlccken75lck9ffp,12,9,11.39
4atjmlccken75lck9ffp,13,4,5.06
4atjmlccken75lck9ffp,14,7,8.86
4atjmlccken75lck9ffp,15,1,1.27
4atjmlccken75lck9ffp,16,1,1.27
4atjmlccken75lck9ffp,17,1,1.27
4atjmlccken75lck9ffp,18,1,1.27
4atjmlccken75lck9ffp,19,0,0.0
4atjmlccken75lck9ffp,20,0,0.0
4atjmlccken75lck9ffp,21,0,0.0
4atjmlccken75lck9ffp,22,1,1.27
4atjmlccken75lck9ffp,23,0,0.0
tuidsy7wcktf3jppecp5,0,6,5.26
tuidsy7wcktf3jppecp5,1,2,1.75
tuidsy7wcktf3jppecp5,2,9,7.89
tuidsy7wcktf3jppecp5,3,4,3.51
tuidsy7wcktf3jppecp5,4,2,1.75
tuidsy7wcktf3jppecp5,5,7,6.14
tuidsy7wcktf3jppecp5,6,2,1.75
tuidsy7wcktf3jppecp5,7,7,6.14
tuidsy7wcktf3jppecp5,8,4,3.51
tuidsy7wcktf3jppecp5,9,6,5.26
tuidsy7wcktf3jppecp5,10,6,5.26
tuidsy7wcktf3jppecp5,11,11,9.65
tuidsy7wcktf3jppecp5,12,11,9.65
tuidsy7wcktf3jppecp5,13,13,11.4
tuidsy7wcktf3jppecp5,14,11,9.65
tuidsy7wcktf3jppecp5,15,9,7.89
tuidsy7wcktf3jppecp5,16,1,0.88
tuidsy7wcktf3jppecp5,17,0,0.0
tuidsy7wcktf3jppecp5,18,0,0.0
tuidsy7wcktf3jppecp5,19,0,0.0
tuidsy7wcktf3jppecp5,20,0,0.0
tuidsy7wcktf3jppecp5,21,0,0.0
tuidsy7wcktf3jppecp5,22,1,0.88
tuidsy7wcktf3jppecp5,23,2,1.75
gzthlilac9ixoayq02u1,0,8,7.21
gzthlilac9ixoayq02u1,1,4,3.6
gzthlilac9ixoayq02u1,2,7,6.31
gzthlilac9ixoayq02u1,3,6,5.41
gzthlilac9ixoayq02u1,4,3,2.7
gzthlilac9ixoayq02u1,5,3,2.7
gzthlilac9ixoayq02u1,6,2,1.8
gzthlilac9ixoayq02u1,7,5,4.5
gzthlilac9ixoayq02u1,8,7,6.31
gzthlilac9ixoayq02u1,9,6,5.41
gzthlilac9ixoayq02u1,10,6,5.41
gzthlilac9ixoayq02u1,11,12,10.81
gzthlilac9ixoayq02u1,12,12,10.81
gzthlilac9ixoayq02u1,13,9,8.11
gzthlilac9ixoayq02u1,14,9,8.11
gzthlilac9ixoayq02u1,15,9,8.11
gzthlilac9ixoayq02u1,16,1,0.9
gzthlilac9ixoayq02u1,17,0,0.0
gzthlilac9ixoayq02u1,18,1,0.9
gzthlilac9ixoayq02u1,19,1,0.9
gzthlilac9ixoayq02u1,20,0,0.0
gzthlilac9ixoayq02u1,21,0,0.0
gzthlilac9ixoayq02u1,22,0,0.0
gzthlilac9ixoayq02u1,23,0,0.0
r3uk44zat2tcyj5wmojt,0,3,2.63
r3uk44zat2tcyj5wmojt,1,4,3.51
r3uk44zat2tcyj5wmojt,2,4,3.51
r3uk44zat2tcyj5wmojt,3,5,4.39
r3uk44zat2tcyj5wmojt,4,2,1.75
r3uk44zat2tcyj5wmojt,5,2,1.75
r3uk44zat2tcyj5wmojt,6,3,2.63
r3uk44zat2tcyj5wmojt,7,3,2.63
r3uk44zat2tcyj5wmojt,8,5,4.39
r3uk44zat2tcyj5wmojt,9,7,6.14
r3uk44zat2tcyj5wmojt,10,7,6.14
r3uk44zat2tcyj5wmojt,11,13,11.4
r3uk44zat2tcyj5wmojt,12,12,10.53
r3uk44zat2tcyj5wmojt,13,15,13.16
r3uk44zat2tcyj5wmojt,14,11,9.65
r3uk44zat2tcyj5wmojt,15,10,8.77
r3uk44zat2tcyj5wmojt,16,2,1.75
r3uk44zat2tcyj5wmojt,17,0,0.0
r3uk44zat2tcyj5wmojt,18,1,0.88
r3uk44zat2tcyj5wmojt,19,1,0.88
r3uk44zat2tcyj5wmojt,20,0,0.0
r3uk44zat2tcyj5wmojt,21,0,0.0
r3uk44zat2tcyj5wmojt,22,1,0.88
r3uk44zat2tcyj5wmojt,23,3,2.63
k1r03pvvsv9zxrft5jgi,0,6,5.26
k1r03pvvsv9zxrft5jgi,1,2,1.75
k1r03pvvsv9zxrft5jgi,2,4,3.51
k1r03pvvsv9zxrft5jgi,3,2,1.75
k1r03pvvsv9zxrft5jgi,4,4,3.51
k1r03pvvsv9zxrft5jgi,5,3,2.63
k1r03pvvsv9zxrft5jgi,6,5,4.39
k1r03pvvsv9zxrft5jgi,7,9,7.89
k1r03pvvsv9zxrft5jgi,8,7,6.14
k1r03pvvsv9zxrft5jgi,9,9,7.89
k1r03pvvsv9zxrft5jgi,10,5,4.39
k1r03pvvsv9zxrft5jgi,11,16,14.04
k1r03pvvsv9zxrft5jgi,12,11,9.65
k1r03pvvsv9zxrft5jgi,13,4,3.51
k1r03pvvsv9zxrft5jgi,14,13,11.4
k1r03pvvsv9zxrft5jgi,15,9,7.89
k1r03pvvsv9zxrft5jgi,16,3,2.63
k1r03pvvsv9zxrft5jgi,17,0,0.0
k1r03pvvsv9zxrft5jgi,18,0,0.0
k1r03pvvsv9zxrft5jgi,19,0,0.0
k1r03pvvsv9zxrft5jgi,20,0,0.0
k1r03pvvsv9zxrft5jgi,21,0,0.0
k1r03pvvsv9zxrft5jgi,22,0,0.0
k1r03pvvsv9zxrft5jgi,23,2,1.75
5ez4c53h3kdamnlvkpna,0,5,4.95
5ez4c53h3kdamnlvkpna,1,5,4.95
5ez4c53h3kdamnlvkpna,2,1,0.99
5ez4c53h3kdamnlvkpna,3,5,4.95
5ez4c53h3kdamnlvkpna,4,3,2.97
5ez4c53h3kdamnlvkpna,5,2,1.98
5ez4c53h3kdamnlvkpna,6,2,1.98
5ez4c53h3kdamnlvkpna,7,9,8.91
5ez4c53h3kdamnlvkpna,8,6,5.94
5ez4c53h3kdamnlvkpna,9,4,3.96
5ez4c53h3kdamnlvkpna,10,7,6.93
5ez4c53h3kdamnlvkpna,11,7,6.93
5ez4c53h3kdamnlvkpna,12,10,9.9
5ez4c53h3kdamnlvkpna,13,4,3.96
5ez4c53h3kdamnlvkpna,14,19,18.81
5ez4c53h3kdamnlvkpna,15,10,9.9
5ez4c53h3kdamnlvkpna,16,1,0.99
5ez4c53h3kdamnlvkpna,17,1,0.99
5ez4c53h3kdamnlvkpna,18,0,0.0
5ez4c53h3kdamnlvkpna,19,0,0.0
5ez4c53h3kdamnlvkpna,20,0,0.0
5ez4c53h3kdamnlvkpna,21,0,0.0
5ez4c53h3kdamnlvkpna,22,0,0.0
5ez4c53h3kdamnlvkpna,23,0,0.0
p10d5vx8mpn0v82i51gp,0,5,4.81
p10d5vx8mpn0v82i51gp,1,3,2.88
p10d5vx8mpn0v82i51gp,2,6,5.77
p10d5vx8mpn0v82i51gp,3,1,0.96
p10d5vx8mpn0v82i51gp,4,1,0.96
p10d5vx8mpn0v82i51gp,5,3,2.88
p10d5vx8mpn0v82i51gp,6,2,1.92
p10d5vx8mpn0v82i51gp,7,6,5.77
p10d5vx8mpn0v82i51gp,8,7,6.73
p10d5vx8mpn0v82i51gp,9,5,4.81
p10d5vx8mpn0v82i51gp,10,7,6.73
p10d5vx8mpn0v82i51gp,11,9,8.65
p10d5vx8mpn0v82i51gp,12,13,12.5
p10d5vx8mpn0v82i51gp,13,7,6.73
p10d5vx8mpn0v82i51gp,14,15,14.42
p10d5vx8mpn0v82i51gp,15,10,9.62
p10d5vx8mpn0v82i51gp,16,1,0.96
p10d5vx8mpn0v82i51gp,17,0,0.0
p10d5vx8mpn0v82i51gp,18,1,0.96
p10d5vx8mpn0v82i51gp,19,1,0.96
p10d5vx8mpn0v82i51gp,20,0,0.0
p10d5vx8mpn0v82i51gp,21,0,0.0
p10d5vx8mpn0v82i51gp,22,0,0.0
p10d5vx8mpn0v82i51gp,23,1,0.96
sushd67p0jy6f04a3h0m,0,4,4.17
sushd67p0jy6f04a3h0m,1,4,4.17
sushd67p0jy6f04a3h0m,2,3,3.12
sushd67p0jy6f04a3h0m,3,2,2.08
sushd67p0jy6f04a3h0m,4,2,2.08
sushd67p0jy6f04a3h0m,5,4,4.17
sushd67p0jy6f04a3h0m,6,4,4.17
sushd67p0jy6f04a3h0m,7,4,4.17
sushd67p0jy6f04a3h0m,8,6,6.25
sushd67p0jy6f04a3h0m,9,6,6.25
sushd67p0jy6f04a3h0m,10,10,10.42
sushd67p0jy6f04a3h0m,11,8,8.33
sushd67p0jy6f04a3h0m,12,6,6.25
sushd67p0jy6f04a3h0m,13,11,11.46
sushd67p0jy6f04a3h0m,14,12,12.5
sushd67p0jy6f04a3h0m,15,4,4.17
sushd67p0jy6f04a3h0m,16,4,4.17
sushd67p0jy6f04a3h0m,17,0,0.0
sushd67p0jy6f04a3h0m,18,1,1.04
sushd67p0jy6f04a3h0m,19,0,0.0
sushd67p0jy6f04a3h0m,20,0,0.0
sushd67p0jy6f04a3h0m,21,0,0.0
sushd67p0jy6f04a3h0m,22,0,0.0
sushd67p0jy6f04a3h0m,23,1,1.04
cmy2w5due4kl6pn6uia5,0,1,1.14
cmy2w5due4kl6pn6uia5,1,4,4.55
cmy2w5due4kl6pn6uia5,2,3,3.41
cmy2w5due4kl6pn6uia5,3,4,4.55
cmy2w5due4kl6pn6uia5,4,4,4.55
cmy2w5due4kl6pn6uia5,5,2,2.27
cmy2w5due4kl6pn6uia5,6,3,3.41
cmy2w5due4kl6pn6uia5,7,4,4.55
cmy2w5due4kl6pn6uia5,8,8,9.09
cmy2w5due4kl6pn6uia5,9,3,3.41
cmy2w5due4kl6pn6uia5,10,10,11.36
cmy2w5due4kl6pn6uia5,11,5,5.68
cmy2w5due4kl6pn6uia5,12,12,13.64
cmy2w5due4kl6pn6uia5,13,6,6.82
cmy2w5due4kl6pn6uia5,14,6,6.82
cmy2w5due4kl6pn6uia5,15,9,10.23
cmy2w5due4kl6pn6uia5,16,1,1.14
cmy2w5due4kl6pn6uia5,17,2,2.27
cmy2w5due4kl6pn6uia5,18,1,1.14
cmy2w5due4kl6pn6uia5,19,0,0.0
cmy2w5due4kl6pn6uia5,20,0,0.0
cmy2w5due4kl6pn6uia5,21,0,0.0
cmy2w5due4kl6pn6uia5,22,0,0.0
cmy2w5due4kl6pn6uia5,23,0,0.0
4oqxw56hzk4fk8aqh3e0,0,0,0.0
4oqxw56hzk4fk8aqh3e0,1,4,4.12
4oqxw56hzk4fk8aqh3e0,2,8,8.25
4oqxw56hzk4fk8aqh3e0,3,5,5.15
4oqxw56hzk4fk8aqh3e0,4,1,1.03
4oqxw56hzk4fk8aqh3e0,5,1,1.03
4oqxw56hzk4fk8aqh3e0,6,2,2.06
4oqxw56hzk4fk8aqh3e0,7,7,7.22
4oqxw56hzk4fk8aqh3e0,8,6,6.19
4oqxw56hzk4fk8aqh3e0,9,5,5.15
4oqxw56hzk4fk8aqh3e0,10,9,9.28
4oqxw56hzk4fk8aqh3e0,11,5,5.15
4oqxw56hzk4fk8aqh3e0,12,18,18.56
4oqxw56hzk4fk8aqh3e0,13,6,6.19
4oqxw56hzk4fk8aqh3e0,14,9,9.28
4oqxw56hzk4fk8aqh3e0,15,8,8.25
4oqxw56hzk4fk8aqh3e0,16,1,1.03
4oqxw56hzk4fk8aqh3e0,17,0,0.0
4oqxw56hzk4fk8aqh3e0,18,0,0.0
4oqxw56hzk4fk8aqh3e0,19,0,0.0
4oqxw56hzk4fk8aqh3e0,20,0,0.0
4oqxw56hzk4fk8aqh3e0,21,0,0.0
4oqxw56hzk4fk8aqh3e0,22,0,0.0
4oqxw56hzk4fk8aqh3e0,23,2,2.06
d4geyy1ox6qzlz4ibz0z,0,0,0.0
d4geyy1ox6qzlz4ibz0z,1,2,2.17
d4geyy1ox6qzlz4ibz0z,2,2,2.17
d4geyy1ox6qzlz4ibz0z,3,3,3.26
d4geyy1ox6qzlz4ibz0z,4,1,1.09
d4geyy1ox6qzlz4ibz0z,5,2,2.17
d4geyy1ox6qzlz4ibz0z,6,7,7.61
d4geyy1ox6qzlz4ibz0z,7,1,1.09
d4geyy1ox6qzlz4ibz0z,8,7,7.61
d4geyy1ox6qzlz4ibz0z,9,6,6.52
d4geyy1ox6qzlz4ibz0z,10,11,11.96
d4geyy1ox6qzlz4ibz0z,11,14,15.22
d4geyy1ox6qzlz4ibz0z,12,11,11.96
d4geyy1ox6qzlz4ibz0z,13,5,5.43
d4geyy1ox6qzlz4ibz0z,14,11,11.96
d4geyy1ox6qzlz4ibz0z,15,6,6.52
d4geyy1ox6qzlz4ibz0z,16,0,0.0
d4geyy1ox6qzlz4ibz0z,17,0,0.0
d4geyy1ox6qzlz4ibz0z,18,1,1.09
d4geyy1ox6qzlz4ibz0z,19,0,0.0
d4geyy1ox6qzlz4ibz0z,20,0,0.0
d4geyy1ox6qzlz4ibz0z,21,0,0.0
d4geyy1ox6qzlz4ibz0z,22,1,1.09
d4geyy1ox6qzlz4ibz0z,23,1,1.09
wu3cwt7cavxrllp6s123,0,4,3.64
wu3cwt7cavxrllp6s123,1,5,4.55
wu3cwt7cavxrllp6s123,2,4,3.64
wu3cwt7cavxrllp6s123,3,5,4.55
wu3cwt7cavxrllp6s123,4,5,4.55
wu3cwt7cavxrllp6s123,5,3,2.73
wu3cwt7cavxrllp6s123,6,2,1.82
wu3cwt7cavxrllp6s123,7,6,5.45
wu3cwt7cavxrllp6s123,8,6,5.45
wu3cwt7cavxrllp6s123,9,4,3.64
wu3cwt7cavxrllp6s123,10,10,9.09
wu3cwt7cavxrllp6s123,11,11,10.0
wu3cwt7cavxrllp6s123,12,19,17.27
wu3cwt7cavxrllp6s123,13,4,3.64
wu3cwt7cavxrllp6s123,14,13,11.82
wu3cwt7cavxrllp6s123,15,4,3.64
wu3cwt7cavxrllp6s123,16,2,1.82
wu3cwt7cavxrllp6s123,17,1,0.91
wu3cwt7cavxrllp6s123,18,0,0.0
wu3cwt7cavxrllp6s123,19,0,0.0
wu3cwt7cavxrllp6s123,20,0,0.0
wu3cwt7cavxrllp6s123,21,0,0.0
wu3cwt7cavxrllp6s123,22,1,0.91
wu3cwt7cavxrllp6s123,23,1,0.91
sf30f3p1koevnfztc2pd,0,5,5.05
sf30f3p1koevnfztc2pd,1,6,6.06
sf30f3p1koevnfztc2pd,2,7,7.07
sf30f3p1koevnfztc2pd,3,4,4.04
sf30f3p1koevnfztc2pd,4,2,2.02
sf30f3p1koevnfztc2pd,5,3,3.03
sf30f3p1koevnfztc2pd,6,1,1.01
sf30f3p1koevnfztc2pd,7,4,4.04
sf30f3p1koevnfztc2pd,8,9,9.09
sf30f3p1koevnfztc2pd,9,1,1.01
sf30f3p1koevnfztc2pd,10,4,4.04
sf30f3p1koevnfztc2pd,11,11,11.11
sf30f3p1koevnfztc2pd,12,9,9.09
sf30f3p1koevnfztc2pd,13,9,9.09
sf30f3p1koevnfztc2pd,14,10,10.1
sf30f3p1koevnfztc2pd,15,7,7.07
sf30f3p1koevnfztc2pd,16,2,2.02
sf30f3p1koevnfztc2pd,17,1,1.01
sf30f3p1koevnfztc2pd,18,1,1.01
sf30f3p1koevnfztc2pd,19,0,0.0
sf30f3p1koevnfztc2pd,20,0,0.0
sf30f3p1koevnfztc2pd,21,0,0.0
sf30f3p1koevnfztc2pd,22,0,0.0
sf30f3p1koevnfztc2pd,23,3,3.03
i8lx9f5ut0kaz120j30d,0,2,2.22
i8lx9f5ut0kaz120j30d,1,2,2.22
i8lx9f5ut0kaz120j30d,2,2,2.22
i8lx9f5ut0kaz120j30d,3,5,5.56
i8lx9f5ut0kaz120j30d,4,1,1.11
i8lx9f5ut0kaz120j30d,5,2,2.22
i8lx9f5ut0kaz120j30d,6,2,2.22
i8lx9f5ut0kaz120j30d,7,5,5.56
i8lx9f5ut0kaz120j30d,8,5,5.56
i8lx9f5ut0kaz120j30d,9,4,4.44
i8lx9f5ut0kaz120j30d,10,8,8.89
i8lx9f5ut0kaz120j30d,11,12,13.33
i8lx9f5ut0kaz120j30d,12,8,8.89
i8lx9f5ut0kaz120j30d,13,7,7.78
i8lx9f5ut0kaz120j30d,14,11,12.22
i8lx9f5ut0kaz120j30d,15,7,7.78
i8lx9f5ut0kaz120j30d,16,1,1.11
i8lx9f5ut0kaz120j30d,17,3,3.33
i8lx9f5ut0kaz120j30d,18,1,1.11
i8lx9f5ut0kaz120j30d,19,0,0.0
i8lx9f5ut0kaz120j30d,20,0,0.0
i8lx9f5ut0kaz120j30d,21,0,0.0
i8lx9f5ut0kaz120j30d,22,0,0.0
i8lx9f5ut0kaz120j30d,23,2,2.22
6ixkthdoadcwip3r1sy2,0,1,0.95
6ixkthdoadcwip3r1sy2,1,9,8.57
6ixkthdoadcwip3r1sy2,2,5,4.76
6ixkthdoadcwip3r1sy2,3,4,3.81
6ixkthdoadcwip3r1sy2,4,1,0.95
6ixkthdoadcwip3r1sy2,5,2,1.9
6ixkthdoadcwip3r1sy2,6,2,1.9
6ixkthdoadcwip3r1sy2,7,3,2.86
6ixkthdoadcwip3r1sy2,8,9,8.57
6ixkthdoadcwip3r1sy2,9,9,8.57
6ixkthdoadcwip3r1sy2,10,5,4.76
6ixkthdoadcwip3r1sy2,11,12,11.43
6ixkthdoadcwip3r1sy2,12,16,15.24
6ixkthdoadcwip3r1sy2,13,9,8.57
6ixkthdoadcwip3r1sy2,14,5,4.76
6ixkthdoadcwip3r1sy2,15,6,5.71
6ixkthdoadcwip3r1sy2,16,4,3.81
6ixkthdoadcwip3r1sy2,17,0,0.0
6ixkthdoadcwip3r1sy2,18,0,0.0
6ixkthdoadcwip3r1sy2,19,1,0.95
6ixkthdoadcwip3r1sy2,20,0,0.0
6ixkthdoadcwip3r1sy2,21,0,0.0
6ixkthdoadcwip3r1sy2,22,0,0.0
6ixkthdoadcwip3r1sy2,23,2,1.9
skyax9iocbd5gzronpru,0,4,3.39
skyax9iocbd5gzronpru,1,10,8.47
skyax9iocbd5gzronpru,2,3,2.54
skyax9iocbd5gzronpru,3,3,2.54
skyax9iocbd5gzronpru,4,4,3.39
skyax9iocbd5gzronpru,5,1,0.85
skyax9iocbd5gzronpru,6,4,3.39
skyax9iocbd5gzronpru,7,3,2.54
skyax9iocbd5gzronpru,8,9,7.63
skyax9iocbd5gzronpru,9,4,3.39
skyax9iocbd5gzronpru,10,13,11.02
skyax9iocbd5gzronpru,11,11,9.32
skyax9iocbd5gzronpru,12,10,8.47
skyax9iocbd5gzronpru,13,8,6.78
skyax9iocbd5gzronpru,14,14,11.86
skyax9iocbd5gzronpru,15,10,8.47
skyax9iocbd5gzronpru,16,2,1.69
skyax9iocbd5gzronpru,17,2,1.69
skyax9iocbd5gzronpru,18,0,0.0
skyax9iocbd5gzronpru,19,0,0.0
skyax9iocbd5gzronpru,20,0,0.0
skyax9iocbd5gzronpru,21,0,0.0
skyax9iocbd5gzronpru,22,1,0.85
skyax9iocbd5gzronpru,23,2,1.69
s97masc6nt48h4ly8s1w,0,3,3.0
s97masc6nt48h4ly8s1w,1,6,6.0
s97masc6nt48h4ly8s1w,2,3,3.0
s97masc6nt48h4ly8s1w,3,8,8.0
s97masc6nt48h4ly8s1w,4,2,2.0
s97masc6nt48h4ly8s1w,5,1,1.0
s97masc6nt48h4ly8s1w,6,1,1.0
s97masc6nt48h4ly8s1w,7,4,4.0
s97masc6nt48h4ly8s1w,8,5,5.0
s97masc6nt48h4ly8s1w,9,2,2.0
s97masc6nt48h4ly8s1w,10,10,10.0
s97masc6nt48h4ly8s1w,11,7,7.0
s97masc6nt48h4ly8s1w,12,10,10.0
s97masc6nt48h4ly8s1w,13,14,14.0
s97masc6nt48h4ly8s1w,14,14,14.0
s97masc6nt48h4ly8s1w,15,7,7.0
s97masc6nt48h4ly8s1w,16,2,2.0
s97masc6nt48h4ly8s1w,17,0,0.0
s97masc6nt48h4ly8s1w,18,0,0.0
s97masc6nt48h4ly8s1w,19,0,0.0
s97masc6nt48h4ly8s1w,20,0,0.0
s97masc6nt48h4ly8s1w,21,0,0.0
s97masc6nt48h4ly8s1w,22,0,0.0
s97masc6nt48h4ly8s1w,23,1,1.0
510a90cd169e2eb042ab,0,0,0.0
510a90cd169e2eb042ab,1,8,2.68
510a90cd169e2eb042ab,2,26,8.72
510a90cd169e2eb042ab,3,20,6.71
510a90cd169e2eb042ab,4,3,1.01
510a90cd169e2eb042ab,5,0,0.0
510a90cd169e2eb042ab,6,19,6.38
510a90cd169e2eb042ab,7,21,7.05
510a90cd169e2eb042ab,8,8,2.68
510a90cd169e2eb042ab,9,16,5.37
510a90cd169e2eb042ab,10,28,9.4
510a90cd169e2eb042ab,11,53,17.79
510a90cd169e2eb042ab,12,39,13.09
510a90cd169e2eb042ab,13,20,6.71
510a90cd169e2eb042ab,14,35,11.74
510a90cd169e2eb042ab,15,2,0.67
510a90cd169e2eb042ab,16,0,0.0
510a90cd169e2eb042ab,17,0,0.0
510a90cd169e2eb042ab,18,0,0.0
510a90cd169e2eb042ab,19,0,0.0
510a90cd169e2eb042ab,20,0,0.0
510a90cd169e2eb042ab,21,0,0.0
510a90cd169e2eb042ab,22,0,0.0
510a90cd169e2eb042ab,23,0,0.0
2959d8017312337a2ba6,0,12,4.14
2959d8017312337a2ba6,1,28,9.66
2959d8017312337a2ba6,2,18,6.21
2959d8017312337a2ba6,3,3,1.03
2959d8017312337a2ba6,4,5,1.72
2959d8017312337a2ba6,5,11,3.79
2959d8017312337a2ba6,6,6,2.07
2959d8017312337a2ba6,7,35,12.07
2959d8017312337a2ba6,8,43,14.83
2959d8017312337a2ba6,9,4,1.38
2959d8017312337a2ba6,10,15,5.17
2959d8017312337a2ba6,11,41,14.14
2959d8017312337a2ba6,12,44,15.17
2959d8017312337a2ba6,13,17,5.86
2959d8017312337a2ba6,14,6,2.07
2959d8017312337a2ba6,15,1,0.34
2959d8017312337a2ba6,16,0,0.0
2959d8017312337a2ba6,17,0,0.0
2959d8017312337a2ba6,18,0,0.0
2959d8017312337a2ba6,19,0,0.0
2959d8017312337a2ba6,20,0,0.0
2959d8017312337a2ba6,21,0,0.0
2959d8017312337a2ba6,22,0,0.0
2959d8017312337a2ba6,23,1,0.34
07e3362d20ff4337671b,0,15,15.0
07e3362d20ff4337671b,1,4,4.0
07e3362d20ff4337671b,2,16,16.0
07e3362d20ff4337671b,3,10,10.0
07e3362d20ff4337671b,4,4,4.0
07e3362d20ff4337671b,5,0,0.0
07e3362d20ff4337671b,6,0,0.0
07e3362d20ff4337671b,7,0,0.0
07e3362d20ff4337671b,8,0,0.0
07e3362d20ff4337671b,9,0,0.0
07e3362d20ff4337671b,10,0,0.0
07e3362d20ff4337671b,11,1,1.0
07e3362d20ff4337671b,12,3,3.0
07e3362d20ff4337671b,13,14,14.0
07e3362d20ff4337671b,14,0,0.0
07e3362d20ff4337671b,15,25,25.0
07e3362d20ff4337671b,16,8,8.0
07e3362d20ff4337671b,17,0,0.0
07e3362d20ff4337671b,18,0,0.0
07e3362d20ff4337671b,19,0,0.0
07e3362d20ff4337671b,20,0,0.0
07e3362d20ff4337671b,21,0,0.0
07e3362d20ff4337671b,22,0,0.0
07e3362d20ff4337671b,23,0,0.0
b6ed77b2b3283f9379c8,0,15,4.87
b6ed77b2b3283f9379c8,1,16,5.19
b6ed77b2b3283f9379c8,2,19,6.17
b6ed77b2b3283f9379c8,3,17,5.52
b6ed77b2b3283f9379c8,4,30,9.74
b6ed77b2b3283f9379c8,5,20,6.49
b6ed77b2b3283f9379c8,6,5,1.62
b6ed77b2b3283f9379c8,7,17,5.52
b6ed77b2b3283f9379c8,8,38,12.34
b6ed77b2b3283f9379c8,9,36,11.69
b6ed77b2b3283f9379c8,10,2,0.65
b6ed77b2b3283f9379c8,11,8,2.6
b6ed77b2b3283f9379c8,12,61,19.81
b6ed77b2b3283f9379c8,13,21,6.82
b6ed77b2b3283f9379c8,14,2,0.65
b6ed77b2b3283f9379c8,15,0,0.0
b6ed77b2b3283f9379c8,16,0,0.0
b6ed77b2b3283f9379c8,17,0,0.0
b6ed77b2b3283f9379c8,18,0,0.0
b6ed77b2b3283f9379c8,19,0,0.0
b6ed77b2b3283f9379c8,20,0,0.0
b6ed77b2b3283f9379c8,21,0,0.0
b6ed77b2b3283f9379c8,22,0,0.0
b6ed77b2b3283f9379c8,23,1,0.32
09dfa3f18e48917f0242,0,0,0.0
09dfa3f18e48917f0242,1,7,2.87
09dfa3f18e48917f0242,2,6,2.46
09dfa3f18e48917f0242,3,8,3.28
09dfa3f18e48917f0242,4,1,0.41
09dfa3f18e48917f0242,5,16,6.56
09dfa3f18e48917f0242,6,13,5.33
09dfa3f18e48917f0242,7,21,8.61
09dfa3f18e48917f0242,8,52,21.31
09dfa3f18e48917f0242,9,9,3.69
09dfa3f18e48917f0242,10,32,13.11
09dfa3f18e48917f0242,11,26,10.66
09dfa3f18e48917f0242,12,20,8.2
09dfa3f18e48917f0242,13,11,4.51
09dfa3f18e48917f0242,14,22,9.02
09dfa3f18e48917f0242,15,0,0.0
09dfa3f18e48917f0242,16,0,0.0
09dfa3f18e48917f0242,17,0,0.0
09dfa3f18e48917f0242,18,0,0.0
09dfa3f18e48917f0242,19,0,0.0
09dfa3f18e48917f0242,20,0,0.0
09dfa3f18e48917f0242,21,0,0.0
09dfa3f18e48917f0242,22,0,0.0
09dfa3f18e48917f0242,23,0,0.0
dba2bc2a15c1e8d696fe,0,1,1.25
dba2bc2a15c1e8d696fe,1,14,17.5
dba2bc2a15c1e8d696fe,2,8,10.0
dba2bc2a15c1e8d696fe,3,3,3.75
dba2bc2a15c1e8d696fe,4,12,15.0
dba2bc2a15c1e8d696fe,5,3,3.75
dba2bc2a15c1e8d696fe,6,0,0.0
dba2bc2a15c1e8d696fe,7,1,1.25
dba2bc2a15c1e8d696fe,8,0,0.0
dba2bc2a15c1e8d696fe,9,0,0.0
dba2bc2a15c1e8d696fe,10,1,1.25
dba2bc2a15c1e8d696fe,11,2,2.5
dba2bc2a15c1e8d696fe,12,0,0.0
dba2bc2a15c1e8d696fe,13,11,13.75
dba2bc2a15c1e8d696fe,14,9,11.25
dba2bc2a15c1e8d696fe,15,15,18.75
dba2bc2a15c1e8d696fe,16,0,0.0
dba2bc2a15c1e8d696fe,17,0,0.0
dba2bc2a15c1e8d696fe,18,0,0.0
dba2bc2a15c1e8d696fe,19,0,0.0
dba2bc2a15c1e8d696fe,20,0,0.0
dba2bc2a15c1e8d696fe,21,0,0.0
dba2bc2a15c1e8d696fe,22,0,0.0
dba2bc2a15c1e8d696fe,23,0,0.0
ca66ab7e59628143cf1e,0,0,0.0
ca66ab7e59628143cf1e,1,0,0.0
ca66ab7e59628143cf1e,2,0,0.0
ca66ab7e59628143cf1e,3,0,0.0
ca66ab7e59628143cf1e,4,0,0.0
ca66ab7e59628143cf1e,5,0,0.0
ca66ab7e59628143cf1e,6,0,0.0
ca66ab7e59628143cf1e,7,0,0.0
ca66ab7e59628143cf1e,8,11,15.28
ca66ab7e59628143cf1e,9,1,1.39
ca66ab7e59628143cf1e,10,6,8.33
ca66ab7e59628143cf1e,11,6,8.33
ca66ab7e59628143cf1e,12,37,51.39
ca66ab7e59628143cf1e,13,9,12.5
ca66ab7e59628143cf1e,14,0,0.0
ca66ab7e59628143cf1e,15,2,2.78
ca66ab7e59628143cf1e,16,0,0.0
ca66ab7e59628143cf1e,17,0,0.0
ca66ab7e59628143cf1e,18,0,0.0
ca66ab7e59628143cf1e,19,0,0.0
ca66ab7e59628143cf1e,20,0,0.0
ca66ab7e59628143cf1e,21,0,0.0
ca66ab7e59628143cf1e,22,0,0.0
ca66ab7e59628143cf1e,23,0,0.0
4a7f53c0a376edadf38a,0,12,7.79
4a7f53c0a376edadf38a,1,5,3.25
4a7f53c0a376edadf38a,2,0,0.0
4a7f53c0a376edadf38a,3,9,5.84
4a7f53c0a376edadf38a,4,0,0.0
4a7f53c0a376edadf38a,5,0,0.0
4a7f53c0a376edadf38a,6,12,7.79
4a7f53c0a376edadf38a,7,0,0.0
4a7f53c0a376edadf38a,8,0,0.0
4a7f53c0a376edadf38a,9,11,7.14
4a7f53c0a376edadf38a,10,6,3.9
4a7f53c0a376edadf38a,11,28,18.18
4a7f53c0a376edadf38a,12,52,33.77
4a7f53c0a376edadf38a,13,11,7.14
4a7f53c0a376edadf38a,14,8,5.19
4a7f53c0a376edadf38a,15,0,0.0
4a7f53c0a376edadf38a,16,0,0.0
4a7f53c0a376edadf38a,17,0,0.0
4a7f53c0a376edadf38a,18,0,0.0
4a7f53c0a376edadf38a,19,0,0.0
4a7f53c0a376edadf38a,20,0,0.0
4a7f53c0a376edadf38a,21,0,0.0
4a7f53c0a376edadf38a,22,0,0.0
4a7f53c0a376edadf38a,23,0,0.0
bfcf5965e6024248f0a3,0,0,0.0
bfcf5965e6024248f0a3,1,0,0.0
bfcf5965e6024248f0a3,2,9,9.57
bfcf5965e6024248f0a3,3,0,0.0
bfcf5965e6024248f0a3,4,7,7.45
bfcf5965e6024248f0a3,5,36,38.3
bfcf5965e6024248f0a3,6,24,25.53
bfcf5965e6024248f0a3,7,0,0.0
bfcf5965e6024248f0a3,8,0,0.0
bfcf5965e6024248f0a3,9,0,0.0
bfcf5965e6024248f0a3,10,0,0.0
bfcf5965e6024248f0a3,11,0,0.0
bfcf5965e6024248f0a3,12,12,12.77
bfcf5965e6024248f0a3,13,6,6.38
bfcf5965e6024248f0a3,14,0,0.0
bfcf5965e6024248f0a3,15,0,0.0
bfcf5965e6024248f0a3,16,0,0.0
bfcf5965e6024248f0a3,17,0,0.0
bfcf5965e6024248f0a3,18,0,0.0
bfcf5965e6024248f0a3,19,0,0.0
bfcf5965e6024248f0a3,20,0,0.0
bfcf5965e6024248f0a3,21,0,0.0
bfcf5965e6024248f0a3,22,0,0.0
bfcf5965e6024248f0a3,23,0,0.0
4156dc6090d72c95c23b,0,0,0.0
4156dc6090d72c95c23b,1,0,0.0
4156dc6090d72c95c23b,2,0,0.0
4156dc6090d72c95c23b,3,0,0.0
4156dc6090d72c95c23b,4,0,0.0
4156dc6090d72c95c23b,5,0,0.0
4156dc6090d72c95c23b,6,0,0.0
4156dc6090d72c95c23b,7,0,0.0
4156dc6090d72c95c23b,8,0,0.0
4156dc6090d72c95c23b,9,0,0.0
4156dc6090d72c95c23b,10,7,9.21
4156dc6090d72c95c23b,11,27,35.53
4156dc6090d72c95c23b,12,37,48.68
4156dc6090d72c95c23b,13,5,6.58
4156dc6090d72c95c23b,14,0,0.0
4156dc6090d72c95c23b,15,0,0.0
4156dc6090d72c95c23b,16,0,0.0
4156dc6090d72c95c23b,17,0,0.0
4156dc6090d72c95c23b,18,0,0.0
4156dc6090d72c95c23b,19,0,0.0
4156dc6090d72c95c23b,20,0,0.0
4156dc6090d72c95c23b,21,0,0.0
4156dc6090d72c95c23b,22,0,0.0
4156dc6090d72c95c23b,23,0,0.0
1b36a3223f9dd94a211f,0,7,4.49
1b36a3223f9dd94a211f,1,8,5.13
1b36a3223f9dd94a211f,2,6,3.85
1b36a3223f9dd94a211f,3,2,1.28
1b36a3223f9dd94a211f,4,1,0.64
1b36a3223f9dd94a211f,5,0,0.0
1b36a3223f9dd94a211f,6,4,2.56
1b36a3223f9dd94a211f,7,8,5.13
1b36a3223f9dd94a211f,8,6,3.85
1b36a3223f9dd94a211f,9,7,4.49
1b36a3223f9dd94a211f,10,41,26.28
1b36a3223f9dd94a211f,11,29,18.59
1b36a3223f9dd94a211f,12,19,12.18
1b36a3223f9dd94a211f,13,11,7.05
1b36a3223f9dd94a211f,14,4,2.56
1b36a3223f9dd94a211f,15,3,1.92
1b36a3223f9dd94a211f,16,0,0.0
1b36a3223f9dd94a211f,17,0,0.0
1b36a3223f9dd94a211f,18,0,0.0
1b36a3223f9dd94a211f,19,0,0.0
1b36a3223f9dd94a211f,20,0,0.0
1b36a3223f9dd94a211f,21,0,0.0
1b36a3223f9dd94a211f,22,0,0.0
1b36a3223f9dd94a211f,23,0,0.0
8cdbc02c05d6ebafa9eb,0,0,0.0
8cdbc02c05d6ebafa9eb,1,0,0.0
8cdbc02c05d6ebafa9eb,2,2,2.67
8cdbc02c05d6ebafa9eb,3,0,0.0
8cdbc02c05d6ebafa9eb,4,1,1.33
8cdbc02c05d6ebafa9eb,5,1,1.33
8cdbc02c05d6ebafa9eb,6,7,9.33
8cdbc02c05d6ebafa9eb,7,5,6.67
8cdbc02c05d6ebafa9eb,8,13,17.33
8cdbc02c05d6ebafa9eb,9,2,2.67
8cdbc02c05d6ebafa9eb,10,6,8.0
8cdbc02c05d6ebafa9eb,11,10,13.33
8cdbc02c05d6ebafa9eb,12,7,9.33
8cdbc02c05d6ebafa9eb,13,15,20.0
8cdbc02c05d6ebafa9eb,14,6,8.0
8cdbc02c05d6ebafa9eb,15,0,0.0
8cdbc02c05d6ebafa9eb,16,0,0.0
8cdbc02c05d6ebafa9eb,17,0,0.0
8cdbc02c05d6ebafa9eb,18,0,0.0
8cdbc02c05d6ebafa9eb,19,0,0.0
8cdbc02c05d6ebafa9eb,20,0,0.0
8cdbc02c05d6ebafa9eb,21,0,0.0
8cdbc02c05d6ebafa9eb,22,0,0.0
8cdbc02c05d6ebafa9eb,23,0,0.0
390d1fc3b78420815190,0,0,0.0
390d1fc3b78420815190,1,0,0.0
390d1fc3b78420815190,2,9,5.92
390d1fc3b78420815190,3,3,1.97
390d1fc3b78420815190,4,10,6.58
390d1fc3b78420815190,5,45,29.61
390d1fc3b78420815190,6,11,7.24
390d1fc3b78420815190,7,11,7.24
390d1fc3b78420815190,8,21,13.82
390d1fc3b78420815190,9,6,3.95
390d1fc3b78420815190,10,8,5.26
390d1fc3b78420815190,11,6,3.95
390d1fc3b78420815190,12,11,7.24
390d1fc3b78420815190,13,8,5.26
390d1fc3b78420815190,14,3,1.97
390d1fc3b78420815190,15,0,0.0
390d1fc3b78420815190,16,0,0.0
390d1fc3b78420815190,17,0,0.0
390d1fc3b78420815190,18,0,0.0
390d1fc3b78420815190,19,0,0.0
390d1fc3b78420815190,20,0,0.0
390d1fc3b78420815190,21,0,0.0
390d1fc3b78420815190,22,0,0.0
390d1fc3b78420815190,23,0,0.0
be24259f2867b231800d,0,2,1.59
be24259f2867b231800d,1,0,0.0
be24259f2867b231800d,2,8,6.35
be24259f2867b231800d,3,2,1.59
be24259f2867b231800d,4,0,0.0
be24259f2867b231800d,5,4,3.17
be24259f2867b231800d,6,2,1.59
be24259f2867b231800d,7,0,0.0
be24259f2867b231800d,8,22,17.46
be24259f2867b231800d,9,2,1.59
be24259f2867b231800d,10,0,0.0
be24259f2867b231800d,11,26,20.63
be24259f2867b231800d,12,32,25.4
be24259f2867b231800d,13,8,6.35
be24259f2867b231800d,14,16,12.7
be24259f2867b231800d,15,2,1.59
be24259f2867b231800d,16,0,0.0
be24259f2867b231800d,17,0,0.0
be24259f2867b231800d,18,0,0.0
be24259f2867b231800d,19,0,0.0
be24259f2867b231800d,20,0,0.0
be24259f2867b231800d,21,0,0.0
be24259f2867b231800d,22,0,0.0
be24259f2867b231800d,23,0,0.0
c7c79725138f07b9c265,0,0,0.0
c7c79725138f07b9c265,1,0,0.0
c7c79725138f07b9c265,2,0,0.0
c7c79725138f07b9c265,3,0,0.0
c7c79725138f07b9c265,4,0,0.0
c7c79725138f07b9c265,5,0,0.0
c7c79725138f07b9c265,6,8,2.3
c7c79725138f07b9c265,7,16,4.6
c7c79725138f07b9c265,8,12,3.45
c7c79725138f07b9c265,9,23,6.61
c7c79725138f07b9c265,10,49,14.08
c7c79725138f07b9c265,11,117,33.62
c7c79725138f07b9c265,12,57,16.38
c7c79725138f07b9c265,13,27,7.76
c7c79725138f07b9c265,14,32,9.2
c7c79725138f07b9c265,15,7,2.01
c7c79725138f07b9c265,16,0,0.0
c7c79725138f07b9c265,17,0,0.0
c7c79725138f07b9c265,18,0,0.0
c7c79725138f07b9c265,19,0,0.0
c7c79725138f07b9c265,20,0,0.0
c7c79725138f07b9c265,21,0,0.0
c7c79725138f07b9c265,22,0,0.0
c7c79725138f07b9c265,23,0,0.0
e199ddadaaf5aee02eb8,0,20,13.07
e199ddadaaf5aee02eb8,1,12,7.84
e199ddadaaf5aee02eb8,2,10,6.54
e199ddadaaf5aee02eb8,3,1,0.65
e199ddadaaf5aee02eb8,4,0,0.0
e199ddadaaf5aee02eb8,5,1,0.65
e199ddadaaf5aee02eb8,6,3,1.96
e199ddadaaf5aee02eb8,7,17,11.11
e199ddadaaf5aee02eb8,8,9,5.88
e199ddadaaf5aee02eb8,9,4,2.61
e199ddadaaf5aee02eb8,10,2,1.31
e199ddadaaf5aee02eb8,11,14,9.15
e199ddadaaf5aee02eb8,12,13,8.5
e199ddadaaf5aee02eb8,13,13,8.5
e199ddadaaf5aee02eb8,14,4,2.61
e199ddadaaf5aee02eb8,15,23,15.03
e199ddadaaf5aee02eb8,16,7,4.58
e199ddadaaf5aee02eb8,17,0,0.0
e199ddadaaf5aee02eb8,18,0,0.0
e199ddadaaf5aee02eb8,19,0,0.0
e199ddadaaf5aee02eb8,20,0,0.0
e199ddadaaf5aee02eb8,21,0,0.0
e199ddadaaf5aee02eb8,22,0,0.0
e199ddadaaf5aee02eb8,23,0,0.0
b92448e12093e45dc6ff,0,4,1.9
b92448e12093e45dc6ff,1,7,3.33
b92448e12093e45dc6ff,2,7,3.33
b92448e12093e45dc6ff,3,4,1.9
b92448e12093e45dc6ff,4,2,0.95
b92448e12093e45dc6ff,5,18,8.57
b92448e12093e45dc6ff,6,15,7.14
b92448e12093e45dc6ff,7,19,9.05
b92448e12093e45dc6ff,8,0,0.0
b92448e12093e45dc6ff,9,0,0.0
b92448e12093e45dc6ff,10,16,7.62
b92448e12093e45dc6ff,11,40,19.05
b92448e12093e45dc6ff,12,36,17.14
b92448e12093e45dc6ff,13,19,9.05
b92448e12093e45dc6ff,14,23,10.95
b92448e12093e45dc6ff,15,0,0.0
b92448e12093e45dc6ff,16,0,0.0
b92448e12093e45dc6ff,17,0,0.0
b92448e12093e45dc6ff,18,0,0.0
b92448e12093e45dc6ff,19,0,0.0
b92448e12093e45dc6ff,20,0,0.0
b92448e12093e45dc6ff,21,0,0.0
b92448e12093e45dc6ff,22,0,0.0
b92448e12093e45dc6ff,23,0,0.0
28d90a892cc66338f962,0,2,1.65
28d90a892cc66338f962,1,3,2.48
28d90a892cc66338f962,2,3,2.48
28d90a892cc66338f962,3,3,2.48
28d90a892cc66338f962,4,15,12.4
28d90a892cc66338f962,5,3,2.48
28d90a892cc66338f962,6,0,0.0
28d90a892cc66338f962,7,0,0.0
28d90a892cc66338f962,8,11,9.09
28d90a892cc66338f962,9,0,0.0
28d90a892cc66338f962,10,18,14.88
28d90a892cc66338f962,11,10,8.26
28d90a892cc66338f962,12,7,5.79
28d90a892cc66338f962,13,1,0.83
28d90a892cc66338f962,14,23,19.01
28d90a892cc66338f962,15,14,11.57
28d90a892cc66338f962,16,8,6.61
28d90a892cc66338f962,17,0,0.0
28d90a892cc66338f962,18,0,0.0
28d90a892cc66338f962,19,0,0.0
28d90a892cc66338f962,20,0,0.0
28d90a892cc66338f962,21,0,0.0
28d90a892cc66338f962,22,0,0.0
28d90a892cc66338f962,23,0,0.0
3a9d955e2ef47191a742,0,9,5.59
3a9d955e2ef47191a742,1,5,3.11
3a9d955e2ef47191a742,2,18,11.18
3a9d955e2ef47191a742,3,7,4.35
3a9d955e2ef47191a742,4,8,4.97
3a9d955e2ef47191a742,5,1,0.62
3a9d955e2ef47191a742,6,0,0.0
3a9d955e2ef47191a742,7,15,9.32
3a9d955e2ef47191a742,8,36,22.36
3a9d955e2ef47191a742,9,5,3.11
3a9d955e2ef47191a742,10,3,1.86
3a9d955e2ef47191a742,11,2,1.24
3a9d955e2ef47191a742,12,29,18.01
3a9d955e2ef47191a742,13,20,12.42
3a9d955e2ef47191a742,14,3,1.86
3a9d955e2ef47191a742,15,0,0.0
3a9d955e2ef47191a742,16,0,0.0
3a9d955e2ef47191a742,17,0,0.0
3a9d955e2ef47191a742,18,0,0.0
3a9d955e2ef47191a742,19,0,0.0
3a9d955e2ef47191a742,20,0,0.0
3a9d955e2ef47191a742,21,0,0.0
3a9d955e2ef47191a742,22,0,0.0
3a9d955e2ef47191a742,23,0,0.0
1096bd470d3ddff1ec1c,0,10,6.67
1096bd470d3ddff1ec1c,1,7,4.67
1096bd470d3ddff1ec1c,2,4,2.67
1096bd470d3ddff1ec1c,3,0,0.0
1096bd470d3ddff1ec1c,4,0,0.0
1096bd470d3ddff1ec1c,5,0,0.0
1096bd470d3ddff1ec1c,6,1,0.67
1096bd470d3ddff1ec1c,7,0,0.0
1096bd470d3ddff1ec1c,8,0,0.0
1096bd470d3ddff1ec1c,9,0,0.0
1096bd470d3ddff1ec1c,10,7,4.67
1096bd470d3ddff1ec1c,11,19,12.67
1096bd470d3ddff1ec1c,12,21,14.0
1096bd470d3ddff1ec1c,13,6,4.0
1096bd470d3ddff1ec1c,14,38,25.33
1096bd470d3ddff1ec1c,15,11,7.33
1096bd470d3ddff1ec1c,16,12,8.0
1096bd470d3ddff1ec1c,17,4,2.67
1096bd470d3ddff1ec1c,18,0,0.0
1096bd470d3ddff1ec1c,19,0,0.0
1096bd470d3ddff1ec1c,20,0,0.0
1096bd470d3ddff1ec1c,21,0,0.0
1096bd470d3ddff1ec1c,22,3,2.0
1096bd470d3ddff1ec1c,23,7,4.67
8b586d8b9c06414b2487,0,21,10.5
8b586d8b9c06414b2487,1,11,5.5
8b586d8b9c06414b2487,2,24,12.0
8b586d8b9c06414b2487,3,39,19.5
8b586d8b9c06414b2487,4,13,6.5
8b586d8b9c06414b2487,5,1,0.5
8b586d8b9c06414b2487,6,7,3.5
8b586d8b9c06414b2487,7,7,3.5
8b586d8b9c06414b2487,8,6,3.0
8b586d8b9c06414b2487,9,4,2.0
8b586d8b9c06414b2487,10,9,4.5
8b586d8b9c06414b2487,11,27,13.5
8b586d8b9c06414b2487,12,3,1.5
8b586d8b9c06414b2487,13,22,11.0
8b586d8b9c06414b2487,14,1,0.5
8b586d8b9c06414b2487,15,4,2.0
8b586d8b9c06414b2487,16,0,0.0
8b586d8b9c06414b2487,17,0,0.0
8b586d8b9c06414b2487,18,0,0.0
8b586d8b9c06414b2487,19,0,0.0
8b586d8b9c06414b2487,20,0,0.0
8b586d8b9c06414b2487,21,0,0.0
8b586d8b9c06414b2487,22,0,0.0
8b586d8b9c06414b2487,23,1,0.5
cc317db3f3bb874542a7,0,3,2.13
cc317db3f3bb874542a7,1,0,0.0
cc317db3f3bb874542a7,2,0,0.0
cc317db3f3bb874542a7,3,0,0.0
cc317db3f3bb874542a7,4,11,7.8
cc317db3f3bb874542a7,5,0,0.0
cc317db3f3bb874542a7,6,5,3.55
cc317db3f3bb874542a7,7,11,7.8
cc317db3f3bb874542a7,8,26,18.44
cc317db3f3bb874542a7,9,1,0.71
cc317db3f3bb874542a7,10,3,2.13
cc317db3f3bb874542a7,11,8,5.67
cc317db3f3bb874542a7,12,33,23.4
cc317db3f3bb874542a7,13,40,28.37
cc317db3f3bb874542a7,14,0,0.0
cc317db3f3bb874542a7,15,0,0.0
cc317db3f3bb874542a7,16,0,0.0
cc317db3f3bb874542a7,17,0,0.0
cc317db3f3bb874542a7,18,0,0.0
cc317db3f3bb874542a7,19,0,0.0
cc317db3f3bb874542a7,20,0,0.0
cc317db3f3bb874542a7,21,0,0.0
cc317db3f3bb874542a7,22,0,0.0
cc317db3f3bb874542a7,23,0,0.0
1224ceafb61456a033d0,0,0,0.0
1224ceafb61456a033d0,1,1,0.82
1224ceafb61456a033d0,2,47,38.52
1224ceafb61456a033d0,3,13,10.66
1224ceafb61456a033d0,4,5,4.1
1224ceafb61456a033d0,5,8,6.56
1224ceafb61456a033d0,6,2,1.64
1224ceafb61456a033d0,7,3,2.46
1224ceafb61456a033d0,8,3,2.46
1224ceafb61456a033d0,9,4,3.28
1224ceafb61456a033d0,10,4,3.28
1224ceafb61456a033d0,11,6,4.92
1224ceafb61456a033d0,12,14,11.48
1224ceafb61456a033d0,13,11,9.02
1224ceafb61456a033d0,14,1,0.82
1224ceafb61456a033d0,15,0,0.0
1224ceafb61456a033d0,16,0,0.0
1224ceafb61456a033d0,17,0,0.0
1224ceafb61456a033d0,18,0,0.0
1224ceafb61456a033d0,19,0,0.0
1224ceafb61456a033d0,20,0,0.0
1224ceafb61456a033d0,21,0,0.0
1224ceafb61456a033d0,22,0,0.0
1224ceafb61456a033d0,23,0,0.0
29acddb87cfe062d73f5,0,10,7.69
29acddb87cfe062d73f5,1,8,6.15
29acddb87cfe062d73f5,2,0,0.0
29acddb87cfe062d73f5,3,0,0.0
29acddb87cfe062d73f5,4,0,0.0
29acddb87cfe062d73f5,5,2,1.54
29acddb87cfe062d73f5,6,0,0.0
29acddb87cfe062d73f5,7,5,3.85
29acddb87cfe062d73f5,8,17,13.08
29acddb87cfe062d73f5,9,12,9.23
29acddb87cfe062d73f5,10,6,4.62
29acddb87cfe062d73f5,11,1,0.77
29acddb87cfe062d73f5,12,14,10.77
29acddb87cfe062d73f5,13,36,27.69
29acddb87cfe062d73f5,14,13,10.0
29acddb87cfe062d73f5,15,0,0.0
29acddb87cfe062d73f5,16,0,0.0
29acddb87cfe062d73f5,17,0,0.0
29acddb87cfe062d73f5,18,0,0.0
29acddb87cfe062d73f5,19,0,0.0
29acddb87cfe062d73f5,20,0,0.0
29acddb87cfe062d73f5,21,0,0.0
29acddb87cfe062d73f5,22,2,1.54
29acddb87cfe062d73f5,23,4,3.08
e103cf810dfba59d0431,0,6,4.35
e103cf810dfba59d0431,1,3,2.17
e103cf810dfba59d0431,2,0,0.0
e103cf810dfba59d0431,3,0,0.0
e103cf810dfba59d0431,4,0,0.0
e103cf810dfba59d0431,5,4,2.9
e103cf810dfba59d0431,6,11,7.97
e103cf810dfba59d0431,7,10,7.25
e103cf810dfba59d0431,8,0,0.0
e103cf810dfba59d0431,9,6,4.35
e103cf810dfba59d0431,10,0,0.0
e103cf810dfba59d0431,11,14,10.14
e103cf810dfba59d0431,12,24,17.39
e103cf810dfba59d0431,13,46,33.33
e103cf810dfba59d0431,14,0,0.0
e103cf810dfba59d0431,15,14,10.14
e103cf810dfba59d0431,16,0,0.0
e103cf810dfba59d0431,17,0,0.0
e103cf810dfba59d0431,18,0,0.0
e103cf810dfba59d0431,19,0,0.0
e103cf810dfba59d0431,20,0,0.0
e103cf810dfba59d0431,21,0,0.0
e103cf810dfba59d0431,22,0,0.0
e103cf810dfba59d0431,23,0,0.0
25c8e1ae2335e8c3e5b3,0,29,12.83
25c8e1ae2335e8c3e5b3,1,1,0.44
25c8e1ae2335e8c3e5b3,2,2,0.88
25c8e1ae2335e8c3e5b3,3,0,0.0
25c8e1ae2335e8c3e5b3,4,19,8.41
25c8e1ae2335e8c3e5b3,5,7,3.1
25c8e1ae2335e8c3e5b3,6,2,0.88
25c8e1ae2335e8c3e5b3,7,23,10.18
25c8e1ae2335e8c3e5b3,8,13,5.75
25c8e1ae2335e8c3e5b3,9,1,0.44
25c8e1ae2335e8c3e5b3,10,20,8.85
25c8e1ae2335e8c3e5b3,11,23,10.18
25c8e1ae2335e8c3e5b3,12,39,17.26
25c8e1ae2335e8c3e5b3,13,15,6.64
25c8e1ae2335e8c3e5b3,14,20,8.85
25c8e1ae2335e8c3e5b3,15,2,0.88
25c8e1ae2335e8c3e5b3,16,0,0.0
25c8e1ae2335e8c3e5b3,17,0,0.0
25c8e1ae2335e8c3e5b3,18,0,0.0
25c8e1ae2335e8c3e5b3,19,0,0.0
25c8e1ae2335e8c3e5b3,20,0,0.0
25c8e1ae2335e8c3e5b3,21,0,0.0
25c8e1ae2335e8c3e5b3,22,0,0.0
25c8e1ae2335e8c3e5b3,23,10,4.42
b8a4fd679898150ef87a,0,16,4.82
b8a4fd679898150ef87a,1,15,4.52
b8a4fd679898150ef87a,2,9,2.71
b8a4fd679898150ef87a,3,11,3.31
b8a4fd679898150ef87a,4,3,0.9
b8a4fd679898150ef87a,5,11,3.31
b8a4fd679898150ef87a,6,2,0.6
b8a4fd679898150ef87a,7,29,8.73
b8a4fd679898150ef87a,8,26,7.83
b8a4fd679898150ef87a,9,9,2.71
b8a4fd679898150ef87a,10,22,6.63
b8a4fd679898150ef87a,11,26,7.83
b8a4fd679898150ef87a,12,23,6.93
b8a4fd679898150ef87a,13,34,10.24
b8a4fd679898150ef87a,14,41,12.35
b8a4fd679898150ef87a,15,32,9.64
b8a4fd679898150ef87a,16,1,0.3
b8a4fd679898150ef87a,17,0,0.0
b8a4fd679898150ef87a,18,0,0.0
b8a4fd679898150ef87a,19,0,0.0
b8a4fd679898150ef87a,20,0,0.0
b8a4fd679898150ef87a,21,0,0.0
b8a4fd679898150ef87a,22,13,3.92
b8a4fd679898150ef87a,23,9,2.71
80423084979315c20dbf,0,0,0.0
80423084979315c20dbf,1,0,0.0
80423084979315c20dbf,2,0,0.0
80423084979315c20dbf,3,0,0.0
80423084979315c20dbf,4,0,0.0
80423084979315c20dbf,5,0,0.0
80423084979315c20dbf,6,2,1.23
80423084979315c20dbf,7,9,5.52
80423084979315c20dbf,8,3,1.84
80423084979315c20dbf,9,6,3.68
80423084979315c20dbf,10,35,21.47
80423084979315c20dbf,11,40,24.54
80423084979315c20dbf,12,39,23.93
80423084979315c20dbf,13,17,10.43
80423084979315c20dbf,14,12,7.36
80423084979315c20dbf,15,0,0.0
80423084979315c20dbf,16,0,0.0
80423084979315c20dbf,17,0,0.0
80423084979315c20dbf,18,0,0.0
80423084979315c20dbf,19,0,0.0
80423084979315c20dbf,20,0,0.0
80423084979315c20dbf,21,0,0.0
80423084979315c20dbf,22,0,0.0
80423084979315c20dbf,23,0,0.0
217c87d59a4372c4f3fc,0,4,1.93
217c87d59a4372c4f3fc,1,0,0.0
217c87d59a4372c4f3fc,2,0,0.0
217c87d59a4372c4f3fc,3,0,0.0
217c87d59a4372c4f3fc,4,0,0.0
217c87d59a4372c4f3fc,5,11,5.31
217c87d59a4372c4f3fc,6,27,13.04
217c87d59a4372c4f3fc,7,14,6.76
217c87d59a4372c4f3fc,8,23,11.11
217c87d59a4372c4f3fc,9,38,18.36
217c87d59a4372c4f3fc,10,26,12.56
217c87d59a4372c4f3fc,11,12,5.8
217c87d59a4372c4f3fc,12,16,7.73
217c87d59a4372c4f3fc,13,23,11.11
217c87d59a4372c4f3fc,14,10,4.83
217c87d59a4372c4f3fc,15,3,1.45
217c87d59a4372c4f3fc,16,0,0.0
217c87d59a4372c4f3fc,17,0,0.0
217c87d59a4372c4f3fc,18,0,0.0
217c87d59a4372c4f3fc,19,0,0.0
217c87d59a4372c4f3fc,20,0,0.0
217c87d59a4372c4f3fc,21,0,0.0
217c87d59a4372c4f3fc,22,0,0.0
217c87d59a4372c4f3fc,23,0,0.0
5ada57d72f07c3803d33,0,0,0.0
5ada57d72f07c3803d33,1,0,0.0
5ada57d72f07c3803d33,2,0,0.0
5ada57d72f07c3803d33,3,14,11.48
5ada57d72f07c3803d33,4,0,0.0
5ada57d72f07c3803d33,5,2,1.64
5ada57d72f07c3803d33,6,15,12.3
5ada57d72f07c3803d33,7,15,12.3
5ada57d72f07c3803d33,8,26,21.31
5ada57d72f07c3803d33,9,10,8.2
5ada57d72f07c3803d33,10,6,4.92
5ada57d72f07c3803d33,11,3,2.46
5ada57d72f07c3803d33,12,21,17.21
5ada57d72f07c3803d33,13,9,7.38
5ada57d72f07c3803d33,14,1,0.82
5ada57d72f07c3803d33,15,0,0.0
5ada57d72f07c3803d33,16,0,0.0
5ada57d72f07c3803d33,17,0,0.0
5ada57d72f07c3803d33,18,0,0.0
5ada57d72f07c3803d33,19,0,0.0
5ada57d72f07c3803d33,20,0,0.0
5ada57d72f07c3803d33,21,0,0.0
5ada57d72f07c3803d33,22,0,0.0
5ada57d72f07c3803d33,23,0,0.0
f1c1c0932bfeb74762d0,0,11,3.51
f1c1c0932bfeb74762d0,1,5,1.6
f1c1c0932bfeb74762d0,2,16,5.11
f1c1c0932bfeb74762d0,3,25,7.99
f1c1c0932bfeb74762d0,4,1,0.32
f1c1c0932bfeb74762d0,5,2,0.64
f1c1c0932bfeb74762d0,6,0,0.0
f1c1c0932bfeb74762d0,7,3,0.96
f1c1c0932bfeb74762d0,8,4,1.28
f1c1c0932bfeb74762d0,9,0,0.0
f1c1c0932bfeb74762d0,10,45,14.38
f1c1c0932bfeb74762d0,11,90,28.75
f1c1c0932bfeb74762d0,12,56,17.89
f1c1c0932bfeb74762d0,13,39,12.46
f1c1c0932bfeb74762d0,14,0,0.0
f1c1c0932bfeb74762d0,15,14,4.47
f1c1c0932bfeb74762d0,16,2,0.64
f1c1c0932bfeb74762d0,17,0,0.0
f1c1c0932bfeb74762d0,18,0,0.0
f1c1c0932bfeb74762d0,19,0,0.0
f1c1c0932bfeb74762d0,20,0,0.0
f1c1c0932bfeb74762d0,21,0,0.0
f1c1c0932bfeb74762d0,22,0,0.0
f1c1c0932bfeb74762d0,23,0,0.0
b21ec59d991586279d95,0,25,11.68
b21ec59d991586279d95,1,20,9.35
b21ec59d991586279d95,2,44,20.56
b21ec59d991586279d95,3,0,0.0
b21ec59d991586279d95,4,19,8.88
b21ec59d991586279d95,5,2,0.93
b21ec59d991586279d95,6,4,1.87
b21ec59d991586279d95,7,0,0.0
b21ec59d991586279d95,8,0,0.0
b21ec59d991586279d95,9,4,1.87
b21ec59d991586279d95,10,7,3.27
b21ec59d991586279d95,11,30,14.02
b21ec59d991586279d95,12,35,16.36
b21ec59d991586279d95,13,10,4.67
b21ec59d991586279d95,14,14,6.54
b21ec59d991586279d95,15,0,0.0
b21ec59d991586279d95,16,0,0.0
b21ec59d991586279d95,17,0,0.0
b21ec59d991586279d95,18,0,0.0
b21ec59d991586279d95,19,0,0.0
b21ec59d991586279d95,20,0,0.0
b21ec59d991586279d95,21,0,0.0
b21ec59d991586279d95,22,0,0.0
b21ec59d991586279d95,23,0,0.0
e28711e2f5500d3d6b04,0,5,1.12
e28711e2f5500d3d6b04,1,21,4.69
e28711e2f5500d3d6b04,2,10,2.23
e28711e2f5500d3d6b04,3,33,7.37
e28711e2f5500d3d6b04,4,0,0.0
e28711e2f5500d3d6b04,5,0,0.0
e28711e2f5500d3d6b04,6,3,0.67
e28711e2f5500d3d6b04,7,33,7.37
e28711e2f5500d3d6b04,8,7,1.56
e28711e2f5500d3d6b04,9,5,1.12
e28711e2f5500d3d6b04,10,32,7.14
e28711e2f5500d3d6b04,11,49,10.94
e28711e2f5500d3d6b04,12,64,14.29
e28711e2f5500d3d6b04,13,99,22.1
e28711e2f5500d3d6b04,14,73,16.29
e28711e2f5500d3d6b04,15,14,3.12
e28711e2f5500d3d6b04,16,0,0.0
e28711e2f5500d3d6b04,17,0,0.0
e28711e2f5500d3d6b04,18,0,0.0
e28711e2f5500d3d6b04,19,0,0.0
e28711e2f5500d3d6b04,20,0,0.0
e28711e2f5500d3d6b04,21,0,0.0
e28711e2f5500d3d6b04,22,0,0.0
e28711e2f5500d3d6b04,23,0,0.0
0d260d8fac2289c8ed9e,0,0,0.0
0d260d8fac2289c8ed9e,1,5,3.36
0d260d8fac2289c8ed9e,2,1,0.67
0d260d8fac2289c8ed9e,3,9,6.04
0d260d8fac2289c8ed9e,4,3,2.01
0d260d8fac2289c8ed9e,5,4,2.68
0d260d8fac2289c8ed9e,6,2,1.34
0d260d8fac2289c8ed9e,7,3,2.01
0d260d8fac2289c8ed9e,8,16,10.74
0d260d8fac2289c8ed9e,9,7,4.7
0d260d8fac2289c8ed9e,10,4,2.68
0d260d8fac2289c8ed9e,11,6,4.03
0d260d8fac2289c8ed9e,12,11,7.38
0d260d8fac2289c8ed9e,13,29,19.46
0d260d8fac2289c8ed9e,14,30,20.13
0d260d8fac2289c8ed9e,15,13,8.72
0d260d8fac2289c8ed9e,16,4,2.68
0d260d8fac2289c8ed9e,17,2,1.34
0d260d8fac2289c8ed9e,18,0,0.0
0d260d8fac2289c8ed9e,19,0,0.0
0d260d8fac2289c8ed9e,20,0,0.0
0d260d8fac2289c8ed9e,21,0,0.0
0d260d8fac2289c8ed9e,22,0,0.0
0d260d8fac2289c8ed9e,23,0,0.0
4c79be630ae9d3db6aaf,0,3,1.68
4c79be630ae9d3db6aaf,1,20,11.17
4c79be630ae9d3db6aaf,2,9,5.03
4c79be630ae9d3db6aaf,3,15,8.38
4c79be630ae9d3db6aaf,4,0,0.0
4c79be630ae9d3db6aaf,5,3,1.68
4c79be630ae9d3db6aaf,6,1,0.56
4c79be630ae9d3db6aaf,7,21,11.73
4c79be630ae9d3db6aaf,8,18,10.06
4c79be630ae9d3db6aaf,9,1,0.56
4c79be630ae9d3db6aaf,10,4,2.23
4c79be630ae9d3db6aaf,11,25,13.97
4c79be630ae9d3db6aaf,12,21,11.73
4c79be630ae9d3db6aaf,13,17,9.5
4c79be630ae9d3db6aaf,14,18,10.06
4c79be630ae9d3db6aaf,15,0,0.0
4c79be630ae9d3db6aaf,16,0,0.0
4c79be630ae9d3db6aaf,17,0,0.0
4c79be630ae9d3db6aaf,18,0,0.0
4c79be630ae9d3db6aaf,19,0,0.0
4c79be630ae9d3db6aaf,20,0,0.0
4c79be630ae9d3db6aaf,21,0,0.0
4c79be630ae9d3db6aaf,22,0,0.0
4c79be630ae9d3db6aaf,23,3,1.68
5e12a0421c20717035cb,0,6,2.38
5e12a0421c20717035cb,1,41,16.27
5e12a0421c20717035cb,2,23,9.13
5e12a0421c20717035cb,3,0,0.0
5e12a0421c20717035cb,4,0,0.0
5e12a0421c20717035cb,5,0,0.0
5e12a0421c20717035cb,6,0,0.0
5e12a0421c20717035cb,7,1,0.4
5e12a0421c20717035cb,8,22,8.73
5e12a0421c20717035cb,9,16,6.35
5e12a0421c20717035cb,10,7,2.78
5e12a0421c20717035cb,11,38,15.08
5e12a0421c20717035cb,12,46,18.25
5e12a0421c20717035cb,13,32,12.7
5e12a0421c20717035cb,14,18,7.14
5e12a0421c20717035cb,15,2,0.79
5e12a0421c20717035cb,16,0,0.0
5e12a0421c20717035cb,17,0,0.0
5e12a0421c20717035cb,18,0,0.0
5e12a0421c20717035cb,19,0,0.0
5e12a0421c20717035cb,20,0,0.0
5e12a0421c20717035cb,21,0,0.0
5e12a0421c20717035cb,22,0,0.0
5e12a0421c20717035cb,23,0,0.0
7207088b2ef28ff6b669,0,2,2.25
7207088b2ef28ff6b669,1,3,3.37
7207088b2ef28ff6b669,2,13,14.61
7207088b2ef28ff6b669,3,2,2.25
7207088b2ef28ff6b669,4,0,0.0
7207088b2ef28ff6b669,5,0,0.0
7207088b2ef28ff6b669,6,0,0.0
7207088b2ef28ff6b669,7,8,8.99
7207088b2ef28ff6b669,8,14,15.73
7207088b2ef28ff6b669,9,0,0.0
7207088b2ef28ff6b669,10,11,12.36
7207088b2ef28ff6b669,11,9,10.11
7207088b2ef28ff6b669,12,11,12.36
7207088b2ef28ff6b669,13,16,17.98
7207088b2ef28ff6b669,14,0,0.0
7207088b2ef28ff6b669,15,0,0.0
7207088b2ef28ff6b669,16,0,0.0
7207088b2ef28ff6b669,17,0,0.0
7207088b2ef28ff6b669,18,0,0.0
7207088b2ef28ff6b669,19,0,0.0
7207088b2ef28ff6b669,20,0,0.0
7207088b2ef28ff6b669,21,0,0.0
7207088b2ef28ff6b669,22,0,0.0
7207088b2ef28ff6b669,23,0,0.0
c24bc0aaf20c79d2dfda,0,0,0.0
c24bc0aaf20c79d2dfda,1,0,0.0
c24bc0aaf20c79d2dfda,2,0,0.0
c24bc0aaf20c79d2dfda,3,0,0.0
c24bc0aaf20c79d2dfda,4,0,0.0
c24bc0aaf20c79d2dfda,5,0,0.0
c24bc0aaf20c79d2dfda,6,0,0.0
c24bc0aaf20c79d2dfda,7,0,0.0
c24bc0aaf20c79d2dfda,8,1,0.77
c24bc0aaf20c79d2dfda,9,7,5.38
c24bc0aaf20c79d2dfda,10,42,32.31
c24bc0aaf20c79d2dfda,11,63,48.46
c24bc0aaf20c79d2dfda,12,13,10.0
c24bc0aaf20c79d2dfda,13,0,0.0
c24bc0aaf20c79d2dfda,14,0,0.0
c24bc0aaf20c79d2dfda,15,4,3.08
c24bc0aaf20c79d2dfda,16,0,0.0
c24bc0aaf20c79d2dfda,17,0,0.0
c24bc0aaf20c79d2dfda,18,0,0.0
c24bc0aaf20c79d2dfda,19,0,0.0
c24bc0aaf20c79d2dfda,20,0,0.0
c24bc0aaf20c79d2dfda,21,0,0.0
c24bc0aaf20c79d2dfda,22,0,0.0
c24bc0aaf20c79d2dfda,23,0,0.0
24524df0ca55659c384e,0,8,4.88
24524df0ca55659c384e,1,5,3.05
24524df0ca55659c384e,2,14,8.54
24524df0ca55659c384e,3,1,0.61
24524df0ca55659c384e,4,2,1.22
24524df0ca55659c384e,5,0,0.0
24524df0ca55659c384e,6,4,2.44
24524df0ca55659c384e,7,0,0.0
24524df0ca55659c384e,8,30,18.29
24524df0ca55659c384e,9,12,7.32
24524df0ca55659c384e,10,29,17.68
24524df0ca55659c384e,11,31,18.9
24524df0ca55659c384e,12,8,4.88
24524df0ca55659c384e,13,3,1.83
24524df0ca55659c384e,14,16,9.76
24524df0ca55659c384e,15,1,0.61
24524df0ca55659c384e,16,0,0.0
24524df0ca55659c384e,17,0,0.0
24524df0ca55659c384e,18,0,0.0
24524df0ca55659c384e,19,0,0.0
24524df0ca55659c384e,20,0,0.0
24524df0ca55659c384e,21,0,0.0
24524df0ca55659c384e,22,0,0.0
24524df0ca55659c384e,23,0,0.0
ed5a13234f04cae4894d,0,1,1.92
ed5a13234f04cae4894d,1,4,7.69
ed5a13234f04cae4894d,2,6,11.54
ed5a13234f04cae4894d,3,4,7.69
ed5a13234f04cae4894d,4,0,0.0
ed5a13234f04cae4894d,5,0,0.0
ed5a13234f04cae4894d,6,2,3.85
ed5a13234f04cae4894d,7,0,0.0
ed5a13234f04cae4894d,8,5,9.62
ed5a13234f04cae4894d,9,0,0.0
ed5a13234f04cae4894d,10,13,25.0
ed5a13234f04cae4894d,11,0,0.0
ed5a13234f04cae4894d,12,4,7.69
ed5a13234f04cae4894d,13,2,3.85
ed5a13234f04cae4894d,14,4,7.69
ed5a13234f04cae4894d,15,7,13.46
ed5a13234f04cae4894d,16,0,0.0
ed5a13234f04cae4894d,17,0,0.0
ed5a13234f04cae4894d,18,0,0.0
ed5a13234f04cae4894d,19,0,0.0
ed5a13234f04cae4894d,20,0,0.0
ed5a13234f04cae4894d,21,0,0.0
ed5a13234f04cae4894d,22,0,0.0
ed5a13234f04cae4894d,23,0,0.0
e7958857e7d2292ffbc7,0,6,4.84
e7958857e7d2292ffbc7,1,3,2.42
e7958857e7d2292ffbc7,2,4,3.23
e7958857e7d2292ffbc7,3,2,1.61
e7958857e7d2292ffbc7,4,0,0.0
e7958857e7d2292ffbc7,5,0,0.0
e7958857e7d2292ffbc7,6,0,0.0
e7958857e7d2292ffbc7,7,0,0.0
e7958857e7d2292ffbc7,8,46,37.1
e7958857e7d2292ffbc7,9,5,4.03
e7958857e7d2292ffbc7,10,6,4.84
e7958857e7d2292ffbc7,11,0,0.0
e7958857e7d2292ffbc7,12,3,2.42
e7958857e7d2292ffbc7,13,13,10.48
e7958857e7d2292ffbc7,14,22,17.74
e7958857e7d2292ffbc7,15,12,9.68
e7958857e7d2292ffbc7,16,2,1.61
e7958857e7d2292ffbc7,17,0,0.0
e7958857e7d2292ffbc7,18,0,0.0
e7958857e7d2292ffbc7,19,0,0.0
e7958857e7d2292ffbc7,20,0,0.0
e7958857e7d2292ffbc7,21,0,0.0
e7958857e7d2292ffbc7,22,0,0.0
e7958857e7d2292ffbc7,23,0,0.0
86366c9920186cc4d1a3,0,0,0.0
86366c9920186cc4d1a3,1,5,3.21
86366c9920186cc4d1a3,2,5,3.21
86366c9920186cc4d1a3,3,13,8.33
86366c9920186cc4d1a3,4,0,0.0
86366c9920186cc4d1a3,5,6,3.85
86366c9920186cc4d1a3,6,1,0.64
86366c9920186cc4d1a3,7,0,0.0
86366c9920186cc4d1a3,8,0,0.0
86366c9920186cc4d1a3,9,14,8.97
86366c9920186cc4d1a3,10,22,14.1
86366c9920186cc4d1a3,11,27,17.31
86366c9920186cc4d1a3,12,6,3.85
86366c9920186cc4d1a3,13,18,11.54
86366c9920186cc4d1a3,14,17,10.9
86366c9920186cc4d1a3,15,22,14.1
86366c9920186cc4d1a3,16,0,0.0
86366c9920186cc4d1a3,17,0,0.0
86366c9920186cc4d1a3,18,0,0.0
86366c9920186cc4d1a3,19,0,0.0
86366c9920186cc4d1a3,20,0,0.0
86366c9920186cc4d1a3,21,0,0.0
86366c9920186cc4d1a3,22,0,0.0
86366c9920186cc4d1a3,23,0,0.0
767e222eeb367b2b010f,0,0,0.0
767e222eeb367b2b010f,1,2,0.78
767e222eeb367b2b010f,2,2,0.78
767e222eeb367b2b010f,3,0,0.0
767e222eeb367b2b010f,4,1,0.39
767e222eeb367b2b010f,5,6,2.34
767e222eeb367b2b010f,6,3,1.17
767e222eeb367b2b010f,7,12,4.69
767e222eeb367b2b010f,8,14,5.47
767e222eeb367b2b010f,9,19,7.42
767e222eeb367b2b010f,10,19,7.42
767e222eeb367b2b010f,11,9,3.52
767e222eeb367b2b010f,12,26,10.16
767e222eeb367b2b010f,13,50,19.53
767e222eeb367b2b010f,14,86,33.59
767e222eeb367b2b010f,15,7,2.73
767e222eeb367b2b010f,16,0,0.0
767e222eeb367b2b010f,17,0,0.0
767e222eeb367b2b010f,18,0,0.0
767e222eeb367b2b010f,19,0,0.0
767e222eeb367b2b010f,20,0,0.0
767e222eeb367b2b010f,21,0,0.0
767e222eeb367b2b010f,22,0,0.0
767e222eeb367b2b010f,23,0,0.0
46a60ed041c8ebf98061,0,0,0.0
46a60ed041c8ebf98061,1,1,1.35
46a60ed041c8ebf98061,2,0,0.0
46a60ed041c8ebf98061,3,0,0.0
46a60ed041c8ebf98061,4,0,0.0
46a60ed041c8ebf98061,5,0,0.0
46a60ed041c8ebf98061,6,7,9.46
46a60ed041c8ebf98061,7,12,16.22
46a60ed041c8ebf98061,8,8,10.81
46a60ed041c8ebf98061,9,0,0.0
46a60ed041c8ebf98061,10,11,14.86
46a60ed041c8ebf98061,11,12,16.22
46a60ed041c8ebf98061,12,10,13.51
46a60ed041c8ebf98061,13,7,9.46
46a60ed041c8ebf98061,14,5,6.76
46a60ed041c8ebf98061,15,1,1.35
46a60ed041c8ebf98061,16,0,0.0
46a60ed041c8ebf98061,17,0,0.0
46a60ed041c8ebf98061,18,0,0.0
46a60ed041c8ebf98061,19,0,0.0
46a60ed041c8ebf98061,20,0,0.0
46a60ed041c8ebf98061,21,0,0.0
46a60ed041c8ebf98061,22,0,0.0
46a60ed041c8ebf98061,23,0,0.0
54342435561e775ce97f,0,11,6.67
54342435561e775ce97f,1,1,0.61
54342435561e775ce97f,2,0,0.0
54342435561e775ce97f,3,3,1.82
54342435561e775ce97f,4,12,7.27
54342435561e775ce97f,5,7,4.24
54342435561e775ce97f,6,0,0.0
54342435561e775ce97f,7,2,1.21
54342435561e775ce97f,8,2,1.21
54342435561e775ce97f,9,3,1.82
54342435561e775ce97f,10,22,13.33
54342435561e775ce97f,11,62,37.58
54342435561e775ce97f,12,32,19.39
54342435561e775ce97f,13,2,1.21
54342435561e775ce97f,14,0,0.0
54342435561e775ce97f,15,0,0.0
54342435561e775ce97f,16,0,0.0
54342435561e775ce97f,17,0,0.0
54342435561e775ce97f,18,0,0.0
54342435561e775ce97f,19,0,0.0
54342435561e775ce97f,20,0,0.0
54342435561e775ce97f,21,0,0.0
54342435561e775ce97f,22,0,0.0
54342435561e775ce97f,23,6,3.64
78e6c80ea8dc73ec747d,0,0,0.0
78e6c80ea8dc73ec747d,1,0,0.0
78e6c80ea8dc73ec747d,2,0,0.0
78e6c80ea8dc73ec747d,3,7,12.07
78e6c80ea8dc73ec747d,4,8,13.79
78e6c80ea8dc73ec747d,5,0,0.0
78e6c80ea8dc73ec747d,6,0,0.0
78e6c80ea8dc73ec747d,7,10,17.24
78e6c80ea8dc73ec747d,8,11,18.97
78e6c80ea8dc73ec747d,9,3,5.17
78e6c80ea8dc73ec747d,10,17,29.31
78e6c80ea8dc73ec747d,11,2,3.45
78e6c80ea8dc73ec747d,12,0,0.0
78e6c80ea8dc73ec747d,13,0,0.0
78e6c80ea8dc73ec747d,14,0,0.0
78e6c80ea8dc73ec747d,15,0,0.0
78e6c80ea8dc73ec747d,16,0,0.0
78e6c80ea8dc73ec747d,17,0,0.0
78e6c80ea8dc73ec747d,18,0,0.0
78e6c80ea8dc73ec747d,19,0,0.0
78e6c80ea8dc73ec747d,20,0,0.0
78e6c80ea8dc73ec747d,21,0,0.0
78e6c80ea8dc73ec747d,22,0,0.0
78e6c80ea8dc73ec747d,23,0,0.0
f50dcd09709383fea95f,0,0,0.0
f50dcd09709383fea95f,1,0,0.0
f50dcd09709383fea95f,2,3,1.76
f50dcd09709383fea95f,3,15,8.82
f50dcd09709383fea95f,4,10,5.88
f50dcd09709383fea95f,5,32,18.82
f50dcd09709383fea95f,6,18,10.59
f50dcd09709383fea95f,7,9,5.29
f50dcd09709383fea95f,8,17,10.0
f50dcd09709383fea95f,9,0,0.0
f50dcd09709383fea95f,10,0,0.0
f50dcd09709383fea95f,11,1,0.59
f50dcd09709383fea95f,12,16,9.41
f50dcd09709383fea95f,13,22,12.94
f50dcd09709383fea95f,14,4,2.35
f50dcd09709383fea95f,15,23,13.53
f50dcd09709383fea95f,16,0,0.0
f50dcd09709383fea95f,17,0,0.0
f50dcd09709383fea95f,18,0,0.0
f50dcd09709383fea95f,19,0,0.0
f50dcd09709383fea95f,20,0,0.0
f50dcd09709383fea95f,21,0,0.0
f50dcd09709383fea95f,22,0,0.0
f50dcd09709383fea95f,23,0,0.0
ade35014b25afed24916,0,0,0.0
ade35014b25afed24916,1,0,0.0
ade35014b25afed24916,2,0,0.0
ade35014b25afed24916,3,5,4.5
ade35014b25afed24916,4,3,2.7
ade35014b25afed24916,5,2,1.8
ade35014b25afed24916,6,6,5.41
ade35014b25afed24916,7,4,3.6
ade35014b25afed24916,8,15,13.51
ade35014b25afed24916,9,8,7.21
ade35014b25afed24916,10,27,24.32
ade35014b25afed24916,11,0,0.0
ade35014b25afed24916,12,14,12.61
ade35014b25afed24916,13,8,7.21
ade35014b25afed24916,14,12,10.81
ade35014b25afed24916,15,7,6.31
ade35014b25afed24916,16,0,0.0
ade35014b25afed24916,17,0,0.0
ade35014b25afed24916,18,0,0.0
ade35014b25afed24916,19,0,0.0
ade35014b25afed24916,20,0,0.0
ade35014b25afed24916,21,0,0.0
ade35014b25afed24916,22,0,0.0
ade35014b25afed24916,23,0,0.0
914f82268754cbf71a54,0,0,0.0
914f82268754cbf71a54,1,6,6.67
914f82268754cbf71a54,2,6,6.67
914f82268754cbf71a54,3,5,5.56
914f82268754cbf71a54,4,0,0.0
914f82268754cbf71a54,5,0,0.0
914f82268754cbf71a54,6,0,0.0
914f82268754cbf71a54,7,2,2.22
914f82268754cbf71a54,8,3,3.33
914f82268754cbf71a54,9,5,5.56
914f82268754cbf71a54,10,4,4.44
914f82268754cbf71a54,11,13,14.44
914f82268754cbf71a54,12,23,25.56
914f82268754cbf71a54,13,11,12.22
914f82268754cbf71a54,14,4,4.44
914f82268754cbf71a54,15,7,7.78
914f82268754cbf71a54,16,1,1.11
914f82268754cbf71a54,17,0,0.0
914f82268754cbf71a54,18,0,0.0
914f82268754cbf71a54,19,0,0.0
914f82268754cbf71a54,20,0,0.0
914f82268754cbf71a54,21,0,0.0
914f82268754cbf71a54,22,0,0.0
914f82268754cbf71a54,23,0,0.0
c0884e4814b0f32935f8,0,3,6.12
c0884e4814b0f32935f8,1,8,16.33
c0884e4814b0f32935f8,2,10,20.41
c0884e4814b0f32935f8,3,3,6.12
c0884e4814b0f32935f8,4,0,0.0
c0884e4814b0f32935f8,5,0,0.0
c0884e4814b0f32935f8,6,0,0.0
c0884e4814b0f32935f8,7,3,6.12
c0884e4814b0f32935f8,8,0,0.0
c0884e4814b0f32935f8,9,2,4.08
c0884e4814b0f32935f8,10,1,2.04
c0884e4814b0f32935f8,11,3,6.12
c0884e4814b0f32935f8,12,0,0.0
c0884e4814b0f32935f8,13,3,6.12
c0884e4814b0f32935f8,14,9,18.37
c0884e4814b0f32935f8,15,3,6.12
c0884e4814b0f32935f8,16,0,0.0
c0884e4814b0f32935f8,17,0,0.0
c0884e4814b0f32935f8,18,0,0.0
c0884e4814b0f32935f8,19,0,0.0
c0884e4814b0f32935f8,20,0,0.0
c0884e4814b0f32935f8,21,0,0.0
c0884e4814b0f32935f8,22,0,0.0
c0884e4814b0f32935f8,23,1,2.04
a87767892344a954c746,0,11,6.11
a87767892344a954c746,1,10,5.56
a87767892344a954c746,2,17,9.44
a87767892344a954c746,3,14,7.78
a87767892344a954c746,4,4,2.22
a87767892344a954c746,5,1,0.56
a87767892344a954c746,6,8,4.44
a87767892344a954c746,7,7,3.89
a87767892344a954c746,8,12,6.67
a87767892344a954c746,9,12,6.67
a87767892344a954c746,10,15,8.33
a87767892344a954c746,11,22,12.22
a87767892344a954c746,12,19,10.56
a87767892344a954c746,13,18,10.0
a87767892344a954c746,14,9,5.0
a87767892344a954c746,15,1,0.56
a87767892344a954c746,16,0,0.0
a87767892344a954c746,17,0,0.0
a87767892344a954c746,18,0,0.0
a87767892344a954c746,19,0,0.0
a87767892344a954c746,20,0,0.0
a87767892344a954c746,21,0,0.0
a87767892344a954c746,22,0,0.0
a87767892344a954c746,23,0,0.0
8f81bd9cbc5471ebfc60,0,16,6.61
8f81bd9cbc5471ebfc60,1,18,7.44
8f81bd9cbc5471ebfc60,2,35,14.46
8f81bd9cbc5471ebfc60,3,12,4.96
8f81bd9cbc5471ebfc60,4,1,0.41
8f81bd9cbc5471ebfc60,5,6,2.48
8f81bd9cbc5471ebfc60,6,4,1.65
8f81bd9cbc5471ebfc60,7,3,1.24
8f81bd9cbc5471ebfc60,8,20,8.26
8f81bd9cbc5471ebfc60,9,4,1.65
8f81bd9cbc5471ebfc60,10,18,7.44
8f81bd9cbc5471ebfc60,11,40,16.53
8f81bd9cbc5471ebfc60,12,31,12.81
8f81bd9cbc5471ebfc60,13,25,10.33
8f81bd9cbc5471ebfc60,14,8,3.31
8f81bd9cbc5471ebfc60,15,0,0.0
8f81bd9cbc5471ebfc60,16,0,0.0
8f81bd9cbc5471ebfc60,17,0,0.0
8f81bd9cbc5471ebfc60,18,0,0.0
8f81bd9cbc5471ebfc60,19,0,0.0
8f81bd9cbc5471ebfc60,20,0,0.0
8f81bd9cbc5471ebfc60,21,0,0.0
8f81bd9cbc5471ebfc60,22,0,0.0
8f81bd9cbc5471ebfc60,23,1,0.41
vwyziyyebvsje4dqjsrp,0,6,6.25
vwyziyyebvsje4dqjsrp,1,1,1.04
vwyziyyebvsje4dqjsrp,2,10,10.42
vwyziyyebvsje4dqjsrp,3,11,11.46
vwyziyyebvsje4dqjsrp,4,4,4.17
vwyziyyebvsje4dqjsrp,5,6,6.25
vwyziyyebvsje4dqjsrp,6,5,5.21
vwyziyyebvsje4dqjsrp,7,7,7.29
vwyziyyebvsje4dqjsrp,8,0,0.0
vwyziyyebvsje4dqjsrp,9,5,5.21
vwyziyyebvsje4dqjsrp,10,10,10.42
vwyziyyebvsje4dqjsrp,11,16,16.67
vwyziyyebvsje4dqjsrp,12,11,11.46
vwyziyyebvsje4dqjsrp,13,4,4.17
vwyziyyebvsje4dqjsrp,14,0,0.0
vwyziyyebvsje4dqjsrp,15,0,0.0
vwyziyyebvsje4dqjsrp,16,0,0.0
vwyziyyebvsje4dqjsrp,17,0,0.0
vwyziyyebvsje4dqjsrp,18,0,0.0
vwyziyyebvsje4dqjsrp,19,0,0.0
vwyziyyebvsje4dqjsrp,20,0,0.0
vwyziyyebvsje4dqjsrp,21,0,0.0
vwyziyyebvsje4dqjsrp,22,0,0.0
vwyziyyebvsje4dqjsrp,23,0,0.0
5c83f4ed6601ddf1a6fa,0,5,5.38
5c83f4ed6601ddf1a6fa,1,2,2.15
5c83f4ed6601ddf1a6fa,2,1,1.08
5c83f4ed6601ddf1a6fa,3,0,0.0
5c83f4ed6601ddf1a6fa,4,0,0.0
5c83f4ed6601ddf1a6fa,5,0,0.0
5c83f4ed6601ddf1a6fa,6,0,0.0
5c83f4ed6601ddf1a6fa,7,0,0.0
5c83f4ed6601ddf1a6fa,8,0,0.0
5c83f4ed6601ddf1a6fa,9,5,5.38
5c83f4ed6601ddf1a6fa,10,60,64.52
5c83f4ed6601ddf1a6fa,11,20,21.51
5c83f4ed6601ddf1a6fa,12,0,0.0
5c83f4ed6601ddf1a6fa,13,0,0.0
5c83f4ed6601ddf1a6fa,14,0,0.0
5c83f4ed6601ddf1a6fa,15,0,0.0
5c83f4ed6601ddf1a6fa,16,0,0.0
5c83f4ed6601ddf1a6fa,17,0,0.0
5c83f4ed6601ddf1a6fa,18,0,0.0
5c83f4ed6601ddf1a6fa,19,0,0.0
5c83f4ed6601ddf1a6fa,20,0,0.0
5c83f4ed6601ddf1a6fa,21,0,0.0
5c83f4ed6601ddf1a6fa,22,0,0.0
5c83f4ed6601ddf1a6fa,23,0,0.0
0999173c045ee29a0b44,0,0,0.0
0999173c045ee29a0b44,1,16,14.68
0999173c045ee29a0b44,2,2,1.83
0999173c045ee29a0b44,3,12,11.01
0999173c045ee29a0b44,4,7,6.42
0999173c045ee29a0b44,5,6,5.5
0999173c045ee29a0b44,6,0,0.0
0999173c045ee29a0b44,7,1,0.92
0999173c045ee29a0b44,8,19,17.43
0999173c045ee29a0b44,9,3,2.75
0999173c045ee29a0b44,10,8,7.34
0999173c045ee29a0b44,11,11,10.09
0999173c045ee29a0b44,12,11,10.09
0999173c045ee29a0b44,13,8,7.34
0999173c045ee29a0b44,14,5,4.59
0999173c045ee29a0b44,15,0,0.0
0999173c045ee29a0b44,16,0,0.0
0999173c045ee29a0b44,17,0,0.0
0999173c045ee29a0b44,18,0,0.0
0999173c045ee29a0b44,19,0,0.0
0999173c045ee29a0b44,20,0,0.0
0999173c045ee29a0b44,21,0,0.0
0999173c045ee29a0b44,22,0,0.0
0999173c045ee29a0b44,23,0,0.0
8f477d2c60ec76ce22b7,0,0,0.0
8f477d2c60ec76ce22b7,1,0,0.0
8f477d2c60ec76ce22b7,2,0,0.0
8f477d2c60ec76ce22b7,3,0,0.0
8f477d2c60ec76ce22b7,4,0,0.0
8f477d2c60ec76ce22b7,5,0,0.0
8f477d2c60ec76ce22b7,6,3,2.8
8f477d2c60ec76ce22b7,7,26,24.3
8f477d2c60ec76ce22b7,8,20,18.69
8f477d2c60ec76ce22b7,9,7,6.54
8f477d2c60ec76ce22b7,10,11,10.28
8f477d2c60ec76ce22b7,11,16,14.95
8f477d2c60ec76ce22b7,12,0,0.0
8f477d2c60ec76ce22b7,13,0,0.0
8f477d2c60ec76ce22b7,14,0,0.0
8f477d2c60ec76ce22b7,15,0,0.0
8f477d2c60ec76ce22b7,16,0,0.0
8f477d2c60ec76ce22b7,17,0,0.0
8f477d2c60ec76ce22b7,18,0,0.0
8f477d2c60ec76ce22b7,19,0,0.0
8f477d2c60ec76ce22b7,20,0,0.0
8f477d2c60ec76ce22b7,21,0,0.0
8f477d2c60ec76ce22b7,22,23,21.5
8f477d2c60ec76ce22b7,23,1,0.93
6604efc6fd93e070f40a,0,6,7.5
6604efc6fd93e070f40a,1,13,16.25
6604efc6fd93e070f40a,2,7,8.75
6604efc6fd93e070f40a,3,3,3.75
6604efc6fd93e070f40a,4,0,0.0
6604efc6fd93e070f40a,5,5,6.25
6604efc6fd93e070f40a,6,14,17.5
6604efc6fd93e070f40a,7,5,6.25
6604efc6fd93e070f40a,8,0,0.0
6604efc6fd93e070f40a,9,1,1.25
6604efc6fd93e070f40a,10,4,5.0
6604efc6fd93e070f40a,11,11,13.75
6604efc6fd93e070f40a,12,0,0.0
6604efc6fd93e070f40a,13,0,0.0
6604efc6fd93e070f40a,14,0,0.0
6604efc6fd93e070f40a,15,3,3.75
6604efc6fd93e070f40a,16,0,0.0
6604efc6fd93e070f40a,17,0,0.0
6604efc6fd93e070f40a,18,0,0.0
6604efc6fd93e070f40a,19,0,0.0
6604efc6fd93e070f40a,20,4,5.0
6604efc6fd93e070f40a,21,4,5.0
6604efc6fd93e070f40a,22,0,0.0
6604efc6fd93e070f40a,23,0,0.0
1883af270e36a7580332,0,0,0.0
1883af270e36a7580332,1,19,14.96
1883af270e36a7580332,2,10,7.87
1883af270e36a7580332,3,0,0.0
1883af270e36a7580332,4,0,0.0
1883af270e36a7580332,5,2,1.57
1883af270e36a7580332,6,0,0.0
1883af270e36a7580332,7,6,4.72
1883af270e36a7580332,8,22,17.32
1883af270e36a7580332,9,4,3.15
1883af270e36a7580332,10,5,3.94
1883af270e36a7580332,11,19,14.96
1883af270e36a7580332,12,20,15.75
1883af270e36a7580332,13,9,7.09
1883af270e36a7580332,14,11,8.66
1883af270e36a7580332,15,0,0.0
1883af270e36a7580332,16,0,0.0
1883af270e36a7580332,17,0,0.0
1883af270e36a7580332,18,0,0.0
1883af270e36a7580332,19,0,0.0
1883af270e36a7580332,20,0,0.0
1883af270e36a7580332,21,0,0.0
1883af270e36a7580332,22,0,0.0
1883af270e36a7580332,23,0,0.0
a14b9aa97f66fc82ede3,0,5,3.14
a14b9aa97f66fc82ede3,1,28,17.61
a14b9aa97f66fc82ede3,2,2,1.26
a14b9aa97f66fc82ede3,3,6,3.77
a14b9aa97f66fc82ede3,4,0,0.0
a14b9aa97f66fc82ede3,5,3,1.89
a14b9aa97f66fc82ede3,6,0,0.0
a14b9aa97f66fc82ede3,7,0,0.0
a14b9aa97f66fc82ede3,8,21,13.21
a14b9aa97f66fc82ede3,9,19,11.95
a14b9aa97f66fc82ede3,10,12,7.55
a14b9aa97f66fc82ede3,11,19,11.95
a14b9aa97f66fc82ede3,12,10,6.29
a14b9aa97f66fc82ede3,13,8,5.03
a14b9aa97f66fc82ede3,14,20,12.58
a14b9aa97f66fc82ede3,15,1,0.63
a14b9aa97f66fc82ede3,16,5,3.14
a14b9aa97f66fc82ede3,17,0,0.0
a14b9aa97f66fc82ede3,18,0,0.0
a14b9aa97f66fc82ede3,19,0,0.0
a14b9aa97f66fc82ede3,20,0,0.0
a14b9aa97f66fc82ede3,21,0,0.0
a14b9aa97f66fc82ede3,22,0,0.0
a14b9aa97f66fc82ede3,23,0,0.0
388090578f22a3c33738,0,0,0.0
388090578f22a3c33738,1,0,0.0
388090578f22a3c33738,2,0,0.0
388090578f22a3c33738,3,0,0.0
388090578f22a3c33738,4,9,11.39
388090578f22a3c33738,5,0,0.0
388090578f22a3c33738,6,1,1.27
388090578f22a3c33738,7,2,2.53
388090578f22a3c33738,8,0,0.0
388090578f22a3c33738,9,1,1.27
388090578f22a3c33738,10,8,10.13
388090578f22a3c33738,11,11,13.92
388090578f22a3c33738,12,27,34.18
388090578f22a3c33738,13,12,15.19
388090578f22a3c33738,14,2,2.53
388090578f22a3c33738,15,6,7.59
388090578f22a3c33738,16,0,0.0
388090578f22a3c33738,17,0,0.0
388090578f22a3c33738,18,0,0.0
388090578f22a3c33738,19,0,0.0
388090578f22a3c33738,20,0,0.0
388090578f22a3c33738,21,0,0.0
388090578f22a3c33738,22,0,0.0
388090578f22a3c33738,23,0,0.0
1fc5b87acdfc2a8b580c,0,0,0.0
1fc5b87acdfc2a8b580c,1,0,0.0
1fc5b87acdfc2a8b580c,2,11,11.46
1fc5b87acdfc2a8b580c,3,7,7.29
1fc5b87acdfc2a8b580c,4,3,3.12
1fc5b87acdfc2a8b580c,5,17,17.71
1fc5b87acdfc2a8b580c,6,0,0.0
1fc5b87acdfc2a8b580c,7,1,1.04
1fc5b87acdfc2a8b580c,8,10,10.42
1fc5b87acdfc2a8b580c,9,6,6.25
1fc5b87acdfc2a8b580c,10,12,12.5
1fc5b87acdfc2a8b580c,11,10,10.42
1fc5b87acdfc2a8b580c,12,17,17.71
1fc5b87acdfc2a8b580c,13,2,2.08
1fc5b87acdfc2a8b580c,14,0,0.0
1fc5b87acdfc2a8b580c,15,0,0.0
1fc5b87acdfc2a8b580c,16,0,0.0
1fc5b87acdfc2a8b580c,17,0,0.0
1fc5b87acdfc2a8b580c,18,0,0.0
1fc5b87acdfc2a8b580c,19,0,0.0
1fc5b87acdfc2a8b580c,20,0,0.0
1fc5b87acdfc2a8b580c,21,0,0.0
1fc5b87acdfc2a8b580c,22,0,0.0
1fc5b87acdfc2a8b580c,23,0,0.0
0b28c0a454678b75eefb,0,0,0.0
0b28c0a454678b75eefb,1,1,1.23
0b28c0a454678b75eefb,2,18,22.22
0b28c0a454678b75eefb,3,3,3.7
0b28c0a454678b75eefb,4,0,0.0
0b28c0a454678b75eefb,5,0,0.0
0b28c0a454678b75eefb,6,0,0.0
0b28c0a454678b75eefb,7,44,54.32
0b28c0a454678b75eefb,8,0,0.0
0b28c0a454678b75eefb,9,12,14.81
0b28c0a454678b75eefb,10,3,3.7
0b28c0a454678b75eefb,11,0,0.0
0b28c0a454678b75eefb,12,0,0.0
0b28c0a454678b75eefb,13,0,0.0
0b28c0a454678b75eefb,14,0,0.0
0b28c0a454678b75eefb,15,0,0.0
0b28c0a454678b75eefb,16,0,0.0
0b28c0a454678b75eefb,17,0,0.0
0b28c0a454678b75eefb,18,0,0.0
0b28c0a454678b75eefb,19,0,0.0
0b28c0a454678b75eefb,20,0,0.0
0b28c0a454678b75eefb,21,0,0.0
0b28c0a454678b75eefb,22,0,0.0
0b28c0a454678b75eefb,23,0,0.0
dfa917b9dc15c87ab016,0,34,8.61
dfa917b9dc15c87ab016,1,26,6.58
dfa917b9dc15c87ab016,2,15,3.8
dfa917b9dc15c87ab016,3,10,2.53
dfa917b9dc15c87ab016,4,13,3.29
dfa917b9dc15c87ab016,5,8,2.03
dfa917b9dc15c87ab016,6,6,1.52
dfa917b9dc15c87ab016,7,9,2.28
dfa917b9dc15c87ab016,8,21,5.32
dfa917b9dc15c87ab016,9,39,9.87
dfa917b9dc15c87ab016,10,43,10.89
dfa917b9dc15c87ab016,11,33,8.35
dfa917b9dc15c87ab016,12,25,6.33
dfa917b9dc15c87ab016,13,55,13.92
dfa917b9dc15c87ab016,14,9,2.28
dfa917b9dc15c87ab016,15,13,3.29
dfa917b9dc15c87ab016,16,0,0.0
dfa917b9dc15c87ab016,17,0,0.0
dfa917b9dc15c87ab016,18,0,0.0
dfa917b9dc15c87ab016,19,0,0.0
dfa917b9dc15c87ab016,20,0,0.0
dfa917b9dc15c87ab016,21,0,0.0
dfa917b9dc15c87ab016,22,5,1.27
dfa917b9dc15c87ab016,23,31,7.85
2e54b1c7bff5847c82a8,0,20,5.57
2e54b1c7bff5847c82a8,1,23,6.41
2e54b1c7bff5847c82a8,2,20,5.57
2e54b1c7bff5847c82a8,3,11,3.06
2e54b1c7bff5847c82a8,4,21,5.85
2e54b1c7bff5847c82a8,5,2,0.56
2e54b1c7bff5847c82a8,6,21,5.85
2e54b1c7bff5847c82a8,7,29,8.08
2e54b1c7bff5847c82a8,8,32,8.91
2e54b1c7bff5847c82a8,9,0,0.0
2e54b1c7bff5847c82a8,10,11,3.06
2e54b1c7bff5847c82a8,11,87,24.23
2e54b1c7bff5847c82a8,12,33,9.19
2e54b1c7bff5847c82a8,13,8,2.23
2e54b1c7bff5847c82a8,14,16,4.46
2e54b1c7bff5847c82a8,15,3,0.84
2e54b1c7bff5847c82a8,16,2,0.56
2e54b1c7bff5847c82a8,17,0,0.0
2e54b1c7bff5847c82a8,18,0,0.0
2e54b1c7bff5847c82a8,19,0,0.0
2e54b1c7bff5847c82a8,20,0,0.0
2e54b1c7bff5847c82a8,21,8,2.23
2e54b1c7bff5847c82a8,22,2,0.56
2e54b1c7bff5847c82a8,23,10,2.79
869eacc999a52155ed53,0,11,7.48
869eacc999a52155ed53,1,5,3.4
869eacc999a52155ed53,2,7,4.76
869eacc999a52155ed53,3,2,1.36
869eacc999a52155ed53,4,3,2.04
869eacc999a52155ed53,5,4,2.72
869eacc999a52155ed53,6,4,2.72
869eacc999a52155ed53,7,24,16.33
869eacc999a52155ed53,8,9,6.12
869eacc999a52155ed53,9,1,0.68
869eacc999a52155ed53,10,23,15.65
869eacc999a52155ed53,11,25,17.01
869eacc999a52155ed53,12,13,8.84
869eacc999a52155ed53,13,3,2.04
869eacc999a52155ed53,14,0,0.0
869eacc999a52155ed53,15,13,8.84
869eacc999a52155ed53,16,0,0.0
869eacc999a52155ed53,17,0,0.0
869eacc999a52155ed53,18,0,0.0
869eacc999a52155ed53,19,0,0.0
869eacc999a52155ed53,20,0,0.0
869eacc999a52155ed53,21,0,0.0
869eacc999a52155ed53,22,0,0.0
869eacc999a52155ed53,23,0,0.0
cby6hsod14blxr7zyfjs,0,1,0.97
cby6hsod14blxr7zyfjs,1,6,5.83
cby6hsod14blxr7zyfjs,2,9,8.74
cby6hsod14blxr7zyfjs,3,3,2.91
cby6hsod14blxr7zyfjs,4,4,3.88
cby6hsod14blxr7zyfjs,5,5,4.85
cby6hsod14blxr7zyfjs,6,2,1.94
cby6hsod14blxr7zyfjs,7,5,4.85
cby6hsod14blxr7zyfjs,8,11,10.68
cby6hsod14blxr7zyfjs,9,7,6.8
cby6hsod14blxr7zyfjs,10,7,6.8
cby6hsod14blxr7zyfjs,11,16,15.53
cby6hsod14blxr7zyfjs,12,8,7.77
cby6hsod14blxr7zyfjs,13,8,7.77
cby6hsod14blxr7zyfjs,14,4,3.88
cby6hsod14blxr7zyfjs,15,4,3.88
cby6hsod14blxr7zyfjs,16,0,0.0
cby6hsod14blxr7zyfjs,17,0,0.0
cby6hsod14blxr7zyfjs,18,0,0.0
cby6hsod14blxr7zyfjs,19,0,0.0
cby6hsod14blxr7zyfjs,20,0,0.0
cby6hsod14blxr7zyfjs,21,0,0.0
cby6hsod14blxr7zyfjs,22,0,0.0
cby6hsod14blxr7zyfjs,23,3,2.91
gm1xiqmop9j2d2acc2jg,0,3,2.88
gm1xiqmop9j2d2acc2jg,1,2,1.92
gm1xiqmop9j2d2acc2jg,2,5,4.81
gm1xiqmop9j2d2acc2jg,3,3,2.88
gm1xiqmop9j2d2acc2jg,4,0,0.0
gm1xiqmop9j2d2acc2jg,5,5,4.81
gm1xiqmop9j2d2acc2jg,6,0,0.0
gm1xiqmop9j2d2acc2jg,7,3,2.88
gm1xiqmop9j2d2acc2jg,8,9,8.65
gm1xiqmop9j2d2acc2jg,9,5,4.81
gm1xiqmop9j2d2acc2jg,10,11,10.58
gm1xiqmop9j2d2acc2jg,11,12,11.54
gm1xiqmop9j2d2acc2jg,12,15,14.42
gm1xiqmop9j2d2acc2jg,13,17,16.35
gm1xiqmop9j2d2acc2jg,14,8,7.69
gm1xiqmop9j2d2acc2jg,15,4,3.85
gm1xiqmop9j2d2acc2jg,16,0,0.0
gm1xiqmop9j2d2acc2jg,17,0,0.0
gm1xiqmop9j2d2acc2jg,18,0,0.0
gm1xiqmop9j2d2acc2jg,19,0,0.0
gm1xiqmop9j2d2acc2jg,20,0,0.0
gm1xiqmop9j2d2acc2jg,21,0,0.0
gm1xiqmop9j2d2acc2jg,22,0,0.0
gm1xiqmop9j2d2acc2jg,23,2,1.92
lqm8jh0uggps7yd0lx2x,0,3,3.09
lqm8jh0uggps7yd0lx2x,1,6,6.19
lqm8jh0uggps7yd0lx2x,2,8,8.25
lqm8jh0uggps7yd0lx2x,3,3,3.09
lqm8jh0uggps7yd0lx2x,4,2,2.06
lqm8jh0uggps7yd0lx2x,5,2,2.06
lqm8jh0uggps7yd0lx2x,6,1,1.03
lqm8jh0uggps7yd0lx2x,7,4,4.12
lqm8jh0uggps7yd0lx2x,8,11,11.34
lqm8jh0uggps7yd0lx2x,9,3,3.09
lqm8jh0uggps7yd0lx2x,10,2,2.06
lqm8jh0uggps7yd0lx2x,11,15,15.46
lqm8jh0uggps7yd0lx2x,12,14,14.43
lqm8jh0uggps7yd0lx2x,13,10,10.31
lqm8jh0uggps7yd0lx2x,14,9,9.28
lqm8jh0uggps7yd0lx2x,15,3,3.09
lqm8jh0uggps7yd0lx2x,16,0,0.0
lqm8jh0uggps7yd0lx2x,17,0,0.0
lqm8jh0uggps7yd0lx2x,18,0,0.0
lqm8jh0uggps7yd0lx2x,19,0,0.0
lqm8jh0uggps7yd0lx2x,20,0,0.0
lqm8jh0uggps7yd0lx2x,21,1,1.03
lqm8jh0uggps7yd0lx2x,22,0,0.0
lqm8jh0uggps7yd0lx2x,23,0,0.0
7ae6jy1vw15ppmnq6sba,0,4,3.96
7ae6jy1vw15ppmnq6sba,1,2,1.98
7ae6jy1vw15ppmnq6sba,2,5,4.95
7ae6jy1vw15ppmnq6sba,3,3,2.97
7ae6jy1vw15ppmnq6sba,4,2,1.98
7ae6jy1vw15ppmnq6sba,5,5,4.95
7ae6jy1vw15ppmnq6sba,6,3,2.97
7ae6jy1vw15ppmnq6sba,7,2,1.98
7ae6jy1vw15ppmnq6sba,8,12,11.88
7ae6jy1vw15ppmnq6sba,9,8,7.92
7ae6jy1vw15ppmnq6sba,10,8,7.92
7ae6jy1vw15ppmnq6sba,11,14,13.86
7ae6jy1vw15ppmnq6sba,12,10,9.9
7ae6jy1vw15ppmnq6sba,13,5,4.95
7ae6jy1vw15ppmnq6sba,14,8,7.92
7ae6jy1vw15ppmnq6sba,15,7,6.93
7ae6jy1vw15ppmnq6sba,16,1,0.99
7ae6jy1vw15ppmnq6sba,17,0,0.0
7ae6jy1vw15ppmnq6sba,18,0,0.0
7ae6jy1vw15ppmnq6sba,19,0,0.0
7ae6jy1vw15ppmnq6sba,20,0,0.0
7ae6jy1vw15ppmnq6sba,21,0,0.0
7ae6jy1vw15ppmnq6sba,22,0,0.0
7ae6jy1vw15ppmnq6sba,23,2,1.98
quam8ci0euq2dz8xldzz,0,4,3.45
quam8ci0euq2dz8xldzz,1,2,1.72
quam8ci0euq2dz8xldzz,2,4,3.45
quam8ci0euq2dz8xldzz,3,5,4.31
quam8ci0euq2dz8xldzz,4,4,3.45
quam8ci0euq2dz8xldzz,5,5,4.31
quam8ci0euq2dz8xldzz,6,6,5.17
quam8ci0euq2dz8xldzz,7,5,4.31
quam8ci0euq2dz8xldzz,8,11,9.48
quam8ci0euq2dz8xldzz,9,5,4.31
quam8ci0euq2dz8xldzz,10,11,9.48
quam8ci0euq2dz8xldzz,11,19,16.38
quam8ci0euq2dz8xldzz,12,14,12.07
quam8ci0euq2dz8xldzz,13,10,8.62
quam8ci0euq2dz8xldzz,14,8,6.9
quam8ci0euq2dz8xldzz,15,2,1.72
quam8ci0euq2dz8xldzz,16,0,0.0
quam8ci0euq2dz8xldzz,17,0,0.0
quam8ci0euq2dz8xldzz,18,0,0.0
quam8ci0euq2dz8xldzz,19,0,0.0
quam8ci0euq2dz8xldzz,20,0,0.0
quam8ci0euq2dz8xldzz,21,0,0.0
quam8ci0euq2dz8xldzz,22,0,0.0
quam8ci0euq2dz8xldzz,23,1,0.86
4bq1kdgygbtif8w80s5y,0,4,3.77
4bq1kdgygbtif8w80s5y,1,6,5.66
4bq1kdgygbtif8w80s5y,2,3,2.83
4bq1kdgygbtif8w80s5y,3,3,2.83
4bq1kdgygbtif8w80s5y,4,2,1.89
4bq1kdgygbtif8w80s5y,5,7,6.6
4bq1kdgygbtif8w80s5y,6,1,0.94
4bq1kdgygbtif8w80s5y,7,8,7.55
4bq1kdgygbtif8w80s5y,8,10,9.43
4bq1kdgygbtif8w80s5y,9,4,3.77
4bq1kdgygbtif8w80s5y,10,11,10.38
4bq1kdgygbtif8w80s5y,11,9,8.49
4bq1kdgygbtif8w80s5y,12,16,15.09
4bq1kdgygbtif8w80s5y,13,6,5.66
4bq1kdgygbtif8w80s5y,14,10,9.43
4bq1kdgygbtif8w80s5y,15,2,1.89
4bq1kdgygbtif8w80s5y,16,3,2.83
4bq1kdgygbtif8w80s5y,17,0,0.0
4bq1kdgygbtif8w80s5y,18,0,0.0
4bq1kdgygbtif8w80s5y,19,0,0.0
4bq1kdgygbtif8w80s5y,20,0,0.0
4bq1kdgygbtif8w80s5y,21,0,0.0
4bq1kdgygbtif8w80s5y,22,0,0.0
4bq1kdgygbtif8w80s5y,23,1,0.94
l41f9f1gb0y5rxcqfv64,0,2,2.15
l41f9f1gb0y5rxcqfv64,1,4,4.3
l41f9f1gb0y5rxcqfv64,2,10,10.75
l41f9f1gb0y5rxcqfv64,3,2,2.15
l41f9f1gb0y5rxcqfv64,4,2,2.15
l41f9f1gb0y5rxcqfv64,5,2,2.15
l41f9f1gb0y5rxcqfv64,6,3,3.23
l41f9f1gb0y5rxcqfv64,7,6,6.45
l41f9f1gb0y5rxcqfv64,8,4,4.3
l41f9f1gb0y5rxcqfv64,9,4,4.3
l41f9f1gb0y5rxcqfv64,10,14,15.05
l41f9f1gb0y5rxcqfv64,11,12,12.9
l41f9f1gb0y5rxcqfv64,12,14,15.05
l41f9f1gb0y5rxcqfv64,13,5,5.38
l41f9f1gb0y5rxcqfv64,14,5,5.38
l41f9f1gb0y5rxcqfv64,15,2,2.15
l41f9f1gb0y5rxcqfv64,16,0,0.0
l41f9f1gb0y5rxcqfv64,17,0,0.0
l41f9f1gb0y5rxcqfv64,18,0,0.0
l41f9f1gb0y5rxcqfv64,19,0,0.0
l41f9f1gb0y5rxcqfv64,20,0,0.0
l41f9f1gb0y5rxcqfv64,21,0,0.0
l41f9f1gb0y5rxcqfv64,22,1,1.08
l41f9f1gb0y5rxcqfv64,23,1,1.08
d16ht4y29lrac1brhwm1,0,1,1.01
d16ht4y29lrac1brhwm1,1,6,6.06
d16ht4y29lrac1brhwm1,2,6,6.06
d16ht4y29lrac1brhwm1,3,4,4.04
d16ht4y29lrac1brhwm1,4,2,2.02
d16ht4y29lrac1brhwm1,5,2,2.02
d16ht4y29lrac1brhwm1,6,4,4.04
d16ht4y29lrac1brhwm1,7,6,6.06
d16ht4y29lrac1brhwm1,8,6,6.06
d16ht4y29lrac1brhwm1,9,3,3.03
d16ht4y29lrac1brhwm1,10,4,4.04
d16ht4y29lrac1brhwm1,11,13,13.13
d16ht4y29lrac1brhwm1,12,17,17.17
d16ht4y29lrac1brhwm1,13,7,7.07
d16ht4y29lrac1brhwm1,14,13,13.13
d16ht4y29lrac1brhwm1,15,5,5.05
d16ht4y29lrac1brhwm1,16,0,0.0
d16ht4y29lrac1brhwm1,17,0,0.0
d16ht4y29lrac1brhwm1,18,0,0.0
d16ht4y29lrac1brhwm1,19,0,0.0
d16ht4y29lrac1brhwm1,20,0,0.0
d16ht4y29lrac1brhwm1,21,0,0.0
d16ht4y29lrac1brhwm1,22,0,0.0
d16ht4y29lrac1brhwm1,23,0,0.0
0txd5enpfmbrth46w74b,0,2,2.11
0txd5enpfmbrth46w74b,1,4,4.21
0txd5enpfmbrth46w74b,2,4,4.21
0txd5enpfmbrth46w74b,3,2,2.11
0txd5enpfmbrth46w74b,4,2,2.11
0txd5enpfmbrth46w74b,5,4,4.21
0txd5enpfmbrth46w74b,6,5,5.26
0txd5enpfmbrth46w74b,7,6,6.32
0txd5enpfmbrth46w74b,8,7,7.37
0txd5enpfmbrth46w74b,9,2,2.11
0txd5enpfmbrth46w74b,10,8,8.42
0txd5enpfmbrth46w74b,11,13,13.68
0txd5enpfmbrth46w74b,12,12,12.63
0txd5enpfmbrth46w74b,13,8,8.42
0txd5enpfmbrth46w74b,14,10,10.53
0txd5enpfmbrth46w74b,15,3,3.16
0txd5enpfmbrth46w74b,16,1,1.05
0txd5enpfmbrth46w74b,17,0,0.0
0txd5enpfmbrth46w74b,18,0,0.0
0txd5enpfmbrth46w74b,19,0,0.0
0txd5enpfmbrth46w74b,20,0,0.0
0txd5enpfmbrth46w74b,21,0,0.0
0txd5enpfmbrth46w74b,22,0,0.0
0txd5enpfmbrth46w74b,23,2,2.11
preni1j2j1gkvq1knpag,0,2,2.15
preni1j2j1gkvq1knpag,1,6,6.45
preni1j2j1gkvq1knpag,2,5,5.38
preni1j2j1gkvq1knpag,3,4,4.3
preni1j2j1gkvq1knpag,4,3,3.23
preni1j2j1gkvq1knpag,5,1,1.08
preni1j2j1gkvq1knpag,6,6,6.45
preni1j2j1gkvq1knpag,7,7,7.53
preni1j2j1gkvq1knpag,8,3,3.23
preni1j2j1gkvq1knpag,9,4,4.3
preni1j2j1gkvq1knpag,10,5,5.38
preni1j2j1gkvq1knpag,11,12,12.9
preni1j2j1gkvq1knpag,12,14,15.05
preni1j2j1gkvq1knpag,13,7,7.53
preni1j2j1gkvq1knpag,14,7,7.53
preni1j2j1gkvq1knpag,15,2,2.15
preni1j2j1gkvq1knpag,16,0,0.0
preni1j2j1gkvq1knpag,17,0,0.0
preni1j2j1gkvq1knpag,18,0,0.0
preni1j2j1gkvq1knpag,19,0,0.0
preni1j2j1gkvq1knpag,20,0,0.0
preni1j2j1gkvq1knpag,21,1,1.08
preni1j2j1gkvq1knpag,22,2,2.15
preni1j2j1gkvq1knpag,23,2,2.15
ggweeccb6anw0j3y32t0,0,4,3.42
ggweeccb6anw0j3y32t0,1,3,2.56
ggweeccb6anw0j3y32t0,2,9,7.69
ggweeccb6anw0j3y32t0,3,6,5.13
ggweeccb6anw0j3y32t0,4,1,0.85
ggweeccb6anw0j3y32t0,5,3,2.56
ggweeccb6anw0j3y32t0,6,2,1.71
ggweeccb6anw0j3y32t0,7,13,11.11
ggweeccb6anw0j3y32t0,8,8,6.84
ggweeccb6anw0j3y32t0,9,7,5.98
ggweeccb6anw0j3y32t0,10,9,7.69
ggweeccb6anw0j3y32t0,11,13,11.11
ggweeccb6anw0j3y32t0,12,20,17.09
ggweeccb6anw0j3y32t0,13,10,8.55
ggweeccb6anw0j3y32t0,14,5,4.27
ggweeccb6anw0j3y32t0,15,3,2.56
ggweeccb6anw0j3y32t0,16,0,0.0
ggweeccb6anw0j3y32t0,17,0,0.0
ggweeccb6anw0j3y32t0,18,0,0.0
ggweeccb6anw0j3y32t0,19,0,0.0
ggweeccb6anw0j3y32t0,20,0,0.0
ggweeccb6anw0j3y32t0,21,0,0.0
ggweeccb6anw0j3y32t0,22,0,0.0
ggweeccb6anw0j3y32t0,23,1,0.85
uem908xkm2x04s4iu84k,0,3,2.78
uem908xkm2x04s4iu84k,1,5,4.63
uem908xkm2x04s4iu84k,2,3,2.78
uem908xkm2x04s4iu84k,3,4,3.7
uem908xkm2x04s4iu84k,4,1,0.93
uem908xkm2x04s4iu84k,5,2,1.85
uem908xkm2x04s4iu84k,6,3,2.78
uem908xkm2x04s4iu84k,7,10,9.26
uem908xkm2x04s4iu84k,8,6,5.56
uem908xkm2x04s4iu84k,9,6,5.56
uem908xkm2x04s4iu84k,10,15,13.89
uem908xkm2x04s4iu84k,11,14,12.96
uem908xkm2x04s4iu84k,12,18,16.67
uem908xkm2x04s4iu84k,13,5,4.63
uem908xkm2x04s4iu84k,14,7,6.48
uem908xkm2x04s4iu84k,15,2,1.85
uem908xkm2x04s4iu84k,16,1,0.93
uem908xkm2x04s4iu84k,17,0,0.0
uem908xkm2x04s4iu84k,18,0,0.0
uem908xkm2x04s4iu84k,19,0,0.0
uem908xkm2x04s4iu84k,20,0,0.0
uem908xkm2x04s4iu84k,21,0,0.0
uem908xkm2x04s4iu84k,22,1,0.93
uem908xkm2x04s4iu84k,23,2,1.85
nd9xpohv0s4ttw0o7fts,0,1,1.0
nd9xpohv0s4ttw0o7fts,1,4,4.0
nd9xpohv0s4ttw0o7fts,2,10,10.0
nd9xpohv0s4ttw0o7fts,3,4,4.0
nd9xpohv0s4ttw0o7fts,4,7,7.0
nd9xpohv0s4ttw0o7fts,5,3,3.0
nd9xpohv0s4ttw0o7fts,6,1,1.0
nd9xpohv0s4ttw0o7fts,7,10,10.0
nd9xpohv0s4ttw0o7fts,8,6,6.0
nd9xpohv0s4ttw0o7fts,9,3,3.0
nd9xpohv0s4ttw0o7fts,10,13,13.0
nd9xpohv0s4ttw0o7fts,11,14,14.0
nd9xpohv0s4ttw0o7fts,12,4,4.0
nd9xpohv0s4ttw0o7fts,13,13,13.0
nd9xpohv0s4ttw0o7fts,14,2,2.0
nd9xpohv0s4ttw0o7fts,15,2,2.0
nd9xpohv0s4ttw0o7fts,16,0,0.0
nd9xpohv0s4ttw0o7fts,17,0,0.0
nd9xpohv0s4ttw0o7fts,18,0,0.0
nd9xpohv0s4ttw0o7fts,19,0,0.0
nd9xpohv0s4ttw0o7fts,20,0,0.0
nd9xpohv0s4ttw0o7fts,21,0,0.0
nd9xpohv0s4ttw0o7fts,22,2,2.0
nd9xpohv0s4ttw0o7fts,23,1,1.0
ny6yox8nvtlotclebkk8,0,1,0.97
ny6yox8nvtlotclebkk8,1,3,2.91
ny6yox8nvtlotclebkk8,2,10,9.71
ny6yox8nvtlotclebkk8,3,5,4.85
ny6yox8nvtlotclebkk8,4,2,1.94
ny6yox8nvtlotclebkk8,5,2,1.94
ny6yox8nvtlotclebkk8,6,0,0.0
ny6yox8nvtlotclebkk8,7,4,3.88
ny6yox8nvtlotclebkk8,8,6,5.83
ny6yox8nvtlotclebkk8,9,3,2.91
ny6yox8nvtlotclebkk8,10,8,7.77
ny6yox8nvtlotclebkk8,11,16,15.53
ny6yox8nvtlotclebkk8,12,13,12.62
ny6yox8nvtlotclebkk8,13,17,16.5
ny6yox8nvtlotclebkk8,14,6,5.83
ny6yox8nvtlotclebkk8,15,4,3.88
ny6yox8nvtlotclebkk8,16,0,0.0
ny6yox8nvtlotclebkk8,17,0,0.0
ny6yox8nvtlotclebkk8,18,0,0.0
ny6yox8nvtlotclebkk8,19,0,0.0
ny6yox8nvtlotclebkk8,20,0,0.0
ny6yox8nvtlotclebkk8,21,0,0.0
ny6yox8nvtlotclebkk8,22,2,1.94
ny6yox8nvtlotclebkk8,23,1,0.97
hpb03ydulnt2b9ffa0j2,0,5,4.35
hpb03ydulnt2b9ffa0j2,1,0,0.0
hpb03ydulnt2b9ffa0j2,2,8,6.96
hpb03ydulnt2b9ffa0j2,3,4,3.48
hpb03ydulnt2b9ffa0j2,4,3,2.61
hpb03ydulnt2b9ffa0j2,5,0,0.0
hpb03ydulnt2b9ffa0j2,6,3,2.61
hpb03ydulnt2b9ffa0j2,7,6,5.22
hpb03ydulnt2b9ffa0j2,8,15,13.04
hpb03ydulnt2b9ffa0j2,9,7,6.09
hpb03ydulnt2b9ffa0j2,10,6,5.22
hpb03ydulnt2b9ffa0j2,11,16,13.91
hpb03ydulnt2b9ffa0j2,12,16,13.91
hpb03ydulnt2b9ffa0j2,13,9,7.83
hpb03ydulnt2b9ffa0j2,14,11,9.57
hpb03ydulnt2b9ffa0j2,15,3,2.61
hpb03ydulnt2b9ffa0j2,16,3,2.61
hpb03ydulnt2b9ffa0j2,17,0,0.0
hpb03ydulnt2b9ffa0j2,18,0,0.0
hpb03ydulnt2b9ffa0j2,19,0,0.0
hpb03ydulnt2b9ffa0j2,20,0,0.0
hpb03ydulnt2b9ffa0j2,21,0,0.0
hpb03ydulnt2b9ffa0j2,22,0,0.0
hpb03ydulnt2b9ffa0j2,23,0,0.0
2krjeqjgjqfuumdo3ibt,0,2,2.04
2krjeqjgjqfuumdo3ibt,1,2,2.04
2krjeqjgjqfuumdo3ibt,2,4,4.08
2krjeqjgjqfuumdo3ibt,3,5,5.1
2krjeqjgjqfuumdo3ibt,4,4,4.08
2krjeqjgjqfuumdo3ibt,5,1,1.02
2krjeqjgjqfuumdo3ibt,6,2,2.04
2krjeqjgjqfuumdo3ibt,7,9,9.18
2krjeqjgjqfuumdo3ibt,8,8,8.16
2krjeqjgjqfuumdo3ibt,9,7,7.14
2krjeqjgjqfuumdo3ibt,10,9,9.18
2krjeqjgjqfuumdo3ibt,11,13,13.27
2krjeqjgjqfuumdo3ibt,12,8,8.16
2krjeqjgjqfuumdo3ibt,13,9,9.18
2krjeqjgjqfuumdo3ibt,14,8,8.16
2krjeqjgjqfuumdo3ibt,15,3,3.06
2krjeqjgjqfuumdo3ibt,16,1,1.02
2krjeqjgjqfuumdo3ibt,17,0,0.0
2krjeqjgjqfuumdo3ibt,18,0,0.0
2krjeqjgjqfuumdo3ibt,19,0,0.0
2krjeqjgjqfuumdo3ibt,20,0,0.0
2krjeqjgjqfuumdo3ibt,21,0,0.0
2krjeqjgjqfuumdo3ibt,22,1,1.02
2krjeqjgjqfuumdo3ibt,23,2,2.04
1n42senfkcjopw1zh39l,0,2,2.02
1n42senfkcjopw1zh39l,1,4,4.04
1n42senfkcjopw1zh39l,2,2,2.02
1n42senfkcjopw1zh39l,3,5,5.05
1n42senfkcjopw1zh39l,4,5,5.05
1n42senfkcjopw1zh39l,5,3,3.03
1n42senfkcjopw1zh39l,6,4,4.04
1n42senfkcjopw1zh39l,7,5,5.05
1n42senfkcjopw1zh39l,8,14,14.14
1n42senfkcjopw1zh39l,9,1,1.01
1n42senfkcjopw1zh39l,10,3,3.03
1n42senfkcjopw1zh39l,11,14,14.14
1n42senfkcjopw1zh39l,12,8,8.08
1n42senfkcjopw1zh39l,13,16,16.16
1n42senfkcjopw1zh39l,14,8,8.08
1n42senfkcjopw1zh39l,15,4,4.04
1n42senfkcjopw1zh39l,16,0,0.0
1n42senfkcjopw1zh39l,17,0,0.0
1n42senfkcjopw1zh39l,18,0,0.0
1n42senfkcjopw1zh39l,19,0,0.0
1n42senfkcjopw1zh39l,20,0,0.0
1n42senfkcjopw1zh39l,21,0,0.0
1n42senfkcjopw1zh39l,22,1,1.01
1n42senfkcjopw1zh39l,23,0,0.0
jj1jl4nhnkxllubypoq3,0,4,4.26
jj1jl4nhnkxllubypoq3,1,6,6.38
jj1jl4nhnkxllubypoq3,2,5,5.32
jj1jl4nhnkxllubypoq3,3,4,4.26
jj1jl4nhnkxllubypoq3,4,4,4.26
jj1jl4nhnkxllubypoq3,5,2,2.13
jj1jl4nhnkxllubypoq3,6,3,3.19
jj1jl4nhnkxllubypoq3,7,7,7.45
jj1jl4nhnkxllubypoq3,8,9,9.57
jj1jl4nhnkxllubypoq3,9,2,2.13
jj1jl4nhnkxllubypoq3,10,11,11.7
jj1jl4nhnkxllubypoq3,11,11,11.7
jj1jl4nhnkxllubypoq3,12,10,10.64
jj1jl4nhnkxllubypoq3,13,7,7.45
jj1jl4nhnkxllubypoq3,14,7,7.45
jj1jl4nhnkxllubypoq3,15,1,1.06
jj1jl4nhnkxllubypoq3,16,0,0.0
jj1jl4nhnkxllubypoq3,17,0,0.0
jj1jl4nhnkxllubypoq3,18,0,0.0
jj1jl4nhnkxllubypoq3,19,0,0.0
jj1jl4nhnkxllubypoq3,20,0,0.0
jj1jl4nhnkxllubypoq3,21,0,0.0
jj1jl4nhnkxllubypoq3,22,0,0.0
jj1jl4nhnkxllubypoq3,23,1,1.06
f5j3cojh9fr5gvylr0yi,0,2,1.79
f5j3cojh9fr5gvylr0yi,1,7,6.25
f5j3cojh9fr5gvylr0yi,2,5,4.46
f5j3cojh9fr5gvylr0yi,3,2,1.79
f5j3cojh9fr5gvylr0yi,4,4,3.57
f5j3cojh9fr5gvylr0yi,5,6,5.36
f5j3cojh9fr5gvylr0yi,6,3,2.68
f5j3cojh9fr5gvylr0yi,7,5,4.46
f5j3cojh9fr5gvylr0yi,8,9,8.04
f5j3cojh9fr5gvylr0yi,9,0,0.0
f5j3cojh9fr5gvylr0yi,10,11,9.82
f5j3cojh9fr5gvylr0yi,11,23,20.54
f5j3cojh9fr5gvylr0yi,12,12,10.71
f5j3cojh9fr5gvylr0yi,13,5,4.46
f5j3cojh9fr5gvylr0yi,14,11,9.82
f5j3cojh9fr5gvylr0yi,15,4,3.57
f5j3cojh9fr5gvylr0yi,16,1,0.89
f5j3cojh9fr5gvylr0yi,17,1,0.89
f5j3cojh9fr5gvylr0yi,18,0,0.0
f5j3cojh9fr5gvylr0yi,19,0,0.0
f5j3cojh9fr5gvylr0yi,20,0,0.0
f5j3cojh9fr5gvylr0yi,21,0,0.0
f5j3cojh9fr5gvylr0yi,22,1,0.89
f5j3cojh9fr5gvylr0yi,23,0,0.0
hkk3qiui3e3r969oyfhf,0,4,3.51
hkk3qiui3e3r969oyfhf,1,10,8.77
hkk3qiui3e3r969oyfhf,2,5,4.39
hkk3qiui3e3r969oyfhf,3,7,6.14
hkk3qiui3e3r969oyfhf,4,2,1.75
hkk3qiui3e3r969oyfhf,5,3,2.63
hkk3qiui3e3r969oyfhf,6,2,1.75
hkk3qiui3e3r969oyfhf,7,8,7.02
hkk3qiui3e3r969oyfhf,8,8,7.02
hkk3qiui3e3r969oyfhf,9,3,2.63
hkk3qiui3e3r969oyfhf,10,9,7.89
hkk3qiui3e3r969oyfhf,11,15,13.16
hkk3qiui3e3r969oyfhf,12,16,14.04
hkk3qiui3e3r969oyfhf,13,9,7.89
hkk3qiui3e3r969oyfhf,14,9,7.89
hkk3qiui3e3r969oyfhf,15,1,0.88
hkk3qiui3e3r969oyfhf,16,0,0.0
hkk3qiui3e3r969oyfhf,17,0,0.0
hkk3qiui3e3r969oyfhf,18,0,0.0
hkk3qiui3e3r969oyfhf,19,0,0.0
hkk3qiui3e3r969oyfhf,20,0,0.0
hkk3qiui3e3r969oyfhf,21,0,0.0
hkk3qiui3e3r969oyfhf,22,2,1.75
hkk3qiui3e3r969oyfhf,23,1,0.88
xw0r5n17yfqv2va40bhi,0,4,3.74
xw0r5n17yfqv2va40bhi,1,4,3.74
xw0r5n17yfqv2va40bhi,2,7,6.54
xw0r5n17yfqv2va40bhi,3,5,4.67
xw0r5n17yfqv2va40bhi,4,2,1.87
xw0r5n17yfqv2va40bhi,5,4,3.74
xw0r5n17yfqv2va40bhi,6,2,1.87
xw0r5n17yfqv2va40bhi,7,8,7.48
xw0r5n17yfqv2va40bhi,8,9,8.41
xw0r5n17yfqv2va40bhi,9,3,2.8
xw0r5n17yfqv2va40bhi,10,6,5.61
xw0r5n17yfqv2va40bhi,11,20,18.69
xw0r5n17yfqv2va40bhi,12,10,9.35
xw0r5n17yfqv2va40bhi,13,5,4.67
xw0r5n17yfqv2va40bhi,14,11,10.28
xw0r5n17yfqv2va40bhi,15,3,2.8
xw0r5n17yfqv2va40bhi,16,0,0.0
xw0r5n17yfqv2va40bhi,17,0,0.0
xw0r5n17yfqv2va40bhi,18,0,0.0
xw0r5n17yfqv2va40bhi,19,0,0.0
xw0r5n17yfqv2va40bhi,20,0,0.0
xw0r5n17yfqv2va40bhi,21,1,0.93
xw0r5n17yfqv2va40bhi,22,2,1.87
xw0r5n17yfqv2va40bhi,23,1,0.93
4erna0vkk9gu5umle1se,0,7,6.42
4erna0vkk9gu5umle1se,1,6,5.5
4erna0vkk9gu5umle1se,2,5,4.59
4erna0vkk9gu5umle1se,3,4,3.67
4erna0vkk9gu5umle1se,4,3,2.75
4erna0vkk9gu5umle1se,5,3,2.75
4erna0vkk9gu5umle1se,6,3,2.75
4erna0vkk9gu5umle1se,7,6,5.5
4erna0vkk9gu5umle1se,8,7,6.42
4erna0vkk9gu5umle1se,9,7,6.42
4erna0vkk9gu5umle1se,10,9,8.26
4erna0vkk9gu5umle1se,11,15,13.76
4erna0vkk9gu5umle1se,12,9,8.26
4erna0vkk9gu5umle1se,13,9,8.26
4erna0vkk9gu5umle1se,14,8,7.34
4erna0vkk9gu5umle1se,15,7,6.42
4erna0vkk9gu5umle1se,16,0,0.0
4erna0vkk9gu5umle1se,17,0,0.0
4erna0vkk9gu5umle1se,18,0,0.0
4erna0vkk9gu5umle1se,19,0,0.0
4erna0vkk9gu5umle1se,20,0,0.0
4erna0vkk9gu5umle1se,21,0,0.0
4erna0vkk9gu5umle1se,22,0,0.0
4erna0vkk9gu5umle1se,23,1,0.92
fvqo3hum9a1rl6rxbyre,0,5,4.59
fvqo3hum9a1rl6rxbyre,1,6,5.5
fvqo3hum9a1rl6rxbyre,2,4,3.67
fvqo3hum9a1rl6rxbyre,3,4,3.67
fvqo3hum9a1rl6rxbyre,4,0,0.0
fvqo3hum9a1rl6rxbyre,5,3,2.75
fvqo3hum9a1rl6rxbyre,6,2,1.83
fvqo3hum9a1rl6rxbyre,7,10,9.17
fvqo3hum9a1rl6rxbyre,8,13,11.93
fvqo3hum9a1rl6rxbyre,9,6,5.5
fvqo3hum9a1rl6rxbyre,10,10,9.17
fvqo3hum9a1rl6rxbyre,11,11,10.09
fvqo3hum9a1rl6rxbyre,12,11,10.09
fvqo3hum9a1rl6rxbyre,13,10,9.17
fvqo3hum9a1rl6rxbyre,14,9,8.26
fvqo3hum9a1rl6rxbyre,15,2,1.83
fvqo3hum9a1rl6rxbyre,16,2,1.83
fvqo3hum9a1rl6rxbyre,17,0,0.0
fvqo3hum9a1rl6rxbyre,18,0,0.0
fvqo3hum9a1rl6rxbyre,19,0,0.0
fvqo3hum9a1rl6rxbyre,20,0,0.0
fvqo3hum9a1rl6rxbyre,21,0,0.0
fvqo3hum9a1rl6rxbyre,22,0,0.0
fvqo3hum9a1rl6rxbyre,23,1,0.92
22wb5ostye8edvfar59p,0,1,0.83
22wb5ostye8edvfar59p,1,6,5.0
22wb5ostye8edvfar59p,2,5,4.17
22wb5ostye8edvfar59p,3,2,1.67
22wb5ostye8edvfar59p,4,6,5.0
22wb5ostye8edvfar59p,5,6,5.0
22wb5ostye8edvfar59p,6,3,2.5
22wb5ostye8edvfar59p,7,9,7.5
22wb5ostye8edvfar59p,8,8,6.67
22wb5ostye8edvfar59p,9,4,3.33
22wb5ostye8edvfar59p,10,9,7.5
22wb5ostye8edvfar59p,11,18,15.0
22wb5ostye8edvfar59p,12,17,14.17
22wb5ostye8edvfar59p,13,10,8.33
22wb5ostye8edvfar59p,14,7,5.83
22wb5ostye8edvfar59p,15,7,5.83
22wb5ostye8edvfar59p,16,1,0.83
22wb5ostye8edvfar59p,17,0,0.0
22wb5ostye8edvfar59p,18,0,0.0
22wb5ostye8edvfar59p,19,0,0.0
22wb5ostye8edvfar59p,20,0,0.0
22wb5ostye8edvfar59p,21,0,0.0
22wb5ostye8edvfar59p,22,0,0.0
22wb5ostye8edvfar59p,23,1,0.83
bgvt5n1h0qt51ze0md7w,0,1,1.18
bgvt5n1h0qt51ze0md7w,1,3,3.53
bgvt5n1h0qt51ze0md7w,2,8,9.41
bgvt5n1h0qt51ze0md7w,3,2,2.35
bgvt5n1h0qt51ze0md7w,4,2,2.35
bgvt5n1h0qt51ze0md7w,5,3,3.53
bgvt5n1h0qt51ze0md7w,6,1,1.18
bgvt5n1h0qt51ze0md7w,7,7,8.24
bgvt5n1h0qt51ze0md7w,8,9,10.59
bgvt5n1h0qt51ze0md7w,9,6,7.06
bgvt5n1h0qt51ze0md7w,10,5,5.88
bgvt5n1h0qt51ze0md7w,11,13,15.29
bgvt5n1h0qt51ze0md7w,12,12,14.12
bgvt5n1h0qt51ze0md7w,13,2,2.35
bgvt5n1h0qt51ze0md7w,14,6,7.06
bgvt5n1h0qt51ze0md7w,15,2,2.35
bgvt5n1h0qt51ze0md7w,16,0,0.0
bgvt5n1h0qt51ze0md7w,17,0,0.0
bgvt5n1h0qt51ze0md7w,18,0,0.0
bgvt5n1h0qt51ze0md7w,19,0,0.0
bgvt5n1h0qt51ze0md7w,20,0,0.0
bgvt5n1h0qt51ze0md7w,21,1,1.18
bgvt5n1h0qt51ze0md7w,22,0,0.0
bgvt5n1h0qt51ze0md7w,23,2,2.35
g4l5baozrnfblxayrhox,0,3,2.75
g4l5baozrnfblxayrhox,1,8,7.34
g4l5baozrnfblxayrhox,2,3,2.75
g4l5baozrnfblxayrhox,3,5,4.59
g4l5baozrnfblxayrhox,4,1,0.92
g4l5baozrnfblxayrhox,5,3,2.75
g4l5baozrnfblxayrhox,6,3,2.75
g4l5baozrnfblxayrhox,7,9,8.26
g4l5baozrnfblxayrhox,8,7,6.42
g4l5baozrnfblxayrhox,9,4,3.67
g4l5baozrnfblxayrhox,10,12,11.01
g4l5baozrnfblxayrhox,11,15,13.76
g4l5baozrnfblxayrhox,12,14,12.84
g4l5baozrnfblxayrhox,13,10,9.17
g4l5baozrnfblxayrhox,14,6,5.5
g4l5baozrnfblxayrhox,15,3,2.75
g4l5baozrnfblxayrhox,16,0,0.0
g4l5baozrnfblxayrhox,17,0,0.0
g4l5baozrnfblxayrhox,18,0,0.0
g4l5baozrnfblxayrhox,19,0,0.0
g4l5baozrnfblxayrhox,20,0,0.0
g4l5baozrnfblxayrhox,21,0,0.0
g4l5baozrnfblxayrhox,22,1,0.92
g4l5baozrnfblxayrhox,23,2,1.83
ec5zb47nxjbuzemc81p0,0,2,1.75
ec5zb47nxjbuzemc81p0,1,5,4.39
ec5zb47nxjbuzemc81p0,2,5,4.39
ec5zb47nxjbuzemc81p0,3,8,7.02
ec5zb47nxjbuzemc81p0,4,1,0.88
ec5zb47nxjbuzemc81p0,5,4,3.51
ec5zb47nxjbuzemc81p0,6,6,5.26
ec5zb47nxjbuzemc81p0,7,5,4.39
ec5zb47nxjbuzemc81p0,8,12,10.53
ec5zb47nxjbuzemc81p0,9,2,1.75
ec5zb47nxjbuzemc81p0,10,10,8.77
ec5zb47nxjbuzemc81p0,11,15,13.16
ec5zb47nxjbuzemc81p0,12,11,9.65
ec5zb47nxjbuzemc81p0,13,10,8.77
ec5zb47nxjbuzemc81p0,14,10,8.77
ec5zb47nxjbuzemc81p0,15,3,2.63
ec5zb47nxjbuzemc81p0,16,0,0.0
ec5zb47nxjbuzemc81p0,17,0,0.0
ec5zb47nxjbuzemc81p0,18,0,0.0
ec5zb47nxjbuzemc81p0,19,0,0.0
ec5zb47nxjbuzemc81p0,20,0,0.0
ec5zb47nxjbuzemc81p0,21,2,1.75
ec5zb47nxjbuzemc81p0,22,2,1.75
ec5zb47nxjbuzemc81p0,23,1,0.88
rd4p70jwu852pbdjwl2d,0,3,2.73
rd4p70jwu852pbdjwl2d,1,1,0.91
rd4p70jwu852pbdjwl2d,2,6,5.45
rd4p70jwu852pbdjwl2d,3,6,5.45
rd4p70jwu852pbdjwl2d,4,3,2.73
rd4p70jwu852pbdjwl2d,5,6,5.45
rd4p70jwu852pbdjwl2d,6,5,4.55
rd4p70jwu852pbdjwl2d,7,9,8.18
rd4p70jwu852pbdjwl2d,8,8,7.27
rd4p70jwu852pbdjwl2d,9,6,5.45
rd4p70jwu852pbdjwl2d,10,6,5.45
rd4p70jwu852pbdjwl2d,11,15,13.64
rd4p70jwu852pbdjwl2d,12,11,10.0
rd4p70jwu852pbdjwl2d,13,14,12.73
rd4p70jwu852pbdjwl2d,14,4,3.64
rd4p70jwu852pbdjwl2d,15,4,3.64
rd4p70jwu852pbdjwl2d,16,1,0.91
rd4p70jwu852pbdjwl2d,17,0,0.0
rd4p70jwu852pbdjwl2d,18,0,0.0
rd4p70jwu852pbdjwl2d,19,0,0.0
rd4p70jwu852pbdjwl2d,20,0,0.0
rd4p70jwu852pbdjwl2d,21,0,0.0
rd4p70jwu852pbdjwl2d,22,1,0.91
rd4p70jwu852pbdjwl2d,23,1,0.91
59bybxqvhton27u0jtfm,0,8,7.77
59bybxqvhton27u0jtfm,1,8,7.77
59bybxqvhton27u0jtfm,2,0,0.0
59bybxqvhton27u0jtfm,3,3,2.91
59bybxqvhton27u0jtfm,4,1,0.97
59bybxqvhton27u0jtfm,5,4,3.88
59bybxqvhton27u0jtfm,6,6,5.83
59bybxqvhton27u0jtfm,7,5,4.85
59bybxqvhton27u0jtfm,8,7,6.8
59bybxqvhton27u0jtfm,9,2,1.94
59bybxqvhton27u0jtfm,10,13,12.62
59bybxqvhton27u0jtfm,11,9,8.74
59bybxqvhton27u0jtfm,12,17,16.5
59bybxqvhton27u0jtfm,13,9,8.74
59bybxqvhton27u0jtfm,14,5,4.85
59bybxqvhton27u0jtfm,15,5,4.85
59bybxqvhton27u0jtfm,16,0,0.0
59bybxqvhton27u0jtfm,17,0,0.0
59bybxqvhton27u0jtfm,18,0,0.0
59bybxqvhton27u0jtfm,19,0,0.0
59bybxqvhton27u0jtfm,20,0,0.0
59bybxqvhton27u0jtfm,21,0,0.0
59bybxqvhton27u0jtfm,22,1,0.97
59bybxqvhton27u0jtfm,23,0,0.0
x7xh8m5fvmipvkav1cb4,0,2,1.87
x7xh8m5fvmipvkav1cb4,1,9,8.41
x7xh8m5fvmipvkav1cb4,2,3,2.8
x7xh8m5fvmipvkav1cb4,3,3,2.8
x7xh8m5fvmipvkav1cb4,4,2,1.87
x7xh8m5fvmipvkav1cb4,5,2,1.87
x7xh8m5fvmipvkav1cb4,6,2,1.87
x7xh8m5fvmipvkav1cb4,7,7,6.54
x7xh8m5fvmipvkav1cb4,8,12,11.21
x7xh8m5fvmipvkav1cb4,9,5,4.67
x7xh8m5fvmipvkav1cb4,10,11,10.28
x7xh8m5fvmipvkav1cb4,11,15,14.02
x7xh8m5fvmipvkav1cb4,12,11,10.28
x7xh8m5fvmipvkav1cb4,13,13,12.15
x7xh8m5fvmipvkav1cb4,14,5,4.67
x7xh8m5fvmipvkav1cb4,15,4,3.74
x7xh8m5fvmipvkav1cb4,16,0,0.0
x7xh8m5fvmipvkav1cb4,17,0,0.0
x7xh8m5fvmipvkav1cb4,18,0,0.0
x7xh8m5fvmipvkav1cb4,19,0,0.0
x7xh8m5fvmipvkav1cb4,20,0,0.0
x7xh8m5fvmipvkav1cb4,21,0,0.0
x7xh8m5fvmipvkav1cb4,22,1,0.93
x7xh8m5fvmipvkav1cb4,23,0,0.0
ljylby8inwh5b93wkean,0,7,6.54
ljylby8inwh5b93wkean,1,5,4.67
ljylby8inwh5b93wkean,2,5,4.67
ljylby8inwh5b93wkean,3,4,3.74
ljylby8inwh5b93wkean,4,2,1.87
ljylby8inwh5b93wkean,5,8,7.48
ljylby8inwh5b93wkean,6,4,3.74
ljylby8inwh5b93wkean,7,6,5.61
ljylby8inwh5b93wkean,8,10,9.35
ljylby8inwh5b93wkean,9,3,2.8
ljylby8inwh5b93wkean,10,10,9.35
ljylby8inwh5b93wkean,11,10,9.35
ljylby8inwh5b93wkean,12,13,12.15
ljylby8inwh5b93wkean,13,12,11.21
ljylby8inwh5b93wkean,14,4,3.74
ljylby8inwh5b93wkean,15,3,2.8
ljylby8inwh5b93wkean,16,0,0.0
ljylby8inwh5b93wkean,17,0,0.0
ljylby8inwh5b93wkean,18,0,0.0
ljylby8inwh5b93wkean,19,0,0.0
ljylby8inwh5b93wkean,20,0,0.0
ljylby8inwh5b93wkean,21,0,0.0
ljylby8inwh5b93wkean,22,0,0.0
ljylby8inwh5b93wkean,23,1,0.93
ygoahstwe9gz9w87qncs,0,3,3.23
ygoahstwe9gz9w87qncs,1,7,7.53
ygoahstwe9gz9w87qncs,2,1,1.08
ygoahstwe9gz9w87qncs,3,5,5.38
ygoahstwe9gz9w87qncs,4,3,3.23
ygoahstwe9gz9w87qncs,5,1,1.08
ygoahstwe9gz9w87qncs,6,1,1.08
ygoahstwe9gz9w87qncs,7,4,4.3
ygoahstwe9gz9w87qncs,8,8,8.6
ygoahstwe9gz9w87qncs,9,5,5.38
ygoahstwe9gz9w87qncs,10,5,5.38
ygoahstwe9gz9w87qncs,11,13,13.98
ygoahstwe9gz9w87qncs,12,15,16.13
ygoahstwe9gz9w87qncs,13,15,16.13
ygoahstwe9gz9w87qncs,14,5,5.38
ygoahstwe9gz9w87qncs,15,0,0.0
ygoahstwe9gz9w87qncs,16,1,1.08
ygoahstwe9gz9w87qncs,17,0,0.0
ygoahstwe9gz9w87qncs,18,0,0.0
ygoahstwe9gz9w87qncs,19,0,0.0
ygoahstwe9gz9w87qncs,20,0,0.0
ygoahstwe9gz9w87qncs,21,0,0.0
ygoahstwe9gz9w87qncs,22,0,0.0
ygoahstwe9gz9w87qncs,23,1,1.08
xlp4p1b56hrhhyr2y3kd,0,4,3.92
xlp4p1b56hrhhyr2y3kd,1,8,7.84
xlp4p1b56hrhhyr2y3kd,2,4,3.92
xlp4p1b56hrhhyr2y3kd,3,4,3.92
xlp4p1b56hrhhyr2y3kd,4,4,3.92
xlp4p1b56hrhhyr2y3kd,5,4,3.92
xlp4p1b56hrhhyr2y3kd,6,4,3.92
xlp4p1b56hrhhyr2y3kd,7,6,5.88
xlp4p1b56hrhhyr2y3kd,8,4,3.92
xlp4p1b56hrhhyr2y3kd,9,4,3.92
xlp4p1b56hrhhyr2y3kd,10,9,8.82
xlp4p1b56hrhhyr2y3kd,11,12,11.76
xlp4p1b56hrhhyr2y3kd,12,11,10.78
xlp4p1b56hrhhyr2y3kd,13,11,10.78
xlp4p1b56hrhhyr2y3kd,14,5,4.9
xlp4p1b56hrhhyr2y3kd,15,8,7.84
xlp4p1b56hrhhyr2y3kd,16,0,0.0
xlp4p1b56hrhhyr2y3kd,17,0,0.0
xlp4p1b56hrhhyr2y3kd,18,0,0.0
xlp4p1b56hrhhyr2y3kd,19,0,0.0
xlp4p1b56hrhhyr2y3kd,20,0,0.0
xlp4p1b56hrhhyr2y3kd,21,0,0.0
xlp4p1b56hrhhyr2y3kd,22,0,0.0
xlp4p1b56hrhhyr2y3kd,23,0,0.0
me044us8pj1824r4dye2,0,3,2.56
me044us8pj1824r4dye2,1,6,5.13
me044us8pj1824r4dye2,2,7,5.98
me044us8pj1824r4dye2,3,4,3.42
me044us8pj1824r4dye2,4,2,1.71
me044us8pj1824r4dye2,5,5,4.27
me044us8pj1824r4dye2,6,6,5.13
me044us8pj1824r4dye2,7,8,6.84
me044us8pj1824r4dye2,8,13,11.11
me044us8pj1824r4dye2,9,6,5.13
me044us8pj1824r4dye2,10,6,5.13
me044us8pj1824r4dye2,11,11,9.4
me044us8pj1824r4dye2,12,19,16.24
me044us8pj1824r4dye2,13,4,3.42
me044us8pj1824r4dye2,14,9,7.69
me044us8pj1824r4dye2,15,2,1.71
me044us8pj1824r4dye2,16,1,0.85
me044us8pj1824r4dye2,17,0,0.0
me044us8pj1824r4dye2,18,0,0.0
me044us8pj1824r4dye2,19,0,0.0
me044us8pj1824r4dye2,20,0,0.0
me044us8pj1824r4dye2,21,0,0.0
me044us8pj1824r4dye2,22,2,1.71
me044us8pj1824r4dye2,23,3,2.56
0lgtv09uoh3ova8sjbze,0,4,3.36
0lgtv09uoh3ova8sjbze,1,4,3.36
0lgtv09uoh3ova8sjbze,2,5,4.2
0lgtv09uoh3ova8sjbze,3,6,5.04
0lgtv09uoh3ova8sjbze,4,2,1.68
0lgtv09uoh3ova8sjbze,5,1,0.84
0lgtv09uoh3ova8sjbze,6,7,5.88
0lgtv09uoh3ova8sjbze,7,9,7.56
0lgtv09uoh3ova8sjbze,8,10,8.4
0lgtv09uoh3ova8sjbze,9,4,3.36
0lgtv09uoh3ova8sjbze,10,11,9.24
0lgtv09uoh3ova8sjbze,11,20,16.81
0lgtv09uoh3ova8sjbze,12,15,12.61
0lgtv09uoh3ova8sjbze,13,9,7.56
0lgtv09uoh3ova8sjbze,14,7,5.88
0lgtv09uoh3ova8sjbze,15,3,2.52
0lgtv09uoh3ova8sjbze,16,0,0.0
0lgtv09uoh3ova8sjbze,17,0,0.0
0lgtv09uoh3ova8sjbze,18,0,0.0
0lgtv09uoh3ova8sjbze,19,0,0.0
0lgtv09uoh3ova8sjbze,20,0,0.0
0lgtv09uoh3ova8sjbze,21,0,0.0
0lgtv09uoh3ova8sjbze,22,0,0.0
0lgtv09uoh3ova8sjbze,23,2,1.68
4e693829528e3e7de62a,0,24,4.23
4e693829528e3e7de62a,1,31,5.47
4e693829528e3e7de62a,2,32,5.64
4e693829528e3e7de62a,3,47,8.29
4e693829528e3e7de62a,4,0,0.0
4e693829528e3e7de62a,5,0,0.0
4e693829528e3e7de62a,6,0,0.0
4e693829528e3e7de62a,7,24,4.23
4e693829528e3e7de62a,8,42,7.41
4e693829528e3e7de62a,9,74,13.05
4e693829528e3e7de62a,10,42,7.41
4e693829528e3e7de62a,11,47,8.29
4e693829528e3e7de62a,12,76,13.4
4e693829528e3e7de62a,13,42,7.41
4e693829528e3e7de62a,14,27,4.76
4e693829528e3e7de62a,15,43,7.58
4e693829528e3e7de62a,16,6,1.06
4e693829528e3e7de62a,17,0,0.0
4e693829528e3e7de62a,18,0,0.0
4e693829528e3e7de62a,19,0,0.0
4e693829528e3e7de62a,20,0,0.0
4e693829528e3e7de62a,21,0,0.0
4e693829528e3e7de62a,22,9,1.59
4e693829528e3e7de62a,23,1,0.18
4aa8ff74dc576b7adbcd,0,2,0.86
4aa8ff74dc576b7adbcd,1,26,11.16
4aa8ff74dc576b7adbcd,2,17,7.3
4aa8ff74dc576b7adbcd,3,9,3.86
4aa8ff74dc576b7adbcd,4,12,5.15
4aa8ff74dc576b7adbcd,5,0,0.0
4aa8ff74dc576b7adbcd,6,0,0.0
4aa8ff74dc576b7adbcd,7,4,1.72
4aa8ff74dc576b7adbcd,8,12,5.15
4aa8ff74dc576b7adbcd,9,3,1.29
4aa8ff74dc576b7adbcd,10,30,12.88
4aa8ff74dc576b7adbcd,11,38,16.31
4aa8ff74dc576b7adbcd,12,18,7.73
4aa8ff74dc576b7adbcd,13,1,0.43
4aa8ff74dc576b7adbcd,14,50,21.46
4aa8ff74dc576b7adbcd,15,9,3.86
4aa8ff74dc576b7adbcd,16,0,0.0
4aa8ff74dc576b7adbcd,17,0,0.0
4aa8ff74dc576b7adbcd,18,0,0.0
4aa8ff74dc576b7adbcd,19,0,0.0
4aa8ff74dc576b7adbcd,20,0,0.0
4aa8ff74dc576b7adbcd,21,0,0.0
4aa8ff74dc576b7adbcd,22,0,0.0
4aa8ff74dc576b7adbcd,23,2,0.86
792e3326f0d9f68389d9,0,0,0.0
792e3326f0d9f68389d9,1,16,6.64
792e3326f0d9f68389d9,2,2,0.83
792e3326f0d9f68389d9,3,1,0.41
792e3326f0d9f68389d9,4,10,4.15
792e3326f0d9f68389d9,5,8,3.32
792e3326f0d9f68389d9,6,0,0.0
792e3326f0d9f68389d9,7,9,3.73
792e3326f0d9f68389d9,8,17,7.05
792e3326f0d9f68389d9,9,23,9.54
792e3326f0d9f68389d9,10,2,0.83
792e3326f0d9f68389d9,11,22,9.13
792e3326f0d9f68389d9,12,29,12.03
792e3326f0d9f68389d9,13,13,5.39
792e3326f0d9f68389d9,14,35,14.52
792e3326f0d9f68389d9,15,45,18.67
792e3326f0d9f68389d9,16,6,2.49
792e3326f0d9f68389d9,17,3,1.24
792e3326f0d9f68389d9,18,0,0.0
792e3326f0d9f68389d9,19,0,0.0
792e3326f0d9f68389d9,20,0,0.0
792e3326f0d9f68389d9,21,0,0.0
792e3326f0d9f68389d9,22,0,0.0
792e3326f0d9f68389d9,23,0,0.0
9b913075e93b2b788102,0,7,2.13
9b913075e93b2b788102,1,28,8.54
9b913075e93b2b788102,2,27,8.23
9b913075e93b2b788102,3,11,3.35
9b913075e93b2b788102,4,1,0.3
9b913075e93b2b788102,5,11,3.35
9b913075e93b2b788102,6,33,10.06
9b913075e93b2b788102,7,21,6.4
9b913075e93b2b788102,8,39,11.89
9b913075e93b2b788102,9,8,2.44
9b913075e93b2b788102,10,17,5.18
9b913075e93b2b788102,11,31,9.45
9b913075e93b2b788102,12,37,11.28
9b913075e93b2b788102,13,28,8.54
9b913075e93b2b788102,14,27,8.23
9b913075e93b2b788102,15,2,0.61
9b913075e93b2b788102,16,0,0.0
9b913075e93b2b788102,17,0,0.0
9b913075e93b2b788102,18,0,0.0
9b913075e93b2b788102,19,0,0.0
9b913075e93b2b788102,20,0,0.0
9b913075e93b2b788102,21,0,0.0
9b913075e93b2b788102,22,0,0.0
9b913075e93b2b788102,23,0,0.0
1c2aef3af32f6323a31d,0,0,0.0
1c2aef3af32f6323a31d,1,2,1.47
1c2aef3af32f6323a31d,2,2,1.47
1c2aef3af32f6323a31d,3,0,0.0
1c2aef3af32f6323a31d,4,3,2.21
1c2aef3af32f6323a31d,5,3,2.21
1c2aef3af32f6323a31d,6,8,5.88
1c2aef3af32f6323a31d,7,15,11.03
1c2aef3af32f6323a31d,8,2,1.47
1c2aef3af32f6323a31d,9,11,8.09
1c2aef3af32f6323a31d,10,19,13.97
1c2aef3af32f6323a31d,11,33,24.26
1c2aef3af32f6323a31d,12,28,20.59
1c2aef3af32f6323a31d,13,8,5.88
1c2aef3af32f6323a31d,14,2,1.47
1c2aef3af32f6323a31d,15,0,0.0
1c2aef3af32f6323a31d,16,0,0.0
1c2aef3af32f6323a31d,17,0,0.0
1c2aef3af32f6323a31d,18,0,0.0
1c2aef3af32f6323a31d,19,0,0.0
1c2aef3af32f6323a31d,20,0,0.0
1c2aef3af32f6323a31d,21,0,0.0
1c2aef3af32f6323a31d,22,0,0.0
1c2aef3af32f6323a31d,23,0,0.0
9f0ce6d4cdf9d1772417,0,0,0.0
9f0ce6d4cdf9d1772417,1,0,0.0
9f0ce6d4cdf9d1772417,2,1,0.86
9f0ce6d4cdf9d1772417,3,0,0.0
9f0ce6d4cdf9d1772417,4,0,0.0
9f0ce6d4cdf9d1772417,5,0,0.0
9f0ce6d4cdf9d1772417,6,2,1.72
9f0ce6d4cdf9d1772417,7,11,9.48
9f0ce6d4cdf9d1772417,8,4,3.45
9f0ce6d4cdf9d1772417,9,5,4.31
9f0ce6d4cdf9d1772417,10,6,5.17
9f0ce6d4cdf9d1772417,11,14,12.07
9f0ce6d4cdf9d1772417,12,19,16.38
9f0ce6d4cdf9d1772417,13,35,30.17
9f0ce6d4cdf9d1772417,14,6,5.17
9f0ce6d4cdf9d1772417,15,13,11.21
9f0ce6d4cdf9d1772417,16,0,0.0
9f0ce6d4cdf9d1772417,17,0,0.0
9f0ce6d4cdf9d1772417,18,0,0.0
9f0ce6d4cdf9d1772417,19,0,0.0
9f0ce6d4cdf9d1772417,20,0,0.0
9f0ce6d4cdf9d1772417,21,0,0.0
9f0ce6d4cdf9d1772417,22,0,0.0
9f0ce6d4cdf9d1772417,23,0,0.0
db0241cf536c2174d9ed,0,19,13.87
db0241cf536c2174d9ed,1,14,10.22
db0241cf536c2174d9ed,2,27,19.71
db0241cf536c2174d9ed,3,13,9.49
db0241cf536c2174d9ed,4,4,2.92
db0241cf536c2174d9ed,5,13,9.49
db0241cf536c2174d9ed,6,31,22.63
db0241cf536c2174d9ed,7,7,5.11
db0241cf536c2174d9ed,8,0,0.0
db0241cf536c2174d9ed,9,0,0.0
db0241cf536c2174d9ed,10,1,0.73
db0241cf536c2174d9ed,11,2,1.46
db0241cf536c2174d9ed,12,1,0.73
db0241cf536c2174d9ed,13,0,0.0
db0241cf536c2174d9ed,14,1,0.73
db0241cf536c2174d9ed,15,4,2.92
db0241cf536c2174d9ed,16,0,0.0
db0241cf536c2174d9ed,17,0,0.0
db0241cf536c2174d9ed,18,0,0.0
db0241cf536c2174d9ed,19,0,0.0
db0241cf536c2174d9ed,20,0,0.0
db0241cf536c2174d9ed,21,0,0.0
db0241cf536c2174d9ed,22,0,0.0
db0241cf536c2174d9ed,23,0,0.0
2c27d4de6ae130e7e242,0,6,1.77
2c27d4de6ae130e7e242,1,7,2.06
2c27d4de6ae130e7e242,2,2,0.59
2c27d4de6ae130e7e242,3,17,5.01
2c27d4de6ae130e7e242,4,3,0.88
2c27d4de6ae130e7e242,5,16,4.72
2c27d4de6ae130e7e242,6,26,7.67
2c27d4de6ae130e7e242,7,49,14.45
2c27d4de6ae130e7e242,8,40,11.8
2c27d4de6ae130e7e242,9,37,10.91
2c27d4de6ae130e7e242,10,28,8.26
2c27d4de6ae130e7e242,11,52,15.34
2c27d4de6ae130e7e242,12,21,6.19
2c27d4de6ae130e7e242,13,13,3.83
2c27d4de6ae130e7e242,14,18,5.31
2c27d4de6ae130e7e242,15,2,0.59
2c27d4de6ae130e7e242,16,0,0.0
2c27d4de6ae130e7e242,17,0,0.0
2c27d4de6ae130e7e242,18,0,0.0
2c27d4de6ae130e7e242,19,0,0.0
2c27d4de6ae130e7e242,20,0,0.0
2c27d4de6ae130e7e242,21,0,0.0
2c27d4de6ae130e7e242,22,0,0.0
2c27d4de6ae130e7e242,23,2,0.59
2b3492096a4d12bb86cd,0,0,0.0
2b3492096a4d12bb86cd,1,1,0.94
2b3492096a4d12bb86cd,2,5,4.72
2b3492096a4d12bb86cd,3,8,7.55
2b3492096a4d12bb86cd,4,4,3.77
2b3492096a4d12bb86cd,5,0,0.0
2b3492096a4d12bb86cd,6,2,1.89
2b3492096a4d12bb86cd,7,3,2.83
2b3492096a4d12bb86cd,8,2,1.89
2b3492096a4d12bb86cd,9,1,0.94
2b3492096a4d12bb86cd,10,6,5.66
2b3492096a4d12bb86cd,11,4,3.77
2b3492096a4d12bb86cd,12,6,5.66
2b3492096a4d12bb86cd,13,6,5.66
2b3492096a4d12bb86cd,14,24,22.64
2b3492096a4d12bb86cd,15,10,9.43
2b3492096a4d12bb86cd,16,3,2.83
2b3492096a4d12bb86cd,17,11,10.38
2b3492096a4d12bb86cd,18,5,4.72
2b3492096a4d12bb86cd,19,3,2.83
2b3492096a4d12bb86cd,20,2,1.89
2b3492096a4d12bb86cd,21,0,0.0
2b3492096a4d12bb86cd,22,0,0.0
2b3492096a4d12bb86cd,23,0,0.0
f8c2f04e8e116f0fd237,0,7,2.79
f8c2f04e8e116f0fd237,1,18,7.17
f8c2f04e8e116f0fd237,2,16,6.37
f8c2f04e8e116f0fd237,3,25,9.96
f8c2f04e8e116f0fd237,4,9,3.59
f8c2f04e8e116f0fd237,5,5,1.99
f8c2f04e8e116f0fd237,6,23,9.16
f8c2f04e8e116f0fd237,7,6,2.39
f8c2f04e8e116f0fd237,8,4,1.59
f8c2f04e8e116f0fd237,9,5,1.99
f8c2f04e8e116f0fd237,10,3,1.2
f8c2f04e8e116f0fd237,11,11,4.38
f8c2f04e8e116f0fd237,12,24,9.56
f8c2f04e8e116f0fd237,13,23,9.16
f8c2f04e8e116f0fd237,14,47,18.73
f8c2f04e8e116f0fd237,15,24,9.56
f8c2f04e8e116f0fd237,16,1,0.4
f8c2f04e8e116f0fd237,17,0,0.0
f8c2f04e8e116f0fd237,18,0,0.0
f8c2f04e8e116f0fd237,19,0,0.0
f8c2f04e8e116f0fd237,20,0,0.0
f8c2f04e8e116f0fd237,21,0,0.0
f8c2f04e8e116f0fd237,22,0,0.0
f8c2f04e8e116f0fd237,23,0,0.0
2a6394114c31a10dc92b,0,14,4.29
2a6394114c31a10dc92b,1,73,22.39
2a6394114c31a10dc92b,2,32,9.82
2a6394114c31a10dc92b,3,8,2.45
2a6394114c31a10dc92b,4,0,0.0
2a6394114c31a10dc92b,5,5,1.53
2a6394114c31a10dc92b,6,0,0.0
2a6394114c31a10dc92b,7,9,2.76
2a6394114c31a10dc92b,8,1,0.31
2a6394114c31a10dc92b,9,8,2.45
2a6394114c31a10dc92b,10,11,3.37
2a6394114c31a10dc92b,11,10,3.07
2a6394114c31a10dc92b,12,27,8.28
2a6394114c31a10dc92b,13,56,17.18
2a6394114c31a10dc92b,14,22,6.75
2a6394114c31a10dc92b,15,17,5.21
2a6394114c31a10dc92b,16,25,7.67
2a6394114c31a10dc92b,17,1,0.31
2a6394114c31a10dc92b,18,0,0.0
2a6394114c31a10dc92b,19,0,0.0
2a6394114c31a10dc92b,20,0,0.0
2a6394114c31a10dc92b,21,0,0.0
2a6394114c31a10dc92b,22,0,0.0
2a6394114c31a10dc92b,23,7,2.15
0559e9cf806dab4cc20d,0,4,2.22
0559e9cf806dab4cc20d,1,41,22.78
0559e9cf806dab4cc20d,2,12,6.67
0559e9cf806dab4cc20d,3,0,0.0
0559e9cf806dab4cc20d,4,12,6.67
0559e9cf806dab4cc20d,5,10,5.56
0559e9cf806dab4cc20d,6,9,5.0
0559e9cf806dab4cc20d,7,8,4.44
0559e9cf806dab4cc20d,8,10,5.56
0559e9cf806dab4cc20d,9,3,1.67
0559e9cf806dab4cc20d,10,3,1.67
0559e9cf806dab4cc20d,11,18,10.0
0559e9cf806dab4cc20d,12,24,13.33
0559e9cf806dab4cc20d,13,19,10.56
0559e9cf806dab4cc20d,14,6,3.33
0559e9cf806dab4cc20d,15,0,0.0
0559e9cf806dab4cc20d,16,0,0.0
0559e9cf806dab4cc20d,17,0,0.0
0559e9cf806dab4cc20d,18,0,0.0
0559e9cf806dab4cc20d,19,0,0.0
0559e9cf806dab4cc20d,20,0,0.0
0559e9cf806dab4cc20d,21,0,0.0
0559e9cf806dab4cc20d,22,0,0.0
0559e9cf806dab4cc20d,23,1,0.56
6c14ce386a9cda72549c,0,18,8.26
6c14ce386a9cda72549c,1,6,2.75
6c14ce386a9cda72549c,2,0,0.0
6c14ce386a9cda72549c,3,2,0.92
6c14ce386a9cda72549c,4,1,0.46
6c14ce386a9cda72549c,5,0,0.0
6c14ce386a9cda72549c,6,29,13.3
6c14ce386a9cda72549c,7,7,3.21
6c14ce386a9cda72549c,8,7,3.21
6c14ce386a9cda72549c,9,11,5.05
6c14ce386a9cda72549c,10,24,11.01
6c14ce386a9cda72549c,11,12,5.5
6c14ce386a9cda72549c,12,23,10.55
6c14ce386a9cda72549c,13,9,4.13
6c14ce386a9cda72549c,14,20,9.17
6c14ce386a9cda72549c,15,44,20.18
6c14ce386a9cda72549c,16,0,0.0
6c14ce386a9cda72549c,17,0,0.0
6c14ce386a9cda72549c,18,0,0.0
6c14ce386a9cda72549c,19,0,0.0
6c14ce386a9cda72549c,20,0,0.0
6c14ce386a9cda72549c,21,0,0.0
6c14ce386a9cda72549c,22,0,0.0
6c14ce386a9cda72549c,23,5,2.29
2007f4965d2aa6064a25,0,2,1.63
2007f4965d2aa6064a25,1,9,7.32
2007f4965d2aa6064a25,2,0,0.0
2007f4965d2aa6064a25,3,3,2.44
2007f4965d2aa6064a25,4,1,0.81
2007f4965d2aa6064a25,5,1,0.81
2007f4965d2aa6064a25,6,0,0.0
2007f4965d2aa6064a25,7,1,0.81
2007f4965d2aa6064a25,8,0,0.0
2007f4965d2aa6064a25,9,12,9.76
2007f4965d2aa6064a25,10,6,4.88
2007f4965d2aa6064a25,11,7,5.69
2007f4965d2aa6064a25,12,11,8.94
2007f4965d2aa6064a25,13,8,6.5
2007f4965d2aa6064a25,14,10,8.13
2007f4965d2aa6064a25,15,26,21.14
2007f4965d2aa6064a25,16,22,17.89
2007f4965d2aa6064a25,17,4,3.25
2007f4965d2aa6064a25,18,0,0.0
2007f4965d2aa6064a25,19,0,0.0
2007f4965d2aa6064a25,20,0,0.0
2007f4965d2aa6064a25,21,0,0.0
2007f4965d2aa6064a25,22,0,0.0
2007f4965d2aa6064a25,23,0,0.0
6fa0b38bfd05105503a1,0,0,0.0
6fa0b38bfd05105503a1,1,0,0.0
6fa0b38bfd05105503a1,2,0,0.0
6fa0b38bfd05105503a1,3,0,0.0
6fa0b38bfd05105503a1,4,2,1.18
6fa0b38bfd05105503a1,5,2,1.18
6fa0b38bfd05105503a1,6,7,4.14
6fa0b38bfd05105503a1,7,19,11.24
6fa0b38bfd05105503a1,8,1,0.59
6fa0b38bfd05105503a1,9,0,0.0
6fa0b38bfd05105503a1,10,6,3.55
6fa0b38bfd05105503a1,11,19,11.24
6fa0b38bfd05105503a1,12,23,13.61
6fa0b38bfd05105503a1,13,36,21.3
6fa0b38bfd05105503a1,14,24,14.2
6fa0b38bfd05105503a1,15,27,15.98
6fa0b38bfd05105503a1,16,3,1.78
6fa0b38bfd05105503a1,17,0,0.0
6fa0b38bfd05105503a1,18,0,0.0
6fa0b38bfd05105503a1,19,0,0.0
6fa0b38bfd05105503a1,20,0,0.0
6fa0b38bfd05105503a1,21,0,0.0
6fa0b38bfd05105503a1,22,0,0.0
6fa0b38bfd05105503a1,23,0,0.0
3e4e608ace87fe97bdb5,0,0,0.0
3e4e608ace87fe97bdb5,1,2,1.9
3e4e608ace87fe97bdb5,2,0,0.0
3e4e608ace87fe97bdb5,3,0,0.0
3e4e608ace87fe97bdb5,4,0,0.0
3e4e608ace87fe97bdb5,5,0,0.0
3e4e608ace87fe97bdb5,6,0,0.0
3e4e608ace87fe97bdb5,7,3,2.86
3e4e608ace87fe97bdb5,8,16,15.24
3e4e608ace87fe97bdb5,9,2,1.9
3e4e608ace87fe97bdb5,10,1,0.95
3e4e608ace87fe97bdb5,11,20,19.05
3e4e608ace87fe97bdb5,12,12,11.43
3e4e608ace87fe97bdb5,13,3,2.86
3e4e608ace87fe97bdb5,14,28,26.67
3e4e608ace87fe97bdb5,15,18,17.14
3e4e608ace87fe97bdb5,16,0,0.0
3e4e608ace87fe97bdb5,17,0,0.0
3e4e608ace87fe97bdb5,18,0,0.0
3e4e608ace87fe97bdb5,19,0,0.0
3e4e608ace87fe97bdb5,20,0,0.0
3e4e608ace87fe97bdb5,21,0,0.0
3e4e608ace87fe97bdb5,22,0,0.0
3e4e608ace87fe97bdb5,23,0,0.0
d554e419f820fa5cb0ca,0,0,0.0
d554e419f820fa5cb0ca,1,0,0.0
d554e419f820fa5cb0ca,2,0,0.0
d554e419f820fa5cb0ca,3,0,0.0
d554e419f820fa5cb0ca,4,0,0.0
d554e419f820fa5cb0ca,5,0,0.0
d554e419f820fa5cb0ca,6,0,0.0
d554e419f820fa5cb0ca,7,0,0.0
d554e419f820fa5cb0ca,8,0,0.0
d554e419f820fa5cb0ca,9,0,0.0
d554e419f820fa5cb0ca,10,22,23.91
d554e419f820fa5cb0ca,11,32,34.78
d554e419f820fa5cb0ca,12,24,26.09
d554e419f820fa5cb0ca,13,7,7.61
d554e419f820fa5cb0ca,14,7,7.61
d554e419f820fa5cb0ca,15,0,0.0
d554e419f820fa5cb0ca,16,0,0.0
d554e419f820fa5cb0ca,17,0,0.0
d554e419f820fa5cb0ca,18,0,0.0
d554e419f820fa5cb0ca,19,0,0.0
d554e419f820fa5cb0ca,20,0,0.0
d554e419f820fa5cb0ca,21,0,0.0
d554e419f820fa5cb0ca,22,0,0.0
d554e419f820fa5cb0ca,23,0,0.0
b8d20bc2e0d3d86f5613,0,0,0.0
b8d20bc2e0d3d86f5613,1,0,0.0
b8d20bc2e0d3d86f5613,2,2,1.8
b8d20bc2e0d3d86f5613,3,0,0.0
b8d20bc2e0d3d86f5613,4,0,0.0
b8d20bc2e0d3d86f5613,5,0,0.0
b8d20bc2e0d3d86f5613,6,0,0.0
b8d20bc2e0d3d86f5613,7,0,0.0
b8d20bc2e0d3d86f5613,8,10,9.01
b8d20bc2e0d3d86f5613,9,9,8.11
b8d20bc2e0d3d86f5613,10,20,18.02
b8d20bc2e0d3d86f5613,11,10,9.01
b8d20bc2e0d3d86f5613,12,19,17.12
b8d20bc2e0d3d86f5613,13,11,9.91
b8d20bc2e0d3d86f5613,14,15,13.51
b8d20bc2e0d3d86f5613,15,5,4.5
b8d20bc2e0d3d86f5613,16,0,0.0
b8d20bc2e0d3d86f5613,17,5,4.5
b8d20bc2e0d3d86f5613,18,5,4.5
b8d20bc2e0d3d86f5613,19,0,0.0
b8d20bc2e0d3d86f5613,20,0,0.0
b8d20bc2e0d3d86f5613,21,0,0.0
b8d20bc2e0d3d86f5613,22,0,0.0
b8d20bc2e0d3d86f5613,23,0,0.0
df62b7675d1fdb8e6b11,0,4,4.08
df62b7675d1fdb8e6b11,1,1,1.02
df62b7675d1fdb8e6b11,2,0,0.0
df62b7675d1fdb8e6b11,3,4,4.08
df62b7675d1fdb8e6b11,4,0,0.0
df62b7675d1fdb8e6b11,5,0,0.0
df62b7675d1fdb8e6b11,6,0,0.0
df62b7675d1fdb8e6b11,7,0,0.0
df62b7675d1fdb8e6b11,8,4,4.08
df62b7675d1fdb8e6b11,9,9,9.18
df62b7675d1fdb8e6b11,10,3,3.06
df62b7675d1fdb8e6b11,11,38,38.78
df62b7675d1fdb8e6b11,12,16,16.33
df62b7675d1fdb8e6b11,13,7,7.14
df62b7675d1fdb8e6b11,14,7,7.14
df62b7675d1fdb8e6b11,15,5,5.1
df62b7675d1fdb8e6b11,16,0,0.0
df62b7675d1fdb8e6b11,17,0,0.0
df62b7675d1fdb8e6b11,18,0,0.0
df62b7675d1fdb8e6b11,19,0,0.0
df62b7675d1fdb8e6b11,20,0,0.0
df62b7675d1fdb8e6b11,21,0,0.0
df62b7675d1fdb8e6b11,22,0,0.0
df62b7675d1fdb8e6b11,23,0,0.0
ff63c210b94623453b5f,0,1,0.5
ff63c210b94623453b5f,1,20,9.9
ff63c210b94623453b5f,2,23,11.39
ff63c210b94623453b5f,3,1,0.5
ff63c210b94623453b5f,4,3,1.49
ff63c210b94623453b5f,5,16,7.92
ff63c210b94623453b5f,6,10,4.95
ff63c210b94623453b5f,7,16,7.92
ff63c210b94623453b5f,8,8,3.96
ff63c210b94623453b5f,9,15,7.43
ff63c210b94623453b5f,10,45,22.28
ff63c210b94623453b5f,11,25,12.38
ff63c210b94623453b5f,12,4,1.98
ff63c210b94623453b5f,13,14,6.93
ff63c210b94623453b5f,14,1,0.5
ff63c210b94623453b5f,15,0,0.0
ff63c210b94623453b5f,16,0,0.0
ff63c210b94623453b5f,17,0,0.0
ff63c210b94623453b5f,18,0,0.0
ff63c210b94623453b5f,19,0,0.0
ff63c210b94623453b5f,20,0,0.0
ff63c210b94623453b5f,21,0,0.0
ff63c210b94623453b5f,22,0,0.0
ff63c210b94623453b5f,23,0,0.0
a2f48a796e250a14ff55,0,17,6.56
a2f48a796e250a14ff55,1,2,0.77
a2f48a796e250a14ff55,2,50,19.31
a2f48a796e250a14ff55,3,16,6.18
a2f48a796e250a14ff55,4,4,1.54
a2f48a796e250a14ff55,5,10,3.86
a2f48a796e250a14ff55,6,21,8.11
a2f48a796e250a14ff55,7,18,6.95
a2f48a796e250a14ff55,8,9,3.47
a2f48a796e250a14ff55,9,20,7.72
a2f48a796e250a14ff55,10,25,9.65
a2f48a796e250a14ff55,11,12,4.63
a2f48a796e250a14ff55,12,20,7.72
a2f48a796e250a14ff55,13,7,2.7
a2f48a796e250a14ff55,14,16,6.18
a2f48a796e250a14ff55,15,1,0.39
a2f48a796e250a14ff55,16,0,0.0
a2f48a796e250a14ff55,17,0,0.0
a2f48a796e250a14ff55,18,0,0.0
a2f48a796e250a14ff55,19,0,0.0
a2f48a796e250a14ff55,20,0,0.0
a2f48a796e250a14ff55,21,0,0.0
a2f48a796e250a14ff55,22,1,0.39
a2f48a796e250a14ff55,23,10,3.86
8975db410fd78d462688,0,1,1.02
8975db410fd78d462688,1,4,4.08
8975db410fd78d462688,2,5,5.1
8975db410fd78d462688,3,5,5.1
8975db410fd78d462688,4,5,5.1
8975db410fd78d462688,5,4,4.08
8975db410fd78d462688,6,4,4.08
8975db410fd78d462688,7,4,4.08
8975db410fd78d462688,8,11,11.22
8975db410fd78d462688,9,3,3.06
8975db410fd78d462688,10,17,17.35
8975db410fd78d462688,11,14,14.29
8975db410fd78d462688,12,11,11.22
8975db410fd78d462688,13,2,2.04
8975db410fd78d462688,14,0,0.0
8975db410fd78d462688,15,6,6.12
8975db410fd78d462688,16,0,0.0
8975db410fd78d462688,17,0,0.0
8975db410fd78d462688,18,0,0.0
8975db410fd78d462688,19,0,0.0
8975db410fd78d462688,20,0,0.0
8975db410fd78d462688,21,0,0.0
8975db410fd78d462688,22,0,0.0
8975db410fd78d462688,23,2,2.04
dac03bcbefc3a08c8b50,0,4,5.41
dac03bcbefc3a08c8b50,1,0,0.0
dac03bcbefc3a08c8b50,2,0,0.0
dac03bcbefc3a08c8b50,3,0,0.0
dac03bcbefc3a08c8b50,4,12,16.22
dac03bcbefc3a08c8b50,5,6,8.11
dac03bcbefc3a08c8b50,6,0,0.0
dac03bcbefc3a08c8b50,7,0,0.0
dac03bcbefc3a08c8b50,8,0,0.0
dac03bcbefc3a08c8b50,9,0,0.0
dac03bcbefc3a08c8b50,10,1,1.35
dac03bcbefc3a08c8b50,11,0,0.0
dac03bcbefc3a08c8b50,12,1,1.35
dac03bcbefc3a08c8b50,13,0,0.0
dac03bcbefc3a08c8b50,14,1,1.35
dac03bcbefc3a08c8b50,15,49,66.22
dac03bcbefc3a08c8b50,16,0,0.0
dac03bcbefc3a08c8b50,17,0,0.0
dac03bcbefc3a08c8b50,18,0,0.0
dac03bcbefc3a08c8b50,19,0,0.0
dac03bcbefc3a08c8b50,20,0,0.0
dac03bcbefc3a08c8b50,21,0,0.0
dac03bcbefc3a08c8b50,22,0,0.0
dac03bcbefc3a08c8b50,23,0,0.0
d7464b55181ef45e2d63,0,3,1.69
d7464b55181ef45e2d63,1,6,3.39
d7464b55181ef45e2d63,2,0,0.0
d7464b55181ef45e2d63,3,0,0.0
d7464b55181ef45e2d63,4,0,0.0
d7464b55181ef45e2d63,5,0,0.0
d7464b55181ef45e2d63,6,4,2.26
d7464b55181ef45e2d63,7,7,3.95
d7464b55181ef45e2d63,8,13,7.34
d7464b55181ef45e2d63,9,9,5.08
d7464b55181ef45e2d63,10,7,3.95
d7464b55181ef45e2d63,11,3,1.69
d7464b55181ef45e2d63,12,5,2.82
d7464b55181ef45e2d63,13,8,4.52
d7464b55181ef45e2d63,14,52,29.38
d7464b55181ef45e2d63,15,56,31.64
d7464b55181ef45e2d63,16,0,0.0
d7464b55181ef45e2d63,17,0,0.0
d7464b55181ef45e2d63,18,2,1.13
d7464b55181ef45e2d63,19,0,0.0
d7464b55181ef45e2d63,20,0,0.0
d7464b55181ef45e2d63,21,0,0.0
d7464b55181ef45e2d63,22,0,0.0
d7464b55181ef45e2d63,23,2,1.13
663aff87732c52f0e342,0,52,12.38
663aff87732c52f0e342,1,10,2.38
663aff87732c52f0e342,2,8,1.9
663aff87732c52f0e342,3,16,3.81
663aff87732c52f0e342,4,0,0.0
663aff87732c52f0e342,5,1,0.24
663aff87732c52f0e342,6,4,0.95
663aff87732c52f0e342,7,4,0.95
663aff87732c52f0e342,8,24,5.71
663aff87732c52f0e342,9,73,17.38
663aff87732c52f0e342,10,40,9.52
663aff87732c52f0e342,11,49,11.67
663aff87732c52f0e342,12,10,2.38
663aff87732c52f0e342,13,13,3.1
663aff87732c52f0e342,14,34,8.1
663aff87732c52f0e342,15,46,10.95
663aff87732c52f0e342,16,0,0.0
663aff87732c52f0e342,17,3,0.71
663aff87732c52f0e342,18,19,4.52
663aff87732c52f0e342,19,0,0.0
663aff87732c52f0e342,20,0,0.0
663aff87732c52f0e342,21,0,0.0
663aff87732c52f0e342,22,0,0.0
663aff87732c52f0e342,23,14,3.33
c3beec92b66ff78a6ba9,0,0,0.0
c3beec92b66ff78a6ba9,1,0,0.0
c3beec92b66ff78a6ba9,2,0,0.0
c3beec92b66ff78a6ba9,3,0,0.0
c3beec92b66ff78a6ba9,4,0,0.0
c3beec92b66ff78a6ba9,5,0,0.0
c3beec92b66ff78a6ba9,6,17,9.71
c3beec92b66ff78a6ba9,7,5,2.86
c3beec92b66ff78a6ba9,8,31,17.71
c3beec92b66ff78a6ba9,9,14,8.0
c3beec92b66ff78a6ba9,10,11,6.29
c3beec92b66ff78a6ba9,11,12,6.86
c3beec92b66ff78a6ba9,12,19,10.86
c3beec92b66ff78a6ba9,13,9,5.14
c3beec92b66ff78a6ba9,14,13,7.43
c3beec92b66ff78a6ba9,15,36,20.57
c3beec92b66ff78a6ba9,16,8,4.57
c3beec92b66ff78a6ba9,17,0,0.0
c3beec92b66ff78a6ba9,18,0,0.0
c3beec92b66ff78a6ba9,19,0,0.0
c3beec92b66ff78a6ba9,20,0,0.0
c3beec92b66ff78a6ba9,21,0,0.0
c3beec92b66ff78a6ba9,22,0,0.0
c3beec92b66ff78a6ba9,23,0,0.0
7535fe5ae754da62a534,0,0,0.0
7535fe5ae754da62a534,1,2,2.3
7535fe5ae754da62a534,2,1,1.15
7535fe5ae754da62a534,3,6,6.9
7535fe5ae754da62a534,4,0,0.0
7535fe5ae754da62a534,5,1,1.15
7535fe5ae754da62a534,6,20,22.99
7535fe5ae754da62a534,7,0,0.0
7535fe5ae754da62a534,8,1,1.15
7535fe5ae754da62a534,9,1,1.15
7535fe5ae754da62a534,10,4,4.6
7535fe5ae754da62a534,11,5,5.75
7535fe5ae754da62a534,12,30,34.48
7535fe5ae754da62a534,13,10,11.49
7535fe5ae754da62a534,14,6,6.9
7535fe5ae754da62a534,15,0,0.0
7535fe5ae754da62a534,16,0,0.0
7535fe5ae754da62a534,17,0,0.0
7535fe5ae754da62a534,18,0,0.0
7535fe5ae754da62a534,19,0,0.0
7535fe5ae754da62a534,20,0,0.0
7535fe5ae754da62a534,21,0,0.0
7535fe5ae754da62a534,22,0,0.0
7535fe5ae754da62a534,23,0,0.0
d9dfc134efd3826bdaed,0,1,0.96
d9dfc134efd3826bdaed,1,6,5.77
d9dfc134efd3826bdaed,2,10,9.62
d9dfc134efd3826bdaed,3,2,1.92
d9dfc134efd3826bdaed,4,1,0.96
d9dfc134efd3826bdaed,5,9,8.65
d9dfc134efd3826bdaed,6,10,9.62
d9dfc134efd3826bdaed,7,11,10.58
d9dfc134efd3826bdaed,8,6,5.77
d9dfc134efd3826bdaed,9,3,2.88
d9dfc134efd3826bdaed,10,8,7.69
d9dfc134efd3826bdaed,11,6,5.77
d9dfc134efd3826bdaed,12,14,13.46
d9dfc134efd3826bdaed,13,3,2.88
d9dfc134efd3826bdaed,14,5,4.81
d9dfc134efd3826bdaed,15,6,5.77
d9dfc134efd3826bdaed,16,3,2.88
d9dfc134efd3826bdaed,17,0,0.0
d9dfc134efd3826bdaed,18,0,0.0
d9dfc134efd3826bdaed,19,0,0.0
d9dfc134efd3826bdaed,20,0,0.0
d9dfc134efd3826bdaed,21,0,0.0
d9dfc134efd3826bdaed,22,0,0.0
d9dfc134efd3826bdaed,23,0,0.0
e2ea6dbbe90983dbb208,0,22,12.5
e2ea6dbbe90983dbb208,1,23,13.07
e2ea6dbbe90983dbb208,2,18,10.23
e2ea6dbbe90983dbb208,3,0,0.0
e2ea6dbbe90983dbb208,4,0,0.0
e2ea6dbbe90983dbb208,5,0,0.0
e2ea6dbbe90983dbb208,6,0,0.0
e2ea6dbbe90983dbb208,7,37,21.02
e2ea6dbbe90983dbb208,8,19,10.8
e2ea6dbbe90983dbb208,9,6,3.41
e2ea6dbbe90983dbb208,10,16,9.09
e2ea6dbbe90983dbb208,11,11,6.25
e2ea6dbbe90983dbb208,12,20,11.36
e2ea6dbbe90983dbb208,13,4,2.27
e2ea6dbbe90983dbb208,14,0,0.0
e2ea6dbbe90983dbb208,15,0,0.0
e2ea6dbbe90983dbb208,16,0,0.0
e2ea6dbbe90983dbb208,17,0,0.0
e2ea6dbbe90983dbb208,18,0,0.0
e2ea6dbbe90983dbb208,19,0,0.0
e2ea6dbbe90983dbb208,20,0,0.0
e2ea6dbbe90983dbb208,21,0,0.0
e2ea6dbbe90983dbb208,22,0,0.0
e2ea6dbbe90983dbb208,23,0,0.0
6efd2d79656d1b056f72,0,0,0.0
6efd2d79656d1b056f72,1,2,1.18
6efd2d79656d1b056f72,2,10,5.92
6efd2d79656d1b056f72,3,13,7.69
6efd2d79656d1b056f72,4,2,1.18
6efd2d79656d1b056f72,5,0,0.0
6efd2d79656d1b056f72,6,0,0.0
6efd2d79656d1b056f72,7,5,2.96
6efd2d79656d1b056f72,8,16,9.47
6efd2d79656d1b056f72,9,11,6.51
6efd2d79656d1b056f72,10,11,6.51
6efd2d79656d1b056f72,11,17,10.06
6efd2d79656d1b056f72,12,6,3.55
6efd2d79656d1b056f72,13,19,11.24
6efd2d79656d1b056f72,14,13,7.69
6efd2d79656d1b056f72,15,12,7.1
6efd2d79656d1b056f72,16,18,10.65
6efd2d79656d1b056f72,17,13,7.69
6efd2d79656d1b056f72,18,1,0.59
6efd2d79656d1b056f72,19,0,0.0
6efd2d79656d1b056f72,20,0,0.0
6efd2d79656d1b056f72,21,0,0.0
6efd2d79656d1b056f72,22,0,0.0
6efd2d79656d1b056f72,23,0,0.0
d5067bceac0ffa5e4704,0,7,9.72
d5067bceac0ffa5e4704,1,0,0.0
d5067bceac0ffa5e4704,2,1,1.39
d5067bceac0ffa5e4704,3,0,0.0
d5067bceac0ffa5e4704,4,4,5.56
d5067bceac0ffa5e4704,5,0,0.0
d5067bceac0ffa5e4704,6,7,9.72
d5067bceac0ffa5e4704,7,7,9.72
d5067bceac0ffa5e4704,8,0,0.0
d5067bceac0ffa5e4704,9,3,4.17
d5067bceac0ffa5e4704,10,4,5.56
d5067bceac0ffa5e4704,11,6,8.33
d5067bceac0ffa5e4704,12,3,4.17
d5067bceac0ffa5e4704,13,1,1.39
d5067bceac0ffa5e4704,14,7,9.72
d5067bceac0ffa5e4704,15,21,29.17
d5067bceac0ffa5e4704,16,0,0.0
d5067bceac0ffa5e4704,17,0,0.0
d5067bceac0ffa5e4704,18,0,0.0
d5067bceac0ffa5e4704,19,0,0.0
d5067bceac0ffa5e4704,20,0,0.0
d5067bceac0ffa5e4704,21,0,0.0
d5067bceac0ffa5e4704,22,0,0.0
d5067bceac0ffa5e4704,23,1,1.39
ebe7a295f61c831b0093,0,14,11.48
ebe7a295f61c831b0093,1,3,2.46
ebe7a295f61c831b0093,2,4,3.28
ebe7a295f61c831b0093,3,3,2.46
ebe7a295f61c831b0093,4,0,0.0
ebe7a295f61c831b0093,5,3,2.46
ebe7a295f61c831b0093,6,3,2.46
ebe7a295f61c831b0093,7,18,14.75
ebe7a295f61c831b0093,8,14,11.48
ebe7a295f61c831b0093,9,0,0.0
ebe7a295f61c831b0093,10,4,3.28
ebe7a295f61c831b0093,11,8,6.56
ebe7a295f61c831b0093,12,5,4.1
ebe7a295f61c831b0093,13,2,1.64
ebe7a295f61c831b0093,14,8,6.56
ebe7a295f61c831b0093,15,22,18.03
ebe7a295f61c831b0093,16,0,0.0
ebe7a295f61c831b0093,17,0,0.0
ebe7a295f61c831b0093,18,0,0.0
ebe7a295f61c831b0093,19,0,0.0
ebe7a295f61c831b0093,20,0,0.0
ebe7a295f61c831b0093,21,0,0.0
ebe7a295f61c831b0093,22,9,7.38
ebe7a295f61c831b0093,23,2,1.64
fc916744a3bd5120978f,0,0,0.0
fc916744a3bd5120978f,1,2,2.02
fc916744a3bd5120978f,2,2,2.02
fc916744a3bd5120978f,3,12,12.12
fc916744a3bd5120978f,4,0,0.0
fc916744a3bd5120978f,5,15,15.15
fc916744a3bd5120978f,6,5,5.05
fc916744a3bd5120978f,7,7,7.07
fc916744a3bd5120978f,8,20,20.2
fc916744a3bd5120978f,9,2,2.02
fc916744a3bd5120978f,10,3,3.03
fc916744a3bd5120978f,11,0,0.0
fc916744a3bd5120978f,12,0,0.0
fc916744a3bd5120978f,13,9,9.09
fc916744a3bd5120978f,14,12,12.12
fc916744a3bd5120978f,15,10,10.1
fc916744a3bd5120978f,16,0,0.0
fc916744a3bd5120978f,17,0,0.0
fc916744a3bd5120978f,18,0,0.0
fc916744a3bd5120978f,19,0,0.0
fc916744a3bd5120978f,20,0,0.0
fc916744a3bd5120978f,21,0,0.0
fc916744a3bd5120978f,22,0,0.0
fc916744a3bd5120978f,23,0,0.0
7c30aec52f13bebe07a6,0,4,5.26
7c30aec52f13bebe07a6,1,2,2.63
7c30aec52f13bebe07a6,2,1,1.32
7c30aec52f13bebe07a6,3,1,1.32
7c30aec52f13bebe07a6,4,4,5.26
7c30aec52f13bebe07a6,5,0,0.0
7c30aec52f13bebe07a6,6,2,2.63
7c30aec52f13bebe07a6,7,0,0.0
7c30aec52f13bebe07a6,8,0,0.0
7c30aec52f13bebe07a6,9,3,3.95
7c30aec52f13bebe07a6,10,16,21.05
7c30aec52f13bebe07a6,11,16,21.05
7c30aec52f13bebe07a6,12,7,9.21
7c30aec52f13bebe07a6,13,4,5.26
7c30aec52f13bebe07a6,14,10,13.16
7c30aec52f13bebe07a6,15,3,3.95
7c30aec52f13bebe07a6,16,0,0.0
7c30aec52f13bebe07a6,17,0,0.0
7c30aec52f13bebe07a6,18,0,0.0
7c30aec52f13bebe07a6,19,0,0.0
7c30aec52f13bebe07a6,20,0,0.0
7c30aec52f13bebe07a6,21,0,0.0
7c30aec52f13bebe07a6,22,0,0.0
7c30aec52f13bebe07a6,23,3,3.95
2d9a38c93e37bc475cb6,0,2,1.87
2d9a38c93e37bc475cb6,1,5,4.67
2d9a38c93e37bc475cb6,2,3,2.8
2d9a38c93e37bc475cb6,3,1,0.93
2d9a38c93e37bc475cb6,4,4,3.74
2d9a38c93e37bc475cb6,5,8,7.48
2d9a38c93e37bc475cb6,6,13,12.15
2d9a38c93e37bc475cb6,7,8,7.48
2d9a38c93e37bc475cb6,8,5,4.67
2d9a38c93e37bc475cb6,9,3,2.8
2d9a38c93e37bc475cb6,10,0,0.0
2d9a38c93e37bc475cb6,11,5,4.67
2d9a38c93e37bc475cb6,12,6,5.61
2d9a38c93e37bc475cb6,13,19,17.76
2d9a38c93e37bc475cb6,14,18,16.82
2d9a38c93e37bc475cb6,15,7,6.54
2d9a38c93e37bc475cb6,16,0,0.0
2d9a38c93e37bc475cb6,17,0,0.0
2d9a38c93e37bc475cb6,18,0,0.0
2d9a38c93e37bc475cb6,19,0,0.0
2d9a38c93e37bc475cb6,20,0,0.0
2d9a38c93e37bc475cb6,21,0,0.0
2d9a38c93e37bc475cb6,22,0,0.0
2d9a38c93e37bc475cb6,23,0,0.0
a1a127e2bf29c380819c,0,1,1.2
a1a127e2bf29c380819c,1,5,6.02
a1a127e2bf29c380819c,2,14,16.87
a1a127e2bf29c380819c,3,6,7.23
a1a127e2bf29c380819c,4,1,1.2
a1a127e2bf29c380819c,5,6,7.23
a1a127e2bf29c380819c,6,3,3.61
a1a127e2bf29c380819c,7,5,6.02
a1a127e2bf29c380819c,8,6,7.23
a1a127e2bf29c380819c,9,0,0.0
a1a127e2bf29c380819c,10,11,13.25
a1a127e2bf29c380819c,11,8,9.64
a1a127e2bf29c380819c,12,6,7.23
a1a127e2bf29c380819c,13,3,3.61
a1a127e2bf29c380819c,14,2,2.41
a1a127e2bf29c380819c,15,6,7.23
a1a127e2bf29c380819c,16,0,0.0
a1a127e2bf29c380819c,17,0,0.0
a1a127e2bf29c380819c,18,0,0.0
a1a127e2bf29c380819c,19,0,0.0
a1a127e2bf29c380819c,20,0,0.0
a1a127e2bf29c380819c,21,0,0.0
a1a127e2bf29c380819c,22,0,0.0
a1a127e2bf29c380819c,23,0,0.0
2c7d02c44b47e3d24d52,0,9,12.33
2c7d02c44b47e3d24d52,1,0,0.0
2c7d02c44b47e3d24d52,2,0,0.0
2c7d02c44b47e3d24d52,3,2,2.74
2c7d02c44b47e3d24d52,4,1,1.37
2c7d02c44b47e3d24d52,5,0,0.0
2c7d02c44b47e3d24d52,6,10,13.7
2c7d02c44b47e3d24d52,7,15,20.55
2c7d02c44b47e3d24d52,8,4,5.48
2c7d02c44b47e3d24d52,9,0,0.0
2c7d02c44b47e3d24d52,10,0,0.0
2c7d02c44b47e3d24d52,11,0,0.0
2c7d02c44b47e3d24d52,12,16,21.92
2c7d02c44b47e3d24d52,13,15,20.55
2c7d02c44b47e3d24d52,14,1,1.37
2c7d02c44b47e3d24d52,15,0,0.0
2c7d02c44b47e3d24d52,16,0,0.0
2c7d02c44b47e3d24d52,17,0,0.0
2c7d02c44b47e3d24d52,18,0,0.0
2c7d02c44b47e3d24d52,19,0,0.0
2c7d02c44b47e3d24d52,20,0,0.0
2c7d02c44b47e3d24d52,21,0,0.0
2c7d02c44b47e3d24d52,22,0,0.0
2c7d02c44b47e3d24d52,23,0,0.0
ce9dd8f1570caa0d6f5b,0,7,3.2
ce9dd8f1570caa0d6f5b,1,13,5.94
ce9dd8f1570caa0d6f5b,2,10,4.57
ce9dd8f1570caa0d6f5b,3,5,2.28
ce9dd8f1570caa0d6f5b,4,4,1.83
ce9dd8f1570caa0d6f5b,5,0,0.0
ce9dd8f1570caa0d6f5b,6,9,4.11
ce9dd8f1570caa0d6f5b,7,14,6.39
ce9dd8f1570caa0d6f5b,8,19,8.68
ce9dd8f1570caa0d6f5b,9,0,0.0
ce9dd8f1570caa0d6f5b,10,3,1.37
ce9dd8f1570caa0d6f5b,11,11,5.02
ce9dd8f1570caa0d6f5b,12,32,14.61
ce9dd8f1570caa0d6f5b,13,2,0.91
ce9dd8f1570caa0d6f5b,14,16,7.31
ce9dd8f1570caa0d6f5b,15,26,11.87
ce9dd8f1570caa0d6f5b,16,44,20.09
ce9dd8f1570caa0d6f5b,17,4,1.83
ce9dd8f1570caa0d6f5b,18,0,0.0
ce9dd8f1570caa0d6f5b,19,0,0.0
ce9dd8f1570caa0d6f5b,20,0,0.0
ce9dd8f1570caa0d6f5b,21,0,0.0
ce9dd8f1570caa0d6f5b,22,0,0.0
ce9dd8f1570caa0d6f5b,23,0,0.0
7c039dde693a18f3a834,0,0,0.0
7c039dde693a18f3a834,1,0,0.0
7c039dde693a18f3a834,2,0,0.0
7c039dde693a18f3a834,3,3,2.59
7c039dde693a18f3a834,4,1,0.86
7c039dde693a18f3a834,5,3,2.59
7c039dde693a18f3a834,6,0,0.0
7c039dde693a18f3a834,7,0,0.0
7c039dde693a18f3a834,8,0,0.0
7c039dde693a18f3a834,9,0,0.0
7c039dde693a18f3a834,10,2,1.72
7c039dde693a18f3a834,11,35,30.17
7c039dde693a18f3a834,12,39,33.62
7c039dde693a18f3a834,13,17,14.66
7c039dde693a18f3a834,14,7,6.03
7c039dde693a18f3a834,15,9,7.76
7c039dde693a18f3a834,16,0,0.0
7c039dde693a18f3a834,17,0,0.0
7c039dde693a18f3a834,18,0,0.0
7c039dde693a18f3a834,19,0,0.0
7c039dde693a18f3a834,20,0,0.0
7c039dde693a18f3a834,21,0,0.0
7c039dde693a18f3a834,22,0,0.0
7c039dde693a18f3a834,23,0,0.0
hjcfqm1yfzh8s77mo3ec,0,2,1.9
hjcfqm1yfzh8s77mo3ec,1,8,7.62
hjcfqm1yfzh8s77mo3ec,2,5,4.76
hjcfqm1yfzh8s77mo3ec,3,8,7.62
hjcfqm1yfzh8s77mo3ec,4,1,0.95
hjcfqm1yfzh8s77mo3ec,5,1,0.95
hjcfqm1yfzh8s77mo3ec,6,5,4.76
hjcfqm1yfzh8s77mo3ec,7,6,5.71
hjcfqm1yfzh8s77mo3ec,8,3,2.86
hjcfqm1yfzh8s77mo3ec,9,4,3.81
hjcfqm1yfzh8s77mo3ec,10,5,4.76
hjcfqm1yfzh8s77mo3ec,11,9,8.57
hjcfqm1yfzh8s77mo3ec,12,14,13.33
hjcfqm1yfzh8s77mo3ec,13,13,12.38
hjcfqm1yfzh8s77mo3ec,14,6,5.71
hjcfqm1yfzh8s77mo3ec,15,9,8.57
hjcfqm1yfzh8s77mo3ec,16,2,1.9
hjcfqm1yfzh8s77mo3ec,17,1,0.95
hjcfqm1yfzh8s77mo3ec,18,2,1.9
hjcfqm1yfzh8s77mo3ec,19,0,0.0
hjcfqm1yfzh8s77mo3ec,20,0,0.0
hjcfqm1yfzh8s77mo3ec,21,0,0.0
hjcfqm1yfzh8s77mo3ec,22,1,0.95
hjcfqm1yfzh8s77mo3ec,23,0,0.0
1hues7esy9erdsses6m0,0,4,3.88
1hues7esy9erdsses6m0,1,4,3.88
1hues7esy9erdsses6m0,2,3,2.91
1hues7esy9erdsses6m0,3,1,0.97
1hues7esy9erdsses6m0,4,5,4.85
1hues7esy9erdsses6m0,5,2,1.94
1hues7esy9erdsses6m0,6,4,3.88
1hues7esy9erdsses6m0,7,7,6.8
1hues7esy9erdsses6m0,8,3,2.91
1hues7esy9erdsses6m0,9,6,5.83
1hues7esy9erdsses6m0,10,5,4.85
1hues7esy9erdsses6m0,11,14,13.59
1hues7esy9erdsses6m0,12,9,8.74
1hues7esy9erdsses6m0,13,12,11.65
1hues7esy9erdsses6m0,14,10,9.71
1hues7esy9erdsses6m0,15,10,9.71
1hues7esy9erdsses6m0,16,2,1.94
1hues7esy9erdsses6m0,17,1,0.97
1hues7esy9erdsses6m0,18,0,0.0
1hues7esy9erdsses6m0,19,1,0.97
1hues7esy9erdsses6m0,20,0,0.0
1hues7esy9erdsses6m0,21,0,0.0
1hues7esy9erdsses6m0,22,0,0.0
1hues7esy9erdsses6m0,23,0,0.0
p58nsuk0hj5uh2xk2k9p,0,3,3.03
p58nsuk0hj5uh2xk2k9p,1,6,6.06
p58nsuk0hj5uh2xk2k9p,2,5,5.05
p58nsuk0hj5uh2xk2k9p,3,4,4.04
p58nsuk0hj5uh2xk2k9p,4,2,2.02
p58nsuk0hj5uh2xk2k9p,5,3,3.03
p58nsuk0hj5uh2xk2k9p,6,7,7.07
p58nsuk0hj5uh2xk2k9p,7,4,4.04
p58nsuk0hj5uh2xk2k9p,8,4,4.04
p58nsuk0hj5uh2xk2k9p,9,3,3.03
p58nsuk0hj5uh2xk2k9p,10,10,10.1
p58nsuk0hj5uh2xk2k9p,11,7,7.07
p58nsuk0hj5uh2xk2k9p,12,8,8.08
p58nsuk0hj5uh2xk2k9p,13,8,8.08
p58nsuk0hj5uh2xk2k9p,14,13,13.13
p58nsuk0hj5uh2xk2k9p,15,7,7.07
p58nsuk0hj5uh2xk2k9p,16,2,2.02
p58nsuk0hj5uh2xk2k9p,17,2,2.02
p58nsuk0hj5uh2xk2k9p,18,1,1.01
p58nsuk0hj5uh2xk2k9p,19,0,0.0
p58nsuk0hj5uh2xk2k9p,20,0,0.0
p58nsuk0hj5uh2xk2k9p,21,0,0.0
p58nsuk0hj5uh2xk2k9p,22,0,0.0
p58nsuk0hj5uh2xk2k9p,23,0,0.0
5l1b1ma70rilf7mojch5,0,2,1.75
5l1b1ma70rilf7mojch5,1,8,7.02
5l1b1ma70rilf7mojch5,2,3,2.63
5l1b1ma70rilf7mojch5,3,4,3.51
5l1b1ma70rilf7mojch5,4,4,3.51
5l1b1ma70rilf7mojch5,5,3,2.63
5l1b1ma70rilf7mojch5,6,8,7.02
5l1b1ma70rilf7mojch5,7,4,3.51
5l1b1ma70rilf7mojch5,8,7,6.14
5l1b1ma70rilf7mojch5,9,7,6.14
5l1b1ma70rilf7mojch5,10,7,6.14
5l1b1ma70rilf7mojch5,11,11,9.65
5l1b1ma70rilf7mojch5,12,10,8.77
5l1b1ma70rilf7mojch5,13,11,9.65
5l1b1ma70rilf7mojch5,14,12,10.53
5l1b1ma70rilf7mojch5,15,8,7.02
5l1b1ma70rilf7mojch5,16,0,0.0
5l1b1ma70rilf7mojch5,17,2,1.75
5l1b1ma70rilf7mojch5,18,1,0.88
5l1b1ma70rilf7mojch5,19,0,0.0
5l1b1ma70rilf7mojch5,20,0,0.0
5l1b1ma70rilf7mojch5,21,0,0.0
5l1b1ma70rilf7mojch5,22,0,0.0
5l1b1ma70rilf7mojch5,23,2,1.75
zylvq01zq0hxavbvsd2f,0,8,6.9
zylvq01zq0hxavbvsd2f,1,5,4.31
zylvq01zq0hxavbvsd2f,2,4,3.45
zylvq01zq0hxavbvsd2f,3,7,6.03
zylvq01zq0hxavbvsd2f,4,1,0.86
zylvq01zq0hxavbvsd2f,5,3,2.59
zylvq01zq0hxavbvsd2f,6,8,6.9
zylvq01zq0hxavbvsd2f,7,6,5.17
zylvq01zq0hxavbvsd2f,8,8,6.9
zylvq01zq0hxavbvsd2f,9,3,2.59
zylvq01zq0hxavbvsd2f,10,8,6.9
zylvq01zq0hxavbvsd2f,11,11,9.48
zylvq01zq0hxavbvsd2f,12,12,10.34
zylvq01zq0hxavbvsd2f,13,9,7.76
zylvq01zq0hxavbvsd2f,14,9,7.76
zylvq01zq0hxavbvsd2f,15,9,7.76
zylvq01zq0hxavbvsd2f,16,3,2.59
zylvq01zq0hxavbvsd2f,17,0,0.0
zylvq01zq0hxavbvsd2f,18,0,0.0
zylvq01zq0hxavbvsd2f,19,1,0.86
zylvq01zq0hxavbvsd2f,20,0,0.0
zylvq01zq0hxavbvsd2f,21,0,0.0
zylvq01zq0hxavbvsd2f,22,0,0.0
zylvq01zq0hxavbvsd2f,23,1,0.86
4ycyhj8tyx2b17fcx29j,0,8,7.08
4ycyhj8tyx2b17fcx29j,1,6,5.31
4ycyhj8tyx2b17fcx29j,2,3,2.65
4ycyhj8tyx2b17fcx29j,3,4,3.54
4ycyhj8tyx2b17fcx29j,4,1,0.88
4ycyhj8tyx2b17fcx29j,5,4,3.54
4ycyhj8tyx2b17fcx29j,6,7,6.19
4ycyhj8tyx2b17fcx29j,7,5,4.42
4ycyhj8tyx2b17fcx29j,8,9,7.96
4ycyhj8tyx2b17fcx29j,9,9,7.96
4ycyhj8tyx2b17fcx29j,10,8,7.08
4ycyhj8tyx2b17fcx29j,11,9,7.96
4ycyhj8tyx2b17fcx29j,12,11,9.73
4ycyhj8tyx2b17fcx29j,13,10,8.85
4ycyhj8tyx2b17fcx29j,14,8,7.08
4ycyhj8tyx2b17fcx29j,15,6,5.31
4ycyhj8tyx2b17fcx29j,16,3,2.65
4ycyhj8tyx2b17fcx29j,17,0,0.0
4ycyhj8tyx2b17fcx29j,18,0,0.0
4ycyhj8tyx2b17fcx29j,19,0,0.0
4ycyhj8tyx2b17fcx29j,20,0,0.0
4ycyhj8tyx2b17fcx29j,21,0,0.0
4ycyhj8tyx2b17fcx29j,22,1,0.88
4ycyhj8tyx2b17fcx29j,23,1,0.88
n1nh33yq3nhwt4mx36yc,0,5,4.67
n1nh33yq3nhwt4mx36yc,1,2,1.87
n1nh33yq3nhwt4mx36yc,2,4,3.74
n1nh33yq3nhwt4mx36yc,3,8,7.48
n1nh33yq3nhwt4mx36yc,4,2,1.87
n1nh33yq3nhwt4mx36yc,5,4,3.74
n1nh33yq3nhwt4mx36yc,6,3,2.8
n1nh33yq3nhwt4mx36yc,7,4,3.74
n1nh33yq3nhwt4mx36yc,8,4,3.74
n1nh33yq3nhwt4mx36yc,9,8,7.48
n1nh33yq3nhwt4mx36yc,10,4,3.74
n1nh33yq3nhwt4mx36yc,11,17,15.89
n1nh33yq3nhwt4mx36yc,12,11,10.28
n1nh33yq3nhwt4mx36yc,13,7,6.54
n1nh33yq3nhwt4mx36yc,14,11,10.28
n1nh33yq3nhwt4mx36yc,15,5,4.67
n1nh33yq3nhwt4mx36yc,16,5,4.67
n1nh33yq3nhwt4mx36yc,17,0,0.0
n1nh33yq3nhwt4mx36yc,18,2,1.87
n1nh33yq3nhwt4mx36yc,19,0,0.0
n1nh33yq3nhwt4mx36yc,20,0,0.0
n1nh33yq3nhwt4mx36yc,21,0,0.0
n1nh33yq3nhwt4mx36yc,22,0,0.0
n1nh33yq3nhwt4mx36yc,23,1,0.93
jtbq3gkfw2tcsjvfwm56,0,2,1.89
jtbq3gkfw2tcsjvfwm56,1,3,2.83
jtbq3gkfw2tcsjvfwm56,2,2,1.89
jtbq3gkfw2tcsjvfwm56,3,4,3.77
jtbq3gkfw2tcsjvfwm56,4,2,1.89
jtbq3gkfw2tcsjvfwm56,5,3,2.83
jtbq3gkfw2tcsjvfwm56,6,11,10.38
jtbq3gkfw2tcsjvfwm56,7,5,4.72
jtbq3gkfw2tcsjvfwm56,8,13,12.26
jtbq3gkfw2tcsjvfwm56,9,10,9.43
jtbq3gkfw2tcsjvfwm56,10,3,2.83
jtbq3gkfw2tcsjvfwm56,11,7,6.6
jtbq3gkfw2tcsjvfwm56,12,10,9.43
jtbq3gkfw2tcsjvfwm56,13,9,8.49
jtbq3gkfw2tcsjvfwm56,14,9,8.49
jtbq3gkfw2tcsjvfwm56,15,9,8.49
jtbq3gkfw2tcsjvfwm56,16,3,2.83
jtbq3gkfw2tcsjvfwm56,17,1,0.94
jtbq3gkfw2tcsjvfwm56,18,0,0.0
jtbq3gkfw2tcsjvfwm56,19,0,0.0
jtbq3gkfw2tcsjvfwm56,20,0,0.0
jtbq3gkfw2tcsjvfwm56,21,0,0.0
jtbq3gkfw2tcsjvfwm56,22,0,0.0
jtbq3gkfw2tcsjvfwm56,23,0,0.0
oriig6s6fmvi4f7mxamy,0,3,2.68
oriig6s6fmvi4f7mxamy,1,5,4.46
oriig6s6fmvi4f7mxamy,2,4,3.57
oriig6s6fmvi4f7mxamy,3,3,2.68
oriig6s6fmvi4f7mxamy,4,4,3.57
oriig6s6fmvi4f7mxamy,5,2,1.79
oriig6s6fmvi4f7mxamy,6,4,3.57
oriig6s6fmvi4f7mxamy,7,4,3.57
oriig6s6fmvi4f7mxamy,8,5,4.46
oriig6s6fmvi4f7mxamy,9,8,7.14
oriig6s6fmvi4f7mxamy,10,8,7.14
oriig6s6fmvi4f7mxamy,11,15,13.39
oriig6s6fmvi4f7mxamy,12,7,6.25
oriig6s6fmvi4f7mxamy,13,14,12.5
oriig6s6fmvi4f7mxamy,14,8,7.14
oriig6s6fmvi4f7mxamy,15,12,10.71
oriig6s6fmvi4f7mxamy,16,0,0.0
oriig6s6fmvi4f7mxamy,17,0,0.0
oriig6s6fmvi4f7mxamy,18,1,0.89
oriig6s6fmvi4f7mxamy,19,0,0.0
oriig6s6fmvi4f7mxamy,20,0,0.0
oriig6s6fmvi4f7mxamy,21,0,0.0
oriig6s6fmvi4f7mxamy,22,2,1.79
oriig6s6fmvi4f7mxamy,23,3,2.68
i3b6qk80m9jqwgft968o,0,7,6.8
i3b6qk80m9jqwgft968o,1,5,4.85
i3b6qk80m9jqwgft968o,2,3,2.91
i3b6qk80m9jqwgft968o,3,7,6.8
i3b6qk80m9jqwgft968o,4,3,2.91
i3b6qk80m9jqwgft968o,5,2,1.94
i3b6qk80m9jqwgft968o,6,5,4.85
i3b6qk80m9jqwgft968o,7,3,2.91
i3b6qk80m9jqwgft968o,8,5,4.85
i3b6qk80m9jqwgft968o,9,8,7.77
i3b6qk80m9jqwgft968o,10,9,8.74
i3b6qk80m9jqwgft968o,11,10,9.71
i3b6qk80m9jqwgft968o,12,10,9.71
i3b6qk80m9jqwgft968o,13,9,8.74
i3b6qk80m9jqwgft968o,14,10,9.71
i3b6qk80m9jqwgft968o,15,4,3.88
i3b6qk80m9jqwgft968o,16,1,0.97
i3b6qk80m9jqwgft968o,17,1,0.97
i3b6qk80m9jqwgft968o,18,0,0.0
i3b6qk80m9jqwgft968o,19,0,0.0
i3b6qk80m9jqwgft968o,20,0,0.0
i3b6qk80m9jqwgft968o,21,0,0.0
i3b6qk80m9jqwgft968o,22,1,0.97
i3b6qk80m9jqwgft968o,23,0,0.0
2svwdpmdpjsdzafekntw,0,3,3.45
2svwdpmdpjsdzafekntw,1,4,4.6
2svwdpmdpjsdzafekntw,2,6,6.9
2svwdpmdpjsdzafekntw,3,6,6.9
2svwdpmdpjsdzafekntw,4,2,2.3
2svwdpmdpjsdzafekntw,5,6,6.9
2svwdpmdpjsdzafekntw,6,1,1.15
2svwdpmdpjsdzafekntw,7,7,8.05
2svwdpmdpjsdzafekntw,8,6,6.9
2svwdpmdpjsdzafekntw,9,3,3.45
2svwdpmdpjsdzafekntw,10,4,4.6
2svwdpmdpjsdzafekntw,11,8,9.2
2svwdpmdpjsdzafekntw,12,9,10.34
2svwdpmdpjsdzafekntw,13,7,8.05
2svwdpmdpjsdzafekntw,14,7,8.05
2svwdpmdpjsdzafekntw,15,7,8.05
2svwdpmdpjsdzafekntw,16,1,1.15
2svwdpmdpjsdzafekntw,17,0,0.0
2svwdpmdpjsdzafekntw,18,0,0.0
2svwdpmdpjsdzafekntw,19,0,0.0
2svwdpmdpjsdzafekntw,20,0,0.0
2svwdpmdpjsdzafekntw,21,0,0.0
2svwdpmdpjsdzafekntw,22,0,0.0
2svwdpmdpjsdzafekntw,23,0,0.0
81kmylu471y1njt1pin3,0,5,4.24
81kmylu471y1njt1pin3,1,1,0.85
81kmylu471y1njt1pin3,2,7,5.93
81kmylu471y1njt1pin3,3,4,3.39
81kmylu471y1njt1pin3,4,4,3.39
81kmylu471y1njt1pin3,5,3,2.54
81kmylu471y1njt1pin3,6,7,5.93
81kmylu471y1njt1pin3,7,6,5.08
81kmylu471y1njt1pin3,8,9,7.63
81kmylu471y1njt1pin3,9,8,6.78
81kmylu471y1njt1pin3,10,12,10.17
81kmylu471y1njt1pin3,11,10,8.47
81kmylu471y1njt1pin3,12,16,13.56
81kmylu471y1njt1pin3,13,8,6.78
81kmylu471y1njt1pin3,14,5,4.24
81kmylu471y1njt1pin3,15,8,6.78
81kmylu471y1njt1pin3,16,1,0.85
81kmylu471y1njt1pin3,17,3,2.54
81kmylu471y1njt1pin3,18,1,0.85
81kmylu471y1njt1pin3,19,0,0.0
81kmylu471y1njt1pin3,20,0,0.0
81kmylu471y1njt1pin3,21,0,0.0
81kmylu471y1njt1pin3,22,0,0.0
81kmylu471y1njt1pin3,23,0,0.0
e9vzigim3qs88f721ohz,0,3,2.83
e9vzigim3qs88f721ohz,1,5,4.72
e9vzigim3qs88f721ohz,2,3,2.83
e9vzigim3qs88f721ohz,3,4,3.77
e9vzigim3qs88f721ohz,4,4,3.77
e9vzigim3qs88f721ohz,5,1,0.94
e9vzigim3qs88f721ohz,6,3,2.83
e9vzigim3qs88f721ohz,7,10,9.43
e9vzigim3qs88f721ohz,8,7,6.6
e9vzigim3qs88f721ohz,9,9,8.49
e9vzigim3qs88f721ohz,10,5,4.72
e9vzigim3qs88f721ohz,11,13,12.26
e9vzigim3qs88f721ohz,12,10,9.43
e9vzigim3qs88f721ohz,13,12,11.32
e9vzigim3qs88f721ohz,14,7,6.6
e9vzigim3qs88f721ohz,15,8,7.55
e9vzigim3qs88f721ohz,16,2,1.89
e9vzigim3qs88f721ohz,17,0,0.0
e9vzigim3qs88f721ohz,18,0,0.0
e9vzigim3qs88f721ohz,19,0,0.0
e9vzigim3qs88f721ohz,20,0,0.0
e9vzigim3qs88f721ohz,21,0,0.0
e9vzigim3qs88f721ohz,22,0,0.0
e9vzigim3qs88f721ohz,23,0,0.0
8rsw4xhmff15occogf32,0,2,1.64
8rsw4xhmff15occogf32,1,3,2.46
8rsw4xhmff15occogf32,2,8,6.56
8rsw4xhmff15occogf32,3,5,4.1
8rsw4xhmff15occogf32,4,2,1.64
8rsw4xhmff15occogf32,5,2,1.64
8rsw4xhmff15occogf32,6,4,3.28
8rsw4xhmff15occogf32,7,9,7.38
8rsw4xhmff15occogf32,8,7,5.74
8rsw4xhmff15occogf32,9,10,8.2
8rsw4xhmff15occogf32,10,7,5.74
8rsw4xhmff15occogf32,11,9,7.38
8rsw4xhmff15occogf32,12,14,11.48
8rsw4xhmff15occogf32,13,10,8.2
8rsw4xhmff15occogf32,14,10,8.2
8rsw4xhmff15occogf32,15,12,9.84
8rsw4xhmff15occogf32,16,1,0.82
8rsw4xhmff15occogf32,17,1,0.82
8rsw4xhmff15occogf32,18,0,0.0
8rsw4xhmff15occogf32,19,0,0.0
8rsw4xhmff15occogf32,20,0,0.0
8rsw4xhmff15occogf32,21,0,0.0
8rsw4xhmff15occogf32,22,2,1.64
8rsw4xhmff15occogf32,23,4,3.28
siv6gzi7una85o8fzrwi,0,2,1.85
siv6gzi7una85o8fzrwi,1,6,5.56
siv6gzi7una85o8fzrwi,2,8,7.41
siv6gzi7una85o8fzrwi,3,3,2.78
siv6gzi7una85o8fzrwi,4,2,1.85
siv6gzi7una85o8fzrwi,5,2,1.85
siv6gzi7una85o8fzrwi,6,1,0.93
siv6gzi7una85o8fzrwi,7,4,3.7
siv6gzi7una85o8fzrwi,8,5,4.63
siv6gzi7una85o8fzrwi,9,7,6.48
siv6gzi7una85o8fzrwi,10,7,6.48
siv6gzi7una85o8fzrwi,11,10,9.26
siv6gzi7una85o8fzrwi,12,17,15.74
siv6gzi7una85o8fzrwi,13,6,5.56
siv6gzi7una85o8fzrwi,14,12,11.11
siv6gzi7una85o8fzrwi,15,14,12.96
siv6gzi7una85o8fzrwi,16,0,0.0
siv6gzi7una85o8fzrwi,17,0,0.0
siv6gzi7una85o8fzrwi,18,0,0.0
siv6gzi7una85o8fzrwi,19,0,0.0
siv6gzi7una85o8fzrwi,20,0,0.0
siv6gzi7una85o8fzrwi,21,0,0.0
siv6gzi7una85o8fzrwi,22,0,0.0
siv6gzi7una85o8fzrwi,23,2,1.85
ti44fbogdeqbfflbizj7,0,2,2.02
ti44fbogdeqbfflbizj7,1,6,6.06
ti44fbogdeqbfflbizj7,2,7,7.07
ti44fbogdeqbfflbizj7,3,2,2.02
ti44fbogdeqbfflbizj7,4,1,1.01
ti44fbogdeqbfflbizj7,5,4,4.04
ti44fbogdeqbfflbizj7,6,11,11.11
ti44fbogdeqbfflbizj7,7,5,5.05
ti44fbogdeqbfflbizj7,8,4,4.04
ti44fbogdeqbfflbizj7,9,6,6.06
ti44fbogdeqbfflbizj7,10,6,6.06
ti44fbogdeqbfflbizj7,11,10,10.1
ti44fbogdeqbfflbizj7,12,13,13.13
ti44fbogdeqbfflbizj7,13,6,6.06
ti44fbogdeqbfflbizj7,14,3,3.03
ti44fbogdeqbfflbizj7,15,7,7.07
ti44fbogdeqbfflbizj7,16,3,3.03
ti44fbogdeqbfflbizj7,17,1,1.01
ti44fbogdeqbfflbizj7,18,2,2.02
ti44fbogdeqbfflbizj7,19,0,0.0
ti44fbogdeqbfflbizj7,20,0,0.0
ti44fbogdeqbfflbizj7,21,0,0.0
ti44fbogdeqbfflbizj7,22,0,0.0
ti44fbogdeqbfflbizj7,23,0,0.0
5rxl72n8rmnxwrxcss0q,0,2,2.04
5rxl72n8rmnxwrxcss0q,1,3,3.06
5rxl72n8rmnxwrxcss0q,2,10,10.2
5rxl72n8rmnxwrxcss0q,3,7,7.14
5rxl72n8rmnxwrxcss0q,4,1,1.02
5rxl72n8rmnxwrxcss0q,5,1,1.02
5rxl72n8rmnxwrxcss0q,6,6,6.12
5rxl72n8rmnxwrxcss0q,7,8,8.16
5rxl72n8rmnxwrxcss0q,8,2,2.04
5rxl72n8rmnxwrxcss0q,9,5,5.1
5rxl72n8rmnxwrxcss0q,10,3,3.06
5rxl72n8rmnxwrxcss0q,11,12,12.24
5rxl72n8rmnxwrxcss0q,12,10,10.2
5rxl72n8rmnxwrxcss0q,13,4,4.08
5rxl72n8rmnxwrxcss0q,14,5,5.1
5rxl72n8rmnxwrxcss0q,15,13,13.27
5rxl72n8rmnxwrxcss0q,16,3,3.06
5rxl72n8rmnxwrxcss0q,17,2,2.04
5rxl72n8rmnxwrxcss0q,18,0,0.0
5rxl72n8rmnxwrxcss0q,19,0,0.0
5rxl72n8rmnxwrxcss0q,20,0,0.0
5rxl72n8rmnxwrxcss0q,21,0,0.0
5rxl72n8rmnxwrxcss0q,22,0,0.0
5rxl72n8rmnxwrxcss0q,23,1,1.02
tbypawuj167ycyvg8sc2,0,5,4.67
tbypawuj167ycyvg8sc2,1,6,5.61
tbypawuj167ycyvg8sc2,2,1,0.93
tbypawuj167ycyvg8sc2,3,0,0.0
tbypawuj167ycyvg8sc2,4,1,0.93
tbypawuj167ycyvg8sc2,5,0,0.0
tbypawuj167ycyvg8sc2,6,4,3.74
tbypawuj167ycyvg8sc2,7,6,5.61
tbypawuj167ycyvg8sc2,8,5,4.67
tbypawuj167ycyvg8sc2,9,7,6.54
tbypawuj167ycyvg8sc2,10,6,5.61
tbypawuj167ycyvg8sc2,11,9,8.41
tbypawuj167ycyvg8sc2,12,16,14.95
tbypawuj167ycyvg8sc2,13,7,6.54
tbypawuj167ycyvg8sc2,14,9,8.41
tbypawuj167ycyvg8sc2,15,15,14.02
tbypawuj167ycyvg8sc2,16,5,4.67
tbypawuj167ycyvg8sc2,17,1,0.93
tbypawuj167ycyvg8sc2,18,2,1.87
tbypawuj167ycyvg8sc2,19,0,0.0
tbypawuj167ycyvg8sc2,20,0,0.0
tbypawuj167ycyvg8sc2,21,0,0.0
tbypawuj167ycyvg8sc2,22,2,1.87
tbypawuj167ycyvg8sc2,23,0,0.0
10xnkvdetxarrkdhx4i9,0,5,4.95
10xnkvdetxarrkdhx4i9,1,4,3.96
10xnkvdetxarrkdhx4i9,2,5,4.95
10xnkvdetxarrkdhx4i9,3,8,7.92
10xnkvdetxarrkdhx4i9,4,1,0.99
10xnkvdetxarrkdhx4i9,5,2,1.98
10xnkvdetxarrkdhx4i9,6,4,3.96
10xnkvdetxarrkdhx4i9,7,6,5.94
10xnkvdetxarrkdhx4i9,8,6,5.94
10xnkvdetxarrkdhx4i9,9,4,3.96
10xnkvdetxarrkdhx4i9,10,7,6.93
10xnkvdetxarrkdhx4i9,11,13,12.87
10xnkvdetxarrkdhx4i9,12,10,9.9
10xnkvdetxarrkdhx4i9,13,5,4.95
10xnkvdetxarrkdhx4i9,14,8,7.92
10xnkvdetxarrkdhx4i9,15,10,9.9
10xnkvdetxarrkdhx4i9,16,2,1.98
10xnkvdetxarrkdhx4i9,17,0,0.0
10xnkvdetxarrkdhx4i9,18,1,0.99
10xnkvdetxarrkdhx4i9,19,0,0.0
10xnkvdetxarrkdhx4i9,20,0,0.0
10xnkvdetxarrkdhx4i9,21,0,0.0
10xnkvdetxarrkdhx4i9,22,0,0.0
10xnkvdetxarrkdhx4i9,23,0,0.0
s8uk59p9w5ck47wlw3ea,0,3,3.09
s8uk59p9w5ck47wlw3ea,1,0,0.0
s8uk59p9w5ck47wlw3ea,2,2,2.06
s8uk59p9w5ck47wlw3ea,3,2,2.06
s8uk59p9w5ck47wlw3ea,4,0,0.0
s8uk59p9w5ck47wlw3ea,5,5,5.15
s8uk59p9w5ck47wlw3ea,6,10,10.31
s8uk59p9w5ck47wlw3ea,7,3,3.09
s8uk59p9w5ck47wlw3ea,8,7,7.22
s8uk59p9w5ck47wlw3ea,9,6,6.19
s8uk59p9w5ck47wlw3ea,10,3,3.09
s8uk59p9w5ck47wlw3ea,11,8,8.25
s8uk59p9w5ck47wlw3ea,12,13,13.4
s8uk59p9w5ck47wlw3ea,13,8,8.25
s8uk59p9w5ck47wlw3ea,14,10,10.31
s8uk59p9w5ck47wlw3ea,15,11,11.34
s8uk59p9w5ck47wlw3ea,16,3,3.09
s8uk59p9w5ck47wlw3ea,17,1,1.03
s8uk59p9w5ck47wlw3ea,18,1,1.03
s8uk59p9w5ck47wlw3ea,19,0,0.0
s8uk59p9w5ck47wlw3ea,20,0,0.0
s8uk59p9w5ck47wlw3ea,21,0,0.0
s8uk59p9w5ck47wlw3ea,22,0,0.0
s8uk59p9w5ck47wlw3ea,23,1,1.03
y0bdtutppfdzzttzq8dy,0,1,1.04
y0bdtutppfdzzttzq8dy,1,7,7.29
y0bdtutppfdzzttzq8dy,2,7,7.29
y0bdtutppfdzzttzq8dy,3,5,5.21
y0bdtutppfdzzttzq8dy,4,1,1.04
y0bdtutppfdzzttzq8dy,5,6,6.25
y0bdtutppfdzzttzq8dy,6,2,2.08
y0bdtutppfdzzttzq8dy,7,6,6.25
y0bdtutppfdzzttzq8dy,8,5,5.21
y0bdtutppfdzzttzq8dy,9,2,2.08
y0bdtutppfdzzttzq8dy,10,1,1.04
y0bdtutppfdzzttzq8dy,11,11,11.46
y0bdtutppfdzzttzq8dy,12,9,9.38
y0bdtutppfdzzttzq8dy,13,12,12.5
y0bdtutppfdzzttzq8dy,14,8,8.33
y0bdtutppfdzzttzq8dy,15,7,7.29
y0bdtutppfdzzttzq8dy,16,3,3.12
y0bdtutppfdzzttzq8dy,17,2,2.08
y0bdtutppfdzzttzq8dy,18,0,0.0
y0bdtutppfdzzttzq8dy,19,0,0.0
y0bdtutppfdzzttzq8dy,20,0,0.0
y0bdtutppfdzzttzq8dy,21,0,0.0
y0bdtutppfdzzttzq8dy,22,0,0.0
y0bdtutppfdzzttzq8dy,23,1,1.04
ipd72mytvphpd9tcejgb,0,3,2.83
ipd72mytvphpd9tcejgb,1,8,7.55
ipd72mytvphpd9tcejgb,2,1,0.94
ipd72mytvphpd9tcejgb,3,5,4.72
ipd72mytvphpd9tcejgb,4,2,1.89
ipd72mytvphpd9tcejgb,5,1,0.94
ipd72mytvphpd9tcejgb,6,5,4.72
ipd72mytvphpd9tcejgb,7,5,4.72
ipd72mytvphpd9tcejgb,8,6,5.66
ipd72mytvphpd9tcejgb,9,9,8.49
ipd72mytvphpd9tcejgb,10,8,7.55
ipd72mytvphpd9tcejgb,11,13,12.26
ipd72mytvphpd9tcejgb,12,5,4.72
ipd72mytvphpd9tcejgb,13,8,7.55
ipd72mytvphpd9tcejgb,14,11,10.38
ipd72mytvphpd9tcejgb,15,7,6.6
ipd72mytvphpd9tcejgb,16,5,4.72
ipd72mytvphpd9tcejgb,17,0,0.0
ipd72mytvphpd9tcejgb,18,0,0.0
ipd72mytvphpd9tcejgb,19,0,0.0
ipd72mytvphpd9tcejgb,20,0,0.0
ipd72mytvphpd9tcejgb,21,0,0.0
ipd72mytvphpd9tcejgb,22,0,0.0
ipd72mytvphpd9tcejgb,23,4,3.77
0dapvs3h4h3h1ahmt2o8,0,5,4.24
0dapvs3h4h3h1ahmt2o8,1,1,0.85
0dapvs3h4h3h1ahmt2o8,2,6,5.08
0dapvs3h4h3h1ahmt2o8,3,5,4.24
0dapvs3h4h3h1ahmt2o8,4,1,0.85
0dapvs3h4h3h1ahmt2o8,5,2,1.69
0dapvs3h4h3h1ahmt2o8,6,3,2.54
0dapvs3h4h3h1ahmt2o8,7,10,8.47
0dapvs3h4h3h1ahmt2o8,8,5,4.24
0dapvs3h4h3h1ahmt2o8,9,7,5.93
0dapvs3h4h3h1ahmt2o8,10,9,7.63
0dapvs3h4h3h1ahmt2o8,11,18,15.25
0dapvs3h4h3h1ahmt2o8,12,13,11.02
0dapvs3h4h3h1ahmt2o8,13,9,7.63
0dapvs3h4h3h1ahmt2o8,14,8,6.78
0dapvs3h4h3h1ahmt2o8,15,13,11.02
0dapvs3h4h3h1ahmt2o8,16,1,0.85
0dapvs3h4h3h1ahmt2o8,17,1,0.85
0dapvs3h4h3h1ahmt2o8,18,0,0.0
0dapvs3h4h3h1ahmt2o8,19,0,0.0
0dapvs3h4h3h1ahmt2o8,20,0,0.0
0dapvs3h4h3h1ahmt2o8,21,0,0.0
0dapvs3h4h3h1ahmt2o8,22,0,0.0
0dapvs3h4h3h1ahmt2o8,23,1,0.85
95jqkrj6zv7qf1wz1p8e,0,3,2.94
95jqkrj6zv7qf1wz1p8e,1,5,4.9
95jqkrj6zv7qf1wz1p8e,2,5,4.9
95jqkrj6zv7qf1wz1p8e,3,5,4.9
95jqkrj6zv7qf1wz1p8e,4,1,0.98
95jqkrj6zv7qf1wz1p8e,5,2,1.96
95jqkrj6zv7qf1wz1p8e,6,7,6.86
95jqkrj6zv7qf1wz1p8e,7,11,10.78
95jqkrj6zv7qf1wz1p8e,8,9,8.82
95jqkrj6zv7qf1wz1p8e,9,3,2.94
95jqkrj6zv7qf1wz1p8e,10,8,7.84
95jqkrj6zv7qf1wz1p8e,11,4,3.92
95jqkrj6zv7qf1wz1p8e,12,14,13.73
95jqkrj6zv7qf1wz1p8e,13,8,7.84
95jqkrj6zv7qf1wz1p8e,14,5,4.9
95jqkrj6zv7qf1wz1p8e,15,8,7.84
95jqkrj6zv7qf1wz1p8e,16,2,1.96
95jqkrj6zv7qf1wz1p8e,17,0,0.0
95jqkrj6zv7qf1wz1p8e,18,0,0.0
95jqkrj6zv7qf1wz1p8e,19,0,0.0
95jqkrj6zv7qf1wz1p8e,20,0,0.0
95jqkrj6zv7qf1wz1p8e,21,0,0.0
95jqkrj6zv7qf1wz1p8e,22,0,0.0
95jqkrj6zv7qf1wz1p8e,23,2,1.96
jivt017uwst4sg4fqlek,0,1,0.98
jivt017uwst4sg4fqlek,1,4,3.92
jivt017uwst4sg4fqlek,2,3,2.94
jivt017uwst4sg4fqlek,3,5,4.9
jivt017uwst4sg4fqlek,4,1,0.98
jivt017uwst4sg4fqlek,5,1,0.98
jivt017uwst4sg4fqlek,6,10,9.8
jivt017uwst4sg4fqlek,7,5,4.9
jivt017uwst4sg4fqlek,8,5,4.9
jivt017uwst4sg4fqlek,9,6,5.88
jivt017uwst4sg4fqlek,10,8,7.84
jivt017uwst4sg4fqlek,11,12,11.76
jivt017uwst4sg4fqlek,12,6,5.88
jivt017uwst4sg4fqlek,13,6,5.88
jivt017uwst4sg4fqlek,14,8,7.84
jivt017uwst4sg4fqlek,15,13,12.75
jivt017uwst4sg4fqlek,16,1,0.98
jivt017uwst4sg4fqlek,17,2,1.96
jivt017uwst4sg4fqlek,18,2,1.96
jivt017uwst4sg4fqlek,19,0,0.0
jivt017uwst4sg4fqlek,20,0,0.0
jivt017uwst4sg4fqlek,21,0,0.0
jivt017uwst4sg4fqlek,22,1,0.98
jivt017uwst4sg4fqlek,23,2,1.96
9jq31h6i3ny1lx0mx89e,0,6,4.41
9jq31h6i3ny1lx0mx89e,1,6,4.41
9jq31h6i3ny1lx0mx89e,2,7,5.15
9jq31h6i3ny1lx0mx89e,3,6,4.41
9jq31h6i3ny1lx0mx89e,4,1,0.74
9jq31h6i3ny1lx0mx89e,5,7,5.15
9jq31h6i3ny1lx0mx89e,6,8,5.88
9jq31h6i3ny1lx0mx89e,7,10,7.35
9jq31h6i3ny1lx0mx89e,8,4,2.94
9jq31h6i3ny1lx0mx89e,9,16,11.76
9jq31h6i3ny1lx0mx89e,10,9,6.62
9jq31h6i3ny1lx0mx89e,11,10,7.35
9jq31h6i3ny1lx0mx89e,12,11,8.09
9jq31h6i3ny1lx0mx89e,13,12,8.82
9jq31h6i3ny1lx0mx89e,14,11,8.09
9jq31h6i3ny1lx0mx89e,15,9,6.62
9jq31h6i3ny1lx0mx89e,16,1,0.74
9jq31h6i3ny1lx0mx89e,17,1,0.74
9jq31h6i3ny1lx0mx89e,18,1,0.74
9jq31h6i3ny1lx0mx89e,19,0,0.0
9jq31h6i3ny1lx0mx89e,20,0,0.0
9jq31h6i3ny1lx0mx89e,21,0,0.0
9jq31h6i3ny1lx0mx89e,22,0,0.0
9jq31h6i3ny1lx0mx89e,23,0,0.0
cm2celd9hmos24j2a5cg,0,4,4.55
cm2celd9hmos24j2a5cg,1,6,6.82
cm2celd9hmos24j2a5cg,2,3,3.41
cm2celd9hmos24j2a5cg,3,1,1.14
cm2celd9hmos24j2a5cg,4,0,0.0
cm2celd9hmos24j2a5cg,5,3,3.41
cm2celd9hmos24j2a5cg,6,4,4.55
cm2celd9hmos24j2a5cg,7,1,1.14
cm2celd9hmos24j2a5cg,8,5,5.68
cm2celd9hmos24j2a5cg,9,11,12.5
cm2celd9hmos24j2a5cg,10,5,5.68
cm2celd9hmos24j2a5cg,11,11,12.5
cm2celd9hmos24j2a5cg,12,10,11.36
cm2celd9hmos24j2a5cg,13,5,5.68
cm2celd9hmos24j2a5cg,14,5,5.68
cm2celd9hmos24j2a5cg,15,12,13.64
cm2celd9hmos24j2a5cg,16,0,0.0
cm2celd9hmos24j2a5cg,17,1,1.14
cm2celd9hmos24j2a5cg,18,0,0.0
cm2celd9hmos24j2a5cg,19,0,0.0
cm2celd9hmos24j2a5cg,20,0,0.0
cm2celd9hmos24j2a5cg,21,0,0.0
cm2celd9hmos24j2a5cg,22,0,0.0
cm2celd9hmos24j2a5cg,23,1,1.14
wmes720kojsggeq71m5y,0,5,4.31
wmes720kojsggeq71m5y,1,7,6.03
wmes720kojsggeq71m5y,2,4,3.45
wmes720kojsggeq71m5y,3,9,7.76
wmes720kojsggeq71m5y,4,2,1.72
wmes720kojsggeq71m5y,5,10,8.62
wmes720kojsggeq71m5y,6,7,6.03
wmes720kojsggeq71m5y,7,7,6.03
wmes720kojsggeq71m5y,8,5,4.31
wmes720kojsggeq71m5y,9,9,7.76
wmes720kojsggeq71m5y,10,6,5.17
wmes720kojsggeq71m5y,11,10,8.62
wmes720kojsggeq71m5y,12,9,7.76
wmes720kojsggeq71m5y,13,3,2.59
wmes720kojsggeq71m5y,14,13,11.21
wmes720kojsggeq71m5y,15,6,5.17
wmes720kojsggeq71m5y,16,2,1.72
wmes720kojsggeq71m5y,17,1,0.86
wmes720kojsggeq71m5y,18,0,0.0
wmes720kojsggeq71m5y,19,0,0.0
wmes720kojsggeq71m5y,20,0,0.0
wmes720kojsggeq71m5y,21,0,0.0
wmes720kojsggeq71m5y,22,0,0.0
wmes720kojsggeq71m5y,23,1,0.86
8nqoz5k93j7it8w0muhl,0,6,5.36
8nqoz5k93j7it8w0muhl,1,7,6.25
8nqoz5k93j7it8w0muhl,2,7,6.25
8nqoz5k93j7it8w0muhl,3,2,1.79
8nqoz5k93j7it8w0muhl,4,1,0.89
8nqoz5k93j7it8w0muhl,5,3,2.68
8nqoz5k93j7it8w0muhl,6,8,7.14
8nqoz5k93j7it8w0muhl,7,5,4.46
8nqoz5k93j7it8w0muhl,8,15,13.39
8nqoz5k93j7it8w0muhl,9,7,6.25
8nqoz5k93j7it8w0muhl,10,10,8.93
8nqoz5k93j7it8w0muhl,11,10,8.93
8nqoz5k93j7it8w0muhl,12,10,8.93
8nqoz5k93j7it8w0muhl,13,6,5.36
8nqoz5k93j7it8w0muhl,14,4,3.57
8nqoz5k93j7it8w0muhl,15,10,8.93
8nqoz5k93j7it8w0muhl,16,0,0.0
8nqoz5k93j7it8w0muhl,17,1,0.89
8nqoz5k93j7it8w0muhl,18,0,0.0
8nqoz5k93j7it8w0muhl,19,0,0.0
8nqoz5k93j7it8w0muhl,20,0,0.0
8nqoz5k93j7it8w0muhl,21,0,0.0
8nqoz5k93j7it8w0muhl,22,0,0.0
8nqoz5k93j7it8w0muhl,23,0,0.0
6qp85ufr2o1zg8k0cvtb,0,3,3.33
6qp85ufr2o1zg8k0cvtb,1,6,6.67
6qp85ufr2o1zg8k0cvtb,2,6,6.67
6qp85ufr2o1zg8k0cvtb,3,4,4.44
6qp85ufr2o1zg8k0cvtb,4,1,1.11
6qp85ufr2o1zg8k0cvtb,5,3,3.33
6qp85ufr2o1zg8k0cvtb,6,2,2.22
6qp85ufr2o1zg8k0cvtb,7,8,8.89
6qp85ufr2o1zg8k0cvtb,8,8,8.89
6qp85ufr2o1zg8k0cvtb,9,2,2.22
6qp85ufr2o1zg8k0cvtb,10,4,4.44
6qp85ufr2o1zg8k0cvtb,11,9,10.0
6qp85ufr2o1zg8k0cvtb,12,4,4.44
6qp85ufr2o1zg8k0cvtb,13,6,6.67
6qp85ufr2o1zg8k0cvtb,14,11,12.22
6qp85ufr2o1zg8k0cvtb,15,9,10.0
6qp85ufr2o1zg8k0cvtb,16,1,1.11
6qp85ufr2o1zg8k0cvtb,17,1,1.11
6qp85ufr2o1zg8k0cvtb,18,1,1.11
6qp85ufr2o1zg8k0cvtb,19,0,0.0
6qp85ufr2o1zg8k0cvtb,20,0,0.0
6qp85ufr2o1zg8k0cvtb,21,0,0.0
6qp85ufr2o1zg8k0cvtb,22,0,0.0
6qp85ufr2o1zg8k0cvtb,23,1,1.11
5zczdtyecu2w495j80xv,0,5,4.9
5zczdtyecu2w495j80xv,1,4,3.92
5zczdtyecu2w495j80xv,2,7,6.86
5zczdtyecu2w495j80xv,3,3,2.94
5zczdtyecu2w495j80xv,4,1,0.98
5zczdtyecu2w495j80xv,5,4,3.92
5zczdtyecu2w495j80xv,6,2,1.96
5zczdtyecu2w495j80xv,7,3,2.94
5zczdtyecu2w495j80xv,8,8,7.84
5zczdtyecu2w495j80xv,9,5,4.9
5zczdtyecu2w495j80xv,10,11,10.78
5zczdtyecu2w495j80xv,11,16,15.69
5zczdtyecu2w495j80xv,12,6,5.88
5zczdtyecu2w495j80xv,13,11,10.78
5zczdtyecu2w495j80xv,14,4,3.92
5zczdtyecu2w495j80xv,15,9,8.82
5zczdtyecu2w495j80xv,16,0,0.0
5zczdtyecu2w495j80xv,17,2,1.96
5zczdtyecu2w495j80xv,18,0,0.0
5zczdtyecu2w495j80xv,19,0,0.0
5zczdtyecu2w495j80xv,20,0,0.0
5zczdtyecu2w495j80xv,21,0,0.0
5zczdtyecu2w495j80xv,22,0,0.0
5zczdtyecu2w495j80xv,23,1,0.98
bt192zri52uj2flwikrw,0,3,2.83
bt192zri52uj2flwikrw,1,6,5.66
bt192zri52uj2flwikrw,2,4,3.77
bt192zri52uj2flwikrw,3,3,2.83
bt192zri52uj2flwikrw,4,3,2.83
bt192zri52uj2flwikrw,5,5,4.72
bt192zri52uj2flwikrw,6,4,3.77
bt192zri52uj2flwikrw,7,9,8.49
bt192zri52uj2flwikrw,8,12,11.32
bt192zri52uj2flwikrw,9,5,4.72
bt192zri52uj2flwikrw,10,4,3.77
bt192zri52uj2flwikrw,11,8,7.55
bt192zri52uj2flwikrw,12,14,13.21
bt192zri52uj2flwikrw,13,10,9.43
bt192zri52uj2flwikrw,14,7,6.6
bt192zri52uj2flwikrw,15,4,3.77
bt192zri52uj2flwikrw,16,2,1.89
bt192zri52uj2flwikrw,17,1,0.94
bt192zri52uj2flwikrw,18,0,0.0
bt192zri52uj2flwikrw,19,0,0.0
bt192zri52uj2flwikrw,20,0,0.0
bt192zri52uj2flwikrw,21,0,0.0
bt192zri52uj2flwikrw,22,1,0.94
bt192zri52uj2flwikrw,23,1,0.94
qol4cum3ewnz45dzpijx,0,2,1.96
qol4cum3ewnz45dzpijx,1,8,7.84
qol4cum3ewnz45dzpijx,2,5,4.9
qol4cum3ewnz45dzpijx,3,3,2.94
qol4cum3ewnz45dzpijx,4,1,0.98
qol4cum3ewnz45dzpijx,5,4,3.92
qol4cum3ewnz45dzpijx,6,4,3.92
qol4cum3ewnz45dzpijx,7,7,6.86
qol4cum3ewnz45dzpijx,8,12,11.76
qol4cum3ewnz45dzpijx,9,5,4.9
qol4cum3ewnz45dzpijx,10,4,3.92
qol4cum3ewnz45dzpijx,11,11,10.78
qol4cum3ewnz45dzpijx,12,8,7.84
qol4cum3ewnz45dzpijx,13,9,8.82
qol4cum3ewnz45dzpijx,14,9,8.82
qol4cum3ewnz45dzpijx,15,8,7.84
qol4cum3ewnz45dzpijx,16,0,0.0
qol4cum3ewnz45dzpijx,17,0,0.0
qol4cum3ewnz45dzpijx,18,1,0.98
qol4cum3ewnz45dzpijx,19,0,0.0
qol4cum3ewnz45dzpijx,20,0,0.0
qol4cum3ewnz45dzpijx,21,0,0.0
qol4cum3ewnz45dzpijx,22,0,0.0
qol4cum3ewnz45dzpijx,23,1,0.98
k8d21tlgxmu6i35atvub,0,7,6.25
k8d21tlgxmu6i35atvub,1,10,8.93
k8d21tlgxmu6i35atvub,2,7,6.25
k8d21tlgxmu6i35atvub,3,3,2.68
k8d21tlgxmu6i35atvub,4,3,2.68
k8d21tlgxmu6i35atvub,5,2,1.79
k8d21tlgxmu6i35atvub,6,6,5.36
k8d21tlgxmu6i35atvub,7,5,4.46
k8d21tlgxmu6i35atvub,8,9,8.04
k8d21tlgxmu6i35atvub,9,7,6.25
k8d21tlgxmu6i35atvub,10,8,7.14
k8d21tlgxmu6i35atvub,11,8,7.14
k8d21tlgxmu6i35atvub,12,10,8.93
k8d21tlgxmu6i35atvub,13,7,6.25
k8d21tlgxmu6i35atvub,14,12,10.71
k8d21tlgxmu6i35atvub,15,6,5.36
k8d21tlgxmu6i35atvub,16,1,0.89
k8d21tlgxmu6i35atvub,17,1,0.89
k8d21tlgxmu6i35atvub,18,0,0.0
k8d21tlgxmu6i35atvub,19,0,0.0
k8d21tlgxmu6i35atvub,20,0,0.0
k8d21tlgxmu6i35atvub,21,0,0.0
k8d21tlgxmu6i35atvub,22,0,0.0
k8d21tlgxmu6i35atvub,23,0,0.0
vd2j77wynysztt2wbv2v,0,2,2.33
vd2j77wynysztt2wbv2v,1,6,6.98
vd2j77wynysztt2wbv2v,2,5,5.81
vd2j77wynysztt2wbv2v,3,2,2.33
vd2j77wynysztt2wbv2v,4,2,2.33
vd2j77wynysztt2wbv2v,5,0,0.0
vd2j77wynysztt2wbv2v,6,3,3.49
vd2j77wynysztt2wbv2v,7,8,9.3
vd2j77wynysztt2wbv2v,8,5,5.81
vd2j77wynysztt2wbv2v,9,6,6.98
vd2j77wynysztt2wbv2v,10,8,9.3
vd2j77wynysztt2wbv2v,11,8,9.3
vd2j77wynysztt2wbv2v,12,10,11.63
vd2j77wynysztt2wbv2v,13,4,4.65
vd2j77wynysztt2wbv2v,14,5,5.81
vd2j77wynysztt2wbv2v,15,8,9.3
vd2j77wynysztt2wbv2v,16,2,2.33
vd2j77wynysztt2wbv2v,17,2,2.33
vd2j77wynysztt2wbv2v,18,0,0.0
vd2j77wynysztt2wbv2v,19,0,0.0
vd2j77wynysztt2wbv2v,20,0,0.0
vd2j77wynysztt2wbv2v,21,0,0.0
vd2j77wynysztt2wbv2v,22,0,0.0
vd2j77wynysztt2wbv2v,23,0,0.0
119b36a5797d5ce69625,0,2,1.54
119b36a5797d5ce69625,1,5,3.85
119b36a5797d5ce69625,2,2,1.54
119b36a5797d5ce69625,3,0,0.0
119b36a5797d5ce69625,4,4,3.08
119b36a5797d5ce69625,5,1,0.77
119b36a5797d5ce69625,6,3,2.31
119b36a5797d5ce69625,7,9,6.92
119b36a5797d5ce69625,8,6,4.62
119b36a5797d5ce69625,9,10,7.69
119b36a5797d5ce69625,10,15,11.54
119b36a5797d5ce69625,11,10,7.69
119b36a5797d5ce69625,12,32,24.62
119b36a5797d5ce69625,13,10,7.69
119b36a5797d5ce69625,14,7,5.38
119b36a5797d5ce69625,15,10,7.69
119b36a5797d5ce69625,16,4,3.08
119b36a5797d5ce69625,17,0,0.0
119b36a5797d5ce69625,18,0,0.0
119b36a5797d5ce69625,19,0,0.0
119b36a5797d5ce69625,20,0,0.0
119b36a5797d5ce69625,21,0,0.0
119b36a5797d5ce69625,22,0,0.0
119b36a5797d5ce69625,23,0,0.0
ee07cc24589beb775d33,0,10,6.67
ee07cc24589beb775d33,1,9,6.0
ee07cc24589beb775d33,2,1,0.67
ee07cc24589beb775d33,3,17,11.33
ee07cc24589beb775d33,4,15,10.0
ee07cc24589beb775d33,5,11,7.33
ee07cc24589beb775d33,6,6,4.0
ee07cc24589beb775d33,7,3,2.0
ee07cc24589beb775d33,8,6,4.0
ee07cc24589beb775d33,9,0,0.0
ee07cc24589beb775d33,10,13,8.67
ee07cc24589beb775d33,11,7,4.67
ee07cc24589beb775d33,12,10,6.67
ee07cc24589beb775d33,13,0,0.0
ee07cc24589beb775d33,14,11,7.33
ee07cc24589beb775d33,15,21,14.0
ee07cc24589beb775d33,16,6,4.0
ee07cc24589beb775d33,17,0,0.0
ee07cc24589beb775d33,18,0,0.0
ee07cc24589beb775d33,19,0,0.0
ee07cc24589beb775d33,20,0,0.0
ee07cc24589beb775d33,21,0,0.0
ee07cc24589beb775d33,22,0,0.0
ee07cc24589beb775d33,23,4,2.67
44c7cf3881ae07f7fb3e,0,0,0.0
44c7cf3881ae07f7fb3e,1,0,0.0
44c7cf3881ae07f7fb3e,2,0,0.0
44c7cf3881ae07f7fb3e,3,0,0.0
44c7cf3881ae07f7fb3e,4,1,0.72
44c7cf3881ae07f7fb3e,5,6,4.32
44c7cf3881ae07f7fb3e,6,12,8.63
44c7cf3881ae07f7fb3e,7,21,15.11
44c7cf3881ae07f7fb3e,8,5,3.6
44c7cf3881ae07f7fb3e,9,0,0.0
44c7cf3881ae07f7fb3e,10,37,26.62
44c7cf3881ae07f7fb3e,11,20,14.39
44c7cf3881ae07f7fb3e,12,8,5.76
44c7cf3881ae07f7fb3e,13,8,5.76
44c7cf3881ae07f7fb3e,14,21,15.11
44c7cf3881ae07f7fb3e,15,0,0.0
44c7cf3881ae07f7fb3e,16,0,0.0
44c7cf3881ae07f7fb3e,17,0,0.0
44c7cf3881ae07f7fb3e,18,0,0.0
44c7cf3881ae07f7fb3e,19,0,0.0
44c7cf3881ae07f7fb3e,20,0,0.0
44c7cf3881ae07f7fb3e,21,0,0.0
44c7cf3881ae07f7fb3e,22,0,0.0
44c7cf3881ae07f7fb3e,23,0,0.0
c681117f7f586fd730bb,0,0,0.0
c681117f7f586fd730bb,1,11,8.27
c681117f7f586fd730bb,2,9,6.77
c681117f7f586fd730bb,3,18,13.53
c681117f7f586fd730bb,4,0,0.0
c681117f7f586fd730bb,5,2,1.5
c681117f7f586fd730bb,6,2,1.5
c681117f7f586fd730bb,7,7,5.26
c681117f7f586fd730bb,8,4,3.01
c681117f7f586fd730bb,9,3,2.26
c681117f7f586fd730bb,10,8,6.02
c681117f7f586fd730bb,11,34,25.56
c681117f7f586fd730bb,12,22,16.54
c681117f7f586fd730bb,13,12,9.02
c681117f7f586fd730bb,14,1,0.75
c681117f7f586fd730bb,15,0,0.0
c681117f7f586fd730bb,16,0,0.0
c681117f7f586fd730bb,17,0,0.0
c681117f7f586fd730bb,18,0,0.0
c681117f7f586fd730bb,19,0,0.0
c681117f7f586fd730bb,20,0,0.0
c681117f7f586fd730bb,21,0,0.0
c681117f7f586fd730bb,22,0,0.0
c681117f7f586fd730bb,23,0,0.0
1cfe33c5b178a0c2367f,0,0,0.0
1cfe33c5b178a0c2367f,1,11,12.09
1cfe33c5b178a0c2367f,2,4,4.4
1cfe33c5b178a0c2367f,3,0,0.0
1cfe33c5b178a0c2367f,4,1,1.1
1cfe33c5b178a0c2367f,5,7,7.69
1cfe33c5b178a0c2367f,6,0,0.0
1cfe33c5b178a0c2367f,7,13,14.29
1cfe33c5b178a0c2367f,8,11,12.09
1cfe33c5b178a0c2367f,9,14,15.38
1cfe33c5b178a0c2367f,10,2,2.2
1cfe33c5b178a0c2367f,11,1,1.1
1cfe33c5b178a0c2367f,12,11,12.09
1cfe33c5b178a0c2367f,13,9,9.89
1cfe33c5b178a0c2367f,14,6,6.59
1cfe33c5b178a0c2367f,15,1,1.1
1cfe33c5b178a0c2367f,16,0,0.0
1cfe33c5b178a0c2367f,17,0,0.0
1cfe33c5b178a0c2367f,18,0,0.0
1cfe33c5b178a0c2367f,19,0,0.0
1cfe33c5b178a0c2367f,20,0,0.0
1cfe33c5b178a0c2367f,21,0,0.0
1cfe33c5b178a0c2367f,22,0,0.0
1cfe33c5b178a0c2367f,23,0,0.0
6496d6268092ef8e7e9d,0,6,4.0
6496d6268092ef8e7e9d,1,5,3.33
6496d6268092ef8e7e9d,2,1,0.67
6496d6268092ef8e7e9d,3,5,3.33
6496d6268092ef8e7e9d,4,0,0.0
6496d6268092ef8e7e9d,5,0,0.0
6496d6268092ef8e7e9d,6,0,0.0
6496d6268092ef8e7e9d,7,5,3.33
6496d6268092ef8e7e9d,8,15,10.0
6496d6268092ef8e7e9d,9,2,1.33
6496d6268092ef8e7e9d,10,6,4.0
6496d6268092ef8e7e9d,11,15,10.0
6496d6268092ef8e7e9d,12,12,8.0
6496d6268092ef8e7e9d,13,29,19.33
6496d6268092ef8e7e9d,14,28,18.67
6496d6268092ef8e7e9d,15,20,13.33
6496d6268092ef8e7e9d,16,0,0.0
6496d6268092ef8e7e9d,17,0,0.0
6496d6268092ef8e7e9d,18,0,0.0
6496d6268092ef8e7e9d,19,0,0.0
6496d6268092ef8e7e9d,20,0,0.0
6496d6268092ef8e7e9d,21,0,0.0
6496d6268092ef8e7e9d,22,0,0.0
6496d6268092ef8e7e9d,23,1,0.67
00cbf05221bb479e66c3,0,0,0.0
00cbf05221bb479e66c3,1,2,1.35
00cbf05221bb479e66c3,2,15,10.14
00cbf05221bb479e66c3,3,15,10.14
00cbf05221bb479e66c3,4,0,0.0
00cbf05221bb479e66c3,5,4,2.7
00cbf05221bb479e66c3,6,8,5.41
00cbf05221bb479e66c3,7,8,5.41
00cbf05221bb479e66c3,8,23,15.54
00cbf05221bb479e66c3,9,13,8.78
00cbf05221bb479e66c3,10,11,7.43
00cbf05221bb479e66c3,11,8,5.41
00cbf05221bb479e66c3,12,7,4.73
00cbf05221bb479e66c3,13,16,10.81
00cbf05221bb479e66c3,14,15,10.14
00cbf05221bb479e66c3,15,3,2.03
00cbf05221bb479e66c3,16,0,0.0
00cbf05221bb479e66c3,17,0,0.0
00cbf05221bb479e66c3,18,0,0.0
00cbf05221bb479e66c3,19,0,0.0
00cbf05221bb479e66c3,20,0,0.0
00cbf05221bb479e66c3,21,0,0.0
00cbf05221bb479e66c3,22,0,0.0
00cbf05221bb479e66c3,23,0,0.0
5963ba5cd9d242a00e22,0,1,0.76
5963ba5cd9d242a00e22,1,1,0.76
5963ba5cd9d242a00e22,2,1,0.76
5963ba5cd9d242a00e22,3,3,2.29
5963ba5cd9d242a00e22,4,13,9.92
5963ba5cd9d242a00e22,5,3,2.29
5963ba5cd9d242a00e22,6,1,0.76
5963ba5cd9d242a00e22,7,0,0.0
5963ba5cd9d242a00e22,8,0,0.0
5963ba5cd9d242a00e22,9,1,0.76
5963ba5cd9d242a00e22,10,20,15.27
5963ba5cd9d242a00e22,11,23,17.56
5963ba5cd9d242a00e22,12,18,13.74
5963ba5cd9d242a00e22,13,7,5.34
5963ba5cd9d242a00e22,14,11,8.4
5963ba5cd9d242a00e22,15,21,16.03
5963ba5cd9d242a00e22,16,6,4.58
5963ba5cd9d242a00e22,17,1,0.76
5963ba5cd9d242a00e22,18,0,0.0
5963ba5cd9d242a00e22,19,0,0.0
5963ba5cd9d242a00e22,20,0,0.0
5963ba5cd9d242a00e22,21,0,0.0
5963ba5cd9d242a00e22,22,0,0.0
5963ba5cd9d242a00e22,23,0,0.0
9a630f9e9f4ec26d8fcd,0,0,0.0
9a630f9e9f4ec26d8fcd,1,0,0.0
9a630f9e9f4ec26d8fcd,2,0,0.0
9a630f9e9f4ec26d8fcd,3,5,5.15
9a630f9e9f4ec26d8fcd,4,0,0.0
9a630f9e9f4ec26d8fcd,5,0,0.0
9a630f9e9f4ec26d8fcd,6,4,4.12
9a630f9e9f4ec26d8fcd,7,0,0.0
9a630f9e9f4ec26d8fcd,8,0,0.0
9a630f9e9f4ec26d8fcd,9,1,1.03
9a630f9e9f4ec26d8fcd,10,20,20.62
9a630f9e9f4ec26d8fcd,11,33,34.02
9a630f9e9f4ec26d8fcd,12,15,15.46
9a630f9e9f4ec26d8fcd,13,1,1.03
9a630f9e9f4ec26d8fcd,14,18,18.56
9a630f9e9f4ec26d8fcd,15,0,0.0
9a630f9e9f4ec26d8fcd,16,0,0.0
9a630f9e9f4ec26d8fcd,17,0,0.0
9a630f9e9f4ec26d8fcd,18,0,0.0
9a630f9e9f4ec26d8fcd,19,0,0.0
9a630f9e9f4ec26d8fcd,20,0,0.0
9a630f9e9f4ec26d8fcd,21,0,0.0
9a630f9e9f4ec26d8fcd,22,0,0.0
9a630f9e9f4ec26d8fcd,23,0,0.0
21e23771e52cb5291b19,0,4,1.45
21e23771e52cb5291b19,1,37,13.41
21e23771e52cb5291b19,2,14,5.07
21e23771e52cb5291b19,3,41,14.86
21e23771e52cb5291b19,4,19,6.88
21e23771e52cb5291b19,5,1,0.36
21e23771e52cb5291b19,6,10,3.62
21e23771e52cb5291b19,7,8,2.9
21e23771e52cb5291b19,8,4,1.45
21e23771e52cb5291b19,9,10,3.62
21e23771e52cb5291b19,10,46,16.67
21e23771e52cb5291b19,11,12,4.35
21e23771e52cb5291b19,12,20,7.25
21e23771e52cb5291b19,13,11,3.99
21e23771e52cb5291b19,14,25,9.06
21e23771e52cb5291b19,15,11,3.99
21e23771e52cb5291b19,16,0,0.0
21e23771e52cb5291b19,17,0,0.0
21e23771e52cb5291b19,18,0,0.0
21e23771e52cb5291b19,19,0,0.0
21e23771e52cb5291b19,20,0,0.0
21e23771e52cb5291b19,21,0,0.0
21e23771e52cb5291b19,22,1,0.36
21e23771e52cb5291b19,23,2,0.72
9c48779f6e97be993771,0,0,0.0
9c48779f6e97be993771,1,4,2.63
9c48779f6e97be993771,2,1,0.66
9c48779f6e97be993771,3,4,2.63
9c48779f6e97be993771,4,12,7.89
9c48779f6e97be993771,5,16,10.53
9c48779f6e97be993771,6,0,0.0
9c48779f6e97be993771,7,1,0.66
9c48779f6e97be993771,8,2,1.32
9c48779f6e97be993771,9,19,12.5
9c48779f6e97be993771,10,13,8.55
9c48779f6e97be993771,11,28,18.42
9c48779f6e97be993771,12,20,13.16
9c48779f6e97be993771,13,13,8.55
9c48779f6e97be993771,14,9,5.92
9c48779f6e97be993771,15,10,6.58
9c48779f6e97be993771,16,0,0.0
9c48779f6e97be993771,17,0,0.0
9c48779f6e97be993771,18,0,0.0
9c48779f6e97be993771,19,0,0.0
9c48779f6e97be993771,20,0,0.0
9c48779f6e97be993771,21,0,0.0
9c48779f6e97be993771,22,0,0.0
9c48779f6e97be993771,23,0,0.0
9795edf22e930bc30fa4,0,2,1.0
9795edf22e930bc30fa4,1,23,11.5
9795edf22e930bc30fa4,2,7,3.5
9795edf22e930bc30fa4,3,11,5.5
9795edf22e930bc30fa4,4,15,7.5
9795edf22e930bc30fa4,5,1,0.5
9795edf22e930bc30fa4,6,2,1.0
9795edf22e930bc30fa4,7,18,9.0
9795edf22e930bc30fa4,8,21,10.5
9795edf22e930bc30fa4,9,2,1.0
9795edf22e930bc30fa4,10,14,7.0
9795edf22e930bc30fa4,11,9,4.5
9795edf22e930bc30fa4,12,4,2.0
9795edf22e930bc30fa4,13,22,11.0
9795edf22e930bc30fa4,14,25,12.5
9795edf22e930bc30fa4,15,24,12.0
9795edf22e930bc30fa4,16,0,0.0
9795edf22e930bc30fa4,17,0,0.0
9795edf22e930bc30fa4,18,0,0.0
9795edf22e930bc30fa4,19,0,0.0
9795edf22e930bc30fa4,20,0,0.0
9795edf22e930bc30fa4,21,0,0.0
9795edf22e930bc30fa4,22,0,0.0
9795edf22e930bc30fa4,23,0,0.0
bf07cdd92f1ff3197397,0,0,0.0
bf07cdd92f1ff3197397,1,36,21.43
bf07cdd92f1ff3197397,2,11,6.55
bf07cdd92f1ff3197397,3,1,0.6
bf07cdd92f1ff3197397,4,1,0.6
bf07cdd92f1ff3197397,5,4,2.38
bf07cdd92f1ff3197397,6,0,0.0
bf07cdd92f1ff3197397,7,0,0.0
bf07cdd92f1ff3197397,8,1,0.6
bf07cdd92f1ff3197397,9,2,1.19
bf07cdd92f1ff3197397,10,11,6.55
bf07cdd92f1ff3197397,11,2,1.19
bf07cdd92f1ff3197397,12,6,3.57
bf07cdd92f1ff3197397,13,12,7.14
bf07cdd92f1ff3197397,14,59,35.12
bf07cdd92f1ff3197397,15,22,13.1
bf07cdd92f1ff3197397,16,0,0.0
bf07cdd92f1ff3197397,17,0,0.0
bf07cdd92f1ff3197397,18,0,0.0
bf07cdd92f1ff3197397,19,0,0.0
bf07cdd92f1ff3197397,20,0,0.0
bf07cdd92f1ff3197397,21,0,0.0
bf07cdd92f1ff3197397,22,0,0.0
bf07cdd92f1ff3197397,23,0,0.0
7742559d8e833fbcd326,0,7,4.17
7742559d8e833fbcd326,1,7,4.17
7742559d8e833fbcd326,2,3,1.79
7742559d8e833fbcd326,3,2,1.19
7742559d8e833fbcd326,4,0,0.0
7742559d8e833fbcd326,5,1,0.6
7742559d8e833fbcd326,6,2,1.19
7742559d8e833fbcd326,7,5,2.98
7742559d8e833fbcd326,8,6,3.57
7742559d8e833fbcd326,9,3,1.79
7742559d8e833fbcd326,10,23,13.69
7742559d8e833fbcd326,11,61,36.31
7742559d8e833fbcd326,12,25,14.88
7742559d8e833fbcd326,13,7,4.17
7742559d8e833fbcd326,14,2,1.19
7742559d8e833fbcd326,15,14,8.33
7742559d8e833fbcd326,16,0,0.0
7742559d8e833fbcd326,17,0,0.0
7742559d8e833fbcd326,18,0,0.0
7742559d8e833fbcd326,19,0,0.0
7742559d8e833fbcd326,20,0,0.0
7742559d8e833fbcd326,21,0,0.0
7742559d8e833fbcd326,22,0,0.0
7742559d8e833fbcd326,23,0,0.0
8a45d6748ec853f7694c,0,0,0.0
8a45d6748ec853f7694c,1,0,0.0
8a45d6748ec853f7694c,2,2,1.53
8a45d6748ec853f7694c,3,10,7.63
8a45d6748ec853f7694c,4,4,3.05
8a45d6748ec853f7694c,5,8,6.11
8a45d6748ec853f7694c,6,5,3.82
8a45d6748ec853f7694c,7,5,3.82
8a45d6748ec853f7694c,8,1,0.76
8a45d6748ec853f7694c,9,0,0.0
8a45d6748ec853f7694c,10,0,0.0
8a45d6748ec853f7694c,11,7,5.34
8a45d6748ec853f7694c,12,16,12.21
8a45d6748ec853f7694c,13,32,24.43
8a45d6748ec853f7694c,14,30,22.9
8a45d6748ec853f7694c,15,11,8.4
8a45d6748ec853f7694c,16,0,0.0
8a45d6748ec853f7694c,17,0,0.0
8a45d6748ec853f7694c,18,0,0.0
8a45d6748ec853f7694c,19,0,0.0
8a45d6748ec853f7694c,20,0,0.0
8a45d6748ec853f7694c,21,0,0.0
8a45d6748ec853f7694c,22,0,0.0
8a45d6748ec853f7694c,23,0,0.0
d3e269bf68d51851097c,0,8,4.68
d3e269bf68d51851097c,1,21,12.28
d3e269bf68d51851097c,2,4,2.34
d3e269bf68d51851097c,3,0,0.0
d3e269bf68d51851097c,4,0,0.0
d3e269bf68d51851097c,5,3,1.75
d3e269bf68d51851097c,6,7,4.09
d3e269bf68d51851097c,7,22,12.87
d3e269bf68d51851097c,8,2,1.17
d3e269bf68d51851097c,9,1,0.58
d3e269bf68d51851097c,10,14,8.19
d3e269bf68d51851097c,11,13,7.6
d3e269bf68d51851097c,12,7,4.09
d3e269bf68d51851097c,13,21,12.28
d3e269bf68d51851097c,14,40,23.39
d3e269bf68d51851097c,15,4,2.34
d3e269bf68d51851097c,16,0,0.0
d3e269bf68d51851097c,17,0,0.0
d3e269bf68d51851097c,18,0,0.0
d3e269bf68d51851097c,19,0,0.0
d3e269bf68d51851097c,20,0,0.0
d3e269bf68d51851097c,21,0,0.0
d3e269bf68d51851097c,22,0,0.0
d3e269bf68d51851097c,23,4,2.34
8f1ddd99ac8c59bbd788,0,0,0.0
8f1ddd99ac8c59bbd788,1,1,0.87
8f1ddd99ac8c59bbd788,2,3,2.61
8f1ddd99ac8c59bbd788,3,4,3.48
8f1ddd99ac8c59bbd788,4,2,1.74
8f1ddd99ac8c59bbd788,5,3,2.61
8f1ddd99ac8c59bbd788,6,11,9.57
8f1ddd99ac8c59bbd788,7,8,6.96
8f1ddd99ac8c59bbd788,8,6,5.22
8f1ddd99ac8c59bbd788,9,9,7.83
8f1ddd99ac8c59bbd788,10,2,1.74
8f1ddd99ac8c59bbd788,11,17,14.78
8f1ddd99ac8c59bbd788,12,23,20.0
8f1ddd99ac8c59bbd788,13,20,17.39
8f1ddd99ac8c59bbd788,14,6,5.22
8f1ddd99ac8c59bbd788,15,0,0.0
8f1ddd99ac8c59bbd788,16,0,0.0
8f1ddd99ac8c59bbd788,17,0,0.0
8f1ddd99ac8c59bbd788,18,0,0.0
8f1ddd99ac8c59bbd788,19,0,0.0
8f1ddd99ac8c59bbd788,20,0,0.0
8f1ddd99ac8c59bbd788,21,0,0.0
8f1ddd99ac8c59bbd788,22,0,0.0
8f1ddd99ac8c59bbd788,23,0,0.0
03b463f52c0fff35433b,0,0,0.0
03b463f52c0fff35433b,1,0,0.0
03b463f52c0fff35433b,2,4,6.45
03b463f52c0fff35433b,3,0,0.0
03b463f52c0fff35433b,4,4,6.45
03b463f52c0fff35433b,5,2,3.23
03b463f52c0fff35433b,6,5,8.06
03b463f52c0fff35433b,7,1,1.61
03b463f52c0fff35433b,8,0,0.0
03b463f52c0fff35433b,9,5,8.06
03b463f52c0fff35433b,10,2,3.23
03b463f52c0fff35433b,11,14,22.58
03b463f52c0fff35433b,12,1,1.61
03b463f52c0fff35433b,13,6,9.68
03b463f52c0fff35433b,14,7,11.29
03b463f52c0fff35433b,15,3,4.84
03b463f52c0fff35433b,16,0,0.0
03b463f52c0fff35433b,17,0,0.0
03b463f52c0fff35433b,18,0,0.0
03b463f52c0fff35433b,19,0,0.0
03b463f52c0fff35433b,20,0,0.0
03b463f52c0fff35433b,21,0,0.0
03b463f52c0fff35433b,22,0,0.0
03b463f52c0fff35433b,23,8,12.9
b7f42d4b51972267680e,0,0,0.0
b7f42d4b51972267680e,1,4,2.15
b7f42d4b51972267680e,2,0,0.0
b7f42d4b51972267680e,3,0,0.0
b7f42d4b51972267680e,4,0,0.0
b7f42d4b51972267680e,5,0,0.0
b7f42d4b51972267680e,6,0,0.0
b7f42d4b51972267680e,7,0,0.0
b7f42d4b51972267680e,8,0,0.0
b7f42d4b51972267680e,9,0,0.0
b7f42d4b51972267680e,10,8,4.3
b7f42d4b51972267680e,11,57,30.65
b7f42d4b51972267680e,12,40,21.51
b7f42d4b51972267680e,13,42,22.58
b7f42d4b51972267680e,14,29,15.59
b7f42d4b51972267680e,15,6,3.23
b7f42d4b51972267680e,16,0,0.0
b7f42d4b51972267680e,17,0,0.0
b7f42d4b51972267680e,18,0,0.0
b7f42d4b51972267680e,19,0,0.0
b7f42d4b51972267680e,20,0,0.0
b7f42d4b51972267680e,21,0,0.0
b7f42d4b51972267680e,22,0,0.0
b7f42d4b51972267680e,23,0,0.0
a1d00fdd7660b7e88077,0,0,0.0
a1d00fdd7660b7e88077,1,0,0.0
a1d00fdd7660b7e88077,2,5,4.76
a1d00fdd7660b7e88077,3,3,2.86
a1d00fdd7660b7e88077,4,6,5.71
a1d00fdd7660b7e88077,5,0,0.0
a1d00fdd7660b7e88077,6,4,3.81
a1d00fdd7660b7e88077,7,0,0.0
a1d00fdd7660b7e88077,8,0,0.0
a1d00fdd7660b7e88077,9,3,2.86
a1d00fdd7660b7e88077,10,3,2.86
a1d00fdd7660b7e88077,11,15,14.29
a1d00fdd7660b7e88077,12,31,29.52
a1d00fdd7660b7e88077,13,18,17.14
a1d00fdd7660b7e88077,14,9,8.57
a1d00fdd7660b7e88077,15,7,6.67
a1d00fdd7660b7e88077,16,1,0.95
a1d00fdd7660b7e88077,17,0,0.0
a1d00fdd7660b7e88077,18,0,0.0
a1d00fdd7660b7e88077,19,0,0.0
a1d00fdd7660b7e88077,20,0,0.0
a1d00fdd7660b7e88077,21,0,0.0
a1d00fdd7660b7e88077,22,0,0.0
a1d00fdd7660b7e88077,23,0,0.0
ac7214620207dfdd149d,0,0,0.0
ac7214620207dfdd149d,1,0,0.0
ac7214620207dfdd149d,2,0,0.0
ac7214620207dfdd149d,3,4,7.02
ac7214620207dfdd149d,4,0,0.0
ac7214620207dfdd149d,5,0,0.0
ac7214620207dfdd149d,6,0,0.0
ac7214620207dfdd149d,7,6,10.53
ac7214620207dfdd149d,8,12,21.05
ac7214620207dfdd149d,9,10,17.54
ac7214620207dfdd149d,10,3,5.26
ac7214620207dfdd149d,11,0,0.0
ac7214620207dfdd149d,12,10,17.54
ac7214620207dfdd149d,13,0,0.0
ac7214620207dfdd149d,14,0,0.0
ac7214620207dfdd149d,15,6,10.53
ac7214620207dfdd149d,16,6,10.53
ac7214620207dfdd149d,17,0,0.0
ac7214620207dfdd149d,18,0,0.0
ac7214620207dfdd149d,19,0,0.0
ac7214620207dfdd149d,20,0,0.0
ac7214620207dfdd149d,21,0,0.0
ac7214620207dfdd149d,22,0,0.0
ac7214620207dfdd149d,23,0,0.0
117ee98c7f916c88ddbb,0,2,1.25
117ee98c7f916c88ddbb,1,2,1.25
117ee98c7f916c88ddbb,2,1,0.62
117ee98c7f916c88ddbb,3,2,1.25
117ee98c7f916c88ddbb,4,8,5.0
117ee98c7f916c88ddbb,5,0,0.0
117ee98c7f916c88ddbb,6,21,13.12
117ee98c7f916c88ddbb,7,3,1.88
117ee98c7f916c88ddbb,8,1,0.62
117ee98c7f916c88ddbb,9,2,1.25
117ee98c7f916c88ddbb,10,12,7.5
117ee98c7f916c88ddbb,11,19,11.88
117ee98c7f916c88ddbb,12,15,9.38
117ee98c7f916c88ddbb,13,26,16.25
117ee98c7f916c88ddbb,14,23,14.37
117ee98c7f916c88ddbb,15,10,6.25
117ee98c7f916c88ddbb,16,13,8.12
117ee98c7f916c88ddbb,17,0,0.0
117ee98c7f916c88ddbb,18,0,0.0
117ee98c7f916c88ddbb,19,0,0.0
117ee98c7f916c88ddbb,20,0,0.0
117ee98c7f916c88ddbb,21,0,0.0
117ee98c7f916c88ddbb,22,0,0.0
117ee98c7f916c88ddbb,23,0,0.0
91439fcb2590c49dd20d,0,10,12.05
91439fcb2590c49dd20d,1,8,9.64
91439fcb2590c49dd20d,2,5,6.02
91439fcb2590c49dd20d,3,4,4.82
91439fcb2590c49dd20d,4,1,1.2
91439fcb2590c49dd20d,5,0,0.0
91439fcb2590c49dd20d,6,0,0.0
91439fcb2590c49dd20d,7,0,0.0
91439fcb2590c49dd20d,8,10,12.05
91439fcb2590c49dd20d,9,0,0.0
91439fcb2590c49dd20d,10,0,0.0
91439fcb2590c49dd20d,11,1,1.2
91439fcb2590c49dd20d,12,9,10.84
91439fcb2590c49dd20d,13,3,3.61
91439fcb2590c49dd20d,14,6,7.23
91439fcb2590c49dd20d,15,0,0.0
91439fcb2590c49dd20d,16,0,0.0
91439fcb2590c49dd20d,17,3,3.61
91439fcb2590c49dd20d,18,11,13.25
91439fcb2590c49dd20d,19,6,7.23
91439fcb2590c49dd20d,20,0,0.0
91439fcb2590c49dd20d,21,0,0.0
91439fcb2590c49dd20d,22,0,0.0
91439fcb2590c49dd20d,23,6,7.23
53d51965c40a54cff1a0,0,2,2.04
53d51965c40a54cff1a0,1,1,1.02
53d51965c40a54cff1a0,2,1,1.02
53d51965c40a54cff1a0,3,0,0.0
53d51965c40a54cff1a0,4,3,3.06
53d51965c40a54cff1a0,5,8,8.16
53d51965c40a54cff1a0,6,24,24.49
53d51965c40a54cff1a0,7,13,13.27
53d51965c40a54cff1a0,8,3,3.06
53d51965c40a54cff1a0,9,4,4.08
53d51965c40a54cff1a0,10,18,18.37
53d51965c40a54cff1a0,11,3,3.06
53d51965c40a54cff1a0,12,6,6.12
53d51965c40a54cff1a0,13,7,7.14
53d51965c40a54cff1a0,14,4,4.08
53d51965c40a54cff1a0,15,1,1.02
53d51965c40a54cff1a0,16,0,0.0
53d51965c40a54cff1a0,17,0,0.0
53d51965c40a54cff1a0,18,0,0.0
53d51965c40a54cff1a0,19,0,0.0
53d51965c40a54cff1a0,20,0,0.0
53d51965c40a54cff1a0,21,0,0.0
53d51965c40a54cff1a0,22,0,0.0
53d51965c40a54cff1a0,23,0,0.0
efd58fbebca61c41c881,0,0,0.0
efd58fbebca61c41c881,1,0,0.0
efd58fbebca61c41c881,2,0,0.0
efd58fbebca61c41c881,3,0,0.0
efd58fbebca61c41c881,4,10,26.32
efd58fbebca61c41c881,5,0,0.0
efd58fbebca61c41c881,6,0,0.0
efd58fbebca61c41c881,7,17,44.74
efd58fbebca61c41c881,8,0,0.0
efd58fbebca61c41c881,9,0,0.0
efd58fbebca61c41c881,10,0,0.0
efd58fbebca61c41c881,11,0,0.0
efd58fbebca61c41c881,12,11,28.95
efd58fbebca61c41c881,13,0,0.0
efd58fbebca61c41c881,14,0,0.0
efd58fbebca61c41c881,15,0,0.0
efd58fbebca61c41c881,16,0,0.0
efd58fbebca61c41c881,17,0,0.0
efd58fbebca61c41c881,18,0,0.0
efd58fbebca61c41c881,19,0,0.0
efd58fbebca61c41c881,20,0,0.0
efd58fbebca61c41c881,21,0,0.0
efd58fbebca61c41c881,22,0,0.0
efd58fbebca61c41c881,23,0,0.0
be75e05b9db5efb1258a,0,1,1.18
be75e05b9db5efb1258a,1,0,0.0
be75e05b9db5efb1258a,2,5,5.88
be75e05b9db5efb1258a,3,8,9.41
be75e05b9db5efb1258a,4,9,10.59
be75e05b9db5efb1258a,5,14,16.47
be75e05b9db5efb1258a,6,1,1.18
be75e05b9db5efb1258a,7,3,3.53
be75e05b9db5efb1258a,8,2,2.35
be75e05b9db5efb1258a,9,10,11.76
be75e05b9db5efb1258a,10,4,4.71
be75e05b9db5efb1258a,11,2,2.35
be75e05b9db5efb1258a,12,6,7.06
be75e05b9db5efb1258a,13,10,11.76
be75e05b9db5efb1258a,14,1,1.18
be75e05b9db5efb1258a,15,9,10.59
be75e05b9db5efb1258a,16,0,0.0
be75e05b9db5efb1258a,17,0,0.0
be75e05b9db5efb1258a,18,0,0.0
be75e05b9db5efb1258a,19,0,0.0
be75e05b9db5efb1258a,20,0,0.0
be75e05b9db5efb1258a,21,0,0.0
be75e05b9db5efb1258a,22,0,0.0
be75e05b9db5efb1258a,23,0,0.0
a337d5368b0d110803b1,0,0,0.0
a337d5368b0d110803b1,1,5,6.76
a337d5368b0d110803b1,2,14,18.92
a337d5368b0d110803b1,3,4,5.41
a337d5368b0d110803b1,4,0,0.0
a337d5368b0d110803b1,5,1,1.35
a337d5368b0d110803b1,6,0,0.0
a337d5368b0d110803b1,7,0,0.0
a337d5368b0d110803b1,8,4,5.41
a337d5368b0d110803b1,9,14,18.92
a337d5368b0d110803b1,10,0,0.0
a337d5368b0d110803b1,11,5,6.76
a337d5368b0d110803b1,12,12,16.22
a337d5368b0d110803b1,13,5,6.76
a337d5368b0d110803b1,14,10,13.51
a337d5368b0d110803b1,15,0,0.0
a337d5368b0d110803b1,16,0,0.0
a337d5368b0d110803b1,17,0,0.0
a337d5368b0d110803b1,18,0,0.0
a337d5368b0d110803b1,19,0,0.0
a337d5368b0d110803b1,20,0,0.0
a337d5368b0d110803b1,21,0,0.0
a337d5368b0d110803b1,22,0,0.0
a337d5368b0d110803b1,23,0,0.0
204a7d6db340a3c18ca7,0,1,1.92
204a7d6db340a3c18ca7,1,1,1.92
204a7d6db340a3c18ca7,2,17,32.69
204a7d6db340a3c18ca7,3,11,21.15
204a7d6db340a3c18ca7,4,8,15.38
204a7d6db340a3c18ca7,5,5,9.62
204a7d6db340a3c18ca7,6,2,3.85
204a7d6db340a3c18ca7,7,0,0.0
204a7d6db340a3c18ca7,8,2,3.85
204a7d6db340a3c18ca7,9,0,0.0
204a7d6db340a3c18ca7,10,1,1.92
204a7d6db340a3c18ca7,11,2,3.85
204a7d6db340a3c18ca7,12,0,0.0
204a7d6db340a3c18ca7,13,1,1.92
204a7d6db340a3c18ca7,14,1,1.92
204a7d6db340a3c18ca7,15,0,0.0
204a7d6db340a3c18ca7,16,0,0.0
204a7d6db340a3c18ca7,17,0,0.0
204a7d6db340a3c18ca7,18,0,0.0
204a7d6db340a3c18ca7,19,0,0.0
204a7d6db340a3c18ca7,20,0,0.0
204a7d6db340a3c18ca7,21,0,0.0
204a7d6db340a3c18ca7,22,0,0.0
204a7d6db340a3c18ca7,23,0,0.0
97442da123c449f6a146,0,1,0.86
97442da123c449f6a146,1,11,9.48
97442da123c449f6a146,2,21,18.1
97442da123c449f6a146,3,7,6.03
97442da123c449f6a146,4,3,2.59
97442da123c449f6a146,5,2,1.72
97442da123c449f6a146,6,1,0.86
97442da123c449f6a146,7,1,0.86
97442da123c449f6a146,8,10,8.62
97442da123c449f6a146,9,9,7.76
97442da123c449f6a146,10,2,1.72
97442da123c449f6a146,11,24,20.69
97442da123c449f6a146,12,0,0.0
97442da123c449f6a146,13,8,6.9
97442da123c449f6a146,14,7,6.03
97442da123c449f6a146,15,9,7.76
97442da123c449f6a146,16,0,0.0
97442da123c449f6a146,17,0,0.0
97442da123c449f6a146,18,0,0.0
97442da123c449f6a146,19,0,0.0
97442da123c449f6a146,20,0,0.0
97442da123c449f6a146,21,0,0.0
97442da123c449f6a146,22,0,0.0
97442da123c449f6a146,23,0,0.0
cac84b1c3033872272f0,0,2,1.75
cac84b1c3033872272f0,1,10,8.77
cac84b1c3033872272f0,2,4,3.51
cac84b1c3033872272f0,3,10,8.77
cac84b1c3033872272f0,4,15,13.16
cac84b1c3033872272f0,5,20,17.54
cac84b1c3033872272f0,6,3,2.63
cac84b1c3033872272f0,7,3,2.63
cac84b1c3033872272f0,8,0,0.0
cac84b1c3033872272f0,9,0,0.0
cac84b1c3033872272f0,10,10,8.77
cac84b1c3033872272f0,11,11,9.65
cac84b1c3033872272f0,12,9,7.89
cac84b1c3033872272f0,13,3,2.63
cac84b1c3033872272f0,14,7,6.14
cac84b1c3033872272f0,15,7,6.14
cac84b1c3033872272f0,16,0,0.0
cac84b1c3033872272f0,17,0,0.0
cac84b1c3033872272f0,18,0,0.0
cac84b1c3033872272f0,19,0,0.0
cac84b1c3033872272f0,20,0,0.0
cac84b1c3033872272f0,21,0,0.0
cac84b1c3033872272f0,22,0,0.0
cac84b1c3033872272f0,23,0,0.0
882ccee198e25b49b30d,0,14,2.65
882ccee198e25b49b30d,1,14,2.65
882ccee198e25b49b30d,2,51,9.64
882ccee198e25b49b30d,3,28,5.29
882ccee198e25b49b30d,4,14,2.65
882ccee198e25b49b30d,5,12,2.27
882ccee198e25b49b30d,6,31,5.86
882ccee198e25b49b30d,7,41,7.75
882ccee198e25b49b30d,8,59,11.15
882ccee198e25b49b30d,9,16,3.02
882ccee198e25b49b30d,10,49,9.26
882ccee198e25b49b30d,11,27,5.1
882ccee198e25b49b30d,12,13,2.46
882ccee198e25b49b30d,13,104,19.66
882ccee198e25b49b30d,14,44,8.32
882ccee198e25b49b30d,15,12,2.27
882ccee198e25b49b30d,16,0,0.0
882ccee198e25b49b30d,17,0,0.0
882ccee198e25b49b30d,18,0,0.0
882ccee198e25b49b30d,19,0,0.0
882ccee198e25b49b30d,20,0,0.0
882ccee198e25b49b30d,21,0,0.0
882ccee198e25b49b30d,22,0,0.0
882ccee198e25b49b30d,23,0,0.0
8068144149e4ba65ef38,0,0,0.0
8068144149e4ba65ef38,1,3,1.66
8068144149e4ba65ef38,2,3,1.66
8068144149e4ba65ef38,3,8,4.42
8068144149e4ba65ef38,4,6,3.31
8068144149e4ba65ef38,5,11,6.08
8068144149e4ba65ef38,6,12,6.63
8068144149e4ba65ef38,7,2,1.1
8068144149e4ba65ef38,8,0,0.0
8068144149e4ba65ef38,9,1,0.55
8068144149e4ba65ef38,10,2,1.1
8068144149e4ba65ef38,11,0,0.0
8068144149e4ba65ef38,12,14,7.73
8068144149e4ba65ef38,13,20,11.05
8068144149e4ba65ef38,14,42,23.2
8068144149e4ba65ef38,15,55,30.39
8068144149e4ba65ef38,16,2,1.1
8068144149e4ba65ef38,17,0,0.0
8068144149e4ba65ef38,18,0,0.0
8068144149e4ba65ef38,19,0,0.0
8068144149e4ba65ef38,20,0,0.0
8068144149e4ba65ef38,21,0,0.0
8068144149e4ba65ef38,22,0,0.0
8068144149e4ba65ef38,23,0,0.0
d035c324a020e7948fe8,0,0,0.0
d035c324a020e7948fe8,1,0,0.0
d035c324a020e7948fe8,2,2,1.61
d035c324a020e7948fe8,3,2,1.61
d035c324a020e7948fe8,4,21,16.94
d035c324a020e7948fe8,5,0,0.0
d035c324a020e7948fe8,6,10,8.06
d035c324a020e7948fe8,7,3,2.42
d035c324a020e7948fe8,8,0,0.0
d035c324a020e7948fe8,9,0,0.0
d035c324a020e7948fe8,10,21,16.94
d035c324a020e7948fe8,11,23,18.55
d035c324a020e7948fe8,12,17,13.71
d035c324a020e7948fe8,13,16,12.9
d035c324a020e7948fe8,14,9,7.26
d035c324a020e7948fe8,15,0,0.0
d035c324a020e7948fe8,16,0,0.0
d035c324a020e7948fe8,17,0,0.0
d035c324a020e7948fe8,18,0,0.0
d035c324a020e7948fe8,19,0,0.0
d035c324a020e7948fe8,20,0,0.0
d035c324a020e7948fe8,21,0,0.0
d035c324a020e7948fe8,22,0,0.0
d035c324a020e7948fe8,23,0,0.0
e43a0e28d5cd6b54a2af,0,0,0.0
e43a0e28d5cd6b54a2af,1,1,1.33
e43a0e28d5cd6b54a2af,2,1,1.33
e43a0e28d5cd6b54a2af,3,0,0.0
e43a0e28d5cd6b54a2af,4,0,0.0
e43a0e28d5cd6b54a2af,5,1,1.33
e43a0e28d5cd6b54a2af,6,7,9.33
e43a0e28d5cd6b54a2af,7,0,0.0
e43a0e28d5cd6b54a2af,8,0,0.0
e43a0e28d5cd6b54a2af,9,0,0.0
e43a0e28d5cd6b54a2af,10,13,17.33
e43a0e28d5cd6b54a2af,11,16,21.33
e43a0e28d5cd6b54a2af,12,9,12.0
e43a0e28d5cd6b54a2af,13,23,30.67
e43a0e28d5cd6b54a2af,14,4,5.33
e43a0e28d5cd6b54a2af,15,0,0.0
e43a0e28d5cd6b54a2af,16,0,0.0
e43a0e28d5cd6b54a2af,17,0,0.0
e43a0e28d5cd6b54a2af,18,0,0.0
e43a0e28d5cd6b54a2af,19,0,0.0
e43a0e28d5cd6b54a2af,20,0,0.0
e43a0e28d5cd6b54a2af,21,0,0.0
e43a0e28d5cd6b54a2af,22,0,0.0
e43a0e28d5cd6b54a2af,23,0,0.0
3565d61f3efec69e611c,0,0,0.0
3565d61f3efec69e611c,1,1,1.37
3565d61f3efec69e611c,2,1,1.37
3565d61f3efec69e611c,3,0,0.0
3565d61f3efec69e611c,4,12,16.44
3565d61f3efec69e611c,5,2,2.74
3565d61f3efec69e611c,6,7,9.59
3565d61f3efec69e611c,7,4,5.48
3565d61f3efec69e611c,8,3,4.11
3565d61f3efec69e611c,9,9,12.33
3565d61f3efec69e611c,10,0,0.0
3565d61f3efec69e611c,11,0,0.0
3565d61f3efec69e611c,12,1,1.37
3565d61f3efec69e611c,13,11,15.07
3565d61f3efec69e611c,14,14,19.18
3565d61f3efec69e611c,15,8,10.96
3565d61f3efec69e611c,16,0,0.0
3565d61f3efec69e611c,17,0,0.0
3565d61f3efec69e611c,18,0,0.0
3565d61f3efec69e611c,19,0,0.0
3565d61f3efec69e611c,20,0,0.0
3565d61f3efec69e611c,21,0,0.0
3565d61f3efec69e611c,22,0,0.0
3565d61f3efec69e611c,23,0,0.0
e7feb8599ea5f596aeac,0,2,1.98
e7feb8599ea5f596aeac,1,9,8.91
e7feb8599ea5f596aeac,2,2,1.98
e7feb8599ea5f596aeac,3,11,10.89
e7feb8599ea5f596aeac,4,1,0.99
e7feb8599ea5f596aeac,5,1,0.99
e7feb8599ea5f596aeac,6,0,0.0
e7feb8599ea5f596aeac,7,10,9.9
e7feb8599ea5f596aeac,8,6,5.94
e7feb8599ea5f596aeac,9,0,0.0
e7feb8599ea5f596aeac,10,3,2.97
e7feb8599ea5f596aeac,11,7,6.93
e7feb8599ea5f596aeac,12,18,17.82
e7feb8599ea5f596aeac,13,3,2.97
e7feb8599ea5f596aeac,14,26,25.74
e7feb8599ea5f596aeac,15,2,1.98
e7feb8599ea5f596aeac,16,0,0.0
e7feb8599ea5f596aeac,17,0,0.0
e7feb8599ea5f596aeac,18,0,0.0
e7feb8599ea5f596aeac,19,0,0.0
e7feb8599ea5f596aeac,20,0,0.0
e7feb8599ea5f596aeac,21,0,0.0
e7feb8599ea5f596aeac,22,0,0.0
e7feb8599ea5f596aeac,23,0,0.0
8ca890875272aede0af5,0,0,0.0
8ca890875272aede0af5,1,2,1.82
8ca890875272aede0af5,2,4,3.64
8ca890875272aede0af5,3,5,4.55
8ca890875272aede0af5,4,12,10.91
8ca890875272aede0af5,5,0,0.0
8ca890875272aede0af5,6,0,0.0
8ca890875272aede0af5,7,2,1.82
8ca890875272aede0af5,8,0,0.0
8ca890875272aede0af5,9,0,0.0
8ca890875272aede0af5,10,11,10.0
8ca890875272aede0af5,11,29,26.36
8ca890875272aede0af5,12,32,29.09
8ca890875272aede0af5,13,2,1.82
8ca890875272aede0af5,14,10,9.09
8ca890875272aede0af5,15,1,0.91
8ca890875272aede0af5,16,0,0.0
8ca890875272aede0af5,17,0,0.0
8ca890875272aede0af5,18,0,0.0
8ca890875272aede0af5,19,0,0.0
8ca890875272aede0af5,20,0,0.0
8ca890875272aede0af5,21,0,0.0
8ca890875272aede0af5,22,0,0.0
8ca890875272aede0af5,23,0,0.0
2150588a5903d9a77b79,0,0,0.0
2150588a5903d9a77b79,1,6,4.62
2150588a5903d9a77b79,2,2,1.54
2150588a5903d9a77b79,3,8,6.15
2150588a5903d9a77b79,4,7,5.38
2150588a5903d9a77b79,5,7,5.38
2150588a5903d9a77b79,6,2,1.54
2150588a5903d9a77b79,7,4,3.08
2150588a5903d9a77b79,8,8,6.15
2150588a5903d9a77b79,9,1,0.77
2150588a5903d9a77b79,10,3,2.31
2150588a5903d9a77b79,11,10,7.69
2150588a5903d9a77b79,12,15,11.54
2150588a5903d9a77b79,13,9,6.92
2150588a5903d9a77b79,14,21,16.15
2150588a5903d9a77b79,15,23,17.69
2150588a5903d9a77b79,16,3,2.31
2150588a5903d9a77b79,17,1,0.77
2150588a5903d9a77b79,18,0,0.0
2150588a5903d9a77b79,19,0,0.0
2150588a5903d9a77b79,20,0,0.0
2150588a5903d9a77b79,21,0,0.0
2150588a5903d9a77b79,22,0,0.0
2150588a5903d9a77b79,23,0,0.0
e2d7ee3637149f7087b2,0,3,1.68
e2d7ee3637149f7087b2,1,8,4.47
e2d7ee3637149f7087b2,2,13,7.26
e2d7ee3637149f7087b2,3,10,5.59
e2d7ee3637149f7087b2,4,7,3.91
e2d7ee3637149f7087b2,5,11,6.15
e2d7ee3637149f7087b2,6,10,5.59
e2d7ee3637149f7087b2,7,4,2.23
e2d7ee3637149f7087b2,8,32,17.88
e2d7ee3637149f7087b2,9,5,2.79
e2d7ee3637149f7087b2,10,19,10.61
e2d7ee3637149f7087b2,11,32,17.88
e2d7ee3637149f7087b2,12,4,2.23
e2d7ee3637149f7087b2,13,6,3.35
e2d7ee3637149f7087b2,14,15,8.38
e2d7ee3637149f7087b2,15,0,0.0
e2d7ee3637149f7087b2,16,0,0.0
e2d7ee3637149f7087b2,17,0,0.0
e2d7ee3637149f7087b2,18,0,0.0
e2d7ee3637149f7087b2,19,0,0.0
e2d7ee3637149f7087b2,20,0,0.0
e2d7ee3637149f7087b2,21,0,0.0
e2d7ee3637149f7087b2,22,0,0.0
e2d7ee3637149f7087b2,23,0,0.0
bd8eb49a6b08f5e66a70,0,0,0.0
bd8eb49a6b08f5e66a70,1,0,0.0
bd8eb49a6b08f5e66a70,2,12,11.88
bd8eb49a6b08f5e66a70,3,7,6.93
bd8eb49a6b08f5e66a70,4,14,13.86
bd8eb49a6b08f5e66a70,5,17,16.83
bd8eb49a6b08f5e66a70,6,14,13.86
bd8eb49a6b08f5e66a70,7,4,3.96
bd8eb49a6b08f5e66a70,8,0,0.0
bd8eb49a6b08f5e66a70,9,3,2.97
bd8eb49a6b08f5e66a70,10,10,9.9
bd8eb49a6b08f5e66a70,11,3,2.97
bd8eb49a6b08f5e66a70,12,3,2.97
bd8eb49a6b08f5e66a70,13,12,11.88
bd8eb49a6b08f5e66a70,14,2,1.98
bd8eb49a6b08f5e66a70,15,0,0.0
bd8eb49a6b08f5e66a70,16,0,0.0
bd8eb49a6b08f5e66a70,17,0,0.0
bd8eb49a6b08f5e66a70,18,0,0.0
bd8eb49a6b08f5e66a70,19,0,0.0
bd8eb49a6b08f5e66a70,20,0,0.0
bd8eb49a6b08f5e66a70,21,0,0.0
bd8eb49a6b08f5e66a70,22,0,0.0
bd8eb49a6b08f5e66a70,23,0,0.0
915813ad1b5f1bbe2d6e,0,0,0.0
915813ad1b5f1bbe2d6e,1,1,1.43
915813ad1b5f1bbe2d6e,2,0,0.0
915813ad1b5f1bbe2d6e,3,0,0.0
915813ad1b5f1bbe2d6e,4,1,1.43
915813ad1b5f1bbe2d6e,5,1,1.43
915813ad1b5f1bbe2d6e,6,0,0.0
915813ad1b5f1bbe2d6e,7,5,7.14
915813ad1b5f1bbe2d6e,8,10,14.29
915813ad1b5f1bbe2d6e,9,2,2.86
915813ad1b5f1bbe2d6e,10,1,1.43
915813ad1b5f1bbe2d6e,11,2,2.86
915813ad1b5f1bbe2d6e,12,22,31.43
915813ad1b5f1bbe2d6e,13,2,2.86
915813ad1b5f1bbe2d6e,14,2,2.86
915813ad1b5f1bbe2d6e,15,9,12.86
915813ad1b5f1bbe2d6e,16,4,5.71
915813ad1b5f1bbe2d6e,17,8,11.43
915813ad1b5f1bbe2d6e,18,0,0.0
915813ad1b5f1bbe2d6e,19,0,0.0
915813ad1b5f1bbe2d6e,20,0,0.0
915813ad1b5f1bbe2d6e,21,0,0.0
915813ad1b5f1bbe2d6e,22,0,0.0
915813ad1b5f1bbe2d6e,23,0,0.0
38357be0ab369a9ae942,0,0,0.0
38357be0ab369a9ae942,1,7,7.78
38357be0ab369a9ae942,2,17,18.89
38357be0ab369a9ae942,3,2,2.22
38357be0ab369a9ae942,4,5,5.56
38357be0ab369a9ae942,5,0,0.0
38357be0ab369a9ae942,6,2,2.22
38357be0ab369a9ae942,7,0,0.0
38357be0ab369a9ae942,8,0,0.0
38357be0ab369a9ae942,9,0,0.0
38357be0ab369a9ae942,10,10,11.11
38357be0ab369a9ae942,11,8,8.89
38357be0ab369a9ae942,12,16,17.78
38357be0ab369a9ae942,13,16,17.78
38357be0ab369a9ae942,14,3,3.33
38357be0ab369a9ae942,15,4,4.44
38357be0ab369a9ae942,16,0,0.0
38357be0ab369a9ae942,17,0,0.0
38357be0ab369a9ae942,18,0,0.0
38357be0ab369a9ae942,19,0,0.0
38357be0ab369a9ae942,20,0,0.0
38357be0ab369a9ae942,21,0,0.0
38357be0ab369a9ae942,22,0,0.0
38357be0ab369a9ae942,23,0,0.0
798ff22d126a0f8034ff,0,0,0.0
798ff22d126a0f8034ff,1,2,2.38
798ff22d126a0f8034ff,2,16,19.05
798ff22d126a0f8034ff,3,6,7.14
798ff22d126a0f8034ff,4,0,0.0
798ff22d126a0f8034ff,5,0,0.0
798ff22d126a0f8034ff,6,0,0.0
798ff22d126a0f8034ff,7,4,4.76
798ff22d126a0f8034ff,8,1,1.19
798ff22d126a0f8034ff,9,0,0.0
798ff22d126a0f8034ff,10,8,9.52
798ff22d126a0f8034ff,11,13,15.48
798ff22d126a0f8034ff,12,11,13.1
798ff22d126a0f8034ff,13,18,21.43
798ff22d126a0f8034ff,14,5,5.95
798ff22d126a0f8034ff,15,0,0.0
798ff22d126a0f8034ff,16,0,0.0
798ff22d126a0f8034ff,17,0,0.0
798ff22d126a0f8034ff,18,0,0.0
798ff22d126a0f8034ff,19,0,0.0
798ff22d126a0f8034ff,20,0,0.0
798ff22d126a0f8034ff,21,0,0.0
798ff22d126a0f8034ff,22,0,0.0
798ff22d126a0f8034ff,23,0,0.0
4cb96f0d9108066442a8,0,0,0.0
4cb96f0d9108066442a8,1,0,0.0
4cb96f0d9108066442a8,2,0,0.0
4cb96f0d9108066442a8,3,0,0.0
4cb96f0d9108066442a8,4,0,0.0
4cb96f0d9108066442a8,5,0,0.0
4cb96f0d9108066442a8,6,0,0.0
4cb96f0d9108066442a8,7,0,0.0
4cb96f0d9108066442a8,8,0,0.0
4cb96f0d9108066442a8,9,0,0.0
4cb96f0d9108066442a8,10,46,52.27
4cb96f0d9108066442a8,11,24,27.27
4cb96f0d9108066442a8,12,0,0.0
4cb96f0d9108066442a8,13,0,0.0
4cb96f0d9108066442a8,14,0,0.0
4cb96f0d9108066442a8,15,18,20.45
4cb96f0d9108066442a8,16,0,0.0
4cb96f0d9108066442a8,17,0,0.0
4cb96f0d9108066442a8,18,0,0.0
4cb96f0d9108066442a8,19,0,0.0
4cb96f0d9108066442a8,20,0,0.0
4cb96f0d9108066442a8,21,0,0.0
4cb96f0d9108066442a8,22,0,0.0
4cb96f0d9108066442a8,23,0,0.0
cfaac49f7cc94528ffa7,0,4,5.41
cfaac49f7cc94528ffa7,1,6,8.11
cfaac49f7cc94528ffa7,2,0,0.0
cfaac49f7cc94528ffa7,3,6,8.11
cfaac49f7cc94528ffa7,4,1,1.35
cfaac49f7cc94528ffa7,5,0,0.0
cfaac49f7cc94528ffa7,6,4,5.41
cfaac49f7cc94528ffa7,7,0,0.0
cfaac49f7cc94528ffa7,8,8,10.81
cfaac49f7cc94528ffa7,9,1,1.35
cfaac49f7cc94528ffa7,10,1,1.35
cfaac49f7cc94528ffa7,11,4,5.41
cfaac49f7cc94528ffa7,12,13,17.57
cfaac49f7cc94528ffa7,13,12,16.22
cfaac49f7cc94528ffa7,14,6,8.11
cfaac49f7cc94528ffa7,15,4,5.41
cfaac49f7cc94528ffa7,16,0,0.0
cfaac49f7cc94528ffa7,17,0,0.0
cfaac49f7cc94528ffa7,18,0,0.0
cfaac49f7cc94528ffa7,19,0,0.0
cfaac49f7cc94528ffa7,20,0,0.0
cfaac49f7cc94528ffa7,21,0,0.0
cfaac49f7cc94528ffa7,22,1,1.35
cfaac49f7cc94528ffa7,23,3,4.05
89af2669cc93dc97f545,0,0,0.0
89af2669cc93dc97f545,1,4,3.42
89af2669cc93dc97f545,2,7,5.98
89af2669cc93dc97f545,3,0,0.0
89af2669cc93dc97f545,4,0,0.0
89af2669cc93dc97f545,5,0,0.0
89af2669cc93dc97f545,6,0,0.0
89af2669cc93dc97f545,7,0,0.0
89af2669cc93dc97f545,8,24,20.51
89af2669cc93dc97f545,9,1,0.85
89af2669cc93dc97f545,10,35,29.91
89af2669cc93dc97f545,11,30,25.64
89af2669cc93dc97f545,12,14,11.97
89af2669cc93dc97f545,13,2,1.71
89af2669cc93dc97f545,14,0,0.0
89af2669cc93dc97f545,15,0,0.0
89af2669cc93dc97f545,16,0,0.0
89af2669cc93dc97f545,17,0,0.0
89af2669cc93dc97f545,18,0,0.0
89af2669cc93dc97f545,19,0,0.0
89af2669cc93dc97f545,20,0,0.0
89af2669cc93dc97f545,21,0,0.0
89af2669cc93dc97f545,22,0,0.0
89af2669cc93dc97f545,23,0,0.0
41abb1b9df74d29b7732,0,0,0.0
41abb1b9df74d29b7732,1,0,0.0
41abb1b9df74d29b7732,2,0,0.0
41abb1b9df74d29b7732,3,0,0.0
41abb1b9df74d29b7732,4,0,0.0
41abb1b9df74d29b7732,5,0,0.0
41abb1b9df74d29b7732,6,0,0.0
41abb1b9df74d29b7732,7,3,3.41
41abb1b9df74d29b7732,8,0,0.0
41abb1b9df74d29b7732,9,0,0.0
41abb1b9df74d29b7732,10,0,0.0
41abb1b9df74d29b7732,11,0,0.0
41abb1b9df74d29b7732,12,12,13.64
41abb1b9df74d29b7732,13,2,2.27
41abb1b9df74d29b7732,14,60,68.18
41abb1b9df74d29b7732,15,11,12.5
41abb1b9df74d29b7732,16,0,0.0
41abb1b9df74d29b7732,17,0,0.0
41abb1b9df74d29b7732,18,0,0.0
41abb1b9df74d29b7732,19,0,0.0
41abb1b9df74d29b7732,20,0,0.0
41abb1b9df74d29b7732,21,0,0.0
41abb1b9df74d29b7732,22,0,0.0
41abb1b9df74d29b7732,23,0,0.0
a5c03c57b0930cb5c2ac,0,0,0.0
a5c03c57b0930cb5c2ac,1,4,6.9
a5c03c57b0930cb5c2ac,2,0,0.0
a5c03c57b0930cb5c2ac,3,0,0.0
a5c03c57b0930cb5c2ac,4,0,0.0
a5c03c57b0930cb5c2ac,5,1,1.72
a5c03c57b0930cb5c2ac,6,0,0.0
a5c03c57b0930cb5c2ac,7,0,0.0
a5c03c57b0930cb5c2ac,8,10,17.24
a5c03c57b0930cb5c2ac,9,1,1.72
a5c03c57b0930cb5c2ac,10,0,0.0
a5c03c57b0930cb5c2ac,11,0,0.0
a5c03c57b0930cb5c2ac,12,7,12.07
a5c03c57b0930cb5c2ac,13,1,1.72
a5c03c57b0930cb5c2ac,14,34,58.62
a5c03c57b0930cb5c2ac,15,0,0.0
a5c03c57b0930cb5c2ac,16,0,0.0
a5c03c57b0930cb5c2ac,17,0,0.0
a5c03c57b0930cb5c2ac,18,0,0.0
a5c03c57b0930cb5c2ac,19,0,0.0
a5c03c57b0930cb5c2ac,20,0,0.0
a5c03c57b0930cb5c2ac,21,0,0.0
a5c03c57b0930cb5c2ac,22,0,0.0
a5c03c57b0930cb5c2ac,23,0,0.0
ef133c92e274a97b6eeb,0,26,44.07
ef133c92e274a97b6eeb,1,13,22.03
ef133c92e274a97b6eeb,2,0,0.0
ef133c92e274a97b6eeb,3,0,0.0
ef133c92e274a97b6eeb,4,1,1.69
ef133c92e274a97b6eeb,5,0,0.0
ef133c92e274a97b6eeb,6,1,1.69
ef133c92e274a97b6eeb,7,0,0.0
ef133c92e274a97b6eeb,8,2,3.39
ef133c92e274a97b6eeb,9,0,0.0
ef133c92e274a97b6eeb,10,0,0.0
ef133c92e274a97b6eeb,11,0,0.0
ef133c92e274a97b6eeb,12,2,3.39
ef133c92e274a97b6eeb,13,0,0.0
ef133c92e274a97b6eeb,14,1,1.69
ef133c92e274a97b6eeb,15,13,22.03
ef133c92e274a97b6eeb,16,0,0.0
ef133c92e274a97b6eeb,17,0,0.0
ef133c92e274a97b6eeb,18,0,0.0
ef133c92e274a97b6eeb,19,0,0.0
ef133c92e274a97b6eeb,20,0,0.0
ef133c92e274a97b6eeb,21,0,0.0
ef133c92e274a97b6eeb,22,0,0.0
ef133c92e274a97b6eeb,23,0,0.0
fnvhgnuqbir0drk8p1v2,0,3,3.26
fnvhgnuqbir0drk8p1v2,1,5,5.43
fnvhgnuqbir0drk8p1v2,2,7,7.61
fnvhgnuqbir0drk8p1v2,3,5,5.43
fnvhgnuqbir0drk8p1v2,4,5,5.43
fnvhgnuqbir0drk8p1v2,5,4,4.35
fnvhgnuqbir0drk8p1v2,6,6,6.52
fnvhgnuqbir0drk8p1v2,7,7,7.61
fnvhgnuqbir0drk8p1v2,8,1,1.09
fnvhgnuqbir0drk8p1v2,9,2,2.17
fnvhgnuqbir0drk8p1v2,10,9,9.78
fnvhgnuqbir0drk8p1v2,11,6,6.52
fnvhgnuqbir0drk8p1v2,12,9,9.78
fnvhgnuqbir0drk8p1v2,13,5,5.43
fnvhgnuqbir0drk8p1v2,14,13,14.13
fnvhgnuqbir0drk8p1v2,15,4,4.35
fnvhgnuqbir0drk8p1v2,16,1,1.09
fnvhgnuqbir0drk8p1v2,17,0,0.0
fnvhgnuqbir0drk8p1v2,18,0,0.0
fnvhgnuqbir0drk8p1v2,19,0,0.0
fnvhgnuqbir0drk8p1v2,20,0,0.0
fnvhgnuqbir0drk8p1v2,21,0,0.0
fnvhgnuqbir0drk8p1v2,22,0,0.0
fnvhgnuqbir0drk8p1v2,23,0,0.0
zse4s5wowlo5xntqyqb4,0,1,0.82
zse4s5wowlo5xntqyqb4,1,4,3.28
zse4s5wowlo5xntqyqb4,2,6,4.92
zse4s5wowlo5xntqyqb4,3,6,4.92
zse4s5wowlo5xntqyqb4,4,5,4.1
zse4s5wowlo5xntqyqb4,5,2,1.64
zse4s5wowlo5xntqyqb4,6,5,4.1
zse4s5wowlo5xntqyqb4,7,7,5.74
zse4s5wowlo5xntqyqb4,8,5,4.1
zse4s5wowlo5xntqyqb4,9,3,2.46
zse4s5wowlo5xntqyqb4,10,3,2.46
zse4s5wowlo5xntqyqb4,11,17,13.93
zse4s5wowlo5xntqyqb4,12,15,12.3
zse4s5wowlo5xntqyqb4,13,14,11.48
zse4s5wowlo5xntqyqb4,14,20,16.39
zse4s5wowlo5xntqyqb4,15,9,7.38
zse4s5wowlo5xntqyqb4,16,0,0.0
zse4s5wowlo5xntqyqb4,17,0,0.0
zse4s5wowlo5xntqyqb4,18,0,0.0
zse4s5wowlo5xntqyqb4,19,0,0.0
zse4s5wowlo5xntqyqb4,20,0,0.0
zse4s5wowlo5xntqyqb4,21,0,0.0
zse4s5wowlo5xntqyqb4,22,0,0.0
zse4s5wowlo5xntqyqb4,23,0,0.0
wyhkcaf32y8h3707qzrz,0,2,2.02
wyhkcaf32y8h3707qzrz,1,6,6.06
wyhkcaf32y8h3707qzrz,2,4,4.04
wyhkcaf32y8h3707qzrz,3,4,4.04
wyhkcaf32y8h3707qzrz,4,5,5.05
wyhkcaf32y8h3707qzrz,5,3,3.03
wyhkcaf32y8h3707qzrz,6,6,6.06
wyhkcaf32y8h3707qzrz,7,2,2.02
wyhkcaf32y8h3707qzrz,8,8,8.08
wyhkcaf32y8h3707qzrz,9,3,3.03
wyhkcaf32y8h3707qzrz,10,10,10.1
wyhkcaf32y8h3707qzrz,11,11,11.11
wyhkcaf32y8h3707qzrz,12,11,11.11
wyhkcaf32y8h3707qzrz,13,9,9.09
wyhkcaf32y8h3707qzrz,14,10,10.1
wyhkcaf32y8h3707qzrz,15,4,4.04
wyhkcaf32y8h3707qzrz,16,1,1.01
wyhkcaf32y8h3707qzrz,17,0,0.0
wyhkcaf32y8h3707qzrz,18,0,0.0
wyhkcaf32y8h3707qzrz,19,0,0.0
wyhkcaf32y8h3707qzrz,20,0,0.0
wyhkcaf32y8h3707qzrz,21,0,0.0
wyhkcaf32y8h3707qzrz,22,0,0.0
wyhkcaf32y8h3707qzrz,23,0,0.0
2egpenarap9h0a2k0bc5,0,3,3.16
2egpenarap9h0a2k0bc5,1,6,6.32
2egpenarap9h0a2k0bc5,2,3,3.16
2egpenarap9h0a2k0bc5,3,3,3.16
2egpenarap9h0a2k0bc5,4,6,6.32
2egpenarap9h0a2k0bc5,5,3,3.16
2egpenarap9h0a2k0bc5,6,2,2.11
2egpenarap9h0a2k0bc5,7,1,1.05
2egpenarap9h0a2k0bc5,8,8,8.42
2egpenarap9h0a2k0bc5,9,5,5.26
2egpenarap9h0a2k0bc5,10,9,9.47
2egpenarap9h0a2k0bc5,11,12,12.63
2egpenarap9h0a2k0bc5,12,2,2.11
2egpenarap9h0a2k0bc5,13,11,11.58
2egpenarap9h0a2k0bc5,14,12,12.63
2egpenarap9h0a2k0bc5,15,6,6.32
2egpenarap9h0a2k0bc5,16,3,3.16
2egpenarap9h0a2k0bc5,17,0,0.0
2egpenarap9h0a2k0bc5,18,0,0.0
2egpenarap9h0a2k0bc5,19,0,0.0
2egpenarap9h0a2k0bc5,20,0,0.0
2egpenarap9h0a2k0bc5,21,0,0.0
2egpenarap9h0a2k0bc5,22,0,0.0
2egpenarap9h0a2k0bc5,23,0,0.0
cfi8t4xrx12m2lt4flwz,0,2,1.96
cfi8t4xrx12m2lt4flwz,1,7,6.86
cfi8t4xrx12m2lt4flwz,2,2,1.96
cfi8t4xrx12m2lt4flwz,3,7,6.86
cfi8t4xrx12m2lt4flwz,4,6,5.88
cfi8t4xrx12m2lt4flwz,5,4,3.92
cfi8t4xrx12m2lt4flwz,6,2,1.96
cfi8t4xrx12m2lt4flwz,7,6,5.88
cfi8t4xrx12m2lt4flwz,8,7,6.86
cfi8t4xrx12m2lt4flwz,9,2,1.96
cfi8t4xrx12m2lt4flwz,10,10,9.8
cfi8t4xrx12m2lt4flwz,11,7,6.86
cfi8t4xrx12m2lt4flwz,12,9,8.82
cfi8t4xrx12m2lt4flwz,13,14,13.73
cfi8t4xrx12m2lt4flwz,14,8,7.84
cfi8t4xrx12m2lt4flwz,15,6,5.88
cfi8t4xrx12m2lt4flwz,16,2,1.96
cfi8t4xrx12m2lt4flwz,17,0,0.0
cfi8t4xrx12m2lt4flwz,18,0,0.0
cfi8t4xrx12m2lt4flwz,19,0,0.0
cfi8t4xrx12m2lt4flwz,20,0,0.0
cfi8t4xrx12m2lt4flwz,21,0,0.0
cfi8t4xrx12m2lt4flwz,22,0,0.0
cfi8t4xrx12m2lt4flwz,23,1,0.98
t8sflynjwck4f650mtvp,0,2,1.9
t8sflynjwck4f650mtvp,1,9,8.57
t8sflynjwck4f650mtvp,2,4,3.81
t8sflynjwck4f650mtvp,3,5,4.76
t8sflynjwck4f650mtvp,4,5,4.76
t8sflynjwck4f650mtvp,5,7,6.67
t8sflynjwck4f650mtvp,6,4,3.81
t8sflynjwck4f650mtvp,7,2,1.9
t8sflynjwck4f650mtvp,8,7,6.67
t8sflynjwck4f650mtvp,9,2,1.9
t8sflynjwck4f650mtvp,10,9,8.57
t8sflynjwck4f650mtvp,11,7,6.67
t8sflynjwck4f650mtvp,12,11,10.48
t8sflynjwck4f650mtvp,13,10,9.52
t8sflynjwck4f650mtvp,14,11,10.48
t8sflynjwck4f650mtvp,15,8,7.62
t8sflynjwck4f650mtvp,16,1,0.95
t8sflynjwck4f650mtvp,17,0,0.0
t8sflynjwck4f650mtvp,18,0,0.0
t8sflynjwck4f650mtvp,19,1,0.95
t8sflynjwck4f650mtvp,20,0,0.0
t8sflynjwck4f650mtvp,21,0,0.0
t8sflynjwck4f650mtvp,22,0,0.0
t8sflynjwck4f650mtvp,23,0,0.0
pva49fsfcbexwz1crjvg,0,2,2.11
pva49fsfcbexwz1crjvg,1,3,3.16
pva49fsfcbexwz1crjvg,2,5,5.26
pva49fsfcbexwz1crjvg,3,3,3.16
pva49fsfcbexwz1crjvg,4,9,9.47
pva49fsfcbexwz1crjvg,5,2,2.11
pva49fsfcbexwz1crjvg,6,1,1.05
pva49fsfcbexwz1crjvg,7,7,7.37
pva49fsfcbexwz1crjvg,8,3,3.16
pva49fsfcbexwz1crjvg,9,4,4.21
pva49fsfcbexwz1crjvg,10,3,3.16
pva49fsfcbexwz1crjvg,11,12,12.63
pva49fsfcbexwz1crjvg,12,15,15.79
pva49fsfcbexwz1crjvg,13,7,7.37
pva49fsfcbexwz1crjvg,14,11,11.58
pva49fsfcbexwz1crjvg,15,7,7.37
pva49fsfcbexwz1crjvg,16,0,0.0
pva49fsfcbexwz1crjvg,17,0,0.0
pva49fsfcbexwz1crjvg,18,0,0.0
pva49fsfcbexwz1crjvg,19,1,1.05
pva49fsfcbexwz1crjvg,20,0,0.0
pva49fsfcbexwz1crjvg,21,0,0.0
pva49fsfcbexwz1crjvg,22,0,0.0
pva49fsfcbexwz1crjvg,23,0,0.0
lswzzwjmreuixxjqglhy,0,2,2.2
lswzzwjmreuixxjqglhy,1,3,3.3
lswzzwjmreuixxjqglhy,2,2,2.2
lswzzwjmreuixxjqglhy,3,5,5.49
lswzzwjmreuixxjqglhy,4,5,5.49
lswzzwjmreuixxjqglhy,5,6,6.59
lswzzwjmreuixxjqglhy,6,2,2.2
lswzzwjmreuixxjqglhy,7,5,5.49
lswzzwjmreuixxjqglhy,8,3,3.3
lswzzwjmreuixxjqglhy,9,4,4.4
lswzzwjmreuixxjqglhy,10,7,7.69
lswzzwjmreuixxjqglhy,11,5,5.49
lswzzwjmreuixxjqglhy,12,8,8.79
lswzzwjmreuixxjqglhy,13,9,9.89
lswzzwjmreuixxjqglhy,14,15,16.48
lswzzwjmreuixxjqglhy,15,6,6.59
lswzzwjmreuixxjqglhy,16,2,2.2
lswzzwjmreuixxjqglhy,17,0,0.0
lswzzwjmreuixxjqglhy,18,0,0.0
lswzzwjmreuixxjqglhy,19,0,0.0
lswzzwjmreuixxjqglhy,20,0,0.0
lswzzwjmreuixxjqglhy,21,0,0.0
lswzzwjmreuixxjqglhy,22,1,1.1
lswzzwjmreuixxjqglhy,23,1,1.1
votyzmo33yg7y89dag17,0,0,0.0
votyzmo33yg7y89dag17,1,6,6.45
votyzmo33yg7y89dag17,2,1,1.08
votyzmo33yg7y89dag17,3,4,4.3
votyzmo33yg7y89dag17,4,3,3.23
votyzmo33yg7y89dag17,5,2,2.15
votyzmo33yg7y89dag17,6,4,4.3
votyzmo33yg7y89dag17,7,3,3.23
votyzmo33yg7y89dag17,8,5,5.38
votyzmo33yg7y89dag17,9,2,2.15
votyzmo33yg7y89dag17,10,6,6.45
votyzmo33yg7y89dag17,11,13,13.98
votyzmo33yg7y89dag17,12,10,10.75
votyzmo33yg7y89dag17,13,11,11.83
votyzmo33yg7y89dag17,14,14,15.05
votyzmo33yg7y89dag17,15,4,4.3
votyzmo33yg7y89dag17,16,4,4.3
votyzmo33yg7y89dag17,17,0,0.0
votyzmo33yg7y89dag17,18,1,1.08
votyzmo33yg7y89dag17,19,0,0.0
votyzmo33yg7y89dag17,20,0,0.0
votyzmo33yg7y89dag17,21,0,0.0
votyzmo33yg7y89dag17,22,0,0.0
votyzmo33yg7y89dag17,23,0,0.0
cy2sv8kkoybje2okbll0,0,1,0.96
cy2sv8kkoybje2okbll0,1,4,3.85
cy2sv8kkoybje2okbll0,2,9,8.65
cy2sv8kkoybje2okbll0,3,11,10.58
cy2sv8kkoybje2okbll0,4,4,3.85
cy2sv8kkoybje2okbll0,5,4,3.85
cy2sv8kkoybje2okbll0,6,6,5.77
cy2sv8kkoybje2okbll0,7,6,5.77
cy2sv8kkoybje2okbll0,8,5,4.81
cy2sv8kkoybje2okbll0,9,2,1.92
cy2sv8kkoybje2okbll0,10,7,6.73
cy2sv8kkoybje2okbll0,11,9,8.65
cy2sv8kkoybje2okbll0,12,9,8.65
cy2sv8kkoybje2okbll0,13,6,5.77
cy2sv8kkoybje2okbll0,14,16,15.38
cy2sv8kkoybje2okbll0,15,5,4.81
cy2sv8kkoybje2okbll0,16,0,0.0
cy2sv8kkoybje2okbll0,17,0,0.0
cy2sv8kkoybje2okbll0,18,0,0.0
cy2sv8kkoybje2okbll0,19,0,0.0
cy2sv8kkoybje2okbll0,20,0,0.0
cy2sv8kkoybje2okbll0,21,0,0.0
cy2sv8kkoybje2okbll0,22,0,0.0
cy2sv8kkoybje2okbll0,23,0,0.0
jsmqh4aa20rpfeqmyx4h,0,0,0.0
jsmqh4aa20rpfeqmyx4h,1,7,7.14
jsmqh4aa20rpfeqmyx4h,2,4,4.08
jsmqh4aa20rpfeqmyx4h,3,7,7.14
jsmqh4aa20rpfeqmyx4h,4,6,6.12
jsmqh4aa20rpfeqmyx4h,5,7,7.14
jsmqh4aa20rpfeqmyx4h,6,3,3.06
jsmqh4aa20rpfeqmyx4h,7,4,4.08
jsmqh4aa20rpfeqmyx4h,8,5,5.1
jsmqh4aa20rpfeqmyx4h,9,1,1.02
jsmqh4aa20rpfeqmyx4h,10,6,6.12
jsmqh4aa20rpfeqmyx4h,11,13,13.27
jsmqh4aa20rpfeqmyx4h,12,11,11.22
jsmqh4aa20rpfeqmyx4h,13,8,8.16
jsmqh4aa20rpfeqmyx4h,14,9,9.18
jsmqh4aa20rpfeqmyx4h,15,4,4.08
jsmqh4aa20rpfeqmyx4h,16,3,3.06
jsmqh4aa20rpfeqmyx4h,17,0,0.0
jsmqh4aa20rpfeqmyx4h,18,0,0.0
jsmqh4aa20rpfeqmyx4h,19,0,0.0
jsmqh4aa20rpfeqmyx4h,20,0,0.0
jsmqh4aa20rpfeqmyx4h,21,0,0.0
jsmqh4aa20rpfeqmyx4h,22,0,0.0
jsmqh4aa20rpfeqmyx4h,23,0,0.0
ss27ig83t1pi1ztsy5w8,0,3,3.23
ss27ig83t1pi1ztsy5w8,1,6,6.45
ss27ig83t1pi1ztsy5w8,2,8,8.6
ss27ig83t1pi1ztsy5w8,3,7,7.53
ss27ig83t1pi1ztsy5w8,4,5,5.38
ss27ig83t1pi1ztsy5w8,5,4,4.3
ss27ig83t1pi1ztsy5w8,6,5,5.38
ss27ig83t1pi1ztsy5w8,7,4,4.3
ss27ig83t1pi1ztsy5w8,8,2,2.15
ss27ig83t1pi1ztsy5w8,9,3,3.23
ss27ig83t1pi1ztsy5w8,10,8,8.6
ss27ig83t1pi1ztsy5w8,11,8,8.6
ss27ig83t1pi1ztsy5w8,12,5,5.38
ss27ig83t1pi1ztsy5w8,13,9,9.68
ss27ig83t1pi1ztsy5w8,14,9,9.68
ss27ig83t1pi1ztsy5w8,15,6,6.45
ss27ig83t1pi1ztsy5w8,16,0,0.0
ss27ig83t1pi1ztsy5w8,17,0,0.0
ss27ig83t1pi1ztsy5w8,18,0,0.0
ss27ig83t1pi1ztsy5w8,19,1,1.08
ss27ig83t1pi1ztsy5w8,20,0,0.0
ss27ig83t1pi1ztsy5w8,21,0,0.0
ss27ig83t1pi1ztsy5w8,22,0,0.0
ss27ig83t1pi1ztsy5w8,23,0,0.0
7rzwry01x1n79a7rw5va,0,2,1.89
7rzwry01x1n79a7rw5va,1,4,3.77
7rzwry01x1n79a7rw5va,2,8,7.55
7rzwry01x1n79a7rw5va,3,4,3.77
7rzwry01x1n79a7rw5va,4,5,4.72
7rzwry01x1n79a7rw5va,5,3,2.83
7rzwry01x1n79a7rw5va,6,3,2.83
7rzwry01x1n79a7rw5va,7,5,4.72
7rzwry01x1n79a7rw5va,8,4,3.77
7rzwry01x1n79a7rw5va,9,2,1.89
7rzwry01x1n79a7rw5va,10,14,13.21
7rzwry01x1n79a7rw5va,11,10,9.43
7rzwry01x1n79a7rw5va,12,7,6.6
7rzwry01x1n79a7rw5va,13,11,10.38
7rzwry01x1n79a7rw5va,14,14,13.21
7rzwry01x1n79a7rw5va,15,4,3.77
7rzwry01x1n79a7rw5va,16,1,0.94
7rzwry01x1n79a7rw5va,17,0,0.0
7rzwry01x1n79a7rw5va,18,0,0.0
7rzwry01x1n79a7rw5va,19,2,1.89
7rzwry01x1n79a7rw5va,20,0,0.0
7rzwry01x1n79a7rw5va,21,0,0.0
7rzwry01x1n79a7rw5va,22,0,0.0
7rzwry01x1n79a7rw5va,23,3,2.83
yvyud23n1eara086vntf,0,6,6.12
yvyud23n1eara086vntf,1,4,4.08
yvyud23n1eara086vntf,2,2,2.04
yvyud23n1eara086vntf,3,4,4.08
yvyud23n1eara086vntf,4,5,5.1
yvyud23n1eara086vntf,5,5,5.1
yvyud23n1eara086vntf,6,3,3.06
yvyud23n1eara086vntf,7,6,6.12
yvyud23n1eara086vntf,8,2,2.04
yvyud23n1eara086vntf,9,3,3.06
yvyud23n1eara086vntf,10,9,9.18
yvyud23n1eara086vntf,11,12,12.24
yvyud23n1eara086vntf,12,5,5.1
yvyud23n1eara086vntf,13,5,5.1
yvyud23n1eara086vntf,14,14,14.29
yvyud23n1eara086vntf,15,10,10.2
yvyud23n1eara086vntf,16,3,3.06
yvyud23n1eara086vntf,17,0,0.0
yvyud23n1eara086vntf,18,0,0.0
yvyud23n1eara086vntf,19,0,0.0
yvyud23n1eara086vntf,20,0,0.0
yvyud23n1eara086vntf,21,0,0.0
yvyud23n1eara086vntf,22,0,0.0
yvyud23n1eara086vntf,23,0,0.0
9btb3ax7qaitktvbvn8g,0,2,1.98
9btb3ax7qaitktvbvn8g,1,4,3.96
9btb3ax7qaitktvbvn8g,2,5,4.95
9btb3ax7qaitktvbvn8g,3,6,5.94
9btb3ax7qaitktvbvn8g,4,7,6.93
9btb3ax7qaitktvbvn8g,5,3,2.97
9btb3ax7qaitktvbvn8g,6,2,1.98
9btb3ax7qaitktvbvn8g,7,4,3.96
9btb3ax7qaitktvbvn8g,8,6,5.94
9btb3ax7qaitktvbvn8g,9,0,0.0
9btb3ax7qaitktvbvn8g,10,9,8.91
9btb3ax7qaitktvbvn8g,11,13,12.87
9btb3ax7qaitktvbvn8g,12,11,10.89
9btb3ax7qaitktvbvn8g,13,9,8.91
9btb3ax7qaitktvbvn8g,14,12,11.88
9btb3ax7qaitktvbvn8g,15,6,5.94
9btb3ax7qaitktvbvn8g,16,1,0.99
9btb3ax7qaitktvbvn8g,17,0,0.0
9btb3ax7qaitktvbvn8g,18,0,0.0
9btb3ax7qaitktvbvn8g,19,0,0.0
9btb3ax7qaitktvbvn8g,20,0,0.0
9btb3ax7qaitktvbvn8g,21,0,0.0
9btb3ax7qaitktvbvn8g,22,0,0.0
9btb3ax7qaitktvbvn8g,23,1,0.99
vrx3ianblcyuixzmhzl2,0,2,1.85
vrx3ianblcyuixzmhzl2,1,8,7.41
vrx3ianblcyuixzmhzl2,2,3,2.78
vrx3ianblcyuixzmhzl2,3,5,4.63
vrx3ianblcyuixzmhzl2,4,2,1.85
vrx3ianblcyuixzmhzl2,5,3,2.78
vrx3ianblcyuixzmhzl2,6,2,1.85
vrx3ianblcyuixzmhzl2,7,4,3.7
vrx3ianblcyuixzmhzl2,8,6,5.56
vrx3ianblcyuixzmhzl2,9,6,5.56
vrx3ianblcyuixzmhzl2,10,6,5.56
vrx3ianblcyuixzmhzl2,11,12,11.11
vrx3ianblcyuixzmhzl2,12,16,14.81
vrx3ianblcyuixzmhzl2,13,11,10.19
vrx3ianblcyuixzmhzl2,14,12,11.11
vrx3ianblcyuixzmhzl2,15,9,8.33
vrx3ianblcyuixzmhzl2,16,1,0.93
vrx3ianblcyuixzmhzl2,17,0,0.0
vrx3ianblcyuixzmhzl2,18,0,0.0
vrx3ianblcyuixzmhzl2,19,0,0.0
vrx3ianblcyuixzmhzl2,20,0,0.0
vrx3ianblcyuixzmhzl2,21,0,0.0
vrx3ianblcyuixzmhzl2,22,0,0.0
vrx3ianblcyuixzmhzl2,23,0,0.0
qmf8702zbahi9083s7aq,0,0,0.0
qmf8702zbahi9083s7aq,1,8,8.42
qmf8702zbahi9083s7aq,2,1,1.05
qmf8702zbahi9083s7aq,3,6,6.32
qmf8702zbahi9083s7aq,4,2,2.11
qmf8702zbahi9083s7aq,5,2,2.11
qmf8702zbahi9083s7aq,6,2,2.11
qmf8702zbahi9083s7aq,7,4,4.21
qmf8702zbahi9083s7aq,8,4,4.21
qmf8702zbahi9083s7aq,9,3,3.16
qmf8702zbahi9083s7aq,10,12,12.63
qmf8702zbahi9083s7aq,11,17,17.89
qmf8702zbahi9083s7aq,12,9,9.47
qmf8702zbahi9083s7aq,13,3,3.16
qmf8702zbahi9083s7aq,14,11,11.58
qmf8702zbahi9083s7aq,15,8,8.42
qmf8702zbahi9083s7aq,16,0,0.0
qmf8702zbahi9083s7aq,17,1,1.05
qmf8702zbahi9083s7aq,18,0,0.0
qmf8702zbahi9083s7aq,19,0,0.0
qmf8702zbahi9083s7aq,20,0,0.0
qmf8702zbahi9083s7aq,21,0,0.0
qmf8702zbahi9083s7aq,22,0,0.0
qmf8702zbahi9083s7aq,23,2,2.11
13nq2h723zixyhir01lf,0,0,0.0
13nq2h723zixyhir01lf,1,8,6.72
13nq2h723zixyhir01lf,2,4,3.36
13nq2h723zixyhir01lf,3,5,4.2
13nq2h723zixyhir01lf,4,6,5.04
13nq2h723zixyhir01lf,5,4,3.36
13nq2h723zixyhir01lf,6,2,1.68
13nq2h723zixyhir01lf,7,5,4.2
13nq2h723zixyhir01lf,8,5,4.2
13nq2h723zixyhir01lf,9,3,2.52
13nq2h723zixyhir01lf,10,6,5.04
13nq2h723zixyhir01lf,11,18,15.13
13nq2h723zixyhir01lf,12,12,10.08
13nq2h723zixyhir01lf,13,10,8.4
13nq2h723zixyhir01lf,14,16,13.45
13nq2h723zixyhir01lf,15,12,10.08
13nq2h723zixyhir01lf,16,2,1.68
13nq2h723zixyhir01lf,17,0,0.0
13nq2h723zixyhir01lf,18,0,0.0
13nq2h723zixyhir01lf,19,0,0.0
13nq2h723zixyhir01lf,20,0,0.0
13nq2h723zixyhir01lf,21,0,0.0
13nq2h723zixyhir01lf,22,0,0.0
13nq2h723zixyhir01lf,23,1,0.84
ta1gbqs6pw15bx0jb5on,0,1,1.05
ta1gbqs6pw15bx0jb5on,1,5,5.26
ta1gbqs6pw15bx0jb5on,2,3,3.16
ta1gbqs6pw15bx0jb5on,3,6,6.32
ta1gbqs6pw15bx0jb5on,4,4,4.21
ta1gbqs6pw15bx0jb5on,5,4,4.21
ta1gbqs6pw15bx0jb5on,6,2,2.11
ta1gbqs6pw15bx0jb5on,7,2,2.11
ta1gbqs6pw15bx0jb5on,8,6,6.32
ta1gbqs6pw15bx0jb5on,9,0,0.0
ta1gbqs6pw15bx0jb5on,10,7,7.37
ta1gbqs6pw15bx0jb5on,11,10,10.53
ta1gbqs6pw15bx0jb5on,12,8,8.42
ta1gbqs6pw15bx0jb5on,13,12,12.63
ta1gbqs6pw15bx0jb5on,14,16,16.84
ta1gbqs6pw15bx0jb5on,15,8,8.42
ta1gbqs6pw15bx0jb5on,16,1,1.05
ta1gbqs6pw15bx0jb5on,17,0,0.0
ta1gbqs6pw15bx0jb5on,18,0,0.0
ta1gbqs6pw15bx0jb5on,19,0,0.0
ta1gbqs6pw15bx0jb5on,20,0,0.0
ta1gbqs6pw15bx0jb5on,21,0,0.0
ta1gbqs6pw15bx0jb5on,22,0,0.0
ta1gbqs6pw15bx0jb5on,23,0,0.0
jhmn3s11l13woe6jy3zg,0,4,3.36
jhmn3s11l13woe6jy3zg,1,6,5.04
jhmn3s11l13woe6jy3zg,2,6,5.04
jhmn3s11l13woe6jy3zg,3,5,4.2
jhmn3s11l13woe6jy3zg,4,5,4.2
jhmn3s11l13woe6jy3zg,5,5,4.2
jhmn3s11l13woe6jy3zg,6,4,3.36
jhmn3s11l13woe6jy3zg,7,5,4.2
jhmn3s11l13woe6jy3zg,8,4,3.36
jhmn3s11l13woe6jy3zg,9,6,5.04
jhmn3s11l13woe6jy3zg,10,8,6.72
jhmn3s11l13woe6jy3zg,11,15,12.61
jhmn3s11l13woe6jy3zg,12,10,8.4
jhmn3s11l13woe6jy3zg,13,12,10.08
jhmn3s11l13woe6jy3zg,14,14,11.76
jhmn3s11l13woe6jy3zg,15,8,6.72
jhmn3s11l13woe6jy3zg,16,0,0.0
jhmn3s11l13woe6jy3zg,17,2,1.68
jhmn3s11l13woe6jy3zg,18,0,0.0
jhmn3s11l13woe6jy3zg,19,0,0.0
jhmn3s11l13woe6jy3zg,20,0,0.0
jhmn3s11l13woe6jy3zg,21,0,0.0
jhmn3s11l13woe6jy3zg,22,0,0.0
jhmn3s11l13woe6jy3zg,23,0,0.0
w0u7vzowm7eimiupvmm3,0,5,4.35
w0u7vzowm7eimiupvmm3,1,5,4.35
w0u7vzowm7eimiupvmm3,2,4,3.48
w0u7vzowm7eimiupvmm3,3,0,0.0
w0u7vzowm7eimiupvmm3,4,3,2.61
w0u7vzowm7eimiupvmm3,5,6,5.22
w0u7vzowm7eimiupvmm3,6,3,2.61
w0u7vzowm7eimiupvmm3,7,6,5.22
w0u7vzowm7eimiupvmm3,8,12,10.43
w0u7vzowm7eimiupvmm3,9,3,2.61
w0u7vzowm7eimiupvmm3,10,7,6.09
w0u7vzowm7eimiupvmm3,11,18,15.65
w0u7vzowm7eimiupvmm3,12,10,8.7
w0u7vzowm7eimiupvmm3,13,13,11.3
w0u7vzowm7eimiupvmm3,14,14,12.17
w0u7vzowm7eimiupvmm3,15,6,5.22
w0u7vzowm7eimiupvmm3,16,0,0.0
w0u7vzowm7eimiupvmm3,17,0,0.0
w0u7vzowm7eimiupvmm3,18,0,0.0
w0u7vzowm7eimiupvmm3,19,0,0.0
w0u7vzowm7eimiupvmm3,20,0,0.0
w0u7vzowm7eimiupvmm3,21,0,0.0
w0u7vzowm7eimiupvmm3,22,0,0.0
w0u7vzowm7eimiupvmm3,23,0,0.0
2h9c9tdsnoz1hyzo5frt,0,1,0.87
2h9c9tdsnoz1hyzo5frt,1,2,1.74
2h9c9tdsnoz1hyzo5frt,2,2,1.74
2h9c9tdsnoz1hyzo5frt,3,8,6.96
2h9c9tdsnoz1hyzo5frt,4,6,5.22
2h9c9tdsnoz1hyzo5frt,5,8,6.96
2h9c9tdsnoz1hyzo5frt,6,3,2.61
2h9c9tdsnoz1hyzo5frt,7,3,2.61
2h9c9tdsnoz1hyzo5frt,8,4,3.48
2h9c9tdsnoz1hyzo5frt,9,2,1.74
2h9c9tdsnoz1hyzo5frt,10,9,7.83
2h9c9tdsnoz1hyzo5frt,11,13,11.3
2h9c9tdsnoz1hyzo5frt,12,12,10.43
2h9c9tdsnoz1hyzo5frt,13,15,13.04
2h9c9tdsnoz1hyzo5frt,14,19,16.52
2h9c9tdsnoz1hyzo5frt,15,6,5.22
2h9c9tdsnoz1hyzo5frt,16,2,1.74
2h9c9tdsnoz1hyzo5frt,17,0,0.0
2h9c9tdsnoz1hyzo5frt,18,0,0.0
2h9c9tdsnoz1hyzo5frt,19,0,0.0
2h9c9tdsnoz1hyzo5frt,20,0,0.0
2h9c9tdsnoz1hyzo5frt,21,0,0.0
2h9c9tdsnoz1hyzo5frt,22,0,0.0
2h9c9tdsnoz1hyzo5frt,23,0,0.0
vou4hlfvp8hv0r4odzq6,0,2,2.06
vou4hlfvp8hv0r4odzq6,1,10,10.31
vou4hlfvp8hv0r4odzq6,2,6,6.19
vou4hlfvp8hv0r4odzq6,3,3,3.09
vou4hlfvp8hv0r4odzq6,4,5,5.15
vou4hlfvp8hv0r4odzq6,5,2,2.06
vou4hlfvp8hv0r4odzq6,6,2,2.06
vou4hlfvp8hv0r4odzq6,7,2,2.06
vou4hlfvp8hv0r4odzq6,8,7,7.22
vou4hlfvp8hv0r4odzq6,9,0,0.0
vou4hlfvp8hv0r4odzq6,10,4,4.12
vou4hlfvp8hv0r4odzq6,11,13,13.4
vou4hlfvp8hv0r4odzq6,12,17,17.53
vou4hlfvp8hv0r4odzq6,13,7,7.22
vou4hlfvp8hv0r4odzq6,14,11,11.34
vou4hlfvp8hv0r4odzq6,15,4,4.12
vou4hlfvp8hv0r4odzq6,16,2,2.06
vou4hlfvp8hv0r4odzq6,17,0,0.0
vou4hlfvp8hv0r4odzq6,18,0,0.0
vou4hlfvp8hv0r4odzq6,19,0,0.0
vou4hlfvp8hv0r4odzq6,20,0,0.0
vou4hlfvp8hv0r4odzq6,21,0,0.0
vou4hlfvp8hv0r4odzq6,22,0,0.0
vou4hlfvp8hv0r4odzq6,23,0,0.0
6g7c63m95z8acd3vx5ct,0,2,2.15
6g7c63m95z8acd3vx5ct,1,2,2.15
6g7c63m95z8acd3vx5ct,2,4,4.3
6g7c63m95z8acd3vx5ct,3,3,3.23
6g7c63m95z8acd3vx5ct,4,4,4.3
6g7c63m95z8acd3vx5ct,5,1,1.08
6g7c63m95z8acd3vx5ct,6,3,3.23
6g7c63m95z8acd3vx5ct,7,7,7.53
6g7c63m95z8acd3vx5ct,8,7,7.53
6g7c63m95z8acd3vx5ct,9,3,3.23
6g7c63m95z8acd3vx5ct,10,11,11.83
6g7c63m95z8acd3vx5ct,11,6,6.45
6g7c63m95z8acd3vx5ct,12,11,11.83
6g7c63m95z8acd3vx5ct,13,7,7.53
6g7c63m95z8acd3vx5ct,14,10,10.75
6g7c63m95z8acd3vx5ct,15,10,10.75
6g7c63m95z8acd3vx5ct,16,1,1.08
6g7c63m95z8acd3vx5ct,17,0,0.0
6g7c63m95z8acd3vx5ct,18,0,0.0
6g7c63m95z8acd3vx5ct,19,0,0.0
6g7c63m95z8acd3vx5ct,20,0,0.0
6g7c63m95z8acd3vx5ct,21,0,0.0
6g7c63m95z8acd3vx5ct,22,0,0.0
6g7c63m95z8acd3vx5ct,23,1,1.08
te17utf5x961ldgs8zwn,0,2,1.9
te17utf5x961ldgs8zwn,1,6,5.71
te17utf5x961ldgs8zwn,2,3,2.86
te17utf5x961ldgs8zwn,3,6,5.71
te17utf5x961ldgs8zwn,4,3,2.86
te17utf5x961ldgs8zwn,5,2,1.9
te17utf5x961ldgs8zwn,6,5,4.76
te17utf5x961ldgs8zwn,7,3,2.86
te17utf5x961ldgs8zwn,8,4,3.81
te17utf5x961ldgs8zwn,9,4,3.81
te17utf5x961ldgs8zwn,10,7,6.67
te17utf5x961ldgs8zwn,11,17,16.19
te17utf5x961ldgs8zwn,12,14,13.33
te17utf5x961ldgs8zwn,13,10,9.52
te17utf5x961ldgs8zwn,14,7,6.67
te17utf5x961ldgs8zwn,15,11,10.48
te17utf5x961ldgs8zwn,16,0,0.0
te17utf5x961ldgs8zwn,17,0,0.0
te17utf5x961ldgs8zwn,18,0,0.0
te17utf5x961ldgs8zwn,19,0,0.0
te17utf5x961ldgs8zwn,20,0,0.0
te17utf5x961ldgs8zwn,21,0,0.0
te17utf5x961ldgs8zwn,22,0,0.0
te17utf5x961ldgs8zwn,23,1,0.95
csvv3l0saxxx6pax18c3,0,2,2.22
csvv3l0saxxx6pax18c3,1,3,3.33
csvv3l0saxxx6pax18c3,2,3,3.33
csvv3l0saxxx6pax18c3,3,4,4.44
csvv3l0saxxx6pax18c3,4,2,2.22
csvv3l0saxxx6pax18c3,5,3,3.33
csvv3l0saxxx6pax18c3,6,3,3.33
csvv3l0saxxx6pax18c3,7,5,5.56
csvv3l0saxxx6pax18c3,8,5,5.56
csvv3l0saxxx6pax18c3,9,2,2.22
csvv3l0saxxx6pax18c3,10,5,5.56
csvv3l0saxxx6pax18c3,11,15,16.67
csvv3l0saxxx6pax18c3,12,13,14.44
csvv3l0saxxx6pax18c3,13,7,7.78
csvv3l0saxxx6pax18c3,14,13,14.44
csvv3l0saxxx6pax18c3,15,3,3.33
csvv3l0saxxx6pax18c3,16,0,0.0
csvv3l0saxxx6pax18c3,17,0,0.0
csvv3l0saxxx6pax18c3,18,0,0.0
csvv3l0saxxx6pax18c3,19,1,1.11
csvv3l0saxxx6pax18c3,20,0,0.0
csvv3l0saxxx6pax18c3,21,0,0.0
csvv3l0saxxx6pax18c3,22,0,0.0
csvv3l0saxxx6pax18c3,23,1,1.11
kg28tppvvsvr918dkvlb,0,1,1.11
kg28tppvvsvr918dkvlb,1,6,6.67
kg28tppvvsvr918dkvlb,2,2,2.22
kg28tppvvsvr918dkvlb,3,6,6.67
kg28tppvvsvr918dkvlb,4,3,3.33
kg28tppvvsvr918dkvlb,5,2,2.22
kg28tppvvsvr918dkvlb,6,2,2.22
kg28tppvvsvr918dkvlb,7,5,5.56
kg28tppvvsvr918dkvlb,8,9,10.0
kg28tppvvsvr918dkvlb,9,3,3.33
kg28tppvvsvr918dkvlb,10,5,5.56
kg28tppvvsvr918dkvlb,11,6,6.67
kg28tppvvsvr918dkvlb,12,10,11.11
kg28tppvvsvr918dkvlb,13,12,13.33
kg28tppvvsvr918dkvlb,14,14,15.56
kg28tppvvsvr918dkvlb,15,3,3.33
kg28tppvvsvr918dkvlb,16,1,1.11
kg28tppvvsvr918dkvlb,17,0,0.0
kg28tppvvsvr918dkvlb,18,0,0.0
kg28tppvvsvr918dkvlb,19,0,0.0
kg28tppvvsvr918dkvlb,20,0,0.0
kg28tppvvsvr918dkvlb,21,0,0.0
kg28tppvvsvr918dkvlb,22,0,0.0
kg28tppvvsvr918dkvlb,23,0,0.0
28tmrs0kyrrh1odyvf21,0,4,3.67
28tmrs0kyrrh1odyvf21,1,9,8.26
28tmrs0kyrrh1odyvf21,2,6,5.5
28tmrs0kyrrh1odyvf21,3,7,6.42
28tmrs0kyrrh1odyvf21,4,5,4.59
28tmrs0kyrrh1odyvf21,5,3,2.75
28tmrs0kyrrh1odyvf21,6,4,3.67
28tmrs0kyrrh1odyvf21,7,3,2.75
28tmrs0kyrrh1odyvf21,8,6,5.5
28tmrs0kyrrh1odyvf21,9,3,2.75
28tmrs0kyrrh1odyvf21,10,7,6.42
28tmrs0kyrrh1odyvf21,11,12,11.01
28tmrs0kyrrh1odyvf21,12,6,5.5
28tmrs0kyrrh1odyvf21,13,11,10.09
28tmrs0kyrrh1odyvf21,14,13,11.93
28tmrs0kyrrh1odyvf21,15,10,9.17
28tmrs0kyrrh1odyvf21,16,0,0.0
28tmrs0kyrrh1odyvf21,17,0,0.0
28tmrs0kyrrh1odyvf21,18,0,0.0
28tmrs0kyrrh1odyvf21,19,0,0.0
28tmrs0kyrrh1odyvf21,20,0,0.0
28tmrs0kyrrh1odyvf21,21,0,0.0
28tmrs0kyrrh1odyvf21,22,0,0.0
28tmrs0kyrrh1odyvf21,23,0,0.0
l82rq4xaymt7t5uytax9,0,2,2.0
l82rq4xaymt7t5uytax9,1,6,6.0
l82rq4xaymt7t5uytax9,2,4,4.0
l82rq4xaymt7t5uytax9,3,8,8.0
l82rq4xaymt7t5uytax9,4,5,5.0
l82rq4xaymt7t5uytax9,5,2,2.0
l82rq4xaymt7t5uytax9,6,2,2.0
l82rq4xaymt7t5uytax9,7,6,6.0
l82rq4xaymt7t5uytax9,8,4,4.0
l82rq4xaymt7t5uytax9,9,2,2.0
l82rq4xaymt7t5uytax9,10,11,11.0
l82rq4xaymt7t5uytax9,11,14,14.0
l82rq4xaymt7t5uytax9,12,8,8.0
l82rq4xaymt7t5uytax9,13,5,5.0
l82rq4xaymt7t5uytax9,14,9,9.0
l82rq4xaymt7t5uytax9,15,9,9.0
l82rq4xaymt7t5uytax9,16,2,2.0
l82rq4xaymt7t5uytax9,17,0,0.0
l82rq4xaymt7t5uytax9,18,0,0.0
l82rq4xaymt7t5uytax9,19,0,0.0
l82rq4xaymt7t5uytax9,20,0,0.0
l82rq4xaymt7t5uytax9,21,0,0.0
l82rq4xaymt7t5uytax9,22,0,0.0
l82rq4xaymt7t5uytax9,23,1,1.0
jb3fqd2b9oyprn83h646,0,0,0.0
jb3fqd2b9oyprn83h646,1,6,6.32
jb3fqd2b9oyprn83h646,2,4,4.21
jb3fqd2b9oyprn83h646,3,2,2.11
jb3fqd2b9oyprn83h646,4,5,5.26
jb3fqd2b9oyprn83h646,5,4,4.21
jb3fqd2b9oyprn83h646,6,3,3.16
jb3fqd2b9oyprn83h646,7,3,3.16
jb3fqd2b9oyprn83h646,8,8,8.42
jb3fqd2b9oyprn83h646,9,1,1.05
jb3fqd2b9oyprn83h646,10,11,11.58
jb3fqd2b9oyprn83h646,11,15,15.79
jb3fqd2b9oyprn83h646,12,8,8.42
jb3fqd2b9oyprn83h646,13,7,7.37
jb3fqd2b9oyprn83h646,14,13,13.68
jb3fqd2b9oyprn83h646,15,5,5.26
jb3fqd2b9oyprn83h646,16,0,0.0
jb3fqd2b9oyprn83h646,17,0,0.0
jb3fqd2b9oyprn83h646,18,0,0.0
jb3fqd2b9oyprn83h646,19,0,0.0
jb3fqd2b9oyprn83h646,20,0,0.0
jb3fqd2b9oyprn83h646,21,0,0.0
jb3fqd2b9oyprn83h646,22,0,0.0
jb3fqd2b9oyprn83h646,23,0,0.0
oyaoqkf2b1we4b67bv8l,0,3,2.78
oyaoqkf2b1we4b67bv8l,1,4,3.7
oyaoqkf2b1we4b67bv8l,2,1,0.93
oyaoqkf2b1we4b67bv8l,3,4,3.7
oyaoqkf2b1we4b67bv8l,4,5,4.63
oyaoqkf2b1we4b67bv8l,5,8,7.41
oyaoqkf2b1we4b67bv8l,6,4,3.7
oyaoqkf2b1we4b67bv8l,7,5,4.63
oyaoqkf2b1we4b67bv8l,8,7,6.48
oyaoqkf2b1we4b67bv8l,9,8,7.41
oyaoqkf2b1we4b67bv8l,10,12,11.11
oyaoqkf2b1we4b67bv8l,11,12,11.11
oyaoqkf2b1we4b67bv8l,12,10,9.26
oyaoqkf2b1we4b67bv8l,13,10,9.26
oyaoqkf2b1we4b67bv8l,14,10,9.26
oyaoqkf2b1we4b67bv8l,15,4,3.7
oyaoqkf2b1we4b67bv8l,16,0,0.0
oyaoqkf2b1we4b67bv8l,17,0,0.0
oyaoqkf2b1we4b67bv8l,18,0,0.0
oyaoqkf2b1we4b67bv8l,19,0,0.0
oyaoqkf2b1we4b67bv8l,20,0,0.0
oyaoqkf2b1we4b67bv8l,21,0,0.0
oyaoqkf2b1we4b67bv8l,22,0,0.0
oyaoqkf2b1we4b67bv8l,23,1,0.93
l2yv9tvvcakn7ikerccy,0,2,2.35
l2yv9tvvcakn7ikerccy,1,6,7.06
l2yv9tvvcakn7ikerccy,2,3,3.53
l2yv9tvvcakn7ikerccy,3,2,2.35
l2yv9tvvcakn7ikerccy,4,4,4.71
l2yv9tvvcakn7ikerccy,5,5,5.88
l2yv9tvvcakn7ikerccy,6,1,1.18
l2yv9tvvcakn7ikerccy,7,5,5.88
l2yv9tvvcakn7ikerccy,8,5,5.88
l2yv9tvvcakn7ikerccy,9,0,0.0
l2yv9tvvcakn7ikerccy,10,6,7.06
l2yv9tvvcakn7ikerccy,11,11,12.94
l2yv9tvvcakn7ikerccy,12,10,11.76
l2yv9tvvcakn7ikerccy,13,8,9.41
l2yv9tvvcakn7ikerccy,14,11,12.94
l2yv9tvvcakn7ikerccy,15,3,3.53
l2yv9tvvcakn7ikerccy,16,1,1.18
l2yv9tvvcakn7ikerccy,17,1,1.18
l2yv9tvvcakn7ikerccy,18,0,0.0
l2yv9tvvcakn7ikerccy,19,0,0.0
l2yv9tvvcakn7ikerccy,20,0,0.0
l2yv9tvvcakn7ikerccy,21,0,0.0
l2yv9tvvcakn7ikerccy,22,0,0.0
l2yv9tvvcakn7ikerccy,23,1,1.18
xz7x7kwsn26marn29mag,0,4,3.81
xz7x7kwsn26marn29mag,1,7,6.67
xz7x7kwsn26marn29mag,2,8,7.62
xz7x7kwsn26marn29mag,3,6,5.71
xz7x7kwsn26marn29mag,4,2,1.9
xz7x7kwsn26marn29mag,5,3,2.86
xz7x7kwsn26marn29mag,6,5,4.76
xz7x7kwsn26marn29mag,7,3,2.86
xz7x7kwsn26marn29mag,8,4,3.81
xz7x7kwsn26marn29mag,9,2,1.9
xz7x7kwsn26marn29mag,10,13,12.38
xz7x7kwsn26marn29mag,11,14,13.33
xz7x7kwsn26marn29mag,12,7,6.67
xz7x7kwsn26marn29mag,13,15,14.29
xz7x7kwsn26marn29mag,14,6,5.71
xz7x7kwsn26marn29mag,15,4,3.81
xz7x7kwsn26marn29mag,16,2,1.9
xz7x7kwsn26marn29mag,17,0,0.0
xz7x7kwsn26marn29mag,18,0,0.0
xz7x7kwsn26marn29mag,19,0,0.0
xz7x7kwsn26marn29mag,20,0,0.0
xz7x7kwsn26marn29mag,21,0,0.0
xz7x7kwsn26marn29mag,22,0,0.0
xz7x7kwsn26marn29mag,23,0,0.0
qg0soq1i1uy7yndj17gd,0,2,2.22
qg0soq1i1uy7yndj17gd,1,7,7.78
qg0soq1i1uy7yndj17gd,2,7,7.78
qg0soq1i1uy7yndj17gd,3,5,5.56
qg0soq1i1uy7yndj17gd,4,4,4.44
qg0soq1i1uy7yndj17gd,5,2,2.22
qg0soq1i1uy7yndj17gd,6,1,1.11
qg0soq1i1uy7yndj17gd,7,2,2.22
qg0soq1i1uy7yndj17gd,8,4,4.44
qg0soq1i1uy7yndj17gd,9,1,1.11
qg0soq1i1uy7yndj17gd,10,3,3.33
qg0soq1i1uy7yndj17gd,11,9,10.0
qg0soq1i1uy7yndj17gd,12,16,17.78
qg0soq1i1uy7yndj17gd,13,10,11.11
qg0soq1i1uy7yndj17gd,14,11,12.22
qg0soq1i1uy7yndj17gd,15,4,4.44
qg0soq1i1uy7yndj17gd,16,2,2.22
qg0soq1i1uy7yndj17gd,17,0,0.0
qg0soq1i1uy7yndj17gd,18,0,0.0
qg0soq1i1uy7yndj17gd,19,0,0.0
qg0soq1i1uy7yndj17gd,20,0,0.0
qg0soq1i1uy7yndj17gd,21,0,0.0
qg0soq1i1uy7yndj17gd,22,0,0.0
qg0soq1i1uy7yndj17gd,23,0,0.0
8ivuhc6n7pr63b39dupt,0,1,1.02
8ivuhc6n7pr63b39dupt,1,7,7.14
8ivuhc6n7pr63b39dupt,2,5,5.1
8ivuhc6n7pr63b39dupt,3,2,2.04
8ivuhc6n7pr63b39dupt,4,3,3.06
8ivuhc6n7pr63b39dupt,5,2,2.04
8ivuhc6n7pr63b39dupt,6,5,5.1
8ivuhc6n7pr63b39dupt,7,10,10.2
8ivuhc6n7pr63b39dupt,8,3,3.06
8ivuhc6n7pr63b39dupt,9,2,2.04
8ivuhc6n7pr63b39dupt,10,8,8.16
8ivuhc6n7pr63b39dupt,11,10,10.2
8ivuhc6n7pr63b39dupt,12,6,6.12
8ivuhc6n7pr63b39dupt,13,9,9.18
8ivuhc6n7pr63b39dupt,14,16,16.33
8ivuhc6n7pr63b39dupt,15,6,6.12
8ivuhc6n7pr63b39dupt,16,2,2.04
8ivuhc6n7pr63b39dupt,17,0,0.0
8ivuhc6n7pr63b39dupt,18,0,0.0
8ivuhc6n7pr63b39dupt,19,0,0.0
8ivuhc6n7pr63b39dupt,20,0,0.0
8ivuhc6n7pr63b39dupt,21,0,0.0
8ivuhc6n7pr63b39dupt,22,0,0.0
8ivuhc6n7pr63b39dupt,23,1,1.02
139429592a9c23c08b71,0,0,0.0
139429592a9c23c08b71,1,0,0.0
139429592a9c23c08b71,2,0,0.0
139429592a9c23c08b71,3,8,10.0
139429592a9c23c08b71,4,1,1.25
139429592a9c23c08b71,5,9,11.25
139429592a9c23c08b71,6,1,1.25
139429592a9c23c08b71,7,3,3.75
139429592a9c23c08b71,8,4,5.0
139429592a9c23c08b71,9,3,3.75
139429592a9c23c08b71,10,2,2.5
139429592a9c23c08b71,11,1,1.25
139429592a9c23c08b71,12,13,16.25
139429592a9c23c08b71,13,2,2.5
139429592a9c23c08b71,14,20,25.0
139429592a9c23c08b71,15,13,16.25
139429592a9c23c08b71,16,0,0.0
139429592a9c23c08b71,17,0,0.0
139429592a9c23c08b71,18,0,0.0
139429592a9c23c08b71,19,0,0.0
139429592a9c23c08b71,20,0,0.0
139429592a9c23c08b71,21,0,0.0
139429592a9c23c08b71,22,0,0.0
139429592a9c23c08b71,23,0,0.0
b217bae3c84d59dde71f,0,0,0.0
b217bae3c84d59dde71f,1,0,0.0
b217bae3c84d59dde71f,2,8,7.08
b217bae3c84d59dde71f,3,0,0.0
b217bae3c84d59dde71f,4,1,0.88
b217bae3c84d59dde71f,5,0,0.0
b217bae3c84d59dde71f,6,5,4.42
b217bae3c84d59dde71f,7,4,3.54
b217bae3c84d59dde71f,8,6,5.31
b217bae3c84d59dde71f,9,8,7.08
b217bae3c84d59dde71f,10,0,0.0
b217bae3c84d59dde71f,11,2,1.77
b217bae3c84d59dde71f,12,1,0.88
b217bae3c84d59dde71f,13,22,19.47
b217bae3c84d59dde71f,14,30,26.55
b217bae3c84d59dde71f,15,26,23.01
b217bae3c84d59dde71f,16,0,0.0
b217bae3c84d59dde71f,17,0,0.0
b217bae3c84d59dde71f,18,0,0.0
b217bae3c84d59dde71f,19,0,0.0
b217bae3c84d59dde71f,20,0,0.0
b217bae3c84d59dde71f,21,0,0.0
b217bae3c84d59dde71f,22,0,0.0
b217bae3c84d59dde71f,23,0,0.0
e50db74322430aa289b1,0,11,9.02
e50db74322430aa289b1,1,0,0.0
e50db74322430aa289b1,2,1,0.82
e50db74322430aa289b1,3,0,0.0
e50db74322430aa289b1,4,0,0.0
e50db74322430aa289b1,5,0,0.0
e50db74322430aa289b1,6,0,0.0
e50db74322430aa289b1,7,1,0.82
e50db74322430aa289b1,8,25,20.49
e50db74322430aa289b1,9,11,9.02
e50db74322430aa289b1,10,3,2.46
e50db74322430aa289b1,11,0,0.0
e50db74322430aa289b1,12,10,8.2
e50db74322430aa289b1,13,27,22.13
e50db74322430aa289b1,14,10,8.2
e50db74322430aa289b1,15,0,0.0
e50db74322430aa289b1,16,19,15.57
e50db74322430aa289b1,17,0,0.0
e50db74322430aa289b1,18,0,0.0
e50db74322430aa289b1,19,0,0.0
e50db74322430aa289b1,20,0,0.0
e50db74322430aa289b1,21,0,0.0
e50db74322430aa289b1,22,0,0.0
e50db74322430aa289b1,23,4,3.28
4388d48ebff4cf866ecd,0,0,0.0
4388d48ebff4cf866ecd,1,0,0.0
4388d48ebff4cf866ecd,2,0,0.0
4388d48ebff4cf866ecd,3,0,0.0
4388d48ebff4cf866ecd,4,0,0.0
4388d48ebff4cf866ecd,5,0,0.0
4388d48ebff4cf866ecd,6,5,6.94
4388d48ebff4cf866ecd,7,6,8.33
4388d48ebff4cf866ecd,8,6,8.33
4388d48ebff4cf866ecd,9,0,0.0
4388d48ebff4cf866ecd,10,4,5.56
4388d48ebff4cf866ecd,11,15,20.83
4388d48ebff4cf866ecd,12,30,41.67
4388d48ebff4cf866ecd,13,4,5.56
4388d48ebff4cf866ecd,14,1,1.39
4388d48ebff4cf866ecd,15,1,1.39
4388d48ebff4cf866ecd,16,0,0.0
4388d48ebff4cf866ecd,17,0,0.0
4388d48ebff4cf866ecd,18,0,0.0
4388d48ebff4cf866ecd,19,0,0.0
4388d48ebff4cf866ecd,20,0,0.0
4388d48ebff4cf866ecd,21,0,0.0
4388d48ebff4cf866ecd,22,0,0.0
4388d48ebff4cf866ecd,23,0,0.0
cef765c4375252a6029b,0,0,0.0
cef765c4375252a6029b,1,0,0.0
cef765c4375252a6029b,2,0,0.0
cef765c4375252a6029b,3,0,0.0
cef765c4375252a6029b,4,0,0.0
cef765c4375252a6029b,5,0,0.0
cef765c4375252a6029b,6,0,0.0
cef765c4375252a6029b,7,0,0.0
cef765c4375252a6029b,8,7,8.43
cef765c4375252a6029b,9,25,30.12
cef765c4375252a6029b,10,25,30.12
cef765c4375252a6029b,11,11,13.25
cef765c4375252a6029b,12,8,9.64
cef765c4375252a6029b,13,7,8.43
cef765c4375252a6029b,14,0,0.0
cef765c4375252a6029b,15,0,0.0
cef765c4375252a6029b,16,0,0.0
cef765c4375252a6029b,17,0,0.0
cef765c4375252a6029b,18,0,0.0
cef765c4375252a6029b,19,0,0.0
cef765c4375252a6029b,20,0,0.0
cef765c4375252a6029b,21,0,0.0
cef765c4375252a6029b,22,0,0.0
cef765c4375252a6029b,23,0,0.0
3ac65fbc295f5fbd2ff7,0,0,0.0
3ac65fbc295f5fbd2ff7,1,0,0.0
3ac65fbc295f5fbd2ff7,2,0,0.0
3ac65fbc295f5fbd2ff7,3,0,0.0
3ac65fbc295f5fbd2ff7,4,0,0.0
3ac65fbc295f5fbd2ff7,5,0,0.0
3ac65fbc295f5fbd2ff7,6,0,0.0
3ac65fbc295f5fbd2ff7,7,0,0.0
3ac65fbc295f5fbd2ff7,8,17,19.1
3ac65fbc295f5fbd2ff7,9,37,41.57
3ac65fbc295f5fbd2ff7,10,26,29.21
3ac65fbc295f5fbd2ff7,11,9,10.11
3ac65fbc295f5fbd2ff7,12,0,0.0
3ac65fbc295f5fbd2ff7,13,0,0.0
3ac65fbc295f5fbd2ff7,14,0,0.0
3ac65fbc295f5fbd2ff7,15,0,0.0
3ac65fbc295f5fbd2ff7,16,0,0.0
3ac65fbc295f5fbd2ff7,17,0,0.0
3ac65fbc295f5fbd2ff7,18,0,0.0
3ac65fbc295f5fbd2ff7,19,0,0.0
3ac65fbc295f5fbd2ff7,20,0,0.0
3ac65fbc295f5fbd2ff7,21,0,0.0
3ac65fbc295f5fbd2ff7,22,0,0.0
3ac65fbc295f5fbd2ff7,23,0,0.0
e73ae5f649c6f52b3fb1,0,0,0.0
e73ae5f649c6f52b3fb1,1,4,3.39
e73ae5f649c6f52b3fb1,2,2,1.69
e73ae5f649c6f52b3fb1,3,3,2.54
e73ae5f649c6f52b3fb1,4,8,6.78
e73ae5f649c6f52b3fb1,5,0,0.0
e73ae5f649c6f52b3fb1,6,0,0.0
e73ae5f649c6f52b3fb1,7,3,2.54
e73ae5f649c6f52b3fb1,8,2,1.69
e73ae5f649c6f52b3fb1,9,1,0.85
e73ae5f649c6f52b3fb1,10,13,11.02
e73ae5f649c6f52b3fb1,11,6,5.08
e73ae5f649c6f52b3fb1,12,1,0.85
e73ae5f649c6f52b3fb1,13,9,7.63
e73ae5f649c6f52b3fb1,14,33,27.97
e73ae5f649c6f52b3fb1,15,26,22.03
e73ae5f649c6f52b3fb1,16,4,3.39
e73ae5f649c6f52b3fb1,17,2,1.69
e73ae5f649c6f52b3fb1,18,0,0.0
e73ae5f649c6f52b3fb1,19,0,0.0
e73ae5f649c6f52b3fb1,20,0,0.0
e73ae5f649c6f52b3fb1,21,0,0.0
e73ae5f649c6f52b3fb1,22,0,0.0
e73ae5f649c6f52b3fb1,23,1,0.85
b57bc31cac59b3d26216,0,0,0.0
b57bc31cac59b3d26216,1,0,0.0
b57bc31cac59b3d26216,2,5,1.07
b57bc31cac59b3d26216,3,15,3.2
b57bc31cac59b3d26216,4,65,13.86
b57bc31cac59b3d26216,5,17,3.62
b57bc31cac59b3d26216,6,2,0.43
b57bc31cac59b3d26216,7,5,1.07
b57bc31cac59b3d26216,8,21,4.48
b57bc31cac59b3d26216,9,3,0.64
b57bc31cac59b3d26216,10,28,5.97
b57bc31cac59b3d26216,11,31,6.61
b57bc31cac59b3d26216,12,20,4.26
b57bc31cac59b3d26216,13,34,7.25
b57bc31cac59b3d26216,14,63,13.43
b57bc31cac59b3d26216,15,55,11.73
b57bc31cac59b3d26216,16,39,8.32
b57bc31cac59b3d26216,17,53,11.3
b57bc31cac59b3d26216,18,13,2.77
b57bc31cac59b3d26216,19,0,0.0
b57bc31cac59b3d26216,20,0,0.0
b57bc31cac59b3d26216,21,0,0.0
b57bc31cac59b3d26216,22,0,0.0
b57bc31cac59b3d26216,23,0,0.0
132c90d4a027a4477ad0,0,0,0.0
132c90d4a027a4477ad0,1,0,0.0
132c90d4a027a4477ad0,2,2,1.87
132c90d4a027a4477ad0,3,0,0.0
132c90d4a027a4477ad0,4,0,0.0
132c90d4a027a4477ad0,5,2,1.87
132c90d4a027a4477ad0,6,21,19.63
132c90d4a027a4477ad0,7,1,0.93
132c90d4a027a4477ad0,8,3,2.8
132c90d4a027a4477ad0,9,2,1.87
132c90d4a027a4477ad0,10,12,11.21
132c90d4a027a4477ad0,11,12,11.21
132c90d4a027a4477ad0,12,10,9.35
132c90d4a027a4477ad0,13,10,9.35
132c90d4a027a4477ad0,14,27,25.23
132c90d4a027a4477ad0,15,5,4.67
132c90d4a027a4477ad0,16,0,0.0
132c90d4a027a4477ad0,17,0,0.0
132c90d4a027a4477ad0,18,0,0.0
132c90d4a027a4477ad0,19,0,0.0
132c90d4a027a4477ad0,20,0,0.0
132c90d4a027a4477ad0,21,0,0.0
132c90d4a027a4477ad0,22,0,0.0
132c90d4a027a4477ad0,23,0,0.0
33c123d08dc07edb50f9,0,0,0.0
33c123d08dc07edb50f9,1,0,0.0
33c123d08dc07edb50f9,2,2,3.39
33c123d08dc07edb50f9,3,0,0.0
33c123d08dc07edb50f9,4,0,0.0
33c123d08dc07edb50f9,5,1,1.69
33c123d08dc07edb50f9,6,1,1.69
33c123d08dc07edb50f9,7,1,1.69
33c123d08dc07edb50f9,8,9,15.25
33c123d08dc07edb50f9,9,4,6.78
33c123d08dc07edb50f9,10,0,0.0
33c123d08dc07edb50f9,11,7,11.86
33c123d08dc07edb50f9,12,4,6.78
33c123d08dc07edb50f9,13,1,1.69
33c123d08dc07edb50f9,14,3,5.08
33c123d08dc07edb50f9,15,26,44.07
33c123d08dc07edb50f9,16,0,0.0
33c123d08dc07edb50f9,17,0,0.0
33c123d08dc07edb50f9,18,0,0.0
33c123d08dc07edb50f9,19,0,0.0
33c123d08dc07edb50f9,20,0,0.0
33c123d08dc07edb50f9,21,0,0.0
33c123d08dc07edb50f9,22,0,0.0
33c123d08dc07edb50f9,23,0,0.0
9f447b50d5788f7b4d0a,0,0,0.0
9f447b50d5788f7b4d0a,1,0,0.0
9f447b50d5788f7b4d0a,2,0,0.0
9f447b50d5788f7b4d0a,3,0,0.0
9f447b50d5788f7b4d0a,4,0,0.0
9f447b50d5788f7b4d0a,5,0,0.0
9f447b50d5788f7b4d0a,6,1,1.12
9f447b50d5788f7b4d0a,7,3,3.37
9f447b50d5788f7b4d0a,8,1,1.12
9f447b50d5788f7b4d0a,9,3,3.37
9f447b50d5788f7b4d0a,10,5,5.62
9f447b50d5788f7b4d0a,11,4,4.49
9f447b50d5788f7b4d0a,12,15,16.85
9f447b50d5788f7b4d0a,13,4,4.49
9f447b50d5788f7b4d0a,14,11,12.36
9f447b50d5788f7b4d0a,15,31,34.83
9f447b50d5788f7b4d0a,16,11,12.36
9f447b50d5788f7b4d0a,17,0,0.0
9f447b50d5788f7b4d0a,18,0,0.0
9f447b50d5788f7b4d0a,19,0,0.0
9f447b50d5788f7b4d0a,20,0,0.0
9f447b50d5788f7b4d0a,21,0,0.0
9f447b50d5788f7b4d0a,22,0,0.0
9f447b50d5788f7b4d0a,23,0,0.0
23f1f5d3d90e2890a423,0,0,0.0
23f1f5d3d90e2890a423,1,0,0.0
23f1f5d3d90e2890a423,2,1,0.51
23f1f5d3d90e2890a423,3,19,9.74
23f1f5d3d90e2890a423,4,0,0.0
23f1f5d3d90e2890a423,5,1,0.51
23f1f5d3d90e2890a423,6,14,7.18
23f1f5d3d90e2890a423,7,17,8.72
23f1f5d3d90e2890a423,8,32,16.41
23f1f5d3d90e2890a423,9,16,8.21
23f1f5d3d90e2890a423,10,0,0.0
23f1f5d3d90e2890a423,11,17,8.72
23f1f5d3d90e2890a423,12,19,9.74
23f1f5d3d90e2890a423,13,33,16.92
23f1f5d3d90e2890a423,14,2,1.03
23f1f5d3d90e2890a423,15,15,7.69
23f1f5d3d90e2890a423,16,9,4.62
23f1f5d3d90e2890a423,17,0,0.0
23f1f5d3d90e2890a423,18,0,0.0
23f1f5d3d90e2890a423,19,0,0.0
23f1f5d3d90e2890a423,20,0,0.0
23f1f5d3d90e2890a423,21,0,0.0
23f1f5d3d90e2890a423,22,0,0.0
23f1f5d3d90e2890a423,23,0,0.0
34aaaa47df8c4aa4d926,0,0,0.0
34aaaa47df8c4aa4d926,1,3,1.71
34aaaa47df8c4aa4d926,2,3,1.71
34aaaa47df8c4aa4d926,3,6,3.43
34aaaa47df8c4aa4d926,4,15,8.57
34aaaa47df8c4aa4d926,5,8,4.57
34aaaa47df8c4aa4d926,6,13,7.43
34aaaa47df8c4aa4d926,7,5,2.86
34aaaa47df8c4aa4d926,8,11,6.29
34aaaa47df8c4aa4d926,9,2,1.14
34aaaa47df8c4aa4d926,10,17,9.71
34aaaa47df8c4aa4d926,11,21,12.0
34aaaa47df8c4aa4d926,12,22,12.57
34aaaa47df8c4aa4d926,13,2,1.14
34aaaa47df8c4aa4d926,14,37,21.14
34aaaa47df8c4aa4d926,15,10,5.71
34aaaa47df8c4aa4d926,16,0,0.0
34aaaa47df8c4aa4d926,17,0,0.0
34aaaa47df8c4aa4d926,18,0,0.0
34aaaa47df8c4aa4d926,19,0,0.0
34aaaa47df8c4aa4d926,20,0,0.0
34aaaa47df8c4aa4d926,21,0,0.0
34aaaa47df8c4aa4d926,22,0,0.0
34aaaa47df8c4aa4d926,23,0,0.0
875704a45c0214c68eae,0,0,0.0
875704a45c0214c68eae,1,0,0.0
875704a45c0214c68eae,2,6,4.14
875704a45c0214c68eae,3,0,0.0
875704a45c0214c68eae,4,0,0.0
875704a45c0214c68eae,5,2,1.38
875704a45c0214c68eae,6,2,1.38
875704a45c0214c68eae,7,8,5.52
875704a45c0214c68eae,8,1,0.69
875704a45c0214c68eae,9,1,0.69
875704a45c0214c68eae,10,27,18.62
875704a45c0214c68eae,11,45,31.03
875704a45c0214c68eae,12,26,17.93
875704a45c0214c68eae,13,0,0.0
875704a45c0214c68eae,14,24,16.55
875704a45c0214c68eae,15,3,2.07
875704a45c0214c68eae,16,0,0.0
875704a45c0214c68eae,17,0,0.0
875704a45c0214c68eae,18,0,0.0
875704a45c0214c68eae,19,0,0.0
875704a45c0214c68eae,20,0,0.0
875704a45c0214c68eae,21,0,0.0
875704a45c0214c68eae,22,0,0.0
875704a45c0214c68eae,23,0,0.0
c5c5e10586e94f96fe95,0,21,12.07
c5c5e10586e94f96fe95,1,13,7.47
c5c5e10586e94f96fe95,2,7,4.02
c5c5e10586e94f96fe95,3,2,1.15
c5c5e10586e94f96fe95,4,16,9.2
c5c5e10586e94f96fe95,5,6,3.45
c5c5e10586e94f96fe95,6,6,3.45
c5c5e10586e94f96fe95,7,1,0.57
c5c5e10586e94f96fe95,8,4,2.3
c5c5e10586e94f96fe95,9,0,0.0
c5c5e10586e94f96fe95,10,11,6.32
c5c5e10586e94f96fe95,11,18,10.34
c5c5e10586e94f96fe95,12,12,6.9
c5c5e10586e94f96fe95,13,19,10.92
c5c5e10586e94f96fe95,14,14,8.05
c5c5e10586e94f96fe95,15,12,6.9
c5c5e10586e94f96fe95,16,0,0.0
c5c5e10586e94f96fe95,17,0,0.0
c5c5e10586e94f96fe95,18,0,0.0
c5c5e10586e94f96fe95,19,0,0.0
c5c5e10586e94f96fe95,20,0,0.0
c5c5e10586e94f96fe95,21,0,0.0
c5c5e10586e94f96fe95,22,0,0.0
c5c5e10586e94f96fe95,23,12,6.9
2a003b122e9500e465c4,0,2,1.57
2a003b122e9500e465c4,1,0,0.0
2a003b122e9500e465c4,2,0,0.0
2a003b122e9500e465c4,3,2,1.57
2a003b122e9500e465c4,4,4,3.15
2a003b122e9500e465c4,5,3,2.36
2a003b122e9500e465c4,6,7,5.51
2a003b122e9500e465c4,7,12,9.45
2a003b122e9500e465c4,8,22,17.32
2a003b122e9500e465c4,9,0,0.0
2a003b122e9500e465c4,10,2,1.57
2a003b122e9500e465c4,11,9,7.09
2a003b122e9500e465c4,12,31,24.41
2a003b122e9500e465c4,13,5,3.94
2a003b122e9500e465c4,14,9,7.09
2a003b122e9500e465c4,15,15,11.81
2a003b122e9500e465c4,16,0,0.0
2a003b122e9500e465c4,17,0,0.0
2a003b122e9500e465c4,18,0,0.0
2a003b122e9500e465c4,19,0,0.0
2a003b122e9500e465c4,20,0,0.0
2a003b122e9500e465c4,21,0,0.0
2a003b122e9500e465c4,22,1,0.79
2a003b122e9500e465c4,23,3,2.36
533bc4c6716035e694ac,0,0,0.0
533bc4c6716035e694ac,1,0,0.0
533bc4c6716035e694ac,2,0,0.0
533bc4c6716035e694ac,3,0,0.0
533bc4c6716035e694ac,4,40,26.14
533bc4c6716035e694ac,5,7,4.58
533bc4c6716035e694ac,6,0,0.0
533bc4c6716035e694ac,7,5,3.27
533bc4c6716035e694ac,8,1,0.65
533bc4c6716035e694ac,9,1,0.65
533bc4c6716035e694ac,10,0,0.0
533bc4c6716035e694ac,11,0,0.0
533bc4c6716035e694ac,12,5,3.27
533bc4c6716035e694ac,13,52,33.99
533bc4c6716035e694ac,14,40,26.14
533bc4c6716035e694ac,15,2,1.31
533bc4c6716035e694ac,16,0,0.0
533bc4c6716035e694ac,17,0,0.0
533bc4c6716035e694ac,18,0,0.0
533bc4c6716035e694ac,19,0,0.0
533bc4c6716035e694ac,20,0,0.0
533bc4c6716035e694ac,21,0,0.0
533bc4c6716035e694ac,22,0,0.0
533bc4c6716035e694ac,23,0,0.0
a624e4f6e0a8f026cba9,0,2,2.82
a624e4f6e0a8f026cba9,1,2,2.82
a624e4f6e0a8f026cba9,2,0,0.0
a624e4f6e0a8f026cba9,3,1,1.41
a624e4f6e0a8f026cba9,4,0,0.0
a624e4f6e0a8f026cba9,5,2,2.82
a624e4f6e0a8f026cba9,6,7,9.86
a624e4f6e0a8f026cba9,7,4,5.63
a624e4f6e0a8f026cba9,8,14,19.72
a624e4f6e0a8f026cba9,9,4,5.63
a624e4f6e0a8f026cba9,10,3,4.23
a624e4f6e0a8f026cba9,11,11,15.49
a624e4f6e0a8f026cba9,12,9,12.68
a624e4f6e0a8f026cba9,13,3,4.23
a624e4f6e0a8f026cba9,14,5,7.04
a624e4f6e0a8f026cba9,15,3,4.23
a624e4f6e0a8f026cba9,16,1,1.41
a624e4f6e0a8f026cba9,17,0,0.0
a624e4f6e0a8f026cba9,18,0,0.0
a624e4f6e0a8f026cba9,19,0,0.0
a624e4f6e0a8f026cba9,20,0,0.0
a624e4f6e0a8f026cba9,21,0,0.0
a624e4f6e0a8f026cba9,22,0,0.0
a624e4f6e0a8f026cba9,23,0,0.0
7509bbe0d23fe15928ba,0,6,6.25
7509bbe0d23fe15928ba,1,5,5.21
7509bbe0d23fe15928ba,2,3,3.12
7509bbe0d23fe15928ba,3,0,0.0
7509bbe0d23fe15928ba,4,0,0.0
7509bbe0d23fe15928ba,5,2,2.08
7509bbe0d23fe15928ba,6,0,0.0
7509bbe0d23fe15928ba,7,0,0.0
7509bbe0d23fe15928ba,8,0,0.0
7509bbe0d23fe15928ba,9,1,1.04
7509bbe0d23fe15928ba,10,32,33.33
7509bbe0d23fe15928ba,11,29,30.21
7509bbe0d23fe15928ba,12,7,7.29
7509bbe0d23fe15928ba,13,0,0.0
7509bbe0d23fe15928ba,14,7,7.29
7509bbe0d23fe15928ba,15,4,4.17
7509bbe0d23fe15928ba,16,0,0.0
7509bbe0d23fe15928ba,17,0,0.0
7509bbe0d23fe15928ba,18,0,0.0
7509bbe0d23fe15928ba,19,0,0.0
7509bbe0d23fe15928ba,20,0,0.0
7509bbe0d23fe15928ba,21,0,0.0
7509bbe0d23fe15928ba,22,0,0.0
7509bbe0d23fe15928ba,23,0,0.0
eb93cedc17b4eac76750,0,4,3.03
eb93cedc17b4eac76750,1,0,0.0
eb93cedc17b4eac76750,2,0,0.0
eb93cedc17b4eac76750,3,0,0.0
eb93cedc17b4eac76750,4,4,3.03
eb93cedc17b4eac76750,5,2,1.52
eb93cedc17b4eac76750,6,6,4.55
eb93cedc17b4eac76750,7,13,9.85
eb93cedc17b4eac76750,8,18,13.64
eb93cedc17b4eac76750,9,1,0.76
eb93cedc17b4eac76750,10,11,8.33
eb93cedc17b4eac76750,11,19,14.39
eb93cedc17b4eac76750,12,8,6.06
eb93cedc17b4eac76750,13,5,3.79
eb93cedc17b4eac76750,14,12,9.09
eb93cedc17b4eac76750,15,21,15.91
eb93cedc17b4eac76750,16,7,5.3
eb93cedc17b4eac76750,17,0,0.0
eb93cedc17b4eac76750,18,0,0.0
eb93cedc17b4eac76750,19,0,0.0
eb93cedc17b4eac76750,20,0,0.0
eb93cedc17b4eac76750,21,0,0.0
eb93cedc17b4eac76750,22,0,0.0
eb93cedc17b4eac76750,23,1,0.76
1feef8b4129f5bf21e67,0,0,0.0
1feef8b4129f5bf21e67,1,0,0.0
1feef8b4129f5bf21e67,2,0,0.0
1feef8b4129f5bf21e67,3,0,0.0
1feef8b4129f5bf21e67,4,0,0.0
1feef8b4129f5bf21e67,5,4,3.74
1feef8b4129f5bf21e67,6,3,2.8
1feef8b4129f5bf21e67,7,0,0.0
1feef8b4129f5bf21e67,8,5,4.67
1feef8b4129f5bf21e67,9,3,2.8
1feef8b4129f5bf21e67,10,24,22.43
1feef8b4129f5bf21e67,11,46,42.99
1feef8b4129f5bf21e67,12,18,16.82
1feef8b4129f5bf21e67,13,0,0.0
1feef8b4129f5bf21e67,14,3,2.8
1feef8b4129f5bf21e67,15,1,0.93
1feef8b4129f5bf21e67,16,0,0.0
1feef8b4129f5bf21e67,17,0,0.0
1feef8b4129f5bf21e67,18,0,0.0
1feef8b4129f5bf21e67,19,0,0.0
1feef8b4129f5bf21e67,20,0,0.0
1feef8b4129f5bf21e67,21,0,0.0
1feef8b4129f5bf21e67,22,0,0.0
1feef8b4129f5bf21e67,23,0,0.0
951d2aca1b8a1c336908,0,3,1.71
951d2aca1b8a1c336908,1,1,0.57
951d2aca1b8a1c336908,2,0,0.0
951d2aca1b8a1c336908,3,0,0.0
951d2aca1b8a1c336908,4,3,1.71
951d2aca1b8a1c336908,5,4,2.29
951d2aca1b8a1c336908,6,7,4.0
951d2aca1b8a1c336908,7,1,0.57
951d2aca1b8a1c336908,8,1,0.57
951d2aca1b8a1c336908,9,1,0.57
951d2aca1b8a1c336908,10,25,14.29
951d2aca1b8a1c336908,11,34,19.43
951d2aca1b8a1c336908,12,17,9.71
951d2aca1b8a1c336908,13,1,0.57
951d2aca1b8a1c336908,14,16,9.14
951d2aca1b8a1c336908,15,50,28.57
951d2aca1b8a1c336908,16,4,2.29
951d2aca1b8a1c336908,17,0,0.0
951d2aca1b8a1c336908,18,0,0.0
951d2aca1b8a1c336908,19,0,0.0
951d2aca1b8a1c336908,20,0,0.0
951d2aca1b8a1c336908,21,0,0.0
951d2aca1b8a1c336908,22,0,0.0
951d2aca1b8a1c336908,23,7,4.0
49b95110a8c59f6b6c58,0,2,1.06
49b95110a8c59f6b6c58,1,5,2.66
49b95110a8c59f6b6c58,2,8,4.26
49b95110a8c59f6b6c58,3,2,1.06
49b95110a8c59f6b6c58,4,0,0.0
49b95110a8c59f6b6c58,5,2,1.06
49b95110a8c59f6b6c58,6,6,3.19
49b95110a8c59f6b6c58,7,5,2.66
49b95110a8c59f6b6c58,8,12,6.38
49b95110a8c59f6b6c58,9,4,2.13
49b95110a8c59f6b6c58,10,22,11.7
49b95110a8c59f6b6c58,11,44,23.4
49b95110a8c59f6b6c58,12,43,22.87
49b95110a8c59f6b6c58,13,8,4.26
49b95110a8c59f6b6c58,14,2,1.06
49b95110a8c59f6b6c58,15,12,6.38
49b95110a8c59f6b6c58,16,11,5.85
49b95110a8c59f6b6c58,17,0,0.0
49b95110a8c59f6b6c58,18,0,0.0
49b95110a8c59f6b6c58,19,0,0.0
49b95110a8c59f6b6c58,20,0,0.0
49b95110a8c59f6b6c58,21,0,0.0
49b95110a8c59f6b6c58,22,0,0.0
49b95110a8c59f6b6c58,23,0,0.0
b8c0c68e7f1220949deb,0,2,2.78
b8c0c68e7f1220949deb,1,1,1.39
b8c0c68e7f1220949deb,2,0,0.0
b8c0c68e7f1220949deb,3,0,0.0
b8c0c68e7f1220949deb,4,0,0.0
b8c0c68e7f1220949deb,5,0,0.0
b8c0c68e7f1220949deb,6,0,0.0
b8c0c68e7f1220949deb,7,2,2.78
b8c0c68e7f1220949deb,8,2,2.78
b8c0c68e7f1220949deb,9,2,2.78
b8c0c68e7f1220949deb,10,12,16.67
b8c0c68e7f1220949deb,11,17,23.61
b8c0c68e7f1220949deb,12,16,22.22
b8c0c68e7f1220949deb,13,5,6.94
b8c0c68e7f1220949deb,14,6,8.33
b8c0c68e7f1220949deb,15,5,6.94
b8c0c68e7f1220949deb,16,2,2.78
b8c0c68e7f1220949deb,17,0,0.0
b8c0c68e7f1220949deb,18,0,0.0
b8c0c68e7f1220949deb,19,0,0.0
b8c0c68e7f1220949deb,20,0,0.0
b8c0c68e7f1220949deb,21,0,0.0
b8c0c68e7f1220949deb,22,0,0.0
b8c0c68e7f1220949deb,23,0,0.0
451b0095938a3c54efc4,0,0,0.0
451b0095938a3c54efc4,1,0,0.0
451b0095938a3c54efc4,2,0,0.0
451b0095938a3c54efc4,3,3,3.33
451b0095938a3c54efc4,4,0,0.0
451b0095938a3c54efc4,5,0,0.0
451b0095938a3c54efc4,6,0,0.0
451b0095938a3c54efc4,7,0,0.0
451b0095938a3c54efc4,8,1,1.11
451b0095938a3c54efc4,9,2,2.22
451b0095938a3c54efc4,10,14,15.56
451b0095938a3c54efc4,11,29,32.22
451b0095938a3c54efc4,12,20,22.22
451b0095938a3c54efc4,13,21,23.33
451b0095938a3c54efc4,14,0,0.0
451b0095938a3c54efc4,15,0,0.0
451b0095938a3c54efc4,16,0,0.0
451b0095938a3c54efc4,17,0,0.0
451b0095938a3c54efc4,18,0,0.0
451b0095938a3c54efc4,19,0,0.0
451b0095938a3c54efc4,20,0,0.0
451b0095938a3c54efc4,21,0,0.0
451b0095938a3c54efc4,22,0,0.0
451b0095938a3c54efc4,23,0,0.0
e4c80506c14da4ad563d,0,0,0.0
e4c80506c14da4ad563d,1,0,0.0
e4c80506c14da4ad563d,2,5,4.59
e4c80506c14da4ad563d,3,0,0.0
e4c80506c14da4ad563d,4,4,3.67
e4c80506c14da4ad563d,5,2,1.83
e4c80506c14da4ad563d,6,12,11.01
e4c80506c14da4ad563d,7,2,1.83
e4c80506c14da4ad563d,8,16,14.68
e4c80506c14da4ad563d,9,0,0.0
e4c80506c14da4ad563d,10,5,4.59
e4c80506c14da4ad563d,11,32,29.36
e4c80506c14da4ad563d,12,15,13.76
e4c80506c14da4ad563d,13,1,0.92
e4c80506c14da4ad563d,14,13,11.93
e4c80506c14da4ad563d,15,2,1.83
e4c80506c14da4ad563d,16,0,0.0
e4c80506c14da4ad563d,17,0,0.0
e4c80506c14da4ad563d,18,0,0.0
e4c80506c14da4ad563d,19,0,0.0
e4c80506c14da4ad563d,20,0,0.0
e4c80506c14da4ad563d,21,0,0.0
e4c80506c14da4ad563d,22,0,0.0
e4c80506c14da4ad563d,23,0,0.0
25019b8f1c3ac537894b,0,1,1.1
25019b8f1c3ac537894b,1,3,3.3
25019b8f1c3ac537894b,2,7,7.69
25019b8f1c3ac537894b,3,4,4.4
25019b8f1c3ac537894b,4,3,3.3
25019b8f1c3ac537894b,5,0,0.0
25019b8f1c3ac537894b,6,1,1.1
25019b8f1c3ac537894b,7,6,6.59
25019b8f1c3ac537894b,8,2,2.2
25019b8f1c3ac537894b,9,3,3.3
25019b8f1c3ac537894b,10,15,16.48
25019b8f1c3ac537894b,11,31,34.07
25019b8f1c3ac537894b,12,10,10.99
25019b8f1c3ac537894b,13,4,4.4
25019b8f1c3ac537894b,14,0,0.0
25019b8f1c3ac537894b,15,1,1.1
25019b8f1c3ac537894b,16,0,0.0
25019b8f1c3ac537894b,17,0,0.0
25019b8f1c3ac537894b,18,0,0.0
25019b8f1c3ac537894b,19,0,0.0
25019b8f1c3ac537894b,20,0,0.0
25019b8f1c3ac537894b,21,0,0.0
25019b8f1c3ac537894b,22,0,0.0
25019b8f1c3ac537894b,23,0,0.0
4884f3bdc068ef01e042,0,0,0.0
4884f3bdc068ef01e042,1,6,2.25
4884f3bdc068ef01e042,2,20,7.49
4884f3bdc068ef01e042,3,36,13.48
4884f3bdc068ef01e042,4,16,5.99
4884f3bdc068ef01e042,5,4,1.5
4884f3bdc068ef01e042,6,11,4.12
4884f3bdc068ef01e042,7,11,4.12
4884f3bdc068ef01e042,8,28,10.49
4884f3bdc068ef01e042,9,6,2.25
4884f3bdc068ef01e042,10,0,0.0
4884f3bdc068ef01e042,11,10,3.75
4884f3bdc068ef01e042,12,59,22.1
4884f3bdc068ef01e042,13,23,8.61
4884f3bdc068ef01e042,14,23,8.61
4884f3bdc068ef01e042,15,14,5.24
4884f3bdc068ef01e042,16,0,0.0
4884f3bdc068ef01e042,17,0,0.0
4884f3bdc068ef01e042,18,0,0.0
4884f3bdc068ef01e042,19,0,0.0
4884f3bdc068ef01e042,20,0,0.0
4884f3bdc068ef01e042,21,0,0.0
4884f3bdc068ef01e042,22,0,0.0
4884f3bdc068ef01e042,23,0,0.0
b43532c7a35b6aedd478,0,0,0.0
b43532c7a35b6aedd478,1,0,0.0
b43532c7a35b6aedd478,2,0,0.0
b43532c7a35b6aedd478,3,0,0.0
b43532c7a35b6aedd478,4,2,3.92
b43532c7a35b6aedd478,5,4,7.84
b43532c7a35b6aedd478,6,0,0.0
b43532c7a35b6aedd478,7,0,0.0
b43532c7a35b6aedd478,8,9,17.65
b43532c7a35b6aedd478,9,13,25.49
b43532c7a35b6aedd478,10,2,3.92
b43532c7a35b6aedd478,11,3,5.88
b43532c7a35b6aedd478,12,2,3.92
b43532c7a35b6aedd478,13,0,0.0
b43532c7a35b6aedd478,14,9,17.65
b43532c7a35b6aedd478,15,5,9.8
b43532c7a35b6aedd478,16,2,3.92
b43532c7a35b6aedd478,17,0,0.0
b43532c7a35b6aedd478,18,0,0.0
b43532c7a35b6aedd478,19,0,0.0
b43532c7a35b6aedd478,20,0,0.0
b43532c7a35b6aedd478,21,0,0.0
b43532c7a35b6aedd478,22,0,0.0
b43532c7a35b6aedd478,23,0,0.0
f9c641e9c05c243a751e,0,0,0.0
f9c641e9c05c243a751e,1,0,0.0
f9c641e9c05c243a751e,2,2,1.48
f9c641e9c05c243a751e,3,7,5.19
f9c641e9c05c243a751e,4,0,0.0
f9c641e9c05c243a751e,5,0,0.0
f9c641e9c05c243a751e,6,0,0.0
f9c641e9c05c243a751e,7,0,0.0
f9c641e9c05c243a751e,8,11,8.15
f9c641e9c05c243a751e,9,5,3.7
f9c641e9c05c243a751e,10,3,2.22
f9c641e9c05c243a751e,11,3,2.22
f9c641e9c05c243a751e,12,44,32.59
f9c641e9c05c243a751e,13,38,28.15
f9c641e9c05c243a751e,14,22,16.3
f9c641e9c05c243a751e,15,0,0.0
f9c641e9c05c243a751e,16,0,0.0
f9c641e9c05c243a751e,17,0,0.0
f9c641e9c05c243a751e,18,0,0.0
f9c641e9c05c243a751e,19,0,0.0
f9c641e9c05c243a751e,20,0,0.0
f9c641e9c05c243a751e,21,0,0.0
f9c641e9c05c243a751e,22,0,0.0
f9c641e9c05c243a751e,23,0,0.0
960bf72352d4f58ad083,0,5,3.82
960bf72352d4f58ad083,1,1,0.76
960bf72352d4f58ad083,2,6,4.58
960bf72352d4f58ad083,3,0,0.0
960bf72352d4f58ad083,4,0,0.0
960bf72352d4f58ad083,5,0,0.0
960bf72352d4f58ad083,6,6,4.58
960bf72352d4f58ad083,7,8,6.11
960bf72352d4f58ad083,8,8,6.11
960bf72352d4f58ad083,9,0,0.0
960bf72352d4f58ad083,10,4,3.05
960bf72352d4f58ad083,11,9,6.87
960bf72352d4f58ad083,12,10,7.63
960bf72352d4f58ad083,13,41,31.3
960bf72352d4f58ad083,14,33,25.19
960bf72352d4f58ad083,15,0,0.0
960bf72352d4f58ad083,16,0,0.0
960bf72352d4f58ad083,17,0,0.0
960bf72352d4f58ad083,18,0,0.0
960bf72352d4f58ad083,19,0,0.0
960bf72352d4f58ad083,20,0,0.0
960bf72352d4f58ad083,21,0,0.0
960bf72352d4f58ad083,22,0,0.0
960bf72352d4f58ad083,23,0,0.0
0557b1363a5092b5811f,0,15,4.31
0557b1363a5092b5811f,1,10,2.87
0557b1363a5092b5811f,2,8,2.3
0557b1363a5092b5811f,3,21,6.03
0557b1363a5092b5811f,4,13,3.74
0557b1363a5092b5811f,5,8,2.3
0557b1363a5092b5811f,6,2,0.57
0557b1363a5092b5811f,7,19,5.46
0557b1363a5092b5811f,8,87,25.0
0557b1363a5092b5811f,9,15,4.31
0557b1363a5092b5811f,10,17,4.89
0557b1363a5092b5811f,11,3,0.86
0557b1363a5092b5811f,12,21,6.03
0557b1363a5092b5811f,13,18,5.17
0557b1363a5092b5811f,14,66,18.97
0557b1363a5092b5811f,15,25,7.18
0557b1363a5092b5811f,16,0,0.0
0557b1363a5092b5811f,17,0,0.0
0557b1363a5092b5811f,18,0,0.0
0557b1363a5092b5811f,19,0,0.0
0557b1363a5092b5811f,20,0,0.0
0557b1363a5092b5811f,21,0,0.0
0557b1363a5092b5811f,22,0,0.0
0557b1363a5092b5811f,23,0,0.0
091554ffa26fc9b17c36,0,5,7.94
091554ffa26fc9b17c36,1,2,3.17
091554ffa26fc9b17c36,2,0,0.0
091554ffa26fc9b17c36,3,0,0.0
091554ffa26fc9b17c36,4,5,7.94
091554ffa26fc9b17c36,5,2,3.17
091554ffa26fc9b17c36,6,17,26.98
091554ffa26fc9b17c36,7,3,4.76
091554ffa26fc9b17c36,8,11,17.46
091554ffa26fc9b17c36,9,0,0.0
091554ffa26fc9b17c36,10,2,3.17
091554ffa26fc9b17c36,11,3,4.76
091554ffa26fc9b17c36,12,3,4.76
091554ffa26fc9b17c36,13,10,15.87
091554ffa26fc9b17c36,14,0,0.0
091554ffa26fc9b17c36,15,0,0.0
091554ffa26fc9b17c36,16,0,0.0
091554ffa26fc9b17c36,17,0,0.0
091554ffa26fc9b17c36,18,0,0.0
091554ffa26fc9b17c36,19,0,0.0
091554ffa26fc9b17c36,20,0,0.0
091554ffa26fc9b17c36,21,0,0.0
091554ffa26fc9b17c36,22,0,0.0
091554ffa26fc9b17c36,23,0,0.0
d7ad1a5f3ab7d6237f8e,0,0,0.0
d7ad1a5f3ab7d6237f8e,1,3,1.1
d7ad1a5f3ab7d6237f8e,2,26,9.52
d7ad1a5f3ab7d6237f8e,3,29,10.62
d7ad1a5f3ab7d6237f8e,4,16,5.86
d7ad1a5f3ab7d6237f8e,5,17,6.23
d7ad1a5f3ab7d6237f8e,6,32,11.72
d7ad1a5f3ab7d6237f8e,7,8,2.93
d7ad1a5f3ab7d6237f8e,8,12,4.4
d7ad1a5f3ab7d6237f8e,9,10,3.66
d7ad1a5f3ab7d6237f8e,10,23,8.42
d7ad1a5f3ab7d6237f8e,11,15,5.49
d7ad1a5f3ab7d6237f8e,12,23,8.42
d7ad1a5f3ab7d6237f8e,13,8,2.93
d7ad1a5f3ab7d6237f8e,14,26,9.52
d7ad1a5f3ab7d6237f8e,15,23,8.42
d7ad1a5f3ab7d6237f8e,16,2,0.73
d7ad1a5f3ab7d6237f8e,17,0,0.0
d7ad1a5f3ab7d6237f8e,18,0,0.0
d7ad1a5f3ab7d6237f8e,19,0,0.0
d7ad1a5f3ab7d6237f8e,20,0,0.0
d7ad1a5f3ab7d6237f8e,21,0,0.0
d7ad1a5f3ab7d6237f8e,22,0,0.0
d7ad1a5f3ab7d6237f8e,23,0,0.0
e4d6737b176e6ca5ef06,0,19,12.34
e4d6737b176e6ca5ef06,1,15,9.74
e4d6737b176e6ca5ef06,2,0,0.0
e4d6737b176e6ca5ef06,3,1,0.65
e4d6737b176e6ca5ef06,4,26,16.88
e4d6737b176e6ca5ef06,5,12,7.79
e4d6737b176e6ca5ef06,6,2,1.3
e4d6737b176e6ca5ef06,7,0,0.0
e4d6737b176e6ca5ef06,8,0,0.0
e4d6737b176e6ca5ef06,9,0,0.0
e4d6737b176e6ca5ef06,10,0,0.0
e4d6737b176e6ca5ef06,11,5,3.25
e4d6737b176e6ca5ef06,12,15,9.74
e4d6737b176e6ca5ef06,13,18,11.69
e4d6737b176e6ca5ef06,14,23,14.94
e4d6737b176e6ca5ef06,15,15,9.74
e4d6737b176e6ca5ef06,16,3,1.95
e4d6737b176e6ca5ef06,17,0,0.0
e4d6737b176e6ca5ef06,18,0,0.0
e4d6737b176e6ca5ef06,19,0,0.0
e4d6737b176e6ca5ef06,20,0,0.0
e4d6737b176e6ca5ef06,21,0,0.0
e4d6737b176e6ca5ef06,22,0,0.0
e4d6737b176e6ca5ef06,23,0,0.0
5914db0d4427b322e8af,0,0,0.0
5914db0d4427b322e8af,1,0,0.0
5914db0d4427b322e8af,2,0,0.0
5914db0d4427b322e8af,3,0,0.0
5914db0d4427b322e8af,4,0,0.0
5914db0d4427b322e8af,5,0,0.0
5914db0d4427b322e8af,6,0,0.0
5914db0d4427b322e8af,7,0,0.0
5914db0d4427b322e8af,8,0,0.0
5914db0d4427b322e8af,9,0,0.0
5914db0d4427b322e8af,10,3,5.08
5914db0d4427b322e8af,11,20,33.9
5914db0d4427b322e8af,12,32,54.24
5914db0d4427b322e8af,13,1,1.69
5914db0d4427b322e8af,14,3,5.08
5914db0d4427b322e8af,15,0,0.0
5914db0d4427b322e8af,16,0,0.0
5914db0d4427b322e8af,17,0,0.0
5914db0d4427b322e8af,18,0,0.0
5914db0d4427b322e8af,19,0,0.0
5914db0d4427b322e8af,20,0,0.0
5914db0d4427b322e8af,21,0,0.0
5914db0d4427b322e8af,22,0,0.0
5914db0d4427b322e8af,23,0,0.0
6314d7cbc465e29f357c,0,6,6.38
6314d7cbc465e29f357c,1,8,8.51
6314d7cbc465e29f357c,2,0,0.0
6314d7cbc465e29f357c,3,0,0.0
6314d7cbc465e29f357c,4,8,8.51
6314d7cbc465e29f357c,5,1,1.06
6314d7cbc465e29f357c,6,0,0.0
6314d7cbc465e29f357c,7,20,21.28
6314d7cbc465e29f357c,8,14,14.89
6314d7cbc465e29f357c,9,0,0.0
6314d7cbc465e29f357c,10,17,18.09
6314d7cbc465e29f357c,11,3,3.19
6314d7cbc465e29f357c,12,3,3.19
6314d7cbc465e29f357c,13,2,2.13
6314d7cbc465e29f357c,14,9,9.57
6314d7cbc465e29f357c,15,2,2.13
6314d7cbc465e29f357c,16,0,0.0
6314d7cbc465e29f357c,17,0,0.0
6314d7cbc465e29f357c,18,0,0.0
6314d7cbc465e29f357c,19,0,0.0
6314d7cbc465e29f357c,20,0,0.0
6314d7cbc465e29f357c,21,0,0.0
6314d7cbc465e29f357c,22,0,0.0
6314d7cbc465e29f357c,23,1,1.06
d2cb0d0da17471ee23a9,0,1,0.66
d2cb0d0da17471ee23a9,1,6,3.95
d2cb0d0da17471ee23a9,2,7,4.61
d2cb0d0da17471ee23a9,3,0,0.0
d2cb0d0da17471ee23a9,4,0,0.0
d2cb0d0da17471ee23a9,5,0,0.0
d2cb0d0da17471ee23a9,6,0,0.0
d2cb0d0da17471ee23a9,7,0,0.0
d2cb0d0da17471ee23a9,8,33,21.71
d2cb0d0da17471ee23a9,9,8,5.26
d2cb0d0da17471ee23a9,10,9,5.92
d2cb0d0da17471ee23a9,11,11,7.24
d2cb0d0da17471ee23a9,12,17,11.18
d2cb0d0da17471ee23a9,13,22,14.47
d2cb0d0da17471ee23a9,14,35,23.03
d2cb0d0da17471ee23a9,15,3,1.97
d2cb0d0da17471ee23a9,16,0,0.0
d2cb0d0da17471ee23a9,17,0,0.0
d2cb0d0da17471ee23a9,18,0,0.0
d2cb0d0da17471ee23a9,19,0,0.0
d2cb0d0da17471ee23a9,20,0,0.0
d2cb0d0da17471ee23a9,21,0,0.0
d2cb0d0da17471ee23a9,22,0,0.0
d2cb0d0da17471ee23a9,23,0,0.0
75dcc10ba89fd0c25d50,0,0,0.0
75dcc10ba89fd0c25d50,1,2,1.26
75dcc10ba89fd0c25d50,2,2,1.26
75dcc10ba89fd0c25d50,3,0,0.0
75dcc10ba89fd0c25d50,4,22,13.84
75dcc10ba89fd0c25d50,5,3,1.89
75dcc10ba89fd0c25d50,6,19,11.95
75dcc10ba89fd0c25d50,7,3,1.89
75dcc10ba89fd0c25d50,8,5,3.14
75dcc10ba89fd0c25d50,9,10,6.29
75dcc10ba89fd0c25d50,10,2,1.26
75dcc10ba89fd0c25d50,11,18,11.32
75dcc10ba89fd0c25d50,12,19,11.95
75dcc10ba89fd0c25d50,13,5,3.14
75dcc10ba89fd0c25d50,14,6,3.77
75dcc10ba89fd0c25d50,15,21,13.21
75dcc10ba89fd0c25d50,16,4,2.52
75dcc10ba89fd0c25d50,17,3,1.89
75dcc10ba89fd0c25d50,18,7,4.4
75dcc10ba89fd0c25d50,19,4,2.52
75dcc10ba89fd0c25d50,20,4,2.52
75dcc10ba89fd0c25d50,21,0,0.0
75dcc10ba89fd0c25d50,22,0,0.0
75dcc10ba89fd0c25d50,23,0,0.0
98be3476791a8df7e937,0,4,1.83
98be3476791a8df7e937,1,2,0.92
98be3476791a8df7e937,2,28,12.84
98be3476791a8df7e937,3,11,5.05
98be3476791a8df7e937,4,31,14.22
98be3476791a8df7e937,5,17,7.8
98be3476791a8df7e937,6,0,0.0
98be3476791a8df7e937,7,2,0.92
98be3476791a8df7e937,8,1,0.46
98be3476791a8df7e937,9,0,0.0
98be3476791a8df7e937,10,24,11.01
98be3476791a8df7e937,11,8,3.67
98be3476791a8df7e937,12,9,4.13
98be3476791a8df7e937,13,35,16.06
98be3476791a8df7e937,14,12,5.5
98be3476791a8df7e937,15,6,2.75
98be3476791a8df7e937,16,13,5.96
98be3476791a8df7e937,17,0,0.0
98be3476791a8df7e937,18,0,0.0
98be3476791a8df7e937,19,0,0.0
98be3476791a8df7e937,20,0,0.0
98be3476791a8df7e937,21,0,0.0
98be3476791a8df7e937,22,2,0.92
98be3476791a8df7e937,23,13,5.96
29172d2e39ca0d890848,0,3,3.45
29172d2e39ca0d890848,1,0,0.0
29172d2e39ca0d890848,2,1,1.15
29172d2e39ca0d890848,3,1,1.15
29172d2e39ca0d890848,4,0,0.0
29172d2e39ca0d890848,5,0,0.0
29172d2e39ca0d890848,6,4,4.6
29172d2e39ca0d890848,7,14,16.09
29172d2e39ca0d890848,8,20,22.99
29172d2e39ca0d890848,9,4,4.6
29172d2e39ca0d890848,10,3,3.45
29172d2e39ca0d890848,11,2,2.3
29172d2e39ca0d890848,12,18,20.69
29172d2e39ca0d890848,13,10,11.49
29172d2e39ca0d890848,14,1,1.15
29172d2e39ca0d890848,15,6,6.9
29172d2e39ca0d890848,16,0,0.0
29172d2e39ca0d890848,17,0,0.0
29172d2e39ca0d890848,18,0,0.0
29172d2e39ca0d890848,19,0,0.0
29172d2e39ca0d890848,20,0,0.0
29172d2e39ca0d890848,21,0,0.0
29172d2e39ca0d890848,22,0,0.0
29172d2e39ca0d890848,23,0,0.0
b083663157e08e36d335,0,0,0.0
b083663157e08e36d335,1,0,0.0
b083663157e08e36d335,2,1,1.89
b083663157e08e36d335,3,0,0.0
b083663157e08e36d335,4,1,1.89
b083663157e08e36d335,5,0,0.0
b083663157e08e36d335,6,4,7.55
b083663157e08e36d335,7,3,5.66
b083663157e08e36d335,8,0,0.0
b083663157e08e36d335,9,0,0.0
b083663157e08e36d335,10,8,15.09
b083663157e08e36d335,11,21,39.62
b083663157e08e36d335,12,5,9.43
b083663157e08e36d335,13,9,16.98
b083663157e08e36d335,14,0,0.0
b083663157e08e36d335,15,1,1.89
b083663157e08e36d335,16,0,0.0
b083663157e08e36d335,17,0,0.0
b083663157e08e36d335,18,0,0.0
b083663157e08e36d335,19,0,0.0
b083663157e08e36d335,20,0,0.0
b083663157e08e36d335,21,0,0.0
b083663157e08e36d335,22,0,0.0
b083663157e08e36d335,23,0,0.0
48ad93c227abfa9542aa,0,0,0.0
48ad93c227abfa9542aa,1,0,0.0
48ad93c227abfa9542aa,2,11,7.75
48ad93c227abfa9542aa,3,0,0.0
48ad93c227abfa9542aa,4,0,0.0
48ad93c227abfa9542aa,5,0,0.0
48ad93c227abfa9542aa,6,0,0.0
48ad93c227abfa9542aa,7,0,0.0
48ad93c227abfa9542aa,8,0,0.0
48ad93c227abfa9542aa,9,2,1.41
48ad93c227abfa9542aa,10,89,62.68
48ad93c227abfa9542aa,11,28,19.72
48ad93c227abfa9542aa,12,12,8.45
48ad93c227abfa9542aa,13,0,0.0
48ad93c227abfa9542aa,14,0,0.0
48ad93c227abfa9542aa,15,0,0.0
48ad93c227abfa9542aa,16,0,0.0
48ad93c227abfa9542aa,17,0,0.0
48ad93c227abfa9542aa,18,0,0.0
48ad93c227abfa9542aa,19,0,0.0
48ad93c227abfa9542aa,20,0,0.0
48ad93c227abfa9542aa,21,0,0.0
48ad93c227abfa9542aa,22,0,0.0
48ad93c227abfa9542aa,23,0,0.0
3ab864e1e692786fefd2,0,0,0.0
3ab864e1e692786fefd2,1,3,3.33
3ab864e1e692786fefd2,2,0,0.0
3ab864e1e692786fefd2,3,0,0.0
3ab864e1e692786fefd2,4,0,0.0
3ab864e1e692786fefd2,5,6,6.67
3ab864e1e692786fefd2,6,1,1.11
3ab864e1e692786fefd2,7,3,3.33
3ab864e1e692786fefd2,8,7,7.78
3ab864e1e692786fefd2,9,0,0.0
3ab864e1e692786fefd2,10,21,23.33
3ab864e1e692786fefd2,11,26,28.89
3ab864e1e692786fefd2,12,21,23.33
3ab864e1e692786fefd2,13,1,1.11
3ab864e1e692786fefd2,14,1,1.11
3ab864e1e692786fefd2,15,0,0.0
3ab864e1e692786fefd2,16,0,0.0
3ab864e1e692786fefd2,17,0,0.0
3ab864e1e692786fefd2,18,0,0.0
3ab864e1e692786fefd2,19,0,0.0
3ab864e1e692786fefd2,20,0,0.0
3ab864e1e692786fefd2,21,0,0.0
3ab864e1e692786fefd2,22,0,0.0
3ab864e1e692786fefd2,23,0,0.0
3b6f3bb370f3107e257d,0,0,0.0
3b6f3bb370f3107e257d,1,0,0.0
3b6f3bb370f3107e257d,2,7,14.0
3b6f3bb370f3107e257d,3,0,0.0
3b6f3bb370f3107e257d,4,0,0.0
3b6f3bb370f3107e257d,5,12,24.0
3b6f3bb370f3107e257d,6,10,20.0
3b6f3bb370f3107e257d,7,1,2.0
3b6f3bb370f3107e257d,8,7,14.0
3b6f3bb370f3107e257d,9,8,16.0
3b6f3bb370f3107e257d,10,5,10.0
3b6f3bb370f3107e257d,11,0,0.0
3b6f3bb370f3107e257d,12,0,0.0
3b6f3bb370f3107e257d,13,0,0.0
3b6f3bb370f3107e257d,14,0,0.0
3b6f3bb370f3107e257d,15,0,0.0
3b6f3bb370f3107e257d,16,0,0.0
3b6f3bb370f3107e257d,17,0,0.0
3b6f3bb370f3107e257d,18,0,0.0
3b6f3bb370f3107e257d,19,0,0.0
3b6f3bb370f3107e257d,20,0,0.0
3b6f3bb370f3107e257d,21,0,0.0
3b6f3bb370f3107e257d,22,0,0.0
3b6f3bb370f3107e257d,23,0,0.0
a12c27630a75f6a4a64a,0,0,0.0
a12c27630a75f6a4a64a,1,0,0.0
a12c27630a75f6a4a64a,2,0,0.0
a12c27630a75f6a4a64a,3,0,0.0
a12c27630a75f6a4a64a,4,0,0.0
a12c27630a75f6a4a64a,5,3,1.82
a12c27630a75f6a4a64a,6,0,0.0
a12c27630a75f6a4a64a,7,13,7.88
a12c27630a75f6a4a64a,8,21,12.73
a12c27630a75f6a4a64a,9,22,13.33
a12c27630a75f6a4a64a,10,24,14.55
a12c27630a75f6a4a64a,11,21,12.73
a12c27630a75f6a4a64a,12,6,3.64
a12c27630a75f6a4a64a,13,24,14.55
a12c27630a75f6a4a64a,14,17,10.3
a12c27630a75f6a4a64a,15,14,8.48
a12c27630a75f6a4a64a,16,0,0.0
a12c27630a75f6a4a64a,17,0,0.0
a12c27630a75f6a4a64a,18,0,0.0
a12c27630a75f6a4a64a,19,0,0.0
a12c27630a75f6a4a64a,20,0,0.0
a12c27630a75f6a4a64a,21,0,0.0
a12c27630a75f6a4a64a,22,0,0.0
a12c27630a75f6a4a64a,23,0,0.0
hq2dy5tjgczdmkvq0l2d,0,0,0.0
hq2dy5tjgczdmkvq0l2d,1,0,0.0
hq2dy5tjgczdmkvq0l2d,2,10,23.26
hq2dy5tjgczdmkvq0l2d,3,3,6.98
hq2dy5tjgczdmkvq0l2d,4,0,0.0
hq2dy5tjgczdmkvq0l2d,5,1,2.33
hq2dy5tjgczdmkvq0l2d,6,8,18.6
hq2dy5tjgczdmkvq0l2d,7,0,0.0
hq2dy5tjgczdmkvq0l2d,8,11,25.58
hq2dy5tjgczdmkvq0l2d,9,0,0.0
hq2dy5tjgczdmkvq0l2d,10,2,4.65
hq2dy5tjgczdmkvq0l2d,11,8,18.6
hq2dy5tjgczdmkvq0l2d,12,0,0.0
hq2dy5tjgczdmkvq0l2d,13,0,0.0
hq2dy5tjgczdmkvq0l2d,14,0,0.0
hq2dy5tjgczdmkvq0l2d,15,0,0.0
hq2dy5tjgczdmkvq0l2d,16,0,0.0
hq2dy5tjgczdmkvq0l2d,17,0,0.0
hq2dy5tjgczdmkvq0l2d,18,0,0.0
hq2dy5tjgczdmkvq0l2d,19,0,0.0
hq2dy5tjgczdmkvq0l2d,20,0,0.0
hq2dy5tjgczdmkvq0l2d,21,0,0.0
hq2dy5tjgczdmkvq0l2d,22,0,0.0
hq2dy5tjgczdmkvq0l2d,23,0,0.0
4a0890c15c26984c191f,0,0,0.0
4a0890c15c26984c191f,1,5,3.33
4a0890c15c26984c191f,2,4,2.67
4a0890c15c26984c191f,3,6,4.0
4a0890c15c26984c191f,4,1,0.67
4a0890c15c26984c191f,5,6,4.0
4a0890c15c26984c191f,6,0,0.0
4a0890c15c26984c191f,7,19,12.67
4a0890c15c26984c191f,8,7,4.67
4a0890c15c26984c191f,9,6,4.0
4a0890c15c26984c191f,10,5,3.33
4a0890c15c26984c191f,11,22,14.67
4a0890c15c26984c191f,12,26,17.33
4a0890c15c26984c191f,13,41,27.33
4a0890c15c26984c191f,14,1,0.67
4a0890c15c26984c191f,15,0,0.0
4a0890c15c26984c191f,16,1,0.67
4a0890c15c26984c191f,17,0,0.0
4a0890c15c26984c191f,18,0,0.0
4a0890c15c26984c191f,19,0,0.0
4a0890c15c26984c191f,20,0,0.0
4a0890c15c26984c191f,21,0,0.0
4a0890c15c26984c191f,22,0,0.0
4a0890c15c26984c191f,23,0,0.0
a0b36e07079573966740,0,0,0.0
a0b36e07079573966740,1,0,0.0
a0b36e07079573966740,2,0,0.0
a0b36e07079573966740,3,0,0.0
a0b36e07079573966740,4,0,0.0
a0b36e07079573966740,5,0,0.0
a0b36e07079573966740,6,0,0.0
a0b36e07079573966740,7,0,0.0
a0b36e07079573966740,8,4,8.0
a0b36e07079573966740,9,13,26.0
a0b36e07079573966740,10,0,0.0
a0b36e07079573966740,11,4,8.0
a0b36e07079573966740,12,0,0.0
a0b36e07079573966740,13,0,0.0
a0b36e07079573966740,14,13,26.0
a0b36e07079573966740,15,16,32.0
a0b36e07079573966740,16,0,0.0
a0b36e07079573966740,17,0,0.0
a0b36e07079573966740,18,0,0.0
a0b36e07079573966740,19,0,0.0
a0b36e07079573966740,20,0,0.0
a0b36e07079573966740,21,0,0.0
a0b36e07079573966740,22,0,0.0
a0b36e07079573966740,23,0,0.0
852687af72e9ee38fb42,0,2,4.08
852687af72e9ee38fb42,1,1,2.04
852687af72e9ee38fb42,2,4,8.16
852687af72e9ee38fb42,3,0,0.0
852687af72e9ee38fb42,4,2,4.08
852687af72e9ee38fb42,5,1,2.04
852687af72e9ee38fb42,6,0,0.0
852687af72e9ee38fb42,7,0,0.0
852687af72e9ee38fb42,8,1,2.04
852687af72e9ee38fb42,9,0,0.0
852687af72e9ee38fb42,10,7,14.29
852687af72e9ee38fb42,11,2,4.08
852687af72e9ee38fb42,12,1,2.04
852687af72e9ee38fb42,13,1,2.04
852687af72e9ee38fb42,14,1,2.04
852687af72e9ee38fb42,15,15,30.61
852687af72e9ee38fb42,16,7,14.29
852687af72e9ee38fb42,17,4,8.16
852687af72e9ee38fb42,18,0,0.0
852687af72e9ee38fb42,19,0,0.0
852687af72e9ee38fb42,20,0,0.0
852687af72e9ee38fb42,21,0,0.0
852687af72e9ee38fb42,22,0,0.0
852687af72e9ee38fb42,23,0,0.0
9723ceb0cf2dca42c118,0,0,0.0
9723ceb0cf2dca42c118,1,5,3.11
9723ceb0cf2dca42c118,2,0,0.0
9723ceb0cf2dca42c118,3,0,0.0
9723ceb0cf2dca42c118,4,3,1.86
9723ceb0cf2dca42c118,5,23,14.29
9723ceb0cf2dca42c118,6,32,19.88
9723ceb0cf2dca42c118,7,0,0.0
9723ceb0cf2dca42c118,8,16,9.94
9723ceb0cf2dca42c118,9,1,0.62
9723ceb0cf2dca42c118,10,2,1.24
9723ceb0cf2dca42c118,11,20,12.42
9723ceb0cf2dca42c118,12,8,4.97
9723ceb0cf2dca42c118,13,14,8.7
9723ceb0cf2dca42c118,14,30,18.63
9723ceb0cf2dca42c118,15,3,1.86
9723ceb0cf2dca42c118,16,0,0.0
9723ceb0cf2dca42c118,17,0,0.0
9723ceb0cf2dca42c118,18,0,0.0
9723ceb0cf2dca42c118,19,0,0.0
9723ceb0cf2dca42c118,20,0,0.0
9723ceb0cf2dca42c118,21,0,0.0
9723ceb0cf2dca42c118,22,3,1.86
9723ceb0cf2dca42c118,23,1,0.62
bd657014cfd3fe7a8fe2,0,1,1.18
bd657014cfd3fe7a8fe2,1,2,2.35
bd657014cfd3fe7a8fe2,2,1,1.18
bd657014cfd3fe7a8fe2,3,1,1.18
bd657014cfd3fe7a8fe2,4,8,9.41
bd657014cfd3fe7a8fe2,5,1,1.18
bd657014cfd3fe7a8fe2,6,0,0.0
bd657014cfd3fe7a8fe2,7,0,0.0
bd657014cfd3fe7a8fe2,8,9,10.59
bd657014cfd3fe7a8fe2,9,1,1.18
bd657014cfd3fe7a8fe2,10,3,3.53
bd657014cfd3fe7a8fe2,11,10,11.76
bd657014cfd3fe7a8fe2,12,15,17.65
bd657014cfd3fe7a8fe2,13,12,14.12
bd657014cfd3fe7a8fe2,14,12,14.12
bd657014cfd3fe7a8fe2,15,2,2.35
bd657014cfd3fe7a8fe2,16,0,0.0
bd657014cfd3fe7a8fe2,17,0,0.0
bd657014cfd3fe7a8fe2,18,0,0.0
bd657014cfd3fe7a8fe2,19,0,0.0
bd657014cfd3fe7a8fe2,20,0,0.0
bd657014cfd3fe7a8fe2,21,0,0.0
bd657014cfd3fe7a8fe2,22,0,0.0
bd657014cfd3fe7a8fe2,23,7,8.24
2xk6toebmkxdw8f2bypd,0,3,4.55
2xk6toebmkxdw8f2bypd,1,5,7.58
2xk6toebmkxdw8f2bypd,2,2,3.03
2xk6toebmkxdw8f2bypd,3,0,0.0
2xk6toebmkxdw8f2bypd,4,0,0.0
2xk6toebmkxdw8f2bypd,5,7,10.61
2xk6toebmkxdw8f2bypd,6,18,27.27
2xk6toebmkxdw8f2bypd,7,0,0.0
2xk6toebmkxdw8f2bypd,8,18,27.27
2xk6toebmkxdw8f2bypd,9,6,9.09
2xk6toebmkxdw8f2bypd,10,7,10.61
2xk6toebmkxdw8f2bypd,11,0,0.0
2xk6toebmkxdw8f2bypd,12,0,0.0
2xk6toebmkxdw8f2bypd,13,0,0.0
2xk6toebmkxdw8f2bypd,14,0,0.0
2xk6toebmkxdw8f2bypd,15,0,0.0
2xk6toebmkxdw8f2bypd,16,0,0.0
2xk6toebmkxdw8f2bypd,17,0,0.0
2xk6toebmkxdw8f2bypd,18,0,0.0
2xk6toebmkxdw8f2bypd,19,0,0.0
2xk6toebmkxdw8f2bypd,20,0,0.0
2xk6toebmkxdw8f2bypd,21,0,0.0
2xk6toebmkxdw8f2bypd,22,0,0.0
2xk6toebmkxdw8f2bypd,23,0,0.0
02068067a434adb6556a,0,3,75.0
02068067a434adb6556a,1,1,25.0
02068067a434adb6556a,2,0,0.0
02068067a434adb6556a,3,0,0.0
02068067a434adb6556a,4,0,0.0
02068067a434adb6556a,5,0,0.0
02068067a434adb6556a,6,0,0.0
02068067a434adb6556a,7,0,0.0
02068067a434adb6556a,8,0,0.0
02068067a434adb6556a,9,0,0.0
02068067a434adb6556a,10,0,0.0
02068067a434adb6556a,11,0,0.0
02068067a434adb6556a,12,0,0.0
02068067a434adb6556a,13,0,0.0
02068067a434adb6556a,14,0,0.0
02068067a434adb6556a,15,0,0.0
02068067a434adb6556a,16,0,0.0
02068067a434adb6556a,17,0,0.0
02068067a434adb6556a,18,0,0.0
02068067a434adb6556a,19,0,0.0
02068067a434adb6556a,20,0,0.0
02068067a434adb6556a,21,0,0.0
02068067a434adb6556a,22,0,0.0
02068067a434adb6556a,23,0,0.0
3531c5f9d520759ba697,0,30,17.24
3531c5f9d520759ba697,1,25,14.37
3531c5f9d520759ba697,2,0,0.0
3531c5f9d520759ba697,3,3,1.72
3531c5f9d520759ba697,4,23,13.22
3531c5f9d520759ba697,5,30,17.24
3531c5f9d520759ba697,6,1,0.57
3531c5f9d520759ba697,7,10,5.75
3531c5f9d520759ba697,8,11,6.32
3531c5f9d520759ba697,9,2,1.15
3531c5f9d520759ba697,10,1,0.57
3531c5f9d520759ba697,11,3,1.72
3531c5f9d520759ba697,12,1,0.57
3531c5f9d520759ba697,13,2,1.15
3531c5f9d520759ba697,14,9,5.17
3531c5f9d520759ba697,15,15,8.62
3531c5f9d520759ba697,16,0,0.0
3531c5f9d520759ba697,17,0,0.0
3531c5f9d520759ba697,18,0,0.0
3531c5f9d520759ba697,19,0,0.0
3531c5f9d520759ba697,20,0,0.0
3531c5f9d520759ba697,21,0,0.0
3531c5f9d520759ba697,22,0,0.0
3531c5f9d520759ba697,23,8,4.6
037a76bc8e6bf5fe1fc0,0,0,0.0
037a76bc8e6bf5fe1fc0,1,0,0.0
037a76bc8e6bf5fe1fc0,2,2,5.13
037a76bc8e6bf5fe1fc0,3,2,5.13
037a76bc8e6bf5fe1fc0,4,0,0.0
037a76bc8e6bf5fe1fc0,5,0,0.0
037a76bc8e6bf5fe1fc0,6,0,0.0
037a76bc8e6bf5fe1fc0,7,0,0.0
037a76bc8e6bf5fe1fc0,8,0,0.0
037a76bc8e6bf5fe1fc0,9,10,25.64
037a76bc8e6bf5fe1fc0,10,8,20.51
037a76bc8e6bf5fe1fc0,11,9,23.08
037a76bc8e6bf5fe1fc0,12,6,15.38
037a76bc8e6bf5fe1fc0,13,2,5.13
037a76bc8e6bf5fe1fc0,14,0,0.0
037a76bc8e6bf5fe1fc0,15,0,0.0
037a76bc8e6bf5fe1fc0,16,0,0.0
037a76bc8e6bf5fe1fc0,17,0,0.0
037a76bc8e6bf5fe1fc0,18,0,0.0
037a76bc8e6bf5fe1fc0,19,0,0.0
037a76bc8e6bf5fe1fc0,20,0,0.0
037a76bc8e6bf5fe1fc0,21,0,0.0
037a76bc8e6bf5fe1fc0,22,0,0.0
037a76bc8e6bf5fe1fc0,23,0,0.0
c08165d73ae49215c391,0,0,0.0
c08165d73ae49215c391,1,0,0.0
c08165d73ae49215c391,2,0,0.0
c08165d73ae49215c391,3,1,0.69
c08165d73ae49215c391,4,7,4.83
c08165d73ae49215c391,5,1,0.69
c08165d73ae49215c391,6,2,1.38
c08165d73ae49215c391,7,30,20.69
c08165d73ae49215c391,8,37,25.52
c08165d73ae49215c391,9,8,5.52
c08165d73ae49215c391,10,16,11.03
c08165d73ae49215c391,11,19,13.1
c08165d73ae49215c391,12,24,16.55
c08165d73ae49215c391,13,0,0.0
c08165d73ae49215c391,14,0,0.0
c08165d73ae49215c391,15,0,0.0
c08165d73ae49215c391,16,0,0.0
c08165d73ae49215c391,17,0,0.0
c08165d73ae49215c391,18,0,0.0
c08165d73ae49215c391,19,0,0.0
c08165d73ae49215c391,20,0,0.0
c08165d73ae49215c391,21,0,0.0
c08165d73ae49215c391,22,0,0.0
c08165d73ae49215c391,23,0,0.0
84146496b8d6256d6982,0,0,0.0
84146496b8d6256d6982,1,0,0.0
84146496b8d6256d6982,2,0,0.0
84146496b8d6256d6982,3,0,0.0
84146496b8d6256d6982,4,4,8.33
84146496b8d6256d6982,5,1,2.08
84146496b8d6256d6982,6,2,4.17
84146496b8d6256d6982,7,0,0.0
84146496b8d6256d6982,8,3,6.25
84146496b8d6256d6982,9,1,2.08
84146496b8d6256d6982,10,2,4.17
84146496b8d6256d6982,11,0,0.0
84146496b8d6256d6982,12,3,6.25
84146496b8d6256d6982,13,27,56.25
84146496b8d6256d6982,14,2,4.17
84146496b8d6256d6982,15,3,6.25
84146496b8d6256d6982,16,0,0.0
84146496b8d6256d6982,17,0,0.0
84146496b8d6256d6982,18,0,0.0
84146496b8d6256d6982,19,0,0.0
84146496b8d6256d6982,20,0,0.0
84146496b8d6256d6982,21,0,0.0
84146496b8d6256d6982,22,0,0.0
84146496b8d6256d6982,23,0,0.0
5be7405ad4ae9d9a2853,0,0,0.0
5be7405ad4ae9d9a2853,1,0,0.0
5be7405ad4ae9d9a2853,2,0,0.0
5be7405ad4ae9d9a2853,3,0,0.0
5be7405ad4ae9d9a2853,4,0,0.0
5be7405ad4ae9d9a2853,5,4,2.74
5be7405ad4ae9d9a2853,6,17,11.64
5be7405ad4ae9d9a2853,7,1,0.68
5be7405ad4ae9d9a2853,8,29,19.86
5be7405ad4ae9d9a2853,9,4,2.74
5be7405ad4ae9d9a2853,10,29,19.86
5be7405ad4ae9d9a2853,11,44,30.14
5be7405ad4ae9d9a2853,12,2,1.37
5be7405ad4ae9d9a2853,13,12,8.22
5be7405ad4ae9d9a2853,14,4,2.74
5be7405ad4ae9d9a2853,15,0,0.0
5be7405ad4ae9d9a2853,16,0,0.0
5be7405ad4ae9d9a2853,17,0,0.0
5be7405ad4ae9d9a2853,18,0,0.0
5be7405ad4ae9d9a2853,19,0,0.0
5be7405ad4ae9d9a2853,20,0,0.0
5be7405ad4ae9d9a2853,21,0,0.0
5be7405ad4ae9d9a2853,22,0,0.0
5be7405ad4ae9d9a2853,23,0,0.0
avehb7ibwpvjcgcr474k,0,0,0.0
avehb7ibwpvjcgcr474k,1,0,0.0
avehb7ibwpvjcgcr474k,2,0,0.0
avehb7ibwpvjcgcr474k,3,0,0.0
avehb7ibwpvjcgcr474k,4,9,13.04
avehb7ibwpvjcgcr474k,5,0,0.0
avehb7ibwpvjcgcr474k,6,17,24.64
avehb7ibwpvjcgcr474k,7,8,11.59
avehb7ibwpvjcgcr474k,8,1,1.45
avehb7ibwpvjcgcr474k,9,0,0.0
avehb7ibwpvjcgcr474k,10,1,1.45
avehb7ibwpvjcgcr474k,11,8,11.59
avehb7ibwpvjcgcr474k,12,3,4.35
avehb7ibwpvjcgcr474k,13,3,4.35
avehb7ibwpvjcgcr474k,14,8,11.59
avehb7ibwpvjcgcr474k,15,2,2.9
avehb7ibwpvjcgcr474k,16,2,2.9
avehb7ibwpvjcgcr474k,17,7,10.14
avehb7ibwpvjcgcr474k,18,0,0.0
avehb7ibwpvjcgcr474k,19,0,0.0
avehb7ibwpvjcgcr474k,20,0,0.0
avehb7ibwpvjcgcr474k,21,0,0.0
avehb7ibwpvjcgcr474k,22,0,0.0
avehb7ibwpvjcgcr474k,23,0,0.0
sfmngecoi3b7ahvhi2k6,0,0,0.0
sfmngecoi3b7ahvhi2k6,1,0,0.0
sfmngecoi3b7ahvhi2k6,2,0,0.0
sfmngecoi3b7ahvhi2k6,3,0,0.0
sfmngecoi3b7ahvhi2k6,4,0,0.0
sfmngecoi3b7ahvhi2k6,5,0,0.0
sfmngecoi3b7ahvhi2k6,6,12,14.29
sfmngecoi3b7ahvhi2k6,7,6,7.14
sfmngecoi3b7ahvhi2k6,8,16,19.05
sfmngecoi3b7ahvhi2k6,9,20,23.81
sfmngecoi3b7ahvhi2k6,10,8,9.52
sfmngecoi3b7ahvhi2k6,11,18,21.43
sfmngecoi3b7ahvhi2k6,12,3,3.57
sfmngecoi3b7ahvhi2k6,13,1,1.19
sfmngecoi3b7ahvhi2k6,14,0,0.0
sfmngecoi3b7ahvhi2k6,15,0,0.0
sfmngecoi3b7ahvhi2k6,16,0,0.0
sfmngecoi3b7ahvhi2k6,17,0,0.0
sfmngecoi3b7ahvhi2k6,18,0,0.0
sfmngecoi3b7ahvhi2k6,19,0,0.0
sfmngecoi3b7ahvhi2k6,20,0,0.0
sfmngecoi3b7ahvhi2k6,21,0,0.0
sfmngecoi3b7ahvhi2k6,22,0,0.0
sfmngecoi3b7ahvhi2k6,23,0,0.0
1f4oscu6io8xlog2157e,0,0,0.0
1f4oscu6io8xlog2157e,1,4,3.96
1f4oscu6io8xlog2157e,2,3,2.97
1f4oscu6io8xlog2157e,3,2,1.98
1f4oscu6io8xlog2157e,4,1,0.99
1f4oscu6io8xlog2157e,5,3,2.97
1f4oscu6io8xlog2157e,6,4,3.96
1f4oscu6io8xlog2157e,7,5,4.95
1f4oscu6io8xlog2157e,8,9,8.91
1f4oscu6io8xlog2157e,9,1,0.99
1f4oscu6io8xlog2157e,10,10,9.9
1f4oscu6io8xlog2157e,11,12,11.88
1f4oscu6io8xlog2157e,12,10,9.9
1f4oscu6io8xlog2157e,13,12,11.88
1f4oscu6io8xlog2157e,14,15,14.85
1f4oscu6io8xlog2157e,15,5,4.95
1f4oscu6io8xlog2157e,16,1,0.99
1f4oscu6io8xlog2157e,17,2,1.98
1f4oscu6io8xlog2157e,18,0,0.0
1f4oscu6io8xlog2157e,19,0,0.0
1f4oscu6io8xlog2157e,20,0,0.0
1f4oscu6io8xlog2157e,21,0,0.0
1f4oscu6io8xlog2157e,22,0,0.0
1f4oscu6io8xlog2157e,23,2,1.98
gj009a2t56bxjluh0mox,0,3,2.29
gj009a2t56bxjluh0mox,1,1,0.76
gj009a2t56bxjluh0mox,2,7,5.34
gj009a2t56bxjluh0mox,3,5,3.82
gj009a2t56bxjluh0mox,4,5,3.82
gj009a2t56bxjluh0mox,5,6,4.58
gj009a2t56bxjluh0mox,6,7,5.34
gj009a2t56bxjluh0mox,7,4,3.05
gj009a2t56bxjluh0mox,8,11,8.4
gj009a2t56bxjluh0mox,9,6,4.58
gj009a2t56bxjluh0mox,10,15,11.45
gj009a2t56bxjluh0mox,11,11,8.4
gj009a2t56bxjluh0mox,12,15,11.45
gj009a2t56bxjluh0mox,13,11,8.4
gj009a2t56bxjluh0mox,14,12,9.16
gj009a2t56bxjluh0mox,15,9,6.87
gj009a2t56bxjluh0mox,16,3,2.29
gj009a2t56bxjluh0mox,17,0,0.0
gj009a2t56bxjluh0mox,18,0,0.0
gj009a2t56bxjluh0mox,19,0,0.0
gj009a2t56bxjluh0mox,20,0,0.0
gj009a2t56bxjluh0mox,21,0,0.0
gj009a2t56bxjluh0mox,22,0,0.0
gj009a2t56bxjluh0mox,23,0,0.0
ov1tvylbnny48ojayssl,0,3,2.78
ov1tvylbnny48ojayssl,1,0,0.0
ov1tvylbnny48ojayssl,2,3,2.78
ov1tvylbnny48ojayssl,3,7,6.48
ov1tvylbnny48ojayssl,4,7,6.48
ov1tvylbnny48ojayssl,5,3,2.78
ov1tvylbnny48ojayssl,6,5,4.63
ov1tvylbnny48ojayssl,7,4,3.7
ov1tvylbnny48ojayssl,8,9,8.33
ov1tvylbnny48ojayssl,9,7,6.48
ov1tvylbnny48ojayssl,10,4,3.7
ov1tvylbnny48ojayssl,11,6,5.56
ov1tvylbnny48ojayssl,12,15,13.89
ov1tvylbnny48ojayssl,13,4,3.7
ov1tvylbnny48ojayssl,14,15,13.89
ov1tvylbnny48ojayssl,15,9,8.33
ov1tvylbnny48ojayssl,16,4,3.7
ov1tvylbnny48ojayssl,17,0,0.0
ov1tvylbnny48ojayssl,18,0,0.0
ov1tvylbnny48ojayssl,19,0,0.0
ov1tvylbnny48ojayssl,20,0,0.0
ov1tvylbnny48ojayssl,21,0,0.0
ov1tvylbnny48ojayssl,22,0,0.0
ov1tvylbnny48ojayssl,23,3,2.78
qw19zri3d9vkqjhcn3xk,0,0,0.0
qw19zri3d9vkqjhcn3xk,1,3,3.9
qw19zri3d9vkqjhcn3xk,2,5,6.49
qw19zri3d9vkqjhcn3xk,3,3,3.9
qw19zri3d9vkqjhcn3xk,4,2,2.6
qw19zri3d9vkqjhcn3xk,5,3,3.9
qw19zri3d9vkqjhcn3xk,6,1,1.3
qw19zri3d9vkqjhcn3xk,7,2,2.6
qw19zri3d9vkqjhcn3xk,8,9,11.69
qw19zri3d9vkqjhcn3xk,9,4,5.19
qw19zri3d9vkqjhcn3xk,10,9,11.69
qw19zri3d9vkqjhcn3xk,11,7,9.09
qw19zri3d9vkqjhcn3xk,12,11,14.29
qw19zri3d9vkqjhcn3xk,13,4,5.19
qw19zri3d9vkqjhcn3xk,14,7,9.09
qw19zri3d9vkqjhcn3xk,15,6,7.79
qw19zri3d9vkqjhcn3xk,16,0,0.0
qw19zri3d9vkqjhcn3xk,17,0,0.0
qw19zri3d9vkqjhcn3xk,18,0,0.0
qw19zri3d9vkqjhcn3xk,19,0,0.0
qw19zri3d9vkqjhcn3xk,20,0,0.0
qw19zri3d9vkqjhcn3xk,21,0,0.0
qw19zri3d9vkqjhcn3xk,22,0,0.0
qw19zri3d9vkqjhcn3xk,23,1,1.3
yesnbayr80dvsb8ajp9v,0,3,2.4
yesnbayr80dvsb8ajp9v,1,0,0.0
yesnbayr80dvsb8ajp9v,2,3,2.4
yesnbayr80dvsb8ajp9v,3,3,2.4
yesnbayr80dvsb8ajp9v,4,6,4.8
yesnbayr80dvsb8ajp9v,5,5,4.0
yesnbayr80dvsb8ajp9v,6,2,1.6
yesnbayr80dvsb8ajp9v,7,3,2.4
yesnbayr80dvsb8ajp9v,8,19,15.2
yesnbayr80dvsb8ajp9v,9,6,4.8
yesnbayr80dvsb8ajp9v,10,9,7.2
yesnbayr80dvsb8ajp9v,11,18,14.4
yesnbayr80dvsb8ajp9v,12,9,7.2
yesnbayr80dvsb8ajp9v,13,11,8.8
yesnbayr80dvsb8ajp9v,14,14,11.2
yesnbayr80dvsb8ajp9v,15,10,8.0
yesnbayr80dvsb8ajp9v,16,3,2.4
yesnbayr80dvsb8ajp9v,17,1,0.8
yesnbayr80dvsb8ajp9v,18,0,0.0
yesnbayr80dvsb8ajp9v,19,0,0.0
yesnbayr80dvsb8ajp9v,20,0,0.0
yesnbayr80dvsb8ajp9v,21,0,0.0
yesnbayr80dvsb8ajp9v,22,0,0.0
yesnbayr80dvsb8ajp9v,23,0,0.0
msko5bf6rjt9adsuxby9,0,2,1.75
msko5bf6rjt9adsuxby9,1,2,1.75
msko5bf6rjt9adsuxby9,2,1,0.88
msko5bf6rjt9adsuxby9,3,2,1.75
msko5bf6rjt9adsuxby9,4,8,7.02
msko5bf6rjt9adsuxby9,5,5,4.39
msko5bf6rjt9adsuxby9,6,9,7.89
msko5bf6rjt9adsuxby9,7,2,1.75
msko5bf6rjt9adsuxby9,8,11,9.65
msko5bf6rjt9adsuxby9,9,2,1.75
msko5bf6rjt9adsuxby9,10,11,9.65
msko5bf6rjt9adsuxby9,11,16,14.04
msko5bf6rjt9adsuxby9,12,17,14.91
msko5bf6rjt9adsuxby9,13,5,4.39
msko5bf6rjt9adsuxby9,14,9,7.89
msko5bf6rjt9adsuxby9,15,7,6.14
msko5bf6rjt9adsuxby9,16,1,0.88
msko5bf6rjt9adsuxby9,17,3,2.63
msko5bf6rjt9adsuxby9,18,0,0.0
msko5bf6rjt9adsuxby9,19,0,0.0
msko5bf6rjt9adsuxby9,20,0,0.0
msko5bf6rjt9adsuxby9,21,0,0.0
msko5bf6rjt9adsuxby9,22,0,0.0
msko5bf6rjt9adsuxby9,23,1,0.88
8hn55e1bxuyegxa76l3r,0,2,1.96
8hn55e1bxuyegxa76l3r,1,1,0.98
8hn55e1bxuyegxa76l3r,2,5,4.9
8hn55e1bxuyegxa76l3r,3,1,0.98
8hn55e1bxuyegxa76l3r,4,9,8.82
8hn55e1bxuyegxa76l3r,5,4,3.92
8hn55e1bxuyegxa76l3r,6,6,5.88
8hn55e1bxuyegxa76l3r,7,3,2.94
8hn55e1bxuyegxa76l3r,8,7,6.86
8hn55e1bxuyegxa76l3r,9,6,5.88
8hn55e1bxuyegxa76l3r,10,11,10.78
8hn55e1bxuyegxa76l3r,11,12,11.76
8hn55e1bxuyegxa76l3r,12,5,4.9
8hn55e1bxuyegxa76l3r,13,6,5.88
8hn55e1bxuyegxa76l3r,14,14,13.73
8hn55e1bxuyegxa76l3r,15,4,3.92
8hn55e1bxuyegxa76l3r,16,4,3.92
8hn55e1bxuyegxa76l3r,17,2,1.96
8hn55e1bxuyegxa76l3r,18,0,0.0
8hn55e1bxuyegxa76l3r,19,0,0.0
8hn55e1bxuyegxa76l3r,20,0,0.0
8hn55e1bxuyegxa76l3r,21,0,0.0
8hn55e1bxuyegxa76l3r,22,0,0.0
8hn55e1bxuyegxa76l3r,23,0,0.0
t23e5lcdy5k50uvg5k0v,0,0,0.0
t23e5lcdy5k50uvg5k0v,1,3,2.86
t23e5lcdy5k50uvg5k0v,2,2,1.9
t23e5lcdy5k50uvg5k0v,3,0,0.0
t23e5lcdy5k50uvg5k0v,4,4,3.81
t23e5lcdy5k50uvg5k0v,5,3,2.86
t23e5lcdy5k50uvg5k0v,6,4,3.81
t23e5lcdy5k50uvg5k0v,7,3,2.86
t23e5lcdy5k50uvg5k0v,8,8,7.62
t23e5lcdy5k50uvg5k0v,9,6,5.71
t23e5lcdy5k50uvg5k0v,10,11,10.48
t23e5lcdy5k50uvg5k0v,11,14,13.33
t23e5lcdy5k50uvg5k0v,12,15,14.29
t23e5lcdy5k50uvg5k0v,13,7,6.67
t23e5lcdy5k50uvg5k0v,14,6,5.71
t23e5lcdy5k50uvg5k0v,15,15,14.29
t23e5lcdy5k50uvg5k0v,16,1,0.95
t23e5lcdy5k50uvg5k0v,17,2,1.9
t23e5lcdy5k50uvg5k0v,18,0,0.0
t23e5lcdy5k50uvg5k0v,19,0,0.0
t23e5lcdy5k50uvg5k0v,20,0,0.0
t23e5lcdy5k50uvg5k0v,21,0,0.0
t23e5lcdy5k50uvg5k0v,22,0,0.0
t23e5lcdy5k50uvg5k0v,23,1,0.95
gsirdbny6840zq22vo7a,0,0,0.0
gsirdbny6840zq22vo7a,1,4,3.33
gsirdbny6840zq22vo7a,2,3,2.5
gsirdbny6840zq22vo7a,3,2,1.67
gsirdbny6840zq22vo7a,4,6,5.0
gsirdbny6840zq22vo7a,5,5,4.17
gsirdbny6840zq22vo7a,6,0,0.0
gsirdbny6840zq22vo7a,7,7,5.83
gsirdbny6840zq22vo7a,8,13,10.83
gsirdbny6840zq22vo7a,9,4,3.33
gsirdbny6840zq22vo7a,10,7,5.83
gsirdbny6840zq22vo7a,11,17,14.17
gsirdbny6840zq22vo7a,12,14,11.67
gsirdbny6840zq22vo7a,13,10,8.33
gsirdbny6840zq22vo7a,14,15,12.5
gsirdbny6840zq22vo7a,15,7,5.83
gsirdbny6840zq22vo7a,16,2,1.67
gsirdbny6840zq22vo7a,17,1,0.83
gsirdbny6840zq22vo7a,18,0,0.0
gsirdbny6840zq22vo7a,19,1,0.83
gsirdbny6840zq22vo7a,20,0,0.0
gsirdbny6840zq22vo7a,21,0,0.0
gsirdbny6840zq22vo7a,22,0,0.0
gsirdbny6840zq22vo7a,23,2,1.67
rb8z9vpc5uyhbcaa71v5,0,1,0.83
rb8z9vpc5uyhbcaa71v5,1,3,2.48
rb8z9vpc5uyhbcaa71v5,2,4,3.31
rb8z9vpc5uyhbcaa71v5,3,2,1.65
rb8z9vpc5uyhbcaa71v5,4,5,4.13
rb8z9vpc5uyhbcaa71v5,5,8,6.61
rb8z9vpc5uyhbcaa71v5,6,1,0.83
rb8z9vpc5uyhbcaa71v5,7,5,4.13
rb8z9vpc5uyhbcaa71v5,8,6,4.96
rb8z9vpc5uyhbcaa71v5,9,8,6.61
rb8z9vpc5uyhbcaa71v5,10,14,11.57
rb8z9vpc5uyhbcaa71v5,11,15,12.4
rb8z9vpc5uyhbcaa71v5,12,11,9.09
rb8z9vpc5uyhbcaa71v5,13,9,7.44
rb8z9vpc5uyhbcaa71v5,14,19,15.7
rb8z9vpc5uyhbcaa71v5,15,4,3.31
rb8z9vpc5uyhbcaa71v5,16,1,0.83
rb8z9vpc5uyhbcaa71v5,17,2,1.65
rb8z9vpc5uyhbcaa71v5,18,1,0.83
rb8z9vpc5uyhbcaa71v5,19,0,0.0
rb8z9vpc5uyhbcaa71v5,20,0,0.0
rb8z9vpc5uyhbcaa71v5,21,0,0.0
rb8z9vpc5uyhbcaa71v5,22,0,0.0
rb8z9vpc5uyhbcaa71v5,23,2,1.65
fcwom6dicy0kov3lxsf8,0,0,0.0
fcwom6dicy0kov3lxsf8,1,5,4.63
fcwom6dicy0kov3lxsf8,2,4,3.7
fcwom6dicy0kov3lxsf8,3,3,2.78
fcwom6dicy0kov3lxsf8,4,7,6.48
fcwom6dicy0kov3lxsf8,5,4,3.7
fcwom6dicy0kov3lxsf8,6,3,2.78
fcwom6dicy0kov3lxsf8,7,4,3.7
fcwom6dicy0kov3lxsf8,8,11,10.19
fcwom6dicy0kov3lxsf8,9,4,3.7
fcwom6dicy0kov3lxsf8,10,15,13.89
fcwom6dicy0kov3lxsf8,11,9,8.33
fcwom6dicy0kov3lxsf8,12,9,8.33
fcwom6dicy0kov3lxsf8,13,10,9.26
fcwom6dicy0kov3lxsf8,14,9,8.33
fcwom6dicy0kov3lxsf8,15,5,4.63
fcwom6dicy0kov3lxsf8,16,3,2.78
fcwom6dicy0kov3lxsf8,17,1,0.93
fcwom6dicy0kov3lxsf8,18,0,0.0
fcwom6dicy0kov3lxsf8,19,0,0.0
fcwom6dicy0kov3lxsf8,20,0,0.0
fcwom6dicy0kov3lxsf8,21,0,0.0
fcwom6dicy0kov3lxsf8,22,0,0.0
fcwom6dicy0kov3lxsf8,23,2,1.85
1nyzl7s790ta4c8r1l9g,0,5,4.5
1nyzl7s790ta4c8r1l9g,1,5,4.5
1nyzl7s790ta4c8r1l9g,2,0,0.0
1nyzl7s790ta4c8r1l9g,3,2,1.8
1nyzl7s790ta4c8r1l9g,4,2,1.8
1nyzl7s790ta4c8r1l9g,5,3,2.7
1nyzl7s790ta4c8r1l9g,6,6,5.41
1nyzl7s790ta4c8r1l9g,7,2,1.8
1nyzl7s790ta4c8r1l9g,8,8,7.21
1nyzl7s790ta4c8r1l9g,9,4,3.6
1nyzl7s790ta4c8r1l9g,10,10,9.01
1nyzl7s790ta4c8r1l9g,11,10,9.01
1nyzl7s790ta4c8r1l9g,12,11,9.91
1nyzl7s790ta4c8r1l9g,13,12,10.81
1nyzl7s790ta4c8r1l9g,14,12,10.81
1nyzl7s790ta4c8r1l9g,15,14,12.61
1nyzl7s790ta4c8r1l9g,16,2,1.8
1nyzl7s790ta4c8r1l9g,17,0,0.0
1nyzl7s790ta4c8r1l9g,18,0,0.0
1nyzl7s790ta4c8r1l9g,19,0,0.0
1nyzl7s790ta4c8r1l9g,20,0,0.0
1nyzl7s790ta4c8r1l9g,21,0,0.0
1nyzl7s790ta4c8r1l9g,22,0,0.0
1nyzl7s790ta4c8r1l9g,23,3,2.7
rdf3wmujcm1k56ftf8uc,0,1,0.95
rdf3wmujcm1k56ftf8uc,1,3,2.86
rdf3wmujcm1k56ftf8uc,2,2,1.9
rdf3wmujcm1k56ftf8uc,3,1,0.95
rdf3wmujcm1k56ftf8uc,4,7,6.67
rdf3wmujcm1k56ftf8uc,5,1,0.95
rdf3wmujcm1k56ftf8uc,6,4,3.81
rdf3wmujcm1k56ftf8uc,7,5,4.76
rdf3wmujcm1k56ftf8uc,8,5,4.76
rdf3wmujcm1k56ftf8uc,9,5,4.76
rdf3wmujcm1k56ftf8uc,10,6,5.71
rdf3wmujcm1k56ftf8uc,11,19,18.1
rdf3wmujcm1k56ftf8uc,12,12,11.43
rdf3wmujcm1k56ftf8uc,13,5,4.76
rdf3wmujcm1k56ftf8uc,14,22,20.95
rdf3wmujcm1k56ftf8uc,15,4,3.81
rdf3wmujcm1k56ftf8uc,16,1,0.95
rdf3wmujcm1k56ftf8uc,17,1,0.95
rdf3wmujcm1k56ftf8uc,18,0,0.0
rdf3wmujcm1k56ftf8uc,19,0,0.0
rdf3wmujcm1k56ftf8uc,20,0,0.0
rdf3wmujcm1k56ftf8uc,21,0,0.0
rdf3wmujcm1k56ftf8uc,22,0,0.0
rdf3wmujcm1k56ftf8uc,23,1,0.95
40rkj6cwy12hdupgq4w2,0,3,2.68
40rkj6cwy12hdupgq4w2,1,4,3.57
40rkj6cwy12hdupgq4w2,2,2,1.79
40rkj6cwy12hdupgq4w2,3,2,1.79
40rkj6cwy12hdupgq4w2,4,1,0.89
40rkj6cwy12hdupgq4w2,5,2,1.79
40rkj6cwy12hdupgq4w2,6,5,4.46
40rkj6cwy12hdupgq4w2,7,2,1.79
40rkj6cwy12hdupgq4w2,8,6,5.36
40rkj6cwy12hdupgq4w2,9,4,3.57
40rkj6cwy12hdupgq4w2,10,11,9.82
40rkj6cwy12hdupgq4w2,11,13,11.61
40rkj6cwy12hdupgq4w2,12,22,19.64
40rkj6cwy12hdupgq4w2,13,10,8.93
40rkj6cwy12hdupgq4w2,14,13,11.61
40rkj6cwy12hdupgq4w2,15,11,9.82
40rkj6cwy12hdupgq4w2,16,0,0.0
40rkj6cwy12hdupgq4w2,17,1,0.89
40rkj6cwy12hdupgq4w2,18,0,0.0
40rkj6cwy12hdupgq4w2,19,0,0.0
40rkj6cwy12hdupgq4w2,20,0,0.0
40rkj6cwy12hdupgq4w2,21,0,0.0
40rkj6cwy12hdupgq4w2,22,0,0.0
40rkj6cwy12hdupgq4w2,23,0,0.0
obyl72l5qy37to65i5ml,0,2,1.67
obyl72l5qy37to65i5ml,1,1,0.83
obyl72l5qy37to65i5ml,2,2,1.67
obyl72l5qy37to65i5ml,3,5,4.17
obyl72l5qy37to65i5ml,4,3,2.5
obyl72l5qy37to65i5ml,5,5,4.17
obyl72l5qy37to65i5ml,6,6,5.0
obyl72l5qy37to65i5ml,7,5,4.17
obyl72l5qy37to65i5ml,8,9,7.5
obyl72l5qy37to65i5ml,9,6,5.0
obyl72l5qy37to65i5ml,10,13,10.83
obyl72l5qy37to65i5ml,11,23,19.17
obyl72l5qy37to65i5ml,12,10,8.33
obyl72l5qy37to65i5ml,13,4,3.33
obyl72l5qy37to65i5ml,14,11,9.17
obyl72l5qy37to65i5ml,15,12,10.0
obyl72l5qy37to65i5ml,16,0,0.0
obyl72l5qy37to65i5ml,17,2,1.67
obyl72l5qy37to65i5ml,18,0,0.0
obyl72l5qy37to65i5ml,19,0,0.0
obyl72l5qy37to65i5ml,20,0,0.0
obyl72l5qy37to65i5ml,21,0,0.0
obyl72l5qy37to65i5ml,22,0,0.0
obyl72l5qy37to65i5ml,23,1,0.83
sx8c4g672zgcw7w2lflp,0,2,1.57
sx8c4g672zgcw7w2lflp,1,1,0.79
sx8c4g672zgcw7w2lflp,2,4,3.15
sx8c4g672zgcw7w2lflp,3,3,2.36
sx8c4g672zgcw7w2lflp,4,3,2.36
sx8c4g672zgcw7w2lflp,5,8,6.3
sx8c4g672zgcw7w2lflp,6,6,4.72
sx8c4g672zgcw7w2lflp,7,5,3.94
sx8c4g672zgcw7w2lflp,8,11,8.66
sx8c4g672zgcw7w2lflp,9,6,4.72
sx8c4g672zgcw7w2lflp,10,18,14.17
sx8c4g672zgcw7w2lflp,11,14,11.02
sx8c4g672zgcw7w2lflp,12,11,8.66
sx8c4g672zgcw7w2lflp,13,10,7.87
sx8c4g672zgcw7w2lflp,14,12,9.45
sx8c4g672zgcw7w2lflp,15,7,5.51
sx8c4g672zgcw7w2lflp,16,5,3.94
sx8c4g672zgcw7w2lflp,17,1,0.79
sx8c4g672zgcw7w2lflp,18,0,0.0
sx8c4g672zgcw7w2lflp,19,0,0.0
sx8c4g672zgcw7w2lflp,20,0,0.0
sx8c4g672zgcw7w2lflp,21,0,0.0
sx8c4g672zgcw7w2lflp,22,0,0.0
sx8c4g672zgcw7w2lflp,23,0,0.0
wj1gt5zvzfnjf7xcf1c8,0,3,2.94
wj1gt5zvzfnjf7xcf1c8,1,1,0.98
wj1gt5zvzfnjf7xcf1c8,2,2,1.96
wj1gt5zvzfnjf7xcf1c8,3,2,1.96
wj1gt5zvzfnjf7xcf1c8,4,6,5.88
wj1gt5zvzfnjf7xcf1c8,5,1,0.98
wj1gt5zvzfnjf7xcf1c8,6,6,5.88
wj1gt5zvzfnjf7xcf1c8,7,2,1.96
wj1gt5zvzfnjf7xcf1c8,8,7,6.86
wj1gt5zvzfnjf7xcf1c8,9,6,5.88
wj1gt5zvzfnjf7xcf1c8,10,4,3.92
wj1gt5zvzfnjf7xcf1c8,11,13,12.75
wj1gt5zvzfnjf7xcf1c8,12,16,15.69
wj1gt5zvzfnjf7xcf1c8,13,10,9.8
wj1gt5zvzfnjf7xcf1c8,14,11,10.78
wj1gt5zvzfnjf7xcf1c8,15,12,11.76
wj1gt5zvzfnjf7xcf1c8,16,0,0.0
wj1gt5zvzfnjf7xcf1c8,17,0,0.0
wj1gt5zvzfnjf7xcf1c8,18,0,0.0
wj1gt5zvzfnjf7xcf1c8,19,0,0.0
wj1gt5zvzfnjf7xcf1c8,20,0,0.0
wj1gt5zvzfnjf7xcf1c8,21,0,0.0
wj1gt5zvzfnjf7xcf1c8,22,0,0.0
wj1gt5zvzfnjf7xcf1c8,23,0,0.0
p9a57kwg5xdwjzm8eql9,0,2,1.87
p9a57kwg5xdwjzm8eql9,1,3,2.8
p9a57kwg5xdwjzm8eql9,2,3,2.8
p9a57kwg5xdwjzm8eql9,3,3,2.8
p9a57kwg5xdwjzm8eql9,4,10,9.35
p9a57kwg5xdwjzm8eql9,5,3,2.8
p9a57kwg5xdwjzm8eql9,6,5,4.67
p9a57kwg5xdwjzm8eql9,7,6,5.61
p9a57kwg5xdwjzm8eql9,8,6,5.61
p9a57kwg5xdwjzm8eql9,9,4,3.74
p9a57kwg5xdwjzm8eql9,10,13,12.15
p9a57kwg5xdwjzm8eql9,11,15,14.02
p9a57kwg5xdwjzm8eql9,12,10,9.35
p9a57kwg5xdwjzm8eql9,13,9,8.41
p9a57kwg5xdwjzm8eql9,14,8,7.48
p9a57kwg5xdwjzm8eql9,15,5,4.67
p9a57kwg5xdwjzm8eql9,16,0,0.0
p9a57kwg5xdwjzm8eql9,17,2,1.87
p9a57kwg5xdwjzm8eql9,18,0,0.0
p9a57kwg5xdwjzm8eql9,19,0,0.0
p9a57kwg5xdwjzm8eql9,20,0,0.0
p9a57kwg5xdwjzm8eql9,21,0,0.0
p9a57kwg5xdwjzm8eql9,22,0,0.0
p9a57kwg5xdwjzm8eql9,23,0,0.0
w9r5wihhl33fmutbq5qd,0,1,0.89
w9r5wihhl33fmutbq5qd,1,2,1.79
w9r5wihhl33fmutbq5qd,2,6,5.36
w9r5wihhl33fmutbq5qd,3,6,5.36
w9r5wihhl33fmutbq5qd,4,10,8.93
w9r5wihhl33fmutbq5qd,5,4,3.57
w9r5wihhl33fmutbq5qd,6,3,2.68
w9r5wihhl33fmutbq5qd,7,4,3.57
w9r5wihhl33fmutbq5qd,8,14,12.5
w9r5wihhl33fmutbq5qd,9,4,3.57
w9r5wihhl33fmutbq5qd,10,10,8.93
w9r5wihhl33fmutbq5qd,11,10,8.93
w9r5wihhl33fmutbq5qd,12,8,7.14
w9r5wihhl33fmutbq5qd,13,12,10.71
w9r5wihhl33fmutbq5qd,14,8,7.14
w9r5wihhl33fmutbq5qd,15,6,5.36
w9r5wihhl33fmutbq5qd,16,1,0.89
w9r5wihhl33fmutbq5qd,17,2,1.79
w9r5wihhl33fmutbq5qd,18,1,0.89
w9r5wihhl33fmutbq5qd,19,0,0.0
w9r5wihhl33fmutbq5qd,20,0,0.0
w9r5wihhl33fmutbq5qd,21,0,0.0
w9r5wihhl33fmutbq5qd,22,0,0.0
w9r5wihhl33fmutbq5qd,23,0,0.0
z0mde15metn3m79ek96y,0,1,1.05
z0mde15metn3m79ek96y,1,7,7.37
z0mde15metn3m79ek96y,2,1,1.05
z0mde15metn3m79ek96y,3,3,3.16
z0mde15metn3m79ek96y,4,2,2.11
z0mde15metn3m79ek96y,5,7,7.37
z0mde15metn3m79ek96y,6,4,4.21
z0mde15metn3m79ek96y,7,4,4.21
z0mde15metn3m79ek96y,8,7,7.37
z0mde15metn3m79ek96y,9,1,1.05
z0mde15metn3m79ek96y,10,12,12.63
z0mde15metn3m79ek96y,11,9,9.47
z0mde15metn3m79ek96y,12,7,7.37
z0mde15metn3m79ek96y,13,8,8.42
z0mde15metn3m79ek96y,14,8,8.42
z0mde15metn3m79ek96y,15,10,10.53
z0mde15metn3m79ek96y,16,3,3.16
z0mde15metn3m79ek96y,17,0,0.0
z0mde15metn3m79ek96y,18,0,0.0
z0mde15metn3m79ek96y,19,0,0.0
z0mde15metn3m79ek96y,20,0,0.0
z0mde15metn3m79ek96y,21,0,0.0
z0mde15metn3m79ek96y,22,0,0.0
z0mde15metn3m79ek96y,23,1,1.05
udbo68xozj9btqumivk2,0,0,0.0
udbo68xozj9btqumivk2,1,2,2.04
udbo68xozj9btqumivk2,2,4,4.08
udbo68xozj9btqumivk2,3,3,3.06
udbo68xozj9btqumivk2,4,8,8.16
udbo68xozj9btqumivk2,5,2,2.04
udbo68xozj9btqumivk2,6,2,2.04
udbo68xozj9btqumivk2,7,4,4.08
udbo68xozj9btqumivk2,8,6,6.12
udbo68xozj9btqumivk2,9,5,5.1
udbo68xozj9btqumivk2,10,7,7.14
udbo68xozj9btqumivk2,11,17,17.35
udbo68xozj9btqumivk2,12,13,13.27
udbo68xozj9btqumivk2,13,4,4.08
udbo68xozj9btqumivk2,14,10,10.2
udbo68xozj9btqumivk2,15,6,6.12
udbo68xozj9btqumivk2,16,1,1.02
udbo68xozj9btqumivk2,17,3,3.06
udbo68xozj9btqumivk2,18,0,0.0
udbo68xozj9btqumivk2,19,0,0.0
udbo68xozj9btqumivk2,20,0,0.0
udbo68xozj9btqumivk2,21,0,0.0
udbo68xozj9btqumivk2,22,0,0.0
udbo68xozj9btqumivk2,23,1,1.02
qu1rl2d6teeyti106rgx,0,2,2.06
qu1rl2d6teeyti106rgx,1,2,2.06
qu1rl2d6teeyti106rgx,2,2,2.06
qu1rl2d6teeyti106rgx,3,2,2.06
qu1rl2d6teeyti106rgx,4,2,2.06
qu1rl2d6teeyti106rgx,5,4,4.12
qu1rl2d6teeyti106rgx,6,6,6.19
qu1rl2d6teeyti106rgx,7,3,3.09
qu1rl2d6teeyti106rgx,8,11,11.34
qu1rl2d6teeyti106rgx,9,4,4.12
qu1rl2d6teeyti106rgx,10,8,8.25
qu1rl2d6teeyti106rgx,11,16,16.49
qu1rl2d6teeyti106rgx,12,11,11.34
qu1rl2d6teeyti106rgx,13,4,4.12
qu1rl2d6teeyti106rgx,14,6,6.19
qu1rl2d6teeyti106rgx,15,10,10.31
qu1rl2d6teeyti106rgx,16,0,0.0
qu1rl2d6teeyti106rgx,17,1,1.03
qu1rl2d6teeyti106rgx,18,0,0.0
qu1rl2d6teeyti106rgx,19,1,1.03
qu1rl2d6teeyti106rgx,20,0,0.0
qu1rl2d6teeyti106rgx,21,0,0.0
qu1rl2d6teeyti106rgx,22,1,1.03
qu1rl2d6teeyti106rgx,23,1,1.03
i8wbhc071gfhkbhtmeb1,0,1,1.02
i8wbhc071gfhkbhtmeb1,1,0,0.0
i8wbhc071gfhkbhtmeb1,2,2,2.04
i8wbhc071gfhkbhtmeb1,3,2,2.04
i8wbhc071gfhkbhtmeb1,4,5,5.1
i8wbhc071gfhkbhtmeb1,5,1,1.02
i8wbhc071gfhkbhtmeb1,6,6,6.12
i8wbhc071gfhkbhtmeb1,7,4,4.08
i8wbhc071gfhkbhtmeb1,8,5,5.1
i8wbhc071gfhkbhtmeb1,9,3,3.06
i8wbhc071gfhkbhtmeb1,10,16,16.33
i8wbhc071gfhkbhtmeb1,11,9,9.18
i8wbhc071gfhkbhtmeb1,12,13,13.27
i8wbhc071gfhkbhtmeb1,13,12,12.24
i8wbhc071gfhkbhtmeb1,14,9,9.18
i8wbhc071gfhkbhtmeb1,15,6,6.12
i8wbhc071gfhkbhtmeb1,16,1,1.02
i8wbhc071gfhkbhtmeb1,17,2,2.04
i8wbhc071gfhkbhtmeb1,18,0,0.0
i8wbhc071gfhkbhtmeb1,19,0,0.0
i8wbhc071gfhkbhtmeb1,20,0,0.0
i8wbhc071gfhkbhtmeb1,21,0,0.0
i8wbhc071gfhkbhtmeb1,22,0,0.0
i8wbhc071gfhkbhtmeb1,23,1,1.02
8l0qqik09gqh0e5anus0,0,1,0.99
8l0qqik09gqh0e5anus0,1,1,0.99
8l0qqik09gqh0e5anus0,2,4,3.96
8l0qqik09gqh0e5anus0,3,5,4.95
8l0qqik09gqh0e5anus0,4,5,4.95
8l0qqik09gqh0e5anus0,5,2,1.98
8l0qqik09gqh0e5anus0,6,5,4.95
8l0qqik09gqh0e5anus0,7,2,1.98
8l0qqik09gqh0e5anus0,8,10,9.9
8l0qqik09gqh0e5anus0,9,3,2.97
8l0qqik09gqh0e5anus0,10,9,8.91
8l0qqik09gqh0e5anus0,11,11,10.89
8l0qqik09gqh0e5anus0,12,9,8.91
8l0qqik09gqh0e5anus0,13,5,4.95
8l0qqik09gqh0e5anus0,14,16,15.84
8l0qqik09gqh0e5anus0,15,9,8.91
8l0qqik09gqh0e5anus0,16,1,0.99
8l0qqik09gqh0e5anus0,17,1,0.99
8l0qqik09gqh0e5anus0,18,0,0.0
8l0qqik09gqh0e5anus0,19,0,0.0
8l0qqik09gqh0e5anus0,20,0,0.0
8l0qqik09gqh0e5anus0,21,0,0.0
8l0qqik09gqh0e5anus0,22,1,0.99
8l0qqik09gqh0e5anus0,23,1,0.99
7kqvekz6iho08947fhk9,0,0,0.0
7kqvekz6iho08947fhk9,1,3,3.0
7kqvekz6iho08947fhk9,2,3,3.0
7kqvekz6iho08947fhk9,3,2,2.0
7kqvekz6iho08947fhk9,4,3,3.0
7kqvekz6iho08947fhk9,5,7,7.0
7kqvekz6iho08947fhk9,6,4,4.0
7kqvekz6iho08947fhk9,7,7,7.0
7kqvekz6iho08947fhk9,8,9,9.0
7kqvekz6iho08947fhk9,9,4,4.0
7kqvekz6iho08947fhk9,10,12,12.0
7kqvekz6iho08947fhk9,11,9,9.0
7kqvekz6iho08947fhk9,12,8,8.0
7kqvekz6iho08947fhk9,13,7,7.0
7kqvekz6iho08947fhk9,14,9,9.0
7kqvekz6iho08947fhk9,15,10,10.0
7kqvekz6iho08947fhk9,16,0,0.0
7kqvekz6iho08947fhk9,17,1,1.0
7kqvekz6iho08947fhk9,18,0,0.0
7kqvekz6iho08947fhk9,19,1,1.0
7kqvekz6iho08947fhk9,20,0,0.0
7kqvekz6iho08947fhk9,21,0,0.0
7kqvekz6iho08947fhk9,22,0,0.0
7kqvekz6iho08947fhk9,23,1,1.0
148o63s7q5aitfxmmtrg,0,3,2.1
148o63s7q5aitfxmmtrg,1,2,1.4
148o63s7q5aitfxmmtrg,2,5,3.5
148o63s7q5aitfxmmtrg,3,5,3.5
148o63s7q5aitfxmmtrg,4,7,4.9
148o63s7q5aitfxmmtrg,5,8,5.59
148o63s7q5aitfxmmtrg,6,12,8.39
148o63s7q5aitfxmmtrg,7,6,4.2
148o63s7q5aitfxmmtrg,8,11,7.69
148o63s7q5aitfxmmtrg,9,2,1.4
148o63s7q5aitfxmmtrg,10,12,8.39
148o63s7q5aitfxmmtrg,11,25,17.48
148o63s7q5aitfxmmtrg,12,11,7.69
148o63s7q5aitfxmmtrg,13,7,4.9
148o63s7q5aitfxmmtrg,14,12,8.39
148o63s7q5aitfxmmtrg,15,9,6.29
148o63s7q5aitfxmmtrg,16,3,2.1
148o63s7q5aitfxmmtrg,17,1,0.7
148o63s7q5aitfxmmtrg,18,0,0.0
148o63s7q5aitfxmmtrg,19,0,0.0
148o63s7q5aitfxmmtrg,20,0,0.0
148o63s7q5aitfxmmtrg,21,0,0.0
148o63s7q5aitfxmmtrg,22,0,0.0
148o63s7q5aitfxmmtrg,23,2,1.4
gk8izwg77g6t4p5buiar,0,1,0.98
gk8izwg77g6t4p5buiar,1,2,1.96
gk8izwg77g6t4p5buiar,2,3,2.94
gk8izwg77g6t4p5buiar,3,3,2.94
gk8izwg77g6t4p5buiar,4,6,5.88
gk8izwg77g6t4p5buiar,5,1,0.98
gk8izwg77g6t4p5buiar,6,3,2.94
gk8izwg77g6t4p5buiar,7,8,7.84
gk8izwg77g6t4p5buiar,8,9,8.82
gk8izwg77g6t4p5buiar,9,3,2.94
gk8izwg77g6t4p5buiar,10,10,9.8
gk8izwg77g6t4p5buiar,11,16,15.69
gk8izwg77g6t4p5buiar,12,12,11.76
gk8izwg77g6t4p5buiar,13,9,8.82
gk8izwg77g6t4p5buiar,14,5,4.9
gk8izwg77g6t4p5buiar,15,6,5.88
gk8izwg77g6t4p5buiar,16,2,1.96
gk8izwg77g6t4p5buiar,17,2,1.96
gk8izwg77g6t4p5buiar,18,0,0.0
gk8izwg77g6t4p5buiar,19,0,0.0
gk8izwg77g6t4p5buiar,20,0,0.0
gk8izwg77g6t4p5buiar,21,0,0.0
gk8izwg77g6t4p5buiar,22,0,0.0
gk8izwg77g6t4p5buiar,23,1,0.98
70exfe4k4e5vvm5sqspq,0,1,0.92
70exfe4k4e5vvm5sqspq,1,1,0.92
70exfe4k4e5vvm5sqspq,2,0,0.0
70exfe4k4e5vvm5sqspq,3,6,5.5
70exfe4k4e5vvm5sqspq,4,8,7.34
70exfe4k4e5vvm5sqspq,5,4,3.67
70exfe4k4e5vvm5sqspq,6,3,2.75
70exfe4k4e5vvm5sqspq,7,3,2.75
70exfe4k4e5vvm5sqspq,8,8,7.34
70exfe4k4e5vvm5sqspq,9,8,7.34
70exfe4k4e5vvm5sqspq,10,7,6.42
70exfe4k4e5vvm5sqspq,11,16,14.68
70exfe4k4e5vvm5sqspq,12,8,7.34
70exfe4k4e5vvm5sqspq,13,8,7.34
70exfe4k4e5vvm5sqspq,14,11,10.09
70exfe4k4e5vvm5sqspq,15,11,10.09
70exfe4k4e5vvm5sqspq,16,4,3.67
70exfe4k4e5vvm5sqspq,17,2,1.83
70exfe4k4e5vvm5sqspq,18,0,0.0
70exfe4k4e5vvm5sqspq,19,0,0.0
70exfe4k4e5vvm5sqspq,20,0,0.0
70exfe4k4e5vvm5sqspq,21,0,0.0
70exfe4k4e5vvm5sqspq,22,0,0.0
70exfe4k4e5vvm5sqspq,23,0,0.0
e43g7im7dra88a4o8bbl,0,2,2.0
e43g7im7dra88a4o8bbl,1,2,2.0
e43g7im7dra88a4o8bbl,2,3,3.0
e43g7im7dra88a4o8bbl,3,1,1.0
e43g7im7dra88a4o8bbl,4,3,3.0
e43g7im7dra88a4o8bbl,5,3,3.0
e43g7im7dra88a4o8bbl,6,8,8.0
e43g7im7dra88a4o8bbl,7,2,2.0
e43g7im7dra88a4o8bbl,8,8,8.0
e43g7im7dra88a4o8bbl,9,2,2.0
e43g7im7dra88a4o8bbl,10,14,14.0
e43g7im7dra88a4o8bbl,11,13,13.0
e43g7im7dra88a4o8bbl,12,13,13.0
e43g7im7dra88a4o8bbl,13,9,9.0
e43g7im7dra88a4o8bbl,14,10,10.0
e43g7im7dra88a4o8bbl,15,5,5.0
e43g7im7dra88a4o8bbl,16,2,2.0
e43g7im7dra88a4o8bbl,17,0,0.0
e43g7im7dra88a4o8bbl,18,0,0.0
e43g7im7dra88a4o8bbl,19,0,0.0
e43g7im7dra88a4o8bbl,20,0,0.0
e43g7im7dra88a4o8bbl,21,0,0.0
e43g7im7dra88a4o8bbl,22,0,0.0
e43g7im7dra88a4o8bbl,23,0,0.0
lqg2nmqf4x8w52gx12xw,0,1,1.01
lqg2nmqf4x8w52gx12xw,1,3,3.03
lqg2nmqf4x8w52gx12xw,2,3,3.03
lqg2nmqf4x8w52gx12xw,3,3,3.03
lqg2nmqf4x8w52gx12xw,4,4,4.04
lqg2nmqf4x8w52gx12xw,5,4,4.04
lqg2nmqf4x8w52gx12xw,6,9,9.09
lqg2nmqf4x8w52gx12xw,7,2,2.02
lqg2nmqf4x8w52gx12xw,8,5,5.05
lqg2nmqf4x8w52gx12xw,9,4,4.04
lqg2nmqf4x8w52gx12xw,10,8,8.08
lqg2nmqf4x8w52gx12xw,11,10,10.1
lqg2nmqf4x8w52gx12xw,12,13,13.13
lqg2nmqf4x8w52gx12xw,13,10,10.1
lqg2nmqf4x8w52gx12xw,14,10,10.1
lqg2nmqf4x8w52gx12xw,15,9,9.09
lqg2nmqf4x8w52gx12xw,16,0,0.0
lqg2nmqf4x8w52gx12xw,17,1,1.01
lqg2nmqf4x8w52gx12xw,18,0,0.0
lqg2nmqf4x8w52gx12xw,19,0,0.0
lqg2nmqf4x8w52gx12xw,20,0,0.0
lqg2nmqf4x8w52gx12xw,21,0,0.0
lqg2nmqf4x8w52gx12xw,22,0,0.0
lqg2nmqf4x8w52gx12xw,23,0,0.0
lpzjucfyqwtb8ihim9b3,0,1,0.89
lpzjucfyqwtb8ihim9b3,1,4,3.57
lpzjucfyqwtb8ihim9b3,2,6,5.36
lpzjucfyqwtb8ihim9b3,3,6,5.36
lpzjucfyqwtb8ihim9b3,4,6,5.36
lpzjucfyqwtb8ihim9b3,5,1,0.89
lpzjucfyqwtb8ihim9b3,6,5,4.46
lpzjucfyqwtb8ihim9b3,7,6,5.36
lpzjucfyqwtb8ihim9b3,8,7,6.25
lpzjucfyqwtb8ihim9b3,9,1,0.89
lpzjucfyqwtb8ihim9b3,10,4,3.57
lpzjucfyqwtb8ihim9b3,11,10,8.93
lpzjucfyqwtb8ihim9b3,12,11,9.82
lpzjucfyqwtb8ihim9b3,13,9,8.04
lpzjucfyqwtb8ihim9b3,14,19,16.96
lpzjucfyqwtb8ihim9b3,15,10,8.93
lpzjucfyqwtb8ihim9b3,16,4,3.57
lpzjucfyqwtb8ihim9b3,17,0,0.0
lpzjucfyqwtb8ihim9b3,18,1,0.89
lpzjucfyqwtb8ihim9b3,19,0,0.0
lpzjucfyqwtb8ihim9b3,20,0,0.0
lpzjucfyqwtb8ihim9b3,21,0,0.0
lpzjucfyqwtb8ihim9b3,22,0,0.0
lpzjucfyqwtb8ihim9b3,23,1,0.89
woxwsoo99kl7vq4mk0rr,0,0,0.0
woxwsoo99kl7vq4mk0rr,1,4,3.92
woxwsoo99kl7vq4mk0rr,2,1,0.98
woxwsoo99kl7vq4mk0rr,3,2,1.96
woxwsoo99kl7vq4mk0rr,4,5,4.9
woxwsoo99kl7vq4mk0rr,5,6,5.88
woxwsoo99kl7vq4mk0rr,6,6,5.88
woxwsoo99kl7vq4mk0rr,7,7,6.86
woxwsoo99kl7vq4mk0rr,8,8,7.84
woxwsoo99kl7vq4mk0rr,9,1,0.98
woxwsoo99kl7vq4mk0rr,10,9,8.82
woxwsoo99kl7vq4mk0rr,11,11,10.78
woxwsoo99kl7vq4mk0rr,12,8,7.84
woxwsoo99kl7vq4mk0rr,13,9,8.82
woxwsoo99kl7vq4mk0rr,14,12,11.76
woxwsoo99kl7vq4mk0rr,15,7,6.86
woxwsoo99kl7vq4mk0rr,16,3,2.94
woxwsoo99kl7vq4mk0rr,17,1,0.98
woxwsoo99kl7vq4mk0rr,18,0,0.0
woxwsoo99kl7vq4mk0rr,19,0,0.0
woxwsoo99kl7vq4mk0rr,20,0,0.0
woxwsoo99kl7vq4mk0rr,21,0,0.0
woxwsoo99kl7vq4mk0rr,22,0,0.0
woxwsoo99kl7vq4mk0rr,23,2,1.96
gq3jw96afgct5rjiim20,0,1,0.97
gq3jw96afgct5rjiim20,1,2,1.94
gq3jw96afgct5rjiim20,2,1,0.97
gq3jw96afgct5rjiim20,3,3,2.91
gq3jw96afgct5rjiim20,4,6,5.83
gq3jw96afgct5rjiim20,5,5,4.85
gq3jw96afgct5rjiim20,6,6,5.83
gq3jw96afgct5rjiim20,7,4,3.88
gq3jw96afgct5rjiim20,8,11,10.68
gq3jw96afgct5rjiim20,9,4,3.88
gq3jw96afgct5rjiim20,10,9,8.74
gq3jw96afgct5rjiim20,11,13,12.62
gq3jw96afgct5rjiim20,12,12,11.65
gq3jw96afgct5rjiim20,13,7,6.8
gq3jw96afgct5rjiim20,14,8,7.77
gq3jw96afgct5rjiim20,15,6,5.83
gq3jw96afgct5rjiim20,16,2,1.94
gq3jw96afgct5rjiim20,17,3,2.91
gq3jw96afgct5rjiim20,18,0,0.0
gq3jw96afgct5rjiim20,19,0,0.0
gq3jw96afgct5rjiim20,20,0,0.0
gq3jw96afgct5rjiim20,21,0,0.0
gq3jw96afgct5rjiim20,22,0,0.0
gq3jw96afgct5rjiim20,23,0,0.0
hc0idvz0lxc4zpx94cbx,0,3,3.0
hc0idvz0lxc4zpx94cbx,1,0,0.0
hc0idvz0lxc4zpx94cbx,2,1,1.0
hc0idvz0lxc4zpx94cbx,3,0,0.0
hc0idvz0lxc4zpx94cbx,4,4,4.0
hc0idvz0lxc4zpx94cbx,5,2,2.0
hc0idvz0lxc4zpx94cbx,6,10,10.0
hc0idvz0lxc4zpx94cbx,7,7,7.0
hc0idvz0lxc4zpx94cbx,8,8,8.0
hc0idvz0lxc4zpx94cbx,9,3,3.0
hc0idvz0lxc4zpx94cbx,10,11,11.0
hc0idvz0lxc4zpx94cbx,11,12,12.0
hc0idvz0lxc4zpx94cbx,12,11,11.0
hc0idvz0lxc4zpx94cbx,13,11,11.0
hc0idvz0lxc4zpx94cbx,14,8,8.0
hc0idvz0lxc4zpx94cbx,15,4,4.0
hc0idvz0lxc4zpx94cbx,16,0,0.0
hc0idvz0lxc4zpx94cbx,17,1,1.0
hc0idvz0lxc4zpx94cbx,18,0,0.0
hc0idvz0lxc4zpx94cbx,19,0,0.0
hc0idvz0lxc4zpx94cbx,20,0,0.0
hc0idvz0lxc4zpx94cbx,21,0,0.0
hc0idvz0lxc4zpx94cbx,22,0,0.0
hc0idvz0lxc4zpx94cbx,23,4,4.0
43vri1lqbgiiwbkaskqd,0,1,1.02
43vri1lqbgiiwbkaskqd,1,2,2.04
43vri1lqbgiiwbkaskqd,2,3,3.06
43vri1lqbgiiwbkaskqd,3,3,3.06
43vri1lqbgiiwbkaskqd,4,6,6.12
43vri1lqbgiiwbkaskqd,5,5,5.1
43vri1lqbgiiwbkaskqd,6,4,4.08
43vri1lqbgiiwbkaskqd,7,4,4.08
43vri1lqbgiiwbkaskqd,8,8,8.16
43vri1lqbgiiwbkaskqd,9,3,3.06
43vri1lqbgiiwbkaskqd,10,6,6.12
43vri1lqbgiiwbkaskqd,11,16,16.33
43vri1lqbgiiwbkaskqd,12,11,11.22
43vri1lqbgiiwbkaskqd,13,6,6.12
43vri1lqbgiiwbkaskqd,14,10,10.2
43vri1lqbgiiwbkaskqd,15,8,8.16
43vri1lqbgiiwbkaskqd,16,1,1.02
43vri1lqbgiiwbkaskqd,17,0,0.0
43vri1lqbgiiwbkaskqd,18,1,1.02
43vri1lqbgiiwbkaskqd,19,0,0.0
43vri1lqbgiiwbkaskqd,20,0,0.0
43vri1lqbgiiwbkaskqd,21,0,0.0
43vri1lqbgiiwbkaskqd,22,0,0.0
43vri1lqbgiiwbkaskqd,23,0,0.0
43d98a750c726bb39d11,0,1,0.92
43d98a750c726bb39d11,1,0,0.0
43d98a750c726bb39d11,2,2,1.83
43d98a750c726bb39d11,3,0,0.0
43d98a750c726bb39d11,4,0,0.0
43d98a750c726bb39d11,5,1,0.92
43d98a750c726bb39d11,6,6,5.5
43d98a750c726bb39d11,7,5,4.59
43d98a750c726bb39d11,8,5,4.59
43d98a750c726bb39d11,9,4,3.67
43d98a750c726bb39d11,10,17,15.6
43d98a750c726bb39d11,11,4,3.67
43d98a750c726bb39d11,12,6,5.5
43d98a750c726bb39d11,13,6,5.5
43d98a750c726bb39d11,14,17,15.6
43d98a750c726bb39d11,15,31,28.44
43d98a750c726bb39d11,16,4,3.67
43d98a750c726bb39d11,17,0,0.0
43d98a750c726bb39d11,18,0,0.0
43d98a750c726bb39d11,19,0,0.0
43d98a750c726bb39d11,20,0,0.0
43d98a750c726bb39d11,21,0,0.0
43d98a750c726bb39d11,22,0,0.0
43d98a750c726bb39d11,23,0,0.0
5d16326e4577a67d94c6,0,1,1.05
5d16326e4577a67d94c6,1,2,2.11
5d16326e4577a67d94c6,2,0,0.0
5d16326e4577a67d94c6,3,0,0.0
5d16326e4577a67d94c6,4,0,0.0
5d16326e4577a67d94c6,5,0,0.0
5d16326e4577a67d94c6,6,6,6.32
5d16326e4577a67d94c6,7,2,2.11
5d16326e4577a67d94c6,8,4,4.21
5d16326e4577a67d94c6,9,13,13.68
5d16326e4577a67d94c6,10,12,12.63
5d16326e4577a67d94c6,11,7,7.37
5d16326e4577a67d94c6,12,18,18.95
5d16326e4577a67d94c6,13,7,7.37
5d16326e4577a67d94c6,14,7,7.37
5d16326e4577a67d94c6,15,10,10.53
5d16326e4577a67d94c6,16,2,2.11
5d16326e4577a67d94c6,17,0,0.0
5d16326e4577a67d94c6,18,0,0.0
5d16326e4577a67d94c6,19,0,0.0
5d16326e4577a67d94c6,20,0,0.0
5d16326e4577a67d94c6,21,0,0.0
5d16326e4577a67d94c6,22,0,0.0
5d16326e4577a67d94c6,23,4,4.21
e00bc7d9f2ce32c4f745,0,5,3.5
e00bc7d9f2ce32c4f745,1,4,2.8
e00bc7d9f2ce32c4f745,2,3,2.1
e00bc7d9f2ce32c4f745,3,1,0.7
e00bc7d9f2ce32c4f745,4,0,0.0
e00bc7d9f2ce32c4f745,5,0,0.0
e00bc7d9f2ce32c4f745,6,25,17.48
e00bc7d9f2ce32c4f745,7,8,5.59
e00bc7d9f2ce32c4f745,8,12,8.39
e00bc7d9f2ce32c4f745,9,5,3.5
e00bc7d9f2ce32c4f745,10,29,20.28
e00bc7d9f2ce32c4f745,11,13,9.09
e00bc7d9f2ce32c4f745,12,18,12.59
e00bc7d9f2ce32c4f745,13,16,11.19
e00bc7d9f2ce32c4f745,14,3,2.1
e00bc7d9f2ce32c4f745,15,0,0.0
e00bc7d9f2ce32c4f745,16,0,0.0
e00bc7d9f2ce32c4f745,17,0,0.0
e00bc7d9f2ce32c4f745,18,0,0.0
e00bc7d9f2ce32c4f745,19,0,0.0
e00bc7d9f2ce32c4f745,20,0,0.0
e00bc7d9f2ce32c4f745,21,0,0.0
e00bc7d9f2ce32c4f745,22,0,0.0
e00bc7d9f2ce32c4f745,23,1,0.7
21fc5674d24be8e9da89,0,0,0.0
21fc5674d24be8e9da89,1,0,0.0
21fc5674d24be8e9da89,2,7,15.22
21fc5674d24be8e9da89,3,3,6.52
21fc5674d24be8e9da89,4,0,0.0
21fc5674d24be8e9da89,5,0,0.0
21fc5674d24be8e9da89,6,0,0.0
21fc5674d24be8e9da89,7,0,0.0
21fc5674d24be8e9da89,8,0,0.0
21fc5674d24be8e9da89,9,0,0.0
21fc5674d24be8e9da89,10,15,32.61
21fc5674d24be8e9da89,11,3,6.52
21fc5674d24be8e9da89,12,4,8.7
21fc5674d24be8e9da89,13,3,6.52
21fc5674d24be8e9da89,14,1,2.17
21fc5674d24be8e9da89,15,0,0.0
21fc5674d24be8e9da89,16,0,0.0
21fc5674d24be8e9da89,17,0,0.0
21fc5674d24be8e9da89,18,0,0.0
21fc5674d24be8e9da89,19,0,0.0
21fc5674d24be8e9da89,20,0,0.0
21fc5674d24be8e9da89,21,0,0.0
21fc5674d24be8e9da89,22,0,0.0
21fc5674d24be8e9da89,23,10,21.74
a7fc1ba478db11fde063,0,0,0.0
a7fc1ba478db11fde063,1,0,0.0
a7fc1ba478db11fde063,2,6,8.96
a7fc1ba478db11fde063,3,0,0.0
a7fc1ba478db11fde063,4,0,0.0
a7fc1ba478db11fde063,5,1,1.49
a7fc1ba478db11fde063,6,0,0.0
a7fc1ba478db11fde063,7,0,0.0
a7fc1ba478db11fde063,8,1,1.49
a7fc1ba478db11fde063,9,2,2.99
a7fc1ba478db11fde063,10,15,22.39
a7fc1ba478db11fde063,11,12,17.91
a7fc1ba478db11fde063,12,6,8.96
a7fc1ba478db11fde063,13,12,17.91
a7fc1ba478db11fde063,14,7,10.45
a7fc1ba478db11fde063,15,5,7.46
a7fc1ba478db11fde063,16,0,0.0
a7fc1ba478db11fde063,17,0,0.0
a7fc1ba478db11fde063,18,0,0.0
a7fc1ba478db11fde063,19,0,0.0
a7fc1ba478db11fde063,20,0,0.0
a7fc1ba478db11fde063,21,0,0.0
a7fc1ba478db11fde063,22,0,0.0
a7fc1ba478db11fde063,23,0,0.0
63ff3dff3eb31d62ab3e,0,0,0.0
63ff3dff3eb31d62ab3e,1,0,0.0
63ff3dff3eb31d62ab3e,2,0,0.0
63ff3dff3eb31d62ab3e,3,0,0.0
63ff3dff3eb31d62ab3e,4,0,0.0
63ff3dff3eb31d62ab3e,5,0,0.0
63ff3dff3eb31d62ab3e,6,3,2.33
63ff3dff3eb31d62ab3e,7,1,0.78
63ff3dff3eb31d62ab3e,8,1,0.78
63ff3dff3eb31d62ab3e,9,9,6.98
63ff3dff3eb31d62ab3e,10,21,16.28
63ff3dff3eb31d62ab3e,11,20,15.5
63ff3dff3eb31d62ab3e,12,25,19.38
63ff3dff3eb31d62ab3e,13,27,20.93
63ff3dff3eb31d62ab3e,14,21,16.28
63ff3dff3eb31d62ab3e,15,1,0.78
63ff3dff3eb31d62ab3e,16,0,0.0
63ff3dff3eb31d62ab3e,17,0,0.0
63ff3dff3eb31d62ab3e,18,0,0.0
63ff3dff3eb31d62ab3e,19,0,0.0
63ff3dff3eb31d62ab3e,20,0,0.0
63ff3dff3eb31d62ab3e,21,0,0.0
63ff3dff3eb31d62ab3e,22,0,0.0
63ff3dff3eb31d62ab3e,23,0,0.0
4edfd2e1b7c5c5d1d384,0,0,0.0
4edfd2e1b7c5c5d1d384,1,4,6.56
4edfd2e1b7c5c5d1d384,2,11,18.03
4edfd2e1b7c5c5d1d384,3,3,4.92
4edfd2e1b7c5c5d1d384,4,0,0.0
4edfd2e1b7c5c5d1d384,5,1,1.64
4edfd2e1b7c5c5d1d384,6,0,0.0
4edfd2e1b7c5c5d1d384,7,4,6.56
4edfd2e1b7c5c5d1d384,8,9,14.75
4edfd2e1b7c5c5d1d384,9,12,19.67
4edfd2e1b7c5c5d1d384,10,3,4.92
4edfd2e1b7c5c5d1d384,11,7,11.48
4edfd2e1b7c5c5d1d384,12,3,4.92
4edfd2e1b7c5c5d1d384,13,4,6.56
4edfd2e1b7c5c5d1d384,14,0,0.0
4edfd2e1b7c5c5d1d384,15,0,0.0
4edfd2e1b7c5c5d1d384,16,0,0.0
4edfd2e1b7c5c5d1d384,17,0,0.0
4edfd2e1b7c5c5d1d384,18,0,0.0
4edfd2e1b7c5c5d1d384,19,0,0.0
4edfd2e1b7c5c5d1d384,20,0,0.0
4edfd2e1b7c5c5d1d384,21,0,0.0
4edfd2e1b7c5c5d1d384,22,0,0.0
4edfd2e1b7c5c5d1d384,23,0,0.0
cbc8550ffaf44443c7ad,0,1,0.78
cbc8550ffaf44443c7ad,1,7,5.43
cbc8550ffaf44443c7ad,2,0,0.0
cbc8550ffaf44443c7ad,3,0,0.0
cbc8550ffaf44443c7ad,4,0,0.0
cbc8550ffaf44443c7ad,5,0,0.0
cbc8550ffaf44443c7ad,6,10,7.75
cbc8550ffaf44443c7ad,7,12,9.3
cbc8550ffaf44443c7ad,8,0,0.0
cbc8550ffaf44443c7ad,9,0,0.0
cbc8550ffaf44443c7ad,10,2,1.55
cbc8550ffaf44443c7ad,11,3,2.33
cbc8550ffaf44443c7ad,12,8,6.2
cbc8550ffaf44443c7ad,13,1,0.78
cbc8550ffaf44443c7ad,14,0,0.0
cbc8550ffaf44443c7ad,15,2,1.55
cbc8550ffaf44443c7ad,16,38,29.46
cbc8550ffaf44443c7ad,17,17,13.18
cbc8550ffaf44443c7ad,18,18,13.95
cbc8550ffaf44443c7ad,19,10,7.75
cbc8550ffaf44443c7ad,20,0,0.0
cbc8550ffaf44443c7ad,21,0,0.0
cbc8550ffaf44443c7ad,22,0,0.0
cbc8550ffaf44443c7ad,23,0,0.0
766836b5f30556e81da4,0,0,0.0
766836b5f30556e81da4,1,0,0.0
766836b5f30556e81da4,2,0,0.0
766836b5f30556e81da4,3,0,0.0
766836b5f30556e81da4,4,0,0.0
766836b5f30556e81da4,5,15,21.43
766836b5f30556e81da4,6,6,8.57
766836b5f30556e81da4,7,0,0.0
766836b5f30556e81da4,8,0,0.0
766836b5f30556e81da4,9,0,0.0
766836b5f30556e81da4,10,8,11.43
766836b5f30556e81da4,11,6,8.57
766836b5f30556e81da4,12,21,30.0
766836b5f30556e81da4,13,7,10.0
766836b5f30556e81da4,14,7,10.0
766836b5f30556e81da4,15,0,0.0
766836b5f30556e81da4,16,0,0.0
766836b5f30556e81da4,17,0,0.0
766836b5f30556e81da4,18,0,0.0
766836b5f30556e81da4,19,0,0.0
766836b5f30556e81da4,20,0,0.0
766836b5f30556e81da4,21,0,0.0
766836b5f30556e81da4,22,0,0.0
766836b5f30556e81da4,23,0,0.0
df02e3643bb9ee33fb0c,0,0,0.0
df02e3643bb9ee33fb0c,1,0,0.0
df02e3643bb9ee33fb0c,2,5,4.67
df02e3643bb9ee33fb0c,3,7,6.54
df02e3643bb9ee33fb0c,4,8,7.48
df02e3643bb9ee33fb0c,5,2,1.87
df02e3643bb9ee33fb0c,6,0,0.0
df02e3643bb9ee33fb0c,7,0,0.0
df02e3643bb9ee33fb0c,8,3,2.8
df02e3643bb9ee33fb0c,9,7,6.54
df02e3643bb9ee33fb0c,10,10,9.35
df02e3643bb9ee33fb0c,11,11,10.28
df02e3643bb9ee33fb0c,12,44,41.12
df02e3643bb9ee33fb0c,13,10,9.35
df02e3643bb9ee33fb0c,14,0,0.0
df02e3643bb9ee33fb0c,15,0,0.0
df02e3643bb9ee33fb0c,16,0,0.0
df02e3643bb9ee33fb0c,17,0,0.0
df02e3643bb9ee33fb0c,18,0,0.0
df02e3643bb9ee33fb0c,19,0,0.0
df02e3643bb9ee33fb0c,20,0,0.0
df02e3643bb9ee33fb0c,21,0,0.0
df02e3643bb9ee33fb0c,22,0,0.0
df02e3643bb9ee33fb0c,23,0,0.0
f5c3c6eb77fac482de13,0,0,0.0
f5c3c6eb77fac482de13,1,3,4.35
f5c3c6eb77fac482de13,2,5,7.25
f5c3c6eb77fac482de13,3,0,0.0
f5c3c6eb77fac482de13,4,4,5.8
f5c3c6eb77fac482de13,5,0,0.0
f5c3c6eb77fac482de13,6,0,0.0
f5c3c6eb77fac482de13,7,0,0.0
f5c3c6eb77fac482de13,8,1,1.45
f5c3c6eb77fac482de13,9,7,10.14
f5c3c6eb77fac482de13,10,11,15.94
f5c3c6eb77fac482de13,11,6,8.7
f5c3c6eb77fac482de13,12,12,17.39
f5c3c6eb77fac482de13,13,1,1.45
f5c3c6eb77fac482de13,14,3,4.35
f5c3c6eb77fac482de13,15,16,23.19
f5c3c6eb77fac482de13,16,0,0.0
f5c3c6eb77fac482de13,17,0,0.0
f5c3c6eb77fac482de13,18,0,0.0
f5c3c6eb77fac482de13,19,0,0.0
f5c3c6eb77fac482de13,20,0,0.0
f5c3c6eb77fac482de13,21,0,0.0
f5c3c6eb77fac482de13,22,0,0.0
f5c3c6eb77fac482de13,23,0,0.0
5f8d87412f69e3d9fb13,0,10,16.13
5f8d87412f69e3d9fb13,1,10,16.13
5f8d87412f69e3d9fb13,2,6,9.68
5f8d87412f69e3d9fb13,3,0,0.0
5f8d87412f69e3d9fb13,4,0,0.0
5f8d87412f69e3d9fb13,5,1,1.61
5f8d87412f69e3d9fb13,6,0,0.0
5f8d87412f69e3d9fb13,7,4,6.45
5f8d87412f69e3d9fb13,8,1,1.61
5f8d87412f69e3d9fb13,9,0,0.0
5f8d87412f69e3d9fb13,10,0,0.0
5f8d87412f69e3d9fb13,11,2,3.23
5f8d87412f69e3d9fb13,12,1,1.61
5f8d87412f69e3d9fb13,13,6,9.68
5f8d87412f69e3d9fb13,14,8,12.9
5f8d87412f69e3d9fb13,15,13,20.97
5f8d87412f69e3d9fb13,16,0,0.0
5f8d87412f69e3d9fb13,17,0,0.0
5f8d87412f69e3d9fb13,18,0,0.0
5f8d87412f69e3d9fb13,19,0,0.0
5f8d87412f69e3d9fb13,20,0,0.0
5f8d87412f69e3d9fb13,21,0,0.0
5f8d87412f69e3d9fb13,22,0,0.0
5f8d87412f69e3d9fb13,23,0,0.0
6923e581d76689cb57a1,0,0,0.0
6923e581d76689cb57a1,1,0,0.0
6923e581d76689cb57a1,2,1,0.88
6923e581d76689cb57a1,3,0,0.0
6923e581d76689cb57a1,4,1,0.88
6923e581d76689cb57a1,5,1,0.88
6923e581d76689cb57a1,6,1,0.88
6923e581d76689cb57a1,7,4,3.54
6923e581d76689cb57a1,8,16,14.16
6923e581d76689cb57a1,9,5,4.42
6923e581d76689cb57a1,10,8,7.08
6923e581d76689cb57a1,11,15,13.27
6923e581d76689cb57a1,12,14,12.39
6923e581d76689cb57a1,13,1,0.88
6923e581d76689cb57a1,14,18,15.93
6923e581d76689cb57a1,15,13,11.5
6923e581d76689cb57a1,16,11,9.73
6923e581d76689cb57a1,17,4,3.54
6923e581d76689cb57a1,18,0,0.0
6923e581d76689cb57a1,19,0,0.0
6923e581d76689cb57a1,20,0,0.0
6923e581d76689cb57a1,21,0,0.0
6923e581d76689cb57a1,22,0,0.0
6923e581d76689cb57a1,23,0,0.0
e865c97bc96802575f80,0,3,1.0
e865c97bc96802575f80,1,6,2.0
e865c97bc96802575f80,2,0,0.0
e865c97bc96802575f80,3,1,0.33
e865c97bc96802575f80,4,12,4.0
e865c97bc96802575f80,5,8,2.67
e865c97bc96802575f80,6,16,5.33
e865c97bc96802575f80,7,13,4.33
e865c97bc96802575f80,8,22,7.33
e865c97bc96802575f80,9,20,6.67
e865c97bc96802575f80,10,34,11.33
e865c97bc96802575f80,11,17,5.67
e865c97bc96802575f80,12,9,3.0
e865c97bc96802575f80,13,51,17.0
e865c97bc96802575f80,14,83,27.67
e865c97bc96802575f80,15,5,1.67
e865c97bc96802575f80,16,0,0.0
e865c97bc96802575f80,17,0,0.0
e865c97bc96802575f80,18,0,0.0
e865c97bc96802575f80,19,0,0.0
e865c97bc96802575f80,20,0,0.0
e865c97bc96802575f80,21,0,0.0
e865c97bc96802575f80,22,0,0.0
e865c97bc96802575f80,23,0,0.0
fb5d5693ffa9f022a191,0,0,0.0
fb5d5693ffa9f022a191,1,1,1.59
fb5d5693ffa9f022a191,2,2,3.17
fb5d5693ffa9f022a191,3,1,1.59
fb5d5693ffa9f022a191,4,0,0.0
fb5d5693ffa9f022a191,5,0,0.0
fb5d5693ffa9f022a191,6,0,0.0
fb5d5693ffa9f022a191,7,6,9.52
fb5d5693ffa9f022a191,8,3,4.76
fb5d5693ffa9f022a191,9,9,14.29
fb5d5693ffa9f022a191,10,0,0.0
fb5d5693ffa9f022a191,11,7,11.11
fb5d5693ffa9f022a191,12,4,6.35
fb5d5693ffa9f022a191,13,6,9.52
fb5d5693ffa9f022a191,14,11,17.46
fb5d5693ffa9f022a191,15,12,19.05
fb5d5693ffa9f022a191,16,1,1.59
fb5d5693ffa9f022a191,17,0,0.0
fb5d5693ffa9f022a191,18,0,0.0
fb5d5693ffa9f022a191,19,0,0.0
fb5d5693ffa9f022a191,20,0,0.0
fb5d5693ffa9f022a191,21,0,0.0
fb5d5693ffa9f022a191,22,0,0.0
fb5d5693ffa9f022a191,23,0,0.0
1bd9bb053a3ac1bba507,0,1,1.28
1bd9bb053a3ac1bba507,1,7,8.97
1bd9bb053a3ac1bba507,2,0,0.0
1bd9bb053a3ac1bba507,3,0,0.0
1bd9bb053a3ac1bba507,4,4,5.13
1bd9bb053a3ac1bba507,5,0,0.0
1bd9bb053a3ac1bba507,6,5,6.41
1bd9bb053a3ac1bba507,7,10,12.82
1bd9bb053a3ac1bba507,8,1,1.28
1bd9bb053a3ac1bba507,9,3,3.85
1bd9bb053a3ac1bba507,10,3,3.85
1bd9bb053a3ac1bba507,11,10,12.82
1bd9bb053a3ac1bba507,12,12,15.38
1bd9bb053a3ac1bba507,13,2,2.56
1bd9bb053a3ac1bba507,14,14,17.95
1bd9bb053a3ac1bba507,15,5,6.41
1bd9bb053a3ac1bba507,16,1,1.28
1bd9bb053a3ac1bba507,17,0,0.0
1bd9bb053a3ac1bba507,18,0,0.0
1bd9bb053a3ac1bba507,19,0,0.0
1bd9bb053a3ac1bba507,20,0,0.0
1bd9bb053a3ac1bba507,21,0,0.0
1bd9bb053a3ac1bba507,22,0,0.0
1bd9bb053a3ac1bba507,23,0,0.0
49ef48443e09f8be12f6,0,8,8.33
49ef48443e09f8be12f6,1,7,7.29
49ef48443e09f8be12f6,2,0,0.0
49ef48443e09f8be12f6,3,1,1.04
49ef48443e09f8be12f6,4,0,0.0
49ef48443e09f8be12f6,5,1,1.04
49ef48443e09f8be12f6,6,5,5.21
49ef48443e09f8be12f6,7,15,15.62
49ef48443e09f8be12f6,8,5,5.21
49ef48443e09f8be12f6,9,1,1.04
49ef48443e09f8be12f6,10,5,5.21
49ef48443e09f8be12f6,11,5,5.21
49ef48443e09f8be12f6,12,2,2.08
49ef48443e09f8be12f6,13,7,7.29
49ef48443e09f8be12f6,14,13,13.54
49ef48443e09f8be12f6,15,13,13.54
49ef48443e09f8be12f6,16,8,8.33
49ef48443e09f8be12f6,17,0,0.0
49ef48443e09f8be12f6,18,0,0.0
49ef48443e09f8be12f6,19,0,0.0
49ef48443e09f8be12f6,20,0,0.0
49ef48443e09f8be12f6,21,0,0.0
49ef48443e09f8be12f6,22,0,0.0
49ef48443e09f8be12f6,23,0,0.0
def1216bf8f3009dbe41,0,9,8.74
def1216bf8f3009dbe41,1,14,13.59
def1216bf8f3009dbe41,2,10,9.71
def1216bf8f3009dbe41,3,23,22.33
def1216bf8f3009dbe41,4,2,1.94
def1216bf8f3009dbe41,5,0,0.0
def1216bf8f3009dbe41,6,3,2.91
def1216bf8f3009dbe41,7,7,6.8
def1216bf8f3009dbe41,8,5,4.85
def1216bf8f3009dbe41,9,8,7.77
def1216bf8f3009dbe41,10,0,0.0
def1216bf8f3009dbe41,11,6,5.83
def1216bf8f3009dbe41,12,2,1.94
def1216bf8f3009dbe41,13,5,4.85
def1216bf8f3009dbe41,14,4,3.88
def1216bf8f3009dbe41,15,5,4.85
def1216bf8f3009dbe41,16,0,0.0
def1216bf8f3009dbe41,17,0,0.0
def1216bf8f3009dbe41,18,0,0.0
def1216bf8f3009dbe41,19,0,0.0
def1216bf8f3009dbe41,20,0,0.0
def1216bf8f3009dbe41,21,0,0.0
def1216bf8f3009dbe41,22,0,0.0
def1216bf8f3009dbe41,23,0,0.0
d02f48d05ce5e7ca16e1,0,0,0.0
d02f48d05ce5e7ca16e1,1,3,2.63
d02f48d05ce5e7ca16e1,2,7,6.14
d02f48d05ce5e7ca16e1,3,0,0.0
d02f48d05ce5e7ca16e1,4,0,0.0
d02f48d05ce5e7ca16e1,5,1,0.88
d02f48d05ce5e7ca16e1,6,0,0.0
d02f48d05ce5e7ca16e1,7,4,3.51
d02f48d05ce5e7ca16e1,8,1,0.88
d02f48d05ce5e7ca16e1,9,1,0.88
d02f48d05ce5e7ca16e1,10,6,5.26
d02f48d05ce5e7ca16e1,11,6,5.26
d02f48d05ce5e7ca16e1,12,18,15.79
d02f48d05ce5e7ca16e1,13,14,12.28
d02f48d05ce5e7ca16e1,14,15,13.16
d02f48d05ce5e7ca16e1,15,19,16.67
d02f48d05ce5e7ca16e1,16,19,16.67
d02f48d05ce5e7ca16e1,17,0,0.0
d02f48d05ce5e7ca16e1,18,0,0.0
d02f48d05ce5e7ca16e1,19,0,0.0
d02f48d05ce5e7ca16e1,20,0,0.0
d02f48d05ce5e7ca16e1,21,0,0.0
d02f48d05ce5e7ca16e1,22,0,0.0
d02f48d05ce5e7ca16e1,23,0,0.0
6b22922bfe081d68c7a6,0,2,1.09
6b22922bfe081d68c7a6,1,0,0.0
6b22922bfe081d68c7a6,2,0,0.0
6b22922bfe081d68c7a6,3,3,1.64
6b22922bfe081d68c7a6,4,26,14.21
6b22922bfe081d68c7a6,5,15,8.2
6b22922bfe081d68c7a6,6,5,2.73
6b22922bfe081d68c7a6,7,17,9.29
6b22922bfe081d68c7a6,8,25,13.66
6b22922bfe081d68c7a6,9,14,7.65
6b22922bfe081d68c7a6,10,2,1.09
6b22922bfe081d68c7a6,11,12,6.56
6b22922bfe081d68c7a6,12,25,13.66
6b22922bfe081d68c7a6,13,8,4.37
6b22922bfe081d68c7a6,14,17,9.29
6b22922bfe081d68c7a6,15,12,6.56
6b22922bfe081d68c7a6,16,0,0.0
6b22922bfe081d68c7a6,17,0,0.0
6b22922bfe081d68c7a6,18,0,0.0
6b22922bfe081d68c7a6,19,0,0.0
6b22922bfe081d68c7a6,20,0,0.0
6b22922bfe081d68c7a6,21,0,0.0
6b22922bfe081d68c7a6,22,0,0.0
6b22922bfe081d68c7a6,23,0,0.0
baed8a816ea02ae929f4,0,6,4.11
baed8a816ea02ae929f4,1,7,4.79
baed8a816ea02ae929f4,2,26,17.81
baed8a816ea02ae929f4,3,0,0.0
baed8a816ea02ae929f4,4,0,0.0
baed8a816ea02ae929f4,5,1,0.68
baed8a816ea02ae929f4,6,6,4.11
baed8a816ea02ae929f4,7,16,10.96
baed8a816ea02ae929f4,8,7,4.79
baed8a816ea02ae929f4,9,1,0.68
baed8a816ea02ae929f4,10,9,6.16
baed8a816ea02ae929f4,11,11,7.53
baed8a816ea02ae929f4,12,5,3.42
baed8a816ea02ae929f4,13,16,10.96
baed8a816ea02ae929f4,14,16,10.96
baed8a816ea02ae929f4,15,17,11.64
baed8a816ea02ae929f4,16,0,0.0
baed8a816ea02ae929f4,17,0,0.0
baed8a816ea02ae929f4,18,0,0.0
baed8a816ea02ae929f4,19,0,0.0
baed8a816ea02ae929f4,20,0,0.0
baed8a816ea02ae929f4,21,0,0.0
baed8a816ea02ae929f4,22,0,0.0
baed8a816ea02ae929f4,23,2,1.37
dee7cfe3312551bdf5a5,0,2,2.47
dee7cfe3312551bdf5a5,1,2,2.47
dee7cfe3312551bdf5a5,2,0,0.0
dee7cfe3312551bdf5a5,3,0,0.0
dee7cfe3312551bdf5a5,4,0,0.0
dee7cfe3312551bdf5a5,5,3,3.7
dee7cfe3312551bdf5a5,6,0,0.0
dee7cfe3312551bdf5a5,7,0,0.0
dee7cfe3312551bdf5a5,8,4,4.94
dee7cfe3312551bdf5a5,9,4,4.94
dee7cfe3312551bdf5a5,10,3,3.7
dee7cfe3312551bdf5a5,11,12,14.81
dee7cfe3312551bdf5a5,12,9,11.11
dee7cfe3312551bdf5a5,13,17,20.99
dee7cfe3312551bdf5a5,14,6,7.41
dee7cfe3312551bdf5a5,15,13,16.05
dee7cfe3312551bdf5a5,16,3,3.7
dee7cfe3312551bdf5a5,17,0,0.0
dee7cfe3312551bdf5a5,18,0,0.0
dee7cfe3312551bdf5a5,19,0,0.0
dee7cfe3312551bdf5a5,20,0,0.0
dee7cfe3312551bdf5a5,21,0,0.0
dee7cfe3312551bdf5a5,22,0,0.0
dee7cfe3312551bdf5a5,23,3,3.7
ef912a5602a5f70b244b,0,0,0.0
ef912a5602a5f70b244b,1,0,0.0
ef912a5602a5f70b244b,2,0,0.0
ef912a5602a5f70b244b,3,0,0.0
ef912a5602a5f70b244b,4,0,0.0
ef912a5602a5f70b244b,5,0,0.0
ef912a5602a5f70b244b,6,0,0.0
ef912a5602a5f70b244b,7,1,1.69
ef912a5602a5f70b244b,8,2,3.39
ef912a5602a5f70b244b,9,2,3.39
ef912a5602a5f70b244b,10,6,10.17
ef912a5602a5f70b244b,11,20,33.9
ef912a5602a5f70b244b,12,8,13.56
ef912a5602a5f70b244b,13,0,0.0
ef912a5602a5f70b244b,14,7,11.86
ef912a5602a5f70b244b,15,11,18.64
ef912a5602a5f70b244b,16,1,1.69
ef912a5602a5f70b244b,17,0,0.0
ef912a5602a5f70b244b,18,0,0.0
ef912a5602a5f70b244b,19,0,0.0
ef912a5602a5f70b244b,20,0,0.0
ef912a5602a5f70b244b,21,0,0.0
ef912a5602a5f70b244b,22,0,0.0
ef912a5602a5f70b244b,23,1,1.69
48a71a6a5a15e31084e3,0,0,0.0
48a71a6a5a15e31084e3,1,0,0.0
48a71a6a5a15e31084e3,2,3,3.06
48a71a6a5a15e31084e3,3,2,2.04
48a71a6a5a15e31084e3,4,1,1.02
48a71a6a5a15e31084e3,5,5,5.1
48a71a6a5a15e31084e3,6,2,2.04
48a71a6a5a15e31084e3,7,0,0.0
48a71a6a5a15e31084e3,8,10,10.2
48a71a6a5a15e31084e3,9,4,4.08
48a71a6a5a15e31084e3,10,0,0.0
48a71a6a5a15e31084e3,11,0,0.0
48a71a6a5a15e31084e3,12,5,5.1
48a71a6a5a15e31084e3,13,26,26.53
48a71a6a5a15e31084e3,14,25,25.51
48a71a6a5a15e31084e3,15,15,15.31
48a71a6a5a15e31084e3,16,0,0.0
48a71a6a5a15e31084e3,17,0,0.0
48a71a6a5a15e31084e3,18,0,0.0
48a71a6a5a15e31084e3,19,0,0.0
48a71a6a5a15e31084e3,20,0,0.0
48a71a6a5a15e31084e3,21,0,0.0
48a71a6a5a15e31084e3,22,0,0.0
48a71a6a5a15e31084e3,23,0,0.0
16d68f70cf5e52d0b34a,0,0,0.0
16d68f70cf5e52d0b34a,1,0,0.0
16d68f70cf5e52d0b34a,2,2,1.35
16d68f70cf5e52d0b34a,3,0,0.0
16d68f70cf5e52d0b34a,4,0,0.0
16d68f70cf5e52d0b34a,5,4,2.7
16d68f70cf5e52d0b34a,6,1,0.68
16d68f70cf5e52d0b34a,7,16,10.81
16d68f70cf5e52d0b34a,8,18,12.16
16d68f70cf5e52d0b34a,9,3,2.03
16d68f70cf5e52d0b34a,10,9,6.08
16d68f70cf5e52d0b34a,11,15,10.14
16d68f70cf5e52d0b34a,12,18,12.16
16d68f70cf5e52d0b34a,13,27,18.24
16d68f70cf5e52d0b34a,14,14,9.46
16d68f70cf5e52d0b34a,15,16,10.81
16d68f70cf5e52d0b34a,16,5,3.38
16d68f70cf5e52d0b34a,17,0,0.0
16d68f70cf5e52d0b34a,18,0,0.0
16d68f70cf5e52d0b34a,19,0,0.0
16d68f70cf5e52d0b34a,20,0,0.0
16d68f70cf5e52d0b34a,21,0,0.0
16d68f70cf5e52d0b34a,22,0,0.0
16d68f70cf5e52d0b34a,23,0,0.0
ba8c301bda7090bda756,0,0,0.0
ba8c301bda7090bda756,1,0,0.0
ba8c301bda7090bda756,2,8,14.29
ba8c301bda7090bda756,3,6,10.71
ba8c301bda7090bda756,4,4,7.14
ba8c301bda7090bda756,5,3,5.36
ba8c301bda7090bda756,6,4,7.14
ba8c301bda7090bda756,7,7,12.5
ba8c301bda7090bda756,8,4,7.14
ba8c301bda7090bda756,9,2,3.57
ba8c301bda7090bda756,10,2,3.57
ba8c301bda7090bda756,11,0,0.0
ba8c301bda7090bda756,12,0,0.0
ba8c301bda7090bda756,13,6,10.71
ba8c301bda7090bda756,14,3,5.36
ba8c301bda7090bda756,15,5,8.93
ba8c301bda7090bda756,16,2,3.57
ba8c301bda7090bda756,17,0,0.0
ba8c301bda7090bda756,18,0,0.0
ba8c301bda7090bda756,19,0,0.0
ba8c301bda7090bda756,20,0,0.0
ba8c301bda7090bda756,21,0,0.0
ba8c301bda7090bda756,22,0,0.0
ba8c301bda7090bda756,23,0,0.0
311abc37a94ae8afe41a,0,8,6.56
311abc37a94ae8afe41a,1,0,0.0
311abc37a94ae8afe41a,2,5,4.1
311abc37a94ae8afe41a,3,0,0.0
311abc37a94ae8afe41a,4,0,0.0
311abc37a94ae8afe41a,5,5,4.1
311abc37a94ae8afe41a,6,19,15.57
311abc37a94ae8afe41a,7,5,4.1
311abc37a94ae8afe41a,8,9,7.38
311abc37a94ae8afe41a,9,7,5.74
311abc37a94ae8afe41a,10,0,0.0
311abc37a94ae8afe41a,11,0,0.0
311abc37a94ae8afe41a,12,0,0.0
311abc37a94ae8afe41a,13,3,2.46
311abc37a94ae8afe41a,14,7,5.74
311abc37a94ae8afe41a,15,50,40.98
311abc37a94ae8afe41a,16,4,3.28
311abc37a94ae8afe41a,17,0,0.0
311abc37a94ae8afe41a,18,0,0.0
311abc37a94ae8afe41a,19,0,0.0
311abc37a94ae8afe41a,20,0,0.0
311abc37a94ae8afe41a,21,0,0.0
311abc37a94ae8afe41a,22,0,0.0
311abc37a94ae8afe41a,23,0,0.0
fdd50b3ad56dcf116c82,0,1,1.2
fdd50b3ad56dcf116c82,1,3,3.61
fdd50b3ad56dcf116c82,2,0,0.0
fdd50b3ad56dcf116c82,3,0,0.0
fdd50b3ad56dcf116c82,4,2,2.41
fdd50b3ad56dcf116c82,5,14,16.87
fdd50b3ad56dcf116c82,6,0,0.0
fdd50b3ad56dcf116c82,7,0,0.0
fdd50b3ad56dcf116c82,8,3,3.61
fdd50b3ad56dcf116c82,9,5,6.02
fdd50b3ad56dcf116c82,10,4,4.82
fdd50b3ad56dcf116c82,11,3,3.61
fdd50b3ad56dcf116c82,12,10,12.05
fdd50b3ad56dcf116c82,13,13,15.66
fdd50b3ad56dcf116c82,14,13,15.66
fdd50b3ad56dcf116c82,15,12,14.46
fdd50b3ad56dcf116c82,16,0,0.0
fdd50b3ad56dcf116c82,17,0,0.0
fdd50b3ad56dcf116c82,18,0,0.0
fdd50b3ad56dcf116c82,19,0,0.0
fdd50b3ad56dcf116c82,20,0,0.0
fdd50b3ad56dcf116c82,21,0,0.0
fdd50b3ad56dcf116c82,22,0,0.0
fdd50b3ad56dcf116c82,23,0,0.0
e22c18eef214a779b4c2,0,4,2.6
e22c18eef214a779b4c2,1,0,0.0
e22c18eef214a779b4c2,2,0,0.0
e22c18eef214a779b4c2,3,0,0.0
e22c18eef214a779b4c2,4,6,3.9
e22c18eef214a779b4c2,5,13,8.44
e22c18eef214a779b4c2,6,12,7.79
e22c18eef214a779b4c2,7,2,1.3
e22c18eef214a779b4c2,8,9,5.84
e22c18eef214a779b4c2,9,6,3.9
e22c18eef214a779b4c2,10,9,5.84
e22c18eef214a779b4c2,11,12,7.79
e22c18eef214a779b4c2,12,28,18.18
e22c18eef214a779b4c2,13,12,7.79
e22c18eef214a779b4c2,14,27,17.53
e22c18eef214a779b4c2,15,14,9.09
e22c18eef214a779b4c2,16,0,0.0
e22c18eef214a779b4c2,17,0,0.0
e22c18eef214a779b4c2,18,0,0.0
e22c18eef214a779b4c2,19,0,0.0
e22c18eef214a779b4c2,20,0,0.0
e22c18eef214a779b4c2,21,0,0.0
e22c18eef214a779b4c2,22,0,0.0
e22c18eef214a779b4c2,23,0,0.0
8711049a2e0ef13bb10c,0,0,0.0
8711049a2e0ef13bb10c,1,0,0.0
8711049a2e0ef13bb10c,2,0,0.0
8711049a2e0ef13bb10c,3,1,1.96
8711049a2e0ef13bb10c,4,7,13.73
8711049a2e0ef13bb10c,5,4,7.84
8711049a2e0ef13bb10c,6,1,1.96
8711049a2e0ef13bb10c,7,3,5.88
8711049a2e0ef13bb10c,8,3,5.88
8711049a2e0ef13bb10c,9,6,11.76
8711049a2e0ef13bb10c,10,3,5.88
8711049a2e0ef13bb10c,11,3,5.88
8711049a2e0ef13bb10c,12,3,5.88
8711049a2e0ef13bb10c,13,11,21.57
8711049a2e0ef13bb10c,14,5,9.8
8711049a2e0ef13bb10c,15,1,1.96
8711049a2e0ef13bb10c,16,0,0.0
8711049a2e0ef13bb10c,17,0,0.0
8711049a2e0ef13bb10c,18,0,0.0
8711049a2e0ef13bb10c,19,0,0.0
8711049a2e0ef13bb10c,20,0,0.0
8711049a2e0ef13bb10c,21,0,0.0
8711049a2e0ef13bb10c,22,0,0.0
8711049a2e0ef13bb10c,23,0,0.0
9ef8a5baccebc3841cb2,0,0,0.0
9ef8a5baccebc3841cb2,1,0,0.0
9ef8a5baccebc3841cb2,2,0,0.0
9ef8a5baccebc3841cb2,3,3,4.29
9ef8a5baccebc3841cb2,4,1,1.43
9ef8a5baccebc3841cb2,5,1,1.43
9ef8a5baccebc3841cb2,6,2,2.86
9ef8a5baccebc3841cb2,7,1,1.43
9ef8a5baccebc3841cb2,8,0,0.0
9ef8a5baccebc3841cb2,9,0,0.0
9ef8a5baccebc3841cb2,10,4,5.71
9ef8a5baccebc3841cb2,11,10,14.29
9ef8a5baccebc3841cb2,12,36,51.43
9ef8a5baccebc3841cb2,13,4,5.71
9ef8a5baccebc3841cb2,14,4,5.71
9ef8a5baccebc3841cb2,15,3,4.29
9ef8a5baccebc3841cb2,16,1,1.43
9ef8a5baccebc3841cb2,17,0,0.0
9ef8a5baccebc3841cb2,18,0,0.0
9ef8a5baccebc3841cb2,19,0,0.0
9ef8a5baccebc3841cb2,20,0,0.0
9ef8a5baccebc3841cb2,21,0,0.0
9ef8a5baccebc3841cb2,22,0,0.0
9ef8a5baccebc3841cb2,23,0,0.0
adcc5c13042d66cbfc8b,0,0,0.0
adcc5c13042d66cbfc8b,1,0,0.0
adcc5c13042d66cbfc8b,2,3,1.92
adcc5c13042d66cbfc8b,3,10,6.41
adcc5c13042d66cbfc8b,4,7,4.49
adcc5c13042d66cbfc8b,5,4,2.56
adcc5c13042d66cbfc8b,6,5,3.21
adcc5c13042d66cbfc8b,7,5,3.21
adcc5c13042d66cbfc8b,8,16,10.26
adcc5c13042d66cbfc8b,9,9,5.77
adcc5c13042d66cbfc8b,10,15,9.62
adcc5c13042d66cbfc8b,11,25,16.03
adcc5c13042d66cbfc8b,12,17,10.9
adcc5c13042d66cbfc8b,13,10,6.41
adcc5c13042d66cbfc8b,14,30,19.23
adcc5c13042d66cbfc8b,15,0,0.0
adcc5c13042d66cbfc8b,16,0,0.0
adcc5c13042d66cbfc8b,17,0,0.0
adcc5c13042d66cbfc8b,18,0,0.0
adcc5c13042d66cbfc8b,19,0,0.0
adcc5c13042d66cbfc8b,20,0,0.0
adcc5c13042d66cbfc8b,21,0,0.0
adcc5c13042d66cbfc8b,22,0,0.0
adcc5c13042d66cbfc8b,23,0,0.0
54f91ccb08cbece520da,0,3,3.03
54f91ccb08cbece520da,1,3,3.03
54f91ccb08cbece520da,2,6,6.06
54f91ccb08cbece520da,3,7,7.07
54f91ccb08cbece520da,4,2,2.02
54f91ccb08cbece520da,5,8,8.08
54f91ccb08cbece520da,6,8,8.08
54f91ccb08cbece520da,7,12,12.12
54f91ccb08cbece520da,8,3,3.03
54f91ccb08cbece520da,9,6,6.06
54f91ccb08cbece520da,10,12,12.12
54f91ccb08cbece520da,11,4,4.04
54f91ccb08cbece520da,12,7,7.07
54f91ccb08cbece520da,13,13,13.13
54f91ccb08cbece520da,14,2,2.02
54f91ccb08cbece520da,15,0,0.0
54f91ccb08cbece520da,16,0,0.0
54f91ccb08cbece520da,17,0,0.0
54f91ccb08cbece520da,18,0,0.0
54f91ccb08cbece520da,19,0,0.0
54f91ccb08cbece520da,20,0,0.0
54f91ccb08cbece520da,21,3,3.03
54f91ccb08cbece520da,22,0,0.0
54f91ccb08cbece520da,23,0,0.0
cb65e2038b786e801292,0,1,1.85
cb65e2038b786e801292,1,0,0.0
cb65e2038b786e801292,2,2,3.7
cb65e2038b786e801292,3,0,0.0
cb65e2038b786e801292,4,1,1.85
cb65e2038b786e801292,5,1,1.85
cb65e2038b786e801292,6,7,12.96
cb65e2038b786e801292,7,5,9.26
cb65e2038b786e801292,8,1,1.85
cb65e2038b786e801292,9,0,0.0
cb65e2038b786e801292,10,0,0.0
cb65e2038b786e801292,11,0,0.0
cb65e2038b786e801292,12,9,16.67
cb65e2038b786e801292,13,2,3.7
cb65e2038b786e801292,14,9,16.67
cb65e2038b786e801292,15,6,11.11
cb65e2038b786e801292,16,4,7.41
cb65e2038b786e801292,17,3,5.56
cb65e2038b786e801292,18,2,3.7
cb65e2038b786e801292,19,0,0.0
cb65e2038b786e801292,20,0,0.0
cb65e2038b786e801292,21,0,0.0
cb65e2038b786e801292,22,0,0.0
cb65e2038b786e801292,23,1,1.85
1f67cb2e7affbb00b6c8,0,25,9.12
1f67cb2e7affbb00b6c8,1,11,4.01
1f67cb2e7affbb00b6c8,2,22,8.03
1f67cb2e7affbb00b6c8,3,9,3.28
1f67cb2e7affbb00b6c8,4,4,1.46
1f67cb2e7affbb00b6c8,5,16,5.84
1f67cb2e7affbb00b6c8,6,30,10.95
1f67cb2e7affbb00b6c8,7,15,5.47
1f67cb2e7affbb00b6c8,8,11,4.01
1f67cb2e7affbb00b6c8,9,1,0.36
1f67cb2e7affbb00b6c8,10,9,3.28
1f67cb2e7affbb00b6c8,11,0,0.0
1f67cb2e7affbb00b6c8,12,4,1.46
1f67cb2e7affbb00b6c8,13,53,19.34
1f67cb2e7affbb00b6c8,14,57,20.8
1f67cb2e7affbb00b6c8,15,7,2.55
1f67cb2e7affbb00b6c8,16,0,0.0
1f67cb2e7affbb00b6c8,17,0,0.0
1f67cb2e7affbb00b6c8,18,0,0.0
1f67cb2e7affbb00b6c8,19,0,0.0
1f67cb2e7affbb00b6c8,20,0,0.0
1f67cb2e7affbb00b6c8,21,0,0.0
1f67cb2e7affbb00b6c8,22,0,0.0
1f67cb2e7affbb00b6c8,23,0,0.0
45b6cc87a7e957f83027,0,0,0.0
45b6cc87a7e957f83027,1,0,0.0
45b6cc87a7e957f83027,2,7,5.22
45b6cc87a7e957f83027,3,2,1.49
45b6cc87a7e957f83027,4,11,8.21
45b6cc87a7e957f83027,5,3,2.24
45b6cc87a7e957f83027,6,1,0.75
45b6cc87a7e957f83027,7,18,13.43
45b6cc87a7e957f83027,8,9,6.72
45b6cc87a7e957f83027,9,0,0.0
45b6cc87a7e957f83027,10,11,8.21
45b6cc87a7e957f83027,11,11,8.21
45b6cc87a7e957f83027,12,20,14.93
45b6cc87a7e957f83027,13,9,6.72
45b6cc87a7e957f83027,14,11,8.21
45b6cc87a7e957f83027,15,13,9.7
45b6cc87a7e957f83027,16,6,4.48
45b6cc87a7e957f83027,17,0,0.0
45b6cc87a7e957f83027,18,0,0.0
45b6cc87a7e957f83027,19,0,0.0
45b6cc87a7e957f83027,20,0,0.0
45b6cc87a7e957f83027,21,0,0.0
45b6cc87a7e957f83027,22,0,0.0
45b6cc87a7e957f83027,23,2,1.49
ff2d815d9ef74b153b54,0,0,0.0
ff2d815d9ef74b153b54,1,0,0.0
ff2d815d9ef74b153b54,2,1,1.14
ff2d815d9ef74b153b54,3,0,0.0
ff2d815d9ef74b153b54,4,7,7.95
ff2d815d9ef74b153b54,5,2,2.27
ff2d815d9ef74b153b54,6,2,2.27
ff2d815d9ef74b153b54,7,8,9.09
ff2d815d9ef74b153b54,8,11,12.5
ff2d815d9ef74b153b54,9,18,20.45
ff2d815d9ef74b153b54,10,14,15.91
ff2d815d9ef74b153b54,11,9,10.23
ff2d815d9ef74b153b54,12,8,9.09
ff2d815d9ef74b153b54,13,0,0.0
ff2d815d9ef74b153b54,14,3,3.41
ff2d815d9ef74b153b54,15,5,5.68
ff2d815d9ef74b153b54,16,0,0.0
ff2d815d9ef74b153b54,17,0,0.0
ff2d815d9ef74b153b54,18,0,0.0
ff2d815d9ef74b153b54,19,0,0.0
ff2d815d9ef74b153b54,20,0,0.0
ff2d815d9ef74b153b54,21,0,0.0
ff2d815d9ef74b153b54,22,0,0.0
ff2d815d9ef74b153b54,23,0,0.0
73ae359d8e93d41ae4ff,0,1,1.14
73ae359d8e93d41ae4ff,1,1,1.14
73ae359d8e93d41ae4ff,2,2,2.27
73ae359d8e93d41ae4ff,3,0,0.0
73ae359d8e93d41ae4ff,4,0,0.0
73ae359d8e93d41ae4ff,5,0,0.0
73ae359d8e93d41ae4ff,6,8,9.09
73ae359d8e93d41ae4ff,7,2,2.27
73ae359d8e93d41ae4ff,8,15,17.05
73ae359d8e93d41ae4ff,9,12,13.64
73ae359d8e93d41ae4ff,10,12,13.64
73ae359d8e93d41ae4ff,11,22,25.0
73ae359d8e93d41ae4ff,12,10,11.36
73ae359d8e93d41ae4ff,13,0,0.0
73ae359d8e93d41ae4ff,14,1,1.14
73ae359d8e93d41ae4ff,15,2,2.27
73ae359d8e93d41ae4ff,16,0,0.0
73ae359d8e93d41ae4ff,17,0,0.0
73ae359d8e93d41ae4ff,18,0,0.0
73ae359d8e93d41ae4ff,19,0,0.0
73ae359d8e93d41ae4ff,20,0,0.0
73ae359d8e93d41ae4ff,21,0,0.0
73ae359d8e93d41ae4ff,22,0,0.0
73ae359d8e93d41ae4ff,23,0,0.0
264320c6b92b92795ba0,0,2,1.32
264320c6b92b92795ba0,1,9,5.92
264320c6b92b92795ba0,2,0,0.0
264320c6b92b92795ba0,3,0,0.0
264320c6b92b92795ba0,4,1,0.66
264320c6b92b92795ba0,5,1,0.66
264320c6b92b92795ba0,6,9,5.92
264320c6b92b92795ba0,7,4,2.63
264320c6b92b92795ba0,8,4,2.63
264320c6b92b92795ba0,9,4,2.63
264320c6b92b92795ba0,10,9,5.92
264320c6b92b92795ba0,11,17,11.18
264320c6b92b92795ba0,12,42,27.63
264320c6b92b92795ba0,13,14,9.21
264320c6b92b92795ba0,14,17,11.18
264320c6b92b92795ba0,15,15,9.87
264320c6b92b92795ba0,16,1,0.66
264320c6b92b92795ba0,17,0,0.0
264320c6b92b92795ba0,18,0,0.0
264320c6b92b92795ba0,19,0,0.0
264320c6b92b92795ba0,20,0,0.0
264320c6b92b92795ba0,21,0,0.0
264320c6b92b92795ba0,22,0,0.0
264320c6b92b92795ba0,23,3,1.97
504278569f7c6dff25e3,0,0,0.0
504278569f7c6dff25e3,1,0,0.0
504278569f7c6dff25e3,2,0,0.0
504278569f7c6dff25e3,3,1,1.41
504278569f7c6dff25e3,4,1,1.41
504278569f7c6dff25e3,5,0,0.0
504278569f7c6dff25e3,6,5,7.04
504278569f7c6dff25e3,7,6,8.45
504278569f7c6dff25e3,8,8,11.27
504278569f7c6dff25e3,9,2,2.82
504278569f7c6dff25e3,10,7,9.86
504278569f7c6dff25e3,11,2,2.82
504278569f7c6dff25e3,12,5,7.04
504278569f7c6dff25e3,13,8,11.27
504278569f7c6dff25e3,14,13,18.31
504278569f7c6dff25e3,15,11,15.49
504278569f7c6dff25e3,16,2,2.82
504278569f7c6dff25e3,17,0,0.0
504278569f7c6dff25e3,18,0,0.0
504278569f7c6dff25e3,19,0,0.0
504278569f7c6dff25e3,20,0,0.0
504278569f7c6dff25e3,21,0,0.0
504278569f7c6dff25e3,22,0,0.0
504278569f7c6dff25e3,23,0,0.0
40eb36011ced9a882ea9,0,7,3.5
40eb36011ced9a882ea9,1,2,1.0
40eb36011ced9a882ea9,2,5,2.5
40eb36011ced9a882ea9,3,13,6.5
40eb36011ced9a882ea9,4,21,10.5
40eb36011ced9a882ea9,5,7,3.5
40eb36011ced9a882ea9,6,9,4.5
40eb36011ced9a882ea9,7,6,3.0
40eb36011ced9a882ea9,8,1,0.5
40eb36011ced9a882ea9,9,1,0.5
40eb36011ced9a882ea9,10,6,3.0
40eb36011ced9a882ea9,11,46,23.0
40eb36011ced9a882ea9,12,18,9.0
40eb36011ced9a882ea9,13,0,0.0
40eb36011ced9a882ea9,14,16,8.0
40eb36011ced9a882ea9,15,42,21.0
40eb36011ced9a882ea9,16,0,0.0
40eb36011ced9a882ea9,17,0,0.0
40eb36011ced9a882ea9,18,0,0.0
40eb36011ced9a882ea9,19,0,0.0
40eb36011ced9a882ea9,20,0,0.0
40eb36011ced9a882ea9,21,0,0.0
40eb36011ced9a882ea9,22,0,0.0
40eb36011ced9a882ea9,23,0,0.0
ed4b51eb098deb0ba58e,0,0,0.0
ed4b51eb098deb0ba58e,1,0,0.0
ed4b51eb098deb0ba58e,2,4,3.15
ed4b51eb098deb0ba58e,3,18,14.17
ed4b51eb098deb0ba58e,4,17,13.39
ed4b51eb098deb0ba58e,5,4,3.15
ed4b51eb098deb0ba58e,6,4,3.15
ed4b51eb098deb0ba58e,7,3,2.36
ed4b51eb098deb0ba58e,8,9,7.09
ed4b51eb098deb0ba58e,9,7,5.51
ed4b51eb098deb0ba58e,10,0,0.0
ed4b51eb098deb0ba58e,11,0,0.0
ed4b51eb098deb0ba58e,12,3,2.36
ed4b51eb098deb0ba58e,13,7,5.51
ed4b51eb098deb0ba58e,14,26,20.47
ed4b51eb098deb0ba58e,15,21,16.54
ed4b51eb098deb0ba58e,16,0,0.0
ed4b51eb098deb0ba58e,17,0,0.0
ed4b51eb098deb0ba58e,18,0,0.0
ed4b51eb098deb0ba58e,19,0,0.0
ed4b51eb098deb0ba58e,20,0,0.0
ed4b51eb098deb0ba58e,21,0,0.0
ed4b51eb098deb0ba58e,22,0,0.0
ed4b51eb098deb0ba58e,23,4,3.15
b4a2138f577d9306f593,0,1,0.39
b4a2138f577d9306f593,1,22,8.53
b4a2138f577d9306f593,2,20,7.75
b4a2138f577d9306f593,3,3,1.16
b4a2138f577d9306f593,4,7,2.71
b4a2138f577d9306f593,5,8,3.1
b4a2138f577d9306f593,6,5,1.94
b4a2138f577d9306f593,7,15,5.81
b4a2138f577d9306f593,8,27,10.47
b4a2138f577d9306f593,9,27,10.47
b4a2138f577d9306f593,10,17,6.59
b4a2138f577d9306f593,11,34,13.18
b4a2138f577d9306f593,12,13,5.04
b4a2138f577d9306f593,13,2,0.78
b4a2138f577d9306f593,14,29,11.24
b4a2138f577d9306f593,15,27,10.47
b4a2138f577d9306f593,16,0,0.0
b4a2138f577d9306f593,17,0,0.0
b4a2138f577d9306f593,18,0,0.0
b4a2138f577d9306f593,19,0,0.0
b4a2138f577d9306f593,20,0,0.0
b4a2138f577d9306f593,21,0,0.0
b4a2138f577d9306f593,22,0,0.0
b4a2138f577d9306f593,23,1,0.39
76366e9c264169b2bae1,0,0,0.0
76366e9c264169b2bae1,1,0,0.0
76366e9c264169b2bae1,2,12,8.33
76366e9c264169b2bae1,3,7,4.86
76366e9c264169b2bae1,4,4,2.78
76366e9c264169b2bae1,5,2,1.39
76366e9c264169b2bae1,6,2,1.39
76366e9c264169b2bae1,7,0,0.0
76366e9c264169b2bae1,8,0,0.0
76366e9c264169b2bae1,9,1,0.69
76366e9c264169b2bae1,10,0,0.0
76366e9c264169b2bae1,11,29,20.14
76366e9c264169b2bae1,12,45,31.25
76366e9c264169b2bae1,13,28,19.44
76366e9c264169b2bae1,14,4,2.78
76366e9c264169b2bae1,15,1,0.69
76366e9c264169b2bae1,16,3,2.08
76366e9c264169b2bae1,17,6,4.17
76366e9c264169b2bae1,18,0,0.0
76366e9c264169b2bae1,19,0,0.0
76366e9c264169b2bae1,20,0,0.0
76366e9c264169b2bae1,21,0,0.0
76366e9c264169b2bae1,22,0,0.0
76366e9c264169b2bae1,23,0,0.0
d059dfed16a6d1ca6ddf,0,6,4.2
d059dfed16a6d1ca6ddf,1,5,3.5
d059dfed16a6d1ca6ddf,2,1,0.7
d059dfed16a6d1ca6ddf,3,1,0.7
d059dfed16a6d1ca6ddf,4,15,10.49
d059dfed16a6d1ca6ddf,5,10,6.99
d059dfed16a6d1ca6ddf,6,13,9.09
d059dfed16a6d1ca6ddf,7,12,8.39
d059dfed16a6d1ca6ddf,8,20,13.99
d059dfed16a6d1ca6ddf,9,3,2.1
d059dfed16a6d1ca6ddf,10,0,0.0
d059dfed16a6d1ca6ddf,11,4,2.8
d059dfed16a6d1ca6ddf,12,7,4.9
d059dfed16a6d1ca6ddf,13,7,4.9
d059dfed16a6d1ca6ddf,14,32,22.38
d059dfed16a6d1ca6ddf,15,7,4.9
d059dfed16a6d1ca6ddf,16,0,0.0
d059dfed16a6d1ca6ddf,17,0,0.0
d059dfed16a6d1ca6ddf,18,0,0.0
d059dfed16a6d1ca6ddf,19,0,0.0
d059dfed16a6d1ca6ddf,20,0,0.0
d059dfed16a6d1ca6ddf,21,0,0.0
d059dfed16a6d1ca6ddf,22,0,0.0
d059dfed16a6d1ca6ddf,23,0,0.0
0b828e1ae026c57b34dd,0,1,1.39
0b828e1ae026c57b34dd,1,0,0.0
0b828e1ae026c57b34dd,2,3,4.17
0b828e1ae026c57b34dd,3,0,0.0
0b828e1ae026c57b34dd,4,6,8.33
0b828e1ae026c57b34dd,5,1,1.39
0b828e1ae026c57b34dd,6,5,6.94
0b828e1ae026c57b34dd,7,2,2.78
0b828e1ae026c57b34dd,8,9,12.5
0b828e1ae026c57b34dd,9,8,11.11
0b828e1ae026c57b34dd,10,3,4.17
0b828e1ae026c57b34dd,11,0,0.0
0b828e1ae026c57b34dd,12,5,6.94
0b828e1ae026c57b34dd,13,14,19.44
0b828e1ae026c57b34dd,14,12,16.67
0b828e1ae026c57b34dd,15,1,1.39
0b828e1ae026c57b34dd,16,0,0.0
0b828e1ae026c57b34dd,17,0,0.0
0b828e1ae026c57b34dd,18,0,0.0
0b828e1ae026c57b34dd,19,0,0.0
0b828e1ae026c57b34dd,20,0,0.0
0b828e1ae026c57b34dd,21,0,0.0
0b828e1ae026c57b34dd,22,2,2.78
0b828e1ae026c57b34dd,23,0,0.0
b1976734aee3bf129820,0,6,3.47
b1976734aee3bf129820,1,1,0.58
b1976734aee3bf129820,2,4,2.31
b1976734aee3bf129820,3,2,1.16
b1976734aee3bf129820,4,1,0.58
b1976734aee3bf129820,5,0,0.0
b1976734aee3bf129820,6,0,0.0
b1976734aee3bf129820,7,3,1.73
b1976734aee3bf129820,8,7,4.05
b1976734aee3bf129820,9,6,3.47
b1976734aee3bf129820,10,10,5.78
b1976734aee3bf129820,11,38,21.97
b1976734aee3bf129820,12,14,8.09
b1976734aee3bf129820,13,62,35.84
b1976734aee3bf129820,14,19,10.98
b1976734aee3bf129820,15,0,0.0
b1976734aee3bf129820,16,0,0.0
b1976734aee3bf129820,17,0,0.0
b1976734aee3bf129820,18,0,0.0
b1976734aee3bf129820,19,0,0.0
b1976734aee3bf129820,20,0,0.0
b1976734aee3bf129820,21,0,0.0
b1976734aee3bf129820,22,0,0.0
b1976734aee3bf129820,23,0,0.0
50673b01fd2b0c765572,0,0,0.0
50673b01fd2b0c765572,1,0,0.0
50673b01fd2b0c765572,2,0,0.0
50673b01fd2b0c765572,3,0,0.0
50673b01fd2b0c765572,4,1,0.77
50673b01fd2b0c765572,5,6,4.62
50673b01fd2b0c765572,6,2,1.54
50673b01fd2b0c765572,7,5,3.85
50673b01fd2b0c765572,8,19,14.62
50673b01fd2b0c765572,9,4,3.08
50673b01fd2b0c765572,10,16,12.31
50673b01fd2b0c765572,11,6,4.62
50673b01fd2b0c765572,12,27,20.77
50673b01fd2b0c765572,13,5,3.85
50673b01fd2b0c765572,14,30,23.08
50673b01fd2b0c765572,15,9,6.92
50673b01fd2b0c765572,16,0,0.0
50673b01fd2b0c765572,17,0,0.0
50673b01fd2b0c765572,18,0,0.0
50673b01fd2b0c765572,19,0,0.0
50673b01fd2b0c765572,20,0,0.0
50673b01fd2b0c765572,21,0,0.0
50673b01fd2b0c765572,22,0,0.0
50673b01fd2b0c765572,23,0,0.0
b3ac0cebf20ee45135ca,0,1,0.62
b3ac0cebf20ee45135ca,1,0,0.0
b3ac0cebf20ee45135ca,2,8,5.0
b3ac0cebf20ee45135ca,3,14,8.75
b3ac0cebf20ee45135ca,4,1,0.62
b3ac0cebf20ee45135ca,5,0,0.0
b3ac0cebf20ee45135ca,6,2,1.25
b3ac0cebf20ee45135ca,7,2,1.25
b3ac0cebf20ee45135ca,8,2,1.25
b3ac0cebf20ee45135ca,9,10,6.25
b3ac0cebf20ee45135ca,10,19,11.88
b3ac0cebf20ee45135ca,11,20,12.5
b3ac0cebf20ee45135ca,12,4,2.5
b3ac0cebf20ee45135ca,13,2,1.25
b3ac0cebf20ee45135ca,14,39,24.38
b3ac0cebf20ee45135ca,15,30,18.75
b3ac0cebf20ee45135ca,16,6,3.75
b3ac0cebf20ee45135ca,17,0,0.0
b3ac0cebf20ee45135ca,18,0,0.0
b3ac0cebf20ee45135ca,19,0,0.0
b3ac0cebf20ee45135ca,20,0,0.0
b3ac0cebf20ee45135ca,21,0,0.0
b3ac0cebf20ee45135ca,22,0,0.0
b3ac0cebf20ee45135ca,23,0,0.0
74137c4db75be61c10fa,0,4,2.35
74137c4db75be61c10fa,1,6,3.53
74137c4db75be61c10fa,2,12,7.06
74137c4db75be61c10fa,3,7,4.12
74137c4db75be61c10fa,4,6,3.53
74137c4db75be61c10fa,5,1,0.59
74137c4db75be61c10fa,6,16,9.41
74137c4db75be61c10fa,7,10,5.88
74137c4db75be61c10fa,8,27,15.88
74137c4db75be61c10fa,9,9,5.29
74137c4db75be61c10fa,10,6,3.53
74137c4db75be61c10fa,11,20,11.76
74137c4db75be61c10fa,12,12,7.06
74137c4db75be61c10fa,13,12,7.06
74137c4db75be61c10fa,14,8,4.71
74137c4db75be61c10fa,15,4,2.35
74137c4db75be61c10fa,16,0,0.0
74137c4db75be61c10fa,17,0,0.0
74137c4db75be61c10fa,18,0,0.0
74137c4db75be61c10fa,19,0,0.0
74137c4db75be61c10fa,20,0,0.0
74137c4db75be61c10fa,21,0,0.0
74137c4db75be61c10fa,22,2,1.18
74137c4db75be61c10fa,23,8,4.71
781f69b185122bfaddca,0,0,0.0
781f69b185122bfaddca,1,0,0.0
781f69b185122bfaddca,2,0,0.0
781f69b185122bfaddca,3,4,4.08
781f69b185122bfaddca,4,13,13.27
781f69b185122bfaddca,5,11,11.22
781f69b185122bfaddca,6,11,11.22
781f69b185122bfaddca,7,7,7.14
781f69b185122bfaddca,8,6,6.12
781f69b185122bfaddca,9,0,0.0
781f69b185122bfaddca,10,2,2.04
781f69b185122bfaddca,11,5,5.1
781f69b185122bfaddca,12,9,9.18
781f69b185122bfaddca,13,11,11.22
781f69b185122bfaddca,14,18,18.37
781f69b185122bfaddca,15,1,1.02
781f69b185122bfaddca,16,0,0.0
781f69b185122bfaddca,17,0,0.0
781f69b185122bfaddca,18,0,0.0
781f69b185122bfaddca,19,0,0.0
781f69b185122bfaddca,20,0,0.0
781f69b185122bfaddca,21,0,0.0
781f69b185122bfaddca,22,0,0.0
781f69b185122bfaddca,23,0,0.0
744e7141564ed216b812,0,1,1.79
744e7141564ed216b812,1,3,5.36
744e7141564ed216b812,2,5,8.93
744e7141564ed216b812,3,12,21.43
744e7141564ed216b812,4,0,0.0
744e7141564ed216b812,5,1,1.79
744e7141564ed216b812,6,1,1.79
744e7141564ed216b812,7,2,3.57
744e7141564ed216b812,8,1,1.79
744e7141564ed216b812,9,0,0.0
744e7141564ed216b812,10,6,10.71
744e7141564ed216b812,11,4,7.14
744e7141564ed216b812,12,4,7.14
744e7141564ed216b812,13,10,17.86
744e7141564ed216b812,14,6,10.71
744e7141564ed216b812,15,0,0.0
744e7141564ed216b812,16,0,0.0
744e7141564ed216b812,17,0,0.0
744e7141564ed216b812,18,0,0.0
744e7141564ed216b812,19,0,0.0
744e7141564ed216b812,20,0,0.0
744e7141564ed216b812,21,0,0.0
744e7141564ed216b812,22,0,0.0
744e7141564ed216b812,23,0,0.0
3c1b9222136b752563f6,0,0,0.0
3c1b9222136b752563f6,1,0,0.0
3c1b9222136b752563f6,2,0,0.0
3c1b9222136b752563f6,3,0,0.0
3c1b9222136b752563f6,4,0,0.0
3c1b9222136b752563f6,5,0,0.0
3c1b9222136b752563f6,6,0,0.0
3c1b9222136b752563f6,7,0,0.0
3c1b9222136b752563f6,8,3,4.92
3c1b9222136b752563f6,9,3,4.92
3c1b9222136b752563f6,10,20,32.79
3c1b9222136b752563f6,11,19,31.15
3c1b9222136b752563f6,12,2,3.28
3c1b9222136b752563f6,13,3,4.92
3c1b9222136b752563f6,14,10,16.39
3c1b9222136b752563f6,15,1,1.64
3c1b9222136b752563f6,16,0,0.0
3c1b9222136b752563f6,17,0,0.0
3c1b9222136b752563f6,18,0,0.0
3c1b9222136b752563f6,19,0,0.0
3c1b9222136b752563f6,20,0,0.0
3c1b9222136b752563f6,21,0,0.0
3c1b9222136b752563f6,22,0,0.0
3c1b9222136b752563f6,23,0,0.0
48a96425072cefa0dc69,0,0,0.0
48a96425072cefa0dc69,1,0,0.0
48a96425072cefa0dc69,2,3,3.06
48a96425072cefa0dc69,3,1,1.02
48a96425072cefa0dc69,4,1,1.02
48a96425072cefa0dc69,5,10,10.2
48a96425072cefa0dc69,6,9,9.18
48a96425072cefa0dc69,7,3,3.06
48a96425072cefa0dc69,8,10,10.2
48a96425072cefa0dc69,9,5,5.1
48a96425072cefa0dc69,10,6,6.12
48a96425072cefa0dc69,11,11,11.22
48a96425072cefa0dc69,12,7,7.14
48a96425072cefa0dc69,13,9,9.18
48a96425072cefa0dc69,14,10,10.2
48a96425072cefa0dc69,15,6,6.12
48a96425072cefa0dc69,16,7,7.14
48a96425072cefa0dc69,17,0,0.0
48a96425072cefa0dc69,18,0,0.0
48a96425072cefa0dc69,19,0,0.0
48a96425072cefa0dc69,20,0,0.0
48a96425072cefa0dc69,21,0,0.0
48a96425072cefa0dc69,22,0,0.0
48a96425072cefa0dc69,23,0,0.0
8ee4fdce37fceab5620a,0,0,0.0
8ee4fdce37fceab5620a,1,0,0.0
8ee4fdce37fceab5620a,2,5,9.62
8ee4fdce37fceab5620a,3,1,1.92
8ee4fdce37fceab5620a,4,0,0.0
8ee4fdce37fceab5620a,5,0,0.0
8ee4fdce37fceab5620a,6,0,0.0
8ee4fdce37fceab5620a,7,0,0.0
8ee4fdce37fceab5620a,8,0,0.0
8ee4fdce37fceab5620a,9,0,0.0
8ee4fdce37fceab5620a,10,8,15.38
8ee4fdce37fceab5620a,11,6,11.54
8ee4fdce37fceab5620a,12,3,5.77
8ee4fdce37fceab5620a,13,21,40.38
8ee4fdce37fceab5620a,14,8,15.38
8ee4fdce37fceab5620a,15,0,0.0
8ee4fdce37fceab5620a,16,0,0.0
8ee4fdce37fceab5620a,17,0,0.0
8ee4fdce37fceab5620a,18,0,0.0
8ee4fdce37fceab5620a,19,0,0.0
8ee4fdce37fceab5620a,20,0,0.0
8ee4fdce37fceab5620a,21,0,0.0
8ee4fdce37fceab5620a,22,0,0.0
8ee4fdce37fceab5620a,23,0,0.0
d6d4488fa27e11465974,0,0,0.0
d6d4488fa27e11465974,1,1,1.79
d6d4488fa27e11465974,2,0,0.0
d6d4488fa27e11465974,3,0,0.0
d6d4488fa27e11465974,4,1,1.79
d6d4488fa27e11465974,5,1,1.79
d6d4488fa27e11465974,6,3,5.36
d6d4488fa27e11465974,7,1,1.79
d6d4488fa27e11465974,8,4,7.14
d6d4488fa27e11465974,9,0,0.0
d6d4488fa27e11465974,10,4,7.14
d6d4488fa27e11465974,11,5,8.93
d6d4488fa27e11465974,12,10,17.86
d6d4488fa27e11465974,13,15,26.79
d6d4488fa27e11465974,14,5,8.93
d6d4488fa27e11465974,15,5,8.93
d6d4488fa27e11465974,16,0,0.0
d6d4488fa27e11465974,17,0,0.0
d6d4488fa27e11465974,18,0,0.0
d6d4488fa27e11465974,19,0,0.0
d6d4488fa27e11465974,20,0,0.0
d6d4488fa27e11465974,21,0,0.0
d6d4488fa27e11465974,22,0,0.0
d6d4488fa27e11465974,23,1,1.79
6efd353d32bd3d908b23,0,0,0.0
6efd353d32bd3d908b23,1,0,0.0
6efd353d32bd3d908b23,2,0,0.0
6efd353d32bd3d908b23,3,0,0.0
6efd353d32bd3d908b23,4,0,0.0
6efd353d32bd3d908b23,5,4,3.6
6efd353d32bd3d908b23,6,0,0.0
6efd353d32bd3d908b23,7,0,0.0
6efd353d32bd3d908b23,8,25,22.52
6efd353d32bd3d908b23,9,3,2.7
6efd353d32bd3d908b23,10,0,0.0
6efd353d32bd3d908b23,11,29,26.13
6efd353d32bd3d908b23,12,11,9.91
6efd353d32bd3d908b23,13,31,27.93
6efd353d32bd3d908b23,14,8,7.21
6efd353d32bd3d908b23,15,0,0.0
6efd353d32bd3d908b23,16,0,0.0
6efd353d32bd3d908b23,17,0,0.0
6efd353d32bd3d908b23,18,0,0.0
6efd353d32bd3d908b23,19,0,0.0
6efd353d32bd3d908b23,20,0,0.0
6efd353d32bd3d908b23,21,0,0.0
6efd353d32bd3d908b23,22,0,0.0
6efd353d32bd3d908b23,23,0,0.0
4ca5c8ea55be09213d14,0,0,0.0
4ca5c8ea55be09213d14,1,0,0.0
4ca5c8ea55be09213d14,2,0,0.0
4ca5c8ea55be09213d14,3,0,0.0
4ca5c8ea55be09213d14,4,0,0.0
4ca5c8ea55be09213d14,5,0,0.0
4ca5c8ea55be09213d14,6,0,0.0
4ca5c8ea55be09213d14,7,5,5.21
4ca5c8ea55be09213d14,8,24,25.0
4ca5c8ea55be09213d14,9,4,4.17
4ca5c8ea55be09213d14,10,1,1.04
4ca5c8ea55be09213d14,11,5,5.21
4ca5c8ea55be09213d14,12,0,0.0
4ca5c8ea55be09213d14,13,10,10.42
4ca5c8ea55be09213d14,14,24,25.0
4ca5c8ea55be09213d14,15,23,23.96
4ca5c8ea55be09213d14,16,0,0.0
4ca5c8ea55be09213d14,17,0,0.0
4ca5c8ea55be09213d14,18,0,0.0
4ca5c8ea55be09213d14,19,0,0.0
4ca5c8ea55be09213d14,20,0,0.0
4ca5c8ea55be09213d14,21,0,0.0
4ca5c8ea55be09213d14,22,0,0.0
4ca5c8ea55be09213d14,23,0,0.0
ec86426a6e0331d06091,0,0,0.0
ec86426a6e0331d06091,1,0,0.0
ec86426a6e0331d06091,2,0,0.0
ec86426a6e0331d06091,3,0,0.0
ec86426a6e0331d06091,4,0,0.0
ec86426a6e0331d06091,5,0,0.0
ec86426a6e0331d06091,6,0,0.0
ec86426a6e0331d06091,7,0,0.0
ec86426a6e0331d06091,8,0,0.0
ec86426a6e0331d06091,9,15,17.65
ec86426a6e0331d06091,10,24,28.24
ec86426a6e0331d06091,11,17,20.0
ec86426a6e0331d06091,12,24,28.24
ec86426a6e0331d06091,13,2,2.35
ec86426a6e0331d06091,14,3,3.53
ec86426a6e0331d06091,15,0,0.0
ec86426a6e0331d06091,16,0,0.0
ec86426a6e0331d06091,17,0,0.0
ec86426a6e0331d06091,18,0,0.0
ec86426a6e0331d06091,19,0,0.0
ec86426a6e0331d06091,20,0,0.0
ec86426a6e0331d06091,21,0,0.0
ec86426a6e0331d06091,22,0,0.0
ec86426a6e0331d06091,23,0,0.0
09400a9b50b6c96c5510,0,0,0.0
09400a9b50b6c96c5510,1,0,0.0
09400a9b50b6c96c5510,2,12,8.76
09400a9b50b6c96c5510,3,3,2.19
09400a9b50b6c96c5510,4,0,0.0
09400a9b50b6c96c5510,5,5,3.65
09400a9b50b6c96c5510,6,10,7.3
09400a9b50b6c96c5510,7,0,0.0
09400a9b50b6c96c5510,8,7,5.11
09400a9b50b6c96c5510,9,2,1.46
09400a9b50b6c96c5510,10,2,1.46
09400a9b50b6c96c5510,11,7,5.11
09400a9b50b6c96c5510,12,0,0.0
09400a9b50b6c96c5510,13,10,7.3
09400a9b50b6c96c5510,14,37,27.01
09400a9b50b6c96c5510,15,40,29.2
09400a9b50b6c96c5510,16,2,1.46
09400a9b50b6c96c5510,17,0,0.0
09400a9b50b6c96c5510,18,0,0.0
09400a9b50b6c96c5510,19,0,0.0
09400a9b50b6c96c5510,20,0,0.0
09400a9b50b6c96c5510,21,0,0.0
09400a9b50b6c96c5510,22,0,0.0
09400a9b50b6c96c5510,23,0,0.0
f5jwwahac3fyc6rq5tex,0,2,1.89
f5jwwahac3fyc6rq5tex,1,2,1.89
f5jwwahac3fyc6rq5tex,2,3,2.83
f5jwwahac3fyc6rq5tex,3,4,3.77
f5jwwahac3fyc6rq5tex,4,4,3.77
f5jwwahac3fyc6rq5tex,5,2,1.89
f5jwwahac3fyc6rq5tex,6,8,7.55
f5jwwahac3fyc6rq5tex,7,10,9.43
f5jwwahac3fyc6rq5tex,8,4,3.77
f5jwwahac3fyc6rq5tex,9,6,5.66
f5jwwahac3fyc6rq5tex,10,9,8.49
f5jwwahac3fyc6rq5tex,11,9,8.49
f5jwwahac3fyc6rq5tex,12,12,11.32
f5jwwahac3fyc6rq5tex,13,8,7.55
f5jwwahac3fyc6rq5tex,14,9,8.49
f5jwwahac3fyc6rq5tex,15,9,8.49
f5jwwahac3fyc6rq5tex,16,3,2.83
f5jwwahac3fyc6rq5tex,17,0,0.0
f5jwwahac3fyc6rq5tex,18,2,1.89
f5jwwahac3fyc6rq5tex,19,0,0.0
f5jwwahac3fyc6rq5tex,20,0,0.0
f5jwwahac3fyc6rq5tex,21,0,0.0
f5jwwahac3fyc6rq5tex,22,0,0.0
f5jwwahac3fyc6rq5tex,23,0,0.0
mwmft9w9vjod1g7jidmb,0,2,1.89
mwmft9w9vjod1g7jidmb,1,1,0.94
mwmft9w9vjod1g7jidmb,2,3,2.83
mwmft9w9vjod1g7jidmb,3,1,0.94
mwmft9w9vjod1g7jidmb,4,4,3.77
mwmft9w9vjod1g7jidmb,5,3,2.83
mwmft9w9vjod1g7jidmb,6,3,2.83
mwmft9w9vjod1g7jidmb,7,4,3.77
mwmft9w9vjod1g7jidmb,8,9,8.49
mwmft9w9vjod1g7jidmb,9,9,8.49
mwmft9w9vjod1g7jidmb,10,8,7.55
mwmft9w9vjod1g7jidmb,11,10,9.43
mwmft9w9vjod1g7jidmb,12,15,14.15
mwmft9w9vjod1g7jidmb,13,5,4.72
mwmft9w9vjod1g7jidmb,14,15,14.15
mwmft9w9vjod1g7jidmb,15,10,9.43
mwmft9w9vjod1g7jidmb,16,3,2.83
mwmft9w9vjod1g7jidmb,17,1,0.94
mwmft9w9vjod1g7jidmb,18,0,0.0
mwmft9w9vjod1g7jidmb,19,0,0.0
mwmft9w9vjod1g7jidmb,20,0,0.0
mwmft9w9vjod1g7jidmb,21,0,0.0
mwmft9w9vjod1g7jidmb,22,0,0.0
mwmft9w9vjod1g7jidmb,23,0,0.0
zprxec1qxs8nqsmc5830,0,0,0.0
zprxec1qxs8nqsmc5830,1,3,2.48
zprxec1qxs8nqsmc5830,2,3,2.48
zprxec1qxs8nqsmc5830,3,3,2.48
zprxec1qxs8nqsmc5830,4,3,2.48
zprxec1qxs8nqsmc5830,5,4,3.31
zprxec1qxs8nqsmc5830,6,4,3.31
zprxec1qxs8nqsmc5830,7,8,6.61
zprxec1qxs8nqsmc5830,8,7,5.79
zprxec1qxs8nqsmc5830,9,5,4.13
zprxec1qxs8nqsmc5830,10,7,5.79
zprxec1qxs8nqsmc5830,11,8,6.61
zprxec1qxs8nqsmc5830,12,16,13.22
zprxec1qxs8nqsmc5830,13,13,10.74
zprxec1qxs8nqsmc5830,14,17,14.05
zprxec1qxs8nqsmc5830,15,11,9.09
zprxec1qxs8nqsmc5830,16,5,4.13
zprxec1qxs8nqsmc5830,17,2,1.65
zprxec1qxs8nqsmc5830,18,1,0.83
zprxec1qxs8nqsmc5830,19,0,0.0
zprxec1qxs8nqsmc5830,20,0,0.0
zprxec1qxs8nqsmc5830,21,0,0.0
zprxec1qxs8nqsmc5830,22,0,0.0
zprxec1qxs8nqsmc5830,23,1,0.83
cygc6ulxpz04ex7under,0,2,1.96
cygc6ulxpz04ex7under,1,1,0.98
cygc6ulxpz04ex7under,2,3,2.94
cygc6ulxpz04ex7under,3,2,1.96
cygc6ulxpz04ex7under,4,1,0.98
cygc6ulxpz04ex7under,5,2,1.96
cygc6ulxpz04ex7under,6,2,1.96
cygc6ulxpz04ex7under,7,4,3.92
cygc6ulxpz04ex7under,8,7,6.86
cygc6ulxpz04ex7under,9,3,2.94
cygc6ulxpz04ex7under,10,12,11.76
cygc6ulxpz04ex7under,11,11,10.78
cygc6ulxpz04ex7under,12,11,10.78
cygc6ulxpz04ex7under,13,12,11.76
cygc6ulxpz04ex7under,14,18,17.65
cygc6ulxpz04ex7under,15,8,7.84
cygc6ulxpz04ex7under,16,2,1.96
cygc6ulxpz04ex7under,17,0,0.0
cygc6ulxpz04ex7under,18,0,0.0
cygc6ulxpz04ex7under,19,0,0.0
cygc6ulxpz04ex7under,20,0,0.0
cygc6ulxpz04ex7under,21,0,0.0
cygc6ulxpz04ex7under,22,0,0.0
cygc6ulxpz04ex7under,23,1,0.98
m4qqnaq8p8fn7b7bl5ic,0,2,1.89
m4qqnaq8p8fn7b7bl5ic,1,1,0.94
m4qqnaq8p8fn7b7bl5ic,2,5,4.72
m4qqnaq8p8fn7b7bl5ic,3,6,5.66
m4qqnaq8p8fn7b7bl5ic,4,4,3.77
m4qqnaq8p8fn7b7bl5ic,5,6,5.66
m4qqnaq8p8fn7b7bl5ic,6,4,3.77
m4qqnaq8p8fn7b7bl5ic,7,2,1.89
m4qqnaq8p8fn7b7bl5ic,8,2,1.89
m4qqnaq8p8fn7b7bl5ic,9,1,0.94
m4qqnaq8p8fn7b7bl5ic,10,12,11.32
m4qqnaq8p8fn7b7bl5ic,11,11,10.38
m4qqnaq8p8fn7b7bl5ic,12,18,16.98
m4qqnaq8p8fn7b7bl5ic,13,8,7.55
m4qqnaq8p8fn7b7bl5ic,14,16,15.09
m4qqnaq8p8fn7b7bl5ic,15,7,6.6
m4qqnaq8p8fn7b7bl5ic,16,1,0.94
m4qqnaq8p8fn7b7bl5ic,17,0,0.0
m4qqnaq8p8fn7b7bl5ic,18,0,0.0
m4qqnaq8p8fn7b7bl5ic,19,0,0.0
m4qqnaq8p8fn7b7bl5ic,20,0,0.0
m4qqnaq8p8fn7b7bl5ic,21,0,0.0
m4qqnaq8p8fn7b7bl5ic,22,0,0.0
m4qqnaq8p8fn7b7bl5ic,23,0,0.0
sx57v4y3hp52f9selxdo,0,0,0.0
sx57v4y3hp52f9selxdo,1,2,1.92
sx57v4y3hp52f9selxdo,2,1,0.96
sx57v4y3hp52f9selxdo,3,0,0.0
sx57v4y3hp52f9selxdo,4,3,2.88
sx57v4y3hp52f9selxdo,5,3,2.88
sx57v4y3hp52f9selxdo,6,7,6.73
sx57v4y3hp52f9selxdo,7,6,5.77
sx57v4y3hp52f9selxdo,8,10,9.62
sx57v4y3hp52f9selxdo,9,10,9.62
sx57v4y3hp52f9selxdo,10,11,10.58
sx57v4y3hp52f9selxdo,11,12,11.54
sx57v4y3hp52f9selxdo,12,7,6.73
sx57v4y3hp52f9selxdo,13,12,11.54
sx57v4y3hp52f9selxdo,14,9,8.65
sx57v4y3hp52f9selxdo,15,7,6.73
sx57v4y3hp52f9selxdo,16,2,1.92
sx57v4y3hp52f9selxdo,17,0,0.0
sx57v4y3hp52f9selxdo,18,0,0.0
sx57v4y3hp52f9selxdo,19,0,0.0
sx57v4y3hp52f9selxdo,20,0,0.0
sx57v4y3hp52f9selxdo,21,0,0.0
sx57v4y3hp52f9selxdo,22,0,0.0
sx57v4y3hp52f9selxdo,23,2,1.92
ksm67082xy9g2wnalt38,0,1,0.88
ksm67082xy9g2wnalt38,1,1,0.88
ksm67082xy9g2wnalt38,2,5,4.42
ksm67082xy9g2wnalt38,3,4,3.54
ksm67082xy9g2wnalt38,4,7,6.19
ksm67082xy9g2wnalt38,5,5,4.42
ksm67082xy9g2wnalt38,6,2,1.77
ksm67082xy9g2wnalt38,7,4,3.54
ksm67082xy9g2wnalt38,8,13,11.5
ksm67082xy9g2wnalt38,9,6,5.31
ksm67082xy9g2wnalt38,10,9,7.96
ksm67082xy9g2wnalt38,11,11,9.73
ksm67082xy9g2wnalt38,12,9,7.96
ksm67082xy9g2wnalt38,13,10,8.85
ksm67082xy9g2wnalt38,14,10,8.85
ksm67082xy9g2wnalt38,15,13,11.5
ksm67082xy9g2wnalt38,16,2,1.77
ksm67082xy9g2wnalt38,17,0,0.0
ksm67082xy9g2wnalt38,18,1,0.88
ksm67082xy9g2wnalt38,19,0,0.0
ksm67082xy9g2wnalt38,20,0,0.0
ksm67082xy9g2wnalt38,21,0,0.0
ksm67082xy9g2wnalt38,22,0,0.0
ksm67082xy9g2wnalt38,23,0,0.0
58widcj6smafuwyqxw2m,0,1,0.87
58widcj6smafuwyqxw2m,1,4,3.48
58widcj6smafuwyqxw2m,2,1,0.87
58widcj6smafuwyqxw2m,3,3,2.61
58widcj6smafuwyqxw2m,4,3,2.61
58widcj6smafuwyqxw2m,5,0,0.0
58widcj6smafuwyqxw2m,6,6,5.22
58widcj6smafuwyqxw2m,7,4,3.48
58widcj6smafuwyqxw2m,8,12,10.43
58widcj6smafuwyqxw2m,9,5,4.35
58widcj6smafuwyqxw2m,10,5,4.35
58widcj6smafuwyqxw2m,11,7,6.09
58widcj6smafuwyqxw2m,12,11,9.57
58widcj6smafuwyqxw2m,13,18,15.65
58widcj6smafuwyqxw2m,14,18,15.65
58widcj6smafuwyqxw2m,15,13,11.3
58widcj6smafuwyqxw2m,16,1,0.87
58widcj6smafuwyqxw2m,17,2,1.74
58widcj6smafuwyqxw2m,18,1,0.87
58widcj6smafuwyqxw2m,19,0,0.0
58widcj6smafuwyqxw2m,20,0,0.0
58widcj6smafuwyqxw2m,21,0,0.0
58widcj6smafuwyqxw2m,22,0,0.0
58widcj6smafuwyqxw2m,23,0,0.0
n3dkt0eq0ekpby9lv06i,0,1,1.04
n3dkt0eq0ekpby9lv06i,1,4,4.17
n3dkt0eq0ekpby9lv06i,2,3,3.12
n3dkt0eq0ekpby9lv06i,3,2,2.08
n3dkt0eq0ekpby9lv06i,4,4,4.17
n3dkt0eq0ekpby9lv06i,5,1,1.04
n3dkt0eq0ekpby9lv06i,6,5,5.21
n3dkt0eq0ekpby9lv06i,7,4,4.17
n3dkt0eq0ekpby9lv06i,8,5,5.21
n3dkt0eq0ekpby9lv06i,9,6,6.25
n3dkt0eq0ekpby9lv06i,10,8,8.33
n3dkt0eq0ekpby9lv06i,11,12,12.5
n3dkt0eq0ekpby9lv06i,12,9,9.38
n3dkt0eq0ekpby9lv06i,13,7,7.29
n3dkt0eq0ekpby9lv06i,14,15,15.62
n3dkt0eq0ekpby9lv06i,15,10,10.42
n3dkt0eq0ekpby9lv06i,16,0,0.0
n3dkt0eq0ekpby9lv06i,17,0,0.0
n3dkt0eq0ekpby9lv06i,18,0,0.0
n3dkt0eq0ekpby9lv06i,19,0,0.0
n3dkt0eq0ekpby9lv06i,20,0,0.0
n3dkt0eq0ekpby9lv06i,21,0,0.0
n3dkt0eq0ekpby9lv06i,22,0,0.0
n3dkt0eq0ekpby9lv06i,23,0,0.0
v4k20n9xryqdpe6fx42x,0,0,0.0
v4k20n9xryqdpe6fx42x,1,2,1.92
v4k20n9xryqdpe6fx42x,2,3,2.88
v4k20n9xryqdpe6fx42x,3,3,2.88
v4k20n9xryqdpe6fx42x,4,4,3.85
v4k20n9xryqdpe6fx42x,5,3,2.88
v4k20n9xryqdpe6fx42x,6,3,2.88
v4k20n9xryqdpe6fx42x,7,6,5.77
v4k20n9xryqdpe6fx42x,8,6,5.77
v4k20n9xryqdpe6fx42x,9,4,3.85
v4k20n9xryqdpe6fx42x,10,8,7.69
v4k20n9xryqdpe6fx42x,11,12,11.54
v4k20n9xryqdpe6fx42x,12,8,7.69
v4k20n9xryqdpe6fx42x,13,12,11.54
v4k20n9xryqdpe6fx42x,14,20,19.23
v4k20n9xryqdpe6fx42x,15,6,5.77
v4k20n9xryqdpe6fx42x,16,4,3.85
v4k20n9xryqdpe6fx42x,17,0,0.0
v4k20n9xryqdpe6fx42x,18,0,0.0
v4k20n9xryqdpe6fx42x,19,0,0.0
v4k20n9xryqdpe6fx42x,20,0,0.0
v4k20n9xryqdpe6fx42x,21,0,0.0
v4k20n9xryqdpe6fx42x,22,0,0.0
v4k20n9xryqdpe6fx42x,23,0,0.0
35wcdp4s13xmtyq5f7os,0,4,3.77
35wcdp4s13xmtyq5f7os,1,0,0.0
35wcdp4s13xmtyq5f7os,2,5,4.72
35wcdp4s13xmtyq5f7os,3,1,0.94
35wcdp4s13xmtyq5f7os,4,2,1.89
35wcdp4s13xmtyq5f7os,5,5,4.72
35wcdp4s13xmtyq5f7os,6,3,2.83
35wcdp4s13xmtyq5f7os,7,7,6.6
35wcdp4s13xmtyq5f7os,8,6,5.66
35wcdp4s13xmtyq5f7os,9,2,1.89
35wcdp4s13xmtyq5f7os,10,10,9.43
35wcdp4s13xmtyq5f7os,11,10,9.43
35wcdp4s13xmtyq5f7os,12,12,11.32
35wcdp4s13xmtyq5f7os,13,14,13.21
35wcdp4s13xmtyq5f7os,14,15,14.15
35wcdp4s13xmtyq5f7os,15,9,8.49
35wcdp4s13xmtyq5f7os,16,1,0.94
35wcdp4s13xmtyq5f7os,17,0,0.0
35wcdp4s13xmtyq5f7os,18,0,0.0
35wcdp4s13xmtyq5f7os,19,0,0.0
35wcdp4s13xmtyq5f7os,20,0,0.0
35wcdp4s13xmtyq5f7os,21,0,0.0
35wcdp4s13xmtyq5f7os,22,0,0.0
35wcdp4s13xmtyq5f7os,23,0,0.0
2ddkknvpbz2j9wlvybtj,0,4,3.67
2ddkknvpbz2j9wlvybtj,1,4,3.67
2ddkknvpbz2j9wlvybtj,2,3,2.75
2ddkknvpbz2j9wlvybtj,3,4,3.67
2ddkknvpbz2j9wlvybtj,4,4,3.67
2ddkknvpbz2j9wlvybtj,5,4,3.67
2ddkknvpbz2j9wlvybtj,6,4,3.67
2ddkknvpbz2j9wlvybtj,7,6,5.5
2ddkknvpbz2j9wlvybtj,8,11,10.09
2ddkknvpbz2j9wlvybtj,9,4,3.67
2ddkknvpbz2j9wlvybtj,10,8,7.34
2ddkknvpbz2j9wlvybtj,11,5,4.59
2ddkknvpbz2j9wlvybtj,12,12,11.01
2ddkknvpbz2j9wlvybtj,13,11,10.09
2ddkknvpbz2j9wlvybtj,14,10,9.17
2ddkknvpbz2j9wlvybtj,15,10,9.17
2ddkknvpbz2j9wlvybtj,16,3,2.75
2ddkknvpbz2j9wlvybtj,17,1,0.92
2ddkknvpbz2j9wlvybtj,18,0,0.0
2ddkknvpbz2j9wlvybtj,19,1,0.92
2ddkknvpbz2j9wlvybtj,20,0,0.0
2ddkknvpbz2j9wlvybtj,21,0,0.0
2ddkknvpbz2j9wlvybtj,22,0,0.0
2ddkknvpbz2j9wlvybtj,23,0,0.0
10qi28ikwz4c4v22b06i,0,1,0.96
10qi28ikwz4c4v22b06i,1,2,1.92
10qi28ikwz4c4v22b06i,2,5,4.81
10qi28ikwz4c4v22b06i,3,3,2.88
10qi28ikwz4c4v22b06i,4,3,2.88
10qi28ikwz4c4v22b06i,5,2,1.92
10qi28ikwz4c4v22b06i,6,4,3.85
10qi28ikwz4c4v22b06i,7,4,3.85
10qi28ikwz4c4v22b06i,8,2,1.92
10qi28ikwz4c4v22b06i,9,2,1.92
10qi28ikwz4c4v22b06i,10,9,8.65
10qi28ikwz4c4v22b06i,11,11,10.58
10qi28ikwz4c4v22b06i,12,3,2.88
10qi28ikwz4c4v22b06i,13,14,13.46
10qi28ikwz4c4v22b06i,14,20,19.23
10qi28ikwz4c4v22b06i,15,13,12.5
10qi28ikwz4c4v22b06i,16,4,3.85
10qi28ikwz4c4v22b06i,17,1,0.96
10qi28ikwz4c4v22b06i,18,1,0.96
10qi28ikwz4c4v22b06i,19,0,0.0
10qi28ikwz4c4v22b06i,20,0,0.0
10qi28ikwz4c4v22b06i,21,0,0.0
10qi28ikwz4c4v22b06i,22,0,0.0
10qi28ikwz4c4v22b06i,23,0,0.0
9b0guld0vdm0ggmmfb8k,0,1,1.0
9b0guld0vdm0ggmmfb8k,1,2,2.0
9b0guld0vdm0ggmmfb8k,2,4,4.0
9b0guld0vdm0ggmmfb8k,3,2,2.0
9b0guld0vdm0ggmmfb8k,4,1,1.0
9b0guld0vdm0ggmmfb8k,5,2,2.0
9b0guld0vdm0ggmmfb8k,6,2,2.0
9b0guld0vdm0ggmmfb8k,7,6,6.0
9b0guld0vdm0ggmmfb8k,8,11,11.0
9b0guld0vdm0ggmmfb8k,9,7,7.0
9b0guld0vdm0ggmmfb8k,10,6,6.0
9b0guld0vdm0ggmmfb8k,11,5,5.0
9b0guld0vdm0ggmmfb8k,12,9,9.0
9b0guld0vdm0ggmmfb8k,13,5,5.0
9b0guld0vdm0ggmmfb8k,14,23,23.0
9b0guld0vdm0ggmmfb8k,15,12,12.0
9b0guld0vdm0ggmmfb8k,16,1,1.0
9b0guld0vdm0ggmmfb8k,17,1,1.0
9b0guld0vdm0ggmmfb8k,18,0,0.0
9b0guld0vdm0ggmmfb8k,19,0,0.0
9b0guld0vdm0ggmmfb8k,20,0,0.0
9b0guld0vdm0ggmmfb8k,21,0,0.0
9b0guld0vdm0ggmmfb8k,22,0,0.0
9b0guld0vdm0ggmmfb8k,23,0,0.0
1t6e0wa99fijxi3ssnzk,0,1,1.1
1t6e0wa99fijxi3ssnzk,1,3,3.3
1t6e0wa99fijxi3ssnzk,2,5,5.49
1t6e0wa99fijxi3ssnzk,3,2,2.2
1t6e0wa99fijxi3ssnzk,4,3,3.3
1t6e0wa99fijxi3ssnzk,5,4,4.4
1t6e0wa99fijxi3ssnzk,6,1,1.1
1t6e0wa99fijxi3ssnzk,7,0,0.0
1t6e0wa99fijxi3ssnzk,8,10,10.99
1t6e0wa99fijxi3ssnzk,9,3,3.3
1t6e0wa99fijxi3ssnzk,10,9,9.89
1t6e0wa99fijxi3ssnzk,11,9,9.89
1t6e0wa99fijxi3ssnzk,12,7,7.69
1t6e0wa99fijxi3ssnzk,13,12,13.19
1t6e0wa99fijxi3ssnzk,14,11,12.09
1t6e0wa99fijxi3ssnzk,15,8,8.79
1t6e0wa99fijxi3ssnzk,16,1,1.1
1t6e0wa99fijxi3ssnzk,17,0,0.0
1t6e0wa99fijxi3ssnzk,18,1,1.1
1t6e0wa99fijxi3ssnzk,19,0,0.0
1t6e0wa99fijxi3ssnzk,20,0,0.0
1t6e0wa99fijxi3ssnzk,21,0,0.0
1t6e0wa99fijxi3ssnzk,22,0,0.0
1t6e0wa99fijxi3ssnzk,23,1,1.1
q1movls9kc4kglv6sb5g,0,2,1.74
q1movls9kc4kglv6sb5g,1,4,3.48
q1movls9kc4kglv6sb5g,2,4,3.48
q1movls9kc4kglv6sb5g,3,5,4.35
q1movls9kc4kglv6sb5g,4,5,4.35
q1movls9kc4kglv6sb5g,5,1,0.87
q1movls9kc4kglv6sb5g,6,7,6.09
q1movls9kc4kglv6sb5g,7,2,1.74
q1movls9kc4kglv6sb5g,8,12,10.43
q1movls9kc4kglv6sb5g,9,6,5.22
q1movls9kc4kglv6sb5g,10,7,6.09
q1movls9kc4kglv6sb5g,11,11,9.57
q1movls9kc4kglv6sb5g,12,14,12.17
q1movls9kc4kglv6sb5g,13,7,6.09
q1movls9kc4kglv6sb5g,14,11,9.57
q1movls9kc4kglv6sb5g,15,15,13.04
q1movls9kc4kglv6sb5g,16,1,0.87
q1movls9kc4kglv6sb5g,17,0,0.0
q1movls9kc4kglv6sb5g,18,0,0.0
q1movls9kc4kglv6sb5g,19,0,0.0
q1movls9kc4kglv6sb5g,20,0,0.0
q1movls9kc4kglv6sb5g,21,0,0.0
q1movls9kc4kglv6sb5g,22,0,0.0
q1movls9kc4kglv6sb5g,23,1,0.87
628bztd9ybuth5efk7nw,0,2,1.6
628bztd9ybuth5efk7nw,1,6,4.8
628bztd9ybuth5efk7nw,2,11,8.8
628bztd9ybuth5efk7nw,3,1,0.8
628bztd9ybuth5efk7nw,4,3,2.4
628bztd9ybuth5efk7nw,5,4,3.2
628bztd9ybuth5efk7nw,6,5,4.0
628bztd9ybuth5efk7nw,7,8,6.4
628bztd9ybuth5efk7nw,8,7,5.6
628bztd9ybuth5efk7nw,9,3,2.4
628bztd9ybuth5efk7nw,10,11,8.8
628bztd9ybuth5efk7nw,11,12,9.6
628bztd9ybuth5efk7nw,12,7,5.6
628bztd9ybuth5efk7nw,13,13,10.4
628bztd9ybuth5efk7nw,14,17,13.6
628bztd9ybuth5efk7nw,15,9,7.2
628bztd9ybuth5efk7nw,16,4,3.2
628bztd9ybuth5efk7nw,17,2,1.6
628bztd9ybuth5efk7nw,18,0,0.0
628bztd9ybuth5efk7nw,19,0,0.0
628bztd9ybuth5efk7nw,20,0,0.0
628bztd9ybuth5efk7nw,21,0,0.0
628bztd9ybuth5efk7nw,22,0,0.0
628bztd9ybuth5efk7nw,23,0,0.0
vbgs2hp7aiiw880dpm1s,0,1,0.93
vbgs2hp7aiiw880dpm1s,1,1,0.93
vbgs2hp7aiiw880dpm1s,2,6,5.56
vbgs2hp7aiiw880dpm1s,3,5,4.63
vbgs2hp7aiiw880dpm1s,4,2,1.85
vbgs2hp7aiiw880dpm1s,5,3,2.78
vbgs2hp7aiiw880dpm1s,6,9,8.33
vbgs2hp7aiiw880dpm1s,7,6,5.56
vbgs2hp7aiiw880dpm1s,8,9,8.33
vbgs2hp7aiiw880dpm1s,9,4,3.7
vbgs2hp7aiiw880dpm1s,10,9,8.33
vbgs2hp7aiiw880dpm1s,11,6,5.56
vbgs2hp7aiiw880dpm1s,12,10,9.26
vbgs2hp7aiiw880dpm1s,13,12,11.11
vbgs2hp7aiiw880dpm1s,14,14,12.96
vbgs2hp7aiiw880dpm1s,15,9,8.33
vbgs2hp7aiiw880dpm1s,16,0,0.0
vbgs2hp7aiiw880dpm1s,17,0,0.0
vbgs2hp7aiiw880dpm1s,18,0,0.0
vbgs2hp7aiiw880dpm1s,19,0,0.0
vbgs2hp7aiiw880dpm1s,20,0,0.0
vbgs2hp7aiiw880dpm1s,21,0,0.0
vbgs2hp7aiiw880dpm1s,22,0,0.0
vbgs2hp7aiiw880dpm1s,23,2,1.85
n2bgnbybijni2e9crs4x,0,2,1.92
n2bgnbybijni2e9crs4x,1,1,0.96
n2bgnbybijni2e9crs4x,2,9,8.65
n2bgnbybijni2e9crs4x,3,1,0.96
n2bgnbybijni2e9crs4x,4,1,0.96
n2bgnbybijni2e9crs4x,5,3,2.88
n2bgnbybijni2e9crs4x,6,5,4.81
n2bgnbybijni2e9crs4x,7,1,0.96
n2bgnbybijni2e9crs4x,8,10,9.62
n2bgnbybijni2e9crs4x,9,1,0.96
n2bgnbybijni2e9crs4x,10,6,5.77
n2bgnbybijni2e9crs4x,11,18,17.31
n2bgnbybijni2e9crs4x,12,6,5.77
n2bgnbybijni2e9crs4x,13,12,11.54
n2bgnbybijni2e9crs4x,14,11,10.58
n2bgnbybijni2e9crs4x,15,14,13.46
n2bgnbybijni2e9crs4x,16,2,1.92
n2bgnbybijni2e9crs4x,17,0,0.0
n2bgnbybijni2e9crs4x,18,0,0.0
n2bgnbybijni2e9crs4x,19,0,0.0
n2bgnbybijni2e9crs4x,20,0,0.0
n2bgnbybijni2e9crs4x,21,0,0.0
n2bgnbybijni2e9crs4x,22,0,0.0
n2bgnbybijni2e9crs4x,23,1,0.96
scl0uh5ig9ehluvs46h2,0,2,1.67
scl0uh5ig9ehluvs46h2,1,3,2.5
scl0uh5ig9ehluvs46h2,2,4,3.33
scl0uh5ig9ehluvs46h2,3,1,0.83
scl0uh5ig9ehluvs46h2,4,5,4.17
scl0uh5ig9ehluvs46h2,5,7,5.83
scl0uh5ig9ehluvs46h2,6,4,3.33
scl0uh5ig9ehluvs46h2,7,6,5.0
scl0uh5ig9ehluvs46h2,8,9,7.5
scl0uh5ig9ehluvs46h2,9,4,3.33
scl0uh5ig9ehluvs46h2,10,13,10.83
scl0uh5ig9ehluvs46h2,11,10,8.33
scl0uh5ig9ehluvs46h2,12,12,10.0
scl0uh5ig9ehluvs46h2,13,16,13.33
scl0uh5ig9ehluvs46h2,14,13,10.83
scl0uh5ig9ehluvs46h2,15,8,6.67
scl0uh5ig9ehluvs46h2,16,2,1.67
scl0uh5ig9ehluvs46h2,17,1,0.83
scl0uh5ig9ehluvs46h2,18,0,0.0
scl0uh5ig9ehluvs46h2,19,0,0.0
scl0uh5ig9ehluvs46h2,20,0,0.0
scl0uh5ig9ehluvs46h2,21,0,0.0
scl0uh5ig9ehluvs46h2,22,0,0.0
scl0uh5ig9ehluvs46h2,23,0,0.0
uzk23hynw87co5ru0tr8,0,1,0.81
uzk23hynw87co5ru0tr8,1,1,0.81
uzk23hynw87co5ru0tr8,2,8,6.5
uzk23hynw87co5ru0tr8,3,4,3.25
uzk23hynw87co5ru0tr8,4,3,2.44
uzk23hynw87co5ru0tr8,5,6,4.88
uzk23hynw87co5ru0tr8,6,6,4.88
uzk23hynw87co5ru0tr8,7,3,2.44
uzk23hynw87co5ru0tr8,8,7,5.69
uzk23hynw87co5ru0tr8,9,10,8.13
uzk23hynw87co5ru0tr8,10,9,7.32
uzk23hynw87co5ru0tr8,11,14,11.38
uzk23hynw87co5ru0tr8,12,7,5.69
uzk23hynw87co5ru0tr8,13,17,13.82
uzk23hynw87co5ru0tr8,14,18,14.63
uzk23hynw87co5ru0tr8,15,7,5.69
uzk23hynw87co5ru0tr8,16,1,0.81
uzk23hynw87co5ru0tr8,17,0,0.0
uzk23hynw87co5ru0tr8,18,1,0.81
uzk23hynw87co5ru0tr8,19,0,0.0
uzk23hynw87co5ru0tr8,20,0,0.0
uzk23hynw87co5ru0tr8,21,0,0.0
uzk23hynw87co5ru0tr8,22,0,0.0
uzk23hynw87co5ru0tr8,23,0,0.0
8wkyo305dh8esq6eop37,0,4,3.92
8wkyo305dh8esq6eop37,1,2,1.96
8wkyo305dh8esq6eop37,2,4,3.92
8wkyo305dh8esq6eop37,3,2,1.96
8wkyo305dh8esq6eop37,4,6,5.88
8wkyo305dh8esq6eop37,5,4,3.92
8wkyo305dh8esq6eop37,6,3,2.94
8wkyo305dh8esq6eop37,7,4,3.92
8wkyo305dh8esq6eop37,8,6,5.88
8wkyo305dh8esq6eop37,9,3,2.94
8wkyo305dh8esq6eop37,10,12,11.76
8wkyo305dh8esq6eop37,11,7,6.86
8wkyo305dh8esq6eop37,12,12,11.76
8wkyo305dh8esq6eop37,13,10,9.8
8wkyo305dh8esq6eop37,14,13,12.75
8wkyo305dh8esq6eop37,15,7,6.86
8wkyo305dh8esq6eop37,16,1,0.98
8wkyo305dh8esq6eop37,17,0,0.0
8wkyo305dh8esq6eop37,18,1,0.98
8wkyo305dh8esq6eop37,19,0,0.0
8wkyo305dh8esq6eop37,20,0,0.0
8wkyo305dh8esq6eop37,21,0,0.0
8wkyo305dh8esq6eop37,22,0,0.0
8wkyo305dh8esq6eop37,23,1,0.98
mm5p2ct8c21h4q753p3n,0,2,1.82
mm5p2ct8c21h4q753p3n,1,4,3.64
mm5p2ct8c21h4q753p3n,2,2,1.82
mm5p2ct8c21h4q753p3n,3,1,0.91
mm5p2ct8c21h4q753p3n,4,2,1.82
mm5p2ct8c21h4q753p3n,5,3,2.73
mm5p2ct8c21h4q753p3n,6,4,3.64
mm5p2ct8c21h4q753p3n,7,3,2.73
mm5p2ct8c21h4q753p3n,8,4,3.64
mm5p2ct8c21h4q753p3n,9,3,2.73
mm5p2ct8c21h4q753p3n,10,7,6.36
mm5p2ct8c21h4q753p3n,11,17,15.45
mm5p2ct8c21h4q753p3n,12,19,17.27
mm5p2ct8c21h4q753p3n,13,11,10.0
mm5p2ct8c21h4q753p3n,14,13,11.82
mm5p2ct8c21h4q753p3n,15,10,9.09
mm5p2ct8c21h4q753p3n,16,2,1.82
mm5p2ct8c21h4q753p3n,17,2,1.82
mm5p2ct8c21h4q753p3n,18,0,0.0
mm5p2ct8c21h4q753p3n,19,1,0.91
mm5p2ct8c21h4q753p3n,20,0,0.0
mm5p2ct8c21h4q753p3n,21,0,0.0
mm5p2ct8c21h4q753p3n,22,0,0.0
mm5p2ct8c21h4q753p3n,23,0,0.0
e58gk2f3crnwqnx0gett,0,3,3.19
e58gk2f3crnwqnx0gett,1,4,4.26
e58gk2f3crnwqnx0gett,2,1,1.06
e58gk2f3crnwqnx0gett,3,1,1.06
e58gk2f3crnwqnx0gett,4,8,8.51
e58gk2f3crnwqnx0gett,5,2,2.13
e58gk2f3crnwqnx0gett,6,4,4.26
e58gk2f3crnwqnx0gett,7,5,5.32
e58gk2f3crnwqnx0gett,8,5,5.32
e58gk2f3crnwqnx0gett,9,6,6.38
e58gk2f3crnwqnx0gett,10,8,8.51
e58gk2f3crnwqnx0gett,11,5,5.32
e58gk2f3crnwqnx0gett,12,12,12.77
e58gk2f3crnwqnx0gett,13,8,8.51
e58gk2f3crnwqnx0gett,14,10,10.64
e58gk2f3crnwqnx0gett,15,8,8.51
e58gk2f3crnwqnx0gett,16,2,2.13
e58gk2f3crnwqnx0gett,17,0,0.0
e58gk2f3crnwqnx0gett,18,1,1.06
e58gk2f3crnwqnx0gett,19,0,0.0
e58gk2f3crnwqnx0gett,20,0,0.0
e58gk2f3crnwqnx0gett,21,0,0.0
e58gk2f3crnwqnx0gett,22,0,0.0
e58gk2f3crnwqnx0gett,23,1,1.06
2xsbkm76x36qvddrl2yo,0,1,1.04
2xsbkm76x36qvddrl2yo,1,2,2.08
2xsbkm76x36qvddrl2yo,2,0,0.0
2xsbkm76x36qvddrl2yo,3,2,2.08
2xsbkm76x36qvddrl2yo,4,2,2.08
2xsbkm76x36qvddrl2yo,5,5,5.21
2xsbkm76x36qvddrl2yo,6,5,5.21
2xsbkm76x36qvddrl2yo,7,3,3.12
2xsbkm76x36qvddrl2yo,8,6,6.25
2xsbkm76x36qvddrl2yo,9,4,4.17
2xsbkm76x36qvddrl2yo,10,10,10.42
2xsbkm76x36qvddrl2yo,11,6,6.25
2xsbkm76x36qvddrl2yo,12,12,12.5
2xsbkm76x36qvddrl2yo,13,17,17.71
2xsbkm76x36qvddrl2yo,14,13,13.54
2xsbkm76x36qvddrl2yo,15,6,6.25
2xsbkm76x36qvddrl2yo,16,2,2.08
2xsbkm76x36qvddrl2yo,17,0,0.0
2xsbkm76x36qvddrl2yo,18,0,0.0
2xsbkm76x36qvddrl2yo,19,0,0.0
2xsbkm76x36qvddrl2yo,20,0,0.0
2xsbkm76x36qvddrl2yo,21,0,0.0
2xsbkm76x36qvddrl2yo,22,0,0.0
2xsbkm76x36qvddrl2yo,23,0,0.0
sbb3va36jvpkdpj257ek,0,1,0.93
sbb3va36jvpkdpj257ek,1,2,1.87
sbb3va36jvpkdpj257ek,2,1,0.93
sbb3va36jvpkdpj257ek,3,1,0.93
sbb3va36jvpkdpj257ek,4,2,1.87
sbb3va36jvpkdpj257ek,5,4,3.74
sbb3va36jvpkdpj257ek,6,4,3.74
sbb3va36jvpkdpj257ek,7,5,4.67
sbb3va36jvpkdpj257ek,8,11,10.28
sbb3va36jvpkdpj257ek,9,5,4.67
sbb3va36jvpkdpj257ek,10,11,10.28
sbb3va36jvpkdpj257ek,11,10,9.35
sbb3va36jvpkdpj257ek,12,20,18.69
sbb3va36jvpkdpj257ek,13,11,10.28
sbb3va36jvpkdpj257ek,14,7,6.54
sbb3va36jvpkdpj257ek,15,11,10.28
sbb3va36jvpkdpj257ek,16,1,0.93
sbb3va36jvpkdpj257ek,17,0,0.0
sbb3va36jvpkdpj257ek,18,0,0.0
sbb3va36jvpkdpj257ek,19,0,0.0
sbb3va36jvpkdpj257ek,20,0,0.0
sbb3va36jvpkdpj257ek,21,0,0.0
sbb3va36jvpkdpj257ek,22,0,0.0
sbb3va36jvpkdpj257ek,23,0,0.0
uon3zzl9a1zr5zmeodmr,0,1,1.09
uon3zzl9a1zr5zmeodmr,1,1,1.09
uon3zzl9a1zr5zmeodmr,2,4,4.35
uon3zzl9a1zr5zmeodmr,3,3,3.26
uon3zzl9a1zr5zmeodmr,4,1,1.09
uon3zzl9a1zr5zmeodmr,5,3,3.26
uon3zzl9a1zr5zmeodmr,6,4,4.35
uon3zzl9a1zr5zmeodmr,7,4,4.35
uon3zzl9a1zr5zmeodmr,8,7,7.61
uon3zzl9a1zr5zmeodmr,9,8,8.7
uon3zzl9a1zr5zmeodmr,10,3,3.26
uon3zzl9a1zr5zmeodmr,11,3,3.26
uon3zzl9a1zr5zmeodmr,12,10,10.87
uon3zzl9a1zr5zmeodmr,13,11,11.96
uon3zzl9a1zr5zmeodmr,14,13,14.13
uon3zzl9a1zr5zmeodmr,15,13,14.13
uon3zzl9a1zr5zmeodmr,16,2,2.17
uon3zzl9a1zr5zmeodmr,17,0,0.0
uon3zzl9a1zr5zmeodmr,18,0,0.0
uon3zzl9a1zr5zmeodmr,19,0,0.0
uon3zzl9a1zr5zmeodmr,20,0,0.0
uon3zzl9a1zr5zmeodmr,21,0,0.0
uon3zzl9a1zr5zmeodmr,22,0,0.0
uon3zzl9a1zr5zmeodmr,23,1,1.09
erjfooit15024g7nj8co,0,2,1.89
erjfooit15024g7nj8co,1,1,0.94
erjfooit15024g7nj8co,2,1,0.94
erjfooit15024g7nj8co,3,3,2.83
erjfooit15024g7nj8co,4,2,1.89
erjfooit15024g7nj8co,5,2,1.89
erjfooit15024g7nj8co,6,2,1.89
erjfooit15024g7nj8co,7,9,8.49
erjfooit15024g7nj8co,8,5,4.72
erjfooit15024g7nj8co,9,4,3.77
erjfooit15024g7nj8co,10,11,10.38
erjfooit15024g7nj8co,11,12,11.32
erjfooit15024g7nj8co,12,10,9.43
erjfooit15024g7nj8co,13,7,6.6
erjfooit15024g7nj8co,14,15,14.15
erjfooit15024g7nj8co,15,14,13.21
erjfooit15024g7nj8co,16,6,5.66
erjfooit15024g7nj8co,17,0,0.0
erjfooit15024g7nj8co,18,0,0.0
erjfooit15024g7nj8co,19,0,0.0
erjfooit15024g7nj8co,20,0,0.0
erjfooit15024g7nj8co,21,0,0.0
erjfooit15024g7nj8co,22,0,0.0
erjfooit15024g7nj8co,23,0,0.0
pgrig4vo54owe59j2j5f,0,3,2.8
pgrig4vo54owe59j2j5f,1,4,3.74
pgrig4vo54owe59j2j5f,2,5,4.67
pgrig4vo54owe59j2j5f,3,1,0.93
pgrig4vo54owe59j2j5f,4,0,0.0
pgrig4vo54owe59j2j5f,5,3,2.8
pgrig4vo54owe59j2j5f,6,4,3.74
pgrig4vo54owe59j2j5f,7,7,6.54
pgrig4vo54owe59j2j5f,8,9,8.41
pgrig4vo54owe59j2j5f,9,8,7.48
pgrig4vo54owe59j2j5f,10,7,6.54
pgrig4vo54owe59j2j5f,11,11,10.28
pgrig4vo54owe59j2j5f,12,10,9.35
pgrig4vo54owe59j2j5f,13,11,10.28
pgrig4vo54owe59j2j5f,14,12,11.21
pgrig4vo54owe59j2j5f,15,10,9.35
pgrig4vo54owe59j2j5f,16,2,1.87
pgrig4vo54owe59j2j5f,17,0,0.0
pgrig4vo54owe59j2j5f,18,0,0.0
pgrig4vo54owe59j2j5f,19,0,0.0
pgrig4vo54owe59j2j5f,20,0,0.0
pgrig4vo54owe59j2j5f,21,0,0.0
pgrig4vo54owe59j2j5f,22,0,0.0
pgrig4vo54owe59j2j5f,23,0,0.0
i8ryguu9cpkrb6ouhwqq,0,4,3.17
i8ryguu9cpkrb6ouhwqq,1,4,3.17
i8ryguu9cpkrb6ouhwqq,2,7,5.56
i8ryguu9cpkrb6ouhwqq,3,2,1.59
i8ryguu9cpkrb6ouhwqq,4,4,3.17
i8ryguu9cpkrb6ouhwqq,5,3,2.38
i8ryguu9cpkrb6ouhwqq,6,5,3.97
i8ryguu9cpkrb6ouhwqq,7,7,5.56
i8ryguu9cpkrb6ouhwqq,8,2,1.59
i8ryguu9cpkrb6ouhwqq,9,6,4.76
i8ryguu9cpkrb6ouhwqq,10,10,7.94
i8ryguu9cpkrb6ouhwqq,11,11,8.73
i8ryguu9cpkrb6ouhwqq,12,13,10.32
i8ryguu9cpkrb6ouhwqq,13,16,12.7
i8ryguu9cpkrb6ouhwqq,14,20,15.87
i8ryguu9cpkrb6ouhwqq,15,10,7.94
i8ryguu9cpkrb6ouhwqq,16,1,0.79
i8ryguu9cpkrb6ouhwqq,17,1,0.79
i8ryguu9cpkrb6ouhwqq,18,0,0.0
i8ryguu9cpkrb6ouhwqq,19,0,0.0
i8ryguu9cpkrb6ouhwqq,20,0,0.0
i8ryguu9cpkrb6ouhwqq,21,0,0.0
i8ryguu9cpkrb6ouhwqq,22,0,0.0
i8ryguu9cpkrb6ouhwqq,23,0,0.0
j07d6onchxesk14v7b8w,0,3,3.26
j07d6onchxesk14v7b8w,1,2,2.17
j07d6onchxesk14v7b8w,2,4,4.35
j07d6onchxesk14v7b8w,3,3,3.26
j07d6onchxesk14v7b8w,4,4,4.35
j07d6onchxesk14v7b8w,5,1,1.09
j07d6onchxesk14v7b8w,6,4,4.35
j07d6onchxesk14v7b8w,7,4,4.35
j07d6onchxesk14v7b8w,8,5,5.43
j07d6onchxesk14v7b8w,9,3,3.26
j07d6onchxesk14v7b8w,10,8,8.7
j07d6onchxesk14v7b8w,11,11,11.96
j07d6onchxesk14v7b8w,12,13,14.13
j07d6onchxesk14v7b8w,13,4,4.35
j07d6onchxesk14v7b8w,14,12,13.04
j07d6onchxesk14v7b8w,15,6,6.52
j07d6onchxesk14v7b8w,16,2,2.17
j07d6onchxesk14v7b8w,17,1,1.09
j07d6onchxesk14v7b8w,18,0,0.0
j07d6onchxesk14v7b8w,19,0,0.0
j07d6onchxesk14v7b8w,20,0,0.0
j07d6onchxesk14v7b8w,21,0,0.0
j07d6onchxesk14v7b8w,22,1,1.09
j07d6onchxesk14v7b8w,23,1,1.09
wfsgbko6rfmajn85khu4,0,2,2.2
wfsgbko6rfmajn85khu4,1,2,2.2
wfsgbko6rfmajn85khu4,2,3,3.3
wfsgbko6rfmajn85khu4,3,2,2.2
wfsgbko6rfmajn85khu4,4,4,4.4
wfsgbko6rfmajn85khu4,5,1,1.1
wfsgbko6rfmajn85khu4,6,8,8.79
wfsgbko6rfmajn85khu4,7,3,3.3
wfsgbko6rfmajn85khu4,8,7,7.69
wfsgbko6rfmajn85khu4,9,2,2.2
wfsgbko6rfmajn85khu4,10,7,7.69
wfsgbko6rfmajn85khu4,11,13,14.29
wfsgbko6rfmajn85khu4,12,6,6.59
wfsgbko6rfmajn85khu4,13,6,6.59
wfsgbko6rfmajn85khu4,14,14,15.38
wfsgbko6rfmajn85khu4,15,5,5.49
wfsgbko6rfmajn85khu4,16,3,3.3
wfsgbko6rfmajn85khu4,17,0,0.0
wfsgbko6rfmajn85khu4,18,0,0.0
wfsgbko6rfmajn85khu4,19,1,1.1
wfsgbko6rfmajn85khu4,20,0,0.0
wfsgbko6rfmajn85khu4,21,0,0.0
wfsgbko6rfmajn85khu4,22,1,1.1
wfsgbko6rfmajn85khu4,23,1,1.1
0m8o7nuv982vnv3328qw,0,1,1.09
0m8o7nuv982vnv3328qw,1,0,0.0
0m8o7nuv982vnv3328qw,2,5,5.43
0m8o7nuv982vnv3328qw,3,4,4.35
0m8o7nuv982vnv3328qw,4,2,2.17
0m8o7nuv982vnv3328qw,5,3,3.26
0m8o7nuv982vnv3328qw,6,5,5.43
0m8o7nuv982vnv3328qw,7,4,4.35
0m8o7nuv982vnv3328qw,8,7,7.61
0m8o7nuv982vnv3328qw,9,4,4.35
0m8o7nuv982vnv3328qw,10,8,8.7
0m8o7nuv982vnv3328qw,11,8,8.7
0m8o7nuv982vnv3328qw,12,7,7.61
0m8o7nuv982vnv3328qw,13,3,3.26
0m8o7nuv982vnv3328qw,14,19,20.65
0m8o7nuv982vnv3328qw,15,10,10.87
0m8o7nuv982vnv3328qw,16,1,1.09
0m8o7nuv982vnv3328qw,17,0,0.0
0m8o7nuv982vnv3328qw,18,0,0.0
0m8o7nuv982vnv3328qw,19,0,0.0
0m8o7nuv982vnv3328qw,20,0,0.0
0m8o7nuv982vnv3328qw,21,0,0.0
0m8o7nuv982vnv3328qw,22,0,0.0
0m8o7nuv982vnv3328qw,23,1,1.09
amzij11bls4wa79p3cj8,0,0,0.0
amzij11bls4wa79p3cj8,1,2,1.87
amzij11bls4wa79p3cj8,2,4,3.74
amzij11bls4wa79p3cj8,3,2,1.87
amzij11bls4wa79p3cj8,4,6,5.61
amzij11bls4wa79p3cj8,5,2,1.87
amzij11bls4wa79p3cj8,6,9,8.41
amzij11bls4wa79p3cj8,7,4,3.74
amzij11bls4wa79p3cj8,8,7,6.54
amzij11bls4wa79p3cj8,9,5,4.67
amzij11bls4wa79p3cj8,10,7,6.54
amzij11bls4wa79p3cj8,11,12,11.21
amzij11bls4wa79p3cj8,12,11,10.28
amzij11bls4wa79p3cj8,13,13,12.15
amzij11bls4wa79p3cj8,14,14,13.08
amzij11bls4wa79p3cj8,15,6,5.61
amzij11bls4wa79p3cj8,16,1,0.93
amzij11bls4wa79p3cj8,17,1,0.93
amzij11bls4wa79p3cj8,18,1,0.93
amzij11bls4wa79p3cj8,19,0,0.0
amzij11bls4wa79p3cj8,20,0,0.0
amzij11bls4wa79p3cj8,21,0,0.0
amzij11bls4wa79p3cj8,22,0,0.0
amzij11bls4wa79p3cj8,23,0,0.0
axunv0aihh5wvi27tx50,0,3,3.23
axunv0aihh5wvi27tx50,1,1,1.08
axunv0aihh5wvi27tx50,2,1,1.08
axunv0aihh5wvi27tx50,3,4,4.3
axunv0aihh5wvi27tx50,4,2,2.15
axunv0aihh5wvi27tx50,5,3,3.23
axunv0aihh5wvi27tx50,6,5,5.38
axunv0aihh5wvi27tx50,7,7,7.53
axunv0aihh5wvi27tx50,8,8,8.6
axunv0aihh5wvi27tx50,9,6,6.45
axunv0aihh5wvi27tx50,10,2,2.15
axunv0aihh5wvi27tx50,11,9,9.68
axunv0aihh5wvi27tx50,12,9,9.68
axunv0aihh5wvi27tx50,13,7,7.53
axunv0aihh5wvi27tx50,14,17,18.28
axunv0aihh5wvi27tx50,15,8,8.6
axunv0aihh5wvi27tx50,16,0,0.0
axunv0aihh5wvi27tx50,17,0,0.0
axunv0aihh5wvi27tx50,18,0,0.0
axunv0aihh5wvi27tx50,19,0,0.0
axunv0aihh5wvi27tx50,20,0,0.0
axunv0aihh5wvi27tx50,21,0,0.0
axunv0aihh5wvi27tx50,22,0,0.0
axunv0aihh5wvi27tx50,23,1,1.08
6837091518a3524730fb,0,0,0.0
6837091518a3524730fb,1,0,0.0
6837091518a3524730fb,2,0,0.0
6837091518a3524730fb,3,3,0.95
6837091518a3524730fb,4,24,7.59
6837091518a3524730fb,5,9,2.85
6837091518a3524730fb,6,23,7.28
6837091518a3524730fb,7,25,7.91
6837091518a3524730fb,8,40,12.66
6837091518a3524730fb,9,27,8.54
6837091518a3524730fb,10,10,3.16
6837091518a3524730fb,11,9,2.85
6837091518a3524730fb,12,37,11.71
6837091518a3524730fb,13,23,7.28
6837091518a3524730fb,14,32,10.13
6837091518a3524730fb,15,39,12.34
6837091518a3524730fb,16,15,4.75
6837091518a3524730fb,17,0,0.0
6837091518a3524730fb,18,0,0.0
6837091518a3524730fb,19,0,0.0
6837091518a3524730fb,20,0,0.0
6837091518a3524730fb,21,0,0.0
6837091518a3524730fb,22,0,0.0
6837091518a3524730fb,23,0,0.0
b050239b47c66a7280c9,0,3,2.34
b050239b47c66a7280c9,1,0,0.0
b050239b47c66a7280c9,2,2,1.56
b050239b47c66a7280c9,3,0,0.0
b050239b47c66a7280c9,4,0,0.0
b050239b47c66a7280c9,5,9,7.03
b050239b47c66a7280c9,6,1,0.78
b050239b47c66a7280c9,7,0,0.0
b050239b47c66a7280c9,8,0,0.0
b050239b47c66a7280c9,9,1,0.78
b050239b47c66a7280c9,10,30,23.44
b050239b47c66a7280c9,11,29,22.66
b050239b47c66a7280c9,12,22,17.19
b050239b47c66a7280c9,13,26,20.31
b050239b47c66a7280c9,14,5,3.91
b050239b47c66a7280c9,15,0,0.0
b050239b47c66a7280c9,16,0,0.0
b050239b47c66a7280c9,17,0,0.0
b050239b47c66a7280c9,18,0,0.0
b050239b47c66a7280c9,19,0,0.0
b050239b47c66a7280c9,20,0,0.0
b050239b47c66a7280c9,21,0,0.0
b050239b47c66a7280c9,22,0,0.0
b050239b47c66a7280c9,23,0,0.0
bc7286901f708e9069eb,0,8,7.34
bc7286901f708e9069eb,1,0,0.0
bc7286901f708e9069eb,2,7,6.42
bc7286901f708e9069eb,3,0,0.0
bc7286901f708e9069eb,4,18,16.51
bc7286901f708e9069eb,5,10,9.17
bc7286901f708e9069eb,6,3,2.75
bc7286901f708e9069eb,7,5,4.59
bc7286901f708e9069eb,8,1,0.92
bc7286901f708e9069eb,9,8,7.34
bc7286901f708e9069eb,10,9,8.26
bc7286901f708e9069eb,11,6,5.5
bc7286901f708e9069eb,12,21,19.27
bc7286901f708e9069eb,13,6,5.5
bc7286901f708e9069eb,14,2,1.83
bc7286901f708e9069eb,15,1,0.92
bc7286901f708e9069eb,16,0,0.0
bc7286901f708e9069eb,17,0,0.0
bc7286901f708e9069eb,18,0,0.0
bc7286901f708e9069eb,19,0,0.0
bc7286901f708e9069eb,20,0,0.0
bc7286901f708e9069eb,21,0,0.0
bc7286901f708e9069eb,22,0,0.0
bc7286901f708e9069eb,23,4,3.67
e877c03b218bddedd3b8,0,0,0.0
e877c03b218bddedd3b8,1,0,0.0
e877c03b218bddedd3b8,2,3,2.26
e877c03b218bddedd3b8,3,6,4.51
e877c03b218bddedd3b8,4,7,5.26
e877c03b218bddedd3b8,5,11,8.27
e877c03b218bddedd3b8,6,17,12.78
e877c03b218bddedd3b8,7,11,8.27
e877c03b218bddedd3b8,8,11,8.27
e877c03b218bddedd3b8,9,5,3.76
e877c03b218bddedd3b8,10,12,9.02
e877c03b218bddedd3b8,11,22,16.54
e877c03b218bddedd3b8,12,23,17.29
e877c03b218bddedd3b8,13,1,0.75
e877c03b218bddedd3b8,14,2,1.5
e877c03b218bddedd3b8,15,2,1.5
e877c03b218bddedd3b8,16,0,0.0
e877c03b218bddedd3b8,17,0,0.0
e877c03b218bddedd3b8,18,0,0.0
e877c03b218bddedd3b8,19,0,0.0
e877c03b218bddedd3b8,20,0,0.0
e877c03b218bddedd3b8,21,0,0.0
e877c03b218bddedd3b8,22,0,0.0
e877c03b218bddedd3b8,23,0,0.0
8f9ecba976a15fa5d900,0,4,4.04
8f9ecba976a15fa5d900,1,2,2.02
8f9ecba976a15fa5d900,2,11,11.11
8f9ecba976a15fa5d900,3,5,5.05
8f9ecba976a15fa5d900,4,0,0.0
8f9ecba976a15fa5d900,5,4,4.04
8f9ecba976a15fa5d900,6,8,8.08
8f9ecba976a15fa5d900,7,1,1.01
8f9ecba976a15fa5d900,8,9,9.09
8f9ecba976a15fa5d900,9,0,0.0
8f9ecba976a15fa5d900,10,17,17.17
8f9ecba976a15fa5d900,11,5,5.05
8f9ecba976a15fa5d900,12,10,10.1
8f9ecba976a15fa5d900,13,12,12.12
8f9ecba976a15fa5d900,14,4,4.04
8f9ecba976a15fa5d900,15,5,5.05
8f9ecba976a15fa5d900,16,2,2.02
8f9ecba976a15fa5d900,17,0,0.0
8f9ecba976a15fa5d900,18,0,0.0
8f9ecba976a15fa5d900,19,0,0.0
8f9ecba976a15fa5d900,20,0,0.0
8f9ecba976a15fa5d900,21,0,0.0
8f9ecba976a15fa5d900,22,0,0.0
8f9ecba976a15fa5d900,23,0,0.0
6cbcdec2dffbcf09a91a,0,0,0.0
6cbcdec2dffbcf09a91a,1,0,0.0
6cbcdec2dffbcf09a91a,2,0,0.0
6cbcdec2dffbcf09a91a,3,3,6.12
6cbcdec2dffbcf09a91a,4,2,4.08
6cbcdec2dffbcf09a91a,5,3,6.12
6cbcdec2dffbcf09a91a,6,11,22.45
6cbcdec2dffbcf09a91a,7,2,4.08
6cbcdec2dffbcf09a91a,8,0,0.0
6cbcdec2dffbcf09a91a,9,1,2.04
6cbcdec2dffbcf09a91a,10,2,4.08
6cbcdec2dffbcf09a91a,11,0,0.0
6cbcdec2dffbcf09a91a,12,0,0.0
6cbcdec2dffbcf09a91a,13,3,6.12
6cbcdec2dffbcf09a91a,14,4,8.16
6cbcdec2dffbcf09a91a,15,14,28.57
6cbcdec2dffbcf09a91a,16,4,8.16
6cbcdec2dffbcf09a91a,17,0,0.0
6cbcdec2dffbcf09a91a,18,0,0.0
6cbcdec2dffbcf09a91a,19,0,0.0
6cbcdec2dffbcf09a91a,20,0,0.0
6cbcdec2dffbcf09a91a,21,0,0.0
6cbcdec2dffbcf09a91a,22,0,0.0
6cbcdec2dffbcf09a91a,23,0,0.0
fdd714a996ac8bd8006d,0,0,0.0
fdd714a996ac8bd8006d,1,1,1.69
fdd714a996ac8bd8006d,2,0,0.0
fdd714a996ac8bd8006d,3,0,0.0
fdd714a996ac8bd8006d,4,5,8.47
fdd714a996ac8bd8006d,5,1,1.69
fdd714a996ac8bd8006d,6,1,1.69
fdd714a996ac8bd8006d,7,1,1.69
fdd714a996ac8bd8006d,8,5,8.47
fdd714a996ac8bd8006d,9,0,0.0
fdd714a996ac8bd8006d,10,1,1.69
fdd714a996ac8bd8006d,11,2,3.39
fdd714a996ac8bd8006d,12,3,5.08
fdd714a996ac8bd8006d,13,14,23.73
fdd714a996ac8bd8006d,14,9,15.25
fdd714a996ac8bd8006d,15,13,22.03
fdd714a996ac8bd8006d,16,3,5.08
fdd714a996ac8bd8006d,17,0,0.0
fdd714a996ac8bd8006d,18,0,0.0
fdd714a996ac8bd8006d,19,0,0.0
fdd714a996ac8bd8006d,20,0,0.0
fdd714a996ac8bd8006d,21,0,0.0
fdd714a996ac8bd8006d,22,0,0.0
fdd714a996ac8bd8006d,23,0,0.0
fc5a9edc3413ecece4bd,0,0,0.0
fc5a9edc3413ecece4bd,1,0,0.0
fc5a9edc3413ecece4bd,2,3,4.29
fc5a9edc3413ecece4bd,3,4,5.71
fc5a9edc3413ecece4bd,4,2,2.86
fc5a9edc3413ecece4bd,5,1,1.43
fc5a9edc3413ecece4bd,6,6,8.57
fc5a9edc3413ecece4bd,7,8,11.43
fc5a9edc3413ecece4bd,8,8,11.43
fc5a9edc3413ecece4bd,9,5,7.14
fc5a9edc3413ecece4bd,10,11,15.71
fc5a9edc3413ecece4bd,11,0,0.0
fc5a9edc3413ecece4bd,12,2,2.86
fc5a9edc3413ecece4bd,13,10,14.29
fc5a9edc3413ecece4bd,14,6,8.57
fc5a9edc3413ecece4bd,15,2,2.86
fc5a9edc3413ecece4bd,16,2,2.86
fc5a9edc3413ecece4bd,17,0,0.0
fc5a9edc3413ecece4bd,18,0,0.0
fc5a9edc3413ecece4bd,19,0,0.0
fc5a9edc3413ecece4bd,20,0,0.0
fc5a9edc3413ecece4bd,21,0,0.0
fc5a9edc3413ecece4bd,22,0,0.0
fc5a9edc3413ecece4bd,23,0,0.0
7bfbef4127aeec4b344e,0,0,0.0
7bfbef4127aeec4b344e,1,0,0.0
7bfbef4127aeec4b344e,2,2,1.02
7bfbef4127aeec4b344e,3,15,7.65
7bfbef4127aeec4b344e,4,5,2.55
7bfbef4127aeec4b344e,5,25,12.76
7bfbef4127aeec4b344e,6,19,9.69
7bfbef4127aeec4b344e,7,3,1.53
7bfbef4127aeec4b344e,8,33,16.84
7bfbef4127aeec4b344e,9,9,4.59
7bfbef4127aeec4b344e,10,10,5.1
7bfbef4127aeec4b344e,11,8,4.08
7bfbef4127aeec4b344e,12,12,6.12
7bfbef4127aeec4b344e,13,3,1.53
7bfbef4127aeec4b344e,14,19,9.69
7bfbef4127aeec4b344e,15,26,13.27
7bfbef4127aeec4b344e,16,7,3.57
7bfbef4127aeec4b344e,17,0,0.0
7bfbef4127aeec4b344e,18,0,0.0
7bfbef4127aeec4b344e,19,0,0.0
7bfbef4127aeec4b344e,20,0,0.0
7bfbef4127aeec4b344e,21,0,0.0
7bfbef4127aeec4b344e,22,0,0.0
7bfbef4127aeec4b344e,23,0,0.0
b93d9fe2a844b416581d,0,0,0.0
b93d9fe2a844b416581d,1,6,4.92
b93d9fe2a844b416581d,2,1,0.82
b93d9fe2a844b416581d,3,2,1.64
b93d9fe2a844b416581d,4,2,1.64
b93d9fe2a844b416581d,5,0,0.0
b93d9fe2a844b416581d,6,0,0.0
b93d9fe2a844b416581d,7,0,0.0
b93d9fe2a844b416581d,8,0,0.0
b93d9fe2a844b416581d,9,2,1.64
b93d9fe2a844b416581d,10,27,22.13
b93d9fe2a844b416581d,11,40,32.79
b93d9fe2a844b416581d,12,14,11.48
b93d9fe2a844b416581d,13,7,5.74
b93d9fe2a844b416581d,14,6,4.92
b93d9fe2a844b416581d,15,15,12.3
b93d9fe2a844b416581d,16,0,0.0
b93d9fe2a844b416581d,17,0,0.0
b93d9fe2a844b416581d,18,0,0.0
b93d9fe2a844b416581d,19,0,0.0
b93d9fe2a844b416581d,20,0,0.0
b93d9fe2a844b416581d,21,0,0.0
b93d9fe2a844b416581d,22,0,0.0
b93d9fe2a844b416581d,23,0,0.0
df784e67883e018f88b8,0,0,0.0
df784e67883e018f88b8,1,0,0.0
df784e67883e018f88b8,2,0,0.0
df784e67883e018f88b8,3,0,0.0
df784e67883e018f88b8,4,0,0.0
df784e67883e018f88b8,5,0,0.0
df784e67883e018f88b8,6,0,0.0
df784e67883e018f88b8,7,1,1.33
df784e67883e018f88b8,8,4,5.33
df784e67883e018f88b8,9,1,1.33
df784e67883e018f88b8,10,7,9.33
df784e67883e018f88b8,11,23,30.67
df784e67883e018f88b8,12,37,49.33
df784e67883e018f88b8,13,2,2.67
df784e67883e018f88b8,14,0,0.0
df784e67883e018f88b8,15,0,0.0
df784e67883e018f88b8,16,0,0.0
df784e67883e018f88b8,17,0,0.0
df784e67883e018f88b8,18,0,0.0
df784e67883e018f88b8,19,0,0.0
df784e67883e018f88b8,20,0,0.0
df784e67883e018f88b8,21,0,0.0
df784e67883e018f88b8,22,0,0.0
df784e67883e018f88b8,23,0,0.0
9c2b85496091fd7f66d4,0,0,0.0
9c2b85496091fd7f66d4,1,12,5.04
9c2b85496091fd7f66d4,2,10,4.2
9c2b85496091fd7f66d4,3,12,5.04
9c2b85496091fd7f66d4,4,10,4.2
9c2b85496091fd7f66d4,5,5,2.1
9c2b85496091fd7f66d4,6,40,16.81
9c2b85496091fd7f66d4,7,13,5.46
9c2b85496091fd7f66d4,8,23,9.66
9c2b85496091fd7f66d4,9,11,4.62
9c2b85496091fd7f66d4,10,2,0.84
9c2b85496091fd7f66d4,11,14,5.88
9c2b85496091fd7f66d4,12,15,6.3
9c2b85496091fd7f66d4,13,20,8.4
9c2b85496091fd7f66d4,14,35,14.71
9c2b85496091fd7f66d4,15,14,5.88
9c2b85496091fd7f66d4,16,2,0.84
9c2b85496091fd7f66d4,17,0,0.0
9c2b85496091fd7f66d4,18,0,0.0
9c2b85496091fd7f66d4,19,0,0.0
9c2b85496091fd7f66d4,20,0,0.0
9c2b85496091fd7f66d4,21,0,0.0
9c2b85496091fd7f66d4,22,0,0.0
9c2b85496091fd7f66d4,23,0,0.0
2842c82981077b78b3cd,0,0,0.0
2842c82981077b78b3cd,1,0,0.0
2842c82981077b78b3cd,2,0,0.0
2842c82981077b78b3cd,3,0,0.0
2842c82981077b78b3cd,4,0,0.0
2842c82981077b78b3cd,5,0,0.0
2842c82981077b78b3cd,6,7,2.31
2842c82981077b78b3cd,7,33,10.89
2842c82981077b78b3cd,8,29,9.57
2842c82981077b78b3cd,9,22,7.26
2842c82981077b78b3cd,10,7,2.31
2842c82981077b78b3cd,11,12,3.96
2842c82981077b78b3cd,12,21,6.93
2842c82981077b78b3cd,13,73,24.09
2842c82981077b78b3cd,14,51,16.83
2842c82981077b78b3cd,15,47,15.51
2842c82981077b78b3cd,16,1,0.33
2842c82981077b78b3cd,17,0,0.0
2842c82981077b78b3cd,18,0,0.0
2842c82981077b78b3cd,19,0,0.0
2842c82981077b78b3cd,20,0,0.0
2842c82981077b78b3cd,21,0,0.0
2842c82981077b78b3cd,22,0,0.0
2842c82981077b78b3cd,23,0,0.0
6ab4994b59925a6d1bba,0,0,0.0
6ab4994b59925a6d1bba,1,1,0.33
6ab4994b59925a6d1bba,2,1,0.33
6ab4994b59925a6d1bba,3,3,1.0
6ab4994b59925a6d1bba,4,3,1.0
6ab4994b59925a6d1bba,5,26,8.64
6ab4994b59925a6d1bba,6,46,15.28
6ab4994b59925a6d1bba,7,13,4.32
6ab4994b59925a6d1bba,8,17,5.65
6ab4994b59925a6d1bba,9,18,5.98
6ab4994b59925a6d1bba,10,28,9.3
6ab4994b59925a6d1bba,11,26,8.64
6ab4994b59925a6d1bba,12,15,4.98
6ab4994b59925a6d1bba,13,19,6.31
6ab4994b59925a6d1bba,14,52,17.28
6ab4994b59925a6d1bba,15,31,10.3
6ab4994b59925a6d1bba,16,0,0.0
6ab4994b59925a6d1bba,17,2,0.66
6ab4994b59925a6d1bba,18,0,0.0
6ab4994b59925a6d1bba,19,0,0.0
6ab4994b59925a6d1bba,20,0,0.0
6ab4994b59925a6d1bba,21,0,0.0
6ab4994b59925a6d1bba,22,0,0.0
6ab4994b59925a6d1bba,23,0,0.0
fc1c9dd58091c33d8888,0,0,0.0
fc1c9dd58091c33d8888,1,0,0.0
fc1c9dd58091c33d8888,2,0,0.0
fc1c9dd58091c33d8888,3,0,0.0
fc1c9dd58091c33d8888,4,4,1.27
fc1c9dd58091c33d8888,5,23,7.3
fc1c9dd58091c33d8888,6,30,9.52
fc1c9dd58091c33d8888,7,45,14.29
fc1c9dd58091c33d8888,8,30,9.52
fc1c9dd58091c33d8888,9,0,0.0
fc1c9dd58091c33d8888,10,34,10.79
fc1c9dd58091c33d8888,11,10,3.17
fc1c9dd58091c33d8888,12,23,7.3
fc1c9dd58091c33d8888,13,31,9.84
fc1c9dd58091c33d8888,14,61,19.37
fc1c9dd58091c33d8888,15,24,7.62
fc1c9dd58091c33d8888,16,0,0.0
fc1c9dd58091c33d8888,17,0,0.0
fc1c9dd58091c33d8888,18,0,0.0
fc1c9dd58091c33d8888,19,0,0.0
fc1c9dd58091c33d8888,20,0,0.0
fc1c9dd58091c33d8888,21,0,0.0
fc1c9dd58091c33d8888,22,0,0.0
fc1c9dd58091c33d8888,23,0,0.0
01a691413dc5897db83f,0,6,1.85
01a691413dc5897db83f,1,2,0.62
01a691413dc5897db83f,2,15,4.63
01a691413dc5897db83f,3,7,2.16
01a691413dc5897db83f,4,1,0.31
01a691413dc5897db83f,5,0,0.0
01a691413dc5897db83f,6,37,11.42
01a691413dc5897db83f,7,3,0.93
01a691413dc5897db83f,8,42,12.96
01a691413dc5897db83f,9,9,2.78
01a691413dc5897db83f,10,8,2.47
01a691413dc5897db83f,11,4,1.23
01a691413dc5897db83f,12,38,11.73
01a691413dc5897db83f,13,69,21.3
01a691413dc5897db83f,14,79,24.38
01a691413dc5897db83f,15,3,0.93
01a691413dc5897db83f,16,0,0.0
01a691413dc5897db83f,17,0,0.0
01a691413dc5897db83f,18,0,0.0
01a691413dc5897db83f,19,0,0.0
01a691413dc5897db83f,20,0,0.0
01a691413dc5897db83f,21,0,0.0
01a691413dc5897db83f,22,0,0.0
01a691413dc5897db83f,23,1,0.31
374ff25490a1f0aba47f,0,1,0.61
374ff25490a1f0aba47f,1,0,0.0
374ff25490a1f0aba47f,2,1,0.61
374ff25490a1f0aba47f,3,5,3.05
374ff25490a1f0aba47f,4,0,0.0
374ff25490a1f0aba47f,5,2,1.22
374ff25490a1f0aba47f,6,1,0.61
374ff25490a1f0aba47f,7,6,3.66
374ff25490a1f0aba47f,8,39,23.78
374ff25490a1f0aba47f,9,9,5.49
374ff25490a1f0aba47f,10,5,3.05
374ff25490a1f0aba47f,11,22,13.41
374ff25490a1f0aba47f,12,5,3.05
374ff25490a1f0aba47f,13,14,8.54
374ff25490a1f0aba47f,14,54,32.93
374ff25490a1f0aba47f,15,0,0.0
374ff25490a1f0aba47f,16,0,0.0
374ff25490a1f0aba47f,17,0,0.0
374ff25490a1f0aba47f,18,0,0.0
374ff25490a1f0aba47f,19,0,0.0
374ff25490a1f0aba47f,20,0,0.0
374ff25490a1f0aba47f,21,0,0.0
374ff25490a1f0aba47f,22,0,0.0
374ff25490a1f0aba47f,23,0,0.0
424de2c5e2c1f5652cdc,0,0,0.0
424de2c5e2c1f5652cdc,1,0,0.0
424de2c5e2c1f5652cdc,2,2,1.35
424de2c5e2c1f5652cdc,3,0,0.0
424de2c5e2c1f5652cdc,4,5,3.38
424de2c5e2c1f5652cdc,5,10,6.76
424de2c5e2c1f5652cdc,6,6,4.05
424de2c5e2c1f5652cdc,7,5,3.38
424de2c5e2c1f5652cdc,8,10,6.76
424de2c5e2c1f5652cdc,9,5,3.38
424de2c5e2c1f5652cdc,10,15,10.14
424de2c5e2c1f5652cdc,11,16,10.81
424de2c5e2c1f5652cdc,12,23,15.54
424de2c5e2c1f5652cdc,13,23,15.54
424de2c5e2c1f5652cdc,14,12,8.11
424de2c5e2c1f5652cdc,15,14,9.46
424de2c5e2c1f5652cdc,16,2,1.35
424de2c5e2c1f5652cdc,17,0,0.0
424de2c5e2c1f5652cdc,18,0,0.0
424de2c5e2c1f5652cdc,19,0,0.0
424de2c5e2c1f5652cdc,20,0,0.0
424de2c5e2c1f5652cdc,21,0,0.0
424de2c5e2c1f5652cdc,22,0,0.0
424de2c5e2c1f5652cdc,23,0,0.0
5479f88afb95288d6392,0,0,0.0
5479f88afb95288d6392,1,13,13.98
5479f88afb95288d6392,2,0,0.0
5479f88afb95288d6392,3,2,2.15
5479f88afb95288d6392,4,1,1.08
5479f88afb95288d6392,5,1,1.08
5479f88afb95288d6392,6,5,5.38
5479f88afb95288d6392,7,9,9.68
5479f88afb95288d6392,8,1,1.08
5479f88afb95288d6392,9,2,2.15
5479f88afb95288d6392,10,0,0.0
5479f88afb95288d6392,11,4,4.3
5479f88afb95288d6392,12,7,7.53
5479f88afb95288d6392,13,4,4.3
5479f88afb95288d6392,14,20,21.51
5479f88afb95288d6392,15,16,17.2
5479f88afb95288d6392,16,8,8.6
5479f88afb95288d6392,17,0,0.0
5479f88afb95288d6392,18,0,0.0
5479f88afb95288d6392,19,0,0.0
5479f88afb95288d6392,20,0,0.0
5479f88afb95288d6392,21,0,0.0
5479f88afb95288d6392,22,0,0.0
5479f88afb95288d6392,23,0,0.0
ed94d52e091b68ca5ee5,0,0,0.0
ed94d52e091b68ca5ee5,1,0,0.0
ed94d52e091b68ca5ee5,2,0,0.0
ed94d52e091b68ca5ee5,3,1,0.65
ed94d52e091b68ca5ee5,4,4,2.6
ed94d52e091b68ca5ee5,5,0,0.0
ed94d52e091b68ca5ee5,6,7,4.55
ed94d52e091b68ca5ee5,7,7,4.55
ed94d52e091b68ca5ee5,8,9,5.84
ed94d52e091b68ca5ee5,9,10,6.49
ed94d52e091b68ca5ee5,10,13,8.44
ed94d52e091b68ca5ee5,11,26,16.88
ed94d52e091b68ca5ee5,12,12,7.79
ed94d52e091b68ca5ee5,13,6,3.9
ed94d52e091b68ca5ee5,14,26,16.88
ed94d52e091b68ca5ee5,15,5,3.25
ed94d52e091b68ca5ee5,16,17,11.04
ed94d52e091b68ca5ee5,17,6,3.9
ed94d52e091b68ca5ee5,18,5,3.25
ed94d52e091b68ca5ee5,19,0,0.0
ed94d52e091b68ca5ee5,20,0,0.0
ed94d52e091b68ca5ee5,21,0,0.0
ed94d52e091b68ca5ee5,22,0,0.0
ed94d52e091b68ca5ee5,23,0,0.0
db54f15d48fa56b0d953,0,0,0.0
db54f15d48fa56b0d953,1,0,0.0
db54f15d48fa56b0d953,2,0,0.0
db54f15d48fa56b0d953,3,0,0.0
db54f15d48fa56b0d953,4,7,9.21
db54f15d48fa56b0d953,5,5,6.58
db54f15d48fa56b0d953,6,0,0.0
db54f15d48fa56b0d953,7,0,0.0
db54f15d48fa56b0d953,8,4,5.26
db54f15d48fa56b0d953,9,2,2.63
db54f15d48fa56b0d953,10,0,0.0
db54f15d48fa56b0d953,11,0,0.0
db54f15d48fa56b0d953,12,1,1.32
db54f15d48fa56b0d953,13,5,6.58
db54f15d48fa56b0d953,14,23,30.26
db54f15d48fa56b0d953,15,28,36.84
db54f15d48fa56b0d953,16,1,1.32
db54f15d48fa56b0d953,17,0,0.0
db54f15d48fa56b0d953,18,0,0.0
db54f15d48fa56b0d953,19,0,0.0
db54f15d48fa56b0d953,20,0,0.0
db54f15d48fa56b0d953,21,0,0.0
db54f15d48fa56b0d953,22,0,0.0
db54f15d48fa56b0d953,23,0,0.0
6a62f52203bda35656be,0,9,3.66
6a62f52203bda35656be,1,2,0.81
6a62f52203bda35656be,2,20,8.13
6a62f52203bda35656be,3,10,4.07
6a62f52203bda35656be,4,15,6.1
6a62f52203bda35656be,5,9,3.66
6a62f52203bda35656be,6,4,1.63
6a62f52203bda35656be,7,22,8.94
6a62f52203bda35656be,8,13,5.28
6a62f52203bda35656be,9,12,4.88
6a62f52203bda35656be,10,19,7.72
6a62f52203bda35656be,11,38,15.45
6a62f52203bda35656be,12,28,11.38
6a62f52203bda35656be,13,7,2.85
6a62f52203bda35656be,14,12,4.88
6a62f52203bda35656be,15,23,9.35
6a62f52203bda35656be,16,3,1.22
6a62f52203bda35656be,17,0,0.0
6a62f52203bda35656be,18,0,0.0
6a62f52203bda35656be,19,0,0.0
6a62f52203bda35656be,20,0,0.0
6a62f52203bda35656be,21,0,0.0
6a62f52203bda35656be,22,0,0.0
6a62f52203bda35656be,23,0,0.0
0b02f701b1179f9f74f9,0,0,0.0
0b02f701b1179f9f74f9,1,0,0.0
0b02f701b1179f9f74f9,2,19,18.1
0b02f701b1179f9f74f9,3,10,9.52
0b02f701b1179f9f74f9,4,0,0.0
0b02f701b1179f9f74f9,5,0,0.0
0b02f701b1179f9f74f9,6,0,0.0
0b02f701b1179f9f74f9,7,0,0.0
0b02f701b1179f9f74f9,8,4,3.81
0b02f701b1179f9f74f9,9,6,5.71
0b02f701b1179f9f74f9,10,0,0.0
0b02f701b1179f9f74f9,11,9,8.57
0b02f701b1179f9f74f9,12,25,23.81
0b02f701b1179f9f74f9,13,28,26.67
0b02f701b1179f9f74f9,14,4,3.81
0b02f701b1179f9f74f9,15,0,0.0
0b02f701b1179f9f74f9,16,0,0.0
0b02f701b1179f9f74f9,17,0,0.0
0b02f701b1179f9f74f9,18,0,0.0
0b02f701b1179f9f74f9,19,0,0.0
0b02f701b1179f9f74f9,20,0,0.0
0b02f701b1179f9f74f9,21,0,0.0
0b02f701b1179f9f74f9,22,0,0.0
0b02f701b1179f9f74f9,23,0,0.0
74e22a3421e605061ef1,0,1,0.53
74e22a3421e605061ef1,1,4,2.13
74e22a3421e605061ef1,2,0,0.0
74e22a3421e605061ef1,3,0,0.0
74e22a3421e605061ef1,4,0,0.0
74e22a3421e605061ef1,5,1,0.53
74e22a3421e605061ef1,6,9,4.79
74e22a3421e605061ef1,7,10,5.32
74e22a3421e605061ef1,8,7,3.72
74e22a3421e605061ef1,9,11,5.85
74e22a3421e605061ef1,10,13,6.91
74e22a3421e605061ef1,11,35,18.62
74e22a3421e605061ef1,12,43,22.87
74e22a3421e605061ef1,13,28,14.89
74e22a3421e605061ef1,14,25,13.3
74e22a3421e605061ef1,15,1,0.53
74e22a3421e605061ef1,16,0,0.0
74e22a3421e605061ef1,17,0,0.0
74e22a3421e605061ef1,18,0,0.0
74e22a3421e605061ef1,19,0,0.0
74e22a3421e605061ef1,20,0,0.0
74e22a3421e605061ef1,21,0,0.0
74e22a3421e605061ef1,22,0,0.0
74e22a3421e605061ef1,23,0,0.0
de5213e7b8c88440a298,0,0,0.0
de5213e7b8c88440a298,1,0,0.0
de5213e7b8c88440a298,2,0,0.0
de5213e7b8c88440a298,3,0,0.0
de5213e7b8c88440a298,4,4,2.0
de5213e7b8c88440a298,5,11,5.5
de5213e7b8c88440a298,6,9,4.5
de5213e7b8c88440a298,7,17,8.5
de5213e7b8c88440a298,8,16,8.0
de5213e7b8c88440a298,9,10,5.0
de5213e7b8c88440a298,10,16,8.0
de5213e7b8c88440a298,11,36,18.0
de5213e7b8c88440a298,12,21,10.5
de5213e7b8c88440a298,13,14,7.0
de5213e7b8c88440a298,14,19,9.5
de5213e7b8c88440a298,15,23,11.5
de5213e7b8c88440a298,16,3,1.5
de5213e7b8c88440a298,17,0,0.0
de5213e7b8c88440a298,18,0,0.0
de5213e7b8c88440a298,19,0,0.0
de5213e7b8c88440a298,20,0,0.0
de5213e7b8c88440a298,21,0,0.0
de5213e7b8c88440a298,22,0,0.0
de5213e7b8c88440a298,23,1,0.5
94a770d27cae58950a5b,0,0,0.0
94a770d27cae58950a5b,1,0,0.0
94a770d27cae58950a5b,2,8,7.27
94a770d27cae58950a5b,3,22,20.0
94a770d27cae58950a5b,4,5,4.55
94a770d27cae58950a5b,5,1,0.91
94a770d27cae58950a5b,6,13,11.82
94a770d27cae58950a5b,7,2,1.82
94a770d27cae58950a5b,8,4,3.64
94a770d27cae58950a5b,9,1,0.91
94a770d27cae58950a5b,10,0,0.0
94a770d27cae58950a5b,11,1,0.91
94a770d27cae58950a5b,12,4,3.64
94a770d27cae58950a5b,13,13,11.82
94a770d27cae58950a5b,14,22,20.0
94a770d27cae58950a5b,15,14,12.73
94a770d27cae58950a5b,16,0,0.0
94a770d27cae58950a5b,17,0,0.0
94a770d27cae58950a5b,18,0,0.0
94a770d27cae58950a5b,19,0,0.0
94a770d27cae58950a5b,20,0,0.0
94a770d27cae58950a5b,21,0,0.0
94a770d27cae58950a5b,22,0,0.0
94a770d27cae58950a5b,23,0,0.0
5faa3d19e595ab735fda,0,0,0.0
5faa3d19e595ab735fda,1,2,1.55
5faa3d19e595ab735fda,2,12,9.3
5faa3d19e595ab735fda,3,19,14.73
5faa3d19e595ab735fda,4,9,6.98
5faa3d19e595ab735fda,5,3,2.33
5faa3d19e595ab735fda,6,15,11.63
5faa3d19e595ab735fda,7,8,6.2
5faa3d19e595ab735fda,8,8,6.2
5faa3d19e595ab735fda,9,5,3.88
5faa3d19e595ab735fda,10,13,10.08
5faa3d19e595ab735fda,11,0,0.0
5faa3d19e595ab735fda,12,6,4.65
5faa3d19e595ab735fda,13,7,5.43
5faa3d19e595ab735fda,14,15,11.63
5faa3d19e595ab735fda,15,7,5.43
5faa3d19e595ab735fda,16,0,0.0
5faa3d19e595ab735fda,17,0,0.0
5faa3d19e595ab735fda,18,0,0.0
5faa3d19e595ab735fda,19,0,0.0
5faa3d19e595ab735fda,20,0,0.0
5faa3d19e595ab735fda,21,0,0.0
5faa3d19e595ab735fda,22,0,0.0
5faa3d19e595ab735fda,23,0,0.0
cad61c88146ec4d99a6d,0,1,16.67
cad61c88146ec4d99a6d,1,5,83.33
cad61c88146ec4d99a6d,2,0,0.0
cad61c88146ec4d99a6d,3,0,0.0
cad61c88146ec4d99a6d,4,0,0.0
cad61c88146ec4d99a6d,5,0,0.0
cad61c88146ec4d99a6d,6,0,0.0
cad61c88146ec4d99a6d,7,0,0.0
cad61c88146ec4d99a6d,8,0,0.0
cad61c88146ec4d99a6d,9,0,0.0
cad61c88146ec4d99a6d,10,0,0.0
cad61c88146ec4d99a6d,11,0,0.0
cad61c88146ec4d99a6d,12,0,0.0
cad61c88146ec4d99a6d,13,0,0.0
cad61c88146ec4d99a6d,14,0,0.0
cad61c88146ec4d99a6d,15,0,0.0
cad61c88146ec4d99a6d,16,0,0.0
cad61c88146ec4d99a6d,17,0,0.0
cad61c88146ec4d99a6d,18,0,0.0
cad61c88146ec4d99a6d,19,0,0.0
cad61c88146ec4d99a6d,20,0,0.0
cad61c88146ec4d99a6d,21,0,0.0
cad61c88146ec4d99a6d,22,0,0.0
cad61c88146ec4d99a6d,23,0,0.0
1d50eac067378042684b,0,2,1.01
1d50eac067378042684b,1,0,0.0
1d50eac067378042684b,2,4,2.02
1d50eac067378042684b,3,0,0.0
1d50eac067378042684b,4,11,5.56
1d50eac067378042684b,5,8,4.04
1d50eac067378042684b,6,17,8.59
1d50eac067378042684b,7,0,0.0
1d50eac067378042684b,8,0,0.0
1d50eac067378042684b,9,5,2.53
1d50eac067378042684b,10,23,11.62
1d50eac067378042684b,11,8,4.04
1d50eac067378042684b,12,27,13.64
1d50eac067378042684b,13,14,7.07
1d50eac067378042684b,14,10,5.05
1d50eac067378042684b,15,29,14.65
1d50eac067378042684b,16,20,10.1
1d50eac067378042684b,17,16,8.08
1d50eac067378042684b,18,4,2.02
1d50eac067378042684b,19,0,0.0
1d50eac067378042684b,20,0,0.0
1d50eac067378042684b,21,0,0.0
1d50eac067378042684b,22,0,0.0
1d50eac067378042684b,23,0,0.0
c8d8f83d06b68fc2f944,0,0,0.0
c8d8f83d06b68fc2f944,1,0,0.0
c8d8f83d06b68fc2f944,2,2,1.52
c8d8f83d06b68fc2f944,3,6,4.55
c8d8f83d06b68fc2f944,4,9,6.82
c8d8f83d06b68fc2f944,5,9,6.82
c8d8f83d06b68fc2f944,6,2,1.52
c8d8f83d06b68fc2f944,7,0,0.0
c8d8f83d06b68fc2f944,8,6,4.55
c8d8f83d06b68fc2f944,9,1,0.76
c8d8f83d06b68fc2f944,10,1,0.76
c8d8f83d06b68fc2f944,11,14,10.61
c8d8f83d06b68fc2f944,12,2,1.52
c8d8f83d06b68fc2f944,13,12,9.09
c8d8f83d06b68fc2f944,14,47,35.61
c8d8f83d06b68fc2f944,15,21,15.91
c8d8f83d06b68fc2f944,16,0,0.0
c8d8f83d06b68fc2f944,17,0,0.0
c8d8f83d06b68fc2f944,18,0,0.0
c8d8f83d06b68fc2f944,19,0,0.0
c8d8f83d06b68fc2f944,20,0,0.0
c8d8f83d06b68fc2f944,21,0,0.0
c8d8f83d06b68fc2f944,22,0,0.0
c8d8f83d06b68fc2f944,23,0,0.0
72fbfd24cdff0454a0e2,0,0,0.0
72fbfd24cdff0454a0e2,1,1,0.97
72fbfd24cdff0454a0e2,2,5,4.85
72fbfd24cdff0454a0e2,3,5,4.85
72fbfd24cdff0454a0e2,4,0,0.0
72fbfd24cdff0454a0e2,5,0,0.0
72fbfd24cdff0454a0e2,6,10,9.71
72fbfd24cdff0454a0e2,7,0,0.0
72fbfd24cdff0454a0e2,8,14,13.59
72fbfd24cdff0454a0e2,9,5,4.85
72fbfd24cdff0454a0e2,10,5,4.85
72fbfd24cdff0454a0e2,11,11,10.68
72fbfd24cdff0454a0e2,12,4,3.88
72fbfd24cdff0454a0e2,13,14,13.59
72fbfd24cdff0454a0e2,14,29,28.16
72fbfd24cdff0454a0e2,15,0,0.0
72fbfd24cdff0454a0e2,16,0,0.0
72fbfd24cdff0454a0e2,17,0,0.0
72fbfd24cdff0454a0e2,18,0,0.0
72fbfd24cdff0454a0e2,19,0,0.0
72fbfd24cdff0454a0e2,20,0,0.0
72fbfd24cdff0454a0e2,21,0,0.0
72fbfd24cdff0454a0e2,22,0,0.0
72fbfd24cdff0454a0e2,23,0,0.0
768c216e172762b85899,0,4,2.48
768c216e172762b85899,1,15,9.32
768c216e172762b85899,2,5,3.11
768c216e172762b85899,3,11,6.83
768c216e172762b85899,4,0,0.0
768c216e172762b85899,5,2,1.24
768c216e172762b85899,6,0,0.0
768c216e172762b85899,7,3,1.86
768c216e172762b85899,8,21,13.04
768c216e172762b85899,9,25,15.53
768c216e172762b85899,10,7,4.35
768c216e172762b85899,11,16,9.94
768c216e172762b85899,12,23,14.29
768c216e172762b85899,13,16,9.94
768c216e172762b85899,14,13,8.07
768c216e172762b85899,15,0,0.0
768c216e172762b85899,16,0,0.0
768c216e172762b85899,17,0,0.0
768c216e172762b85899,18,0,0.0
768c216e172762b85899,19,0,0.0
768c216e172762b85899,20,0,0.0
768c216e172762b85899,21,0,0.0
768c216e172762b85899,22,0,0.0
768c216e172762b85899,23,0,0.0
306627b1ecbdf4e3aa34,0,0,0.0
306627b1ecbdf4e3aa34,1,2,1.83
306627b1ecbdf4e3aa34,2,5,4.59
306627b1ecbdf4e3aa34,3,6,5.5
306627b1ecbdf4e3aa34,4,6,5.5
306627b1ecbdf4e3aa34,5,6,5.5
306627b1ecbdf4e3aa34,6,5,4.59
306627b1ecbdf4e3aa34,7,12,11.01
306627b1ecbdf4e3aa34,8,22,20.18
306627b1ecbdf4e3aa34,9,10,9.17
306627b1ecbdf4e3aa34,10,5,4.59
306627b1ecbdf4e3aa34,11,5,4.59
306627b1ecbdf4e3aa34,12,2,1.83
306627b1ecbdf4e3aa34,13,12,11.01
306627b1ecbdf4e3aa34,14,7,6.42
306627b1ecbdf4e3aa34,15,3,2.75
306627b1ecbdf4e3aa34,16,0,0.0
306627b1ecbdf4e3aa34,17,0,0.0
306627b1ecbdf4e3aa34,18,0,0.0
306627b1ecbdf4e3aa34,19,0,0.0
306627b1ecbdf4e3aa34,20,0,0.0
306627b1ecbdf4e3aa34,21,0,0.0
306627b1ecbdf4e3aa34,22,0,0.0
306627b1ecbdf4e3aa34,23,1,0.92
0ef8b2c9e039eaace596,0,0,0.0
0ef8b2c9e039eaace596,1,0,0.0
0ef8b2c9e039eaace596,2,6,4.41
0ef8b2c9e039eaace596,3,2,1.47
0ef8b2c9e039eaace596,4,4,2.94
0ef8b2c9e039eaace596,5,1,0.74
0ef8b2c9e039eaace596,6,2,1.47
0ef8b2c9e039eaace596,7,2,1.47
0ef8b2c9e039eaace596,8,13,9.56
0ef8b2c9e039eaace596,9,14,10.29
0ef8b2c9e039eaace596,10,7,5.15
0ef8b2c9e039eaace596,11,2,1.47
0ef8b2c9e039eaace596,12,10,7.35
0ef8b2c9e039eaace596,13,20,14.71
0ef8b2c9e039eaace596,14,35,25.74
0ef8b2c9e039eaace596,15,10,7.35
0ef8b2c9e039eaace596,16,0,0.0
0ef8b2c9e039eaace596,17,4,2.94
0ef8b2c9e039eaace596,18,4,2.94
0ef8b2c9e039eaace596,19,0,0.0
0ef8b2c9e039eaace596,20,0,0.0
0ef8b2c9e039eaace596,21,0,0.0
0ef8b2c9e039eaace596,22,0,0.0
0ef8b2c9e039eaace596,23,0,0.0
6b0cc09c9daf2966d1a7,0,0,0.0
6b0cc09c9daf2966d1a7,1,0,0.0
6b0cc09c9daf2966d1a7,2,8,3.62
6b0cc09c9daf2966d1a7,3,11,4.98
6b0cc09c9daf2966d1a7,4,0,0.0
6b0cc09c9daf2966d1a7,5,1,0.45
6b0cc09c9daf2966d1a7,6,5,2.26
6b0cc09c9daf2966d1a7,7,19,8.6
6b0cc09c9daf2966d1a7,8,15,6.79
6b0cc09c9daf2966d1a7,9,5,2.26
6b0cc09c9daf2966d1a7,10,5,2.26
6b0cc09c9daf2966d1a7,11,26,11.76
6b0cc09c9daf2966d1a7,12,26,11.76
6b0cc09c9daf2966d1a7,13,54,24.43
6b0cc09c9daf2966d1a7,14,45,20.36
6b0cc09c9daf2966d1a7,15,1,0.45
6b0cc09c9daf2966d1a7,16,0,0.0
6b0cc09c9daf2966d1a7,17,0,0.0
6b0cc09c9daf2966d1a7,18,0,0.0
6b0cc09c9daf2966d1a7,19,0,0.0
6b0cc09c9daf2966d1a7,20,0,0.0
6b0cc09c9daf2966d1a7,21,0,0.0
6b0cc09c9daf2966d1a7,22,0,0.0
6b0cc09c9daf2966d1a7,23,0,0.0
b6b2f975de58052aae0c,0,1,0.5
b6b2f975de58052aae0c,1,16,8.04
b6b2f975de58052aae0c,2,4,2.01
b6b2f975de58052aae0c,3,1,0.5
b6b2f975de58052aae0c,4,1,0.5
b6b2f975de58052aae0c,5,20,10.05
b6b2f975de58052aae0c,6,16,8.04
b6b2f975de58052aae0c,7,13,6.53
b6b2f975de58052aae0c,8,14,7.04
b6b2f975de58052aae0c,9,4,2.01
b6b2f975de58052aae0c,10,10,5.03
b6b2f975de58052aae0c,11,27,13.57
b6b2f975de58052aae0c,12,9,4.52
b6b2f975de58052aae0c,13,3,1.51
b6b2f975de58052aae0c,14,17,8.54
b6b2f975de58052aae0c,15,43,21.61
b6b2f975de58052aae0c,16,0,0.0
b6b2f975de58052aae0c,17,0,0.0
b6b2f975de58052aae0c,18,0,0.0
b6b2f975de58052aae0c,19,0,0.0
b6b2f975de58052aae0c,20,0,0.0
b6b2f975de58052aae0c,21,0,0.0
b6b2f975de58052aae0c,22,0,0.0
b6b2f975de58052aae0c,23,0,0.0
071685b292483b04e836,0,0,0.0
071685b292483b04e836,1,0,0.0
071685b292483b04e836,2,1,1.37
071685b292483b04e836,3,7,9.59
071685b292483b04e836,4,6,8.22
071685b292483b04e836,5,4,5.48
071685b292483b04e836,6,10,13.7
071685b292483b04e836,7,0,0.0
071685b292483b04e836,8,0,0.0
071685b292483b04e836,9,2,2.74
071685b292483b04e836,10,7,9.59
071685b292483b04e836,11,6,8.22
071685b292483b04e836,12,3,4.11
071685b292483b04e836,13,12,16.44
071685b292483b04e836,14,7,9.59
071685b292483b04e836,15,6,8.22
071685b292483b04e836,16,2,2.74
071685b292483b04e836,17,0,0.0
071685b292483b04e836,18,0,0.0
071685b292483b04e836,19,0,0.0
071685b292483b04e836,20,0,0.0
071685b292483b04e836,21,0,0.0
071685b292483b04e836,22,0,0.0
071685b292483b04e836,23,0,0.0
2ea821273e01ec758583,0,2,1.5
2ea821273e01ec758583,1,15,11.28
2ea821273e01ec758583,2,1,0.75
2ea821273e01ec758583,3,11,8.27
2ea821273e01ec758583,4,16,12.03
2ea821273e01ec758583,5,0,0.0
2ea821273e01ec758583,6,15,11.28
2ea821273e01ec758583,7,3,2.26
2ea821273e01ec758583,8,2,1.5
2ea821273e01ec758583,9,0,0.0
2ea821273e01ec758583,10,10,7.52
2ea821273e01ec758583,11,37,27.82
2ea821273e01ec758583,12,21,15.79
2ea821273e01ec758583,13,0,0.0
2ea821273e01ec758583,14,0,0.0
2ea821273e01ec758583,15,0,0.0
2ea821273e01ec758583,16,0,0.0
2ea821273e01ec758583,17,0,0.0
2ea821273e01ec758583,18,0,0.0
2ea821273e01ec758583,19,0,0.0
2ea821273e01ec758583,20,0,0.0
2ea821273e01ec758583,21,0,0.0
2ea821273e01ec758583,22,0,0.0
2ea821273e01ec758583,23,0,0.0
552365f82674884bcaaa,0,0,0.0
552365f82674884bcaaa,1,0,0.0
552365f82674884bcaaa,2,0,0.0
552365f82674884bcaaa,3,0,0.0
552365f82674884bcaaa,4,3,4.35
552365f82674884bcaaa,5,8,11.59
552365f82674884bcaaa,6,2,2.9
552365f82674884bcaaa,7,7,10.14
552365f82674884bcaaa,8,8,11.59
552365f82674884bcaaa,9,4,5.8
552365f82674884bcaaa,10,19,27.54
552365f82674884bcaaa,11,4,5.8
552365f82674884bcaaa,12,5,7.25
552365f82674884bcaaa,13,6,8.7
552365f82674884bcaaa,14,3,4.35
552365f82674884bcaaa,15,0,0.0
552365f82674884bcaaa,16,0,0.0
552365f82674884bcaaa,17,0,0.0
552365f82674884bcaaa,18,0,0.0
552365f82674884bcaaa,19,0,0.0
552365f82674884bcaaa,20,0,0.0
552365f82674884bcaaa,21,0,0.0
552365f82674884bcaaa,22,0,0.0
552365f82674884bcaaa,23,0,0.0
cdbfb55b48cefce540dd,0,0,0.0
cdbfb55b48cefce540dd,1,8,11.76
cdbfb55b48cefce540dd,2,0,0.0
cdbfb55b48cefce540dd,3,0,0.0
cdbfb55b48cefce540dd,4,0,0.0
cdbfb55b48cefce540dd,5,2,2.94
cdbfb55b48cefce540dd,6,0,0.0
cdbfb55b48cefce540dd,7,9,13.24
cdbfb55b48cefce540dd,8,8,11.76
cdbfb55b48cefce540dd,9,0,0.0
cdbfb55b48cefce540dd,10,15,22.06
cdbfb55b48cefce540dd,11,6,8.82
cdbfb55b48cefce540dd,12,19,27.94
cdbfb55b48cefce540dd,13,1,1.47
cdbfb55b48cefce540dd,14,0,0.0
cdbfb55b48cefce540dd,15,0,0.0
cdbfb55b48cefce540dd,16,0,0.0
cdbfb55b48cefce540dd,17,0,0.0
cdbfb55b48cefce540dd,18,0,0.0
cdbfb55b48cefce540dd,19,0,0.0
cdbfb55b48cefce540dd,20,0,0.0
cdbfb55b48cefce540dd,21,0,0.0
cdbfb55b48cefce540dd,22,0,0.0
cdbfb55b48cefce540dd,23,0,0.0
a867295d48d4b4134903,0,6,3.43
a867295d48d4b4134903,1,4,2.29
a867295d48d4b4134903,2,4,2.29
a867295d48d4b4134903,3,5,2.86
a867295d48d4b4134903,4,5,2.86
a867295d48d4b4134903,5,8,4.57
a867295d48d4b4134903,6,13,7.43
a867295d48d4b4134903,7,8,4.57
a867295d48d4b4134903,8,24,13.71
a867295d48d4b4134903,9,2,1.14
a867295d48d4b4134903,10,26,14.86
a867295d48d4b4134903,11,22,12.57
a867295d48d4b4134903,12,18,10.29
a867295d48d4b4134903,13,17,9.71
a867295d48d4b4134903,14,11,6.29
a867295d48d4b4134903,15,2,1.14
a867295d48d4b4134903,16,0,0.0
a867295d48d4b4134903,17,0,0.0
a867295d48d4b4134903,18,0,0.0
a867295d48d4b4134903,19,0,0.0
a867295d48d4b4134903,20,0,0.0
a867295d48d4b4134903,21,0,0.0
a867295d48d4b4134903,22,0,0.0
a867295d48d4b4134903,23,0,0.0
a9e1aff282e8d6356dce,0,0,0.0
a9e1aff282e8d6356dce,1,2,2.22
a9e1aff282e8d6356dce,2,10,11.11
a9e1aff282e8d6356dce,3,7,7.78
a9e1aff282e8d6356dce,4,0,0.0
a9e1aff282e8d6356dce,5,0,0.0
a9e1aff282e8d6356dce,6,0,0.0
a9e1aff282e8d6356dce,7,4,4.44
a9e1aff282e8d6356dce,8,10,11.11
a9e1aff282e8d6356dce,9,0,0.0
a9e1aff282e8d6356dce,10,0,0.0
a9e1aff282e8d6356dce,11,2,2.22
a9e1aff282e8d6356dce,12,20,22.22
a9e1aff282e8d6356dce,13,34,37.78
a9e1aff282e8d6356dce,14,1,1.11
a9e1aff282e8d6356dce,15,0,0.0
a9e1aff282e8d6356dce,16,0,0.0
a9e1aff282e8d6356dce,17,0,0.0
a9e1aff282e8d6356dce,18,0,0.0
a9e1aff282e8d6356dce,19,0,0.0
a9e1aff282e8d6356dce,20,0,0.0
a9e1aff282e8d6356dce,21,0,0.0
a9e1aff282e8d6356dce,22,0,0.0
a9e1aff282e8d6356dce,23,0,0.0
0b16d35f1f39a063708a,0,1,0.4
0b16d35f1f39a063708a,1,0,0.0
0b16d35f1f39a063708a,2,0,0.0
0b16d35f1f39a063708a,3,0,0.0
0b16d35f1f39a063708a,4,26,10.4
0b16d35f1f39a063708a,5,27,10.8
0b16d35f1f39a063708a,6,29,11.6
0b16d35f1f39a063708a,7,16,6.4
0b16d35f1f39a063708a,8,42,16.8
0b16d35f1f39a063708a,9,19,7.6
0b16d35f1f39a063708a,10,4,1.6
0b16d35f1f39a063708a,11,19,7.6
0b16d35f1f39a063708a,12,5,2.0
0b16d35f1f39a063708a,13,22,8.8
0b16d35f1f39a063708a,14,28,11.2
0b16d35f1f39a063708a,15,12,4.8
0b16d35f1f39a063708a,16,0,0.0
0b16d35f1f39a063708a,17,0,0.0
0b16d35f1f39a063708a,18,0,0.0
0b16d35f1f39a063708a,19,0,0.0
0b16d35f1f39a063708a,20,0,0.0
0b16d35f1f39a063708a,21,0,0.0
0b16d35f1f39a063708a,22,0,0.0
0b16d35f1f39a063708a,23,0,0.0
a0973be15e5e7116f121,0,2,2.47
a0973be15e5e7116f121,1,0,0.0
a0973be15e5e7116f121,2,2,2.47
a0973be15e5e7116f121,3,5,6.17
a0973be15e5e7116f121,4,0,0.0
a0973be15e5e7116f121,5,0,0.0
a0973be15e5e7116f121,6,8,9.88
a0973be15e5e7116f121,7,8,9.88
a0973be15e5e7116f121,8,21,25.93
a0973be15e5e7116f121,9,2,2.47
a0973be15e5e7116f121,10,15,18.52
a0973be15e5e7116f121,11,2,2.47
a0973be15e5e7116f121,12,0,0.0
a0973be15e5e7116f121,13,8,9.88
a0973be15e5e7116f121,14,8,9.88
a0973be15e5e7116f121,15,0,0.0
a0973be15e5e7116f121,16,0,0.0
a0973be15e5e7116f121,17,0,0.0
a0973be15e5e7116f121,18,0,0.0
a0973be15e5e7116f121,19,0,0.0
a0973be15e5e7116f121,20,0,0.0
a0973be15e5e7116f121,21,0,0.0
a0973be15e5e7116f121,22,0,0.0
a0973be15e5e7116f121,23,0,0.0
49a91a4dce6838ffcbcd,0,1,0.58
49a91a4dce6838ffcbcd,1,8,4.65
49a91a4dce6838ffcbcd,2,12,6.98
49a91a4dce6838ffcbcd,3,1,0.58
49a91a4dce6838ffcbcd,4,8,4.65
49a91a4dce6838ffcbcd,5,13,7.56
49a91a4dce6838ffcbcd,6,1,0.58
49a91a4dce6838ffcbcd,7,3,1.74
49a91a4dce6838ffcbcd,8,3,1.74
49a91a4dce6838ffcbcd,9,0,0.0
49a91a4dce6838ffcbcd,10,4,2.33
49a91a4dce6838ffcbcd,11,13,7.56
49a91a4dce6838ffcbcd,12,24,13.95
49a91a4dce6838ffcbcd,13,38,22.09
49a91a4dce6838ffcbcd,14,37,21.51
49a91a4dce6838ffcbcd,15,6,3.49
49a91a4dce6838ffcbcd,16,0,0.0
49a91a4dce6838ffcbcd,17,0,0.0
49a91a4dce6838ffcbcd,18,0,0.0
49a91a4dce6838ffcbcd,19,0,0.0
49a91a4dce6838ffcbcd,20,0,0.0
49a91a4dce6838ffcbcd,21,0,0.0
49a91a4dce6838ffcbcd,22,0,0.0
49a91a4dce6838ffcbcd,23,0,0.0
b5863cc5a1b448ca1cab,0,4,2.86
b5863cc5a1b448ca1cab,1,2,1.43
b5863cc5a1b448ca1cab,2,4,2.86
b5863cc5a1b448ca1cab,3,2,1.43
b5863cc5a1b448ca1cab,4,2,1.43
b5863cc5a1b448ca1cab,5,3,2.14
b5863cc5a1b448ca1cab,6,8,5.71
b5863cc5a1b448ca1cab,7,0,0.0
b5863cc5a1b448ca1cab,8,0,0.0
b5863cc5a1b448ca1cab,9,6,4.29
b5863cc5a1b448ca1cab,10,10,7.14
b5863cc5a1b448ca1cab,11,19,13.57
b5863cc5a1b448ca1cab,12,17,12.14
b5863cc5a1b448ca1cab,13,14,10.0
b5863cc5a1b448ca1cab,14,20,14.29
b5863cc5a1b448ca1cab,15,26,18.57
b5863cc5a1b448ca1cab,16,0,0.0
b5863cc5a1b448ca1cab,17,0,0.0
b5863cc5a1b448ca1cab,18,0,0.0
b5863cc5a1b448ca1cab,19,0,0.0
b5863cc5a1b448ca1cab,20,0,0.0
b5863cc5a1b448ca1cab,21,0,0.0
b5863cc5a1b448ca1cab,22,0,0.0
b5863cc5a1b448ca1cab,23,3,2.14
c7bb8ace7e79b91b3346,0,0,0.0
c7bb8ace7e79b91b3346,1,0,0.0
c7bb8ace7e79b91b3346,2,0,0.0
c7bb8ace7e79b91b3346,3,1,0.76
c7bb8ace7e79b91b3346,4,0,0.0
c7bb8ace7e79b91b3346,5,2,1.53
c7bb8ace7e79b91b3346,6,8,6.11
c7bb8ace7e79b91b3346,7,13,9.92
c7bb8ace7e79b91b3346,8,35,26.72
c7bb8ace7e79b91b3346,9,18,13.74
c7bb8ace7e79b91b3346,10,8,6.11
c7bb8ace7e79b91b3346,11,12,9.16
c7bb8ace7e79b91b3346,12,4,3.05
c7bb8ace7e79b91b3346,13,14,10.69
c7bb8ace7e79b91b3346,14,16,12.21
c7bb8ace7e79b91b3346,15,0,0.0
c7bb8ace7e79b91b3346,16,0,0.0
c7bb8ace7e79b91b3346,17,0,0.0
c7bb8ace7e79b91b3346,18,0,0.0
c7bb8ace7e79b91b3346,19,0,0.0
c7bb8ace7e79b91b3346,20,0,0.0
c7bb8ace7e79b91b3346,21,0,0.0
c7bb8ace7e79b91b3346,22,0,0.0
c7bb8ace7e79b91b3346,23,0,0.0
498121d2486259ef1b3a,0,0,0.0
498121d2486259ef1b3a,1,0,0.0
498121d2486259ef1b3a,2,0,0.0
498121d2486259ef1b3a,3,0,0.0
498121d2486259ef1b3a,4,0,0.0
498121d2486259ef1b3a,5,2,1.09
498121d2486259ef1b3a,6,3,1.64
498121d2486259ef1b3a,7,8,4.37
498121d2486259ef1b3a,8,0,0.0
498121d2486259ef1b3a,9,5,2.73
498121d2486259ef1b3a,10,54,29.51
498121d2486259ef1b3a,11,32,17.49
498121d2486259ef1b3a,12,16,8.74
498121d2486259ef1b3a,13,35,19.13
498121d2486259ef1b3a,14,28,15.3
498121d2486259ef1b3a,15,0,0.0
498121d2486259ef1b3a,16,0,0.0
498121d2486259ef1b3a,17,0,0.0
498121d2486259ef1b3a,18,0,0.0
498121d2486259ef1b3a,19,0,0.0
498121d2486259ef1b3a,20,0,0.0
498121d2486259ef1b3a,21,0,0.0
498121d2486259ef1b3a,22,0,0.0
498121d2486259ef1b3a,23,0,0.0
3094825929f936abb792,0,3,1.89
3094825929f936abb792,1,12,7.55
3094825929f936abb792,2,5,3.14
3094825929f936abb792,3,3,1.89
3094825929f936abb792,4,1,0.63
3094825929f936abb792,5,0,0.0
3094825929f936abb792,6,6,3.77
3094825929f936abb792,7,1,0.63
3094825929f936abb792,8,0,0.0
3094825929f936abb792,9,4,2.52
3094825929f936abb792,10,28,17.61
3094825929f936abb792,11,74,46.54
3094825929f936abb792,12,12,7.55
3094825929f936abb792,13,1,0.63
3094825929f936abb792,14,8,5.03
3094825929f936abb792,15,1,0.63
3094825929f936abb792,16,0,0.0
3094825929f936abb792,17,0,0.0
3094825929f936abb792,18,0,0.0
3094825929f936abb792,19,0,0.0
3094825929f936abb792,20,0,0.0
3094825929f936abb792,21,0,0.0
3094825929f936abb792,22,0,0.0
3094825929f936abb792,23,0,0.0
897f6d3de550ebf68384,0,1,0.97
897f6d3de550ebf68384,1,2,1.94
897f6d3de550ebf68384,2,8,7.77
897f6d3de550ebf68384,3,7,6.8
897f6d3de550ebf68384,4,8,7.77
897f6d3de550ebf68384,5,12,11.65
897f6d3de550ebf68384,6,2,1.94
897f6d3de550ebf68384,7,1,0.97
897f6d3de550ebf68384,8,9,8.74
897f6d3de550ebf68384,9,0,0.0
897f6d3de550ebf68384,10,8,7.77
897f6d3de550ebf68384,11,14,13.59
897f6d3de550ebf68384,12,5,4.85
897f6d3de550ebf68384,13,3,2.91
897f6d3de550ebf68384,14,3,2.91
897f6d3de550ebf68384,15,12,11.65
897f6d3de550ebf68384,16,8,7.77
897f6d3de550ebf68384,17,0,0.0
897f6d3de550ebf68384,18,0,0.0
897f6d3de550ebf68384,19,0,0.0
897f6d3de550ebf68384,20,0,0.0
897f6d3de550ebf68384,21,0,0.0
897f6d3de550ebf68384,22,0,0.0
897f6d3de550ebf68384,23,0,0.0
418f4730434eaced55a2,0,0,0.0
418f4730434eaced55a2,1,2,2.99
418f4730434eaced55a2,2,7,10.45
418f4730434eaced55a2,3,10,14.93
418f4730434eaced55a2,4,0,0.0
418f4730434eaced55a2,5,0,0.0
418f4730434eaced55a2,6,2,2.99
418f4730434eaced55a2,7,6,8.96
418f4730434eaced55a2,8,2,2.99
418f4730434eaced55a2,9,0,0.0
418f4730434eaced55a2,10,13,19.4
418f4730434eaced55a2,11,18,26.87
418f4730434eaced55a2,12,5,7.46
418f4730434eaced55a2,13,2,2.99
418f4730434eaced55a2,14,0,0.0
418f4730434eaced55a2,15,0,0.0
418f4730434eaced55a2,16,0,0.0
418f4730434eaced55a2,17,0,0.0
418f4730434eaced55a2,18,0,0.0
418f4730434eaced55a2,19,0,0.0
418f4730434eaced55a2,20,0,0.0
418f4730434eaced55a2,21,0,0.0
418f4730434eaced55a2,22,0,0.0
418f4730434eaced55a2,23,0,0.0
b7ef250772618a089b48,0,2,1.5
b7ef250772618a089b48,1,0,0.0
b7ef250772618a089b48,2,2,1.5
b7ef250772618a089b48,3,9,6.77
b7ef250772618a089b48,4,5,3.76
b7ef250772618a089b48,5,11,8.27
b7ef250772618a089b48,6,12,9.02
b7ef250772618a089b48,7,4,3.01
b7ef250772618a089b48,8,15,11.28
b7ef250772618a089b48,9,4,3.01
b7ef250772618a089b48,10,4,3.01
b7ef250772618a089b48,11,6,4.51
b7ef250772618a089b48,12,6,4.51
b7ef250772618a089b48,13,28,21.05
b7ef250772618a089b48,14,22,16.54
b7ef250772618a089b48,15,2,1.5
b7ef250772618a089b48,16,0,0.0
b7ef250772618a089b48,17,0,0.0
b7ef250772618a089b48,18,0,0.0
b7ef250772618a089b48,19,0,0.0
b7ef250772618a089b48,20,0,0.0
b7ef250772618a089b48,21,0,0.0
b7ef250772618a089b48,22,0,0.0
b7ef250772618a089b48,23,1,0.75
b37bdce835e610d26c0c,0,0,0.0
b37bdce835e610d26c0c,1,1,2.33
b37bdce835e610d26c0c,2,6,13.95
b37bdce835e610d26c0c,3,3,6.98
b37bdce835e610d26c0c,4,1,2.33
b37bdce835e610d26c0c,5,1,2.33
b37bdce835e610d26c0c,6,4,9.3
b37bdce835e610d26c0c,7,0,0.0
b37bdce835e610d26c0c,8,5,11.63
b37bdce835e610d26c0c,9,1,2.33
b37bdce835e610d26c0c,10,1,2.33
b37bdce835e610d26c0c,11,0,0.0
b37bdce835e610d26c0c,12,5,11.63
b37bdce835e610d26c0c,13,2,4.65
b37bdce835e610d26c0c,14,6,13.95
b37bdce835e610d26c0c,15,0,0.0
b37bdce835e610d26c0c,16,0,0.0
b37bdce835e610d26c0c,17,0,0.0
b37bdce835e610d26c0c,18,1,2.33
b37bdce835e610d26c0c,19,6,13.95
b37bdce835e610d26c0c,20,0,0.0
b37bdce835e610d26c0c,21,0,0.0
b37bdce835e610d26c0c,22,0,0.0
b37bdce835e610d26c0c,23,0,0.0
fef67841144f4c95a6c5,0,0,0.0
fef67841144f4c95a6c5,1,0,0.0
fef67841144f4c95a6c5,2,4,5.71
fef67841144f4c95a6c5,3,0,0.0
fef67841144f4c95a6c5,4,4,5.71
fef67841144f4c95a6c5,5,0,0.0
fef67841144f4c95a6c5,6,2,2.86
fef67841144f4c95a6c5,7,1,1.43
fef67841144f4c95a6c5,8,0,0.0
fef67841144f4c95a6c5,9,0,0.0
fef67841144f4c95a6c5,10,26,37.14
fef67841144f4c95a6c5,11,22,31.43
fef67841144f4c95a6c5,12,8,11.43
fef67841144f4c95a6c5,13,3,4.29
fef67841144f4c95a6c5,14,0,0.0
fef67841144f4c95a6c5,15,0,0.0
fef67841144f4c95a6c5,16,0,0.0
fef67841144f4c95a6c5,17,0,0.0
fef67841144f4c95a6c5,18,0,0.0
fef67841144f4c95a6c5,19,0,0.0
fef67841144f4c95a6c5,20,0,0.0
fef67841144f4c95a6c5,21,0,0.0
fef67841144f4c95a6c5,22,0,0.0
fef67841144f4c95a6c5,23,0,0.0
700915d303cc358e662a,0,0,0.0
700915d303cc358e662a,1,0,0.0
700915d303cc358e662a,2,1,0.88
700915d303cc358e662a,3,3,2.65
700915d303cc358e662a,4,6,5.31
700915d303cc358e662a,5,0,0.0
700915d303cc358e662a,6,0,0.0
700915d303cc358e662a,7,2,1.77
700915d303cc358e662a,8,0,0.0
700915d303cc358e662a,9,0,0.0
700915d303cc358e662a,10,10,8.85
700915d303cc358e662a,11,33,29.2
700915d303cc358e662a,12,32,28.32
700915d303cc358e662a,13,12,10.62
700915d303cc358e662a,14,14,12.39
700915d303cc358e662a,15,0,0.0
700915d303cc358e662a,16,0,0.0
700915d303cc358e662a,17,0,0.0
700915d303cc358e662a,18,0,0.0
700915d303cc358e662a,19,0,0.0
700915d303cc358e662a,20,0,0.0
700915d303cc358e662a,21,0,0.0
700915d303cc358e662a,22,0,0.0
700915d303cc358e662a,23,0,0.0
ffe3886e3e3bab0249b5,0,0,0.0
ffe3886e3e3bab0249b5,1,0,0.0
ffe3886e3e3bab0249b5,2,0,0.0
ffe3886e3e3bab0249b5,3,0,0.0
ffe3886e3e3bab0249b5,4,15,10.79
ffe3886e3e3bab0249b5,5,12,8.63
ffe3886e3e3bab0249b5,6,1,0.72
ffe3886e3e3bab0249b5,7,16,11.51
ffe3886e3e3bab0249b5,8,7,5.04
ffe3886e3e3bab0249b5,9,3,2.16
ffe3886e3e3bab0249b5,10,0,0.0
ffe3886e3e3bab0249b5,11,17,12.23
ffe3886e3e3bab0249b5,12,3,2.16
ffe3886e3e3bab0249b5,13,27,19.42
ffe3886e3e3bab0249b5,14,27,19.42
ffe3886e3e3bab0249b5,15,11,7.91
ffe3886e3e3bab0249b5,16,0,0.0
ffe3886e3e3bab0249b5,17,0,0.0
ffe3886e3e3bab0249b5,18,0,0.0
ffe3886e3e3bab0249b5,19,0,0.0
ffe3886e3e3bab0249b5,20,0,0.0
ffe3886e3e3bab0249b5,21,0,0.0
ffe3886e3e3bab0249b5,22,0,0.0
ffe3886e3e3bab0249b5,23,0,0.0
emnk7ob7xxxdiph6fun3,0,1,0.85
emnk7ob7xxxdiph6fun3,1,2,1.71
emnk7ob7xxxdiph6fun3,2,2,1.71
emnk7ob7xxxdiph6fun3,3,1,0.85
emnk7ob7xxxdiph6fun3,4,3,2.56
emnk7ob7xxxdiph6fun3,5,7,5.98
emnk7ob7xxxdiph6fun3,6,6,5.13
emnk7ob7xxxdiph6fun3,7,7,5.98
emnk7ob7xxxdiph6fun3,8,12,10.26
emnk7ob7xxxdiph6fun3,9,1,0.85
emnk7ob7xxxdiph6fun3,10,11,9.4
emnk7ob7xxxdiph6fun3,11,11,9.4
emnk7ob7xxxdiph6fun3,12,14,11.97
emnk7ob7xxxdiph6fun3,13,14,11.97
emnk7ob7xxxdiph6fun3,14,10,8.55
emnk7ob7xxxdiph6fun3,15,14,11.97
emnk7ob7xxxdiph6fun3,16,1,0.85
emnk7ob7xxxdiph6fun3,17,0,0.0
emnk7ob7xxxdiph6fun3,18,0,0.0
emnk7ob7xxxdiph6fun3,19,0,0.0
emnk7ob7xxxdiph6fun3,20,0,0.0
emnk7ob7xxxdiph6fun3,21,0,0.0
emnk7ob7xxxdiph6fun3,22,0,0.0
emnk7ob7xxxdiph6fun3,23,0,0.0
78uyv6k6u49krocgtkzu,0,0,0.0
78uyv6k6u49krocgtkzu,1,2,1.9
78uyv6k6u49krocgtkzu,2,5,4.76
78uyv6k6u49krocgtkzu,3,6,5.71
78uyv6k6u49krocgtkzu,4,3,2.86
78uyv6k6u49krocgtkzu,5,3,2.86
78uyv6k6u49krocgtkzu,6,5,4.76
78uyv6k6u49krocgtkzu,7,9,8.57
78uyv6k6u49krocgtkzu,8,3,2.86
78uyv6k6u49krocgtkzu,9,2,1.9
78uyv6k6u49krocgtkzu,10,7,6.67
78uyv6k6u49krocgtkzu,11,17,16.19
78uyv6k6u49krocgtkzu,12,11,10.48
78uyv6k6u49krocgtkzu,13,16,15.24
78uyv6k6u49krocgtkzu,14,6,5.71
78uyv6k6u49krocgtkzu,15,5,4.76
78uyv6k6u49krocgtkzu,16,4,3.81
78uyv6k6u49krocgtkzu,17,1,0.95
78uyv6k6u49krocgtkzu,18,0,0.0
78uyv6k6u49krocgtkzu,19,0,0.0
78uyv6k6u49krocgtkzu,20,0,0.0
78uyv6k6u49krocgtkzu,21,0,0.0
78uyv6k6u49krocgtkzu,22,0,0.0
78uyv6k6u49krocgtkzu,23,0,0.0
sie4alrjjjvlk0w9ye5l,0,0,0.0
sie4alrjjjvlk0w9ye5l,1,3,2.61
sie4alrjjjvlk0w9ye5l,2,4,3.48
sie4alrjjjvlk0w9ye5l,3,4,3.48
sie4alrjjjvlk0w9ye5l,4,2,1.74
sie4alrjjjvlk0w9ye5l,5,6,5.22
sie4alrjjjvlk0w9ye5l,6,6,5.22
sie4alrjjjvlk0w9ye5l,7,7,6.09
sie4alrjjjvlk0w9ye5l,8,6,5.22
sie4alrjjjvlk0w9ye5l,9,8,6.96
sie4alrjjjvlk0w9ye5l,10,8,6.96
sie4alrjjjvlk0w9ye5l,11,8,6.96
sie4alrjjjvlk0w9ye5l,12,18,15.65
sie4alrjjjvlk0w9ye5l,13,11,9.57
sie4alrjjjvlk0w9ye5l,14,15,13.04
sie4alrjjjvlk0w9ye5l,15,7,6.09
sie4alrjjjvlk0w9ye5l,16,2,1.74
sie4alrjjjvlk0w9ye5l,17,0,0.0
sie4alrjjjvlk0w9ye5l,18,0,0.0
sie4alrjjjvlk0w9ye5l,19,0,0.0
sie4alrjjjvlk0w9ye5l,20,0,0.0
sie4alrjjjvlk0w9ye5l,21,0,0.0
sie4alrjjjvlk0w9ye5l,22,0,0.0
sie4alrjjjvlk0w9ye5l,23,0,0.0
95i3ttsko6c6ol53ebql,0,1,1.03
95i3ttsko6c6ol53ebql,1,4,4.12
95i3ttsko6c6ol53ebql,2,2,2.06
95i3ttsko6c6ol53ebql,3,3,3.09
95i3ttsko6c6ol53ebql,4,2,2.06
95i3ttsko6c6ol53ebql,5,4,4.12
95i3ttsko6c6ol53ebql,6,5,5.15
95i3ttsko6c6ol53ebql,7,7,7.22
95i3ttsko6c6ol53ebql,8,11,11.34
95i3ttsko6c6ol53ebql,9,5,5.15
95i3ttsko6c6ol53ebql,10,8,8.25
95i3ttsko6c6ol53ebql,11,12,12.37
95i3ttsko6c6ol53ebql,12,10,10.31
95i3ttsko6c6ol53ebql,13,5,5.15
95i3ttsko6c6ol53ebql,14,13,13.4
95i3ttsko6c6ol53ebql,15,5,5.15
95i3ttsko6c6ol53ebql,16,0,0.0
95i3ttsko6c6ol53ebql,17,0,0.0
95i3ttsko6c6ol53ebql,18,0,0.0
95i3ttsko6c6ol53ebql,19,0,0.0
95i3ttsko6c6ol53ebql,20,0,0.0
95i3ttsko6c6ol53ebql,21,0,0.0
95i3ttsko6c6ol53ebql,22,0,0.0
95i3ttsko6c6ol53ebql,23,0,0.0
cz0pbk8vede7ey2oce4a,0,0,0.0
cz0pbk8vede7ey2oce4a,1,0,0.0
cz0pbk8vede7ey2oce4a,2,0,0.0
cz0pbk8vede7ey2oce4a,3,4,3.67
cz0pbk8vede7ey2oce4a,4,8,7.34
cz0pbk8vede7ey2oce4a,5,2,1.83
cz0pbk8vede7ey2oce4a,6,5,4.59
cz0pbk8vede7ey2oce4a,7,5,4.59
cz0pbk8vede7ey2oce4a,8,10,9.17
cz0pbk8vede7ey2oce4a,9,2,1.83
cz0pbk8vede7ey2oce4a,10,8,7.34
cz0pbk8vede7ey2oce4a,11,14,12.84
cz0pbk8vede7ey2oce4a,12,8,7.34
cz0pbk8vede7ey2oce4a,13,14,12.84
cz0pbk8vede7ey2oce4a,14,14,12.84
cz0pbk8vede7ey2oce4a,15,13,11.93
cz0pbk8vede7ey2oce4a,16,1,0.92
cz0pbk8vede7ey2oce4a,17,0,0.0
cz0pbk8vede7ey2oce4a,18,0,0.0
cz0pbk8vede7ey2oce4a,19,0,0.0
cz0pbk8vede7ey2oce4a,20,0,0.0
cz0pbk8vede7ey2oce4a,21,0,0.0
cz0pbk8vede7ey2oce4a,22,0,0.0
cz0pbk8vede7ey2oce4a,23,1,0.92
xvfa4ysm4deeobu8wkym,0,1,0.88
xvfa4ysm4deeobu8wkym,1,3,2.63
xvfa4ysm4deeobu8wkym,2,4,3.51
xvfa4ysm4deeobu8wkym,3,1,0.88
xvfa4ysm4deeobu8wkym,4,3,2.63
xvfa4ysm4deeobu8wkym,5,4,3.51
xvfa4ysm4deeobu8wkym,6,5,4.39
xvfa4ysm4deeobu8wkym,7,4,3.51
xvfa4ysm4deeobu8wkym,8,3,2.63
xvfa4ysm4deeobu8wkym,9,4,3.51
xvfa4ysm4deeobu8wkym,10,14,12.28
xvfa4ysm4deeobu8wkym,11,15,13.16
xvfa4ysm4deeobu8wkym,12,21,18.42
xvfa4ysm4deeobu8wkym,13,13,11.4
xvfa4ysm4deeobu8wkym,14,12,10.53
xvfa4ysm4deeobu8wkym,15,4,3.51
xvfa4ysm4deeobu8wkym,16,1,0.88
xvfa4ysm4deeobu8wkym,17,1,0.88
xvfa4ysm4deeobu8wkym,18,1,0.88
xvfa4ysm4deeobu8wkym,19,0,0.0
xvfa4ysm4deeobu8wkym,20,0,0.0
xvfa4ysm4deeobu8wkym,21,0,0.0
xvfa4ysm4deeobu8wkym,22,0,0.0
xvfa4ysm4deeobu8wkym,23,0,0.0
5slhcx7pnjhcmlbfffu6,0,1,0.98
5slhcx7pnjhcmlbfffu6,1,2,1.96
5slhcx7pnjhcmlbfffu6,2,2,1.96
5slhcx7pnjhcmlbfffu6,3,4,3.92
5slhcx7pnjhcmlbfffu6,4,7,6.86
5slhcx7pnjhcmlbfffu6,5,3,2.94
5slhcx7pnjhcmlbfffu6,6,5,4.9
5slhcx7pnjhcmlbfffu6,7,4,3.92
5slhcx7pnjhcmlbfffu6,8,9,8.82
5slhcx7pnjhcmlbfffu6,9,4,3.92
5slhcx7pnjhcmlbfffu6,10,3,2.94
5slhcx7pnjhcmlbfffu6,11,11,10.78
5slhcx7pnjhcmlbfffu6,12,9,8.82
5slhcx7pnjhcmlbfffu6,13,12,11.76
5slhcx7pnjhcmlbfffu6,14,15,14.71
5slhcx7pnjhcmlbfffu6,15,8,7.84
5slhcx7pnjhcmlbfffu6,16,3,2.94
5slhcx7pnjhcmlbfffu6,17,0,0.0
5slhcx7pnjhcmlbfffu6,18,0,0.0
5slhcx7pnjhcmlbfffu6,19,0,0.0
5slhcx7pnjhcmlbfffu6,20,0,0.0
5slhcx7pnjhcmlbfffu6,21,0,0.0
5slhcx7pnjhcmlbfffu6,22,0,0.0
5slhcx7pnjhcmlbfffu6,23,0,0.0
5qfsd40k8fv54hc102p2,0,1,1.1
5qfsd40k8fv54hc102p2,1,0,0.0
5qfsd40k8fv54hc102p2,2,1,1.1
5qfsd40k8fv54hc102p2,3,0,0.0
5qfsd40k8fv54hc102p2,4,2,2.2
5qfsd40k8fv54hc102p2,5,3,3.3
5qfsd40k8fv54hc102p2,6,7,7.69
5qfsd40k8fv54hc102p2,7,1,1.1
5qfsd40k8fv54hc102p2,8,7,7.69
5qfsd40k8fv54hc102p2,9,6,6.59
5qfsd40k8fv54hc102p2,10,11,12.09
5qfsd40k8fv54hc102p2,11,11,12.09
5qfsd40k8fv54hc102p2,12,10,10.99
5qfsd40k8fv54hc102p2,13,12,13.19
5qfsd40k8fv54hc102p2,14,10,10.99
5qfsd40k8fv54hc102p2,15,6,6.59
5qfsd40k8fv54hc102p2,16,2,2.2
5qfsd40k8fv54hc102p2,17,1,1.1
5qfsd40k8fv54hc102p2,18,0,0.0
5qfsd40k8fv54hc102p2,19,0,0.0
5qfsd40k8fv54hc102p2,20,0,0.0
5qfsd40k8fv54hc102p2,21,0,0.0
5qfsd40k8fv54hc102p2,22,0,0.0
5qfsd40k8fv54hc102p2,23,0,0.0
spyu1at0d9k1wxtenlhe,0,0,0.0
spyu1at0d9k1wxtenlhe,1,1,0.97
spyu1at0d9k1wxtenlhe,2,4,3.88
spyu1at0d9k1wxtenlhe,3,6,5.83
spyu1at0d9k1wxtenlhe,4,3,2.91
spyu1at0d9k1wxtenlhe,5,4,3.88
spyu1at0d9k1wxtenlhe,6,2,1.94
spyu1at0d9k1wxtenlhe,7,7,6.8
spyu1at0d9k1wxtenlhe,8,5,4.85
spyu1at0d9k1wxtenlhe,9,6,5.83
spyu1at0d9k1wxtenlhe,10,6,5.83
spyu1at0d9k1wxtenlhe,11,10,9.71
spyu1at0d9k1wxtenlhe,12,13,12.62
spyu1at0d9k1wxtenlhe,13,11,10.68
spyu1at0d9k1wxtenlhe,14,15,14.56
spyu1at0d9k1wxtenlhe,15,9,8.74
spyu1at0d9k1wxtenlhe,16,1,0.97
spyu1at0d9k1wxtenlhe,17,0,0.0
spyu1at0d9k1wxtenlhe,18,0,0.0
spyu1at0d9k1wxtenlhe,19,0,0.0
spyu1at0d9k1wxtenlhe,20,0,0.0
spyu1at0d9k1wxtenlhe,21,0,0.0
spyu1at0d9k1wxtenlhe,22,0,0.0
spyu1at0d9k1wxtenlhe,23,0,0.0
z23fh1v40p3hmxxspbo9,0,0,0.0
z23fh1v40p3hmxxspbo9,1,4,4.0
z23fh1v40p3hmxxspbo9,2,4,4.0
z23fh1v40p3hmxxspbo9,3,1,1.0
z23fh1v40p3hmxxspbo9,4,2,2.0
z23fh1v40p3hmxxspbo9,5,4,4.0
z23fh1v40p3hmxxspbo9,6,5,5.0
z23fh1v40p3hmxxspbo9,7,5,5.0
z23fh1v40p3hmxxspbo9,8,6,6.0
z23fh1v40p3hmxxspbo9,9,2,2.0
z23fh1v40p3hmxxspbo9,10,8,8.0
z23fh1v40p3hmxxspbo9,11,12,12.0
z23fh1v40p3hmxxspbo9,12,13,13.0
z23fh1v40p3hmxxspbo9,13,7,7.0
z23fh1v40p3hmxxspbo9,14,12,12.0
z23fh1v40p3hmxxspbo9,15,10,10.0
z23fh1v40p3hmxxspbo9,16,2,2.0
z23fh1v40p3hmxxspbo9,17,1,1.0
z23fh1v40p3hmxxspbo9,18,0,0.0
z23fh1v40p3hmxxspbo9,19,0,0.0
z23fh1v40p3hmxxspbo9,20,0,0.0
z23fh1v40p3hmxxspbo9,21,0,0.0
z23fh1v40p3hmxxspbo9,22,0,0.0
z23fh1v40p3hmxxspbo9,23,2,2.0
n20d6b4o2g64oaa3q8ym,0,1,0.88
n20d6b4o2g64oaa3q8ym,1,3,2.65
n20d6b4o2g64oaa3q8ym,2,0,0.0
n20d6b4o2g64oaa3q8ym,3,4,3.54
n20d6b4o2g64oaa3q8ym,4,2,1.77
n20d6b4o2g64oaa3q8ym,5,3,2.65
n20d6b4o2g64oaa3q8ym,6,7,6.19
n20d6b4o2g64oaa3q8ym,7,4,3.54
n20d6b4o2g64oaa3q8ym,8,15,13.27
n20d6b4o2g64oaa3q8ym,9,10,8.85
n20d6b4o2g64oaa3q8ym,10,6,5.31
n20d6b4o2g64oaa3q8ym,11,12,10.62
n20d6b4o2g64oaa3q8ym,12,14,12.39
n20d6b4o2g64oaa3q8ym,13,9,7.96
n20d6b4o2g64oaa3q8ym,14,14,12.39
n20d6b4o2g64oaa3q8ym,15,7,6.19
n20d6b4o2g64oaa3q8ym,16,1,0.88
n20d6b4o2g64oaa3q8ym,17,0,0.0
n20d6b4o2g64oaa3q8ym,18,0,0.0
n20d6b4o2g64oaa3q8ym,19,1,0.88
n20d6b4o2g64oaa3q8ym,20,0,0.0
n20d6b4o2g64oaa3q8ym,21,0,0.0
n20d6b4o2g64oaa3q8ym,22,0,0.0
n20d6b4o2g64oaa3q8ym,23,0,0.0
yj708ceb2o5gueez45or,0,1,0.89
yj708ceb2o5gueez45or,1,1,0.89
yj708ceb2o5gueez45or,2,4,3.57
yj708ceb2o5gueez45or,3,5,4.46
yj708ceb2o5gueez45or,4,7,6.25
yj708ceb2o5gueez45or,5,6,5.36
yj708ceb2o5gueez45or,6,12,10.71
yj708ceb2o5gueez45or,7,5,4.46
yj708ceb2o5gueez45or,8,9,8.04
yj708ceb2o5gueez45or,9,5,4.46
yj708ceb2o5gueez45or,10,2,1.79
yj708ceb2o5gueez45or,11,18,16.07
yj708ceb2o5gueez45or,12,8,7.14
yj708ceb2o5gueez45or,13,8,7.14
yj708ceb2o5gueez45or,14,13,11.61
yj708ceb2o5gueez45or,15,8,7.14
yj708ceb2o5gueez45or,16,0,0.0
yj708ceb2o5gueez45or,17,0,0.0
yj708ceb2o5gueez45or,18,0,0.0
yj708ceb2o5gueez45or,19,0,0.0
yj708ceb2o5gueez45or,20,0,0.0
yj708ceb2o5gueez45or,21,0,0.0
yj708ceb2o5gueez45or,22,0,0.0
yj708ceb2o5gueez45or,23,0,0.0
90z3slav21r61p88ksba,0,1,0.84
90z3slav21r61p88ksba,1,0,0.0
90z3slav21r61p88ksba,2,1,0.84
90z3slav21r61p88ksba,3,2,1.68
90z3slav21r61p88ksba,4,8,6.72
90z3slav21r61p88ksba,5,5,4.2
90z3slav21r61p88ksba,6,7,5.88
90z3slav21r61p88ksba,7,9,7.56
90z3slav21r61p88ksba,8,8,6.72
90z3slav21r61p88ksba,9,4,3.36
90z3slav21r61p88ksba,10,9,7.56
90z3slav21r61p88ksba,11,12,10.08
90z3slav21r61p88ksba,12,13,10.92
90z3slav21r61p88ksba,13,15,12.61
90z3slav21r61p88ksba,14,18,15.13
90z3slav21r61p88ksba,15,6,5.04
90z3slav21r61p88ksba,16,1,0.84
90z3slav21r61p88ksba,17,0,0.0
90z3slav21r61p88ksba,18,0,0.0
90z3slav21r61p88ksba,19,0,0.0
90z3slav21r61p88ksba,20,0,0.0
90z3slav21r61p88ksba,21,0,0.0
90z3slav21r61p88ksba,22,0,0.0
90z3slav21r61p88ksba,23,0,0.0
r28s9kyo7knrvytyvmt8,0,1,0.91
r28s9kyo7knrvytyvmt8,1,3,2.73
r28s9kyo7knrvytyvmt8,2,5,4.55
r28s9kyo7knrvytyvmt8,3,4,3.64
r28s9kyo7knrvytyvmt8,4,2,1.82
r28s9kyo7knrvytyvmt8,5,5,4.55
r28s9kyo7knrvytyvmt8,6,6,5.45
r28s9kyo7knrvytyvmt8,7,6,5.45
r28s9kyo7knrvytyvmt8,8,14,12.73
r28s9kyo7knrvytyvmt8,9,5,4.55
r28s9kyo7knrvytyvmt8,10,7,6.36
r28s9kyo7knrvytyvmt8,11,8,7.27
r28s9kyo7knrvytyvmt8,12,13,11.82
r28s9kyo7knrvytyvmt8,13,14,12.73
r28s9kyo7knrvytyvmt8,14,12,10.91
r28s9kyo7knrvytyvmt8,15,3,2.73
r28s9kyo7knrvytyvmt8,16,0,0.0
r28s9kyo7knrvytyvmt8,17,1,0.91
r28s9kyo7knrvytyvmt8,18,1,0.91
r28s9kyo7knrvytyvmt8,19,0,0.0
r28s9kyo7knrvytyvmt8,20,0,0.0
r28s9kyo7knrvytyvmt8,21,0,0.0
r28s9kyo7knrvytyvmt8,22,0,0.0
r28s9kyo7knrvytyvmt8,23,0,0.0
apxifjd35xfq6t47ysls,0,1,0.99
apxifjd35xfq6t47ysls,1,3,2.97
apxifjd35xfq6t47ysls,2,5,4.95
apxifjd35xfq6t47ysls,3,7,6.93
apxifjd35xfq6t47ysls,4,2,1.98
apxifjd35xfq6t47ysls,5,2,1.98
apxifjd35xfq6t47ysls,6,8,7.92
apxifjd35xfq6t47ysls,7,4,3.96
apxifjd35xfq6t47ysls,8,7,6.93
apxifjd35xfq6t47ysls,9,6,5.94
apxifjd35xfq6t47ysls,10,6,5.94
apxifjd35xfq6t47ysls,11,12,11.88
apxifjd35xfq6t47ysls,12,7,6.93
apxifjd35xfq6t47ysls,13,7,6.93
apxifjd35xfq6t47ysls,14,17,16.83
apxifjd35xfq6t47ysls,15,4,3.96
apxifjd35xfq6t47ysls,16,2,1.98
apxifjd35xfq6t47ysls,17,1,0.99
apxifjd35xfq6t47ysls,18,0,0.0
apxifjd35xfq6t47ysls,19,0,0.0
apxifjd35xfq6t47ysls,20,0,0.0
apxifjd35xfq6t47ysls,21,0,0.0
apxifjd35xfq6t47ysls,22,0,0.0
apxifjd35xfq6t47ysls,23,0,0.0
r4oklg89q3yx9o2dfq3q,0,1,1.04
r4oklg89q3yx9o2dfq3q,1,0,0.0
r4oklg89q3yx9o2dfq3q,2,2,2.08
r4oklg89q3yx9o2dfq3q,3,2,2.08
r4oklg89q3yx9o2dfq3q,4,2,2.08
r4oklg89q3yx9o2dfq3q,5,2,2.08
r4oklg89q3yx9o2dfq3q,6,4,4.17
r4oklg89q3yx9o2dfq3q,7,7,7.29
r4oklg89q3yx9o2dfq3q,8,7,7.29
r4oklg89q3yx9o2dfq3q,9,4,4.17
r4oklg89q3yx9o2dfq3q,10,6,6.25
r4oklg89q3yx9o2dfq3q,11,11,11.46
r4oklg89q3yx9o2dfq3q,12,10,10.42
r4oklg89q3yx9o2dfq3q,13,12,12.5
r4oklg89q3yx9o2dfq3q,14,16,16.67
r4oklg89q3yx9o2dfq3q,15,9,9.38
r4oklg89q3yx9o2dfq3q,16,0,0.0
r4oklg89q3yx9o2dfq3q,17,0,0.0
r4oklg89q3yx9o2dfq3q,18,1,1.04
r4oklg89q3yx9o2dfq3q,19,0,0.0
r4oklg89q3yx9o2dfq3q,20,0,0.0
r4oklg89q3yx9o2dfq3q,21,0,0.0
r4oklg89q3yx9o2dfq3q,22,0,0.0
r4oklg89q3yx9o2dfq3q,23,0,0.0
4i0t5tq7o78lvc1zglgr,0,0,0.0
4i0t5tq7o78lvc1zglgr,1,0,0.0
4i0t5tq7o78lvc1zglgr,2,4,4.4
4i0t5tq7o78lvc1zglgr,3,3,3.3
4i0t5tq7o78lvc1zglgr,4,2,2.2
4i0t5tq7o78lvc1zglgr,5,8,8.79
4i0t5tq7o78lvc1zglgr,6,6,6.59
4i0t5tq7o78lvc1zglgr,7,5,5.49
4i0t5tq7o78lvc1zglgr,8,8,8.79
4i0t5tq7o78lvc1zglgr,9,4,4.4
4i0t5tq7o78lvc1zglgr,10,5,5.49
4i0t5tq7o78lvc1zglgr,11,15,16.48
4i0t5tq7o78lvc1zglgr,12,9,9.89
4i0t5tq7o78lvc1zglgr,13,6,6.59
4i0t5tq7o78lvc1zglgr,14,10,10.99
4i0t5tq7o78lvc1zglgr,15,5,5.49
4i0t5tq7o78lvc1zglgr,16,1,1.1
4i0t5tq7o78lvc1zglgr,17,0,0.0
4i0t5tq7o78lvc1zglgr,18,0,0.0
4i0t5tq7o78lvc1zglgr,19,0,0.0
4i0t5tq7o78lvc1zglgr,20,0,0.0
4i0t5tq7o78lvc1zglgr,21,0,0.0
4i0t5tq7o78lvc1zglgr,22,0,0.0
4i0t5tq7o78lvc1zglgr,23,0,0.0
hz3im1vs42bx5rxbn7wh,0,1,1.01
hz3im1vs42bx5rxbn7wh,1,2,2.02
hz3im1vs42bx5rxbn7wh,2,2,2.02
hz3im1vs42bx5rxbn7wh,3,3,3.03
hz3im1vs42bx5rxbn7wh,4,5,5.05
hz3im1vs42bx5rxbn7wh,5,3,3.03
hz3im1vs42bx5rxbn7wh,6,8,8.08
hz3im1vs42bx5rxbn7wh,7,8,8.08
hz3im1vs42bx5rxbn7wh,8,3,3.03
hz3im1vs42bx5rxbn7wh,9,0,0.0
hz3im1vs42bx5rxbn7wh,10,7,7.07
hz3im1vs42bx5rxbn7wh,11,7,7.07
hz3im1vs42bx5rxbn7wh,12,8,8.08
hz3im1vs42bx5rxbn7wh,13,16,16.16
hz3im1vs42bx5rxbn7wh,14,13,13.13
hz3im1vs42bx5rxbn7wh,15,11,11.11
hz3im1vs42bx5rxbn7wh,16,1,1.01
hz3im1vs42bx5rxbn7wh,17,0,0.0
hz3im1vs42bx5rxbn7wh,18,1,1.01
hz3im1vs42bx5rxbn7wh,19,0,0.0
hz3im1vs42bx5rxbn7wh,20,0,0.0
hz3im1vs42bx5rxbn7wh,21,0,0.0
hz3im1vs42bx5rxbn7wh,22,0,0.0
hz3im1vs42bx5rxbn7wh,23,0,0.0
icu31mfcha34dnwbsui2,0,0,0.0
icu31mfcha34dnwbsui2,1,2,2.17
icu31mfcha34dnwbsui2,2,0,0.0
icu31mfcha34dnwbsui2,3,3,3.26
icu31mfcha34dnwbsui2,4,1,1.09
icu31mfcha34dnwbsui2,5,5,5.43
icu31mfcha34dnwbsui2,6,7,7.61
icu31mfcha34dnwbsui2,7,4,4.35
icu31mfcha34dnwbsui2,8,7,7.61
icu31mfcha34dnwbsui2,9,5,5.43
icu31mfcha34dnwbsui2,10,11,11.96
icu31mfcha34dnwbsui2,11,11,11.96
icu31mfcha34dnwbsui2,12,9,9.78
icu31mfcha34dnwbsui2,13,9,9.78
icu31mfcha34dnwbsui2,14,13,14.13
icu31mfcha34dnwbsui2,15,5,5.43
icu31mfcha34dnwbsui2,16,0,0.0
icu31mfcha34dnwbsui2,17,0,0.0
icu31mfcha34dnwbsui2,18,0,0.0
icu31mfcha34dnwbsui2,19,0,0.0
icu31mfcha34dnwbsui2,20,0,0.0
icu31mfcha34dnwbsui2,21,0,0.0
icu31mfcha34dnwbsui2,22,0,0.0
icu31mfcha34dnwbsui2,23,0,0.0
1vb2vsoy23nr0monflhx,0,2,1.71
1vb2vsoy23nr0monflhx,1,4,3.42
1vb2vsoy23nr0monflhx,2,7,5.98
1vb2vsoy23nr0monflhx,3,4,3.42
1vb2vsoy23nr0monflhx,4,5,4.27
1vb2vsoy23nr0monflhx,5,3,2.56
1vb2vsoy23nr0monflhx,6,8,6.84
1vb2vsoy23nr0monflhx,7,6,5.13
1vb2vsoy23nr0monflhx,8,7,5.98
1vb2vsoy23nr0monflhx,9,3,2.56
1vb2vsoy23nr0monflhx,10,15,12.82
1vb2vsoy23nr0monflhx,11,14,11.97
1vb2vsoy23nr0monflhx,12,8,6.84
1vb2vsoy23nr0monflhx,13,8,6.84
1vb2vsoy23nr0monflhx,14,13,11.11
1vb2vsoy23nr0monflhx,15,8,6.84
1vb2vsoy23nr0monflhx,16,2,1.71
1vb2vsoy23nr0monflhx,17,0,0.0
1vb2vsoy23nr0monflhx,18,0,0.0
1vb2vsoy23nr0monflhx,19,0,0.0
1vb2vsoy23nr0monflhx,20,0,0.0
1vb2vsoy23nr0monflhx,21,0,0.0
1vb2vsoy23nr0monflhx,22,0,0.0
1vb2vsoy23nr0monflhx,23,0,0.0
7iulsxm22wz4v82hgb2g,0,1,0.94
7iulsxm22wz4v82hgb2g,1,0,0.0
7iulsxm22wz4v82hgb2g,2,0,0.0
7iulsxm22wz4v82hgb2g,3,3,2.83
7iulsxm22wz4v82hgb2g,4,6,5.66
7iulsxm22wz4v82hgb2g,5,7,6.6
7iulsxm22wz4v82hgb2g,6,5,4.72
7iulsxm22wz4v82hgb2g,7,4,3.77
7iulsxm22wz4v82hgb2g,8,9,8.49
7iulsxm22wz4v82hgb2g,9,3,2.83
7iulsxm22wz4v82hgb2g,10,9,8.49
7iulsxm22wz4v82hgb2g,11,12,11.32
7iulsxm22wz4v82hgb2g,12,14,13.21
7iulsxm22wz4v82hgb2g,13,13,12.26
7iulsxm22wz4v82hgb2g,14,12,11.32
7iulsxm22wz4v82hgb2g,15,6,5.66
7iulsxm22wz4v82hgb2g,16,2,1.89
7iulsxm22wz4v82hgb2g,17,0,0.0
7iulsxm22wz4v82hgb2g,18,0,0.0
7iulsxm22wz4v82hgb2g,19,0,0.0
7iulsxm22wz4v82hgb2g,20,0,0.0
7iulsxm22wz4v82hgb2g,21,0,0.0
7iulsxm22wz4v82hgb2g,22,0,0.0
7iulsxm22wz4v82hgb2g,23,0,0.0
omzalmrzys0ymf4cgt03,0,0,0.0
omzalmrzys0ymf4cgt03,1,1,0.78
omzalmrzys0ymf4cgt03,2,3,2.34
omzalmrzys0ymf4cgt03,3,5,3.91
omzalmrzys0ymf4cgt03,4,7,5.47
omzalmrzys0ymf4cgt03,5,8,6.25
omzalmrzys0ymf4cgt03,6,8,6.25
omzalmrzys0ymf4cgt03,7,2,1.56
omzalmrzys0ymf4cgt03,8,12,9.38
omzalmrzys0ymf4cgt03,9,4,3.12
omzalmrzys0ymf4cgt03,10,8,6.25
omzalmrzys0ymf4cgt03,11,8,6.25
omzalmrzys0ymf4cgt03,12,21,16.41
omzalmrzys0ymf4cgt03,13,16,12.5
omzalmrzys0ymf4cgt03,14,15,11.72
omzalmrzys0ymf4cgt03,15,7,5.47
omzalmrzys0ymf4cgt03,16,2,1.56
omzalmrzys0ymf4cgt03,17,0,0.0
omzalmrzys0ymf4cgt03,18,1,0.78
omzalmrzys0ymf4cgt03,19,0,0.0
omzalmrzys0ymf4cgt03,20,0,0.0
omzalmrzys0ymf4cgt03,21,0,0.0
omzalmrzys0ymf4cgt03,22,0,0.0
omzalmrzys0ymf4cgt03,23,0,0.0
nilkp0a54b01p87udccl,0,0,0.0
nilkp0a54b01p87udccl,1,1,1.06
nilkp0a54b01p87udccl,2,2,2.13
nilkp0a54b01p87udccl,3,2,2.13
nilkp0a54b01p87udccl,4,3,3.19
nilkp0a54b01p87udccl,5,3,3.19
nilkp0a54b01p87udccl,6,10,10.64
nilkp0a54b01p87udccl,7,3,3.19
nilkp0a54b01p87udccl,8,9,9.57
nilkp0a54b01p87udccl,9,4,4.26
nilkp0a54b01p87udccl,10,5,5.32
nilkp0a54b01p87udccl,11,10,10.64
nilkp0a54b01p87udccl,12,4,4.26
nilkp0a54b01p87udccl,13,12,12.77
nilkp0a54b01p87udccl,14,16,17.02
nilkp0a54b01p87udccl,15,9,9.57
nilkp0a54b01p87udccl,16,1,1.06
nilkp0a54b01p87udccl,17,0,0.0
nilkp0a54b01p87udccl,18,0,0.0
nilkp0a54b01p87udccl,19,0,0.0
nilkp0a54b01p87udccl,20,0,0.0
nilkp0a54b01p87udccl,21,0,0.0
nilkp0a54b01p87udccl,22,0,0.0
nilkp0a54b01p87udccl,23,0,0.0
7ssihtyt72rzukfci0o1,0,1,1.03
7ssihtyt72rzukfci0o1,1,4,4.12
7ssihtyt72rzukfci0o1,2,3,3.09
7ssihtyt72rzukfci0o1,3,4,4.12
7ssihtyt72rzukfci0o1,4,3,3.09
7ssihtyt72rzukfci0o1,5,5,5.15
7ssihtyt72rzukfci0o1,6,5,5.15
7ssihtyt72rzukfci0o1,7,6,6.19
7ssihtyt72rzukfci0o1,8,6,6.19
7ssihtyt72rzukfci0o1,9,3,3.09
7ssihtyt72rzukfci0o1,10,10,10.31
7ssihtyt72rzukfci0o1,11,8,8.25
7ssihtyt72rzukfci0o1,12,7,7.22
7ssihtyt72rzukfci0o1,13,9,9.28
7ssihtyt72rzukfci0o1,14,15,15.46
7ssihtyt72rzukfci0o1,15,5,5.15
7ssihtyt72rzukfci0o1,16,0,0.0
7ssihtyt72rzukfci0o1,17,0,0.0
7ssihtyt72rzukfci0o1,18,1,1.03
7ssihtyt72rzukfci0o1,19,1,1.03
7ssihtyt72rzukfci0o1,20,0,0.0
7ssihtyt72rzukfci0o1,21,0,0.0
7ssihtyt72rzukfci0o1,22,0,0.0
7ssihtyt72rzukfci0o1,23,1,1.03
ij9llitbhr4gi126l772,0,3,2.7
ij9llitbhr4gi126l772,1,2,1.8
ij9llitbhr4gi126l772,2,1,0.9
ij9llitbhr4gi126l772,3,4,3.6
ij9llitbhr4gi126l772,4,1,0.9
ij9llitbhr4gi126l772,5,3,2.7
ij9llitbhr4gi126l772,6,4,3.6
ij9llitbhr4gi126l772,7,3,2.7
ij9llitbhr4gi126l772,8,10,9.01
ij9llitbhr4gi126l772,9,6,5.41
ij9llitbhr4gi126l772,10,9,8.11
ij9llitbhr4gi126l772,11,13,11.71
ij9llitbhr4gi126l772,12,16,14.41
ij9llitbhr4gi126l772,13,12,10.81
ij9llitbhr4gi126l772,14,10,9.01
ij9llitbhr4gi126l772,15,8,7.21
ij9llitbhr4gi126l772,16,3,2.7
ij9llitbhr4gi126l772,17,2,1.8
ij9llitbhr4gi126l772,18,1,0.9
ij9llitbhr4gi126l772,19,0,0.0
ij9llitbhr4gi126l772,20,0,0.0
ij9llitbhr4gi126l772,21,0,0.0
ij9llitbhr4gi126l772,22,0,0.0
ij9llitbhr4gi126l772,23,0,0.0
qxnna0of95m3oebjc84f,0,0,0.0
qxnna0of95m3oebjc84f,1,2,2.08
qxnna0of95m3oebjc84f,2,2,2.08
qxnna0of95m3oebjc84f,3,2,2.08
qxnna0of95m3oebjc84f,4,5,5.21
qxnna0of95m3oebjc84f,5,5,5.21
qxnna0of95m3oebjc84f,6,4,4.17
qxnna0of95m3oebjc84f,7,7,7.29
qxnna0of95m3oebjc84f,8,9,9.38
qxnna0of95m3oebjc84f,9,1,1.04
qxnna0of95m3oebjc84f,10,11,11.46
qxnna0of95m3oebjc84f,11,7,7.29
qxnna0of95m3oebjc84f,12,10,10.42
qxnna0of95m3oebjc84f,13,12,12.5
qxnna0of95m3oebjc84f,14,8,8.33
qxnna0of95m3oebjc84f,15,10,10.42
qxnna0of95m3oebjc84f,16,0,0.0
qxnna0of95m3oebjc84f,17,1,1.04
qxnna0of95m3oebjc84f,18,0,0.0
qxnna0of95m3oebjc84f,19,0,0.0
qxnna0of95m3oebjc84f,20,0,0.0
qxnna0of95m3oebjc84f,21,0,0.0
qxnna0of95m3oebjc84f,22,0,0.0
qxnna0of95m3oebjc84f,23,0,0.0
dt7s87imgsbma3l5scym,0,0,0.0
dt7s87imgsbma3l5scym,1,5,4.9
dt7s87imgsbma3l5scym,2,1,0.98
dt7s87imgsbma3l5scym,3,3,2.94
dt7s87imgsbma3l5scym,4,5,4.9
dt7s87imgsbma3l5scym,5,3,2.94
dt7s87imgsbma3l5scym,6,4,3.92
dt7s87imgsbma3l5scym,7,1,0.98
dt7s87imgsbma3l5scym,8,10,9.8
dt7s87imgsbma3l5scym,9,3,2.94
dt7s87imgsbma3l5scym,10,6,5.88
dt7s87imgsbma3l5scym,11,10,9.8
dt7s87imgsbma3l5scym,12,11,10.78
dt7s87imgsbma3l5scym,13,9,8.82
dt7s87imgsbma3l5scym,14,19,18.63
dt7s87imgsbma3l5scym,15,8,7.84
dt7s87imgsbma3l5scym,16,1,0.98
dt7s87imgsbma3l5scym,17,2,1.96
dt7s87imgsbma3l5scym,18,0,0.0
dt7s87imgsbma3l5scym,19,0,0.0
dt7s87imgsbma3l5scym,20,0,0.0
dt7s87imgsbma3l5scym,21,0,0.0
dt7s87imgsbma3l5scym,22,0,0.0
dt7s87imgsbma3l5scym,23,1,0.98
0m2kzubx9r60wyrsjj7j,0,1,0.93
0m2kzubx9r60wyrsjj7j,1,2,1.87
0m2kzubx9r60wyrsjj7j,2,2,1.87
0m2kzubx9r60wyrsjj7j,3,2,1.87
0m2kzubx9r60wyrsjj7j,4,2,1.87
0m2kzubx9r60wyrsjj7j,5,6,5.61
0m2kzubx9r60wyrsjj7j,6,9,8.41
0m2kzubx9r60wyrsjj7j,7,3,2.8
0m2kzubx9r60wyrsjj7j,8,11,10.28
0m2kzubx9r60wyrsjj7j,9,2,1.87
0m2kzubx9r60wyrsjj7j,10,7,6.54
0m2kzubx9r60wyrsjj7j,11,18,16.82
0m2kzubx9r60wyrsjj7j,12,9,8.41
0m2kzubx9r60wyrsjj7j,13,9,8.41
0m2kzubx9r60wyrsjj7j,14,14,13.08
0m2kzubx9r60wyrsjj7j,15,7,6.54
0m2kzubx9r60wyrsjj7j,16,2,1.87
0m2kzubx9r60wyrsjj7j,17,0,0.0
0m2kzubx9r60wyrsjj7j,18,0,0.0
0m2kzubx9r60wyrsjj7j,19,0,0.0
0m2kzubx9r60wyrsjj7j,20,0,0.0
0m2kzubx9r60wyrsjj7j,21,0,0.0
0m2kzubx9r60wyrsjj7j,22,0,0.0
0m2kzubx9r60wyrsjj7j,23,1,0.93
wzfry2domlqnblox9w1b,0,2,2.02
wzfry2domlqnblox9w1b,1,0,0.0
wzfry2domlqnblox9w1b,2,2,2.02
wzfry2domlqnblox9w1b,3,2,2.02
wzfry2domlqnblox9w1b,4,4,4.04
wzfry2domlqnblox9w1b,5,4,4.04
wzfry2domlqnblox9w1b,6,7,7.07
wzfry2domlqnblox9w1b,7,4,4.04
wzfry2domlqnblox9w1b,8,6,6.06
wzfry2domlqnblox9w1b,9,1,1.01
wzfry2domlqnblox9w1b,10,10,10.1
wzfry2domlqnblox9w1b,11,11,11.11
wzfry2domlqnblox9w1b,12,8,8.08
wzfry2domlqnblox9w1b,13,10,10.1
wzfry2domlqnblox9w1b,14,16,16.16
wzfry2domlqnblox9w1b,15,10,10.1
wzfry2domlqnblox9w1b,16,1,1.01
wzfry2domlqnblox9w1b,17,1,1.01
wzfry2domlqnblox9w1b,18,0,0.0
wzfry2domlqnblox9w1b,19,0,0.0
wzfry2domlqnblox9w1b,20,0,0.0
wzfry2domlqnblox9w1b,21,0,0.0
wzfry2domlqnblox9w1b,22,0,0.0
wzfry2domlqnblox9w1b,23,0,0.0
otznu9tyqq50x0xij3br,0,1,1.01
otznu9tyqq50x0xij3br,1,2,2.02
otznu9tyqq50x0xij3br,2,3,3.03
otznu9tyqq50x0xij3br,3,5,5.05
otznu9tyqq50x0xij3br,4,1,1.01
otznu9tyqq50x0xij3br,5,4,4.04
otznu9tyqq50x0xij3br,6,3,3.03
otznu9tyqq50x0xij3br,7,7,7.07
otznu9tyqq50x0xij3br,8,6,6.06
otznu9tyqq50x0xij3br,9,2,2.02
otznu9tyqq50x0xij3br,10,8,8.08
otznu9tyqq50x0xij3br,11,13,13.13
otznu9tyqq50x0xij3br,12,8,8.08
otznu9tyqq50x0xij3br,13,20,20.2
otznu9tyqq50x0xij3br,14,9,9.09
otznu9tyqq50x0xij3br,15,6,6.06
otznu9tyqq50x0xij3br,16,1,1.01
otznu9tyqq50x0xij3br,17,0,0.0
otznu9tyqq50x0xij3br,18,0,0.0
otznu9tyqq50x0xij3br,19,0,0.0
otznu9tyqq50x0xij3br,20,0,0.0
otznu9tyqq50x0xij3br,21,0,0.0
otznu9tyqq50x0xij3br,22,0,0.0
otznu9tyqq50x0xij3br,23,0,0.0
wty9xgte39cr5rp39e50,0,1,0.81
wty9xgte39cr5rp39e50,1,1,0.81
wty9xgte39cr5rp39e50,2,3,2.42
wty9xgte39cr5rp39e50,3,1,0.81
wty9xgte39cr5rp39e50,4,6,4.84
wty9xgte39cr5rp39e50,5,7,5.65
wty9xgte39cr5rp39e50,6,6,4.84
wty9xgte39cr5rp39e50,7,5,4.03
wty9xgte39cr5rp39e50,8,7,5.65
wty9xgte39cr5rp39e50,9,9,7.26
wty9xgte39cr5rp39e50,10,7,5.65
wty9xgte39cr5rp39e50,11,12,9.68
wty9xgte39cr5rp39e50,12,14,11.29
wty9xgte39cr5rp39e50,13,13,10.48
wty9xgte39cr5rp39e50,14,15,12.1
wty9xgte39cr5rp39e50,15,15,12.1
wty9xgte39cr5rp39e50,16,2,1.61
wty9xgte39cr5rp39e50,17,0,0.0
wty9xgte39cr5rp39e50,18,0,0.0
wty9xgte39cr5rp39e50,19,0,0.0
wty9xgte39cr5rp39e50,20,0,0.0
wty9xgte39cr5rp39e50,21,0,0.0
wty9xgte39cr5rp39e50,22,0,0.0
wty9xgte39cr5rp39e50,23,0,0.0
5kqtdcvyt7rgqdoextw8,0,0,0.0
5kqtdcvyt7rgqdoextw8,1,2,1.92
5kqtdcvyt7rgqdoextw8,2,5,4.81
5kqtdcvyt7rgqdoextw8,3,3,2.88
5kqtdcvyt7rgqdoextw8,4,8,7.69
5kqtdcvyt7rgqdoextw8,5,3,2.88
5kqtdcvyt7rgqdoextw8,6,6,5.77
5kqtdcvyt7rgqdoextw8,7,4,3.85
5kqtdcvyt7rgqdoextw8,8,7,6.73
5kqtdcvyt7rgqdoextw8,9,5,4.81
5kqtdcvyt7rgqdoextw8,10,9,8.65
5kqtdcvyt7rgqdoextw8,11,10,9.62
5kqtdcvyt7rgqdoextw8,12,10,9.62
5kqtdcvyt7rgqdoextw8,13,13,12.5
5kqtdcvyt7rgqdoextw8,14,12,11.54
5kqtdcvyt7rgqdoextw8,15,5,4.81
5kqtdcvyt7rgqdoextw8,16,1,0.96
5kqtdcvyt7rgqdoextw8,17,1,0.96
5kqtdcvyt7rgqdoextw8,18,0,0.0
5kqtdcvyt7rgqdoextw8,19,0,0.0
5kqtdcvyt7rgqdoextw8,20,0,0.0
5kqtdcvyt7rgqdoextw8,21,0,0.0
5kqtdcvyt7rgqdoextw8,22,0,0.0
5kqtdcvyt7rgqdoextw8,23,0,0.0
t5uf4x6hffga8in2ua6l,0,1,0.87
t5uf4x6hffga8in2ua6l,1,1,0.87
t5uf4x6hffga8in2ua6l,2,4,3.48
t5uf4x6hffga8in2ua6l,3,6,5.22
t5uf4x6hffga8in2ua6l,4,5,4.35
t5uf4x6hffga8in2ua6l,5,4,3.48
t5uf4x6hffga8in2ua6l,6,7,6.09
t5uf4x6hffga8in2ua6l,7,6,5.22
t5uf4x6hffga8in2ua6l,8,13,11.3
t5uf4x6hffga8in2ua6l,9,8,6.96
t5uf4x6hffga8in2ua6l,10,8,6.96
t5uf4x6hffga8in2ua6l,11,9,7.83
t5uf4x6hffga8in2ua6l,12,13,11.3
t5uf4x6hffga8in2ua6l,13,13,11.3
t5uf4x6hffga8in2ua6l,14,11,9.57
t5uf4x6hffga8in2ua6l,15,4,3.48
t5uf4x6hffga8in2ua6l,16,2,1.74
t5uf4x6hffga8in2ua6l,17,0,0.0
t5uf4x6hffga8in2ua6l,18,0,0.0
t5uf4x6hffga8in2ua6l,19,0,0.0
t5uf4x6hffga8in2ua6l,20,0,0.0
t5uf4x6hffga8in2ua6l,21,0,0.0
t5uf4x6hffga8in2ua6l,22,0,0.0
t5uf4x6hffga8in2ua6l,23,0,0.0
5dmn9cwdf4l1snqfjw1p,0,0,0.0
5dmn9cwdf4l1snqfjw1p,1,1,1.14
5dmn9cwdf4l1snqfjw1p,2,4,4.55
5dmn9cwdf4l1snqfjw1p,3,5,5.68
5dmn9cwdf4l1snqfjw1p,4,3,3.41
5dmn9cwdf4l1snqfjw1p,5,3,3.41
5dmn9cwdf4l1snqfjw1p,6,5,5.68
5dmn9cwdf4l1snqfjw1p,7,1,1.14
5dmn9cwdf4l1snqfjw1p,8,8,9.09
5dmn9cwdf4l1snqfjw1p,9,3,3.41
5dmn9cwdf4l1snqfjw1p,10,6,6.82
5dmn9cwdf4l1snqfjw1p,11,9,10.23
5dmn9cwdf4l1snqfjw1p,12,7,7.95
5dmn9cwdf4l1snqfjw1p,13,11,12.5
5dmn9cwdf4l1snqfjw1p,14,12,13.64
5dmn9cwdf4l1snqfjw1p,15,9,10.23
5dmn9cwdf4l1snqfjw1p,16,0,0.0
5dmn9cwdf4l1snqfjw1p,17,1,1.14
5dmn9cwdf4l1snqfjw1p,18,0,0.0
5dmn9cwdf4l1snqfjw1p,19,0,0.0
5dmn9cwdf4l1snqfjw1p,20,0,0.0
5dmn9cwdf4l1snqfjw1p,21,0,0.0
5dmn9cwdf4l1snqfjw1p,22,0,0.0
5dmn9cwdf4l1snqfjw1p,23,0,0.0
t8zrwu8iwkcdnwf3ruse,0,0,0.0
t8zrwu8iwkcdnwf3ruse,1,2,1.87
t8zrwu8iwkcdnwf3ruse,2,2,1.87
t8zrwu8iwkcdnwf3ruse,3,2,1.87
t8zrwu8iwkcdnwf3ruse,4,6,5.61
t8zrwu8iwkcdnwf3ruse,5,7,6.54
t8zrwu8iwkcdnwf3ruse,6,10,9.35
t8zrwu8iwkcdnwf3ruse,7,5,4.67
t8zrwu8iwkcdnwf3ruse,8,10,9.35
t8zrwu8iwkcdnwf3ruse,9,3,2.8
t8zrwu8iwkcdnwf3ruse,10,5,4.67
t8zrwu8iwkcdnwf3ruse,11,12,11.21
t8zrwu8iwkcdnwf3ruse,12,7,6.54
t8zrwu8iwkcdnwf3ruse,13,15,14.02
t8zrwu8iwkcdnwf3ruse,14,11,10.28
t8zrwu8iwkcdnwf3ruse,15,7,6.54
t8zrwu8iwkcdnwf3ruse,16,1,0.93
t8zrwu8iwkcdnwf3ruse,17,1,0.93
t8zrwu8iwkcdnwf3ruse,18,0,0.0
t8zrwu8iwkcdnwf3ruse,19,0,0.0
t8zrwu8iwkcdnwf3ruse,20,0,0.0
t8zrwu8iwkcdnwf3ruse,21,0,0.0
t8zrwu8iwkcdnwf3ruse,22,0,0.0
t8zrwu8iwkcdnwf3ruse,23,1,0.93
2b935bfe06ef02369807,0,0,0.0
2b935bfe06ef02369807,1,0,0.0
2b935bfe06ef02369807,2,0,0.0
2b935bfe06ef02369807,3,1,1.35
2b935bfe06ef02369807,4,4,5.41
2b935bfe06ef02369807,5,0,0.0
2b935bfe06ef02369807,6,0,0.0
2b935bfe06ef02369807,7,0,0.0
2b935bfe06ef02369807,8,4,5.41
2b935bfe06ef02369807,9,12,16.22
2b935bfe06ef02369807,10,3,4.05
2b935bfe06ef02369807,11,0,0.0
2b935bfe06ef02369807,12,1,1.35
2b935bfe06ef02369807,13,5,6.76
2b935bfe06ef02369807,14,18,24.32
2b935bfe06ef02369807,15,24,32.43
2b935bfe06ef02369807,16,2,2.7
2b935bfe06ef02369807,17,0,0.0
2b935bfe06ef02369807,18,0,0.0
2b935bfe06ef02369807,19,0,0.0
2b935bfe06ef02369807,20,0,0.0
2b935bfe06ef02369807,21,0,0.0
2b935bfe06ef02369807,22,0,0.0
2b935bfe06ef02369807,23,0,0.0
71d0a8156e59c4dcedfd,0,0,0.0
71d0a8156e59c4dcedfd,1,0,0.0
71d0a8156e59c4dcedfd,2,0,0.0
71d0a8156e59c4dcedfd,3,0,0.0
71d0a8156e59c4dcedfd,4,0,0.0
71d0a8156e59c4dcedfd,5,0,0.0
71d0a8156e59c4dcedfd,6,0,0.0
71d0a8156e59c4dcedfd,7,0,0.0
71d0a8156e59c4dcedfd,8,0,0.0
71d0a8156e59c4dcedfd,9,0,0.0
71d0a8156e59c4dcedfd,10,0,0.0
71d0a8156e59c4dcedfd,11,7,12.73
71d0a8156e59c4dcedfd,12,0,0.0
71d0a8156e59c4dcedfd,13,24,43.64
71d0a8156e59c4dcedfd,14,24,43.64
71d0a8156e59c4dcedfd,15,0,0.0
71d0a8156e59c4dcedfd,16,0,0.0
71d0a8156e59c4dcedfd,17,0,0.0
71d0a8156e59c4dcedfd,18,0,0.0
71d0a8156e59c4dcedfd,19,0,0.0
71d0a8156e59c4dcedfd,20,0,0.0
71d0a8156e59c4dcedfd,21,0,0.0
71d0a8156e59c4dcedfd,22,0,0.0
71d0a8156e59c4dcedfd,23,0,0.0
6106e5232ac32bc22d1d,0,3,2.22
6106e5232ac32bc22d1d,1,7,5.19
6106e5232ac32bc22d1d,2,1,0.74
6106e5232ac32bc22d1d,3,0,0.0
6106e5232ac32bc22d1d,4,1,0.74
6106e5232ac32bc22d1d,5,1,0.74
6106e5232ac32bc22d1d,6,9,6.67
6106e5232ac32bc22d1d,7,4,2.96
6106e5232ac32bc22d1d,8,5,3.7
6106e5232ac32bc22d1d,9,0,0.0
6106e5232ac32bc22d1d,10,1,0.74
6106e5232ac32bc22d1d,11,3,2.22
6106e5232ac32bc22d1d,12,4,2.96
6106e5232ac32bc22d1d,13,15,11.11
6106e5232ac32bc22d1d,14,23,17.04
6106e5232ac32bc22d1d,15,28,20.74
6106e5232ac32bc22d1d,16,14,10.37
6106e5232ac32bc22d1d,17,15,11.11
6106e5232ac32bc22d1d,18,1,0.74
6106e5232ac32bc22d1d,19,0,0.0
6106e5232ac32bc22d1d,20,0,0.0
6106e5232ac32bc22d1d,21,0,0.0
6106e5232ac32bc22d1d,22,0,0.0
6106e5232ac32bc22d1d,23,0,0.0
eb4493aa138e8edc3f6d,0,0,0.0
eb4493aa138e8edc3f6d,1,0,0.0
eb4493aa138e8edc3f6d,2,6,4.44
eb4493aa138e8edc3f6d,3,6,4.44
eb4493aa138e8edc3f6d,4,0,0.0
eb4493aa138e8edc3f6d,5,0,0.0
eb4493aa138e8edc3f6d,6,0,0.0
eb4493aa138e8edc3f6d,7,0,0.0
eb4493aa138e8edc3f6d,8,5,3.7
eb4493aa138e8edc3f6d,9,0,0.0
eb4493aa138e8edc3f6d,10,0,0.0
eb4493aa138e8edc3f6d,11,9,6.67
eb4493aa138e8edc3f6d,12,16,11.85
eb4493aa138e8edc3f6d,13,22,16.3
eb4493aa138e8edc3f6d,14,41,30.37
eb4493aa138e8edc3f6d,15,30,22.22
eb4493aa138e8edc3f6d,16,0,0.0
eb4493aa138e8edc3f6d,17,0,0.0
eb4493aa138e8edc3f6d,18,0,0.0
eb4493aa138e8edc3f6d,19,0,0.0
eb4493aa138e8edc3f6d,20,0,0.0
eb4493aa138e8edc3f6d,21,0,0.0
eb4493aa138e8edc3f6d,22,0,0.0
eb4493aa138e8edc3f6d,23,0,0.0
5d2379fb72082166dee3,0,2,1.82
5d2379fb72082166dee3,1,7,6.36
5d2379fb72082166dee3,2,4,3.64
5d2379fb72082166dee3,3,1,0.91
5d2379fb72082166dee3,4,0,0.0
5d2379fb72082166dee3,5,8,7.27
5d2379fb72082166dee3,6,26,23.64
5d2379fb72082166dee3,7,2,1.82
5d2379fb72082166dee3,8,0,0.0
5d2379fb72082166dee3,9,3,2.73
5d2379fb72082166dee3,10,2,1.82
5d2379fb72082166dee3,11,3,2.73
5d2379fb72082166dee3,12,16,14.55
5d2379fb72082166dee3,13,7,6.36
5d2379fb72082166dee3,14,7,6.36
5d2379fb72082166dee3,15,20,18.18
5d2379fb72082166dee3,16,2,1.82
5d2379fb72082166dee3,17,0,0.0
5d2379fb72082166dee3,18,0,0.0
5d2379fb72082166dee3,19,0,0.0
5d2379fb72082166dee3,20,0,0.0
5d2379fb72082166dee3,21,0,0.0
5d2379fb72082166dee3,22,0,0.0
5d2379fb72082166dee3,23,0,0.0
2e40c1b07d32d3b80862,0,0,0.0
2e40c1b07d32d3b80862,1,0,0.0
2e40c1b07d32d3b80862,2,2,1.14
2e40c1b07d32d3b80862,3,4,2.27
2e40c1b07d32d3b80862,4,10,5.68
2e40c1b07d32d3b80862,5,0,0.0
2e40c1b07d32d3b80862,6,14,7.95
2e40c1b07d32d3b80862,7,16,9.09
2e40c1b07d32d3b80862,8,0,0.0
2e40c1b07d32d3b80862,9,2,1.14
2e40c1b07d32d3b80862,10,11,6.25
2e40c1b07d32d3b80862,11,31,17.61
2e40c1b07d32d3b80862,12,6,3.41
2e40c1b07d32d3b80862,13,27,15.34
2e40c1b07d32d3b80862,14,53,30.11
2e40c1b07d32d3b80862,15,0,0.0
2e40c1b07d32d3b80862,16,0,0.0
2e40c1b07d32d3b80862,17,0,0.0
2e40c1b07d32d3b80862,18,0,0.0
2e40c1b07d32d3b80862,19,0,0.0
2e40c1b07d32d3b80862,20,0,0.0
2e40c1b07d32d3b80862,21,0,0.0
2e40c1b07d32d3b80862,22,0,0.0
2e40c1b07d32d3b80862,23,0,0.0
57f84519c468df122d69,0,4,4.4
57f84519c468df122d69,1,7,7.69
57f84519c468df122d69,2,5,5.49
57f84519c468df122d69,3,4,4.4
57f84519c468df122d69,4,2,2.2
57f84519c468df122d69,5,1,1.1
57f84519c468df122d69,6,1,1.1
57f84519c468df122d69,7,2,2.2
57f84519c468df122d69,8,9,9.89
57f84519c468df122d69,9,5,5.49
57f84519c468df122d69,10,0,0.0
57f84519c468df122d69,11,3,3.3
57f84519c468df122d69,12,1,1.1
57f84519c468df122d69,13,11,12.09
57f84519c468df122d69,14,28,30.77
57f84519c468df122d69,15,6,6.59
57f84519c468df122d69,16,0,0.0
57f84519c468df122d69,17,0,0.0
57f84519c468df122d69,18,0,0.0
57f84519c468df122d69,19,0,0.0
57f84519c468df122d69,20,0,0.0
57f84519c468df122d69,21,0,0.0
57f84519c468df122d69,22,0,0.0
57f84519c468df122d69,23,2,2.2
64d65eddd629b80922f1,0,0,0.0
64d65eddd629b80922f1,1,0,0.0
64d65eddd629b80922f1,2,0,0.0
64d65eddd629b80922f1,3,0,0.0
64d65eddd629b80922f1,4,36,97.3
64d65eddd629b80922f1,5,0,0.0
64d65eddd629b80922f1,6,0,0.0
64d65eddd629b80922f1,7,0,0.0
64d65eddd629b80922f1,8,0,0.0
64d65eddd629b80922f1,9,0,0.0
64d65eddd629b80922f1,10,0,0.0
64d65eddd629b80922f1,11,0,0.0
64d65eddd629b80922f1,12,0,0.0
64d65eddd629b80922f1,13,1,2.7
64d65eddd629b80922f1,14,0,0.0
64d65eddd629b80922f1,15,0,0.0
64d65eddd629b80922f1,16,0,0.0
64d65eddd629b80922f1,17,0,0.0
64d65eddd629b80922f1,18,0,0.0
64d65eddd629b80922f1,19,0,0.0
64d65eddd629b80922f1,20,0,0.0
64d65eddd629b80922f1,21,0,0.0
64d65eddd629b80922f1,22,0,0.0
64d65eddd629b80922f1,23,0,0.0
d311ac015e2e230935b2,0,2,2.41
d311ac015e2e230935b2,1,3,3.61
d311ac015e2e230935b2,2,8,9.64
d311ac015e2e230935b2,3,12,14.46
d311ac015e2e230935b2,4,0,0.0
d311ac015e2e230935b2,5,4,4.82
d311ac015e2e230935b2,6,18,21.69
d311ac015e2e230935b2,7,3,3.61
d311ac015e2e230935b2,8,0,0.0
d311ac015e2e230935b2,9,1,1.2
d311ac015e2e230935b2,10,0,0.0
d311ac015e2e230935b2,11,3,3.61
d311ac015e2e230935b2,12,12,14.46
d311ac015e2e230935b2,13,1,1.2
d311ac015e2e230935b2,14,5,6.02
d311ac015e2e230935b2,15,10,12.05
d311ac015e2e230935b2,16,1,1.2
d311ac015e2e230935b2,17,0,0.0
d311ac015e2e230935b2,18,0,0.0
d311ac015e2e230935b2,19,0,0.0
d311ac015e2e230935b2,20,0,0.0
d311ac015e2e230935b2,21,0,0.0
d311ac015e2e230935b2,22,0,0.0
d311ac015e2e230935b2,23,0,0.0
33b73273ab8e1a11fcda,0,0,0.0
33b73273ab8e1a11fcda,1,0,0.0
33b73273ab8e1a11fcda,2,0,0.0
33b73273ab8e1a11fcda,3,0,0.0
33b73273ab8e1a11fcda,4,13,18.31
33b73273ab8e1a11fcda,5,0,0.0
33b73273ab8e1a11fcda,6,0,0.0
33b73273ab8e1a11fcda,7,7,9.86
33b73273ab8e1a11fcda,8,14,19.72
33b73273ab8e1a11fcda,9,0,0.0
33b73273ab8e1a11fcda,10,3,4.23
33b73273ab8e1a11fcda,11,4,5.63
33b73273ab8e1a11fcda,12,9,12.68
33b73273ab8e1a11fcda,13,9,12.68
33b73273ab8e1a11fcda,14,5,7.04
33b73273ab8e1a11fcda,15,7,9.86
33b73273ab8e1a11fcda,16,0,0.0
33b73273ab8e1a11fcda,17,0,0.0
33b73273ab8e1a11fcda,18,0,0.0
33b73273ab8e1a11fcda,19,0,0.0
33b73273ab8e1a11fcda,20,0,0.0
33b73273ab8e1a11fcda,21,0,0.0
33b73273ab8e1a11fcda,22,0,0.0
33b73273ab8e1a11fcda,23,0,0.0
a1ed24a77c97b05064ef,0,2,2.27
a1ed24a77c97b05064ef,1,0,0.0
a1ed24a77c97b05064ef,2,7,7.95
a1ed24a77c97b05064ef,3,5,5.68
a1ed24a77c97b05064ef,4,4,4.55
a1ed24a77c97b05064ef,5,4,4.55
a1ed24a77c97b05064ef,6,0,0.0
a1ed24a77c97b05064ef,7,11,12.5
a1ed24a77c97b05064ef,8,6,6.82
a1ed24a77c97b05064ef,9,0,0.0
a1ed24a77c97b05064ef,10,2,2.27
a1ed24a77c97b05064ef,11,3,3.41
a1ed24a77c97b05064ef,12,4,4.55
a1ed24a77c97b05064ef,13,23,26.14
a1ed24a77c97b05064ef,14,5,5.68
a1ed24a77c97b05064ef,15,12,13.64
a1ed24a77c97b05064ef,16,0,0.0
a1ed24a77c97b05064ef,17,0,0.0
a1ed24a77c97b05064ef,18,0,0.0
a1ed24a77c97b05064ef,19,0,0.0
a1ed24a77c97b05064ef,20,0,0.0
a1ed24a77c97b05064ef,21,0,0.0
a1ed24a77c97b05064ef,22,0,0.0
a1ed24a77c97b05064ef,23,0,0.0
f286ac7cd0663855cc5f,0,0,0.0
f286ac7cd0663855cc5f,1,0,0.0
f286ac7cd0663855cc5f,2,1,1.01
f286ac7cd0663855cc5f,3,0,0.0
f286ac7cd0663855cc5f,4,9,9.09
f286ac7cd0663855cc5f,5,7,7.07
f286ac7cd0663855cc5f,6,0,0.0
f286ac7cd0663855cc5f,7,1,1.01
f286ac7cd0663855cc5f,8,6,6.06
f286ac7cd0663855cc5f,9,0,0.0
f286ac7cd0663855cc5f,10,17,17.17
f286ac7cd0663855cc5f,11,9,9.09
f286ac7cd0663855cc5f,12,24,24.24
f286ac7cd0663855cc5f,13,11,11.11
f286ac7cd0663855cc5f,14,9,9.09
f286ac7cd0663855cc5f,15,5,5.05
f286ac7cd0663855cc5f,16,0,0.0
f286ac7cd0663855cc5f,17,0,0.0
f286ac7cd0663855cc5f,18,0,0.0
f286ac7cd0663855cc5f,19,0,0.0
f286ac7cd0663855cc5f,20,0,0.0
f286ac7cd0663855cc5f,21,0,0.0
f286ac7cd0663855cc5f,22,0,0.0
f286ac7cd0663855cc5f,23,0,0.0
a3cd849a5a8d682e18db,0,4,4.26
a3cd849a5a8d682e18db,1,7,7.45
a3cd849a5a8d682e18db,2,7,7.45
a3cd849a5a8d682e18db,3,8,8.51
a3cd849a5a8d682e18db,4,1,1.06
a3cd849a5a8d682e18db,5,0,0.0
a3cd849a5a8d682e18db,6,6,6.38
a3cd849a5a8d682e18db,7,2,2.13
a3cd849a5a8d682e18db,8,0,0.0
a3cd849a5a8d682e18db,9,14,14.89
a3cd849a5a8d682e18db,10,0,0.0
a3cd849a5a8d682e18db,11,0,0.0
a3cd849a5a8d682e18db,12,5,5.32
a3cd849a5a8d682e18db,13,12,12.77
a3cd849a5a8d682e18db,14,15,15.96
a3cd849a5a8d682e18db,15,13,13.83
a3cd849a5a8d682e18db,16,0,0.0
a3cd849a5a8d682e18db,17,0,0.0
a3cd849a5a8d682e18db,18,0,0.0
a3cd849a5a8d682e18db,19,0,0.0
a3cd849a5a8d682e18db,20,0,0.0
a3cd849a5a8d682e18db,21,0,0.0
a3cd849a5a8d682e18db,22,0,0.0
a3cd849a5a8d682e18db,23,0,0.0
e77eaaa90a75ea6167f4,0,0,0.0
e77eaaa90a75ea6167f4,1,0,0.0
e77eaaa90a75ea6167f4,2,4,3.2
e77eaaa90a75ea6167f4,3,0,0.0
e77eaaa90a75ea6167f4,4,0,0.0
e77eaaa90a75ea6167f4,5,3,2.4
e77eaaa90a75ea6167f4,6,16,12.8
e77eaaa90a75ea6167f4,7,0,0.0
e77eaaa90a75ea6167f4,8,0,0.0
e77eaaa90a75ea6167f4,9,0,0.0
e77eaaa90a75ea6167f4,10,7,5.6
e77eaaa90a75ea6167f4,11,8,6.4
e77eaaa90a75ea6167f4,12,13,10.4
e77eaaa90a75ea6167f4,13,6,4.8
e77eaaa90a75ea6167f4,14,40,32.0
e77eaaa90a75ea6167f4,15,20,16.0
e77eaaa90a75ea6167f4,16,8,6.4
e77eaaa90a75ea6167f4,17,0,0.0
e77eaaa90a75ea6167f4,18,0,0.0
e77eaaa90a75ea6167f4,19,0,0.0
e77eaaa90a75ea6167f4,20,0,0.0
e77eaaa90a75ea6167f4,21,0,0.0
e77eaaa90a75ea6167f4,22,0,0.0
e77eaaa90a75ea6167f4,23,0,0.0
faa31dca7ed1dd11fe44,0,0,0.0
faa31dca7ed1dd11fe44,1,0,0.0
faa31dca7ed1dd11fe44,2,1,0.42
faa31dca7ed1dd11fe44,3,0,0.0
faa31dca7ed1dd11fe44,4,0,0.0
faa31dca7ed1dd11fe44,5,0,0.0
faa31dca7ed1dd11fe44,6,3,1.26
faa31dca7ed1dd11fe44,7,0,0.0
faa31dca7ed1dd11fe44,8,16,6.69
faa31dca7ed1dd11fe44,9,17,7.11
faa31dca7ed1dd11fe44,10,38,15.9
faa31dca7ed1dd11fe44,11,25,10.46
faa31dca7ed1dd11fe44,12,38,15.9
faa31dca7ed1dd11fe44,13,65,27.2
faa31dca7ed1dd11fe44,14,28,11.72
faa31dca7ed1dd11fe44,15,8,3.35
faa31dca7ed1dd11fe44,16,0,0.0
faa31dca7ed1dd11fe44,17,0,0.0
faa31dca7ed1dd11fe44,18,0,0.0
faa31dca7ed1dd11fe44,19,0,0.0
faa31dca7ed1dd11fe44,20,0,0.0
faa31dca7ed1dd11fe44,21,0,0.0
faa31dca7ed1dd11fe44,22,0,0.0
faa31dca7ed1dd11fe44,23,0,0.0
00df647ee4bf7173642f,0,13,4.13
00df647ee4bf7173642f,1,5,1.59
00df647ee4bf7173642f,2,22,6.98
00df647ee4bf7173642f,3,10,3.17
00df647ee4bf7173642f,4,2,0.63
00df647ee4bf7173642f,5,3,0.95
00df647ee4bf7173642f,6,6,1.9
00df647ee4bf7173642f,7,3,0.95
00df647ee4bf7173642f,8,52,16.51
00df647ee4bf7173642f,9,17,5.4
00df647ee4bf7173642f,10,25,7.94
00df647ee4bf7173642f,11,78,24.76
00df647ee4bf7173642f,12,40,12.7
00df647ee4bf7173642f,13,9,2.86
00df647ee4bf7173642f,14,21,6.67
00df647ee4bf7173642f,15,9,2.86
00df647ee4bf7173642f,16,0,0.0
00df647ee4bf7173642f,17,0,0.0
00df647ee4bf7173642f,18,0,0.0
00df647ee4bf7173642f,19,0,0.0
00df647ee4bf7173642f,20,0,0.0
00df647ee4bf7173642f,21,0,0.0
00df647ee4bf7173642f,22,0,0.0
00df647ee4bf7173642f,23,0,0.0
e0be3445997310f4d68e,0,23,10.22
e0be3445997310f4d68e,1,19,8.44
e0be3445997310f4d68e,2,1,0.44
e0be3445997310f4d68e,3,14,6.22
e0be3445997310f4d68e,4,3,1.33
e0be3445997310f4d68e,5,9,4.0
e0be3445997310f4d68e,6,10,4.44
e0be3445997310f4d68e,7,3,1.33
e0be3445997310f4d68e,8,2,0.89
e0be3445997310f4d68e,9,11,4.89
e0be3445997310f4d68e,10,10,4.44
e0be3445997310f4d68e,11,12,5.33
e0be3445997310f4d68e,12,6,2.67
e0be3445997310f4d68e,13,13,5.78
e0be3445997310f4d68e,14,69,30.67
e0be3445997310f4d68e,15,20,8.89
e0be3445997310f4d68e,16,0,0.0
e0be3445997310f4d68e,17,0,0.0
e0be3445997310f4d68e,18,0,0.0
e0be3445997310f4d68e,19,0,0.0
e0be3445997310f4d68e,20,0,0.0
e0be3445997310f4d68e,21,0,0.0
e0be3445997310f4d68e,22,0,0.0
e0be3445997310f4d68e,23,0,0.0
cf73246d819a1ea78e14,0,0,0.0
cf73246d819a1ea78e14,1,0,0.0
cf73246d819a1ea78e14,2,1,0.92
cf73246d819a1ea78e14,3,13,11.93
cf73246d819a1ea78e14,4,2,1.83
cf73246d819a1ea78e14,5,14,12.84
cf73246d819a1ea78e14,6,8,7.34
cf73246d819a1ea78e14,7,9,8.26
cf73246d819a1ea78e14,8,2,1.83
cf73246d819a1ea78e14,9,1,0.92
cf73246d819a1ea78e14,10,13,11.93
cf73246d819a1ea78e14,11,3,2.75
cf73246d819a1ea78e14,12,9,8.26
cf73246d819a1ea78e14,13,7,6.42
cf73246d819a1ea78e14,14,12,11.01
cf73246d819a1ea78e14,15,15,13.76
cf73246d819a1ea78e14,16,0,0.0
cf73246d819a1ea78e14,17,0,0.0
cf73246d819a1ea78e14,18,0,0.0
cf73246d819a1ea78e14,19,0,0.0
cf73246d819a1ea78e14,20,0,0.0
cf73246d819a1ea78e14,21,0,0.0
cf73246d819a1ea78e14,22,0,0.0
cf73246d819a1ea78e14,23,0,0.0
b3e8039d33099e1d066c,0,0,0.0
b3e8039d33099e1d066c,1,1,1.27
b3e8039d33099e1d066c,2,5,6.33
b3e8039d33099e1d066c,3,2,2.53
b3e8039d33099e1d066c,4,0,0.0
b3e8039d33099e1d066c,5,0,0.0
b3e8039d33099e1d066c,6,4,5.06
b3e8039d33099e1d066c,7,0,0.0
b3e8039d33099e1d066c,8,0,0.0
b3e8039d33099e1d066c,9,1,1.27
b3e8039d33099e1d066c,10,1,1.27
b3e8039d33099e1d066c,11,1,1.27
b3e8039d33099e1d066c,12,6,7.59
b3e8039d33099e1d066c,13,3,3.8
b3e8039d33099e1d066c,14,15,18.99
b3e8039d33099e1d066c,15,38,48.1
b3e8039d33099e1d066c,16,0,0.0
b3e8039d33099e1d066c,17,0,0.0
b3e8039d33099e1d066c,18,0,0.0
b3e8039d33099e1d066c,19,0,0.0
b3e8039d33099e1d066c,20,0,0.0
b3e8039d33099e1d066c,21,0,0.0
b3e8039d33099e1d066c,22,0,0.0
b3e8039d33099e1d066c,23,2,2.53
b32b82ebae5971dd48df,0,0,0.0
b32b82ebae5971dd48df,1,0,0.0
b32b82ebae5971dd48df,2,3,2.22
b32b82ebae5971dd48df,3,1,0.74
b32b82ebae5971dd48df,4,2,1.48
b32b82ebae5971dd48df,5,1,0.74
b32b82ebae5971dd48df,6,7,5.19
b32b82ebae5971dd48df,7,5,3.7
b32b82ebae5971dd48df,8,1,0.74
b32b82ebae5971dd48df,9,1,0.74
b32b82ebae5971dd48df,10,7,5.19
b32b82ebae5971dd48df,11,14,10.37
b32b82ebae5971dd48df,12,14,10.37
b32b82ebae5971dd48df,13,17,12.59
b32b82ebae5971dd48df,14,5,3.7
b32b82ebae5971dd48df,15,35,25.93
b32b82ebae5971dd48df,16,22,16.3
b32b82ebae5971dd48df,17,0,0.0
b32b82ebae5971dd48df,18,0,0.0
b32b82ebae5971dd48df,19,0,0.0
b32b82ebae5971dd48df,20,0,0.0
b32b82ebae5971dd48df,21,0,0.0
b32b82ebae5971dd48df,22,0,0.0
b32b82ebae5971dd48df,23,0,0.0
9c39551b2cbe4f0c6d03,0,0,0.0
9c39551b2cbe4f0c6d03,1,1,0.88
9c39551b2cbe4f0c6d03,2,1,0.88
9c39551b2cbe4f0c6d03,3,3,2.63
9c39551b2cbe4f0c6d03,4,0,0.0
9c39551b2cbe4f0c6d03,5,12,10.53
9c39551b2cbe4f0c6d03,6,7,6.14
9c39551b2cbe4f0c6d03,7,1,0.88
9c39551b2cbe4f0c6d03,8,3,2.63
9c39551b2cbe4f0c6d03,9,2,1.75
9c39551b2cbe4f0c6d03,10,8,7.02
9c39551b2cbe4f0c6d03,11,15,13.16
9c39551b2cbe4f0c6d03,12,33,28.95
9c39551b2cbe4f0c6d03,13,13,11.4
9c39551b2cbe4f0c6d03,14,3,2.63
9c39551b2cbe4f0c6d03,15,12,10.53
9c39551b2cbe4f0c6d03,16,0,0.0
9c39551b2cbe4f0c6d03,17,0,0.0
9c39551b2cbe4f0c6d03,18,0,0.0
9c39551b2cbe4f0c6d03,19,0,0.0
9c39551b2cbe4f0c6d03,20,0,0.0
9c39551b2cbe4f0c6d03,21,0,0.0
9c39551b2cbe4f0c6d03,22,0,0.0
9c39551b2cbe4f0c6d03,23,0,0.0
1ca19e51244cdd3f09ff,0,0,0.0
1ca19e51244cdd3f09ff,1,5,6.33
1ca19e51244cdd3f09ff,2,7,8.86
1ca19e51244cdd3f09ff,3,9,11.39
1ca19e51244cdd3f09ff,4,0,0.0
1ca19e51244cdd3f09ff,5,0,0.0
1ca19e51244cdd3f09ff,6,5,6.33
1ca19e51244cdd3f09ff,7,5,6.33
1ca19e51244cdd3f09ff,8,0,0.0
1ca19e51244cdd3f09ff,9,1,1.27
1ca19e51244cdd3f09ff,10,1,1.27
1ca19e51244cdd3f09ff,11,0,0.0
1ca19e51244cdd3f09ff,12,2,2.53
1ca19e51244cdd3f09ff,13,6,7.59
1ca19e51244cdd3f09ff,14,8,10.13
1ca19e51244cdd3f09ff,15,24,30.38
1ca19e51244cdd3f09ff,16,3,3.8
1ca19e51244cdd3f09ff,17,3,3.8
1ca19e51244cdd3f09ff,18,0,0.0
1ca19e51244cdd3f09ff,19,0,0.0
1ca19e51244cdd3f09ff,20,0,0.0
1ca19e51244cdd3f09ff,21,0,0.0
1ca19e51244cdd3f09ff,22,0,0.0
1ca19e51244cdd3f09ff,23,0,0.0
0eb6eec8b4bee8ab6a44,0,0,0.0
0eb6eec8b4bee8ab6a44,1,1,0.78
0eb6eec8b4bee8ab6a44,2,0,0.0
0eb6eec8b4bee8ab6a44,3,4,3.12
0eb6eec8b4bee8ab6a44,4,8,6.25
0eb6eec8b4bee8ab6a44,5,0,0.0
0eb6eec8b4bee8ab6a44,6,4,3.12
0eb6eec8b4bee8ab6a44,7,6,4.69
0eb6eec8b4bee8ab6a44,8,13,10.16
0eb6eec8b4bee8ab6a44,9,3,2.34
0eb6eec8b4bee8ab6a44,10,0,0.0
0eb6eec8b4bee8ab6a44,11,1,0.78
0eb6eec8b4bee8ab6a44,12,10,7.81
0eb6eec8b4bee8ab6a44,13,47,36.72
0eb6eec8b4bee8ab6a44,14,13,10.16
0eb6eec8b4bee8ab6a44,15,16,12.5
0eb6eec8b4bee8ab6a44,16,2,1.56
0eb6eec8b4bee8ab6a44,17,0,0.0
0eb6eec8b4bee8ab6a44,18,0,0.0
0eb6eec8b4bee8ab6a44,19,0,0.0
0eb6eec8b4bee8ab6a44,20,0,0.0
0eb6eec8b4bee8ab6a44,21,0,0.0
0eb6eec8b4bee8ab6a44,22,0,0.0
0eb6eec8b4bee8ab6a44,23,0,0.0
dc93d7d840a88e5efb17,0,8,5.97
dc93d7d840a88e5efb17,1,10,7.46
dc93d7d840a88e5efb17,2,0,0.0
dc93d7d840a88e5efb17,3,7,5.22
dc93d7d840a88e5efb17,4,12,8.96
dc93d7d840a88e5efb17,5,0,0.0
dc93d7d840a88e5efb17,6,6,4.48
dc93d7d840a88e5efb17,7,1,0.75
dc93d7d840a88e5efb17,8,7,5.22
dc93d7d840a88e5efb17,9,5,3.73
dc93d7d840a88e5efb17,10,17,12.69
dc93d7d840a88e5efb17,11,4,2.99
dc93d7d840a88e5efb17,12,1,0.75
dc93d7d840a88e5efb17,13,29,21.64
dc93d7d840a88e5efb17,14,10,7.46
dc93d7d840a88e5efb17,15,10,7.46
dc93d7d840a88e5efb17,16,7,5.22
dc93d7d840a88e5efb17,17,0,0.0
dc93d7d840a88e5efb17,18,0,0.0
dc93d7d840a88e5efb17,19,0,0.0
dc93d7d840a88e5efb17,20,0,0.0
dc93d7d840a88e5efb17,21,0,0.0
dc93d7d840a88e5efb17,22,0,0.0
dc93d7d840a88e5efb17,23,0,0.0
c7d5a3256a9f99ba3e98,0,0,0.0
c7d5a3256a9f99ba3e98,1,2,1.65
c7d5a3256a9f99ba3e98,2,1,0.83
c7d5a3256a9f99ba3e98,3,2,1.65
c7d5a3256a9f99ba3e98,4,0,0.0
c7d5a3256a9f99ba3e98,5,10,8.26
c7d5a3256a9f99ba3e98,6,1,0.83
c7d5a3256a9f99ba3e98,7,2,1.65
c7d5a3256a9f99ba3e98,8,5,4.13
c7d5a3256a9f99ba3e98,9,5,4.13
c7d5a3256a9f99ba3e98,10,32,26.45
c7d5a3256a9f99ba3e98,11,35,28.93
c7d5a3256a9f99ba3e98,12,19,15.7
c7d5a3256a9f99ba3e98,13,4,3.31
c7d5a3256a9f99ba3e98,14,0,0.0
c7d5a3256a9f99ba3e98,15,0,0.0
c7d5a3256a9f99ba3e98,16,0,0.0
c7d5a3256a9f99ba3e98,17,3,2.48
c7d5a3256a9f99ba3e98,18,0,0.0
c7d5a3256a9f99ba3e98,19,0,0.0
c7d5a3256a9f99ba3e98,20,0,0.0
c7d5a3256a9f99ba3e98,21,0,0.0
c7d5a3256a9f99ba3e98,22,0,0.0
c7d5a3256a9f99ba3e98,23,0,0.0
2b54ed4af8281eb82f58,0,0,0.0
2b54ed4af8281eb82f58,1,2,1.4
2b54ed4af8281eb82f58,2,10,6.99
2b54ed4af8281eb82f58,3,2,1.4
2b54ed4af8281eb82f58,4,2,1.4
2b54ed4af8281eb82f58,5,0,0.0
2b54ed4af8281eb82f58,6,2,1.4
2b54ed4af8281eb82f58,7,0,0.0
2b54ed4af8281eb82f58,8,1,0.7
2b54ed4af8281eb82f58,9,23,16.08
2b54ed4af8281eb82f58,10,11,7.69
2b54ed4af8281eb82f58,11,11,7.69
2b54ed4af8281eb82f58,12,24,16.78
2b54ed4af8281eb82f58,13,9,6.29
2b54ed4af8281eb82f58,14,37,25.87
2b54ed4af8281eb82f58,15,9,6.29
2b54ed4af8281eb82f58,16,0,0.0
2b54ed4af8281eb82f58,17,0,0.0
2b54ed4af8281eb82f58,18,0,0.0
2b54ed4af8281eb82f58,19,0,0.0
2b54ed4af8281eb82f58,20,0,0.0
2b54ed4af8281eb82f58,21,0,0.0
2b54ed4af8281eb82f58,22,0,0.0
2b54ed4af8281eb82f58,23,0,0.0
c16e14d7aa5b4ef519e3,0,0,0.0
c16e14d7aa5b4ef519e3,1,0,0.0
c16e14d7aa5b4ef519e3,2,1,1.64
c16e14d7aa5b4ef519e3,3,2,3.28
c16e14d7aa5b4ef519e3,4,2,3.28
c16e14d7aa5b4ef519e3,5,0,0.0
c16e14d7aa5b4ef519e3,6,6,9.84
c16e14d7aa5b4ef519e3,7,0,0.0
c16e14d7aa5b4ef519e3,8,0,0.0
c16e14d7aa5b4ef519e3,9,0,0.0
c16e14d7aa5b4ef519e3,10,6,9.84
c16e14d7aa5b4ef519e3,11,4,6.56
c16e14d7aa5b4ef519e3,12,4,6.56
c16e14d7aa5b4ef519e3,13,5,8.2
c16e14d7aa5b4ef519e3,14,16,26.23
c16e14d7aa5b4ef519e3,15,12,19.67
c16e14d7aa5b4ef519e3,16,1,1.64
c16e14d7aa5b4ef519e3,17,1,1.64
c16e14d7aa5b4ef519e3,18,1,1.64
c16e14d7aa5b4ef519e3,19,0,0.0
c16e14d7aa5b4ef519e3,20,0,0.0
c16e14d7aa5b4ef519e3,21,0,0.0
c16e14d7aa5b4ef519e3,22,0,0.0
c16e14d7aa5b4ef519e3,23,0,0.0
c53129098375fc7f17bc,0,0,0.0
c53129098375fc7f17bc,1,0,0.0
c53129098375fc7f17bc,2,3,1.42
c53129098375fc7f17bc,3,1,0.47
c53129098375fc7f17bc,4,0,0.0
c53129098375fc7f17bc,5,0,0.0
c53129098375fc7f17bc,6,3,1.42
c53129098375fc7f17bc,7,10,4.72
c53129098375fc7f17bc,8,8,3.77
c53129098375fc7f17bc,9,20,9.43
c53129098375fc7f17bc,10,5,2.36
c53129098375fc7f17bc,11,19,8.96
c53129098375fc7f17bc,12,15,7.08
c53129098375fc7f17bc,13,31,14.62
c53129098375fc7f17bc,14,60,28.3
c53129098375fc7f17bc,15,33,15.57
c53129098375fc7f17bc,16,4,1.89
c53129098375fc7f17bc,17,0,0.0
c53129098375fc7f17bc,18,0,0.0
c53129098375fc7f17bc,19,0,0.0
c53129098375fc7f17bc,20,0,0.0
c53129098375fc7f17bc,21,0,0.0
c53129098375fc7f17bc,22,0,0.0
c53129098375fc7f17bc,23,0,0.0
953123cfe1c275e6d8a9,0,0,0.0
953123cfe1c275e6d8a9,1,0,0.0
953123cfe1c275e6d8a9,2,1,0.78
953123cfe1c275e6d8a9,3,4,3.1
953123cfe1c275e6d8a9,4,9,6.98
953123cfe1c275e6d8a9,5,0,0.0
953123cfe1c275e6d8a9,6,5,3.88
953123cfe1c275e6d8a9,7,6,4.65
953123cfe1c275e6d8a9,8,29,22.48
953123cfe1c275e6d8a9,9,0,0.0
953123cfe1c275e6d8a9,10,0,0.0
953123cfe1c275e6d8a9,11,0,0.0
953123cfe1c275e6d8a9,12,5,3.88
953123cfe1c275e6d8a9,13,14,10.85
953123cfe1c275e6d8a9,14,30,23.26
953123cfe1c275e6d8a9,15,26,20.16
953123cfe1c275e6d8a9,16,0,0.0
953123cfe1c275e6d8a9,17,0,0.0
953123cfe1c275e6d8a9,18,0,0.0
953123cfe1c275e6d8a9,19,0,0.0
953123cfe1c275e6d8a9,20,0,0.0
953123cfe1c275e6d8a9,21,0,0.0
953123cfe1c275e6d8a9,22,0,0.0
953123cfe1c275e6d8a9,23,0,0.0
7b1d65c8c7637c14d9f2,0,0,0.0
7b1d65c8c7637c14d9f2,1,0,0.0
7b1d65c8c7637c14d9f2,2,17,16.83
7b1d65c8c7637c14d9f2,3,5,4.95
7b1d65c8c7637c14d9f2,4,0,0.0
7b1d65c8c7637c14d9f2,5,0,0.0
7b1d65c8c7637c14d9f2,6,6,5.94
7b1d65c8c7637c14d9f2,7,0,0.0
7b1d65c8c7637c14d9f2,8,0,0.0
7b1d65c8c7637c14d9f2,9,0,0.0
7b1d65c8c7637c14d9f2,10,19,18.81
7b1d65c8c7637c14d9f2,11,19,18.81
7b1d65c8c7637c14d9f2,12,29,28.71
7b1d65c8c7637c14d9f2,13,6,5.94
7b1d65c8c7637c14d9f2,14,0,0.0
7b1d65c8c7637c14d9f2,15,0,0.0
7b1d65c8c7637c14d9f2,16,0,0.0
7b1d65c8c7637c14d9f2,17,0,0.0
7b1d65c8c7637c14d9f2,18,0,0.0
7b1d65c8c7637c14d9f2,19,0,0.0
7b1d65c8c7637c14d9f2,20,0,0.0
7b1d65c8c7637c14d9f2,21,0,0.0
7b1d65c8c7637c14d9f2,22,0,0.0
7b1d65c8c7637c14d9f2,23,0,0.0
855b21869c4fdbed8047,0,0,0.0
855b21869c4fdbed8047,1,8,12.9
855b21869c4fdbed8047,2,2,3.23
855b21869c4fdbed8047,3,28,45.16
855b21869c4fdbed8047,4,8,12.9
855b21869c4fdbed8047,5,0,0.0
855b21869c4fdbed8047,6,0,0.0
855b21869c4fdbed8047,7,0,0.0
855b21869c4fdbed8047,8,0,0.0
855b21869c4fdbed8047,9,0,0.0
855b21869c4fdbed8047,10,0,0.0
855b21869c4fdbed8047,11,0,0.0
855b21869c4fdbed8047,12,1,1.61
855b21869c4fdbed8047,13,4,6.45
855b21869c4fdbed8047,14,0,0.0
855b21869c4fdbed8047,15,11,17.74
855b21869c4fdbed8047,16,0,0.0
855b21869c4fdbed8047,17,0,0.0
855b21869c4fdbed8047,18,0,0.0
855b21869c4fdbed8047,19,0,0.0
855b21869c4fdbed8047,20,0,0.0
855b21869c4fdbed8047,21,0,0.0
855b21869c4fdbed8047,22,0,0.0
855b21869c4fdbed8047,23,0,0.0
f63cab44b941c6ca80d6,0,0,0.0
f63cab44b941c6ca80d6,1,0,0.0
f63cab44b941c6ca80d6,2,20,11.17
f63cab44b941c6ca80d6,3,30,16.76
f63cab44b941c6ca80d6,4,5,2.79
f63cab44b941c6ca80d6,5,0,0.0
f63cab44b941c6ca80d6,6,6,3.35
f63cab44b941c6ca80d6,7,16,8.94
f63cab44b941c6ca80d6,8,16,8.94
f63cab44b941c6ca80d6,9,14,7.82
f63cab44b941c6ca80d6,10,23,12.85
f63cab44b941c6ca80d6,11,10,5.59
f63cab44b941c6ca80d6,12,3,1.68
f63cab44b941c6ca80d6,13,3,1.68
f63cab44b941c6ca80d6,14,12,6.7
f63cab44b941c6ca80d6,15,21,11.73
f63cab44b941c6ca80d6,16,0,0.0
f63cab44b941c6ca80d6,17,0,0.0
f63cab44b941c6ca80d6,18,0,0.0
f63cab44b941c6ca80d6,19,0,0.0
f63cab44b941c6ca80d6,20,0,0.0
f63cab44b941c6ca80d6,21,0,0.0
f63cab44b941c6ca80d6,22,0,0.0
f63cab44b941c6ca80d6,23,0,0.0
4e4bb1f26e34ca0a13dc,0,1,0.9
4e4bb1f26e34ca0a13dc,1,0,0.0
4e4bb1f26e34ca0a13dc,2,0,0.0
4e4bb1f26e34ca0a13dc,3,12,10.81
4e4bb1f26e34ca0a13dc,4,18,16.22
4e4bb1f26e34ca0a13dc,5,1,0.9
4e4bb1f26e34ca0a13dc,6,0,0.0
4e4bb1f26e34ca0a13dc,7,0,0.0
4e4bb1f26e34ca0a13dc,8,0,0.0
4e4bb1f26e34ca0a13dc,9,15,13.51
4e4bb1f26e34ca0a13dc,10,3,2.7
4e4bb1f26e34ca0a13dc,11,10,9.01
4e4bb1f26e34ca0a13dc,12,19,17.12
4e4bb1f26e34ca0a13dc,13,13,11.71
4e4bb1f26e34ca0a13dc,14,6,5.41
4e4bb1f26e34ca0a13dc,15,13,11.71
4e4bb1f26e34ca0a13dc,16,0,0.0
4e4bb1f26e34ca0a13dc,17,0,0.0
4e4bb1f26e34ca0a13dc,18,0,0.0
4e4bb1f26e34ca0a13dc,19,0,0.0
4e4bb1f26e34ca0a13dc,20,0,0.0
4e4bb1f26e34ca0a13dc,21,0,0.0
4e4bb1f26e34ca0a13dc,22,0,0.0
4e4bb1f26e34ca0a13dc,23,0,0.0
7f58862bfed16feedfd6,0,0,0.0
7f58862bfed16feedfd6,1,1,1.33
7f58862bfed16feedfd6,2,3,4.0
7f58862bfed16feedfd6,3,5,6.67
7f58862bfed16feedfd6,4,7,9.33
7f58862bfed16feedfd6,5,0,0.0
7f58862bfed16feedfd6,6,0,0.0
7f58862bfed16feedfd6,7,12,16.0
7f58862bfed16feedfd6,8,2,2.67
7f58862bfed16feedfd6,9,2,2.67
7f58862bfed16feedfd6,10,12,16.0
7f58862bfed16feedfd6,11,6,8.0
7f58862bfed16feedfd6,12,7,9.33
7f58862bfed16feedfd6,13,7,9.33
7f58862bfed16feedfd6,14,9,12.0
7f58862bfed16feedfd6,15,2,2.67
7f58862bfed16feedfd6,16,0,0.0
7f58862bfed16feedfd6,17,0,0.0
7f58862bfed16feedfd6,18,0,0.0
7f58862bfed16feedfd6,19,0,0.0
7f58862bfed16feedfd6,20,0,0.0
7f58862bfed16feedfd6,21,0,0.0
7f58862bfed16feedfd6,22,0,0.0
7f58862bfed16feedfd6,23,0,0.0
a2b5174e55754addcd68,0,0,0.0
a2b5174e55754addcd68,1,0,0.0
a2b5174e55754addcd68,2,1,0.93
a2b5174e55754addcd68,3,10,9.35
a2b5174e55754addcd68,4,3,2.8
a2b5174e55754addcd68,5,1,0.93
a2b5174e55754addcd68,6,0,0.0
a2b5174e55754addcd68,7,7,6.54
a2b5174e55754addcd68,8,8,7.48
a2b5174e55754addcd68,9,13,12.15
a2b5174e55754addcd68,10,8,7.48
a2b5174e55754addcd68,11,3,2.8
a2b5174e55754addcd68,12,0,0.0
a2b5174e55754addcd68,13,14,13.08
a2b5174e55754addcd68,14,19,17.76
a2b5174e55754addcd68,15,20,18.69
a2b5174e55754addcd68,16,0,0.0
a2b5174e55754addcd68,17,0,0.0
a2b5174e55754addcd68,18,0,0.0
a2b5174e55754addcd68,19,0,0.0
a2b5174e55754addcd68,20,0,0.0
a2b5174e55754addcd68,21,0,0.0
a2b5174e55754addcd68,22,0,0.0
a2b5174e55754addcd68,23,0,0.0
056ab41140f68c15db14,0,0,0.0
056ab41140f68c15db14,1,0,0.0
056ab41140f68c15db14,2,15,7.18
056ab41140f68c15db14,3,7,3.35
056ab41140f68c15db14,4,9,4.31
056ab41140f68c15db14,5,15,7.18
056ab41140f68c15db14,6,13,6.22
056ab41140f68c15db14,7,24,11.48
056ab41140f68c15db14,8,5,2.39
056ab41140f68c15db14,9,0,0.0
056ab41140f68c15db14,10,19,9.09
056ab41140f68c15db14,11,6,2.87
056ab41140f68c15db14,12,26,12.44
056ab41140f68c15db14,13,57,27.27
056ab41140f68c15db14,14,2,0.96
056ab41140f68c15db14,15,7,3.35
056ab41140f68c15db14,16,4,1.91
056ab41140f68c15db14,17,0,0.0
056ab41140f68c15db14,18,0,0.0
056ab41140f68c15db14,19,0,0.0
056ab41140f68c15db14,20,0,0.0
056ab41140f68c15db14,21,0,0.0
056ab41140f68c15db14,22,0,0.0
056ab41140f68c15db14,23,0,0.0
9369995cb6743cb69182,0,0,0.0
9369995cb6743cb69182,1,0,0.0
9369995cb6743cb69182,2,8,8.7
9369995cb6743cb69182,3,4,4.35
9369995cb6743cb69182,4,3,3.26
9369995cb6743cb69182,5,9,9.78
9369995cb6743cb69182,6,6,6.52
9369995cb6743cb69182,7,3,3.26
9369995cb6743cb69182,8,0,0.0
9369995cb6743cb69182,9,2,2.17
9369995cb6743cb69182,10,19,20.65
9369995cb6743cb69182,11,12,13.04
9369995cb6743cb69182,12,20,21.74
9369995cb6743cb69182,13,3,3.26
9369995cb6743cb69182,14,1,1.09
9369995cb6743cb69182,15,2,2.17
9369995cb6743cb69182,16,0,0.0
9369995cb6743cb69182,17,0,0.0
9369995cb6743cb69182,18,0,0.0
9369995cb6743cb69182,19,0,0.0
9369995cb6743cb69182,20,0,0.0
9369995cb6743cb69182,21,0,0.0
9369995cb6743cb69182,22,0,0.0
9369995cb6743cb69182,23,0,0.0
e5b30ace9334d153e076,0,0,0.0
e5b30ace9334d153e076,1,0,0.0
e5b30ace9334d153e076,2,0,0.0
e5b30ace9334d153e076,3,0,0.0
e5b30ace9334d153e076,4,6,3.73
e5b30ace9334d153e076,5,8,4.97
e5b30ace9334d153e076,6,8,4.97
e5b30ace9334d153e076,7,17,10.56
e5b30ace9334d153e076,8,6,3.73
e5b30ace9334d153e076,9,14,8.7
e5b30ace9334d153e076,10,23,14.29
e5b30ace9334d153e076,11,14,8.7
e5b30ace9334d153e076,12,22,13.66
e5b30ace9334d153e076,13,6,3.73
e5b30ace9334d153e076,14,22,13.66
e5b30ace9334d153e076,15,15,9.32
e5b30ace9334d153e076,16,0,0.0
e5b30ace9334d153e076,17,0,0.0
e5b30ace9334d153e076,18,0,0.0
e5b30ace9334d153e076,19,0,0.0
e5b30ace9334d153e076,20,0,0.0
e5b30ace9334d153e076,21,0,0.0
e5b30ace9334d153e076,22,0,0.0
e5b30ace9334d153e076,23,0,0.0
367c27a001837dabb2e9,0,0,0.0
367c27a001837dabb2e9,1,0,0.0
367c27a001837dabb2e9,2,0,0.0
367c27a001837dabb2e9,3,1,0.92
367c27a001837dabb2e9,4,6,5.5
367c27a001837dabb2e9,5,5,4.59
367c27a001837dabb2e9,6,0,0.0
367c27a001837dabb2e9,7,31,28.44
367c27a001837dabb2e9,8,11,10.09
367c27a001837dabb2e9,9,11,10.09
367c27a001837dabb2e9,10,0,0.0
367c27a001837dabb2e9,11,4,3.67
367c27a001837dabb2e9,12,16,14.68
367c27a001837dabb2e9,13,0,0.0
367c27a001837dabb2e9,14,6,5.5
367c27a001837dabb2e9,15,14,12.84
367c27a001837dabb2e9,16,4,3.67
367c27a001837dabb2e9,17,0,0.0
367c27a001837dabb2e9,18,0,0.0
367c27a001837dabb2e9,19,0,0.0
367c27a001837dabb2e9,20,0,0.0
367c27a001837dabb2e9,21,0,0.0
367c27a001837dabb2e9,22,0,0.0
367c27a001837dabb2e9,23,0,0.0
a3c8ab369e2e928ed523,0,0,0.0
a3c8ab369e2e928ed523,1,0,0.0
a3c8ab369e2e928ed523,2,0,0.0
a3c8ab369e2e928ed523,3,0,0.0
a3c8ab369e2e928ed523,4,0,0.0
a3c8ab369e2e928ed523,5,0,0.0
a3c8ab369e2e928ed523,6,0,0.0
a3c8ab369e2e928ed523,7,0,0.0
a3c8ab369e2e928ed523,8,0,0.0
a3c8ab369e2e928ed523,9,8,15.69
a3c8ab369e2e928ed523,10,7,13.73
a3c8ab369e2e928ed523,11,9,17.65
a3c8ab369e2e928ed523,12,9,17.65
a3c8ab369e2e928ed523,13,11,21.57
a3c8ab369e2e928ed523,14,7,13.73
a3c8ab369e2e928ed523,15,0,0.0
a3c8ab369e2e928ed523,16,0,0.0
a3c8ab369e2e928ed523,17,0,0.0
a3c8ab369e2e928ed523,18,0,0.0
a3c8ab369e2e928ed523,19,0,0.0
a3c8ab369e2e928ed523,20,0,0.0
a3c8ab369e2e928ed523,21,0,0.0
a3c8ab369e2e928ed523,22,0,0.0
a3c8ab369e2e928ed523,23,0,0.0
06309f4c8785254f4c13,0,0,0.0
06309f4c8785254f4c13,1,0,0.0
06309f4c8785254f4c13,2,0,0.0
06309f4c8785254f4c13,3,0,0.0
06309f4c8785254f4c13,4,0,0.0
06309f4c8785254f4c13,5,32,50.79
06309f4c8785254f4c13,6,12,19.05
06309f4c8785254f4c13,7,0,0.0
06309f4c8785254f4c13,8,0,0.0
06309f4c8785254f4c13,9,0,0.0
06309f4c8785254f4c13,10,0,0.0
06309f4c8785254f4c13,11,0,0.0
06309f4c8785254f4c13,12,5,7.94
06309f4c8785254f4c13,13,11,17.46
06309f4c8785254f4c13,14,0,0.0
06309f4c8785254f4c13,15,0,0.0
06309f4c8785254f4c13,16,3,4.76
06309f4c8785254f4c13,17,0,0.0
06309f4c8785254f4c13,18,0,0.0
06309f4c8785254f4c13,19,0,0.0
06309f4c8785254f4c13,20,0,0.0
06309f4c8785254f4c13,21,0,0.0
06309f4c8785254f4c13,22,0,0.0
06309f4c8785254f4c13,23,0,0.0
47b08a7751ab609be9e5,0,0,0.0
47b08a7751ab609be9e5,1,6,8.11
47b08a7751ab609be9e5,2,4,5.41
47b08a7751ab609be9e5,3,0,0.0
47b08a7751ab609be9e5,4,0,0.0
47b08a7751ab609be9e5,5,0,0.0
47b08a7751ab609be9e5,6,15,20.27
47b08a7751ab609be9e5,7,0,0.0
47b08a7751ab609be9e5,8,0,0.0
47b08a7751ab609be9e5,9,0,0.0
47b08a7751ab609be9e5,10,5,6.76
47b08a7751ab609be9e5,11,10,13.51
47b08a7751ab609be9e5,12,6,8.11
47b08a7751ab609be9e5,13,1,1.35
47b08a7751ab609be9e5,14,11,14.86
47b08a7751ab609be9e5,15,16,21.62
47b08a7751ab609be9e5,16,0,0.0
47b08a7751ab609be9e5,17,0,0.0
47b08a7751ab609be9e5,18,0,0.0
47b08a7751ab609be9e5,19,0,0.0
47b08a7751ab609be9e5,20,0,0.0
47b08a7751ab609be9e5,21,0,0.0
47b08a7751ab609be9e5,22,0,0.0
47b08a7751ab609be9e5,23,0,0.0
17f2d0e73044110cdea5,0,0,0.0
17f2d0e73044110cdea5,1,4,4.0
17f2d0e73044110cdea5,2,3,3.0
17f2d0e73044110cdea5,3,7,7.0
17f2d0e73044110cdea5,4,1,1.0
17f2d0e73044110cdea5,5,0,0.0
17f2d0e73044110cdea5,6,9,9.0
17f2d0e73044110cdea5,7,3,3.0
17f2d0e73044110cdea5,8,18,18.0
17f2d0e73044110cdea5,9,7,7.0
17f2d0e73044110cdea5,10,8,8.0
17f2d0e73044110cdea5,11,2,2.0
17f2d0e73044110cdea5,12,11,11.0
17f2d0e73044110cdea5,13,2,2.0
17f2d0e73044110cdea5,14,8,8.0
17f2d0e73044110cdea5,15,16,16.0
17f2d0e73044110cdea5,16,1,1.0
17f2d0e73044110cdea5,17,0,0.0
17f2d0e73044110cdea5,18,0,0.0
17f2d0e73044110cdea5,19,0,0.0
17f2d0e73044110cdea5,20,0,0.0
17f2d0e73044110cdea5,21,0,0.0
17f2d0e73044110cdea5,22,0,0.0
17f2d0e73044110cdea5,23,0,0.0
c200d8d792314a9d3575,0,0,0.0
c200d8d792314a9d3575,1,0,0.0
c200d8d792314a9d3575,2,6,4.48
c200d8d792314a9d3575,3,12,8.96
c200d8d792314a9d3575,4,8,5.97
c200d8d792314a9d3575,5,20,14.93
c200d8d792314a9d3575,6,1,0.75
c200d8d792314a9d3575,7,0,0.0
c200d8d792314a9d3575,8,7,5.22
c200d8d792314a9d3575,9,8,5.97
c200d8d792314a9d3575,10,4,2.99
c200d8d792314a9d3575,11,27,20.15
c200d8d792314a9d3575,12,16,11.94
c200d8d792314a9d3575,13,0,0.0
c200d8d792314a9d3575,14,10,7.46
c200d8d792314a9d3575,15,15,11.19
c200d8d792314a9d3575,16,0,0.0
c200d8d792314a9d3575,17,0,0.0
c200d8d792314a9d3575,18,0,0.0
c200d8d792314a9d3575,19,0,0.0
c200d8d792314a9d3575,20,0,0.0
c200d8d792314a9d3575,21,0,0.0
c200d8d792314a9d3575,22,0,0.0
c200d8d792314a9d3575,23,0,0.0
84f116e542feb4ff69c0,0,0,0.0
84f116e542feb4ff69c0,1,7,7.0
84f116e542feb4ff69c0,2,27,27.0
84f116e542feb4ff69c0,3,3,3.0
84f116e542feb4ff69c0,4,5,5.0
84f116e542feb4ff69c0,5,31,31.0
84f116e542feb4ff69c0,6,20,20.0
84f116e542feb4ff69c0,7,0,0.0
84f116e542feb4ff69c0,8,0,0.0
84f116e542feb4ff69c0,9,3,3.0
84f116e542feb4ff69c0,10,0,0.0
84f116e542feb4ff69c0,11,0,0.0
84f116e542feb4ff69c0,12,1,1.0
84f116e542feb4ff69c0,13,3,3.0
84f116e542feb4ff69c0,14,0,0.0
84f116e542feb4ff69c0,15,0,0.0
84f116e542feb4ff69c0,16,0,0.0
84f116e542feb4ff69c0,17,0,0.0
84f116e542feb4ff69c0,18,0,0.0
84f116e542feb4ff69c0,19,0,0.0
84f116e542feb4ff69c0,20,0,0.0
84f116e542feb4ff69c0,21,0,0.0
84f116e542feb4ff69c0,22,0,0.0
84f116e542feb4ff69c0,23,0,0.0
mbbw64iibpv7ndj2iie1,0,0,0.0
mbbw64iibpv7ndj2iie1,1,2,1.87
mbbw64iibpv7ndj2iie1,2,4,3.74
mbbw64iibpv7ndj2iie1,3,2,1.87
mbbw64iibpv7ndj2iie1,4,2,1.87
mbbw64iibpv7ndj2iie1,5,7,6.54
mbbw64iibpv7ndj2iie1,6,9,8.41
mbbw64iibpv7ndj2iie1,7,6,5.61
mbbw64iibpv7ndj2iie1,8,6,5.61
mbbw64iibpv7ndj2iie1,9,4,3.74
mbbw64iibpv7ndj2iie1,10,6,5.61
mbbw64iibpv7ndj2iie1,11,10,9.35
mbbw64iibpv7ndj2iie1,12,15,14.02
mbbw64iibpv7ndj2iie1,13,11,10.28
mbbw64iibpv7ndj2iie1,14,11,10.28
mbbw64iibpv7ndj2iie1,15,11,10.28
mbbw64iibpv7ndj2iie1,16,1,0.93
mbbw64iibpv7ndj2iie1,17,0,0.0
mbbw64iibpv7ndj2iie1,18,0,0.0
mbbw64iibpv7ndj2iie1,19,0,0.0
mbbw64iibpv7ndj2iie1,20,0,0.0
mbbw64iibpv7ndj2iie1,21,0,0.0
mbbw64iibpv7ndj2iie1,22,0,0.0
mbbw64iibpv7ndj2iie1,23,0,0.0
hpty3h6eij2tr467ueks,0,1,1.08
hpty3h6eij2tr467ueks,1,2,2.15
hpty3h6eij2tr467ueks,2,1,1.08
hpty3h6eij2tr467ueks,3,2,2.15
hpty3h6eij2tr467ueks,4,1,1.08
hpty3h6eij2tr467ueks,5,2,2.15
hpty3h6eij2tr467ueks,6,6,6.45
hpty3h6eij2tr467ueks,7,3,3.23
hpty3h6eij2tr467ueks,8,4,4.3
hpty3h6eij2tr467ueks,9,8,8.6
hpty3h6eij2tr467ueks,10,6,6.45
hpty3h6eij2tr467ueks,11,10,10.75
hpty3h6eij2tr467ueks,12,11,11.83
hpty3h6eij2tr467ueks,13,13,13.98
hpty3h6eij2tr467ueks,14,9,9.68
hpty3h6eij2tr467ueks,15,13,13.98
hpty3h6eij2tr467ueks,16,0,0.0
hpty3h6eij2tr467ueks,17,1,1.08
hpty3h6eij2tr467ueks,18,0,0.0
hpty3h6eij2tr467ueks,19,0,0.0
hpty3h6eij2tr467ueks,20,0,0.0
hpty3h6eij2tr467ueks,21,0,0.0
hpty3h6eij2tr467ueks,22,0,0.0
hpty3h6eij2tr467ueks,23,0,0.0
ygc6nfsry40yon3nicac,0,1,0.91
ygc6nfsry40yon3nicac,1,0,0.0
ygc6nfsry40yon3nicac,2,4,3.64
ygc6nfsry40yon3nicac,3,3,2.73
ygc6nfsry40yon3nicac,4,2,1.82
ygc6nfsry40yon3nicac,5,3,2.73
ygc6nfsry40yon3nicac,6,13,11.82
ygc6nfsry40yon3nicac,7,3,2.73
ygc6nfsry40yon3nicac,8,11,10.0
ygc6nfsry40yon3nicac,9,3,2.73
ygc6nfsry40yon3nicac,10,7,6.36
ygc6nfsry40yon3nicac,11,10,9.09
ygc6nfsry40yon3nicac,12,14,12.73
ygc6nfsry40yon3nicac,13,11,10.0
ygc6nfsry40yon3nicac,14,11,10.0
ygc6nfsry40yon3nicac,15,12,10.91
ygc6nfsry40yon3nicac,16,1,0.91
ygc6nfsry40yon3nicac,17,1,0.91
ygc6nfsry40yon3nicac,18,0,0.0
ygc6nfsry40yon3nicac,19,0,0.0
ygc6nfsry40yon3nicac,20,0,0.0
ygc6nfsry40yon3nicac,21,0,0.0
ygc6nfsry40yon3nicac,22,0,0.0
ygc6nfsry40yon3nicac,23,0,0.0
th28zykgzvfex40v22hz,0,2,1.71
th28zykgzvfex40v22hz,1,0,0.0
th28zykgzvfex40v22hz,2,4,3.42
th28zykgzvfex40v22hz,3,6,5.13
th28zykgzvfex40v22hz,4,3,2.56
th28zykgzvfex40v22hz,5,6,5.13
th28zykgzvfex40v22hz,6,8,6.84
th28zykgzvfex40v22hz,7,8,6.84
th28zykgzvfex40v22hz,8,5,4.27
th28zykgzvfex40v22hz,9,6,5.13
th28zykgzvfex40v22hz,10,9,7.69
th28zykgzvfex40v22hz,11,5,4.27
th28zykgzvfex40v22hz,12,8,6.84
th28zykgzvfex40v22hz,13,13,11.11
th28zykgzvfex40v22hz,14,21,17.95
th28zykgzvfex40v22hz,15,11,9.4
th28zykgzvfex40v22hz,16,2,1.71
th28zykgzvfex40v22hz,17,0,0.0
th28zykgzvfex40v22hz,18,0,0.0
th28zykgzvfex40v22hz,19,0,0.0
th28zykgzvfex40v22hz,20,0,0.0
th28zykgzvfex40v22hz,21,0,0.0
th28zykgzvfex40v22hz,22,0,0.0
th28zykgzvfex40v22hz,23,0,0.0
3dglsy7ee3ytfq1lpwlv,0,1,0.77
3dglsy7ee3ytfq1lpwlv,1,3,2.31
3dglsy7ee3ytfq1lpwlv,2,5,3.85
3dglsy7ee3ytfq1lpwlv,3,4,3.08
3dglsy7ee3ytfq1lpwlv,4,3,2.31
3dglsy7ee3ytfq1lpwlv,5,13,10.0
3dglsy7ee3ytfq1lpwlv,6,7,5.38
3dglsy7ee3ytfq1lpwlv,7,6,4.62
3dglsy7ee3ytfq1lpwlv,8,6,4.62
3dglsy7ee3ytfq1lpwlv,9,2,1.54
3dglsy7ee3ytfq1lpwlv,10,14,10.77
3dglsy7ee3ytfq1lpwlv,11,9,6.92
3dglsy7ee3ytfq1lpwlv,12,16,12.31
3dglsy7ee3ytfq1lpwlv,13,14,10.77
3dglsy7ee3ytfq1lpwlv,14,13,10.0
3dglsy7ee3ytfq1lpwlv,15,12,9.23
3dglsy7ee3ytfq1lpwlv,16,2,1.54
3dglsy7ee3ytfq1lpwlv,17,0,0.0
3dglsy7ee3ytfq1lpwlv,18,0,0.0
3dglsy7ee3ytfq1lpwlv,19,0,0.0
3dglsy7ee3ytfq1lpwlv,20,0,0.0
3dglsy7ee3ytfq1lpwlv,21,0,0.0
3dglsy7ee3ytfq1lpwlv,22,0,0.0
3dglsy7ee3ytfq1lpwlv,23,0,0.0
219jkfkejubvu4dvuv13,0,6,5.13
219jkfkejubvu4dvuv13,1,1,0.85
219jkfkejubvu4dvuv13,2,3,2.56
219jkfkejubvu4dvuv13,3,4,3.42
219jkfkejubvu4dvuv13,4,3,2.56
219jkfkejubvu4dvuv13,5,3,2.56
219jkfkejubvu4dvuv13,6,6,5.13
219jkfkejubvu4dvuv13,7,7,5.98
219jkfkejubvu4dvuv13,8,3,2.56
219jkfkejubvu4dvuv13,9,7,5.98
219jkfkejubvu4dvuv13,10,14,11.97
219jkfkejubvu4dvuv13,11,8,6.84
219jkfkejubvu4dvuv13,12,9,7.69
219jkfkejubvu4dvuv13,13,9,7.69
219jkfkejubvu4dvuv13,14,16,13.68
219jkfkejubvu4dvuv13,15,18,15.38
219jkfkejubvu4dvuv13,16,0,0.0
219jkfkejubvu4dvuv13,17,0,0.0
219jkfkejubvu4dvuv13,18,0,0.0
219jkfkejubvu4dvuv13,19,0,0.0
219jkfkejubvu4dvuv13,20,0,0.0
219jkfkejubvu4dvuv13,21,0,0.0
219jkfkejubvu4dvuv13,22,0,0.0
219jkfkejubvu4dvuv13,23,0,0.0
rgl39qjfatpnh3v4o28m,0,0,0.0
rgl39qjfatpnh3v4o28m,1,1,0.81
rgl39qjfatpnh3v4o28m,2,3,2.44
rgl39qjfatpnh3v4o28m,3,4,3.25
rgl39qjfatpnh3v4o28m,4,4,3.25
rgl39qjfatpnh3v4o28m,5,8,6.5
rgl39qjfatpnh3v4o28m,6,5,4.07
rgl39qjfatpnh3v4o28m,7,5,4.07
rgl39qjfatpnh3v4o28m,8,10,8.13
rgl39qjfatpnh3v4o28m,9,8,6.5
rgl39qjfatpnh3v4o28m,10,10,8.13
rgl39qjfatpnh3v4o28m,11,7,5.69
rgl39qjfatpnh3v4o28m,12,11,8.94
rgl39qjfatpnh3v4o28m,13,15,12.2
rgl39qjfatpnh3v4o28m,14,15,12.2
rgl39qjfatpnh3v4o28m,15,17,13.82
rgl39qjfatpnh3v4o28m,16,0,0.0
rgl39qjfatpnh3v4o28m,17,0,0.0
rgl39qjfatpnh3v4o28m,18,0,0.0
rgl39qjfatpnh3v4o28m,19,0,0.0
rgl39qjfatpnh3v4o28m,20,0,0.0
rgl39qjfatpnh3v4o28m,21,0,0.0
rgl39qjfatpnh3v4o28m,22,0,0.0
rgl39qjfatpnh3v4o28m,23,0,0.0
iqhpwbqkqi7kugzduhit,0,2,1.57
iqhpwbqkqi7kugzduhit,1,5,3.94
iqhpwbqkqi7kugzduhit,2,7,5.51
iqhpwbqkqi7kugzduhit,3,6,4.72
iqhpwbqkqi7kugzduhit,4,6,4.72
iqhpwbqkqi7kugzduhit,5,3,2.36
iqhpwbqkqi7kugzduhit,6,3,2.36
iqhpwbqkqi7kugzduhit,7,6,4.72
iqhpwbqkqi7kugzduhit,8,5,3.94
iqhpwbqkqi7kugzduhit,9,5,3.94
iqhpwbqkqi7kugzduhit,10,9,7.09
iqhpwbqkqi7kugzduhit,11,10,7.87
iqhpwbqkqi7kugzduhit,12,6,4.72
iqhpwbqkqi7kugzduhit,13,15,11.81
iqhpwbqkqi7kugzduhit,14,23,18.11
iqhpwbqkqi7kugzduhit,15,16,12.6
iqhpwbqkqi7kugzduhit,16,0,0.0
iqhpwbqkqi7kugzduhit,17,0,0.0
iqhpwbqkqi7kugzduhit,18,0,0.0
iqhpwbqkqi7kugzduhit,19,0,0.0
iqhpwbqkqi7kugzduhit,20,0,0.0
iqhpwbqkqi7kugzduhit,21,0,0.0
iqhpwbqkqi7kugzduhit,22,0,0.0
iqhpwbqkqi7kugzduhit,23,0,0.0
12s3yomv0kltozc1qxc4,0,2,1.69
12s3yomv0kltozc1qxc4,1,3,2.54
12s3yomv0kltozc1qxc4,2,3,2.54
12s3yomv0kltozc1qxc4,3,3,2.54
12s3yomv0kltozc1qxc4,4,7,5.93
12s3yomv0kltozc1qxc4,5,4,3.39
12s3yomv0kltozc1qxc4,6,12,10.17
12s3yomv0kltozc1qxc4,7,6,5.08
12s3yomv0kltozc1qxc4,8,2,1.69
12s3yomv0kltozc1qxc4,9,4,3.39
12s3yomv0kltozc1qxc4,10,11,9.32
12s3yomv0kltozc1qxc4,11,10,8.47
12s3yomv0kltozc1qxc4,12,12,10.17
12s3yomv0kltozc1qxc4,13,11,9.32
12s3yomv0kltozc1qxc4,14,16,13.56
12s3yomv0kltozc1qxc4,15,10,8.47
12s3yomv0kltozc1qxc4,16,2,1.69
12s3yomv0kltozc1qxc4,17,0,0.0
12s3yomv0kltozc1qxc4,18,0,0.0
12s3yomv0kltozc1qxc4,19,0,0.0
12s3yomv0kltozc1qxc4,20,0,0.0
12s3yomv0kltozc1qxc4,21,0,0.0
12s3yomv0kltozc1qxc4,22,0,0.0
12s3yomv0kltozc1qxc4,23,0,0.0
qaubz3kt65qtoit8g4vi,0,5,4.42
qaubz3kt65qtoit8g4vi,1,2,1.77
qaubz3kt65qtoit8g4vi,2,3,2.65
qaubz3kt65qtoit8g4vi,3,6,5.31
qaubz3kt65qtoit8g4vi,4,1,0.88
qaubz3kt65qtoit8g4vi,5,3,2.65
qaubz3kt65qtoit8g4vi,6,17,15.04
qaubz3kt65qtoit8g4vi,7,5,4.42
qaubz3kt65qtoit8g4vi,8,6,5.31
qaubz3kt65qtoit8g4vi,9,4,3.54
qaubz3kt65qtoit8g4vi,10,13,11.5
qaubz3kt65qtoit8g4vi,11,8,7.08
qaubz3kt65qtoit8g4vi,12,12,10.62
qaubz3kt65qtoit8g4vi,13,10,8.85
qaubz3kt65qtoit8g4vi,14,8,7.08
qaubz3kt65qtoit8g4vi,15,10,8.85
qaubz3kt65qtoit8g4vi,16,0,0.0
qaubz3kt65qtoit8g4vi,17,0,0.0
qaubz3kt65qtoit8g4vi,18,0,0.0
qaubz3kt65qtoit8g4vi,19,0,0.0
qaubz3kt65qtoit8g4vi,20,0,0.0
qaubz3kt65qtoit8g4vi,21,0,0.0
qaubz3kt65qtoit8g4vi,22,0,0.0
qaubz3kt65qtoit8g4vi,23,0,0.0
0qamadarf6xhm9pm2jta,0,0,0.0
0qamadarf6xhm9pm2jta,1,2,1.98
0qamadarf6xhm9pm2jta,2,6,5.94
0qamadarf6xhm9pm2jta,3,7,6.93
0qamadarf6xhm9pm2jta,4,2,1.98
0qamadarf6xhm9pm2jta,5,5,4.95
0qamadarf6xhm9pm2jta,6,6,5.94
0qamadarf6xhm9pm2jta,7,0,0.0
0qamadarf6xhm9pm2jta,8,2,1.98
0qamadarf6xhm9pm2jta,9,6,5.94
0qamadarf6xhm9pm2jta,10,6,5.94
0qamadarf6xhm9pm2jta,11,6,5.94
0qamadarf6xhm9pm2jta,12,9,8.91
0qamadarf6xhm9pm2jta,13,8,7.92
0qamadarf6xhm9pm2jta,14,23,22.77
0qamadarf6xhm9pm2jta,15,13,12.87
0qamadarf6xhm9pm2jta,16,0,0.0
0qamadarf6xhm9pm2jta,17,0,0.0
0qamadarf6xhm9pm2jta,18,0,0.0
0qamadarf6xhm9pm2jta,19,0,0.0
0qamadarf6xhm9pm2jta,20,0,0.0
0qamadarf6xhm9pm2jta,21,0,0.0
0qamadarf6xhm9pm2jta,22,0,0.0
0qamadarf6xhm9pm2jta,23,0,0.0
1eekhswi2ckx4uw0j1c9,0,2,1.79
1eekhswi2ckx4uw0j1c9,1,0,0.0
1eekhswi2ckx4uw0j1c9,2,4,3.57
1eekhswi2ckx4uw0j1c9,3,5,4.46
1eekhswi2ckx4uw0j1c9,4,7,6.25
1eekhswi2ckx4uw0j1c9,5,3,2.68
1eekhswi2ckx4uw0j1c9,6,2,1.79
1eekhswi2ckx4uw0j1c9,7,5,4.46
1eekhswi2ckx4uw0j1c9,8,6,5.36
1eekhswi2ckx4uw0j1c9,9,7,6.25
1eekhswi2ckx4uw0j1c9,10,11,9.82
1eekhswi2ckx4uw0j1c9,11,6,5.36
1eekhswi2ckx4uw0j1c9,12,9,8.04
1eekhswi2ckx4uw0j1c9,13,13,11.61
1eekhswi2ckx4uw0j1c9,14,14,12.5
1eekhswi2ckx4uw0j1c9,15,14,12.5
1eekhswi2ckx4uw0j1c9,16,4,3.57
1eekhswi2ckx4uw0j1c9,17,0,0.0
1eekhswi2ckx4uw0j1c9,18,0,0.0
1eekhswi2ckx4uw0j1c9,19,0,0.0
1eekhswi2ckx4uw0j1c9,20,0,0.0
1eekhswi2ckx4uw0j1c9,21,0,0.0
1eekhswi2ckx4uw0j1c9,22,0,0.0
1eekhswi2ckx4uw0j1c9,23,0,0.0
80xvovy2zizaj5kr0va5,0,1,0.96
80xvovy2zizaj5kr0va5,1,1,0.96
80xvovy2zizaj5kr0va5,2,4,3.85
80xvovy2zizaj5kr0va5,3,5,4.81
80xvovy2zizaj5kr0va5,4,5,4.81
80xvovy2zizaj5kr0va5,5,6,5.77
80xvovy2zizaj5kr0va5,6,1,0.96
80xvovy2zizaj5kr0va5,7,4,3.85
80xvovy2zizaj5kr0va5,8,5,4.81
80xvovy2zizaj5kr0va5,9,4,3.85
80xvovy2zizaj5kr0va5,10,10,9.62
80xvovy2zizaj5kr0va5,11,6,5.77
80xvovy2zizaj5kr0va5,12,8,7.69
80xvovy2zizaj5kr0va5,13,14,13.46
80xvovy2zizaj5kr0va5,14,18,17.31
80xvovy2zizaj5kr0va5,15,9,8.65
80xvovy2zizaj5kr0va5,16,3,2.88
80xvovy2zizaj5kr0va5,17,0,0.0
80xvovy2zizaj5kr0va5,18,0,0.0
80xvovy2zizaj5kr0va5,19,0,0.0
80xvovy2zizaj5kr0va5,20,0,0.0
80xvovy2zizaj5kr0va5,21,0,0.0
80xvovy2zizaj5kr0va5,22,0,0.0
80xvovy2zizaj5kr0va5,23,0,0.0
hva2hcwvh4mv0i4t59t6,0,2,2.22
hva2hcwvh4mv0i4t59t6,1,2,2.22
hva2hcwvh4mv0i4t59t6,2,3,3.33
hva2hcwvh4mv0i4t59t6,3,1,1.11
hva2hcwvh4mv0i4t59t6,4,3,3.33
hva2hcwvh4mv0i4t59t6,5,2,2.22
hva2hcwvh4mv0i4t59t6,6,2,2.22
hva2hcwvh4mv0i4t59t6,7,0,0.0
hva2hcwvh4mv0i4t59t6,8,3,3.33
hva2hcwvh4mv0i4t59t6,9,5,5.56
hva2hcwvh4mv0i4t59t6,10,7,7.78
hva2hcwvh4mv0i4t59t6,11,10,11.11
hva2hcwvh4mv0i4t59t6,12,10,11.11
hva2hcwvh4mv0i4t59t6,13,8,8.89
hva2hcwvh4mv0i4t59t6,14,17,18.89
hva2hcwvh4mv0i4t59t6,15,13,14.44
hva2hcwvh4mv0i4t59t6,16,2,2.22
hva2hcwvh4mv0i4t59t6,17,0,0.0
hva2hcwvh4mv0i4t59t6,18,0,0.0
hva2hcwvh4mv0i4t59t6,19,0,0.0
hva2hcwvh4mv0i4t59t6,20,0,0.0
hva2hcwvh4mv0i4t59t6,21,0,0.0
hva2hcwvh4mv0i4t59t6,22,0,0.0
hva2hcwvh4mv0i4t59t6,23,0,0.0
x9xz7kb08kmf1tytnc1f,0,2,1.85
x9xz7kb08kmf1tytnc1f,1,4,3.7
x9xz7kb08kmf1tytnc1f,2,2,1.85
x9xz7kb08kmf1tytnc1f,3,8,7.41
x9xz7kb08kmf1tytnc1f,4,6,5.56
x9xz7kb08kmf1tytnc1f,5,3,2.78
x9xz7kb08kmf1tytnc1f,6,4,3.7
x9xz7kb08kmf1tytnc1f,7,9,8.33
x9xz7kb08kmf1tytnc1f,8,1,0.93
x9xz7kb08kmf1tytnc1f,9,1,0.93
x9xz7kb08kmf1tytnc1f,10,8,7.41
x9xz7kb08kmf1tytnc1f,11,3,2.78
x9xz7kb08kmf1tytnc1f,12,13,12.04
x9xz7kb08kmf1tytnc1f,13,11,10.19
x9xz7kb08kmf1tytnc1f,14,17,15.74
x9xz7kb08kmf1tytnc1f,15,15,13.89
x9xz7kb08kmf1tytnc1f,16,0,0.0
x9xz7kb08kmf1tytnc1f,17,1,0.93
x9xz7kb08kmf1tytnc1f,18,0,0.0
x9xz7kb08kmf1tytnc1f,19,0,0.0
x9xz7kb08kmf1tytnc1f,20,0,0.0
x9xz7kb08kmf1tytnc1f,21,0,0.0
x9xz7kb08kmf1tytnc1f,22,0,0.0
x9xz7kb08kmf1tytnc1f,23,0,0.0
tezxtgugzffgu5fxr0cz,0,0,0.0
tezxtgugzffgu5fxr0cz,1,1,0.85
tezxtgugzffgu5fxr0cz,2,9,7.63
tezxtgugzffgu5fxr0cz,3,9,7.63
tezxtgugzffgu5fxr0cz,4,2,1.69
tezxtgugzffgu5fxr0cz,5,7,5.93
tezxtgugzffgu5fxr0cz,6,7,5.93
tezxtgugzffgu5fxr0cz,7,4,3.39
tezxtgugzffgu5fxr0cz,8,6,5.08
tezxtgugzffgu5fxr0cz,9,8,6.78
tezxtgugzffgu5fxr0cz,10,5,4.24
tezxtgugzffgu5fxr0cz,11,8,6.78
tezxtgugzffgu5fxr0cz,12,14,11.86
tezxtgugzffgu5fxr0cz,13,4,3.39
tezxtgugzffgu5fxr0cz,14,14,11.86
tezxtgugzffgu5fxr0cz,15,18,15.25
tezxtgugzffgu5fxr0cz,16,2,1.69
tezxtgugzffgu5fxr0cz,17,0,0.0
tezxtgugzffgu5fxr0cz,18,0,0.0
tezxtgugzffgu5fxr0cz,19,0,0.0
tezxtgugzffgu5fxr0cz,20,0,0.0
tezxtgugzffgu5fxr0cz,21,0,0.0
tezxtgugzffgu5fxr0cz,22,0,0.0
tezxtgugzffgu5fxr0cz,23,0,0.0
lvp2qmljigke8u0nfbvl,0,4,4.35
lvp2qmljigke8u0nfbvl,1,1,1.09
lvp2qmljigke8u0nfbvl,2,2,2.17
lvp2qmljigke8u0nfbvl,3,7,7.61
lvp2qmljigke8u0nfbvl,4,4,4.35
lvp2qmljigke8u0nfbvl,5,1,1.09
lvp2qmljigke8u0nfbvl,6,3,3.26
lvp2qmljigke8u0nfbvl,7,3,3.26
lvp2qmljigke8u0nfbvl,8,6,6.52
lvp2qmljigke8u0nfbvl,9,4,4.35
lvp2qmljigke8u0nfbvl,10,7,7.61
lvp2qmljigke8u0nfbvl,11,8,8.7
lvp2qmljigke8u0nfbvl,12,3,3.26
lvp2qmljigke8u0nfbvl,13,8,8.7
lvp2qmljigke8u0nfbvl,14,15,16.3
lvp2qmljigke8u0nfbvl,15,15,16.3
lvp2qmljigke8u0nfbvl,16,0,0.0
lvp2qmljigke8u0nfbvl,17,1,1.09
lvp2qmljigke8u0nfbvl,18,0,0.0
lvp2qmljigke8u0nfbvl,19,0,0.0
lvp2qmljigke8u0nfbvl,20,0,0.0
lvp2qmljigke8u0nfbvl,21,0,0.0
lvp2qmljigke8u0nfbvl,22,0,0.0
lvp2qmljigke8u0nfbvl,23,0,0.0
8bj43lrpbsn3smxxn3xn,0,0,0.0
8bj43lrpbsn3smxxn3xn,1,2,2.35
8bj43lrpbsn3smxxn3xn,2,1,1.18
8bj43lrpbsn3smxxn3xn,3,4,4.71
8bj43lrpbsn3smxxn3xn,4,4,4.71
8bj43lrpbsn3smxxn3xn,5,2,2.35
8bj43lrpbsn3smxxn3xn,6,9,10.59
8bj43lrpbsn3smxxn3xn,7,2,2.35
8bj43lrpbsn3smxxn3xn,8,6,7.06
8bj43lrpbsn3smxxn3xn,9,5,5.88
8bj43lrpbsn3smxxn3xn,10,3,3.53
8bj43lrpbsn3smxxn3xn,11,4,4.71
8bj43lrpbsn3smxxn3xn,12,12,14.12
8bj43lrpbsn3smxxn3xn,13,11,12.94
8bj43lrpbsn3smxxn3xn,14,6,7.06
8bj43lrpbsn3smxxn3xn,15,14,16.47
8bj43lrpbsn3smxxn3xn,16,0,0.0
8bj43lrpbsn3smxxn3xn,17,0,0.0
8bj43lrpbsn3smxxn3xn,18,0,0.0
8bj43lrpbsn3smxxn3xn,19,0,0.0
8bj43lrpbsn3smxxn3xn,20,0,0.0
8bj43lrpbsn3smxxn3xn,21,0,0.0
8bj43lrpbsn3smxxn3xn,22,0,0.0
8bj43lrpbsn3smxxn3xn,23,0,0.0
19buea1jycypffshcw38,0,3,2.86
19buea1jycypffshcw38,1,3,2.86
19buea1jycypffshcw38,2,4,3.81
19buea1jycypffshcw38,3,2,1.9
19buea1jycypffshcw38,4,6,5.71
19buea1jycypffshcw38,5,3,2.86
19buea1jycypffshcw38,6,9,8.57
19buea1jycypffshcw38,7,8,7.62
19buea1jycypffshcw38,8,2,1.9
19buea1jycypffshcw38,9,2,1.9
19buea1jycypffshcw38,10,10,9.52
19buea1jycypffshcw38,11,7,6.67
19buea1jycypffshcw38,12,12,11.43
19buea1jycypffshcw38,13,11,10.48
19buea1jycypffshcw38,14,9,8.57
19buea1jycypffshcw38,15,10,9.52
19buea1jycypffshcw38,16,4,3.81
19buea1jycypffshcw38,17,0,0.0
19buea1jycypffshcw38,18,0,0.0
19buea1jycypffshcw38,19,0,0.0
19buea1jycypffshcw38,20,0,0.0
19buea1jycypffshcw38,21,0,0.0
19buea1jycypffshcw38,22,0,0.0
19buea1jycypffshcw38,23,0,0.0
vcw0s2e0akak8rqunatk,0,2,2.04
vcw0s2e0akak8rqunatk,1,1,1.02
vcw0s2e0akak8rqunatk,2,7,7.14
vcw0s2e0akak8rqunatk,3,5,5.1
vcw0s2e0akak8rqunatk,4,3,3.06
vcw0s2e0akak8rqunatk,5,2,2.04
vcw0s2e0akak8rqunatk,6,7,7.14
vcw0s2e0akak8rqunatk,7,1,1.02
vcw0s2e0akak8rqunatk,8,2,2.04
vcw0s2e0akak8rqunatk,9,4,4.08
vcw0s2e0akak8rqunatk,10,10,10.2
vcw0s2e0akak8rqunatk,11,5,5.1
vcw0s2e0akak8rqunatk,12,10,10.2
vcw0s2e0akak8rqunatk,13,12,12.24
vcw0s2e0akak8rqunatk,14,11,11.22
vcw0s2e0akak8rqunatk,15,13,13.27
vcw0s2e0akak8rqunatk,16,2,2.04
vcw0s2e0akak8rqunatk,17,1,1.02
vcw0s2e0akak8rqunatk,18,0,0.0
vcw0s2e0akak8rqunatk,19,0,0.0
vcw0s2e0akak8rqunatk,20,0,0.0
vcw0s2e0akak8rqunatk,21,0,0.0
vcw0s2e0akak8rqunatk,22,0,0.0
vcw0s2e0akak8rqunatk,23,0,0.0
dri4ey8he2jovloucu86,0,2,2.02
dri4ey8he2jovloucu86,1,1,1.01
dri4ey8he2jovloucu86,2,3,3.03
dri4ey8he2jovloucu86,3,1,1.01
dri4ey8he2jovloucu86,4,3,3.03
dri4ey8he2jovloucu86,5,3,3.03
dri4ey8he2jovloucu86,6,8,8.08
dri4ey8he2jovloucu86,7,4,4.04
dri4ey8he2jovloucu86,8,1,1.01
dri4ey8he2jovloucu86,9,3,3.03
dri4ey8he2jovloucu86,10,7,7.07
dri4ey8he2jovloucu86,11,7,7.07
dri4ey8he2jovloucu86,12,12,12.12
dri4ey8he2jovloucu86,13,11,11.11
dri4ey8he2jovloucu86,14,13,13.13
dri4ey8he2jovloucu86,15,17,17.17
dri4ey8he2jovloucu86,16,3,3.03
dri4ey8he2jovloucu86,17,0,0.0
dri4ey8he2jovloucu86,18,0,0.0
dri4ey8he2jovloucu86,19,0,0.0
dri4ey8he2jovloucu86,20,0,0.0
dri4ey8he2jovloucu86,21,0,0.0
dri4ey8he2jovloucu86,22,0,0.0
dri4ey8he2jovloucu86,23,0,0.0
687ndz7mxhpv3gg91ie2,0,1,0.96
687ndz7mxhpv3gg91ie2,1,0,0.0
687ndz7mxhpv3gg91ie2,2,3,2.88
687ndz7mxhpv3gg91ie2,3,9,8.65
687ndz7mxhpv3gg91ie2,4,5,4.81
687ndz7mxhpv3gg91ie2,5,5,4.81
687ndz7mxhpv3gg91ie2,6,5,4.81
687ndz7mxhpv3gg91ie2,7,3,2.88
687ndz7mxhpv3gg91ie2,8,5,4.81
687ndz7mxhpv3gg91ie2,9,3,2.88
687ndz7mxhpv3gg91ie2,10,13,12.5
687ndz7mxhpv3gg91ie2,11,10,9.62
687ndz7mxhpv3gg91ie2,12,5,4.81
687ndz7mxhpv3gg91ie2,13,15,14.42
687ndz7mxhpv3gg91ie2,14,11,10.58
687ndz7mxhpv3gg91ie2,15,10,9.62
687ndz7mxhpv3gg91ie2,16,1,0.96
687ndz7mxhpv3gg91ie2,17,0,0.0
687ndz7mxhpv3gg91ie2,18,0,0.0
687ndz7mxhpv3gg91ie2,19,0,0.0
687ndz7mxhpv3gg91ie2,20,0,0.0
687ndz7mxhpv3gg91ie2,21,0,0.0
687ndz7mxhpv3gg91ie2,22,0,0.0
687ndz7mxhpv3gg91ie2,23,0,0.0
wmep7eexur6wwrlrz9sv,0,1,0.95
wmep7eexur6wwrlrz9sv,1,5,4.76
wmep7eexur6wwrlrz9sv,2,4,3.81
wmep7eexur6wwrlrz9sv,3,5,4.76
wmep7eexur6wwrlrz9sv,4,3,2.86
wmep7eexur6wwrlrz9sv,5,2,1.9
wmep7eexur6wwrlrz9sv,6,5,4.76
wmep7eexur6wwrlrz9sv,7,7,6.67
wmep7eexur6wwrlrz9sv,8,3,2.86
wmep7eexur6wwrlrz9sv,9,2,1.9
wmep7eexur6wwrlrz9sv,10,11,10.48
wmep7eexur6wwrlrz9sv,11,11,10.48
wmep7eexur6wwrlrz9sv,12,5,4.76
wmep7eexur6wwrlrz9sv,13,9,8.57
wmep7eexur6wwrlrz9sv,14,17,16.19
wmep7eexur6wwrlrz9sv,15,12,11.43
wmep7eexur6wwrlrz9sv,16,3,2.86
wmep7eexur6wwrlrz9sv,17,0,0.0
wmep7eexur6wwrlrz9sv,18,0,0.0
wmep7eexur6wwrlrz9sv,19,0,0.0
wmep7eexur6wwrlrz9sv,20,0,0.0
wmep7eexur6wwrlrz9sv,21,0,0.0
wmep7eexur6wwrlrz9sv,22,0,0.0
wmep7eexur6wwrlrz9sv,23,0,0.0
2ui63dibc4r8oo0p9agh,0,1,0.88
2ui63dibc4r8oo0p9agh,1,0,0.0
2ui63dibc4r8oo0p9agh,2,5,4.39
2ui63dibc4r8oo0p9agh,3,6,5.26
2ui63dibc4r8oo0p9agh,4,2,1.75
2ui63dibc4r8oo0p9agh,5,5,4.39
2ui63dibc4r8oo0p9agh,6,4,3.51
2ui63dibc4r8oo0p9agh,7,7,6.14
2ui63dibc4r8oo0p9agh,8,5,4.39
2ui63dibc4r8oo0p9agh,9,7,6.14
2ui63dibc4r8oo0p9agh,10,9,7.89
2ui63dibc4r8oo0p9agh,11,14,12.28
2ui63dibc4r8oo0p9agh,12,6,5.26
2ui63dibc4r8oo0p9agh,13,14,12.28
2ui63dibc4r8oo0p9agh,14,12,10.53
2ui63dibc4r8oo0p9agh,15,14,12.28
2ui63dibc4r8oo0p9agh,16,3,2.63
2ui63dibc4r8oo0p9agh,17,0,0.0
2ui63dibc4r8oo0p9agh,18,0,0.0
2ui63dibc4r8oo0p9agh,19,0,0.0
2ui63dibc4r8oo0p9agh,20,0,0.0
2ui63dibc4r8oo0p9agh,21,0,0.0
2ui63dibc4r8oo0p9agh,22,0,0.0
2ui63dibc4r8oo0p9agh,23,0,0.0
rufanlg0slv70u876a05,0,2,1.68
rufanlg0slv70u876a05,1,2,1.68
rufanlg0slv70u876a05,2,4,3.36
rufanlg0slv70u876a05,3,6,5.04
rufanlg0slv70u876a05,4,8,6.72
rufanlg0slv70u876a05,5,2,1.68
rufanlg0slv70u876a05,6,4,3.36
rufanlg0slv70u876a05,7,3,2.52
rufanlg0slv70u876a05,8,6,5.04
rufanlg0slv70u876a05,9,6,5.04
rufanlg0slv70u876a05,10,11,9.24
rufanlg0slv70u876a05,11,12,10.08
rufanlg0slv70u876a05,12,9,7.56
rufanlg0slv70u876a05,13,9,7.56
rufanlg0slv70u876a05,14,18,15.13
rufanlg0slv70u876a05,15,14,11.76
rufanlg0slv70u876a05,16,2,1.68
rufanlg0slv70u876a05,17,1,0.84
rufanlg0slv70u876a05,18,0,0.0
rufanlg0slv70u876a05,19,0,0.0
rufanlg0slv70u876a05,20,0,0.0
rufanlg0slv70u876a05,21,0,0.0
rufanlg0slv70u876a05,22,0,0.0
rufanlg0slv70u876a05,23,0,0.0
o6tn58jvkqobrz2qmf5i,0,2,1.69
o6tn58jvkqobrz2qmf5i,1,2,1.69
o6tn58jvkqobrz2qmf5i,2,6,5.08
o6tn58jvkqobrz2qmf5i,3,7,5.93
o6tn58jvkqobrz2qmf5i,4,5,4.24
o6tn58jvkqobrz2qmf5i,5,4,3.39
o6tn58jvkqobrz2qmf5i,6,6,5.08
o6tn58jvkqobrz2qmf5i,7,5,4.24
o6tn58jvkqobrz2qmf5i,8,4,3.39
o6tn58jvkqobrz2qmf5i,9,3,2.54
o6tn58jvkqobrz2qmf5i,10,9,7.63
o6tn58jvkqobrz2qmf5i,11,13,11.02
o6tn58jvkqobrz2qmf5i,12,10,8.47
o6tn58jvkqobrz2qmf5i,13,13,11.02
o6tn58jvkqobrz2qmf5i,14,13,11.02
o6tn58jvkqobrz2qmf5i,15,13,11.02
o6tn58jvkqobrz2qmf5i,16,2,1.69
o6tn58jvkqobrz2qmf5i,17,1,0.85
o6tn58jvkqobrz2qmf5i,18,0,0.0
o6tn58jvkqobrz2qmf5i,19,0,0.0
o6tn58jvkqobrz2qmf5i,20,0,0.0
o6tn58jvkqobrz2qmf5i,21,0,0.0
o6tn58jvkqobrz2qmf5i,22,0,0.0
o6tn58jvkqobrz2qmf5i,23,0,0.0
iwjs5oi2pl8omkdrs53q,0,2,1.85
iwjs5oi2pl8omkdrs53q,1,3,2.78
iwjs5oi2pl8omkdrs53q,2,3,2.78
iwjs5oi2pl8omkdrs53q,3,3,2.78
iwjs5oi2pl8omkdrs53q,4,1,0.93
iwjs5oi2pl8omkdrs53q,5,2,1.85
iwjs5oi2pl8omkdrs53q,6,10,9.26
iwjs5oi2pl8omkdrs53q,7,1,0.93
iwjs5oi2pl8omkdrs53q,8,6,5.56
iwjs5oi2pl8omkdrs53q,9,7,6.48
iwjs5oi2pl8omkdrs53q,10,5,4.63
iwjs5oi2pl8omkdrs53q,11,9,8.33
iwjs5oi2pl8omkdrs53q,12,10,9.26
iwjs5oi2pl8omkdrs53q,13,12,11.11
iwjs5oi2pl8omkdrs53q,14,11,10.19
iwjs5oi2pl8omkdrs53q,15,20,18.52
iwjs5oi2pl8omkdrs53q,16,1,0.93
iwjs5oi2pl8omkdrs53q,17,1,0.93
iwjs5oi2pl8omkdrs53q,18,1,0.93
iwjs5oi2pl8omkdrs53q,19,0,0.0
iwjs5oi2pl8omkdrs53q,20,0,0.0
iwjs5oi2pl8omkdrs53q,21,0,0.0
iwjs5oi2pl8omkdrs53q,22,0,0.0
iwjs5oi2pl8omkdrs53q,23,0,0.0
qrrck1nnty89cmohw40b,0,2,2.3
qrrck1nnty89cmohw40b,1,0,0.0
qrrck1nnty89cmohw40b,2,3,3.45
qrrck1nnty89cmohw40b,3,6,6.9
qrrck1nnty89cmohw40b,4,3,3.45
qrrck1nnty89cmohw40b,5,6,6.9
qrrck1nnty89cmohw40b,6,4,4.6
qrrck1nnty89cmohw40b,7,3,3.45
qrrck1nnty89cmohw40b,8,5,5.75
qrrck1nnty89cmohw40b,9,8,9.2
qrrck1nnty89cmohw40b,10,1,1.15
qrrck1nnty89cmohw40b,11,9,10.34
qrrck1nnty89cmohw40b,12,8,9.2
qrrck1nnty89cmohw40b,13,4,4.6
qrrck1nnty89cmohw40b,14,14,16.09
qrrck1nnty89cmohw40b,15,8,9.2
qrrck1nnty89cmohw40b,16,3,3.45
qrrck1nnty89cmohw40b,17,0,0.0
qrrck1nnty89cmohw40b,18,0,0.0
qrrck1nnty89cmohw40b,19,0,0.0
qrrck1nnty89cmohw40b,20,0,0.0
qrrck1nnty89cmohw40b,21,0,0.0
qrrck1nnty89cmohw40b,22,0,0.0
qrrck1nnty89cmohw40b,23,0,0.0
6569uz69or21mbcejw25,0,0,0.0
6569uz69or21mbcejw25,1,1,1.08
6569uz69or21mbcejw25,2,5,5.38
6569uz69or21mbcejw25,3,4,4.3
6569uz69or21mbcejw25,4,2,2.15
6569uz69or21mbcejw25,5,4,4.3
6569uz69or21mbcejw25,6,3,3.23
6569uz69or21mbcejw25,7,9,9.68
6569uz69or21mbcejw25,8,5,5.38
6569uz69or21mbcejw25,9,4,4.3
6569uz69or21mbcejw25,10,4,4.3
6569uz69or21mbcejw25,11,11,11.83
6569uz69or21mbcejw25,12,9,9.68
6569uz69or21mbcejw25,13,14,15.05
6569uz69or21mbcejw25,14,5,5.38
6569uz69or21mbcejw25,15,12,12.9
6569uz69or21mbcejw25,16,1,1.08
6569uz69or21mbcejw25,17,0,0.0
6569uz69or21mbcejw25,18,0,0.0
6569uz69or21mbcejw25,19,0,0.0
6569uz69or21mbcejw25,20,0,0.0
6569uz69or21mbcejw25,21,0,0.0
6569uz69or21mbcejw25,22,0,0.0
6569uz69or21mbcejw25,23,0,0.0
jjx780kahllbp5y3x7p8,0,3,2.5
jjx780kahllbp5y3x7p8,1,5,4.17
jjx780kahllbp5y3x7p8,2,4,3.33
jjx780kahllbp5y3x7p8,3,6,5.0
jjx780kahllbp5y3x7p8,4,4,3.33
jjx780kahllbp5y3x7p8,5,3,2.5
jjx780kahllbp5y3x7p8,6,8,6.67
jjx780kahllbp5y3x7p8,7,3,2.5
jjx780kahllbp5y3x7p8,8,5,4.17
jjx780kahllbp5y3x7p8,9,6,5.0
jjx780kahllbp5y3x7p8,10,5,4.17
jjx780kahllbp5y3x7p8,11,10,8.33
jjx780kahllbp5y3x7p8,12,8,6.67
jjx780kahllbp5y3x7p8,13,14,11.67
jjx780kahllbp5y3x7p8,14,18,15.0
jjx780kahllbp5y3x7p8,15,17,14.17
jjx780kahllbp5y3x7p8,16,1,0.83
jjx780kahllbp5y3x7p8,17,0,0.0
jjx780kahllbp5y3x7p8,18,0,0.0
jjx780kahllbp5y3x7p8,19,0,0.0
jjx780kahllbp5y3x7p8,20,0,0.0
jjx780kahllbp5y3x7p8,21,0,0.0
jjx780kahllbp5y3x7p8,22,0,0.0
jjx780kahllbp5y3x7p8,23,0,0.0
h7i4kmpsra4szfbhrcbh,0,2,1.79
h7i4kmpsra4szfbhrcbh,1,2,1.79
h7i4kmpsra4szfbhrcbh,2,4,3.57
h7i4kmpsra4szfbhrcbh,3,7,6.25
h7i4kmpsra4szfbhrcbh,4,10,8.93
h7i4kmpsra4szfbhrcbh,5,5,4.46
h7i4kmpsra4szfbhrcbh,6,2,1.79
h7i4kmpsra4szfbhrcbh,7,5,4.46
h7i4kmpsra4szfbhrcbh,8,7,6.25
h7i4kmpsra4szfbhrcbh,9,3,2.68
h7i4kmpsra4szfbhrcbh,10,4,3.57
h7i4kmpsra4szfbhrcbh,11,10,8.93
h7i4kmpsra4szfbhrcbh,12,9,8.04
h7i4kmpsra4szfbhrcbh,13,14,12.5
h7i4kmpsra4szfbhrcbh,14,15,13.39
h7i4kmpsra4szfbhrcbh,15,11,9.82
h7i4kmpsra4szfbhrcbh,16,2,1.79
h7i4kmpsra4szfbhrcbh,17,0,0.0
h7i4kmpsra4szfbhrcbh,18,0,0.0
h7i4kmpsra4szfbhrcbh,19,0,0.0
h7i4kmpsra4szfbhrcbh,20,0,0.0
h7i4kmpsra4szfbhrcbh,21,0,0.0
h7i4kmpsra4szfbhrcbh,22,0,0.0
h7i4kmpsra4szfbhrcbh,23,0,0.0
0z4mockl76xn8mhdaehw,0,3,2.78
0z4mockl76xn8mhdaehw,1,4,3.7
0z4mockl76xn8mhdaehw,2,3,2.78
0z4mockl76xn8mhdaehw,3,4,3.7
0z4mockl76xn8mhdaehw,4,5,4.63
0z4mockl76xn8mhdaehw,5,4,3.7
0z4mockl76xn8mhdaehw,6,3,2.78
0z4mockl76xn8mhdaehw,7,6,5.56
0z4mockl76xn8mhdaehw,8,9,8.33
0z4mockl76xn8mhdaehw,9,8,7.41
0z4mockl76xn8mhdaehw,10,5,4.63
0z4mockl76xn8mhdaehw,11,8,7.41
0z4mockl76xn8mhdaehw,12,6,5.56
0z4mockl76xn8mhdaehw,13,8,7.41
0z4mockl76xn8mhdaehw,14,18,16.67
0z4mockl76xn8mhdaehw,15,13,12.04
0z4mockl76xn8mhdaehw,16,1,0.93
0z4mockl76xn8mhdaehw,17,0,0.0
0z4mockl76xn8mhdaehw,18,0,0.0
0z4mockl76xn8mhdaehw,19,0,0.0
0z4mockl76xn8mhdaehw,20,0,0.0
0z4mockl76xn8mhdaehw,21,0,0.0
0z4mockl76xn8mhdaehw,22,0,0.0
0z4mockl76xn8mhdaehw,23,0,0.0
bfl1bc2oafd8hrz2xswq,0,2,1.92
bfl1bc2oafd8hrz2xswq,1,3,2.88
bfl1bc2oafd8hrz2xswq,2,9,8.65
bfl1bc2oafd8hrz2xswq,3,3,2.88
bfl1bc2oafd8hrz2xswq,4,2,1.92
bfl1bc2oafd8hrz2xswq,5,7,6.73
bfl1bc2oafd8hrz2xswq,6,3,2.88
bfl1bc2oafd8hrz2xswq,7,3,2.88
bfl1bc2oafd8hrz2xswq,8,7,6.73
bfl1bc2oafd8hrz2xswq,9,4,3.85
bfl1bc2oafd8hrz2xswq,10,7,6.73
bfl1bc2oafd8hrz2xswq,11,11,10.58
bfl1bc2oafd8hrz2xswq,12,11,10.58
bfl1bc2oafd8hrz2xswq,13,9,8.65
bfl1bc2oafd8hrz2xswq,14,12,11.54
bfl1bc2oafd8hrz2xswq,15,9,8.65
bfl1bc2oafd8hrz2xswq,16,1,0.96
bfl1bc2oafd8hrz2xswq,17,1,0.96
bfl1bc2oafd8hrz2xswq,18,0,0.0
bfl1bc2oafd8hrz2xswq,19,0,0.0
bfl1bc2oafd8hrz2xswq,20,0,0.0
bfl1bc2oafd8hrz2xswq,21,0,0.0
bfl1bc2oafd8hrz2xswq,22,0,0.0
bfl1bc2oafd8hrz2xswq,23,0,0.0
7eeq2weegodhsqj7bxc2,0,0,0.0
7eeq2weegodhsqj7bxc2,1,0,0.0
7eeq2weegodhsqj7bxc2,2,3,2.48
7eeq2weegodhsqj7bxc2,3,4,3.31
7eeq2weegodhsqj7bxc2,4,6,4.96
7eeq2weegodhsqj7bxc2,5,2,1.65
7eeq2weegodhsqj7bxc2,6,4,3.31
7eeq2weegodhsqj7bxc2,7,6,4.96
7eeq2weegodhsqj7bxc2,8,7,5.79
7eeq2weegodhsqj7bxc2,9,7,5.79
7eeq2weegodhsqj7bxc2,10,7,5.79
7eeq2weegodhsqj7bxc2,11,13,10.74
7eeq2weegodhsqj7bxc2,12,12,9.92
7eeq2weegodhsqj7bxc2,13,14,11.57
7eeq2weegodhsqj7bxc2,14,17,14.05
7eeq2weegodhsqj7bxc2,15,15,12.4
7eeq2weegodhsqj7bxc2,16,3,2.48
7eeq2weegodhsqj7bxc2,17,1,0.83
7eeq2weegodhsqj7bxc2,18,0,0.0
7eeq2weegodhsqj7bxc2,19,0,0.0
7eeq2weegodhsqj7bxc2,20,0,0.0
7eeq2weegodhsqj7bxc2,21,0,0.0
7eeq2weegodhsqj7bxc2,22,0,0.0
7eeq2weegodhsqj7bxc2,23,0,0.0
0i1e50rz4mkhee97xvpo,0,2,2.13
0i1e50rz4mkhee97xvpo,1,5,5.32
0i1e50rz4mkhee97xvpo,2,4,4.26
0i1e50rz4mkhee97xvpo,3,2,2.13
0i1e50rz4mkhee97xvpo,4,3,3.19
0i1e50rz4mkhee97xvpo,5,6,6.38
0i1e50rz4mkhee97xvpo,6,4,4.26
0i1e50rz4mkhee97xvpo,7,4,4.26
0i1e50rz4mkhee97xvpo,8,2,2.13
0i1e50rz4mkhee97xvpo,9,4,4.26
0i1e50rz4mkhee97xvpo,10,5,5.32
0i1e50rz4mkhee97xvpo,11,5,5.32
0i1e50rz4mkhee97xvpo,12,8,8.51
0i1e50rz4mkhee97xvpo,13,11,11.7
0i1e50rz4mkhee97xvpo,14,14,14.89
0i1e50rz4mkhee97xvpo,15,13,13.83
0i1e50rz4mkhee97xvpo,16,1,1.06
0i1e50rz4mkhee97xvpo,17,1,1.06
0i1e50rz4mkhee97xvpo,18,0,0.0
0i1e50rz4mkhee97xvpo,19,0,0.0
0i1e50rz4mkhee97xvpo,20,0,0.0
0i1e50rz4mkhee97xvpo,21,0,0.0
0i1e50rz4mkhee97xvpo,22,0,0.0
0i1e50rz4mkhee97xvpo,23,0,0.0
ac896071204b0ce26a1e,0,0,0.0
ac896071204b0ce26a1e,1,10,2.92
ac896071204b0ce26a1e,2,1,0.29
ac896071204b0ce26a1e,3,1,0.29
ac896071204b0ce26a1e,4,28,8.16
ac896071204b0ce26a1e,5,6,1.75
ac896071204b0ce26a1e,6,21,6.12
ac896071204b0ce26a1e,7,55,16.03
ac896071204b0ce26a1e,8,12,3.5
ac896071204b0ce26a1e,9,0,0.0
ac896071204b0ce26a1e,10,7,2.04
ac896071204b0ce26a1e,11,19,5.54
ac896071204b0ce26a1e,12,10,2.92
ac896071204b0ce26a1e,13,32,9.33
ac896071204b0ce26a1e,14,67,19.53
ac896071204b0ce26a1e,15,74,21.57
ac896071204b0ce26a1e,16,0,0.0
ac896071204b0ce26a1e,17,0,0.0
ac896071204b0ce26a1e,18,0,0.0
ac896071204b0ce26a1e,19,0,0.0
ac896071204b0ce26a1e,20,0,0.0
ac896071204b0ce26a1e,21,0,0.0
ac896071204b0ce26a1e,22,0,0.0
ac896071204b0ce26a1e,23,0,0.0
75a72c46b8271a57fba6,0,0,0.0
75a72c46b8271a57fba6,1,12,17.39
75a72c46b8271a57fba6,2,3,4.35
75a72c46b8271a57fba6,3,1,1.45
75a72c46b8271a57fba6,4,2,2.9
75a72c46b8271a57fba6,5,0,0.0
75a72c46b8271a57fba6,6,3,4.35
75a72c46b8271a57fba6,7,3,4.35
75a72c46b8271a57fba6,8,0,0.0
75a72c46b8271a57fba6,9,1,1.45
75a72c46b8271a57fba6,10,4,5.8
75a72c46b8271a57fba6,11,4,5.8
75a72c46b8271a57fba6,12,8,11.59
75a72c46b8271a57fba6,13,12,17.39
75a72c46b8271a57fba6,14,15,21.74
75a72c46b8271a57fba6,15,1,1.45
75a72c46b8271a57fba6,16,0,0.0
75a72c46b8271a57fba6,17,0,0.0
75a72c46b8271a57fba6,18,0,0.0
75a72c46b8271a57fba6,19,0,0.0
75a72c46b8271a57fba6,20,0,0.0
75a72c46b8271a57fba6,21,0,0.0
75a72c46b8271a57fba6,22,0,0.0
75a72c46b8271a57fba6,23,0,0.0
fda1eaffdfa7350e5d97,0,0,0.0
fda1eaffdfa7350e5d97,1,12,5.41
fda1eaffdfa7350e5d97,2,22,9.91
fda1eaffdfa7350e5d97,3,1,0.45
fda1eaffdfa7350e5d97,4,1,0.45
fda1eaffdfa7350e5d97,5,2,0.9
fda1eaffdfa7350e5d97,6,8,3.6
fda1eaffdfa7350e5d97,7,24,10.81
fda1eaffdfa7350e5d97,8,8,3.6
fda1eaffdfa7350e5d97,9,0,0.0
fda1eaffdfa7350e5d97,10,18,8.11
fda1eaffdfa7350e5d97,11,14,6.31
fda1eaffdfa7350e5d97,12,15,6.76
fda1eaffdfa7350e5d97,13,39,17.57
fda1eaffdfa7350e5d97,14,40,18.02
fda1eaffdfa7350e5d97,15,14,6.31
fda1eaffdfa7350e5d97,16,0,0.0
fda1eaffdfa7350e5d97,17,0,0.0
fda1eaffdfa7350e5d97,18,0,0.0
fda1eaffdfa7350e5d97,19,0,0.0
fda1eaffdfa7350e5d97,20,0,0.0
fda1eaffdfa7350e5d97,21,0,0.0
fda1eaffdfa7350e5d97,22,0,0.0
fda1eaffdfa7350e5d97,23,4,1.8
0e804947f4cdc2721046,0,2,1.92
0e804947f4cdc2721046,1,0,0.0
0e804947f4cdc2721046,2,6,5.77
0e804947f4cdc2721046,3,1,0.96
0e804947f4cdc2721046,4,7,6.73
0e804947f4cdc2721046,5,8,7.69
0e804947f4cdc2721046,6,1,0.96
0e804947f4cdc2721046,7,0,0.0
0e804947f4cdc2721046,8,1,0.96
0e804947f4cdc2721046,9,6,5.77
0e804947f4cdc2721046,10,7,6.73
0e804947f4cdc2721046,11,19,18.27
0e804947f4cdc2721046,12,11,10.58
0e804947f4cdc2721046,13,7,6.73
0e804947f4cdc2721046,14,24,23.08
0e804947f4cdc2721046,15,1,0.96
0e804947f4cdc2721046,16,0,0.0
0e804947f4cdc2721046,17,0,0.0
0e804947f4cdc2721046,18,0,0.0
0e804947f4cdc2721046,19,1,0.96
0e804947f4cdc2721046,20,0,0.0
0e804947f4cdc2721046,21,0,0.0
0e804947f4cdc2721046,22,0,0.0
0e804947f4cdc2721046,23,2,1.92
f7c4a29d42220e1cea27,0,2,1.69
f7c4a29d42220e1cea27,1,0,0.0
f7c4a29d42220e1cea27,2,2,1.69
f7c4a29d42220e1cea27,3,7,5.93
f7c4a29d42220e1cea27,4,12,10.17
f7c4a29d42220e1cea27,5,6,5.08
f7c4a29d42220e1cea27,6,0,0.0
f7c4a29d42220e1cea27,7,3,2.54
f7c4a29d42220e1cea27,8,5,4.24
f7c4a29d42220e1cea27,9,4,3.39
f7c4a29d42220e1cea27,10,6,5.08
f7c4a29d42220e1cea27,11,11,9.32
f7c4a29d42220e1cea27,12,15,12.71
f7c4a29d42220e1cea27,13,9,7.63
f7c4a29d42220e1cea27,14,13,11.02
f7c4a29d42220e1cea27,15,14,11.86
f7c4a29d42220e1cea27,16,9,7.63
f7c4a29d42220e1cea27,17,0,0.0
f7c4a29d42220e1cea27,18,0,0.0
f7c4a29d42220e1cea27,19,0,0.0
f7c4a29d42220e1cea27,20,0,0.0
f7c4a29d42220e1cea27,21,0,0.0
f7c4a29d42220e1cea27,22,0,0.0
f7c4a29d42220e1cea27,23,0,0.0
539911ee11c1b2aaeb88,0,0,0.0
539911ee11c1b2aaeb88,1,2,1.92
539911ee11c1b2aaeb88,2,3,2.88
539911ee11c1b2aaeb88,3,2,1.92
539911ee11c1b2aaeb88,4,1,0.96
539911ee11c1b2aaeb88,5,10,9.62
539911ee11c1b2aaeb88,6,10,9.62
539911ee11c1b2aaeb88,7,9,8.65
539911ee11c1b2aaeb88,8,6,5.77
539911ee11c1b2aaeb88,9,0,0.0
539911ee11c1b2aaeb88,10,7,6.73
539911ee11c1b2aaeb88,11,9,8.65
539911ee11c1b2aaeb88,12,8,7.69
539911ee11c1b2aaeb88,13,17,16.35
539911ee11c1b2aaeb88,14,20,19.23
539911ee11c1b2aaeb88,15,0,0.0
539911ee11c1b2aaeb88,16,0,0.0
539911ee11c1b2aaeb88,17,0,0.0
539911ee11c1b2aaeb88,18,0,0.0
539911ee11c1b2aaeb88,19,0,0.0
539911ee11c1b2aaeb88,20,0,0.0
539911ee11c1b2aaeb88,21,0,0.0
539911ee11c1b2aaeb88,22,0,0.0
539911ee11c1b2aaeb88,23,0,0.0
94752e120f6bb6178ad5,0,3,2.78
94752e120f6bb6178ad5,1,3,2.78
94752e120f6bb6178ad5,2,7,6.48
94752e120f6bb6178ad5,3,4,3.7
94752e120f6bb6178ad5,4,3,2.78
94752e120f6bb6178ad5,5,0,0.0
94752e120f6bb6178ad5,6,1,0.93
94752e120f6bb6178ad5,7,6,5.56
94752e120f6bb6178ad5,8,4,3.7
94752e120f6bb6178ad5,9,8,7.41
94752e120f6bb6178ad5,10,14,12.96
94752e120f6bb6178ad5,11,19,17.59
94752e120f6bb6178ad5,12,6,5.56
94752e120f6bb6178ad5,13,7,6.48
94752e120f6bb6178ad5,14,16,14.81
94752e120f6bb6178ad5,15,7,6.48
94752e120f6bb6178ad5,16,0,0.0
94752e120f6bb6178ad5,17,0,0.0
94752e120f6bb6178ad5,18,0,0.0
94752e120f6bb6178ad5,19,0,0.0
94752e120f6bb6178ad5,20,0,0.0
94752e120f6bb6178ad5,21,0,0.0
94752e120f6bb6178ad5,22,0,0.0
94752e120f6bb6178ad5,23,0,0.0
13f8b8305f6c25c21921,0,14,5.24
13f8b8305f6c25c21921,1,20,7.49
13f8b8305f6c25c21921,2,4,1.5
13f8b8305f6c25c21921,3,7,2.62
13f8b8305f6c25c21921,4,7,2.62
13f8b8305f6c25c21921,5,13,4.87
13f8b8305f6c25c21921,6,13,4.87
13f8b8305f6c25c21921,7,25,9.36
13f8b8305f6c25c21921,8,15,5.62
13f8b8305f6c25c21921,9,2,0.75
13f8b8305f6c25c21921,10,13,4.87
13f8b8305f6c25c21921,11,43,16.1
13f8b8305f6c25c21921,12,37,13.86
13f8b8305f6c25c21921,13,19,7.12
13f8b8305f6c25c21921,14,24,8.99
13f8b8305f6c25c21921,15,11,4.12
13f8b8305f6c25c21921,16,0,0.0
13f8b8305f6c25c21921,17,0,0.0
13f8b8305f6c25c21921,18,0,0.0
13f8b8305f6c25c21921,19,0,0.0
13f8b8305f6c25c21921,20,0,0.0
13f8b8305f6c25c21921,21,0,0.0
13f8b8305f6c25c21921,22,0,0.0
13f8b8305f6c25c21921,23,0,0.0
0c81ca27b7d931b6ff6e,0,11,7.75
0c81ca27b7d931b6ff6e,1,4,2.82
0c81ca27b7d931b6ff6e,2,0,0.0
0c81ca27b7d931b6ff6e,3,0,0.0
0c81ca27b7d931b6ff6e,4,7,4.93
0c81ca27b7d931b6ff6e,5,1,0.7
0c81ca27b7d931b6ff6e,6,14,9.86
0c81ca27b7d931b6ff6e,7,0,0.0
0c81ca27b7d931b6ff6e,8,13,9.15
0c81ca27b7d931b6ff6e,9,11,7.75
0c81ca27b7d931b6ff6e,10,12,8.45
0c81ca27b7d931b6ff6e,11,15,10.56
0c81ca27b7d931b6ff6e,12,4,2.82
0c81ca27b7d931b6ff6e,13,4,2.82
0c81ca27b7d931b6ff6e,14,41,28.87
0c81ca27b7d931b6ff6e,15,5,3.52
0c81ca27b7d931b6ff6e,16,0,0.0
0c81ca27b7d931b6ff6e,17,0,0.0
0c81ca27b7d931b6ff6e,18,0,0.0
0c81ca27b7d931b6ff6e,19,0,0.0
0c81ca27b7d931b6ff6e,20,0,0.0
0c81ca27b7d931b6ff6e,21,0,0.0
0c81ca27b7d931b6ff6e,22,0,0.0
0c81ca27b7d931b6ff6e,23,0,0.0
e2ee4818284ba527ef0a,0,0,0.0
e2ee4818284ba527ef0a,1,0,0.0
e2ee4818284ba527ef0a,2,0,0.0
e2ee4818284ba527ef0a,3,0,0.0
e2ee4818284ba527ef0a,4,14,19.18
e2ee4818284ba527ef0a,5,9,12.33
e2ee4818284ba527ef0a,6,2,2.74
e2ee4818284ba527ef0a,7,1,1.37
e2ee4818284ba527ef0a,8,0,0.0
e2ee4818284ba527ef0a,9,0,0.0
e2ee4818284ba527ef0a,10,0,0.0
e2ee4818284ba527ef0a,11,0,0.0
e2ee4818284ba527ef0a,12,0,0.0
e2ee4818284ba527ef0a,13,8,10.96
e2ee4818284ba527ef0a,14,25,34.25
e2ee4818284ba527ef0a,15,13,17.81
e2ee4818284ba527ef0a,16,1,1.37
e2ee4818284ba527ef0a,17,0,0.0
e2ee4818284ba527ef0a,18,0,0.0
e2ee4818284ba527ef0a,19,0,0.0
e2ee4818284ba527ef0a,20,0,0.0
e2ee4818284ba527ef0a,21,0,0.0
e2ee4818284ba527ef0a,22,0,0.0
e2ee4818284ba527ef0a,23,0,0.0
76a2f2705490042bb8cb,0,0,0.0
76a2f2705490042bb8cb,1,0,0.0
76a2f2705490042bb8cb,2,7,9.09
76a2f2705490042bb8cb,3,6,7.79
76a2f2705490042bb8cb,4,7,9.09
76a2f2705490042bb8cb,5,5,6.49
76a2f2705490042bb8cb,6,11,14.29
76a2f2705490042bb8cb,7,0,0.0
76a2f2705490042bb8cb,8,0,0.0
76a2f2705490042bb8cb,9,0,0.0
76a2f2705490042bb8cb,10,0,0.0
76a2f2705490042bb8cb,11,5,6.49
76a2f2705490042bb8cb,12,6,7.79
76a2f2705490042bb8cb,13,14,18.18
76a2f2705490042bb8cb,14,9,11.69
76a2f2705490042bb8cb,15,7,9.09
76a2f2705490042bb8cb,16,0,0.0
76a2f2705490042bb8cb,17,0,0.0
76a2f2705490042bb8cb,18,0,0.0
76a2f2705490042bb8cb,19,0,0.0
76a2f2705490042bb8cb,20,0,0.0
76a2f2705490042bb8cb,21,0,0.0
76a2f2705490042bb8cb,22,0,0.0
76a2f2705490042bb8cb,23,0,0.0
87aa4503451b6a77b2b7,0,0,0.0
87aa4503451b6a77b2b7,1,0,0.0
87aa4503451b6a77b2b7,2,0,0.0
87aa4503451b6a77b2b7,3,0,0.0
87aa4503451b6a77b2b7,4,2,1.87
87aa4503451b6a77b2b7,5,0,0.0
87aa4503451b6a77b2b7,6,0,0.0
87aa4503451b6a77b2b7,7,0,0.0
87aa4503451b6a77b2b7,8,0,0.0
87aa4503451b6a77b2b7,9,5,4.67
87aa4503451b6a77b2b7,10,9,8.41
87aa4503451b6a77b2b7,11,17,15.89
87aa4503451b6a77b2b7,12,8,7.48
87aa4503451b6a77b2b7,13,22,20.56
87aa4503451b6a77b2b7,14,38,35.51
87aa4503451b6a77b2b7,15,6,5.61
87aa4503451b6a77b2b7,16,0,0.0
87aa4503451b6a77b2b7,17,0,0.0
87aa4503451b6a77b2b7,18,0,0.0
87aa4503451b6a77b2b7,19,0,0.0
87aa4503451b6a77b2b7,20,0,0.0
87aa4503451b6a77b2b7,21,0,0.0
87aa4503451b6a77b2b7,22,0,0.0
87aa4503451b6a77b2b7,23,0,0.0
1552f58e2818ce7fa863,0,0,0.0
1552f58e2818ce7fa863,1,2,1.61
1552f58e2818ce7fa863,2,2,1.61
1552f58e2818ce7fa863,3,7,5.65
1552f58e2818ce7fa863,4,3,2.42
1552f58e2818ce7fa863,5,0,0.0
1552f58e2818ce7fa863,6,7,5.65
1552f58e2818ce7fa863,7,4,3.23
1552f58e2818ce7fa863,8,0,0.0
1552f58e2818ce7fa863,9,3,2.42
1552f58e2818ce7fa863,10,16,12.9
1552f58e2818ce7fa863,11,8,6.45
1552f58e2818ce7fa863,12,13,10.48
1552f58e2818ce7fa863,13,25,20.16
1552f58e2818ce7fa863,14,27,21.77
1552f58e2818ce7fa863,15,7,5.65
1552f58e2818ce7fa863,16,0,0.0
1552f58e2818ce7fa863,17,0,0.0
1552f58e2818ce7fa863,18,0,0.0
1552f58e2818ce7fa863,19,0,0.0
1552f58e2818ce7fa863,20,0,0.0
1552f58e2818ce7fa863,21,0,0.0
1552f58e2818ce7fa863,22,0,0.0
1552f58e2818ce7fa863,23,0,0.0
211ed39c57c6e6cdefbf,0,0,0.0
211ed39c57c6e6cdefbf,1,2,1.6
211ed39c57c6e6cdefbf,2,11,8.8
211ed39c57c6e6cdefbf,3,7,5.6
211ed39c57c6e6cdefbf,4,15,12.0
211ed39c57c6e6cdefbf,5,3,2.4
211ed39c57c6e6cdefbf,6,0,0.0
211ed39c57c6e6cdefbf,7,2,1.6
211ed39c57c6e6cdefbf,8,0,0.0
211ed39c57c6e6cdefbf,9,0,0.0
211ed39c57c6e6cdefbf,10,36,28.8
211ed39c57c6e6cdefbf,11,11,8.8
211ed39c57c6e6cdefbf,12,14,11.2
211ed39c57c6e6cdefbf,13,15,12.0
211ed39c57c6e6cdefbf,14,5,4.0
211ed39c57c6e6cdefbf,15,4,3.2
211ed39c57c6e6cdefbf,16,0,0.0
211ed39c57c6e6cdefbf,17,0,0.0
211ed39c57c6e6cdefbf,18,0,0.0
211ed39c57c6e6cdefbf,19,0,0.0
211ed39c57c6e6cdefbf,20,0,0.0
211ed39c57c6e6cdefbf,21,0,0.0
211ed39c57c6e6cdefbf,22,0,0.0
211ed39c57c6e6cdefbf,23,0,0.0
28bc8af257c48eac3bf1,0,0,0.0
28bc8af257c48eac3bf1,1,0,0.0
28bc8af257c48eac3bf1,2,1,1.52
28bc8af257c48eac3bf1,3,8,12.12
28bc8af257c48eac3bf1,4,0,0.0
28bc8af257c48eac3bf1,5,0,0.0
28bc8af257c48eac3bf1,6,0,0.0
28bc8af257c48eac3bf1,7,3,4.55
28bc8af257c48eac3bf1,8,7,10.61
28bc8af257c48eac3bf1,9,14,21.21
28bc8af257c48eac3bf1,10,9,13.64
28bc8af257c48eac3bf1,11,2,3.03
28bc8af257c48eac3bf1,12,7,10.61
28bc8af257c48eac3bf1,13,8,12.12
28bc8af257c48eac3bf1,14,5,7.58
28bc8af257c48eac3bf1,15,2,3.03
28bc8af257c48eac3bf1,16,0,0.0
28bc8af257c48eac3bf1,17,0,0.0
28bc8af257c48eac3bf1,18,0,0.0
28bc8af257c48eac3bf1,19,0,0.0
28bc8af257c48eac3bf1,20,0,0.0
28bc8af257c48eac3bf1,21,0,0.0
28bc8af257c48eac3bf1,22,0,0.0
28bc8af257c48eac3bf1,23,0,0.0
2f3ef424b925a9881b81,0,4,3.36
2f3ef424b925a9881b81,1,19,15.97
2f3ef424b925a9881b81,2,28,23.53
2f3ef424b925a9881b81,3,2,1.68
2f3ef424b925a9881b81,4,6,5.04
2f3ef424b925a9881b81,5,10,8.4
2f3ef424b925a9881b81,6,8,6.72
2f3ef424b925a9881b81,7,1,0.84
2f3ef424b925a9881b81,8,3,2.52
2f3ef424b925a9881b81,9,6,5.04
2f3ef424b925a9881b81,10,7,5.88
2f3ef424b925a9881b81,11,16,13.45
2f3ef424b925a9881b81,12,0,0.0
2f3ef424b925a9881b81,13,1,0.84
2f3ef424b925a9881b81,14,4,3.36
2f3ef424b925a9881b81,15,0,0.0
2f3ef424b925a9881b81,16,0,0.0
2f3ef424b925a9881b81,17,0,0.0
2f3ef424b925a9881b81,18,0,0.0
2f3ef424b925a9881b81,19,0,0.0
2f3ef424b925a9881b81,20,0,0.0
2f3ef424b925a9881b81,21,0,0.0
2f3ef424b925a9881b81,22,0,0.0
2f3ef424b925a9881b81,23,4,3.36
8fe25991951e1f37568b,0,8,6.4
8fe25991951e1f37568b,1,15,12.0
8fe25991951e1f37568b,2,7,5.6
8fe25991951e1f37568b,3,16,12.8
8fe25991951e1f37568b,4,1,0.8
8fe25991951e1f37568b,5,1,0.8
8fe25991951e1f37568b,6,9,7.2
8fe25991951e1f37568b,7,2,1.6
8fe25991951e1f37568b,8,6,4.8
8fe25991951e1f37568b,9,0,0.0
8fe25991951e1f37568b,10,0,0.0
8fe25991951e1f37568b,11,2,1.6
8fe25991951e1f37568b,12,4,3.2
8fe25991951e1f37568b,13,5,4.0
8fe25991951e1f37568b,14,13,10.4
8fe25991951e1f37568b,15,29,23.2
8fe25991951e1f37568b,16,0,0.0
8fe25991951e1f37568b,17,0,0.0
8fe25991951e1f37568b,18,0,0.0
8fe25991951e1f37568b,19,0,0.0
8fe25991951e1f37568b,20,0,0.0
8fe25991951e1f37568b,21,0,0.0
8fe25991951e1f37568b,22,0,0.0
8fe25991951e1f37568b,23,7,5.6
a959b7dd7f65365313a4,0,0,0.0
a959b7dd7f65365313a4,1,0,0.0
a959b7dd7f65365313a4,2,0,0.0
a959b7dd7f65365313a4,3,10,3.97
a959b7dd7f65365313a4,4,30,11.9
a959b7dd7f65365313a4,5,4,1.59
a959b7dd7f65365313a4,6,0,0.0
a959b7dd7f65365313a4,7,4,1.59
a959b7dd7f65365313a4,8,0,0.0
a959b7dd7f65365313a4,9,8,3.17
a959b7dd7f65365313a4,10,36,14.29
a959b7dd7f65365313a4,11,15,5.95
a959b7dd7f65365313a4,12,7,2.78
a959b7dd7f65365313a4,13,14,5.56
a959b7dd7f65365313a4,14,46,18.25
a959b7dd7f65365313a4,15,57,22.62
a959b7dd7f65365313a4,16,21,8.33
a959b7dd7f65365313a4,17,0,0.0
a959b7dd7f65365313a4,18,0,0.0
a959b7dd7f65365313a4,19,0,0.0
a959b7dd7f65365313a4,20,0,0.0
a959b7dd7f65365313a4,21,0,0.0
a959b7dd7f65365313a4,22,0,0.0
a959b7dd7f65365313a4,23,0,0.0
67456512891f96cc0fc3,0,2,2.56
67456512891f96cc0fc3,1,4,5.13
67456512891f96cc0fc3,2,8,10.26
67456512891f96cc0fc3,3,0,0.0
67456512891f96cc0fc3,4,1,1.28
67456512891f96cc0fc3,5,1,1.28
67456512891f96cc0fc3,6,0,0.0
67456512891f96cc0fc3,7,1,1.28
67456512891f96cc0fc3,8,3,3.85
67456512891f96cc0fc3,9,6,7.69
67456512891f96cc0fc3,10,7,8.97
67456512891f96cc0fc3,11,11,14.1
67456512891f96cc0fc3,12,6,7.69
67456512891f96cc0fc3,13,18,23.08
67456512891f96cc0fc3,14,7,8.97
67456512891f96cc0fc3,15,3,3.85
67456512891f96cc0fc3,16,0,0.0
67456512891f96cc0fc3,17,0,0.0
67456512891f96cc0fc3,18,0,0.0
67456512891f96cc0fc3,19,0,0.0
67456512891f96cc0fc3,20,0,0.0
67456512891f96cc0fc3,21,0,0.0
67456512891f96cc0fc3,22,0,0.0
67456512891f96cc0fc3,23,0,0.0
83bf9b0424c17c9e13e7,0,1,1.37
83bf9b0424c17c9e13e7,1,5,6.85
83bf9b0424c17c9e13e7,2,0,0.0
83bf9b0424c17c9e13e7,3,0,0.0
83bf9b0424c17c9e13e7,4,3,4.11
83bf9b0424c17c9e13e7,5,0,0.0
83bf9b0424c17c9e13e7,6,2,2.74
83bf9b0424c17c9e13e7,7,0,0.0
83bf9b0424c17c9e13e7,8,4,5.48
83bf9b0424c17c9e13e7,9,1,1.37
83bf9b0424c17c9e13e7,10,0,0.0
83bf9b0424c17c9e13e7,11,17,23.29
83bf9b0424c17c9e13e7,12,7,9.59
83bf9b0424c17c9e13e7,13,12,16.44
83bf9b0424c17c9e13e7,14,6,8.22
83bf9b0424c17c9e13e7,15,15,20.55
83bf9b0424c17c9e13e7,16,0,0.0
83bf9b0424c17c9e13e7,17,0,0.0
83bf9b0424c17c9e13e7,18,0,0.0
83bf9b0424c17c9e13e7,19,0,0.0
83bf9b0424c17c9e13e7,20,0,0.0
83bf9b0424c17c9e13e7,21,0,0.0
83bf9b0424c17c9e13e7,22,0,0.0
83bf9b0424c17c9e13e7,23,0,0.0
01558eef77a8d39b7103,0,0,0.0
01558eef77a8d39b7103,1,0,0.0
01558eef77a8d39b7103,2,6,4.76
01558eef77a8d39b7103,3,10,7.94
01558eef77a8d39b7103,4,12,9.52
01558eef77a8d39b7103,5,0,0.0
01558eef77a8d39b7103,6,4,3.17
01558eef77a8d39b7103,7,5,3.97
01558eef77a8d39b7103,8,0,0.0
01558eef77a8d39b7103,9,4,3.17
01558eef77a8d39b7103,10,2,1.59
01558eef77a8d39b7103,11,3,2.38
01558eef77a8d39b7103,12,5,3.97
01558eef77a8d39b7103,13,22,17.46
01558eef77a8d39b7103,14,20,15.87
01558eef77a8d39b7103,15,15,11.9
01558eef77a8d39b7103,16,12,9.52
01558eef77a8d39b7103,17,6,4.76
01558eef77a8d39b7103,18,0,0.0
01558eef77a8d39b7103,19,0,0.0
01558eef77a8d39b7103,20,0,0.0
01558eef77a8d39b7103,21,0,0.0
01558eef77a8d39b7103,22,0,0.0
01558eef77a8d39b7103,23,0,0.0
359f25d9131a0699405b,0,0,0.0
359f25d9131a0699405b,1,4,3.05
359f25d9131a0699405b,2,2,1.53
359f25d9131a0699405b,3,6,4.58
359f25d9131a0699405b,4,7,5.34
359f25d9131a0699405b,5,2,1.53
359f25d9131a0699405b,6,0,0.0
359f25d9131a0699405b,7,1,0.76
359f25d9131a0699405b,8,12,9.16
359f25d9131a0699405b,9,7,5.34
359f25d9131a0699405b,10,3,2.29
359f25d9131a0699405b,11,13,9.92
359f25d9131a0699405b,12,30,22.9
359f25d9131a0699405b,13,22,16.79
359f25d9131a0699405b,14,13,9.92
359f25d9131a0699405b,15,9,6.87
359f25d9131a0699405b,16,0,0.0
359f25d9131a0699405b,17,0,0.0
359f25d9131a0699405b,18,0,0.0
359f25d9131a0699405b,19,0,0.0
359f25d9131a0699405b,20,0,0.0
359f25d9131a0699405b,21,0,0.0
359f25d9131a0699405b,22,0,0.0
359f25d9131a0699405b,23,0,0.0
1d7229e0f5f825007870,0,10,12.2
1d7229e0f5f825007870,1,1,1.22
1d7229e0f5f825007870,2,10,12.2
1d7229e0f5f825007870,3,4,4.88
1d7229e0f5f825007870,4,1,1.22
1d7229e0f5f825007870,5,2,2.44
1d7229e0f5f825007870,6,2,2.44
1d7229e0f5f825007870,7,3,3.66
1d7229e0f5f825007870,8,1,1.22
1d7229e0f5f825007870,9,0,0.0
1d7229e0f5f825007870,10,6,7.32
1d7229e0f5f825007870,11,14,17.07
1d7229e0f5f825007870,12,11,13.41
1d7229e0f5f825007870,13,5,6.1
1d7229e0f5f825007870,14,3,3.66
1d7229e0f5f825007870,15,9,10.98
1d7229e0f5f825007870,16,0,0.0
1d7229e0f5f825007870,17,0,0.0
1d7229e0f5f825007870,18,0,0.0
1d7229e0f5f825007870,19,0,0.0
1d7229e0f5f825007870,20,0,0.0
1d7229e0f5f825007870,21,0,0.0
1d7229e0f5f825007870,22,0,0.0
1d7229e0f5f825007870,23,0,0.0
b9d88af0a70c4ccb592e,0,3,4.69
b9d88af0a70c4ccb592e,1,0,0.0
b9d88af0a70c4ccb592e,2,7,10.94
b9d88af0a70c4ccb592e,3,2,3.12
b9d88af0a70c4ccb592e,4,8,12.5
b9d88af0a70c4ccb592e,5,6,9.38
b9d88af0a70c4ccb592e,6,5,7.81
b9d88af0a70c4ccb592e,7,1,1.56
b9d88af0a70c4ccb592e,8,1,1.56
b9d88af0a70c4ccb592e,9,2,3.12
b9d88af0a70c4ccb592e,10,5,7.81
b9d88af0a70c4ccb592e,11,0,0.0
b9d88af0a70c4ccb592e,12,4,6.25
b9d88af0a70c4ccb592e,13,6,9.38
b9d88af0a70c4ccb592e,14,14,21.88
b9d88af0a70c4ccb592e,15,0,0.0
b9d88af0a70c4ccb592e,16,0,0.0
b9d88af0a70c4ccb592e,17,0,0.0
b9d88af0a70c4ccb592e,18,0,0.0
b9d88af0a70c4ccb592e,19,0,0.0
b9d88af0a70c4ccb592e,20,0,0.0
b9d88af0a70c4ccb592e,21,0,0.0
b9d88af0a70c4ccb592e,22,0,0.0
b9d88af0a70c4ccb592e,23,0,0.0
d4d7a248a58363732f8e,0,8,7.21
d4d7a248a58363732f8e,1,20,18.02
d4d7a248a58363732f8e,2,3,2.7
d4d7a248a58363732f8e,3,8,7.21
d4d7a248a58363732f8e,4,2,1.8
d4d7a248a58363732f8e,5,3,2.7
d4d7a248a58363732f8e,6,0,0.0
d4d7a248a58363732f8e,7,1,0.9
d4d7a248a58363732f8e,8,3,2.7
d4d7a248a58363732f8e,9,2,1.8
d4d7a248a58363732f8e,10,1,0.9
d4d7a248a58363732f8e,11,11,9.91
d4d7a248a58363732f8e,12,0,0.0
d4d7a248a58363732f8e,13,0,0.0
d4d7a248a58363732f8e,14,14,12.61
d4d7a248a58363732f8e,15,31,27.93
d4d7a248a58363732f8e,16,1,0.9
d4d7a248a58363732f8e,17,0,0.0
d4d7a248a58363732f8e,18,0,0.0
d4d7a248a58363732f8e,19,0,0.0
d4d7a248a58363732f8e,20,0,0.0
d4d7a248a58363732f8e,21,0,0.0
d4d7a248a58363732f8e,22,0,0.0
d4d7a248a58363732f8e,23,3,2.7
5e29473eb1e80fde79a0,0,9,4.86
5e29473eb1e80fde79a0,1,2,1.08
5e29473eb1e80fde79a0,2,5,2.7
5e29473eb1e80fde79a0,3,5,2.7
5e29473eb1e80fde79a0,4,48,25.95
5e29473eb1e80fde79a0,5,6,3.24
5e29473eb1e80fde79a0,6,8,4.32
5e29473eb1e80fde79a0,7,3,1.62
5e29473eb1e80fde79a0,8,0,0.0
5e29473eb1e80fde79a0,9,0,0.0
5e29473eb1e80fde79a0,10,2,1.08
5e29473eb1e80fde79a0,11,0,0.0
5e29473eb1e80fde79a0,12,7,3.78
5e29473eb1e80fde79a0,13,14,7.57
5e29473eb1e80fde79a0,14,31,16.76
5e29473eb1e80fde79a0,15,41,22.16
5e29473eb1e80fde79a0,16,2,1.08
5e29473eb1e80fde79a0,17,0,0.0
5e29473eb1e80fde79a0,18,0,0.0
5e29473eb1e80fde79a0,19,0,0.0
5e29473eb1e80fde79a0,20,0,0.0
5e29473eb1e80fde79a0,21,0,0.0
5e29473eb1e80fde79a0,22,0,0.0
5e29473eb1e80fde79a0,23,2,1.08
0b307ee95b41e222f204,0,0,0.0
0b307ee95b41e222f204,1,0,0.0
0b307ee95b41e222f204,2,0,0.0
0b307ee95b41e222f204,3,1,0.85
0b307ee95b41e222f204,4,0,0.0
0b307ee95b41e222f204,5,0,0.0
0b307ee95b41e222f204,6,0,0.0
0b307ee95b41e222f204,7,2,1.69
0b307ee95b41e222f204,8,1,0.85
0b307ee95b41e222f204,9,2,1.69
0b307ee95b41e222f204,10,17,14.41
0b307ee95b41e222f204,11,56,47.46
0b307ee95b41e222f204,12,23,19.49
0b307ee95b41e222f204,13,1,0.85
0b307ee95b41e222f204,14,15,12.71
0b307ee95b41e222f204,15,0,0.0
0b307ee95b41e222f204,16,0,0.0
0b307ee95b41e222f204,17,0,0.0
0b307ee95b41e222f204,18,0,0.0
0b307ee95b41e222f204,19,0,0.0
0b307ee95b41e222f204,20,0,0.0
0b307ee95b41e222f204,21,0,0.0
0b307ee95b41e222f204,22,0,0.0
0b307ee95b41e222f204,23,0,0.0
1974349ec27d7d67bf08,0,2,1.04
1974349ec27d7d67bf08,1,1,0.52
1974349ec27d7d67bf08,2,9,4.69
1974349ec27d7d67bf08,3,35,18.23
1974349ec27d7d67bf08,4,5,2.6
1974349ec27d7d67bf08,5,2,1.04
1974349ec27d7d67bf08,6,12,6.25
1974349ec27d7d67bf08,7,6,3.12
1974349ec27d7d67bf08,8,0,0.0
1974349ec27d7d67bf08,9,0,0.0
1974349ec27d7d67bf08,10,6,3.12
1974349ec27d7d67bf08,11,30,15.62
1974349ec27d7d67bf08,12,17,8.85
1974349ec27d7d67bf08,13,22,11.46
1974349ec27d7d67bf08,14,30,15.62
1974349ec27d7d67bf08,15,8,4.17
1974349ec27d7d67bf08,16,0,0.0
1974349ec27d7d67bf08,17,0,0.0
1974349ec27d7d67bf08,18,0,0.0
1974349ec27d7d67bf08,19,0,0.0
1974349ec27d7d67bf08,20,0,0.0
1974349ec27d7d67bf08,21,0,0.0
1974349ec27d7d67bf08,22,0,0.0
1974349ec27d7d67bf08,23,7,3.65
35e028ec34bfdb7a6d26,0,0,0.0
35e028ec34bfdb7a6d26,1,0,0.0
35e028ec34bfdb7a6d26,2,1,0.81
35e028ec34bfdb7a6d26,3,0,0.0
35e028ec34bfdb7a6d26,4,8,6.5
35e028ec34bfdb7a6d26,5,18,14.63
35e028ec34bfdb7a6d26,6,7,5.69
35e028ec34bfdb7a6d26,7,2,1.63
35e028ec34bfdb7a6d26,8,1,0.81
35e028ec34bfdb7a6d26,9,6,4.88
35e028ec34bfdb7a6d26,10,21,17.07
35e028ec34bfdb7a6d26,11,0,0.0
35e028ec34bfdb7a6d26,12,7,5.69
35e028ec34bfdb7a6d26,13,15,12.2
35e028ec34bfdb7a6d26,14,19,15.45
35e028ec34bfdb7a6d26,15,15,12.2
35e028ec34bfdb7a6d26,16,3,2.44
35e028ec34bfdb7a6d26,17,0,0.0
35e028ec34bfdb7a6d26,18,0,0.0
35e028ec34bfdb7a6d26,19,0,0.0
35e028ec34bfdb7a6d26,20,0,0.0
35e028ec34bfdb7a6d26,21,0,0.0
35e028ec34bfdb7a6d26,22,0,0.0
35e028ec34bfdb7a6d26,23,0,0.0
d3fd2319c0f3aa00c371,0,6,6.25
d3fd2319c0f3aa00c371,1,6,6.25
d3fd2319c0f3aa00c371,2,5,5.21
d3fd2319c0f3aa00c371,3,5,5.21
d3fd2319c0f3aa00c371,4,5,5.21
d3fd2319c0f3aa00c371,5,1,1.04
d3fd2319c0f3aa00c371,6,3,3.12
d3fd2319c0f3aa00c371,7,6,6.25
d3fd2319c0f3aa00c371,8,4,4.17
d3fd2319c0f3aa00c371,9,0,0.0
d3fd2319c0f3aa00c371,10,5,5.21
d3fd2319c0f3aa00c371,11,1,1.04
d3fd2319c0f3aa00c371,12,5,5.21
d3fd2319c0f3aa00c371,13,11,11.46
d3fd2319c0f3aa00c371,14,27,28.12
d3fd2319c0f3aa00c371,15,5,5.21
d3fd2319c0f3aa00c371,16,0,0.0
d3fd2319c0f3aa00c371,17,0,0.0
d3fd2319c0f3aa00c371,18,0,0.0
d3fd2319c0f3aa00c371,19,0,0.0
d3fd2319c0f3aa00c371,20,0,0.0
d3fd2319c0f3aa00c371,21,0,0.0
d3fd2319c0f3aa00c371,22,0,0.0
d3fd2319c0f3aa00c371,23,1,1.04
5bdad002590327215ae0,0,3,3.8
5bdad002590327215ae0,1,0,0.0
5bdad002590327215ae0,2,4,5.06
5bdad002590327215ae0,3,1,1.27
5bdad002590327215ae0,4,5,6.33
5bdad002590327215ae0,5,4,5.06
5bdad002590327215ae0,6,3,3.8
5bdad002590327215ae0,7,3,3.8
5bdad002590327215ae0,8,2,2.53
5bdad002590327215ae0,9,0,0.0
5bdad002590327215ae0,10,2,2.53
5bdad002590327215ae0,11,6,7.59
5bdad002590327215ae0,12,19,24.05
5bdad002590327215ae0,13,8,10.13
5bdad002590327215ae0,14,15,18.99
5bdad002590327215ae0,15,4,5.06
5bdad002590327215ae0,16,0,0.0
5bdad002590327215ae0,17,0,0.0
5bdad002590327215ae0,18,0,0.0
5bdad002590327215ae0,19,0,0.0
5bdad002590327215ae0,20,0,0.0
5bdad002590327215ae0,21,0,0.0
5bdad002590327215ae0,22,0,0.0
5bdad002590327215ae0,23,0,0.0
919b6f74756bdb77edab,0,9,8.91
919b6f74756bdb77edab,1,18,17.82
919b6f74756bdb77edab,2,7,6.93
919b6f74756bdb77edab,3,0,0.0
919b6f74756bdb77edab,4,7,6.93
919b6f74756bdb77edab,5,1,0.99
919b6f74756bdb77edab,6,1,0.99
919b6f74756bdb77edab,7,0,0.0
919b6f74756bdb77edab,8,5,4.95
919b6f74756bdb77edab,9,11,10.89
919b6f74756bdb77edab,10,0,0.0
919b6f74756bdb77edab,11,2,1.98
919b6f74756bdb77edab,12,2,1.98
919b6f74756bdb77edab,13,5,4.95
919b6f74756bdb77edab,14,24,23.76
919b6f74756bdb77edab,15,0,0.0
919b6f74756bdb77edab,16,0,0.0
919b6f74756bdb77edab,17,0,0.0
919b6f74756bdb77edab,18,0,0.0
919b6f74756bdb77edab,19,0,0.0
919b6f74756bdb77edab,20,0,0.0
919b6f74756bdb77edab,21,0,0.0
919b6f74756bdb77edab,22,0,0.0
919b6f74756bdb77edab,23,9,8.91
8596e232b0d863cd3130,0,6,6.9
8596e232b0d863cd3130,1,5,5.75
8596e232b0d863cd3130,2,13,14.94
8596e232b0d863cd3130,3,3,3.45
8596e232b0d863cd3130,4,11,12.64
8596e232b0d863cd3130,5,3,3.45
8596e232b0d863cd3130,6,4,4.6
8596e232b0d863cd3130,7,6,6.9
8596e232b0d863cd3130,8,4,4.6
8596e232b0d863cd3130,9,2,2.3
8596e232b0d863cd3130,10,1,1.15
8596e232b0d863cd3130,11,12,13.79
8596e232b0d863cd3130,12,5,5.75
8596e232b0d863cd3130,13,3,3.45
8596e232b0d863cd3130,14,8,9.2
8596e232b0d863cd3130,15,0,0.0
8596e232b0d863cd3130,16,0,0.0
8596e232b0d863cd3130,17,0,0.0
8596e232b0d863cd3130,18,0,0.0
8596e232b0d863cd3130,19,0,0.0
8596e232b0d863cd3130,20,0,0.0
8596e232b0d863cd3130,21,0,0.0
8596e232b0d863cd3130,22,0,0.0
8596e232b0d863cd3130,23,1,1.15
17656005bd4086137ab7,0,15,14.15
17656005bd4086137ab7,1,0,0.0
17656005bd4086137ab7,2,0,0.0
17656005bd4086137ab7,3,1,0.94
17656005bd4086137ab7,4,3,2.83
17656005bd4086137ab7,5,4,3.77
17656005bd4086137ab7,6,0,0.0
17656005bd4086137ab7,7,0,0.0
17656005bd4086137ab7,8,1,0.94
17656005bd4086137ab7,9,0,0.0
17656005bd4086137ab7,10,11,10.38
17656005bd4086137ab7,11,19,17.92
17656005bd4086137ab7,12,22,20.75
17656005bd4086137ab7,13,16,15.09
17656005bd4086137ab7,14,6,5.66
17656005bd4086137ab7,15,1,0.94
17656005bd4086137ab7,16,0,0.0
17656005bd4086137ab7,17,4,3.77
17656005bd4086137ab7,18,0,0.0
17656005bd4086137ab7,19,0,0.0
17656005bd4086137ab7,20,0,0.0
17656005bd4086137ab7,21,0,0.0
17656005bd4086137ab7,22,0,0.0
17656005bd4086137ab7,23,3,2.83
d76c58732e315933a6cf,0,5,7.69
d76c58732e315933a6cf,1,0,0.0
d76c58732e315933a6cf,2,0,0.0
d76c58732e315933a6cf,3,8,12.31
d76c58732e315933a6cf,4,5,7.69
d76c58732e315933a6cf,5,2,3.08
d76c58732e315933a6cf,6,1,1.54
d76c58732e315933a6cf,7,2,3.08
d76c58732e315933a6cf,8,5,7.69
d76c58732e315933a6cf,9,0,0.0
d76c58732e315933a6cf,10,0,0.0
d76c58732e315933a6cf,11,7,10.77
d76c58732e315933a6cf,12,4,6.15
d76c58732e315933a6cf,13,0,0.0
d76c58732e315933a6cf,14,19,29.23
d76c58732e315933a6cf,15,4,6.15
d76c58732e315933a6cf,16,1,1.54
d76c58732e315933a6cf,17,0,0.0
d76c58732e315933a6cf,18,0,0.0
d76c58732e315933a6cf,19,0,0.0
d76c58732e315933a6cf,20,0,0.0
d76c58732e315933a6cf,21,0,0.0
d76c58732e315933a6cf,22,0,0.0
d76c58732e315933a6cf,23,2,3.08
7c27b1482db039a6eee9,0,0,0.0
7c27b1482db039a6eee9,1,8,11.76
7c27b1482db039a6eee9,2,3,4.41
7c27b1482db039a6eee9,3,0,0.0
7c27b1482db039a6eee9,4,0,0.0
7c27b1482db039a6eee9,5,0,0.0
7c27b1482db039a6eee9,6,2,2.94
7c27b1482db039a6eee9,7,0,0.0
7c27b1482db039a6eee9,8,3,4.41
7c27b1482db039a6eee9,9,1,1.47
7c27b1482db039a6eee9,10,0,0.0
7c27b1482db039a6eee9,11,1,1.47
7c27b1482db039a6eee9,12,2,2.94
7c27b1482db039a6eee9,13,14,20.59
7c27b1482db039a6eee9,14,32,47.06
7c27b1482db039a6eee9,15,2,2.94
7c27b1482db039a6eee9,16,0,0.0
7c27b1482db039a6eee9,17,0,0.0
7c27b1482db039a6eee9,18,0,0.0
7c27b1482db039a6eee9,19,0,0.0
7c27b1482db039a6eee9,20,0,0.0
7c27b1482db039a6eee9,21,0,0.0
7c27b1482db039a6eee9,22,0,0.0
7c27b1482db039a6eee9,23,0,0.0
75e30b71e38030454877,0,11,7.91
75e30b71e38030454877,1,10,7.19
75e30b71e38030454877,2,6,4.32
75e30b71e38030454877,3,4,2.88
75e30b71e38030454877,4,8,5.76
75e30b71e38030454877,5,3,2.16
75e30b71e38030454877,6,2,1.44
75e30b71e38030454877,7,11,7.91
75e30b71e38030454877,8,12,8.63
75e30b71e38030454877,9,1,0.72
75e30b71e38030454877,10,3,2.16
75e30b71e38030454877,11,11,7.91
75e30b71e38030454877,12,7,5.04
75e30b71e38030454877,13,26,18.71
75e30b71e38030454877,14,9,6.47
75e30b71e38030454877,15,12,8.63
75e30b71e38030454877,16,1,0.72
75e30b71e38030454877,17,0,0.0
75e30b71e38030454877,18,0,0.0
75e30b71e38030454877,19,0,0.0
75e30b71e38030454877,20,0,0.0
75e30b71e38030454877,21,0,0.0
75e30b71e38030454877,22,1,0.72
75e30b71e38030454877,23,1,0.72
eacb3353d7bc80cf3e7a,0,0,0.0
eacb3353d7bc80cf3e7a,1,2,2.67
eacb3353d7bc80cf3e7a,2,0,0.0
eacb3353d7bc80cf3e7a,3,0,0.0
eacb3353d7bc80cf3e7a,4,7,9.33
eacb3353d7bc80cf3e7a,5,0,0.0
eacb3353d7bc80cf3e7a,6,0,0.0
eacb3353d7bc80cf3e7a,7,5,6.67
eacb3353d7bc80cf3e7a,8,6,8.0
eacb3353d7bc80cf3e7a,9,2,2.67
eacb3353d7bc80cf3e7a,10,9,12.0
eacb3353d7bc80cf3e7a,11,21,28.0
eacb3353d7bc80cf3e7a,12,12,16.0
eacb3353d7bc80cf3e7a,13,9,12.0
eacb3353d7bc80cf3e7a,14,2,2.67
eacb3353d7bc80cf3e7a,15,0,0.0
eacb3353d7bc80cf3e7a,16,0,0.0
eacb3353d7bc80cf3e7a,17,0,0.0
eacb3353d7bc80cf3e7a,18,0,0.0
eacb3353d7bc80cf3e7a,19,0,0.0
eacb3353d7bc80cf3e7a,20,0,0.0
eacb3353d7bc80cf3e7a,21,0,0.0
eacb3353d7bc80cf3e7a,22,0,0.0
eacb3353d7bc80cf3e7a,23,0,0.0
41126caf1874c098d357,0,0,0.0
41126caf1874c098d357,1,0,0.0
41126caf1874c098d357,2,1,0.9
41126caf1874c098d357,3,0,0.0
41126caf1874c098d357,4,0,0.0
41126caf1874c098d357,5,0,0.0
41126caf1874c098d357,6,0,0.0
41126caf1874c098d357,7,1,0.9
41126caf1874c098d357,8,0,0.0
41126caf1874c098d357,9,0,0.0
41126caf1874c098d357,10,9,8.11
41126caf1874c098d357,11,14,12.61
41126caf1874c098d357,12,29,26.13
41126caf1874c098d357,13,28,25.23
41126caf1874c098d357,14,29,26.13
41126caf1874c098d357,15,0,0.0
41126caf1874c098d357,16,0,0.0
41126caf1874c098d357,17,0,0.0
41126caf1874c098d357,18,0,0.0
41126caf1874c098d357,19,0,0.0
41126caf1874c098d357,20,0,0.0
41126caf1874c098d357,21,0,0.0
41126caf1874c098d357,22,0,0.0
41126caf1874c098d357,23,0,0.0
69ae85efb03510241445,0,1,0.95
69ae85efb03510241445,1,9,8.57
69ae85efb03510241445,2,10,9.52
69ae85efb03510241445,3,9,8.57
69ae85efb03510241445,4,17,16.19
69ae85efb03510241445,5,0,0.0
69ae85efb03510241445,6,0,0.0
69ae85efb03510241445,7,4,3.81
69ae85efb03510241445,8,0,0.0
69ae85efb03510241445,9,1,0.95
69ae85efb03510241445,10,1,0.95
69ae85efb03510241445,11,18,17.14
69ae85efb03510241445,12,21,20.0
69ae85efb03510241445,13,3,2.86
69ae85efb03510241445,14,5,4.76
69ae85efb03510241445,15,1,0.95
69ae85efb03510241445,16,0,0.0
69ae85efb03510241445,17,0,0.0
69ae85efb03510241445,18,0,0.0
69ae85efb03510241445,19,0,0.0
69ae85efb03510241445,20,0,0.0
69ae85efb03510241445,21,0,0.0
69ae85efb03510241445,22,1,0.95
69ae85efb03510241445,23,4,3.81
c5c5601b771f1b4491fa,0,0,0.0
c5c5601b771f1b4491fa,1,0,0.0
c5c5601b771f1b4491fa,2,0,0.0
c5c5601b771f1b4491fa,3,0,0.0
c5c5601b771f1b4491fa,4,0,0.0
c5c5601b771f1b4491fa,5,0,0.0
c5c5601b771f1b4491fa,6,1,1.11
c5c5601b771f1b4491fa,7,0,0.0
c5c5601b771f1b4491fa,8,0,0.0
c5c5601b771f1b4491fa,9,1,1.11
c5c5601b771f1b4491fa,10,21,23.33
c5c5601b771f1b4491fa,11,45,50.0
c5c5601b771f1b4491fa,12,18,20.0
c5c5601b771f1b4491fa,13,0,0.0
c5c5601b771f1b4491fa,14,1,1.11
c5c5601b771f1b4491fa,15,3,3.33
c5c5601b771f1b4491fa,16,0,0.0
c5c5601b771f1b4491fa,17,0,0.0
c5c5601b771f1b4491fa,18,0,0.0
c5c5601b771f1b4491fa,19,0,0.0
c5c5601b771f1b4491fa,20,0,0.0
c5c5601b771f1b4491fa,21,0,0.0
c5c5601b771f1b4491fa,22,0,0.0
c5c5601b771f1b4491fa,23,0,0.0
c4ffbc0ba8c38e725fc8,0,6,9.52
c4ffbc0ba8c38e725fc8,1,2,3.17
c4ffbc0ba8c38e725fc8,2,1,1.59
c4ffbc0ba8c38e725fc8,3,2,3.17
c4ffbc0ba8c38e725fc8,4,1,1.59
c4ffbc0ba8c38e725fc8,5,0,0.0
c4ffbc0ba8c38e725fc8,6,1,1.59
c4ffbc0ba8c38e725fc8,7,3,4.76
c4ffbc0ba8c38e725fc8,8,4,6.35
c4ffbc0ba8c38e725fc8,9,2,3.17
c4ffbc0ba8c38e725fc8,10,5,7.94
c4ffbc0ba8c38e725fc8,11,10,15.87
c4ffbc0ba8c38e725fc8,12,6,9.52
c4ffbc0ba8c38e725fc8,13,0,0.0
c4ffbc0ba8c38e725fc8,14,10,15.87
c4ffbc0ba8c38e725fc8,15,6,9.52
c4ffbc0ba8c38e725fc8,16,0,0.0
c4ffbc0ba8c38e725fc8,17,0,0.0
c4ffbc0ba8c38e725fc8,18,0,0.0
c4ffbc0ba8c38e725fc8,19,0,0.0
c4ffbc0ba8c38e725fc8,20,0,0.0
c4ffbc0ba8c38e725fc8,21,0,0.0
c4ffbc0ba8c38e725fc8,22,0,0.0
c4ffbc0ba8c38e725fc8,23,4,6.35
55a47a152d359522e38d,0,1,0.74
55a47a152d359522e38d,1,8,5.93
55a47a152d359522e38d,2,0,0.0
55a47a152d359522e38d,3,1,0.74
55a47a152d359522e38d,4,7,5.19
55a47a152d359522e38d,5,3,2.22
55a47a152d359522e38d,6,9,6.67
55a47a152d359522e38d,7,7,5.19
55a47a152d359522e38d,8,1,0.74
55a47a152d359522e38d,9,0,0.0
55a47a152d359522e38d,10,5,3.7
55a47a152d359522e38d,11,18,13.33
55a47a152d359522e38d,12,32,23.7
55a47a152d359522e38d,13,11,8.15
55a47a152d359522e38d,14,15,11.11
55a47a152d359522e38d,15,12,8.89
55a47a152d359522e38d,16,5,3.7
55a47a152d359522e38d,17,0,0.0
55a47a152d359522e38d,18,0,0.0
55a47a152d359522e38d,19,0,0.0
55a47a152d359522e38d,20,0,0.0
55a47a152d359522e38d,21,0,0.0
55a47a152d359522e38d,22,0,0.0
55a47a152d359522e38d,23,0,0.0
7ffc1d4e5026fc5195ea,0,2,2.56
7ffc1d4e5026fc5195ea,1,2,2.56
7ffc1d4e5026fc5195ea,2,2,2.56
7ffc1d4e5026fc5195ea,3,5,6.41
7ffc1d4e5026fc5195ea,4,8,10.26
7ffc1d4e5026fc5195ea,5,0,0.0
7ffc1d4e5026fc5195ea,6,0,0.0
7ffc1d4e5026fc5195ea,7,0,0.0
7ffc1d4e5026fc5195ea,8,1,1.28
7ffc1d4e5026fc5195ea,9,1,1.28
7ffc1d4e5026fc5195ea,10,4,5.13
7ffc1d4e5026fc5195ea,11,10,12.82
7ffc1d4e5026fc5195ea,12,20,25.64
7ffc1d4e5026fc5195ea,13,5,6.41
7ffc1d4e5026fc5195ea,14,10,12.82
7ffc1d4e5026fc5195ea,15,6,7.69
7ffc1d4e5026fc5195ea,16,0,0.0
7ffc1d4e5026fc5195ea,17,0,0.0
7ffc1d4e5026fc5195ea,18,0,0.0
7ffc1d4e5026fc5195ea,19,0,0.0
7ffc1d4e5026fc5195ea,20,0,0.0
7ffc1d4e5026fc5195ea,21,0,0.0
7ffc1d4e5026fc5195ea,22,0,0.0
7ffc1d4e5026fc5195ea,23,2,2.56
a05da04117e032cb4977,0,7,6.73
a05da04117e032cb4977,1,0,0.0
a05da04117e032cb4977,2,7,6.73
a05da04117e032cb4977,3,5,4.81
a05da04117e032cb4977,4,6,5.77
a05da04117e032cb4977,5,5,4.81
a05da04117e032cb4977,6,5,4.81
a05da04117e032cb4977,7,0,0.0
a05da04117e032cb4977,8,5,4.81
a05da04117e032cb4977,9,1,0.96
a05da04117e032cb4977,10,3,2.88
a05da04117e032cb4977,11,8,7.69
a05da04117e032cb4977,12,7,6.73
a05da04117e032cb4977,13,11,10.58
a05da04117e032cb4977,14,18,17.31
a05da04117e032cb4977,15,10,9.62
a05da04117e032cb4977,16,5,4.81
a05da04117e032cb4977,17,0,0.0
a05da04117e032cb4977,18,0,0.0
a05da04117e032cb4977,19,0,0.0
a05da04117e032cb4977,20,0,0.0
a05da04117e032cb4977,21,0,0.0
a05da04117e032cb4977,22,0,0.0
a05da04117e032cb4977,23,1,0.96
9be4ba08415daa1ee6fe,0,15,18.75
9be4ba08415daa1ee6fe,1,11,13.75
9be4ba08415daa1ee6fe,2,0,0.0
9be4ba08415daa1ee6fe,3,0,0.0
9be4ba08415daa1ee6fe,4,11,13.75
9be4ba08415daa1ee6fe,5,0,0.0
9be4ba08415daa1ee6fe,6,6,7.5
9be4ba08415daa1ee6fe,7,1,1.25
9be4ba08415daa1ee6fe,8,0,0.0
9be4ba08415daa1ee6fe,9,0,0.0
9be4ba08415daa1ee6fe,10,0,0.0
9be4ba08415daa1ee6fe,11,0,0.0
9be4ba08415daa1ee6fe,12,0,0.0
9be4ba08415daa1ee6fe,13,8,10.0
9be4ba08415daa1ee6fe,14,28,35.0
9be4ba08415daa1ee6fe,15,0,0.0
9be4ba08415daa1ee6fe,16,0,0.0
9be4ba08415daa1ee6fe,17,0,0.0
9be4ba08415daa1ee6fe,18,0,0.0
9be4ba08415daa1ee6fe,19,0,0.0
9be4ba08415daa1ee6fe,20,0,0.0
9be4ba08415daa1ee6fe,21,0,0.0
9be4ba08415daa1ee6fe,22,0,0.0
9be4ba08415daa1ee6fe,23,0,0.0
o6kw9thwvq6csdr9taal,0,4,3.48
o6kw9thwvq6csdr9taal,1,1,0.87
o6kw9thwvq6csdr9taal,2,7,6.09
o6kw9thwvq6csdr9taal,3,6,5.22
o6kw9thwvq6csdr9taal,4,2,1.74
o6kw9thwvq6csdr9taal,5,3,2.61
o6kw9thwvq6csdr9taal,6,5,4.35
o6kw9thwvq6csdr9taal,7,3,2.61
o6kw9thwvq6csdr9taal,8,8,6.96
o6kw9thwvq6csdr9taal,9,1,0.87
o6kw9thwvq6csdr9taal,10,4,3.48
o6kw9thwvq6csdr9taal,11,14,12.17
o6kw9thwvq6csdr9taal,12,11,9.57
o6kw9thwvq6csdr9taal,13,14,12.17
o6kw9thwvq6csdr9taal,14,19,16.52
o6kw9thwvq6csdr9taal,15,7,6.09
o6kw9thwvq6csdr9taal,16,1,0.87
o6kw9thwvq6csdr9taal,17,2,1.74
o6kw9thwvq6csdr9taal,18,0,0.0
o6kw9thwvq6csdr9taal,19,0,0.0
o6kw9thwvq6csdr9taal,20,0,0.0
o6kw9thwvq6csdr9taal,21,0,0.0
o6kw9thwvq6csdr9taal,22,0,0.0
o6kw9thwvq6csdr9taal,23,3,2.61
owzdfs89mm4ci0382a3b,0,3,3.06
owzdfs89mm4ci0382a3b,1,5,5.1
owzdfs89mm4ci0382a3b,2,3,3.06
owzdfs89mm4ci0382a3b,3,2,2.04
owzdfs89mm4ci0382a3b,4,6,6.12
owzdfs89mm4ci0382a3b,5,4,4.08
owzdfs89mm4ci0382a3b,6,4,4.08
owzdfs89mm4ci0382a3b,7,0,0.0
owzdfs89mm4ci0382a3b,8,1,1.02
owzdfs89mm4ci0382a3b,9,4,4.08
owzdfs89mm4ci0382a3b,10,4,4.08
owzdfs89mm4ci0382a3b,11,9,9.18
owzdfs89mm4ci0382a3b,12,8,8.16
owzdfs89mm4ci0382a3b,13,14,14.29
owzdfs89mm4ci0382a3b,14,17,17.35
owzdfs89mm4ci0382a3b,15,12,12.24
owzdfs89mm4ci0382a3b,16,1,1.02
owzdfs89mm4ci0382a3b,17,0,0.0
owzdfs89mm4ci0382a3b,18,0,0.0
owzdfs89mm4ci0382a3b,19,0,0.0
owzdfs89mm4ci0382a3b,20,0,0.0
owzdfs89mm4ci0382a3b,21,0,0.0
owzdfs89mm4ci0382a3b,22,0,0.0
owzdfs89mm4ci0382a3b,23,1,1.02
7n0vh1m7hm3g0v8ggv7v,0,0,0.0
7n0vh1m7hm3g0v8ggv7v,1,5,4.63
7n0vh1m7hm3g0v8ggv7v,2,3,2.78
7n0vh1m7hm3g0v8ggv7v,3,6,5.56
7n0vh1m7hm3g0v8ggv7v,4,5,4.63
7n0vh1m7hm3g0v8ggv7v,5,2,1.85
7n0vh1m7hm3g0v8ggv7v,6,2,1.85
7n0vh1m7hm3g0v8ggv7v,7,2,1.85
7n0vh1m7hm3g0v8ggv7v,8,8,7.41
7n0vh1m7hm3g0v8ggv7v,9,3,2.78
7n0vh1m7hm3g0v8ggv7v,10,6,5.56
7n0vh1m7hm3g0v8ggv7v,11,10,9.26
7n0vh1m7hm3g0v8ggv7v,12,6,5.56
7n0vh1m7hm3g0v8ggv7v,13,14,12.96
7n0vh1m7hm3g0v8ggv7v,14,16,14.81
7n0vh1m7hm3g0v8ggv7v,15,14,12.96
7n0vh1m7hm3g0v8ggv7v,16,4,3.7
7n0vh1m7hm3g0v8ggv7v,17,1,0.93
7n0vh1m7hm3g0v8ggv7v,18,0,0.0
7n0vh1m7hm3g0v8ggv7v,19,0,0.0
7n0vh1m7hm3g0v8ggv7v,20,0,0.0
7n0vh1m7hm3g0v8ggv7v,21,0,0.0
7n0vh1m7hm3g0v8ggv7v,22,0,0.0
7n0vh1m7hm3g0v8ggv7v,23,1,0.93
32n93dfesjggabieb85t,0,1,0.85
32n93dfesjggabieb85t,1,4,3.39
32n93dfesjggabieb85t,2,5,4.24
32n93dfesjggabieb85t,3,4,3.39
32n93dfesjggabieb85t,4,11,9.32
32n93dfesjggabieb85t,5,3,2.54
32n93dfesjggabieb85t,6,2,1.69
32n93dfesjggabieb85t,7,8,6.78
32n93dfesjggabieb85t,8,5,4.24
32n93dfesjggabieb85t,9,3,2.54
32n93dfesjggabieb85t,10,5,4.24
32n93dfesjggabieb85t,11,13,11.02
32n93dfesjggabieb85t,12,10,8.47
32n93dfesjggabieb85t,13,13,11.02
32n93dfesjggabieb85t,14,18,15.25
32n93dfesjggabieb85t,15,8,6.78
32n93dfesjggabieb85t,16,3,2.54
32n93dfesjggabieb85t,17,1,0.85
32n93dfesjggabieb85t,18,0,0.0
32n93dfesjggabieb85t,19,0,0.0
32n93dfesjggabieb85t,20,0,0.0
32n93dfesjggabieb85t,21,0,0.0
32n93dfesjggabieb85t,22,0,0.0
32n93dfesjggabieb85t,23,1,0.85
k6jujv82n727fuwbxa6f,0,5,4.35
k6jujv82n727fuwbxa6f,1,7,6.09
k6jujv82n727fuwbxa6f,2,5,4.35
k6jujv82n727fuwbxa6f,3,6,5.22
k6jujv82n727fuwbxa6f,4,3,2.61
k6jujv82n727fuwbxa6f,5,2,1.74
k6jujv82n727fuwbxa6f,6,4,3.48
k6jujv82n727fuwbxa6f,7,2,1.74
k6jujv82n727fuwbxa6f,8,5,4.35
k6jujv82n727fuwbxa6f,9,2,1.74
k6jujv82n727fuwbxa6f,10,7,6.09
k6jujv82n727fuwbxa6f,11,19,16.52
k6jujv82n727fuwbxa6f,12,11,9.57
k6jujv82n727fuwbxa6f,13,9,7.83
k6jujv82n727fuwbxa6f,14,16,13.91
k6jujv82n727fuwbxa6f,15,11,9.57
k6jujv82n727fuwbxa6f,16,0,0.0
k6jujv82n727fuwbxa6f,17,1,0.87
k6jujv82n727fuwbxa6f,18,0,0.0
k6jujv82n727fuwbxa6f,19,0,0.0
k6jujv82n727fuwbxa6f,20,0,0.0
k6jujv82n727fuwbxa6f,21,0,0.0
k6jujv82n727fuwbxa6f,22,0,0.0
k6jujv82n727fuwbxa6f,23,0,0.0
di7sclw5samggg4sxipv,0,5,4.46
di7sclw5samggg4sxipv,1,6,5.36
di7sclw5samggg4sxipv,2,2,1.79
di7sclw5samggg4sxipv,3,2,1.79
di7sclw5samggg4sxipv,4,9,8.04
di7sclw5samggg4sxipv,5,2,1.79
di7sclw5samggg4sxipv,6,3,2.68
di7sclw5samggg4sxipv,7,6,5.36
di7sclw5samggg4sxipv,8,3,2.68
di7sclw5samggg4sxipv,9,2,1.79
di7sclw5samggg4sxipv,10,5,4.46
di7sclw5samggg4sxipv,11,9,8.04
di7sclw5samggg4sxipv,12,11,9.82
di7sclw5samggg4sxipv,13,15,13.39
di7sclw5samggg4sxipv,14,18,16.07
di7sclw5samggg4sxipv,15,12,10.71
di7sclw5samggg4sxipv,16,2,1.79
di7sclw5samggg4sxipv,17,0,0.0
di7sclw5samggg4sxipv,18,0,0.0
di7sclw5samggg4sxipv,19,0,0.0
di7sclw5samggg4sxipv,20,0,0.0
di7sclw5samggg4sxipv,21,0,0.0
di7sclw5samggg4sxipv,22,0,0.0
di7sclw5samggg4sxipv,23,0,0.0
m380dsj058viwn3ly6j1,0,2,2.15
m380dsj058viwn3ly6j1,1,6,6.45
m380dsj058viwn3ly6j1,2,4,4.3
m380dsj058viwn3ly6j1,3,4,4.3
m380dsj058viwn3ly6j1,4,5,5.38
m380dsj058viwn3ly6j1,5,3,3.23
m380dsj058viwn3ly6j1,6,2,2.15
m380dsj058viwn3ly6j1,7,5,5.38
m380dsj058viwn3ly6j1,8,0,0.0
m380dsj058viwn3ly6j1,9,1,1.08
m380dsj058viwn3ly6j1,10,1,1.08
m380dsj058viwn3ly6j1,11,15,16.13
m380dsj058viwn3ly6j1,12,8,8.6
m380dsj058viwn3ly6j1,13,11,11.83
m380dsj058viwn3ly6j1,14,9,9.68
m380dsj058viwn3ly6j1,15,15,16.13
m380dsj058viwn3ly6j1,16,1,1.08
m380dsj058viwn3ly6j1,17,0,0.0
m380dsj058viwn3ly6j1,18,0,0.0
m380dsj058viwn3ly6j1,19,0,0.0
m380dsj058viwn3ly6j1,20,0,0.0
m380dsj058viwn3ly6j1,21,0,0.0
m380dsj058viwn3ly6j1,22,0,0.0
m380dsj058viwn3ly6j1,23,1,1.08
tndsnutlm99ld8f4uya0,0,2,2.22
tndsnutlm99ld8f4uya0,1,1,1.11
tndsnutlm99ld8f4uya0,2,2,2.22
tndsnutlm99ld8f4uya0,3,2,2.22
tndsnutlm99ld8f4uya0,4,6,6.67
tndsnutlm99ld8f4uya0,5,2,2.22
tndsnutlm99ld8f4uya0,6,1,1.11
tndsnutlm99ld8f4uya0,7,5,5.56
tndsnutlm99ld8f4uya0,8,4,4.44
tndsnutlm99ld8f4uya0,9,1,1.11
tndsnutlm99ld8f4uya0,10,6,6.67
tndsnutlm99ld8f4uya0,11,9,10.0
tndsnutlm99ld8f4uya0,12,10,11.11
tndsnutlm99ld8f4uya0,13,4,4.44
tndsnutlm99ld8f4uya0,14,21,23.33
tndsnutlm99ld8f4uya0,15,10,11.11
tndsnutlm99ld8f4uya0,16,2,2.22
tndsnutlm99ld8f4uya0,17,0,0.0
tndsnutlm99ld8f4uya0,18,0,0.0
tndsnutlm99ld8f4uya0,19,1,1.11
tndsnutlm99ld8f4uya0,20,0,0.0
tndsnutlm99ld8f4uya0,21,0,0.0
tndsnutlm99ld8f4uya0,22,0,0.0
tndsnutlm99ld8f4uya0,23,1,1.11
twa56vh9h75mwaqdma1y,0,4,3.88
twa56vh9h75mwaqdma1y,1,3,2.91
twa56vh9h75mwaqdma1y,2,4,3.88
twa56vh9h75mwaqdma1y,3,1,0.97
twa56vh9h75mwaqdma1y,4,2,1.94
twa56vh9h75mwaqdma1y,5,7,6.8
twa56vh9h75mwaqdma1y,6,3,2.91
twa56vh9h75mwaqdma1y,7,5,4.85
twa56vh9h75mwaqdma1y,8,3,2.91
twa56vh9h75mwaqdma1y,9,0,0.0
twa56vh9h75mwaqdma1y,10,5,4.85
twa56vh9h75mwaqdma1y,11,12,11.65
twa56vh9h75mwaqdma1y,12,17,16.5
twa56vh9h75mwaqdma1y,13,9,8.74
twa56vh9h75mwaqdma1y,14,20,19.42
twa56vh9h75mwaqdma1y,15,6,5.83
twa56vh9h75mwaqdma1y,16,1,0.97
twa56vh9h75mwaqdma1y,17,0,0.0
twa56vh9h75mwaqdma1y,18,0,0.0
twa56vh9h75mwaqdma1y,19,0,0.0
twa56vh9h75mwaqdma1y,20,0,0.0
twa56vh9h75mwaqdma1y,21,0,0.0
twa56vh9h75mwaqdma1y,22,0,0.0
twa56vh9h75mwaqdma1y,23,1,0.97
l1rn095adguamaugi4ux,0,4,3.48
l1rn095adguamaugi4ux,1,3,2.61
l1rn095adguamaugi4ux,2,2,1.74
l1rn095adguamaugi4ux,3,3,2.61
l1rn095adguamaugi4ux,4,8,6.96
l1rn095adguamaugi4ux,5,5,4.35
l1rn095adguamaugi4ux,6,5,4.35
l1rn095adguamaugi4ux,7,1,0.87
l1rn095adguamaugi4ux,8,4,3.48
l1rn095adguamaugi4ux,9,1,0.87
l1rn095adguamaugi4ux,10,4,3.48
l1rn095adguamaugi4ux,11,11,9.57
l1rn095adguamaugi4ux,12,14,12.17
l1rn095adguamaugi4ux,13,15,13.04
l1rn095adguamaugi4ux,14,22,19.13
l1rn095adguamaugi4ux,15,13,11.3
l1rn095adguamaugi4ux,16,0,0.0
l1rn095adguamaugi4ux,17,0,0.0
l1rn095adguamaugi4ux,18,0,0.0
l1rn095adguamaugi4ux,19,0,0.0
l1rn095adguamaugi4ux,20,0,0.0
l1rn095adguamaugi4ux,21,0,0.0
l1rn095adguamaugi4ux,22,0,0.0
l1rn095adguamaugi4ux,23,0,0.0
qkc2f9omqulfmn3j0m9p,0,3,2.91
qkc2f9omqulfmn3j0m9p,1,4,3.88
qkc2f9omqulfmn3j0m9p,2,4,3.88
qkc2f9omqulfmn3j0m9p,3,2,1.94
qkc2f9omqulfmn3j0m9p,4,7,6.8
qkc2f9omqulfmn3j0m9p,5,1,0.97
qkc2f9omqulfmn3j0m9p,6,4,3.88
qkc2f9omqulfmn3j0m9p,7,3,2.91
qkc2f9omqulfmn3j0m9p,8,2,1.94
qkc2f9omqulfmn3j0m9p,9,3,2.91
qkc2f9omqulfmn3j0m9p,10,6,5.83
qkc2f9omqulfmn3j0m9p,11,16,15.53
qkc2f9omqulfmn3j0m9p,12,8,7.77
qkc2f9omqulfmn3j0m9p,13,6,5.83
qkc2f9omqulfmn3j0m9p,14,16,15.53
qkc2f9omqulfmn3j0m9p,15,15,14.56
qkc2f9omqulfmn3j0m9p,16,2,1.94
qkc2f9omqulfmn3j0m9p,17,0,0.0
qkc2f9omqulfmn3j0m9p,18,0,0.0
qkc2f9omqulfmn3j0m9p,19,0,0.0
qkc2f9omqulfmn3j0m9p,20,0,0.0
qkc2f9omqulfmn3j0m9p,21,0,0.0
qkc2f9omqulfmn3j0m9p,22,0,0.0
qkc2f9omqulfmn3j0m9p,23,1,0.97
k7fa3kdg6dq9avbiqv1f,0,2,1.82
k7fa3kdg6dq9avbiqv1f,1,6,5.45
k7fa3kdg6dq9avbiqv1f,2,3,2.73
k7fa3kdg6dq9avbiqv1f,3,3,2.73
k7fa3kdg6dq9avbiqv1f,4,5,4.55
k7fa3kdg6dq9avbiqv1f,5,3,2.73
k7fa3kdg6dq9avbiqv1f,6,3,2.73
k7fa3kdg6dq9avbiqv1f,7,9,8.18
k7fa3kdg6dq9avbiqv1f,8,2,1.82
k7fa3kdg6dq9avbiqv1f,9,1,0.91
k7fa3kdg6dq9avbiqv1f,10,11,10.0
k7fa3kdg6dq9avbiqv1f,11,9,8.18
k7fa3kdg6dq9avbiqv1f,12,14,12.73
k7fa3kdg6dq9avbiqv1f,13,7,6.36
k7fa3kdg6dq9avbiqv1f,14,20,18.18
k7fa3kdg6dq9avbiqv1f,15,11,10.0
k7fa3kdg6dq9avbiqv1f,16,0,0.0
k7fa3kdg6dq9avbiqv1f,17,0,0.0
k7fa3kdg6dq9avbiqv1f,18,0,0.0
k7fa3kdg6dq9avbiqv1f,19,0,0.0
k7fa3kdg6dq9avbiqv1f,20,0,0.0
k7fa3kdg6dq9avbiqv1f,21,0,0.0
k7fa3kdg6dq9avbiqv1f,22,0,0.0
k7fa3kdg6dq9avbiqv1f,23,1,0.91
wi36b9plgjc82atx6z7h,0,3,3.12
wi36b9plgjc82atx6z7h,1,4,4.17
wi36b9plgjc82atx6z7h,2,6,6.25
wi36b9plgjc82atx6z7h,3,1,1.04
wi36b9plgjc82atx6z7h,4,6,6.25
wi36b9plgjc82atx6z7h,5,2,2.08
wi36b9plgjc82atx6z7h,6,5,5.21
wi36b9plgjc82atx6z7h,7,4,4.17
wi36b9plgjc82atx6z7h,8,0,0.0
wi36b9plgjc82atx6z7h,9,3,3.12
wi36b9plgjc82atx6z7h,10,3,3.12
wi36b9plgjc82atx6z7h,11,13,13.54
wi36b9plgjc82atx6z7h,12,9,9.38
wi36b9plgjc82atx6z7h,13,8,8.33
wi36b9plgjc82atx6z7h,14,14,14.58
wi36b9plgjc82atx6z7h,15,14,14.58
wi36b9plgjc82atx6z7h,16,1,1.04
wi36b9plgjc82atx6z7h,17,0,0.0
wi36b9plgjc82atx6z7h,18,0,0.0
wi36b9plgjc82atx6z7h,19,0,0.0
wi36b9plgjc82atx6z7h,20,0,0.0
wi36b9plgjc82atx6z7h,21,0,0.0
wi36b9plgjc82atx6z7h,22,0,0.0
wi36b9plgjc82atx6z7h,23,0,0.0
aai4o855shne2taonl8m,0,6,5.41
aai4o855shne2taonl8m,1,4,3.6
aai4o855shne2taonl8m,2,7,6.31
aai4o855shne2taonl8m,3,1,0.9
aai4o855shne2taonl8m,4,7,6.31
aai4o855shne2taonl8m,5,5,4.5
aai4o855shne2taonl8m,6,7,6.31
aai4o855shne2taonl8m,7,1,0.9
aai4o855shne2taonl8m,8,3,2.7
aai4o855shne2taonl8m,9,2,1.8
aai4o855shne2taonl8m,10,3,2.7
aai4o855shne2taonl8m,11,11,9.91
aai4o855shne2taonl8m,12,13,11.71
aai4o855shne2taonl8m,13,12,10.81
aai4o855shne2taonl8m,14,18,16.22
aai4o855shne2taonl8m,15,8,7.21
aai4o855shne2taonl8m,16,1,0.9
aai4o855shne2taonl8m,17,1,0.9
aai4o855shne2taonl8m,18,0,0.0
aai4o855shne2taonl8m,19,0,0.0
aai4o855shne2taonl8m,20,0,0.0
aai4o855shne2taonl8m,21,0,0.0
aai4o855shne2taonl8m,22,0,0.0
aai4o855shne2taonl8m,23,1,0.9
pxnnkthuxasggux3hyae,0,5,4.76
pxnnkthuxasggux3hyae,1,5,4.76
pxnnkthuxasggux3hyae,2,3,2.86
pxnnkthuxasggux3hyae,3,5,4.76
pxnnkthuxasggux3hyae,4,6,5.71
pxnnkthuxasggux3hyae,5,3,2.86
pxnnkthuxasggux3hyae,6,3,2.86
pxnnkthuxasggux3hyae,7,3,2.86
pxnnkthuxasggux3hyae,8,2,1.9
pxnnkthuxasggux3hyae,9,3,2.86
pxnnkthuxasggux3hyae,10,4,3.81
pxnnkthuxasggux3hyae,11,10,9.52
pxnnkthuxasggux3hyae,12,10,9.52
pxnnkthuxasggux3hyae,13,11,10.48
pxnnkthuxasggux3hyae,14,18,17.14
pxnnkthuxasggux3hyae,15,14,13.33
pxnnkthuxasggux3hyae,16,0,0.0
pxnnkthuxasggux3hyae,17,0,0.0
pxnnkthuxasggux3hyae,18,0,0.0
pxnnkthuxasggux3hyae,19,0,0.0
pxnnkthuxasggux3hyae,20,0,0.0
pxnnkthuxasggux3hyae,21,0,0.0
pxnnkthuxasggux3hyae,22,0,0.0
pxnnkthuxasggux3hyae,23,0,0.0
nq4jln5s1zqjk7nwbbeo,0,1,1.22
nq4jln5s1zqjk7nwbbeo,1,3,3.66
nq4jln5s1zqjk7nwbbeo,2,2,2.44
nq4jln5s1zqjk7nwbbeo,3,4,4.88
nq4jln5s1zqjk7nwbbeo,4,11,13.41
nq4jln5s1zqjk7nwbbeo,5,1,1.22
nq4jln5s1zqjk7nwbbeo,6,2,2.44
nq4jln5s1zqjk7nwbbeo,7,4,4.88
nq4jln5s1zqjk7nwbbeo,8,1,1.22
nq4jln5s1zqjk7nwbbeo,9,2,2.44
nq4jln5s1zqjk7nwbbeo,10,7,8.54
nq4jln5s1zqjk7nwbbeo,11,9,10.98
nq4jln5s1zqjk7nwbbeo,12,10,12.2
nq4jln5s1zqjk7nwbbeo,13,8,9.76
nq4jln5s1zqjk7nwbbeo,14,9,10.98
nq4jln5s1zqjk7nwbbeo,15,5,6.1
nq4jln5s1zqjk7nwbbeo,16,2,2.44
nq4jln5s1zqjk7nwbbeo,17,0,0.0
nq4jln5s1zqjk7nwbbeo,18,0,0.0
nq4jln5s1zqjk7nwbbeo,19,0,0.0
nq4jln5s1zqjk7nwbbeo,20,0,0.0
nq4jln5s1zqjk7nwbbeo,21,0,0.0
nq4jln5s1zqjk7nwbbeo,22,0,0.0
nq4jln5s1zqjk7nwbbeo,23,1,1.22
p8bk6cdfntr0humt6q45,0,3,3.06
p8bk6cdfntr0humt6q45,1,4,4.08
p8bk6cdfntr0humt6q45,2,8,8.16
p8bk6cdfntr0humt6q45,3,3,3.06
p8bk6cdfntr0humt6q45,4,7,7.14
p8bk6cdfntr0humt6q45,5,2,2.04
p8bk6cdfntr0humt6q45,6,4,4.08
p8bk6cdfntr0humt6q45,7,3,3.06
p8bk6cdfntr0humt6q45,8,3,3.06
p8bk6cdfntr0humt6q45,9,3,3.06
p8bk6cdfntr0humt6q45,10,2,2.04
p8bk6cdfntr0humt6q45,11,8,8.16
p8bk6cdfntr0humt6q45,12,16,16.33
p8bk6cdfntr0humt6q45,13,12,12.24
p8bk6cdfntr0humt6q45,14,14,14.29
p8bk6cdfntr0humt6q45,15,5,5.1
p8bk6cdfntr0humt6q45,16,1,1.02
p8bk6cdfntr0humt6q45,17,0,0.0
p8bk6cdfntr0humt6q45,18,0,0.0
p8bk6cdfntr0humt6q45,19,0,0.0
p8bk6cdfntr0humt6q45,20,0,0.0
p8bk6cdfntr0humt6q45,21,0,0.0
p8bk6cdfntr0humt6q45,22,0,0.0
p8bk6cdfntr0humt6q45,23,0,0.0
4nun1ah7qw10q705a2aq,0,1,0.97
4nun1ah7qw10q705a2aq,1,4,3.88
4nun1ah7qw10q705a2aq,2,4,3.88
4nun1ah7qw10q705a2aq,3,4,3.88
4nun1ah7qw10q705a2aq,4,10,9.71
4nun1ah7qw10q705a2aq,5,6,5.83
4nun1ah7qw10q705a2aq,6,4,3.88
4nun1ah7qw10q705a2aq,7,1,0.97
4nun1ah7qw10q705a2aq,8,4,3.88
4nun1ah7qw10q705a2aq,9,4,3.88
4nun1ah7qw10q705a2aq,10,7,6.8
4nun1ah7qw10q705a2aq,11,16,15.53
4nun1ah7qw10q705a2aq,12,3,2.91
4nun1ah7qw10q705a2aq,13,16,15.53
4nun1ah7qw10q705a2aq,14,11,10.68
4nun1ah7qw10q705a2aq,15,8,7.77
4nun1ah7qw10q705a2aq,16,0,0.0
4nun1ah7qw10q705a2aq,17,0,0.0
4nun1ah7qw10q705a2aq,18,0,0.0
4nun1ah7qw10q705a2aq,19,0,0.0
4nun1ah7qw10q705a2aq,20,0,0.0
4nun1ah7qw10q705a2aq,21,0,0.0
4nun1ah7qw10q705a2aq,22,0,0.0
4nun1ah7qw10q705a2aq,23,0,0.0
9npnusbksscam12fc4ut,0,3,2.94
9npnusbksscam12fc4ut,1,4,3.92
9npnusbksscam12fc4ut,2,8,7.84
9npnusbksscam12fc4ut,3,6,5.88
9npnusbksscam12fc4ut,4,7,6.86
9npnusbksscam12fc4ut,5,2,1.96
9npnusbksscam12fc4ut,6,2,1.96
9npnusbksscam12fc4ut,7,1,0.98
9npnusbksscam12fc4ut,8,2,1.96
9npnusbksscam12fc4ut,9,1,0.98
9npnusbksscam12fc4ut,10,5,4.9
9npnusbksscam12fc4ut,11,11,10.78
9npnusbksscam12fc4ut,12,11,10.78
9npnusbksscam12fc4ut,13,7,6.86
9npnusbksscam12fc4ut,14,15,14.71
9npnusbksscam12fc4ut,15,12,11.76
9npnusbksscam12fc4ut,16,4,3.92
9npnusbksscam12fc4ut,17,0,0.0
9npnusbksscam12fc4ut,18,0,0.0
9npnusbksscam12fc4ut,19,0,0.0
9npnusbksscam12fc4ut,20,0,0.0
9npnusbksscam12fc4ut,21,0,0.0
9npnusbksscam12fc4ut,22,0,0.0
9npnusbksscam12fc4ut,23,1,0.98
hu267zw9zywa4ew3d5bw,0,3,2.38
hu267zw9zywa4ew3d5bw,1,8,6.35
hu267zw9zywa4ew3d5bw,2,5,3.97
hu267zw9zywa4ew3d5bw,3,6,4.76
hu267zw9zywa4ew3d5bw,4,11,8.73
hu267zw9zywa4ew3d5bw,5,2,1.59
hu267zw9zywa4ew3d5bw,6,4,3.17
hu267zw9zywa4ew3d5bw,7,3,2.38
hu267zw9zywa4ew3d5bw,8,3,2.38
hu267zw9zywa4ew3d5bw,9,1,0.79
hu267zw9zywa4ew3d5bw,10,10,7.94
hu267zw9zywa4ew3d5bw,11,7,5.56
hu267zw9zywa4ew3d5bw,12,10,7.94
hu267zw9zywa4ew3d5bw,13,20,15.87
hu267zw9zywa4ew3d5bw,14,20,15.87
hu267zw9zywa4ew3d5bw,15,12,9.52
hu267zw9zywa4ew3d5bw,16,0,0.0
hu267zw9zywa4ew3d5bw,17,0,0.0
hu267zw9zywa4ew3d5bw,18,0,0.0
hu267zw9zywa4ew3d5bw,19,0,0.0
hu267zw9zywa4ew3d5bw,20,0,0.0
hu267zw9zywa4ew3d5bw,21,0,0.0
hu267zw9zywa4ew3d5bw,22,0,0.0
hu267zw9zywa4ew3d5bw,23,1,0.79
zhx5rxgopln1p5hd10ql,0,3,2.78
zhx5rxgopln1p5hd10ql,1,5,4.63
zhx5rxgopln1p5hd10ql,2,3,2.78
zhx5rxgopln1p5hd10ql,3,5,4.63
zhx5rxgopln1p5hd10ql,4,6,5.56
zhx5rxgopln1p5hd10ql,5,2,1.85
zhx5rxgopln1p5hd10ql,6,2,1.85
zhx5rxgopln1p5hd10ql,7,5,4.63
zhx5rxgopln1p5hd10ql,8,2,1.85
zhx5rxgopln1p5hd10ql,9,1,0.93
zhx5rxgopln1p5hd10ql,10,7,6.48
zhx5rxgopln1p5hd10ql,11,24,22.22
zhx5rxgopln1p5hd10ql,12,9,8.33
zhx5rxgopln1p5hd10ql,13,9,8.33
zhx5rxgopln1p5hd10ql,14,12,11.11
zhx5rxgopln1p5hd10ql,15,8,7.41
zhx5rxgopln1p5hd10ql,16,1,0.93
zhx5rxgopln1p5hd10ql,17,0,0.0
zhx5rxgopln1p5hd10ql,18,0,0.0
zhx5rxgopln1p5hd10ql,19,1,0.93
zhx5rxgopln1p5hd10ql,20,0,0.0
zhx5rxgopln1p5hd10ql,21,0,0.0
zhx5rxgopln1p5hd10ql,22,0,0.0
zhx5rxgopln1p5hd10ql,23,3,2.78
pammg9gw4enjosw3z60e,0,4,3.88
pammg9gw4enjosw3z60e,1,3,2.91
pammg9gw4enjosw3z60e,2,9,8.74
pammg9gw4enjosw3z60e,3,6,5.83
pammg9gw4enjosw3z60e,4,6,5.83
pammg9gw4enjosw3z60e,5,2,1.94
pammg9gw4enjosw3z60e,6,3,2.91
pammg9gw4enjosw3z60e,7,2,1.94
pammg9gw4enjosw3z60e,8,5,4.85
pammg9gw4enjosw3z60e,9,1,0.97
pammg9gw4enjosw3z60e,10,7,6.8
pammg9gw4enjosw3z60e,11,11,10.68
pammg9gw4enjosw3z60e,12,7,6.8
pammg9gw4enjosw3z60e,13,5,4.85
pammg9gw4enjosw3z60e,14,17,16.5
pammg9gw4enjosw3z60e,15,13,12.62
pammg9gw4enjosw3z60e,16,0,0.0
pammg9gw4enjosw3z60e,17,0,0.0
pammg9gw4enjosw3z60e,18,0,0.0
pammg9gw4enjosw3z60e,19,0,0.0
pammg9gw4enjosw3z60e,20,0,0.0
pammg9gw4enjosw3z60e,21,0,0.0
pammg9gw4enjosw3z60e,22,0,0.0
pammg9gw4enjosw3z60e,23,2,1.94
r9m46ndmmmzeeehft96z,0,2,2.25
r9m46ndmmmzeeehft96z,1,4,4.49
r9m46ndmmmzeeehft96z,2,3,3.37
r9m46ndmmmzeeehft96z,3,5,5.62
r9m46ndmmmzeeehft96z,4,4,4.49
r9m46ndmmmzeeehft96z,5,2,2.25
r9m46ndmmmzeeehft96z,6,2,2.25
r9m46ndmmmzeeehft96z,7,6,6.74
r9m46ndmmmzeeehft96z,8,3,3.37
r9m46ndmmmzeeehft96z,9,3,3.37
r9m46ndmmmzeeehft96z,10,7,7.87
r9m46ndmmmzeeehft96z,11,6,6.74
r9m46ndmmmzeeehft96z,12,7,7.87
r9m46ndmmmzeeehft96z,13,10,11.24
r9m46ndmmmzeeehft96z,14,16,17.98
r9m46ndmmmzeeehft96z,15,6,6.74
r9m46ndmmmzeeehft96z,16,1,1.12
r9m46ndmmmzeeehft96z,17,1,1.12
r9m46ndmmmzeeehft96z,18,0,0.0
r9m46ndmmmzeeehft96z,19,0,0.0
r9m46ndmmmzeeehft96z,20,0,0.0
r9m46ndmmmzeeehft96z,21,0,0.0
r9m46ndmmmzeeehft96z,22,0,0.0
r9m46ndmmmzeeehft96z,23,1,1.12
i39gdpglcxstun30b4yw,0,4,3.96
i39gdpglcxstun30b4yw,1,4,3.96
i39gdpglcxstun30b4yw,2,6,5.94
i39gdpglcxstun30b4yw,3,7,6.93
i39gdpglcxstun30b4yw,4,8,7.92
i39gdpglcxstun30b4yw,5,2,1.98
i39gdpglcxstun30b4yw,6,4,3.96
i39gdpglcxstun30b4yw,7,0,0.0
i39gdpglcxstun30b4yw,8,1,0.99
i39gdpglcxstun30b4yw,9,5,4.95
i39gdpglcxstun30b4yw,10,5,4.95
i39gdpglcxstun30b4yw,11,9,8.91
i39gdpglcxstun30b4yw,12,11,10.89
i39gdpglcxstun30b4yw,13,12,11.88
i39gdpglcxstun30b4yw,14,12,11.88
i39gdpglcxstun30b4yw,15,10,9.9
i39gdpglcxstun30b4yw,16,0,0.0
i39gdpglcxstun30b4yw,17,0,0.0
i39gdpglcxstun30b4yw,18,0,0.0
i39gdpglcxstun30b4yw,19,0,0.0
i39gdpglcxstun30b4yw,20,0,0.0
i39gdpglcxstun30b4yw,21,0,0.0
i39gdpglcxstun30b4yw,22,0,0.0
i39gdpglcxstun30b4yw,23,1,0.99
whzjoeh34i7o86p37u99,0,4,3.67
whzjoeh34i7o86p37u99,1,0,0.0
whzjoeh34i7o86p37u99,2,5,4.59
whzjoeh34i7o86p37u99,3,3,2.75
whzjoeh34i7o86p37u99,4,13,11.93
whzjoeh34i7o86p37u99,5,4,3.67
whzjoeh34i7o86p37u99,6,3,2.75
whzjoeh34i7o86p37u99,7,4,3.67
whzjoeh34i7o86p37u99,8,3,2.75
whzjoeh34i7o86p37u99,9,0,0.0
whzjoeh34i7o86p37u99,10,4,3.67
whzjoeh34i7o86p37u99,11,13,11.93
whzjoeh34i7o86p37u99,12,12,11.01
whzjoeh34i7o86p37u99,13,14,12.84
whzjoeh34i7o86p37u99,14,13,11.93
whzjoeh34i7o86p37u99,15,9,8.26
whzjoeh34i7o86p37u99,16,2,1.83
whzjoeh34i7o86p37u99,17,1,0.92
whzjoeh34i7o86p37u99,18,0,0.0
whzjoeh34i7o86p37u99,19,0,0.0
whzjoeh34i7o86p37u99,20,0,0.0
whzjoeh34i7o86p37u99,21,0,0.0
whzjoeh34i7o86p37u99,22,0,0.0
whzjoeh34i7o86p37u99,23,2,1.83
3lbe8ny12qw7qwcyihpn,0,3,3.19
3lbe8ny12qw7qwcyihpn,1,1,1.06
3lbe8ny12qw7qwcyihpn,2,3,3.19
3lbe8ny12qw7qwcyihpn,3,3,3.19
3lbe8ny12qw7qwcyihpn,4,6,6.38
3lbe8ny12qw7qwcyihpn,5,3,3.19
3lbe8ny12qw7qwcyihpn,6,2,2.13
3lbe8ny12qw7qwcyihpn,7,6,6.38
3lbe8ny12qw7qwcyihpn,8,3,3.19
3lbe8ny12qw7qwcyihpn,9,2,2.13
3lbe8ny12qw7qwcyihpn,10,3,3.19
3lbe8ny12qw7qwcyihpn,11,9,9.57
3lbe8ny12qw7qwcyihpn,12,14,14.89
3lbe8ny12qw7qwcyihpn,13,6,6.38
3lbe8ny12qw7qwcyihpn,14,18,19.15
3lbe8ny12qw7qwcyihpn,15,10,10.64
3lbe8ny12qw7qwcyihpn,16,0,0.0
3lbe8ny12qw7qwcyihpn,17,0,0.0
3lbe8ny12qw7qwcyihpn,18,0,0.0
3lbe8ny12qw7qwcyihpn,19,0,0.0
3lbe8ny12qw7qwcyihpn,20,0,0.0
3lbe8ny12qw7qwcyihpn,21,0,0.0
3lbe8ny12qw7qwcyihpn,22,0,0.0
3lbe8ny12qw7qwcyihpn,23,2,2.13
exaiz0y0uvpeg498cg4j,0,3,2.97
exaiz0y0uvpeg498cg4j,1,4,3.96
exaiz0y0uvpeg498cg4j,2,2,1.98
exaiz0y0uvpeg498cg4j,3,5,4.95
exaiz0y0uvpeg498cg4j,4,7,6.93
exaiz0y0uvpeg498cg4j,5,1,0.99
exaiz0y0uvpeg498cg4j,6,4,3.96
exaiz0y0uvpeg498cg4j,7,6,5.94
exaiz0y0uvpeg498cg4j,8,4,3.96
exaiz0y0uvpeg498cg4j,9,1,0.99
exaiz0y0uvpeg498cg4j,10,6,5.94
exaiz0y0uvpeg498cg4j,11,8,7.92
exaiz0y0uvpeg498cg4j,12,13,12.87
exaiz0y0uvpeg498cg4j,13,11,10.89
exaiz0y0uvpeg498cg4j,14,9,8.91
exaiz0y0uvpeg498cg4j,15,13,12.87
exaiz0y0uvpeg498cg4j,16,3,2.97
exaiz0y0uvpeg498cg4j,17,0,0.0
exaiz0y0uvpeg498cg4j,18,0,0.0
exaiz0y0uvpeg498cg4j,19,0,0.0
exaiz0y0uvpeg498cg4j,20,0,0.0
exaiz0y0uvpeg498cg4j,21,0,0.0
exaiz0y0uvpeg498cg4j,22,0,0.0
exaiz0y0uvpeg498cg4j,23,1,0.99
d9qmlhyp13mf5nto4qih,0,2,1.75
d9qmlhyp13mf5nto4qih,1,7,6.14
d9qmlhyp13mf5nto4qih,2,5,4.39
d9qmlhyp13mf5nto4qih,3,6,5.26
d9qmlhyp13mf5nto4qih,4,8,7.02
d9qmlhyp13mf5nto4qih,5,3,2.63
d9qmlhyp13mf5nto4qih,6,2,1.75
d9qmlhyp13mf5nto4qih,7,5,4.39
d9qmlhyp13mf5nto4qih,8,3,2.63
d9qmlhyp13mf5nto4qih,9,2,1.75
d9qmlhyp13mf5nto4qih,10,4,3.51
d9qmlhyp13mf5nto4qih,11,11,9.65
d9qmlhyp13mf5nto4qih,12,14,12.28
d9qmlhyp13mf5nto4qih,13,10,8.77
d9qmlhyp13mf5nto4qih,14,17,14.91
d9qmlhyp13mf5nto4qih,15,9,7.89
d9qmlhyp13mf5nto4qih,16,2,1.75
d9qmlhyp13mf5nto4qih,17,1,0.88
d9qmlhyp13mf5nto4qih,18,0,0.0
d9qmlhyp13mf5nto4qih,19,0,0.0
d9qmlhyp13mf5nto4qih,20,0,0.0
d9qmlhyp13mf5nto4qih,21,0,0.0
d9qmlhyp13mf5nto4qih,22,0,0.0
d9qmlhyp13mf5nto4qih,23,3,2.63
b6nwoi7doh1m1yzbkxup,0,3,2.68
b6nwoi7doh1m1yzbkxup,1,1,0.89
b6nwoi7doh1m1yzbkxup,2,2,1.79
b6nwoi7doh1m1yzbkxup,3,8,7.14
b6nwoi7doh1m1yzbkxup,4,9,8.04
b6nwoi7doh1m1yzbkxup,5,2,1.79
b6nwoi7doh1m1yzbkxup,6,2,1.79
b6nwoi7doh1m1yzbkxup,7,4,3.57
b6nwoi7doh1m1yzbkxup,8,1,0.89
b6nwoi7doh1m1yzbkxup,9,4,3.57
b6nwoi7doh1m1yzbkxup,10,6,5.36
b6nwoi7doh1m1yzbkxup,11,16,14.29
b6nwoi7doh1m1yzbkxup,12,13,11.61
b6nwoi7doh1m1yzbkxup,13,6,5.36
b6nwoi7doh1m1yzbkxup,14,16,14.29
b6nwoi7doh1m1yzbkxup,15,14,12.5
b6nwoi7doh1m1yzbkxup,16,4,3.57
b6nwoi7doh1m1yzbkxup,17,0,0.0
b6nwoi7doh1m1yzbkxup,18,0,0.0
b6nwoi7doh1m1yzbkxup,19,0,0.0
b6nwoi7doh1m1yzbkxup,20,0,0.0
b6nwoi7doh1m1yzbkxup,21,0,0.0
b6nwoi7doh1m1yzbkxup,22,0,0.0
b6nwoi7doh1m1yzbkxup,23,1,0.89
d4xny47ows87zd7viwj5,0,2,1.69
d4xny47ows87zd7viwj5,1,3,2.54
d4xny47ows87zd7viwj5,2,3,2.54
d4xny47ows87zd7viwj5,3,3,2.54
d4xny47ows87zd7viwj5,4,13,11.02
d4xny47ows87zd7viwj5,5,0,0.0
d4xny47ows87zd7viwj5,6,2,1.69
d4xny47ows87zd7viwj5,7,5,4.24
d4xny47ows87zd7viwj5,8,11,9.32
d4xny47ows87zd7viwj5,9,3,2.54
d4xny47ows87zd7viwj5,10,7,5.93
d4xny47ows87zd7viwj5,11,12,10.17
d4xny47ows87zd7viwj5,12,18,15.25
d4xny47ows87zd7viwj5,13,9,7.63
d4xny47ows87zd7viwj5,14,15,12.71
d4xny47ows87zd7viwj5,15,11,9.32
d4xny47ows87zd7viwj5,16,1,0.85
d4xny47ows87zd7viwj5,17,0,0.0
d4xny47ows87zd7viwj5,18,0,0.0
d4xny47ows87zd7viwj5,19,0,0.0
d4xny47ows87zd7viwj5,20,0,0.0
d4xny47ows87zd7viwj5,21,0,0.0
d4xny47ows87zd7viwj5,22,0,0.0
d4xny47ows87zd7viwj5,23,0,0.0
zoo8a9uj8a0dplifqzdp,0,3,2.86
zoo8a9uj8a0dplifqzdp,1,3,2.86
zoo8a9uj8a0dplifqzdp,2,7,6.67
zoo8a9uj8a0dplifqzdp,3,5,4.76
zoo8a9uj8a0dplifqzdp,4,4,3.81
zoo8a9uj8a0dplifqzdp,5,4,3.81
zoo8a9uj8a0dplifqzdp,6,2,1.9
zoo8a9uj8a0dplifqzdp,7,2,1.9
zoo8a9uj8a0dplifqzdp,8,5,4.76
zoo8a9uj8a0dplifqzdp,9,0,0.0
zoo8a9uj8a0dplifqzdp,10,10,9.52
zoo8a9uj8a0dplifqzdp,11,9,8.57
zoo8a9uj8a0dplifqzdp,12,10,9.52
zoo8a9uj8a0dplifqzdp,13,12,11.43
zoo8a9uj8a0dplifqzdp,14,19,18.1
zoo8a9uj8a0dplifqzdp,15,10,9.52
zoo8a9uj8a0dplifqzdp,16,0,0.0
zoo8a9uj8a0dplifqzdp,17,0,0.0
zoo8a9uj8a0dplifqzdp,18,0,0.0
zoo8a9uj8a0dplifqzdp,19,0,0.0
zoo8a9uj8a0dplifqzdp,20,0,0.0
zoo8a9uj8a0dplifqzdp,21,0,0.0
zoo8a9uj8a0dplifqzdp,22,0,0.0
zoo8a9uj8a0dplifqzdp,23,0,0.0
k6kv9y9tqfll5d282ymb,0,3,2.91
k6kv9y9tqfll5d282ymb,1,3,2.91
k6kv9y9tqfll5d282ymb,2,4,3.88
k6kv9y9tqfll5d282ymb,3,2,1.94
k6kv9y9tqfll5d282ymb,4,10,9.71
k6kv9y9tqfll5d282ymb,5,1,0.97
k6kv9y9tqfll5d282ymb,6,2,1.94
k6kv9y9tqfll5d282ymb,7,6,5.83
k6kv9y9tqfll5d282ymb,8,3,2.91
k6kv9y9tqfll5d282ymb,9,2,1.94
k6kv9y9tqfll5d282ymb,10,6,5.83
k6kv9y9tqfll5d282ymb,11,10,9.71
k6kv9y9tqfll5d282ymb,12,10,9.71
k6kv9y9tqfll5d282ymb,13,7,6.8
k6kv9y9tqfll5d282ymb,14,17,16.5
k6kv9y9tqfll5d282ymb,15,14,13.59
k6kv9y9tqfll5d282ymb,16,3,2.91
k6kv9y9tqfll5d282ymb,17,0,0.0
k6kv9y9tqfll5d282ymb,18,0,0.0
k6kv9y9tqfll5d282ymb,19,0,0.0
k6kv9y9tqfll5d282ymb,20,0,0.0
k6kv9y9tqfll5d282ymb,21,0,0.0
k6kv9y9tqfll5d282ymb,22,0,0.0
k6kv9y9tqfll5d282ymb,23,0,0.0
xf5q0ixkpbxl3w7k16qo,0,2,2.06
xf5q0ixkpbxl3w7k16qo,1,4,4.12
xf5q0ixkpbxl3w7k16qo,2,3,3.09
xf5q0ixkpbxl3w7k16qo,3,2,2.06
xf5q0ixkpbxl3w7k16qo,4,7,7.22
xf5q0ixkpbxl3w7k16qo,5,0,0.0
xf5q0ixkpbxl3w7k16qo,6,5,5.15
xf5q0ixkpbxl3w7k16qo,7,5,5.15
xf5q0ixkpbxl3w7k16qo,8,1,1.03
xf5q0ixkpbxl3w7k16qo,9,2,2.06
xf5q0ixkpbxl3w7k16qo,10,8,8.25
xf5q0ixkpbxl3w7k16qo,11,11,11.34
xf5q0ixkpbxl3w7k16qo,12,6,6.19
xf5q0ixkpbxl3w7k16qo,13,13,13.4
xf5q0ixkpbxl3w7k16qo,14,16,16.49
xf5q0ixkpbxl3w7k16qo,15,8,8.25
xf5q0ixkpbxl3w7k16qo,16,3,3.09
xf5q0ixkpbxl3w7k16qo,17,1,1.03
xf5q0ixkpbxl3w7k16qo,18,0,0.0
xf5q0ixkpbxl3w7k16qo,19,0,0.0
xf5q0ixkpbxl3w7k16qo,20,0,0.0
xf5q0ixkpbxl3w7k16qo,21,0,0.0
xf5q0ixkpbxl3w7k16qo,22,0,0.0
xf5q0ixkpbxl3w7k16qo,23,0,0.0
slmfpw1fyabrtys8ufg9,0,2,2.15
slmfpw1fyabrtys8ufg9,1,3,3.23
slmfpw1fyabrtys8ufg9,2,5,5.38
slmfpw1fyabrtys8ufg9,3,3,3.23
slmfpw1fyabrtys8ufg9,4,8,8.6
slmfpw1fyabrtys8ufg9,5,1,1.08
slmfpw1fyabrtys8ufg9,6,6,6.45
slmfpw1fyabrtys8ufg9,7,4,4.3
slmfpw1fyabrtys8ufg9,8,2,2.15
slmfpw1fyabrtys8ufg9,9,1,1.08
slmfpw1fyabrtys8ufg9,10,8,8.6
slmfpw1fyabrtys8ufg9,11,9,9.68
slmfpw1fyabrtys8ufg9,12,4,4.3
slmfpw1fyabrtys8ufg9,13,15,16.13
slmfpw1fyabrtys8ufg9,14,15,16.13
slmfpw1fyabrtys8ufg9,15,5,5.38
slmfpw1fyabrtys8ufg9,16,0,0.0
slmfpw1fyabrtys8ufg9,17,0,0.0
slmfpw1fyabrtys8ufg9,18,0,0.0
slmfpw1fyabrtys8ufg9,19,0,0.0
slmfpw1fyabrtys8ufg9,20,0,0.0
slmfpw1fyabrtys8ufg9,21,0,0.0
slmfpw1fyabrtys8ufg9,22,0,0.0
slmfpw1fyabrtys8ufg9,23,2,2.15
9dbg3fyz4qnj7x9qug6x,0,3,2.7
9dbg3fyz4qnj7x9qug6x,1,3,2.7
9dbg3fyz4qnj7x9qug6x,2,2,1.8
9dbg3fyz4qnj7x9qug6x,3,5,4.5
9dbg3fyz4qnj7x9qug6x,4,9,8.11
9dbg3fyz4qnj7x9qug6x,5,4,3.6
9dbg3fyz4qnj7x9qug6x,6,2,1.8
9dbg3fyz4qnj7x9qug6x,7,5,4.5
9dbg3fyz4qnj7x9qug6x,8,3,2.7
9dbg3fyz4qnj7x9qug6x,9,2,1.8
9dbg3fyz4qnj7x9qug6x,10,6,5.41
9dbg3fyz4qnj7x9qug6x,11,18,16.22
9dbg3fyz4qnj7x9qug6x,12,13,11.71
9dbg3fyz4qnj7x9qug6x,13,10,9.01
9dbg3fyz4qnj7x9qug6x,14,12,10.81
9dbg3fyz4qnj7x9qug6x,15,14,12.61
9dbg3fyz4qnj7x9qug6x,16,0,0.0
9dbg3fyz4qnj7x9qug6x,17,0,0.0
9dbg3fyz4qnj7x9qug6x,18,0,0.0
9dbg3fyz4qnj7x9qug6x,19,0,0.0
9dbg3fyz4qnj7x9qug6x,20,0,0.0
9dbg3fyz4qnj7x9qug6x,21,0,0.0
9dbg3fyz4qnj7x9qug6x,22,0,0.0
9dbg3fyz4qnj7x9qug6x,23,0,0.0
