student_ID,submit_count,active_days,question_count,correct_ratio_x,month_count,cluster,pattern,submit_ratio,active_ratio,question_ratio,correct_ratio_y
8b6d1125760bd3939b6e,67,4,38,0.6268656716417911,3,2,探索尝试型,0.9152621905916396,0.6880116427142078,0.9957057916758423,1.2449631915117334
63eef37311aaac915a45,246,9,38,0.3130081300813008,2,0,集中针对型,1.7906970516562675,0.7925750591752834,0.9978133011612125,0.7858119311445027
5d89810b20079366fcc2,49,6,36,0.7959183673469388,4,2,探索尝试型,0.9152621905916396,0.6880116427142078,0.9957057916758423,1.2449631915117334
47eeab842793b09300c3,104,17,38,0.4807692307692308,5,0,集中针对型,1.7906970516562675,0.7925750591752834,0.9978133011612125,0.7858119311445027
a8eea517e36b20757b2e,167,19,36,0.38922155688622756,3,0,集中针对型,1.7906970516562675,0.7925750591752834,0.9978133011612125,0.7858119311445027
e89cdaa3f159a0d3f55e,420,28,38,0.42142857142857143,4,0,集中针对型,1.7906970516562675,0.7925750591752834,0.9978133011612125,0.7858119311445027
e324cc9cb52a2b3cb9cb,209,18,38,0.24880382775119617,2,0,集中针对型,1.7906970516562675,0.7925750591752834,0.9978133011612125,0.7858119311445027
98e10f84d94623f8b39e,162,8,37,0.3765432098765432,3,0,集中针对型,1.7906970516562675,0.7925750591752834,0.9978133011612125,0.7858119311445027
3c89c7f1db26ae691db8,251,26,38,0.4262948207171315,4,0,集中针对型,1.7906970516562675,0.7925750591752834,0.9978133011612125,0.7858119311445027
9ea29e4a747ea4a7c70a,164,25,38,0.5975609756097561,3,0,集中针对型,1.7906970516562675,0.7925750591752834,0.9978133011612125,0.7858119311445027
e23ada44d3eac9b465d2,74,24,38,0.7027027027027027,4,2,探索尝试型,0.9152621905916396,0.6880116427142078,0.9957057916758423,1.2449631915117334
b79c2d9d8148403a3720,234,21,38,0.7435897435897436,3,0,集中针对型,1.7906970516562675,0.7925750591752834,0.9978133011612125,0.7858119311445027
01d8aa21ef476b66c573,129,14,38,0.6434108527131783,3,2,探索尝试型,0.9152621905916396,0.6880116427142078,0.9957057916758423,1.2449631915117334
9417c1b4c24e428984bc,196,18,38,0.5408163265306123,3,0,集中针对型,1.7906970516562675,0.7925750591752834,0.9978133011612125,0.7858119311445027
3d63ba961a5f3a60616a,76,14,38,0.6973684210526315,3,2,探索尝试型,0.9152621905916396,0.6880116427142078,0.9957057916758423,1.2449631915117334
57709f904b1cc9ec60b1,160,34,38,0.54375,3,0,集中针对型,1.7906970516562675,0.7925750591752834,0.9978133011612125,0.7858119311445027
8979427badebb9e2bd10,118,17,38,0.4915254237288136,3,0,集中针对型,1.7906970516562675,0.7925750591752834,0.9978133011612125,0.7858119311445027
6e7d56f652020f046204,140,24,38,0.5071428571428571,3,0,集中针对型,1.7906970516562675,0.7925750591752834,0.9978133011612125,0.7858119311445027
03aa0b20dd4af1888eef,160,36,38,0.63125,3,0,集中针对型,1.7906970516562675,0.7925750591752834,0.9978133011612125,0.7858119311445027
8777bd09f180d330b147,120,24,38,0.49166666666666664,3,0,集中针对型,1.7906970516562675,0.7925750591752834,0.9978133011612125,0.7858119311445027
8b1fbc97391699e46cef,278,33,38,0.5323741007194245,3,0,集中针对型,1.7906970516562675,0.7925750591752834,0.9978133011612125,0.7858119311445027
dc83f9577ae72447a7b1,161,29,38,0.639751552795031,3,0,集中针对型,1.7906970516562675,0.7925750591752834,0.9978133011612125,0.7858119311445027
be503fccbf0ae5532639,96,14,38,0.5208333333333334,3,2,探索尝试型,0.9152621905916396,0.6880116427142078,0.9957057916758423,1.2449631915117334
cd6355bf939a47577f6d,454,33,38,0.3964757709251101,3,0,集中针对型,1.7906970516562675,0.7925750591752834,0.9978133011612125,0.7858119311445027
fb4411db1aac3cd2544b,110,18,37,0.5545454545454546,4,2,探索尝试型,0.9152621905916396,0.6880116427142078,0.9957057916758423,1.2449631915117334
f06c3ddb1a98713eeb32,170,17,38,0.4411764705882353,3,0,集中针对型,1.7906970516562675,0.7925750591752834,0.9978133011612125,0.7858119311445027
bca2be7a89b9b36b45cc,155,29,38,0.8,3,2,探索尝试型,0.9152621905916396,0.6880116427142078,0.9957057916758423,1.2449631915117334
f058870b1bc33e288e82,110,11,38,0.6818181818181818,3,2,探索尝试型,0.9152621905916396,0.6880116427142078,0.9957057916758423,1.2449631915117334
a1fa76b5d99a411d6649,110,24,38,0.6727272727272727,3,2,探索尝试型,0.9152621905916396,0.6880116427142078,0.9957057916758423,1.2449631915117334
79ea7a2f63285f2fe26b,130,15,38,0.8692307692307693,3,2,探索尝试型,0.9152621905916396,0.6880116427142078,0.9957057916758423,1.2449631915117334
54826f4abf592713d585,108,20,38,0.8240740740740741,3,2,探索尝试型,0.9152621905916396,0.6880116427142078,0.9957057916758423,1.2449631915117334
e716574233e87591ff19,151,20,38,0.5298013245033113,3,0,集中针对型,1.7906970516562675,0.7925750591752834,0.9978133011612125,0.7858119311445027
bab3d23935ae4f8e798c,389,36,38,0.4730077120822622,3,0,集中针对型,1.7906970516562675,0.7925750591752834,0.9978133011612125,0.7858119311445027
d2403aa287eb869a170a,276,18,38,0.3007246376811594,4,0,集中针对型,1.7906970516562675,0.7925750591752834,0.9978133011612125,0.7858119311445027
ce1a32f22b91f4d81015,136,21,38,0.5808823529411765,4,0,集中针对型,1.7906970516562675,0.7925750591752834,0.9978133011612125,0.7858119311445027
1b25734414fcc7466153,175,31,38,0.5657142857142857,4,0,集中针对型,1.7906970516562675,0.7925750591752834,0.9978133011612125,0.7858119311445027
d0a933a514028d777578,106,17,38,0.8867924528301887,4,2,探索尝试型,0.9152621905916396,0.6880116427142078,0.9957057916758423,1.2449631915117334
81c4c46f19cb21d54bbb,89,21,38,0.6179775280898876,4,2,探索尝试型,0.9152621905916396,0.6880116427142078,0.9957057916758423,1.2449631915117334
876aca2b8ce1958ea773,335,35,38,0.4059701492537313,3,0,集中针对型,1.7906970516562675,0.7925750591752834,0.9978133011612125,0.7858119311445027
c57c5ca2df494f27ca64,127,23,38,0.7244094488188977,4,2,探索尝试型,0.9152621905916396,0.6880116427142078,0.9957057916758423,1.2449631915117334
64d1d58d40bca568347c,120,14,38,0.5416666666666666,3,0,集中针对型,1.7906970516562675,0.7925750591752834,0.9978133011612125,0.7858119311445027
75c2677c8d156032e303,311,30,38,0.35691318327974275,3,0,集中针对型,1.7906970516562675,0.7925750591752834,0.9978133011612125,0.7858119311445027
b345ecad87a7fbac77ce,246,31,38,0.8658536585365854,3,2,探索尝试型,0.9152621905916396,0.6880116427142078,0.9957057916758423,1.2449631915117334
360820d6620d17d1b48b,198,37,38,0.7929292929292929,4,2,探索尝试型,0.9152621905916396,0.6880116427142078,0.9957057916758423,1.2449631915117334
7086b49d3d6c2cf79c1a,98,20,38,0.6326530612244898,2,2,探索尝试型,0.9152621905916396,0.6880116427142078,0.9957057916758423,1.2449631915117334
cac3f85073c947532796,208,26,38,0.7019230769230769,3,0,集中针对型,1.7906970516562675,0.7925750591752834,0.9978133011612125,0.7858119311445027
e37bbe9fe37f92b785d9,184,26,38,0.7065217391304348,3,2,探索尝试型,0.9152621905916396,0.6880116427142078,0.9957057916758423,1.2449631915117334
0a8736f6520cea837d94,218,18,38,0.40825688073394495,3,0,集中针对型,1.7906970516562675,0.7925750591752834,0.9978133011612125,0.7858119311445027
37ae91c472189108a737,79,12,38,0.620253164556962,3,2,探索尝试型,0.9152621905916396,0.6880116427142078,0.9957057916758423,1.2449631915117334
488934d01a504bc212b4,80,21,38,0.825,2,2,探索尝试型,0.9152621905916396,0.6880116427142078,0.9957057916758423,1.2449631915117334
545eb6c8154273344669,138,25,38,0.5,4,0,集中针对型,1.7906970516562675,0.7925750591752834,0.9978133011612125,0.7858119311445027
22ae866c664a147f9971,79,15,38,0.8734177215189873,2,2,探索尝试型,0.9152621905916396,0.6880116427142078,0.9957057916758423,1.2449631915117334
86215294b080f19af22f,149,19,38,0.4563758389261745,4,0,集中针对型,1.7906970516562675,0.7925750591752834,0.9978133011612125,0.7858119311445027
1e25b47eaef62694a236,109,5,38,0.6422018348623854,3,2,探索尝试型,0.9152621905916396,0.6880116427142078,0.9957057916758423,1.2449631915117334
580e98185da72b5f34cd,209,20,38,0.784688995215311,4,2,探索尝试型,0.9152621905916396,0.6880116427142078,0.9957057916758423,1.2449631915117334
99d6b8a1cc0020112951,112,19,38,0.6696428571428571,3,2,探索尝试型,0.9152621905916396,0.6880116427142078,0.9957057916758423,1.2449631915117334
ff59855075a6bc39d62b,68,9,38,0.6029411764705882,3,2,探索尝试型,0.9152621905916396,0.6880116427142078,0.9957057916758423,1.2449631915117334
8d422b817027d7721870,76,22,38,0.9342105263157895,4,2,探索尝试型,0.9152621905916396,0.6880116427142078,0.9957057916758423,1.2449631915117334
18cdd44af62c6935e7a0,190,20,38,0.6894736842105263,3,0,集中针对型,1.7906970516562675,0.7925750591752834,0.9978133011612125,0.7858119311445027
c00c91256ab1777d0dbc,166,13,38,0.41566265060240964,3,0,集中针对型,1.7906970516562675,0.7925750591752834,0.9978133011612125,0.7858119311445027
10de703c06bf9d873d68,152,16,38,0.47368421052631576,4,0,集中针对型,1.7906970516562675,0.7925750591752834,0.9978133011612125,0.7858119311445027
t3wo8xb4rq94n3fpfk35,104,52,35,0.5769230769230769,4,1,探索尝试型,0.9557030191432443,2.333279456925812,0.8832420270005868,0.9771501791416927
8cvzwcc62ql4rqj0pyzl,99,53,33,0.6161616161616161,5,1,探索尝试型,0.9557030191432443,2.333279456925812,0.8832420270005868,0.9771501791416927
i21qi5qdsjqcch2xvdd5,100,54,34,0.51,4,1,探索尝试型,0.9557030191432443,2.333279456925812,0.8832420270005868,0.9771501791416927
qz6jjynwbd3szlp0rj04,88,54,31,0.6022727272727273,4,1,探索尝试型,0.9557030191432443,2.333279456925812,0.8832420270005868,0.9771501791416927
cuwakm24vlp785ky5w71,122,58,34,0.5245901639344263,5,1,探索尝试型,0.9557030191432443,2.333279456925812,0.8832420270005868,0.9771501791416927
uvh2zil455wi0dcdan51,109,53,36,0.5596330275229358,5,1,探索尝试型,0.9557030191432443,2.333279456925812,0.8832420270005868,0.9771501791416927
wwh529n48kyjq1xe9h46,87,53,30,0.6551724137931034,5,1,探索尝试型,0.9557030191432443,2.333279456925812,0.8832420270005868,0.9771501791416927
79cvflltnemb9zpg6pgl,94,52,34,0.5851063829787234,4,1,探索尝试型,0.9557030191432443,2.333279456925812,0.8832420270005868,0.9771501791416927
o5lo8q4tb8yt0v8imkw4,97,52,34,0.5567010309278351,5,1,探索尝试型,0.9557030191432443,2.333279456925812,0.8832420270005868,0.9771501791416927
pr6b1twg5sgsrzek6adi,107,52,36,0.5327102803738317,4,1,探索尝试型,0.9557030191432443,2.333279456925812,0.8832420270005868,0.9771501791416927
1mp9yiw6rkrr3846047g,91,48,32,0.5824175824175825,4,1,探索尝试型,0.9557030191432443,2.333279456925812,0.8832420270005868,0.9771501791416927
lzvutqpj9ggc0nwwsxcv,103,55,32,0.5825242718446602,5,1,探索尝试型,0.9557030191432443,2.333279456925812,0.8832420270005868,0.9771501791416927
5gs9643ghg39gpkgi3e5,89,47,31,0.6292134831460674,4,1,探索尝试型,0.9557030191432443,2.333279456925812,0.8832420270005868,0.9771501791416927
exj3a7hd6gwihbowgm3w,100,59,32,0.47,5,1,探索尝试型,0.9557030191432443,2.333279456925812,0.8832420270005868,0.9771501791416927
ao2x473zwn7k7a6gpfr9,94,56,35,0.5319148936170213,5,1,探索尝试型,0.9557030191432443,2.333279456925812,0.8832420270005868,0.9771501791416927
0maggb1hf886m5u6p2vr,114,65,37,0.5263157894736842,5,1,探索尝试型,0.9557030191432443,2.333279456925812,0.8832420270005868,0.9771501791416927
isa355t9q5rut5fm8aml,96,56,34,0.6458333333333334,5,1,探索尝试型,0.9557030191432443,2.333279456925812,0.8832420270005868,0.9771501791416927
zeuj2ypen39p38d4m3oj,95,51,34,0.45263157894736844,4,1,探索尝试型,0.9557030191432443,2.333279456925812,0.8832420270005868,0.9771501791416927
oppl3ojvw61dvd5yw1wl,111,56,32,0.5855855855855856,5,1,探索尝试型,0.9557030191432443,2.333279456925812,0.8832420270005868,0.9771501791416927
styld7k1gge5cvjria5b,87,52,32,0.632183908045977,5,1,探索尝试型,0.9557030191432443,2.333279456925812,0.8832420270005868,0.9771501791416927
47vclaej1xmb0rc8kgka,103,55,36,0.5533980582524272,5,1,探索尝试型,0.9557030191432443,2.333279456925812,0.8832420270005868,0.9771501791416927
cnkddx6ofjqd7ueylz0e,108,57,34,0.5185185185185185,5,1,探索尝试型,0.9557030191432443,2.333279456925812,0.8832420270005868,0.9771501791416927
jwdjcrxdn0um79f0rjvw,97,49,32,0.5773195876288659,4,1,探索尝试型,0.9557030191432443,2.333279456925812,0.8832420270005868,0.9771501791416927
ifj584ryrjv639n4nnsu,100,54,35,0.59,4,1,探索尝试型,0.9557030191432443,2.333279456925812,0.8832420270005868,0.9771501791416927
s0vfgmhobw9jq6al8iww,90,49,33,0.6,4,1,探索尝试型,0.9557030191432443,2.333279456925812,0.8832420270005868,0.9771501791416927
9wax6sfj9cuqbbxc95om,90,55,30,0.5888888888888889,5,1,探索尝试型,0.9557030191432443,2.333279456925812,0.8832420270005868,0.9771501791416927
oit2xadfbpuveswzx4pf,86,48,32,0.4883720930232558,5,1,探索尝试型,0.9557030191432443,2.333279456925812,0.8832420270005868,0.9771501791416927
fvurnsqlgyr9zbd6msqs,86,52,31,0.5348837209302325,5,1,探索尝试型,0.9557030191432443,2.333279456925812,0.8832420270005868,0.9771501791416927
qw1seyo5nrhlm8vby58w,100,57,34,0.54,5,1,探索尝试型,0.9557030191432443,2.333279456925812,0.8832420270005868,0.9771501791416927
91ybnlkli8x332l13rrk,89,49,33,0.5056179775280899,4,1,探索尝试型,0.9557030191432443,2.333279456925812,0.8832420270005868,0.9771501791416927
vhlntoniujqiclub2juy,93,53,31,0.5913978494623656,5,1,探索尝试型,0.9557030191432443,2.333279456925812,0.8832420270005868,0.9771501791416927
k4usquerebza4uy0i57h,86,56,32,0.47674418604651164,5,1,探索尝试型,0.9557030191432443,2.333279456925812,0.8832420270005868,0.9771501791416927
zlaig56ve06t7jruk2mr,101,50,33,0.6138613861386139,4,1,探索尝试型,0.9557030191432443,2.333279456925812,0.8832420270005868,0.9771501791416927
6o68qswzkvrrtbiz6bzr,118,62,38,0.5,4,1,探索尝试型,0.9557030191432443,2.333279456925812,0.8832420270005868,0.9771501791416927
xh8a7nmtz192pknhec33,73,48,31,0.5342465753424658,4,1,探索尝试型,0.9557030191432443,2.333279456925812,0.8832420270005868,0.9771501791416927
6ae7d356ba998218af82,69,13,38,0.8840579710144928,3,2,探索尝试型,0.9152621905916396,0.6880116427142078,0.9957057916758423,1.2449631915117334
2c6339f7c23a64d02081,80,14,38,0.6625,4,2,探索尝试型,0.9152621905916396,0.6880116427142078,0.9957057916758423,1.2449631915117334
79fdbcf16db75f75383a,118,15,38,0.7457627118644068,3,2,探索尝试型,0.9152621905916396,0.6880116427142078,0.9957057916758423,1.2449631915117334
50fec4ca4283ad18c000,117,24,38,0.8461538461538461,3,2,探索尝试型,0.9152621905916396,0.6880116427142078,0.9957057916758423,1.2449631915117334
077d5c82c9ee5019220f,80,15,38,0.9125,3,2,探索尝试型,0.9152621905916396,0.6880116427142078,0.9957057916758423,1.2449631915117334
222d5ee50487a2b8601b,118,14,38,0.5,3,0,集中针对型,1.7906970516562675,0.7925750591752834,0.9978133011612125,0.7858119311445027
0088dc183f73c83f763e,163,21,38,0.5030674846625767,3,0,集中针对型,1.7906970516562675,0.7925750591752834,0.9978133011612125,0.7858119311445027
f9d95830556934ae9a01,164,21,38,0.5609756097560976,3,0,集中针对型,1.7906970516562675,0.7925750591752834,0.9978133011612125,0.7858119311445027
06aff3e28c5db152f506,109,24,38,0.7522935779816514,3,2,探索尝试型,0.9152621905916396,0.6880116427142078,0.9957057916758423,1.2449631915117334
3555053023c67d592439,82,21,38,0.5975609756097561,3,2,探索尝试型,0.9152621905916396,0.6880116427142078,0.9957057916758423,1.2449631915117334
f25a777dbbda3d4314d7,116,12,38,0.5948275862068966,3,2,探索尝试型,0.9152621905916396,0.6880116427142078,0.9957057916758423,1.2449631915117334
41e9ff991a4a21f423a8,123,28,38,0.7398373983739838,3,2,探索尝试型,0.9152621905916396,0.6880116427142078,0.9957057916758423,1.2449631915117334
6002b9ec0f4ad0b281cf,106,22,38,0.7924528301886793,3,2,探索尝试型,0.9152621905916396,0.6880116427142078,0.9957057916758423,1.2449631915117334
0b8bea274b24847526b7,73,7,38,0.6164383561643836,3,2,探索尝试型,0.9152621905916396,0.6880116427142078,0.9957057916758423,1.2449631915117334
f7a14eb1e15ceeea955c,130,24,38,0.7846153846153846,3,2,探索尝试型,0.9152621905916396,0.6880116427142078,0.9957057916758423,1.2449631915117334
68c45e933c2dc939e7c9,159,21,38,0.8238993710691824,3,2,探索尝试型,0.9152621905916396,0.6880116427142078,0.9957057916758423,1.2449631915117334
a5966200ae4d58200438,110,22,38,0.8454545454545455,3,2,探索尝试型,0.9152621905916396,0.6880116427142078,0.9957057916758423,1.2449631915117334
6e8118d5ad3c7093b869,111,20,38,0.8108108108108109,3,2,探索尝试型,0.9152621905916396,0.6880116427142078,0.9957057916758423,1.2449631915117334
2f3c37735e817244e646,79,16,38,0.569620253164557,3,2,探索尝试型,0.9152621905916396,0.6880116427142078,0.9957057916758423,1.2449631915117334
95889f5d20e344714084,154,10,38,0.2922077922077922,3,0,集中针对型,1.7906970516562675,0.7925750591752834,0.9978133011612125,0.7858119311445027
1329b6cf41debecda787,98,29,38,0.9285714285714286,4,2,探索尝试型,0.9152621905916396,0.6880116427142078,0.9957057916758423,1.2449631915117334
daf693769d8638a22ee9,94,22,38,0.8617021276595744,3,2,探索尝试型,0.9152621905916396,0.6880116427142078,0.9957057916758423,1.2449631915117334
460fa4961434cf281423,125,30,38,0.728,4,2,探索尝试型,0.9152621905916396,0.6880116427142078,0.9957057916758423,1.2449631915117334
18654732ca312afc173f,176,24,38,0.8863636363636364,3,2,探索尝试型,0.9152621905916396,0.6880116427142078,0.9957057916758423,1.2449631915117334
7c3fa9ed66d940d49692,169,24,38,0.6331360946745562,3,0,集中针对型,1.7906970516562675,0.7925750591752834,0.9978133011612125,0.7858119311445027
6486c0664d217470d126,76,20,38,0.9078947368421053,4,2,探索尝试型,0.9152621905916396,0.6880116427142078,0.9957057916758423,1.2449631915117334
af8dedf6ecb4605a09fa,194,38,38,0.8350515463917526,3,2,探索尝试型,0.9152621905916396,0.6880116427142078,0.9957057916758423,1.2449631915117334
d2e033f11edce44fea3d,73,19,38,0.821917808219178,4,2,探索尝试型,0.9152621905916396,0.6880116427142078,0.9957057916758423,1.2449631915117334
c955c51bfd07134bc831,94,24,38,0.8191489361702128,3,2,探索尝试型,0.9152621905916396,0.6880116427142078,0.9957057916758423,1.2449631915117334
da2199a7da15995db5ff,95,21,38,0.8,3,2,探索尝试型,0.9152621905916396,0.6880116427142078,0.9957057916758423,1.2449631915117334
906ffe092972df38360a,89,16,38,0.6179775280898876,2,2,探索尝试型,0.9152621905916396,0.6880116427142078,0.9957057916758423,1.2449631915117334
e6c8ce7f4d7b0b4ca4a6,112,25,38,0.6071428571428571,3,2,探索尝试型,0.9152621905916396,0.6880116427142078,0.9957057916758423,1.2449631915117334
5a8cce5abee961fc77f3,95,22,38,0.8210526315789474,3,2,探索尝试型,0.9152621905916396,0.6880116427142078,0.9957057916758423,1.2449631915117334
0c670262b3941d307600,106,21,38,0.5660377358490566,3,2,探索尝试型,0.9152621905916396,0.6880116427142078,0.9957057916758423,1.2449631915117334
7d882daa0b4d418d1d0c,130,18,38,0.8769230769230769,3,2,探索尝试型,0.9152621905916396,0.6880116427142078,0.9957057916758423,1.2449631915117334
41f718ae2aed1d6c2573,74,19,38,0.7162162162162162,4,2,探索尝试型,0.9152621905916396,0.6880116427142078,0.9957057916758423,1.2449631915117334
d33a15d480f68c6ec82f,85,21,38,0.8470588235294118,3,2,探索尝试型,0.9152621905916396,0.6880116427142078,0.9957057916758423,1.2449631915117334
db2418c575c0a4f7239d,123,27,38,0.7235772357723578,4,2,探索尝试型,0.9152621905916396,0.6880116427142078,0.9957057916758423,1.2449631915117334
8f98bfcea1b9f0dba97e,93,15,38,0.8817204301075269,3,2,探索尝试型,0.9152621905916396,0.6880116427142078,0.9957057916758423,1.2449631915117334
5d580a610c7f8114eb5c,77,23,38,0.8181818181818182,3,2,探索尝试型,0.9152621905916396,0.6880116427142078,0.9957057916758423,1.2449631915117334
5c33bb784bb99763ed74,101,17,38,0.7623762376237624,4,2,探索尝试型,0.9152621905916396,0.6880116427142078,0.9957057916758423,1.2449631915117334
058c03d945c4ae0978a0,69,14,38,0.9565217391304348,3,2,探索尝试型,0.9152621905916396,0.6880116427142078,0.9957057916758423,1.2449631915117334
a4bfb84ab74e59389e7a,228,29,38,0.5833333333333334,3,0,集中针对型,1.7906970516562675,0.7925750591752834,0.9978133011612125,0.7858119311445027
152a0c17daaaa4e65e14,99,18,38,0.8686868686868687,3,2,探索尝试型,0.9152621905916396,0.6880116427142078,0.9957057916758423,1.2449631915117334
bfc3a5cb3b9c29f08176,178,16,38,0.6235955056179775,3,0,集中针对型,1.7906970516562675,0.7925750591752834,0.9978133011612125,0.7858119311445027
ee1ef9674f9e0bfca48b,62,11,38,0.6935483870967742,3,2,探索尝试型,0.9152621905916396,0.6880116427142078,0.9957057916758423,1.2449631915117334
977ece9de941d85308ac,177,16,38,0.327683615819209,3,0,集中针对型,1.7906970516562675,0.7925750591752834,0.9978133011612125,0.7858119311445027
15ab118362ecbbd03b52,93,23,38,0.8817204301075269,3,2,探索尝试型,0.9152621905916396,0.6880116427142078,0.9957057916758423,1.2449631915117334
f47eab262dd5809d4d60,97,21,38,0.7010309278350515,3,2,探索尝试型,0.9152621905916396,0.6880116427142078,0.9957057916758423,1.2449631915117334
5fbaf8a0f524358778bb,114,18,38,0.8771929824561403,3,2,探索尝试型,0.9152621905916396,0.6880116427142078,0.9957057916758423,1.2449631915117334
3267b84814316e2fa25e,134,22,38,0.6940298507462687,3,2,探索尝试型,0.9152621905916396,0.6880116427142078,0.9957057916758423,1.2449631915117334
f82461b84c9c48a36613,106,24,38,0.8301886792452831,3,2,探索尝试型,0.9152621905916396,0.6880116427142078,0.9957057916758423,1.2449631915117334
981cf48df067d975675b,119,27,38,0.8235294117647058,3,2,探索尝试型,0.9152621905916396,0.6880116427142078,0.9957057916758423,1.2449631915117334
bd099a9fd29545e3766a,69,16,38,0.8260869565217391,3,2,探索尝试型,0.9152621905916396,0.6880116427142078,0.9957057916758423,1.2449631915117334
9d030ebc092b353b9906,88,22,38,0.875,3,2,探索尝试型,0.9152621905916396,0.6880116427142078,0.9957057916758423,1.2449631915117334
37905cfdcd105683aaf4,121,19,38,0.5454545454545454,3,0,集中针对型,1.7906970516562675,0.7925750591752834,0.9978133011612125,0.7858119311445027
cb2fbb322cc30a8b8fef,142,17,38,0.5563380281690141,3,0,集中针对型,1.7906970516562675,0.7925750591752834,0.9978133011612125,0.7858119311445027
xy7cro773yqyoblucwkp,94,54,33,0.6914893617021277,3,1,探索尝试型,0.9557030191432443,2.333279456925812,0.8832420270005868,0.9771501791416927
awxiqzybhp95e08qx1h5,86,51,32,0.6744186046511628,4,1,探索尝试型,0.9557030191432443,2.333279456925812,0.8832420270005868,0.9771501791416927
3qvqfnzdg358mord1cku,101,52,35,0.7029702970297029,4,1,探索尝试型,0.9557030191432443,2.333279456925812,0.8832420270005868,0.9771501791416927
dgoapkg9vpnafks22kx4,111,56,37,0.7657657657657657,3,1,探索尝试型,0.9557030191432443,2.333279456925812,0.8832420270005868,0.9771501791416927
2jvnsh0veb6qnn3uv6i8,112,57,35,0.6696428571428571,4,1,探索尝试型,0.9557030191432443,2.333279456925812,0.8832420270005868,0.9771501791416927
553l2g7kpifbvn82knxk,108,59,35,0.7592592592592593,4,1,探索尝试型,0.9557030191432443,2.333279456925812,0.8832420270005868,0.9771501791416927
x8hldszj3z40bgxl4mci,121,52,34,0.6776859504132231,4,1,探索尝试型,0.9557030191432443,2.333279456925812,0.8832420270005868,0.9771501791416927
putb7ja6dwpdag4bwvnj,97,54,32,0.7216494845360825,4,1,探索尝试型,0.9557030191432443,2.333279456925812,0.8832420270005868,0.9771501791416927
3m4gx52iq3mwqdycm8mm,119,59,36,0.7142857142857143,3,1,探索尝试型,0.9557030191432443,2.333279456925812,0.8832420270005868,0.9771501791416927
2zfdinkl7qrn0o62tlp4,96,53,33,0.7395833333333334,5,1,探索尝试型,0.9557030191432443,2.333279456925812,0.8832420270005868,0.9771501791416927
rd32gyblqsfn03xatnmt,131,68,35,0.732824427480916,4,1,探索尝试型,0.9557030191432443,2.333279456925812,0.8832420270005868,0.9771501791416927
n8pe3tt7qmlgojwhhsj0,80,48,32,0.7125,4,1,探索尝试型,0.9557030191432443,2.333279456925812,0.8832420270005868,0.9771501791416927
si6ymh6w7xbo2f40o0p8,110,53,35,0.6636363636363637,4,1,探索尝试型,0.9557030191432443,2.333279456925812,0.8832420270005868,0.9771501791416927
9trgand057juzal1kecf,101,52,36,0.7326732673267327,4,1,探索尝试型,0.9557030191432443,2.333279456925812,0.8832420270005868,0.9771501791416927
62olkigg7ntlaf6fzytl,120,56,35,0.7416666666666667,5,1,探索尝试型,0.9557030191432443,2.333279456925812,0.8832420270005868,0.9771501791416927
zyfp520tbnq5p2pvrkin,105,60,35,0.7238095238095238,5,1,探索尝试型,0.9557030191432443,2.333279456925812,0.8832420270005868,0.9771501791416927
p6cp3ogj6xy2riczfupv,99,49,34,0.6565656565656566,3,1,探索尝试型,0.9557030191432443,2.333279456925812,0.8832420270005868,0.9771501791416927
yyz9rmyzzdp52h0glddp,118,59,35,0.652542372881356,4,1,探索尝试型,0.9557030191432443,2.333279456925812,0.8832420270005868,0.9771501791416927
2uxkhe454qk8jvk0ufvp,93,55,34,0.7634408602150538,4,1,探索尝试型,0.9557030191432443,2.333279456925812,0.8832420270005868,0.9771501791416927
pkjom9yr5m9690fg6wsi,90,50,31,0.7222222222222222,4,1,探索尝试型,0.9557030191432443,2.333279456925812,0.8832420270005868,0.9771501791416927
shtnl1wh1mconb8od5ko,108,54,33,0.7314814814814815,4,1,探索尝试型,0.9557030191432443,2.333279456925812,0.8832420270005868,0.9771501791416927
ugaiak78ggmnku4yndlt,91,52,28,0.7142857142857143,4,1,探索尝试型,0.9557030191432443,2.333279456925812,0.8832420270005868,0.9771501791416927
5mrih4nj5agvu67vao4m,94,55,37,0.7872340425531915,4,1,探索尝试型,0.9557030191432443,2.333279456925812,0.8832420270005868,0.9771501791416927
66f99grd556eyxjqk7pz,113,58,34,0.7079646017699115,3,1,探索尝试型,0.9557030191432443,2.333279456925812,0.8832420270005868,0.9771501791416927
vrdxefyyyx3tkticfqnv,112,55,34,0.6339285714285714,3,1,探索尝试型,0.9557030191432443,2.333279456925812,0.8832420270005868,0.9771501791416927
ik7o5ykfnku0qp74sy1i,101,50,33,0.7425742574257426,4,1,探索尝试型,0.9557030191432443,2.333279456925812,0.8832420270005868,0.9771501791416927
99dj4o3b2f6m4jemke7d,127,56,37,0.7480314960629921,5,1,探索尝试型,0.9557030191432443,2.333279456925812,0.8832420270005868,0.9771501791416927
4acutl013itvh9va99p7,101,49,34,0.7425742574257426,4,1,探索尝试型,0.9557030191432443,2.333279456925812,0.8832420270005868,0.9771501791416927
3cic5ziycjx4ik4ll0v1,114,58,33,0.7192982456140351,4,1,探索尝试型,0.9557030191432443,2.333279456925812,0.8832420270005868,0.9771501791416927
ef04ejvyvmh5votejbif,102,55,32,0.7156862745098039,4,1,探索尝试型,0.9557030191432443,2.333279456925812,0.8832420270005868,0.9771501791416927
6tq9irjllweqmqe4u7sf,80,46,32,0.7,4,1,探索尝试型,0.9557030191432443,2.333279456925812,0.8832420270005868,0.9771501791416927
je7kqkmpwkosa7nkgfpx,92,53,33,0.6847826086956522,3,1,探索尝试型,0.9557030191432443,2.333279456925812,0.8832420270005868,0.9771501791416927
58n0dsxyyqnriomw67id,106,56,34,0.7169811320754716,5,1,探索尝试型,0.9557030191432443,2.333279456925812,0.8832420270005868,0.9771501791416927
dfnvtf7qbi2955rjeaqx,121,63,34,0.7272727272727273,4,1,探索尝试型,0.9557030191432443,2.333279456925812,0.8832420270005868,0.9771501791416927
bwvpzqnhh752noqjqj8d,105,56,35,0.7142857142857143,4,1,探索尝试型,0.9557030191432443,2.333279456925812,0.8832420270005868,0.9771501791416927
4c90f16c0fcd85d3de25,274,16,38,0.3686131386861314,4,0,集中针对型,1.7906970516562675,0.7925750591752834,0.9978133011612125,0.7858119311445027
2b9ef4e3749f713870b0,138,10,38,0.3333333333333333,2,0,集中针对型,1.7906970516562675,0.7925750591752834,0.9978133011612125,0.7858119311445027
b8290aea71e7a5421a02,39,3,38,1.0,2,2,探索尝试型,0.9152621905916396,0.6880116427142078,0.9957057916758423,1.2449631915117334
5f55600069b483f999f5,200,11,38,0.265,2,0,集中针对型,1.7906970516562675,0.7925750591752834,0.9978133011612125,0.7858119311445027
170a695a2717bcd9b74b,192,24,38,0.4166666666666667,4,0,集中针对型,1.7906970516562675,0.7925750591752834,0.9978133011612125,0.7858119311445027
a0a1991396f865c9e3dc,289,30,38,0.7301038062283737,3,0,集中针对型,1.7906970516562675,0.7925750591752834,0.9978133011612125,0.7858119311445027
3fee5c27236cbb682727,90,7,38,0.45555555555555555,1,0,集中针对型,1.7906970516562675,0.7925750591752834,0.9978133011612125,0.7858119311445027
701a989d65a59c18845b,107,11,37,0.7009345794392523,2,2,探索尝试型,0.9152621905916396,0.6880116427142078,0.9957057916758423,1.2449631915117334
3672e2896ad7d8f2404e,87,5,38,0.6091954022988506,1,2,探索尝试型,0.9152621905916396,0.6880116427142078,0.9957057916758423,1.2449631915117334
52f1bca9ac9c792e4457,105,8,38,0.3904761904761905,1,0,集中针对型,1.7906970516562675,0.7925750591752834,0.9978133011612125,0.7858119311445027
75097aa30e9373a612c7,109,26,38,0.7064220183486238,3,2,探索尝试型,0.9152621905916396,0.6880116427142078,0.9957057916758423,1.2449631915117334
72b4334deffff31dea8b,123,15,38,0.5934959349593496,3,2,探索尝试型,0.9152621905916396,0.6880116427142078,0.9957057916758423,1.2449631915117334
84e8300978b600b5f0ba,134,16,38,0.6940298507462687,3,2,探索尝试型,0.9152621905916396,0.6880116427142078,0.9957057916758423,1.2449631915117334
2ccfa5f79c8b61e465d4,205,24,38,0.6536585365853659,3,0,集中针对型,1.7906970516562675,0.7925750591752834,0.9978133011612125,0.7858119311445027
63aded37545ab92d41d4,172,5,38,0.2616279069767442,3,0,集中针对型,1.7906970516562675,0.7925750591752834,0.9978133011612125,0.7858119311445027
e851f82a650692f8e591,165,21,38,0.4909090909090909,3,0,集中针对型,1.7906970516562675,0.7925750591752834,0.9978133011612125,0.7858119311445027
c352158bed343ccff8e5,132,13,38,0.36363636363636365,2,0,集中针对型,1.7906970516562675,0.7925750591752834,0.9978133011612125,0.7858119311445027
e3ce61b92eeae0a33633,74,8,38,0.5675675675675675,3,2,探索尝试型,0.9152621905916396,0.6880116427142078,0.9957057916758423,1.2449631915117334
166cb02ac436c9d3662f,258,7,38,0.3178294573643411,2,0,集中针对型,1.7906970516562675,0.7925750591752834,0.9978133011612125,0.7858119311445027
749fec50db4020e9bfcc,102,11,36,0.43137254901960786,3,0,集中针对型,1.7906970516562675,0.7925750591752834,0.9978133011612125,0.7858119311445027
7ab9a2516b2dba99c36c,52,5,34,0.7115384615384616,2,2,探索尝试型,0.9152621905916396,0.6880116427142078,0.9957057916758423,1.2449631915117334
19fb3075dd2798538c9d,62,16,38,0.8225806451612904,4,2,探索尝试型,0.9152621905916396,0.6880116427142078,0.9957057916758423,1.2449631915117334
36ebf305b7206112f676,151,8,38,0.9403973509933775,2,2,探索尝试型,0.9152621905916396,0.6880116427142078,0.9957057916758423,1.2449631915117334
9e4c54a008ee874fc270,115,24,38,0.7043478260869566,3,2,探索尝试型,0.9152621905916396,0.6880116427142078,0.9957057916758423,1.2449631915117334
a8846b79555746e4f9df,54,4,38,0.7222222222222222,2,2,探索尝试型,0.9152621905916396,0.6880116427142078,0.9957057916758423,1.2449631915117334
1629f353a742f6a73251,101,16,38,0.7326732673267327,3,2,探索尝试型,0.9152621905916396,0.6880116427142078,0.9957057916758423,1.2449631915117334
1202c731c612353ceef0,144,21,38,0.5416666666666666,3,0,集中针对型,1.7906970516562675,0.7925750591752834,0.9978133011612125,0.7858119311445027
0e062d9fa22dc8e3bca2,109,23,38,0.8990825688073395,3,2,探索尝试型,0.9152621905916396,0.6880116427142078,0.9957057916758423,1.2449631915117334
918236b530adbe510201,152,20,38,0.6710526315789473,4,2,探索尝试型,0.9152621905916396,0.6880116427142078,0.9957057916758423,1.2449631915117334
0f8bd9e33125347965a1,147,8,38,0.3673469387755102,2,0,集中针对型,1.7906970516562675,0.7925750591752834,0.9978133011612125,0.7858119311445027
2c3b89432513b2035664,77,7,38,0.7142857142857143,2,2,探索尝试型,0.9152621905916396,0.6880116427142078,0.9957057916758423,1.2449631915117334
1397545fbe9882e5cd42,150,20,38,0.7133333333333334,3,2,探索尝试型,0.9152621905916396,0.6880116427142078,0.9957057916758423,1.2449631915117334
d94c5dba40d9fcbfb8d9,113,17,38,0.7256637168141593,3,2,探索尝试型,0.9152621905916396,0.6880116427142078,0.9957057916758423,1.2449631915117334
7380885aaba482170588,80,9,38,0.725,3,2,探索尝试型,0.9152621905916396,0.6880116427142078,0.9957057916758423,1.2449631915117334
6d35a9a33338a84dd077,140,27,38,0.5785714285714286,3,0,集中针对型,1.7906970516562675,0.7925750591752834,0.9978133011612125,0.7858119311445027
011d454f199c123d44ad,148,13,38,0.3918918918918919,3,0,集中针对型,1.7906970516562675,0.7925750591752834,0.9978133011612125,0.7858119311445027
9e7bdc44129bf5acc196,156,12,38,0.3974358974358974,2,0,集中针对型,1.7906970516562675,0.7925750591752834,0.9978133011612125,0.7858119311445027
93c2f240de504736b8d0,94,11,38,0.46808510638297873,2,0,集中针对型,1.7906970516562675,0.7925750591752834,0.9978133011612125,0.7858119311445027
0f160cd19890b97092b9,85,16,38,0.8352941176470589,3,2,探索尝试型,0.9152621905916396,0.6880116427142078,0.9957057916758423,1.2449631915117334
432fd26823e230070734,222,19,38,0.4189189189189189,3,0,集中针对型,1.7906970516562675,0.7925750591752834,0.9978133011612125,0.7858119311445027
f4e46ba446c56e56259b,116,11,38,0.5,3,0,集中针对型,1.7906970516562675,0.7925750591752834,0.9978133011612125,0.7858119311445027
8fb30cb5c7ad360c995f,272,23,38,0.7316176470588235,3,0,集中针对型,1.7906970516562675,0.7925750591752834,0.9978133011612125,0.7858119311445027
cb8c2285066597e012c6,90,6,38,0.43333333333333335,1,0,集中针对型,1.7906970516562675,0.7925750591752834,0.9978133011612125,0.7858119311445027
a55511198784610bf30b,125,16,38,0.392,4,0,集中针对型,1.7906970516562675,0.7925750591752834,0.9978133011612125,0.7858119311445027
c5b9961e65ffa73d971e,154,25,38,0.5909090909090909,4,0,集中针对型,1.7906970516562675,0.7925750591752834,0.9978133011612125,0.7858119311445027
5b5ef66e547d63806a56,220,17,38,0.5818181818181818,3,0,集中针对型,1.7906970516562675,0.7925750591752834,0.9978133011612125,0.7858119311445027
bafdbc62a48daf6840c9,139,6,38,0.4172661870503597,3,0,集中针对型,1.7906970516562675,0.7925750591752834,0.9978133011612125,0.7858119311445027
d3ba1fe030801d700cb6,113,14,38,0.5309734513274337,3,0,集中针对型,1.7906970516562675,0.7925750591752834,0.9978133011612125,0.7858119311445027
3f55d44d7572d52b2987,86,23,38,0.7790697674418605,3,2,探索尝试型,0.9152621905916396,0.6880116427142078,0.9957057916758423,1.2449631915117334
d27565678ffa4a9bfa85,91,6,38,0.43956043956043955,2,0,集中针对型,1.7906970516562675,0.7925750591752834,0.9978133011612125,0.7858119311445027
efb9fe363bdeb9f48d69,85,16,38,0.4823529411764706,3,0,集中针对型,1.7906970516562675,0.7925750591752834,0.9978133011612125,0.7858119311445027
28719a42e0cbf4991b7f,108,18,38,0.7314814814814815,3,2,探索尝试型,0.9152621905916396,0.6880116427142078,0.9957057916758423,1.2449631915117334
62156eada978f707f5d2,82,18,38,0.7560975609756098,3,2,探索尝试型,0.9152621905916396,0.6880116427142078,0.9957057916758423,1.2449631915117334
46a7a18ca160c829a15f,218,24,38,0.43577981651376146,3,0,集中针对型,1.7906970516562675,0.7925750591752834,0.9978133011612125,0.7858119311445027
57c33a6126c456c5ada8,77,7,38,0.45454545454545453,2,0,集中针对型,1.7906970516562675,0.7925750591752834,0.9978133011612125,0.7858119311445027
951eea03695f436017d3,67,5,38,0.582089552238806,2,2,探索尝试型,0.9152621905916396,0.6880116427142078,0.9957057916758423,1.2449631915117334
098b2c66cbc1ed736e14,110,16,38,0.8272727272727273,3,2,探索尝试型,0.9152621905916396,0.6880116427142078,0.9957057916758423,1.2449631915117334
33ddb1517601db520cd6,108,19,38,0.7129629629629629,2,2,探索尝试型,0.9152621905916396,0.6880116427142078,0.9957057916758423,1.2449631915117334
446d2ad0ca2908ffa4f9,53,8,38,0.7547169811320755,3,2,探索尝试型,0.9152621905916396,0.6880116427142078,0.9957057916758423,1.2449631915117334
ae2e4cb7985c4ac71795,97,13,38,0.7525773195876289,3,2,探索尝试型,0.9152621905916396,0.6880116427142078,0.9957057916758423,1.2449631915117334
1b0baf552d2cd47ee10b,56,4,38,0.6964285714285714,1,2,探索尝试型,0.9152621905916396,0.6880116427142078,0.9957057916758423,1.2449631915117334
62a877b83219f7974fd0,51,12,38,0.9215686274509803,2,2,探索尝试型,0.9152621905916396,0.6880116427142078,0.9957057916758423,1.2449631915117334
e86f896d71d48d87464d,37,9,15,0.5405405405405406,1,1,探索尝试型,0.9557030191432443,2.333279456925812,0.8832420270005868,0.9771501791416927
7a600fb7e3750998e7ae,78,17,38,0.7948717948717948,1,2,探索尝试型,0.9152621905916396,0.6880116427142078,0.9957057916758423,1.2449631915117334
c9c9f0b7606030f2aade,38,1,38,1.0,1,2,探索尝试型,0.9152621905916396,0.6880116427142078,0.9957057916758423,1.2449631915117334
52f4899e918b57df28da,71,15,38,0.7464788732394366,2,2,探索尝试型,0.9152621905916396,0.6880116427142078,0.9957057916758423,1.2449631915117334
d235a2c32940b970ab7c,45,4,38,0.8666666666666667,1,2,探索尝试型,0.9152621905916396,0.6880116427142078,0.9957057916758423,1.2449631915117334
8242b99ad9d6609fd19c,65,4,38,0.6,1,2,探索尝试型,0.9152621905916396,0.6880116427142078,0.9957057916758423,1.2449631915117334
8d93485dc6a4b2a9f03f,67,3,38,0.5970149253731343,1,2,探索尝试型,0.9152621905916396,0.6880116427142078,0.9957057916758423,1.2449631915117334
a108f1103f798c85d061,44,1,38,0.9318181818181818,1,2,探索尝试型,0.9152621905916396,0.6880116427142078,0.9957057916758423,1.2449631915117334
52d965ebf3ec0518bc0f,81,3,38,0.48148148148148145,1,2,探索尝试型,0.9152621905916396,0.6880116427142078,0.9957057916758423,1.2449631915117334
23dd64a1d2e4965198bf,85,1,38,0.47058823529411764,1,0,集中针对型,1.7906970516562675,0.7925750591752834,0.9978133011612125,0.7858119311445027
f9ef2830cd485d038b53,30,1,29,0.9666666666666667,1,2,探索尝试型,0.9152621905916396,0.6880116427142078,0.9957057916758423,1.2449631915117334
e3b920878572dbcf8c9e,38,1,38,1.0,1,2,探索尝试型,0.9152621905916396,0.6880116427142078,0.9957057916758423,1.2449631915117334
93iq4xjhvlc8072fsfet,106,56,35,0.5849056603773585,4,1,探索尝试型,0.9557030191432443,2.333279456925812,0.8832420270005868,0.9771501791416927
nl4vt11ikn4we06zu0zj,118,61,34,0.5847457627118644,5,1,探索尝试型,0.9557030191432443,2.333279456925812,0.8832420270005868,0.9771501791416927
cnqyqc90n3ixrlc3mri7,94,53,33,0.574468085106383,5,1,探索尝试型,0.9557030191432443,2.333279456925812,0.8832420270005868,0.9771501791416927
kpw433bcv21ksp1wgrux,109,59,36,0.6422018348623854,5,1,探索尝试型,0.9557030191432443,2.333279456925812,0.8832420270005868,0.9771501791416927
wxgj9kdmdrmullrthnso,108,54,34,0.5740740740740741,4,1,探索尝试型,0.9557030191432443,2.333279456925812,0.8832420270005868,0.9771501791416927
bvz9hmtzknu45wvb0yaw,114,55,37,0.6228070175438597,4,1,探索尝试型,0.9557030191432443,2.333279456925812,0.8832420270005868,0.9771501791416927
1kvfwfp2hr5hjxjxzjqd,107,49,37,0.5420560747663551,4,1,探索尝试型,0.9557030191432443,2.333279456925812,0.8832420270005868,0.9771501791416927
m3y8jkkgflwqwcelrwzz,102,55,34,0.6078431372549019,4,1,探索尝试型,0.9557030191432443,2.333279456925812,0.8832420270005868,0.9771501791416927
fov3pbwdqzvhgcjp7o9f,120,60,36,0.55,5,1,探索尝试型,0.9557030191432443,2.333279456925812,0.8832420270005868,0.9771501791416927
i8gdglua8vbd4ul9x09f,105,58,33,0.6,5,1,探索尝试型,0.9557030191432443,2.333279456925812,0.8832420270005868,0.9771501791416927
qd5cqu3du8n28xxtkftw,127,61,37,0.5905511811023622,4,1,探索尝试型,0.9557030191432443,2.333279456925812,0.8832420270005868,0.9771501791416927
4fl8e5s0nf65bm2m34f0,110,55,33,0.5454545454545454,5,1,探索尝试型,0.9557030191432443,2.333279456925812,0.8832420270005868,0.9771501791416927
4glo109mkgy7azntyttp,105,49,35,0.5714285714285714,3,1,探索尝试型,0.9557030191432443,2.333279456925812,0.8832420270005868,0.9771501791416927
cunf3y04zq0f90dgy36j,110,54,35,0.5181818181818182,5,1,探索尝试型,0.9557030191432443,2.333279456925812,0.8832420270005868,0.9771501791416927
wbdvbdebq64ujpi9u7mn,101,54,37,0.5643564356435643,5,1,探索尝试型,0.9557030191432443,2.333279456925812,0.8832420270005868,0.9771501791416927
3iz4t53ooerb6sruxf3n,106,55,32,0.5849056603773585,4,1,探索尝试型,0.9557030191432443,2.333279456925812,0.8832420270005868,0.9771501791416927
0gfiioqi5g8djhh1wzol,106,53,33,0.5283018867924528,4,1,探索尝试型,0.9557030191432443,2.333279456925812,0.8832420270005868,0.9771501791416927
fb735wd248crm37cgmgw,94,56,36,0.6382978723404256,5,1,探索尝试型,0.9557030191432443,2.333279456925812,0.8832420270005868,0.9771501791416927
1hrtipd0awjpggdje5e2,110,57,34,0.4818181818181818,5,1,探索尝试型,0.9557030191432443,2.333279456925812,0.8832420270005868,0.9771501791416927
hcm6w0jxnfqhkpm745cu,113,55,35,0.5752212389380531,4,1,探索尝试型,0.9557030191432443,2.333279456925812,0.8832420270005868,0.9771501791416927
z0ti2nr5nh9fpad7wntt,91,43,34,0.6483516483516484,4,1,探索尝试型,0.9557030191432443,2.333279456925812,0.8832420270005868,0.9771501791416927
44x159fl0pw2uucriuga,115,59,37,0.6608695652173913,5,1,探索尝试型,0.9557030191432443,2.333279456925812,0.8832420270005868,0.9771501791416927
7c2qxvccum7f93e8ohgt,115,61,35,0.5826086956521739,4,1,探索尝试型,0.9557030191432443,2.333279456925812,0.8832420270005868,0.9771501791416927
yb4sqfrwu788fa6y4zeb,86,46,31,0.47674418604651164,4,1,探索尝试型,0.9557030191432443,2.333279456925812,0.8832420270005868,0.9771501791416927
d6qgzp196pwnzk7agyn6,121,57,35,0.5619834710743802,4,1,探索尝试型,0.9557030191432443,2.333279456925812,0.8832420270005868,0.9771501791416927
alj4azvv1eqg1cyr3ae3,95,53,34,0.6210526315789474,5,1,探索尝试型,0.9557030191432443,2.333279456925812,0.8832420270005868,0.9771501791416927
vqz1prz6hwnqepxsieip,105,57,35,0.5904761904761905,5,1,探索尝试型,0.9557030191432443,2.333279456925812,0.8832420270005868,0.9771501791416927
zon2ut7eqwqd7i86etaw,106,51,32,0.5188679245283019,5,1,探索尝试型,0.9557030191432443,2.333279456925812,0.8832420270005868,0.9771501791416927
t8a5fgt3wo8w18amulu3,86,45,33,0.6046511627906976,3,1,探索尝试型,0.9557030191432443,2.333279456925812,0.8832420270005868,0.9771501791416927
7r0ywonplo8up7m35eav,104,57,33,0.5673076923076923,4,1,探索尝试型,0.9557030191432443,2.333279456925812,0.8832420270005868,0.9771501791416927
fvlb9xi66oze7eo3yhdh,122,56,36,0.6229508196721312,5,1,探索尝试型,0.9557030191432443,2.333279456925812,0.8832420270005868,0.9771501791416927
8ajv97zyciosc57q0cng,114,56,35,0.5964912280701754,3,1,探索尝试型,0.9557030191432443,2.333279456925812,0.8832420270005868,0.9771501791416927
no0afrue2n6m8hcnuek1,135,64,35,0.6,5,1,探索尝试型,0.9557030191432443,2.333279456925812,0.8832420270005868,0.9771501791416927
4xh67ezjc331pg9q3kfv,110,56,32,0.5545454545454546,4,1,探索尝试型,0.9557030191432443,2.333279456925812,0.8832420270005868,0.9771501791416927
ymb5gxf0fi27kpj2f101,86,49,31,0.5581395348837209,4,1,探索尝试型,0.9557030191432443,2.333279456925812,0.8832420270005868,0.9771501791416927
d93519b044de1fa037b0,50,2,38,0.74,1,2,探索尝试型,0.9152621905916396,0.6880116427142078,0.9957057916758423,1.2449631915117334
afc99b4940e933922aca,111,13,38,0.40540540540540543,4,0,集中针对型,1.7906970516562675,0.7925750591752834,0.9978133011612125,0.7858119311445027
c5d83404b165578ef794,71,11,38,0.8591549295774648,2,2,探索尝试型,0.9152621905916396,0.6880116427142078,0.9957057916758423,1.2449631915117334
dcd0562f8fb44933cb08,63,7,37,0.5555555555555556,4,2,探索尝试型,0.9152621905916396,0.6880116427142078,0.9957057916758423,1.2449631915117334
7694d71417c2f5202940,150,9,38,0.38666666666666666,2,0,集中针对型,1.7906970516562675,0.7925750591752834,0.9978133011612125,0.7858119311445027
3ba42ec5350aacb0750a,238,16,38,0.7394957983193278,4,0,集中针对型,1.7906970516562675,0.7925750591752834,0.9978133011612125,0.7858119311445027
e9b6fa8a87469779d732,160,26,38,0.5875,3,0,集中针对型,1.7906970516562675,0.7925750591752834,0.9978133011612125,0.7858119311445027
cafe5989da5dfed9f404,246,26,38,0.46747967479674796,4,0,集中针对型,1.7906970516562675,0.7925750591752834,0.9978133011612125,0.7858119311445027
d52b119f8da2a1812722,121,15,38,0.36363636363636365,2,0,集中针对型,1.7906970516562675,0.7925750591752834,0.9978133011612125,0.7858119311445027
11dae4659d30031a10dd,145,22,38,0.5655172413793104,4,0,集中针对型,1.7906970516562675,0.7925750591752834,0.9978133011612125,0.7858119311445027
ec4897070f2d3b6eab89,95,18,38,0.6736842105263158,4,2,探索尝试型,0.9152621905916396,0.6880116427142078,0.9957057916758423,1.2449631915117334
a3a0e2129e405aef3d87,66,6,38,0.6515151515151515,3,2,探索尝试型,0.9152621905916396,0.6880116427142078,0.9957057916758423,1.2449631915117334
a06fdb8743c4d4ef09fe,84,22,38,0.6547619047619048,3,2,探索尝试型,0.9152621905916396,0.6880116427142078,0.9957057916758423,1.2449631915117334
3ff069e95a9047dbfa8b,179,23,38,0.6480446927374302,4,0,集中针对型,1.7906970516562675,0.7925750591752834,0.9978133011612125,0.7858119311445027
016226278e6a69e10aa4,178,30,38,0.38764044943820225,4,0,集中针对型,1.7906970516562675,0.7925750591752834,0.9978133011612125,0.7858119311445027
7c1d8516e6c2ab2d3030,70,8,38,0.7142857142857143,4,2,探索尝试型,0.9152621905916396,0.6880116427142078,0.9957057916758423,1.2449631915117334
453d43b3f6bdf467e672,216,35,38,0.7916666666666666,4,2,探索尝试型,0.9152621905916396,0.6880116427142078,0.9957057916758423,1.2449631915117334
6fe309a58b787e7010eb,198,31,38,0.45454545454545453,4,0,集中针对型,1.7906970516562675,0.7925750591752834,0.9978133011612125,0.7858119311445027
d8ed5a1897987ffdeaed,111,20,38,0.7117117117117117,3,2,探索尝试型,0.9152621905916396,0.6880116427142078,0.9957057916758423,1.2449631915117334
99a53846658ba3341de6,77,11,38,0.8571428571428571,3,2,探索尝试型,0.9152621905916396,0.6880116427142078,0.9957057916758423,1.2449631915117334
3919286d3d8c4f4d339c,137,34,38,0.5182481751824818,4,0,集中针对型,1.7906970516562675,0.7925750591752834,0.9978133011612125,0.7858119311445027
4a6e1cf1e4e9d8f54717,57,4,38,0.8947368421052632,3,2,探索尝试型,0.9152621905916396,0.6880116427142078,0.9957057916758423,1.2449631915117334
0fc996fff93c00ca5ced,299,28,38,0.32441471571906355,4,0,集中针对型,1.7906970516562675,0.7925750591752834,0.9978133011612125,0.7858119311445027
aa83cf5fc68c1dcb5038,128,16,38,0.7734375,3,2,探索尝试型,0.9152621905916396,0.6880116427142078,0.9957057916758423,1.2449631915117334
c9c946fe211251af32d1,119,26,38,0.7815126050420168,4,2,探索尝试型,0.9152621905916396,0.6880116427142078,0.9957057916758423,1.2449631915117334
bb3328d3b1eecb5e1a8a,318,20,38,0.3081761006289308,4,0,集中针对型,1.7906970516562675,0.7925750591752834,0.9978133011612125,0.7858119311445027
5f7b406b2bbf9789735f,82,19,38,0.524390243902439,4,2,探索尝试型,0.9152621905916396,0.6880116427142078,0.9957057916758423,1.2449631915117334
61de1e21015e07aacbe8,333,20,38,0.6006006006006006,4,0,集中针对型,1.7906970516562675,0.7925750591752834,0.9978133011612125,0.7858119311445027
5m6lgwi0mkqs8ilg3qqs,81,15,38,0.48148148148148145,4,2,探索尝试型,0.9152621905916396,0.6880116427142078,0.9957057916758423,1.2449631915117334
d1e44a91dd4f37c03d43,107,9,38,0.5327102803738317,3,2,探索尝试型,0.9152621905916396,0.6880116427142078,0.9957057916758423,1.2449631915117334
7bb37669654dedc7e397,104,14,38,0.5480769230769231,2,2,探索尝试型,0.9152621905916396,0.6880116427142078,0.9957057916758423,1.2449631915117334
061db2c91f94c612f2d4,60,12,38,0.8833333333333333,3,2,探索尝试型,0.9152621905916396,0.6880116427142078,0.9957057916758423,1.2449631915117334
76fe2c19fa84d58b584b,146,21,38,0.4383561643835616,4,0,集中针对型,1.7906970516562675,0.7925750591752834,0.9978133011612125,0.7858119311445027
f36a755a3fa5db5c0743,116,17,38,0.6982758620689655,4,2,探索尝试型,0.9152621905916396,0.6880116427142078,0.9957057916758423,1.2449631915117334
cf7f9c2c6872be9bf2d6,165,24,38,0.7272727272727273,4,2,探索尝试型,0.9152621905916396,0.6880116427142078,0.9957057916758423,1.2449631915117334
b8162292f2171005c2ba,166,18,38,0.5843373493975904,4,0,集中针对型,1.7906970516562675,0.7925750591752834,0.9978133011612125,0.7858119311445027
a8350dcececa0b02dd14,152,10,37,0.6907894736842105,3,2,探索尝试型,0.9152621905916396,0.6880116427142078,0.9957057916758423,1.2449631915117334
c99e6802625540e4d1e2,80,9,38,0.7375,3,2,探索尝试型,0.9152621905916396,0.6880116427142078,0.9957057916758423,1.2449631915117334
cade7d478dac7020a79b,116,14,38,0.41379310344827586,4,0,集中针对型,1.7906970516562675,0.7925750591752834,0.9978133011612125,0.7858119311445027
20f97b68982d1b2f5c73,165,12,38,0.3393939393939394,4,0,集中针对型,1.7906970516562675,0.7925750591752834,0.9978133011612125,0.7858119311445027
6d22912e7e93a96a8690,46,10,38,0.8913043478260869,4,2,探索尝试型,0.9152621905916396,0.6880116427142078,0.9957057916758423,1.2449631915117334
db0bcf208cbed26d0bfe,48,2,38,0.8958333333333334,1,2,探索尝试型,0.9152621905916396,0.6880116427142078,0.9957057916758423,1.2449631915117334
90f3fbedfce50f644011,362,13,38,0.31215469613259667,3,0,集中针对型,1.7906970516562675,0.7925750591752834,0.9978133011612125,0.7858119311445027
728a4a393899c37a5429,62,11,38,0.9032258064516129,3,2,探索尝试型,0.9152621905916396,0.6880116427142078,0.9957057916758423,1.2449631915117334
e3d0782396c346359a8f,103,9,38,0.6213592233009708,3,2,探索尝试型,0.9152621905916396,0.6880116427142078,0.9957057916758423,1.2449631915117334
9d02a160cd171c5f4c18,106,5,38,0.5188679245283019,4,0,集中针对型,1.7906970516562675,0.7925750591752834,0.9978133011612125,0.7858119311445027
9952cc289c9f690621ec,80,11,38,0.7125,2,2,探索尝试型,0.9152621905916396,0.6880116427142078,0.9957057916758423,1.2449631915117334
0c57caf5358d30408034,141,6,38,0.475177304964539,1,0,集中针对型,1.7906970516562675,0.7925750591752834,0.9978133011612125,0.7858119311445027
93f451c36b535d39003d,52,2,37,0.6923076923076923,1,2,探索尝试型,0.9152621905916396,0.6880116427142078,0.9957057916758423,1.2449631915117334
ac4d829c715fb0c36ad5,43,4,38,0.8837209302325582,2,2,探索尝试型,0.9152621905916396,0.6880116427142078,0.9957057916758423,1.2449631915117334
0d4a3518a188f6888380,50,1,38,0.9,1,2,探索尝试型,0.9152621905916396,0.6880116427142078,0.9957057916758423,1.2449631915117334
rq44ojyrvdtad0tzsm32,123,56,33,0.5121951219512195,4,1,探索尝试型,0.9557030191432443,2.333279456925812,0.8832420270005868,0.9771501791416927
h6miro3m8713s3dxuipr,99,52,33,0.5555555555555556,4,1,探索尝试型,0.9557030191432443,2.333279456925812,0.8832420270005868,0.9771501791416927
lexte4gc3dvjb7ty0qf5,100,53,35,0.62,4,1,探索尝试型,0.9557030191432443,2.333279456925812,0.8832420270005868,0.9771501791416927
oi7j42phxrp4mc1n9h4b,90,56,35,0.5888888888888889,4,1,探索尝试型,0.9557030191432443,2.333279456925812,0.8832420270005868,0.9771501791416927
i5hexmb5zlzhd8lvwdv3,87,46,35,0.6206896551724138,4,1,探索尝试型,0.9557030191432443,2.333279456925812,0.8832420270005868,0.9771501791416927
cp4d94b2v0ws6am7mvuw,89,49,34,0.48314606741573035,4,1,探索尝试型,0.9557030191432443,2.333279456925812,0.8832420270005868,0.9771501791416927
fqcud1c5mt7pdp9w0v6y,88,52,33,0.5795454545454546,4,1,探索尝试型,0.9557030191432443,2.333279456925812,0.8832420270005868,0.9771501791416927
d3tt41de5iashfjr1txr,94,52,34,0.5319148936170213,4,1,探索尝试型,0.9557030191432443,2.333279456925812,0.8832420270005868,0.9771501791416927
uk8sadmdmw8p7e22l2yr,129,68,36,0.5968992248062015,4,1,探索尝试型,0.9557030191432443,2.333279456925812,0.8832420270005868,0.9771501791416927
t7x7ydt3u1cd2svfvk4q,101,58,34,0.5841584158415841,4,1,探索尝试型,0.9557030191432443,2.333279456925812,0.8832420270005868,0.9771501791416927
svxexhg20hs3bbqd4fm7,102,53,31,0.5686274509803921,4,1,探索尝试型,0.9557030191432443,2.333279456925812,0.8832420270005868,0.9771501791416927
t9a891e0764br5ujna1a,108,63,36,0.5648148148148148,4,1,探索尝试型,0.9557030191432443,2.333279456925812,0.8832420270005868,0.9771501791416927
zeuj820acn6zhcbx617v,118,54,35,0.5677966101694916,4,1,探索尝试型,0.9557030191432443,2.333279456925812,0.8832420270005868,0.9771501791416927
buv73728fa9viqgrz5mj,94,55,37,0.5638297872340425,4,1,探索尝试型,0.9557030191432443,2.333279456925812,0.8832420270005868,0.9771501791416927
fkenlzdweox7v0zaopqo,105,58,32,0.5238095238095238,4,1,探索尝试型,0.9557030191432443,2.333279456925812,0.8832420270005868,0.9771501791416927
uy29im7a6hnc34lfp8ae,108,55,36,0.5185185185185185,4,1,探索尝试型,0.9557030191432443,2.333279456925812,0.8832420270005868,0.9771501791416927
i1fr7kd71b2ni39kn958,92,55,35,0.532608695652174,4,1,探索尝试型,0.9557030191432443,2.333279456925812,0.8832420270005868,0.9771501791416927
kilhyvtskm84umerpjee,109,59,37,0.5596330275229358,4,1,探索尝试型,0.9557030191432443,2.333279456925812,0.8832420270005868,0.9771501791416927
tvsgkf4oqh769h40lj43,117,56,34,0.5555555555555556,4,1,探索尝试型,0.9557030191432443,2.333279456925812,0.8832420270005868,0.9771501791416927
jyaxybaq8vui614ytd8i,122,60,37,0.5245901639344263,4,1,探索尝试型,0.9557030191432443,2.333279456925812,0.8832420270005868,0.9771501791416927
ijieo064jbrs5ss1cmol,95,51,35,0.5684210526315789,4,1,探索尝试型,0.9557030191432443,2.333279456925812,0.8832420270005868,0.9771501791416927
3p34idi1traz2k8j0ulk,109,55,37,0.5963302752293578,4,1,探索尝试型,0.9557030191432443,2.333279456925812,0.8832420270005868,0.9771501791416927
6dx4zt62b8m37krb5l3n,116,54,37,0.5775862068965517,4,1,探索尝试型,0.9557030191432443,2.333279456925812,0.8832420270005868,0.9771501791416927
4vnvytgnlmv4jbfw9h3t,100,62,34,0.63,4,1,探索尝试型,0.9557030191432443,2.333279456925812,0.8832420270005868,0.9771501791416927
w1uwjc89gv68yxkutpoe,91,50,32,0.5494505494505495,4,1,探索尝试型,0.9557030191432443,2.333279456925812,0.8832420270005868,0.9771501791416927
8urc1lsyw615q5prnxwh,107,56,35,0.5700934579439252,4,1,探索尝试型,0.9557030191432443,2.333279456925812,0.8832420270005868,0.9771501791416927
pv0c4za1m616k25gfwfb,104,59,34,0.625,4,1,探索尝试型,0.9557030191432443,2.333279456925812,0.8832420270005868,0.9771501791416927
6cxj0lsinp9d7215gtpe,117,61,36,0.6495726495726496,4,1,探索尝试型,0.9557030191432443,2.333279456925812,0.8832420270005868,0.9771501791416927
6iag08nt7se7f2hkgzx4,102,55,35,0.6372549019607843,4,1,探索尝试型,0.9557030191432443,2.333279456925812,0.8832420270005868,0.9771501791416927
9a25hcbd3mhgaj0fyelo,104,59,33,0.5576923076923077,4,1,探索尝试型,0.9557030191432443,2.333279456925812,0.8832420270005868,0.9771501791416927
9lfh7vk4u8eh6zz1dmvp,95,56,35,0.4842105263157895,4,1,探索尝试型,0.9557030191432443,2.333279456925812,0.8832420270005868,0.9771501791416927
zc7xkcpo969z98kh6bg8,137,57,38,0.5109489051094891,4,1,探索尝试型,0.9557030191432443,2.333279456925812,0.8832420270005868,0.9771501791416927
mqqf68ny1kdp6i69i7tt,96,53,34,0.5625,4,1,探索尝试型,0.9557030191432443,2.333279456925812,0.8832420270005868,0.9771501791416927
xsxczvs8iluovs3pt5q7,92,58,33,0.5217391304347826,4,1,探索尝试型,0.9557030191432443,2.333279456925812,0.8832420270005868,0.9771501791416927
reo07h0d5zehmotdlz2w,90,52,34,0.6444444444444445,4,1,探索尝试型,0.9557030191432443,2.333279456925812,0.8832420270005868,0.9771501791416927
2d526c27123e59103e29,343,28,38,0.5451895043731778,5,0,集中针对型,1.7906970516562675,0.7925750591752834,0.9978133011612125,0.7858119311445027
488fc49e8fccd665c3e2,270,26,38,0.34814814814814815,5,0,集中针对型,1.7906970516562675,0.7925750591752834,0.9978133011612125,0.7858119311445027
be032ee60c336e4701e0,133,7,38,0.5112781954887218,5,0,集中针对型,1.7906970516562675,0.7925750591752834,0.9978133011612125,0.7858119311445027
fe752a6d1aa3d710d738,174,28,38,0.3218390804597701,4,0,集中针对型,1.7906970516562675,0.7925750591752834,0.9978133011612125,0.7858119311445027
912794ea0c6936c83ce2,159,33,38,0.46540880503144655,4,0,集中针对型,1.7906970516562675,0.7925750591752834,0.9978133011612125,0.7858119311445027
19793e7e55b68c8dd776,92,15,38,0.7282608695652174,4,2,探索尝试型,0.9152621905916396,0.6880116427142078,0.9957057916758423,1.2449631915117334
17e429460d5fda251953,233,19,38,0.34763948497854075,4,0,集中针对型,1.7906970516562675,0.7925750591752834,0.9978133011612125,0.7858119311445027
2e3e7cbe0e69add8d31a,44,8,34,0.9545454545454546,3,2,探索尝试型,0.9152621905916396,0.6880116427142078,0.9957057916758423,1.2449631915117334
4bceaffe5e429ed3333b,59,15,38,0.6949152542372882,4,2,探索尝试型,0.9152621905916396,0.6880116427142078,0.9957057916758423,1.2449631915117334
f22c9341431a6123f670,82,11,38,0.8414634146341463,3,2,探索尝试型,0.9152621905916396,0.6880116427142078,0.9957057916758423,1.2449631915117334
0107f72b66cbd1a0926d,98,17,38,0.7142857142857143,4,2,探索尝试型,0.9152621905916396,0.6880116427142078,0.9957057916758423,1.2449631915117334
4c26df96293b4a52bc03,109,20,38,0.5596330275229358,4,2,探索尝试型,0.9152621905916396,0.6880116427142078,0.9957057916758423,1.2449631915117334
9ee3e6df01c7cc22d066,210,19,38,0.48095238095238096,3,0,集中针对型,1.7906970516562675,0.7925750591752834,0.9978133011612125,0.7858119311445027
42e83553ca9d77ab4aee,111,18,38,0.8018018018018018,4,2,探索尝试型,0.9152621905916396,0.6880116427142078,0.9957057916758423,1.2449631915117334
ba563fef8484139dc84d,134,18,38,0.39552238805970147,4,0,集中针对型,1.7906970516562675,0.7925750591752834,0.9978133011612125,0.7858119311445027
9b1c065069dbb7a71617,163,10,38,0.4049079754601227,4,0,集中针对型,1.7906970516562675,0.7925750591752834,0.9978133011612125,0.7858119311445027
1fa4f2361b8a03040292,136,27,38,0.5367647058823529,4,0,集中针对型,1.7906970516562675,0.7925750591752834,0.9978133011612125,0.7858119311445027
82da6d26645f8f71bd61,59,15,37,0.8983050847457628,4,2,探索尝试型,0.9152621905916396,0.6880116427142078,0.9957057916758423,1.2449631915117334
a9554f5c3d61d05617e1,118,16,38,0.7542372881355932,4,2,探索尝试型,0.9152621905916396,0.6880116427142078,0.9957057916758423,1.2449631915117334
2e2c00240c341a4265e3,106,30,38,0.7924528301886793,4,2,探索尝试型,0.9152621905916396,0.6880116427142078,0.9957057916758423,1.2449631915117334
4e768251c78b687fa993,164,29,38,0.6951219512195121,4,2,探索尝试型,0.9152621905916396,0.6880116427142078,0.9957057916758423,1.2449631915117334
6964a3d507ac1ecf9e52,279,34,38,0.46953405017921146,4,0,集中针对型,1.7906970516562675,0.7925750591752834,0.9978133011612125,0.7858119311445027
03754dce5ec7731fb3e2,205,27,38,0.9170731707317074,4,2,探索尝试型,0.9152621905916396,0.6880116427142078,0.9957057916758423,1.2449631915117334
2af634997fba501740c2,137,19,38,0.5766423357664233,4,0,集中针对型,1.7906970516562675,0.7925750591752834,0.9978133011612125,0.7858119311445027
c9e6e9322dd7054e618c,69,14,38,0.6376811594202898,4,2,探索尝试型,0.9152621905916396,0.6880116427142078,0.9957057916758423,1.2449631915117334
d72abe041b8db9118e70,95,18,38,0.5684210526315789,4,2,探索尝试型,0.9152621905916396,0.6880116427142078,0.9957057916758423,1.2449631915117334
b0a62c35bfc7f529e83b,76,16,38,0.631578947368421,3,2,探索尝试型,0.9152621905916396,0.6880116427142078,0.9957057916758423,1.2449631915117334
a856f10303ba34926fdd,94,21,38,0.7446808510638298,4,2,探索尝试型,0.9152621905916396,0.6880116427142078,0.9957057916758423,1.2449631915117334
4738a118c8b8fa271fd6,104,17,38,0.6153846153846154,4,2,探索尝试型,0.9152621905916396,0.6880116427142078,0.9957057916758423,1.2449631915117334
951678e2f3db4cd9911d,74,9,38,0.9324324324324325,2,2,探索尝试型,0.9152621905916396,0.6880116427142078,0.9957057916758423,1.2449631915117334
b34d4dc5b6c5fd7c5def,66,12,38,0.7878787878787878,3,2,探索尝试型,0.9152621905916396,0.6880116427142078,0.9957057916758423,1.2449631915117334
430420fb41fe0a889868,213,18,38,0.7323943661971831,4,0,集中针对型,1.7906970516562675,0.7925750591752834,0.9978133011612125,0.7858119311445027
e17f01453906e3ae5716,205,22,38,0.3804878048780488,4,0,集中针对型,1.7906970516562675,0.7925750591752834,0.9978133011612125,0.7858119311445027
d536120baaef5495c028,104,13,38,0.4423076923076923,4,0,集中针对型,1.7906970516562675,0.7925750591752834,0.9978133011612125,0.7858119311445027
2ecb7fb5ff8899614c12,174,12,38,0.3563218390804598,4,0,集中针对型,1.7906970516562675,0.7925750591752834,0.9978133011612125,0.7858119311445027
d6f3f410bbb24244d270,151,16,38,0.6754966887417219,4,2,探索尝试型,0.9152621905916396,0.6880116427142078,0.9957057916758423,1.2449631915117334
67f8d47cfb7b7b3d2095,190,18,38,0.4052631578947368,4,0,集中针对型,1.7906970516562675,0.7925750591752834,0.9978133011612125,0.7858119311445027
a0fa57995e3e8cdcc13a,193,16,38,0.9222797927461139,4,2,探索尝试型,0.9152621905916396,0.6880116427142078,0.9957057916758423,1.2449631915117334
fe40bd528b4fbbf591e1,150,21,38,0.56,4,0,集中针对型,1.7906970516562675,0.7925750591752834,0.9978133011612125,0.7858119311445027
be52205cb48c05e10567,28,6,10,0.32142857142857145,2,1,探索尝试型,0.9557030191432443,2.333279456925812,0.8832420270005868,0.9771501791416927
03e0c9bff3a9557480d9,96,15,36,0.7708333333333334,4,2,探索尝试型,0.9152621905916396,0.6880116427142078,0.9957057916758423,1.2449631915117334
60c3549c706fe13322ce,109,17,38,0.5321100917431193,4,0,集中针对型,1.7906970516562675,0.7925750591752834,0.9978133011612125,0.7858119311445027
2826ec26211d83efd2c6,112,27,38,0.6339285714285714,4,2,探索尝试型,0.9152621905916396,0.6880116427142078,0.9957057916758423,1.2449631915117334
6b9ee688551136da2eb9,106,17,38,0.41509433962264153,4,0,集中针对型,1.7906970516562675,0.7925750591752834,0.9978133011612125,0.7858119311445027
8e25bcfa51d165f162f6,69,8,38,0.7391304347826086,4,2,探索尝试型,0.9152621905916396,0.6880116427142078,0.9957057916758423,1.2449631915117334
454c91e8f96c1dc4e994,175,19,38,0.5885714285714285,4,0,集中针对型,1.7906970516562675,0.7925750591752834,0.9978133011612125,0.7858119311445027
854ce9f7f4d7b6115854,61,11,34,0.8032786885245902,2,2,探索尝试型,0.9152621905916396,0.6880116427142078,0.9957057916758423,1.2449631915117334
d103bd9455fb9258c805,93,9,38,0.4838709677419355,4,0,集中针对型,1.7906970516562675,0.7925750591752834,0.9978133011612125,0.7858119311445027
13de1d3a55477a0c0329,115,10,38,0.3652173913043478,4,0,集中针对型,1.7906970516562675,0.7925750591752834,0.9978133011612125,0.7858119311445027
vzdurh8f0rfus5h4bde2,91,50,35,0.6153846153846154,5,1,探索尝试型,0.9557030191432443,2.333279456925812,0.8832420270005868,0.9771501791416927
yums89f0epz009xrrwrf,89,50,33,0.5842696629213483,5,1,探索尝试型,0.9557030191432443,2.333279456925812,0.8832420270005868,0.9771501791416927
ng2c52g74hfaudyxmm6m,123,59,35,0.5934959349593496,4,1,探索尝试型,0.9557030191432443,2.333279456925812,0.8832420270005868,0.9771501791416927
ttsjumez81r1ot6tfe7n,82,47,33,0.6097560975609756,4,1,探索尝试型,0.9557030191432443,2.333279456925812,0.8832420270005868,0.9771501791416927
m3xzctvbxlbxz80zz042,99,58,32,0.5151515151515151,4,1,探索尝试型,0.9557030191432443,2.333279456925812,0.8832420270005868,0.9771501791416927
1nebcwra7a0fduy8c1fa,101,48,36,0.504950495049505,4,1,探索尝试型,0.9557030191432443,2.333279456925812,0.8832420270005868,0.9771501791416927
cgydhui8n3uoxbq5rznl,92,48,30,0.5434782608695652,5,1,探索尝试型,0.9557030191432443,2.333279456925812,0.8832420270005868,0.9771501791416927
sdun9fmcol7sud39mllw,105,55,32,0.5619047619047619,4,1,探索尝试型,0.9557030191432443,2.333279456925812,0.8832420270005868,0.9771501791416927
csxiwtz34vm9vr0kbryx,119,60,34,0.5546218487394958,4,1,探索尝试型,0.9557030191432443,2.333279456925812,0.8832420270005868,0.9771501791416927
4v5xbvn3yhmvs97477pc,96,46,31,0.6145833333333334,4,1,探索尝试型,0.9557030191432443,2.333279456925812,0.8832420270005868,0.9771501791416927
g5wbnnhq1jbyc32q3003,102,59,32,0.6078431372549019,5,1,探索尝试型,0.9557030191432443,2.333279456925812,0.8832420270005868,0.9771501791416927
ulowmljtsh72z64haltq,95,45,33,0.5157894736842106,4,1,探索尝试型,0.9557030191432443,2.333279456925812,0.8832420270005868,0.9771501791416927
19rc4zj7sw4ms0996992,105,54,35,0.5904761904761905,5,1,探索尝试型,0.9557030191432443,2.333279456925812,0.8832420270005868,0.9771501791416927
mn8t0yyppsznr674ic1a,93,46,32,0.4838709677419355,4,1,探索尝试型,0.9557030191432443,2.333279456925812,0.8832420270005868,0.9771501791416927
isavn2ahb9n5z1q8win5,93,45,35,0.6559139784946236,4,1,探索尝试型,0.9557030191432443,2.333279456925812,0.8832420270005868,0.9771501791416927
h9urbo4ce8x02brjnloz,94,50,34,0.5425531914893617,4,1,探索尝试型,0.9557030191432443,2.333279456925812,0.8832420270005868,0.9771501791416927
ucxxvfcovdwuokyswife,93,50,33,0.5698924731182796,5,1,探索尝试型,0.9557030191432443,2.333279456925812,0.8832420270005868,0.9771501791416927
lewkf2owb42ywhfto9yf,95,55,33,0.5894736842105263,4,1,探索尝试型,0.9557030191432443,2.333279456925812,0.8832420270005868,0.9771501791416927
p3cs5x8cxrwubesmagvl,118,56,36,0.576271186440678,5,1,探索尝试型,0.9557030191432443,2.333279456925812,0.8832420270005868,0.9771501791416927
u968v341lom8drwdzqqj,88,46,31,0.5340909090909091,4,1,探索尝试型,0.9557030191432443,2.333279456925812,0.8832420270005868,0.9771501791416927
0sgnvj4zfg3xjjb9fl6h,105,51,35,0.6095238095238096,4,1,探索尝试型,0.9557030191432443,2.333279456925812,0.8832420270005868,0.9771501791416927
4y1vvkscejq34042oag4,91,54,31,0.6483516483516484,4,1,探索尝试型,0.9557030191432443,2.333279456925812,0.8832420270005868,0.9771501791416927
x8hocidvl3emcmrhw2f8,112,51,33,0.48214285714285715,4,1,探索尝试型,0.9557030191432443,2.333279456925812,0.8832420270005868,0.9771501791416927
7ddzwidmh4uwbopvlast,112,62,35,0.5446428571428571,5,1,探索尝试型,0.9557030191432443,2.333279456925812,0.8832420270005868,0.9771501791416927
j8inicu0iafkpv3u9431,95,49,33,0.6105263157894737,4,1,探索尝试型,0.9557030191432443,2.333279456925812,0.8832420270005868,0.9771501791416927
74g1r714u01v7nb4vn8w,101,47,35,0.6336633663366337,4,1,探索尝试型,0.9557030191432443,2.333279456925812,0.8832420270005868,0.9771501791416927
uhky1uwx18u1e4nixzzf,102,50,29,0.6078431372549019,4,1,探索尝试型,0.9557030191432443,2.333279456925812,0.8832420270005868,0.9771501791416927
hoedc2pzfz6av5bn1jq3,96,55,32,0.6666666666666666,4,1,探索尝试型,0.9557030191432443,2.333279456925812,0.8832420270005868,0.9771501791416927
3ywgcurp27qp1fydp27z,115,58,32,0.591304347826087,4,1,探索尝试型,0.9557030191432443,2.333279456925812,0.8832420270005868,0.9771501791416927
inyirhdpjahiguhs9e5b,110,56,32,0.5181818181818182,4,1,探索尝试型,0.9557030191432443,2.333279456925812,0.8832420270005868,0.9771501791416927
z9q10sbk27qpuvatlkuw,88,48,30,0.5340909090909091,4,1,探索尝试型,0.9557030191432443,2.333279456925812,0.8832420270005868,0.9771501791416927
flde3irykh8wauaj2fuw,102,50,34,0.4803921568627451,4,1,探索尝试型,0.9557030191432443,2.333279456925812,0.8832420270005868,0.9771501791416927
em248gxmeso9cw0wzlv8,116,49,34,0.5517241379310345,4,1,探索尝试型,0.9557030191432443,2.333279456925812,0.8832420270005868,0.9771501791416927
1otvyki9oso9bg6ob16u,101,50,35,0.5544554455445545,4,1,探索尝试型,0.9557030191432443,2.333279456925812,0.8832420270005868,0.9771501791416927
pg8ucem69ixbqhznx0x2,89,40,32,0.5617977528089888,5,1,探索尝试型,0.9557030191432443,2.333279456925812,0.8832420270005868,0.9771501791416927
05e1c3ce1728da7e37e0,134,8,23,0.21641791044776118,2,1,探索尝试型,0.9557030191432443,2.333279456925812,0.8832420270005868,0.9771501791416927
93f200d7351d4980fec6,121,16,38,0.743801652892562,4,2,探索尝试型,0.9152621905916396,0.6880116427142078,0.9957057916758423,1.2449631915117334
4dfdfa5e1a04c832b9b4,340,23,38,0.6617647058823529,4,0,集中针对型,1.7906970516562675,0.7925750591752834,0.9978133011612125,0.7858119311445027
151cd83784ab9007e8d8,156,30,38,0.6538461538461539,3,2,探索尝试型,0.9152621905916396,0.6880116427142078,0.9957057916758423,1.2449631915117334
8e1012c9f4775ba6a451,339,21,37,0.31268436578171094,4,0,集中针对型,1.7906970516562675,0.7925750591752834,0.9978133011612125,0.7858119311445027
413cbf664ac3ba8307ea,159,24,38,0.7735849056603774,4,2,探索尝试型,0.9152621905916396,0.6880116427142078,0.9957057916758423,1.2449631915117334
3bf7b3c9aa7d93ecb603,188,14,38,0.6702127659574468,3,0,集中针对型,1.7906970516562675,0.7925750591752834,0.9978133011612125,0.7858119311445027
9ad512cc6cbd79aa81c7,83,21,38,0.7228915662650602,4,2,探索尝试型,0.9152621905916396,0.6880116427142078,0.9957057916758423,1.2449631915117334
71f6622e7caa6ed92506,79,18,38,0.7848101265822784,3,2,探索尝试型,0.9152621905916396,0.6880116427142078,0.9957057916758423,1.2449631915117334
2fe9648ea28753c73c2c,183,24,38,0.5300546448087432,4,0,集中针对型,1.7906970516562675,0.7925750591752834,0.9978133011612125,0.7858119311445027
4474f24ef69e01e2c001,52,8,14,0.4423076923076923,3,1,探索尝试型,0.9557030191432443,2.333279456925812,0.8832420270005868,0.9771501791416927
f81f52969ef1de783de3,97,17,38,0.6804123711340206,3,2,探索尝试型,0.9152621905916396,0.6880116427142078,0.9957057916758423,1.2449631915117334
b9c7c66c8b57b9d3c6fa,128,18,38,0.3984375,3,0,集中针对型,1.7906970516562675,0.7925750591752834,0.9978133011612125,0.7858119311445027
a95a606f0110653858b2,163,15,38,0.3006134969325153,4,0,集中针对型,1.7906970516562675,0.7925750591752834,0.9978133011612125,0.7858119311445027
66d7c0bdb21b7d5bd83d,322,20,38,0.37888198757763975,3,0,集中针对型,1.7906970516562675,0.7925750591752834,0.9978133011612125,0.7858119311445027
c89e8b7b18082e2fa6df,182,17,38,0.37362637362637363,2,0,集中针对型,1.7906970516562675,0.7925750591752834,0.9978133011612125,0.7858119311445027
522837ace4fd8dd743f2,370,35,38,0.4594594594594595,4,0,集中针对型,1.7906970516562675,0.7925750591752834,0.9978133011612125,0.7858119311445027
0df40593e76a840fd64b,262,17,38,0.3320610687022901,3,0,集中针对型,1.7906970516562675,0.7925750591752834,0.9978133011612125,0.7858119311445027
952e59666bdde6dad94c,254,19,38,0.5,4,0,集中针对型,1.7906970516562675,0.7925750591752834,0.9978133011612125,0.7858119311445027
800d0095388d11344b78,88,10,37,0.6136363636363636,3,2,探索尝试型,0.9152621905916396,0.6880116427142078,0.9957057916758423,1.2449631915117334
71ca74e191e71b0219b5,88,9,36,0.5568181818181818,3,2,探索尝试型,0.9152621905916396,0.6880116427142078,0.9957057916758423,1.2449631915117334
dddd7ba8769cf90bfd62,86,21,38,0.6744186046511628,4,2,探索尝试型,0.9152621905916396,0.6880116427142078,0.9957057916758423,1.2449631915117334
758a52e21fd5c23cd7ed,104,18,38,0.7019230769230769,3,2,探索尝试型,0.9152621905916396,0.6880116427142078,0.9957057916758423,1.2449631915117334
e62f7655cb5259abfbf1,132,22,38,0.3787878787878788,3,0,集中针对型,1.7906970516562675,0.7925750591752834,0.9978133011612125,0.7858119311445027
0258f681a9e1756dfc76,342,35,38,0.36257309941520466,4,0,集中针对型,1.7906970516562675,0.7925750591752834,0.9978133011612125,0.7858119311445027
8bf3625652581859dcd1,211,17,38,0.5971563981042654,3,0,集中针对型,1.7906970516562675,0.7925750591752834,0.9978133011612125,0.7858119311445027
63c38a00d97e62c31e08,151,20,38,0.6026490066225165,3,0,集中针对型,1.7906970516562675,0.7925750591752834,0.9978133011612125,0.7858119311445027
f9dde99f5db421171b51,332,22,38,0.4307228915662651,3,0,集中针对型,1.7906970516562675,0.7925750591752834,0.9978133011612125,0.7858119311445027
b1b3363b7086aaa99b0d,72,18,38,0.6388888888888888,3,2,探索尝试型,0.9152621905916396,0.6880116427142078,0.9957057916758423,1.2449631915117334
204fdbe885269686a392,126,9,38,0.5317460317460317,2,0,集中针对型,1.7906970516562675,0.7925750591752834,0.9978133011612125,0.7858119311445027
b1fbf77b475e79c3d413,231,7,38,0.35064935064935066,4,0,集中针对型,1.7906970516562675,0.7925750591752834,0.9978133011612125,0.7858119311445027
e4af37199530e9ea523c,179,20,38,0.553072625698324,4,0,集中针对型,1.7906970516562675,0.7925750591752834,0.9978133011612125,0.7858119311445027
7f1c076b22be73eef99b,209,23,38,0.7081339712918661,3,0,集中针对型,1.7906970516562675,0.7925750591752834,0.9978133011612125,0.7858119311445027
b9a8b9ee84232efd7d61,95,19,38,0.8631578947368421,3,2,探索尝试型,0.9152621905916396,0.6880116427142078,0.9957057916758423,1.2449631915117334
4cc0dc56eecea1d928d1,140,13,38,0.5142857142857142,4,0,集中针对型,1.7906970516562675,0.7925750591752834,0.9978133011612125,0.7858119311445027
52a24e35d5356ab34a2e,145,15,38,0.47586206896551725,4,0,集中针对型,1.7906970516562675,0.7925750591752834,0.9978133011612125,0.7858119311445027
5abcc9d4fb5e764b2f6f,160,18,35,0.6,4,0,集中针对型,1.7906970516562675,0.7925750591752834,0.9978133011612125,0.7858119311445027
04f2689b4ea16d8d7d9a,442,36,38,0.4819004524886878,4,0,集中针对型,1.7906970516562675,0.7925750591752834,0.9978133011612125,0.7858119311445027
2db6dd71f1d07300382c,67,16,38,0.6567164179104478,3,2,探索尝试型,0.9152621905916396,0.6880116427142078,0.9957057916758423,1.2449631915117334
d2c5423ea5fa0a995264,87,11,36,0.5977011494252874,3,2,探索尝试型,0.9152621905916396,0.6880116427142078,0.9957057916758423,1.2449631915117334
83b54209fa2b1055369b,127,26,38,0.7244094488188977,4,2,探索尝试型,0.9152621905916396,0.6880116427142078,0.9957057916758423,1.2449631915117334
9ee4ff457095eaf23309,166,22,38,0.3674698795180723,4,0,集中针对型,1.7906970516562675,0.7925750591752834,0.9978133011612125,0.7858119311445027
d53a4fb612fb801fff3d,133,15,37,0.3157894736842105,3,0,集中针对型,1.7906970516562675,0.7925750591752834,0.9978133011612125,0.7858119311445027
b6808721d4a7900e360a,282,20,38,0.5425531914893617,3,0,集中针对型,1.7906970516562675,0.7925750591752834,0.9978133011612125,0.7858119311445027
f05247f3d32a4bf5a6df,248,18,38,0.25806451612903225,4,0,集中针对型,1.7906970516562675,0.7925750591752834,0.9978133011612125,0.7858119311445027
6fc66606e74242398444,187,17,38,0.5454545454545454,4,0,集中针对型,1.7906970516562675,0.7925750591752834,0.9978133011612125,0.7858119311445027
5a44a7c59729d41d596a,35,3,10,0.6571428571428571,1,1,探索尝试型,0.9557030191432443,2.333279456925812,0.8832420270005868,0.9771501791416927
05e6d9723ab3cde0841d,349,16,38,0.38968481375358166,3,0,集中针对型,1.7906970516562675,0.7925750591752834,0.9978133011612125,0.7858119311445027
81c441973fd4e024d60a,228,36,38,0.39035087719298245,4,0,集中针对型,1.7906970516562675,0.7925750591752834,0.9978133011612125,0.7858119311445027
2a515047aa9d085849a2,195,30,38,0.717948717948718,3,2,探索尝试型,0.9152621905916396,0.6880116427142078,0.9957057916758423,1.2449631915117334
3f34e3108d1108dab0fd,71,16,38,0.9436619718309859,3,2,探索尝试型,0.9152621905916396,0.6880116427142078,0.9957057916758423,1.2449631915117334
42dd5f9cd9e2c3ac9ed7,129,16,38,0.3488372093023256,3,0,集中针对型,1.7906970516562675,0.7925750591752834,0.9978133011612125,0.7858119311445027
e5cab2ae37f3a9ed4f46,137,8,37,0.2846715328467153,4,0,集中针对型,1.7906970516562675,0.7925750591752834,0.9978133011612125,0.7858119311445027
ca10145a308249ed82e9,108,12,38,0.5648148148148148,3,2,探索尝试型,0.9152621905916396,0.6880116427142078,0.9957057916758423,1.2449631915117334
5cda8273b348fbda9f29,199,15,38,0.7386934673366834,4,2,探索尝试型,0.9152621905916396,0.6880116427142078,0.9957057916758423,1.2449631915117334
96c23b85b0b4ffdc3cae,88,11,38,0.6931818181818182,1,2,探索尝试型,0.9152621905916396,0.6880116427142078,0.9957057916758423,1.2449631915117334
329622100fe091a4c48c,284,37,38,0.4014084507042254,3,0,集中针对型,1.7906970516562675,0.7925750591752834,0.9978133011612125,0.7858119311445027
2933a3227c7ce7fe21eb,83,15,35,0.4819277108433735,3,2,探索尝试型,0.9152621905916396,0.6880116427142078,0.9957057916758423,1.2449631915117334
3dba043eb6065ad3a343,37,5,8,0.21621621621621623,2,1,探索尝试型,0.9557030191432443,2.333279456925812,0.8832420270005868,0.9771501791416927
8a9f3822aaa08e579e4f,102,4,38,0.6470588235294118,1,2,探索尝试型,0.9152621905916396,0.6880116427142078,0.9957057916758423,1.2449631915117334
1367d35cf39783effa7a,63,5,13,0.6031746031746031,3,1,探索尝试型,0.9557030191432443,2.333279456925812,0.8832420270005868,0.9771501791416927
c6ab0de398cfcbd21dc5,97,5,38,0.4742268041237113,3,0,集中针对型,1.7906970516562675,0.7925750591752834,0.9978133011612125,0.7858119311445027
4e508744a9816cc4586a,73,5,38,0.5616438356164384,3,2,探索尝试型,0.9152621905916396,0.6880116427142078,0.9957057916758423,1.2449631915117334
o3jddioub8dsv0fm22qn,89,48,35,0.5730337078651685,4,1,探索尝试型,0.9557030191432443,2.333279456925812,0.8832420270005868,0.9771501791416927
4130weedl0x9hc7qe5a4,104,58,35,0.5384615384615384,4,1,探索尝试型,0.9557030191432443,2.333279456925812,0.8832420270005868,0.9771501791416927
aqpg6qwtponj9ojmx6ls,100,54,34,0.45,4,1,探索尝试型,0.9557030191432443,2.333279456925812,0.8832420270005868,0.9771501791416927
pgknalznufvmvwgc1ca8,103,57,35,0.4854368932038835,4,1,探索尝试型,0.9557030191432443,2.333279456925812,0.8832420270005868,0.9771501791416927
oc0ww31yssff9rktgowo,107,62,33,0.6355140186915887,4,1,探索尝试型,0.9557030191432443,2.333279456925812,0.8832420270005868,0.9771501791416927
4x441h9y6wzknmtdw7q4,113,54,32,0.6017699115044248,4,1,探索尝试型,0.9557030191432443,2.333279456925812,0.8832420270005868,0.9771501791416927
2a6ap0t2rsvoogmydj3a,108,55,35,0.4166666666666667,4,1,探索尝试型,0.9557030191432443,2.333279456925812,0.8832420270005868,0.9771501791416927
daty5mq7b20bkt2c2zfs,108,64,34,0.4722222222222222,4,1,探索尝试型,0.9557030191432443,2.333279456925812,0.8832420270005868,0.9771501791416927
hhplrx9xd7cm2w7aslma,96,56,34,0.5,4,1,探索尝试型,0.9557030191432443,2.333279456925812,0.8832420270005868,0.9771501791416927
xgvqpyg5mro3wihwngur,114,60,36,0.5526315789473685,4,1,探索尝试型,0.9557030191432443,2.333279456925812,0.8832420270005868,0.9771501791416927
jnupp0jsv1kjsvbzlnrr,88,53,33,0.4431818181818182,4,1,探索尝试型,0.9557030191432443,2.333279456925812,0.8832420270005868,0.9771501791416927
orubxhpr5e1heat93ue4,95,59,30,0.5263157894736842,4,1,探索尝试型,0.9557030191432443,2.333279456925812,0.8832420270005868,0.9771501791416927
u9owl1eky0jf8t3nc50o,102,56,35,0.5098039215686274,4,1,探索尝试型,0.9557030191432443,2.333279456925812,0.8832420270005868,0.9771501791416927
ubi6gd21j9e9rw46hoz6,98,55,35,0.4387755102040816,4,1,探索尝试型,0.9557030191432443,2.333279456925812,0.8832420270005868,0.9771501791416927
tv0sptqq56ri3dpcd9nl,112,56,33,0.44642857142857145,4,1,探索尝试型,0.9557030191432443,2.333279456925812,0.8832420270005868,0.9771501791416927
8kvpozl8kjupzd4yvwbv,87,49,37,0.4482758620689655,4,1,探索尝试型,0.9557030191432443,2.333279456925812,0.8832420270005868,0.9771501791416927
m6p2hujqw21vc4lyt3f3,89,48,32,0.4157303370786517,4,1,探索尝试型,0.9557030191432443,2.333279456925812,0.8832420270005868,0.9771501791416927
nx4zicy1jbulkuen41s5,105,61,31,0.42857142857142855,4,1,探索尝试型,0.9557030191432443,2.333279456925812,0.8832420270005868,0.9771501791416927
xnvmb8uox3576k142awg,96,54,32,0.4270833333333333,4,1,探索尝试型,0.9557030191432443,2.333279456925812,0.8832420270005868,0.9771501791416927
nkr2o4v6q9alvt7ju51e,102,51,32,0.46078431372549017,4,1,探索尝试型,0.9557030191432443,2.333279456925812,0.8832420270005868,0.9771501791416927
01qkq6w2v62cimidb3b7,90,60,31,0.5555555555555556,4,1,探索尝试型,0.9557030191432443,2.333279456925812,0.8832420270005868,0.9771501791416927
tp8x8dgd7d6dhpth8xni,81,49,32,0.5185185185185185,4,1,探索尝试型,0.9557030191432443,2.333279456925812,0.8832420270005868,0.9771501791416927
rsclhbtmbxt0xrye64ax,99,51,30,0.5757575757575758,4,1,探索尝试型,0.9557030191432443,2.333279456925812,0.8832420270005868,0.9771501791416927
uhthvh60xp911d47x7xm,104,63,34,0.46153846153846156,4,1,探索尝试型,0.9557030191432443,2.333279456925812,0.8832420270005868,0.9771501791416927
a30afe3tftu3pgsdxxdq,80,47,31,0.525,4,1,探索尝试型,0.9557030191432443,2.333279456925812,0.8832420270005868,0.9771501791416927
9nfrfi8p7oktnfr9c30b,106,59,36,0.4339622641509434,4,1,探索尝试型,0.9557030191432443,2.333279456925812,0.8832420270005868,0.9771501791416927
mhufhb84kyqgs0anwy1d,92,56,33,0.5869565217391305,4,1,探索尝试型,0.9557030191432443,2.333279456925812,0.8832420270005868,0.9771501791416927
j605t14y7ie6vr2n8s2c,92,49,34,0.5217391304347826,4,1,探索尝试型,0.9557030191432443,2.333279456925812,0.8832420270005868,0.9771501791416927
1afepx549ssnar1m9acp,100,58,32,0.46,4,1,探索尝试型,0.9557030191432443,2.333279456925812,0.8832420270005868,0.9771501791416927
zq3xohaut5o9dbd9064z,102,57,34,0.43137254901960786,4,1,探索尝试型,0.9557030191432443,2.333279456925812,0.8832420270005868,0.9771501791416927
me4d1o3nzhyoj0xfast0,89,56,30,0.550561797752809,4,1,探索尝试型,0.9557030191432443,2.333279456925812,0.8832420270005868,0.9771501791416927
p611flt77czmqgut14jl,94,49,33,0.4574468085106383,4,1,探索尝试型,0.9557030191432443,2.333279456925812,0.8832420270005868,0.9771501791416927
34qcy2qj5lij7g82hpvw,104,60,35,0.5096153846153846,4,1,探索尝试型,0.9557030191432443,2.333279456925812,0.8832420270005868,0.9771501791416927
f527k17lr4aumahjtj92,90,55,31,0.37777777777777777,4,1,探索尝试型,0.9557030191432443,2.333279456925812,0.8832420270005868,0.9771501791416927
zuw35j06tzftt6oon4c5,113,56,36,0.5309734513274337,4,1,探索尝试型,0.9557030191432443,2.333279456925812,0.8832420270005868,0.9771501791416927
33184c1cba6a37cdbda2,256,10,38,0.4140625,3,0,集中针对型,1.7906970516562675,0.7925750591752834,0.9978133011612125,0.7858119311445027
3f81bf9625e47ca1963f,100,15,38,0.6,4,2,探索尝试型,0.9152621905916396,0.6880116427142078,0.9957057916758423,1.2449631915117334
8bece93f0b270602e64f,113,15,38,0.4336283185840708,3,0,集中针对型,1.7906970516562675,0.7925750591752834,0.9978133011612125,0.7858119311445027
27cc9165eef05eb1733f,76,6,38,0.7894736842105263,4,2,探索尝试型,0.9152621905916396,0.6880116427142078,0.9957057916758423,1.2449631915117334
3c37e3ad275dcdd39e2c,116,14,38,0.6293103448275862,4,2,探索尝试型,0.9152621905916396,0.6880116427142078,0.9957057916758423,1.2449631915117334
46e2d5243b6eef040f97,77,21,38,0.8441558441558441,4,2,探索尝试型,0.9152621905916396,0.6880116427142078,0.9957057916758423,1.2449631915117334
37f3b3d773c5c073bc9a,90,24,38,0.7777777777777778,4,2,探索尝试型,0.9152621905916396,0.6880116427142078,0.9957057916758423,1.2449631915117334
96dc0554852b5a94a400,108,7,38,0.37037037037037035,3,0,集中针对型,1.7906970516562675,0.7925750591752834,0.9978133011612125,0.7858119311445027
6273f50d9a0b4e6d971c,83,10,38,0.7228915662650602,4,2,探索尝试型,0.9152621905916396,0.6880116427142078,0.9957057916758423,1.2449631915117334
4478eae73fb84cedb102,150,22,38,0.5266666666666666,4,0,集中针对型,1.7906970516562675,0.7925750591752834,0.9978133011612125,0.7858119311445027
0a7f1a73361654329281,90,18,38,0.5555555555555556,4,2,探索尝试型,0.9152621905916396,0.6880116427142078,0.9957057916758423,1.2449631915117334
301f57984e5d2969c938,100,17,38,0.66,4,2,探索尝试型,0.9152621905916396,0.6880116427142078,0.9957057916758423,1.2449631915117334
3b3b2319b0995f149ecc,146,10,38,0.5753424657534246,4,0,集中针对型,1.7906970516562675,0.7925750591752834,0.9978133011612125,0.7858119311445027
3313c40ea45a87f9d2e7,85,14,38,0.9058823529411765,4,2,探索尝试型,0.9152621905916396,0.6880116427142078,0.9957057916758423,1.2449631915117334
81931021ce711e124d0b,283,24,38,0.6749116607773852,3,0,集中针对型,1.7906970516562675,0.7925750591752834,0.9978133011612125,0.7858119311445027
9294393fcd13593bc537,127,23,38,0.7007874015748031,4,2,探索尝试型,0.9152621905916396,0.6880116427142078,0.9957057916758423,1.2449631915117334
31741464205aa8cdb4f5,120,24,38,0.8,4,2,探索尝试型,0.9152621905916396,0.6880116427142078,0.9957057916758423,1.2449631915117334
c63d5a67687762a9f967,131,19,38,0.7099236641221374,3,2,探索尝试型,0.9152621905916396,0.6880116427142078,0.9957057916758423,1.2449631915117334
ad29c5822807dabe497c,213,22,38,0.4694835680751174,4,0,集中针对型,1.7906970516562675,0.7925750591752834,0.9978133011612125,0.7858119311445027
6fefd33cf297f69bcae3,246,30,38,0.6829268292682927,4,0,集中针对型,1.7906970516562675,0.7925750591752834,0.9978133011612125,0.7858119311445027
17dda5f588bed077c742,218,15,38,0.6467889908256881,4,0,集中针对型,1.7906970516562675,0.7925750591752834,0.9978133011612125,0.7858119311445027
6d90c2fd38f2ea52ffd8,104,10,38,0.8269230769230769,4,2,探索尝试型,0.9152621905916396,0.6880116427142078,0.9957057916758423,1.2449631915117334
fcf6463f948b24ac7cd8,86,16,38,0.7093023255813954,3,2,探索尝试型,0.9152621905916396,0.6880116427142078,0.9957057916758423,1.2449631915117334
d1df92e9d19fb2f22ebb,269,18,38,0.620817843866171,4,0,集中针对型,1.7906970516562675,0.7925750591752834,0.9978133011612125,0.7858119311445027
72d383f55803c5a81bd6,155,25,38,0.896774193548387,4,2,探索尝试型,0.9152621905916396,0.6880116427142078,0.9957057916758423,1.2449631915117334
c20c86d30d19b39745e2,113,24,38,0.7079646017699115,4,2,探索尝试型,0.9152621905916396,0.6880116427142078,0.9957057916758423,1.2449631915117334
f26c1d520ac39293c68a,267,25,38,0.4756554307116105,4,0,集中针对型,1.7906970516562675,0.7925750591752834,0.9978133011612125,0.7858119311445027
bc48d03763657ec4aa63,200,18,38,0.72,4,2,探索尝试型,0.9152621905916396,0.6880116427142078,0.9957057916758423,1.2449631915117334
09e4bfadd7e012c37c7c,104,12,38,0.7692307692307693,4,2,探索尝试型,0.9152621905916396,0.6880116427142078,0.9957057916758423,1.2449631915117334
fc39de3859d890b9693d,140,12,38,0.5285714285714286,2,0,集中针对型,1.7906970516562675,0.7925750591752834,0.9978133011612125,0.7858119311445027
a94a32ebd5f7d177053a,143,11,38,0.4965034965034965,3,0,集中针对型,1.7906970516562675,0.7925750591752834,0.9978133011612125,0.7858119311445027
9b43f5fcb5d592a689af,137,21,38,0.6423357664233577,4,2,探索尝试型,0.9152621905916396,0.6880116427142078,0.9957057916758423,1.2449631915117334
b26aab632fd33a01020a,105,18,38,0.819047619047619,4,2,探索尝试型,0.9152621905916396,0.6880116427142078,0.9957057916758423,1.2449631915117334
074d7f43de7264306775,157,10,38,0.2802547770700637,4,0,集中针对型,1.7906970516562675,0.7925750591752834,0.9978133011612125,0.7858119311445027
fabad359607dabbaaed4,94,18,38,0.8617021276595744,4,2,探索尝试型,0.9152621905916396,0.6880116427142078,0.9957057916758423,1.2449631915117334
d6d6e7da792fdf0106f0,90,20,38,0.5888888888888889,4,2,探索尝试型,0.9152621905916396,0.6880116427142078,0.9957057916758423,1.2449631915117334
e6b9a4292b6a8e8e0ef0,47,11,38,0.8723404255319149,3,2,探索尝试型,0.9152621905916396,0.6880116427142078,0.9957057916758423,1.2449631915117334
9493dac6dc982d2b3dbe,293,17,38,0.40273037542662116,2,0,集中针对型,1.7906970516562675,0.7925750591752834,0.9978133011612125,0.7858119311445027
9104b8987aefa9d8e884,86,10,38,0.6744186046511628,3,2,探索尝试型,0.9152621905916396,0.6880116427142078,0.9957057916758423,1.2449631915117334
7ec5fc60b1ce755e0e17,253,27,38,0.6956521739130435,4,0,集中针对型,1.7906970516562675,0.7925750591752834,0.9978133011612125,0.7858119311445027
24ca7714d40e2fe53821,106,10,36,0.6320754716981132,4,2,探索尝试型,0.9152621905916396,0.6880116427142078,0.9957057916758423,1.2449631915117334
16c505069c1e5c2bece5,56,2,38,0.9642857142857143,2,2,探索尝试型,0.9152621905916396,0.6880116427142078,0.9957057916758423,1.2449631915117334
69a4b3d15a5bf0d0e43e,155,7,37,0.2967741935483871,3,0,集中针对型,1.7906970516562675,0.7925750591752834,0.9978133011612125,0.7858119311445027
6abeead45fd57abadaff,118,10,38,0.5254237288135594,3,0,集中针对型,1.7906970516562675,0.7925750591752834,0.9978133011612125,0.7858119311445027
5e89fad73b2ada2a30bf,117,15,38,0.5811965811965812,3,2,探索尝试型,0.9152621905916396,0.6880116427142078,0.9957057916758423,1.2449631915117334
94066a900026329cd5cd,199,21,38,0.7135678391959799,4,0,集中针对型,1.7906970516562675,0.7925750591752834,0.9978133011612125,0.7858119311445027
e224221a9971f9f45489,163,20,38,0.7668711656441718,4,2,探索尝试型,0.9152621905916396,0.6880116427142078,0.9957057916758423,1.2449631915117334
0bb8692f43a372e8d967,96,22,38,0.6145833333333334,4,2,探索尝试型,0.9152621905916396,0.6880116427142078,0.9957057916758423,1.2449631915117334
c42aff1f9940e24491cc,85,14,38,0.7647058823529411,4,2,探索尝试型,0.9152621905916396,0.6880116427142078,0.9957057916758423,1.2449631915117334
a34fbbb7d9a19eb82450,92,22,38,0.7717391304347826,4,2,探索尝试型,0.9152621905916396,0.6880116427142078,0.9957057916758423,1.2449631915117334
3c71b62d597098c4cd18,87,16,38,0.6091954022988506,4,2,探索尝试型,0.9152621905916396,0.6880116427142078,0.9957057916758423,1.2449631915117334
43d34a076620e32fedfa,161,19,38,0.5341614906832298,4,0,集中针对型,1.7906970516562675,0.7925750591752834,0.9978133011612125,0.7858119311445027
eec0307b4d47609d6933,271,24,38,0.4575645756457565,4,0,集中针对型,1.7906970516562675,0.7925750591752834,0.9978133011612125,0.7858119311445027
d45eea92ed42431d9076,72,13,38,0.7638888888888888,4,2,探索尝试型,0.9152621905916396,0.6880116427142078,0.9957057916758423,1.2449631915117334
1f56b6bda24efafcf3a4,149,16,38,0.6845637583892618,4,2,探索尝试型,0.9152621905916396,0.6880116427142078,0.9957057916758423,1.2449631915117334
c682f6819dfbfc964bc7,148,13,38,0.6621621621621622,4,2,探索尝试型,0.9152621905916396,0.6880116427142078,0.9957057916758423,1.2449631915117334
81e59e96ce9bd6a76bdb,104,9,38,0.6538461538461539,3,2,探索尝试型,0.9152621905916396,0.6880116427142078,0.9957057916758423,1.2449631915117334
a96027a83196027cf822,127,11,38,0.7874015748031497,4,2,探索尝试型,0.9152621905916396,0.6880116427142078,0.9957057916758423,1.2449631915117334
f964ee6bca634319a68f,188,8,38,0.7074468085106383,3,2,探索尝试型,0.9152621905916396,0.6880116427142078,0.9957057916758423,1.2449631915117334
c35834f349db8ef7c591,195,14,38,0.7076923076923077,3,2,探索尝试型,0.9152621905916396,0.6880116427142078,0.9957057916758423,1.2449631915117334
7f91b4ad141d21887b79,153,14,38,0.5620915032679739,4,0,集中针对型,1.7906970516562675,0.7925750591752834,0.9978133011612125,0.7858119311445027
a11b89c60677835e450c,88,9,38,0.9318181818181818,4,2,探索尝试型,0.9152621905916396,0.6880116427142078,0.9957057916758423,1.2449631915117334
fe5cf715d9c94fc7779e,59,2,38,0.9152542372881356,2,2,探索尝试型,0.9152621905916396,0.6880116427142078,0.9957057916758423,1.2449631915117334
lf5hmkicbiuolk7khwwb,106,45,32,0.5943396226415094,4,1,探索尝试型,0.9557030191432443,2.333279456925812,0.8832420270005868,0.9771501791416927
4ewf46mylf75olvvihqj,89,47,33,0.6404494382022472,4,1,探索尝试型,0.9557030191432443,2.333279456925812,0.8832420270005868,0.9771501791416927
u2rchqp6tof1bkr07izf,90,47,34,0.6111111111111112,4,1,探索尝试型,0.9557030191432443,2.333279456925812,0.8832420270005868,0.9771501791416927
nrv5a6tr3ya2iv3p5xpo,98,47,35,0.6938775510204082,4,1,探索尝试型,0.9557030191432443,2.333279456925812,0.8832420270005868,0.9771501791416927
r7embk7pqzg5g5p245x4,104,50,35,0.6346153846153846,4,1,探索尝试型,0.9557030191432443,2.333279456925812,0.8832420270005868,0.9771501791416927
b2imd0ms1p4fxkfcpygc,86,43,33,0.6744186046511628,4,1,探索尝试型,0.9557030191432443,2.333279456925812,0.8832420270005868,0.9771501791416927
jv67r7eqa9z2a1777eex,106,46,33,0.6792452830188679,4,1,探索尝试型,0.9557030191432443,2.333279456925812,0.8832420270005868,0.9771501791416927
8jo5o2abn697lg482k0e,90,48,33,0.5888888888888889,4,1,探索尝试型,0.9557030191432443,2.333279456925812,0.8832420270005868,0.9771501791416927
ezdogkk0jqt4nvvvbnxp,93,49,36,0.5913978494623656,4,1,探索尝试型,0.9557030191432443,2.333279456925812,0.8832420270005868,0.9771501791416927
p9enp5lzhiufas1xpd8p,91,39,33,0.5604395604395604,4,1,探索尝试型,0.9557030191432443,2.333279456925812,0.8832420270005868,0.9771501791416927
wf7yq9n2spgto3w5ad9r,95,49,34,0.6631578947368421,4,1,探索尝试型,0.9557030191432443,2.333279456925812,0.8832420270005868,0.9771501791416927
lx7vfcjhdxzh2wkt42hc,106,47,37,0.5943396226415094,4,1,探索尝试型,0.9557030191432443,2.333279456925812,0.8832420270005868,0.9771501791416927
orgvbr9mbmfo4z8tbsa3,99,42,35,0.5959595959595959,4,1,探索尝试型,0.9557030191432443,2.333279456925812,0.8832420270005868,0.9771501791416927
3w0b2b1gz9i1nhmtab7s,102,44,36,0.6274509803921569,4,1,探索尝试型,0.9557030191432443,2.333279456925812,0.8832420270005868,0.9771501791416927
5jxldd3plo4x6oq140l5,125,54,35,0.696,4,1,探索尝试型,0.9557030191432443,2.333279456925812,0.8832420270005868,0.9771501791416927
22fey6dqzcrm0jbtfnmm,108,52,36,0.7407407407407407,4,1,探索尝试型,0.9557030191432443,2.333279456925812,0.8832420270005868,0.9771501791416927
4atjmlccken75lck9ffp,79,42,31,0.620253164556962,4,1,探索尝试型,0.9557030191432443,2.333279456925812,0.8832420270005868,0.9771501791416927
tuidsy7wcktf3jppecp5,114,49,35,0.6403508771929824,4,1,探索尝试型,0.9557030191432443,2.333279456925812,0.8832420270005868,0.9771501791416927
r3uk44zat2tcyj5wmojt,114,51,34,0.6052631578947368,4,1,探索尝试型,0.9557030191432443,2.333279456925812,0.8832420270005868,0.9771501791416927
k1r03pvvsv9zxrft5jgi,114,52,31,0.5877192982456141,4,1,探索尝试型,0.9557030191432443,2.333279456925812,0.8832420270005868,0.9771501791416927
5ez4c53h3kdamnlvkpna,101,45,35,0.6336633663366337,4,1,探索尝试型,0.9557030191432443,2.333279456925812,0.8832420270005868,0.9771501791416927
p10d5vx8mpn0v82i51gp,104,47,36,0.6826923076923077,4,1,探索尝试型,0.9557030191432443,2.333279456925812,0.8832420270005868,0.9771501791416927
cmy2w5due4kl6pn6uia5,88,44,35,0.5681818181818182,4,1,探索尝试型,0.9557030191432443,2.333279456925812,0.8832420270005868,0.9771501791416927
dwg6k0ka5vuwzo5h11m0,104,46,34,0.6538461538461539,4,1,探索尝试型,0.9557030191432443,2.333279456925812,0.8832420270005868,0.9771501791416927
4oqxw56hzk4fk8aqh3e0,97,50,35,0.6185567010309279,4,1,探索尝试型,0.9557030191432443,2.333279456925812,0.8832420270005868,0.9771501791416927
wu3cwt7cavxrllp6s123,110,44,33,0.6090909090909091,4,1,探索尝试型,0.9557030191432443,2.333279456925812,0.8832420270005868,0.9771501791416927
70ym0xeqaqmx14dv6myx,104,44,36,0.5673076923076923,4,1,探索尝试型,0.9557030191432443,2.333279456925812,0.8832420270005868,0.9771501791416927
6ixkthdoadcwip3r1sy2,105,48,36,0.6190476190476191,4,1,探索尝试型,0.9557030191432443,2.333279456925812,0.8832420270005868,0.9771501791416927
sf30f3p1koevnfztc2pd,99,48,34,0.6565656565656566,4,1,探索尝试型,0.9557030191432443,2.333279456925812,0.8832420270005868,0.9771501791416927
skyax9iocbd5gzronpru,118,52,34,0.711864406779661,4,1,探索尝试型,0.9557030191432443,2.333279456925812,0.8832420270005868,0.9771501791416927
s97masc6nt48h4ly8s1w,100,47,35,0.58,4,1,探索尝试型,0.9557030191432443,2.333279456925812,0.8832420270005868,0.9771501791416927
gzthlilac9ixoayq02u1,111,49,34,0.6666666666666666,4,1,探索尝试型,0.9557030191432443,2.333279456925812,0.8832420270005868,0.9771501791416927
i8lx9f5ut0kaz120j30d,90,45,35,0.5666666666666667,4,1,探索尝试型,0.9557030191432443,2.333279456925812,0.8832420270005868,0.9771501791416927
d4geyy1ox6qzlz4ibz0z,92,46,32,0.6086956521739131,4,1,探索尝试型,0.9557030191432443,2.333279456925812,0.8832420270005868,0.9771501791416927
sushd67p0jy6f04a3h0m,96,46,35,0.6145833333333334,4,1,探索尝试型,0.9557030191432443,2.333279456925812,0.8832420270005868,0.9771501791416927
510a90cd169e2eb042ab,298,25,38,0.3523489932885906,4,0,集中针对型,1.7906970516562675,0.7925750591752834,0.9978133011612125,0.7858119311445027
2959d8017312337a2ba6,290,29,38,0.5344827586206896,4,0,集中针对型,1.7906970516562675,0.7925750591752834,0.9978133011612125,0.7858119311445027
07e3362d20ff4337671b,100,12,38,0.73,3,2,探索尝试型,0.9152621905916396,0.6880116427142078,0.9957057916758423,1.2449631915117334
b6ed77b2b3283f9379c8,308,5,38,0.4318181818181818,1,0,集中针对型,1.7906970516562675,0.7925750591752834,0.9978133011612125,0.7858119311445027
09dfa3f18e48917f0242,244,17,38,0.29098360655737704,3,0,集中针对型,1.7906970516562675,0.7925750591752834,0.9978133011612125,0.7858119311445027
dba2bc2a15c1e8d696fe,80,10,38,0.6375,3,2,探索尝试型,0.9152621905916396,0.6880116427142078,0.9957057916758423,1.2449631915117334
ca66ab7e59628143cf1e,72,2,38,0.5972222222222222,2,2,探索尝试型,0.9152621905916396,0.6880116427142078,0.9957057916758423,1.2449631915117334
4a7f53c0a376edadf38a,154,12,38,0.37662337662337664,3,0,集中针对型,1.7906970516562675,0.7925750591752834,0.9978133011612125,0.7858119311445027
bfcf5965e6024248f0a3,94,4,38,0.425531914893617,2,0,集中针对型,1.7906970516562675,0.7925750591752834,0.9978133011612125,0.7858119311445027
4156dc6090d72c95c23b,76,6,38,0.5394736842105263,2,2,探索尝试型,0.9152621905916396,0.6880116427142078,0.9957057916758423,1.2449631915117334
1b36a3223f9dd94a211f,156,33,38,0.6666666666666666,4,2,探索尝试型,0.9152621905916396,0.6880116427142078,0.9957057916758423,1.2449631915117334
8cdbc02c05d6ebafa9eb,75,23,38,0.8266666666666667,3,2,探索尝试型,0.9152621905916396,0.6880116427142078,0.9957057916758423,1.2449631915117334
390d1fc3b78420815190,152,20,38,0.7039473684210527,4,2,探索尝试型,0.9152621905916396,0.6880116427142078,0.9957057916758423,1.2449631915117334
c7c79725138f07b9c265,348,14,38,0.5660919540229885,2,0,集中针对型,1.7906970516562675,0.7925750591752834,0.9978133011612125,0.7858119311445027
b92448e12093e45dc6ff,210,23,38,0.4,3,0,集中针对型,1.7906970516562675,0.7925750591752834,0.9978133011612125,0.7858119311445027
28d90a892cc66338f962,121,14,38,0.7024793388429752,4,2,探索尝试型,0.9152621905916396,0.6880116427142078,0.9957057916758423,1.2449631915117334
3a9d955e2ef47191a742,161,16,38,0.8385093167701864,4,2,探索尝试型,0.9152621905916396,0.6880116427142078,0.9957057916758423,1.2449631915117334
1096bd470d3ddff1ec1c,150,16,38,0.52,3,0,集中针对型,1.7906970516562675,0.7925750591752834,0.9978133011612125,0.7858119311445027
8b586d8b9c06414b2487,200,17,38,0.435,4,0,集中针对型,1.7906970516562675,0.7925750591752834,0.9978133011612125,0.7858119311445027
cc317db3f3bb874542a7,141,15,38,0.4397163120567376,4,0,集中针对型,1.7906970516562675,0.7925750591752834,0.9978133011612125,0.7858119311445027
1224ceafb61456a033d0,122,7,38,0.47540983606557374,2,0,集中针对型,1.7906970516562675,0.7925750591752834,0.9978133011612125,0.7858119311445027
29acddb87cfe062d73f5,130,17,38,0.4230769230769231,4,0,集中针对型,1.7906970516562675,0.7925750591752834,0.9978133011612125,0.7858119311445027
e103cf810dfba59d0431,138,9,38,0.3333333333333333,2,0,集中针对型,1.7906970516562675,0.7925750591752834,0.9978133011612125,0.7858119311445027
25c8e1ae2335e8c3e5b3,226,21,38,0.3230088495575221,4,0,集中针对型,1.7906970516562675,0.7925750591752834,0.9978133011612125,0.7858119311445027
b8a4fd679898150ef87a,332,31,38,0.4307228915662651,4,0,集中针对型,1.7906970516562675,0.7925750591752834,0.9978133011612125,0.7858119311445027
80423084979315c20dbf,163,11,38,0.27607361963190186,3,0,集中针对型,1.7906970516562675,0.7925750591752834,0.9978133011612125,0.7858119311445027
217c87d59a4372c4f3fc,207,7,38,0.3188405797101449,2,0,集中针对型,1.7906970516562675,0.7925750591752834,0.9978133011612125,0.7858119311445027
e199ddadaaf5aee02eb8,153,21,38,0.3790849673202614,4,0,集中针对型,1.7906970516562675,0.7925750591752834,0.9978133011612125,0.7858119311445027
5ada57d72f07c3803d33,122,6,38,0.5163934426229508,3,0,集中针对型,1.7906970516562675,0.7925750591752834,0.9978133011612125,0.7858119311445027
f1c1c0932bfeb74762d0,313,23,38,0.3450479233226837,3,0,集中针对型,1.7906970516562675,0.7925750591752834,0.9978133011612125,0.7858119311445027
b21ec59d991586279d95,214,19,37,0.2757009345794392,3,0,集中针对型,1.7906970516562675,0.7925750591752834,0.9978133011612125,0.7858119311445027
e28711e2f5500d3d6b04,448,23,38,0.42410714285714285,4,0,集中针对型,1.7906970516562675,0.7925750591752834,0.9978133011612125,0.7858119311445027
0d260d8fac2289c8ed9e,149,27,38,0.6510067114093959,4,2,探索尝试型,0.9152621905916396,0.6880116427142078,0.9957057916758423,1.2449631915117334
4c79be630ae9d3db6aaf,179,14,38,0.4245810055865922,3,0,集中针对型,1.7906970516562675,0.7925750591752834,0.9978133011612125,0.7858119311445027
5e12a0421c20717035cb,252,19,38,0.32142857142857145,4,0,集中针对型,1.7906970516562675,0.7925750591752834,0.9978133011612125,0.7858119311445027
7207088b2ef28ff6b669,89,18,36,0.7640449438202247,3,2,探索尝试型,0.9152621905916396,0.6880116427142078,0.9957057916758423,1.2449631915117334
c24bc0aaf20c79d2dfda,130,4,38,0.4153846153846154,3,0,集中针对型,1.7906970516562675,0.7925750591752834,0.9978133011612125,0.7858119311445027
24524df0ca55659c384e,164,29,38,0.47560975609756095,4,0,集中针对型,1.7906970516562675,0.7925750591752834,0.9978133011612125,0.7858119311445027
be24259f2867b231800d,126,16,38,0.42063492063492064,4,0,集中针对型,1.7906970516562675,0.7925750591752834,0.9978133011612125,0.7858119311445027
e7958857e7d2292ffbc7,124,14,37,0.45161290322580644,4,0,集中针对型,1.7906970516562675,0.7925750591752834,0.9978133011612125,0.7858119311445027
86366c9920186cc4d1a3,156,11,38,0.5064102564102564,4,0,集中针对型,1.7906970516562675,0.7925750591752834,0.9978133011612125,0.7858119311445027
767e222eeb367b2b010f,256,26,38,0.453125,4,0,集中针对型,1.7906970516562675,0.7925750591752834,0.9978133011612125,0.7858119311445027
46a60ed041c8ebf98061,74,11,38,0.6486486486486487,3,2,探索尝试型,0.9152621905916396,0.6880116427142078,0.9957057916758423,1.2449631915117334
54342435561e775ce97f,165,27,38,0.8848484848484849,3,2,探索尝试型,0.9152621905916396,0.6880116427142078,0.9957057916758423,1.2449631915117334
78e6c80ea8dc73ec747d,58,9,38,0.6896551724137931,3,2,探索尝试型,0.9152621905916396,0.6880116427142078,0.9957057916758423,1.2449631915117334
f50dcd09709383fea95f,170,13,38,0.4,4,0,集中针对型,1.7906970516562675,0.7925750591752834,0.9978133011612125,0.7858119311445027
ade35014b25afed24916,111,15,38,0.36936936936936937,3,0,集中针对型,1.7906970516562675,0.7925750591752834,0.9978133011612125,0.7858119311445027
914f82268754cbf71a54,90,14,38,0.6222222222222222,3,2,探索尝试型,0.9152621905916396,0.6880116427142078,0.9957057916758423,1.2449631915117334
c0884e4814b0f32935f8,49,5,38,0.8367346938775511,2,2,探索尝试型,0.9152621905916396,0.6880116427142078,0.9957057916758423,1.2449631915117334
a87767892344a954c746,180,19,38,0.6277777777777778,2,0,集中针对型,1.7906970516562675,0.7925750591752834,0.9978133011612125,0.7858119311445027
8f81bd9cbc5471ebfc60,242,20,38,0.5743801652892562,2,0,集中针对型,1.7906970516562675,0.7925750591752834,0.9978133011612125,0.7858119311445027
vwyziyyebvsje4dqjsrp,96,21,38,0.71875,3,2,探索尝试型,0.9152621905916396,0.6880116427142078,0.9957057916758423,1.2449631915117334
5c83f4ed6601ddf1a6fa,93,8,38,0.5483870967741935,4,2,探索尝试型,0.9152621905916396,0.6880116427142078,0.9957057916758423,1.2449631915117334
0999173c045ee29a0b44,109,18,38,0.5412844036697247,3,2,探索尝试型,0.9152621905916396,0.6880116427142078,0.9957057916758423,1.2449631915117334
8f477d2c60ec76ce22b7,107,12,38,0.5794392523364486,3,2,探索尝试型,0.9152621905916396,0.6880116427142078,0.9957057916758423,1.2449631915117334
6604efc6fd93e070f40a,80,11,38,0.725,3,2,探索尝试型,0.9152621905916396,0.6880116427142078,0.9957057916758423,1.2449631915117334
1883af270e36a7580332,127,14,38,0.4409448818897638,4,0,集中针对型,1.7906970516562675,0.7925750591752834,0.9978133011612125,0.7858119311445027
a14b9aa97f66fc82ede3,159,17,38,0.5408805031446541,4,0,集中针对型,1.7906970516562675,0.7925750591752834,0.9978133011612125,0.7858119311445027
388090578f22a3c33738,79,16,38,0.7974683544303798,4,2,探索尝试型,0.9152621905916396,0.6880116427142078,0.9957057916758423,1.2449631915117334
1fc5b87acdfc2a8b580c,96,15,38,0.6770833333333334,3,2,探索尝试型,0.9152621905916396,0.6880116427142078,0.9957057916758423,1.2449631915117334
0b28c0a454678b75eefb,81,3,38,0.7530864197530864,3,2,探索尝试型,0.9152621905916396,0.6880116427142078,0.9957057916758423,1.2449631915117334
2e54b1c7bff5847c82a8,359,17,38,0.7688022284122563,2,0,集中针对型,1.7906970516562675,0.7925750591752834,0.9978133011612125,0.7858119311445027
869eacc999a52155ed53,147,15,38,0.673469387755102,2,2,探索尝试型,0.9152621905916396,0.6880116427142078,0.9957057916758423,1.2449631915117334
dfa917b9dc15c87ab016,395,11,38,0.5215189873417722,2,0,集中针对型,1.7906970516562675,0.7925750591752834,0.9978133011612125,0.7858119311445027
ed5a13234f04cae4894d,52,9,38,0.7115384615384616,2,2,探索尝试型,0.9152621905916396,0.6880116427142078,0.9957057916758423,1.2449631915117334
cby6hsod14blxr7zyfjs,103,58,34,0.5728155339805825,4,1,探索尝试型,0.9557030191432443,2.333279456925812,0.8832420270005868,0.9771501791416927
gm1xiqmop9j2d2acc2jg,104,54,35,0.5,4,1,探索尝试型,0.9557030191432443,2.333279456925812,0.8832420270005868,0.9771501791416927
lqm8jh0uggps7yd0lx2x,97,57,35,0.4948453608247423,4,1,探索尝试型,0.9557030191432443,2.333279456925812,0.8832420270005868,0.9771501791416927
7ae6jy1vw15ppmnq6sba,101,63,35,0.43564356435643564,4,1,探索尝试型,0.9557030191432443,2.333279456925812,0.8832420270005868,0.9771501791416927
quam8ci0euq2dz8xldzz,116,57,34,0.5086206896551724,4,1,探索尝试型,0.9557030191432443,2.333279456925812,0.8832420270005868,0.9771501791416927
d16ht4y29lrac1brhwm1,99,62,33,0.5252525252525253,4,1,探索尝试型,0.9557030191432443,2.333279456925812,0.8832420270005868,0.9771501791416927
preni1j2j1gkvq1knpag,93,60,34,0.44086021505376344,4,1,探索尝试型,0.9557030191432443,2.333279456925812,0.8832420270005868,0.9771501791416927
uem908xkm2x04s4iu84k,108,53,34,0.5277777777777778,4,1,探索尝试型,0.9557030191432443,2.333279456925812,0.8832420270005868,0.9771501791416927
nd9xpohv0s4ttw0o7fts,100,59,34,0.49,4,1,探索尝试型,0.9557030191432443,2.333279456925812,0.8832420270005868,0.9771501791416927
ny6yox8nvtlotclebkk8,103,58,34,0.46601941747572817,4,1,探索尝试型,0.9557030191432443,2.333279456925812,0.8832420270005868,0.9771501791416927
hpb03ydulnt2b9ffa0j2,115,57,33,0.5478260869565217,4,1,探索尝试型,0.9557030191432443,2.333279456925812,0.8832420270005868,0.9771501791416927
ggweeccb6anw0j3y32t0,117,58,33,0.5042735042735043,4,1,探索尝试型,0.9557030191432443,2.333279456925812,0.8832420270005868,0.9771501791416927
2krjeqjgjqfuumdo3ibt,98,51,36,0.5510204081632653,4,1,探索尝试型,0.9557030191432443,2.333279456925812,0.8832420270005868,0.9771501791416927
jj1jl4nhnkxllubypoq3,94,56,35,0.48936170212765956,4,1,探索尝试型,0.9557030191432443,2.333279456925812,0.8832420270005868,0.9771501791416927
1n42senfkcjopw1zh39l,99,57,36,0.45454545454545453,4,1,探索尝试型,0.9557030191432443,2.333279456925812,0.8832420270005868,0.9771501791416927
xw0r5n17yfqv2va40bhi,107,58,35,0.4205607476635514,4,1,探索尝试型,0.9557030191432443,2.333279456925812,0.8832420270005868,0.9771501791416927
4erna0vkk9gu5umle1se,109,60,33,0.5137614678899083,4,1,探索尝试型,0.9557030191432443,2.333279456925812,0.8832420270005868,0.9771501791416927
l41f9f1gb0y5rxcqfv64,93,54,30,0.4838709677419355,4,1,探索尝试型,0.9557030191432443,2.333279456925812,0.8832420270005868,0.9771501791416927
0txd5enpfmbrth46w74b,95,56,34,0.5052631578947369,4,1,探索尝试型,0.9557030191432443,2.333279456925812,0.8832420270005868,0.9771501791416927
fvqo3hum9a1rl6rxbyre,109,59,33,0.44036697247706424,4,1,探索尝试型,0.9557030191432443,2.333279456925812,0.8832420270005868,0.9771501791416927
22wb5ostye8edvfar59p,120,56,37,0.5083333333333333,4,1,探索尝试型,0.9557030191432443,2.333279456925812,0.8832420270005868,0.9771501791416927
g4l5baozrnfblxayrhox,109,62,35,0.5596330275229358,4,1,探索尝试型,0.9557030191432443,2.333279456925812,0.8832420270005868,0.9771501791416927
4bq1kdgygbtif8w80s5y,106,58,36,0.46226415094339623,4,1,探索尝试型,0.9557030191432443,2.333279456925812,0.8832420270005868,0.9771501791416927
ec5zb47nxjbuzemc81p0,114,64,33,0.5,4,1,探索尝试型,0.9557030191432443,2.333279456925812,0.8832420270005868,0.9771501791416927
rd4p70jwu852pbdjwl2d,110,61,34,0.6272727272727273,4,1,探索尝试型,0.9557030191432443,2.333279456925812,0.8832420270005868,0.9771501791416927
59bybxqvhton27u0jtfm,103,58,33,0.4368932038834951,4,1,探索尝试型,0.9557030191432443,2.333279456925812,0.8832420270005868,0.9771501791416927
ljylby8inwh5b93wkean,107,59,32,0.514018691588785,4,1,探索尝试型,0.9557030191432443,2.333279456925812,0.8832420270005868,0.9771501791416927
f5j3cojh9fr5gvylr0yi,112,62,34,0.48214285714285715,4,1,探索尝试型,0.9557030191432443,2.333279456925812,0.8832420270005868,0.9771501791416927
xlp4p1b56hrhhyr2y3kd,102,62,35,0.47058823529411764,4,1,探索尝试型,0.9557030191432443,2.333279456925812,0.8832420270005868,0.9771501791416927
ygoahstwe9gz9w87qncs,93,54,34,0.5161290322580645,4,1,探索尝试型,0.9557030191432443,2.333279456925812,0.8832420270005868,0.9771501791416927
hkk3qiui3e3r969oyfhf,114,55,35,0.4824561403508772,4,1,探索尝试型,0.9557030191432443,2.333279456925812,0.8832420270005868,0.9771501791416927
bgvt5n1h0qt51ze0md7w,85,51,31,0.3764705882352941,4,1,探索尝试型,0.9557030191432443,2.333279456925812,0.8832420270005868,0.9771501791416927
x7xh8m5fvmipvkav1cb4,107,58,34,0.5327102803738317,4,1,探索尝试型,0.9557030191432443,2.333279456925812,0.8832420270005868,0.9771501791416927
0lgtv09uoh3ova8sjbze,119,67,35,0.4789915966386555,4,1,探索尝试型,0.9557030191432443,2.333279456925812,0.8832420270005868,0.9771501791416927
me044us8pj1824r4dye2,117,62,33,0.41025641025641024,4,1,探索尝试型,0.9557030191432443,2.333279456925812,0.8832420270005868,0.9771501791416927
4aa8ff74dc576b7adbcd,233,18,38,0.8369098712446352,4,2,探索尝试型,0.9152621905916396,0.6880116427142078,0.9957057916758423,1.2449631915117334
792e3326f0d9f68389d9,241,16,38,0.3651452282157676,4,0,集中针对型,1.7906970516562675,0.7925750591752834,0.9978133011612125,0.7858119311445027
9b913075e93b2b788102,328,21,38,0.45426829268292684,4,0,集中针对型,1.7906970516562675,0.7925750591752834,0.9978133011612125,0.7858119311445027
1c2aef3af32f6323a31d,136,11,38,0.4632352941176471,3,0,集中针对型,1.7906970516562675,0.7925750591752834,0.9978133011612125,0.7858119311445027
9f0ce6d4cdf9d1772417,116,18,38,0.6724137931034483,4,2,探索尝试型,0.9152621905916396,0.6880116427142078,0.9957057916758423,1.2449631915117334
4e693829528e3e7de62a,567,40,38,0.7019400352733686,4,0,集中针对型,1.7906970516562675,0.7925750591752834,0.9978133011612125,0.7858119311445027
2c27d4de6ae130e7e242,339,28,38,0.48672566371681414,4,0,集中针对型,1.7906970516562675,0.7925750591752834,0.9978133011612125,0.7858119311445027
2b3492096a4d12bb86cd,106,24,20,0.6415094339622641,3,1,探索尝试型,0.9557030191432443,2.333279456925812,0.8832420270005868,0.9771501791416927
f8c2f04e8e116f0fd237,251,28,38,0.4900398406374502,4,0,集中针对型,1.7906970516562675,0.7925750591752834,0.9978133011612125,0.7858119311445027
2a6394114c31a10dc92b,326,29,38,0.48466257668711654,4,0,集中针对型,1.7906970516562675,0.7925750591752834,0.9978133011612125,0.7858119311445027
0559e9cf806dab4cc20d,180,28,38,0.5277777777777778,3,0,集中针对型,1.7906970516562675,0.7925750591752834,0.9978133011612125,0.7858119311445027
6c14ce386a9cda72549c,218,32,38,0.8394495412844036,3,2,探索尝试型,0.9152621905916396,0.6880116427142078,0.9957057916758423,1.2449631915117334
2007f4965d2aa6064a25,123,31,38,0.7317073170731707,3,2,探索尝试型,0.9152621905916396,0.6880116427142078,0.9957057916758423,1.2449631915117334
6fa0b38bfd05105503a1,169,17,38,0.5325443786982249,3,0,集中针对型,1.7906970516562675,0.7925750591752834,0.9978133011612125,0.7858119311445027
3e4e608ace87fe97bdb5,105,18,38,0.7523809523809524,4,2,探索尝试型,0.9152621905916396,0.6880116427142078,0.9957057916758423,1.2449631915117334
d554e419f820fa5cb0ca,92,11,38,0.8260869565217391,2,2,探索尝试型,0.9152621905916396,0.6880116427142078,0.9957057916758423,1.2449631915117334
b8d20bc2e0d3d86f5613,111,13,38,0.7747747747747747,3,2,探索尝试型,0.9152621905916396,0.6880116427142078,0.9957057916758423,1.2449631915117334
df62b7675d1fdb8e6b11,98,11,38,0.8877551020408163,2,2,探索尝试型,0.9152621905916396,0.6880116427142078,0.9957057916758423,1.2449631915117334
ff63c210b94623453b5f,202,17,38,0.39603960396039606,4,0,集中针对型,1.7906970516562675,0.7925750591752834,0.9978133011612125,0.7858119311445027
a2f48a796e250a14ff55,259,18,38,0.5444015444015444,3,0,集中针对型,1.7906970516562675,0.7925750591752834,0.9978133011612125,0.7858119311445027
8975db410fd78d462688,98,9,38,0.8979591836734694,2,2,探索尝试型,0.9152621905916396,0.6880116427142078,0.9957057916758423,1.2449631915117334
dac03bcbefc3a08c8b50,74,7,38,0.527027027027027,3,2,探索尝试型,0.9152621905916396,0.6880116427142078,0.9957057916758423,1.2449631915117334
db0241cf536c2174d9ed,137,13,38,0.5693430656934306,4,0,集中针对型,1.7906970516562675,0.7925750591752834,0.9978133011612125,0.7858119311445027
d7464b55181ef45e2d63,177,25,38,0.3615819209039548,4,0,集中针对型,1.7906970516562675,0.7925750591752834,0.9978133011612125,0.7858119311445027
663aff87732c52f0e342,420,18,38,0.35714285714285715,4,0,集中针对型,1.7906970516562675,0.7925750591752834,0.9978133011612125,0.7858119311445027
c3beec92b66ff78a6ba9,175,16,38,0.42857142857142855,4,0,集中针对型,1.7906970516562675,0.7925750591752834,0.9978133011612125,0.7858119311445027
7535fe5ae754da62a534,87,13,38,0.6206896551724138,3,2,探索尝试型,0.9152621905916396,0.6880116427142078,0.9957057916758423,1.2449631915117334
d9dfc134efd3826bdaed,104,22,38,0.7211538461538461,4,2,探索尝试型,0.9152621905916396,0.6880116427142078,0.9957057916758423,1.2449631915117334
e2ea6dbbe90983dbb208,176,8,38,0.44886363636363635,2,0,集中针对型,1.7906970516562675,0.7925750591752834,0.9978133011612125,0.7858119311445027
6efd2d79656d1b056f72,169,17,38,0.5207100591715976,3,0,集中针对型,1.7906970516562675,0.7925750591752834,0.9978133011612125,0.7858119311445027
d5067bceac0ffa5e4704,72,14,38,0.5694444444444444,3,2,探索尝试型,0.9152621905916396,0.6880116427142078,0.9957057916758423,1.2449631915117334
ebe7a295f61c831b0093,122,9,38,0.7868852459016393,3,2,探索尝试型,0.9152621905916396,0.6880116427142078,0.9957057916758423,1.2449631915117334
fc916744a3bd5120978f,99,10,38,0.7474747474747475,2,2,探索尝试型,0.9152621905916396,0.6880116427142078,0.9957057916758423,1.2449631915117334
7c30aec52f13bebe07a6,76,13,38,0.7105263157894737,3,2,探索尝试型,0.9152621905916396,0.6880116427142078,0.9957057916758423,1.2449631915117334
2d9a38c93e37bc475cb6,107,13,38,0.6542056074766355,2,2,探索尝试型,0.9152621905916396,0.6880116427142078,0.9957057916758423,1.2449631915117334
a1a127e2bf29c380819c,83,9,38,0.8674698795180723,2,2,探索尝试型,0.9152621905916396,0.6880116427142078,0.9957057916758423,1.2449631915117334
2c7d02c44b47e3d24d52,73,7,38,0.6986301369863014,3,2,探索尝试型,0.9152621905916396,0.6880116427142078,0.9957057916758423,1.2449631915117334
ce9dd8f1570caa0d6f5b,219,22,38,0.3013698630136986,3,0,集中针对型,1.7906970516562675,0.7925750591752834,0.9978133011612125,0.7858119311445027
7c039dde693a18f3a834,116,9,38,0.5172413793103449,3,0,集中针对型,1.7906970516562675,0.7925750591752834,0.9978133011612125,0.7858119311445027
hjcfqm1yfzh8s77mo3ec,105,53,29,0.580952380952381,4,1,探索尝试型,0.9557030191432443,2.333279456925812,0.8832420270005868,0.9771501791416927
1hues7esy9erdsses6m0,103,54,35,0.49514563106796117,4,1,探索尝试型,0.9557030191432443,2.333279456925812,0.8832420270005868,0.9771501791416927
p58nsuk0hj5uh2xk2k9p,99,54,36,0.5252525252525253,4,1,探索尝试型,0.9557030191432443,2.333279456925812,0.8832420270005868,0.9771501791416927
5l1b1ma70rilf7mojch5,114,58,36,0.5614035087719298,4,1,探索尝试型,0.9557030191432443,2.333279456925812,0.8832420270005868,0.9771501791416927
zylvq01zq0hxavbvsd2f,116,51,36,0.5948275862068966,4,1,探索尝试型,0.9557030191432443,2.333279456925812,0.8832420270005868,0.9771501791416927
n1nh33yq3nhwt4mx36yc,107,61,34,0.6635514018691588,4,1,探索尝试型,0.9557030191432443,2.333279456925812,0.8832420270005868,0.9771501791416927
jtbq3gkfw2tcsjvfwm56,106,63,37,0.6226415094339622,4,1,探索尝试型,0.9557030191432443,2.333279456925812,0.8832420270005868,0.9771501791416927
oriig6s6fmvi4f7mxamy,112,48,35,0.5625,4,1,探索尝试型,0.9557030191432443,2.333279456925812,0.8832420270005868,0.9771501791416927
i3b6qk80m9jqwgft968o,103,48,33,0.5728155339805825,4,1,探索尝试型,0.9557030191432443,2.333279456925812,0.8832420270005868,0.9771501791416927
2svwdpmdpjsdzafekntw,87,52,32,0.5632183908045977,4,1,探索尝试型,0.9557030191432443,2.333279456925812,0.8832420270005868,0.9771501791416927
e9vzigim3qs88f721ohz,106,50,32,0.5660377358490566,4,1,探索尝试型,0.9557030191432443,2.333279456925812,0.8832420270005868,0.9771501791416927
8rsw4xhmff15occogf32,122,54,36,0.5491803278688525,4,1,探索尝试型,0.9557030191432443,2.333279456925812,0.8832420270005868,0.9771501791416927
siv6gzi7una85o8fzrwi,108,55,32,0.5277777777777778,4,1,探索尝试型,0.9557030191432443,2.333279456925812,0.8832420270005868,0.9771501791416927
tbypawuj167ycyvg8sc2,107,52,37,0.5233644859813084,4,1,探索尝试型,0.9557030191432443,2.333279456925812,0.8832420270005868,0.9771501791416927
y0bdtutppfdzzttzq8dy,96,50,35,0.59375,4,1,探索尝试型,0.9557030191432443,2.333279456925812,0.8832420270005868,0.9771501791416927
ti44fbogdeqbfflbizj7,99,50,35,0.6161616161616161,4,1,探索尝试型,0.9557030191432443,2.333279456925812,0.8832420270005868,0.9771501791416927
5rxl72n8rmnxwrxcss0q,98,56,33,0.6428571428571429,4,1,探索尝试型,0.9557030191432443,2.333279456925812,0.8832420270005868,0.9771501791416927
ipd72mytvphpd9tcejgb,106,54,32,0.5660377358490566,4,1,探索尝试型,0.9557030191432443,2.333279456925812,0.8832420270005868,0.9771501791416927
0dapvs3h4h3h1ahmt2o8,118,58,37,0.5169491525423728,4,1,探索尝试型,0.9557030191432443,2.333279456925812,0.8832420270005868,0.9771501791416927
95jqkrj6zv7qf1wz1p8e,102,55,34,0.5588235294117647,4,1,探索尝试型,0.9557030191432443,2.333279456925812,0.8832420270005868,0.9771501791416927
jivt017uwst4sg4fqlek,102,53,34,0.5490196078431373,4,1,探索尝试型,0.9557030191432443,2.333279456925812,0.8832420270005868,0.9771501791416927
81kmylu471y1njt1pin3,118,57,37,0.4661016949152542,4,1,探索尝试型,0.9557030191432443,2.333279456925812,0.8832420270005868,0.9771501791416927
9jq31h6i3ny1lx0mx89e,136,58,36,0.5220588235294118,4,1,探索尝试型,0.9557030191432443,2.333279456925812,0.8832420270005868,0.9771501791416927
cm2celd9hmos24j2a5cg,88,43,34,0.6363636363636364,4,1,探索尝试型,0.9557030191432443,2.333279456925812,0.8832420270005868,0.9771501791416927
wmes720kojsggeq71m5y,116,50,36,0.5,4,1,探索尝试型,0.9557030191432443,2.333279456925812,0.8832420270005868,0.9771501791416927
8nqoz5k93j7it8w0muhl,112,58,32,0.5982142857142857,4,1,探索尝试型,0.9557030191432443,2.333279456925812,0.8832420270005868,0.9771501791416927
6qp85ufr2o1zg8k0cvtb,90,43,33,0.6222222222222222,4,1,探索尝试型,0.9557030191432443,2.333279456925812,0.8832420270005868,0.9771501791416927
5zczdtyecu2w495j80xv,102,50,35,0.5980392156862745,4,1,探索尝试型,0.9557030191432443,2.333279456925812,0.8832420270005868,0.9771501791416927
bt192zri52uj2flwikrw,106,50,36,0.5471698113207547,4,1,探索尝试型,0.9557030191432443,2.333279456925812,0.8832420270005868,0.9771501791416927
10xnkvdetxarrkdhx4i9,101,59,36,0.5643564356435643,4,1,探索尝试型,0.9557030191432443,2.333279456925812,0.8832420270005868,0.9771501791416927
k8d21tlgxmu6i35atvub,112,54,35,0.5535714285714286,4,1,探索尝试型,0.9557030191432443,2.333279456925812,0.8832420270005868,0.9771501791416927
vd2j77wynysztt2wbv2v,86,51,34,0.5697674418604651,4,1,探索尝试型,0.9557030191432443,2.333279456925812,0.8832420270005868,0.9771501791416927
4ycyhj8tyx2b17fcx29j,113,47,34,0.5929203539823009,4,1,探索尝试型,0.9557030191432443,2.333279456925812,0.8832420270005868,0.9771501791416927
qol4cum3ewnz45dzpijx,102,52,36,0.6078431372549019,4,1,探索尝试型,0.9557030191432443,2.333279456925812,0.8832420270005868,0.9771501791416927
s8uk59p9w5ck47wlw3ea,97,50,34,0.5360824742268041,4,1,探索尝试型,0.9557030191432443,2.333279456925812,0.8832420270005868,0.9771501791416927
119b36a5797d5ce69625,130,25,38,0.6153846153846154,3,2,探索尝试型,0.9152621905916396,0.6880116427142078,0.9957057916758423,1.2449631915117334
ee07cc24589beb775d33,150,18,38,0.7066666666666667,2,2,探索尝试型,0.9152621905916396,0.6880116427142078,0.9957057916758423,1.2449631915117334
44c7cf3881ae07f7fb3e,139,10,38,0.5035971223021583,3,0,集中针对型,1.7906970516562675,0.7925750591752834,0.9978133011612125,0.7858119311445027
44c7cf3881ae07f7fb3eD,1,1,1,1.0,1,1,探索尝试型,0.9557030191432443,2.333279456925812,0.8832420270005868,0.9771501791416927
c681117f7f586fd730bb,133,15,38,0.7293233082706767,3,2,探索尝试型,0.9152621905916396,0.6880116427142078,0.9957057916758423,1.2449631915117334
1cfe33c5b178a0c2367f,91,11,38,0.6703296703296703,3,2,探索尝试型,0.9152621905916396,0.6880116427142078,0.9957057916758423,1.2449631915117334
6496d6268092ef8e7e9d,150,22,38,0.4666666666666667,3,0,集中针对型,1.7906970516562675,0.7925750591752834,0.9978133011612125,0.7858119311445027
5963ba5cd9d242a00e22,131,19,38,0.3816793893129771,3,0,集中针对型,1.7906970516562675,0.7925750591752834,0.9978133011612125,0.7858119311445027
00cbf05221bb479e66c3,148,19,38,0.4594594594594595,4,0,集中针对型,1.7906970516562675,0.7925750591752834,0.9978133011612125,0.7858119311445027
9a630f9e9f4ec26d8fcd,97,17,38,0.6804123711340206,4,2,探索尝试型,0.9152621905916396,0.6880116427142078,0.9957057916758423,1.2449631915117334
21e23771e52cb5291b19,276,32,38,0.3804347826086957,4,0,集中针对型,1.7906970516562675,0.7925750591752834,0.9978133011612125,0.7858119311445027
9c48779f6e97be993771,152,18,38,0.5986842105263158,3,0,集中针对型,1.7906970516562675,0.7925750591752834,0.9978133011612125,0.7858119311445027
9795edf22e930bc30fa4,200,15,38,0.75,3,2,探索尝试型,0.9152621905916396,0.6880116427142078,0.9957057916758423,1.2449631915117334
7742559d8e833fbcd326,168,10,38,0.5357142857142857,2,0,集中针对型,1.7906970516562675,0.7925750591752834,0.9978133011612125,0.7858119311445027
8a45d6748ec853f7694c,131,14,38,0.5954198473282443,3,2,探索尝试型,0.9152621905916396,0.6880116427142078,0.9957057916758423,1.2449631915117334
d3e269bf68d51851097c,171,21,38,0.6081871345029239,3,0,集中针对型,1.7906970516562675,0.7925750591752834,0.9978133011612125,0.7858119311445027
8f1ddd99ac8c59bbd788,115,14,38,0.808695652173913,3,2,探索尝试型,0.9152621905916396,0.6880116427142078,0.9957057916758423,1.2449631915117334
03b463f52c0fff35433b,62,13,38,0.8225806451612904,3,2,探索尝试型,0.9152621905916396,0.6880116427142078,0.9957057916758423,1.2449631915117334
b7f42d4b51972267680e,186,13,38,0.7956989247311828,3,2,探索尝试型,0.9152621905916396,0.6880116427142078,0.9957057916758423,1.2449631915117334
a1d00fdd7660b7e88077,105,14,38,0.8380952380952381,4,2,探索尝试型,0.9152621905916396,0.6880116427142078,0.9957057916758423,1.2449631915117334
ac7214620207dfdd149d,57,6,38,0.7368421052631579,3,2,探索尝试型,0.9152621905916396,0.6880116427142078,0.9957057916758423,1.2449631915117334
117ee98c7f916c88ddbb,160,18,38,0.55625,3,0,集中针对型,1.7906970516562675,0.7925750591752834,0.9978133011612125,0.7858119311445027
91439fcb2590c49dd20d,83,11,38,0.5783132530120482,3,2,探索尝试型,0.9152621905916396,0.6880116427142078,0.9957057916758423,1.2449631915117334
53d51965c40a54cff1a0,98,13,38,0.7653061224489796,4,2,探索尝试型,0.9152621905916396,0.6880116427142078,0.9957057916758423,1.2449631915117334
efd58fbebca61c41c881,38,3,36,1.0,3,2,探索尝试型,0.9152621905916396,0.6880116427142078,0.9957057916758423,1.2449631915117334
be75e05b9db5efb1258a,85,11,38,0.8941176470588236,3,2,探索尝试型,0.9152621905916396,0.6880116427142078,0.9957057916758423,1.2449631915117334
a337d5368b0d110803b1,74,15,38,0.6216216216216216,3,2,探索尝试型,0.9152621905916396,0.6880116427142078,0.9957057916758423,1.2449631915117334
204a7d6db340a3c18ca7,52,11,38,0.8653846153846154,3,2,探索尝试型,0.9152621905916396,0.6880116427142078,0.9957057916758423,1.2449631915117334
bf07cdd92f1ff3197397,168,33,38,0.44047619047619047,4,0,集中针对型,1.7906970516562675,0.7925750591752834,0.9978133011612125,0.7858119311445027
97442da123c449f6a146,116,15,38,0.5517241379310345,3,2,探索尝试型,0.9152621905916396,0.6880116427142078,0.9957057916758423,1.2449631915117334
cac84b1c3033872272f0,114,20,38,0.7105263157894737,3,2,探索尝试型,0.9152621905916396,0.6880116427142078,0.9957057916758423,1.2449631915117334
882ccee198e25b49b30d,529,21,38,0.43856332703213613,3,0,集中针对型,1.7906970516562675,0.7925750591752834,0.9978133011612125,0.7858119311445027
8068144149e4ba65ef38,181,20,38,0.5082872928176796,4,0,集中针对型,1.7906970516562675,0.7925750591752834,0.9978133011612125,0.7858119311445027
d035c324a020e7948fe8,124,20,38,0.7096774193548387,4,2,探索尝试型,0.9152621905916396,0.6880116427142078,0.9957057916758423,1.2449631915117334
e43a0e28d5cd6b54a2af,75,12,38,0.6,3,2,探索尝试型,0.9152621905916396,0.6880116427142078,0.9957057916758423,1.2449631915117334
3565d61f3efec69e611c,73,11,38,0.6575342465753424,3,2,探索尝试型,0.9152621905916396,0.6880116427142078,0.9957057916758423,1.2449631915117334
e7feb8599ea5f596aeac,101,29,38,0.7920792079207921,4,2,探索尝试型,0.9152621905916396,0.6880116427142078,0.9957057916758423,1.2449631915117334
8ca890875272aede0af5,110,19,38,0.7909090909090909,4,2,探索尝试型,0.9152621905916396,0.6880116427142078,0.9957057916758423,1.2449631915117334
2150588a5903d9a77b79,130,19,38,0.7307692307692307,3,2,探索尝试型,0.9152621905916396,0.6880116427142078,0.9957057916758423,1.2449631915117334
e2d7ee3637149f7087b2,179,18,38,0.2905027932960894,4,0,集中针对型,1.7906970516562675,0.7925750591752834,0.9978133011612125,0.7858119311445027
bd8eb49a6b08f5e66a70,101,5,38,0.8217821782178217,2,2,探索尝试型,0.9152621905916396,0.6880116427142078,0.9957057916758423,1.2449631915117334
915813ad1b5f1bbe2d6e,70,7,38,0.8857142857142857,2,2,探索尝试型,0.9152621905916396,0.6880116427142078,0.9957057916758423,1.2449631915117334
38357be0ab369a9ae942,90,20,38,0.7111111111111111,4,2,探索尝试型,0.9152621905916396,0.6880116427142078,0.9957057916758423,1.2449631915117334
798ff22d126a0f8034ff,84,13,38,0.8095238095238095,3,2,探索尝试型,0.9152621905916396,0.6880116427142078,0.9957057916758423,1.2449631915117334
4cb96f0d9108066442a8,88,9,38,0.5795454545454546,3,2,探索尝试型,0.9152621905916396,0.6880116427142078,0.9957057916758423,1.2449631915117334
cfaac49f7cc94528ffa7,74,16,38,0.9054054054054054,3,2,探索尝试型,0.9152621905916396,0.6880116427142078,0.9957057916758423,1.2449631915117334
89af2669cc93dc97f545,117,9,38,0.48717948717948717,3,0,集中针对型,1.7906970516562675,0.7925750591752834,0.9978133011612125,0.7858119311445027
41abb1b9df74d29b7732,88,7,38,0.5568181818181818,3,2,探索尝试型,0.9152621905916396,0.6880116427142078,0.9957057916758423,1.2449631915117334
a5c03c57b0930cb5c2ac,58,6,38,0.6551724137931034,3,2,探索尝试型,0.9152621905916396,0.6880116427142078,0.9957057916758423,1.2449631915117334
ef133c92e274a97b6eeb,59,7,38,0.847457627118644,3,2,探索尝试型,0.9152621905916396,0.6880116427142078,0.9957057916758423,1.2449631915117334
fnvhgnuqbir0drk8p1v2,92,44,35,0.6847826086956522,4,1,探索尝试型,0.9557030191432443,2.333279456925812,0.8832420270005868,0.9771501791416927
zse4s5wowlo5xntqyqb4,122,57,36,0.680327868852459,4,1,探索尝试型,0.9557030191432443,2.333279456925812,0.8832420270005868,0.9771501791416927
wyhkcaf32y8h3707qzrz,99,53,37,0.6262626262626263,4,1,探索尝试型,0.9557030191432443,2.333279456925812,0.8832420270005868,0.9771501791416927
2egpenarap9h0a2k0bc5,95,48,35,0.5789473684210527,4,1,探索尝试型,0.9557030191432443,2.333279456925812,0.8832420270005868,0.9771501791416927
cfi8t4xrx12m2lt4flwz,102,49,35,0.5098039215686274,4,1,探索尝试型,0.9557030191432443,2.333279456925812,0.8832420270005868,0.9771501791416927
t8sflynjwck4f650mtvp,105,54,35,0.6095238095238096,4,1,探索尝试型,0.9557030191432443,2.333279456925812,0.8832420270005868,0.9771501791416927
votyzmo33yg7y89dag17,93,44,31,0.5376344086021505,4,1,探索尝试型,0.9557030191432443,2.333279456925812,0.8832420270005868,0.9771501791416927
cy2sv8kkoybje2okbll0,104,50,31,0.6634615384615384,4,1,探索尝试型,0.9557030191432443,2.333279456925812,0.8832420270005868,0.9771501791416927
jsmqh4aa20rpfeqmyx4h,98,46,37,0.6020408163265306,4,1,探索尝试型,0.9557030191432443,2.333279456925812,0.8832420270005868,0.9771501791416927
ss27ig83t1pi1ztsy5w8,93,53,33,0.6666666666666666,4,1,探索尝试型,0.9557030191432443,2.333279456925812,0.8832420270005868,0.9771501791416927
lswzzwjmreuixxjqglhy,91,51,32,0.6043956043956044,4,1,探索尝试型,0.9557030191432443,2.333279456925812,0.8832420270005868,0.9771501791416927
7rzwry01x1n79a7rw5va,106,52,32,0.5471698113207547,4,1,探索尝试型,0.9557030191432443,2.333279456925812,0.8832420270005868,0.9771501791416927
yvyud23n1eara086vntf,98,49,35,0.6020408163265306,4,1,探索尝试型,0.9557030191432443,2.333279456925812,0.8832420270005868,0.9771501791416927
9btb3ax7qaitktvbvn8g,101,47,35,0.594059405940594,4,1,探索尝试型,0.9557030191432443,2.333279456925812,0.8832420270005868,0.9771501791416927
qmf8702zbahi9083s7aq,95,45,32,0.6842105263157895,4,1,探索尝试型,0.9557030191432443,2.333279456925812,0.8832420270005868,0.9771501791416927
13nq2h723zixyhir01lf,119,53,36,0.6050420168067226,4,1,探索尝试型,0.9557030191432443,2.333279456925812,0.8832420270005868,0.9771501791416927
ta1gbqs6pw15bx0jb5on,95,48,34,0.5894736842105263,4,1,探索尝试型,0.9557030191432443,2.333279456925812,0.8832420270005868,0.9771501791416927
jhmn3s11l13woe6jy3zg,119,48,37,0.6470588235294118,4,1,探索尝试型,0.9557030191432443,2.333279456925812,0.8832420270005868,0.9771501791416927
w0u7vzowm7eimiupvmm3,115,57,36,0.5739130434782609,4,1,探索尝试型,0.9557030191432443,2.333279456925812,0.8832420270005868,0.9771501791416927
2h9c9tdsnoz1hyzo5frt,115,52,37,0.6521739130434783,4,1,探索尝试型,0.9557030191432443,2.333279456925812,0.8832420270005868,0.9771501791416927
vou4hlfvp8hv0r4odzq6,97,49,35,0.6597938144329897,4,1,探索尝试型,0.9557030191432443,2.333279456925812,0.8832420270005868,0.9771501791416927
te17utf5x961ldgs8zwn,105,51,35,0.5714285714285714,4,1,探索尝试型,0.9557030191432443,2.333279456925812,0.8832420270005868,0.9771501791416927
vrx3ianblcyuixzmhzl2,108,53,36,0.5277777777777778,4,1,探索尝试型,0.9557030191432443,2.333279456925812,0.8832420270005868,0.9771501791416927
pva49fsfcbexwz1crjvg,95,47,32,0.6526315789473685,4,1,探索尝试型,0.9557030191432443,2.333279456925812,0.8832420270005868,0.9771501791416927
kg28tppvvsvr918dkvlb,90,45,33,0.6222222222222222,4,1,探索尝试型,0.9557030191432443,2.333279456925812,0.8832420270005868,0.9771501791416927
28tmrs0kyrrh1odyvf21,109,51,34,0.5504587155963303,4,1,探索尝试型,0.9557030191432443,2.333279456925812,0.8832420270005868,0.9771501791416927
l82rq4xaymt7t5uytax9,100,46,35,0.61,4,1,探索尝试型,0.9557030191432443,2.333279456925812,0.8832420270005868,0.9771501791416927
oyaoqkf2b1we4b67bv8l,108,50,35,0.5555555555555556,4,1,探索尝试型,0.9557030191432443,2.333279456925812,0.8832420270005868,0.9771501791416927
xz7x7kwsn26marn29mag,105,54,34,0.6476190476190476,4,1,探索尝试型,0.9557030191432443,2.333279456925812,0.8832420270005868,0.9771501791416927
qg0soq1i1uy7yndj17gd,90,43,31,0.6444444444444445,4,1,探索尝试型,0.9557030191432443,2.333279456925812,0.8832420270005868,0.9771501791416927
l2yv9tvvcakn7ikerccy,85,46,34,0.5882352941176471,4,1,探索尝试型,0.9557030191432443,2.333279456925812,0.8832420270005868,0.9771501791416927
8ivuhc6n7pr63b39dupt,98,55,34,0.6122448979591837,4,1,探索尝试型,0.9557030191432443,2.333279456925812,0.8832420270005868,0.9771501791416927
csvv3l0saxxx6pax18c3,90,45,31,0.5888888888888889,4,1,探索尝试型,0.9557030191432443,2.333279456925812,0.8832420270005868,0.9771501791416927
jb3fqd2b9oyprn83h646,95,48,34,0.6421052631578947,4,1,探索尝试型,0.9557030191432443,2.333279456925812,0.8832420270005868,0.9771501791416927
6g7c63m95z8acd3vx5ct,93,47,36,0.6129032258064516,4,1,探索尝试型,0.9557030191432443,2.333279456925812,0.8832420270005868,0.9771501791416927
139429592a9c23c08b71,80,9,38,0.575,3,2,探索尝试型,0.9152621905916396,0.6880116427142078,0.9957057916758423,1.2449631915117334
b217bae3c84d59dde71f,113,20,38,0.4690265486725664,4,0,集中针对型,1.7906970516562675,0.7925750591752834,0.9978133011612125,0.7858119311445027
e50db74322430aa289b1,122,12,38,0.6639344262295082,4,2,探索尝试型,0.9152621905916396,0.6880116427142078,0.9957057916758423,1.2449631915117334
4388d48ebff4cf866ecd,72,13,32,0.6111111111111112,4,2,探索尝试型,0.9152621905916396,0.6880116427142078,0.9957057916758423,1.2449631915117334
cef765c4375252a6029b,83,5,32,0.37349397590361444,2,0,集中针对型,1.7906970516562675,0.7925750591752834,0.9978133011612125,0.7858119311445027
3ac65fbc295f5fbd2ff7,89,1,38,0.43820224719101125,1,0,集中针对型,1.7906970516562675,0.7925750591752834,0.9978133011612125,0.7858119311445027
132c90d4a027a4477ad0,107,9,38,0.411214953271028,4,0,集中针对型,1.7906970516562675,0.7925750591752834,0.9978133011612125,0.7858119311445027
33c123d08dc07edb50f9,59,10,38,0.7288135593220338,5,2,探索尝试型,0.9152621905916396,0.6880116427142078,0.9957057916758423,1.2449631915117334
9f447b50d5788f7b4d0a,89,25,38,0.5842696629213483,5,2,探索尝试型,0.9152621905916396,0.6880116427142078,0.9957057916758423,1.2449631915117334
23f1f5d3d90e2890a423,195,19,38,0.6,4,0,集中针对型,1.7906970516562675,0.7925750591752834,0.9978133011612125,0.7858119311445027
875704a45c0214c68eae,145,15,38,0.6896551724137931,2,2,探索尝试型,0.9152621905916396,0.6880116427142078,0.9957057916758423,1.2449631915117334
c5c5e10586e94f96fe95,174,14,38,0.6149425287356322,3,0,集中针对型,1.7906970516562675,0.7925750591752834,0.9978133011612125,0.7858119311445027
2a003b122e9500e465c4,127,21,38,0.5196850393700787,3,0,集中针对型,1.7906970516562675,0.7925750591752834,0.9978133011612125,0.7858119311445027
533bc4c6716035e694ac,153,8,38,0.38562091503267976,2,0,集中针对型,1.7906970516562675,0.7925750591752834,0.9978133011612125,0.7858119311445027
a624e4f6e0a8f026cba9,71,25,38,0.8732394366197183,4,2,探索尝试型,0.9152621905916396,0.6880116427142078,0.9957057916758423,1.2449631915117334
7509bbe0d23fe15928ba,96,7,37,0.4270833333333333,3,0,集中针对型,1.7906970516562675,0.7925750591752834,0.9978133011612125,0.7858119311445027
eb93cedc17b4eac76750,132,22,38,0.6818181818181818,4,2,探索尝试型,0.9152621905916396,0.6880116427142078,0.9957057916758423,1.2449631915117334
1feef8b4129f5bf21e67,107,23,38,0.7757009345794392,4,2,探索尝试型,0.9152621905916396,0.6880116427142078,0.9957057916758423,1.2449631915117334
951d2aca1b8a1c336908,175,13,38,0.5657142857142857,3,0,集中针对型,1.7906970516562675,0.7925750591752834,0.9978133011612125,0.7858119311445027
49b95110a8c59f6b6c58,188,22,38,0.5053191489361702,4,0,集中针对型,1.7906970516562675,0.7925750591752834,0.9978133011612125,0.7858119311445027
b8c0c68e7f1220949deb,72,17,38,0.8333333333333334,4,2,探索尝试型,0.9152621905916396,0.6880116427142078,0.9957057916758423,1.2449631915117334
451b0095938a3c54efc4,90,11,38,0.6333333333333333,3,2,探索尝试型,0.9152621905916396,0.6880116427142078,0.9957057916758423,1.2449631915117334
e4c80506c14da4ad563d,109,16,38,0.6697247706422018,4,2,探索尝试型,0.9152621905916396,0.6880116427142078,0.9957057916758423,1.2449631915117334
25019b8f1c3ac537894b,91,18,38,0.7142857142857143,3,2,探索尝试型,0.9152621905916396,0.6880116427142078,0.9957057916758423,1.2449631915117334
34aaaa47df8c4aa4d926,175,27,38,0.35428571428571426,5,0,集中针对型,1.7906970516562675,0.7925750591752834,0.9978133011612125,0.7858119311445027
4884f3bdc068ef01e042,267,12,38,0.5767790262172284,3,0,集中针对型,1.7906970516562675,0.7925750591752834,0.9978133011612125,0.7858119311445027
b43532c7a35b6aedd478,51,7,38,0.8823529411764706,3,2,探索尝试型,0.9152621905916396,0.6880116427142078,0.9957057916758423,1.2449631915117334
f9c641e9c05c243a751e,135,9,37,0.4666666666666667,3,0,集中针对型,1.7906970516562675,0.7925750591752834,0.9978133011612125,0.7858119311445027
960bf72352d4f58ad083,131,15,38,0.3893129770992366,3,0,集中针对型,1.7906970516562675,0.7925750591752834,0.9978133011612125,0.7858119311445027
0557b1363a5092b5811f,348,17,38,0.3448275862068966,2,0,集中针对型,1.7906970516562675,0.7925750591752834,0.9978133011612125,0.7858119311445027
091554ffa26fc9b17c36,63,14,38,0.9365079365079365,4,2,探索尝试型,0.9152621905916396,0.6880116427142078,0.9957057916758423,1.2449631915117334
d7ad1a5f3ab7d6237f8e,273,23,38,0.3992673992673993,2,0,集中针对型,1.7906970516562675,0.7925750591752834,0.9978133011612125,0.7858119311445027
e4d6737b176e6ca5ef06,154,16,38,0.38961038961038963,5,0,集中针对型,1.7906970516562675,0.7925750591752834,0.9978133011612125,0.7858119311445027
6314d7cbc465e29f357c,94,15,38,0.5638297872340425,5,2,探索尝试型,0.9152621905916396,0.6880116427142078,0.9957057916758423,1.2449631915117334
d2cb0d0da17471ee23a9,152,10,38,0.26973684210526316,3,0,集中针对型,1.7906970516562675,0.7925750591752834,0.9978133011612125,0.7858119311445027
75dcc10ba89fd0c25d50,159,18,38,0.7295597484276729,5,2,探索尝试型,0.9152621905916396,0.6880116427142078,0.9957057916758423,1.2449631915117334
98be3476791a8df7e937,218,17,38,0.481651376146789,4,0,集中针对型,1.7906970516562675,0.7925750591752834,0.9978133011612125,0.7858119311445027
5914db0d4427b322e8af,59,9,21,0.6101694915254238,3,1,探索尝试型,0.9557030191432443,2.333279456925812,0.8832420270005868,0.9771501791416927
29172d2e39ca0d890848,87,20,38,0.9080459770114943,4,2,探索尝试型,0.9152621905916396,0.6880116427142078,0.9957057916758423,1.2449631915117334
b083663157e08e36d335,53,14,38,0.7735849056603774,5,2,探索尝试型,0.9152621905916396,0.6880116427142078,0.9957057916758423,1.2449631915117334
48ad93c227abfa9542aa,142,7,38,0.5915492957746479,3,0,集中针对型,1.7906970516562675,0.7925750591752834,0.9978133011612125,0.7858119311445027
3ab864e1e692786fefd2,90,14,38,0.5,4,2,探索尝试型,0.9152621905916396,0.6880116427142078,0.9957057916758423,1.2449631915117334
3b6f3bb370f3107e257d,50,6,38,0.76,4,2,探索尝试型,0.9152621905916396,0.6880116427142078,0.9957057916758423,1.2449631915117334
b57bc31cac59b3d26216,469,15,38,0.6183368869936035,4,0,集中针对型,1.7906970516562675,0.7925750591752834,0.9978133011612125,0.7858119311445027
e73ae5f649c6f52b3fb1,118,31,38,0.7627118644067796,5,2,探索尝试型,0.9152621905916396,0.6880116427142078,0.9957057916758423,1.2449631915117334
a12c27630a75f6a4a64a,165,4,38,0.503030303030303,1,0,集中针对型,1.7906970516562675,0.7925750591752834,0.9978133011612125,0.7858119311445027
hq2dy5tjgczdmkvq0l2d,43,6,38,0.9767441860465116,3,2,探索尝试型,0.9152621905916396,0.6880116427142078,0.9957057916758423,1.2449631915117334
4a0890c15c26984c191f,150,19,38,0.5266666666666666,4,0,集中针对型,1.7906970516562675,0.7925750591752834,0.9978133011612125,0.7858119311445027
a0b36e07079573966740,50,2,38,0.86,2,2,探索尝试型,0.9152621905916396,0.6880116427142078,0.9957057916758423,1.2449631915117334
852687af72e9ee38fb42,49,5,38,0.9387755102040817,2,2,探索尝试型,0.9152621905916396,0.6880116427142078,0.9957057916758423,1.2449631915117334
9723ceb0cf2dca42c118,161,13,38,0.32298136645962733,3,0,集中针对型,1.7906970516562675,0.7925750591752834,0.9978133011612125,0.7858119311445027
bd657014cfd3fe7a8fe2,85,11,38,0.9647058823529412,2,2,探索尝试型,0.9152621905916396,0.6880116427142078,0.9957057916758423,1.2449631915117334
2xk6toebmkxdw8f2bypd,66,6,38,0.6818181818181818,2,2,探索尝试型,0.9152621905916396,0.6880116427142078,0.9957057916758423,1.2449631915117334
02068067a434adb6556a,4,1,1,0.0,1,1,探索尝试型,0.9557030191432443,2.333279456925812,0.8832420270005868,0.9771501791416927
3531c5f9d520759ba697,174,16,38,0.7068965517241379,4,2,探索尝试型,0.9152621905916396,0.6880116427142078,0.9957057916758423,1.2449631915117334
037a76bc8e6bf5fe1fc0,39,2,38,0.9743589743589743,1,2,探索尝试型,0.9152621905916396,0.6880116427142078,0.9957057916758423,1.2449631915117334
c08165d73ae49215c391,145,21,38,0.5517241379310345,4,0,集中针对型,1.7906970516562675,0.7925750591752834,0.9978133011612125,0.7858119311445027
84146496b8d6256d6982,48,7,38,0.8541666666666666,3,2,探索尝试型,0.9152621905916396,0.6880116427142078,0.9957057916758423,1.2449631915117334
5be7405ad4ae9d9a2853,146,9,38,0.5616438356164384,3,0,集中针对型,1.7906970516562675,0.7925750591752834,0.9978133011612125,0.7858119311445027
avehb7ibwpvjcgcr474k,69,10,38,0.7681159420289855,4,2,探索尝试型,0.9152621905916396,0.6880116427142078,0.9957057916758423,1.2449631915117334
sfmngecoi3b7ahvhi2k6,84,6,38,0.6309523809523809,2,2,探索尝试型,0.9152621905916396,0.6880116427142078,0.9957057916758423,1.2449631915117334
gj009a2t56bxjluh0mox,131,72,37,0.5572519083969466,6,1,探索尝试型,0.9557030191432443,2.333279456925812,0.8832420270005868,0.9771501791416927
ov1tvylbnny48ojayssl,108,56,33,0.6111111111111112,6,1,探索尝试型,0.9557030191432443,2.333279456925812,0.8832420270005868,0.9771501791416927
qw19zri3d9vkqjhcn3xk,77,45,33,0.6623376623376623,5,1,探索尝试型,0.9557030191432443,2.333279456925812,0.8832420270005868,0.9771501791416927
yesnbayr80dvsb8ajp9v,125,70,34,0.608,6,1,探索尝试型,0.9557030191432443,2.333279456925812,0.8832420270005868,0.9771501791416927
8hn55e1bxuyegxa76l3r,102,58,34,0.5686274509803921,6,1,探索尝试型,0.9557030191432443,2.333279456925812,0.8832420270005868,0.9771501791416927
t23e5lcdy5k50uvg5k0v,105,55,34,0.5619047619047619,6,1,探索尝试型,0.9557030191432443,2.333279456925812,0.8832420270005868,0.9771501791416927
gsirdbny6840zq22vo7a,120,62,32,0.575,6,1,探索尝试型,0.9557030191432443,2.333279456925812,0.8832420270005868,0.9771501791416927
rb8z9vpc5uyhbcaa71v5,121,61,36,0.5454545454545454,6,1,探索尝试型,0.9557030191432443,2.333279456925812,0.8832420270005868,0.9771501791416927
1nyzl7s790ta4c8r1l9g,111,56,31,0.5495495495495496,6,1,探索尝试型,0.9557030191432443,2.333279456925812,0.8832420270005868,0.9771501791416927
40rkj6cwy12hdupgq4w2,112,59,36,0.6071428571428571,6,1,探索尝试型,0.9557030191432443,2.333279456925812,0.8832420270005868,0.9771501791416927
obyl72l5qy37to65i5ml,120,64,37,0.525,5,1,探索尝试型,0.9557030191432443,2.333279456925812,0.8832420270005868,0.9771501791416927
sx8c4g672zgcw7w2lflp,127,67,38,0.49606299212598426,5,1,探索尝试型,0.9557030191432443,2.333279456925812,0.8832420270005868,0.9771501791416927
wj1gt5zvzfnjf7xcf1c8,102,57,36,0.5686274509803921,6,1,探索尝试型,0.9557030191432443,2.333279456925812,0.8832420270005868,0.9771501791416927
1f4oscu6io8xlog2157e,101,59,34,0.6039603960396039,6,1,探索尝试型,0.9557030191432443,2.333279456925812,0.8832420270005868,0.9771501791416927
w9r5wihhl33fmutbq5qd,112,67,34,0.5625,6,1,探索尝试型,0.9557030191432443,2.333279456925812,0.8832420270005868,0.9771501791416927
z0mde15metn3m79ek96y,95,50,33,0.5789473684210527,6,1,探索尝试型,0.9557030191432443,2.333279456925812,0.8832420270005868,0.9771501791416927
i8wbhc071gfhkbhtmeb1,98,59,34,0.6122448979591837,6,1,探索尝试型,0.9557030191432443,2.333279456925812,0.8832420270005868,0.9771501791416927
rdf3wmujcm1k56ftf8uc,105,58,33,0.5142857142857142,5,1,探索尝试型,0.9557030191432443,2.333279456925812,0.8832420270005868,0.9771501791416927
udbo68xozj9btqumivk2,98,55,35,0.6020408163265306,5,1,探索尝试型,0.9557030191432443,2.333279456925812,0.8832420270005868,0.9771501791416927
148o63s7q5aitfxmmtrg,143,65,38,0.6223776223776224,6,1,探索尝试型,0.9557030191432443,2.333279456925812,0.8832420270005868,0.9771501791416927
p9a57kwg5xdwjzm8eql9,107,60,35,0.5794392523364486,5,1,探索尝试型,0.9557030191432443,2.333279456925812,0.8832420270005868,0.9771501791416927
7kqvekz6iho08947fhk9,100,55,38,0.58,6,1,探索尝试型,0.9557030191432443,2.333279456925812,0.8832420270005868,0.9771501791416927
gk8izwg77g6t4p5buiar,102,56,35,0.5588235294117647,6,1,探索尝试型,0.9557030191432443,2.333279456925812,0.8832420270005868,0.9771501791416927
msko5bf6rjt9adsuxby9,114,68,38,0.5614035087719298,6,1,探索尝试型,0.9557030191432443,2.333279456925812,0.8832420270005868,0.9771501791416927
70exfe4k4e5vvm5sqspq,109,67,35,0.5779816513761468,6,1,探索尝试型,0.9557030191432443,2.333279456925812,0.8832420270005868,0.9771501791416927
e43g7im7dra88a4o8bbl,100,58,37,0.62,6,1,探索尝试型,0.9557030191432443,2.333279456925812,0.8832420270005868,0.9771501791416927
lqg2nmqf4x8w52gx12xw,99,59,36,0.5656565656565656,6,1,探索尝试型,0.9557030191432443,2.333279456925812,0.8832420270005868,0.9771501791416927
lpzjucfyqwtb8ihim9b3,112,53,36,0.5803571428571429,6,1,探索尝试型,0.9557030191432443,2.333279456925812,0.8832420270005868,0.9771501791416927
woxwsoo99kl7vq4mk0rr,102,61,32,0.5490196078431373,5,1,探索尝试型,0.9557030191432443,2.333279456925812,0.8832420270005868,0.9771501791416927
gq3jw96afgct5rjiim20,103,63,33,0.6116504854368932,5,1,探索尝试型,0.9557030191432443,2.333279456925812,0.8832420270005868,0.9771501791416927
8l0qqik09gqh0e5anus0,101,57,31,0.6237623762376238,6,1,探索尝试型,0.9557030191432443,2.333279456925812,0.8832420270005868,0.9771501791416927
43vri1lqbgiiwbkaskqd,98,57,36,0.5918367346938775,5,1,探索尝试型,0.9557030191432443,2.333279456925812,0.8832420270005868,0.9771501791416927
qu1rl2d6teeyti106rgx,97,53,33,0.5360824742268041,6,1,探索尝试型,0.9557030191432443,2.333279456925812,0.8832420270005868,0.9771501791416927
fcwom6dicy0kov3lxsf8,108,63,35,0.6388888888888888,6,1,探索尝试型,0.9557030191432443,2.333279456925812,0.8832420270005868,0.9771501791416927
hc0idvz0lxc4zpx94cbx,100,54,33,0.57,6,1,探索尝试型,0.9557030191432443,2.333279456925812,0.8832420270005868,0.9771501791416927
43d98a750c726bb39d11,109,18,38,0.7247706422018348,4,2,探索尝试型,0.9152621905916396,0.6880116427142078,0.9957057916758423,1.2449631915117334
5d16326e4577a67d94c6,95,20,38,0.6526315789473685,4,2,探索尝试型,0.9152621905916396,0.6880116427142078,0.9957057916758423,1.2449631915117334
e00bc7d9f2ce32c4f745,143,30,38,0.8671328671328671,5,2,探索尝试型,0.9152621905916396,0.6880116427142078,0.9957057916758423,1.2449631915117334
21fc5674d24be8e9da89,46,5,38,0.8913043478260869,5,2,探索尝试型,0.9152621905916396,0.6880116427142078,0.9957057916758423,1.2449631915117334
a7fc1ba478db11fde063,67,18,38,0.6268656716417911,5,2,探索尝试型,0.9152621905916396,0.6880116427142078,0.9957057916758423,1.2449631915117334
63ff3dff3eb31d62ab3e,129,13,38,0.5116279069767442,5,0,集中针对型,1.7906970516562675,0.7925750591752834,0.9978133011612125,0.7858119311445027
4edfd2e1b7c5c5d1d384,61,16,34,0.6885245901639344,5,2,探索尝试型,0.9152621905916396,0.6880116427142078,0.9957057916758423,1.2449631915117334
cbc8550ffaf44443c7ad,129,11,38,0.3953488372093023,4,0,集中针对型,1.7906970516562675,0.7925750591752834,0.9978133011612125,0.7858119311445027
766836b5f30556e81da4,70,10,38,0.5714285714285714,4,2,探索尝试型,0.9152621905916396,0.6880116427142078,0.9957057916758423,1.2449631915117334
df02e3643bb9ee33fb0c,107,16,38,0.6635514018691588,5,2,探索尝试型,0.9152621905916396,0.6880116427142078,0.9957057916758423,1.2449631915117334
f5c3c6eb77fac482de13,69,18,38,0.6956521739130435,4,2,探索尝试型,0.9152621905916396,0.6880116427142078,0.9957057916758423,1.2449631915117334
5f8d87412f69e3d9fb13,62,12,38,0.8548387096774194,5,2,探索尝试型,0.9152621905916396,0.6880116427142078,0.9957057916758423,1.2449631915117334
6923e581d76689cb57a1,113,21,38,0.5309734513274337,4,0,集中针对型,1.7906970516562675,0.7925750591752834,0.9978133011612125,0.7858119311445027
e865c97bc96802575f80,300,24,38,0.42,5,0,集中针对型,1.7906970516562675,0.7925750591752834,0.9978133011612125,0.7858119311445027
fb5d5693ffa9f022a191,63,16,38,0.8253968253968254,4,2,探索尝试型,0.9152621905916396,0.6880116427142078,0.9957057916758423,1.2449631915117334
1bd9bb053a3ac1bba507,78,9,38,0.7692307692307693,4,2,探索尝试型,0.9152621905916396,0.6880116427142078,0.9957057916758423,1.2449631915117334
49ef48443e09f8be12f6,96,12,38,0.6979166666666666,4,2,探索尝试型,0.9152621905916396,0.6880116427142078,0.9957057916758423,1.2449631915117334
def1216bf8f3009dbe41,103,19,38,0.5728155339805825,5,2,探索尝试型,0.9152621905916396,0.6880116427142078,0.9957057916758423,1.2449631915117334
d02f48d05ce5e7ca16e1,114,18,33,0.8070175438596491,4,2,探索尝试型,0.9152621905916396,0.6880116427142078,0.9957057916758423,1.2449631915117334
6b22922bfe081d68c7a6,183,25,38,0.7049180327868853,4,2,探索尝试型,0.9152621905916396,0.6880116427142078,0.9957057916758423,1.2449631915117334
baed8a816ea02ae929f4,146,23,38,0.7534246575342466,3,2,探索尝试型,0.9152621905916396,0.6880116427142078,0.9957057916758423,1.2449631915117334
dee7cfe3312551bdf5a5,81,16,38,0.8395061728395061,4,2,探索尝试型,0.9152621905916396,0.6880116427142078,0.9957057916758423,1.2449631915117334
ef912a5602a5f70b244b,59,18,38,0.864406779661017,4,2,探索尝试型,0.9152621905916396,0.6880116427142078,0.9957057916758423,1.2449631915117334
48a71a6a5a15e31084e3,98,16,38,0.5816326530612245,3,2,探索尝试型,0.9152621905916396,0.6880116427142078,0.9957057916758423,1.2449631915117334
16d68f70cf5e52d0b34a,148,24,38,0.5472972972972973,4,0,集中针对型,1.7906970516562675,0.7925750591752834,0.9978133011612125,0.7858119311445027
ba8c301bda7090bda756,56,17,38,0.8928571428571429,3,2,探索尝试型,0.9152621905916396,0.6880116427142078,0.9957057916758423,1.2449631915117334
311abc37a94ae8afe41a,122,22,38,0.7622950819672131,3,2,探索尝试型,0.9152621905916396,0.6880116427142078,0.9957057916758423,1.2449631915117334
fdd50b3ad56dcf116c82,83,20,38,0.6144578313253012,3,2,探索尝试型,0.9152621905916396,0.6880116427142078,0.9957057916758423,1.2449631915117334
e22c18eef214a779b4c2,154,22,38,0.6818181818181818,4,2,探索尝试型,0.9152621905916396,0.6880116427142078,0.9957057916758423,1.2449631915117334
8711049a2e0ef13bb10c,51,20,38,0.9019607843137255,4,2,探索尝试型,0.9152621905916396,0.6880116427142078,0.9957057916758423,1.2449631915117334
9ef8a5baccebc3841cb2,70,14,34,0.8142857142857143,4,2,探索尝试型,0.9152621905916396,0.6880116427142078,0.9957057916758423,1.2449631915117334
adcc5c13042d66cbfc8b,156,18,38,0.532051282051282,4,0,集中针对型,1.7906970516562675,0.7925750591752834,0.9978133011612125,0.7858119311445027
54f91ccb08cbece520da,99,21,38,0.8282828282828283,4,2,探索尝试型,0.9152621905916396,0.6880116427142078,0.9957057916758423,1.2449631915117334
cb65e2038b786e801292,54,13,38,0.9814814814814815,3,2,探索尝试型,0.9152621905916396,0.6880116427142078,0.9957057916758423,1.2449631915117334
1f67cb2e7affbb00b6c8,274,19,38,0.4489051094890511,2,0,集中针对型,1.7906970516562675,0.7925750591752834,0.9978133011612125,0.7858119311445027
45b6cc87a7e957f83027,134,14,38,0.8656716417910447,2,2,探索尝试型,0.9152621905916396,0.6880116427142078,0.9957057916758423,1.2449631915117334
ff2d815d9ef74b153b54,88,24,38,0.5909090909090909,4,2,探索尝试型,0.9152621905916396,0.6880116427142078,0.9957057916758423,1.2449631915117334
73ae359d8e93d41ae4ff,88,18,38,0.7727272727272727,5,2,探索尝试型,0.9152621905916396,0.6880116427142078,0.9957057916758423,1.2449631915117334
264320c6b92b92795ba0,152,24,38,0.5,3,0,集中针对型,1.7906970516562675,0.7925750591752834,0.9978133011612125,0.7858119311445027
504278569f7c6dff25e3,71,23,37,0.9154929577464789,3,2,探索尝试型,0.9152621905916396,0.6880116427142078,0.9957057916758423,1.2449631915117334
40eb36011ced9a882ea9,200,25,38,0.9,4,2,探索尝试型,0.9152621905916396,0.6880116427142078,0.9957057916758423,1.2449631915117334
ed4b51eb098deb0ba58e,127,18,38,0.8661417322834646,2,2,探索尝试型,0.9152621905916396,0.6880116427142078,0.9957057916758423,1.2449631915117334
b4a2138f577d9306f593,258,27,38,0.7403100775193798,2,0,集中针对型,1.7906970516562675,0.7925750591752834,0.9978133011612125,0.7858119311445027
76366e9c264169b2bae1,144,12,38,0.6458333333333334,3,2,探索尝试型,0.9152621905916396,0.6880116427142078,0.9957057916758423,1.2449631915117334
d059dfed16a6d1ca6ddf,143,31,38,0.7342657342657343,4,2,探索尝试型,0.9152621905916396,0.6880116427142078,0.9957057916758423,1.2449631915117334
0b828e1ae026c57b34dd,72,21,38,0.875,3,2,探索尝试型,0.9152621905916396,0.6880116427142078,0.9957057916758423,1.2449631915117334
b1976734aee3bf129820,173,15,38,0.6936416184971098,3,2,探索尝试型,0.9152621905916396,0.6880116427142078,0.9957057916758423,1.2449631915117334
50673b01fd2b0c765572,130,24,38,0.46153846153846156,4,0,集中针对型,1.7906970516562675,0.7925750591752834,0.9978133011612125,0.7858119311445027
b3ac0cebf20ee45135ca,160,19,38,0.63125,4,0,集中针对型,1.7906970516562675,0.7925750591752834,0.9978133011612125,0.7858119311445027
74137c4db75be61c10fa,170,30,38,0.6823529411764706,5,2,探索尝试型,0.9152621905916396,0.6880116427142078,0.9957057916758423,1.2449631915117334
781f69b185122bfaddca,98,9,33,0.8469387755102041,2,2,探索尝试型,0.9152621905916396,0.6880116427142078,0.9957057916758423,1.2449631915117334
744e7141564ed216b812,56,17,38,0.8928571428571429,4,2,探索尝试型,0.9152621905916396,0.6880116427142078,0.9957057916758423,1.2449631915117334
3c1b9222136b752563f6,61,7,38,0.7868852459016393,4,2,探索尝试型,0.9152621905916396,0.6880116427142078,0.9957057916758423,1.2449631915117334
48a96425072cefa0dc69,98,14,38,0.8061224489795918,4,2,探索尝试型,0.9152621905916396,0.6880116427142078,0.9957057916758423,1.2449631915117334
8ee4fdce37fceab5620a,52,12,38,0.8076923076923077,3,2,探索尝试型,0.9152621905916396,0.6880116427142078,0.9957057916758423,1.2449631915117334
d6d4488fa27e11465974,56,20,38,0.8928571428571429,4,2,探索尝试型,0.9152621905916396,0.6880116427142078,0.9957057916758423,1.2449631915117334
6efd353d32bd3d908b23,111,10,38,0.7387387387387387,4,2,探索尝试型,0.9152621905916396,0.6880116427142078,0.9957057916758423,1.2449631915117334
4ca5c8ea55be09213d14,96,12,38,0.5833333333333334,3,2,探索尝试型,0.9152621905916396,0.6880116427142078,0.9957057916758423,1.2449631915117334
ec86426a6e0331d06091,85,11,38,0.4823529411764706,3,0,集中针对型,1.7906970516562675,0.7925750591752834,0.9978133011612125,0.7858119311445027
09400a9b50b6c96c5510,137,17,38,0.7299270072992701,3,2,探索尝试型,0.9152621905916396,0.6880116427142078,0.9957057916758423,1.2449631915117334
f5jwwahac3fyc6rq5tex,106,54,33,0.6132075471698113,5,1,探索尝试型,0.9557030191432443,2.333279456925812,0.8832420270005868,0.9771501791416927
zprxec1qxs8nqsmc5830,121,57,35,0.628099173553719,5,1,探索尝试型,0.9557030191432443,2.333279456925812,0.8832420270005868,0.9771501791416927
m4qqnaq8p8fn7b7bl5ic,106,59,34,0.6415094339622641,5,1,探索尝试型,0.9557030191432443,2.333279456925812,0.8832420270005868,0.9771501791416927
sx57v4y3hp52f9selxdo,104,53,32,0.6826923076923077,5,1,探索尝试型,0.9557030191432443,2.333279456925812,0.8832420270005868,0.9771501791416927
ksm67082xy9g2wnalt38,113,61,35,0.6902654867256637,5,1,探索尝试型,0.9557030191432443,2.333279456925812,0.8832420270005868,0.9771501791416927
58widcj6smafuwyqxw2m,115,59,32,0.7217391304347827,5,1,探索尝试型,0.9557030191432443,2.333279456925812,0.8832420270005868,0.9771501791416927
n3dkt0eq0ekpby9lv06i,96,54,35,0.75,5,1,探索尝试型,0.9557030191432443,2.333279456925812,0.8832420270005868,0.9771501791416927
v4k20n9xryqdpe6fx42x,104,62,34,0.7211538461538461,5,1,探索尝试型,0.9557030191432443,2.333279456925812,0.8832420270005868,0.9771501791416927
mwmft9w9vjod1g7jidmb,106,54,34,0.7452830188679245,5,1,探索尝试型,0.9557030191432443,2.333279456925812,0.8832420270005868,0.9771501791416927
35wcdp4s13xmtyq5f7os,106,60,35,0.6415094339622641,5,1,探索尝试型,0.9557030191432443,2.333279456925812,0.8832420270005868,0.9771501791416927
2ddkknvpbz2j9wlvybtj,109,57,37,0.6788990825688074,5,1,探索尝试型,0.9557030191432443,2.333279456925812,0.8832420270005868,0.9771501791416927
10qi28ikwz4c4v22b06i,104,55,34,0.6346153846153846,5,1,探索尝试型,0.9557030191432443,2.333279456925812,0.8832420270005868,0.9771501791416927
9b0guld0vdm0ggmmfb8k,100,60,35,0.67,5,1,探索尝试型,0.9557030191432443,2.333279456925812,0.8832420270005868,0.9771501791416927
1t6e0wa99fijxi3ssnzk,91,55,30,0.7582417582417582,5,1,探索尝试型,0.9557030191432443,2.333279456925812,0.8832420270005868,0.9771501791416927
q1movls9kc4kglv6sb5g,115,65,34,0.7478260869565218,5,1,探索尝试型,0.9557030191432443,2.333279456925812,0.8832420270005868,0.9771501791416927
628bztd9ybuth5efk7nw,125,63,35,0.744,5,1,探索尝试型,0.9557030191432443,2.333279456925812,0.8832420270005868,0.9771501791416927
vbgs2hp7aiiw880dpm1s,108,62,37,0.6851851851851852,5,1,探索尝试型,0.9557030191432443,2.333279456925812,0.8832420270005868,0.9771501791416927
cygc6ulxpz04ex7under,102,58,34,0.7156862745098039,5,1,探索尝试型,0.9557030191432443,2.333279456925812,0.8832420270005868,0.9771501791416927
n2bgnbybijni2e9crs4x,104,58,34,0.6826923076923077,5,1,探索尝试型,0.9557030191432443,2.333279456925812,0.8832420270005868,0.9771501791416927
uzk23hynw87co5ru0tr8,123,58,36,0.6991869918699187,5,1,探索尝试型,0.9557030191432443,2.333279456925812,0.8832420270005868,0.9771501791416927
8wkyo305dh8esq6eop37,102,54,34,0.7058823529411765,5,1,探索尝试型,0.9557030191432443,2.333279456925812,0.8832420270005868,0.9771501791416927
mm5p2ct8c21h4q753p3n,110,63,34,0.6727272727272727,5,1,探索尝试型,0.9557030191432443,2.333279456925812,0.8832420270005868,0.9771501791416927
e58gk2f3crnwqnx0gett,94,49,32,0.6914893617021277,5,1,探索尝试型,0.9557030191432443,2.333279456925812,0.8832420270005868,0.9771501791416927
sbb3va36jvpkdpj257ek,107,53,32,0.7476635514018691,5,1,探索尝试型,0.9557030191432443,2.333279456925812,0.8832420270005868,0.9771501791416927
uon3zzl9a1zr5zmeodmr,92,51,31,0.717391304347826,5,1,探索尝试型,0.9557030191432443,2.333279456925812,0.8832420270005868,0.9771501791416927
pgrig4vo54owe59j2j5f,107,54,33,0.5887850467289719,5,1,探索尝试型,0.9557030191432443,2.333279456925812,0.8832420270005868,0.9771501791416927
erjfooit15024g7nj8co,106,52,34,0.6981132075471698,5,1,探索尝试型,0.9557030191432443,2.333279456925812,0.8832420270005868,0.9771501791416927
j07d6onchxesk14v7b8w,92,47,31,0.6630434782608695,5,1,探索尝试型,0.9557030191432443,2.333279456925812,0.8832420270005868,0.9771501791416927
2xsbkm76x36qvddrl2yo,96,55,34,0.71875,5,1,探索尝试型,0.9557030191432443,2.333279456925812,0.8832420270005868,0.9771501791416927
wfsgbko6rfmajn85khu4,91,45,34,0.6153846153846154,5,1,探索尝试型,0.9557030191432443,2.333279456925812,0.8832420270005868,0.9771501791416927
0m8o7nuv982vnv3328qw,92,53,35,0.6847826086956522,5,1,探索尝试型,0.9557030191432443,2.333279456925812,0.8832420270005868,0.9771501791416927
i8ryguu9cpkrb6ouhwqq,126,64,35,0.7301587301587301,5,1,探索尝试型,0.9557030191432443,2.333279456925812,0.8832420270005868,0.9771501791416927
amzij11bls4wa79p3cj8,107,58,32,0.5794392523364486,5,1,探索尝试型,0.9557030191432443,2.333279456925812,0.8832420270005868,0.9771501791416927
axunv0aihh5wvi27tx50,93,55,32,0.6559139784946236,5,1,探索尝试型,0.9557030191432443,2.333279456925812,0.8832420270005868,0.9771501791416927
scl0uh5ig9ehluvs46h2,120,62,35,0.6333333333333333,5,1,探索尝试型,0.9557030191432443,2.333279456925812,0.8832420270005868,0.9771501791416927
6837091518a3524730fb,316,17,38,0.6962025316455697,4,0,集中针对型,1.7906970516562675,0.7925750591752834,0.9978133011612125,0.7858119311445027
b050239b47c66a7280c9,128,23,35,0.578125,4,2,探索尝试型,0.9152621905916396,0.6880116427142078,0.9957057916758423,1.2449631915117334
bc7286901f708e9069eb,109,28,38,0.3577981651376147,5,0,集中针对型,1.7906970516562675,0.7925750591752834,0.9978133011612125,0.7858119311445027
8f9ecba976a15fa5d900,99,13,38,0.6565656565656566,3,2,探索尝试型,0.9152621905916396,0.6880116427142078,0.9957057916758423,1.2449631915117334
6cbcdec2dffbcf09a91a,49,7,38,0.8979591836734694,2,2,探索尝试型,0.9152621905916396,0.6880116427142078,0.9957057916758423,1.2449631915117334
fdd714a996ac8bd8006d,59,12,38,0.864406779661017,3,2,探索尝试型,0.9152621905916396,0.6880116427142078,0.9957057916758423,1.2449631915117334
fc5a9edc3413ecece4bd,70,21,38,0.6714285714285714,4,2,探索尝试型,0.9152621905916396,0.6880116427142078,0.9957057916758423,1.2449631915117334
7bfbef4127aeec4b344e,196,29,38,0.4336734693877551,5,0,集中针对型,1.7906970516562675,0.7925750591752834,0.9978133011612125,0.7858119311445027
b93d9fe2a844b416581d,122,18,38,0.7622950819672131,3,2,探索尝试型,0.9152621905916396,0.6880116427142078,0.9957057916758423,1.2449631915117334
df784e67883e018f88b8,75,17,38,0.72,5,2,探索尝试型,0.9152621905916396,0.6880116427142078,0.9957057916758423,1.2449631915117334
9c2b85496091fd7f66d4,238,26,38,0.5966386554621849,4,0,集中针对型,1.7906970516562675,0.7925750591752834,0.9978133011612125,0.7858119311445027
2842c82981077b78b3cd,303,24,38,0.38613861386138615,4,0,集中针对型,1.7906970516562675,0.7925750591752834,0.9978133011612125,0.7858119311445027
6ab4994b59925a6d1bba,301,23,38,0.3953488372093023,4,0,集中针对型,1.7906970516562675,0.7925750591752834,0.9978133011612125,0.7858119311445027
fc1c9dd58091c33d8888,315,19,38,0.34285714285714286,4,0,集中针对型,1.7906970516562675,0.7925750591752834,0.9978133011612125,0.7858119311445027
01a691413dc5897db83f,324,18,38,0.4382716049382716,4,0,集中针对型,1.7906970516562675,0.7925750591752834,0.9978133011612125,0.7858119311445027
424de2c5e2c1f5652cdc,148,27,38,0.6216216216216216,5,2,探索尝试型,0.9152621905916396,0.6880116427142078,0.9957057916758423,1.2449631915117334
374ff25490a1f0aba47f,164,20,38,0.7804878048780488,4,2,探索尝试型,0.9152621905916396,0.6880116427142078,0.9957057916758423,1.2449631915117334
5479f88afb95288d6392,93,21,38,0.7741935483870968,5,2,探索尝试型,0.9152621905916396,0.6880116427142078,0.9957057916758423,1.2449631915117334
ed94d52e091b68ca5ee5,154,14,38,0.8506493506493507,3,2,探索尝试型,0.9152621905916396,0.6880116427142078,0.9957057916758423,1.2449631915117334
db54f15d48fa56b0d953,76,18,38,0.5789473684210527,5,2,探索尝试型,0.9152621905916396,0.6880116427142078,0.9957057916758423,1.2449631915117334
6a62f52203bda35656be,246,30,38,0.3780487804878049,4,0,集中针对型,1.7906970516562675,0.7925750591752834,0.9978133011612125,0.7858119311445027
0b02f701b1179f9f74f9,105,17,38,0.580952380952381,4,2,探索尝试型,0.9152621905916396,0.6880116427142078,0.9957057916758423,1.2449631915117334
74e22a3421e605061ef1,188,29,38,0.5372340425531915,5,0,集中针对型,1.7906970516562675,0.7925750591752834,0.9978133011612125,0.7858119311445027
de5213e7b8c88440a298,200,17,38,0.545,5,0,集中针对型,1.7906970516562675,0.7925750591752834,0.9978133011612125,0.7858119311445027
94a770d27cae58950a5b,110,20,38,0.6909090909090909,4,2,探索尝试型,0.9152621905916396,0.6880116427142078,0.9957057916758423,1.2449631915117334
5faa3d19e595ab735fda,129,15,38,0.6666666666666666,3,2,探索尝试型,0.9152621905916396,0.6880116427142078,0.9957057916758423,1.2449631915117334
e877c03b218bddedd3b8,133,13,37,0.3458646616541353,4,0,集中针对型,1.7906970516562675,0.7925750591752834,0.9978133011612125,0.7858119311445027
cad61c88146ec4d99a6d,6,1,1,0.16666666666666666,1,1,探索尝试型,0.9557030191432443,2.333279456925812,0.8832420270005868,0.9771501791416927
1d50eac067378042684b,198,12,38,0.36363636363636365,3,0,集中针对型,1.7906970516562675,0.7925750591752834,0.9978133011612125,0.7858119311445027
c8d8f83d06b68fc2f944,132,33,38,0.8636363636363636,4,2,探索尝试型,0.9152621905916396,0.6880116427142078,0.9957057916758423,1.2449631915117334
72fbfd24cdff0454a0e2,103,10,38,0.4854368932038835,3,0,集中针对型,1.7906970516562675,0.7925750591752834,0.9978133011612125,0.7858119311445027
768c216e172762b85899,161,10,35,0.515527950310559,3,0,集中针对型,1.7906970516562675,0.7925750591752834,0.9978133011612125,0.7858119311445027
306627b1ecbdf4e3aa34,109,21,38,0.6697247706422018,3,2,探索尝试型,0.9152621905916396,0.6880116427142078,0.9957057916758423,1.2449631915117334
0ef8b2c9e039eaace596,136,24,38,0.8308823529411765,4,2,探索尝试型,0.9152621905916396,0.6880116427142078,0.9957057916758423,1.2449631915117334
6b0cc09c9daf2966d1a7,221,33,38,0.5746606334841629,4,0,集中针对型,1.7906970516562675,0.7925750591752834,0.9978133011612125,0.7858119311445027
b6b2f975de58052aae0c,199,17,38,0.25125628140703515,5,0,集中针对型,1.7906970516562675,0.7925750591752834,0.9978133011612125,0.7858119311445027
071685b292483b04e836,73,20,38,0.726027397260274,5,2,探索尝试型,0.9152621905916396,0.6880116427142078,0.9957057916758423,1.2449631915117334
2ea821273e01ec758583,133,18,38,0.40601503759398494,3,0,集中针对型,1.7906970516562675,0.7925750591752834,0.9978133011612125,0.7858119311445027
552365f82674884bcaaa,69,12,38,0.6956521739130435,4,2,探索尝试型,0.9152621905916396,0.6880116427142078,0.9957057916758423,1.2449631915117334
cdbfb55b48cefce540dd,68,11,38,0.6470588235294118,4,2,探索尝试型,0.9152621905916396,0.6880116427142078,0.9957057916758423,1.2449631915117334
a867295d48d4b4134903,175,19,38,0.5542857142857143,3,0,集中针对型,1.7906970516562675,0.7925750591752834,0.9978133011612125,0.7858119311445027
a9e1aff282e8d6356dce,90,11,38,0.43333333333333335,3,0,集中针对型,1.7906970516562675,0.7925750591752834,0.9978133011612125,0.7858119311445027
0b16d35f1f39a063708a,250,32,38,0.476,4,0,集中针对型,1.7906970516562675,0.7925750591752834,0.9978133011612125,0.7858119311445027
a0973be15e5e7116f121,81,19,38,0.8024691358024691,3,2,探索尝试型,0.9152621905916396,0.6880116427142078,0.9957057916758423,1.2449631915117334
49a91a4dce6838ffcbcd,172,24,38,0.4476744186046512,4,0,集中针对型,1.7906970516562675,0.7925750591752834,0.9978133011612125,0.7858119311445027
b5863cc5a1b448ca1cab,140,28,38,0.45714285714285713,5,0,集中针对型,1.7906970516562675,0.7925750591752834,0.9978133011612125,0.7858119311445027
c7bb8ace7e79b91b3346,131,17,38,0.4122137404580153,3,0,集中针对型,1.7906970516562675,0.7925750591752834,0.9978133011612125,0.7858119311445027
3094825929f936abb792,159,17,38,0.5723270440251572,4,0,集中针对型,1.7906970516562675,0.7925750591752834,0.9978133011612125,0.7858119311445027
498121d2486259ef1b3a,183,14,38,0.43169398907103823,3,0,集中针对型,1.7906970516562675,0.7925750591752834,0.9978133011612125,0.7858119311445027
897f6d3de550ebf68384,103,24,38,0.8155339805825242,3,2,探索尝试型,0.9152621905916396,0.6880116427142078,0.9957057916758423,1.2449631915117334
418f4730434eaced55a2,67,15,38,0.7164179104477612,2,2,探索尝试型,0.9152621905916396,0.6880116427142078,0.9957057916758423,1.2449631915117334
b7ef250772618a089b48,133,25,38,0.7593984962406015,3,2,探索尝试型,0.9152621905916396,0.6880116427142078,0.9957057916758423,1.2449631915117334
b37bdce835e610d26c0c,43,12,22,0.9069767441860465,4,1,探索尝试型,0.9557030191432443,2.333279456925812,0.8832420270005868,0.9771501791416927
fef67841144f4c95a6c5,70,12,38,0.8714285714285714,2,2,探索尝试型,0.9152621905916396,0.6880116427142078,0.9957057916758423,1.2449631915117334
700915d303cc358e662a,113,18,38,0.8053097345132744,3,2,探索尝试型,0.9152621905916396,0.6880116427142078,0.9957057916758423,1.2449631915117334
ffe3886e3e3bab0249b5,139,17,38,0.7769784172661871,2,2,探索尝试型,0.9152621905916396,0.6880116427142078,0.9957057916758423,1.2449631915117334
emnk7ob7xxxdiph6fun3,117,64,34,0.5641025641025641,5,1,探索尝试型,0.9557030191432443,2.333279456925812,0.8832420270005868,0.9771501791416927
sie4alrjjjvlk0w9ye5l,115,69,36,0.6260869565217392,5,1,探索尝试型,0.9557030191432443,2.333279456925812,0.8832420270005868,0.9771501791416927
95i3ttsko6c6ol53ebql,97,56,33,0.5876288659793815,5,1,探索尝试型,0.9557030191432443,2.333279456925812,0.8832420270005868,0.9771501791416927
cz0pbk8vede7ey2oce4a,109,65,35,0.6055045871559633,5,1,探索尝试型,0.9557030191432443,2.333279456925812,0.8832420270005868,0.9771501791416927
xvfa4ysm4deeobu8wkym,114,63,37,0.6403508771929824,5,1,探索尝试型,0.9557030191432443,2.333279456925812,0.8832420270005868,0.9771501791416927
5slhcx7pnjhcmlbfffu6,102,60,37,0.5490196078431373,5,1,探索尝试型,0.9557030191432443,2.333279456925812,0.8832420270005868,0.9771501791416927
5qfsd40k8fv54hc102p2,91,56,36,0.6813186813186813,5,1,探索尝试型,0.9557030191432443,2.333279456925812,0.8832420270005868,0.9771501791416927
spyu1at0d9k1wxtenlhe,103,64,36,0.5533980582524272,5,1,探索尝试型,0.9557030191432443,2.333279456925812,0.8832420270005868,0.9771501791416927
z23fh1v40p3hmxxspbo9,100,59,34,0.54,5,1,探索尝试型,0.9557030191432443,2.333279456925812,0.8832420270005868,0.9771501791416927
n20d6b4o2g64oaa3q8ym,113,63,33,0.5221238938053098,5,1,探索尝试型,0.9557030191432443,2.333279456925812,0.8832420270005868,0.9771501791416927
yj708ceb2o5gueez45or,112,70,35,0.6696428571428571,5,1,探索尝试型,0.9557030191432443,2.333279456925812,0.8832420270005868,0.9771501791416927
90z3slav21r61p88ksba,119,68,38,0.5714285714285714,5,1,探索尝试型,0.9557030191432443,2.333279456925812,0.8832420270005868,0.9771501791416927
apxifjd35xfq6t47ysls,101,58,34,0.6138613861386139,5,1,探索尝试型,0.9557030191432443,2.333279456925812,0.8832420270005868,0.9771501791416927
r4oklg89q3yx9o2dfq3q,96,53,36,0.5416666666666666,5,1,探索尝试型,0.9557030191432443,2.333279456925812,0.8832420270005868,0.9771501791416927
4i0t5tq7o78lvc1zglgr,91,51,32,0.5604395604395604,5,1,探索尝试型,0.9557030191432443,2.333279456925812,0.8832420270005868,0.9771501791416927
icu31mfcha34dnwbsui2,92,50,35,0.5217391304347826,5,1,探索尝试型,0.9557030191432443,2.333279456925812,0.8832420270005868,0.9771501791416927
1vb2vsoy23nr0monflhx,117,58,34,0.5555555555555556,5,1,探索尝试型,0.9557030191432443,2.333279456925812,0.8832420270005868,0.9771501791416927
7iulsxm22wz4v82hgb2g,106,61,36,0.6698113207547169,5,1,探索尝试型,0.9557030191432443,2.333279456925812,0.8832420270005868,0.9771501791416927
omzalmrzys0ymf4cgt03,128,67,35,0.59375,5,1,探索尝试型,0.9557030191432443,2.333279456925812,0.8832420270005868,0.9771501791416927
nilkp0a54b01p87udccl,94,58,34,0.5851063829787234,5,1,探索尝试型,0.9557030191432443,2.333279456925812,0.8832420270005868,0.9771501791416927
7ssihtyt72rzukfci0o1,97,58,36,0.5463917525773195,5,1,探索尝试型,0.9557030191432443,2.333279456925812,0.8832420270005868,0.9771501791416927
78uyv6k6u49krocgtkzu,105,63,35,0.5523809523809524,5,1,探索尝试型,0.9557030191432443,2.333279456925812,0.8832420270005868,0.9771501791416927
ij9llitbhr4gi126l772,111,66,37,0.6036036036036037,5,1,探索尝试型,0.9557030191432443,2.333279456925812,0.8832420270005868,0.9771501791416927
qxnna0of95m3oebjc84f,96,61,34,0.5729166666666666,5,1,探索尝试型,0.9557030191432443,2.333279456925812,0.8832420270005868,0.9771501791416927
wzfry2domlqnblox9w1b,99,62,35,0.45454545454545453,5,1,探索尝试型,0.9557030191432443,2.333279456925812,0.8832420270005868,0.9771501791416927
otznu9tyqq50x0xij3br,99,56,31,0.5454545454545454,5,1,探索尝试型,0.9557030191432443,2.333279456925812,0.8832420270005868,0.9771501791416927
0m2kzubx9r60wyrsjj7j,107,65,35,0.514018691588785,5,1,探索尝试型,0.9557030191432443,2.333279456925812,0.8832420270005868,0.9771501791416927
wty9xgte39cr5rp39e50,124,68,36,0.5,5,1,探索尝试型,0.9557030191432443,2.333279456925812,0.8832420270005868,0.9771501791416927
5kqtdcvyt7rgqdoextw8,104,59,36,0.6442307692307693,5,1,探索尝试型,0.9557030191432443,2.333279456925812,0.8832420270005868,0.9771501791416927
t5uf4x6hffga8in2ua6l,115,64,34,0.5043478260869565,5,1,探索尝试型,0.9557030191432443,2.333279456925812,0.8832420270005868,0.9771501791416927
hz3im1vs42bx5rxbn7wh,99,61,35,0.5454545454545454,5,1,探索尝试型,0.9557030191432443,2.333279456925812,0.8832420270005868,0.9771501791416927
t8zrwu8iwkcdnwf3ruse,107,61,33,0.5327102803738317,5,1,探索尝试型,0.9557030191432443,2.333279456925812,0.8832420270005868,0.9771501791416927
5dmn9cwdf4l1snqfjw1p,88,53,35,0.48863636363636365,5,1,探索尝试型,0.9557030191432443,2.333279456925812,0.8832420270005868,0.9771501791416927
dt7s87imgsbma3l5scym,102,59,35,0.5980392156862745,5,1,探索尝试型,0.9557030191432443,2.333279456925812,0.8832420270005868,0.9771501791416927
r28s9kyo7knrvytyvmt8,110,63,35,0.4909090909090909,5,1,探索尝试型,0.9557030191432443,2.333279456925812,0.8832420270005868,0.9771501791416927
2b935bfe06ef02369807,74,9,38,0.581081081081081,3,2,探索尝试型,0.9152621905916396,0.6880116427142078,0.9957057916758423,1.2449631915117334
71d0a8156e59c4dcedfd,55,2,37,0.7090909090909091,1,2,探索尝试型,0.9152621905916396,0.6880116427142078,0.9957057916758423,1.2449631915117334
6106e5232ac32bc22d1d,135,15,38,0.5925925925925926,3,2,探索尝试型,0.9152621905916396,0.6880116427142078,0.9957057916758423,1.2449631915117334
eb4493aa138e8edc3f6d,135,10,38,0.34814814814814815,3,0,集中针对型,1.7906970516562675,0.7925750591752834,0.9978133011612125,0.7858119311445027
5d2379fb72082166dee3,110,14,38,0.4727272727272727,4,0,集中针对型,1.7906970516562675,0.7925750591752834,0.9978133011612125,0.7858119311445027
2e40c1b07d32d3b80862,176,18,38,0.32386363636363635,3,0,集中针对型,1.7906970516562675,0.7925750591752834,0.9978133011612125,0.7858119311445027
57f84519c468df122d69,91,29,38,0.6813186813186813,4,2,探索尝试型,0.9152621905916396,0.6880116427142078,0.9957057916758423,1.2449631915117334
64d65eddd629b80922f1,37,2,37,0.918918918918919,2,2,探索尝试型,0.9152621905916396,0.6880116427142078,0.9957057916758423,1.2449631915117334
d311ac015e2e230935b2,83,18,38,0.6144578313253012,4,2,探索尝试型,0.9152621905916396,0.6880116427142078,0.9957057916758423,1.2449631915117334
33b73273ab8e1a11fcda,71,9,38,0.6056338028169014,4,2,探索尝试型,0.9152621905916396,0.6880116427142078,0.9957057916758423,1.2449631915117334
a1ed24a77c97b05064ef,88,14,37,0.5454545454545454,3,2,探索尝试型,0.9152621905916396,0.6880116427142078,0.9957057916758423,1.2449631915117334
f286ac7cd0663855cc5f,99,12,38,0.6363636363636364,4,2,探索尝试型,0.9152621905916396,0.6880116427142078,0.9957057916758423,1.2449631915117334
a3cd849a5a8d682e18db,94,14,38,0.7340425531914894,4,2,探索尝试型,0.9152621905916396,0.6880116427142078,0.9957057916758423,1.2449631915117334
e77eaaa90a75ea6167f4,125,14,38,0.544,3,0,集中针对型,1.7906970516562675,0.7925750591752834,0.9978133011612125,0.7858119311445027
faa31dca7ed1dd11fe44,239,16,38,0.5732217573221757,3,0,集中针对型,1.7906970516562675,0.7925750591752834,0.9978133011612125,0.7858119311445027
e0be3445997310f4d68e,225,21,38,0.6088888888888889,2,0,集中针对型,1.7906970516562675,0.7925750591752834,0.9978133011612125,0.7858119311445027
cf73246d819a1ea78e14,109,13,38,0.6788990825688074,4,2,探索尝试型,0.9152621905916396,0.6880116427142078,0.9957057916758423,1.2449631915117334
00df647ee4bf7173642f,315,22,38,0.4888888888888889,4,0,集中针对型,1.7906970516562675,0.7925750591752834,0.9978133011612125,0.7858119311445027
b3e8039d33099e1d066c,79,18,38,0.5316455696202531,4,2,探索尝试型,0.9152621905916396,0.6880116427142078,0.9957057916758423,1.2449631915117334
b32b82ebae5971dd48df,135,26,38,0.7555555555555555,3,2,探索尝试型,0.9152621905916396,0.6880116427142078,0.9957057916758423,1.2449631915117334
9c39551b2cbe4f0c6d03,114,18,38,0.8157894736842105,3,2,探索尝试型,0.9152621905916396,0.6880116427142078,0.9957057916758423,1.2449631915117334
1ca19e51244cdd3f09ff,79,21,38,0.810126582278481,3,2,探索尝试型,0.9152621905916396,0.6880116427142078,0.9957057916758423,1.2449631915117334
0eb6eec8b4bee8ab6a44,128,15,38,0.4296875,3,0,集中针对型,1.7906970516562675,0.7925750591752834,0.9978133011612125,0.7858119311445027
dc93d7d840a88e5efb17,134,21,38,0.8432835820895522,3,2,探索尝试型,0.9152621905916396,0.6880116427142078,0.9957057916758423,1.2449631915117334
c7d5a3256a9f99ba3e98,121,14,38,0.7933884297520661,3,2,探索尝试型,0.9152621905916396,0.6880116427142078,0.9957057916758423,1.2449631915117334
2b54ed4af8281eb82f58,143,11,38,0.5034965034965035,3,0,集中针对型,1.7906970516562675,0.7925750591752834,0.9978133011612125,0.7858119311445027
c16e14d7aa5b4ef519e3,61,24,38,0.9180327868852459,4,2,探索尝试型,0.9152621905916396,0.6880116427142078,0.9957057916758423,1.2449631915117334
953123cfe1c275e6d8a9,129,13,38,0.3178294573643411,3,0,集中针对型,1.7906970516562675,0.7925750591752834,0.9978133011612125,0.7858119311445027
c53129098375fc7f17bc,212,13,37,0.42924528301886794,2,0,集中针对型,1.7906970516562675,0.7925750591752834,0.9978133011612125,0.7858119311445027
7b1d65c8c7637c14d9f2,101,7,38,0.46534653465346537,3,0,集中针对型,1.7906970516562675,0.7925750591752834,0.9978133011612125,0.7858119311445027
855b21869c4fdbed8047,62,3,38,0.7096774193548387,2,2,探索尝试型,0.9152621905916396,0.6880116427142078,0.9957057916758423,1.2449631915117334
f63cab44b941c6ca80d6,179,19,38,0.4245810055865922,4,0,集中针对型,1.7906970516562675,0.7925750591752834,0.9978133011612125,0.7858119311445027
4e4bb1f26e34ca0a13dc,111,8,38,0.6306306306306306,1,2,探索尝试型,0.9152621905916396,0.6880116427142078,0.9957057916758423,1.2449631915117334
7f58862bfed16feedfd6,75,8,38,0.8933333333333333,1,2,探索尝试型,0.9152621905916396,0.6880116427142078,0.9957057916758423,1.2449631915117334
a2b5174e55754addcd68,107,10,38,0.4672897196261682,4,0,集中针对型,1.7906970516562675,0.7925750591752834,0.9978133011612125,0.7858119311445027
056ab41140f68c15db14,209,15,38,0.7177033492822966,3,0,集中针对型,1.7906970516562675,0.7925750591752834,0.9978133011612125,0.7858119311445027
9369995cb6743cb69182,92,16,38,0.9021739130434783,4,2,探索尝试型,0.9152621905916396,0.6880116427142078,0.9957057916758423,1.2449631915117334
e5b30ace9334d153e076,161,16,38,0.5838509316770186,4,0,集中针对型,1.7906970516562675,0.7925750591752834,0.9978133011612125,0.7858119311445027
367c27a001837dabb2e9,109,13,38,0.3761467889908257,4,0,集中针对型,1.7906970516562675,0.7925750591752834,0.9978133011612125,0.7858119311445027
a3c8ab369e2e928ed523,51,9,38,0.9019607843137255,3,2,探索尝试型,0.9152621905916396,0.6880116427142078,0.9957057916758423,1.2449631915117334
06309f4c8785254f4c13,63,5,38,0.6031746031746031,3,2,探索尝试型,0.9152621905916396,0.6880116427142078,0.9957057916758423,1.2449631915117334
47b08a7751ab609be9e5,74,7,38,0.6081081081081081,3,2,探索尝试型,0.9152621905916396,0.6880116427142078,0.9957057916758423,1.2449631915117334
17f2d0e73044110cdea5,100,11,38,0.63,3,2,探索尝试型,0.9152621905916396,0.6880116427142078,0.9957057916758423,1.2449631915117334
c200d8d792314a9d3575,134,10,37,0.4925373134328358,3,0,集中针对型,1.7906970516562675,0.7925750591752834,0.9978133011612125,0.7858119311445027
84f116e542feb4ff69c0,100,6,37,0.51,3,0,集中针对型,1.7906970516562675,0.7925750591752834,0.9978133011612125,0.7858119311445027
hpty3h6eij2tr467ueks,93,48,29,0.5483870967741935,4,1,探索尝试型,0.9557030191432443,2.333279456925812,0.8832420270005868,0.9771501791416927
ygc6nfsry40yon3nicac,110,56,34,0.5727272727272728,4,1,探索尝试型,0.9557030191432443,2.333279456925812,0.8832420270005868,0.9771501791416927
th28zykgzvfex40v22hz,117,60,34,0.5641025641025641,4,1,探索尝试型,0.9557030191432443,2.333279456925812,0.8832420270005868,0.9771501791416927
3dglsy7ee3ytfq1lpwlv,130,63,35,0.5307692307692308,4,1,探索尝试型,0.9557030191432443,2.333279456925812,0.8832420270005868,0.9771501791416927
rgl39qjfatpnh3v4o28m,123,57,35,0.5528455284552846,4,1,探索尝试型,0.9557030191432443,2.333279456925812,0.8832420270005868,0.9771501791416927
iqhpwbqkqi7kugzduhit,127,59,34,0.5354330708661418,4,1,探索尝试型,0.9557030191432443,2.333279456925812,0.8832420270005868,0.9771501791416927
12s3yomv0kltozc1qxc4,118,60,35,0.6610169491525424,4,1,探索尝试型,0.9557030191432443,2.333279456925812,0.8832420270005868,0.9771501791416927
qaubz3kt65qtoit8g4vi,113,55,34,0.6194690265486725,4,1,探索尝试型,0.9557030191432443,2.333279456925812,0.8832420270005868,0.9771501791416927
mbbw64iibpv7ndj2iie1,107,63,33,0.6448598130841121,4,1,探索尝试型,0.9557030191432443,2.333279456925812,0.8832420270005868,0.9771501791416927
1eekhswi2ckx4uw0j1c9,112,54,37,0.5357142857142857,4,1,探索尝试型,0.9557030191432443,2.333279456925812,0.8832420270005868,0.9771501791416927
80xvovy2zizaj5kr0va5,104,54,37,0.4519230769230769,4,1,探索尝试型,0.9557030191432443,2.333279456925812,0.8832420270005868,0.9771501791416927
hva2hcwvh4mv0i4t59t6,90,50,29,0.5777777777777777,4,1,探索尝试型,0.9557030191432443,2.333279456925812,0.8832420270005868,0.9771501791416927
x9xz7kb08kmf1tytnc1f,108,55,36,0.5462962962962963,4,1,探索尝试型,0.9557030191432443,2.333279456925812,0.8832420270005868,0.9771501791416927
tezxtgugzffgu5fxr0cz,118,52,34,0.5932203389830508,4,1,探索尝试型,0.9557030191432443,2.333279456925812,0.8832420270005868,0.9771501791416927
lvp2qmljigke8u0nfbvl,92,52,33,0.6195652173913043,4,1,探索尝试型,0.9557030191432443,2.333279456925812,0.8832420270005868,0.9771501791416927
8bj43lrpbsn3smxxn3xn,85,55,33,0.6705882352941176,4,1,探索尝试型,0.9557030191432443,2.333279456925812,0.8832420270005868,0.9771501791416927
19buea1jycypffshcw38,105,53,33,0.5904761904761905,4,1,探索尝试型,0.9557030191432443,2.333279456925812,0.8832420270005868,0.9771501791416927
vcw0s2e0akak8rqunatk,98,55,32,0.6020408163265306,4,1,探索尝试型,0.9557030191432443,2.333279456925812,0.8832420270005868,0.9771501791416927
dri4ey8he2jovloucu86,99,51,32,0.47474747474747475,4,1,探索尝试型,0.9557030191432443,2.333279456925812,0.8832420270005868,0.9771501791416927
687ndz7mxhpv3gg91ie2,104,53,35,0.625,4,1,探索尝试型,0.9557030191432443,2.333279456925812,0.8832420270005868,0.9771501791416927
wmep7eexur6wwrlrz9sv,105,51,33,0.5904761904761905,4,1,探索尝试型,0.9557030191432443,2.333279456925812,0.8832420270005868,0.9771501791416927
219jkfkejubvu4dvuv13,117,59,36,0.5811965811965812,4,1,探索尝试型,0.9557030191432443,2.333279456925812,0.8832420270005868,0.9771501791416927
2ui63dibc4r8oo0p9agh,114,50,34,0.5175438596491229,4,1,探索尝试型,0.9557030191432443,2.333279456925812,0.8832420270005868,0.9771501791416927
o6tn58jvkqobrz2qmf5i,118,59,35,0.6101694915254238,4,1,探索尝试型,0.9557030191432443,2.333279456925812,0.8832420270005868,0.9771501791416927
iwjs5oi2pl8omkdrs53q,108,62,33,0.6296296296296297,4,1,探索尝试型,0.9557030191432443,2.333279456925812,0.8832420270005868,0.9771501791416927
0qamadarf6xhm9pm2jta,101,51,35,0.5247524752475248,4,1,探索尝试型,0.9557030191432443,2.333279456925812,0.8832420270005868,0.9771501791416927
qrrck1nnty89cmohw40b,87,51,33,0.632183908045977,4,1,探索尝试型,0.9557030191432443,2.333279456925812,0.8832420270005868,0.9771501791416927
6569uz69or21mbcejw25,93,53,34,0.5483870967741935,4,1,探索尝试型,0.9557030191432443,2.333279456925812,0.8832420270005868,0.9771501791416927
rufanlg0slv70u876a05,119,53,36,0.5630252100840336,4,1,探索尝试型,0.9557030191432443,2.333279456925812,0.8832420270005868,0.9771501791416927
jjx780kahllbp5y3x7p8,120,58,35,0.55,4,1,探索尝试型,0.9557030191432443,2.333279456925812,0.8832420270005868,0.9771501791416927
h7i4kmpsra4szfbhrcbh,112,58,35,0.5714285714285714,4,1,探索尝试型,0.9557030191432443,2.333279456925812,0.8832420270005868,0.9771501791416927
0z4mockl76xn8mhdaehw,108,60,32,0.49074074074074076,4,1,探索尝试型,0.9557030191432443,2.333279456925812,0.8832420270005868,0.9771501791416927
bfl1bc2oafd8hrz2xswq,104,55,32,0.6057692307692307,4,1,探索尝试型,0.9557030191432443,2.333279456925812,0.8832420270005868,0.9771501791416927
7eeq2weegodhsqj7bxc2,121,59,36,0.6528925619834711,4,1,探索尝试型,0.9557030191432443,2.333279456925812,0.8832420270005868,0.9771501791416927
0i1e50rz4mkhee97xvpo,94,50,34,0.5851063829787234,4,1,探索尝试型,0.9557030191432443,2.333279456925812,0.8832420270005868,0.9771501791416927
ac896071204b0ce26a1e,343,31,38,0.577259475218659,5,0,集中针对型,1.7906970516562675,0.7925750591752834,0.9978133011612125,0.7858119311445027
75a72c46b8271a57fba6,69,19,38,0.782608695652174,5,2,探索尝试型,0.9152621905916396,0.6880116427142078,0.9957057916758423,1.2449631915117334
fda1eaffdfa7350e5d97,222,26,38,0.32432432432432434,5,0,集中针对型,1.7906970516562675,0.7925750591752834,0.9978133011612125,0.7858119311445027
0e804947f4cdc2721046,104,26,38,0.6634615384615384,5,2,探索尝试型,0.9152621905916396,0.6880116427142078,0.9957057916758423,1.2449631915117334
f7c4a29d42220e1cea27,118,21,38,0.8389830508474576,5,2,探索尝试型,0.9152621905916396,0.6880116427142078,0.9957057916758423,1.2449631915117334
539911ee11c1b2aaeb88,104,22,38,0.5961538461538461,5,2,探索尝试型,0.9152621905916396,0.6880116427142078,0.9957057916758423,1.2449631915117334
94752e120f6bb6178ad5,108,28,38,0.7592592592592593,5,2,探索尝试型,0.9152621905916396,0.6880116427142078,0.9957057916758423,1.2449631915117334
13f8b8305f6c25c21921,267,26,38,0.4606741573033708,4,0,集中针对型,1.7906970516562675,0.7925750591752834,0.9978133011612125,0.7858119311445027
0c81ca27b7d931b6ff6e,142,13,38,0.3873239436619718,5,0,集中针对型,1.7906970516562675,0.7925750591752834,0.9978133011612125,0.7858119311445027
e2ee4818284ba527ef0a,73,11,38,0.7397260273972602,4,2,探索尝试型,0.9152621905916396,0.6880116427142078,0.9957057916758423,1.2449631915117334
76a2f2705490042bb8cb,77,15,38,0.7662337662337663,5,2,探索尝试型,0.9152621905916396,0.6880116427142078,0.9957057916758423,1.2449631915117334
87aa4503451b6a77b2b7,107,19,38,0.5794392523364486,5,2,探索尝试型,0.9152621905916396,0.6880116427142078,0.9957057916758423,1.2449631915117334
1552f58e2818ce7fa863,124,19,38,0.49193548387096775,5,0,集中针对型,1.7906970516562675,0.7925750591752834,0.9978133011612125,0.7858119311445027
211ed39c57c6e6cdefbf,125,18,38,0.4,5,0,集中针对型,1.7906970516562675,0.7925750591752834,0.9978133011612125,0.7858119311445027
28bc8af257c48eac3bf1,66,15,38,0.696969696969697,3,2,探索尝试型,0.9152621905916396,0.6880116427142078,0.9957057916758423,1.2449631915117334
2f3ef424b925a9881b81,119,24,38,0.5126050420168067,5,0,集中针对型,1.7906970516562675,0.7925750591752834,0.9978133011612125,0.7858119311445027
8fe25991951e1f37568b,125,22,38,0.456,4,0,集中针对型,1.7906970516562675,0.7925750591752834,0.9978133011612125,0.7858119311445027
a959b7dd7f65365313a4,252,18,38,0.28174603174603174,4,0,集中针对型,1.7906970516562675,0.7925750591752834,0.9978133011612125,0.7858119311445027
67456512891f96cc0fc3,78,18,38,0.6923076923076923,5,2,探索尝试型,0.9152621905916396,0.6880116427142078,0.9957057916758423,1.2449631915117334
83bf9b0424c17c9e13e7,73,20,38,0.7123287671232876,5,2,探索尝试型,0.9152621905916396,0.6880116427142078,0.9957057916758423,1.2449631915117334
01558eef77a8d39b7103,126,30,38,0.5952380952380952,5,2,探索尝试型,0.9152621905916396,0.6880116427142078,0.9957057916758423,1.2449631915117334
359f25d9131a0699405b,131,18,38,0.4198473282442748,5,0,集中针对型,1.7906970516562675,0.7925750591752834,0.9978133011612125,0.7858119311445027
1d7229e0f5f825007870,82,18,38,0.7073170731707317,4,2,探索尝试型,0.9152621905916396,0.6880116427142078,0.9957057916758423,1.2449631915117334
b9d88af0a70c4ccb592e,64,32,38,0.84375,4,2,探索尝试型,0.9152621905916396,0.6880116427142078,0.9957057916758423,1.2449631915117334
d4d7a248a58363732f8e,111,23,38,0.6126126126126126,5,2,探索尝试型,0.9152621905916396,0.6880116427142078,0.9957057916758423,1.2449631915117334
5e29473eb1e80fde79a0,185,30,38,0.33513513513513515,5,0,集中针对型,1.7906970516562675,0.7925750591752834,0.9978133011612125,0.7858119311445027
0b307ee95b41e222f204,118,19,38,0.8305084745762712,5,2,探索尝试型,0.9152621905916396,0.6880116427142078,0.9957057916758423,1.2449631915117334
1974349ec27d7d67bf08,192,25,38,0.4635416666666667,4,0,集中针对型,1.7906970516562675,0.7925750591752834,0.9978133011612125,0.7858119311445027
35e028ec34bfdb7a6d26,123,19,38,0.5609756097560976,4,0,集中针对型,1.7906970516562675,0.7925750591752834,0.9978133011612125,0.7858119311445027
d3fd2319c0f3aa00c371,96,24,38,0.9375,4,2,探索尝试型,0.9152621905916396,0.6880116427142078,0.9957057916758423,1.2449631915117334
5bdad002590327215ae0,79,19,38,0.9493670886075949,4,2,探索尝试型,0.9152621905916396,0.6880116427142078,0.9957057916758423,1.2449631915117334
919b6f74756bdb77edab,101,21,38,0.504950495049505,4,0,集中针对型,1.7906970516562675,0.7925750591752834,0.9978133011612125,0.7858119311445027
8596e232b0d863cd3130,87,21,38,0.7701149425287356,4,2,探索尝试型,0.9152621905916396,0.6880116427142078,0.9957057916758423,1.2449631915117334
17656005bd4086137ab7,106,20,38,0.6226415094339622,5,2,探索尝试型,0.9152621905916396,0.6880116427142078,0.9957057916758423,1.2449631915117334
d76c58732e315933a6cf,65,14,36,0.7538461538461538,4,2,探索尝试型,0.9152621905916396,0.6880116427142078,0.9957057916758423,1.2449631915117334
7c27b1482db039a6eee9,68,19,38,0.8529411764705882,4,2,探索尝试型,0.9152621905916396,0.6880116427142078,0.9957057916758423,1.2449631915117334
75e30b71e38030454877,139,23,38,0.5107913669064749,4,0,集中针对型,1.7906970516562675,0.7925750591752834,0.9978133011612125,0.7858119311445027
41126caf1874c098d357,111,16,38,0.5765765765765766,4,2,探索尝试型,0.9152621905916396,0.6880116427142078,0.9957057916758423,1.2449631915117334
eacb3353d7bc80cf3e7a,75,16,38,0.84,5,2,探索尝试型,0.9152621905916396,0.6880116427142078,0.9957057916758423,1.2449631915117334
69ae85efb03510241445,105,19,38,0.8571428571428571,4,2,探索尝试型,0.9152621905916396,0.6880116427142078,0.9957057916758423,1.2449631915117334
c5c5601b771f1b4491fa,90,18,38,0.8777777777777778,4,2,探索尝试型,0.9152621905916396,0.6880116427142078,0.9957057916758423,1.2449631915117334
c4ffbc0ba8c38e725fc8,63,18,38,0.8571428571428571,4,2,探索尝试型,0.9152621905916396,0.6880116427142078,0.9957057916758423,1.2449631915117334
55a47a152d359522e38d,135,25,38,0.725925925925926,5,2,探索尝试型,0.9152621905916396,0.6880116427142078,0.9957057916758423,1.2449631915117334
7ffc1d4e5026fc5195ea,78,22,38,0.782051282051282,5,2,探索尝试型,0.9152621905916396,0.6880116427142078,0.9957057916758423,1.2449631915117334
a05da04117e032cb4977,104,16,38,0.8557692307692307,5,2,探索尝试型,0.9152621905916396,0.6880116427142078,0.9957057916758423,1.2449631915117334
9be4ba08415daa1ee6fe,80,12,38,0.5875,4,2,探索尝试型,0.9152621905916396,0.6880116427142078,0.9957057916758423,1.2449631915117334
o6kw9thwvq6csdr9taal,115,57,36,0.6695652173913044,5,1,探索尝试型,0.9557030191432443,2.333279456925812,0.8832420270005868,0.9771501791416927
7n0vh1m7hm3g0v8ggv7v,108,57,33,0.5462962962962963,5,1,探索尝试型,0.9557030191432443,2.333279456925812,0.8832420270005868,0.9771501791416927
32n93dfesjggabieb85t,118,68,34,0.6101694915254238,5,1,探索尝试型,0.9557030191432443,2.333279456925812,0.8832420270005868,0.9771501791416927
k6jujv82n727fuwbxa6f,115,62,32,0.6434782608695652,5,1,探索尝试型,0.9557030191432443,2.333279456925812,0.8832420270005868,0.9771501791416927
di7sclw5samggg4sxipv,112,52,37,0.5982142857142857,5,1,探索尝试型,0.9557030191432443,2.333279456925812,0.8832420270005868,0.9771501791416927
tndsnutlm99ld8f4uya0,90,52,35,0.6,5,1,探索尝试型,0.9557030191432443,2.333279456925812,0.8832420270005868,0.9771501791416927
twa56vh9h75mwaqdma1y,103,57,37,0.6310679611650486,5,1,探索尝试型,0.9557030191432443,2.333279456925812,0.8832420270005868,0.9771501791416927
qkc2f9omqulfmn3j0m9p,103,57,34,0.5728155339805825,5,1,探索尝试型,0.9557030191432443,2.333279456925812,0.8832420270005868,0.9771501791416927
k7fa3kdg6dq9avbiqv1f,110,61,36,0.5727272727272728,5,1,探索尝试型,0.9557030191432443,2.333279456925812,0.8832420270005868,0.9771501791416927
aai4o855shne2taonl8m,111,54,34,0.5405405405405406,5,1,探索尝试型,0.9557030191432443,2.333279456925812,0.8832420270005868,0.9771501791416927
wi36b9plgjc82atx6z7h,96,56,30,0.5520833333333334,5,1,探索尝试型,0.9557030191432443,2.333279456925812,0.8832420270005868,0.9771501791416927
pxnnkthuxasggux3hyae,105,62,34,0.5428571428571428,5,1,探索尝试型,0.9557030191432443,2.333279456925812,0.8832420270005868,0.9771501791416927
nq4jln5s1zqjk7nwbbeo,82,52,32,0.5609756097560976,5,1,探索尝试型,0.9557030191432443,2.333279456925812,0.8832420270005868,0.9771501791416927
p8bk6cdfntr0humt6q45,98,50,36,0.6530612244897959,5,1,探索尝试型,0.9557030191432443,2.333279456925812,0.8832420270005868,0.9771501791416927
4nun1ah7qw10q705a2aq,103,58,34,0.6310679611650486,5,1,探索尝试型,0.9557030191432443,2.333279456925812,0.8832420270005868,0.9771501791416927
9npnusbksscam12fc4ut,102,56,36,0.5686274509803921,5,1,探索尝试型,0.9557030191432443,2.333279456925812,0.8832420270005868,0.9771501791416927
hu267zw9zywa4ew3d5bw,126,64,36,0.626984126984127,5,1,探索尝试型,0.9557030191432443,2.333279456925812,0.8832420270005868,0.9771501791416927
zhx5rxgopln1p5hd10ql,108,54,35,0.5555555555555556,5,1,探索尝试型,0.9557030191432443,2.333279456925812,0.8832420270005868,0.9771501791416927
pammg9gw4enjosw3z60e,103,59,34,0.5825242718446602,5,1,探索尝试型,0.9557030191432443,2.333279456925812,0.8832420270005868,0.9771501791416927
i39gdpglcxstun30b4yw,101,52,33,0.5445544554455446,5,1,探索尝试型,0.9557030191432443,2.333279456925812,0.8832420270005868,0.9771501791416927
whzjoeh34i7o86p37u99,109,62,37,0.5963302752293578,5,1,探索尝试型,0.9557030191432443,2.333279456925812,0.8832420270005868,0.9771501791416927
3lbe8ny12qw7qwcyihpn,94,57,34,0.6276595744680851,5,1,探索尝试型,0.9557030191432443,2.333279456925812,0.8832420270005868,0.9771501791416927
exaiz0y0uvpeg498cg4j,101,57,33,0.5544554455445545,5,1,探索尝试型,0.9557030191432443,2.333279456925812,0.8832420270005868,0.9771501791416927
b6nwoi7doh1m1yzbkxup,112,60,34,0.5982142857142857,5,1,探索尝试型,0.9557030191432443,2.333279456925812,0.8832420270005868,0.9771501791416927
d9qmlhyp13mf5nto4qih,114,60,34,0.5701754385964912,5,1,探索尝试型,0.9557030191432443,2.333279456925812,0.8832420270005868,0.9771501791416927
m380dsj058viwn3ly6j1,93,52,32,0.5376344086021505,5,1,探索尝试型,0.9557030191432443,2.333279456925812,0.8832420270005868,0.9771501791416927
zoo8a9uj8a0dplifqzdp,105,57,36,0.6571428571428571,5,1,探索尝试型,0.9557030191432443,2.333279456925812,0.8832420270005868,0.9771501791416927
k6kv9y9tqfll5d282ymb,103,53,35,0.6504854368932039,5,1,探索尝试型,0.9557030191432443,2.333279456925812,0.8832420270005868,0.9771501791416927
r9m46ndmmmzeeehft96z,89,56,33,0.5842696629213483,5,1,探索尝试型,0.9557030191432443,2.333279456925812,0.8832420270005868,0.9771501791416927
xf5q0ixkpbxl3w7k16qo,97,52,34,0.5567010309278351,5,1,探索尝试型,0.9557030191432443,2.333279456925812,0.8832420270005868,0.9771501791416927
9dbg3fyz4qnj7x9qug6x,111,61,34,0.5945945945945946,5,1,探索尝试型,0.9557030191432443,2.333279456925812,0.8832420270005868,0.9771501791416927
l1rn095adguamaugi4ux,115,64,37,0.6695652173913044,5,1,探索尝试型,0.9557030191432443,2.333279456925812,0.8832420270005868,0.9771501791416927
d4xny47ows87zd7viwj5,118,57,34,0.6271186440677966,5,1,探索尝试型,0.9557030191432443,2.333279456925812,0.8832420270005868,0.9771501791416927
owzdfs89mm4ci0382a3b,98,67,32,0.5714285714285714,5,1,探索尝试型,0.9557030191432443,2.333279456925812,0.8832420270005868,0.9771501791416927
slmfpw1fyabrtys8ufg9,93,56,35,0.5591397849462365,5,1,探索尝试型,0.9557030191432443,2.333279456925812,0.8832420270005868,0.9771501791416927
