student_ID,month,submit_count,question_count,correct_count,correct_ratio,correct_percentage
8b6d1125760bd3939b6e,2023-10,16,6,6,0.375,37.5
8b6d1125760bd3939b6e,2023-11,8,4,8,1.0,100.0
8b6d1125760bd3939b6e,2024-01,43,28,28,0.6512,65.12
63eef37311aaac915a45,2023-12,245,38,76,0.3102,31.02
63eef37311aaac915a45,2024-01,1,1,1,1.0,100.0
5d89810b20079366fcc2,2023-10,11,6,6,0.5455,54.55
5d89810b20079366fcc2,2023-11,14,13,12,0.8571,85.71
5d89810b20079366fcc2,2023-12,13,11,11,0.8462,84.62
5d89810b20079366fcc2,2024-01,11,10,10,0.9091,90.91
47eeab842793b09300c3,2023-09,19,6,5,0.2632,26.32
47eeab842793b09300c3,2023-10,50,21,27,0.54,54.0
47eeab842793b09300c3,2023-11,6,4,4,0.6667,66.67
47eeab842793b09300c3,2023-12,27,11,12,0.4444,44.44
47eeab842793b09300c3,2024-01,2,1,2,1.0,100.0
a8eea517e36b20757b2e,2023-11,118,14,45,0.3814,38.14
a8eea517e36b20757b2e,2023-12,24,7,8,0.3333,33.33
a8eea517e36b20757b2e,2024-01,25,15,12,0.48,48.0
e89cdaa3f159a0d3f55e,2023-10,74,12,33,0.4459,44.59
e89cdaa3f159a0d3f55e,2023-11,239,21,100,0.4184,41.84
e89cdaa3f159a0d3f55e,2023-12,92,9,40,0.4348,43.48
e89cdaa3f159a0d3f55e,2024-01,15,2,4,0.2667,26.67
e324cc9cb52a2b3cb9cb,2023-11,41,5,5,0.122,12.2
e324cc9cb52a2b3cb9cb,2023-12,168,35,47,0.2798,27.98
98e10f84d94623f8b39e,2023-09,4,2,2,0.5,50.0
98e10f84d94623f8b39e,2023-10,65,12,30,0.4615,46.15
98e10f84d94623f8b39e,2023-12,93,24,29,0.3118,31.18
3c89c7f1db26ae691db8,2023-10,100,10,20,0.2,20.0
3c89c7f1db26ae691db8,2023-11,115,10,55,0.4783,47.83
3c89c7f1db26ae691db8,2023-12,33,18,29,0.8788,87.88
3c89c7f1db26ae691db8,2024-01,3,3,3,1.0,100.0
9ea29e4a747ea4a7c70a,2023-10,66,20,44,0.6667,66.67
9ea29e4a747ea4a7c70a,2023-11,89,18,46,0.5169,51.69
9ea29e4a747ea4a7c70a,2023-12,9,4,8,0.8889,88.89
e23ada44d3eac9b465d2,2023-09,4,4,2,0.5,50.0
e23ada44d3eac9b465d2,2023-10,26,14,16,0.6154,61.54
e23ada44d3eac9b465d2,2023-11,28,8,18,0.6429,64.29
e23ada44d3eac9b465d2,2023-12,16,14,16,1.0,100.0
b79c2d9d8148403a3720,2023-10,223,38,163,0.7309,73.09
b79c2d9d8148403a3720,2023-11,9,3,9,1.0,100.0
b79c2d9d8148403a3720,2023-12,2,1,2,1.0,100.0
01d8aa21ef476b66c573,2023-10,38,10,23,0.6053,60.53
01d8aa21ef476b66c573,2023-11,74,19,50,0.6757,67.57
01d8aa21ef476b66c573,2023-12,17,10,10,0.5882,58.82
9417c1b4c24e428984bc,2023-10,83,16,51,0.6145,61.45
9417c1b4c24e428984bc,2023-11,95,17,41,0.4316,43.16
9417c1b4c24e428984bc,2023-12,18,9,14,0.7778,77.78
3d63ba961a5f3a60616a,2023-10,49,22,35,0.7143,71.43
3d63ba961a5f3a60616a,2023-11,8,7,8,1.0,100.0
3d63ba961a5f3a60616a,2023-12,19,10,10,0.5263,52.63
57709f904b1cc9ec60b1,2023-10,62,16,20,0.3226,32.26
57709f904b1cc9ec60b1,2023-11,79,16,55,0.6962,69.62
57709f904b1cc9ec60b1,2023-12,19,10,12,0.6316,63.16
8979427badebb9e2bd10,2023-10,30,15,16,0.5333,53.33
8979427badebb9e2bd10,2023-11,49,5,4,0.0816,8.16
8979427badebb9e2bd10,2023-12,39,19,38,0.9744,97.44
6e7d56f652020f046204,2023-10,48,12,24,0.5,50.0
6e7d56f652020f046204,2023-11,58,19,32,0.5517,55.17
6e7d56f652020f046204,2023-12,34,10,15,0.4412,44.12
03aa0b20dd4af1888eef,2023-10,45,10,13,0.2889,28.89
03aa0b20dd4af1888eef,2023-11,58,19,50,0.8621,86.21
03aa0b20dd4af1888eef,2023-12,57,13,38,0.6667,66.67
1b25734414fcc7466153,2023-09,4,2,2,0.5,50.0
1b25734414fcc7466153,2023-10,100,28,59,0.59,59.0
1b25734414fcc7466153,2023-11,68,9,35,0.5147,51.47
1b25734414fcc7466153,2023-12,3,3,3,1.0,100.0
8777bd09f180d330b147,2023-09,13,5,7,0.5385,53.85
8777bd09f180d330b147,2023-10,52,16,29,0.5577,55.77
8777bd09f180d330b147,2023-11,55,19,23,0.4182,41.82
8b1fbc97391699e46cef,2023-10,77,13,37,0.4805,48.05
8b1fbc97391699e46cef,2023-11,179,22,97,0.5419,54.19
8b1fbc97391699e46cef,2023-12,22,6,14,0.6364,63.64
dc83f9577ae72447a7b1,2023-10,91,22,53,0.5824,58.24
dc83f9577ae72447a7b1,2023-11,49,16,30,0.6122,61.22
dc83f9577ae72447a7b1,2023-12,21,8,20,0.9524,95.24
be503fccbf0ae5532639,2023-10,30,9,14,0.4667,46.67
be503fccbf0ae5532639,2023-11,46,20,23,0.5,50.0
be503fccbf0ae5532639,2023-12,20,9,13,0.65,65.0
cd6355bf939a47577f6d,2023-10,160,20,36,0.225,22.5
cd6355bf939a47577f6d,2023-11,234,25,103,0.4402,44.02
cd6355bf939a47577f6d,2023-12,60,18,41,0.6833,68.33
fb4411db1aac3cd2544b,2023-09,14,3,3,0.2143,21.43
fb4411db1aac3cd2544b,2023-10,48,17,36,0.75,75.0
fb4411db1aac3cd2544b,2023-11,30,10,9,0.3,30.0
fb4411db1aac3cd2544b,2023-12,18,10,13,0.7222,72.22
f06c3ddb1a98713eeb32,2023-10,47,9,14,0.2979,29.79
f06c3ddb1a98713eeb32,2023-11,108,25,49,0.4537,45.37
f06c3ddb1a98713eeb32,2023-12,15,11,12,0.8,80.0
bca2be7a89b9b36b45cc,2023-10,37,15,23,0.6216,62.16
bca2be7a89b9b36b45cc,2023-11,74,23,60,0.8108,81.08
bca2be7a89b9b36b45cc,2023-12,44,26,41,0.9318,93.18
f058870b1bc33e288e82,2023-10,13,6,7,0.5385,53.85
f058870b1bc33e288e82,2023-11,69,23,52,0.7536,75.36
f058870b1bc33e288e82,2023-12,28,9,16,0.5714,57.14
a1fa76b5d99a411d6649,2023-10,49,17,24,0.4898,48.98
a1fa76b5d99a411d6649,2023-11,47,16,38,0.8085,80.85
a1fa76b5d99a411d6649,2023-12,14,7,12,0.8571,85.71
79ea7a2f63285f2fe26b,2023-10,27,17,24,0.8889,88.89
79ea7a2f63285f2fe26b,2023-11,90,15,77,0.8556,85.56
79ea7a2f63285f2fe26b,2023-12,13,8,12,0.9231,92.31
54826f4abf592713d585,2023-10,45,20,34,0.7556,75.56
54826f4abf592713d585,2023-11,61,18,53,0.8689,86.89
54826f4abf592713d585,2023-12,2,1,2,1.0,100.0
e716574233e87591ff19,2023-10,42,9,13,0.3095,30.95
e716574233e87591ff19,2023-11,47,11,27,0.5745,57.45
e716574233e87591ff19,2023-12,62,18,40,0.6452,64.52
bab3d23935ae4f8e798c,2023-10,234,38,91,0.3889,38.89
bab3d23935ae4f8e798c,2023-11,111,22,66,0.5946,59.46
bab3d23935ae4f8e798c,2023-12,44,11,27,0.6136,61.36
d2403aa287eb869a170a,2023-10,235,23,66,0.2809,28.09
d2403aa287eb869a170a,2023-11,21,6,6,0.2857,28.57
d2403aa287eb869a170a,2023-12,17,8,8,0.4706,47.06
d2403aa287eb869a170a,2024-01,3,3,3,1.0,100.0
ce1a32f22b91f4d81015,2023-09,13,1,2,0.1538,15.38
ce1a32f22b91f4d81015,2023-10,22,6,8,0.3636,36.36
ce1a32f22b91f4d81015,2023-11,76,26,53,0.6974,69.74
ce1a32f22b91f4d81015,2023-12,25,9,16,0.64,64.0
d0a933a514028d777578,2023-09,1,1,1,1.0,100.0
d0a933a514028d777578,2023-10,54,24,47,0.8704,87.04
d0a933a514028d777578,2023-11,48,15,43,0.8958,89.58
d0a933a514028d777578,2023-12,3,1,3,1.0,100.0
81c4c46f19cb21d54bbb,2023-09,13,9,10,0.7692,76.92
81c4c46f19cb21d54bbb,2023-10,51,23,34,0.6667,66.67
81c4c46f19cb21d54bbb,2023-11,21,8,10,0.4762,47.62
81c4c46f19cb21d54bbb,2023-12,4,1,1,0.25,25.0
876aca2b8ce1958ea773,2023-10,140,13,32,0.2286,22.86
876aca2b8ce1958ea773,2023-11,73,16,30,0.411,41.1
876aca2b8ce1958ea773,2023-12,122,12,74,0.6066,60.66
c57c5ca2df494f27ca64,2023-09,1,1,1,1.0,100.0
c57c5ca2df494f27ca64,2023-10,15,6,14,0.9333,93.33
c57c5ca2df494f27ca64,2023-11,24,12,23,0.9583,95.83
c57c5ca2df494f27ca64,2023-12,87,20,54,0.6207,62.07
64d1d58d40bca568347c,2023-10,71,23,34,0.4789,47.89
64d1d58d40bca568347c,2023-11,43,12,26,0.6047,60.47
64d1d58d40bca568347c,2023-12,6,4,5,0.8333,83.33
75c2677c8d156032e303,2023-10,56,5,10,0.1786,17.86
75c2677c8d156032e303,2023-11,173,19,42,0.2428,24.28
75c2677c8d156032e303,2023-12,82,17,59,0.7195,71.95
b345ecad87a7fbac77ce,2023-10,172,38,147,0.8547,85.47
b345ecad87a7fbac77ce,2023-11,66,17,59,0.8939,89.39
b345ecad87a7fbac77ce,2023-12,8,2,7,0.875,87.5
360820d6620d17d1b48b,2023-09,39,11,16,0.4103,41.03
360820d6620d17d1b48b,2023-10,52,25,43,0.8269,82.69
360820d6620d17d1b48b,2023-11,55,11,52,0.9455,94.55
360820d6620d17d1b48b,2023-12,52,5,46,0.8846,88.46
7086b49d3d6c2cf79c1a,2023-10,85,27,51,0.6,60.0
7086b49d3d6c2cf79c1a,2023-11,13,11,11,0.8462,84.62
cac3f85073c947532796,2023-10,28,9,12,0.4286,42.86
cac3f85073c947532796,2023-11,146,26,119,0.8151,81.51
cac3f85073c947532796,2023-12,34,6,15,0.4412,44.12
e37bbe9fe37f92b785d9,2023-10,107,34,87,0.8131,81.31
e37bbe9fe37f92b785d9,2023-11,74,21,40,0.5405,54.05
e37bbe9fe37f92b785d9,2023-12,3,2,3,1.0,100.0
0a8736f6520cea837d94,2023-10,88,16,40,0.4545,45.45
0a8736f6520cea837d94,2023-11,63,19,35,0.5556,55.56
0a8736f6520cea837d94,2023-12,67,12,14,0.209,20.9
37ae91c472189108a737,2023-10,1,1,1,1.0,100.0
37ae91c472189108a737,2023-11,37,14,22,0.5946,59.46
37ae91c472189108a737,2023-12,41,23,26,0.6341,63.41
488934d01a504bc212b4,2023-10,25,16,18,0.72,72.0
488934d01a504bc212b4,2023-11,55,23,48,0.8727,87.27
545eb6c8154273344669,2023-09,2,1,0,0.0,0.0
545eb6c8154273344669,2023-10,58,18,33,0.569,56.9
545eb6c8154273344669,2023-11,67,16,29,0.4328,43.28
545eb6c8154273344669,2023-12,11,5,7,0.6364,63.64
22ae866c664a147f9971,2023-10,65,32,57,0.8769,87.69
22ae866c664a147f9971,2023-11,14,6,12,0.8571,85.71
86215294b080f19af22f,2023-09,30,3,0,0.0,0.0
86215294b080f19af22f,2023-10,54,23,35,0.6481,64.81
86215294b080f19af22f,2023-11,30,9,16,0.5333,53.33
86215294b080f19af22f,2023-12,35,8,17,0.4857,48.57
1e25b47eaef62694a236,2023-10,7,1,1,0.1429,14.29
1e25b47eaef62694a236,2023-11,48,7,24,0.5,50.0
1e25b47eaef62694a236,2023-12,54,31,45,0.8333,83.33
580e98185da72b5f34cd,2023-09,21,6,10,0.4762,47.62
580e98185da72b5f34cd,2023-10,106,25,79,0.7453,74.53
580e98185da72b5f34cd,2023-11,49,6,44,0.898,89.8
580e98185da72b5f34cd,2023-12,33,4,31,0.9394,93.94
99d6b8a1cc0020112951,2023-09,3,1,1,0.3333,33.33
99d6b8a1cc0020112951,2023-10,102,35,70,0.6863,68.63
99d6b8a1cc0020112951,2023-11,7,3,4,0.5714,57.14
ff59855075a6bc39d62b,2023-10,19,6,7,0.3684,36.84
ff59855075a6bc39d62b,2023-11,6,4,6,1.0,100.0
ff59855075a6bc39d62b,2023-12,43,28,28,0.6512,65.12
8d422b817027d7721870,2023-09,12,8,10,0.8333,83.33
8d422b817027d7721870,2023-10,38,22,36,0.9474,94.74
8d422b817027d7721870,2023-11,23,8,22,0.9565,95.65
8d422b817027d7721870,2023-12,3,1,3,1.0,100.0
18cdd44af62c6935e7a0,2023-09,42,8,18,0.4286,42.86
18cdd44af62c6935e7a0,2023-10,67,14,55,0.8209,82.09
18cdd44af62c6935e7a0,2023-11,81,18,58,0.716,71.6
c00c91256ab1777d0dbc,2023-10,134,36,51,0.3806,38.06
c00c91256ab1777d0dbc,2023-11,27,7,13,0.4815,48.15
c00c91256ab1777d0dbc,2023-12,5,2,5,1.0,100.0
10de703c06bf9d873d68,2023-09,6,1,0,0.0,0.0
10de703c06bf9d873d68,2023-10,89,22,38,0.427,42.7
10de703c06bf9d873d68,2023-11,49,18,26,0.5306,53.06
10de703c06bf9d873d68,2023-12,8,7,8,1.0,100.0
t3wo8xb4rq94n3fpfk35,2023-09,3,2,1,0.3333,33.33
t3wo8xb4rq94n3fpfk35,2023-10,38,23,23,0.6053,60.53
t3wo8xb4rq94n3fpfk35,2023-11,39,24,20,0.5128,51.28
t3wo8xb4rq94n3fpfk35,2023-12,24,14,16,0.6667,66.67
8cvzwcc62ql4rqj0pyzl,2023-09,3,3,1,0.3333,33.33
8cvzwcc62ql4rqj0pyzl,2023-10,35,21,19,0.5429,54.29
8cvzwcc62ql4rqj0pyzl,2023-11,40,22,26,0.65,65.0
8cvzwcc62ql4rqj0pyzl,2023-12,20,13,15,0.75,75.0
8cvzwcc62ql4rqj0pyzl,2024-01,1,1,0,0.0,0.0
79cvflltnemb9zpg6pgl,2023-09,2,2,0,0.0,0.0
79cvflltnemb9zpg6pgl,2023-10,38,22,22,0.5789,57.89
79cvflltnemb9zpg6pgl,2023-11,37,21,25,0.6757,67.57
79cvflltnemb9zpg6pgl,2023-12,17,10,8,0.4706,47.06
i21qi5qdsjqcch2xvdd5,2023-09,1,1,0,0.0,0.0
i21qi5qdsjqcch2xvdd5,2023-10,37,20,19,0.5135,51.35
i21qi5qdsjqcch2xvdd5,2023-11,38,24,19,0.5,50.0
i21qi5qdsjqcch2xvdd5,2023-12,24,15,13,0.5417,54.17
qw1seyo5nrhlm8vby58w,2023-09,1,1,0,0.0,0.0
qw1seyo5nrhlm8vby58w,2023-10,36,18,16,0.4444,44.44
qw1seyo5nrhlm8vby58w,2023-11,44,21,27,0.6136,61.36
qw1seyo5nrhlm8vby58w,2023-12,18,13,11,0.6111,61.11
qw1seyo5nrhlm8vby58w,2024-01,1,1,0,0.0,0.0
exj3a7hd6gwihbowgm3w,2023-09,2,2,0,0.0,0.0
exj3a7hd6gwihbowgm3w,2023-10,40,20,19,0.475,47.5
exj3a7hd6gwihbowgm3w,2023-11,35,19,18,0.5143,51.43
exj3a7hd6gwihbowgm3w,2023-12,22,14,10,0.4545,45.45
exj3a7hd6gwihbowgm3w,2024-01,1,1,0,0.0,0.0
qz6jjynwbd3szlp0rj04,2023-09,4,2,2,0.5,50.0
qz6jjynwbd3szlp0rj04,2023-10,37,21,20,0.5405,54.05
qz6jjynwbd3szlp0rj04,2023-11,33,18,23,0.697,69.7
qz6jjynwbd3szlp0rj04,2023-12,14,10,8,0.5714,57.14
0maggb1hf886m5u6p2vr,2023-09,5,5,0,0.0,0.0
0maggb1hf886m5u6p2vr,2023-10,45,23,26,0.5778,57.78
0maggb1hf886m5u6p2vr,2023-11,39,24,22,0.5641,56.41
0maggb1hf886m5u6p2vr,2023-12,24,15,12,0.5,50.0
0maggb1hf886m5u6p2vr,2024-01,1,1,0,0.0,0.0
cuwakm24vlp785ky5w71,2023-09,5,3,1,0.2,20.0
cuwakm24vlp785ky5w71,2023-10,45,20,19,0.4222,42.22
cuwakm24vlp785ky5w71,2023-11,51,26,33,0.6471,64.71
cuwakm24vlp785ky5w71,2023-12,20,15,11,0.55,55.0
cuwakm24vlp785ky5w71,2024-01,1,1,0,0.0,0.0
uvh2zil455wi0dcdan51,2023-09,2,2,1,0.5,50.0
uvh2zil455wi0dcdan51,2023-10,34,19,19,0.5588,55.88
uvh2zil455wi0dcdan51,2023-11,52,30,30,0.5769,57.69
uvh2zil455wi0dcdan51,2023-12,20,12,10,0.5,50.0
uvh2zil455wi0dcdan51,2024-01,1,1,1,1.0,100.0
wwh529n48kyjq1xe9h46,2023-09,2,2,1,0.5,50.0
wwh529n48kyjq1xe9h46,2023-10,39,20,23,0.5897,58.97
wwh529n48kyjq1xe9h46,2023-11,31,18,22,0.7097,70.97
wwh529n48kyjq1xe9h46,2023-12,13,10,10,0.7692,76.92
wwh529n48kyjq1xe9h46,2024-01,2,2,1,0.5,50.0
o5lo8q4tb8yt0v8imkw4,2023-09,2,2,0,0.0,0.0
o5lo8q4tb8yt0v8imkw4,2023-10,46,21,23,0.5,50.0
o5lo8q4tb8yt0v8imkw4,2023-11,31,20,16,0.5161,51.61
o5lo8q4tb8yt0v8imkw4,2023-12,16,8,14,0.875,87.5
o5lo8q4tb8yt0v8imkw4,2024-01,2,2,1,0.5,50.0
pr6b1twg5sgsrzek6adi,2023-09,3,3,1,0.3333,33.33
pr6b1twg5sgsrzek6adi,2023-10,38,18,19,0.5,50.0
pr6b1twg5sgsrzek6adi,2023-11,47,21,27,0.5745,57.45
pr6b1twg5sgsrzek6adi,2023-12,19,13,10,0.5263,52.63
zeuj2ypen39p38d4m3oj,2023-09,1,1,0,0.0,0.0
zeuj2ypen39p38d4m3oj,2023-10,28,17,13,0.4643,46.43
zeuj2ypen39p38d4m3oj,2023-11,42,20,22,0.5238,52.38
zeuj2ypen39p38d4m3oj,2023-12,24,17,8,0.3333,33.33
6o68qswzkvrrtbiz6bzr,2023-10,44,21,23,0.5227,52.27
6o68qswzkvrrtbiz6bzr,2023-11,41,25,18,0.439,43.9
6o68qswzkvrrtbiz6bzr,2023-12,31,14,18,0.5806,58.06
6o68qswzkvrrtbiz6bzr,2024-01,2,2,0,0.0,0.0
1mp9yiw6rkrr3846047g,2023-09,3,3,1,0.3333,33.33
1mp9yiw6rkrr3846047g,2023-10,39,18,21,0.5385,53.85
1mp9yiw6rkrr3846047g,2023-11,34,20,22,0.6471,64.71
1mp9yiw6rkrr3846047g,2023-12,15,11,9,0.6,60.0
lzvutqpj9ggc0nwwsxcv,2023-09,1,1,0,0.0,0.0
lzvutqpj9ggc0nwwsxcv,2023-10,43,24,21,0.4884,48.84
lzvutqpj9ggc0nwwsxcv,2023-11,40,21,24,0.6,60.0
lzvutqpj9ggc0nwwsxcv,2023-12,18,13,14,0.7778,77.78
lzvutqpj9ggc0nwwsxcv,2024-01,1,1,1,1.0,100.0
isa355t9q5rut5fm8aml,2023-09,2,2,1,0.5,50.0
isa355t9q5rut5fm8aml,2023-10,34,21,20,0.5882,58.82
isa355t9q5rut5fm8aml,2023-11,33,18,19,0.5758,57.58
isa355t9q5rut5fm8aml,2023-12,26,17,21,0.8077,80.77
isa355t9q5rut5fm8aml,2024-01,1,1,1,1.0,100.0
5gs9643ghg39gpkgi3e5,2023-09,1,1,0,0.0,0.0
5gs9643ghg39gpkgi3e5,2023-10,41,20,27,0.6585,65.85
5gs9643ghg39gpkgi3e5,2023-11,31,19,17,0.5484,54.84
5gs9643ghg39gpkgi3e5,2023-12,16,11,12,0.75,75.0
ao2x473zwn7k7a6gpfr9,2023-09,3,2,1,0.3333,33.33
ao2x473zwn7k7a6gpfr9,2023-10,35,23,18,0.5143,51.43
ao2x473zwn7k7a6gpfr9,2023-11,33,21,20,0.6061,60.61
ao2x473zwn7k7a6gpfr9,2023-12,21,16,9,0.4286,42.86
ao2x473zwn7k7a6gpfr9,2024-01,2,2,2,1.0,100.0
jwdjcrxdn0um79f0rjvw,2023-09,3,2,1,0.3333,33.33
jwdjcrxdn0um79f0rjvw,2023-10,43,23,23,0.5349,53.49
jwdjcrxdn0um79f0rjvw,2023-11,38,21,23,0.6053,60.53
jwdjcrxdn0um79f0rjvw,2023-12,13,11,9,0.6923,69.23
oppl3ojvw61dvd5yw1wl,2023-09,3,2,1,0.3333,33.33
oppl3ojvw61dvd5yw1wl,2023-10,48,22,28,0.5833,58.33
oppl3ojvw61dvd5yw1wl,2023-11,37,16,24,0.6486,64.86
oppl3ojvw61dvd5yw1wl,2023-12,22,13,11,0.5,50.0
oppl3ojvw61dvd5yw1wl,2024-01,1,1,1,1.0,100.0
s0vfgmhobw9jq6al8iww,2023-09,2,2,0,0.0,0.0
s0vfgmhobw9jq6al8iww,2023-10,39,20,23,0.5897,58.97
s0vfgmhobw9jq6al8iww,2023-11,39,21,25,0.641,64.1
s0vfgmhobw9jq6al8iww,2023-12,10,9,6,0.6,60.0
styld7k1gge5cvjria5b,2023-09,1,1,0,0.0,0.0
styld7k1gge5cvjria5b,2023-10,34,18,21,0.6176,61.76
styld7k1gge5cvjria5b,2023-11,28,22,20,0.7143,71.43
styld7k1gge5cvjria5b,2023-12,20,13,12,0.6,60.0
styld7k1gge5cvjria5b,2024-01,4,4,2,0.5,50.0
fvurnsqlgyr9zbd6msqs,2023-09,2,2,0,0.0,0.0
fvurnsqlgyr9zbd6msqs,2023-10,38,19,19,0.5,50.0
fvurnsqlgyr9zbd6msqs,2023-11,26,15,16,0.6154,61.54
fvurnsqlgyr9zbd6msqs,2023-12,19,16,10,0.5263,52.63
fvurnsqlgyr9zbd6msqs,2024-01,1,1,1,1.0,100.0
47vclaej1xmb0rc8kgka,2023-09,4,3,3,0.75,75.0
47vclaej1xmb0rc8kgka,2023-10,37,20,17,0.4595,45.95
47vclaej1xmb0rc8kgka,2023-11,42,24,26,0.619,61.9
47vclaej1xmb0rc8kgka,2023-12,19,13,10,0.5263,52.63
47vclaej1xmb0rc8kgka,2024-01,1,1,1,1.0,100.0
cnkddx6ofjqd7ueylz0e,2023-09,3,2,1,0.3333,33.33
cnkddx6ofjqd7ueylz0e,2023-10,47,24,24,0.5106,51.06
cnkddx6ofjqd7ueylz0e,2023-11,39,20,20,0.5128,51.28
cnkddx6ofjqd7ueylz0e,2023-12,14,9,9,0.6429,64.29
cnkddx6ofjqd7ueylz0e,2024-01,5,3,2,0.4,40.0
zlaig56ve06t7jruk2mr,2023-09,5,3,2,0.4,40.0
zlaig56ve06t7jruk2mr,2023-10,39,21,20,0.5128,51.28
zlaig56ve06t7jruk2mr,2023-11,34,21,24,0.7059,70.59
zlaig56ve06t7jruk2mr,2023-12,23,13,16,0.6957,69.57
ifj584ryrjv639n4nnsu,2023-10,41,21,22,0.5366,53.66
ifj584ryrjv639n4nnsu,2023-11,33,18,23,0.697,69.7
ifj584ryrjv639n4nnsu,2023-12,22,14,13,0.5909,59.09
ifj584ryrjv639n4nnsu,2024-01,4,3,1,0.25,25.0
xh8a7nmtz192pknhec33,2023-10,28,15,13,0.4643,46.43
xh8a7nmtz192pknhec33,2023-11,31,16,18,0.5806,58.06
xh8a7nmtz192pknhec33,2023-12,13,11,7,0.5385,53.85
xh8a7nmtz192pknhec33,2024-01,1,1,1,1.0,100.0
vhlntoniujqiclub2juy,2023-09,4,4,2,0.5,50.0
vhlntoniujqiclub2juy,2023-10,34,18,17,0.5,50.0
vhlntoniujqiclub2juy,2023-11,36,20,24,0.6667,66.67
vhlntoniujqiclub2juy,2023-12,18,11,11,0.6111,61.11
vhlntoniujqiclub2juy,2024-01,1,1,1,1.0,100.0
9wax6sfj9cuqbbxc95om,2023-09,2,2,1,0.5,50.0
9wax6sfj9cuqbbxc95om,2023-10,31,20,17,0.5484,54.84
9wax6sfj9cuqbbxc95om,2023-11,32,20,20,0.625,62.5
9wax6sfj9cuqbbxc95om,2023-12,23,17,14,0.6087,60.87
9wax6sfj9cuqbbxc95om,2024-01,2,2,1,0.5,50.0
oit2xadfbpuveswzx4pf,2023-09,1,1,0,0.0,0.0
oit2xadfbpuveswzx4pf,2023-10,33,20,12,0.3636,36.36
oit2xadfbpuveswzx4pf,2023-11,38,21,25,0.6579,65.79
oit2xadfbpuveswzx4pf,2023-12,13,10,5,0.3846,38.46
oit2xadfbpuveswzx4pf,2024-01,1,1,0,0.0,0.0
91ybnlkli8x332l13rrk,2023-09,3,2,1,0.3333,33.33
91ybnlkli8x332l13rrk,2023-10,34,16,18,0.5294,52.94
91ybnlkli8x332l13rrk,2023-11,37,20,20,0.5405,54.05
91ybnlkli8x332l13rrk,2023-12,15,9,6,0.4,40.0
k4usquerebza4uy0i57h,2023-09,2,2,1,0.5,50.0
k4usquerebza4uy0i57h,2023-10,37,19,19,0.5135,51.35
k4usquerebza4uy0i57h,2023-11,31,19,13,0.4194,41.94
k4usquerebza4uy0i57h,2023-12,14,11,7,0.5,50.0
k4usquerebza4uy0i57h,2024-01,2,2,1,0.5,50.0
6ae7d356ba998218af82,2023-10,28,13,24,0.8571,85.71
6ae7d356ba998218af82,2023-11,29,17,27,0.931,93.1
6ae7d356ba998218af82,2024-01,12,9,10,0.8333,83.33
2c6339f7c23a64d02081,2023-10,34,10,21,0.6176,61.76
2c6339f7c23a64d02081,2023-11,18,7,10,0.5556,55.56
2c6339f7c23a64d02081,2023-12,25,21,19,0.76,76.0
2c6339f7c23a64d02081,2024-01,3,3,3,1.0,100.0
79fdbcf16db75f75383a,2023-10,10,9,10,1.0,100.0
79fdbcf16db75f75383a,2023-11,26,9,21,0.8077,80.77
79fdbcf16db75f75383a,2023-12,82,21,57,0.6951,69.51
50fec4ca4283ad18c000,2023-10,16,10,15,0.9375,93.75
50fec4ca4283ad18c000,2023-11,26,10,16,0.6154,61.54
50fec4ca4283ad18c000,2023-12,75,20,68,0.9067,90.67
077d5c82c9ee5019220f,2023-10,26,12,23,0.8846,88.46
077d5c82c9ee5019220f,2023-11,33,12,32,0.9697,96.97
077d5c82c9ee5019220f,2023-12,21,17,18,0.8571,85.71
41f718ae2aed1d6c2573,2023-09,9,6,8,0.8889,88.89
41f718ae2aed1d6c2573,2023-10,25,12,18,0.72,72.0
41f718ae2aed1d6c2573,2023-11,24,13,17,0.7083,70.83
41f718ae2aed1d6c2573,2023-12,16,9,10,0.625,62.5
222d5ee50487a2b8601b,2023-10,46,11,17,0.3696,36.96
222d5ee50487a2b8601b,2023-11,33,9,12,0.3636,36.36
222d5ee50487a2b8601b,2023-12,39,18,30,0.7692,76.92
0088dc183f73c83f763e,2023-10,88,16,27,0.3068,30.68
0088dc183f73c83f763e,2023-11,21,12,14,0.6667,66.67
0088dc183f73c83f763e,2023-12,54,15,41,0.7593,75.93
f9d95830556934ae9a01,2023-10,60,13,23,0.3833,38.33
f9d95830556934ae9a01,2023-11,50,17,33,0.66,66.0
f9d95830556934ae9a01,2023-12,54,11,36,0.6667,66.67
06aff3e28c5db152f506,2023-10,59,34,44,0.7458,74.58
06aff3e28c5db152f506,2023-11,17,7,11,0.6471,64.71
06aff3e28c5db152f506,2023-12,33,18,27,0.8182,81.82
3555053023c67d592439,2023-10,35,15,15,0.4286,42.86
3555053023c67d592439,2023-11,18,15,16,0.8889,88.89
3555053023c67d592439,2023-12,29,8,18,0.6207,62.07
f25a777dbbda3d4314d7,2023-10,15,5,7,0.4667,46.67
f25a777dbbda3d4314d7,2023-11,50,17,29,0.58,58.0
f25a777dbbda3d4314d7,2023-12,51,18,33,0.6471,64.71
41e9ff991a4a21f423a8,2023-10,22,10,11,0.5,50.0
41e9ff991a4a21f423a8,2023-11,58,20,41,0.7069,70.69
41e9ff991a4a21f423a8,2023-12,43,25,39,0.907,90.7
6002b9ec0f4ad0b281cf,2023-10,19,9,13,0.6842,68.42
6002b9ec0f4ad0b281cf,2023-11,63,23,54,0.8571,85.71
6002b9ec0f4ad0b281cf,2023-12,24,8,17,0.7083,70.83
0b8bea274b24847526b7,2023-10,31,9,15,0.4839,48.39
0b8bea274b24847526b7,2023-11,16,15,16,1.0,100.0
0b8bea274b24847526b7,2023-12,26,14,14,0.5385,53.85
f7a14eb1e15ceeea955c,2023-10,70,25,55,0.7857,78.57
f7a14eb1e15ceeea955c,2023-11,38,13,28,0.7368,73.68
f7a14eb1e15ceeea955c,2023-12,22,4,19,0.8636,86.36
68c45e933c2dc939e7c9,2023-10,41,17,28,0.6829,68.29
68c45e933c2dc939e7c9,2023-11,68,16,57,0.8382,83.82
68c45e933c2dc939e7c9,2023-12,50,6,46,0.92,92.0
a5966200ae4d58200438,2023-10,23,10,21,0.913,91.3
a5966200ae4d58200438,2023-11,52,24,45,0.8654,86.54
a5966200ae4d58200438,2023-12,35,7,27,0.7714,77.14
6e8118d5ad3c7093b869,2023-10,31,10,13,0.4194,41.94
6e8118d5ad3c7093b869,2023-11,44,20,43,0.9773,97.73
6e8118d5ad3c7093b869,2023-12,36,14,34,0.9444,94.44
2f3c37735e817244e646,2023-10,22,13,14,0.6364,63.64
2f3c37735e817244e646,2023-11,32,17,16,0.5,50.0
2f3c37735e817244e646,2023-12,25,14,15,0.6,60.0
95889f5d20e344714084,2023-10,71,11,11,0.1549,15.49
95889f5d20e344714084,2023-11,68,22,28,0.4118,41.18
95889f5d20e344714084,2023-12,15,6,6,0.4,40.0
1329b6cf41debecda787,2023-09,5,4,4,0.8,80.0
1329b6cf41debecda787,2023-10,12,9,12,1.0,100.0
1329b6cf41debecda787,2023-11,53,25,50,0.9434,94.34
1329b6cf41debecda787,2023-12,28,3,25,0.8929,89.29
cb2fbb322cc30a8b8fef,2023-10,15,5,5,0.3333,33.33
cb2fbb322cc30a8b8fef,2023-11,103,19,58,0.5631,56.31
cb2fbb322cc30a8b8fef,2023-12,24,15,16,0.6667,66.67
daf693769d8638a22ee9,2023-10,51,32,43,0.8431,84.31
daf693769d8638a22ee9,2023-11,23,8,18,0.7826,78.26
daf693769d8638a22ee9,2023-12,20,3,20,1.0,100.0
da2199a7da15995db5ff,2023-10,59,31,42,0.7119,71.19
da2199a7da15995db5ff,2023-11,23,6,21,0.913,91.3
da2199a7da15995db5ff,2023-12,13,4,13,1.0,100.0
460fa4961434cf281423,2023-09,2,1,0,0.0,0.0
460fa4961434cf281423,2023-10,60,23,45,0.75,75.0
460fa4961434cf281423,2023-11,40,11,26,0.65,65.0
460fa4961434cf281423,2023-12,23,8,20,0.8696,86.96
18654732ca312afc173f,2023-09,21,9,17,0.8095,80.95
18654732ca312afc173f,2023-10,152,30,136,0.8947,89.47
18654732ca312afc173f,2023-11,3,2,3,1.0,100.0
7c3fa9ed66d940d49692,2023-10,154,32,92,0.5974,59.74
7c3fa9ed66d940d49692,2023-11,6,4,6,1.0,100.0
7c3fa9ed66d940d49692,2023-12,9,4,9,1.0,100.0
6486c0664d217470d126,2023-09,1,1,0,0.0,0.0
6486c0664d217470d126,2023-10,22,14,16,0.7273,72.73
6486c0664d217470d126,2023-11,35,25,35,1.0,100.0
6486c0664d217470d126,2023-12,18,2,18,1.0,100.0
af8dedf6ecb4605a09fa,2023-10,62,23,48,0.7742,77.42
af8dedf6ecb4605a09fa,2023-11,91,13,76,0.8352,83.52
af8dedf6ecb4605a09fa,2023-12,41,10,38,0.9268,92.68
d2e033f11edce44fea3d,2023-09,6,4,4,0.6667,66.67
d2e033f11edce44fea3d,2023-10,17,11,16,0.9412,94.12
d2e033f11edce44fea3d,2023-11,31,15,23,0.7419,74.19
d2e033f11edce44fea3d,2023-12,19,10,17,0.8947,89.47
c955c51bfd07134bc831,2023-10,31,19,24,0.7742,77.42
c955c51bfd07134bc831,2023-11,39,13,33,0.8462,84.62
c955c51bfd07134bc831,2023-12,24,10,20,0.8333,83.33
906ffe092972df38360a,2023-10,74,31,42,0.5676,56.76
906ffe092972df38360a,2023-11,15,9,13,0.8667,86.67
e6c8ce7f4d7b0b4ca4a6,2023-10,69,21,37,0.5362,53.62
e6c8ce7f4d7b0b4ca4a6,2023-11,26,12,20,0.7692,76.92
e6c8ce7f4d7b0b4ca4a6,2023-12,17,8,11,0.6471,64.71
5a8cce5abee961fc77f3,2023-10,26,9,24,0.9231,92.31
5a8cce5abee961fc77f3,2023-11,31,15,26,0.8387,83.87
5a8cce5abee961fc77f3,2023-12,38,16,28,0.7368,73.68
0c670262b3941d307600,2023-10,26,11,19,0.7308,73.08
0c670262b3941d307600,2023-11,47,17,23,0.4894,48.94
0c670262b3941d307600,2023-12,33,14,18,0.5455,54.55
7d882daa0b4d418d1d0c,2023-10,23,18,22,0.9565,95.65
7d882daa0b4d418d1d0c,2023-11,50,14,44,0.88,88.0
7d882daa0b4d418d1d0c,2023-12,57,8,48,0.8421,84.21
d33a15d480f68c6ec82f,2023-10,19,12,16,0.8421,84.21
d33a15d480f68c6ec82f,2023-11,51,19,43,0.8431,84.31
d33a15d480f68c6ec82f,2023-12,15,8,13,0.8667,86.67
db2418c575c0a4f7239d,2023-09,28,5,6,0.2143,21.43
db2418c575c0a4f7239d,2023-10,63,20,53,0.8413,84.13
db2418c575c0a4f7239d,2023-11,30,11,28,0.9333,93.33
db2418c575c0a4f7239d,2023-12,2,2,2,1.0,100.0
8f98bfcea1b9f0dba97e,2023-09,26,18,22,0.8462,84.62
8f98bfcea1b9f0dba97e,2023-10,65,26,58,0.8923,89.23
8f98bfcea1b9f0dba97e,2023-12,2,2,2,1.0,100.0
5d580a610c7f8114eb5c,2023-10,28,14,16,0.5714,57.14
5d580a610c7f8114eb5c,2023-11,31,18,30,0.9677,96.77
5d580a610c7f8114eb5c,2023-12,18,9,17,0.9444,94.44
5c33bb784bb99763ed74,2023-09,6,4,5,0.8333,83.33
5c33bb784bb99763ed74,2023-10,44,15,40,0.9091,90.91
5c33bb784bb99763ed74,2023-11,21,6,18,0.8571,85.71
5c33bb784bb99763ed74,2023-12,30,14,14,0.4667,46.67
058c03d945c4ae0978a0,2023-10,12,10,12,1.0,100.0
058c03d945c4ae0978a0,2023-11,7,7,7,1.0,100.0
058c03d945c4ae0978a0,2023-12,50,21,47,0.94,94.0
bfc3a5cb3b9c29f08176,2023-10,70,22,39,0.5571,55.71
bfc3a5cb3b9c29f08176,2023-11,73,11,53,0.726,72.6
bfc3a5cb3b9c29f08176,2023-12,35,5,19,0.5429,54.29
a4bfb84ab74e59389e7a,2023-10,71,19,34,0.4789,47.89
a4bfb84ab74e59389e7a,2023-11,109,14,80,0.7339,73.39
a4bfb84ab74e59389e7a,2023-12,48,8,19,0.3958,39.58
152a0c17daaaa4e65e14,2023-10,29,14,20,0.6897,68.97
152a0c17daaaa4e65e14,2023-11,56,15,53,0.9464,94.64
152a0c17daaaa4e65e14,2023-12,14,9,13,0.9286,92.86
ee1ef9674f9e0bfca48b,2023-10,23,11,14,0.6087,60.87
ee1ef9674f9e0bfca48b,2023-11,19,10,10,0.5263,52.63
ee1ef9674f9e0bfca48b,2023-12,20,19,19,0.95,95.0
977ece9de941d85308ac,2023-10,149,15,33,0.2215,22.15
977ece9de941d85308ac,2023-11,14,11,11,0.7857,78.57
977ece9de941d85308ac,2023-12,14,12,14,1.0,100.0
15ab118362ecbbd03b52,2023-10,19,9,13,0.6842,68.42
15ab118362ecbbd03b52,2023-11,39,14,34,0.8718,87.18
15ab118362ecbbd03b52,2023-12,35,20,35,1.0,100.0
f47eab262dd5809d4d60,2023-10,13,9,13,1.0,100.0
f47eab262dd5809d4d60,2023-11,54,21,25,0.463,46.3
f47eab262dd5809d4d60,2023-12,30,8,30,1.0,100.0
5fbaf8a0f524358778bb,2023-10,27,10,21,0.7778,77.78
5fbaf8a0f524358778bb,2023-11,56,21,51,0.9107,91.07
5fbaf8a0f524358778bb,2023-12,31,10,28,0.9032,90.32
3267b84814316e2fa25e,2023-10,48,9,25,0.5208,52.08
3267b84814316e2fa25e,2023-11,65,21,50,0.7692,76.92
3267b84814316e2fa25e,2023-12,21,8,18,0.8571,85.71
f82461b84c9c48a36613,2023-10,20,9,13,0.65,65.0
f82461b84c9c48a36613,2023-11,57,21,48,0.8421,84.21
f82461b84c9c48a36613,2023-12,29,9,27,0.931,93.1
981cf48df067d975675b,2023-10,23,9,13,0.5652,56.52
981cf48df067d975675b,2023-11,66,21,55,0.8333,83.33
981cf48df067d975675b,2023-12,30,10,30,1.0,100.0
bd099a9fd29545e3766a,2023-10,15,9,11,0.7333,73.33
bd099a9fd29545e3766a,2023-11,27,14,21,0.7778,77.78
bd099a9fd29545e3766a,2023-12,27,15,25,0.9259,92.59
9d030ebc092b353b9906,2023-10,24,9,21,0.875,87.5
9d030ebc092b353b9906,2023-11,36,21,31,0.8611,86.11
9d030ebc092b353b9906,2023-12,28,8,25,0.8929,89.29
37905cfdcd105683aaf4,2023-10,28,7,17,0.6071,60.71
37905cfdcd105683aaf4,2023-11,66,20,34,0.5152,51.52
37905cfdcd105683aaf4,2023-12,27,13,15,0.5556,55.56
xy7cro773yqyoblucwkp,2023-10,44,20,33,0.75,75.0
xy7cro773yqyoblucwkp,2023-11,24,16,15,0.625,62.5
xy7cro773yqyoblucwkp,2023-12,26,13,17,0.6538,65.38
3qvqfnzdg358mord1cku,2023-09,4,4,3,0.75,75.0
3qvqfnzdg358mord1cku,2023-10,37,18,23,0.6216,62.16
3qvqfnzdg358mord1cku,2023-11,40,19,29,0.725,72.5
3qvqfnzdg358mord1cku,2023-12,20,10,16,0.8,80.0
awxiqzybhp95e08qx1h5,2023-09,2,2,1,0.5,50.0
awxiqzybhp95e08qx1h5,2023-10,24,14,10,0.4167,41.67
awxiqzybhp95e08qx1h5,2023-11,34,19,27,0.7941,79.41
awxiqzybhp95e08qx1h5,2023-12,26,14,20,0.7692,76.92
dgoapkg9vpnafks22kx4,2023-10,40,23,28,0.7,70.0
dgoapkg9vpnafks22kx4,2023-11,48,19,36,0.75,75.0
dgoapkg9vpnafks22kx4,2023-12,23,8,21,0.913,91.3
2jvnsh0veb6qnn3uv6i8,2023-09,3,3,3,1.0,100.0
2jvnsh0veb6qnn3uv6i8,2023-10,46,18,29,0.6304,63.04
2jvnsh0veb6qnn3uv6i8,2023-11,40,21,27,0.675,67.5
2jvnsh0veb6qnn3uv6i8,2023-12,23,10,16,0.6957,69.57
553l2g7kpifbvn82knxk,2023-09,2,2,2,1.0,100.0
553l2g7kpifbvn82knxk,2023-10,38,19,27,0.7105,71.05
553l2g7kpifbvn82knxk,2023-11,42,19,32,0.7619,76.19
553l2g7kpifbvn82knxk,2023-12,26,13,21,0.8077,80.77
58n0dsxyyqnriomw67id,2023-09,2,2,2,1.0,100.0
58n0dsxyyqnriomw67id,2023-10,38,15,24,0.6316,63.16
58n0dsxyyqnriomw67id,2023-11,40,21,31,0.775,77.5
58n0dsxyyqnriomw67id,2023-12,25,11,18,0.72,72.0
58n0dsxyyqnriomw67id,2024-01,1,1,1,1.0,100.0
x8hldszj3z40bgxl4mci,2023-09,1,1,0,0.0,0.0
x8hldszj3z40bgxl4mci,2023-10,55,21,30,0.5455,54.55
x8hldszj3z40bgxl4mci,2023-11,35,17,28,0.8,80.0
x8hldszj3z40bgxl4mci,2023-12,30,16,24,0.8,80.0
putb7ja6dwpdag4bwvnj,2023-09,1,1,1,1.0,100.0
putb7ja6dwpdag4bwvnj,2023-10,30,15,19,0.6333,63.33
putb7ja6dwpdag4bwvnj,2023-11,42,18,31,0.7381,73.81
putb7ja6dwpdag4bwvnj,2023-12,24,13,19,0.7917,79.17
3m4gx52iq3mwqdycm8mm,2023-10,47,20,25,0.5319,53.19
3m4gx52iq3mwqdycm8mm,2023-11,43,22,36,0.8372,83.72
3m4gx52iq3mwqdycm8mm,2023-12,29,16,24,0.8276,82.76
2zfdinkl7qrn0o62tlp4,2023-09,1,1,1,1.0,100.0
2zfdinkl7qrn0o62tlp4,2023-10,42,17,28,0.6667,66.67
2zfdinkl7qrn0o62tlp4,2023-11,31,17,24,0.7742,77.42
2zfdinkl7qrn0o62tlp4,2023-12,21,13,17,0.8095,80.95
2zfdinkl7qrn0o62tlp4,2024-01,1,1,1,1.0,100.0
rd32gyblqsfn03xatnmt,2023-09,2,2,2,1.0,100.0
rd32gyblqsfn03xatnmt,2023-10,49,16,32,0.6531,65.31
rd32gyblqsfn03xatnmt,2023-11,49,22,36,0.7347,73.47
rd32gyblqsfn03xatnmt,2023-12,31,14,26,0.8387,83.87
n8pe3tt7qmlgojwhhsj0,2023-09,4,3,1,0.25,25.0
n8pe3tt7qmlgojwhhsj0,2023-10,33,16,22,0.6667,66.67
n8pe3tt7qmlgojwhhsj0,2023-11,28,17,20,0.7143,71.43
n8pe3tt7qmlgojwhhsj0,2023-12,15,7,14,0.9333,93.33
p6cp3ogj6xy2riczfupv,2023-10,45,19,29,0.6444,64.44
p6cp3ogj6xy2riczfupv,2023-11,30,17,22,0.7333,73.33
p6cp3ogj6xy2riczfupv,2023-12,24,14,14,0.5833,58.33
si6ymh6w7xbo2f40o0p8,2023-09,1,1,1,1.0,100.0
si6ymh6w7xbo2f40o0p8,2023-10,43,19,22,0.5116,51.16
si6ymh6w7xbo2f40o0p8,2023-11,41,19,32,0.7805,78.05
si6ymh6w7xbo2f40o0p8,2023-12,25,12,18,0.72,72.0
9trgand057juzal1kecf,2023-09,1,1,1,1.0,100.0
9trgand057juzal1kecf,2023-10,36,19,21,0.5833,58.33
9trgand057juzal1kecf,2023-11,40,23,34,0.85,85.0
9trgand057juzal1kecf,2023-12,24,16,18,0.75,75.0
4acutl013itvh9va99p7,2023-09,3,2,3,1.0,100.0
4acutl013itvh9va99p7,2023-10,41,16,28,0.6829,68.29
4acutl013itvh9va99p7,2023-11,36,20,29,0.8056,80.56
4acutl013itvh9va99p7,2023-12,21,12,15,0.7143,71.43
62olkigg7ntlaf6fzytl,2023-09,3,3,3,1.0,100.0
62olkigg7ntlaf6fzytl,2023-10,46,20,30,0.6522,65.22
62olkigg7ntlaf6fzytl,2023-11,45,18,36,0.8,80.0
62olkigg7ntlaf6fzytl,2023-12,25,15,19,0.76,76.0
62olkigg7ntlaf6fzytl,2024-01,1,1,1,1.0,100.0
zyfp520tbnq5p2pvrkin,2023-09,4,3,3,0.75,75.0
zyfp520tbnq5p2pvrkin,2023-10,33,19,25,0.7576,75.76
zyfp520tbnq5p2pvrkin,2023-11,40,18,29,0.725,72.5
zyfp520tbnq5p2pvrkin,2023-12,27,12,19,0.7037,70.37
zyfp520tbnq5p2pvrkin,2024-01,1,1,0,0.0,0.0
yyz9rmyzzdp52h0glddp,2023-09,1,1,1,1.0,100.0
yyz9rmyzzdp52h0glddp,2023-10,40,20,18,0.45,45.0
yyz9rmyzzdp52h0glddp,2023-11,48,22,38,0.7917,79.17
yyz9rmyzzdp52h0glddp,2023-12,29,16,20,0.6897,68.97
2uxkhe454qk8jvk0ufvp,2023-09,1,1,0,0.0,0.0
2uxkhe454qk8jvk0ufvp,2023-10,35,19,21,0.6,60.0
2uxkhe454qk8jvk0ufvp,2023-11,28,15,23,0.8214,82.14
2uxkhe454qk8jvk0ufvp,2023-12,29,12,27,0.931,93.1
pkjom9yr5m9690fg6wsi,2023-09,2,2,2,1.0,100.0
pkjom9yr5m9690fg6wsi,2023-10,33,18,19,0.5758,57.58
pkjom9yr5m9690fg6wsi,2023-11,34,20,28,0.8235,82.35
pkjom9yr5m9690fg6wsi,2023-12,21,8,16,0.7619,76.19
shtnl1wh1mconb8od5ko,2023-09,1,1,1,1.0,100.0
shtnl1wh1mconb8od5ko,2023-10,33,17,22,0.6667,66.67
shtnl1wh1mconb8od5ko,2023-11,49,23,34,0.6939,69.39
shtnl1wh1mconb8od5ko,2023-12,25,15,22,0.88,88.0
ugaiak78ggmnku4yndlt,2023-09,1,1,0,0.0,0.0
ugaiak78ggmnku4yndlt,2023-10,35,16,22,0.6286,62.86
ugaiak78ggmnku4yndlt,2023-11,31,16,25,0.8065,80.65
ugaiak78ggmnku4yndlt,2023-12,24,10,18,0.75,75.0
5mrih4nj5agvu67vao4m,2023-09,1,1,1,1.0,100.0
5mrih4nj5agvu67vao4m,2023-10,27,19,18,0.6667,66.67
5mrih4nj5agvu67vao4m,2023-11,33,20,29,0.8788,87.88
5mrih4nj5agvu67vao4m,2023-12,33,14,26,0.7879,78.79
66f99grd556eyxjqk7pz,2023-10,47,23,29,0.617,61.7
66f99grd556eyxjqk7pz,2023-11,39,21,29,0.7436,74.36
66f99grd556eyxjqk7pz,2023-12,27,10,22,0.8148,81.48
vrdxefyyyx3tkticfqnv,2023-10,41,18,21,0.5122,51.22
vrdxefyyyx3tkticfqnv,2023-11,37,19,24,0.6486,64.86
vrdxefyyyx3tkticfqnv,2023-12,34,12,26,0.7647,76.47
ik7o5ykfnku0qp74sy1i,2023-09,1,1,1,1.0,100.0
ik7o5ykfnku0qp74sy1i,2023-10,33,17,24,0.7273,72.73
ik7o5ykfnku0qp74sy1i,2023-11,39,18,27,0.6923,69.23
ik7o5ykfnku0qp74sy1i,2023-12,28,16,23,0.8214,82.14
99dj4o3b2f6m4jemke7d,2023-09,1,1,1,1.0,100.0
99dj4o3b2f6m4jemke7d,2023-10,48,23,28,0.5833,58.33
99dj4o3b2f6m4jemke7d,2023-11,44,21,38,0.8636,86.36
99dj4o3b2f6m4jemke7d,2023-12,33,17,27,0.8182,81.82
99dj4o3b2f6m4jemke7d,2024-01,1,1,1,1.0,100.0
6tq9irjllweqmqe4u7sf,2023-09,2,2,2,1.0,100.0
6tq9irjllweqmqe4u7sf,2023-10,38,17,20,0.5263,52.63
6tq9irjllweqmqe4u7sf,2023-11,19,16,15,0.7895,78.95
6tq9irjllweqmqe4u7sf,2023-12,21,10,19,0.9048,90.48
je7kqkmpwkosa7nkgfpx,2023-10,32,19,18,0.5625,56.25
je7kqkmpwkosa7nkgfpx,2023-11,36,22,25,0.6944,69.44
je7kqkmpwkosa7nkgfpx,2023-12,24,13,20,0.8333,83.33
3cic5ziycjx4ik4ll0v1,2023-09,2,2,1,0.5,50.0
3cic5ziycjx4ik4ll0v1,2023-10,35,13,22,0.6286,62.86
3cic5ziycjx4ik4ll0v1,2023-11,49,22,38,0.7755,77.55
3cic5ziycjx4ik4ll0v1,2023-12,28,15,21,0.75,75.0
ef04ejvyvmh5votejbif,2023-09,3,2,2,0.6667,66.67
ef04ejvyvmh5votejbif,2023-10,31,17,25,0.8065,80.65
ef04ejvyvmh5votejbif,2023-11,35,20,23,0.6571,65.71
ef04ejvyvmh5votejbif,2023-12,33,13,23,0.697,69.7
dfnvtf7qbi2955rjeaqx,2023-09,1,1,1,1.0,100.0
dfnvtf7qbi2955rjeaqx,2023-10,44,16,24,0.5455,54.55
dfnvtf7qbi2955rjeaqx,2023-11,38,18,30,0.7895,78.95
dfnvtf7qbi2955rjeaqx,2023-12,38,14,33,0.8684,86.84
bwvpzqnhh752noqjqj8d,2023-09,2,2,1,0.5,50.0
bwvpzqnhh752noqjqj8d,2023-10,39,16,25,0.641,64.1
bwvpzqnhh752noqjqj8d,2023-11,40,19,31,0.775,77.5
bwvpzqnhh752noqjqj8d,2023-12,24,11,18,0.75,75.0
4c90f16c0fcd85d3de25,2023-10,39,5,4,0.1026,10.26
4c90f16c0fcd85d3de25,2023-11,115,16,38,0.3304,33.04
4c90f16c0fcd85d3de25,2023-12,113,18,52,0.4602,46.02
4c90f16c0fcd85d3de25,2024-01,7,7,7,1.0,100.0
2b9ef4e3749f713870b0,2023-12,123,38,42,0.3415,34.15
2b9ef4e3749f713870b0,2024-01,15,4,4,0.2667,26.67
b8290aea71e7a5421a02,2023-12,3,2,3,1.0,100.0
b8290aea71e7a5421a02,2024-01,36,36,36,1.0,100.0
5f55600069b483f999f5,2023-11,106,12,15,0.1415,14.15
5f55600069b483f999f5,2023-12,94,27,38,0.4043,40.43
170a695a2717bcd9b74b,2023-09,1,1,0,0.0,0.0
170a695a2717bcd9b74b,2023-10,60,7,13,0.2167,21.67
170a695a2717bcd9b74b,2023-11,67,14,34,0.5075,50.75
170a695a2717bcd9b74b,2023-12,64,18,33,0.5156,51.56
a0a1991396f865c9e3dc,2023-10,83,17,62,0.747,74.7
a0a1991396f865c9e3dc,2023-11,198,18,141,0.7121,71.21
a0a1991396f865c9e3dc,2023-12,8,6,8,1.0,100.0
3fee5c27236cbb682727,2023-12,90,38,41,0.4556,45.56
701a989d65a59c18845b,2023-11,42,16,31,0.7381,73.81
701a989d65a59c18845b,2023-12,65,21,44,0.6769,67.69
3672e2896ad7d8f2404e,2023-12,87,38,53,0.6092,60.92
52f1bca9ac9c792e4457,2023-12,105,38,41,0.3905,39.05
75097aa30e9373a612c7,2023-10,4,3,3,0.75,75.0
75097aa30e9373a612c7,2023-11,48,20,36,0.75,75.0
75097aa30e9373a612c7,2023-12,57,21,38,0.6667,66.67
72b4334deffff31dea8b,2023-10,25,6,8,0.32,32.0
72b4334deffff31dea8b,2023-11,36,8,28,0.7778,77.78
72b4334deffff31dea8b,2023-12,62,24,37,0.5968,59.68
84e8300978b600b5f0ba,2023-10,19,8,9,0.4737,47.37
84e8300978b600b5f0ba,2023-11,22,9,12,0.5455,54.55
84e8300978b600b5f0ba,2023-12,93,22,72,0.7742,77.42
2ccfa5f79c8b61e465d4,2023-10,59,13,31,0.5254,52.54
2ccfa5f79c8b61e465d4,2023-11,18,7,14,0.7778,77.78
2ccfa5f79c8b61e465d4,2023-12,128,21,89,0.6953,69.53
63aded37545ab92d41d4,2023-10,43,2,1,0.0233,2.33
63aded37545ab92d41d4,2023-11,10,2,2,0.2,20.0
63aded37545ab92d41d4,2023-12,119,35,42,0.3529,35.29
e851f82a650692f8e591,2023-10,119,27,48,0.4034,40.34
e851f82a650692f8e591,2023-11,22,11,14,0.6364,63.64
e851f82a650692f8e591,2023-12,24,8,19,0.7917,79.17
c352158bed343ccff8e5,2023-10,87,13,19,0.2184,21.84
c352158bed343ccff8e5,2023-11,45,26,29,0.6444,64.44
e3ce61b92eeae0a33633,2023-10,24,5,5,0.2083,20.83
e3ce61b92eeae0a33633,2023-11,46,31,33,0.7174,71.74
e3ce61b92eeae0a33633,2023-12,4,3,4,1.0,100.0
166cb02ac436c9d3662f,2023-11,155,12,52,0.3355,33.55
166cb02ac436c9d3662f,2023-12,103,28,30,0.2913,29.13
749fec50db4020e9bfcc,2023-10,20,5,5,0.25,25.0
749fec50db4020e9bfcc,2023-11,61,17,21,0.3443,34.43
749fec50db4020e9bfcc,2023-12,21,15,18,0.8571,85.71
7ab9a2516b2dba99c36c,2023-11,20,9,9,0.45,45.0
7ab9a2516b2dba99c36c,2023-12,32,25,28,0.875,87.5
19fb3075dd2798538c9d,2023-09,18,13,13,0.7222,72.22
19fb3075dd2798538c9d,2023-10,13,9,11,0.8462,84.62
19fb3075dd2798538c9d,2023-11,25,12,23,0.92,92.0
19fb3075dd2798538c9d,2023-12,6,4,4,0.6667,66.67
36ebf305b7206112f676,2023-11,28,21,25,0.8929,89.29
36ebf305b7206112f676,2023-12,123,17,117,0.9512,95.12
1397545fbe9882e5cd42,2023-10,22,9,15,0.6818,68.18
1397545fbe9882e5cd42,2023-11,63,13,43,0.6825,68.25
1397545fbe9882e5cd42,2023-12,65,17,49,0.7538,75.38
9e4c54a008ee874fc270,2023-10,29,7,13,0.4483,44.83
9e4c54a008ee874fc270,2023-11,44,23,34,0.7727,77.27
9e4c54a008ee874fc270,2023-12,42,10,34,0.8095,80.95
a8846b79555746e4f9df,2023-11,3,3,3,1.0,100.0
a8846b79555746e4f9df,2023-12,51,35,36,0.7059,70.59
1629f353a742f6a73251,2023-10,8,6,6,0.75,75.0
1629f353a742f6a73251,2023-11,65,23,44,0.6769,67.69
1629f353a742f6a73251,2023-12,28,9,24,0.8571,85.71
1202c731c612353ceef0,2023-10,37,12,26,0.7027,70.27
1202c731c612353ceef0,2023-11,38,6,11,0.2895,28.95
1202c731c612353ceef0,2023-12,69,23,41,0.5942,59.42
0e062d9fa22dc8e3bca2,2023-10,10,9,9,0.9,90.0
0e062d9fa22dc8e3bca2,2023-11,52,24,50,0.9615,96.15
0e062d9fa22dc8e3bca2,2023-12,47,8,39,0.8298,82.98
918236b530adbe510201,2023-09,48,17,28,0.5833,58.33
918236b530adbe510201,2023-10,55,19,43,0.7818,78.18
918236b530adbe510201,2023-11,15,3,6,0.4,40.0
918236b530adbe510201,2023-12,34,6,25,0.7353,73.53
0f8bd9e33125347965a1,2023-11,94,21,28,0.2979,29.79
0f8bd9e33125347965a1,2023-12,53,17,26,0.4906,49.06
2c3b89432513b2035664,2023-11,59,24,40,0.678,67.8
2c3b89432513b2035664,2023-12,18,14,15,0.8333,83.33
d94c5dba40d9fcbfb8d9,2023-10,31,13,24,0.7742,77.42
d94c5dba40d9fcbfb8d9,2023-11,63,13,44,0.6984,69.84
d94c5dba40d9fcbfb8d9,2023-12,19,14,14,0.7368,73.68
7380885aaba482170588,2023-10,18,5,4,0.2222,22.22
7380885aaba482170588,2023-11,59,34,51,0.8644,86.44
7380885aaba482170588,2023-12,3,3,3,1.0,100.0
6d35a9a33338a84dd077,2023-10,38,15,28,0.7368,73.68
6d35a9a33338a84dd077,2023-11,75,15,36,0.48,48.0
6d35a9a33338a84dd077,2023-12,27,9,17,0.6296,62.96
011d454f199c123d44ad,2023-10,1,1,1,1.0,100.0
011d454f199c123d44ad,2023-11,71,13,25,0.3521,35.21
011d454f199c123d44ad,2023-12,76,25,32,0.4211,42.11
9e7bdc44129bf5acc196,2023-10,73,14,31,0.4247,42.47
9e7bdc44129bf5acc196,2023-11,83,24,31,0.3735,37.35
93c2f240de504736b8d0,2023-11,13,3,4,0.3077,30.77
93c2f240de504736b8d0,2023-12,81,36,40,0.4938,49.38
0f160cd19890b97092b9,2023-10,38,16,27,0.7105,71.05
0f160cd19890b97092b9,2023-11,22,12,19,0.8636,86.36
0f160cd19890b97092b9,2023-12,25,10,25,1.0,100.0
432fd26823e230070734,2023-10,57,15,22,0.386,38.6
432fd26823e230070734,2023-11,93,13,29,0.3118,31.18
432fd26823e230070734,2023-12,72,11,42,0.5833,58.33
f4e46ba446c56e56259b,2023-10,71,17,26,0.3662,36.62
f4e46ba446c56e56259b,2023-11,36,19,29,0.8056,80.56
f4e46ba446c56e56259b,2023-12,9,3,3,0.3333,33.33
8fb30cb5c7ad360c995f,2023-10,164,28,117,0.7134,71.34
8fb30cb5c7ad360c995f,2023-11,104,12,78,0.75,75.0
8fb30cb5c7ad360c995f,2023-12,4,3,4,1.0,100.0
cb8c2285066597e012c6,2023-12,90,38,39,0.4333,43.33
a55511198784610bf30b,2023-09,8,1,1,0.125,12.5
a55511198784610bf30b,2023-10,75,17,22,0.2933,29.33
a55511198784610bf30b,2023-11,12,5,5,0.4167,41.67
a55511198784610bf30b,2023-12,30,16,21,0.7,70.0
c5b9961e65ffa73d971e,2023-09,23,6,11,0.4783,47.83
c5b9961e65ffa73d971e,2023-10,59,15,35,0.5932,59.32
c5b9961e65ffa73d971e,2023-11,33,6,18,0.5455,54.55
c5b9961e65ffa73d971e,2023-12,39,13,27,0.6923,69.23
5b5ef66e547d63806a56,2023-10,85,11,29,0.3412,34.12
5b5ef66e547d63806a56,2023-11,57,17,41,0.7193,71.93
5b5ef66e547d63806a56,2023-12,78,18,58,0.7436,74.36
bafdbc62a48daf6840c9,2023-10,4,1,3,0.75,75.0
bafdbc62a48daf6840c9,2023-11,90,9,25,0.2778,27.78
bafdbc62a48daf6840c9,2023-12,45,28,30,0.6667,66.67
d3ba1fe030801d700cb6,2023-10,34,9,17,0.5,50.0
d3ba1fe030801d700cb6,2023-11,3,1,1,0.3333,33.33
d3ba1fe030801d700cb6,2023-12,76,28,42,0.5526,55.26
3f55d44d7572d52b2987,2023-10,18,10,11,0.6111,61.11
3f55d44d7572d52b2987,2023-11,55,20,45,0.8182,81.82
3f55d44d7572d52b2987,2023-12,13,10,11,0.8462,84.62
d27565678ffa4a9bfa85,2023-11,8,1,0,0.0,0.0
d27565678ffa4a9bfa85,2023-12,83,38,40,0.4819,48.19
efb9fe363bdeb9f48d69,2023-10,50,10,11,0.22,22.0
efb9fe363bdeb9f48d69,2023-11,31,27,26,0.8387,83.87
efb9fe363bdeb9f48d69,2023-12,4,4,4,1.0,100.0
28719a42e0cbf4991b7f,2023-09,14,5,7,0.5,50.0
28719a42e0cbf4991b7f,2023-10,61,24,45,0.7377,73.77
28719a42e0cbf4991b7f,2023-11,33,13,27,0.8182,81.82
62156eada978f707f5d2,2023-10,33,14,25,0.7576,75.76
62156eada978f707f5d2,2023-11,21,10,16,0.7619,76.19
62156eada978f707f5d2,2023-12,28,15,21,0.75,75.0
46a7a18ca160c829a15f,2023-10,95,27,39,0.4105,41.05
46a7a18ca160c829a15f,2023-11,116,12,49,0.4224,42.24
46a7a18ca160c829a15f,2023-12,7,2,7,1.0,100.0
57c33a6126c456c5ada8,2023-11,45,14,14,0.3111,31.11
57c33a6126c456c5ada8,2023-12,32,24,21,0.6562,65.62
951eea03695f436017d3,2023-11,11,9,9,0.8182,81.82
951eea03695f436017d3,2023-12,56,29,30,0.5357,53.57
098b2c66cbc1ed736e14,2023-10,34,14,27,0.7941,79.41
098b2c66cbc1ed736e14,2023-11,66,21,56,0.8485,84.85
098b2c66cbc1ed736e14,2023-12,10,4,8,0.8,80.0
33ddb1517601db520cd6,2023-10,60,18,31,0.5167,51.67
33ddb1517601db520cd6,2023-11,48,20,46,0.9583,95.83
446d2ad0ca2908ffa4f9,2023-10,9,9,9,1.0,100.0
446d2ad0ca2908ffa4f9,2023-11,24,16,15,0.625,62.5
446d2ad0ca2908ffa4f9,2023-12,20,14,16,0.8,80.0
ae2e4cb7985c4ac71795,2023-09,27,14,18,0.6667,66.67
ae2e4cb7985c4ac71795,2023-10,63,26,50,0.7937,79.37
ae2e4cb7985c4ac71795,2023-12,7,3,5,0.7143,71.43
1b0baf552d2cd47ee10b,2023-10,56,38,39,0.6964,69.64
e86f896d71d48d87464d,2023-10,37,15,20,0.5405,54.05
62a877b83219f7974fd0,2023-09,10,9,9,0.9,90.0
62a877b83219f7974fd0,2023-10,41,29,38,0.9268,92.68
7a600fb7e3750998e7ae,2023-10,78,38,62,0.7949,79.49
c9c9f0b7606030f2aade,2023-12,38,38,38,1.0,100.0
52f4899e918b57df28da,2023-09,36,23,24,0.6667,66.67
52f4899e918b57df28da,2023-10,35,16,29,0.8286,82.86
d235a2c32940b970ab7c,2023-12,45,38,39,0.8667,86.67
8242b99ad9d6609fd19c,2023-12,65,38,39,0.6,60.0
8d93485dc6a4b2a9f03f,2023-12,67,38,40,0.597,59.7
a108f1103f798c85d061,2023-12,44,38,41,0.9318,93.18
52d965ebf3ec0518bc0f,2023-12,81,38,39,0.4815,48.15
23dd64a1d2e4965198bf,2023-12,85,38,40,0.4706,47.06
f9ef2830cd485d038b53,2023-12,30,29,29,0.9667,96.67
e3b920878572dbcf8c9e,2023-12,38,38,38,1.0,100.0
93iq4xjhvlc8072fsfet,2023-09,2,2,1,0.5,50.0
93iq4xjhvlc8072fsfet,2023-10,30,17,17,0.5667,56.67
93iq4xjhvlc8072fsfet,2023-11,32,22,21,0.6562,65.62
93iq4xjhvlc8072fsfet,2023-12,42,24,23,0.5476,54.76
nl4vt11ikn4we06zu0zj,2023-09,6,6,4,0.6667,66.67
nl4vt11ikn4we06zu0zj,2023-10,32,16,15,0.4688,46.88
nl4vt11ikn4we06zu0zj,2023-11,34,21,19,0.5588,55.88
nl4vt11ikn4we06zu0zj,2023-12,45,26,30,0.6667,66.67
nl4vt11ikn4we06zu0zj,2024-01,1,1,1,1.0,100.0
cnqyqc90n3ixrlc3mri7,2023-09,1,1,1,1.0,100.0
cnqyqc90n3ixrlc3mri7,2023-10,21,14,9,0.4286,42.86
cnqyqc90n3ixrlc3mri7,2023-11,38,21,22,0.5789,57.89
cnqyqc90n3ixrlc3mri7,2023-12,33,19,21,0.6364,63.64
cnqyqc90n3ixrlc3mri7,2024-01,1,1,1,1.0,100.0
yb4sqfrwu788fa6y4zeb,2023-09,3,3,2,0.6667,66.67
yb4sqfrwu788fa6y4zeb,2023-10,22,15,11,0.5,50.0
yb4sqfrwu788fa6y4zeb,2023-11,33,20,12,0.3636,36.36
yb4sqfrwu788fa6y4zeb,2023-12,28,20,16,0.5714,57.14
kpw433bcv21ksp1wgrux,2023-09,5,5,3,0.6,60.0
kpw433bcv21ksp1wgrux,2023-10,27,15,15,0.5556,55.56
kpw433bcv21ksp1wgrux,2023-11,38,23,27,0.7105,71.05
kpw433bcv21ksp1wgrux,2023-12,38,22,25,0.6579,65.79
kpw433bcv21ksp1wgrux,2024-01,1,1,0,0.0,0.0
wxgj9kdmdrmullrthnso,2023-09,1,1,1,1.0,100.0
wxgj9kdmdrmullrthnso,2023-10,35,17,21,0.6,60.0
wxgj9kdmdrmullrthnso,2023-11,35,23,16,0.4571,45.71
wxgj9kdmdrmullrthnso,2023-12,37,22,24,0.6486,64.86
bvz9hmtzknu45wvb0yaw,2023-09,2,1,0,0.0,0.0
bvz9hmtzknu45wvb0yaw,2023-10,30,17,17,0.5667,56.67
bvz9hmtzknu45wvb0yaw,2023-11,38,22,26,0.6842,68.42
bvz9hmtzknu45wvb0yaw,2023-12,44,28,28,0.6364,63.64
1kvfwfp2hr5hjxjxzjqd,2023-09,3,3,3,1.0,100.0
1kvfwfp2hr5hjxjxzjqd,2023-10,25,14,14,0.56,56.0
1kvfwfp2hr5hjxjxzjqd,2023-11,44,26,24,0.5455,54.55
1kvfwfp2hr5hjxjxzjqd,2023-12,35,24,17,0.4857,48.57
m3y8jkkgflwqwcelrwzz,2023-09,2,2,0,0.0,0.0
m3y8jkkgflwqwcelrwzz,2023-10,29,15,17,0.5862,58.62
m3y8jkkgflwqwcelrwzz,2023-11,35,22,22,0.6286,62.86
m3y8jkkgflwqwcelrwzz,2023-12,36,23,23,0.6389,63.89
fov3pbwdqzvhgcjp7o9f,2023-09,3,2,2,0.6667,66.67
fov3pbwdqzvhgcjp7o9f,2023-10,32,17,17,0.5312,53.12
fov3pbwdqzvhgcjp7o9f,2023-11,30,18,15,0.5,50.0
fov3pbwdqzvhgcjp7o9f,2023-12,54,30,31,0.5741,57.41
fov3pbwdqzvhgcjp7o9f,2024-01,1,1,1,1.0,100.0
3iz4t53ooerb6sruxf3n,2023-09,2,2,1,0.5,50.0
3iz4t53ooerb6sruxf3n,2023-10,33,17,22,0.6667,66.67
3iz4t53ooerb6sruxf3n,2023-11,35,24,19,0.5429,54.29
3iz4t53ooerb6sruxf3n,2023-12,36,22,20,0.5556,55.56
8ajv97zyciosc57q0cng,2023-10,30,17,17,0.5667,56.67
8ajv97zyciosc57q0cng,2023-11,42,21,22,0.5238,52.38
8ajv97zyciosc57q0cng,2023-12,42,25,29,0.6905,69.05
i8gdglua8vbd4ul9x09f,2023-09,5,4,3,0.6,60.0
i8gdglua8vbd4ul9x09f,2023-10,27,15,16,0.5926,59.26
i8gdglua8vbd4ul9x09f,2023-11,35,18,19,0.5429,54.29
i8gdglua8vbd4ul9x09f,2023-12,36,21,23,0.6389,63.89
i8gdglua8vbd4ul9x09f,2024-01,2,2,2,1.0,100.0
qd5cqu3du8n28xxtkftw,2023-10,37,19,21,0.5676,56.76
qd5cqu3du8n28xxtkftw,2023-11,35,24,20,0.5714,57.14
qd5cqu3du8n28xxtkftw,2023-12,54,28,33,0.6111,61.11
qd5cqu3du8n28xxtkftw,2024-01,1,1,1,1.0,100.0
fvlb9xi66oze7eo3yhdh,2023-09,3,3,3,1.0,100.0
fvlb9xi66oze7eo3yhdh,2023-10,38,20,21,0.5526,55.26
fvlb9xi66oze7eo3yhdh,2023-11,40,24,25,0.625,62.5
fvlb9xi66oze7eo3yhdh,2023-12,40,21,26,0.65,65.0
fvlb9xi66oze7eo3yhdh,2024-01,1,1,1,1.0,100.0
4fl8e5s0nf65bm2m34f0,2023-09,4,4,1,0.25,25.0
4fl8e5s0nf65bm2m34f0,2023-10,32,14,11,0.3438,34.38
4fl8e5s0nf65bm2m34f0,2023-11,31,19,18,0.5806,58.06
4fl8e5s0nf65bm2m34f0,2023-12,41,26,29,0.7073,70.73
4fl8e5s0nf65bm2m34f0,2024-01,2,2,1,0.5,50.0
4glo109mkgy7azntyttp,2023-10,30,15,13,0.4333,43.33
4glo109mkgy7azntyttp,2023-11,37,24,24,0.6486,64.86
4glo109mkgy7azntyttp,2023-12,38,23,23,0.6053,60.53
cunf3y04zq0f90dgy36j,2023-09,1,1,0,0.0,0.0
cunf3y04zq0f90dgy36j,2023-10,19,12,8,0.4211,42.11
cunf3y04zq0f90dgy36j,2023-11,48,27,24,0.5,50.0
cunf3y04zq0f90dgy36j,2023-12,40,24,23,0.575,57.5
cunf3y04zq0f90dgy36j,2024-01,2,2,2,1.0,100.0
wbdvbdebq64ujpi9u7mn,2023-09,3,3,3,1.0,100.0
wbdvbdebq64ujpi9u7mn,2023-10,27,17,14,0.5185,51.85
wbdvbdebq64ujpi9u7mn,2023-11,29,19,15,0.5172,51.72
wbdvbdebq64ujpi9u7mn,2023-12,41,23,24,0.5854,58.54
wbdvbdebq64ujpi9u7mn,2024-01,1,1,1,1.0,100.0
0gfiioqi5g8djhh1wzol,2023-09,4,3,2,0.5,50.0
0gfiioqi5g8djhh1wzol,2023-10,26,13,10,0.3846,38.46
0gfiioqi5g8djhh1wzol,2023-11,30,19,12,0.4,40.0
0gfiioqi5g8djhh1wzol,2023-12,46,24,32,0.6957,69.57
fb735wd248crm37cgmgw,2023-09,1,1,1,1.0,100.0
fb735wd248crm37cgmgw,2023-10,31,19,17,0.5484,54.84
fb735wd248crm37cgmgw,2023-11,29,19,20,0.6897,68.97
fb735wd248crm37cgmgw,2023-12,32,20,22,0.6875,68.75
fb735wd248crm37cgmgw,2024-01,1,1,0,0.0,0.0
zon2ut7eqwqd7i86etaw,2023-09,2,2,1,0.5,50.0
zon2ut7eqwqd7i86etaw,2023-10,26,16,14,0.5385,53.85
zon2ut7eqwqd7i86etaw,2023-11,34,20,18,0.5294,52.94
zon2ut7eqwqd7i86etaw,2023-12,43,22,22,0.5116,51.16
zon2ut7eqwqd7i86etaw,2024-01,1,1,0,0.0,0.0
1hrtipd0awjpggdje5e2,2023-09,3,3,2,0.6667,66.67
1hrtipd0awjpggdje5e2,2023-10,32,14,9,0.2812,28.12
1hrtipd0awjpggdje5e2,2023-11,28,17,16,0.5714,57.14
1hrtipd0awjpggdje5e2,2023-12,46,26,25,0.5435,54.35
1hrtipd0awjpggdje5e2,2024-01,1,1,1,1.0,100.0
hcm6w0jxnfqhkpm745cu,2023-09,3,3,3,1.0,100.0
hcm6w0jxnfqhkpm745cu,2023-10,35,18,23,0.6571,65.71
hcm6w0jxnfqhkpm745cu,2023-11,29,18,15,0.5172,51.72
hcm6w0jxnfqhkpm745cu,2023-12,46,25,24,0.5217,52.17
z0ti2nr5nh9fpad7wntt,2023-10,21,15,12,0.5714,57.14
z0ti2nr5nh9fpad7wntt,2023-11,30,19,20,0.6667,66.67
z0ti2nr5nh9fpad7wntt,2023-12,39,24,27,0.6923,69.23
z0ti2nr5nh9fpad7wntt,2024-01,1,1,0,0.0,0.0
44x159fl0pw2uucriuga,2023-09,3,3,2,0.6667,66.67
44x159fl0pw2uucriuga,2023-10,30,17,19,0.6333,63.33
44x159fl0pw2uucriuga,2023-11,37,22,26,0.7027,70.27
44x159fl0pw2uucriuga,2023-12,42,25,28,0.6667,66.67
44x159fl0pw2uucriuga,2024-01,3,2,1,0.3333,33.33
7c2qxvccum7f93e8ohgt,2023-09,4,4,2,0.5,50.0
7c2qxvccum7f93e8ohgt,2023-10,36,22,22,0.6111,61.11
7c2qxvccum7f93e8ohgt,2023-11,38,21,23,0.6053,60.53
7c2qxvccum7f93e8ohgt,2023-12,37,23,20,0.5405,54.05
d6qgzp196pwnzk7agyn6,2023-09,1,1,1,1.0,100.0
d6qgzp196pwnzk7agyn6,2023-10,33,19,21,0.6364,63.64
d6qgzp196pwnzk7agyn6,2023-11,36,23,19,0.5278,52.78
d6qgzp196pwnzk7agyn6,2023-12,51,21,27,0.5294,52.94
alj4azvv1eqg1cyr3ae3,2023-09,1,1,0,0.0,0.0
alj4azvv1eqg1cyr3ae3,2023-10,24,15,12,0.5,50.0
alj4azvv1eqg1cyr3ae3,2023-11,31,19,19,0.6129,61.29
alj4azvv1eqg1cyr3ae3,2023-12,38,24,27,0.7105,71.05
alj4azvv1eqg1cyr3ae3,2024-01,1,1,1,1.0,100.0
vqz1prz6hwnqepxsieip,2023-09,2,2,2,1.0,100.0
vqz1prz6hwnqepxsieip,2023-10,28,18,18,0.6429,64.29
vqz1prz6hwnqepxsieip,2023-11,36,24,24,0.6667,66.67
vqz1prz6hwnqepxsieip,2023-12,38,25,18,0.4737,47.37
vqz1prz6hwnqepxsieip,2024-01,1,1,0,0.0,0.0
4xh67ezjc331pg9q3kfv,2023-09,1,1,0,0.0,0.0
4xh67ezjc331pg9q3kfv,2023-10,25,16,12,0.48,48.0
4xh67ezjc331pg9q3kfv,2023-11,45,24,25,0.5556,55.56
4xh67ezjc331pg9q3kfv,2023-12,39,20,24,0.6154,61.54
t8a5fgt3wo8w18amulu3,2023-10,19,10,11,0.5789,57.89
t8a5fgt3wo8w18amulu3,2023-11,32,20,19,0.5938,59.38
t8a5fgt3wo8w18amulu3,2023-12,35,23,22,0.6286,62.86
7r0ywonplo8up7m35eav,2023-09,4,3,2,0.5,50.0
7r0ywonplo8up7m35eav,2023-10,31,16,16,0.5161,51.61
7r0ywonplo8up7m35eav,2023-11,32,23,17,0.5312,53.12
7r0ywonplo8up7m35eav,2023-12,37,22,24,0.6486,64.86
no0afrue2n6m8hcnuek1,2023-09,4,4,3,0.75,75.0
no0afrue2n6m8hcnuek1,2023-10,34,17,22,0.6471,64.71
no0afrue2n6m8hcnuek1,2023-11,47,25,28,0.5957,59.57
no0afrue2n6m8hcnuek1,2023-12,48,22,26,0.5417,54.17
no0afrue2n6m8hcnuek1,2024-01,2,2,2,1.0,100.0
ymb5gxf0fi27kpj2f101,2023-09,4,3,3,0.75,75.0
ymb5gxf0fi27kpj2f101,2023-10,17,9,9,0.5294,52.94
ymb5gxf0fi27kpj2f101,2023-11,23,18,11,0.4783,47.83
ymb5gxf0fi27kpj2f101,2023-12,42,25,25,0.5952,59.52
d93519b044de1fa037b0,2023-12,50,38,37,0.74,74.0
afc99b4940e933922aca,2023-09,20,3,3,0.15,15.0
afc99b4940e933922aca,2023-10,47,14,21,0.4468,44.68
afc99b4940e933922aca,2023-11,6,3,2,0.3333,33.33
afc99b4940e933922aca,2023-12,38,19,19,0.5,50.0
c5d83404b165578ef794,2023-11,17,8,14,0.8235,82.35
c5d83404b165578ef794,2023-12,54,30,47,0.8704,87.04
dcd0562f8fb44933cb08,2023-09,2,2,2,1.0,100.0
dcd0562f8fb44933cb08,2023-10,9,2,0,0.0,0.0
dcd0562f8fb44933cb08,2023-11,13,10,9,0.6923,69.23
dcd0562f8fb44933cb08,2023-12,39,27,24,0.6154,61.54
7694d71417c2f5202940,2023-11,6,1,2,0.3333,33.33
7694d71417c2f5202940,2023-12,144,37,56,0.3889,38.89
3ba42ec5350aacb0750a,2023-09,14,5,5,0.3571,35.71
3ba42ec5350aacb0750a,2023-10,72,13,54,0.75,75.0
3ba42ec5350aacb0750a,2023-11,149,20,114,0.7651,76.51
3ba42ec5350aacb0750a,2023-12,3,2,3,1.0,100.0
e9b6fa8a87469779d732,2023-10,33,15,19,0.5758,57.58
e9b6fa8a87469779d732,2023-11,54,8,25,0.463,46.3
e9b6fa8a87469779d732,2023-12,73,16,50,0.6849,68.49
cafe5989da5dfed9f404,2023-09,2,1,2,1.0,100.0
cafe5989da5dfed9f404,2023-10,131,11,28,0.2137,21.37
cafe5989da5dfed9f404,2023-11,71,10,52,0.7324,73.24
cafe5989da5dfed9f404,2023-12,42,18,33,0.7857,78.57
d52b119f8da2a1812722,2023-11,68,16,20,0.2941,29.41
d52b119f8da2a1812722,2023-12,53,23,24,0.4528,45.28
11dae4659d30031a10dd,2023-09,6,2,2,0.3333,33.33
11dae4659d30031a10dd,2023-10,45,7,34,0.7556,75.56
11dae4659d30031a10dd,2023-11,59,14,26,0.4407,44.07
11dae4659d30031a10dd,2023-12,35,15,20,0.5714,57.14
ec4897070f2d3b6eab89,2023-09,1,1,1,1.0,100.0
ec4897070f2d3b6eab89,2023-10,13,4,4,0.3077,30.77
ec4897070f2d3b6eab89,2023-11,33,14,27,0.8182,81.82
ec4897070f2d3b6eab89,2023-12,48,20,32,0.6667,66.67
a3a0e2129e405aef3d87,2023-09,11,7,11,1.0,100.0
a3a0e2129e405aef3d87,2023-10,4,4,4,1.0,100.0
a3a0e2129e405aef3d87,2023-12,51,27,28,0.549,54.9
a06fdb8743c4d4ef09fe,2023-10,24,3,3,0.125,12.5
a06fdb8743c4d4ef09fe,2023-11,25,9,20,0.8,80.0
a06fdb8743c4d4ef09fe,2023-12,35,26,32,0.9143,91.43
3ff069e95a9047dbfa8b,2023-09,40,10,15,0.375,37.5
3ff069e95a9047dbfa8b,2023-10,95,20,70,0.7368,73.68
3ff069e95a9047dbfa8b,2023-11,43,10,30,0.6977,69.77
3ff069e95a9047dbfa8b,2023-12,1,1,1,1.0,100.0
016226278e6a69e10aa4,2023-09,63,8,9,0.1429,14.29
016226278e6a69e10aa4,2023-10,51,12,17,0.3333,33.33
016226278e6a69e10aa4,2023-11,51,14,32,0.6275,62.75
016226278e6a69e10aa4,2023-12,13,6,11,0.8462,84.62
7c1d8516e6c2ab2d3030,2023-09,4,3,3,0.75,75.0
7c1d8516e6c2ab2d3030,2023-10,13,4,4,0.3077,30.77
7c1d8516e6c2ab2d3030,2023-11,47,32,37,0.7872,78.72
7c1d8516e6c2ab2d3030,2023-12,6,6,6,1.0,100.0
453d43b3f6bdf467e672,2023-09,31,10,14,0.4516,45.16
453d43b3f6bdf467e672,2023-10,79,26,72,0.9114,91.14
453d43b3f6bdf467e672,2023-11,77,9,59,0.7662,76.62
453d43b3f6bdf467e672,2023-12,29,8,26,0.8966,89.66
6fe309a58b787e7010eb,2023-09,34,2,0,0.0,0.0
6fe309a58b787e7010eb,2023-10,58,8,15,0.2586,25.86
6fe309a58b787e7010eb,2023-11,46,20,33,0.7174,71.74
6fe309a58b787e7010eb,2023-12,60,14,42,0.7,70.0
d8ed5a1897987ffdeaed,2023-09,41,12,16,0.3902,39.02
d8ed5a1897987ffdeaed,2023-10,57,21,53,0.9298,92.98
d8ed5a1897987ffdeaed,2023-11,13,7,10,0.7692,76.92
99a53846658ba3341de6,2023-09,6,3,3,0.5,50.0
99a53846658ba3341de6,2023-10,42,25,34,0.8095,80.95
99a53846658ba3341de6,2023-11,29,10,29,1.0,100.0
3919286d3d8c4f4d339c,2023-09,35,4,3,0.0857,8.57
3919286d3d8c4f4d339c,2023-10,30,9,21,0.7,70.0
3919286d3d8c4f4d339c,2023-11,49,16,31,0.6327,63.27
3919286d3d8c4f4d339c,2023-12,23,13,16,0.6957,69.57
4a6e1cf1e4e9d8f54717,2023-09,53,38,47,0.8868,88.68
4a6e1cf1e4e9d8f54717,2023-10,1,1,1,1.0,100.0
4a6e1cf1e4e9d8f54717,2023-11,3,1,3,1.0,100.0
0fc996fff93c00ca5ced,2023-09,69,2,2,0.029,2.9
0fc996fff93c00ca5ced,2023-10,83,11,23,0.2771,27.71
0fc996fff93c00ca5ced,2023-11,97,9,43,0.4433,44.33
0fc996fff93c00ca5ced,2023-12,50,19,29,0.58,58.0
aa83cf5fc68c1dcb5038,2023-09,25,14,21,0.84,84.0
aa83cf5fc68c1dcb5038,2023-10,93,26,70,0.7527,75.27
aa83cf5fc68c1dcb5038,2023-11,10,2,8,0.8,80.0
c9c946fe211251af32d1,2023-09,27,7,17,0.6296,62.96
c9c946fe211251af32d1,2023-10,59,17,51,0.8644,86.44
c9c946fe211251af32d1,2023-11,25,12,21,0.84,84.0
c9c946fe211251af32d1,2023-12,8,3,4,0.5,50.0
bb3328d3b1eecb5e1a8a,2023-09,84,5,6,0.0714,7.14
bb3328d3b1eecb5e1a8a,2023-10,72,13,21,0.2917,29.17
bb3328d3b1eecb5e1a8a,2023-11,98,12,32,0.3265,32.65
bb3328d3b1eecb5e1a8a,2023-12,64,9,39,0.6094,60.94
5f7b406b2bbf9789735f,2023-09,2,1,1,0.5,50.0
5f7b406b2bbf9789735f,2023-10,28,6,11,0.3929,39.29
5f7b406b2bbf9789735f,2023-11,37,19,17,0.4595,45.95
5f7b406b2bbf9789735f,2023-12,15,14,14,0.9333,93.33
61de1e21015e07aacbe8,2023-09,20,5,5,0.25,25.0
61de1e21015e07aacbe8,2023-10,77,9,37,0.4805,48.05
61de1e21015e07aacbe8,2023-11,107,27,68,0.6355,63.55
61de1e21015e07aacbe8,2023-12,129,19,90,0.6977,69.77
5m6lgwi0mkqs8ilg3qqs,2023-09,41,25,26,0.6341,63.41
5m6lgwi0mkqs8ilg3qqs,2023-10,10,6,6,0.6,60.0
5m6lgwi0mkqs8ilg3qqs,2023-11,23,7,5,0.2174,21.74
5m6lgwi0mkqs8ilg3qqs,2023-12,7,2,2,0.2857,28.57
d1e44a91dd4f37c03d43,2023-10,14,5,5,0.3571,35.71
d1e44a91dd4f37c03d43,2023-11,55,21,31,0.5636,56.36
d1e44a91dd4f37c03d43,2023-12,38,12,21,0.5526,55.26
7bb37669654dedc7e397,2023-11,59,18,30,0.5085,50.85
7bb37669654dedc7e397,2023-12,45,20,27,0.6,60.0
061db2c91f94c612f2d4,2023-09,11,10,10,0.9091,90.91
061db2c91f94c612f2d4,2023-10,15,12,13,0.8667,86.67
061db2c91f94c612f2d4,2023-11,34,16,30,0.8824,88.24
76fe2c19fa84d58b584b,2023-09,13,3,4,0.3077,30.77
76fe2c19fa84d58b584b,2023-10,43,7,18,0.4186,41.86
76fe2c19fa84d58b584b,2023-11,74,20,32,0.4324,43.24
76fe2c19fa84d58b584b,2023-12,16,8,10,0.625,62.5
f36a755a3fa5db5c0743,2023-09,15,1,1,0.0667,6.67
f36a755a3fa5db5c0743,2023-10,35,19,28,0.8,80.0
f36a755a3fa5db5c0743,2023-11,55,17,43,0.7818,78.18
f36a755a3fa5db5c0743,2023-12,11,4,9,0.8182,81.82
cf7f9c2c6872be9bf2d6,2023-09,41,19,22,0.5366,53.66
cf7f9c2c6872be9bf2d6,2023-10,97,19,75,0.7732,77.32
cf7f9c2c6872be9bf2d6,2023-11,2,1,2,1.0,100.0
cf7f9c2c6872be9bf2d6,2023-12,25,2,21,0.84,84.0
b8162292f2171005c2ba,2023-09,33,6,6,0.1818,18.18
b8162292f2171005c2ba,2023-10,17,5,6,0.3529,35.29
b8162292f2171005c2ba,2023-11,99,21,75,0.7576,75.76
b8162292f2171005c2ba,2023-12,17,10,10,0.5882,58.82
a8350dcececa0b02dd14,2023-09,41,9,15,0.3659,36.59
a8350dcececa0b02dd14,2023-10,103,21,82,0.7961,79.61
a8350dcececa0b02dd14,2023-11,8,7,8,1.0,100.0
c99e6802625540e4d1e2,2023-10,13,6,6,0.4615,46.15
c99e6802625540e4d1e2,2023-11,21,9,17,0.8095,80.95
c99e6802625540e4d1e2,2023-12,46,24,36,0.7826,78.26
cade7d478dac7020a79b,2023-09,39,2,5,0.1282,12.82
cade7d478dac7020a79b,2023-10,39,11,17,0.4359,43.59
cade7d478dac7020a79b,2023-11,8,6,7,0.875,87.5
cade7d478dac7020a79b,2023-12,30,19,19,0.6333,63.33
20f97b68982d1b2f5c73,2023-09,43,5,8,0.186,18.6
20f97b68982d1b2f5c73,2023-10,47,8,11,0.234,23.4
20f97b68982d1b2f5c73,2023-11,40,24,28,0.7,70.0
20f97b68982d1b2f5c73,2023-12,35,5,9,0.2571,25.71
6d22912e7e93a96a8690,2023-09,8,4,4,0.5,50.0
6d22912e7e93a96a8690,2023-10,9,6,8,0.8889,88.89
6d22912e7e93a96a8690,2023-11,3,2,3,1.0,100.0
6d22912e7e93a96a8690,2023-12,26,26,26,1.0,100.0
db0bcf208cbed26d0bfe,2023-12,48,38,43,0.8958,89.58
90f3fbedfce50f644011,2023-10,10,2,2,0.2,20.0
90f3fbedfce50f644011,2023-11,86,13,46,0.5349,53.49
90f3fbedfce50f644011,2023-12,266,24,65,0.2444,24.44
728a4a393899c37a5429,2023-10,19,19,19,1.0,100.0
728a4a393899c37a5429,2023-11,14,8,11,0.7857,78.57
728a4a393899c37a5429,2023-12,29,11,26,0.8966,89.66
e3d0782396c346359a8f,2023-09,13,5,5,0.3846,38.46
e3d0782396c346359a8f,2023-11,83,33,52,0.6265,62.65
e3d0782396c346359a8f,2023-12,7,4,7,1.0,100.0
9d02a160cd171c5f4c18,2023-09,8,2,0,0.0,0.0
9d02a160cd171c5f4c18,2023-10,4,1,0,0.0,0.0
9d02a160cd171c5f4c18,2023-11,57,12,24,0.4211,42.11
9d02a160cd171c5f4c18,2023-12,37,26,31,0.8378,83.78
9952cc289c9f690621ec,2023-09,63,32,50,0.7937,79.37
9952cc289c9f690621ec,2023-10,17,7,7,0.4118,41.18
0c57caf5358d30408034,2023-09,141,38,67,0.4752,47.52
93f451c36b535d39003d,2023-12,52,37,36,0.6923,69.23
ac4d829c715fb0c36ad5,2023-11,10,10,10,1.0,100.0
ac4d829c715fb0c36ad5,2023-12,33,28,28,0.8485,84.85
0d4a3518a188f6888380,2023-12,50,38,45,0.9,90.0
fqcud1c5mt7pdp9w0v6y,2023-09,13,7,4,0.3077,30.77
fqcud1c5mt7pdp9w0v6y,2023-10,16,10,8,0.5,50.0
fqcud1c5mt7pdp9w0v6y,2023-11,33,20,23,0.697,69.7
fqcud1c5mt7pdp9w0v6y,2023-12,26,16,16,0.6154,61.54
rq44ojyrvdtad0tzsm32,2023-09,20,9,7,0.35,35.0
rq44ojyrvdtad0tzsm32,2023-10,31,16,18,0.5806,58.06
rq44ojyrvdtad0tzsm32,2023-11,40,22,24,0.6,60.0
rq44ojyrvdtad0tzsm32,2023-12,32,17,14,0.4375,43.75
h6miro3m8713s3dxuipr,2023-09,17,10,5,0.2941,29.41
h6miro3m8713s3dxuipr,2023-10,26,18,17,0.6538,65.38
h6miro3m8713s3dxuipr,2023-11,24,14,14,0.5833,58.33
h6miro3m8713s3dxuipr,2023-12,32,17,19,0.5938,59.38
lexte4gc3dvjb7ty0qf5,2023-09,17,10,8,0.4706,47.06
lexte4gc3dvjb7ty0qf5,2023-10,26,18,17,0.6538,65.38
lexte4gc3dvjb7ty0qf5,2023-11,28,16,19,0.6786,67.86
lexte4gc3dvjb7ty0qf5,2023-12,29,18,18,0.6207,62.07
6dx4zt62b8m37krb5l3n,2023-09,22,11,9,0.4091,40.91
6dx4zt62b8m37krb5l3n,2023-10,25,16,16,0.64,64.0
6dx4zt62b8m37krb5l3n,2023-11,41,24,26,0.6341,63.41
6dx4zt62b8m37krb5l3n,2023-12,28,19,16,0.5714,57.14
oi7j42phxrp4mc1n9h4b,2023-09,16,10,6,0.375,37.5
oi7j42phxrp4mc1n9h4b,2023-10,17,12,12,0.7059,70.59
oi7j42phxrp4mc1n9h4b,2023-11,31,19,21,0.6774,67.74
oi7j42phxrp4mc1n9h4b,2023-12,26,18,14,0.5385,53.85
i5hexmb5zlzhd8lvwdv3,2023-09,18,10,9,0.5,50.0
i5hexmb5zlzhd8lvwdv3,2023-10,27,18,18,0.6667,66.67
i5hexmb5zlzhd8lvwdv3,2023-11,17,16,12,0.7059,70.59
i5hexmb5zlzhd8lvwdv3,2023-12,25,16,15,0.6,60.0
cp4d94b2v0ws6am7mvuw,2023-09,19,9,4,0.2105,21.05
cp4d94b2v0ws6am7mvuw,2023-10,19,12,10,0.5263,52.63
cp4d94b2v0ws6am7mvuw,2023-11,28,18,18,0.6429,64.29
cp4d94b2v0ws6am7mvuw,2023-12,23,10,11,0.4783,47.83
6cxj0lsinp9d7215gtpe,2023-09,17,13,8,0.4706,47.06
6cxj0lsinp9d7215gtpe,2023-10,42,22,30,0.7143,71.43
6cxj0lsinp9d7215gtpe,2023-11,28,19,18,0.6429,64.29
6cxj0lsinp9d7215gtpe,2023-12,30,17,20,0.6667,66.67
t7x7ydt3u1cd2svfvk4q,2023-09,14,9,5,0.3571,35.71
t7x7ydt3u1cd2svfvk4q,2023-10,30,19,18,0.6,60.0
t7x7ydt3u1cd2svfvk4q,2023-11,25,18,16,0.64,64.0
t7x7ydt3u1cd2svfvk4q,2023-12,32,20,20,0.625,62.5
6iag08nt7se7f2hkgzx4,2023-09,13,8,3,0.2308,23.08
6iag08nt7se7f2hkgzx4,2023-10,31,23,23,0.7419,74.19
6iag08nt7se7f2hkgzx4,2023-11,30,21,17,0.5667,56.67
6iag08nt7se7f2hkgzx4,2023-12,28,19,22,0.7857,78.57
d3tt41de5iashfjr1txr,2023-09,16,8,6,0.375,37.5
d3tt41de5iashfjr1txr,2023-10,25,16,13,0.52,52.0
d3tt41de5iashfjr1txr,2023-11,26,18,13,0.5,50.0
d3tt41de5iashfjr1txr,2023-12,27,18,18,0.6667,66.67
uk8sadmdmw8p7e22l2yr,2023-09,18,7,8,0.4444,44.44
uk8sadmdmw8p7e22l2yr,2023-10,33,21,23,0.697,69.7
uk8sadmdmw8p7e22l2yr,2023-11,40,21,23,0.575,57.5
uk8sadmdmw8p7e22l2yr,2023-12,38,25,23,0.6053,60.53
svxexhg20hs3bbqd4fm7,2023-09,16,9,4,0.25,25.0
svxexhg20hs3bbqd4fm7,2023-10,21,18,15,0.7143,71.43
svxexhg20hs3bbqd4fm7,2023-11,34,20,19,0.5588,55.88
svxexhg20hs3bbqd4fm7,2023-12,31,18,20,0.6452,64.52
3p34idi1traz2k8j0ulk,2023-09,24,15,12,0.5,50.0
3p34idi1traz2k8j0ulk,2023-10,31,16,19,0.6129,61.29
3p34idi1traz2k8j0ulk,2023-11,34,22,20,0.5882,58.82
3p34idi1traz2k8j0ulk,2023-12,20,15,14,0.7,70.0
t9a891e0764br5ujna1a,2023-09,28,16,11,0.3929,39.29
t9a891e0764br5ujna1a,2023-10,21,14,16,0.7619,76.19
t9a891e0764br5ujna1a,2023-11,33,18,19,0.5758,57.58
t9a891e0764br5ujna1a,2023-12,26,16,15,0.5769,57.69
zeuj820acn6zhcbx617v,2023-09,19,7,7,0.3684,36.84
zeuj820acn6zhcbx617v,2023-10,36,23,19,0.5278,52.78
zeuj820acn6zhcbx617v,2023-11,32,19,25,0.7812,78.12
zeuj820acn6zhcbx617v,2023-12,31,15,16,0.5161,51.61
i1fr7kd71b2ni39kn958,2023-09,15,8,8,0.5333,53.33
i1fr7kd71b2ni39kn958,2023-10,25,18,15,0.6,60.0
i1fr7kd71b2ni39kn958,2023-11,22,17,12,0.5455,54.55
i1fr7kd71b2ni39kn958,2023-12,30,18,14,0.4667,46.67
tvsgkf4oqh769h40lj43,2023-09,13,9,5,0.3846,38.46
tvsgkf4oqh769h40lj43,2023-10,33,17,14,0.4242,42.42
tvsgkf4oqh769h40lj43,2023-11,32,18,22,0.6875,68.75
tvsgkf4oqh769h40lj43,2023-12,39,19,24,0.6154,61.54
buv73728fa9viqgrz5mj,2023-09,13,7,5,0.3846,38.46
buv73728fa9viqgrz5mj,2023-10,27,20,19,0.7037,70.37
buv73728fa9viqgrz5mj,2023-11,28,17,15,0.5357,53.57
buv73728fa9viqgrz5mj,2023-12,26,18,14,0.5385,53.85
w1uwjc89gv68yxkutpoe,2023-09,9,7,3,0.3333,33.33
w1uwjc89gv68yxkutpoe,2023-10,29,20,19,0.6552,65.52
w1uwjc89gv68yxkutpoe,2023-11,34,19,18,0.5294,52.94
w1uwjc89gv68yxkutpoe,2023-12,19,16,10,0.5263,52.63
fkenlzdweox7v0zaopqo,2023-09,16,10,5,0.3125,31.25
fkenlzdweox7v0zaopqo,2023-10,25,15,15,0.6,60.0
fkenlzdweox7v0zaopqo,2023-11,37,22,19,0.5135,51.35
fkenlzdweox7v0zaopqo,2023-12,27,17,16,0.5926,59.26
uy29im7a6hnc34lfp8ae,2023-09,25,10,8,0.32,32.0
uy29im7a6hnc34lfp8ae,2023-10,27,16,14,0.5185,51.85
uy29im7a6hnc34lfp8ae,2023-11,34,24,20,0.5882,58.82
uy29im7a6hnc34lfp8ae,2023-12,22,15,14,0.6364,63.64
kilhyvtskm84umerpjee,2023-09,15,13,5,0.3333,33.33
kilhyvtskm84umerpjee,2023-10,38,19,24,0.6316,63.16
kilhyvtskm84umerpjee,2023-11,27,19,16,0.5926,59.26
kilhyvtskm84umerpjee,2023-12,29,18,16,0.5517,55.17
8urc1lsyw615q5prnxwh,2023-09,16,10,9,0.5625,56.25
8urc1lsyw615q5prnxwh,2023-10,35,16,19,0.5429,54.29
8urc1lsyw615q5prnxwh,2023-11,33,21,19,0.5758,57.58
8urc1lsyw615q5prnxwh,2023-12,23,20,14,0.6087,60.87
jyaxybaq8vui614ytd8i,2023-09,22,12,7,0.3182,31.82
jyaxybaq8vui614ytd8i,2023-10,32,18,14,0.4375,43.75
jyaxybaq8vui614ytd8i,2023-11,32,18,19,0.5938,59.38
jyaxybaq8vui614ytd8i,2023-12,36,19,24,0.6667,66.67
ijieo064jbrs5ss1cmol,2023-09,8,6,1,0.125,12.5
ijieo064jbrs5ss1cmol,2023-10,24,18,12,0.5,50.0
ijieo064jbrs5ss1cmol,2023-11,33,23,20,0.6061,60.61
ijieo064jbrs5ss1cmol,2023-12,30,19,21,0.7,70.0
zc7xkcpo969z98kh6bg8,2023-09,23,11,6,0.2609,26.09
zc7xkcpo969z98kh6bg8,2023-10,32,18,12,0.375,37.5
zc7xkcpo969z98kh6bg8,2023-11,44,24,27,0.6136,61.36
zc7xkcpo969z98kh6bg8,2023-12,38,24,25,0.6579,65.79
4vnvytgnlmv4jbfw9h3t,2023-09,10,6,2,0.2,20.0
4vnvytgnlmv4jbfw9h3t,2023-10,31,19,17,0.5484,54.84
4vnvytgnlmv4jbfw9h3t,2023-11,27,19,18,0.6667,66.67
4vnvytgnlmv4jbfw9h3t,2023-12,32,19,26,0.8125,81.25
pv0c4za1m616k25gfwfb,2023-09,14,8,7,0.5,50.0
pv0c4za1m616k25gfwfb,2023-10,28,16,19,0.6786,67.86
pv0c4za1m616k25gfwfb,2023-11,30,19,17,0.5667,56.67
pv0c4za1m616k25gfwfb,2023-12,32,22,22,0.6875,68.75
mqqf68ny1kdp6i69i7tt,2023-09,18,10,6,0.3333,33.33
mqqf68ny1kdp6i69i7tt,2023-10,17,13,9,0.5294,52.94
mqqf68ny1kdp6i69i7tt,2023-11,36,23,25,0.6944,69.44
mqqf68ny1kdp6i69i7tt,2023-12,25,16,14,0.56,56.0
9a25hcbd3mhgaj0fyelo,2023-09,19,12,6,0.3158,31.58
9a25hcbd3mhgaj0fyelo,2023-10,29,16,17,0.5862,58.62
9a25hcbd3mhgaj0fyelo,2023-11,28,16,17,0.6071,60.71
9a25hcbd3mhgaj0fyelo,2023-12,28,16,18,0.6429,64.29
9lfh7vk4u8eh6zz1dmvp,2023-09,17,11,3,0.1765,17.65
9lfh7vk4u8eh6zz1dmvp,2023-10,26,18,12,0.4615,46.15
9lfh7vk4u8eh6zz1dmvp,2023-11,28,20,17,0.6071,60.71
9lfh7vk4u8eh6zz1dmvp,2023-12,24,15,14,0.5833,58.33
xsxczvs8iluovs3pt5q7,2023-09,14,6,4,0.2857,28.57
xsxczvs8iluovs3pt5q7,2023-10,30,19,15,0.5,50.0
xsxczvs8iluovs3pt5q7,2023-11,21,17,13,0.619,61.9
xsxczvs8iluovs3pt5q7,2023-12,27,20,16,0.5926,59.26
reo07h0d5zehmotdlz2w,2023-09,14,7,5,0.3571,35.71
reo07h0d5zehmotdlz2w,2023-10,28,18,18,0.6429,64.29
reo07h0d5zehmotdlz2w,2023-11,19,14,16,0.8421,84.21
reo07h0d5zehmotdlz2w,2023-12,29,16,19,0.6552,65.52
2d526c27123e59103e29,2023-09,16,5,6,0.375,37.5
2d526c27123e59103e29,2023-10,199,19,71,0.3568,35.68
2d526c27123e59103e29,2023-11,81,7,69,0.8519,85.19
2d526c27123e59103e29,2023-12,36,5,36,1.0,100.0
2d526c27123e59103e29,2024-01,11,5,5,0.4545,45.45
488fc49e8fccd665c3e2,2023-09,42,5,3,0.0714,7.14
488fc49e8fccd665c3e2,2023-10,48,8,9,0.1875,18.75
488fc49e8fccd665c3e2,2023-11,134,15,61,0.4552,45.52
488fc49e8fccd665c3e2,2023-12,41,12,19,0.4634,46.34
488fc49e8fccd665c3e2,2024-01,5,2,2,0.4,40.0
be032ee60c336e4701e0,2023-09,19,5,5,0.2632,26.32
be032ee60c336e4701e0,2023-10,38,4,11,0.2895,28.95
be032ee60c336e4701e0,2023-11,39,12,21,0.5385,53.85
be032ee60c336e4701e0,2023-12,28,9,22,0.7857,78.57
be032ee60c336e4701e0,2024-01,9,9,9,1.0,100.0
19793e7e55b68c8dd776,2023-09,18,6,5,0.2778,27.78
19793e7e55b68c8dd776,2023-10,19,9,14,0.7368,73.68
19793e7e55b68c8dd776,2023-11,42,17,40,0.9524,95.24
19793e7e55b68c8dd776,2023-12,13,9,8,0.6154,61.54
fe752a6d1aa3d710d738,2023-09,37,5,7,0.1892,18.92
fe752a6d1aa3d710d738,2023-10,66,12,14,0.2121,21.21
fe752a6d1aa3d710d738,2023-11,44,12,19,0.4318,43.18
fe752a6d1aa3d710d738,2023-12,27,10,16,0.5926,59.26
912794ea0c6936c83ce2,2023-09,17,4,4,0.2353,23.53
912794ea0c6936c83ce2,2023-10,57,8,8,0.1404,14.04
912794ea0c6936c83ce2,2023-11,37,14,28,0.7568,75.68
912794ea0c6936c83ce2,2023-12,48,16,34,0.7083,70.83
17e429460d5fda251953,2023-09,51,6,5,0.098,9.8
17e429460d5fda251953,2023-10,85,18,35,0.4118,41.18
17e429460d5fda251953,2023-11,56,7,24,0.4286,42.86
17e429460d5fda251953,2023-12,41,12,17,0.4146,41.46
2e3e7cbe0e69add8d31a,2023-10,6,6,6,1.0,100.0
2e3e7cbe0e69add8d31a,2023-11,19,12,18,0.9474,94.74
2e3e7cbe0e69add8d31a,2023-12,19,17,18,0.9474,94.74
4bceaffe5e429ed3333b,2023-09,17,9,10,0.5882,58.82
4bceaffe5e429ed3333b,2023-10,17,10,10,0.5882,58.82
4bceaffe5e429ed3333b,2023-11,11,6,7,0.6364,63.64
4bceaffe5e429ed3333b,2023-12,14,13,14,1.0,100.0
f22c9341431a6123f670,2023-09,12,5,5,0.4167,41.67
f22c9341431a6123f670,2023-11,41,20,37,0.9024,90.24
f22c9341431a6123f670,2023-12,29,13,27,0.931,93.1
0107f72b66cbd1a0926d,2023-09,26,7,11,0.4231,42.31
0107f72b66cbd1a0926d,2023-10,20,10,16,0.8,80.0
0107f72b66cbd1a0926d,2023-11,46,18,38,0.8261,82.61
0107f72b66cbd1a0926d,2023-12,6,5,5,0.8333,83.33
4c26df96293b4a52bc03,2023-09,35,7,8,0.2286,22.86
4c26df96293b4a52bc03,2023-10,21,14,18,0.8571,85.71
4c26df96293b4a52bc03,2023-11,21,8,9,0.4286,42.86
4c26df96293b4a52bc03,2023-12,32,11,26,0.8125,81.25
8e25bcfa51d165f162f6,2023-09,7,5,6,0.8571,85.71
8e25bcfa51d165f162f6,2023-10,15,8,12,0.8,80.0
8e25bcfa51d165f162f6,2023-11,16,12,12,0.75,75.0
8e25bcfa51d165f162f6,2023-12,31,13,21,0.6774,67.74
9ee3e6df01c7cc22d066,2023-10,63,7,21,0.3333,33.33
9ee3e6df01c7cc22d066,2023-11,100,21,57,0.57,57.0
9ee3e6df01c7cc22d066,2023-12,47,10,23,0.4894,48.94
42e83553ca9d77ab4aee,2023-09,1,1,1,1.0,100.0
42e83553ca9d77ab4aee,2023-10,33,16,24,0.7273,72.73
42e83553ca9d77ab4aee,2023-11,55,17,46,0.8364,83.64
42e83553ca9d77ab4aee,2023-12,22,5,18,0.8182,81.82
ba563fef8484139dc84d,2023-09,33,6,5,0.1515,15.15
ba563fef8484139dc84d,2023-10,44,15,27,0.6136,61.36
ba563fef8484139dc84d,2023-11,29,9,11,0.3793,37.93
ba563fef8484139dc84d,2023-12,28,9,10,0.3571,35.71
9b1c065069dbb7a71617,2023-09,24,5,5,0.2083,20.83
9b1c065069dbb7a71617,2023-10,29,2,7,0.2414,24.14
9b1c065069dbb7a71617,2023-11,9,4,4,0.4444,44.44
9b1c065069dbb7a71617,2023-12,101,29,50,0.495,49.5
1fa4f2361b8a03040292,2023-09,17,5,5,0.2941,29.41
1fa4f2361b8a03040292,2023-10,32,14,21,0.6562,65.62
1fa4f2361b8a03040292,2023-11,74,17,40,0.5405,54.05
1fa4f2361b8a03040292,2023-12,13,5,7,0.5385,53.85
82da6d26645f8f71bd61,2023-09,4,4,4,1.0,100.0
82da6d26645f8f71bd61,2023-10,23,11,21,0.913,91.3
82da6d26645f8f71bd61,2023-11,15,10,13,0.8667,86.67
82da6d26645f8f71bd61,2023-12,17,12,15,0.8824,88.24
a9554f5c3d61d05617e1,2023-09,43,8,19,0.4419,44.19
a9554f5c3d61d05617e1,2023-10,71,32,66,0.9296,92.96
a9554f5c3d61d05617e1,2023-11,1,1,1,1.0,100.0
a9554f5c3d61d05617e1,2023-12,3,1,3,1.0,100.0
2e2c00240c341a4265e3,2023-09,11,6,7,0.6364,63.64
2e2c00240c341a4265e3,2023-10,30,10,22,0.7333,73.33
2e2c00240c341a4265e3,2023-11,49,17,39,0.7959,79.59
2e2c00240c341a4265e3,2023-12,16,6,16,1.0,100.0
4e768251c78b687fa993,2023-09,22,5,7,0.3182,31.82
4e768251c78b687fa993,2023-10,90,17,62,0.6889,68.89
4e768251c78b687fa993,2023-11,35,13,30,0.8571,85.71
4e768251c78b687fa993,2023-12,17,6,15,0.8824,88.24
6964a3d507ac1ecf9e52,2023-09,25,5,6,0.24,24.0
6964a3d507ac1ecf9e52,2023-10,197,21,78,0.3959,39.59
6964a3d507ac1ecf9e52,2023-11,55,13,45,0.8182,81.82
6964a3d507ac1ecf9e52,2023-12,2,2,2,1.0,100.0
03754dce5ec7731fb3e2,2023-09,65,25,54,0.8308,83.08
03754dce5ec7731fb3e2,2023-10,87,17,82,0.9425,94.25
03754dce5ec7731fb3e2,2023-11,37,11,37,1.0,100.0
03754dce5ec7731fb3e2,2023-12,16,7,15,0.9375,93.75
4738a118c8b8fa271fd6,2023-09,14,5,5,0.3571,35.71
4738a118c8b8fa271fd6,2023-10,32,6,20,0.625,62.5
4738a118c8b8fa271fd6,2023-11,26,10,21,0.8077,80.77
4738a118c8b8fa271fd6,2023-12,32,17,18,0.5625,56.25
2af634997fba501740c2,2023-09,24,8,9,0.375,37.5
2af634997fba501740c2,2023-10,66,18,27,0.4091,40.91
2af634997fba501740c2,2023-11,46,11,42,0.913,91.3
2af634997fba501740c2,2023-12,1,1,1,1.0,100.0
c9e6e9322dd7054e618c,2023-09,17,9,9,0.5294,52.94
c9e6e9322dd7054e618c,2023-10,19,11,12,0.6316,63.16
c9e6e9322dd7054e618c,2023-11,16,10,14,0.875,87.5
c9e6e9322dd7054e618c,2023-12,17,8,9,0.5294,52.94
d72abe041b8db9118e70,2023-09,8,5,5,0.625,62.5
d72abe041b8db9118e70,2023-10,39,9,16,0.4103,41.03
d72abe041b8db9118e70,2023-11,20,9,12,0.6,60.0
d72abe041b8db9118e70,2023-12,28,17,21,0.75,75.0
b0a62c35bfc7f529e83b,2023-09,25,12,12,0.48,48.0
b0a62c35bfc7f529e83b,2023-10,34,21,23,0.6765,67.65
b0a62c35bfc7f529e83b,2023-11,17,7,13,0.7647,76.47
a856f10303ba34926fdd,2023-09,8,5,5,0.625,62.5
a856f10303ba34926fdd,2023-10,22,9,16,0.7273,72.73
a856f10303ba34926fdd,2023-11,36,12,22,0.6111,61.11
a856f10303ba34926fdd,2023-12,28,14,27,0.9643,96.43
951678e2f3db4cd9911d,2023-09,14,9,13,0.9286,92.86
951678e2f3db4cd9911d,2023-10,60,29,56,0.9333,93.33
b34d4dc5b6c5fd7c5def,2023-09,17,6,8,0.4706,47.06
b34d4dc5b6c5fd7c5def,2023-10,15,11,12,0.8,80.0
b34d4dc5b6c5fd7c5def,2023-11,34,21,32,0.9412,94.12
430420fb41fe0a889868,2023-09,19,5,5,0.2632,26.32
430420fb41fe0a889868,2023-10,76,15,53,0.6974,69.74
430420fb41fe0a889868,2023-11,111,17,97,0.8739,87.39
430420fb41fe0a889868,2023-12,7,1,1,0.1429,14.29
e17f01453906e3ae5716,2023-09,29,5,5,0.1724,17.24
e17f01453906e3ae5716,2023-10,75,9,28,0.3733,37.33
e17f01453906e3ae5716,2023-11,76,14,28,0.3684,36.84
e17f01453906e3ae5716,2023-12,25,10,17,0.68,68.0
d536120baaef5495c028,2023-09,17,4,4,0.2353,23.53
d536120baaef5495c028,2023-10,24,12,15,0.625,62.5
d536120baaef5495c028,2023-11,54,20,21,0.3889,38.89
d536120baaef5495c028,2023-12,9,6,6,0.6667,66.67
2ecb7fb5ff8899614c12,2023-09,67,5,7,0.1045,10.45
2ecb7fb5ff8899614c12,2023-10,36,12,16,0.4444,44.44
2ecb7fb5ff8899614c12,2023-11,51,22,35,0.6863,68.63
2ecb7fb5ff8899614c12,2023-12,20,2,4,0.2,20.0
d6f3f410bbb24244d270,2023-09,105,26,62,0.5905,59.05
d6f3f410bbb24244d270,2023-10,37,12,32,0.8649,86.49
d6f3f410bbb24244d270,2023-11,2,1,1,0.5,50.0
d6f3f410bbb24244d270,2023-12,7,1,7,1.0,100.0
67f8d47cfb7b7b3d2095,2023-09,51,6,5,0.098,9.8
67f8d47cfb7b7b3d2095,2023-10,55,8,18,0.3273,32.73
67f8d47cfb7b7b3d2095,2023-11,41,11,29,0.7073,70.73
67f8d47cfb7b7b3d2095,2023-12,43,17,25,0.5814,58.14
a0fa57995e3e8cdcc13a,2023-09,34,15,28,0.8235,82.35
a0fa57995e3e8cdcc13a,2023-10,71,24,64,0.9014,90.14
a0fa57995e3e8cdcc13a,2023-11,83,4,81,0.9759,97.59
a0fa57995e3e8cdcc13a,2023-12,5,3,5,1.0,100.0
fe40bd528b4fbbf591e1,2023-09,23,5,5,0.2174,21.74
fe40bd528b4fbbf591e1,2023-10,77,18,39,0.5065,50.65
fe40bd528b4fbbf591e1,2023-11,46,12,36,0.7826,78.26
fe40bd528b4fbbf591e1,2023-12,4,4,4,1.0,100.0
be52205cb48c05e10567,2023-09,2,1,0,0.0,0.0
be52205cb48c05e10567,2023-10,26,9,9,0.3462,34.62
03e0c9bff3a9557480d9,2023-09,18,6,5,0.2778,27.78
03e0c9bff3a9557480d9,2023-10,18,3,15,0.8333,83.33
03e0c9bff3a9557480d9,2023-11,19,9,16,0.8421,84.21
03e0c9bff3a9557480d9,2023-12,41,20,38,0.9268,92.68
60c3549c706fe13322ce,2023-09,13,5,5,0.3846,38.46
60c3549c706fe13322ce,2023-10,37,13,19,0.5135,51.35
60c3549c706fe13322ce,2023-11,51,19,33,0.6471,64.71
60c3549c706fe13322ce,2023-12,8,1,1,0.125,12.5
2826ec26211d83efd2c6,2023-09,21,5,10,0.4762,47.62
2826ec26211d83efd2c6,2023-10,33,11,21,0.6364,63.64
2826ec26211d83efd2c6,2023-11,32,13,16,0.5,50.0
2826ec26211d83efd2c6,2023-12,26,9,24,0.9231,92.31
6b9ee688551136da2eb9,2023-09,13,3,2,0.1538,15.38
6b9ee688551136da2eb9,2023-10,50,7,10,0.2,20.0
6b9ee688551136da2eb9,2023-11,11,8,9,0.8182,81.82
6b9ee688551136da2eb9,2023-12,32,22,23,0.7188,71.88
454c91e8f96c1dc4e994,2023-09,1,1,1,1.0,100.0
454c91e8f96c1dc4e994,2023-10,82,11,35,0.4268,42.68
454c91e8f96c1dc4e994,2023-11,63,11,42,0.6667,66.67
454c91e8f96c1dc4e994,2023-12,29,15,25,0.8621,86.21
854ce9f7f4d7b6115854,2023-09,58,33,48,0.8276,82.76
854ce9f7f4d7b6115854,2023-10,3,1,1,0.3333,33.33
d103bd9455fb9258c805,2023-09,11,5,6,0.5455,54.55
d103bd9455fb9258c805,2023-10,34,21,24,0.7059,70.59
d103bd9455fb9258c805,2023-11,31,8,9,0.2903,29.03
d103bd9455fb9258c805,2023-12,17,6,6,0.3529,35.29
13de1d3a55477a0c0329,2023-09,7,5,5,0.7143,71.43
13de1d3a55477a0c0329,2023-10,11,5,5,0.4545,45.45
13de1d3a55477a0c0329,2023-11,91,27,28,0.3077,30.77
13de1d3a55477a0c0329,2023-12,6,4,4,0.6667,66.67
pg8ucem69ixbqhznx0x2,2023-09,22,7,9,0.4091,40.91
pg8ucem69ixbqhznx0x2,2023-10,30,14,13,0.4333,43.33
pg8ucem69ixbqhznx0x2,2023-11,26,15,21,0.8077,80.77
pg8ucem69ixbqhznx0x2,2023-12,10,10,7,0.7,70.0
pg8ucem69ixbqhznx0x2,2024-01,1,1,0,0.0,0.0
vzdurh8f0rfus5h4bde2,2023-09,17,8,8,0.4706,47.06
vzdurh8f0rfus5h4bde2,2023-10,29,18,14,0.4828,48.28
vzdurh8f0rfus5h4bde2,2023-11,27,17,21,0.7778,77.78
vzdurh8f0rfus5h4bde2,2023-12,17,10,12,0.7059,70.59
vzdurh8f0rfus5h4bde2,2024-01,1,1,1,1.0,100.0
ucxxvfcovdwuokyswife,2023-09,20,8,5,0.25,25.0
ucxxvfcovdwuokyswife,2023-10,29,16,18,0.6207,62.07
ucxxvfcovdwuokyswife,2023-11,34,20,22,0.6471,64.71
ucxxvfcovdwuokyswife,2023-12,9,8,7,0.7778,77.78
ucxxvfcovdwuokyswife,2024-01,1,1,1,1.0,100.0
yums89f0epz009xrrwrf,2023-09,10,6,3,0.3,30.0
yums89f0epz009xrrwrf,2023-10,35,19,15,0.4286,42.86
yums89f0epz009xrrwrf,2023-11,30,20,25,0.8333,83.33
yums89f0epz009xrrwrf,2023-12,13,9,9,0.6923,69.23
yums89f0epz009xrrwrf,2024-01,1,1,0,0.0,0.0
4y1vvkscejq34042oag4,2023-09,14,7,6,0.4286,42.86
4y1vvkscejq34042oag4,2023-10,32,18,19,0.5938,59.38
4y1vvkscejq34042oag4,2023-11,32,19,22,0.6875,68.75
4y1vvkscejq34042oag4,2023-12,13,9,12,0.9231,92.31
ng2c52g74hfaudyxmm6m,2023-09,21,9,8,0.381,38.1
ng2c52g74hfaudyxmm6m,2023-10,44,22,26,0.5909,59.09
ng2c52g74hfaudyxmm6m,2023-11,37,21,26,0.7027,70.27
ng2c52g74hfaudyxmm6m,2023-12,21,12,13,0.619,61.9
ttsjumez81r1ot6tfe7n,2023-09,10,7,5,0.5,50.0
ttsjumez81r1ot6tfe7n,2023-10,29,18,15,0.5172,51.72
ttsjumez81r1ot6tfe7n,2023-11,33,18,21,0.6364,63.64
ttsjumez81r1ot6tfe7n,2023-12,10,9,9,0.9,90.0
m3xzctvbxlbxz80zz042,2023-09,15,7,4,0.2667,26.67
m3xzctvbxlbxz80zz042,2023-10,39,17,18,0.4615,46.15
m3xzctvbxlbxz80zz042,2023-11,27,17,14,0.5185,51.85
m3xzctvbxlbxz80zz042,2023-12,18,11,15,0.8333,83.33
1nebcwra7a0fduy8c1fa,2023-09,15,6,4,0.2667,26.67
1nebcwra7a0fduy8c1fa,2023-10,27,18,13,0.4815,48.15
1nebcwra7a0fduy8c1fa,2023-11,42,18,27,0.6429,64.29
1nebcwra7a0fduy8c1fa,2023-12,17,9,7,0.4118,41.18
z9q10sbk27qpuvatlkuw,2023-09,11,7,6,0.5455,54.55
z9q10sbk27qpuvatlkuw,2023-10,35,14,14,0.4,40.0
z9q10sbk27qpuvatlkuw,2023-11,28,15,18,0.6429,64.29
z9q10sbk27qpuvatlkuw,2023-12,14,10,9,0.6429,64.29
cgydhui8n3uoxbq5rznl,2023-09,13,7,3,0.2308,23.08
cgydhui8n3uoxbq5rznl,2023-10,30,13,14,0.4667,46.67
cgydhui8n3uoxbq5rznl,2023-11,33,16,20,0.6061,60.61
cgydhui8n3uoxbq5rznl,2023-12,15,9,12,0.8,80.0
cgydhui8n3uoxbq5rznl,2024-01,1,1,1,1.0,100.0
sdun9fmcol7sud39mllw,2023-09,22,6,7,0.3182,31.82
sdun9fmcol7sud39mllw,2023-10,35,19,18,0.5143,51.43
sdun9fmcol7sud39mllw,2023-11,36,18,28,0.7778,77.78
sdun9fmcol7sud39mllw,2023-12,12,10,6,0.5,50.0
csxiwtz34vm9vr0kbryx,2023-09,27,9,9,0.3333,33.33
csxiwtz34vm9vr0kbryx,2023-10,41,20,25,0.6098,60.98
csxiwtz34vm9vr0kbryx,2023-11,32,18,18,0.5625,56.25
csxiwtz34vm9vr0kbryx,2023-12,19,11,14,0.7368,73.68
4v5xbvn3yhmvs97477pc,2023-09,24,7,10,0.4167,41.67
4v5xbvn3yhmvs97477pc,2023-10,34,13,17,0.5,50.0
4v5xbvn3yhmvs97477pc,2023-11,23,15,20,0.8696,86.96
4v5xbvn3yhmvs97477pc,2023-12,15,10,12,0.8,80.0
g5wbnnhq1jbyc32q3003,2023-09,21,7,6,0.2857,28.57
g5wbnnhq1jbyc32q3003,2023-10,33,17,18,0.5455,54.55
g5wbnnhq1jbyc32q3003,2023-11,30,16,24,0.8,80.0
g5wbnnhq1jbyc32q3003,2023-12,17,12,13,0.7647,76.47
g5wbnnhq1jbyc32q3003,2024-01,1,1,1,1.0,100.0
ulowmljtsh72z64haltq,2023-09,13,7,4,0.3077,30.77
ulowmljtsh72z64haltq,2023-10,39,18,17,0.4359,43.59
ulowmljtsh72z64haltq,2023-11,32,16,18,0.5625,56.25
ulowmljtsh72z64haltq,2023-12,11,9,10,0.9091,90.91
19rc4zj7sw4ms0996992,2023-09,17,5,4,0.2353,23.53
19rc4zj7sw4ms0996992,2023-10,42,19,26,0.619,61.9
19rc4zj7sw4ms0996992,2023-11,31,18,21,0.6774,67.74
19rc4zj7sw4ms0996992,2023-12,14,11,11,0.7857,78.57
19rc4zj7sw4ms0996992,2024-01,1,1,0,0.0,0.0
mn8t0yyppsznr674ic1a,2023-09,20,7,7,0.35,35.0
mn8t0yyppsznr674ic1a,2023-10,30,18,12,0.4,40.0
mn8t0yyppsznr674ic1a,2023-11,29,17,18,0.6207,62.07
mn8t0yyppsznr674ic1a,2023-12,14,6,8,0.5714,57.14
isavn2ahb9n5z1q8win5,2023-09,16,10,6,0.375,37.5
isavn2ahb9n5z1q8win5,2023-10,33,17,16,0.4848,48.48
isavn2ahb9n5z1q8win5,2023-11,23,19,18,0.7826,78.26
isavn2ahb9n5z1q8win5,2023-12,21,9,21,1.0,100.0
uhky1uwx18u1e4nixzzf,2023-09,13,7,5,0.3846,38.46
uhky1uwx18u1e4nixzzf,2023-10,44,19,24,0.5455,54.55
uhky1uwx18u1e4nixzzf,2023-11,37,16,27,0.7297,72.97
uhky1uwx18u1e4nixzzf,2023-12,8,6,6,0.75,75.0
h9urbo4ce8x02brjnloz,2023-09,16,10,7,0.4375,43.75
h9urbo4ce8x02brjnloz,2023-10,32,16,19,0.5938,59.38
h9urbo4ce8x02brjnloz,2023-11,29,17,15,0.5172,51.72
h9urbo4ce8x02brjnloz,2023-12,17,12,10,0.5882,58.82
lewkf2owb42ywhfto9yf,2023-09,9,8,5,0.5556,55.56
lewkf2owb42ywhfto9yf,2023-10,43,19,21,0.4884,48.84
lewkf2owb42ywhfto9yf,2023-11,31,18,22,0.7097,70.97
lewkf2owb42ywhfto9yf,2023-12,12,11,8,0.6667,66.67
p3cs5x8cxrwubesmagvl,2023-09,27,8,11,0.4074,40.74
p3cs5x8cxrwubesmagvl,2023-10,34,12,21,0.6176,61.76
p3cs5x8cxrwubesmagvl,2023-11,36,19,21,0.5833,58.33
p3cs5x8cxrwubesmagvl,2023-12,20,14,14,0.7,70.0
p3cs5x8cxrwubesmagvl,2024-01,1,1,1,1.0,100.0
u968v341lom8drwdzqqj,2023-09,17,7,5,0.2941,29.41
u968v341lom8drwdzqqj,2023-10,28,14,14,0.5,50.0
u968v341lom8drwdzqqj,2023-11,27,18,19,0.7037,70.37
u968v341lom8drwdzqqj,2023-12,16,11,9,0.5625,56.25
x8hocidvl3emcmrhw2f8,2023-09,22,8,8,0.3636,36.36
x8hocidvl3emcmrhw2f8,2023-10,46,20,21,0.4565,45.65
x8hocidvl3emcmrhw2f8,2023-11,27,15,16,0.5926,59.26
x8hocidvl3emcmrhw2f8,2023-12,17,8,9,0.5294,52.94
0sgnvj4zfg3xjjb9fl6h,2023-09,16,10,7,0.4375,43.75
0sgnvj4zfg3xjjb9fl6h,2023-10,34,16,25,0.7353,73.53
0sgnvj4zfg3xjjb9fl6h,2023-11,35,19,20,0.5714,57.14
0sgnvj4zfg3xjjb9fl6h,2023-12,20,14,12,0.6,60.0
7ddzwidmh4uwbopvlast,2023-09,14,7,2,0.1429,14.29
7ddzwidmh4uwbopvlast,2023-10,46,18,25,0.5435,54.35
7ddzwidmh4uwbopvlast,2023-11,31,19,18,0.5806,58.06
7ddzwidmh4uwbopvlast,2023-12,20,12,15,0.75,75.0
7ddzwidmh4uwbopvlast,2024-01,1,1,1,1.0,100.0
j8inicu0iafkpv3u9431,2023-09,15,5,7,0.4667,46.67
j8inicu0iafkpv3u9431,2023-10,30,16,15,0.5,50.0
j8inicu0iafkpv3u9431,2023-11,35,16,26,0.7429,74.29
j8inicu0iafkpv3u9431,2023-12,15,10,10,0.6667,66.67
74g1r714u01v7nb4vn8w,2023-09,17,10,9,0.5294,52.94
74g1r714u01v7nb4vn8w,2023-10,40,17,23,0.575,57.5
74g1r714u01v7nb4vn8w,2023-11,34,21,25,0.7353,73.53
74g1r714u01v7nb4vn8w,2023-12,10,10,7,0.7,70.0
em248gxmeso9cw0wzlv8,2023-09,24,9,7,0.2917,29.17
em248gxmeso9cw0wzlv8,2023-10,40,19,21,0.525,52.5
em248gxmeso9cw0wzlv8,2023-11,34,18,22,0.6471,64.71
em248gxmeso9cw0wzlv8,2023-12,18,10,14,0.7778,77.78
hoedc2pzfz6av5bn1jq3,2023-09,18,10,9,0.5,50.0
hoedc2pzfz6av5bn1jq3,2023-10,34,17,20,0.5882,58.82
hoedc2pzfz6av5bn1jq3,2023-11,32,16,24,0.75,75.0
hoedc2pzfz6av5bn1jq3,2023-12,12,10,11,0.9167,91.67
3ywgcurp27qp1fydp27z,2023-09,22,8,10,0.4545,45.45
3ywgcurp27qp1fydp27z,2023-10,42,18,17,0.4048,40.48
3ywgcurp27qp1fydp27z,2023-11,36,19,29,0.8056,80.56
3ywgcurp27qp1fydp27z,2023-12,15,10,12,0.8,80.0
inyirhdpjahiguhs9e5b,2023-09,22,9,8,0.3636,36.36
inyirhdpjahiguhs9e5b,2023-10,47,21,22,0.4681,46.81
inyirhdpjahiguhs9e5b,2023-11,25,16,16,0.64,64.0
inyirhdpjahiguhs9e5b,2023-12,16,10,11,0.6875,68.75
flde3irykh8wauaj2fuw,2023-09,20,9,6,0.3,30.0
flde3irykh8wauaj2fuw,2023-10,36,15,17,0.4722,47.22
flde3irykh8wauaj2fuw,2023-11,26,17,15,0.5769,57.69
flde3irykh8wauaj2fuw,2023-12,20,12,11,0.55,55.0
1otvyki9oso9bg6ob16u,2023-09,19,10,5,0.2632,26.32
1otvyki9oso9bg6ob16u,2023-10,31,14,16,0.5161,51.61
1otvyki9oso9bg6ob16u,2023-11,31,17,18,0.5806,58.06
1otvyki9oso9bg6ob16u,2023-12,20,12,17,0.85,85.0
05e1c3ce1728da7e37e0,2023-11,83,9,15,0.1807,18.07
05e1c3ce1728da7e37e0,2023-12,51,14,14,0.2745,27.45
93f200d7351d4980fec6,2023-09,7,2,1,0.1429,14.29
93f200d7351d4980fec6,2023-10,33,12,20,0.6061,60.61
93f200d7351d4980fec6,2023-11,74,25,65,0.8784,87.84
93f200d7351d4980fec6,2023-12,7,5,4,0.5714,57.14
4dfdfa5e1a04c832b9b4,2023-09,304,38,192,0.6316,63.16
4dfdfa5e1a04c832b9b4,2023-10,2,1,2,1.0,100.0
4dfdfa5e1a04c832b9b4,2023-11,12,3,12,1.0,100.0
4dfdfa5e1a04c832b9b4,2023-12,22,5,19,0.8636,86.36
151cd83784ab9007e8d8,2023-10,9,3,2,0.2222,22.22
151cd83784ab9007e8d8,2023-11,69,24,45,0.6522,65.22
151cd83784ab9007e8d8,2023-12,78,17,55,0.7051,70.51
8e1012c9f4775ba6a451,2023-09,102,12,27,0.2647,26.47
8e1012c9f4775ba6a451,2023-10,121,15,38,0.314,31.4
8e1012c9f4775ba6a451,2023-11,88,9,29,0.3295,32.95
8e1012c9f4775ba6a451,2023-12,28,8,12,0.4286,42.86
413cbf664ac3ba8307ea,2023-09,97,34,69,0.7113,71.13
413cbf664ac3ba8307ea,2023-10,31,12,30,0.9677,96.77
413cbf664ac3ba8307ea,2023-11,21,5,15,0.7143,71.43
413cbf664ac3ba8307ea,2023-12,10,4,9,0.9,90.0
3bf7b3c9aa7d93ecb603,2023-10,76,13,41,0.5395,53.95
3bf7b3c9aa7d93ecb603,2023-11,111,25,84,0.7568,75.68
3bf7b3c9aa7d93ecb603,2023-12,1,1,1,1.0,100.0
9ad512cc6cbd79aa81c7,2023-09,5,2,5,1.0,100.0
9ad512cc6cbd79aa81c7,2023-10,25,7,18,0.72,72.0
9ad512cc6cbd79aa81c7,2023-11,33,12,18,0.5455,54.55
9ad512cc6cbd79aa81c7,2023-12,20,17,19,0.95,95.0
71f6622e7caa6ed92506,2023-10,14,5,5,0.3571,35.71
71f6622e7caa6ed92506,2023-11,45,25,40,0.8889,88.89
71f6622e7caa6ed92506,2023-12,20,9,17,0.85,85.0
2fe9648ea28753c73c2c,2023-09,50,7,6,0.12,12.0
2fe9648ea28753c73c2c,2023-10,11,5,10,0.9091,90.91
2fe9648ea28753c73c2c,2023-11,39,13,25,0.641,64.1
2fe9648ea28753c73c2c,2023-12,83,15,56,0.6747,67.47
4474f24ef69e01e2c001,2023-09,4,1,1,0.25,25.0
4474f24ef69e01e2c001,2023-11,33,8,18,0.5455,54.55
4474f24ef69e01e2c001,2023-12,15,5,4,0.2667,26.67
f81f52969ef1de783de3,2023-10,8,5,5,0.625,62.5
f81f52969ef1de783de3,2023-11,70,26,49,0.7,70.0
f81f52969ef1de783de3,2023-12,19,10,12,0.6316,63.16
b9c7c66c8b57b9d3c6fa,2023-10,68,19,23,0.3382,33.82
b9c7c66c8b57b9d3c6fa,2023-11,51,14,20,0.3922,39.22
b9c7c66c8b57b9d3c6fa,2023-12,9,7,8,0.8889,88.89
a95a606f0110653858b2,2023-09,15,2,1,0.0667,6.67
a95a606f0110653858b2,2023-10,72,12,20,0.2778,27.78
a95a606f0110653858b2,2023-11,49,13,14,0.2857,28.57
a95a606f0110653858b2,2023-12,27,13,14,0.5185,51.85
66d7c0bdb21b7d5bd83d,2023-09,27,3,1,0.037,3.7
66d7c0bdb21b7d5bd83d,2023-10,109,17,45,0.4128,41.28
66d7c0bdb21b7d5bd83d,2023-11,186,22,76,0.4086,40.86
c89e8b7b18082e2fa6df,2023-10,42,5,5,0.119,11.9
c89e8b7b18082e2fa6df,2023-11,140,33,63,0.45,45.0
522837ace4fd8dd743f2,2023-09,65,12,30,0.4615,46.15
522837ace4fd8dd743f2,2023-10,142,15,50,0.3521,35.21
522837ace4fd8dd743f2,2023-11,161,15,88,0.5466,54.66
522837ace4fd8dd743f2,2023-12,2,2,2,1.0,100.0
0df40593e76a840fd64b,2023-09,51,7,8,0.1569,15.69
0df40593e76a840fd64b,2023-11,203,32,74,0.3645,36.45
0df40593e76a840fd64b,2023-12,8,5,5,0.625,62.5
952e59666bdde6dad94c,2023-09,133,14,85,0.6391,63.91
952e59666bdde6dad94c,2023-10,24,3,3,0.125,12.5
952e59666bdde6dad94c,2023-11,95,21,37,0.3895,38.95
952e59666bdde6dad94c,2023-12,2,1,2,1.0,100.0
800d0095388d11344b78,2023-10,11,4,4,0.3636,36.36
800d0095388d11344b78,2023-11,50,11,29,0.58,58.0
800d0095388d11344b78,2023-12,27,22,21,0.7778,77.78
d53a4fb612fb801fff3d,2023-10,62,7,8,0.129,12.9
d53a4fb612fb801fff3d,2023-11,42,16,22,0.5238,52.38
d53a4fb612fb801fff3d,2023-12,29,14,12,0.4138,41.38
71ca74e191e71b0219b5,2023-10,12,3,6,0.5,50.0
71ca74e191e71b0219b5,2023-11,59,21,30,0.5085,50.85
71ca74e191e71b0219b5,2023-12,17,14,13,0.7647,76.47
dddd7ba8769cf90bfd62,2023-09,22,5,5,0.2273,22.73
dddd7ba8769cf90bfd62,2023-10,22,12,13,0.5909,59.09
dddd7ba8769cf90bfd62,2023-11,24,10,23,0.9583,95.83
dddd7ba8769cf90bfd62,2023-12,18,14,17,0.9444,94.44
758a52e21fd5c23cd7ed,2023-10,34,10,23,0.6765,67.65
758a52e21fd5c23cd7ed,2023-11,27,13,23,0.8519,85.19
758a52e21fd5c23cd7ed,2023-12,43,16,27,0.6279,62.79
4cc0dc56eecea1d928d1,2023-09,29,2,3,0.1034,10.34
4cc0dc56eecea1d928d1,2023-10,44,9,31,0.7045,70.45
4cc0dc56eecea1d928d1,2023-11,45,13,22,0.4889,48.89
4cc0dc56eecea1d928d1,2023-12,22,15,16,0.7273,72.73
e62f7655cb5259abfbf1,2023-09,47,13,10,0.2128,21.28
e62f7655cb5259abfbf1,2023-10,72,25,36,0.5,50.0
e62f7655cb5259abfbf1,2023-11,13,4,4,0.3077,30.77
0258f681a9e1756dfc76,2023-09,187,14,63,0.3369,33.69
0258f681a9e1756dfc76,2023-10,67,13,39,0.5821,58.21
0258f681a9e1756dfc76,2023-11,83,9,17,0.2048,20.48
0258f681a9e1756dfc76,2023-12,5,5,5,1.0,100.0
8bf3625652581859dcd1,2023-09,79,13,28,0.3544,35.44
8bf3625652581859dcd1,2023-10,37,11,33,0.8919,89.19
8bf3625652581859dcd1,2023-11,95,17,65,0.6842,68.42
63c38a00d97e62c31e08,2023-09,64,18,29,0.4531,45.31
63c38a00d97e62c31e08,2023-10,43,13,24,0.5581,55.81
63c38a00d97e62c31e08,2023-11,44,9,38,0.8636,86.36
f9dde99f5db421171b51,2023-09,89,11,22,0.2472,24.72
f9dde99f5db421171b51,2023-10,84,14,34,0.4048,40.48
f9dde99f5db421171b51,2023-11,159,20,87,0.5472,54.72
b1b3363b7086aaa99b0d,2023-10,17,10,11,0.6471,64.71
b1b3363b7086aaa99b0d,2023-11,36,18,23,0.6389,63.89
b1b3363b7086aaa99b0d,2023-12,19,12,12,0.6316,63.16
e4af37199530e9ea523c,2023-09,19,4,5,0.2632,26.32
e4af37199530e9ea523c,2023-10,57,6,22,0.386,38.6
e4af37199530e9ea523c,2023-11,54,12,40,0.7407,74.07
e4af37199530e9ea523c,2023-12,49,20,32,0.6531,65.31
204fdbe885269686a392,2023-10,28,6,6,0.2143,21.43
204fdbe885269686a392,2023-11,98,32,61,0.6224,62.24
b1fbf77b475e79c3d413,2023-09,148,8,28,0.1892,18.92
b1fbf77b475e79c3d413,2023-10,31,5,17,0.5484,54.84
b1fbf77b475e79c3d413,2023-11,12,6,10,0.8333,83.33
b1fbf77b475e79c3d413,2023-12,40,22,26,0.65,65.0
7f1c076b22be73eef99b,2023-09,81,10,41,0.5062,50.62
7f1c076b22be73eef99b,2023-10,112,29,93,0.8304,83.04
7f1c076b22be73eef99b,2023-11,16,8,14,0.875,87.5
b9a8b9ee84232efd7d61,2023-09,13,10,12,0.9231,92.31
b9a8b9ee84232efd7d61,2023-10,17,10,13,0.7647,76.47
b9a8b9ee84232efd7d61,2023-11,65,19,57,0.8769,87.69
52a24e35d5356ab34a2e,2023-09,37,10,15,0.4054,40.54
52a24e35d5356ab34a2e,2023-10,54,10,27,0.5,50.0
52a24e35d5356ab34a2e,2023-11,29,8,11,0.3793,37.93
52a24e35d5356ab34a2e,2023-12,25,12,16,0.64,64.0
5abcc9d4fb5e764b2f6f,2023-09,44,6,7,0.1591,15.91
5abcc9d4fb5e764b2f6f,2023-10,98,27,79,0.8061,80.61
5abcc9d4fb5e764b2f6f,2023-11,16,4,8,0.5,50.0
5abcc9d4fb5e764b2f6f,2023-12,2,1,2,1.0,100.0
04f2689b4ea16d8d7d9a,2023-09,127,8,18,0.1417,14.17
04f2689b4ea16d8d7d9a,2023-10,128,15,79,0.6172,61.72
04f2689b4ea16d8d7d9a,2023-11,179,17,112,0.6257,62.57
04f2689b4ea16d8d7d9a,2023-12,8,3,4,0.5,50.0
2db6dd71f1d07300382c,2023-10,22,10,12,0.5455,54.55
2db6dd71f1d07300382c,2023-11,34,18,21,0.6176,61.76
2db6dd71f1d07300382c,2023-12,11,11,11,1.0,100.0
d2c5423ea5fa0a995264,2023-10,18,6,8,0.4444,44.44
d2c5423ea5fa0a995264,2023-11,48,15,25,0.5208,52.08
d2c5423ea5fa0a995264,2023-12,21,15,19,0.9048,90.48
81c441973fd4e024d60a,2023-09,22,3,3,0.1364,13.64
81c441973fd4e024d60a,2023-10,87,16,39,0.4483,44.83
81c441973fd4e024d60a,2023-11,105,18,44,0.419,41.9
81c441973fd4e024d60a,2023-12,14,3,3,0.2143,21.43
83b54209fa2b1055369b,2023-09,18,6,6,0.3333,33.33
83b54209fa2b1055369b,2023-10,35,14,26,0.7429,74.29
83b54209fa2b1055369b,2023-11,64,16,53,0.8281,82.81
83b54209fa2b1055369b,2023-12,10,5,7,0.7,70.0
9ee4ff457095eaf23309,2023-09,33,5,5,0.1515,15.15
9ee4ff457095eaf23309,2023-10,66,15,26,0.3939,39.39
9ee4ff457095eaf23309,2023-11,63,17,28,0.4444,44.44
9ee4ff457095eaf23309,2023-12,4,2,2,0.5,50.0
b6808721d4a7900e360a,2023-09,232,35,124,0.5345,53.45
b6808721d4a7900e360a,2023-10,37,7,22,0.5946,59.46
b6808721d4a7900e360a,2023-11,13,3,7,0.5385,53.85
f05247f3d32a4bf5a6df,2023-09,67,6,9,0.1343,13.43
f05247f3d32a4bf5a6df,2023-10,44,6,7,0.1591,15.91
f05247f3d32a4bf5a6df,2023-11,67,16,29,0.4328,43.28
f05247f3d32a4bf5a6df,2023-12,70,13,19,0.2714,27.14
6fc66606e74242398444,2023-09,50,7,8,0.16,16.0
6fc66606e74242398444,2023-10,35,3,24,0.6857,68.57
6fc66606e74242398444,2023-11,67,16,41,0.6119,61.19
6fc66606e74242398444,2023-12,35,13,29,0.8286,82.86
5a44a7c59729d41d596a,2023-12,35,10,23,0.6571,65.71
05e6d9723ab3cde0841d,2023-09,174,21,53,0.3046,30.46
05e6d9723ab3cde0841d,2023-10,135,14,71,0.5259,52.59
05e6d9723ab3cde0841d,2023-11,40,6,12,0.3,30.0
2a515047aa9d085849a2,2023-09,89,19,51,0.573,57.3
2a515047aa9d085849a2,2023-10,92,18,76,0.8261,82.61
2a515047aa9d085849a2,2023-11,14,7,13,0.9286,92.86
3f34e3108d1108dab0fd,2023-09,43,26,39,0.907,90.7
3f34e3108d1108dab0fd,2023-10,21,10,21,1.0,100.0
3f34e3108d1108dab0fd,2023-11,7,3,7,1.0,100.0
42dd5f9cd9e2c3ac9ed7,2023-10,98,25,30,0.3061,30.61
42dd5f9cd9e2c3ac9ed7,2023-11,25,13,13,0.52,52.0
42dd5f9cd9e2c3ac9ed7,2023-12,6,2,2,0.3333,33.33
e5cab2ae37f3a9ed4f46,2023-09,6,2,0,0.0,0.0
e5cab2ae37f3a9ed4f46,2023-10,10,2,0,0.0,0.0
e5cab2ae37f3a9ed4f46,2023-11,117,37,35,0.2991,29.91
e5cab2ae37f3a9ed4f46,2023-12,4,4,4,1.0,100.0
ca10145a308249ed82e9,2023-09,47,19,21,0.4468,44.68
ca10145a308249ed82e9,2023-10,27,18,22,0.8148,81.48
ca10145a308249ed82e9,2023-11,34,12,18,0.5294,52.94
5cda8273b348fbda9f29,2023-09,4,1,2,0.5,50.0
5cda8273b348fbda9f29,2023-10,168,31,122,0.7262,72.62
5cda8273b348fbda9f29,2023-11,13,2,11,0.8462,84.62
5cda8273b348fbda9f29,2023-12,14,7,12,0.8571,85.71
96c23b85b0b4ffdc3cae,2023-10,88,38,61,0.6932,69.32
329622100fe091a4c48c,2023-09,116,16,28,0.2414,24.14
329622100fe091a4c48c,2023-10,137,23,74,0.5401,54.01
329622100fe091a4c48c,2023-11,31,4,12,0.3871,38.71
2933a3227c7ce7fe21eb,2023-10,1,1,1,1.0,100.0
2933a3227c7ce7fe21eb,2023-11,54,15,20,0.3704,37.04
2933a3227c7ce7fe21eb,2023-12,28,19,19,0.6786,67.86
3dba043eb6065ad3a343,2023-09,3,1,1,0.3333,33.33
3dba043eb6065ad3a343,2023-10,34,7,7,0.2059,20.59
8a9f3822aaa08e579e4f,2023-10,102,38,66,0.6471,64.71
1367d35cf39783effa7a,2023-09,6,6,6,1.0,100.0
1367d35cf39783effa7a,2023-10,13,1,13,1.0,100.0
1367d35cf39783effa7a,2023-11,44,7,19,0.4318,43.18
c6ab0de398cfcbd21dc5,2023-09,11,1,1,0.0909,9.09
c6ab0de398cfcbd21dc5,2023-10,14,3,3,0.2143,21.43
c6ab0de398cfcbd21dc5,2023-11,72,34,42,0.5833,58.33
4e508744a9816cc4586a,2023-09,21,10,10,0.4762,47.62
4e508744a9816cc4586a,2023-10,4,2,2,0.5,50.0
4e508744a9816cc4586a,2023-11,48,26,29,0.6042,60.42
o3jddioub8dsv0fm22qn,2023-09,34,17,12,0.3529,35.29
o3jddioub8dsv0fm22qn,2023-10,25,17,16,0.64,64.0
o3jddioub8dsv0fm22qn,2023-11,24,20,19,0.7917,79.17
o3jddioub8dsv0fm22qn,2023-12,6,3,4,0.6667,66.67
4130weedl0x9hc7qe5a4,2023-09,33,18,16,0.4848,48.48
4130weedl0x9hc7qe5a4,2023-10,27,22,15,0.5556,55.56
4130weedl0x9hc7qe5a4,2023-11,37,20,20,0.5405,54.05
4130weedl0x9hc7qe5a4,2023-12,7,6,5,0.7143,71.43
aqpg6qwtponj9ojmx6ls,2023-09,28,12,10,0.3571,35.71
aqpg6qwtponj9ojmx6ls,2023-10,33,18,18,0.5455,54.55
aqpg6qwtponj9ojmx6ls,2023-11,33,17,13,0.3939,39.39
aqpg6qwtponj9ojmx6ls,2023-12,6,6,4,0.6667,66.67
pgknalznufvmvwgc1ca8,2023-09,24,15,12,0.5,50.0
pgknalznufvmvwgc1ca8,2023-10,33,19,14,0.4242,42.42
pgknalznufvmvwgc1ca8,2023-11,37,23,18,0.4865,48.65
pgknalznufvmvwgc1ca8,2023-12,9,6,6,0.6667,66.67
oc0ww31yssff9rktgowo,2023-09,31,14,15,0.4839,48.39
oc0ww31yssff9rktgowo,2023-10,21,14,13,0.619,61.9
oc0ww31yssff9rktgowo,2023-11,43,26,30,0.6977,69.77
oc0ww31yssff9rktgowo,2023-12,12,12,10,0.8333,83.33
rsclhbtmbxt0xrye64ax,2023-09,30,13,12,0.4,40.0
rsclhbtmbxt0xrye64ax,2023-10,25,16,18,0.72,72.0
rsclhbtmbxt0xrye64ax,2023-11,33,17,20,0.6061,60.61
rsclhbtmbxt0xrye64ax,2023-12,11,9,7,0.6364,63.64
orubxhpr5e1heat93ue4,2023-09,24,13,8,0.3333,33.33
orubxhpr5e1heat93ue4,2023-10,29,19,20,0.6897,68.97
orubxhpr5e1heat93ue4,2023-11,29,19,13,0.4483,44.83
orubxhpr5e1heat93ue4,2023-12,13,11,9,0.6923,69.23
4x441h9y6wzknmtdw7q4,2023-09,35,16,19,0.5429,54.29
4x441h9y6wzknmtdw7q4,2023-10,36,22,23,0.6389,63.89
4x441h9y6wzknmtdw7q4,2023-11,30,19,19,0.6333,63.33
4x441h9y6wzknmtdw7q4,2023-12,12,6,7,0.5833,58.33
2a6ap0t2rsvoogmydj3a,2023-09,32,14,10,0.3125,31.25
2a6ap0t2rsvoogmydj3a,2023-10,43,24,18,0.4186,41.86
2a6ap0t2rsvoogmydj3a,2023-11,31,21,16,0.5161,51.61
2a6ap0t2rsvoogmydj3a,2023-12,2,2,1,0.5,50.0
daty5mq7b20bkt2c2zfs,2023-09,31,16,13,0.4194,41.94
daty5mq7b20bkt2c2zfs,2023-10,29,20,17,0.5862,58.62
daty5mq7b20bkt2c2zfs,2023-11,40,25,17,0.425,42.5
daty5mq7b20bkt2c2zfs,2023-12,8,7,4,0.5,50.0
hhplrx9xd7cm2w7aslma,2023-09,33,17,12,0.3636,36.36
hhplrx9xd7cm2w7aslma,2023-10,23,12,15,0.6522,65.22
hhplrx9xd7cm2w7aslma,2023-11,31,22,17,0.5484,54.84
hhplrx9xd7cm2w7aslma,2023-12,9,7,4,0.4444,44.44
xgvqpyg5mro3wihwngur,2023-09,33,17,14,0.4242,42.42
xgvqpyg5mro3wihwngur,2023-10,33,17,22,0.6667,66.67
xgvqpyg5mro3wihwngur,2023-11,35,21,20,0.5714,57.14
xgvqpyg5mro3wihwngur,2023-12,13,10,7,0.5385,53.85
jnupp0jsv1kjsvbzlnrr,2023-09,25,15,5,0.2,20.0
jnupp0jsv1kjsvbzlnrr,2023-10,30,21,15,0.5,50.0
jnupp0jsv1kjsvbzlnrr,2023-11,25,17,16,0.64,64.0
jnupp0jsv1kjsvbzlnrr,2023-12,8,6,3,0.375,37.5
u9owl1eky0jf8t3nc50o,2023-09,28,13,11,0.3929,39.29
u9owl1eky0jf8t3nc50o,2023-10,22,14,8,0.3636,36.36
u9owl1eky0jf8t3nc50o,2023-11,42,27,26,0.619,61.9
u9owl1eky0jf8t3nc50o,2023-12,10,10,7,0.7,70.0
ubi6gd21j9e9rw46hoz6,2023-09,28,15,10,0.3571,35.71
ubi6gd21j9e9rw46hoz6,2023-10,34,22,14,0.4118,41.18
ubi6gd21j9e9rw46hoz6,2023-11,29,21,15,0.5172,51.72
ubi6gd21j9e9rw46hoz6,2023-12,7,7,4,0.5714,57.14
tv0sptqq56ri3dpcd9nl,2023-09,42,17,16,0.381,38.1
tv0sptqq56ri3dpcd9nl,2023-10,24,20,13,0.5417,54.17
tv0sptqq56ri3dpcd9nl,2023-11,37,21,18,0.4865,48.65
tv0sptqq56ri3dpcd9nl,2023-12,9,7,3,0.3333,33.33
8kvpozl8kjupzd4yvwbv,2023-09,21,13,6,0.2857,28.57
8kvpozl8kjupzd4yvwbv,2023-10,20,15,13,0.65,65.0
8kvpozl8kjupzd4yvwbv,2023-11,30,21,11,0.3667,36.67
8kvpozl8kjupzd4yvwbv,2023-12,16,11,9,0.5625,56.25
m6p2hujqw21vc4lyt3f3,2023-09,23,14,8,0.3478,34.78
m6p2hujqw21vc4lyt3f3,2023-10,32,20,17,0.5312,53.12
m6p2hujqw21vc4lyt3f3,2023-11,27,17,10,0.3704,37.04
m6p2hujqw21vc4lyt3f3,2023-12,7,6,2,0.2857,28.57
nx4zicy1jbulkuen41s5,2023-09,25,11,6,0.24,24.0
nx4zicy1jbulkuen41s5,2023-10,33,20,18,0.5455,54.55
nx4zicy1jbulkuen41s5,2023-11,39,23,15,0.3846,38.46
nx4zicy1jbulkuen41s5,2023-12,8,8,6,0.75,75.0
xnvmb8uox3576k142awg,2023-09,30,15,12,0.4,40.0
xnvmb8uox3576k142awg,2023-10,27,17,10,0.3704,37.04
xnvmb8uox3576k142awg,2023-11,33,21,17,0.5152,51.52
xnvmb8uox3576k142awg,2023-12,6,5,2,0.3333,33.33
nkr2o4v6q9alvt7ju51e,2023-09,34,17,14,0.4118,41.18
nkr2o4v6q9alvt7ju51e,2023-10,33,19,16,0.4848,48.48
nkr2o4v6q9alvt7ju51e,2023-11,30,18,13,0.4333,43.33
nkr2o4v6q9alvt7ju51e,2023-12,5,4,4,0.8,80.0
01qkq6w2v62cimidb3b7,2023-09,24,13,6,0.25,25.0
01qkq6w2v62cimidb3b7,2023-10,25,15,15,0.6,60.0
01qkq6w2v62cimidb3b7,2023-11,31,18,22,0.7097,70.97
01qkq6w2v62cimidb3b7,2023-12,10,9,7,0.7,70.0
tp8x8dgd7d6dhpth8xni,2023-09,19,14,4,0.2105,21.05
tp8x8dgd7d6dhpth8xni,2023-10,24,18,15,0.625,62.5
tp8x8dgd7d6dhpth8xni,2023-11,33,20,18,0.5455,54.55
tp8x8dgd7d6dhpth8xni,2023-12,5,5,5,1.0,100.0
uhthvh60xp911d47x7xm,2023-09,28,16,11,0.3929,39.29
uhthvh60xp911d47x7xm,2023-10,37,19,12,0.3243,32.43
uhthvh60xp911d47x7xm,2023-11,32,19,20,0.625,62.5
uhthvh60xp911d47x7xm,2023-12,7,7,5,0.7143,71.43
a30afe3tftu3pgsdxxdq,2023-09,25,12,11,0.44,44.0
a30afe3tftu3pgsdxxdq,2023-10,26,17,14,0.5385,53.85
a30afe3tftu3pgsdxxdq,2023-11,23,18,12,0.5217,52.17
a30afe3tftu3pgsdxxdq,2023-12,6,5,5,0.8333,83.33
9nfrfi8p7oktnfr9c30b,2023-09,29,17,11,0.3793,37.93
9nfrfi8p7oktnfr9c30b,2023-10,31,20,12,0.3871,38.71
9nfrfi8p7oktnfr9c30b,2023-11,32,18,13,0.4062,40.62
9nfrfi8p7oktnfr9c30b,2023-12,14,10,10,0.7143,71.43
34qcy2qj5lij7g82hpvw,2023-09,27,16,12,0.4444,44.44
34qcy2qj5lij7g82hpvw,2023-10,27,22,15,0.5556,55.56
34qcy2qj5lij7g82hpvw,2023-11,44,27,23,0.5227,52.27
34qcy2qj5lij7g82hpvw,2023-12,6,5,3,0.5,50.0
mhufhb84kyqgs0anwy1d,2023-09,16,10,8,0.5,50.0
mhufhb84kyqgs0anwy1d,2023-10,29,17,19,0.6552,65.52
mhufhb84kyqgs0anwy1d,2023-11,33,21,19,0.5758,57.58
mhufhb84kyqgs0anwy1d,2023-12,14,11,8,0.5714,57.14
1afepx549ssnar1m9acp,2023-09,29,14,10,0.3448,34.48
1afepx549ssnar1m9acp,2023-10,25,19,9,0.36,36.0
1afepx549ssnar1m9acp,2023-11,38,20,21,0.5526,55.26
1afepx549ssnar1m9acp,2023-12,8,6,6,0.75,75.0
j605t14y7ie6vr2n8s2c,2023-09,26,15,9,0.3462,34.62
j605t14y7ie6vr2n8s2c,2023-10,24,21,13,0.5417,54.17
j605t14y7ie6vr2n8s2c,2023-11,36,20,21,0.5833,58.33
j605t14y7ie6vr2n8s2c,2023-12,6,5,5,0.8333,83.33
zq3xohaut5o9dbd9064z,2023-09,37,15,8,0.2162,21.62
zq3xohaut5o9dbd9064z,2023-10,28,15,16,0.5714,57.14
zq3xohaut5o9dbd9064z,2023-11,28,18,13,0.4643,46.43
zq3xohaut5o9dbd9064z,2023-12,9,8,7,0.7778,77.78
me4d1o3nzhyoj0xfast0,2023-09,23,13,12,0.5217,52.17
me4d1o3nzhyoj0xfast0,2023-10,24,17,13,0.5417,54.17
me4d1o3nzhyoj0xfast0,2023-11,30,14,17,0.5667,56.67
me4d1o3nzhyoj0xfast0,2023-12,12,6,7,0.5833,58.33
p611flt77czmqgut14jl,2023-09,28,14,12,0.4286,42.86
p611flt77czmqgut14jl,2023-10,25,14,13,0.52,52.0
p611flt77czmqgut14jl,2023-11,38,25,17,0.4474,44.74
p611flt77czmqgut14jl,2023-12,3,3,1,0.3333,33.33
zuw35j06tzftt6oon4c5,2023-09,36,18,16,0.4444,44.44
zuw35j06tzftt6oon4c5,2023-10,36,22,22,0.6111,61.11
zuw35j06tzftt6oon4c5,2023-11,32,17,18,0.5625,56.25
zuw35j06tzftt6oon4c5,2023-12,9,8,4,0.4444,44.44
f527k17lr4aumahjtj92,2023-09,22,11,7,0.3182,31.82
f527k17lr4aumahjtj92,2023-10,26,15,12,0.4615,46.15
f527k17lr4aumahjtj92,2023-11,35,18,12,0.3429,34.29
f527k17lr4aumahjtj92,2023-12,7,6,3,0.4286,42.86
33184c1cba6a37cdbda2,2023-10,171,15,63,0.3684,36.84
33184c1cba6a37cdbda2,2023-11,24,5,12,0.5,50.0
33184c1cba6a37cdbda2,2023-12,61,23,31,0.5082,50.82
3f81bf9625e47ca1963f,2023-09,1,1,1,1.0,100.0
3f81bf9625e47ca1963f,2023-10,36,18,26,0.7222,72.22
3f81bf9625e47ca1963f,2023-11,21,8,15,0.7143,71.43
3f81bf9625e47ca1963f,2023-12,42,11,18,0.4286,42.86
8bece93f0b270602e64f,2023-10,85,19,28,0.3294,32.94
8bece93f0b270602e64f,2023-11,17,9,11,0.6471,64.71
8bece93f0b270602e64f,2023-12,11,10,10,0.9091,90.91
27cc9165eef05eb1733f,2023-09,22,8,20,0.9091,90.91
27cc9165eef05eb1733f,2023-10,23,11,15,0.6522,65.22
27cc9165eef05eb1733f,2023-11,9,3,6,0.6667,66.67
27cc9165eef05eb1733f,2023-12,22,16,19,0.8636,86.36
3c37e3ad275dcdd39e2c,2023-09,18,5,5,0.2778,27.78
3c37e3ad275dcdd39e2c,2023-10,26,14,25,0.9615,96.15
3c37e3ad275dcdd39e2c,2023-11,38,11,22,0.5789,57.89
3c37e3ad275dcdd39e2c,2023-12,34,9,21,0.6176,61.76
46e2d5243b6eef040f97,2023-09,6,5,5,0.8333,83.33
46e2d5243b6eef040f97,2023-10,19,14,18,0.9474,94.74
46e2d5243b6eef040f97,2023-11,38,11,33,0.8684,86.84
46e2d5243b6eef040f97,2023-12,14,8,9,0.6429,64.29
37f3b3d773c5c073bc9a,2023-09,14,4,4,0.2857,28.57
37f3b3d773c5c073bc9a,2023-10,19,15,18,0.9474,94.74
37f3b3d773c5c073bc9a,2023-11,46,13,39,0.8478,84.78
37f3b3d773c5c073bc9a,2023-12,11,7,9,0.8182,81.82
96dc0554852b5a94a400,2023-09,9,1,0,0.0,0.0
96dc0554852b5a94a400,2023-10,23,16,1,0.0435,4.35
96dc0554852b5a94a400,2023-12,76,37,39,0.5132,51.32
6273f50d9a0b4e6d971c,2023-09,10,3,3,0.3,30.0
6273f50d9a0b4e6d971c,2023-10,28,16,19,0.6786,67.86
6273f50d9a0b4e6d971c,2023-11,25,5,18,0.72,72.0
6273f50d9a0b4e6d971c,2023-12,20,14,20,1.0,100.0
4478eae73fb84cedb102,2023-09,4,3,3,0.75,75.0
4478eae73fb84cedb102,2023-10,74,17,38,0.5135,51.35
4478eae73fb84cedb102,2023-11,63,14,29,0.4603,46.03
4478eae73fb84cedb102,2023-12,9,7,9,1.0,100.0
0a7f1a73361654329281,2023-09,18,5,6,0.3333,33.33
0a7f1a73361654329281,2023-10,39,14,20,0.5128,51.28
0a7f1a73361654329281,2023-11,29,16,20,0.6897,68.97
0a7f1a73361654329281,2023-12,4,4,4,1.0,100.0
301f57984e5d2969c938,2023-09,37,9,18,0.4865,48.65
301f57984e5d2969c938,2023-10,15,10,10,0.6667,66.67
301f57984e5d2969c938,2023-11,35,16,29,0.8286,82.86
301f57984e5d2969c938,2023-12,13,5,9,0.6923,69.23
3b3b2319b0995f149ecc,2023-09,8,5,5,0.625,62.5
3b3b2319b0995f149ecc,2023-10,39,14,26,0.6667,66.67
3b3b2319b0995f149ecc,2023-11,71,10,31,0.4366,43.66
3b3b2319b0995f149ecc,2023-12,28,10,22,0.7857,78.57
3313c40ea45a87f9d2e7,2023-09,14,9,10,0.7143,71.43
3313c40ea45a87f9d2e7,2023-10,21,11,20,0.9524,95.24
3313c40ea45a87f9d2e7,2023-11,37,14,35,0.9459,94.59
3313c40ea45a87f9d2e7,2023-12,13,9,12,0.9231,92.31
81931021ce711e124d0b,2023-10,100,18,50,0.5,50.0
81931021ce711e124d0b,2023-11,143,14,108,0.7552,75.52
81931021ce711e124d0b,2023-12,40,7,33,0.825,82.5
9294393fcd13593bc537,2023-09,20,5,8,0.4,40.0
9294393fcd13593bc537,2023-10,44,13,30,0.6818,68.18
9294393fcd13593bc537,2023-11,49,13,38,0.7755,77.55
9294393fcd13593bc537,2023-12,14,8,13,0.9286,92.86
31741464205aa8cdb4f5,2023-09,13,8,9,0.6923,69.23
31741464205aa8cdb4f5,2023-10,39,16,28,0.7179,71.79
31741464205aa8cdb4f5,2023-11,49,12,41,0.8367,83.67
31741464205aa8cdb4f5,2023-12,19,6,18,0.9474,94.74
c63d5a67687762a9f967,2023-10,43,19,31,0.7209,72.09
c63d5a67687762a9f967,2023-11,81,15,55,0.679,67.9
c63d5a67687762a9f967,2023-12,7,5,7,1.0,100.0
ad29c5822807dabe497c,2023-09,5,5,5,1.0,100.0
ad29c5822807dabe497c,2023-10,124,14,56,0.4516,45.16
ad29c5822807dabe497c,2023-11,50,10,23,0.46,46.0
ad29c5822807dabe497c,2023-12,34,10,16,0.4706,47.06
6fefd33cf297f69bcae3,2023-09,32,2,2,0.0625,6.25
6fefd33cf297f69bcae3,2023-10,77,20,47,0.6104,61.04
6fefd33cf297f69bcae3,2023-11,97,12,80,0.8247,82.47
6fefd33cf297f69bcae3,2023-12,40,6,39,0.975,97.5
17dda5f588bed077c742,2023-09,63,9,21,0.3333,33.33
17dda5f588bed077c742,2023-10,95,30,68,0.7158,71.58
17dda5f588bed077c742,2023-11,15,4,15,1.0,100.0
17dda5f588bed077c742,2023-12,45,25,37,0.8222,82.22
6d90c2fd38f2ea52ffd8,2023-09,28,10,22,0.7857,78.57
6d90c2fd38f2ea52ffd8,2023-10,55,27,50,0.9091,90.91
6d90c2fd38f2ea52ffd8,2023-11,12,2,9,0.75,75.0
6d90c2fd38f2ea52ffd8,2023-12,9,3,5,0.5556,55.56
fcf6463f948b24ac7cd8,2023-10,31,19,23,0.7419,74.19
fcf6463f948b24ac7cd8,2023-11,44,11,30,0.6818,68.18
fcf6463f948b24ac7cd8,2023-12,11,8,8,0.7273,72.73
d1df92e9d19fb2f22ebb,2023-09,25,5,5,0.2,20.0
d1df92e9d19fb2f22ebb,2023-10,108,20,50,0.463,46.3
d1df92e9d19fb2f22ebb,2023-11,120,16,97,0.8083,80.83
d1df92e9d19fb2f22ebb,2023-12,16,7,15,0.9375,93.75
72d383f55803c5a81bd6,2023-09,33,7,30,0.9091,90.91
72d383f55803c5a81bd6,2023-10,74,26,62,0.8378,83.78
72d383f55803c5a81bd6,2023-11,33,7,32,0.9697,96.97
72d383f55803c5a81bd6,2023-12,15,15,15,1.0,100.0
c20c86d30d19b39745e2,2023-09,5,3,3,0.6,60.0
c20c86d30d19b39745e2,2023-10,80,32,57,0.7125,71.25
c20c86d30d19b39745e2,2023-11,17,6,9,0.5294,52.94
c20c86d30d19b39745e2,2023-12,11,2,11,1.0,100.0
f26c1d520ac39293c68a,2023-09,9,4,4,0.4444,44.44
f26c1d520ac39293c68a,2023-10,151,17,52,0.3444,34.44
f26c1d520ac39293c68a,2023-11,95,14,59,0.6211,62.11
f26c1d520ac39293c68a,2023-12,12,8,12,1.0,100.0
bc48d03763657ec4aa63,2023-09,20,9,11,0.55,55.0
bc48d03763657ec4aa63,2023-10,17,11,14,0.8235,82.35
bc48d03763657ec4aa63,2023-11,105,17,75,0.7143,71.43
bc48d03763657ec4aa63,2023-12,58,8,44,0.7586,75.86
09e4bfadd7e012c37c7c,2023-09,2,1,2,1.0,100.0
09e4bfadd7e012c37c7c,2023-10,47,16,47,1.0,100.0
09e4bfadd7e012c37c7c,2023-11,33,9,18,0.5455,54.55
09e4bfadd7e012c37c7c,2023-12,22,12,13,0.5909,59.09
fc39de3859d890b9693d,2023-10,105,30,51,0.4857,48.57
fc39de3859d890b9693d,2023-11,35,10,23,0.6571,65.71
a94a32ebd5f7d177053a,2023-10,32,12,16,0.5,50.0
a94a32ebd5f7d177053a,2023-11,93,12,39,0.4194,41.94
a94a32ebd5f7d177053a,2023-12,18,14,16,0.8889,88.89
9b43f5fcb5d592a689af,2023-09,10,5,5,0.5,50.0
9b43f5fcb5d592a689af,2023-10,55,14,34,0.6182,61.82
9b43f5fcb5d592a689af,2023-11,54,16,35,0.6481,64.81
9b43f5fcb5d592a689af,2023-12,18,10,14,0.7778,77.78
b26aab632fd33a01020a,2023-09,18,9,11,0.6111,61.11
b26aab632fd33a01020a,2023-10,17,10,13,0.7647,76.47
b26aab632fd33a01020a,2023-11,63,15,56,0.8889,88.89
b26aab632fd33a01020a,2023-12,7,4,6,0.8571,85.71
074d7f43de7264306775,2023-09,3,1,0,0.0,0.0
074d7f43de7264306775,2023-10,102,14,22,0.2157,21.57
074d7f43de7264306775,2023-11,30,15,15,0.5,50.0
074d7f43de7264306775,2023-12,22,10,7,0.3182,31.82
fabad359607dabbaaed4,2023-09,9,5,5,0.5556,55.56
fabad359607dabbaaed4,2023-10,27,14,22,0.8148,81.48
fabad359607dabbaaed4,2023-11,23,10,19,0.8261,82.61
fabad359607dabbaaed4,2023-12,35,14,35,1.0,100.0
d6d6e7da792fdf0106f0,2023-09,30,5,6,0.2,20.0
d6d6e7da792fdf0106f0,2023-10,30,17,21,0.7,70.0
d6d6e7da792fdf0106f0,2023-11,24,10,20,0.8333,83.33
d6d6e7da792fdf0106f0,2023-12,6,6,6,1.0,100.0
e6b9a4292b6a8e8e0ef0,2023-10,25,19,19,0.76,76.0
e6b9a4292b6a8e8e0ef0,2023-11,13,11,13,1.0,100.0
e6b9a4292b6a8e8e0ef0,2023-12,9,8,9,1.0,100.0
9493dac6dc982d2b3dbe,2023-10,183,20,51,0.2787,27.87
9493dac6dc982d2b3dbe,2023-11,110,18,67,0.6091,60.91
9104b8987aefa9d8e884,2023-09,15,10,12,0.8,80.0
9104b8987aefa9d8e884,2023-10,64,28,43,0.6719,67.19
9104b8987aefa9d8e884,2023-11,7,1,3,0.4286,42.86
7ec5fc60b1ce755e0e17,2023-09,21,6,18,0.8571,85.71
7ec5fc60b1ce755e0e17,2023-10,120,17,76,0.6333,63.33
7ec5fc60b1ce755e0e17,2023-11,50,9,40,0.8,80.0
7ec5fc60b1ce755e0e17,2023-12,62,8,42,0.6774,67.74
24ca7714d40e2fe53821,2023-09,15,4,4,0.2667,26.67
24ca7714d40e2fe53821,2023-10,30,14,18,0.6,60.0
24ca7714d40e2fe53821,2023-11,52,11,38,0.7308,73.08
24ca7714d40e2fe53821,2023-12,9,7,7,0.7778,77.78
16c505069c1e5c2bece5,2023-10,9,7,8,0.8889,88.89
16c505069c1e5c2bece5,2023-11,47,32,46,0.9787,97.87
69a4b3d15a5bf0d0e43e,2023-10,96,17,23,0.2396,23.96
69a4b3d15a5bf0d0e43e,2023-11,35,11,13,0.3714,37.14
69a4b3d15a5bf0d0e43e,2023-12,24,14,10,0.4167,41.67
6abeead45fd57abadaff,2023-10,95,19,42,0.4421,44.21
6abeead45fd57abadaff,2023-11,22,19,19,0.8636,86.36
6abeead45fd57abadaff,2023-12,1,1,1,1.0,100.0
5e89fad73b2ada2a30bf,2023-10,80,19,44,0.55,55.0
5e89fad73b2ada2a30bf,2023-11,22,6,9,0.4091,40.91
5e89fad73b2ada2a30bf,2023-12,15,14,15,1.0,100.0
94066a900026329cd5cd,2023-09,32,9,16,0.5,50.0
94066a900026329cd5cd,2023-10,50,12,32,0.64,64.0
94066a900026329cd5cd,2023-11,60,11,50,0.8333,83.33
94066a900026329cd5cd,2023-12,57,9,44,0.7719,77.19
0bb8692f43a372e8d967,2023-09,22,8,12,0.5455,54.55
0bb8692f43a372e8d967,2023-10,23,10,10,0.4348,43.48
0bb8692f43a372e8d967,2023-11,34,18,23,0.6765,67.65
0bb8692f43a372e8d967,2023-12,17,14,14,0.8235,82.35
e224221a9971f9f45489,2023-09,11,5,5,0.4545,45.45
e224221a9971f9f45489,2023-10,46,14,37,0.8043,80.43
e224221a9971f9f45489,2023-11,74,16,55,0.7432,74.32
e224221a9971f9f45489,2023-12,32,7,28,0.875,87.5
c42aff1f9940e24491cc,2023-09,8,6,7,0.875,87.5
c42aff1f9940e24491cc,2023-10,37,19,31,0.8378,83.78
c42aff1f9940e24491cc,2023-11,27,9,18,0.6667,66.67
c42aff1f9940e24491cc,2023-12,13,6,9,0.6923,69.23
a34fbbb7d9a19eb82450,2023-09,10,5,5,0.5,50.0
a34fbbb7d9a19eb82450,2023-10,22,14,19,0.8636,86.36
a34fbbb7d9a19eb82450,2023-11,52,14,41,0.7885,78.85
a34fbbb7d9a19eb82450,2023-12,8,5,6,0.75,75.0
3c71b62d597098c4cd18,2023-09,29,9,13,0.4483,44.83
3c71b62d597098c4cd18,2023-10,17,10,12,0.7059,70.59
3c71b62d597098c4cd18,2023-11,31,12,20,0.6452,64.52
3c71b62d597098c4cd18,2023-12,10,7,8,0.8,80.0
43d34a076620e32fedfa,2023-09,5,2,2,0.4,40.0
43d34a076620e32fedfa,2023-10,64,17,24,0.375,37.5
43d34a076620e32fedfa,2023-11,52,12,39,0.75,75.0
43d34a076620e32fedfa,2023-12,40,14,21,0.525,52.5
eec0307b4d47609d6933,2023-09,37,7,16,0.4324,43.24
eec0307b4d47609d6933,2023-10,100,13,45,0.45,45.0
eec0307b4d47609d6933,2023-11,117,13,57,0.4872,48.72
eec0307b4d47609d6933,2023-12,17,6,6,0.3529,35.29
d45eea92ed42431d9076,2023-09,11,5,6,0.5455,54.55
d45eea92ed42431d9076,2023-10,30,14,24,0.8,80.0
d45eea92ed42431d9076,2023-11,23,11,17,0.7391,73.91
d45eea92ed42431d9076,2023-12,8,8,8,1.0,100.0
fe5cf715d9c94fc7779e,2023-09,57,38,52,0.9123,91.23
fe5cf715d9c94fc7779e,2023-11,2,1,2,1.0,100.0
1f56b6bda24efafcf3a4,2023-09,8,3,3,0.375,37.5
1f56b6bda24efafcf3a4,2023-10,68,17,48,0.7059,70.59
1f56b6bda24efafcf3a4,2023-11,65,11,43,0.6615,66.15
1f56b6bda24efafcf3a4,2023-12,8,8,8,1.0,100.0
c682f6819dfbfc964bc7,2023-09,43,19,28,0.6512,65.12
c682f6819dfbfc964bc7,2023-10,96,19,62,0.6458,64.58
c682f6819dfbfc964bc7,2023-11,5,3,4,0.8,80.0
c682f6819dfbfc964bc7,2023-12,4,3,4,1.0,100.0
81e59e96ce9bd6a76bdb,2023-09,26,11,11,0.4231,42.31
81e59e96ce9bd6a76bdb,2023-10,63,28,44,0.6984,69.84
81e59e96ce9bd6a76bdb,2023-11,15,3,13,0.8667,86.67
a96027a83196027cf822,2023-09,89,38,69,0.7753,77.53
a96027a83196027cf822,2023-10,16,5,13,0.8125,81.25
a96027a83196027cf822,2023-11,10,1,10,1.0,100.0
a96027a83196027cf822,2023-12,12,2,8,0.6667,66.67
f964ee6bca634319a68f,2023-09,161,35,114,0.7081,70.81
f964ee6bca634319a68f,2023-10,22,7,16,0.7273,72.73
f964ee6bca634319a68f,2023-12,5,2,3,0.6,60.0
c35834f349db8ef7c591,2023-09,6,2,1,0.1667,16.67
c35834f349db8ef7c591,2023-10,133,30,88,0.6617,66.17
c35834f349db8ef7c591,2023-11,56,10,49,0.875,87.5
7f91b4ad141d21887b79,2023-09,24,8,16,0.6667,66.67
7f91b4ad141d21887b79,2023-10,71,21,42,0.5915,59.15
7f91b4ad141d21887b79,2023-11,57,9,27,0.4737,47.37
7f91b4ad141d21887b79,2023-12,1,1,1,1.0,100.0
a11b89c60677835e450c,2023-09,67,36,61,0.9104,91.04
a11b89c60677835e450c,2023-10,10,4,10,1.0,100.0
a11b89c60677835e450c,2023-11,8,1,8,1.0,100.0
a11b89c60677835e450c,2023-12,3,1,3,1.0,100.0
lf5hmkicbiuolk7khwwb,2023-09,17,10,8,0.4706,47.06
lf5hmkicbiuolk7khwwb,2023-10,40,18,20,0.5,50.0
lf5hmkicbiuolk7khwwb,2023-11,31,16,23,0.7419,74.19
lf5hmkicbiuolk7khwwb,2023-12,18,10,12,0.6667,66.67
4ewf46mylf75olvvihqj,2023-09,12,10,8,0.6667,66.67
4ewf46mylf75olvvihqj,2023-10,38,19,20,0.5263,52.63
4ewf46mylf75olvvihqj,2023-11,29,15,21,0.7241,72.41
4ewf46mylf75olvvihqj,2023-12,10,8,8,0.8,80.0
u2rchqp6tof1bkr07izf,2023-09,9,9,7,0.7778,77.78
u2rchqp6tof1bkr07izf,2023-10,48,24,26,0.5417,54.17
u2rchqp6tof1bkr07izf,2023-11,24,13,17,0.7083,70.83
u2rchqp6tof1bkr07izf,2023-12,9,6,5,0.5556,55.56
nrv5a6tr3ya2iv3p5xpo,2023-09,15,9,8,0.5333,53.33
nrv5a6tr3ya2iv3p5xpo,2023-10,35,21,23,0.6571,65.71
nrv5a6tr3ya2iv3p5xpo,2023-11,32,16,24,0.75,75.0
nrv5a6tr3ya2iv3p5xpo,2023-12,16,12,13,0.8125,81.25
70ym0xeqaqmx14dv6myx,2023-09,15,11,8,0.5333,53.33
70ym0xeqaqmx14dv6myx,2023-10,42,21,21,0.5,50.0
70ym0xeqaqmx14dv6myx,2023-11,33,15,21,0.6364,63.64
70ym0xeqaqmx14dv6myx,2023-12,14,10,9,0.6429,64.29
r7embk7pqzg5g5p245x4,2023-09,15,12,8,0.5333,53.33
r7embk7pqzg5g5p245x4,2023-10,41,17,24,0.5854,58.54
r7embk7pqzg5g5p245x4,2023-11,32,15,24,0.75,75.0
r7embk7pqzg5g5p245x4,2023-12,16,9,10,0.625,62.5
b2imd0ms1p4fxkfcpygc,2023-09,15,10,5,0.3333,33.33
b2imd0ms1p4fxkfcpygc,2023-10,33,18,20,0.6061,60.61
b2imd0ms1p4fxkfcpygc,2023-11,21,12,20,0.9524,95.24
b2imd0ms1p4fxkfcpygc,2023-12,17,9,13,0.7647,76.47
jv67r7eqa9z2a1777eex,2023-09,24,11,16,0.6667,66.67
jv67r7eqa9z2a1777eex,2023-10,40,20,27,0.675,67.5
jv67r7eqa9z2a1777eex,2023-11,28,12,19,0.6786,67.86
jv67r7eqa9z2a1777eex,2023-12,14,10,10,0.7143,71.43
8jo5o2abn697lg482k0e,2023-09,13,11,9,0.6923,69.23
8jo5o2abn697lg482k0e,2023-10,38,18,17,0.4474,44.74
8jo5o2abn697lg482k0e,2023-11,30,13,19,0.6333,63.33
8jo5o2abn697lg482k0e,2023-12,9,6,8,0.8889,88.89
ezdogkk0jqt4nvvvbnxp,2023-09,12,9,6,0.5,50.0
ezdogkk0jqt4nvvvbnxp,2023-10,44,23,24,0.5455,54.55
ezdogkk0jqt4nvvvbnxp,2023-11,27,16,17,0.6296,62.96
ezdogkk0jqt4nvvvbnxp,2023-12,10,8,8,0.8,80.0
wf7yq9n2spgto3w5ad9r,2023-09,10,7,8,0.8,80.0
wf7yq9n2spgto3w5ad9r,2023-10,43,19,21,0.4884,48.84
wf7yq9n2spgto3w5ad9r,2023-11,26,14,21,0.8077,80.77
wf7yq9n2spgto3w5ad9r,2023-12,16,11,13,0.8125,81.25
p9enp5lzhiufas1xpd8p,2023-09,12,6,6,0.5,50.0
p9enp5lzhiufas1xpd8p,2023-10,49,20,23,0.4694,46.94
p9enp5lzhiufas1xpd8p,2023-11,21,12,16,0.7619,76.19
p9enp5lzhiufas1xpd8p,2023-12,9,8,6,0.6667,66.67
lx7vfcjhdxzh2wkt42hc,2023-09,10,9,5,0.5,50.0
lx7vfcjhdxzh2wkt42hc,2023-10,47,25,24,0.5106,51.06
lx7vfcjhdxzh2wkt42hc,2023-11,30,16,17,0.5667,56.67
lx7vfcjhdxzh2wkt42hc,2023-12,19,11,17,0.8947,89.47
dwg6k0ka5vuwzo5h11m0,2023-09,17,12,11,0.6471,64.71
dwg6k0ka5vuwzo5h11m0,2023-10,44,20,27,0.6136,61.36
dwg6k0ka5vuwzo5h11m0,2023-11,31,16,22,0.7097,70.97
dwg6k0ka5vuwzo5h11m0,2023-12,12,11,8,0.6667,66.67
5jxldd3plo4x6oq140l5,2023-09,11,6,6,0.5455,54.55
5jxldd3plo4x6oq140l5,2023-10,58,25,39,0.6724,67.24
5jxldd3plo4x6oq140l5,2023-11,36,16,29,0.8056,80.56
5jxldd3plo4x6oq140l5,2023-12,20,13,13,0.65,65.0
orgvbr9mbmfo4z8tbsa3,2023-09,12,8,4,0.3333,33.33
orgvbr9mbmfo4z8tbsa3,2023-10,43,19,21,0.4884,48.84
orgvbr9mbmfo4z8tbsa3,2023-11,32,14,26,0.8125,81.25
orgvbr9mbmfo4z8tbsa3,2023-12,12,9,8,0.6667,66.67
3w0b2b1gz9i1nhmtab7s,2023-09,19,12,12,0.6316,63.16
3w0b2b1gz9i1nhmtab7s,2023-10,48,23,25,0.5208,52.08
3w0b2b1gz9i1nhmtab7s,2023-11,25,14,19,0.76,76.0
3w0b2b1gz9i1nhmtab7s,2023-12,10,8,8,0.8,80.0
22fey6dqzcrm0jbtfnmm,2023-09,13,7,9,0.6923,69.23
22fey6dqzcrm0jbtfnmm,2023-10,45,23,30,0.6667,66.67
22fey6dqzcrm0jbtfnmm,2023-11,37,16,30,0.8108,81.08
22fey6dqzcrm0jbtfnmm,2023-12,13,9,11,0.8462,84.62
4atjmlccken75lck9ffp,2023-09,12,9,5,0.4167,41.67
4atjmlccken75lck9ffp,2023-10,33,15,18,0.5455,54.55
4atjmlccken75lck9ffp,2023-11,19,11,13,0.6842,68.42
4atjmlccken75lck9ffp,2023-12,15,10,13,0.8667,86.67
tuidsy7wcktf3jppecp5,2023-09,16,9,9,0.5625,56.25
tuidsy7wcktf3jppecp5,2023-10,44,23,23,0.5227,52.27
tuidsy7wcktf3jppecp5,2023-11,37,14,30,0.8108,81.08
tuidsy7wcktf3jppecp5,2023-12,17,11,11,0.6471,64.71
gzthlilac9ixoayq02u1,2023-09,11,9,7,0.6364,63.64
gzthlilac9ixoayq02u1,2023-10,52,24,30,0.5769,57.69
gzthlilac9ixoayq02u1,2023-11,33,13,24,0.7273,72.73
gzthlilac9ixoayq02u1,2023-12,15,6,13,0.8667,86.67
r3uk44zat2tcyj5wmojt,2023-09,14,10,8,0.5714,57.14
r3uk44zat2tcyj5wmojt,2023-10,51,21,30,0.5882,58.82
r3uk44zat2tcyj5wmojt,2023-11,32,15,16,0.5,50.0
r3uk44zat2tcyj5wmojt,2023-12,17,10,15,0.8824,88.24
k1r03pvvsv9zxrft5jgi,2023-09,19,9,9,0.4737,47.37
k1r03pvvsv9zxrft5jgi,2023-10,47,20,29,0.617,61.7
k1r03pvvsv9zxrft5jgi,2023-11,30,12,18,0.6,60.0
k1r03pvvsv9zxrft5jgi,2023-12,18,14,11,0.6111,61.11
5ez4c53h3kdamnlvkpna,2023-09,14,8,9,0.6429,64.29
5ez4c53h3kdamnlvkpna,2023-10,41,17,25,0.6098,60.98
5ez4c53h3kdamnlvkpna,2023-11,34,14,24,0.7059,70.59
5ez4c53h3kdamnlvkpna,2023-12,12,9,6,0.5,50.0
p10d5vx8mpn0v82i51gp,2023-09,16,7,7,0.4375,43.75
p10d5vx8mpn0v82i51gp,2023-10,34,21,21,0.6176,61.76
p10d5vx8mpn0v82i51gp,2023-11,34,14,27,0.7941,79.41
p10d5vx8mpn0v82i51gp,2023-12,20,10,16,0.8,80.0
sushd67p0jy6f04a3h0m,2023-09,14,9,9,0.6429,64.29
sushd67p0jy6f04a3h0m,2023-10,43,21,24,0.5581,55.81
sushd67p0jy6f04a3h0m,2023-11,25,14,16,0.64,64.0
sushd67p0jy6f04a3h0m,2023-12,14,7,10,0.7143,71.43
cmy2w5due4kl6pn6uia5,2023-09,10,8,7,0.7,70.0
cmy2w5due4kl6pn6uia5,2023-10,41,21,22,0.5366,53.66
cmy2w5due4kl6pn6uia5,2023-11,32,13,19,0.5938,59.38
cmy2w5due4kl6pn6uia5,2023-12,5,5,2,0.4,40.0
4oqxw56hzk4fk8aqh3e0,2023-09,7,7,3,0.4286,42.86
4oqxw56hzk4fk8aqh3e0,2023-10,48,24,29,0.6042,60.42
4oqxw56hzk4fk8aqh3e0,2023-11,29,12,19,0.6552,65.52
4oqxw56hzk4fk8aqh3e0,2023-12,13,9,9,0.6923,69.23
d4geyy1ox6qzlz4ibz0z,2023-09,7,6,4,0.5714,57.14
d4geyy1ox6qzlz4ibz0z,2023-10,47,22,22,0.4681,46.81
d4geyy1ox6qzlz4ibz0z,2023-11,33,15,27,0.8182,81.82
d4geyy1ox6qzlz4ibz0z,2023-12,5,4,3,0.6,60.0
wu3cwt7cavxrllp6s123,2023-09,15,8,6,0.4,40.0
wu3cwt7cavxrllp6s123,2023-10,48,25,29,0.6042,60.42
wu3cwt7cavxrllp6s123,2023-11,31,13,22,0.7097,70.97
wu3cwt7cavxrllp6s123,2023-12,16,10,10,0.625,62.5
sf30f3p1koevnfztc2pd,2023-09,15,9,8,0.5333,53.33
sf30f3p1koevnfztc2pd,2023-10,45,21,31,0.6889,68.89
sf30f3p1koevnfztc2pd,2023-11,28,15,20,0.7143,71.43
sf30f3p1koevnfztc2pd,2023-12,11,8,6,0.5455,54.55
i8lx9f5ut0kaz120j30d,2023-09,13,9,8,0.6154,61.54
i8lx9f5ut0kaz120j30d,2023-10,39,20,17,0.4359,43.59
i8lx9f5ut0kaz120j30d,2023-11,27,16,18,0.6667,66.67
i8lx9f5ut0kaz120j30d,2023-12,11,9,8,0.7273,72.73
6ixkthdoadcwip3r1sy2,2023-09,14,11,10,0.7143,71.43
6ixkthdoadcwip3r1sy2,2023-10,39,19,22,0.5641,56.41
6ixkthdoadcwip3r1sy2,2023-11,40,15,23,0.575,57.5
6ixkthdoadcwip3r1sy2,2023-12,12,10,10,0.8333,83.33
skyax9iocbd5gzronpru,2023-09,16,6,8,0.5,50.0
skyax9iocbd5gzronpru,2023-10,49,23,35,0.7143,71.43
skyax9iocbd5gzronpru,2023-11,37,12,27,0.7297,72.97
skyax9iocbd5gzronpru,2023-12,16,12,14,0.875,87.5
s97masc6nt48h4ly8s1w,2023-09,18,10,8,0.4444,44.44
s97masc6nt48h4ly8s1w,2023-10,37,20,20,0.5405,54.05
s97masc6nt48h4ly8s1w,2023-11,34,13,23,0.6765,67.65
s97masc6nt48h4ly8s1w,2023-12,11,8,7,0.6364,63.64
510a90cd169e2eb042ab,2023-09,30,4,7,0.2333,23.33
510a90cd169e2eb042ab,2023-10,130,11,30,0.2308,23.08
510a90cd169e2eb042ab,2023-11,88,11,39,0.4432,44.32
510a90cd169e2eb042ab,2023-12,50,14,29,0.58,58.0
2959d8017312337a2ba6,2023-09,112,10,17,0.1518,15.18
2959d8017312337a2ba6,2023-10,77,15,60,0.7792,77.92
2959d8017312337a2ba6,2023-11,83,14,66,0.7952,79.52
2959d8017312337a2ba6,2023-12,18,2,12,0.6667,66.67
07e3362d20ff4337671b,2023-10,18,5,5,0.2778,27.78
07e3362d20ff4337671b,2023-11,17,4,16,0.9412,94.12
07e3362d20ff4337671b,2023-12,65,31,52,0.8,80.0
b6ed77b2b3283f9379c8,2023-12,308,38,133,0.4318,43.18
09dfa3f18e48917f0242,2023-10,139,10,15,0.1079,10.79
09dfa3f18e48917f0242,2023-11,60,15,28,0.4667,46.67
09dfa3f18e48917f0242,2023-12,45,26,28,0.6222,62.22
dba2bc2a15c1e8d696fe,2023-09,1,1,1,1.0,100.0
dba2bc2a15c1e8d696fe,2023-11,40,22,25,0.625,62.5
dba2bc2a15c1e8d696fe,2023-12,39,15,25,0.641,64.1
ca66ab7e59628143cf1e,2023-11,2,1,1,0.5,50.0
ca66ab7e59628143cf1e,2023-12,70,37,42,0.6,60.0
4a7f53c0a376edadf38a,2023-10,25,5,5,0.2,20.0
4a7f53c0a376edadf38a,2023-11,73,13,25,0.3425,34.25
4a7f53c0a376edadf38a,2023-12,56,20,28,0.5,50.0
bfcf5965e6024248f0a3,2023-10,38,6,7,0.1842,18.42
bfcf5965e6024248f0a3,2023-11,56,32,33,0.5893,58.93
4156dc6090d72c95c23b,2023-10,40,20,22,0.55,55.0
4156dc6090d72c95c23b,2023-11,36,18,19,0.5278,52.78
1b36a3223f9dd94a211f,2023-09,65,11,34,0.5231,52.31
1b36a3223f9dd94a211f,2023-10,39,12,25,0.641,64.1
1b36a3223f9dd94a211f,2023-11,51,19,44,0.8627,86.27
1b36a3223f9dd94a211f,2023-12,1,1,1,1.0,100.0
8cdbc02c05d6ebafa9eb,2023-09,17,9,9,0.5294,52.94
8cdbc02c05d6ebafa9eb,2023-10,44,24,39,0.8864,88.64
8cdbc02c05d6ebafa9eb,2023-11,14,6,14,1.0,100.0
390d1fc3b78420815190,2023-09,28,7,21,0.75,75.0
390d1fc3b78420815190,2023-10,17,9,17,1.0,100.0
390d1fc3b78420815190,2023-11,92,16,61,0.663,66.3
390d1fc3b78420815190,2023-12,15,7,8,0.5333,53.33
be24259f2867b231800d,2023-09,24,6,4,0.1667,16.67
be24259f2867b231800d,2023-10,44,10,14,0.3182,31.82
be24259f2867b231800d,2023-11,57,25,34,0.5965,59.65
be24259f2867b231800d,2023-12,1,1,1,1.0,100.0
c7c79725138f07b9c265,2023-11,232,29,117,0.5043,50.43
c7c79725138f07b9c265,2023-12,116,14,80,0.6897,68.97
e199ddadaaf5aee02eb8,2023-09,108,19,39,0.3611,36.11
e199ddadaaf5aee02eb8,2023-10,23,10,10,0.4348,43.48
e199ddadaaf5aee02eb8,2023-11,16,7,7,0.4375,43.75
e199ddadaaf5aee02eb8,2023-12,6,2,2,0.3333,33.33
b92448e12093e45dc6ff,2023-10,110,28,47,0.4273,42.73
b92448e12093e45dc6ff,2023-11,87,14,29,0.3333,33.33
b92448e12093e45dc6ff,2023-12,13,7,8,0.6154,61.54
28d90a892cc66338f962,2023-09,2,1,2,1.0,100.0
28d90a892cc66338f962,2023-10,48,10,33,0.6875,68.75
28d90a892cc66338f962,2023-11,68,25,47,0.6912,69.12
28d90a892cc66338f962,2023-12,3,3,3,1.0,100.0
3a9d955e2ef47191a742,2023-09,42,9,26,0.619,61.9
3a9d955e2ef47191a742,2023-10,51,20,45,0.8824,88.24
3a9d955e2ef47191a742,2023-11,61,8,57,0.9344,93.44
3a9d955e2ef47191a742,2023-12,7,5,7,1.0,100.0
1096bd470d3ddff1ec1c,2023-10,73,10,14,0.1918,19.18
1096bd470d3ddff1ec1c,2023-11,76,29,63,0.8289,82.89
1096bd470d3ddff1ec1c,2023-12,1,1,1,1.0,100.0
8b586d8b9c06414b2487,2023-09,23,4,3,0.1304,13.04
8b586d8b9c06414b2487,2023-10,95,15,41,0.4316,43.16
8b586d8b9c06414b2487,2023-11,79,20,40,0.5063,50.63
8b586d8b9c06414b2487,2023-12,3,3,3,1.0,100.0
cc317db3f3bb874542a7,2023-09,6,1,1,0.1667,16.67
cc317db3f3bb874542a7,2023-10,45,4,5,0.1111,11.11
cc317db3f3bb874542a7,2023-11,68,15,38,0.5588,55.88
cc317db3f3bb874542a7,2023-12,22,18,18,0.8182,81.82
1224ceafb61456a033d0,2023-11,53,16,24,0.4528,45.28
1224ceafb61456a033d0,2023-12,69,22,34,0.4928,49.28
29acddb87cfe062d73f5,2023-09,22,6,5,0.2273,22.73
29acddb87cfe062d73f5,2023-10,31,7,12,0.3871,38.71
29acddb87cfe062d73f5,2023-11,69,30,35,0.5072,50.72
29acddb87cfe062d73f5,2023-12,8,3,3,0.375,37.5
e103cf810dfba59d0431,2023-11,52,7,8,0.1538,15.38
e103cf810dfba59d0431,2023-12,86,34,38,0.4419,44.19
25c8e1ae2335e8c3e5b3,2023-09,59,5,9,0.1525,15.25
25c8e1ae2335e8c3e5b3,2023-10,60,10,15,0.25,25.0
25c8e1ae2335e8c3e5b3,2023-11,106,23,48,0.4528,45.28
25c8e1ae2335e8c3e5b3,2023-12,1,1,1,1.0,100.0
b8a4fd679898150ef87a,2023-09,152,14,54,0.3553,35.53
b8a4fd679898150ef87a,2023-10,143,21,66,0.4615,46.15
b8a4fd679898150ef87a,2023-11,26,8,13,0.5,50.0
b8a4fd679898150ef87a,2023-12,11,5,10,0.9091,90.91
80423084979315c20dbf,2023-10,45,7,6,0.1333,13.33
80423084979315c20dbf,2023-11,82,19,21,0.2561,25.61
80423084979315c20dbf,2023-12,36,18,18,0.5,50.0
217c87d59a4372c4f3fc,2023-10,76,20,19,0.25,25.0
217c87d59a4372c4f3fc,2023-11,131,26,47,0.3588,35.88
5ada57d72f07c3803d33,2023-09,24,3,4,0.1667,16.67
5ada57d72f07c3803d33,2023-11,28,9,19,0.6786,67.86
5ada57d72f07c3803d33,2023-12,70,26,40,0.5714,57.14
f1c1c0932bfeb74762d0,2023-10,116,13,42,0.3621,36.21
f1c1c0932bfeb74762d0,2023-11,196,26,65,0.3316,33.16
f1c1c0932bfeb74762d0,2023-12,1,1,1,1.0,100.0
b21ec59d991586279d95,2023-10,123,10,20,0.1626,16.26
b21ec59d991586279d95,2023-11,82,23,34,0.4146,41.46
b21ec59d991586279d95,2023-12,9,6,5,0.5556,55.56
e28711e2f5500d3d6b04,2023-09,61,2,2,0.0328,3.28
e28711e2f5500d3d6b04,2023-10,145,7,73,0.5034,50.34
e28711e2f5500d3d6b04,2023-11,151,18,75,0.4967,49.67
e28711e2f5500d3d6b04,2023-12,91,17,40,0.4396,43.96
0d260d8fac2289c8ed9e,2023-09,30,9,12,0.4,40.0
0d260d8fac2289c8ed9e,2023-10,33,17,26,0.7879,78.79
0d260d8fac2289c8ed9e,2023-11,34,12,28,0.8235,82.35
0d260d8fac2289c8ed9e,2023-12,52,8,31,0.5962,59.62
4c79be630ae9d3db6aaf,2023-10,39,9,17,0.4359,43.59
4c79be630ae9d3db6aaf,2023-11,132,30,56,0.4242,42.42
4c79be630ae9d3db6aaf,2023-12,8,2,3,0.375,37.5
5e12a0421c20717035cb,2023-09,180,17,45,0.25,25.0
5e12a0421c20717035cb,2023-10,43,8,20,0.4651,46.51
5e12a0421c20717035cb,2023-11,19,11,11,0.5789,57.89
5e12a0421c20717035cb,2023-12,10,5,5,0.5,50.0
7207088b2ef28ff6b669,2023-09,48,15,34,0.7083,70.83
7207088b2ef28ff6b669,2023-10,21,12,15,0.7143,71.43
7207088b2ef28ff6b669,2023-11,20,10,19,0.95,95.0
c24bc0aaf20c79d2dfda,2023-09,13,3,1,0.0769,7.69
c24bc0aaf20c79d2dfda,2023-10,1,1,0,0.0,0.0
c24bc0aaf20c79d2dfda,2023-11,116,37,53,0.4569,45.69
24524df0ca55659c384e,2023-09,79,12,18,0.2278,22.78
24524df0ca55659c384e,2023-10,63,26,45,0.7143,71.43
24524df0ca55659c384e,2023-11,20,7,14,0.7,70.0
24524df0ca55659c384e,2023-12,2,1,1,0.5,50.0
ed5a13234f04cae4894d,2023-11,25,20,18,0.72,72.0
ed5a13234f04cae4894d,2023-12,27,21,19,0.7037,70.37
e7958857e7d2292ffbc7,2023-09,5,1,0,0.0,0.0
e7958857e7d2292ffbc7,2023-10,42,4,4,0.0952,9.52
e7958857e7d2292ffbc7,2023-11,42,10,25,0.5952,59.52
e7958857e7d2292ffbc7,2023-12,35,23,27,0.7714,77.14
86366c9920186cc4d1a3,2023-09,5,1,1,0.2,20.0
86366c9920186cc4d1a3,2023-10,29,3,3,0.1034,10.34
86366c9920186cc4d1a3,2023-11,105,26,66,0.6286,62.86
86366c9920186cc4d1a3,2023-12,17,8,9,0.5294,52.94
767e222eeb367b2b010f,2023-09,71,12,15,0.2113,21.13
767e222eeb367b2b010f,2023-10,118,21,71,0.6017,60.17
767e222eeb367b2b010f,2023-11,66,7,29,0.4394,43.94
767e222eeb367b2b010f,2023-12,1,1,1,1.0,100.0
46a60ed041c8ebf98061,2023-10,4,4,4,1.0,100.0
46a60ed041c8ebf98061,2023-11,31,10,16,0.5161,51.61
46a60ed041c8ebf98061,2023-12,39,24,28,0.7179,71.79
54342435561e775ce97f,2023-09,99,26,86,0.8687,86.87
54342435561e775ce97f,2023-10,61,13,55,0.9016,90.16
54342435561e775ce97f,2023-11,5,4,5,1.0,100.0
78e6c80ea8dc73ec747d,2023-10,24,10,12,0.5,50.0
78e6c80ea8dc73ec747d,2023-11,33,27,27,0.8182,81.82
78e6c80ea8dc73ec747d,2023-12,1,1,1,1.0,100.0
f50dcd09709383fea95f,2023-09,1,1,0,0.0,0.0
f50dcd09709383fea95f,2023-10,105,9,37,0.3524,35.24
f50dcd09709383fea95f,2023-11,59,29,29,0.4915,49.15
f50dcd09709383fea95f,2023-12,5,2,2,0.4,40.0
ade35014b25afed24916,2023-10,17,9,8,0.4706,47.06
ade35014b25afed24916,2023-11,23,15,13,0.5652,56.52
ade35014b25afed24916,2023-12,71,17,20,0.2817,28.17
914f82268754cbf71a54,2023-10,49,16,21,0.4286,42.86
914f82268754cbf71a54,2023-11,25,16,23,0.92,92.0
914f82268754cbf71a54,2023-12,16,9,12,0.75,75.0
c0884e4814b0f32935f8,2023-10,18,12,13,0.7222,72.22
c0884e4814b0f32935f8,2023-12,31,26,28,0.9032,90.32
a87767892344a954c746,2023-09,178,38,111,0.6236,62.36
a87767892344a954c746,2023-10,2,2,2,1.0,100.0
8f81bd9cbc5471ebfc60,2023-09,108,20,50,0.463,46.3
8f81bd9cbc5471ebfc60,2023-10,134,28,89,0.6642,66.42
vwyziyyebvsje4dqjsrp,2023-09,43,23,36,0.8372,83.72
vwyziyyebvsje4dqjsrp,2023-10,49,13,29,0.5918,59.18
vwyziyyebvsje4dqjsrp,2023-11,4,4,4,1.0,100.0
5c83f4ed6601ddf1a6fa,2023-09,26,6,5,0.1923,19.23
5c83f4ed6601ddf1a6fa,2023-10,13,1,10,0.7692,76.92
5c83f4ed6601ddf1a6fa,2023-11,1,1,1,1.0,100.0
5c83f4ed6601ddf1a6fa,2023-12,53,32,35,0.6604,66.04
0999173c045ee29a0b44,2023-09,54,14,22,0.4074,40.74
0999173c045ee29a0b44,2023-10,25,7,11,0.44,44.0
0999173c045ee29a0b44,2023-11,30,17,26,0.8667,86.67
8f477d2c60ec76ce22b7,2023-09,62,24,34,0.5484,54.84
8f477d2c60ec76ce22b7,2023-10,7,5,7,1.0,100.0
8f477d2c60ec76ce22b7,2023-11,38,14,21,0.5526,55.26
6604efc6fd93e070f40a,2023-09,25,9,9,0.36,36.0
6604efc6fd93e070f40a,2023-10,43,23,37,0.8605,86.05
6604efc6fd93e070f40a,2023-11,12,8,12,1.0,100.0
1883af270e36a7580332,2023-09,52,21,20,0.3846,38.46
1883af270e36a7580332,2023-10,56,12,18,0.3214,32.14
1883af270e36a7580332,2023-11,11,8,10,0.9091,90.91
1883af270e36a7580332,2023-12,8,8,8,1.0,100.0
a14b9aa97f66fc82ede3,2023-09,95,10,43,0.4526,45.26
a14b9aa97f66fc82ede3,2023-10,30,9,16,0.5333,53.33
a14b9aa97f66fc82ede3,2023-11,17,8,11,0.6471,64.71
a14b9aa97f66fc82ede3,2023-12,17,11,16,0.9412,94.12
388090578f22a3c33738,2023-09,25,9,20,0.8,80.0
388090578f22a3c33738,2023-10,32,15,22,0.6875,68.75
388090578f22a3c33738,2023-11,21,16,20,0.9524,95.24
388090578f22a3c33738,2023-12,1,1,1,1.0,100.0
1fc5b87acdfc2a8b580c,2023-09,58,24,39,0.6724,67.24
1fc5b87acdfc2a8b580c,2023-10,35,11,23,0.6571,65.71
1fc5b87acdfc2a8b580c,2023-12,3,3,3,1.0,100.0
0b28c0a454678b75eefb,2023-10,34,15,19,0.5588,55.88
0b28c0a454678b75eefb,2023-11,32,10,29,0.9062,90.62
0b28c0a454678b75eefb,2023-12,15,13,13,0.8667,86.67
dfa917b9dc15c87ab016,2023-09,361,38,172,0.4765,47.65
dfa917b9dc15c87ab016,2023-12,34,4,34,1.0,100.0
2e54b1c7bff5847c82a8,2023-09,354,38,271,0.7655,76.55
2e54b1c7bff5847c82a8,2023-11,5,1,5,1.0,100.0
869eacc999a52155ed53,2023-09,146,38,98,0.6712,67.12
869eacc999a52155ed53,2023-11,1,1,1,1.0,100.0
cby6hsod14blxr7zyfjs,2023-09,29,17,17,0.5862,58.62
cby6hsod14blxr7zyfjs,2023-10,29,19,17,0.5862,58.62
cby6hsod14blxr7zyfjs,2023-11,27,17,16,0.5926,59.26
cby6hsod14blxr7zyfjs,2023-12,18,14,9,0.5,50.0
gm1xiqmop9j2d2acc2jg,2023-09,27,17,11,0.4074,40.74
gm1xiqmop9j2d2acc2jg,2023-10,25,17,12,0.48,48.0
gm1xiqmop9j2d2acc2jg,2023-11,31,18,14,0.4516,45.16
gm1xiqmop9j2d2acc2jg,2023-12,21,14,15,0.7143,71.43
lqm8jh0uggps7yd0lx2x,2023-09,24,14,12,0.5,50.0
lqm8jh0uggps7yd0lx2x,2023-10,34,19,13,0.3824,38.24
lqm8jh0uggps7yd0lx2x,2023-11,26,20,16,0.6154,61.54
lqm8jh0uggps7yd0lx2x,2023-12,13,12,7,0.5385,53.85
7ae6jy1vw15ppmnq6sba,2023-09,23,12,10,0.4348,43.48
7ae6jy1vw15ppmnq6sba,2023-10,25,15,12,0.48,48.0
7ae6jy1vw15ppmnq6sba,2023-11,32,24,12,0.375,37.5
7ae6jy1vw15ppmnq6sba,2023-12,21,16,10,0.4762,47.62
quam8ci0euq2dz8xldzz,2023-09,38,18,20,0.5263,52.63
quam8ci0euq2dz8xldzz,2023-10,34,18,15,0.4412,44.12
quam8ci0euq2dz8xldzz,2023-11,29,18,13,0.4483,44.83
quam8ci0euq2dz8xldzz,2023-12,15,11,11,0.7333,73.33
4bq1kdgygbtif8w80s5y,2023-09,21,14,7,0.3333,33.33
4bq1kdgygbtif8w80s5y,2023-10,30,17,12,0.4,40.0
4bq1kdgygbtif8w80s5y,2023-11,36,24,20,0.5556,55.56
4bq1kdgygbtif8w80s5y,2023-12,19,17,10,0.5263,52.63
l41f9f1gb0y5rxcqfv64,2023-09,29,20,20,0.6897,68.97
l41f9f1gb0y5rxcqfv64,2023-10,23,14,8,0.3478,34.78
l41f9f1gb0y5rxcqfv64,2023-11,29,18,11,0.3793,37.93
l41f9f1gb0y5rxcqfv64,2023-12,12,8,6,0.5,50.0
d16ht4y29lrac1brhwm1,2023-09,23,15,12,0.5217,52.17
d16ht4y29lrac1brhwm1,2023-10,24,16,13,0.5417,54.17
d16ht4y29lrac1brhwm1,2023-11,30,19,16,0.5333,53.33
d16ht4y29lrac1brhwm1,2023-12,22,16,11,0.5,50.0
0txd5enpfmbrth46w74b,2023-09,26,20,11,0.4231,42.31
0txd5enpfmbrth46w74b,2023-10,23,16,11,0.4783,47.83
0txd5enpfmbrth46w74b,2023-11,30,17,15,0.5,50.0
0txd5enpfmbrth46w74b,2023-12,16,14,11,0.6875,68.75
preni1j2j1gkvq1knpag,2023-09,21,14,10,0.4762,47.62
preni1j2j1gkvq1knpag,2023-10,26,16,7,0.2692,26.92
preni1j2j1gkvq1knpag,2023-11,33,20,18,0.5455,54.55
preni1j2j1gkvq1knpag,2023-12,13,13,6,0.4615,46.15
ggweeccb6anw0j3y32t0,2023-09,35,18,15,0.4286,42.86
ggweeccb6anw0j3y32t0,2023-10,26,15,10,0.3846,38.46
ggweeccb6anw0j3y32t0,2023-11,41,25,22,0.5366,53.66
ggweeccb6anw0j3y32t0,2023-12,15,13,12,0.8,80.0
uem908xkm2x04s4iu84k,2023-09,25,14,14,0.56,56.0
uem908xkm2x04s4iu84k,2023-10,32,22,17,0.5312,53.12
uem908xkm2x04s4iu84k,2023-11,36,21,15,0.4167,41.67
uem908xkm2x04s4iu84k,2023-12,15,13,11,0.7333,73.33
nd9xpohv0s4ttw0o7fts,2023-09,31,20,15,0.4839,48.39
nd9xpohv0s4ttw0o7fts,2023-10,25,14,11,0.44,44.0
nd9xpohv0s4ttw0o7fts,2023-11,29,20,14,0.4828,48.28
nd9xpohv0s4ttw0o7fts,2023-12,15,12,9,0.6,60.0
ny6yox8nvtlotclebkk8,2023-09,32,19,15,0.4688,46.88
ny6yox8nvtlotclebkk8,2023-10,21,14,5,0.2381,23.81
ny6yox8nvtlotclebkk8,2023-11,29,20,17,0.5862,58.62
ny6yox8nvtlotclebkk8,2023-12,21,14,11,0.5238,52.38
hpb03ydulnt2b9ffa0j2,2023-09,25,16,14,0.56,56.0
hpb03ydulnt2b9ffa0j2,2023-10,26,15,11,0.4231,42.31
hpb03ydulnt2b9ffa0j2,2023-11,41,22,23,0.561,56.1
hpb03ydulnt2b9ffa0j2,2023-12,23,13,15,0.6522,65.22
2krjeqjgjqfuumdo3ibt,2023-09,22,12,10,0.4545,45.45
2krjeqjgjqfuumdo3ibt,2023-10,27,16,17,0.6296,62.96
2krjeqjgjqfuumdo3ibt,2023-11,31,20,17,0.5484,54.84
2krjeqjgjqfuumdo3ibt,2023-12,18,15,10,0.5556,55.56
1n42senfkcjopw1zh39l,2023-09,25,15,12,0.48,48.0
1n42senfkcjopw1zh39l,2023-10,22,14,9,0.4091,40.91
1n42senfkcjopw1zh39l,2023-11,38,21,17,0.4474,44.74
1n42senfkcjopw1zh39l,2023-12,14,13,7,0.5,50.0
jj1jl4nhnkxllubypoq3,2023-09,27,16,8,0.2963,29.63
jj1jl4nhnkxllubypoq3,2023-10,24,14,12,0.5,50.0
jj1jl4nhnkxllubypoq3,2023-11,31,20,19,0.6129,61.29
jj1jl4nhnkxllubypoq3,2023-12,12,10,7,0.5833,58.33
f5j3cojh9fr5gvylr0yi,2023-09,32,14,15,0.4688,46.88
f5j3cojh9fr5gvylr0yi,2023-10,35,21,13,0.3714,37.14
f5j3cojh9fr5gvylr0yi,2023-11,31,19,17,0.5484,54.84
f5j3cojh9fr5gvylr0yi,2023-12,14,12,9,0.6429,64.29
hkk3qiui3e3r969oyfhf,2023-09,36,18,16,0.4444,44.44
hkk3qiui3e3r969oyfhf,2023-10,27,17,11,0.4074,40.74
hkk3qiui3e3r969oyfhf,2023-11,34,22,21,0.6176,61.76
hkk3qiui3e3r969oyfhf,2023-12,17,13,7,0.4118,41.18
xw0r5n17yfqv2va40bhi,2023-09,34,22,10,0.2941,29.41
xw0r5n17yfqv2va40bhi,2023-10,23,12,6,0.2609,26.09
xw0r5n17yfqv2va40bhi,2023-11,34,24,19,0.5588,55.88
xw0r5n17yfqv2va40bhi,2023-12,16,10,10,0.625,62.5
4erna0vkk9gu5umle1se,2023-09,32,16,15,0.4688,46.88
4erna0vkk9gu5umle1se,2023-10,20,13,8,0.4,40.0
4erna0vkk9gu5umle1se,2023-11,35,25,19,0.5429,54.29
4erna0vkk9gu5umle1se,2023-12,22,14,14,0.6364,63.64
fvqo3hum9a1rl6rxbyre,2023-09,27,13,13,0.4815,48.15
fvqo3hum9a1rl6rxbyre,2023-10,26,16,10,0.3846,38.46
fvqo3hum9a1rl6rxbyre,2023-11,34,22,15,0.4412,44.12
fvqo3hum9a1rl6rxbyre,2023-12,22,15,10,0.4545,45.45
22wb5ostye8edvfar59p,2023-09,37,21,17,0.4595,45.95
22wb5ostye8edvfar59p,2023-10,34,23,14,0.4118,41.18
22wb5ostye8edvfar59p,2023-11,34,15,22,0.6471,64.71
22wb5ostye8edvfar59p,2023-12,15,9,8,0.5333,53.33
bgvt5n1h0qt51ze0md7w,2023-09,27,16,13,0.4815,48.15
bgvt5n1h0qt51ze0md7w,2023-10,30,16,8,0.2667,26.67
bgvt5n1h0qt51ze0md7w,2023-11,18,14,7,0.3889,38.89
bgvt5n1h0qt51ze0md7w,2023-12,10,9,4,0.4,40.0
g4l5baozrnfblxayrhox,2023-09,32,20,16,0.5,50.0
g4l5baozrnfblxayrhox,2023-10,29,13,12,0.4138,41.38
g4l5baozrnfblxayrhox,2023-11,36,22,24,0.6667,66.67
g4l5baozrnfblxayrhox,2023-12,12,8,9,0.75,75.0
ec5zb47nxjbuzemc81p0,2023-09,41,19,18,0.439,43.9
ec5zb47nxjbuzemc81p0,2023-10,29,15,11,0.3793,37.93
ec5zb47nxjbuzemc81p0,2023-11,31,25,20,0.6452,64.52
ec5zb47nxjbuzemc81p0,2023-12,13,10,8,0.6154,61.54
rd4p70jwu852pbdjwl2d,2023-09,26,13,16,0.6154,61.54
rd4p70jwu852pbdjwl2d,2023-10,32,19,18,0.5625,56.25
rd4p70jwu852pbdjwl2d,2023-11,24,20,14,0.5833,58.33
rd4p70jwu852pbdjwl2d,2023-12,28,16,21,0.75,75.0
59bybxqvhton27u0jtfm,2023-09,26,16,10,0.3846,38.46
59bybxqvhton27u0jtfm,2023-10,24,16,9,0.375,37.5
59bybxqvhton27u0jtfm,2023-11,35,23,17,0.4857,48.57
59bybxqvhton27u0jtfm,2023-12,18,13,9,0.5,50.0
x7xh8m5fvmipvkav1cb4,2023-09,31,18,10,0.3226,32.26
x7xh8m5fvmipvkav1cb4,2023-10,25,17,13,0.52,52.0
x7xh8m5fvmipvkav1cb4,2023-11,37,21,24,0.6486,64.86
x7xh8m5fvmipvkav1cb4,2023-12,14,11,10,0.7143,71.43
ljylby8inwh5b93wkean,2023-09,38,18,20,0.5263,52.63
ljylby8inwh5b93wkean,2023-10,20,14,9,0.45,45.0
ljylby8inwh5b93wkean,2023-11,35,18,17,0.4857,48.57
ljylby8inwh5b93wkean,2023-12,14,10,9,0.6429,64.29
ygoahstwe9gz9w87qncs,2023-09,23,12,11,0.4783,47.83
ygoahstwe9gz9w87qncs,2023-10,29,18,12,0.4138,41.38
ygoahstwe9gz9w87qncs,2023-11,20,15,10,0.5,50.0
ygoahstwe9gz9w87qncs,2023-12,21,14,15,0.7143,71.43
xlp4p1b56hrhhyr2y3kd,2023-09,25,14,11,0.44,44.0
xlp4p1b56hrhhyr2y3kd,2023-10,26,17,13,0.5,50.0
xlp4p1b56hrhhyr2y3kd,2023-11,38,23,20,0.5263,52.63
xlp4p1b56hrhhyr2y3kd,2023-12,13,9,4,0.3077,30.77
me044us8pj1824r4dye2,2023-09,29,15,16,0.5517,55.17
me044us8pj1824r4dye2,2023-10,34,18,10,0.2941,29.41
me044us8pj1824r4dye2,2023-11,33,22,10,0.303,30.3
me044us8pj1824r4dye2,2023-12,21,15,12,0.5714,57.14
0lgtv09uoh3ova8sjbze,2023-09,25,15,13,0.52,52.0
0lgtv09uoh3ova8sjbze,2023-10,50,20,21,0.42,42.0
0lgtv09uoh3ova8sjbze,2023-11,23,16,11,0.4783,47.83
0lgtv09uoh3ova8sjbze,2023-12,21,19,12,0.5714,57.14
4e693829528e3e7de62a,2023-09,291,38,183,0.6289,62.89
4e693829528e3e7de62a,2023-10,97,16,74,0.7629,76.29
4e693829528e3e7de62a,2023-11,46,13,41,0.8913,89.13
4e693829528e3e7de62a,2023-12,133,28,100,0.7519,75.19
4aa8ff74dc576b7adbcd,2023-09,50,10,35,0.7,70.0
4aa8ff74dc576b7adbcd,2023-10,159,22,139,0.8742,87.42
4aa8ff74dc576b7adbcd,2023-11,11,8,10,0.9091,90.91
4aa8ff74dc576b7adbcd,2023-12,13,6,11,0.8462,84.62
792e3326f0d9f68389d9,2023-09,17,3,3,0.1765,17.65
792e3326f0d9f68389d9,2023-10,113,13,37,0.3274,32.74
792e3326f0d9f68389d9,2023-11,95,20,36,0.3789,37.89
792e3326f0d9f68389d9,2023-12,16,8,12,0.75,75.0
9b913075e93b2b788102,2023-09,44,10,9,0.2045,20.45
9b913075e93b2b788102,2023-10,76,18,31,0.4079,40.79
9b913075e93b2b788102,2023-11,8,2,3,0.375,37.5
9b913075e93b2b788102,2023-12,200,32,106,0.53,53.0
1c2aef3af32f6323a31d,2023-09,63,7,8,0.127,12.7
1c2aef3af32f6323a31d,2023-10,70,33,52,0.7429,74.29
1c2aef3af32f6323a31d,2023-12,3,2,3,1.0,100.0
9f0ce6d4cdf9d1772417,2023-09,8,6,5,0.625,62.5
9f0ce6d4cdf9d1772417,2023-10,27,14,21,0.7778,77.78
9f0ce6d4cdf9d1772417,2023-11,69,14,44,0.6377,63.77
9f0ce6d4cdf9d1772417,2023-12,12,6,8,0.6667,66.67
db0241cf536c2174d9ed,2023-09,15,4,4,0.2667,26.67
db0241cf536c2174d9ed,2023-10,18,7,8,0.4444,44.44
db0241cf536c2174d9ed,2023-11,96,21,58,0.6042,60.42
db0241cf536c2174d9ed,2023-12,8,6,8,1.0,100.0
2c27d4de6ae130e7e242,2023-09,85,8,22,0.2588,25.88
2c27d4de6ae130e7e242,2023-10,200,23,105,0.525,52.5
2c27d4de6ae130e7e242,2023-11,48,9,32,0.6667,66.67
2c27d4de6ae130e7e242,2023-12,6,3,6,1.0,100.0
2b3492096a4d12bb86cd,2023-10,19,4,13,0.6842,68.42
2b3492096a4d12bb86cd,2023-11,71,12,44,0.6197,61.97
2b3492096a4d12bb86cd,2023-12,16,6,11,0.6875,68.75
f8c2f04e8e116f0fd237,2023-09,4,1,1,0.25,25.0
f8c2f04e8e116f0fd237,2023-10,85,9,24,0.2824,28.24
f8c2f04e8e116f0fd237,2023-11,62,9,40,0.6452,64.52
f8c2f04e8e116f0fd237,2023-12,100,28,58,0.58,58.0
2a6394114c31a10dc92b,2023-09,91,13,40,0.4396,43.96
2a6394114c31a10dc92b,2023-10,125,17,61,0.488,48.8
2a6394114c31a10dc92b,2023-11,34,14,19,0.5588,55.88
2a6394114c31a10dc92b,2023-12,76,16,38,0.5,50.0
0559e9cf806dab4cc20d,2023-09,61,16,26,0.4262,42.62
0559e9cf806dab4cc20d,2023-10,108,22,65,0.6019,60.19
0559e9cf806dab4cc20d,2023-11,11,4,4,0.3636,36.36
6c14ce386a9cda72549c,2023-09,41,17,30,0.7317,73.17
6c14ce386a9cda72549c,2023-10,155,25,136,0.8774,87.74
6c14ce386a9cda72549c,2023-11,22,9,17,0.7727,77.27
2007f4965d2aa6064a25,2023-09,12,7,10,0.8333,83.33
2007f4965d2aa6064a25,2023-10,55,20,42,0.7636,76.36
2007f4965d2aa6064a25,2023-11,56,17,38,0.6786,67.86
6fa0b38bfd05105503a1,2023-09,1,1,1,1.0,100.0
6fa0b38bfd05105503a1,2023-10,124,24,52,0.4194,41.94
6fa0b38bfd05105503a1,2023-11,44,13,37,0.8409,84.09
3e4e608ace87fe97bdb5,2023-09,1,1,1,1.0,100.0
3e4e608ace87fe97bdb5,2023-10,41,24,33,0.8049,80.49
3e4e608ace87fe97bdb5,2023-11,55,11,42,0.7636,76.36
3e4e608ace87fe97bdb5,2023-12,8,3,3,0.375,37.5
d554e419f820fa5cb0ca,2023-09,15,5,5,0.3333,33.33
d554e419f820fa5cb0ca,2023-10,77,33,71,0.9221,92.21
b8d20bc2e0d3d86f5613,2023-09,27,15,22,0.8148,81.48
b8d20bc2e0d3d86f5613,2023-10,61,18,50,0.8197,81.97
b8d20bc2e0d3d86f5613,2023-11,23,7,14,0.6087,60.87
df62b7675d1fdb8e6b11,2023-09,56,29,51,0.9107,91.07
df62b7675d1fdb8e6b11,2023-10,42,11,36,0.8571,85.71
ff63c210b94623453b5f,2023-09,178,38,70,0.3933,39.33
ff63c210b94623453b5f,2023-10,7,4,4,0.5714,57.14
ff63c210b94623453b5f,2023-11,3,3,2,0.6667,66.67
ff63c210b94623453b5f,2023-12,14,3,4,0.2857,28.57
a2f48a796e250a14ff55,2023-09,240,38,128,0.5333,53.33
a2f48a796e250a14ff55,2023-10,3,3,3,1.0,100.0
a2f48a796e250a14ff55,2023-11,16,8,10,0.625,62.5
8975db410fd78d462688,2023-09,72,35,64,0.8889,88.89
8975db410fd78d462688,2023-10,26,6,24,0.9231,92.31
dac03bcbefc3a08c8b50,2023-10,22,15,15,0.6818,68.18
dac03bcbefc3a08c8b50,2023-11,34,21,19,0.5588,55.88
dac03bcbefc3a08c8b50,2023-12,18,5,5,0.2778,27.78
d7464b55181ef45e2d63,2023-09,121,16,38,0.314,31.4
d7464b55181ef45e2d63,2023-10,40,12,11,0.275,27.5
d7464b55181ef45e2d63,2023-11,15,13,14,0.9333,93.33
d7464b55181ef45e2d63,2023-12,1,1,1,1.0,100.0
663aff87732c52f0e342,2023-09,106,6,49,0.4623,46.23
663aff87732c52f0e342,2023-10,102,5,32,0.3137,31.37
663aff87732c52f0e342,2023-11,209,26,66,0.3158,31.58
663aff87732c52f0e342,2023-12,3,3,3,1.0,100.0
c3beec92b66ff78a6ba9,2023-09,31,9,17,0.5484,54.84
c3beec92b66ff78a6ba9,2023-10,43,9,11,0.2558,25.58
c3beec92b66ff78a6ba9,2023-11,98,23,46,0.4694,46.94
c3beec92b66ff78a6ba9,2023-12,3,2,1,0.3333,33.33
7535fe5ae754da62a534,2023-09,24,6,7,0.2917,29.17
7535fe5ae754da62a534,2023-10,17,12,17,1.0,100.0
7535fe5ae754da62a534,2023-11,46,20,30,0.6522,65.22
d9dfc134efd3826bdaed,2023-09,36,14,18,0.5,50.0
d9dfc134efd3826bdaed,2023-10,32,12,23,0.7188,71.88
d9dfc134efd3826bdaed,2023-11,7,5,7,1.0,100.0
d9dfc134efd3826bdaed,2023-12,29,13,27,0.931,93.1
e2ea6dbbe90983dbb208,2023-09,142,14,50,0.3521,35.21
e2ea6dbbe90983dbb208,2023-12,34,24,29,0.8529,85.29
6efd2d79656d1b056f72,2023-10,60,18,22,0.3667,36.67
6efd2d79656d1b056f72,2023-11,91,25,56,0.6154,61.54
6efd2d79656d1b056f72,2023-12,18,5,10,0.5556,55.56
d5067bceac0ffa5e4704,2023-10,29,13,14,0.4828,48.28
d5067bceac0ffa5e4704,2023-11,33,20,20,0.6061,60.61
d5067bceac0ffa5e4704,2023-12,10,5,7,0.7,70.0
ebe7a295f61c831b0093,2023-09,116,38,90,0.7759,77.59
ebe7a295f61c831b0093,2023-10,5,2,5,1.0,100.0
ebe7a295f61c831b0093,2023-12,1,1,1,1.0,100.0
fc916744a3bd5120978f,2023-09,10,4,5,0.5,50.0
fc916744a3bd5120978f,2023-10,89,34,69,0.7753,77.53
7c30aec52f13bebe07a6,2023-09,9,3,3,0.3333,33.33
7c30aec52f13bebe07a6,2023-10,32,15,23,0.7188,71.88
7c30aec52f13bebe07a6,2023-11,35,23,28,0.8,80.0
2d9a38c93e37bc475cb6,2023-09,96,34,66,0.6875,68.75
2d9a38c93e37bc475cb6,2023-10,11,4,4,0.3636,36.36
a1a127e2bf29c380819c,2023-09,81,38,70,0.8642,86.42
a1a127e2bf29c380819c,2023-10,2,2,2,1.0,100.0
2c7d02c44b47e3d24d52,2023-09,9,2,1,0.1111,11.11
2c7d02c44b47e3d24d52,2023-10,6,6,6,1.0,100.0
2c7d02c44b47e3d24d52,2023-11,58,31,44,0.7586,75.86
ce9dd8f1570caa0d6f5b,2023-10,111,16,30,0.2703,27.03
ce9dd8f1570caa0d6f5b,2023-11,80,22,29,0.3625,36.25
ce9dd8f1570caa0d6f5b,2023-12,28,7,7,0.25,25.0
7c039dde693a18f3a834,2023-10,66,19,34,0.5152,51.52
7c039dde693a18f3a834,2023-11,36,21,22,0.6111,61.11
7c039dde693a18f3a834,2023-12,14,4,4,0.2857,28.57
hjcfqm1yfzh8s77mo3ec,2023-09,35,18,17,0.4857,48.57
hjcfqm1yfzh8s77mo3ec,2023-10,39,19,23,0.5897,58.97
hjcfqm1yfzh8s77mo3ec,2023-11,17,10,12,0.7059,70.59
hjcfqm1yfzh8s77mo3ec,2023-12,14,12,9,0.6429,64.29
1hues7esy9erdsses6m0,2023-09,28,16,13,0.4643,46.43
1hues7esy9erdsses6m0,2023-10,36,21,20,0.5556,55.56
1hues7esy9erdsses6m0,2023-11,24,18,12,0.5,50.0
1hues7esy9erdsses6m0,2023-12,15,10,6,0.4,40.0
p58nsuk0hj5uh2xk2k9p,2023-09,34,16,16,0.4706,47.06
p58nsuk0hj5uh2xk2k9p,2023-10,28,17,15,0.5357,53.57
p58nsuk0hj5uh2xk2k9p,2023-11,27,18,15,0.5556,55.56
p58nsuk0hj5uh2xk2k9p,2023-12,10,7,6,0.6,60.0
5l1b1ma70rilf7mojch5,2023-09,31,19,18,0.5806,58.06
5l1b1ma70rilf7mojch5,2023-10,43,25,22,0.5116,51.16
5l1b1ma70rilf7mojch5,2023-11,23,13,12,0.5217,52.17
5l1b1ma70rilf7mojch5,2023-12,17,14,12,0.7059,70.59
zylvq01zq0hxavbvsd2f,2023-09,45,22,27,0.6,60.0
zylvq01zq0hxavbvsd2f,2023-10,42,23,25,0.5952,59.52
zylvq01zq0hxavbvsd2f,2023-11,20,15,10,0.5,50.0
zylvq01zq0hxavbvsd2f,2023-12,9,9,7,0.7778,77.78
4ycyhj8tyx2b17fcx29j,2023-09,37,19,18,0.4865,48.65
4ycyhj8tyx2b17fcx29j,2023-10,44,26,27,0.6136,61.36
4ycyhj8tyx2b17fcx29j,2023-11,19,15,13,0.6842,68.42
4ycyhj8tyx2b17fcx29j,2023-12,13,8,9,0.6923,69.23
n1nh33yq3nhwt4mx36yc,2023-09,34,23,22,0.6471,64.71
n1nh33yq3nhwt4mx36yc,2023-10,28,18,18,0.6429,64.29
n1nh33yq3nhwt4mx36yc,2023-11,29,18,18,0.6207,62.07
n1nh33yq3nhwt4mx36yc,2023-12,16,10,13,0.8125,81.25
jtbq3gkfw2tcsjvfwm56,2023-09,31,18,21,0.6774,67.74
jtbq3gkfw2tcsjvfwm56,2023-10,37,25,22,0.5946,59.46
jtbq3gkfw2tcsjvfwm56,2023-11,22,14,14,0.6364,63.64
jtbq3gkfw2tcsjvfwm56,2023-12,16,10,9,0.5625,56.25
oriig6s6fmvi4f7mxamy,2023-09,36,18,19,0.5278,52.78
oriig6s6fmvi4f7mxamy,2023-10,41,26,23,0.561,56.1
oriig6s6fmvi4f7mxamy,2023-11,27,15,16,0.5926,59.26
oriig6s6fmvi4f7mxamy,2023-12,8,7,5,0.625,62.5
i3b6qk80m9jqwgft968o,2023-09,25,15,16,0.64,64.0
i3b6qk80m9jqwgft968o,2023-10,41,26,18,0.439,43.9
i3b6qk80m9jqwgft968o,2023-11,15,13,10,0.6667,66.67
i3b6qk80m9jqwgft968o,2023-12,22,10,15,0.6818,68.18
2svwdpmdpjsdzafekntw,2023-09,24,14,13,0.5417,54.17
2svwdpmdpjsdzafekntw,2023-10,31,20,16,0.5161,51.61
2svwdpmdpjsdzafekntw,2023-11,25,16,16,0.64,64.0
2svwdpmdpjsdzafekntw,2023-12,7,6,4,0.5714,57.14
81kmylu471y1njt1pin3,2023-09,33,18,16,0.4848,48.48
81kmylu471y1njt1pin3,2023-10,42,22,19,0.4524,45.24
81kmylu471y1njt1pin3,2023-11,25,17,10,0.4,40.0
81kmylu471y1njt1pin3,2023-12,18,14,10,0.5556,55.56
e9vzigim3qs88f721ohz,2023-09,35,21,19,0.5429,54.29
e9vzigim3qs88f721ohz,2023-10,38,23,24,0.6316,63.16
e9vzigim3qs88f721ohz,2023-11,21,15,11,0.5238,52.38
e9vzigim3qs88f721ohz,2023-12,12,9,6,0.5,50.0
8rsw4xhmff15occogf32,2023-09,40,20,22,0.55,55.0
8rsw4xhmff15occogf32,2023-10,38,26,26,0.6842,68.42
8rsw4xhmff15occogf32,2023-11,25,18,11,0.44,44.0
8rsw4xhmff15occogf32,2023-12,19,11,8,0.4211,42.11
siv6gzi7una85o8fzrwi,2023-09,36,18,19,0.5278,52.78
siv6gzi7una85o8fzrwi,2023-10,32,19,16,0.5,50.0
siv6gzi7una85o8fzrwi,2023-11,28,21,17,0.6071,60.71
siv6gzi7una85o8fzrwi,2023-12,12,9,5,0.4167,41.67
ti44fbogdeqbfflbizj7,2023-09,31,15,17,0.5484,54.84
ti44fbogdeqbfflbizj7,2023-10,32,21,20,0.625,62.5
ti44fbogdeqbfflbizj7,2023-11,20,15,12,0.6,60.0
ti44fbogdeqbfflbizj7,2023-12,16,12,12,0.75,75.0
5rxl72n8rmnxwrxcss0q,2023-09,25,17,15,0.6,60.0
5rxl72n8rmnxwrxcss0q,2023-10,38,23,22,0.5789,57.89
5rxl72n8rmnxwrxcss0q,2023-11,28,18,20,0.7143,71.43
5rxl72n8rmnxwrxcss0q,2023-12,7,6,6,0.8571,85.71
tbypawuj167ycyvg8sc2,2023-09,31,18,17,0.5484,54.84
tbypawuj167ycyvg8sc2,2023-10,38,24,16,0.4211,42.11
tbypawuj167ycyvg8sc2,2023-11,32,21,18,0.5625,56.25
tbypawuj167ycyvg8sc2,2023-12,6,6,5,0.8333,83.33
10xnkvdetxarrkdhx4i9,2023-09,29,16,14,0.4828,48.28
10xnkvdetxarrkdhx4i9,2023-10,38,21,20,0.5263,52.63
10xnkvdetxarrkdhx4i9,2023-11,21,17,15,0.7143,71.43
10xnkvdetxarrkdhx4i9,2023-12,13,11,8,0.6154,61.54
s8uk59p9w5ck47wlw3ea,2023-09,28,20,15,0.5357,53.57
s8uk59p9w5ck47wlw3ea,2023-10,37,22,22,0.5946,59.46
s8uk59p9w5ck47wlw3ea,2023-11,23,13,8,0.3478,34.78
s8uk59p9w5ck47wlw3ea,2023-12,9,7,7,0.7778,77.78
y0bdtutppfdzzttzq8dy,2023-09,26,12,12,0.4615,46.15
y0bdtutppfdzzttzq8dy,2023-10,42,23,23,0.5476,54.76
y0bdtutppfdzzttzq8dy,2023-11,15,11,10,0.6667,66.67
y0bdtutppfdzzttzq8dy,2023-12,13,11,12,0.9231,92.31
ipd72mytvphpd9tcejgb,2023-09,39,21,21,0.5385,53.85
ipd72mytvphpd9tcejgb,2023-10,37,22,24,0.6486,64.86
ipd72mytvphpd9tcejgb,2023-11,18,12,10,0.5556,55.56
ipd72mytvphpd9tcejgb,2023-12,12,7,5,0.4167,41.67
0dapvs3h4h3h1ahmt2o8,2023-09,43,22,19,0.4419,44.19
0dapvs3h4h3h1ahmt2o8,2023-10,43,27,27,0.6279,62.79
0dapvs3h4h3h1ahmt2o8,2023-11,21,16,10,0.4762,47.62
0dapvs3h4h3h1ahmt2o8,2023-12,11,10,5,0.4545,45.45
95jqkrj6zv7qf1wz1p8e,2023-09,28,18,13,0.4643,46.43
95jqkrj6zv7qf1wz1p8e,2023-10,32,18,22,0.6875,68.75
95jqkrj6zv7qf1wz1p8e,2023-11,28,16,13,0.4643,46.43
95jqkrj6zv7qf1wz1p8e,2023-12,14,13,9,0.6429,64.29
jivt017uwst4sg4fqlek,2023-09,36,19,20,0.5556,55.56
jivt017uwst4sg4fqlek,2023-10,32,19,16,0.5,50.0
jivt017uwst4sg4fqlek,2023-11,26,15,15,0.5769,57.69
jivt017uwst4sg4fqlek,2023-12,8,8,5,0.625,62.5
9jq31h6i3ny1lx0mx89e,2023-09,53,22,24,0.4528,45.28
9jq31h6i3ny1lx0mx89e,2023-10,47,24,26,0.5532,55.32
9jq31h6i3ny1lx0mx89e,2023-11,28,17,15,0.5357,53.57
9jq31h6i3ny1lx0mx89e,2023-12,8,7,6,0.75,75.0
cm2celd9hmos24j2a5cg,2023-09,31,19,23,0.7419,74.19
cm2celd9hmos24j2a5cg,2023-10,33,23,24,0.7273,72.73
cm2celd9hmos24j2a5cg,2023-11,18,12,5,0.2778,27.78
cm2celd9hmos24j2a5cg,2023-12,6,5,4,0.6667,66.67
wmes720kojsggeq71m5y,2023-09,41,18,18,0.439,43.9
wmes720kojsggeq71m5y,2023-10,38,24,18,0.4737,47.37
wmes720kojsggeq71m5y,2023-11,21,14,12,0.5714,57.14
wmes720kojsggeq71m5y,2023-12,16,11,10,0.625,62.5
8nqoz5k93j7it8w0muhl,2023-09,27,15,16,0.5926,59.26
8nqoz5k93j7it8w0muhl,2023-10,40,21,26,0.65,65.0
8nqoz5k93j7it8w0muhl,2023-11,30,16,16,0.5333,53.33
8nqoz5k93j7it8w0muhl,2023-12,15,11,9,0.6,60.0
6qp85ufr2o1zg8k0cvtb,2023-09,26,18,16,0.6154,61.54
6qp85ufr2o1zg8k0cvtb,2023-10,39,21,21,0.5385,53.85
6qp85ufr2o1zg8k0cvtb,2023-11,16,12,11,0.6875,68.75
6qp85ufr2o1zg8k0cvtb,2023-12,9,8,8,0.8889,88.89
5zczdtyecu2w495j80xv,2023-09,33,20,23,0.697,69.7
5zczdtyecu2w495j80xv,2023-10,35,20,20,0.5714,57.14
5zczdtyecu2w495j80xv,2023-11,21,14,10,0.4762,47.62
5zczdtyecu2w495j80xv,2023-12,13,11,8,0.6154,61.54
bt192zri52uj2flwikrw,2023-09,40,17,21,0.525,52.5
bt192zri52uj2flwikrw,2023-10,42,27,21,0.5,50.0
bt192zri52uj2flwikrw,2023-11,15,11,12,0.8,80.0
bt192zri52uj2flwikrw,2023-12,9,7,4,0.4444,44.44
qol4cum3ewnz45dzpijx,2023-09,38,19,23,0.6053,60.53
qol4cum3ewnz45dzpijx,2023-10,34,20,21,0.6176,61.76
qol4cum3ewnz45dzpijx,2023-11,20,15,9,0.45,45.0
qol4cum3ewnz45dzpijx,2023-12,10,8,9,0.9,90.0
k8d21tlgxmu6i35atvub,2023-09,35,19,17,0.4857,48.57
k8d21tlgxmu6i35atvub,2023-10,40,19,26,0.65,65.0
k8d21tlgxmu6i35atvub,2023-11,24,15,13,0.5417,54.17
k8d21tlgxmu6i35atvub,2023-12,13,12,6,0.4615,46.15
vd2j77wynysztt2wbv2v,2023-09,27,16,16,0.5926,59.26
vd2j77wynysztt2wbv2v,2023-10,31,23,21,0.6774,67.74
vd2j77wynysztt2wbv2v,2023-11,22,15,8,0.3636,36.36
vd2j77wynysztt2wbv2v,2023-12,6,5,4,0.6667,66.67
119b36a5797d5ce69625,2023-10,94,28,55,0.5851,58.51
119b36a5797d5ce69625,2023-11,23,11,18,0.7826,78.26
119b36a5797d5ce69625,2023-12,13,6,7,0.5385,53.85
ee07cc24589beb775d33,2023-10,149,38,105,0.7047,70.47
ee07cc24589beb775d33,2023-12,1,1,1,1.0,100.0
44c7cf3881ae07f7fb3e,2023-10,100,19,36,0.36,36.0
44c7cf3881ae07f7fb3e,2023-11,17,11,13,0.7647,76.47
44c7cf3881ae07f7fb3e,2023-12,22,15,21,0.9545,95.45
c681117f7f586fd730bb,2023-10,2,1,1,0.5,50.0
c681117f7f586fd730bb,2023-11,24,14,23,0.9583,95.83
c681117f7f586fd730bb,2023-12,107,23,73,0.6822,68.22
1cfe33c5b178a0c2367f,2023-10,27,9,14,0.5185,51.85
1cfe33c5b178a0c2367f,2023-11,26,7,24,0.9231,92.31
1cfe33c5b178a0c2367f,2023-12,38,22,23,0.6053,60.53
6496d6268092ef8e7e9d,2023-10,6,1,1,0.1667,16.67
6496d6268092ef8e7e9d,2023-11,71,20,25,0.3521,35.21
6496d6268092ef8e7e9d,2023-12,73,19,44,0.6027,60.27
00cbf05221bb479e66c3,2023-09,35,6,8,0.2286,22.86
00cbf05221bb479e66c3,2023-10,47,13,25,0.5319,53.19
00cbf05221bb479e66c3,2023-11,18,7,11,0.6111,61.11
00cbf05221bb479e66c3,2023-12,48,13,24,0.5,50.0
5963ba5cd9d242a00e22,2023-10,79,10,18,0.2278,22.78
5963ba5cd9d242a00e22,2023-11,30,13,17,0.5667,56.67
5963ba5cd9d242a00e22,2023-12,22,15,15,0.6818,68.18
9a630f9e9f4ec26d8fcd,2023-09,32,9,11,0.3438,34.38
9a630f9e9f4ec26d8fcd,2023-10,41,17,32,0.7805,78.05
9a630f9e9f4ec26d8fcd,2023-11,12,5,11,0.9167,91.67
9a630f9e9f4ec26d8fcd,2023-12,12,10,12,1.0,100.0
21e23771e52cb5291b19,2023-09,12,2,0,0.0,0.0
21e23771e52cb5291b19,2023-10,147,14,59,0.4014,40.14
21e23771e52cb5291b19,2023-11,67,16,31,0.4627,46.27
21e23771e52cb5291b19,2023-12,50,12,15,0.3,30.0
9c48779f6e97be993771,2023-09,1,1,1,1.0,100.0
9c48779f6e97be993771,2023-10,74,25,38,0.5135,51.35
9c48779f6e97be993771,2023-11,77,14,52,0.6753,67.53
9795edf22e930bc30fa4,2023-10,86,19,70,0.814,81.4
9795edf22e930bc30fa4,2023-11,71,12,50,0.7042,70.42
9795edf22e930bc30fa4,2023-12,43,8,30,0.6977,69.77
bf07cdd92f1ff3197397,2023-09,69,11,27,0.3913,39.13
bf07cdd92f1ff3197397,2023-10,66,19,30,0.4545,45.45
bf07cdd92f1ff3197397,2023-11,28,9,16,0.5714,57.14
bf07cdd92f1ff3197397,2023-12,5,1,1,0.2,20.0
7742559d8e833fbcd326,2023-10,167,38,89,0.5329,53.29
7742559d8e833fbcd326,2023-11,1,1,1,1.0,100.0
8a45d6748ec853f7694c,2023-10,44,9,30,0.6818,68.18
8a45d6748ec853f7694c,2023-11,59,17,26,0.4407,44.07
8a45d6748ec853f7694c,2023-12,28,12,22,0.7857,78.57
d3e269bf68d51851097c,2023-09,26,8,9,0.3462,34.62
d3e269bf68d51851097c,2023-10,133,28,87,0.6541,65.41
d3e269bf68d51851097c,2023-11,12,5,8,0.6667,66.67
8f1ddd99ac8c59bbd788,2023-10,34,26,27,0.7941,79.41
8f1ddd99ac8c59bbd788,2023-11,66,10,57,0.8636,86.36
8f1ddd99ac8c59bbd788,2023-12,15,4,9,0.6,60.0
03b463f52c0fff35433b,2023-10,15,9,12,0.8,80.0
03b463f52c0fff35433b,2023-11,25,10,18,0.72,72.0
03b463f52c0fff35433b,2023-12,22,19,21,0.9545,95.45
b7f42d4b51972267680e,2023-10,37,12,26,0.7027,70.27
b7f42d4b51972267680e,2023-11,117,18,101,0.8632,86.32
b7f42d4b51972267680e,2023-12,32,11,21,0.6562,65.62
a1d00fdd7660b7e88077,2023-09,6,3,3,0.5,50.0
a1d00fdd7660b7e88077,2023-10,70,17,58,0.8286,82.86
a1d00fdd7660b7e88077,2023-11,5,5,5,1.0,100.0
a1d00fdd7660b7e88077,2023-12,24,13,22,0.9167,91.67
ac7214620207dfdd149d,2023-10,8,8,8,1.0,100.0
ac7214620207dfdd149d,2023-11,33,25,27,0.8182,81.82
ac7214620207dfdd149d,2023-12,16,6,7,0.4375,43.75
117ee98c7f916c88ddbb,2023-10,81,18,25,0.3086,30.86
117ee98c7f916c88ddbb,2023-11,72,16,58,0.8056,80.56
117ee98c7f916c88ddbb,2023-12,7,6,6,0.8571,85.71
91439fcb2590c49dd20d,2023-10,34,18,18,0.5294,52.94
91439fcb2590c49dd20d,2023-11,33,13,20,0.6061,60.61
91439fcb2590c49dd20d,2023-12,16,8,10,0.625,62.5
53d51965c40a54cff1a0,2023-09,2,1,1,0.5,50.0
53d51965c40a54cff1a0,2023-10,92,35,70,0.7609,76.09
53d51965c40a54cff1a0,2023-11,3,2,3,1.0,100.0
53d51965c40a54cff1a0,2023-12,1,1,1,1.0,100.0
efd58fbebca61c41c881,2023-10,10,10,10,1.0,100.0
efd58fbebca61c41c881,2023-11,11,11,11,1.0,100.0
efd58fbebca61c41c881,2023-12,17,15,17,1.0,100.0
be75e05b9db5efb1258a,2023-10,27,20,23,0.8519,85.19
be75e05b9db5efb1258a,2023-11,51,12,46,0.902,90.2
be75e05b9db5efb1258a,2023-12,7,7,7,1.0,100.0
a337d5368b0d110803b1,2023-10,31,13,19,0.6129,61.29
a337d5368b0d110803b1,2023-11,27,13,15,0.5556,55.56
a337d5368b0d110803b1,2023-12,16,12,12,0.75,75.0
204a7d6db340a3c18ca7,2023-10,21,17,19,0.9048,90.48
204a7d6db340a3c18ca7,2023-11,13,8,12,0.9231,92.31
204a7d6db340a3c18ca7,2023-12,18,13,14,0.7778,77.78
97442da123c449f6a146,2023-10,24,10,14,0.5833,58.33
97442da123c449f6a146,2023-11,60,16,30,0.5,50.0
97442da123c449f6a146,2023-12,32,12,20,0.625,62.5
cac84b1c3033872272f0,2023-10,66,23,41,0.6212,62.12
cac84b1c3033872272f0,2023-11,41,13,35,0.8537,85.37
cac84b1c3033872272f0,2023-12,7,3,5,0.7143,71.43
882ccee198e25b49b30d,2023-10,356,18,156,0.4382,43.82
882ccee198e25b49b30d,2023-11,91,16,50,0.5495,54.95
882ccee198e25b49b30d,2023-12,82,9,26,0.3171,31.71
8068144149e4ba65ef38,2023-09,35,4,4,0.1143,11.43
8068144149e4ba65ef38,2023-10,70,18,36,0.5143,51.43
8068144149e4ba65ef38,2023-11,63,13,45,0.7143,71.43
8068144149e4ba65ef38,2023-12,13,6,7,0.5385,53.85
d035c324a020e7948fe8,2023-09,8,5,5,0.625,62.5
d035c324a020e7948fe8,2023-10,77,26,49,0.6364,63.64
d035c324a020e7948fe8,2023-11,28,10,26,0.9286,92.86
d035c324a020e7948fe8,2023-12,11,7,8,0.7273,72.73
e43a0e28d5cd6b54a2af,2023-10,32,16,22,0.6875,68.75
e43a0e28d5cd6b54a2af,2023-11,18,10,9,0.5,50.0
e43a0e28d5cd6b54a2af,2023-12,25,14,14,0.56,56.0
3565d61f3efec69e611c,2023-10,46,15,23,0.5,50.0
3565d61f3efec69e611c,2023-11,17,16,16,0.9412,94.12
3565d61f3efec69e611c,2023-12,10,9,9,0.9,90.0
e7feb8599ea5f596aeac,2023-09,10,2,1,0.1,10.0
e7feb8599ea5f596aeac,2023-10,48,24,41,0.8542,85.42
e7feb8599ea5f596aeac,2023-11,35,10,30,0.8571,85.71
e7feb8599ea5f596aeac,2023-12,8,4,8,1.0,100.0
8ca890875272aede0af5,2023-09,19,6,9,0.4737,47.37
8ca890875272aede0af5,2023-10,29,17,25,0.8621,86.21
8ca890875272aede0af5,2023-11,40,12,38,0.95,95.0
8ca890875272aede0af5,2023-12,22,10,15,0.6818,68.18
2150588a5903d9a77b79,2023-10,52,11,33,0.6346,63.46
2150588a5903d9a77b79,2023-11,42,15,34,0.8095,80.95
2150588a5903d9a77b79,2023-12,36,16,28,0.7778,77.78
e2d7ee3637149f7087b2,2023-09,86,10,11,0.1279,12.79
e2d7ee3637149f7087b2,2023-10,72,19,29,0.4028,40.28
e2d7ee3637149f7087b2,2023-11,13,7,8,0.6154,61.54
e2d7ee3637149f7087b2,2023-12,8,4,4,0.5,50.0
bd8eb49a6b08f5e66a70,2023-10,39,19,34,0.8718,87.18
bd8eb49a6b08f5e66a70,2023-11,62,19,49,0.7903,79.03
915813ad1b5f1bbe2d6e,2023-10,67,38,59,0.8806,88.06
915813ad1b5f1bbe2d6e,2023-11,3,2,3,1.0,100.0
38357be0ab369a9ae942,2023-09,20,14,17,0.85,85.0
38357be0ab369a9ae942,2023-10,37,22,32,0.8649,86.49
38357be0ab369a9ae942,2023-11,15,9,11,0.7333,73.33
38357be0ab369a9ae942,2023-12,18,2,4,0.2222,22.22
798ff22d126a0f8034ff,2023-10,31,19,25,0.8065,80.65
798ff22d126a0f8034ff,2023-11,27,11,21,0.7778,77.78
798ff22d126a0f8034ff,2023-12,26,8,22,0.8462,84.62
4cb96f0d9108066442a8,2023-10,53,18,25,0.4717,47.17
4cb96f0d9108066442a8,2023-11,17,6,9,0.5294,52.94
4cb96f0d9108066442a8,2023-12,18,14,17,0.9444,94.44
cfaac49f7cc94528ffa7,2023-10,24,19,24,1.0,100.0
cfaac49f7cc94528ffa7,2023-11,41,13,34,0.8293,82.93
cfaac49f7cc94528ffa7,2023-12,9,8,9,1.0,100.0
89af2669cc93dc97f545,2023-10,71,20,36,0.507,50.7
89af2669cc93dc97f545,2023-11,17,7,8,0.4706,47.06
89af2669cc93dc97f545,2023-12,29,13,13,0.4483,44.83
41abb1b9df74d29b7732,2023-10,32,10,10,0.3125,31.25
41abb1b9df74d29b7732,2023-11,55,27,38,0.6909,69.09
41abb1b9df74d29b7732,2023-12,1,1,1,1.0,100.0
a5c03c57b0930cb5c2ac,2023-10,12,5,3,0.25,25.0
a5c03c57b0930cb5c2ac,2023-11,28,27,27,0.9643,96.43
a5c03c57b0930cb5c2ac,2023-12,18,8,8,0.4444,44.44
ef133c92e274a97b6eeb,2023-10,10,9,9,0.9,90.0
ef133c92e274a97b6eeb,2023-11,18,10,17,0.9444,94.44
ef133c92e274a97b6eeb,2023-12,31,19,24,0.7742,77.42
fnvhgnuqbir0drk8p1v2,2023-09,3,2,1,0.3333,33.33
fnvhgnuqbir0drk8p1v2,2023-10,45,22,30,0.6667,66.67
fnvhgnuqbir0drk8p1v2,2023-11,29,18,21,0.7241,72.41
fnvhgnuqbir0drk8p1v2,2023-12,15,13,11,0.7333,73.33
zse4s5wowlo5xntqyqb4,2023-09,10,6,4,0.4,40.0
zse4s5wowlo5xntqyqb4,2023-10,59,25,45,0.7627,76.27
zse4s5wowlo5xntqyqb4,2023-11,37,21,25,0.6757,67.57
zse4s5wowlo5xntqyqb4,2023-12,16,10,9,0.5625,56.25
wyhkcaf32y8h3707qzrz,2023-09,4,4,1,0.25,25.0
wyhkcaf32y8h3707qzrz,2023-10,47,27,28,0.5957,59.57
wyhkcaf32y8h3707qzrz,2023-11,34,17,24,0.7059,70.59
wyhkcaf32y8h3707qzrz,2023-12,14,13,9,0.6429,64.29
2egpenarap9h0a2k0bc5,2023-09,6,6,1,0.1667,16.67
2egpenarap9h0a2k0bc5,2023-10,39,19,18,0.4615,46.15
2egpenarap9h0a2k0bc5,2023-11,26,17,20,0.7692,76.92
2egpenarap9h0a2k0bc5,2023-12,24,13,16,0.6667,66.67
cfi8t4xrx12m2lt4flwz,2023-09,6,4,0,0.0,0.0
cfi8t4xrx12m2lt4flwz,2023-10,51,22,23,0.451,45.1
cfi8t4xrx12m2lt4flwz,2023-11,24,14,16,0.6667,66.67
cfi8t4xrx12m2lt4flwz,2023-12,21,10,13,0.619,61.9
t8sflynjwck4f650mtvp,2023-09,9,6,2,0.2222,22.22
t8sflynjwck4f650mtvp,2023-10,43,22,26,0.6047,60.47
t8sflynjwck4f650mtvp,2023-11,34,15,25,0.7353,73.53
t8sflynjwck4f650mtvp,2023-12,19,12,11,0.5789,57.89
pva49fsfcbexwz1crjvg,2023-09,3,3,0,0.0,0.0
pva49fsfcbexwz1crjvg,2023-10,46,24,30,0.6522,65.22
pva49fsfcbexwz1crjvg,2023-11,32,15,23,0.7188,71.88
pva49fsfcbexwz1crjvg,2023-12,14,8,9,0.6429,64.29
lswzzwjmreuixxjqglhy,2023-09,6,4,2,0.3333,33.33
lswzzwjmreuixxjqglhy,2023-10,37,21,21,0.5676,56.76
lswzzwjmreuixxjqglhy,2023-11,34,18,22,0.6471,64.71
lswzzwjmreuixxjqglhy,2023-12,14,9,10,0.7143,71.43
votyzmo33yg7y89dag17,2023-09,7,4,2,0.2857,28.57
votyzmo33yg7y89dag17,2023-10,44,22,21,0.4773,47.73
votyzmo33yg7y89dag17,2023-11,30,15,20,0.6667,66.67
votyzmo33yg7y89dag17,2023-12,12,8,7,0.5833,58.33
cy2sv8kkoybje2okbll0,2023-09,4,3,1,0.25,25.0
cy2sv8kkoybje2okbll0,2023-10,47,18,29,0.617,61.7
cy2sv8kkoybje2okbll0,2023-11,31,21,21,0.6774,67.74
cy2sv8kkoybje2okbll0,2023-12,22,10,18,0.8182,81.82
jsmqh4aa20rpfeqmyx4h,2023-09,8,6,1,0.125,12.5
jsmqh4aa20rpfeqmyx4h,2023-10,52,24,30,0.5769,57.69
jsmqh4aa20rpfeqmyx4h,2023-11,17,13,14,0.8235,82.35
jsmqh4aa20rpfeqmyx4h,2023-12,21,12,14,0.6667,66.67
ss27ig83t1pi1ztsy5w8,2023-09,3,3,2,0.6667,66.67
ss27ig83t1pi1ztsy5w8,2023-10,49,21,29,0.5918,59.18
ss27ig83t1pi1ztsy5w8,2023-11,23,15,18,0.7826,78.26
ss27ig83t1pi1ztsy5w8,2023-12,18,13,13,0.7222,72.22
7rzwry01x1n79a7rw5va,2023-09,12,8,4,0.3333,33.33
7rzwry01x1n79a7rw5va,2023-10,58,25,29,0.5,50.0
7rzwry01x1n79a7rw5va,2023-11,24,14,16,0.6667,66.67
7rzwry01x1n79a7rw5va,2023-12,12,8,9,0.75,75.0
yvyud23n1eara086vntf,2023-09,5,3,0,0.0,0.0
yvyud23n1eara086vntf,2023-10,40,18,25,0.625,62.5
yvyud23n1eara086vntf,2023-11,29,21,19,0.6552,65.52
yvyud23n1eara086vntf,2023-12,24,15,15,0.625,62.5
9btb3ax7qaitktvbvn8g,2023-09,3,3,0,0.0,0.0
9btb3ax7qaitktvbvn8g,2023-10,52,22,27,0.5192,51.92
9btb3ax7qaitktvbvn8g,2023-11,33,19,25,0.7576,75.76
9btb3ax7qaitktvbvn8g,2023-12,13,8,8,0.6154,61.54
vrx3ianblcyuixzmhzl2,2023-09,11,8,2,0.1818,18.18
vrx3ianblcyuixzmhzl2,2023-10,55,25,32,0.5818,58.18
vrx3ianblcyuixzmhzl2,2023-11,28,17,18,0.6429,64.29
vrx3ianblcyuixzmhzl2,2023-12,14,10,5,0.3571,35.71
qmf8702zbahi9083s7aq,2023-09,6,4,1,0.1667,16.67
qmf8702zbahi9083s7aq,2023-10,48,22,32,0.6667,66.67
qmf8702zbahi9083s7aq,2023-11,28,16,24,0.8571,85.71
qmf8702zbahi9083s7aq,2023-12,13,9,8,0.6154,61.54
13nq2h723zixyhir01lf,2023-09,10,6,2,0.2,20.0
13nq2h723zixyhir01lf,2023-10,54,23,31,0.5741,57.41
13nq2h723zixyhir01lf,2023-11,31,17,24,0.7742,77.42
13nq2h723zixyhir01lf,2023-12,24,13,15,0.625,62.5
ta1gbqs6pw15bx0jb5on,2023-09,3,2,1,0.3333,33.33
ta1gbqs6pw15bx0jb5on,2023-10,45,21,23,0.5111,51.11
ta1gbqs6pw15bx0jb5on,2023-11,30,20,23,0.7667,76.67
ta1gbqs6pw15bx0jb5on,2023-12,17,9,9,0.5294,52.94
jhmn3s11l13woe6jy3zg,2023-09,8,5,3,0.375,37.5
jhmn3s11l13woe6jy3zg,2023-10,58,26,33,0.569,56.9
jhmn3s11l13woe6jy3zg,2023-11,35,17,29,0.8286,82.86
jhmn3s11l13woe6jy3zg,2023-12,18,11,12,0.6667,66.67
w0u7vzowm7eimiupvmm3,2023-09,8,7,1,0.125,12.5
w0u7vzowm7eimiupvmm3,2023-10,46,24,20,0.4348,43.48
w0u7vzowm7eimiupvmm3,2023-11,42,22,35,0.8333,83.33
w0u7vzowm7eimiupvmm3,2023-12,19,14,10,0.5263,52.63
2h9c9tdsnoz1hyzo5frt,2023-09,7,5,2,0.2857,28.57
2h9c9tdsnoz1hyzo5frt,2023-10,60,25,33,0.55,55.0
2h9c9tdsnoz1hyzo5frt,2023-11,31,19,27,0.871,87.1
2h9c9tdsnoz1hyzo5frt,2023-12,17,10,13,0.7647,76.47
vou4hlfvp8hv0r4odzq6,2023-09,5,4,3,0.6,60.0
vou4hlfvp8hv0r4odzq6,2023-10,52,22,31,0.5962,59.62
vou4hlfvp8hv0r4odzq6,2023-11,22,18,18,0.8182,81.82
vou4hlfvp8hv0r4odzq6,2023-12,18,13,12,0.6667,66.67
6g7c63m95z8acd3vx5ct,2023-09,5,2,0,0.0,0.0
6g7c63m95z8acd3vx5ct,2023-10,44,21,29,0.6591,65.91
6g7c63m95z8acd3vx5ct,2023-11,27,18,17,0.6296,62.96
6g7c63m95z8acd3vx5ct,2023-12,17,9,11,0.6471,64.71
te17utf5x961ldgs8zwn,2023-09,8,5,1,0.125,12.5
te17utf5x961ldgs8zwn,2023-10,42,20,22,0.5238,52.38
te17utf5x961ldgs8zwn,2023-11,39,18,27,0.6923,69.23
te17utf5x961ldgs8zwn,2023-12,16,12,10,0.625,62.5
csvv3l0saxxx6pax18c3,2023-09,4,3,1,0.25,25.0
csvv3l0saxxx6pax18c3,2023-10,54,19,26,0.4815,48.15
csvv3l0saxxx6pax18c3,2023-11,22,17,19,0.8636,86.36
csvv3l0saxxx6pax18c3,2023-12,10,8,7,0.7,70.0
kg28tppvvsvr918dkvlb,2023-09,7,5,1,0.1429,14.29
kg28tppvvsvr918dkvlb,2023-10,39,23,28,0.7179,71.79
kg28tppvvsvr918dkvlb,2023-11,24,13,16,0.6667,66.67
kg28tppvvsvr918dkvlb,2023-12,20,10,11,0.55,55.0
28tmrs0kyrrh1odyvf21,2023-09,9,7,1,0.1111,11.11
28tmrs0kyrrh1odyvf21,2023-10,55,25,30,0.5455,54.55
28tmrs0kyrrh1odyvf21,2023-11,31,15,21,0.6774,67.74
28tmrs0kyrrh1odyvf21,2023-12,14,9,8,0.5714,57.14
l82rq4xaymt7t5uytax9,2023-09,1,1,0,0.0,0.0
l82rq4xaymt7t5uytax9,2023-10,53,23,38,0.717,71.7
l82rq4xaymt7t5uytax9,2023-11,31,21,16,0.5161,51.61
l82rq4xaymt7t5uytax9,2023-12,15,7,7,0.4667,46.67
jb3fqd2b9oyprn83h646,2023-09,9,5,1,0.1111,11.11
jb3fqd2b9oyprn83h646,2023-10,47,25,32,0.6809,68.09
jb3fqd2b9oyprn83h646,2023-11,22,15,16,0.7273,72.73
jb3fqd2b9oyprn83h646,2023-12,17,11,12,0.7059,70.59
oyaoqkf2b1we4b67bv8l,2023-09,3,3,2,0.6667,66.67
oyaoqkf2b1we4b67bv8l,2023-10,53,23,28,0.5283,52.83
oyaoqkf2b1we4b67bv8l,2023-11,31,16,20,0.6452,64.52
oyaoqkf2b1we4b67bv8l,2023-12,21,15,10,0.4762,47.62
l2yv9tvvcakn7ikerccy,2023-09,5,4,1,0.2,20.0
l2yv9tvvcakn7ikerccy,2023-10,52,25,33,0.6346,63.46
l2yv9tvvcakn7ikerccy,2023-11,16,12,11,0.6875,68.75
l2yv9tvvcakn7ikerccy,2023-12,12,10,5,0.4167,41.67
xz7x7kwsn26marn29mag,2023-09,8,7,2,0.25,25.0
xz7x7kwsn26marn29mag,2023-10,53,22,30,0.566,56.6
xz7x7kwsn26marn29mag,2023-11,27,20,21,0.7778,77.78
xz7x7kwsn26marn29mag,2023-12,17,12,15,0.8824,88.24
qg0soq1i1uy7yndj17gd,2023-09,7,6,1,0.1429,14.29
qg0soq1i1uy7yndj17gd,2023-10,44,18,27,0.6136,61.36
qg0soq1i1uy7yndj17gd,2023-11,23,13,19,0.8261,82.61
qg0soq1i1uy7yndj17gd,2023-12,16,10,11,0.6875,68.75
8ivuhc6n7pr63b39dupt,2023-09,9,6,4,0.4444,44.44
8ivuhc6n7pr63b39dupt,2023-10,41,20,21,0.5122,51.22
8ivuhc6n7pr63b39dupt,2023-11,33,21,27,0.8182,81.82
8ivuhc6n7pr63b39dupt,2023-12,15,10,8,0.5333,53.33
139429592a9c23c08b71,2023-10,1,1,1,1.0,100.0
139429592a9c23c08b71,2023-12,47,19,27,0.5745,57.45
139429592a9c23c08b71,2024-01,32,18,18,0.5625,56.25
b217bae3c84d59dde71f,2023-10,40,14,16,0.4,40.0
b217bae3c84d59dde71f,2023-11,30,9,16,0.5333,53.33
b217bae3c84d59dde71f,2023-12,26,6,8,0.3077,30.77
b217bae3c84d59dde71f,2024-01,17,11,13,0.7647,76.47
e50db74322430aa289b1,2023-09,24,5,5,0.2083,20.83
e50db74322430aa289b1,2023-10,44,11,27,0.6136,61.36
e50db74322430aa289b1,2023-11,3,2,2,0.6667,66.67
e50db74322430aa289b1,2024-01,51,28,47,0.9216,92.16
4388d48ebff4cf866ecd,2023-09,11,1,0,0.0,0.0
4388d48ebff4cf866ecd,2023-10,35,19,26,0.7429,74.29
4388d48ebff4cf866ecd,2023-11,13,4,7,0.5385,53.85
4388d48ebff4cf866ecd,2024-01,13,10,11,0.8462,84.62
cef765c4375252a6029b,2023-12,55,4,3,0.0545,5.45
cef765c4375252a6029b,2024-01,28,28,28,1.0,100.0
3ac65fbc295f5fbd2ff7,2024-01,89,38,39,0.4382,43.82
e73ae5f649c6f52b3fb1,2023-09,33,13,23,0.697,69.7
e73ae5f649c6f52b3fb1,2023-10,13,2,2,0.1538,15.38
e73ae5f649c6f52b3fb1,2023-11,21,10,17,0.8095,80.95
e73ae5f649c6f52b3fb1,2023-12,22,6,20,0.9091,90.91
e73ae5f649c6f52b3fb1,2024-01,29,9,28,0.9655,96.55
b57bc31cac59b3d26216,2023-09,392,38,237,0.6046,60.46
b57bc31cac59b3d26216,2023-10,75,10,51,0.68,68.0
b57bc31cac59b3d26216,2023-11,1,1,1,1.0,100.0
b57bc31cac59b3d26216,2024-01,1,1,1,1.0,100.0
132c90d4a027a4477ad0,2023-08,1,1,0,0.0,0.0
132c90d4a027a4477ad0,2023-10,54,7,9,0.1667,16.67
132c90d4a027a4477ad0,2023-11,32,13,17,0.5312,53.12
132c90d4a027a4477ad0,2024-01,20,18,18,0.9,90.0
33c123d08dc07edb50f9,2023-09,5,4,4,0.8,80.0
33c123d08dc07edb50f9,2023-10,11,6,4,0.3636,36.36
33c123d08dc07edb50f9,2023-11,12,10,11,0.9167,91.67
33c123d08dc07edb50f9,2023-12,1,1,1,1.0,100.0
33c123d08dc07edb50f9,2024-01,30,19,23,0.7667,76.67
9f447b50d5788f7b4d0a,2023-09,1,1,1,1.0,100.0
9f447b50d5788f7b4d0a,2023-10,39,7,10,0.2564,25.64
9f447b50d5788f7b4d0a,2023-11,15,11,12,0.8,80.0
9f447b50d5788f7b4d0a,2023-12,33,19,28,0.8485,84.85
9f447b50d5788f7b4d0a,2024-01,1,1,1,1.0,100.0
23f1f5d3d90e2890a423,2023-10,79,11,26,0.3291,32.91
23f1f5d3d90e2890a423,2023-11,20,7,13,0.65,65.0
23f1f5d3d90e2890a423,2023-12,95,20,77,0.8105,81.05
23f1f5d3d90e2890a423,2024-01,1,1,1,1.0,100.0
34aaaa47df8c4aa4d926,2023-09,17,2,0,0.0,0.0
34aaaa47df8c4aa4d926,2023-10,88,18,33,0.375,37.5
34aaaa47df8c4aa4d926,2023-11,21,6,8,0.381,38.1
34aaaa47df8c4aa4d926,2023-12,23,7,8,0.3478,34.78
34aaaa47df8c4aa4d926,2024-01,26,8,13,0.5,50.0
875704a45c0214c68eae,2023-10,95,28,55,0.5789,57.89
875704a45c0214c68eae,2023-12,50,11,45,0.9,90.0
c5c5e10586e94f96fe95,2023-08,13,3,3,0.2308,23.08
c5c5e10586e94f96fe95,2023-09,123,20,80,0.6504,65.04
c5c5e10586e94f96fe95,2023-10,38,15,24,0.6316,63.16
2a003b122e9500e465c4,2023-10,100,23,45,0.45,45.0
2a003b122e9500e465c4,2023-11,12,2,7,0.5833,58.33
2a003b122e9500e465c4,2023-12,15,14,14,0.9333,93.33
533bc4c6716035e694ac,2023-10,152,38,58,0.3816,38.16
533bc4c6716035e694ac,2023-11,1,1,1,1.0,100.0
a624e4f6e0a8f026cba9,2023-09,44,26,37,0.8409,84.09
a624e4f6e0a8f026cba9,2023-10,23,14,22,0.9565,95.65
a624e4f6e0a8f026cba9,2023-11,1,1,1,1.0,100.0
a624e4f6e0a8f026cba9,2023-12,3,3,2,0.6667,66.67
7509bbe0d23fe15928ba,2023-10,27,7,7,0.2593,25.93
7509bbe0d23fe15928ba,2023-11,24,9,11,0.4583,45.83
7509bbe0d23fe15928ba,2024-01,45,22,23,0.5111,51.11
eb93cedc17b4eac76750,2023-09,63,21,49,0.7778,77.78
eb93cedc17b4eac76750,2023-10,54,16,36,0.6667,66.67
eb93cedc17b4eac76750,2023-11,12,2,2,0.1667,16.67
eb93cedc17b4eac76750,2024-01,3,2,3,1.0,100.0
1feef8b4129f5bf21e67,2023-09,38,13,25,0.6579,65.79
1feef8b4129f5bf21e67,2023-10,56,23,48,0.8571,85.71
1feef8b4129f5bf21e67,2023-11,12,5,9,0.75,75.0
1feef8b4129f5bf21e67,2023-12,1,1,1,1.0,100.0
951d2aca1b8a1c336908,2023-08,70,14,39,0.5571,55.71
951d2aca1b8a1c336908,2023-09,102,26,57,0.5588,55.88
951d2aca1b8a1c336908,2023-10,3,3,3,1.0,100.0
49b95110a8c59f6b6c58,2023-09,25,6,6,0.24,24.0
49b95110a8c59f6b6c58,2023-10,105,27,52,0.4952,49.52
49b95110a8c59f6b6c58,2023-11,57,10,36,0.6316,63.16
49b95110a8c59f6b6c58,2023-12,1,1,1,1.0,100.0
b8c0c68e7f1220949deb,2023-10,27,17,25,0.9259,92.59
b8c0c68e7f1220949deb,2023-11,18,9,9,0.5,50.0
b8c0c68e7f1220949deb,2023-12,11,5,11,1.0,100.0
b8c0c68e7f1220949deb,2024-01,16,9,15,0.9375,93.75
451b0095938a3c54efc4,2023-10,27,19,21,0.7778,77.78
451b0095938a3c54efc4,2023-11,62,19,35,0.5645,56.45
451b0095938a3c54efc4,2023-12,1,1,1,1.0,100.0
e4c80506c14da4ad563d,2023-09,6,4,5,0.8333,83.33
e4c80506c14da4ad563d,2023-10,50,16,32,0.64,64.0
e4c80506c14da4ad563d,2023-11,28,7,19,0.6786,67.86
e4c80506c14da4ad563d,2023-12,25,11,17,0.68,68.0
25019b8f1c3ac537894b,2023-10,26,16,19,0.7308,73.08
25019b8f1c3ac537894b,2023-11,19,7,15,0.7895,78.95
25019b8f1c3ac537894b,2023-12,46,15,31,0.6739,67.39
4884f3bdc068ef01e042,2023-10,140,19,75,0.5357,53.57
4884f3bdc068ef01e042,2023-11,104,15,58,0.5577,55.77
4884f3bdc068ef01e042,2024-01,23,7,21,0.913,91.3
b43532c7a35b6aedd478,2023-10,15,8,11,0.7333,73.33
b43532c7a35b6aedd478,2023-11,12,7,11,0.9167,91.67
b43532c7a35b6aedd478,2024-01,24,23,23,0.9583,95.83
f9c641e9c05c243a751e,2023-10,47,6,11,0.234,23.4
f9c641e9c05c243a751e,2023-12,39,3,21,0.5385,53.85
f9c641e9c05c243a751e,2024-01,49,28,31,0.6327,63.27
960bf72352d4f58ad083,2023-10,100,22,29,0.29,29.0
960bf72352d4f58ad083,2023-11,2,1,0,0.0,0.0
960bf72352d4f58ad083,2023-12,29,17,22,0.7586,75.86
0557b1363a5092b5811f,2023-10,340,38,115,0.3382,33.82
0557b1363a5092b5811f,2023-11,8,1,5,0.625,62.5
091554ffa26fc9b17c36,2023-10,18,14,16,0.8889,88.89
091554ffa26fc9b17c36,2023-11,11,6,11,1.0,100.0
091554ffa26fc9b17c36,2023-12,14,5,14,1.0,100.0
091554ffa26fc9b17c36,2024-01,20,16,18,0.9,90.0
d7ad1a5f3ab7d6237f8e,2023-10,180,22,75,0.4167,41.67
d7ad1a5f3ab7d6237f8e,2023-11,93,19,34,0.3656,36.56
e4d6737b176e6ca5ef06,2023-09,133,29,51,0.3835,38.35
e4d6737b176e6ca5ef06,2023-10,18,9,8,0.4444,44.44
e4d6737b176e6ca5ef06,2023-11,1,1,0,0.0,0.0
e4d6737b176e6ca5ef06,2023-12,1,1,0,0.0,0.0
e4d6737b176e6ca5ef06,2024-01,1,1,1,1.0,100.0
5914db0d4427b322e8af,2023-09,3,3,2,0.6667,66.67
5914db0d4427b322e8af,2023-10,48,16,30,0.625,62.5
5914db0d4427b322e8af,2023-11,8,3,4,0.5,50.0
6314d7cbc465e29f357c,2023-09,34,6,15,0.4412,44.12
6314d7cbc465e29f357c,2023-10,8,5,8,1.0,100.0
6314d7cbc465e29f357c,2023-11,17,4,4,0.2353,23.53
6314d7cbc465e29f357c,2023-12,9,2,2,0.2222,22.22
6314d7cbc465e29f357c,2024-01,26,22,24,0.9231,92.31
d2cb0d0da17471ee23a9,2023-10,12,3,4,0.3333,33.33
d2cb0d0da17471ee23a9,2023-12,40,12,10,0.25,25.0
d2cb0d0da17471ee23a9,2024-01,100,26,27,0.27,27.0
75dcc10ba89fd0c25d50,2023-09,60,18,39,0.65,65.0
75dcc10ba89fd0c25d50,2023-10,74,15,62,0.8378,83.78
75dcc10ba89fd0c25d50,2023-11,16,3,11,0.6875,68.75
75dcc10ba89fd0c25d50,2023-12,2,1,0,0.0,0.0
75dcc10ba89fd0c25d50,2024-01,7,4,4,0.5714,57.14
98be3476791a8df7e937,2023-09,16,1,1,0.0625,6.25
98be3476791a8df7e937,2023-10,136,18,62,0.4559,45.59
98be3476791a8df7e937,2023-11,32,7,14,0.4375,43.75
98be3476791a8df7e937,2023-12,34,14,28,0.8235,82.35
29172d2e39ca0d890848,2023-09,3,1,2,0.6667,66.67
29172d2e39ca0d890848,2023-10,30,16,25,0.8333,83.33
29172d2e39ca0d890848,2023-11,22,13,20,0.9091,90.91
29172d2e39ca0d890848,2023-12,32,10,32,1.0,100.0
b083663157e08e36d335,2023-09,15,12,13,0.8667,86.67
b083663157e08e36d335,2023-10,15,7,7,0.4667,46.67
b083663157e08e36d335,2023-11,3,3,3,1.0,100.0
b083663157e08e36d335,2023-12,6,4,6,1.0,100.0
b083663157e08e36d335,2024-01,14,12,12,0.8571,85.71
48ad93c227abfa9542aa,2023-10,76,9,22,0.2895,28.95
48ad93c227abfa9542aa,2023-11,29,7,27,0.931,93.1
48ad93c227abfa9542aa,2023-12,37,23,35,0.9459,94.59
3ab864e1e692786fefd2,2023-10,29,8,9,0.3103,31.03
3ab864e1e692786fefd2,2023-11,28,9,15,0.5357,53.57
3ab864e1e692786fefd2,2023-12,17,6,6,0.3529,35.29
3ab864e1e692786fefd2,2024-01,16,15,15,0.9375,93.75
3b6f3bb370f3107e257d,2023-08,13,6,5,0.3846,38.46
3b6f3bb370f3107e257d,2023-09,3,1,1,0.3333,33.33
3b6f3bb370f3107e257d,2023-10,20,20,20,1.0,100.0
3b6f3bb370f3107e257d,2023-12,14,12,12,0.8571,85.71
a12c27630a75f6a4a64a,2024-01,165,38,83,0.503,50.3
hq2dy5tjgczdmkvq0l2d,2023-10,14,14,14,1.0,100.0
hq2dy5tjgczdmkvq0l2d,2023-11,20,19,19,0.95,95.0
hq2dy5tjgczdmkvq0l2d,2023-12,9,8,9,1.0,100.0
4a0890c15c26984c191f,2023-10,30,4,7,0.2333,23.33
4a0890c15c26984c191f,2023-11,35,13,24,0.6857,68.57
4a0890c15c26984c191f,2023-12,43,10,17,0.3953,39.53
4a0890c15c26984c191f,2024-01,42,20,31,0.7381,73.81
a0b36e07079573966740,2023-10,4,3,3,0.75,75.0
a0b36e07079573966740,2023-11,46,35,40,0.8696,86.96
852687af72e9ee38fb42,2023-09,17,13,14,0.8235,82.35
852687af72e9ee38fb42,2023-10,32,25,32,1.0,100.0
9723ceb0cf2dca42c118,2023-09,108,17,30,0.2778,27.78
9723ceb0cf2dca42c118,2023-10,11,1,0,0.0,0.0
9723ceb0cf2dca42c118,2023-11,42,22,22,0.5238,52.38
bd657014cfd3fe7a8fe2,2023-08,14,11,14,1.0,100.0
bd657014cfd3fe7a8fe2,2023-09,71,27,68,0.9577,95.77
2xk6toebmkxdw8f2bypd,2023-09,10,5,5,0.5,50.0
2xk6toebmkxdw8f2bypd,2023-12,56,33,40,0.7143,71.43
02068067a434adb6556a,2023-09,4,1,0,0.0,0.0
3531c5f9d520759ba697,2023-08,1,1,1,1.0,100.0
3531c5f9d520759ba697,2023-09,167,37,116,0.6946,69.46
3531c5f9d520759ba697,2023-10,3,2,3,1.0,100.0
3531c5f9d520759ba697,2023-12,3,1,3,1.0,100.0
037a76bc8e6bf5fe1fc0,2024-01,39,38,38,0.9744,97.44
c08165d73ae49215c391,2023-10,1,1,1,1.0,100.0
c08165d73ae49215c391,2023-11,115,24,60,0.5217,52.17
c08165d73ae49215c391,2023-12,23,8,13,0.5652,56.52
c08165d73ae49215c391,2024-01,6,5,6,1.0,100.0
84146496b8d6256d6982,2023-11,7,5,5,0.7143,71.43
84146496b8d6256d6982,2023-12,12,6,9,0.75,75.0
84146496b8d6256d6982,2024-01,29,27,27,0.931,93.1
5be7405ad4ae9d9a2853,2023-11,102,13,54,0.5294,52.94
5be7405ad4ae9d9a2853,2023-12,10,2,2,0.2,20.0
5be7405ad4ae9d9a2853,2024-01,34,24,26,0.7647,76.47
avehb7ibwpvjcgcr474k,2023-10,1,1,1,1.0,100.0
avehb7ibwpvjcgcr474k,2023-11,5,3,4,0.8,80.0
avehb7ibwpvjcgcr474k,2023-12,14,6,12,0.8571,85.71
avehb7ibwpvjcgcr474k,2024-01,49,28,36,0.7347,73.47
sfmngecoi3b7ahvhi2k6,2023-10,32,19,20,0.625,62.5
sfmngecoi3b7ahvhi2k6,2023-11,52,21,33,0.6346,63.46
1f4oscu6io8xlog2157e,2023-08,2,2,1,0.5,50.0
1f4oscu6io8xlog2157e,2023-09,20,16,11,0.55,55.0
1f4oscu6io8xlog2157e,2023-10,40,23,21,0.525,52.5
1f4oscu6io8xlog2157e,2023-11,7,5,7,1.0,100.0
1f4oscu6io8xlog2157e,2023-12,16,12,10,0.625,62.5
1f4oscu6io8xlog2157e,2024-01,16,13,11,0.6875,68.75
gj009a2t56bxjluh0mox,2023-08,1,1,0,0.0,0.0
gj009a2t56bxjluh0mox,2023-09,25,16,16,0.64,64.0
gj009a2t56bxjluh0mox,2023-10,54,29,26,0.4815,48.15
gj009a2t56bxjluh0mox,2023-11,26,19,17,0.6538,65.38
gj009a2t56bxjluh0mox,2023-12,11,10,7,0.6364,63.64
gj009a2t56bxjluh0mox,2024-01,14,12,7,0.5,50.0
ov1tvylbnny48ojayssl,2023-08,2,2,1,0.5,50.0
ov1tvylbnny48ojayssl,2023-09,21,12,12,0.5714,57.14
ov1tvylbnny48ojayssl,2023-10,44,19,21,0.4773,47.73
ov1tvylbnny48ojayssl,2023-11,14,9,10,0.7143,71.43
ov1tvylbnny48ojayssl,2023-12,9,7,8,0.8889,88.89
ov1tvylbnny48ojayssl,2024-01,18,15,14,0.7778,77.78
qw19zri3d9vkqjhcn3xk,2023-09,11,10,8,0.7273,72.73
qw19zri3d9vkqjhcn3xk,2023-10,35,20,20,0.5714,57.14
qw19zri3d9vkqjhcn3xk,2023-11,10,8,7,0.7,70.0
qw19zri3d9vkqjhcn3xk,2023-12,6,6,5,0.8333,83.33
qw19zri3d9vkqjhcn3xk,2024-01,15,15,11,0.7333,73.33
yesnbayr80dvsb8ajp9v,2023-08,1,1,0,0.0,0.0
yesnbayr80dvsb8ajp9v,2023-09,23,16,14,0.6087,60.87
yesnbayr80dvsb8ajp9v,2023-10,42,22,22,0.5238,52.38
yesnbayr80dvsb8ajp9v,2023-11,25,17,15,0.6,60.0
yesnbayr80dvsb8ajp9v,2023-12,20,16,14,0.7,70.0
yesnbayr80dvsb8ajp9v,2024-01,14,12,11,0.7857,78.57
msko5bf6rjt9adsuxby9,2023-08,1,1,1,1.0,100.0
msko5bf6rjt9adsuxby9,2023-09,22,14,11,0.5,50.0
msko5bf6rjt9adsuxby9,2023-10,43,27,24,0.5581,55.81
msko5bf6rjt9adsuxby9,2023-11,16,15,6,0.375,37.5
msko5bf6rjt9adsuxby9,2023-12,17,13,12,0.7059,70.59
msko5bf6rjt9adsuxby9,2024-01,15,15,10,0.6667,66.67
8hn55e1bxuyegxa76l3r,2023-08,1,1,0,0.0,0.0
8hn55e1bxuyegxa76l3r,2023-09,28,16,20,0.7143,71.43
8hn55e1bxuyegxa76l3r,2023-10,31,18,14,0.4516,45.16
8hn55e1bxuyegxa76l3r,2023-11,18,11,11,0.6111,61.11
8hn55e1bxuyegxa76l3r,2023-12,15,11,7,0.4667,46.67
8hn55e1bxuyegxa76l3r,2024-01,9,7,6,0.6667,66.67
t23e5lcdy5k50uvg5k0v,2023-08,1,1,1,1.0,100.0
t23e5lcdy5k50uvg5k0v,2023-09,26,16,12,0.4615,46.15
t23e5lcdy5k50uvg5k0v,2023-10,34,18,10,0.2941,29.41
t23e5lcdy5k50uvg5k0v,2023-11,19,12,15,0.7895,78.95
t23e5lcdy5k50uvg5k0v,2023-12,10,8,8,0.8,80.0
t23e5lcdy5k50uvg5k0v,2024-01,15,13,13,0.8667,86.67
gsirdbny6840zq22vo7a,2023-08,3,3,2,0.6667,66.67
gsirdbny6840zq22vo7a,2023-09,20,13,12,0.6,60.0
gsirdbny6840zq22vo7a,2023-10,37,21,16,0.4324,43.24
gsirdbny6840zq22vo7a,2023-11,20,14,10,0.5,50.0
gsirdbny6840zq22vo7a,2023-12,23,16,15,0.6522,65.22
gsirdbny6840zq22vo7a,2024-01,17,13,14,0.8235,82.35
rb8z9vpc5uyhbcaa71v5,2023-08,1,1,0,0.0,0.0
rb8z9vpc5uyhbcaa71v5,2023-09,27,17,15,0.5556,55.56
rb8z9vpc5uyhbcaa71v5,2023-10,38,19,15,0.3947,39.47
rb8z9vpc5uyhbcaa71v5,2023-11,20,14,13,0.65,65.0
rb8z9vpc5uyhbcaa71v5,2023-12,14,12,8,0.5714,57.14
rb8z9vpc5uyhbcaa71v5,2024-01,21,17,15,0.7143,71.43
fcwom6dicy0kov3lxsf8,2023-08,3,2,3,1.0,100.0
fcwom6dicy0kov3lxsf8,2023-09,19,15,12,0.6316,63.16
fcwom6dicy0kov3lxsf8,2023-10,38,21,21,0.5526,55.26
fcwom6dicy0kov3lxsf8,2023-11,19,13,12,0.6316,63.16
fcwom6dicy0kov3lxsf8,2023-12,13,11,8,0.6154,61.54
fcwom6dicy0kov3lxsf8,2024-01,16,13,13,0.8125,81.25
1nyzl7s790ta4c8r1l9g,2023-08,5,4,3,0.6,60.0
1nyzl7s790ta4c8r1l9g,2023-09,24,13,13,0.5417,54.17
1nyzl7s790ta4c8r1l9g,2023-10,42,19,17,0.4048,40.48
1nyzl7s790ta4c8r1l9g,2023-11,16,12,9,0.5625,56.25
1nyzl7s790ta4c8r1l9g,2023-12,7,5,5,0.7143,71.43
1nyzl7s790ta4c8r1l9g,2024-01,17,15,14,0.8235,82.35
rdf3wmujcm1k56ftf8uc,2023-09,27,17,15,0.5556,55.56
rdf3wmujcm1k56ftf8uc,2023-10,44,23,13,0.2955,29.55
rdf3wmujcm1k56ftf8uc,2023-11,12,10,8,0.6667,66.67
rdf3wmujcm1k56ftf8uc,2023-12,11,10,8,0.7273,72.73
rdf3wmujcm1k56ftf8uc,2024-01,11,11,10,0.9091,90.91
40rkj6cwy12hdupgq4w2,2023-08,3,3,3,1.0,100.0
40rkj6cwy12hdupgq4w2,2023-09,24,19,13,0.5417,54.17
40rkj6cwy12hdupgq4w2,2023-10,37,23,20,0.5405,54.05
40rkj6cwy12hdupgq4w2,2023-11,15,12,7,0.4667,46.67
40rkj6cwy12hdupgq4w2,2023-12,14,10,9,0.6429,64.29
40rkj6cwy12hdupgq4w2,2024-01,19,14,16,0.8421,84.21
obyl72l5qy37to65i5ml,2023-09,26,17,12,0.4615,46.15
obyl72l5qy37to65i5ml,2023-10,40,20,16,0.4,40.0
obyl72l5qy37to65i5ml,2023-11,21,19,10,0.4762,47.62
obyl72l5qy37to65i5ml,2023-12,14,13,9,0.6429,64.29
obyl72l5qy37to65i5ml,2024-01,19,15,16,0.8421,84.21
sx8c4g672zgcw7w2lflp,2023-09,20,16,10,0.5,50.0
sx8c4g672zgcw7w2lflp,2023-10,44,26,17,0.3864,38.64
sx8c4g672zgcw7w2lflp,2023-11,27,18,14,0.5185,51.85
sx8c4g672zgcw7w2lflp,2023-12,17,13,10,0.5882,58.82
sx8c4g672zgcw7w2lflp,2024-01,19,17,12,0.6316,63.16
wj1gt5zvzfnjf7xcf1c8,2023-08,4,3,2,0.5,50.0
wj1gt5zvzfnjf7xcf1c8,2023-09,15,10,5,0.3333,33.33
wj1gt5zvzfnjf7xcf1c8,2023-10,37,22,19,0.5135,51.35
wj1gt5zvzfnjf7xcf1c8,2023-11,13,9,9,0.6923,69.23
wj1gt5zvzfnjf7xcf1c8,2023-12,15,12,9,0.6,60.0
wj1gt5zvzfnjf7xcf1c8,2024-01,18,13,14,0.7778,77.78
p9a57kwg5xdwjzm8eql9,2023-09,23,18,10,0.4348,43.48
p9a57kwg5xdwjzm8eql9,2023-10,39,20,18,0.4615,46.15
p9a57kwg5xdwjzm8eql9,2023-11,19,16,13,0.6842,68.42
p9a57kwg5xdwjzm8eql9,2023-12,7,4,7,1.0,100.0
p9a57kwg5xdwjzm8eql9,2024-01,19,14,14,0.7368,73.68
w9r5wihhl33fmutbq5qd,2023-08,1,1,0,0.0,0.0
w9r5wihhl33fmutbq5qd,2023-09,29,18,18,0.6207,62.07
w9r5wihhl33fmutbq5qd,2023-10,35,22,17,0.4857,48.57
w9r5wihhl33fmutbq5qd,2023-11,19,14,11,0.5789,57.89
w9r5wihhl33fmutbq5qd,2023-12,15,12,6,0.4,40.0
w9r5wihhl33fmutbq5qd,2024-01,13,9,11,0.8462,84.62
z0mde15metn3m79ek96y,2023-08,1,1,1,1.0,100.0
z0mde15metn3m79ek96y,2023-09,23,15,14,0.6087,60.87
z0mde15metn3m79ek96y,2023-10,30,12,12,0.4,40.0
z0mde15metn3m79ek96y,2023-11,13,11,9,0.6923,69.23
z0mde15metn3m79ek96y,2023-12,8,7,3,0.375,37.5
z0mde15metn3m79ek96y,2024-01,20,15,16,0.8,80.0
udbo68xozj9btqumivk2,2023-09,21,15,14,0.6667,66.67
udbo68xozj9btqumivk2,2023-10,37,19,21,0.5676,56.76
udbo68xozj9btqumivk2,2023-11,15,13,9,0.6,60.0
udbo68xozj9btqumivk2,2023-12,7,7,4,0.5714,57.14
udbo68xozj9btqumivk2,2024-01,18,15,11,0.6111,61.11
qu1rl2d6teeyti106rgx,2023-08,3,3,3,1.0,100.0
qu1rl2d6teeyti106rgx,2023-09,20,13,9,0.45,45.0
qu1rl2d6teeyti106rgx,2023-10,35,20,16,0.4571,45.71
qu1rl2d6teeyti106rgx,2023-11,20,14,11,0.55,55.0
qu1rl2d6teeyti106rgx,2023-12,5,5,1,0.2,20.0
qu1rl2d6teeyti106rgx,2024-01,14,11,12,0.8571,85.71
i8wbhc071gfhkbhtmeb1,2023-08,1,1,1,1.0,100.0
i8wbhc071gfhkbhtmeb1,2023-09,18,13,9,0.5,50.0
i8wbhc071gfhkbhtmeb1,2023-10,39,25,25,0.641,64.1
i8wbhc071gfhkbhtmeb1,2023-11,20,14,11,0.55,55.0
i8wbhc071gfhkbhtmeb1,2023-12,8,8,5,0.625,62.5
i8wbhc071gfhkbhtmeb1,2024-01,12,11,9,0.75,75.0
8l0qqik09gqh0e5anus0,2023-08,5,3,3,0.6,60.0
8l0qqik09gqh0e5anus0,2023-09,19,13,12,0.6316,63.16
8l0qqik09gqh0e5anus0,2023-10,36,21,19,0.5278,52.78
8l0qqik09gqh0e5anus0,2023-11,13,11,10,0.7692,76.92
8l0qqik09gqh0e5anus0,2023-12,16,14,10,0.625,62.5
8l0qqik09gqh0e5anus0,2024-01,12,8,9,0.75,75.0
7kqvekz6iho08947fhk9,2023-08,1,1,1,1.0,100.0
7kqvekz6iho08947fhk9,2023-09,18,15,12,0.6667,66.67
7kqvekz6iho08947fhk9,2023-10,42,24,21,0.5,50.0
7kqvekz6iho08947fhk9,2023-11,16,13,9,0.5625,56.25
7kqvekz6iho08947fhk9,2023-12,10,8,7,0.7,70.0
7kqvekz6iho08947fhk9,2024-01,13,11,8,0.6154,61.54
148o63s7q5aitfxmmtrg,2023-08,1,1,1,1.0,100.0
148o63s7q5aitfxmmtrg,2023-09,41,21,28,0.6829,68.29
148o63s7q5aitfxmmtrg,2023-10,47,22,24,0.5106,51.06
148o63s7q5aitfxmmtrg,2023-11,25,18,16,0.64,64.0
148o63s7q5aitfxmmtrg,2023-12,7,6,4,0.5714,57.14
148o63s7q5aitfxmmtrg,2024-01,22,19,16,0.7273,72.73
gk8izwg77g6t4p5buiar,2023-08,3,2,2,0.6667,66.67
gk8izwg77g6t4p5buiar,2023-09,15,8,8,0.5333,53.33
gk8izwg77g6t4p5buiar,2023-10,36,24,19,0.5278,52.78
gk8izwg77g6t4p5buiar,2023-11,19,16,10,0.5263,52.63
gk8izwg77g6t4p5buiar,2023-12,14,10,9,0.6429,64.29
gk8izwg77g6t4p5buiar,2024-01,15,11,9,0.6,60.0
70exfe4k4e5vvm5sqspq,2023-08,2,2,0,0.0,0.0
70exfe4k4e5vvm5sqspq,2023-09,23,13,9,0.3913,39.13
70exfe4k4e5vvm5sqspq,2023-10,36,22,22,0.6111,61.11
70exfe4k4e5vvm5sqspq,2023-11,20,14,13,0.65,65.0
70exfe4k4e5vvm5sqspq,2023-12,14,11,12,0.8571,85.71
70exfe4k4e5vvm5sqspq,2024-01,14,14,7,0.5,50.0
e43g7im7dra88a4o8bbl,2023-08,1,1,1,1.0,100.0
e43g7im7dra88a4o8bbl,2023-09,18,13,11,0.6111,61.11
e43g7im7dra88a4o8bbl,2023-10,32,19,18,0.5625,56.25
e43g7im7dra88a4o8bbl,2023-11,15,13,11,0.7333,73.33
e43g7im7dra88a4o8bbl,2023-12,14,12,7,0.5,50.0
e43g7im7dra88a4o8bbl,2024-01,20,18,14,0.7,70.0
lqg2nmqf4x8w52gx12xw,2023-08,1,1,0,0.0,0.0
lqg2nmqf4x8w52gx12xw,2023-09,24,13,16,0.6667,66.67
lqg2nmqf4x8w52gx12xw,2023-10,31,18,15,0.4839,48.39
lqg2nmqf4x8w52gx12xw,2023-11,24,15,14,0.5833,58.33
lqg2nmqf4x8w52gx12xw,2023-12,13,12,6,0.4615,46.15
lqg2nmqf4x8w52gx12xw,2024-01,6,6,5,0.8333,83.33
lpzjucfyqwtb8ihim9b3,2023-08,5,3,2,0.4,40.0
lpzjucfyqwtb8ihim9b3,2023-09,28,16,14,0.5,50.0
lpzjucfyqwtb8ihim9b3,2023-10,41,18,24,0.5854,58.54
lpzjucfyqwtb8ihim9b3,2023-11,12,9,8,0.6667,66.67
lpzjucfyqwtb8ihim9b3,2023-12,10,8,4,0.4,40.0
lpzjucfyqwtb8ihim9b3,2024-01,16,14,13,0.8125,81.25
woxwsoo99kl7vq4mk0rr,2023-09,21,16,13,0.619,61.9
woxwsoo99kl7vq4mk0rr,2023-10,43,21,21,0.4884,48.84
woxwsoo99kl7vq4mk0rr,2023-11,13,12,8,0.6154,61.54
woxwsoo99kl7vq4mk0rr,2023-12,14,13,8,0.5714,57.14
woxwsoo99kl7vq4mk0rr,2024-01,11,9,6,0.5455,54.55
gq3jw96afgct5rjiim20,2023-09,24,11,9,0.375,37.5
gq3jw96afgct5rjiim20,2023-10,38,22,26,0.6842,68.42
gq3jw96afgct5rjiim20,2023-11,18,14,12,0.6667,66.67
gq3jw96afgct5rjiim20,2023-12,8,5,7,0.875,87.5
gq3jw96afgct5rjiim20,2024-01,15,11,9,0.6,60.0
hc0idvz0lxc4zpx94cbx,2023-08,3,3,2,0.6667,66.67
hc0idvz0lxc4zpx94cbx,2023-09,12,9,4,0.3333,33.33
hc0idvz0lxc4zpx94cbx,2023-10,33,20,15,0.4545,45.45
hc0idvz0lxc4zpx94cbx,2023-11,16,11,11,0.6875,68.75
hc0idvz0lxc4zpx94cbx,2023-12,15,13,7,0.4667,46.67
hc0idvz0lxc4zpx94cbx,2024-01,21,16,18,0.8571,85.71
43vri1lqbgiiwbkaskqd,2023-09,21,13,11,0.5238,52.38
43vri1lqbgiiwbkaskqd,2023-10,27,16,14,0.5185,51.85
43vri1lqbgiiwbkaskqd,2023-11,12,11,6,0.5,50.0
43vri1lqbgiiwbkaskqd,2023-12,14,11,10,0.7143,71.43
43vri1lqbgiiwbkaskqd,2024-01,24,16,17,0.7083,70.83
43d98a750c726bb39d11,2023-10,28,13,19,0.6786,67.86
43d98a750c726bb39d11,2023-11,33,12,26,0.7879,78.79
43d98a750c726bb39d11,2023-12,42,13,29,0.6905,69.05
43d98a750c726bb39d11,2024-01,6,2,5,0.8333,83.33
5d16326e4577a67d94c6,2023-10,36,8,21,0.5833,58.33
5d16326e4577a67d94c6,2023-11,28,13,18,0.6429,64.29
5d16326e4577a67d94c6,2023-12,14,9,11,0.7857,78.57
5d16326e4577a67d94c6,2024-01,17,8,12,0.7059,70.59
e00bc7d9f2ce32c4f745,2023-09,13,9,10,0.7692,76.92
e00bc7d9f2ce32c4f745,2023-10,31,16,28,0.9032,90.32
e00bc7d9f2ce32c4f745,2023-11,73,15,63,0.863,86.3
e00bc7d9f2ce32c4f745,2023-12,23,7,20,0.8696,86.96
e00bc7d9f2ce32c4f745,2024-01,3,3,3,1.0,100.0
21fc5674d24be8e9da89,2023-09,15,9,12,0.8,80.0
21fc5674d24be8e9da89,2023-10,10,8,8,0.8,80.0
21fc5674d24be8e9da89,2023-11,9,9,9,1.0,100.0
21fc5674d24be8e9da89,2023-12,10,10,10,1.0,100.0
21fc5674d24be8e9da89,2024-01,2,2,2,1.0,100.0
a7fc1ba478db11fde063,2023-09,15,9,10,0.6667,66.67
a7fc1ba478db11fde063,2023-10,21,12,13,0.619,61.9
a7fc1ba478db11fde063,2023-11,11,4,6,0.5455,54.55
a7fc1ba478db11fde063,2023-12,4,2,2,0.5,50.0
a7fc1ba478db11fde063,2024-01,16,11,11,0.6875,68.75
63ff3dff3eb31d62ab3e,2023-09,43,6,9,0.2093,20.93
63ff3dff3eb31d62ab3e,2023-10,26,7,23,0.8846,88.46
63ff3dff3eb31d62ab3e,2023-11,39,11,18,0.4615,46.15
63ff3dff3eb31d62ab3e,2023-12,12,8,9,0.75,75.0
63ff3dff3eb31d62ab3e,2024-01,9,7,7,0.7778,77.78
4edfd2e1b7c5c5d1d384,2023-09,2,2,2,1.0,100.0
4edfd2e1b7c5c5d1d384,2023-10,38,16,19,0.5,50.0
4edfd2e1b7c5c5d1d384,2023-11,2,1,2,1.0,100.0
4edfd2e1b7c5c5d1d384,2023-12,10,10,10,1.0,100.0
4edfd2e1b7c5c5d1d384,2024-01,9,5,9,1.0,100.0
cbc8550ffaf44443c7ad,2023-09,14,2,1,0.0714,7.14
cbc8550ffaf44443c7ad,2023-10,87,24,28,0.3218,32.18
cbc8550ffaf44443c7ad,2023-12,16,11,12,0.75,75.0
cbc8550ffaf44443c7ad,2024-01,12,4,10,0.8333,83.33
766836b5f30556e81da4,2023-10,22,15,14,0.6364,63.64
766836b5f30556e81da4,2023-11,15,6,7,0.4667,46.67
766836b5f30556e81da4,2023-12,28,15,14,0.5,50.0
766836b5f30556e81da4,2024-01,5,5,5,1.0,100.0
df02e3643bb9ee33fb0c,2023-09,3,2,2,0.6667,66.67
df02e3643bb9ee33fb0c,2023-10,67,17,38,0.5672,56.72
df02e3643bb9ee33fb0c,2023-11,18,8,17,0.9444,94.44
df02e3643bb9ee33fb0c,2023-12,11,5,7,0.6364,63.64
df02e3643bb9ee33fb0c,2024-01,8,6,7,0.875,87.5
f5c3c6eb77fac482de13,2023-10,20,14,15,0.75,75.0
f5c3c6eb77fac482de13,2023-11,28,11,18,0.6429,64.29
f5c3c6eb77fac482de13,2023-12,7,5,6,0.8571,85.71
f5c3c6eb77fac482de13,2024-01,14,8,9,0.6429,64.29
5f8d87412f69e3d9fb13,2023-09,46,28,37,0.8043,80.43
5f8d87412f69e3d9fb13,2023-10,10,9,10,1.0,100.0
5f8d87412f69e3d9fb13,2023-11,1,1,1,1.0,100.0
5f8d87412f69e3d9fb13,2023-12,3,3,3,1.0,100.0
5f8d87412f69e3d9fb13,2024-01,2,2,2,1.0,100.0
6923e581d76689cb57a1,2023-10,62,8,25,0.4032,40.32
6923e581d76689cb57a1,2023-11,32,14,18,0.5625,56.25
6923e581d76689cb57a1,2023-12,11,8,9,0.8182,81.82
6923e581d76689cb57a1,2024-01,8,8,8,1.0,100.0
e865c97bc96802575f80,2023-09,43,2,2,0.0465,4.65
e865c97bc96802575f80,2023-10,121,13,52,0.4298,42.98
e865c97bc96802575f80,2023-11,47,12,13,0.2766,27.66
e865c97bc96802575f80,2023-12,73,9,43,0.589,58.9
e865c97bc96802575f80,2024-01,16,8,16,1.0,100.0
fb5d5693ffa9f022a191,2023-10,26,19,23,0.8846,88.46
fb5d5693ffa9f022a191,2023-11,17,10,14,0.8235,82.35
fb5d5693ffa9f022a191,2023-12,18,10,13,0.7222,72.22
fb5d5693ffa9f022a191,2024-01,2,1,2,1.0,100.0
1bd9bb053a3ac1bba507,2023-10,35,19,23,0.6571,65.71
1bd9bb053a3ac1bba507,2023-11,15,13,14,0.9333,93.33
1bd9bb053a3ac1bba507,2023-12,14,11,14,1.0,100.0
1bd9bb053a3ac1bba507,2024-01,14,7,9,0.6429,64.29
49ef48443e09f8be12f6,2023-09,20,13,14,0.7,70.0
49ef48443e09f8be12f6,2023-10,14,6,8,0.5714,57.14
49ef48443e09f8be12f6,2023-11,35,12,25,0.7143,71.43
49ef48443e09f8be12f6,2023-12,27,7,20,0.7407,74.07
def1216bf8f3009dbe41,2023-09,29,5,5,0.1724,17.24
def1216bf8f3009dbe41,2023-10,47,14,27,0.5745,57.45
def1216bf8f3009dbe41,2023-11,14,12,14,1.0,100.0
def1216bf8f3009dbe41,2023-12,12,10,12,1.0,100.0
def1216bf8f3009dbe41,2024-01,1,1,1,1.0,100.0
d02f48d05ce5e7ca16e1,2023-09,13,6,11,0.8462,84.62
d02f48d05ce5e7ca16e1,2023-10,47,19,29,0.617,61.7
d02f48d05ce5e7ca16e1,2023-11,53,12,51,0.9623,96.23
d02f48d05ce5e7ca16e1,2023-12,1,1,1,1.0,100.0
6b22922bfe081d68c7a6,2023-09,36,12,22,0.6111,61.11
6b22922bfe081d68c7a6,2023-10,72,18,42,0.5833,58.33
6b22922bfe081d68c7a6,2023-11,25,11,19,0.76,76.0
6b22922bfe081d68c7a6,2023-12,50,8,46,0.92,92.0
baed8a816ea02ae929f4,2023-10,46,23,33,0.7174,71.74
baed8a816ea02ae929f4,2023-11,77,13,63,0.8182,81.82
baed8a816ea02ae929f4,2023-12,23,6,14,0.6087,60.87
dee7cfe3312551bdf5a5,2023-09,8,5,6,0.75,75.0
dee7cfe3312551bdf5a5,2023-10,21,14,19,0.9048,90.48
dee7cfe3312551bdf5a5,2023-11,27,12,24,0.8889,88.89
dee7cfe3312551bdf5a5,2023-12,25,7,19,0.76,76.0
ef912a5602a5f70b244b,2023-09,14,6,6,0.4286,42.86
ef912a5602a5f70b244b,2023-10,16,13,16,1.0,100.0
ef912a5602a5f70b244b,2023-11,14,8,14,1.0,100.0
ef912a5602a5f70b244b,2023-12,15,11,15,1.0,100.0
48a71a6a5a15e31084e3,2023-10,67,24,38,0.5672,56.72
48a71a6a5a15e31084e3,2023-11,16,7,10,0.625,62.5
48a71a6a5a15e31084e3,2023-12,15,7,9,0.6,60.0
16d68f70cf5e52d0b34a,2023-09,13,3,3,0.2308,23.08
16d68f70cf5e52d0b34a,2023-10,82,16,51,0.622,62.2
16d68f70cf5e52d0b34a,2023-11,25,6,8,0.32,32.0
16d68f70cf5e52d0b34a,2023-12,28,13,19,0.6786,67.86
ba8c301bda7090bda756,2023-10,26,19,24,0.9231,92.31
ba8c301bda7090bda756,2023-11,25,17,21,0.84,84.0
ba8c301bda7090bda756,2023-12,5,2,5,1.0,100.0
311abc37a94ae8afe41a,2023-09,39,18,32,0.8205,82.05
311abc37a94ae8afe41a,2023-10,76,19,57,0.75,75.0
311abc37a94ae8afe41a,2023-11,7,2,4,0.5714,57.14
fdd50b3ad56dcf116c82,2023-10,46,19,25,0.5435,54.35
fdd50b3ad56dcf116c82,2023-11,9,7,8,0.8889,88.89
fdd50b3ad56dcf116c82,2023-12,28,13,18,0.6429,64.29
e22c18eef214a779b4c2,2023-09,85,29,53,0.6235,62.35
e22c18eef214a779b4c2,2023-10,46,9,32,0.6957,69.57
e22c18eef214a779b4c2,2023-11,4,1,3,0.75,75.0
e22c18eef214a779b4c2,2023-12,19,2,17,0.8947,89.47
8711049a2e0ef13bb10c,2023-09,6,5,5,0.8333,83.33
8711049a2e0ef13bb10c,2023-10,17,14,17,1.0,100.0
8711049a2e0ef13bb10c,2023-11,16,11,13,0.8125,81.25
8711049a2e0ef13bb10c,2023-12,12,9,11,0.9167,91.67
9ef8a5baccebc3841cb2,2023-09,25,19,21,0.84,84.0
9ef8a5baccebc3841cb2,2023-10,33,16,31,0.9394,93.94
9ef8a5baccebc3841cb2,2023-11,3,1,3,1.0,100.0
9ef8a5baccebc3841cb2,2023-12,9,2,2,0.2222,22.22
adcc5c13042d66cbfc8b,2023-09,118,25,60,0.5085,50.85
adcc5c13042d66cbfc8b,2023-10,33,13,19,0.5758,57.58
adcc5c13042d66cbfc8b,2023-11,2,2,2,1.0,100.0
adcc5c13042d66cbfc8b,2023-12,3,1,2,0.6667,66.67
54f91ccb08cbece520da,2023-09,45,20,33,0.7333,73.33
54f91ccb08cbece520da,2023-10,34,14,29,0.8529,85.29
54f91ccb08cbece520da,2023-11,16,7,16,1.0,100.0
54f91ccb08cbece520da,2023-12,4,1,4,1.0,100.0
cb65e2038b786e801292,2023-10,10,10,10,1.0,100.0
cb65e2038b786e801292,2023-11,30,20,29,0.9667,96.67
cb65e2038b786e801292,2023-12,14,8,14,1.0,100.0
1f67cb2e7affbb00b6c8,2023-10,248,34,103,0.4153,41.53
1f67cb2e7affbb00b6c8,2023-11,26,6,20,0.7692,76.92
45b6cc87a7e957f83027,2023-09,109,35,94,0.8624,86.24
45b6cc87a7e957f83027,2023-10,25,7,22,0.88,88.0
ff2d815d9ef74b153b54,2023-09,21,7,7,0.3333,33.33
ff2d815d9ef74b153b54,2023-10,29,15,26,0.8966,89.66
ff2d815d9ef74b153b54,2023-11,23,7,6,0.2609,26.09
ff2d815d9ef74b153b54,2023-12,15,13,13,0.8667,86.67
73ae359d8e93d41ae4ff,2023-09,11,2,2,0.1818,18.18
73ae359d8e93d41ae4ff,2023-10,35,21,26,0.7429,74.29
73ae359d8e93d41ae4ff,2023-11,30,12,29,0.9667,96.67
73ae359d8e93d41ae4ff,2023-12,11,5,10,0.9091,90.91
73ae359d8e93d41ae4ff,2024-01,1,1,1,1.0,100.0
264320c6b92b92795ba0,2023-10,83,16,21,0.253,25.3
264320c6b92b92795ba0,2023-11,35,14,26,0.7429,74.29
264320c6b92b92795ba0,2023-12,34,12,29,0.8529,85.29
504278569f7c6dff25e3,2023-09,20,16,19,0.95,95.0
504278569f7c6dff25e3,2023-10,39,19,36,0.9231,92.31
504278569f7c6dff25e3,2023-11,12,5,10,0.8333,83.33
40eb36011ced9a882ea9,2023-09,48,19,40,0.8333,83.33
40eb36011ced9a882ea9,2023-10,110,20,98,0.8909,89.09
40eb36011ced9a882ea9,2023-11,35,5,35,1.0,100.0
40eb36011ced9a882ea9,2023-12,7,3,7,1.0,100.0
ed4b51eb098deb0ba58e,2023-09,90,35,75,0.8333,83.33
ed4b51eb098deb0ba58e,2023-10,37,5,35,0.9459,94.59
b4a2138f577d9306f593,2023-09,146,26,95,0.6507,65.07
b4a2138f577d9306f593,2023-10,112,16,96,0.8571,85.71
76366e9c264169b2bae1,2023-10,75,14,39,0.52,52.0
76366e9c264169b2bae1,2023-11,30,13,20,0.6667,66.67
76366e9c264169b2bae1,2023-12,39,19,34,0.8718,87.18
d059dfed16a6d1ca6ddf,2023-09,43,16,24,0.5581,55.81
d059dfed16a6d1ca6ddf,2023-10,52,16,40,0.7692,76.92
d059dfed16a6d1ca6ddf,2023-11,38,5,33,0.8684,86.84
d059dfed16a6d1ca6ddf,2023-12,10,4,8,0.8,80.0
0b828e1ae026c57b34dd,2023-09,60,31,52,0.8667,86.67
0b828e1ae026c57b34dd,2023-10,9,7,8,0.8889,88.89
0b828e1ae026c57b34dd,2023-12,3,2,3,1.0,100.0
b1976734aee3bf129820,2023-09,65,29,42,0.6462,64.62
b1976734aee3bf129820,2023-10,75,13,60,0.8,80.0
b1976734aee3bf129820,2023-11,33,3,18,0.5455,54.55
50673b01fd2b0c765572,2023-09,17,3,2,0.1176,11.76
50673b01fd2b0c765572,2023-10,64,19,31,0.4844,48.44
50673b01fd2b0c765572,2023-11,33,11,17,0.5152,51.52
50673b01fd2b0c765572,2023-12,16,8,10,0.625,62.5
b3ac0cebf20ee45135ca,2023-09,58,18,36,0.6207,62.07
b3ac0cebf20ee45135ca,2023-10,70,16,54,0.7714,77.14
b3ac0cebf20ee45135ca,2023-11,6,1,5,0.8333,83.33
b3ac0cebf20ee45135ca,2023-12,26,4,6,0.2308,23.08
74137c4db75be61c10fa,2023-09,28,9,18,0.6429,64.29
74137c4db75be61c10fa,2023-10,52,11,31,0.5962,59.62
74137c4db75be61c10fa,2023-11,51,13,35,0.6863,68.63
74137c4db75be61c10fa,2023-12,38,8,31,0.8158,81.58
74137c4db75be61c10fa,2024-01,1,1,1,1.0,100.0
781f69b185122bfaddca,2023-09,95,33,80,0.8421,84.21
781f69b185122bfaddca,2023-10,3,2,3,1.0,100.0
744e7141564ed216b812,2023-10,20,13,14,0.7,70.0
744e7141564ed216b812,2023-11,20,15,20,1.0,100.0
744e7141564ed216b812,2023-12,12,7,12,1.0,100.0
744e7141564ed216b812,2024-01,4,4,4,1.0,100.0
3c1b9222136b752563f6,2023-10,30,15,24,0.8,80.0
3c1b9222136b752563f6,2023-11,15,10,11,0.7333,73.33
3c1b9222136b752563f6,2023-12,9,8,7,0.7778,77.78
3c1b9222136b752563f6,2024-01,7,6,6,0.8571,85.71
48a96425072cefa0dc69,2023-09,5,1,2,0.4,40.0
48a96425072cefa0dc69,2023-10,29,12,25,0.8621,86.21
48a96425072cefa0dc69,2023-11,25,10,17,0.68,68.0
48a96425072cefa0dc69,2023-12,39,15,35,0.8974,89.74
8ee4fdce37fceab5620a,2023-10,29,18,21,0.7241,72.41
8ee4fdce37fceab5620a,2023-11,10,9,10,1.0,100.0
8ee4fdce37fceab5620a,2023-12,13,11,11,0.8462,84.62
d6d4488fa27e11465974,2023-09,1,1,1,1.0,100.0
d6d4488fa27e11465974,2023-10,25,19,21,0.84,84.0
d6d4488fa27e11465974,2023-11,10,8,10,1.0,100.0
d6d4488fa27e11465974,2023-12,20,10,18,0.9,90.0
6efd353d32bd3d908b23,2023-09,1,1,1,1.0,100.0
6efd353d32bd3d908b23,2023-10,11,8,8,0.7273,72.73
6efd353d32bd3d908b23,2023-11,73,28,49,0.6712,67.12
6efd353d32bd3d908b23,2023-12,26,7,24,0.9231,92.31
4ca5c8ea55be09213d14,2023-10,57,20,33,0.5789,57.89
4ca5c8ea55be09213d14,2023-11,22,8,11,0.5,50.0
4ca5c8ea55be09213d14,2023-12,17,11,12,0.7059,70.59
ec86426a6e0331d06091,2023-10,44,13,16,0.3636,36.36
ec86426a6e0331d06091,2023-11,28,17,17,0.6071,60.71
ec86426a6e0331d06091,2023-12,13,8,8,0.6154,61.54
09400a9b50b6c96c5510,2023-10,57,20,31,0.5439,54.39
09400a9b50b6c96c5510,2023-11,23,10,22,0.9565,95.65
09400a9b50b6c96c5510,2023-12,57,8,47,0.8246,82.46
f5jwwahac3fyc6rq5tex,2023-09,21,15,15,0.7143,71.43
f5jwwahac3fyc6rq5tex,2023-10,44,19,26,0.5909,59.09
f5jwwahac3fyc6rq5tex,2023-11,23,13,14,0.6087,60.87
f5jwwahac3fyc6rq5tex,2023-12,17,11,10,0.5882,58.82
f5jwwahac3fyc6rq5tex,2024-01,1,1,0,0.0,0.0
mwmft9w9vjod1g7jidmb,2023-09,20,16,15,0.75,75.0
mwmft9w9vjod1g7jidmb,2023-10,51,26,37,0.7255,72.55
mwmft9w9vjod1g7jidmb,2023-11,19,11,13,0.6842,68.42
mwmft9w9vjod1g7jidmb,2023-12,14,9,12,0.8571,85.71
mwmft9w9vjod1g7jidmb,2024-01,2,2,2,1.0,100.0
zprxec1qxs8nqsmc5830,2023-09,19,13,9,0.4737,47.37
zprxec1qxs8nqsmc5830,2023-10,58,27,32,0.5517,55.17
zprxec1qxs8nqsmc5830,2023-11,22,14,18,0.8182,81.82
zprxec1qxs8nqsmc5830,2023-12,19,10,15,0.7895,78.95
zprxec1qxs8nqsmc5830,2024-01,3,3,2,0.6667,66.67
cygc6ulxpz04ex7under,2023-09,21,16,13,0.619,61.9
cygc6ulxpz04ex7under,2023-10,46,26,34,0.7391,73.91
cygc6ulxpz04ex7under,2023-11,19,12,15,0.7895,78.95
cygc6ulxpz04ex7under,2023-12,14,11,10,0.7143,71.43
cygc6ulxpz04ex7under,2024-01,2,2,1,0.5,50.0
m4qqnaq8p8fn7b7bl5ic,2023-09,22,15,12,0.5455,54.55
m4qqnaq8p8fn7b7bl5ic,2023-10,45,26,29,0.6444,64.44
m4qqnaq8p8fn7b7bl5ic,2023-11,23,14,14,0.6087,60.87
m4qqnaq8p8fn7b7bl5ic,2023-12,14,11,11,0.7857,78.57
m4qqnaq8p8fn7b7bl5ic,2024-01,2,2,2,1.0,100.0
sx57v4y3hp52f9selxdo,2023-09,25,15,13,0.52,52.0
sx57v4y3hp52f9selxdo,2023-10,39,20,25,0.641,64.1
sx57v4y3hp52f9selxdo,2023-11,21,11,17,0.8095,80.95
sx57v4y3hp52f9selxdo,2023-12,17,11,14,0.8235,82.35
sx57v4y3hp52f9selxdo,2024-01,2,2,2,1.0,100.0
ksm67082xy9g2wnalt38,2023-09,31,19,19,0.6129,61.29
ksm67082xy9g2wnalt38,2023-10,48,25,32,0.6667,66.67
ksm67082xy9g2wnalt38,2023-11,18,12,14,0.7778,77.78
ksm67082xy9g2wnalt38,2023-12,12,9,10,0.8333,83.33
ksm67082xy9g2wnalt38,2024-01,4,4,3,0.75,75.0
58widcj6smafuwyqxw2m,2023-09,25,14,17,0.68,68.0
58widcj6smafuwyqxw2m,2023-10,49,26,35,0.7143,71.43
58widcj6smafuwyqxw2m,2023-11,22,13,15,0.6818,68.18
58widcj6smafuwyqxw2m,2023-12,16,9,14,0.875,87.5
58widcj6smafuwyqxw2m,2024-01,3,3,2,0.6667,66.67
n3dkt0eq0ekpby9lv06i,2023-09,22,17,17,0.7727,77.27
n3dkt0eq0ekpby9lv06i,2023-10,43,24,32,0.7442,74.42
n3dkt0eq0ekpby9lv06i,2023-11,14,11,10,0.7143,71.43
n3dkt0eq0ekpby9lv06i,2023-12,15,8,11,0.7333,73.33
n3dkt0eq0ekpby9lv06i,2024-01,2,2,2,1.0,100.0
v4k20n9xryqdpe6fx42x,2023-09,17,13,14,0.8235,82.35
v4k20n9xryqdpe6fx42x,2023-10,47,23,30,0.6383,63.83
v4k20n9xryqdpe6fx42x,2023-11,20,12,17,0.85,85.0
v4k20n9xryqdpe6fx42x,2023-12,19,10,13,0.6842,68.42
v4k20n9xryqdpe6fx42x,2024-01,1,1,1,1.0,100.0
35wcdp4s13xmtyq5f7os,2023-09,28,17,19,0.6786,67.86
35wcdp4s13xmtyq5f7os,2023-10,49,24,28,0.5714,57.14
35wcdp4s13xmtyq5f7os,2023-11,12,10,9,0.75,75.0
35wcdp4s13xmtyq5f7os,2023-12,14,10,9,0.6429,64.29
35wcdp4s13xmtyq5f7os,2024-01,3,3,3,1.0,100.0
2ddkknvpbz2j9wlvybtj,2023-09,23,12,16,0.6957,69.57
2ddkknvpbz2j9wlvybtj,2023-10,52,27,35,0.6731,67.31
2ddkknvpbz2j9wlvybtj,2023-11,23,17,13,0.5652,56.52
2ddkknvpbz2j9wlvybtj,2023-12,8,7,7,0.875,87.5
2ddkknvpbz2j9wlvybtj,2024-01,3,3,3,1.0,100.0
10qi28ikwz4c4v22b06i,2023-09,20,12,8,0.4,40.0
10qi28ikwz4c4v22b06i,2023-10,46,25,29,0.6304,63.04
10qi28ikwz4c4v22b06i,2023-11,20,12,16,0.8,80.0
10qi28ikwz4c4v22b06i,2023-12,16,7,11,0.6875,68.75
10qi28ikwz4c4v22b06i,2024-01,2,2,2,1.0,100.0
9b0guld0vdm0ggmmfb8k,2023-09,20,15,12,0.6,60.0
9b0guld0vdm0ggmmfb8k,2023-10,45,26,30,0.6667,66.67
9b0guld0vdm0ggmmfb8k,2023-11,18,13,12,0.6667,66.67
9b0guld0vdm0ggmmfb8k,2023-12,14,10,10,0.7143,71.43
9b0guld0vdm0ggmmfb8k,2024-01,3,3,3,1.0,100.0
1t6e0wa99fijxi3ssnzk,2023-09,15,12,11,0.7333,73.33
1t6e0wa99fijxi3ssnzk,2023-10,37,19,22,0.5946,59.46
1t6e0wa99fijxi3ssnzk,2023-11,19,14,17,0.8947,89.47
1t6e0wa99fijxi3ssnzk,2023-12,15,11,14,0.9333,93.33
1t6e0wa99fijxi3ssnzk,2024-01,5,3,5,1.0,100.0
q1movls9kc4kglv6sb5g,2023-09,26,16,18,0.6923,69.23
q1movls9kc4kglv6sb5g,2023-10,42,25,28,0.6667,66.67
q1movls9kc4kglv6sb5g,2023-11,26,15,21,0.8077,80.77
q1movls9kc4kglv6sb5g,2023-12,19,13,17,0.8947,89.47
q1movls9kc4kglv6sb5g,2024-01,2,2,2,1.0,100.0
628bztd9ybuth5efk7nw,2023-09,24,19,16,0.6667,66.67
628bztd9ybuth5efk7nw,2023-10,62,29,43,0.6935,69.35
628bztd9ybuth5efk7nw,2023-11,23,12,19,0.8261,82.61
628bztd9ybuth5efk7nw,2023-12,15,9,14,0.9333,93.33
628bztd9ybuth5efk7nw,2024-01,1,1,1,1.0,100.0
vbgs2hp7aiiw880dpm1s,2023-09,27,17,16,0.5926,59.26
vbgs2hp7aiiw880dpm1s,2023-10,42,28,27,0.6429,64.29
vbgs2hp7aiiw880dpm1s,2023-11,19,12,15,0.7895,78.95
vbgs2hp7aiiw880dpm1s,2023-12,17,9,13,0.7647,76.47
vbgs2hp7aiiw880dpm1s,2024-01,3,3,3,1.0,100.0
n2bgnbybijni2e9crs4x,2023-09,19,15,13,0.6842,68.42
n2bgnbybijni2e9crs4x,2023-10,42,22,23,0.5476,54.76
n2bgnbybijni2e9crs4x,2023-11,24,16,18,0.75,75.0
n2bgnbybijni2e9crs4x,2023-12,17,11,15,0.8824,88.24
n2bgnbybijni2e9crs4x,2024-01,2,2,2,1.0,100.0
scl0uh5ig9ehluvs46h2,2023-09,22,18,13,0.5909,59.09
scl0uh5ig9ehluvs46h2,2023-10,52,26,26,0.5,50.0
scl0uh5ig9ehluvs46h2,2023-11,28,16,22,0.7857,78.57
scl0uh5ig9ehluvs46h2,2023-12,16,14,13,0.8125,81.25
scl0uh5ig9ehluvs46h2,2024-01,2,1,2,1.0,100.0
uzk23hynw87co5ru0tr8,2023-09,33,17,24,0.7273,72.73
uzk23hynw87co5ru0tr8,2023-10,47,24,27,0.5745,57.45
uzk23hynw87co5ru0tr8,2023-11,24,17,18,0.75,75.0
uzk23hynw87co5ru0tr8,2023-12,16,10,14,0.875,87.5
uzk23hynw87co5ru0tr8,2024-01,3,3,3,1.0,100.0
8wkyo305dh8esq6eop37,2023-09,30,21,19,0.6333,63.33
8wkyo305dh8esq6eop37,2023-10,38,18,23,0.6053,60.53
8wkyo305dh8esq6eop37,2023-11,18,13,17,0.9444,94.44
8wkyo305dh8esq6eop37,2023-12,13,8,10,0.7692,76.92
8wkyo305dh8esq6eop37,2024-01,3,3,3,1.0,100.0
mm5p2ct8c21h4q753p3n,2023-09,21,14,15,0.7143,71.43
mm5p2ct8c21h4q753p3n,2023-10,40,19,23,0.575,57.5
mm5p2ct8c21h4q753p3n,2023-11,30,16,20,0.6667,66.67
mm5p2ct8c21h4q753p3n,2023-12,16,10,13,0.8125,81.25
mm5p2ct8c21h4q753p3n,2024-01,3,3,3,1.0,100.0
e58gk2f3crnwqnx0gett,2023-09,26,15,16,0.6154,61.54
e58gk2f3crnwqnx0gett,2023-10,43,20,27,0.6279,62.79
e58gk2f3crnwqnx0gett,2023-11,12,9,11,0.9167,91.67
e58gk2f3crnwqnx0gett,2023-12,11,7,9,0.8182,81.82
e58gk2f3crnwqnx0gett,2024-01,2,2,2,1.0,100.0
2xsbkm76x36qvddrl2yo,2023-09,19,13,14,0.7368,73.68
2xsbkm76x36qvddrl2yo,2023-10,41,22,29,0.7073,70.73
2xsbkm76x36qvddrl2yo,2023-11,16,12,11,0.6875,68.75
2xsbkm76x36qvddrl2yo,2023-12,19,11,14,0.7368,73.68
2xsbkm76x36qvddrl2yo,2024-01,1,1,1,1.0,100.0
sbb3va36jvpkdpj257ek,2023-09,18,13,12,0.6667,66.67
sbb3va36jvpkdpj257ek,2023-10,47,22,29,0.617,61.7
sbb3va36jvpkdpj257ek,2023-11,25,17,23,0.92,92.0
sbb3va36jvpkdpj257ek,2023-12,16,10,15,0.9375,93.75
sbb3va36jvpkdpj257ek,2024-01,1,1,1,1.0,100.0
uon3zzl9a1zr5zmeodmr,2023-09,20,11,16,0.8,80.0
uon3zzl9a1zr5zmeodmr,2023-10,34,19,16,0.4706,47.06
uon3zzl9a1zr5zmeodmr,2023-11,19,12,18,0.9474,94.74
uon3zzl9a1zr5zmeodmr,2023-12,14,9,11,0.7857,78.57
uon3zzl9a1zr5zmeodmr,2024-01,5,5,5,1.0,100.0
erjfooit15024g7nj8co,2023-09,32,14,21,0.6562,65.62
erjfooit15024g7nj8co,2023-10,42,21,28,0.6667,66.67
erjfooit15024g7nj8co,2023-11,15,10,11,0.7333,73.33
erjfooit15024g7nj8co,2023-12,14,11,11,0.7857,78.57
erjfooit15024g7nj8co,2024-01,3,2,3,1.0,100.0
pgrig4vo54owe59j2j5f,2023-09,26,15,13,0.5,50.0
pgrig4vo54owe59j2j5f,2023-10,43,25,23,0.5349,53.49
pgrig4vo54owe59j2j5f,2023-11,20,16,12,0.6,60.0
pgrig4vo54owe59j2j5f,2023-12,16,11,14,0.875,87.5
pgrig4vo54owe59j2j5f,2024-01,2,2,1,0.5,50.0
i8ryguu9cpkrb6ouhwqq,2023-09,23,15,19,0.8261,82.61
i8ryguu9cpkrb6ouhwqq,2023-10,56,28,34,0.6071,60.71
i8ryguu9cpkrb6ouhwqq,2023-11,27,15,22,0.8148,81.48
i8ryguu9cpkrb6ouhwqq,2023-12,16,9,13,0.8125,81.25
i8ryguu9cpkrb6ouhwqq,2024-01,4,3,4,1.0,100.0
j07d6onchxesk14v7b8w,2023-09,21,16,13,0.619,61.9
j07d6onchxesk14v7b8w,2023-10,41,19,25,0.6098,60.98
j07d6onchxesk14v7b8w,2023-11,19,15,15,0.7895,78.95
j07d6onchxesk14v7b8w,2023-12,10,8,7,0.7,70.0
j07d6onchxesk14v7b8w,2024-01,1,1,1,1.0,100.0
wfsgbko6rfmajn85khu4,2023-09,19,11,11,0.5789,57.89
wfsgbko6rfmajn85khu4,2023-10,46,23,29,0.6304,63.04
wfsgbko6rfmajn85khu4,2023-11,18,12,10,0.5556,55.56
wfsgbko6rfmajn85khu4,2023-12,7,6,5,0.7143,71.43
wfsgbko6rfmajn85khu4,2024-01,1,1,1,1.0,100.0
0m8o7nuv982vnv3328qw,2023-09,33,21,22,0.6667,66.67
0m8o7nuv982vnv3328qw,2023-10,30,18,19,0.6333,63.33
0m8o7nuv982vnv3328qw,2023-11,11,8,8,0.7273,72.73
0m8o7nuv982vnv3328qw,2023-12,16,11,12,0.75,75.0
0m8o7nuv982vnv3328qw,2024-01,2,2,2,1.0,100.0
amzij11bls4wa79p3cj8,2023-09,26,18,15,0.5769,57.69
amzij11bls4wa79p3cj8,2023-10,47,21,21,0.4468,44.68
amzij11bls4wa79p3cj8,2023-11,19,15,15,0.7895,78.95
amzij11bls4wa79p3cj8,2023-12,12,9,8,0.6667,66.67
amzij11bls4wa79p3cj8,2024-01,3,2,3,1.0,100.0
axunv0aihh5wvi27tx50,2023-09,18,10,11,0.6111,61.11
axunv0aihh5wvi27tx50,2023-10,43,23,27,0.6279,62.79
axunv0aihh5wvi27tx50,2023-11,14,12,8,0.5714,57.14
axunv0aihh5wvi27tx50,2023-12,16,9,13,0.8125,81.25
axunv0aihh5wvi27tx50,2024-01,2,2,2,1.0,100.0
6837091518a3524730fb,2023-09,7,2,0,0.0,0.0
6837091518a3524730fb,2023-11,68,10,45,0.6618,66.18
6837091518a3524730fb,2023-12,237,32,172,0.7257,72.57
6837091518a3524730fb,2024-01,4,3,3,0.75,75.0
b050239b47c66a7280c9,2023-10,65,12,37,0.5692,56.92
b050239b47c66a7280c9,2023-11,22,5,7,0.3182,31.82
b050239b47c66a7280c9,2023-12,15,4,7,0.4667,46.67
b050239b47c66a7280c9,2024-01,26,21,23,0.8846,88.46
bc7286901f708e9069eb,2023-09,1,1,0,0.0,0.0
bc7286901f708e9069eb,2023-10,58,20,20,0.3448,34.48
bc7286901f708e9069eb,2023-11,31,11,11,0.3548,35.48
bc7286901f708e9069eb,2023-12,16,7,7,0.4375,43.75
bc7286901f708e9069eb,2024-01,3,1,1,0.3333,33.33
e877c03b218bddedd3b8,2023-10,38,7,6,0.1579,15.79
e877c03b218bddedd3b8,2023-11,8,3,1,0.125,12.5
e877c03b218bddedd3b8,2023-12,28,8,11,0.3929,39.29
e877c03b218bddedd3b8,2024-01,59,23,28,0.4746,47.46
8f9ecba976a15fa5d900,2023-11,34,20,21,0.6176,61.76
8f9ecba976a15fa5d900,2023-12,53,13,34,0.6415,64.15
8f9ecba976a15fa5d900,2024-01,12,9,10,0.8333,83.33
6cbcdec2dffbcf09a91a,2023-11,13,9,12,0.9231,92.31
6cbcdec2dffbcf09a91a,2024-01,36,29,32,0.8889,88.89
fdd714a996ac8bd8006d,2023-10,12,7,7,0.5833,58.33
fdd714a996ac8bd8006d,2023-12,3,3,3,1.0,100.0
fdd714a996ac8bd8006d,2024-01,44,29,41,0.9318,93.18
fc5a9edc3413ecece4bd,2023-10,30,20,21,0.7,70.0
fc5a9edc3413ecece4bd,2023-11,7,6,6,0.8571,85.71
fc5a9edc3413ecece4bd,2023-12,30,12,17,0.5667,56.67
fc5a9edc3413ecece4bd,2024-01,3,3,3,1.0,100.0
7bfbef4127aeec4b344e,2023-09,37,5,7,0.1892,18.92
7bfbef4127aeec4b344e,2023-10,68,11,34,0.5,50.0
7bfbef4127aeec4b344e,2023-11,9,5,6,0.6667,66.67
7bfbef4127aeec4b344e,2023-12,76,17,32,0.4211,42.11
7bfbef4127aeec4b344e,2024-01,6,3,6,1.0,100.0
b93d9fe2a844b416581d,2023-10,23,13,16,0.6957,69.57
b93d9fe2a844b416581d,2023-11,75,16,59,0.7867,78.67
b93d9fe2a844b416581d,2024-01,24,12,18,0.75,75.0
df784e67883e018f88b8,2023-09,2,1,0,0.0,0.0
df784e67883e018f88b8,2023-10,23,8,9,0.3913,39.13
df784e67883e018f88b8,2023-11,5,3,5,1.0,100.0
df784e67883e018f88b8,2023-12,34,20,29,0.8529,85.29
df784e67883e018f88b8,2024-01,11,10,11,1.0,100.0
9c2b85496091fd7f66d4,2023-10,59,13,25,0.4237,42.37
9c2b85496091fd7f66d4,2023-11,80,16,43,0.5375,53.75
9c2b85496091fd7f66d4,2023-12,72,10,61,0.8472,84.72
9c2b85496091fd7f66d4,2024-01,27,8,13,0.4815,48.15
2842c82981077b78b3cd,2023-10,71,10,28,0.3944,39.44
2842c82981077b78b3cd,2023-11,57,7,8,0.1404,14.04
2842c82981077b78b3cd,2023-12,102,17,44,0.4314,43.14
2842c82981077b78b3cd,2024-01,73,12,37,0.5068,50.68
6ab4994b59925a6d1bba,2023-10,88,16,42,0.4773,47.73
6ab4994b59925a6d1bba,2023-11,83,13,23,0.2771,27.71
6ab4994b59925a6d1bba,2023-12,90,10,39,0.4333,43.33
6ab4994b59925a6d1bba,2024-01,40,7,15,0.375,37.5
fc1c9dd58091c33d8888,2023-10,93,11,33,0.3548,35.48
fc1c9dd58091c33d8888,2023-11,73,9,15,0.2055,20.55
fc1c9dd58091c33d8888,2023-12,107,11,28,0.2617,26.17
fc1c9dd58091c33d8888,2024-01,42,20,32,0.7619,76.19
01a691413dc5897db83f,2023-10,175,19,58,0.3314,33.14
01a691413dc5897db83f,2023-11,141,21,77,0.5461,54.61
01a691413dc5897db83f,2023-12,6,2,5,0.8333,83.33
01a691413dc5897db83f,2024-01,2,2,2,1.0,100.0
374ff25490a1f0aba47f,2023-10,98,29,70,0.7143,71.43
374ff25490a1f0aba47f,2023-11,19,3,18,0.9474,94.74
374ff25490a1f0aba47f,2023-12,41,5,35,0.8537,85.37
374ff25490a1f0aba47f,2024-01,6,2,5,0.8333,83.33
424de2c5e2c1f5652cdc,2023-09,17,2,2,0.1176,11.76
424de2c5e2c1f5652cdc,2023-10,64,20,38,0.5938,59.38
424de2c5e2c1f5652cdc,2023-11,49,14,42,0.8571,85.71
424de2c5e2c1f5652cdc,2023-12,12,7,8,0.6667,66.67
424de2c5e2c1f5652cdc,2024-01,6,2,2,0.3333,33.33
5479f88afb95288d6392,2023-09,7,6,6,0.8571,85.71
5479f88afb95288d6392,2023-10,15,13,15,1.0,100.0
5479f88afb95288d6392,2023-11,48,11,35,0.7292,72.92
5479f88afb95288d6392,2023-12,20,7,15,0.75,75.0
5479f88afb95288d6392,2024-01,3,1,1,0.3333,33.33
ed94d52e091b68ca5ee5,2023-10,88,28,72,0.8182,81.82
ed94d52e091b68ca5ee5,2023-11,65,11,58,0.8923,89.23
ed94d52e091b68ca5ee5,2023-12,1,1,1,1.0,100.0
db54f15d48fa56b0d953,2023-09,14,3,3,0.2143,21.43
db54f15d48fa56b0d953,2023-10,20,10,11,0.55,55.0
db54f15d48fa56b0d953,2023-11,16,11,12,0.75,75.0
db54f15d48fa56b0d953,2023-12,2,1,1,0.5,50.0
db54f15d48fa56b0d953,2024-01,24,15,17,0.7083,70.83
6a62f52203bda35656be,2023-10,151,17,50,0.3311,33.11
6a62f52203bda35656be,2023-11,61,14,25,0.4098,40.98
6a62f52203bda35656be,2023-12,24,4,10,0.4167,41.67
6a62f52203bda35656be,2024-01,10,8,8,0.8,80.0
0b02f701b1179f9f74f9,2023-10,44,11,14,0.3182,31.82
0b02f701b1179f9f74f9,2023-11,5,4,4,0.8,80.0
0b02f701b1179f9f74f9,2023-12,50,20,37,0.74,74.0
0b02f701b1179f9f74f9,2024-01,6,6,6,1.0,100.0
74e22a3421e605061ef1,2023-09,80,18,39,0.4875,48.75
74e22a3421e605061ef1,2023-10,37,9,24,0.6486,64.86
74e22a3421e605061ef1,2023-11,30,5,13,0.4333,43.33
74e22a3421e605061ef1,2023-12,37,5,24,0.6486,64.86
74e22a3421e605061ef1,2024-01,4,1,1,0.25,25.0
de5213e7b8c88440a298,2023-09,79,17,36,0.4557,45.57
de5213e7b8c88440a298,2023-10,83,16,48,0.5783,57.83
de5213e7b8c88440a298,2023-11,1,1,1,1.0,100.0
de5213e7b8c88440a298,2023-12,32,6,19,0.5938,59.38
de5213e7b8c88440a298,2024-01,5,5,5,1.0,100.0
94a770d27cae58950a5b,2023-10,37,9,12,0.3243,32.43
94a770d27cae58950a5b,2023-11,28,16,24,0.8571,85.71
94a770d27cae58950a5b,2023-12,34,8,33,0.9706,97.06
94a770d27cae58950a5b,2024-01,11,7,7,0.6364,63.64
5faa3d19e595ab735fda,2023-10,89,21,49,0.5506,55.06
5faa3d19e595ab735fda,2023-11,37,16,34,0.9189,91.89
5faa3d19e595ab735fda,2023-12,3,2,3,1.0,100.0
cad61c88146ec4d99a6d,2023-11,6,1,1,0.1667,16.67
1d50eac067378042684b,2023-10,110,18,38,0.3455,34.55
1d50eac067378042684b,2023-11,51,11,15,0.2941,29.41
1d50eac067378042684b,2023-12,37,11,19,0.5135,51.35
c8d8f83d06b68fc2f944,2023-09,11,5,5,0.4545,45.45
c8d8f83d06b68fc2f944,2023-10,62,19,55,0.8871,88.71
c8d8f83d06b68fc2f944,2023-11,45,9,41,0.9111,91.11
c8d8f83d06b68fc2f944,2023-12,14,10,13,0.9286,92.86
72fbfd24cdff0454a0e2,2023-10,46,16,17,0.3696,36.96
72fbfd24cdff0454a0e2,2023-11,55,22,31,0.5636,56.36
72fbfd24cdff0454a0e2,2024-01,2,1,2,1.0,100.0
768c216e172762b85899,2023-10,24,12,13,0.5417,54.17
768c216e172762b85899,2023-11,8,3,3,0.375,37.5
768c216e172762b85899,2023-12,129,20,67,0.5194,51.94
306627b1ecbdf4e3aa34,2023-10,62,25,42,0.6774,67.74
306627b1ecbdf4e3aa34,2023-11,14,7,10,0.7143,71.43
306627b1ecbdf4e3aa34,2023-12,33,8,21,0.6364,63.64
0ef8b2c9e039eaace596,2023-09,22,10,18,0.8182,81.82
0ef8b2c9e039eaace596,2023-10,95,28,80,0.8421,84.21
0ef8b2c9e039eaace596,2023-11,17,8,13,0.7647,76.47
0ef8b2c9e039eaace596,2023-12,2,2,2,1.0,100.0
6b0cc09c9daf2966d1a7,2023-09,66,20,38,0.5758,57.58
6b0cc09c9daf2966d1a7,2023-10,50,12,24,0.48,48.0
6b0cc09c9daf2966d1a7,2023-11,55,7,29,0.5273,52.73
6b0cc09c9daf2966d1a7,2023-12,50,8,36,0.72,72.0
b6b2f975de58052aae0c,2023-09,20,2,1,0.05,5.0
b6b2f975de58052aae0c,2023-10,123,21,29,0.2358,23.58
b6b2f975de58052aae0c,2023-11,33,8,7,0.2121,21.21
b6b2f975de58052aae0c,2023-12,13,4,3,0.2308,23.08
b6b2f975de58052aae0c,2024-01,10,8,10,1.0,100.0
071685b292483b04e836,2023-09,23,6,11,0.4783,47.83
071685b292483b04e836,2023-10,4,4,4,1.0,100.0
071685b292483b04e836,2023-11,16,11,12,0.75,75.0
071685b292483b04e836,2023-12,16,6,12,0.75,75.0
071685b292483b04e836,2024-01,14,11,14,1.0,100.0
2ea821273e01ec758583,2023-10,29,15,18,0.6207,62.07
2ea821273e01ec758583,2023-11,64,17,24,0.375,37.5
2ea821273e01ec758583,2023-12,40,8,12,0.3,30.0
552365f82674884bcaaa,2023-10,43,20,28,0.6512,65.12
552365f82674884bcaaa,2023-11,2,2,2,1.0,100.0
552365f82674884bcaaa,2023-12,10,7,8,0.8,80.0
552365f82674884bcaaa,2024-01,14,9,10,0.7143,71.43
cdbfb55b48cefce540dd,2023-10,4,4,4,1.0,100.0
cdbfb55b48cefce540dd,2023-11,13,5,7,0.5385,53.85
cdbfb55b48cefce540dd,2023-12,26,9,8,0.3077,30.77
cdbfb55b48cefce540dd,2024-01,25,21,25,1.0,100.0
a867295d48d4b4134903,2023-10,144,36,86,0.5972,59.72
a867295d48d4b4134903,2023-11,19,3,6,0.3158,31.58
a867295d48d4b4134903,2023-12,12,5,5,0.4167,41.67
a9e1aff282e8d6356dce,2023-10,70,32,30,0.4286,42.86
a9e1aff282e8d6356dce,2023-11,14,5,5,0.3571,35.71
a9e1aff282e8d6356dce,2023-12,6,4,4,0.6667,66.67
0b16d35f1f39a063708a,2023-09,24,3,5,0.2083,20.83
0b16d35f1f39a063708a,2023-10,113,15,51,0.4513,45.13
0b16d35f1f39a063708a,2023-11,53,9,28,0.5283,52.83
0b16d35f1f39a063708a,2023-12,60,12,35,0.5833,58.33
a0973be15e5e7116f121,2023-10,22,12,19,0.8636,86.36
a0973be15e5e7116f121,2023-11,45,20,32,0.7111,71.11
a0973be15e5e7116f121,2023-12,14,7,14,1.0,100.0
49a91a4dce6838ffcbcd,2023-09,14,2,2,0.1429,14.29
49a91a4dce6838ffcbcd,2023-10,114,25,39,0.3421,34.21
49a91a4dce6838ffcbcd,2023-11,24,14,22,0.9167,91.67
49a91a4dce6838ffcbcd,2023-12,20,8,14,0.7,70.0
b5863cc5a1b448ca1cab,2023-09,25,2,1,0.04,4.0
b5863cc5a1b448ca1cab,2023-10,58,17,28,0.4828,48.28
b5863cc5a1b448ca1cab,2023-11,16,4,10,0.625,62.5
b5863cc5a1b448ca1cab,2023-12,40,16,24,0.6,60.0
b5863cc5a1b448ca1cab,2024-01,1,1,1,1.0,100.0
c7bb8ace7e79b91b3346,2023-10,47,7,7,0.1489,14.89
c7bb8ace7e79b91b3346,2023-11,11,7,8,0.7273,72.73
c7bb8ace7e79b91b3346,2023-12,73,26,39,0.5342,53.42
498121d2486259ef1b3a,2023-10,1,1,1,1.0,100.0
498121d2486259ef1b3a,2023-11,98,22,45,0.4592,45.92
498121d2486259ef1b3a,2023-12,84,16,33,0.3929,39.29
3094825929f936abb792,2023-10,129,27,65,0.5039,50.39
3094825929f936abb792,2023-11,25,12,21,0.84,84.0
3094825929f936abb792,2023-12,3,2,3,1.0,100.0
3094825929f936abb792,2024-01,2,2,2,1.0,100.0
897f6d3de550ebf68384,2023-09,10,2,2,0.2,20.0
897f6d3de550ebf68384,2023-10,77,36,70,0.9091,90.91
897f6d3de550ebf68384,2023-11,16,3,12,0.75,75.0
418f4730434eaced55a2,2023-09,6,6,6,1.0,100.0
418f4730434eaced55a2,2023-10,61,32,42,0.6885,68.85
b7ef250772618a089b48,2023-09,38,14,22,0.5789,57.89
b7ef250772618a089b48,2023-10,90,26,75,0.8333,83.33
b7ef250772618a089b48,2023-11,5,3,4,0.8,80.0
b37bdce835e610d26c0c,2023-09,24,12,23,0.9583,95.83
b37bdce835e610d26c0c,2023-10,1,1,1,1.0,100.0
b37bdce835e610d26c0c,2023-11,7,3,7,1.0,100.0
b37bdce835e610d26c0c,2023-12,11,6,8,0.7273,72.73
fef67841144f4c95a6c5,2023-09,56,36,48,0.8571,85.71
fef67841144f4c95a6c5,2023-10,14,5,13,0.9286,92.86
700915d303cc358e662a,2023-09,60,21,46,0.7667,76.67
700915d303cc358e662a,2023-10,52,17,44,0.8462,84.62
700915d303cc358e662a,2023-11,1,1,1,1.0,100.0
ffe3886e3e3bab0249b5,2023-09,136,38,105,0.7721,77.21
ffe3886e3e3bab0249b5,2023-10,3,3,3,1.0,100.0
emnk7ob7xxxdiph6fun3,2023-09,6,5,3,0.5,50.0
emnk7ob7xxxdiph6fun3,2023-10,55,26,30,0.5455,54.55
emnk7ob7xxxdiph6fun3,2023-11,24,15,15,0.625,62.5
emnk7ob7xxxdiph6fun3,2023-12,22,14,11,0.5,50.0
emnk7ob7xxxdiph6fun3,2024-01,10,9,7,0.7,70.0
78uyv6k6u49krocgtkzu,2023-09,13,9,6,0.4615,46.15
78uyv6k6u49krocgtkzu,2023-10,39,24,21,0.5385,53.85
78uyv6k6u49krocgtkzu,2023-11,25,16,14,0.56,56.0
78uyv6k6u49krocgtkzu,2023-12,22,14,12,0.5455,54.55
78uyv6k6u49krocgtkzu,2024-01,6,6,5,0.8333,83.33
sie4alrjjjvlk0w9ye5l,2023-09,11,8,4,0.3636,36.36
sie4alrjjjvlk0w9ye5l,2023-10,40,23,21,0.525,52.5
sie4alrjjjvlk0w9ye5l,2023-11,31,22,20,0.6452,64.52
sie4alrjjjvlk0w9ye5l,2023-12,24,14,18,0.75,75.0
sie4alrjjjvlk0w9ye5l,2024-01,9,8,9,1.0,100.0
95i3ttsko6c6ol53ebql,2023-09,10,8,5,0.5,50.0
95i3ttsko6c6ol53ebql,2023-10,32,20,19,0.5938,59.38
95i3ttsko6c6ol53ebql,2023-11,29,16,18,0.6207,62.07
95i3ttsko6c6ol53ebql,2023-12,21,15,12,0.5714,57.14
95i3ttsko6c6ol53ebql,2024-01,5,5,3,0.6,60.0
cz0pbk8vede7ey2oce4a,2023-09,12,8,8,0.6667,66.67
cz0pbk8vede7ey2oce4a,2023-10,33,21,17,0.5152,51.52
cz0pbk8vede7ey2oce4a,2023-11,30,20,17,0.5667,56.67
cz0pbk8vede7ey2oce4a,2023-12,21,13,12,0.5714,57.14
cz0pbk8vede7ey2oce4a,2024-01,13,8,12,0.9231,92.31
xvfa4ysm4deeobu8wkym,2023-09,5,5,4,0.8,80.0
xvfa4ysm4deeobu8wkym,2023-10,48,25,29,0.6042,60.42
xvfa4ysm4deeobu8wkym,2023-11,30,21,20,0.6667,66.67
xvfa4ysm4deeobu8wkym,2023-12,23,14,14,0.6087,60.87
xvfa4ysm4deeobu8wkym,2024-01,8,7,6,0.75,75.0
5slhcx7pnjhcmlbfffu6,2023-09,7,6,4,0.5714,57.14
5slhcx7pnjhcmlbfffu6,2023-10,43,22,19,0.4419,44.19
5slhcx7pnjhcmlbfffu6,2023-11,18,13,10,0.5556,55.56
5slhcx7pnjhcmlbfffu6,2023-12,25,15,16,0.64,64.0
5slhcx7pnjhcmlbfffu6,2024-01,9,9,7,0.7778,77.78
5qfsd40k8fv54hc102p2,2023-09,15,11,11,0.7333,73.33
5qfsd40k8fv54hc102p2,2023-10,30,19,19,0.6333,63.33
5qfsd40k8fv54hc102p2,2023-11,17,16,11,0.6471,64.71
5qfsd40k8fv54hc102p2,2023-12,20,16,13,0.65,65.0
5qfsd40k8fv54hc102p2,2024-01,9,7,8,0.8889,88.89
spyu1at0d9k1wxtenlhe,2023-09,9,6,3,0.3333,33.33
spyu1at0d9k1wxtenlhe,2023-10,45,22,23,0.5111,51.11
spyu1at0d9k1wxtenlhe,2023-11,18,14,14,0.7778,77.78
spyu1at0d9k1wxtenlhe,2023-12,26,20,14,0.5385,53.85
spyu1at0d9k1wxtenlhe,2024-01,5,5,3,0.6,60.0
z23fh1v40p3hmxxspbo9,2023-09,7,6,5,0.7143,71.43
z23fh1v40p3hmxxspbo9,2023-10,40,21,22,0.55,55.0
z23fh1v40p3hmxxspbo9,2023-11,22,14,11,0.5,50.0
z23fh1v40p3hmxxspbo9,2023-12,22,16,9,0.4091,40.91
z23fh1v40p3hmxxspbo9,2024-01,9,9,7,0.7778,77.78
n20d6b4o2g64oaa3q8ym,2023-09,8,6,6,0.75,75.0
n20d6b4o2g64oaa3q8ym,2023-10,38,20,19,0.5,50.0
n20d6b4o2g64oaa3q8ym,2023-11,33,18,11,0.3333,33.33
n20d6b4o2g64oaa3q8ym,2023-12,24,18,17,0.7083,70.83
n20d6b4o2g64oaa3q8ym,2024-01,10,9,6,0.6,60.0
yj708ceb2o5gueez45or,2023-09,14,9,10,0.7143,71.43
yj708ceb2o5gueez45or,2023-10,42,21,27,0.6429,64.29
yj708ceb2o5gueez45or,2023-11,28,22,17,0.6071,60.71
yj708ceb2o5gueez45or,2023-12,21,17,15,0.7143,71.43
yj708ceb2o5gueez45or,2024-01,7,7,6,0.8571,85.71
90z3slav21r61p88ksba,2023-09,14,9,7,0.5,50.0
90z3slav21r61p88ksba,2023-10,37,20,19,0.5135,51.35
90z3slav21r61p88ksba,2023-11,28,15,16,0.5714,57.14
90z3slav21r61p88ksba,2023-12,30,16,17,0.5667,56.67
90z3slav21r61p88ksba,2024-01,10,7,9,0.9,90.0
r28s9kyo7knrvytyvmt8,2023-09,15,12,6,0.4,40.0
r28s9kyo7knrvytyvmt8,2023-10,41,19,19,0.4634,46.34
r28s9kyo7knrvytyvmt8,2023-11,17,13,7,0.4118,41.18
r28s9kyo7knrvytyvmt8,2023-12,28,15,14,0.5,50.0
r28s9kyo7knrvytyvmt8,2024-01,9,9,8,0.8889,88.89
apxifjd35xfq6t47ysls,2023-09,6,6,2,0.3333,33.33
apxifjd35xfq6t47ysls,2023-10,39,21,24,0.6154,61.54
apxifjd35xfq6t47ysls,2023-11,23,21,16,0.6957,69.57
apxifjd35xfq6t47ysls,2023-12,21,12,11,0.5238,52.38
apxifjd35xfq6t47ysls,2024-01,12,12,9,0.75,75.0
r4oklg89q3yx9o2dfq3q,2023-09,6,6,3,0.5,50.0
r4oklg89q3yx9o2dfq3q,2023-10,41,21,21,0.5122,51.22
r4oklg89q3yx9o2dfq3q,2023-11,20,18,11,0.55,55.0
r4oklg89q3yx9o2dfq3q,2023-12,21,15,11,0.5238,52.38
r4oklg89q3yx9o2dfq3q,2024-01,8,6,6,0.75,75.0
4i0t5tq7o78lvc1zglgr,2023-09,6,5,2,0.3333,33.33
4i0t5tq7o78lvc1zglgr,2023-10,35,19,18,0.5143,51.43
4i0t5tq7o78lvc1zglgr,2023-11,25,16,14,0.56,56.0
4i0t5tq7o78lvc1zglgr,2023-12,22,16,15,0.6818,68.18
4i0t5tq7o78lvc1zglgr,2024-01,3,3,2,0.6667,66.67
hz3im1vs42bx5rxbn7wh,2023-09,10,7,6,0.6,60.0
hz3im1vs42bx5rxbn7wh,2023-10,33,23,21,0.6364,63.64
hz3im1vs42bx5rxbn7wh,2023-11,27,16,14,0.5185,51.85
hz3im1vs42bx5rxbn7wh,2023-12,23,16,9,0.3913,39.13
hz3im1vs42bx5rxbn7wh,2024-01,6,5,4,0.6667,66.67
icu31mfcha34dnwbsui2,2023-09,11,8,7,0.6364,63.64
icu31mfcha34dnwbsui2,2023-10,40,21,21,0.525,52.5
icu31mfcha34dnwbsui2,2023-11,15,11,9,0.6,60.0
icu31mfcha34dnwbsui2,2023-12,21,13,8,0.381,38.1
icu31mfcha34dnwbsui2,2024-01,5,5,3,0.6,60.0
1vb2vsoy23nr0monflhx,2023-09,9,6,7,0.7778,77.78
1vb2vsoy23nr0monflhx,2023-10,47,25,29,0.617,61.7
1vb2vsoy23nr0monflhx,2023-11,27,17,9,0.3333,33.33
1vb2vsoy23nr0monflhx,2023-12,22,12,13,0.5909,59.09
1vb2vsoy23nr0monflhx,2024-01,12,8,7,0.5833,58.33
7iulsxm22wz4v82hgb2g,2023-09,5,4,3,0.6,60.0
7iulsxm22wz4v82hgb2g,2023-10,37,21,23,0.6216,62.16
7iulsxm22wz4v82hgb2g,2023-11,26,16,17,0.6538,65.38
7iulsxm22wz4v82hgb2g,2023-12,31,15,23,0.7419,74.19
7iulsxm22wz4v82hgb2g,2024-01,7,7,5,0.7143,71.43
omzalmrzys0ymf4cgt03,2023-09,15,10,5,0.3333,33.33
omzalmrzys0ymf4cgt03,2023-10,45,22,27,0.6,60.0
omzalmrzys0ymf4cgt03,2023-11,31,17,19,0.6129,61.29
omzalmrzys0ymf4cgt03,2023-12,25,16,14,0.56,56.0
omzalmrzys0ymf4cgt03,2024-01,12,10,11,0.9167,91.67
nilkp0a54b01p87udccl,2023-09,10,9,7,0.7,70.0
nilkp0a54b01p87udccl,2023-10,38,20,23,0.6053,60.53
nilkp0a54b01p87udccl,2023-11,24,16,14,0.5833,58.33
nilkp0a54b01p87udccl,2023-12,12,10,3,0.25,25.0
nilkp0a54b01p87udccl,2024-01,10,9,8,0.8,80.0
7ssihtyt72rzukfci0o1,2023-09,10,6,3,0.3,30.0
7ssihtyt72rzukfci0o1,2023-10,41,23,25,0.6098,60.98
7ssihtyt72rzukfci0o1,2023-11,19,15,10,0.5263,52.63
7ssihtyt72rzukfci0o1,2023-12,21,16,11,0.5238,52.38
7ssihtyt72rzukfci0o1,2024-01,6,6,4,0.6667,66.67
ij9llitbhr4gi126l772,2023-09,8,8,5,0.625,62.5
ij9llitbhr4gi126l772,2023-10,40,25,21,0.525,52.5
ij9llitbhr4gi126l772,2023-11,27,18,17,0.6296,62.96
ij9llitbhr4gi126l772,2023-12,31,20,20,0.6452,64.52
ij9llitbhr4gi126l772,2024-01,5,4,4,0.8,80.0
qxnna0of95m3oebjc84f,2023-09,10,8,5,0.5,50.0
qxnna0of95m3oebjc84f,2023-10,37,19,20,0.5405,54.05
qxnna0of95m3oebjc84f,2023-11,22,17,13,0.5909,59.09
qxnna0of95m3oebjc84f,2023-12,22,14,14,0.6364,63.64
qxnna0of95m3oebjc84f,2024-01,5,5,3,0.6,60.0
dt7s87imgsbma3l5scym,2023-09,7,5,6,0.8571,85.71
dt7s87imgsbma3l5scym,2023-10,37,23,23,0.6216,62.16
dt7s87imgsbma3l5scym,2023-11,24,15,11,0.4583,45.83
dt7s87imgsbma3l5scym,2023-12,29,15,16,0.5517,55.17
dt7s87imgsbma3l5scym,2024-01,5,5,5,1.0,100.0
0m2kzubx9r60wyrsjj7j,2023-09,10,8,5,0.5,50.0
0m2kzubx9r60wyrsjj7j,2023-10,44,20,19,0.4318,43.18
0m2kzubx9r60wyrsjj7j,2023-11,25,16,19,0.76,76.0
0m2kzubx9r60wyrsjj7j,2023-12,23,15,9,0.3913,39.13
0m2kzubx9r60wyrsjj7j,2024-01,5,5,3,0.6,60.0
wzfry2domlqnblox9w1b,2023-09,11,8,4,0.3636,36.36
wzfry2domlqnblox9w1b,2023-10,34,23,16,0.4706,47.06
wzfry2domlqnblox9w1b,2023-11,24,17,11,0.4583,45.83
wzfry2domlqnblox9w1b,2023-12,26,14,11,0.4231,42.31
wzfry2domlqnblox9w1b,2024-01,4,4,3,0.75,75.0
otznu9tyqq50x0xij3br,2023-09,12,8,6,0.5,50.0
otznu9tyqq50x0xij3br,2023-10,42,22,18,0.4286,42.86
otznu9tyqq50x0xij3br,2023-11,25,14,17,0.68,68.0
otznu9tyqq50x0xij3br,2023-12,15,12,8,0.5333,53.33
otznu9tyqq50x0xij3br,2024-01,5,4,5,1.0,100.0
wty9xgte39cr5rp39e50,2023-09,11,9,6,0.5455,54.55
wty9xgte39cr5rp39e50,2023-10,47,21,22,0.4681,46.81
wty9xgte39cr5rp39e50,2023-11,28,17,14,0.5,50.0
wty9xgte39cr5rp39e50,2023-12,30,15,14,0.4667,46.67
wty9xgte39cr5rp39e50,2024-01,8,6,6,0.75,75.0
5kqtdcvyt7rgqdoextw8,2023-09,6,5,3,0.5,50.0
5kqtdcvyt7rgqdoextw8,2023-10,36,22,22,0.6111,61.11
5kqtdcvyt7rgqdoextw8,2023-11,27,16,18,0.6667,66.67
5kqtdcvyt7rgqdoextw8,2023-12,25,18,15,0.6,60.0
5kqtdcvyt7rgqdoextw8,2024-01,10,7,9,0.9,90.0
t5uf4x6hffga8in2ua6l,2023-09,6,4,3,0.5,50.0
t5uf4x6hffga8in2ua6l,2023-10,50,20,25,0.5,50.0
t5uf4x6hffga8in2ua6l,2023-11,26,15,16,0.6154,61.54
t5uf4x6hffga8in2ua6l,2023-12,25,17,9,0.36,36.0
t5uf4x6hffga8in2ua6l,2024-01,8,7,5,0.625,62.5
5dmn9cwdf4l1snqfjw1p,2023-09,5,4,4,0.8,80.0
5dmn9cwdf4l1snqfjw1p,2023-10,40,22,20,0.5,50.0
5dmn9cwdf4l1snqfjw1p,2023-11,18,14,9,0.5,50.0
5dmn9cwdf4l1snqfjw1p,2023-12,21,12,7,0.3333,33.33
5dmn9cwdf4l1snqfjw1p,2024-01,4,3,3,0.75,75.0
t8zrwu8iwkcdnwf3ruse,2023-09,10,8,5,0.5,50.0
t8zrwu8iwkcdnwf3ruse,2023-10,49,21,26,0.5306,53.06
t8zrwu8iwkcdnwf3ruse,2023-11,20,15,8,0.4,40.0
t8zrwu8iwkcdnwf3ruse,2023-12,24,16,17,0.7083,70.83
t8zrwu8iwkcdnwf3ruse,2024-01,4,4,1,0.25,25.0
2b935bfe06ef02369807,2023-10,40,12,15,0.375,37.5
2b935bfe06ef02369807,2023-11,1,1,1,1.0,100.0
2b935bfe06ef02369807,2023-12,33,26,27,0.8182,81.82
71d0a8156e59c4dcedfd,2023-12,55,37,39,0.7091,70.91
6106e5232ac32bc22d1d,2023-10,89,25,55,0.618,61.8
6106e5232ac32bc22d1d,2023-11,21,6,11,0.5238,52.38
6106e5232ac32bc22d1d,2023-12,25,10,14,0.56,56.0
eb4493aa138e8edc3f6d,2023-10,28,7,7,0.25,25.0
eb4493aa138e8edc3f6d,2023-11,50,13,10,0.2,20.0
eb4493aa138e8edc3f6d,2023-12,57,26,30,0.5263,52.63
5d2379fb72082166dee3,2023-09,12,3,4,0.3333,33.33
5d2379fb72082166dee3,2023-10,37,13,17,0.4595,45.95
5d2379fb72082166dee3,2023-11,1,1,1,1.0,100.0
5d2379fb72082166dee3,2023-12,60,21,30,0.5,50.0
2e40c1b07d32d3b80862,2023-10,112,20,31,0.2768,27.68
2e40c1b07d32d3b80862,2023-11,34,11,10,0.2941,29.41
2e40c1b07d32d3b80862,2023-12,30,15,16,0.5333,53.33
57f84519c468df122d69,2023-09,38,9,16,0.4211,42.11
57f84519c468df122d69,2023-10,32,19,26,0.8125,81.25
57f84519c468df122d69,2023-11,8,4,8,1.0,100.0
57f84519c468df122d69,2023-12,13,7,12,0.9231,92.31
64d65eddd629b80922f1,2023-10,1,1,0,0.0,0.0
64d65eddd629b80922f1,2023-12,36,36,34,0.9444,94.44
d311ac015e2e230935b2,2023-09,29,5,5,0.1724,17.24
d311ac015e2e230935b2,2023-10,35,18,31,0.8857,88.57
d311ac015e2e230935b2,2023-11,1,1,1,1.0,100.0
d311ac015e2e230935b2,2023-12,18,14,14,0.7778,77.78
33b73273ab8e1a11fcda,2023-09,1,1,1,1.0,100.0
33b73273ab8e1a11fcda,2023-10,18,5,6,0.3333,33.33
33b73273ab8e1a11fcda,2023-11,6,3,5,0.8333,83.33
33b73273ab8e1a11fcda,2023-12,46,29,31,0.6739,67.39
a1ed24a77c97b05064ef,2023-10,5,2,1,0.2,20.0
a1ed24a77c97b05064ef,2023-11,16,6,8,0.5,50.0
a1ed24a77c97b05064ef,2023-12,67,32,39,0.5821,58.21
f286ac7cd0663855cc5f,2023-09,14,5,7,0.5,50.0
f286ac7cd0663855cc5f,2023-10,62,20,40,0.6452,64.52
f286ac7cd0663855cc5f,2023-11,5,3,3,0.6,60.0
f286ac7cd0663855cc5f,2023-12,18,10,13,0.7222,72.22
a3cd849a5a8d682e18db,2023-09,31,9,22,0.7097,70.97
a3cd849a5a8d682e18db,2023-10,14,9,10,0.7143,71.43
a3cd849a5a8d682e18db,2023-11,20,2,15,0.75,75.0
a3cd849a5a8d682e18db,2023-12,29,18,22,0.7586,75.86
e77eaaa90a75ea6167f4,2023-10,27,8,13,0.4815,48.15
e77eaaa90a75ea6167f4,2023-11,79,12,36,0.4557,45.57
e77eaaa90a75ea6167f4,2023-12,19,18,19,1.0,100.0
faa31dca7ed1dd11fe44,2023-09,59,13,21,0.3559,35.59
faa31dca7ed1dd11fe44,2023-10,178,25,114,0.6404,64.04
faa31dca7ed1dd11fe44,2023-12,2,2,2,1.0,100.0
00df647ee4bf7173642f,2023-09,42,6,4,0.0952,9.52
00df647ee4bf7173642f,2023-10,253,34,140,0.5534,55.34
00df647ee4bf7173642f,2023-11,16,3,8,0.5,50.0
00df647ee4bf7173642f,2023-12,4,2,2,0.5,50.0
e0be3445997310f4d68e,2023-09,144,17,68,0.4722,47.22
e0be3445997310f4d68e,2023-10,81,23,69,0.8519,85.19
cf73246d819a1ea78e14,2023-09,13,6,6,0.4615,46.15
cf73246d819a1ea78e14,2023-10,55,17,42,0.7636,76.36
cf73246d819a1ea78e14,2023-11,14,8,9,0.6429,64.29
cf73246d819a1ea78e14,2023-12,27,10,17,0.6296,62.96
b3e8039d33099e1d066c,2023-09,10,9,10,1.0,100.0
b3e8039d33099e1d066c,2023-10,19,13,16,0.8421,84.21
b3e8039d33099e1d066c,2023-11,11,9,8,0.7273,72.73
b3e8039d33099e1d066c,2023-12,39,8,8,0.2051,20.51
b32b82ebae5971dd48df,2023-09,66,23,42,0.6364,63.64
b32b82ebae5971dd48df,2023-10,67,16,58,0.8657,86.57
b32b82ebae5971dd48df,2023-12,2,2,2,1.0,100.0
9c39551b2cbe4f0c6d03,2023-10,41,18,37,0.9024,90.24
9c39551b2cbe4f0c6d03,2023-11,2,1,2,1.0,100.0
9c39551b2cbe4f0c6d03,2023-12,71,20,54,0.7606,76.06
1ca19e51244cdd3f09ff,2023-10,52,30,40,0.7692,76.92
1ca19e51244cdd3f09ff,2023-11,20,8,17,0.85,85.0
1ca19e51244cdd3f09ff,2023-12,7,2,7,1.0,100.0
0eb6eec8b4bee8ab6a44,2023-09,71,14,23,0.3239,32.39
0eb6eec8b4bee8ab6a44,2023-10,26,12,15,0.5769,57.69
0eb6eec8b4bee8ab6a44,2023-12,31,13,17,0.5484,54.84
dc93d7d840a88e5efb17,2023-09,21,7,15,0.7143,71.43
dc93d7d840a88e5efb17,2023-10,61,22,49,0.8033,80.33
dc93d7d840a88e5efb17,2023-12,52,10,49,0.9423,94.23
c7d5a3256a9f99ba3e98,2023-10,77,21,61,0.7922,79.22
c7d5a3256a9f99ba3e98,2023-11,28,9,26,0.9286,92.86
c7d5a3256a9f99ba3e98,2023-12,16,9,9,0.5625,56.25
2b54ed4af8281eb82f58,2023-10,33,9,13,0.3939,39.39
2b54ed4af8281eb82f58,2023-11,18,6,10,0.5556,55.56
2b54ed4af8281eb82f58,2023-12,92,27,49,0.5326,53.26
c16e14d7aa5b4ef519e3,2023-09,21,17,19,0.9048,90.48
c16e14d7aa5b4ef519e3,2023-10,34,17,31,0.9118,91.18
c16e14d7aa5b4ef519e3,2023-11,2,2,2,1.0,100.0
c16e14d7aa5b4ef519e3,2023-12,4,3,4,1.0,100.0
c53129098375fc7f17bc,2023-09,104,21,40,0.3846,38.46
c53129098375fc7f17bc,2023-10,108,18,51,0.4722,47.22
953123cfe1c275e6d8a9,2023-10,35,8,8,0.2286,22.86
953123cfe1c275e6d8a9,2023-11,76,25,26,0.3421,34.21
953123cfe1c275e6d8a9,2023-12,18,6,7,0.3889,38.89
7b1d65c8c7637c14d9f2,2023-10,27,4,4,0.1481,14.81
7b1d65c8c7637c14d9f2,2023-11,22,2,2,0.0909,9.09
7b1d65c8c7637c14d9f2,2023-12,52,32,41,0.7885,78.85
855b21869c4fdbed8047,2023-11,38,29,24,0.6316,63.16
855b21869c4fdbed8047,2023-12,24,16,20,0.8333,83.33
f63cab44b941c6ca80d6,2023-09,58,6,11,0.1897,18.97
f63cab44b941c6ca80d6,2023-10,69,18,35,0.5072,50.72
f63cab44b941c6ca80d6,2023-11,14,1,5,0.3571,35.71
f63cab44b941c6ca80d6,2023-12,38,13,25,0.6579,65.79
4e4bb1f26e34ca0a13dc,2023-09,111,38,70,0.6306,63.06
7f58862bfed16feedfd6,2023-09,75,38,67,0.8933,89.33
a2b5174e55754addcd68,2023-09,55,9,17,0.3091,30.91
a2b5174e55754addcd68,2023-10,17,11,12,0.7059,70.59
a2b5174e55754addcd68,2023-11,12,4,7,0.5833,58.33
a2b5174e55754addcd68,2023-12,23,14,14,0.6087,60.87
056ab41140f68c15db14,2023-10,151,25,110,0.7285,72.85
056ab41140f68c15db14,2023-11,42,7,33,0.7857,78.57
056ab41140f68c15db14,2023-12,16,7,7,0.4375,43.75
9369995cb6743cb69182,2023-09,27,14,25,0.9259,92.59
9369995cb6743cb69182,2023-10,57,20,52,0.9123,91.23
9369995cb6743cb69182,2023-11,5,4,4,0.8,80.0
9369995cb6743cb69182,2023-12,3,2,2,0.6667,66.67
e5b30ace9334d153e076,2023-09,19,2,2,0.1053,10.53
e5b30ace9334d153e076,2023-10,37,12,21,0.5676,56.76
e5b30ace9334d153e076,2023-11,20,5,14,0.7,70.0
e5b30ace9334d153e076,2023-12,85,20,57,0.6706,67.06
367c27a001837dabb2e9,2023-09,1,1,0,0.0,0.0
367c27a001837dabb2e9,2023-10,63,23,23,0.3651,36.51
367c27a001837dabb2e9,2023-11,10,6,5,0.5,50.0
367c27a001837dabb2e9,2023-12,35,14,13,0.3714,37.14
a3c8ab369e2e928ed523,2023-09,12,8,10,0.8333,83.33
a3c8ab369e2e928ed523,2023-10,9,7,7,0.7778,77.78
a3c8ab369e2e928ed523,2023-12,30,23,29,0.9667,96.67
06309f4c8785254f4c13,2023-10,12,4,4,0.3333,33.33
06309f4c8785254f4c13,2023-11,16,3,3,0.1875,18.75
06309f4c8785254f4c13,2023-12,35,31,31,0.8857,88.57
47b08a7751ab609be9e5,2023-10,28,6,8,0.2857,28.57
47b08a7751ab609be9e5,2023-11,13,9,11,0.8462,84.62
47b08a7751ab609be9e5,2023-12,33,25,26,0.7879,78.79
17f2d0e73044110cdea5,2023-10,49,22,29,0.5918,59.18
17f2d0e73044110cdea5,2023-11,28,13,25,0.8929,89.29
17f2d0e73044110cdea5,2023-12,23,5,9,0.3913,39.13
c200d8d792314a9d3575,2023-10,38,9,27,0.7105,71.05
c200d8d792314a9d3575,2023-11,17,4,12,0.7059,70.59
c200d8d792314a9d3575,2023-12,79,26,27,0.3418,34.18
84f116e542feb4ff69c0,2023-10,7,2,1,0.1429,14.29
84f116e542feb4ff69c0,2023-11,60,22,30,0.5,50.0
84f116e542feb4ff69c0,2023-12,33,15,20,0.6061,60.61
mbbw64iibpv7ndj2iie1,2023-09,10,8,6,0.6,60.0
mbbw64iibpv7ndj2iie1,2023-10,53,21,36,0.6792,67.92
mbbw64iibpv7ndj2iie1,2023-11,18,14,12,0.6667,66.67
mbbw64iibpv7ndj2iie1,2023-12,26,17,15,0.5769,57.69
hpty3h6eij2tr467ueks,2023-09,14,9,7,0.5,50.0
hpty3h6eij2tr467ueks,2023-10,40,23,23,0.575,57.5
hpty3h6eij2tr467ueks,2023-11,13,8,7,0.5385,53.85
hpty3h6eij2tr467ueks,2023-12,26,15,14,0.5385,53.85
ygc6nfsry40yon3nicac,2023-09,19,12,12,0.6316,63.16
ygc6nfsry40yon3nicac,2023-10,44,27,29,0.6591,65.91
ygc6nfsry40yon3nicac,2023-11,13,11,3,0.2308,23.08
ygc6nfsry40yon3nicac,2023-12,34,21,19,0.5588,55.88
th28zykgzvfex40v22hz,2023-09,23,14,13,0.5652,56.52
th28zykgzvfex40v22hz,2023-10,49,25,28,0.5714,57.14
th28zykgzvfex40v22hz,2023-11,18,12,10,0.5556,55.56
th28zykgzvfex40v22hz,2023-12,27,17,15,0.5556,55.56
3dglsy7ee3ytfq1lpwlv,2023-09,34,18,19,0.5588,55.88
3dglsy7ee3ytfq1lpwlv,2023-10,55,27,29,0.5273,52.73
3dglsy7ee3ytfq1lpwlv,2023-11,18,14,9,0.5,50.0
3dglsy7ee3ytfq1lpwlv,2023-12,23,16,12,0.5217,52.17
219jkfkejubvu4dvuv13,2023-09,29,15,15,0.5172,51.72
219jkfkejubvu4dvuv13,2023-10,44,26,29,0.6591,65.91
219jkfkejubvu4dvuv13,2023-11,20,14,10,0.5,50.0
219jkfkejubvu4dvuv13,2023-12,24,18,14,0.5833,58.33
rgl39qjfatpnh3v4o28m,2023-09,23,15,11,0.4783,47.83
rgl39qjfatpnh3v4o28m,2023-10,53,25,33,0.6226,62.26
rgl39qjfatpnh3v4o28m,2023-11,19,15,10,0.5263,52.63
rgl39qjfatpnh3v4o28m,2023-12,28,16,14,0.5,50.0
iqhpwbqkqi7kugzduhit,2023-09,32,15,15,0.4688,46.88
iqhpwbqkqi7kugzduhit,2023-10,54,23,28,0.5185,51.85
iqhpwbqkqi7kugzduhit,2023-11,16,13,9,0.5625,56.25
iqhpwbqkqi7kugzduhit,2023-12,25,18,16,0.64,64.0
12s3yomv0kltozc1qxc4,2023-09,23,12,12,0.5217,52.17
12s3yomv0kltozc1qxc4,2023-10,51,30,36,0.7059,70.59
12s3yomv0kltozc1qxc4,2023-11,13,11,10,0.7692,76.92
12s3yomv0kltozc1qxc4,2023-12,31,20,20,0.6452,64.52
qaubz3kt65qtoit8g4vi,2023-09,15,9,8,0.5333,53.33
qaubz3kt65qtoit8g4vi,2023-10,57,24,39,0.6842,68.42
qaubz3kt65qtoit8g4vi,2023-11,12,9,6,0.5,50.0
qaubz3kt65qtoit8g4vi,2023-12,29,19,17,0.5862,58.62
0qamadarf6xhm9pm2jta,2023-09,26,11,14,0.5385,53.85
0qamadarf6xhm9pm2jta,2023-10,32,22,18,0.5625,56.25
0qamadarf6xhm9pm2jta,2023-11,13,12,3,0.2308,23.08
0qamadarf6xhm9pm2jta,2023-12,30,16,18,0.6,60.0
1eekhswi2ckx4uw0j1c9,2023-09,20,13,12,0.6,60.0
1eekhswi2ckx4uw0j1c9,2023-10,36,21,16,0.4444,44.44
1eekhswi2ckx4uw0j1c9,2023-11,24,15,15,0.625,62.5
1eekhswi2ckx4uw0j1c9,2023-12,32,18,17,0.5312,53.12
80xvovy2zizaj5kr0va5,2023-09,22,12,7,0.3182,31.82
80xvovy2zizaj5kr0va5,2023-10,45,28,21,0.4667,46.67
80xvovy2zizaj5kr0va5,2023-11,12,11,2,0.1667,16.67
80xvovy2zizaj5kr0va5,2023-12,25,16,17,0.68,68.0
hva2hcwvh4mv0i4t59t6,2023-09,17,10,9,0.5294,52.94
hva2hcwvh4mv0i4t59t6,2023-10,36,20,20,0.5556,55.56
hva2hcwvh4mv0i4t59t6,2023-11,15,12,10,0.6667,66.67
hva2hcwvh4mv0i4t59t6,2023-12,22,15,13,0.5909,59.09
x9xz7kb08kmf1tytnc1f,2023-09,27,17,12,0.4444,44.44
x9xz7kb08kmf1tytnc1f,2023-10,39,18,26,0.6667,66.67
x9xz7kb08kmf1tytnc1f,2023-11,18,15,6,0.3333,33.33
x9xz7kb08kmf1tytnc1f,2023-12,24,14,15,0.625,62.5
tezxtgugzffgu5fxr0cz,2023-09,25,19,14,0.56,56.0
tezxtgugzffgu5fxr0cz,2023-10,50,23,31,0.62,62.0
tezxtgugzffgu5fxr0cz,2023-11,26,15,14,0.5385,53.85
tezxtgugzffgu5fxr0cz,2023-12,17,14,11,0.6471,64.71
lvp2qmljigke8u0nfbvl,2023-09,17,12,8,0.4706,47.06
lvp2qmljigke8u0nfbvl,2023-10,35,20,28,0.8,80.0
lvp2qmljigke8u0nfbvl,2023-11,16,8,7,0.4375,43.75
lvp2qmljigke8u0nfbvl,2023-12,24,17,14,0.5833,58.33
8bj43lrpbsn3smxxn3xn,2023-09,18,11,12,0.6667,66.67
8bj43lrpbsn3smxxn3xn,2023-10,34,20,22,0.6471,64.71
8bj43lrpbsn3smxxn3xn,2023-11,14,10,8,0.5714,57.14
8bj43lrpbsn3smxxn3xn,2023-12,19,12,15,0.7895,78.95
19buea1jycypffshcw38,2023-09,16,12,11,0.6875,68.75
19buea1jycypffshcw38,2023-10,41,23,24,0.5854,58.54
19buea1jycypffshcw38,2023-11,18,14,10,0.5556,55.56
19buea1jycypffshcw38,2023-12,30,17,17,0.5667,56.67
vcw0s2e0akak8rqunatk,2023-09,15,9,5,0.3333,33.33
vcw0s2e0akak8rqunatk,2023-10,36,21,23,0.6389,63.89
vcw0s2e0akak8rqunatk,2023-11,16,15,9,0.5625,56.25
vcw0s2e0akak8rqunatk,2023-12,31,21,22,0.7097,70.97
dri4ey8he2jovloucu86,2023-09,21,12,13,0.619,61.9
dri4ey8he2jovloucu86,2023-10,46,24,22,0.4783,47.83
dri4ey8he2jovloucu86,2023-11,14,12,4,0.2857,28.57
dri4ey8he2jovloucu86,2023-12,18,12,8,0.4444,44.44
687ndz7mxhpv3gg91ie2,2023-09,21,11,11,0.5238,52.38
687ndz7mxhpv3gg91ie2,2023-10,47,25,35,0.7447,74.47
687ndz7mxhpv3gg91ie2,2023-11,9,7,3,0.3333,33.33
687ndz7mxhpv3gg91ie2,2023-12,27,21,16,0.5926,59.26
wmep7eexur6wwrlrz9sv,2023-09,19,12,10,0.5263,52.63
wmep7eexur6wwrlrz9sv,2023-10,52,28,34,0.6538,65.38
wmep7eexur6wwrlrz9sv,2023-11,13,11,5,0.3846,38.46
wmep7eexur6wwrlrz9sv,2023-12,21,15,13,0.619,61.9
2ui63dibc4r8oo0p9agh,2023-09,21,11,10,0.4762,47.62
2ui63dibc4r8oo0p9agh,2023-10,46,22,25,0.5435,54.35
2ui63dibc4r8oo0p9agh,2023-11,17,15,8,0.4706,47.06
2ui63dibc4r8oo0p9agh,2023-12,30,17,16,0.5333,53.33
rufanlg0slv70u876a05,2023-09,21,15,15,0.7143,71.43
rufanlg0slv70u876a05,2023-10,42,25,19,0.4524,45.24
rufanlg0slv70u876a05,2023-11,16,10,11,0.6875,68.75
rufanlg0slv70u876a05,2023-12,40,18,22,0.55,55.0
o6tn58jvkqobrz2qmf5i,2023-09,15,10,8,0.5333,53.33
o6tn58jvkqobrz2qmf5i,2023-10,46,25,24,0.5217,52.17
o6tn58jvkqobrz2qmf5i,2023-11,22,11,15,0.6818,68.18
o6tn58jvkqobrz2qmf5i,2023-12,35,18,25,0.7143,71.43
iwjs5oi2pl8omkdrs53q,2023-09,22,10,11,0.5,50.0
iwjs5oi2pl8omkdrs53q,2023-10,39,23,24,0.6154,61.54
iwjs5oi2pl8omkdrs53q,2023-11,11,10,7,0.6364,63.64
iwjs5oi2pl8omkdrs53q,2023-12,36,18,26,0.7222,72.22
qrrck1nnty89cmohw40b,2023-09,21,13,11,0.5238,52.38
qrrck1nnty89cmohw40b,2023-10,32,21,20,0.625,62.5
qrrck1nnty89cmohw40b,2023-11,9,9,4,0.4444,44.44
qrrck1nnty89cmohw40b,2023-12,25,18,20,0.8,80.0
6569uz69or21mbcejw25,2023-09,18,8,12,0.6667,66.67
6569uz69or21mbcejw25,2023-10,39,24,19,0.4872,48.72
6569uz69or21mbcejw25,2023-11,13,12,9,0.6923,69.23
6569uz69or21mbcejw25,2023-12,23,12,11,0.4783,47.83
jjx780kahllbp5y3x7p8,2023-09,17,10,7,0.4118,41.18
jjx780kahllbp5y3x7p8,2023-10,46,25,27,0.587,58.7
jjx780kahllbp5y3x7p8,2023-11,23,16,11,0.4783,47.83
jjx780kahllbp5y3x7p8,2023-12,34,22,21,0.6176,61.76
h7i4kmpsra4szfbhrcbh,2023-09,22,11,10,0.4545,45.45
h7i4kmpsra4szfbhrcbh,2023-10,41,20,28,0.6829,68.29
h7i4kmpsra4szfbhrcbh,2023-11,14,11,9,0.6429,64.29
h7i4kmpsra4szfbhrcbh,2023-12,35,19,17,0.4857,48.57
0z4mockl76xn8mhdaehw,2023-09,22,11,5,0.2273,22.73
0z4mockl76xn8mhdaehw,2023-10,38,21,22,0.5789,57.89
0z4mockl76xn8mhdaehw,2023-11,16,12,6,0.375,37.5
0z4mockl76xn8mhdaehw,2023-12,32,16,20,0.625,62.5
bfl1bc2oafd8hrz2xswq,2023-09,24,15,15,0.625,62.5
bfl1bc2oafd8hrz2xswq,2023-10,39,20,23,0.5897,58.97
bfl1bc2oafd8hrz2xswq,2023-11,21,15,15,0.7143,71.43
bfl1bc2oafd8hrz2xswq,2023-12,20,16,10,0.5,50.0
7eeq2weegodhsqj7bxc2,2023-09,23,12,13,0.5652,56.52
7eeq2weegodhsqj7bxc2,2023-10,48,26,34,0.7083,70.83
7eeq2weegodhsqj7bxc2,2023-11,19,11,13,0.6842,68.42
7eeq2weegodhsqj7bxc2,2023-12,31,19,19,0.6129,61.29
0i1e50rz4mkhee97xvpo,2023-09,19,11,10,0.5263,52.63
0i1e50rz4mkhee97xvpo,2023-10,34,22,25,0.7353,73.53
0i1e50rz4mkhee97xvpo,2023-11,18,13,9,0.5,50.0
0i1e50rz4mkhee97xvpo,2023-12,23,14,11,0.4783,47.83
ac896071204b0ce26a1e,2023-09,120,12,60,0.5,50.0
ac896071204b0ce26a1e,2023-10,89,13,51,0.573,57.3
ac896071204b0ce26a1e,2023-11,91,14,71,0.7802,78.02
ac896071204b0ce26a1e,2023-12,40,5,13,0.325,32.5
ac896071204b0ce26a1e,2024-01,3,3,3,1.0,100.0
75a72c46b8271a57fba6,2023-09,13,4,4,0.3077,30.77
75a72c46b8271a57fba6,2023-10,19,14,19,1.0,100.0
75a72c46b8271a57fba6,2023-11,16,13,13,0.8125,81.25
75a72c46b8271a57fba6,2023-12,8,3,7,0.875,87.5
75a72c46b8271a57fba6,2024-01,13,9,11,0.8462,84.62
fda1eaffdfa7350e5d97,2023-09,76,4,8,0.1053,10.53
fda1eaffdfa7350e5d97,2023-10,82,12,25,0.3049,30.49
fda1eaffdfa7350e5d97,2023-11,29,8,12,0.4138,41.38
fda1eaffdfa7350e5d97,2023-12,20,14,15,0.75,75.0
fda1eaffdfa7350e5d97,2024-01,15,9,12,0.8,80.0
0e804947f4cdc2721046,2023-09,31,12,19,0.6129,61.29
0e804947f4cdc2721046,2023-10,34,13,18,0.5294,52.94
0e804947f4cdc2721046,2023-11,17,1,12,0.7059,70.59
0e804947f4cdc2721046,2023-12,21,12,19,0.9048,90.48
0e804947f4cdc2721046,2024-01,1,1,1,1.0,100.0
f7c4a29d42220e1cea27,2023-09,73,33,58,0.7945,79.45
f7c4a29d42220e1cea27,2023-10,30,8,27,0.9,90.0
f7c4a29d42220e1cea27,2023-11,6,2,6,1.0,100.0
f7c4a29d42220e1cea27,2023-12,5,1,5,1.0,100.0
f7c4a29d42220e1cea27,2024-01,4,1,3,0.75,75.0
539911ee11c1b2aaeb88,2023-09,24,9,10,0.4167,41.67
539911ee11c1b2aaeb88,2023-10,31,16,22,0.7097,70.97
539911ee11c1b2aaeb88,2023-11,11,8,11,1.0,100.0
539911ee11c1b2aaeb88,2023-12,13,5,5,0.3846,38.46
539911ee11c1b2aaeb88,2024-01,25,14,14,0.56,56.0
94752e120f6bb6178ad5,2023-09,18,7,10,0.5556,55.56
94752e120f6bb6178ad5,2023-10,28,13,23,0.8214,82.14
94752e120f6bb6178ad5,2023-11,45,14,34,0.7556,75.56
94752e120f6bb6178ad5,2023-12,7,6,7,1.0,100.0
94752e120f6bb6178ad5,2024-01,10,4,8,0.8,80.0
13f8b8305f6c25c21921,2023-09,94,12,36,0.383,38.3
13f8b8305f6c25c21921,2023-10,162,23,79,0.4877,48.77
13f8b8305f6c25c21921,2023-11,10,3,7,0.7,70.0
13f8b8305f6c25c21921,2024-01,1,1,1,1.0,100.0
0c81ca27b7d931b6ff6e,2023-09,48,7,8,0.1667,16.67
0c81ca27b7d931b6ff6e,2023-10,35,6,8,0.2286,22.86
0c81ca27b7d931b6ff6e,2023-11,29,8,15,0.5172,51.72
0c81ca27b7d931b6ff6e,2023-12,23,17,19,0.8261,82.61
0c81ca27b7d931b6ff6e,2024-01,7,3,5,0.7143,71.43
e2ee4818284ba527ef0a,2023-09,12,4,4,0.3333,33.33
e2ee4818284ba527ef0a,2023-10,8,5,8,1.0,100.0
e2ee4818284ba527ef0a,2023-11,5,3,4,0.8,80.0
e2ee4818284ba527ef0a,2024-01,48,26,38,0.7917,79.17
76a2f2705490042bb8cb,2023-09,17,9,9,0.5294,52.94
76a2f2705490042bb8cb,2023-10,6,6,6,1.0,100.0
76a2f2705490042bb8cb,2023-11,19,9,12,0.6316,63.16
76a2f2705490042bb8cb,2023-12,19,8,16,0.8421,84.21
76a2f2705490042bb8cb,2024-01,16,6,16,1.0,100.0
87aa4503451b6a77b2b7,2023-09,18,8,8,0.4444,44.44
87aa4503451b6a77b2b7,2023-10,61,18,41,0.6721,67.21
87aa4503451b6a77b2b7,2023-11,5,5,5,1.0,100.0
87aa4503451b6a77b2b7,2023-12,22,7,7,0.3182,31.82
87aa4503451b6a77b2b7,2024-01,1,1,1,1.0,100.0
1552f58e2818ce7fa863,2023-09,8,3,2,0.25,25.0
1552f58e2818ce7fa863,2023-10,33,7,13,0.3939,39.39
1552f58e2818ce7fa863,2023-11,31,12,15,0.4839,48.39
1552f58e2818ce7fa863,2023-12,51,19,30,0.5882,58.82
1552f58e2818ce7fa863,2024-01,1,1,1,1.0,100.0
211ed39c57c6e6cdefbf,2023-09,37,7,10,0.2703,27.03
211ed39c57c6e6cdefbf,2023-10,30,11,14,0.4667,46.67
211ed39c57c6e6cdefbf,2023-11,35,11,12,0.3429,34.29
211ed39c57c6e6cdefbf,2023-12,8,8,8,1.0,100.0
211ed39c57c6e6cdefbf,2024-01,15,2,6,0.4,40.0
28bc8af257c48eac3bf1,2023-09,21,10,11,0.5238,52.38
28bc8af257c48eac3bf1,2023-10,14,7,11,0.7857,78.57
28bc8af257c48eac3bf1,2023-12,31,22,24,0.7742,77.42
2f3ef424b925a9881b81,2023-09,44,6,7,0.1591,15.91
2f3ef424b925a9881b81,2023-10,26,10,10,0.3846,38.46
2f3ef424b925a9881b81,2023-11,25,12,22,0.88,88.0
2f3ef424b925a9881b81,2023-12,23,10,21,0.913,91.3
2f3ef424b925a9881b81,2024-01,1,1,1,1.0,100.0
8fe25991951e1f37568b,2023-09,32,12,15,0.4688,46.88
8fe25991951e1f37568b,2023-10,64,12,16,0.25,25.0
8fe25991951e1f37568b,2023-11,9,7,8,0.8889,88.89
8fe25991951e1f37568b,2023-12,20,8,18,0.9,90.0
a959b7dd7f65365313a4,2023-09,98,9,24,0.2449,24.49
a959b7dd7f65365313a4,2023-10,38,6,16,0.4211,42.11
a959b7dd7f65365313a4,2023-11,88,21,23,0.2614,26.14
a959b7dd7f65365313a4,2023-12,28,8,8,0.2857,28.57
67456512891f96cc0fc3,2023-09,7,4,4,0.5714,57.14
67456512891f96cc0fc3,2023-10,20,11,11,0.55,55.0
67456512891f96cc0fc3,2023-11,13,10,10,0.7692,76.92
67456512891f96cc0fc3,2023-12,22,7,19,0.8636,86.36
67456512891f96cc0fc3,2024-01,16,9,10,0.625,62.5
83bf9b0424c17c9e13e7,2023-09,13,9,9,0.6923,69.23
83bf9b0424c17c9e13e7,2023-10,27,9,23,0.8519,85.19
83bf9b0424c17c9e13e7,2023-11,8,4,4,0.5,50.0
83bf9b0424c17c9e13e7,2023-12,18,9,9,0.5,50.0
83bf9b0424c17c9e13e7,2024-01,7,7,7,1.0,100.0
01558eef77a8d39b7103,2023-09,15,3,3,0.2,20.0
01558eef77a8d39b7103,2023-10,46,15,32,0.6957,69.57
01558eef77a8d39b7103,2023-11,44,12,23,0.5227,52.27
01558eef77a8d39b7103,2023-12,16,6,13,0.8125,81.25
01558eef77a8d39b7103,2024-01,5,4,4,0.8,80.0
359f25d9131a0699405b,2023-09,10,5,5,0.5,50.0
359f25d9131a0699405b,2023-10,67,12,19,0.2836,28.36
359f25d9131a0699405b,2023-11,22,9,9,0.4091,40.91
359f25d9131a0699405b,2023-12,28,14,18,0.6429,64.29
359f25d9131a0699405b,2024-01,4,4,4,1.0,100.0
1d7229e0f5f825007870,2023-09,25,8,11,0.44,44.0
1d7229e0f5f825007870,2023-10,19,10,17,0.8947,89.47
1d7229e0f5f825007870,2023-11,21,12,13,0.619,61.9
1d7229e0f5f825007870,2023-12,17,8,17,1.0,100.0
b9d88af0a70c4ccb592e,2023-09,11,10,11,1.0,100.0
b9d88af0a70c4ccb592e,2023-10,28,15,22,0.7857,78.57
b9d88af0a70c4ccb592e,2023-11,14,10,10,0.7143,71.43
b9d88af0a70c4ccb592e,2023-12,11,9,11,1.0,100.0
d4d7a248a58363732f8e,2023-09,34,9,12,0.3529,35.29
d4d7a248a58363732f8e,2023-10,27,11,23,0.8519,85.19
d4d7a248a58363732f8e,2023-11,38,13,25,0.6579,65.79
d4d7a248a58363732f8e,2023-12,8,5,4,0.5,50.0
d4d7a248a58363732f8e,2024-01,4,2,4,1.0,100.0
5e29473eb1e80fde79a0,2023-09,42,4,4,0.0952,9.52
5e29473eb1e80fde79a0,2023-10,79,11,25,0.3165,31.65
5e29473eb1e80fde79a0,2023-11,42,15,15,0.3571,35.71
5e29473eb1e80fde79a0,2023-12,11,7,9,0.8182,81.82
5e29473eb1e80fde79a0,2024-01,11,8,9,0.8182,81.82
0b307ee95b41e222f204,2023-09,29,9,16,0.5517,55.17
0b307ee95b41e222f204,2023-10,48,15,44,0.9167,91.67
0b307ee95b41e222f204,2023-11,15,4,14,0.9333,93.33
0b307ee95b41e222f204,2023-12,21,8,19,0.9048,90.48
0b307ee95b41e222f204,2024-01,5,3,5,1.0,100.0
1974349ec27d7d67bf08,2023-09,63,8,11,0.1746,17.46
1974349ec27d7d67bf08,2023-10,85,23,49,0.5765,57.65
1974349ec27d7d67bf08,2023-11,19,5,14,0.7368,73.68
1974349ec27d7d67bf08,2023-12,25,4,15,0.6,60.0
35e028ec34bfdb7a6d26,2023-09,37,8,8,0.2162,21.62
35e028ec34bfdb7a6d26,2023-10,19,9,10,0.5263,52.63
35e028ec34bfdb7a6d26,2023-11,8,4,6,0.75,75.0
35e028ec34bfdb7a6d26,2023-12,59,18,45,0.7627,76.27
d3fd2319c0f3aa00c371,2023-09,21,13,21,1.0,100.0
d3fd2319c0f3aa00c371,2023-10,28,15,23,0.8214,82.14
d3fd2319c0f3aa00c371,2023-11,19,6,19,1.0,100.0
d3fd2319c0f3aa00c371,2023-12,28,8,27,0.9643,96.43
5bdad002590327215ae0,2023-09,18,11,18,1.0,100.0
5bdad002590327215ae0,2023-10,13,9,13,1.0,100.0
5bdad002590327215ae0,2023-11,17,9,14,0.8235,82.35
5bdad002590327215ae0,2023-12,31,11,30,0.9677,96.77
919b6f74756bdb77edab,2023-09,41,9,9,0.2195,21.95
919b6f74756bdb77edab,2023-10,17,10,10,0.5882,58.82
919b6f74756bdb77edab,2023-11,19,11,13,0.6842,68.42
919b6f74756bdb77edab,2023-12,24,8,19,0.7917,79.17
8596e232b0d863cd3130,2023-09,17,9,10,0.5882,58.82
8596e232b0d863cd3130,2023-10,11,9,10,0.9091,90.91
8596e232b0d863cd3130,2023-11,34,11,25,0.7353,73.53
8596e232b0d863cd3130,2023-12,25,10,22,0.88,88.0
17656005bd4086137ab7,2023-09,49,9,19,0.3878,38.78
17656005bd4086137ab7,2023-10,10,6,8,0.8,80.0
17656005bd4086137ab7,2023-11,27,12,19,0.7037,70.37
17656005bd4086137ab7,2023-12,12,3,12,1.0,100.0
17656005bd4086137ab7,2024-01,8,8,8,1.0,100.0
d76c58732e315933a6cf,2023-09,22,9,18,0.8182,81.82
d76c58732e315933a6cf,2023-10,13,9,10,0.7692,76.92
d76c58732e315933a6cf,2023-11,17,7,9,0.5294,52.94
d76c58732e315933a6cf,2023-12,13,11,12,0.9231,92.31
7c27b1482db039a6eee9,2023-09,26,16,19,0.7308,73.08
7c27b1482db039a6eee9,2023-10,36,18,33,0.9167,91.67
7c27b1482db039a6eee9,2023-11,5,3,5,1.0,100.0
7c27b1482db039a6eee9,2023-12,1,1,1,1.0,100.0
75e30b71e38030454877,2023-09,38,9,10,0.2632,26.32
75e30b71e38030454877,2023-10,19,11,13,0.6842,68.42
75e30b71e38030454877,2023-11,30,10,11,0.3667,36.67
75e30b71e38030454877,2023-12,52,8,37,0.7115,71.15
eacb3353d7bc80cf3e7a,2023-09,7,5,5,0.7143,71.43
eacb3353d7bc80cf3e7a,2023-10,40,17,31,0.775,77.5
eacb3353d7bc80cf3e7a,2023-11,14,8,13,0.9286,92.86
eacb3353d7bc80cf3e7a,2023-12,7,3,7,1.0,100.0
eacb3353d7bc80cf3e7a,2024-01,7,7,7,1.0,100.0
41126caf1874c098d357,2023-09,21,8,8,0.381,38.1
41126caf1874c098d357,2023-10,39,9,26,0.6667,66.67
41126caf1874c098d357,2023-11,34,16,22,0.6471,64.71
41126caf1874c098d357,2023-12,17,8,8,0.4706,47.06
69ae85efb03510241445,2023-09,28,12,22,0.7857,78.57
69ae85efb03510241445,2023-10,16,9,13,0.8125,81.25
69ae85efb03510241445,2023-11,22,9,21,0.9545,95.45
69ae85efb03510241445,2023-12,39,9,34,0.8718,87.18
c5c5601b771f1b4491fa,2023-09,19,9,12,0.6316,63.16
c5c5601b771f1b4491fa,2023-10,30,11,29,0.9667,96.67
c5c5601b771f1b4491fa,2023-11,21,12,20,0.9524,95.24
c5c5601b771f1b4491fa,2023-12,20,7,18,0.9,90.0
c4ffbc0ba8c38e725fc8,2023-09,27,17,21,0.7778,77.78
c4ffbc0ba8c38e725fc8,2023-10,14,11,13,0.9286,92.86
c4ffbc0ba8c38e725fc8,2023-11,18,7,16,0.8889,88.89
c4ffbc0ba8c38e725fc8,2023-12,4,4,4,1.0,100.0
55a47a152d359522e38d,2023-09,39,17,29,0.7436,74.36
55a47a152d359522e38d,2023-10,71,15,45,0.6338,63.38
55a47a152d359522e38d,2023-11,16,5,15,0.9375,93.75
55a47a152d359522e38d,2023-12,8,2,8,1.0,100.0
55a47a152d359522e38d,2024-01,1,1,1,1.0,100.0
7ffc1d4e5026fc5195ea,2023-09,19,10,10,0.5263,52.63
7ffc1d4e5026fc5195ea,2023-10,30,18,22,0.7333,73.33
7ffc1d4e5026fc5195ea,2023-11,15,7,15,1.0,100.0
7ffc1d4e5026fc5195ea,2023-12,10,4,10,1.0,100.0
7ffc1d4e5026fc5195ea,2024-01,4,2,4,1.0,100.0
a05da04117e032cb4977,2023-09,39,17,27,0.6923,69.23
a05da04117e032cb4977,2023-10,24,8,22,0.9167,91.67
a05da04117e032cb4977,2023-11,14,6,14,1.0,100.0
a05da04117e032cb4977,2023-12,12,6,12,1.0,100.0
a05da04117e032cb4977,2024-01,15,6,14,0.9333,93.33
9be4ba08415daa1ee6fe,2023-09,29,5,4,0.1379,13.79
9be4ba08415daa1ee6fe,2023-10,23,12,15,0.6522,65.22
9be4ba08415daa1ee6fe,2023-11,12,7,12,1.0,100.0
9be4ba08415daa1ee6fe,2023-12,16,16,16,1.0,100.0
o6kw9thwvq6csdr9taal,2023-09,33,17,18,0.5455,54.55
o6kw9thwvq6csdr9taal,2023-10,34,20,27,0.7941,79.41
o6kw9thwvq6csdr9taal,2023-11,12,9,7,0.5833,58.33
o6kw9thwvq6csdr9taal,2023-12,30,12,21,0.7,70.0
o6kw9thwvq6csdr9taal,2024-01,6,6,4,0.6667,66.67
owzdfs89mm4ci0382a3b,2023-09,28,14,10,0.3571,35.71
owzdfs89mm4ci0382a3b,2023-10,24,14,11,0.4583,45.83
owzdfs89mm4ci0382a3b,2023-11,20,14,13,0.65,65.0
owzdfs89mm4ci0382a3b,2023-12,21,11,19,0.9048,90.48
owzdfs89mm4ci0382a3b,2024-01,5,4,3,0.6,60.0
7n0vh1m7hm3g0v8ggv7v,2023-09,35,13,15,0.4286,42.86
7n0vh1m7hm3g0v8ggv7v,2023-10,35,17,19,0.5429,54.29
7n0vh1m7hm3g0v8ggv7v,2023-11,19,14,10,0.5263,52.63
7n0vh1m7hm3g0v8ggv7v,2023-12,18,8,14,0.7778,77.78
7n0vh1m7hm3g0v8ggv7v,2024-01,1,1,1,1.0,100.0
32n93dfesjggabieb85t,2023-09,34,14,19,0.5588,55.88
32n93dfesjggabieb85t,2023-10,30,15,15,0.5,50.0
32n93dfesjggabieb85t,2023-11,29,15,20,0.6897,68.97
32n93dfesjggabieb85t,2023-12,19,10,13,0.6842,68.42
32n93dfesjggabieb85t,2024-01,6,5,5,0.8333,83.33
k6jujv82n727fuwbxa6f,2023-09,32,12,13,0.4062,40.62
k6jujv82n727fuwbxa6f,2023-10,30,18,18,0.6,60.0
k6jujv82n727fuwbxa6f,2023-11,25,13,21,0.84,84.0
k6jujv82n727fuwbxa6f,2023-12,24,10,19,0.7917,79.17
k6jujv82n727fuwbxa6f,2024-01,4,3,3,0.75,75.0
di7sclw5samggg4sxipv,2023-09,40,12,23,0.575,57.5
di7sclw5samggg4sxipv,2023-10,32,18,17,0.5312,53.12
di7sclw5samggg4sxipv,2023-11,19,15,15,0.7895,78.95
di7sclw5samggg4sxipv,2023-12,18,13,11,0.6111,61.11
di7sclw5samggg4sxipv,2024-01,3,3,1,0.3333,33.33
m380dsj058viwn3ly6j1,2023-09,30,11,12,0.4,40.0
m380dsj058viwn3ly6j1,2023-10,22,14,11,0.5,50.0
m380dsj058viwn3ly6j1,2023-11,14,10,8,0.5714,57.14
m380dsj058viwn3ly6j1,2023-12,23,13,15,0.6522,65.22
m380dsj058viwn3ly6j1,2024-01,4,3,4,1.0,100.0
tndsnutlm99ld8f4uya0,2023-09,20,10,9,0.45,45.0
tndsnutlm99ld8f4uya0,2023-10,30,20,14,0.4667,46.67
tndsnutlm99ld8f4uya0,2023-11,19,14,14,0.7368,73.68
tndsnutlm99ld8f4uya0,2023-12,16,9,12,0.75,75.0
tndsnutlm99ld8f4uya0,2024-01,5,5,5,1.0,100.0
twa56vh9h75mwaqdma1y,2023-09,30,13,17,0.5667,56.67
twa56vh9h75mwaqdma1y,2023-10,33,18,17,0.5152,51.52
twa56vh9h75mwaqdma1y,2023-11,17,11,14,0.8235,82.35
twa56vh9h75mwaqdma1y,2023-12,21,14,15,0.7143,71.43
twa56vh9h75mwaqdma1y,2024-01,2,2,2,1.0,100.0
l1rn095adguamaugi4ux,2023-09,29,12,16,0.5517,55.17
l1rn095adguamaugi4ux,2023-10,33,19,20,0.6061,60.61
l1rn095adguamaugi4ux,2023-11,20,12,13,0.65,65.0
l1rn095adguamaugi4ux,2023-12,27,14,23,0.8519,85.19
l1rn095adguamaugi4ux,2024-01,6,5,5,0.8333,83.33
qkc2f9omqulfmn3j0m9p,2023-09,40,13,17,0.425,42.5
qkc2f9omqulfmn3j0m9p,2023-10,28,19,21,0.75,75.0
qkc2f9omqulfmn3j0m9p,2023-11,21,17,13,0.619,61.9
qkc2f9omqulfmn3j0m9p,2023-12,9,8,4,0.4444,44.44
qkc2f9omqulfmn3j0m9p,2024-01,5,4,4,0.8,80.0
k7fa3kdg6dq9avbiqv1f,2023-09,22,9,6,0.2727,27.27
k7fa3kdg6dq9avbiqv1f,2023-10,42,21,20,0.4762,47.62
k7fa3kdg6dq9avbiqv1f,2023-11,19,11,17,0.8947,89.47
k7fa3kdg6dq9avbiqv1f,2023-12,20,11,14,0.7,70.0
k7fa3kdg6dq9avbiqv1f,2024-01,7,7,6,0.8571,85.71
wi36b9plgjc82atx6z7h,2023-09,23,9,10,0.4348,43.48
wi36b9plgjc82atx6z7h,2023-10,31,16,18,0.5806,58.06
wi36b9plgjc82atx6z7h,2023-11,16,9,7,0.4375,43.75
wi36b9plgjc82atx6z7h,2023-12,22,11,14,0.6364,63.64
wi36b9plgjc82atx6z7h,2024-01,4,4,4,1.0,100.0
aai4o855shne2taonl8m,2023-09,21,9,7,0.3333,33.33
aai4o855shne2taonl8m,2023-10,38,19,22,0.5789,57.89
aai4o855shne2taonl8m,2023-11,30,16,16,0.5333,53.33
aai4o855shne2taonl8m,2023-12,19,9,13,0.6842,68.42
aai4o855shne2taonl8m,2024-01,3,3,2,0.6667,66.67
pxnnkthuxasggux3hyae,2023-09,30,8,7,0.2333,23.33
pxnnkthuxasggux3hyae,2023-10,27,15,14,0.5185,51.85
pxnnkthuxasggux3hyae,2023-11,19,13,17,0.8947,89.47
pxnnkthuxasggux3hyae,2023-12,24,12,15,0.625,62.5
pxnnkthuxasggux3hyae,2024-01,5,4,4,0.8,80.0
nq4jln5s1zqjk7nwbbeo,2023-09,22,11,10,0.4545,45.45
nq4jln5s1zqjk7nwbbeo,2023-10,29,15,14,0.4828,48.28
nq4jln5s1zqjk7nwbbeo,2023-11,12,7,7,0.5833,58.33
nq4jln5s1zqjk7nwbbeo,2023-12,16,8,12,0.75,75.0
nq4jln5s1zqjk7nwbbeo,2024-01,3,3,3,1.0,100.0
p8bk6cdfntr0humt6q45,2023-09,23,9,7,0.3043,30.43
p8bk6cdfntr0humt6q45,2023-10,37,21,24,0.6486,64.86
p8bk6cdfntr0humt6q45,2023-11,20,12,16,0.8,80.0
p8bk6cdfntr0humt6q45,2023-12,12,6,12,1.0,100.0
p8bk6cdfntr0humt6q45,2024-01,6,3,5,0.8333,83.33
4nun1ah7qw10q705a2aq,2023-09,27,9,11,0.4074,40.74
4nun1ah7qw10q705a2aq,2023-10,30,18,16,0.5333,53.33
4nun1ah7qw10q705a2aq,2023-11,22,15,18,0.8182,81.82
4nun1ah7qw10q705a2aq,2023-12,23,9,19,0.8261,82.61
4nun1ah7qw10q705a2aq,2024-01,1,1,1,1.0,100.0
9npnusbksscam12fc4ut,2023-09,25,10,12,0.48,48.0
9npnusbksscam12fc4ut,2023-10,36,18,16,0.4444,44.44
9npnusbksscam12fc4ut,2023-11,22,12,17,0.7727,77.27
9npnusbksscam12fc4ut,2023-12,15,10,10,0.6667,66.67
9npnusbksscam12fc4ut,2024-01,4,4,3,0.75,75.0
hu267zw9zywa4ew3d5bw,2023-09,39,14,20,0.5128,51.28
hu267zw9zywa4ew3d5bw,2023-10,36,18,24,0.6667,66.67
hu267zw9zywa4ew3d5bw,2023-11,26,16,17,0.6538,65.38
hu267zw9zywa4ew3d5bw,2023-12,20,12,13,0.65,65.0
hu267zw9zywa4ew3d5bw,2024-01,5,4,5,1.0,100.0
zhx5rxgopln1p5hd10ql,2023-09,31,10,13,0.4194,41.94
zhx5rxgopln1p5hd10ql,2023-10,30,17,14,0.4667,46.67
zhx5rxgopln1p5hd10ql,2023-11,23,15,16,0.6957,69.57
zhx5rxgopln1p5hd10ql,2023-12,21,10,15,0.7143,71.43
zhx5rxgopln1p5hd10ql,2024-01,3,3,2,0.6667,66.67
pammg9gw4enjosw3z60e,2023-09,30,11,11,0.3667,36.67
pammg9gw4enjosw3z60e,2023-10,32,20,19,0.5938,59.38
pammg9gw4enjosw3z60e,2023-11,18,9,12,0.6667,66.67
pammg9gw4enjosw3z60e,2023-12,17,12,14,0.8235,82.35
pammg9gw4enjosw3z60e,2024-01,6,5,4,0.6667,66.67
r9m46ndmmmzeeehft96z,2023-09,27,12,10,0.3704,37.04
r9m46ndmmmzeeehft96z,2023-10,28,18,17,0.6071,60.71
r9m46ndmmmzeeehft96z,2023-11,18,11,12,0.6667,66.67
r9m46ndmmmzeeehft96z,2023-12,14,9,11,0.7857,78.57
r9m46ndmmmzeeehft96z,2024-01,2,2,2,1.0,100.0
i39gdpglcxstun30b4yw,2023-09,32,11,9,0.2812,28.12
i39gdpglcxstun30b4yw,2023-10,36,17,22,0.6111,61.11
i39gdpglcxstun30b4yw,2023-11,16,14,11,0.6875,68.75
i39gdpglcxstun30b4yw,2023-12,15,11,12,0.8,80.0
i39gdpglcxstun30b4yw,2024-01,2,2,1,0.5,50.0
whzjoeh34i7o86p37u99,2023-09,29,11,14,0.4828,48.28
whzjoeh34i7o86p37u99,2023-10,33,17,19,0.5758,57.58
whzjoeh34i7o86p37u99,2023-11,24,15,15,0.625,62.5
whzjoeh34i7o86p37u99,2023-12,17,10,13,0.7647,76.47
whzjoeh34i7o86p37u99,2024-01,6,4,4,0.6667,66.67
3lbe8ny12qw7qwcyihpn,2023-09,21,13,13,0.619,61.9
3lbe8ny12qw7qwcyihpn,2023-10,30,14,20,0.6667,66.67
3lbe8ny12qw7qwcyihpn,2023-11,16,10,11,0.6875,68.75
3lbe8ny12qw7qwcyihpn,2023-12,21,11,12,0.5714,57.14
3lbe8ny12qw7qwcyihpn,2024-01,6,6,3,0.5,50.0
exaiz0y0uvpeg498cg4j,2023-09,29,11,10,0.3448,34.48
exaiz0y0uvpeg498cg4j,2023-10,30,18,19,0.6333,63.33
exaiz0y0uvpeg498cg4j,2023-11,18,10,14,0.7778,77.78
exaiz0y0uvpeg498cg4j,2023-12,20,13,9,0.45,45.0
exaiz0y0uvpeg498cg4j,2024-01,4,2,4,1.0,100.0
d9qmlhyp13mf5nto4qih,2023-09,30,10,16,0.5333,53.33
d9qmlhyp13mf5nto4qih,2023-10,35,20,16,0.4571,45.71
d9qmlhyp13mf5nto4qih,2023-11,30,16,18,0.6,60.0
d9qmlhyp13mf5nto4qih,2023-12,16,11,12,0.75,75.0
d9qmlhyp13mf5nto4qih,2024-01,3,3,3,1.0,100.0
b6nwoi7doh1m1yzbkxup,2023-09,32,10,14,0.4375,43.75
b6nwoi7doh1m1yzbkxup,2023-10,33,19,20,0.6061,60.61
b6nwoi7doh1m1yzbkxup,2023-11,20,12,13,0.65,65.0
b6nwoi7doh1m1yzbkxup,2023-12,23,9,16,0.6957,69.57
b6nwoi7doh1m1yzbkxup,2024-01,4,3,4,1.0,100.0
d4xny47ows87zd7viwj5,2023-09,30,12,15,0.5,50.0
d4xny47ows87zd7viwj5,2023-10,55,22,37,0.6727,67.27
d4xny47ows87zd7viwj5,2023-11,19,11,11,0.5789,57.89
d4xny47ows87zd7viwj5,2023-12,13,9,10,0.7692,76.92
d4xny47ows87zd7viwj5,2024-01,1,1,1,1.0,100.0
zoo8a9uj8a0dplifqzdp,2023-09,25,11,12,0.48,48.0
zoo8a9uj8a0dplifqzdp,2023-10,37,20,25,0.6757,67.57
zoo8a9uj8a0dplifqzdp,2023-11,19,12,13,0.6842,68.42
zoo8a9uj8a0dplifqzdp,2023-12,16,7,13,0.8125,81.25
zoo8a9uj8a0dplifqzdp,2024-01,8,7,6,0.75,75.0
k6kv9y9tqfll5d282ymb,2023-09,30,13,15,0.5,50.0
k6kv9y9tqfll5d282ymb,2023-10,29,18,18,0.6207,62.07
k6kv9y9tqfll5d282ymb,2023-11,23,13,15,0.6522,65.22
k6kv9y9tqfll5d282ymb,2023-12,15,12,13,0.8667,86.67
k6kv9y9tqfll5d282ymb,2024-01,6,5,6,1.0,100.0
xf5q0ixkpbxl3w7k16qo,2023-09,32,10,11,0.3438,34.38
xf5q0ixkpbxl3w7k16qo,2023-10,25,15,16,0.64,64.0
xf5q0ixkpbxl3w7k16qo,2023-11,18,12,9,0.5,50.0
xf5q0ixkpbxl3w7k16qo,2023-12,19,11,15,0.7895,78.95
xf5q0ixkpbxl3w7k16qo,2024-01,3,3,3,1.0,100.0
slmfpw1fyabrtys8ufg9,2023-09,17,10,7,0.4118,41.18
slmfpw1fyabrtys8ufg9,2023-10,26,14,15,0.5769,57.69
slmfpw1fyabrtys8ufg9,2023-11,18,14,11,0.6111,61.11
slmfpw1fyabrtys8ufg9,2023-12,26,12,14,0.5385,53.85
slmfpw1fyabrtys8ufg9,2024-01,6,5,5,0.8333,83.33
9dbg3fyz4qnj7x9qug6x,2023-09,29,13,12,0.4138,41.38
9dbg3fyz4qnj7x9qug6x,2023-10,38,17,25,0.6579,65.79
9dbg3fyz4qnj7x9qug6x,2023-11,24,14,16,0.6667,66.67
9dbg3fyz4qnj7x9qug6x,2023-12,16,10,12,0.75,75.0
9dbg3fyz4qnj7x9qug6x,2024-01,4,4,1,0.25,25.0
