student_ID,knowledge_id,knowledge_name,mastery,mastery_percentage,question_count,submit_count,correct_count,level
8b6d1125760bd3939b6e,b3C9s,知识点b3C9s,0.8337,83.37,3,5,3,good
8b6d1125760bd3939b6e,g7R2j,知识点g7R2j,0.9987,99.87,5,5,5,good
8b6d1125760bd3939b6e,k4W1c,知识点k4W1c,0.9993,99.93,1,1,1,good
8b6d1125760bd3939b6e,m3D1v,知识点m3D1v,0.9405,94.05,12,19,13,good
8b6d1125760bd3939b6e,r8S3g,知识点r8S3g,0.7968,79.68,5,20,6,good
8b6d1125760bd3939b6e,s8Y2f,知识点s8Y2f,0.8146,81.46,1,2,1,good
8b6d1125760bd3939b6e,t5V9e,知识点t5V9e,0.9391,93.91,5,9,8,good
8b6d1125760bd3939b6e,y9W5d,知识点y9W5d,0.956,95.6,11,17,11,good
63eef37311aaac915a45,b3C9s,知识点b3C9s,0.861,86.1,3,7,4,good
63eef37311aaac915a45,g7R2j,知识点g7R2j,0.7989,79.89,5,20,5,good
63eef37311aaac915a45,k4W1c,知识点k4W1c,0.8143,81.43,1,1,1,good
63eef37311aaac915a45,m3D1v,知识点m3D1v,0.7672,76.72,12,117,30,good
63eef37311aaac915a45,r8S3g,知识点r8S3g,0.7229,72.29,5,29,6,good
63eef37311aaac915a45,s8Y2f,知识点s8Y2f,0.5771,57.71,1,23,1,medium
63eef37311aaac915a45,t5V9e,知识点t5V9e,0.7085,70.85,5,36,24,good
63eef37311aaac915a45,y9W5d,知识点y9W5d,0.8102,81.02,11,94,18,good
5d89810b20079366fcc2,b3C9s,知识点b3C9s,0.8694,86.94,3,4,3,good
5d89810b20079366fcc2,g7R2j,知识点g7R2j,0.5992,59.92,3,3,3,medium
5d89810b20079366fcc2,k4W1c,知识点k4W1c,0.9987,99.87,1,2,2,good
5d89810b20079366fcc2,m3D1v,知识点m3D1v,0.9769,97.69,12,15,12,good
5d89810b20079366fcc2,r8S3g,知识点r8S3g,0.8471,84.71,5,14,7,good
5d89810b20079366fcc2,s8Y2f,知识点s8Y2f,0.8149,81.49,1,2,1,good
5d89810b20079366fcc2,t5V9e,知识点t5V9e,0.999,99.9,5,5,5,good
5d89810b20079366fcc2,y9W5d,知识点y9W5d,0.9607,96.07,11,14,13,good
47eeab842793b09300c3,b3C9s,知识点b3C9s,0.7594,75.94,3,10,4,good
47eeab842793b09300c3,g7R2j,知识点g7R2j,0.7106,71.06,5,13,6,good
47eeab842793b09300c3,k4W1c,知识点k4W1c,0.8139,81.39,1,1,1,good
47eeab842793b09300c3,m3D1v,知识点m3D1v,0.7932,79.32,12,42,22,good
47eeab842793b09300c3,r8S3g,知识点r8S3g,0.7541,75.41,5,24,6,good
47eeab842793b09300c3,s8Y2f,知识点s8Y2f,0.814,81.4,1,2,1,good
47eeab842793b09300c3,t5V9e,知识点t5V9e,0.7701,77.01,5,13,7,good
47eeab842793b09300c3,y9W5d,知识点y9W5d,0.8666,86.66,11,29,17,good
a8eea517e36b20757b2e,b3C9s,知识点b3C9s,0.944,94.4,3,4,3,good
a8eea517e36b20757b2e,g7R2j,知识点g7R2j,0.6638,66.38,5,11,1,good
a8eea517e36b20757b2e,k4W1c,知识点k4W1c,0.9993,99.93,1,2,2,good
a8eea517e36b20757b2e,m3D1v,知识点m3D1v,0.8173,81.73,12,56,26,good
a8eea517e36b20757b2e,r8S3g,知识点r8S3g,0.7146,71.46,5,39,7,good
a8eea517e36b20757b2e,s8Y2f,知识点s8Y2f,0.6654,66.54,0,0,0,good
a8eea517e36b20757b2e,t5V9e,知识点t5V9e,0.7415,74.15,5,54,22,good
a8eea517e36b20757b2e,y9W5d,知识点y9W5d,0.9154,91.54,9,12,10,good
e89cdaa3f159a0d3f55e,b3C9s,知识点b3C9s,0.5736,57.36,3,65,17,medium
e89cdaa3f159a0d3f55e,g7R2j,知识点g7R2j,0.7552,75.52,5,47,35,good
e89cdaa3f159a0d3f55e,k4W1c,知识点k4W1c,0.6499,64.99,1,10,1,good
e89cdaa3f159a0d3f55e,m3D1v,知识点m3D1v,0.7128,71.28,12,135,59,good
e89cdaa3f159a0d3f55e,r8S3g,知识点r8S3g,0.6706,67.06,5,44,10,good
e89cdaa3f159a0d3f55e,s8Y2f,知识点s8Y2f,0.5541,55.41,1,21,1,medium
e89cdaa3f159a0d3f55e,t5V9e,知识点t5V9e,0.807,80.7,5,35,23,good
e89cdaa3f159a0d3f55e,y9W5d,知识点y9W5d,0.6835,68.35,11,157,71,good
e324cc9cb52a2b3cb9cb,b3C9s,知识点b3C9s,0.8492,84.92,3,7,6,good
e324cc9cb52a2b3cb9cb,g7R2j,知识点g7R2j,0.7952,79.52,5,21,6,good
e324cc9cb52a2b3cb9cb,k4W1c,知识点k4W1c,0.6597,65.97,1,7,1,good
e324cc9cb52a2b3cb9cb,m3D1v,知识点m3D1v,0.7502,75.02,12,67,12,good
e324cc9cb52a2b3cb9cb,r8S3g,知识点r8S3g,0.7649,76.49,5,61,8,good
e324cc9cb52a2b3cb9cb,s8Y2f,知识点s8Y2f,0.6939,69.39,1,8,1,good
e324cc9cb52a2b3cb9cb,t5V9e,知识点t5V9e,0.8247,82.47,5,37,13,good
e324cc9cb52a2b3cb9cb,y9W5d,知识点y9W5d,0.7791,77.91,11,51,11,good
98e10f84d94623f8b39e,b3C9s,知识点b3C9s,0.794,79.4,2,5,2,good
98e10f84d94623f8b39e,g7R2j,知识点g7R2j,0.7141,71.41,5,25,10,good
98e10f84d94623f8b39e,k4W1c,知识点k4W1c,0.5738,57.38,1,7,1,medium
98e10f84d94623f8b39e,m3D1v,知识点m3D1v,0.7848,78.48,12,39,16,good
98e10f84d94623f8b39e,r8S3g,知识点r8S3g,0.7304,73.04,5,13,6,good
98e10f84d94623f8b39e,s8Y2f,知识点s8Y2f,0.9982,99.82,1,1,1,good
98e10f84d94623f8b39e,t5V9e,知识点t5V9e,0.6819,68.19,5,48,22,good
98e10f84d94623f8b39e,y9W5d,知识点y9W5d,0.8275,82.75,11,38,10,good
3c89c7f1db26ae691db8,b3C9s,知识点b3C9s,0.9974,99.74,3,3,3,good
3c89c7f1db26ae691db8,g7R2j,知识点g7R2j,0.9306,93.06,5,9,5,good
3c89c7f1db26ae691db8,k4W1c,知识点k4W1c,0.8352,83.52,1,9,9,good
3c89c7f1db26ae691db8,m3D1v,知识点m3D1v,0.7216,72.16,12,137,59,good
3c89c7f1db26ae691db8,r8S3g,知识点r8S3g,0.7042,70.42,5,24,8,good
3c89c7f1db26ae691db8,s8Y2f,知识点s8Y2f,0.9957,99.57,1,2,2,good
3c89c7f1db26ae691db8,t5V9e,知识点t5V9e,0.6301,63.01,5,58,12,good
3c89c7f1db26ae691db8,y9W5d,知识点y9W5d,0.8648,86.48,11,34,32,good
9ea29e4a747ea4a7c70a,b3C9s,知识点b3C9s,0.6456,64.56,3,11,8,good
9ea29e4a747ea4a7c70a,g7R2j,知识点g7R2j,0.6872,68.72,5,45,23,good
9ea29e4a747ea4a7c70a,k4W1c,知识点k4W1c,0.7364,73.64,1,4,1,good
9ea29e4a747ea4a7c70a,m3D1v,知识点m3D1v,0.8328,83.28,12,39,29,good
9ea29e4a747ea4a7c70a,r8S3g,知识点r8S3g,0.8039,80.39,5,18,8,good
9ea29e4a747ea4a7c70a,s8Y2f,知识点s8Y2f,0.666,66.6,1,6,2,good
9ea29e4a747ea4a7c70a,t5V9e,知识点t5V9e,0.8191,81.91,5,25,20,good
9ea29e4a747ea4a7c70a,y9W5d,知识点y9W5d,0.7667,76.67,11,44,25,good
e23ada44d3eac9b465d2,b3C9s,知识点b3C9s,0.9978,99.78,3,3,3,good
e23ada44d3eac9b465d2,g7R2j,知识点g7R2j,0.9784,97.84,5,7,7,good
e23ada44d3eac9b465d2,k4W1c,知识点k4W1c,0.8141,81.41,1,2,1,good
e23ada44d3eac9b465d2,m3D1v,知识点m3D1v,0.872,87.2,12,29,21,good
e23ada44d3eac9b465d2,r8S3g,知识点r8S3g,0.7847,78.47,5,15,6,good
e23ada44d3eac9b465d2,s8Y2f,知识点s8Y2f,0.9993,99.93,1,1,1,good
e23ada44d3eac9b465d2,t5V9e,知识点t5V9e,0.9404,94.04,5,7,7,good
e23ada44d3eac9b465d2,y9W5d,知识点y9W5d,0.894,89.4,11,28,21,good
b79c2d9d8148403a3720,b3C9s,知识点b3C9s,0.8346,83.46,3,44,39,good
b79c2d9d8148403a3720,g7R2j,知识点g7R2j,0.7679,76.79,5,38,30,good
b79c2d9d8148403a3720,k4W1c,知识点k4W1c,0.8127,81.27,1,1,1,good
b79c2d9d8148403a3720,m3D1v,知识点m3D1v,0.8341,83.41,12,43,42,good
b79c2d9d8148403a3720,r8S3g,知识点r8S3g,0.7489,74.89,5,34,6,good
b79c2d9d8148403a3720,s8Y2f,知识点s8Y2f,0.7093,70.93,1,20,16,good
b79c2d9d8148403a3720,t5V9e,知识点t5V9e,0.8192,81.92,5,20,17,good
b79c2d9d8148403a3720,y9W5d,知识点y9W5d,0.7903,79.03,11,79,60,good
01d8aa21ef476b66c573,b3C9s,知识点b3C9s,0.8726,87.26,3,6,3,good
01d8aa21ef476b66c573,g7R2j,知识点g7R2j,0.8453,84.53,5,9,5,good
01d8aa21ef476b66c573,k4W1c,知识点k4W1c,0.8964,89.64,1,4,4,good
01d8aa21ef476b66c573,m3D1v,知识点m3D1v,0.8641,86.41,12,32,21,good
01d8aa21ef476b66c573,r8S3g,知识点r8S3g,0.8732,87.32,5,13,8,good
01d8aa21ef476b66c573,s8Y2f,知识点s8Y2f,0.7253,72.53,1,7,4,good
01d8aa21ef476b66c573,t5V9e,知识点t5V9e,0.8952,89.52,5,19,17,good
01d8aa21ef476b66c573,y9W5d,知识点y9W5d,0.7875,78.75,11,58,37,good
9417c1b4c24e428984bc,b3C9s,知识点b3C9s,0.8879,88.79,3,8,3,good
9417c1b4c24e428984bc,g7R2j,知识点g7R2j,0.7465,74.65,5,40,15,good
9417c1b4c24e428984bc,k4W1c,知识点k4W1c,0.5615,56.15,1,9,2,medium
9417c1b4c24e428984bc,m3D1v,知识点m3D1v,0.8058,80.58,12,34,22,good
9417c1b4c24e428984bc,r8S3g,知识点r8S3g,0.7558,75.58,5,20,6,good
9417c1b4c24e428984bc,s8Y2f,知识点s8Y2f,0.6187,61.87,1,4,2,good
9417c1b4c24e428984bc,t5V9e,知识点t5V9e,0.711,71.1,5,54,35,good
9417c1b4c24e428984bc,y9W5d,知识点y9W5d,0.7089,70.89,11,59,33,good
3d63ba961a5f3a60616a,b3C9s,知识点b3C9s,0.9246,92.46,3,4,3,good
3d63ba961a5f3a60616a,g7R2j,知识点g7R2j,0.8717,87.17,5,13,5,good
3d63ba961a5f3a60616a,k4W1c,知识点k4W1c,0.9989,99.89,1,1,1,good
3d63ba961a5f3a60616a,m3D1v,知识点m3D1v,0.9142,91.42,12,21,17,good
3d63ba961a5f3a60616a,r8S3g,知识点r8S3g,0.8022,80.22,5,27,8,good
3d63ba961a5f3a60616a,s8Y2f,知识点s8Y2f,0.9988,99.88,1,1,1,good
3d63ba961a5f3a60616a,t5V9e,知识点t5V9e,0.854,85.4,5,13,13,good
3d63ba961a5f3a60616a,y9W5d,知识点y9W5d,0.954,95.4,11,17,16,good
57709f904b1cc9ec60b1,b3C9s,知识点b3C9s,0.7504,75.04,3,12,7,good
57709f904b1cc9ec60b1,g7R2j,知识点g7R2j,0.8473,84.73,5,33,27,good
57709f904b1cc9ec60b1,k4W1c,知识点k4W1c,0.7283,72.83,1,3,2,good
57709f904b1cc9ec60b1,m3D1v,知识点m3D1v,0.8138,81.38,12,27,16,good
57709f904b1cc9ec60b1,r8S3g,知识点r8S3g,0.7626,76.26,5,53,7,good
57709f904b1cc9ec60b1,s8Y2f,知识点s8Y2f,0.9985,99.85,1,1,1,good
57709f904b1cc9ec60b1,t5V9e,知识点t5V9e,0.8647,86.47,5,12,9,good
57709f904b1cc9ec60b1,y9W5d,知识点y9W5d,0.7684,76.84,11,47,26,good
8979427badebb9e2bd10,b3C9s,知识点b3C9s,0.7198,71.98,3,36,3,good
8979427badebb9e2bd10,g7R2j,知识点g7R2j,0.9107,91.07,5,12,11,good
8979427badebb9e2bd10,k4W1c,知识点k4W1c,0.9988,99.88,1,1,1,good
8979427badebb9e2bd10,m3D1v,知识点m3D1v,0.8573,85.73,12,43,19,good
8979427badebb9e2bd10,r8S3g,知识点r8S3g,0.9514,95.14,5,8,6,good
8979427badebb9e2bd10,s8Y2f,知识点s8Y2f,0.9985,99.85,1,1,1,good
8979427badebb9e2bd10,t5V9e,知识点t5V9e,0.9986,99.86,5,5,5,good
8979427badebb9e2bd10,y9W5d,知识点y9W5d,0.9587,95.87,11,24,24,good
6e7d56f652020f046204,b3C9s,知识点b3C9s,0.8925,89.25,3,9,6,good
6e7d56f652020f046204,g7R2j,知识点g7R2j,0.8987,89.87,5,20,6,good
6e7d56f652020f046204,k4W1c,知识点k4W1c,0.8365,83.65,1,5,5,good
6e7d56f652020f046204,m3D1v,知识点m3D1v,0.853,85.3,12,27,13,good
6e7d56f652020f046204,r8S3g,知识点r8S3g,0.8028,80.28,5,19,7,good
6e7d56f652020f046204,s8Y2f,知识点s8Y2f,0.813,81.3,1,2,1,good
6e7d56f652020f046204,t5V9e,知识点t5V9e,0.8151,81.51,5,28,18,good
6e7d56f652020f046204,y9W5d,知识点y9W5d,0.8469,84.69,11,44,25,good
03aa0b20dd4af1888eef,b3C9s,知识点b3C9s,0.7546,75.46,3,16,7,good
03aa0b20dd4af1888eef,g7R2j,知识点g7R2j,0.7802,78.02,5,17,14,good
03aa0b20dd4af1888eef,k4W1c,知识点k4W1c,0.9987,99.87,1,1,1,good
03aa0b20dd4af1888eef,m3D1v,知识点m3D1v,0.8231,82.31,12,32,22,good
03aa0b20dd4af1888eef,r8S3g,知识点r8S3g,0.7012,70.12,5,43,8,good
03aa0b20dd4af1888eef,s8Y2f,知识点s8Y2f,0.5831,58.31,1,3,1,medium
03aa0b20dd4af1888eef,t5V9e,知识点t5V9e,0.8513,85.13,5,13,11,good
03aa0b20dd4af1888eef,y9W5d,知识点y9W5d,0.8386,83.86,11,51,46,good
1b25734414fcc7466153,b3C9s,知识点b3C9s,0.6554,65.54,3,13,7,good
1b25734414fcc7466153,g7R2j,知识点g7R2j,0.7046,70.46,5,54,27,good
1b25734414fcc7466153,k4W1c,知识点k4W1c,0.6162,61.62,1,9,1,good
1b25734414fcc7466153,m3D1v,知识点m3D1v,0.8204,82.04,12,39,28,good
1b25734414fcc7466153,r8S3g,知识点r8S3g,0.7263,72.63,5,11,7,good
1b25734414fcc7466153,s8Y2f,知识点s8Y2f,0.8028,80.28,1,3,3,good
1b25734414fcc7466153,t5V9e,知识点t5V9e,0.7398,73.98,5,31,20,good
1b25734414fcc7466153,y9W5d,知识点y9W5d,0.7716,77.16,11,43,24,good
8777bd09f180d330b147,b3C9s,知识点b3C9s,0.6729,67.29,3,9,4,good
8777bd09f180d330b147,g7R2j,知识点g7R2j,0.8108,81.08,5,11,6,good
8777bd09f180d330b147,k4W1c,知识点k4W1c,0.8291,82.91,1,3,2,good
8777bd09f180d330b147,m3D1v,知识点m3D1v,0.8118,81.18,12,29,19,good
8777bd09f180d330b147,r8S3g,知识点r8S3g,0.7972,79.72,5,14,8,good
8777bd09f180d330b147,s8Y2f,知识点s8Y2f,0.7029,70.29,1,2,1,good
8777bd09f180d330b147,t5V9e,知识点t5V9e,0.7908,79.08,5,30,13,good
8777bd09f180d330b147,y9W5d,知识点y9W5d,0.76,76.0,11,34,16,good
8b1fbc97391699e46cef,b3C9s,知识点b3C9s,0.7324,73.24,3,5,3,good
8b1fbc97391699e46cef,g7R2j,知识点g7R2j,0.6953,69.53,5,76,51,good
8b1fbc97391699e46cef,k4W1c,知识点k4W1c,0.6413,64.13,1,7,3,good
8b1fbc97391699e46cef,m3D1v,知识点m3D1v,0.6923,69.23,12,90,44,good
8b1fbc97391699e46cef,r8S3g,知识点r8S3g,0.7215,72.15,5,26,6,good
8b1fbc97391699e46cef,s8Y2f,知识点s8Y2f,0.8143,81.43,1,2,1,good
8b1fbc97391699e46cef,t5V9e,知识点t5V9e,0.7577,75.77,5,43,20,good
8b1fbc97391699e46cef,y9W5d,知识点y9W5d,0.721,72.1,11,78,39,good
dc83f9577ae72447a7b1,b3C9s,知识点b3C9s,0.6994,69.94,3,26,26,good
dc83f9577ae72447a7b1,g7R2j,知识点g7R2j,0.7852,78.52,5,17,8,good
dc83f9577ae72447a7b1,k4W1c,知识点k4W1c,0.6744,67.44,1,3,2,good
dc83f9577ae72447a7b1,m3D1v,知识点m3D1v,0.7501,75.01,12,37,16,good
dc83f9577ae72447a7b1,r8S3g,知识点r8S3g,0.7636,76.36,5,11,6,good
dc83f9577ae72447a7b1,s8Y2f,知识点s8Y2f,0.642,64.2,1,2,1,good
dc83f9577ae72447a7b1,t5V9e,知识点t5V9e,0.7228,72.28,5,56,36,good
dc83f9577ae72447a7b1,y9W5d,知识点y9W5d,0.6635,66.35,11,35,17,good
be503fccbf0ae5532639,b3C9s,知识点b3C9s,0.9992,99.92,3,3,3,good
be503fccbf0ae5532639,g7R2j,知识点g7R2j,0.859,85.9,5,16,9,good
be503fccbf0ae5532639,k4W1c,知识点k4W1c,0.9993,99.93,1,1,1,good
be503fccbf0ae5532639,m3D1v,知识点m3D1v,0.8146,81.46,12,19,13,good
be503fccbf0ae5532639,r8S3g,知识点r8S3g,0.8439,84.39,5,14,8,good
be503fccbf0ae5532639,s8Y2f,知识点s8Y2f,0.6862,68.62,1,4,1,good
be503fccbf0ae5532639,t5V9e,知识点t5V9e,0.7198,71.98,5,23,9,good
be503fccbf0ae5532639,y9W5d,知识点y9W5d,0.7924,79.24,11,32,13,good
cd6355bf939a47577f6d,b3C9s,知识点b3C9s,0.5821,58.21,3,48,13,medium
cd6355bf939a47577f6d,g7R2j,知识点g7R2j,0.6773,67.73,5,98,35,good
cd6355bf939a47577f6d,k4W1c,知识点k4W1c,0.5676,56.76,1,17,6,medium
cd6355bf939a47577f6d,m3D1v,知识点m3D1v,0.7271,72.71,12,118,42,good
cd6355bf939a47577f6d,r8S3g,知识点r8S3g,0.8036,80.36,5,36,7,good
cd6355bf939a47577f6d,s8Y2f,知识点s8Y2f,0.7579,75.79,1,3,3,good
cd6355bf939a47577f6d,t5V9e,知识点t5V9e,0.7732,77.32,5,56,24,good
cd6355bf939a47577f6d,y9W5d,知识点y9W5d,0.7164,71.64,11,117,67,good
fb4411db1aac3cd2544b,b3C9s,知识点b3C9s,0.6035,60.35,2,7,4,good
fb4411db1aac3cd2544b,g7R2j,知识点g7R2j,0.9508,95.08,5,7,5,good
fb4411db1aac3cd2544b,k4W1c,知识点k4W1c,0.9987,99.87,1,1,1,good
fb4411db1aac3cd2544b,m3D1v,知识点m3D1v,0.8426,84.26,12,26,16,good
fb4411db1aac3cd2544b,r8S3g,知识点r8S3g,0.8541,85.41,5,17,6,good
fb4411db1aac3cd2544b,s8Y2f,知识点s8Y2f,0.9977,99.77,1,1,1,good
fb4411db1aac3cd2544b,t5V9e,知识点t5V9e,0.8345,83.45,5,30,23,good
fb4411db1aac3cd2544b,y9W5d,知识点y9W5d,0.8338,83.38,11,35,13,good
f06c3ddb1a98713eeb32,b3C9s,知识点b3C9s,0.9425,94.25,3,4,3,good
f06c3ddb1a98713eeb32,g7R2j,知识点g7R2j,0.8479,84.79,5,25,10,good
f06c3ddb1a98713eeb32,k4W1c,知识点k4W1c,0.666,66.6,1,1,1,good
f06c3ddb1a98713eeb32,m3D1v,知识点m3D1v,0.7116,71.16,12,67,32,good
f06c3ddb1a98713eeb32,r8S3g,知识点r8S3g,0.7309,73.09,5,36,9,good
f06c3ddb1a98713eeb32,s8Y2f,知识点s8Y2f,0.6526,65.26,1,2,1,good
f06c3ddb1a98713eeb32,t5V9e,知识点t5V9e,0.7339,73.39,5,22,8,good
f06c3ddb1a98713eeb32,y9W5d,知识点y9W5d,0.6866,68.66,11,44,30,good
bca2be7a89b9b36b45cc,b3C9s,知识点b3C9s,0.8333,83.33,3,14,12,good
bca2be7a89b9b36b45cc,g7R2j,知识点g7R2j,0.9351,93.51,5,13,11,good
bca2be7a89b9b36b45cc,k4W1c,知识点k4W1c,0.9985,99.85,1,1,1,good
bca2be7a89b9b36b45cc,m3D1v,知识点m3D1v,0.8955,89.55,12,63,47,good
bca2be7a89b9b36b45cc,r8S3g,知识点r8S3g,0.7786,77.86,5,14,10,good
bca2be7a89b9b36b45cc,s8Y2f,知识点s8Y2f,0.9981,99.81,1,2,2,good
bca2be7a89b9b36b45cc,t5V9e,知识点t5V9e,0.8808,88.08,5,29,24,good
bca2be7a89b9b36b45cc,y9W5d,知识点y9W5d,0.9243,92.43,11,44,32,good
f058870b1bc33e288e82,b3C9s,知识点b3C9s,0.9431,94.31,3,5,4,good
f058870b1bc33e288e82,g7R2j,知识点g7R2j,0.8528,85.28,5,21,10,good
f058870b1bc33e288e82,k4W1c,知识点k4W1c,0.998,99.8,1,1,1,good
f058870b1bc33e288e82,m3D1v,知识点m3D1v,0.8592,85.92,12,29,18,good
f058870b1bc33e288e82,r8S3g,知识点r8S3g,0.8159,81.59,5,14,6,good
f058870b1bc33e288e82,s8Y2f,知识点s8Y2f,0.9992,99.92,1,1,1,good
f058870b1bc33e288e82,t5V9e,知识点t5V9e,0.8599,85.99,5,30,27,good
f058870b1bc33e288e82,y9W5d,知识点y9W5d,0.9239,92.39,11,21,17,good
a1fa76b5d99a411d6649,b3C9s,知识点b3C9s,0.7278,72.78,3,7,6,good
a1fa76b5d99a411d6649,g7R2j,知识点g7R2j,0.88,88.0,5,15,12,good
a1fa76b5d99a411d6649,k4W1c,知识点k4W1c,0.7397,73.97,1,6,4,good
a1fa76b5d99a411d6649,m3D1v,知识点m3D1v,0.8343,83.43,12,28,19,good
a1fa76b5d99a411d6649,r8S3g,知识点r8S3g,0.8871,88.71,5,41,6,good
a1fa76b5d99a411d6649,s8Y2f,知识点s8Y2f,0.7627,76.27,1,3,1,good
a1fa76b5d99a411d6649,t5V9e,知识点t5V9e,0.9124,91.24,5,13,12,good
a1fa76b5d99a411d6649,y9W5d,知识点y9W5d,0.8397,83.97,11,35,29,good
79ea7a2f63285f2fe26b,b3C9s,知识点b3C9s,0.9436,94.36,3,3,3,good
79ea7a2f63285f2fe26b,g7R2j,知识点g7R2j,0.8464,84.64,5,20,17,good
79ea7a2f63285f2fe26b,k4W1c,知识点k4W1c,0.7989,79.89,1,40,40,good
79ea7a2f63285f2fe26b,m3D1v,知识点m3D1v,0.9388,93.88,12,32,23,good
79ea7a2f63285f2fe26b,r8S3g,知识点r8S3g,0.9984,99.84,5,7,7,good
79ea7a2f63285f2fe26b,s8Y2f,知识点s8Y2f,0.9985,99.85,1,1,1,good
79ea7a2f63285f2fe26b,t5V9e,知识点t5V9e,0.8742,87.42,5,11,9,good
79ea7a2f63285f2fe26b,y9W5d,知识点y9W5d,0.9107,91.07,11,70,60,good
54826f4abf592713d585,b3C9s,知识点b3C9s,0.7989,79.89,3,21,20,good
54826f4abf592713d585,g7R2j,知识点g7R2j,0.8329,83.29,5,20,15,good
54826f4abf592713d585,k4W1c,知识点k4W1c,0.8971,89.71,1,2,2,good
54826f4abf592713d585,m3D1v,知识点m3D1v,0.8558,85.58,12,30,25,good
54826f4abf592713d585,r8S3g,知识点r8S3g,0.8492,84.92,5,7,6,good
54826f4abf592713d585,s8Y2f,知识点s8Y2f,0.7867,78.67,1,4,3,good
54826f4abf592713d585,t5V9e,知识点t5V9e,0.8218,82.18,5,12,7,good
54826f4abf592713d585,y9W5d,知识点y9W5d,0.9016,90.16,11,26,22,good
e716574233e87591ff19,b3C9s,知识点b3C9s,0.7461,74.61,3,10,3,good
e716574233e87591ff19,g7R2j,知识点g7R2j,0.8073,80.73,5,25,18,good
e716574233e87591ff19,k4W1c,知识点k4W1c,0.6859,68.59,1,2,1,good
e716574233e87591ff19,m3D1v,知识点m3D1v,0.7222,72.22,12,47,28,good
e716574233e87591ff19,r8S3g,知识点r8S3g,0.6963,69.63,5,46,7,good
e716574233e87591ff19,s8Y2f,知识点s8Y2f,0.7291,72.91,1,2,1,good
e716574233e87591ff19,t5V9e,知识点t5V9e,0.8368,83.68,5,17,8,good
e716574233e87591ff19,y9W5d,知识点y9W5d,0.7028,70.28,11,37,24,good
bab3d23935ae4f8e798c,b3C9s,知识点b3C9s,0.754,75.4,3,22,11,good
bab3d23935ae4f8e798c,g7R2j,知识点g7R2j,0.7178,71.78,5,52,20,good
bab3d23935ae4f8e798c,k4W1c,知识点k4W1c,0.6709,67.09,1,8,5,good
bab3d23935ae4f8e798c,m3D1v,知识点m3D1v,0.7913,79.13,12,89,54,good
bab3d23935ae4f8e798c,r8S3g,知识点r8S3g,0.7758,77.58,5,76,28,good
bab3d23935ae4f8e798c,s8Y2f,知识点s8Y2f,0.717,71.7,1,15,5,good
bab3d23935ae4f8e798c,t5V9e,知识点t5V9e,0.7435,74.35,5,106,36,good
bab3d23935ae4f8e798c,y9W5d,知识点y9W5d,0.8021,80.21,11,85,56,good
d2403aa287eb869a170a,b3C9s,知识点b3C9s,0.9992,99.92,3,3,3,good
d2403aa287eb869a170a,g7R2j,知识点g7R2j,0.8622,86.22,5,9,5,good
d2403aa287eb869a170a,k4W1c,知识点k4W1c,0.6753,67.53,1,6,1,good
d2403aa287eb869a170a,m3D1v,知识点m3D1v,0.7364,73.64,12,57,35,good
d2403aa287eb869a170a,r8S3g,知识点r8S3g,0.6389,63.89,5,85,8,good
d2403aa287eb869a170a,s8Y2f,知识点s8Y2f,0.6156,61.56,1,4,1,good
d2403aa287eb869a170a,t5V9e,知识点t5V9e,0.6388,63.88,5,107,25,good
d2403aa287eb869a170a,y9W5d,知识点y9W5d,0.7799,77.99,11,40,12,good
ce1a32f22b91f4d81015,b3C9s,知识点b3C9s,0.8515,85.15,3,8,6,good
ce1a32f22b91f4d81015,g7R2j,知识点g7R2j,0.7463,74.63,5,25,20,good
ce1a32f22b91f4d81015,k4W1c,知识点k4W1c,0.7628,76.28,1,1,1,good
ce1a32f22b91f4d81015,m3D1v,知识点m3D1v,0.8447,84.47,12,38,21,good
ce1a32f22b91f4d81015,r8S3g,知识点r8S3g,0.6709,67.09,5,37,10,good
ce1a32f22b91f4d81015,s8Y2f,知识点s8Y2f,0.7952,79.52,1,2,2,good
ce1a32f22b91f4d81015,t5V9e,知识点t5V9e,0.8031,80.31,5,15,10,good
ce1a32f22b91f4d81015,y9W5d,知识点y9W5d,0.8408,84.08,11,34,26,good
d0a933a514028d777578,b3C9s,知识点b3C9s,0.8944,89.44,3,5,4,good
d0a933a514028d777578,g7R2j,知识点g7R2j,0.9045,90.45,5,32,30,good
d0a933a514028d777578,k4W1c,知识点k4W1c,0.8422,84.22,1,5,4,good
d0a933a514028d777578,m3D1v,知识点m3D1v,0.8885,88.85,12,20,18,good
d0a933a514028d777578,r8S3g,知识点r8S3g,0.9147,91.47,5,6,6,good
d0a933a514028d777578,s8Y2f,知识点s8Y2f,0.8142,81.42,1,2,1,good
d0a933a514028d777578,t5V9e,知识点t5V9e,0.8768,87.68,5,10,7,good
d0a933a514028d777578,y9W5d,知识点y9W5d,0.8718,87.18,11,43,39,good
81c4c46f19cb21d54bbb,b3C9s,知识点b3C9s,0.7262,72.62,3,16,4,good
81c4c46f19cb21d54bbb,g7R2j,知识点g7R2j,0.8328,83.28,5,16,12,good
81c4c46f19cb21d54bbb,k4W1c,知识点k4W1c,0.9982,99.82,1,1,1,good
81c4c46f19cb21d54bbb,m3D1v,知识点m3D1v,0.9128,91.28,12,24,16,good
81c4c46f19cb21d54bbb,r8S3g,知识点r8S3g,0.9461,94.61,5,12,6,good
81c4c46f19cb21d54bbb,s8Y2f,知识点s8Y2f,0.9979,99.79,1,1,1,good
81c4c46f19cb21d54bbb,t5V9e,知识点t5V9e,0.9631,96.31,5,8,8,good
81c4c46f19cb21d54bbb,y9W5d,知识点y9W5d,0.9163,91.63,11,28,16,good
876aca2b8ce1958ea773,b3C9s,知识点b3C9s,0.8742,87.42,3,13,9,good
876aca2b8ce1958ea773,g7R2j,知识点g7R2j,0.7946,79.46,5,47,20,good
876aca2b8ce1958ea773,k4W1c,知识点k4W1c,0.8143,81.43,1,2,1,good
876aca2b8ce1958ea773,m3D1v,知识点m3D1v,0.7489,74.89,12,50,15,good
876aca2b8ce1958ea773,r8S3g,知识点r8S3g,0.6256,62.56,5,117,7,good
876aca2b8ce1958ea773,s8Y2f,知识点s8Y2f,0.6014,60.14,1,16,12,good
876aca2b8ce1958ea773,t5V9e,知识点t5V9e,0.7512,75.12,5,47,27,good
876aca2b8ce1958ea773,y9W5d,知识点y9W5d,0.7042,70.42,11,101,62,good
c57c5ca2df494f27ca64,b3C9s,知识点b3C9s,0.889,88.9,3,6,4,good
c57c5ca2df494f27ca64,g7R2j,知识点g7R2j,0.8679,86.79,5,65,37,good
c57c5ca2df494f27ca64,k4W1c,知识点k4W1c,0.7624,76.24,1,3,1,good
c57c5ca2df494f27ca64,m3D1v,知识点m3D1v,0.9655,96.55,12,27,26,good
c57c5ca2df494f27ca64,r8S3g,知识点r8S3g,0.998,99.8,5,7,7,good
c57c5ca2df494f27ca64,s8Y2f,知识点s8Y2f,0.9992,99.92,1,1,1,good
c57c5ca2df494f27ca64,t5V9e,知识点t5V9e,0.873,87.3,5,13,12,good
c57c5ca2df494f27ca64,y9W5d,知识点y9W5d,0.926,92.6,11,26,23,good
64d1d58d40bca568347c,b3C9s,知识点b3C9s,0.9227,92.27,3,9,8,good
64d1d58d40bca568347c,g7R2j,知识点g7R2j,0.9028,90.28,5,7,5,good
64d1d58d40bca568347c,k4W1c,知识点k4W1c,0.9987,99.87,1,1,1,good
64d1d58d40bca568347c,m3D1v,知识点m3D1v,0.8502,85.02,12,37,17,good
64d1d58d40bca568347c,r8S3g,知识点r8S3g,0.7777,77.77,5,23,7,good
64d1d58d40bca568347c,s8Y2f,知识点s8Y2f,0.7362,73.62,1,4,1,good
64d1d58d40bca568347c,t5V9e,知识点t5V9e,0.85,85.0,5,18,12,good
64d1d58d40bca568347c,y9W5d,知识点y9W5d,0.8346,83.46,11,37,20,good
75c2677c8d156032e303,b3C9s,知识点b3C9s,0.8177,81.77,3,12,9,good
75c2677c8d156032e303,g7R2j,知识点g7R2j,0.7071,70.71,5,38,25,good
75c2677c8d156032e303,k4W1c,知识点k4W1c,0.6379,63.79,1,3,2,good
75c2677c8d156032e303,m3D1v,知识点m3D1v,0.7106,71.06,12,81,37,good
75c2677c8d156032e303,r8S3g,知识点r8S3g,0.6794,67.94,5,72,15,good
75c2677c8d156032e303,s8Y2f,知识点s8Y2f,0.609,60.9,1,5,2,good
75c2677c8d156032e303,t5V9e,知识点t5V9e,0.7263,72.63,5,76,14,good
75c2677c8d156032e303,y9W5d,知识点y9W5d,0.6613,66.13,11,68,29,good
b345ecad87a7fbac77ce,b3C9s,知识点b3C9s,0.7842,78.42,3,16,16,good
b345ecad87a7fbac77ce,g7R2j,知识点g7R2j,0.7705,77.05,5,33,31,good
b345ecad87a7fbac77ce,k4W1c,知识点k4W1c,0.777,77.7,1,29,29,good
b345ecad87a7fbac77ce,m3D1v,知识点m3D1v,0.7691,76.91,12,69,64,good
b345ecad87a7fbac77ce,r8S3g,知识点r8S3g,0.815,81.5,5,24,6,good
b345ecad87a7fbac77ce,s8Y2f,知识点s8Y2f,0.7585,75.85,1,6,5,good
b345ecad87a7fbac77ce,t5V9e,知识点t5V9e,0.8281,82.81,5,33,27,good
b345ecad87a7fbac77ce,y9W5d,知识点y9W5d,0.7924,79.24,11,119,109,good
360820d6620d17d1b48b,b3C9s,知识点b3C9s,0.6685,66.85,3,32,25,good
360820d6620d17d1b48b,g7R2j,知识点g7R2j,0.7948,79.48,5,56,53,good
360820d6620d17d1b48b,k4W1c,知识点k4W1c,0.7591,75.91,1,3,3,good
360820d6620d17d1b48b,m3D1v,知识点m3D1v,0.8054,80.54,12,38,29,good
360820d6620d17d1b48b,r8S3g,知识点r8S3g,0.7264,72.64,5,28,6,good
360820d6620d17d1b48b,s8Y2f,知识点s8Y2f,0.8233,82.33,1,5,4,good
360820d6620d17d1b48b,t5V9e,知识点t5V9e,0.7392,73.92,5,22,19,good
360820d6620d17d1b48b,y9W5d,知识点y9W5d,0.8688,86.88,11,41,35,good
7086b49d3d6c2cf79c1a,b3C9s,知识点b3C9s,0.848,84.8,3,5,4,good
7086b49d3d6c2cf79c1a,g7R2j,知识点g7R2j,0.9462,94.62,5,8,8,good
7086b49d3d6c2cf79c1a,k4W1c,知识点k4W1c,0.9987,99.87,1,1,1,good
7086b49d3d6c2cf79c1a,m3D1v,知识点m3D1v,0.967,96.7,12,14,12,good
7086b49d3d6c2cf79c1a,r8S3g,知识点r8S3g,0.7555,75.55,5,50,8,good
7086b49d3d6c2cf79c1a,s8Y2f,知识点s8Y2f,0.8138,81.38,1,2,1,good
7086b49d3d6c2cf79c1a,t5V9e,知识点t5V9e,0.9118,91.18,5,25,22,good
7086b49d3d6c2cf79c1a,y9W5d,知识点y9W5d,0.9475,94.75,11,15,12,good
cac3f85073c947532796,b3C9s,知识点b3C9s,0.6989,69.89,3,25,11,good
cac3f85073c947532796,g7R2j,知识点g7R2j,0.747,74.7,5,41,30,good
cac3f85073c947532796,k4W1c,知识点k4W1c,0.6917,69.17,1,11,8,good
cac3f85073c947532796,m3D1v,知识点m3D1v,0.8435,84.35,12,54,43,good
cac3f85073c947532796,r8S3g,知识点r8S3g,0.7089,70.89,5,23,7,good
cac3f85073c947532796,s8Y2f,知识点s8Y2f,0.9987,99.87,1,1,1,good
cac3f85073c947532796,t5V9e,知识点t5V9e,0.8863,88.63,5,22,17,good
cac3f85073c947532796,y9W5d,知识点y9W5d,0.836,83.6,11,66,54,good
e37bbe9fe37f92b785d9,b3C9s,知识点b3C9s,0.7681,76.81,3,29,10,good
e37bbe9fe37f92b785d9,g7R2j,知识点g7R2j,0.7832,78.32,5,32,25,good
e37bbe9fe37f92b785d9,k4W1c,知识点k4W1c,0.9985,99.85,1,1,1,good
e37bbe9fe37f92b785d9,m3D1v,知识点m3D1v,0.8447,84.47,12,49,37,good
e37bbe9fe37f92b785d9,r8S3g,知识点r8S3g,0.7972,79.72,5,15,9,good
e37bbe9fe37f92b785d9,s8Y2f,知识点s8Y2f,0.8462,84.62,1,4,4,good
e37bbe9fe37f92b785d9,t5V9e,知识点t5V9e,0.9274,92.74,5,24,22,good
e37bbe9fe37f92b785d9,y9W5d,知识点y9W5d,0.8521,85.21,11,56,43,good
0a8736f6520cea837d94,b3C9s,知识点b3C9s,0.9247,92.47,3,4,3,good
0a8736f6520cea837d94,g7R2j,知识点g7R2j,0.824,82.4,5,16,9,good
0a8736f6520cea837d94,k4W1c,知识点k4W1c,0.6458,64.58,1,8,1,good
0a8736f6520cea837d94,m3D1v,知识点m3D1v,0.8388,83.88,12,85,22,good
0a8736f6520cea837d94,r8S3g,知识点r8S3g,0.8549,85.49,5,17,6,good
0a8736f6520cea837d94,s8Y2f,知识点s8Y2f,0.7592,75.92,1,13,13,good
0a8736f6520cea837d94,t5V9e,知识点t5V9e,0.6907,69.07,5,64,31,good
0a8736f6520cea837d94,y9W5d,知识点y9W5d,0.8445,84.45,11,47,28,good
37ae91c472189108a737,b3C9s,知识点b3C9s,0.9225,92.25,3,5,5,good
37ae91c472189108a737,g7R2j,知识点g7R2j,0.8726,87.26,5,19,5,good
37ae91c472189108a737,k4W1c,知识点k4W1c,0.9992,99.92,1,1,1,good
37ae91c472189108a737,m3D1v,知识点m3D1v,0.9498,94.98,12,16,14,good
37ae91c472189108a737,r8S3g,知识点r8S3g,0.9028,90.28,5,11,8,good
37ae91c472189108a737,s8Y2f,知识点s8Y2f,0.9982,99.82,1,1,1,good
37ae91c472189108a737,t5V9e,知识点t5V9e,0.837,83.7,5,20,9,good
37ae91c472189108a737,y9W5d,知识点y9W5d,0.9821,98.21,11,13,12,good
488934d01a504bc212b4,b3C9s,知识点b3C9s,0.8201,82.01,3,8,8,good
488934d01a504bc212b4,g7R2j,知识点g7R2j,0.88,88.0,5,15,14,good
488934d01a504bc212b4,k4W1c,知识点k4W1c,0.8359,83.59,1,5,5,good
488934d01a504bc212b4,m3D1v,知识点m3D1v,0.8567,85.67,12,28,14,good
488934d01a504bc212b4,r8S3g,知识点r8S3g,0.8849,88.49,5,6,6,good
488934d01a504bc212b4,s8Y2f,知识点s8Y2f,0.8629,86.29,1,3,3,good
488934d01a504bc212b4,t5V9e,知识点t5V9e,0.8331,83.31,5,8,8,good
488934d01a504bc212b4,y9W5d,知识点y9W5d,0.8788,87.88,11,28,22,good
545eb6c8154273344669,b3C9s,知识点b3C9s,0.7753,77.53,3,8,4,good
545eb6c8154273344669,g7R2j,知识点g7R2j,0.7952,79.52,5,15,12,good
545eb6c8154273344669,k4W1c,知识点k4W1c,0.5865,58.65,1,15,3,medium
545eb6c8154273344669,m3D1v,知识点m3D1v,0.861,86.1,12,28,22,good
545eb6c8154273344669,r8S3g,知识点r8S3g,0.7149,71.49,5,24,6,good
545eb6c8154273344669,s8Y2f,知识点s8Y2f,0.7201,72.01,1,1,1,good
545eb6c8154273344669,t5V9e,知识点t5V9e,0.8292,82.92,5,17,12,good
545eb6c8154273344669,y9W5d,知识点y9W5d,0.7409,74.09,11,54,19,good
22ae866c664a147f9971,b3C9s,知识点b3C9s,0.8501,85.01,3,6,5,good
22ae866c664a147f9971,g7R2j,知识点g7R2j,0.8639,86.39,5,12,11,good
22ae866c664a147f9971,k4W1c,知识点k4W1c,0.9989,99.89,1,1,1,good
22ae866c664a147f9971,m3D1v,知识点m3D1v,0.8926,89.26,12,36,32,good
22ae866c664a147f9971,r8S3g,知识点r8S3g,0.9616,96.16,5,6,6,good
22ae866c664a147f9971,s8Y2f,知识点s8Y2f,0.9989,99.89,1,1,1,good
22ae866c664a147f9971,t5V9e,知识点t5V9e,0.914,91.4,5,6,5,good
22ae866c664a147f9971,y9W5d,知识点y9W5d,0.9349,93.49,11,26,21,good
86215294b080f19af22f,b3C9s,知识点b3C9s,0.9988,99.88,3,3,3,good
86215294b080f19af22f,g7R2j,知识点g7R2j,0.7023,70.23,5,29,11,good
86215294b080f19af22f,k4W1c,知识点k4W1c,0.623,62.3,1,3,2,good
86215294b080f19af22f,m3D1v,知识点m3D1v,0.8757,87.57,12,31,20,good
86215294b080f19af22f,r8S3g,知识点r8S3g,0.7182,71.82,5,62,6,good
86215294b080f19af22f,s8Y2f,知识点s8Y2f,0.7831,78.31,1,5,4,good
86215294b080f19af22f,t5V9e,知识点t5V9e,0.7878,78.78,5,15,10,good
86215294b080f19af22f,y9W5d,知识点y9W5d,0.8033,80.33,11,41,25,good
1e25b47eaef62694a236,b3C9s,知识点b3C9s,0.999,99.9,3,3,3,good
1e25b47eaef62694a236,g7R2j,知识点g7R2j,0.939,93.9,5,11,5,good
1e25b47eaef62694a236,k4W1c,知识点k4W1c,0.9988,99.88,1,1,1,good
1e25b47eaef62694a236,m3D1v,知识点m3D1v,0.9651,96.51,12,24,18,good
1e25b47eaef62694a236,r8S3g,知识点r8S3g,0.722,72.2,5,57,19,good
1e25b47eaef62694a236,s8Y2f,知识点s8Y2f,0.9982,99.82,1,1,1,good
1e25b47eaef62694a236,t5V9e,知识点t5V9e,0.7576,75.76,5,32,23,good
1e25b47eaef62694a236,y9W5d,知识点y9W5d,0.9989,99.89,11,11,11,good
580e98185da72b5f34cd,b3C9s,知识点b3C9s,0.7379,73.79,3,36,33,good
580e98185da72b5f34cd,g7R2j,知识点g7R2j,0.7111,71.11,5,44,40,good
580e98185da72b5f34cd,k4W1c,知识点k4W1c,0.7191,71.91,1,1,1,good
580e98185da72b5f34cd,m3D1v,知识点m3D1v,0.7804,78.04,12,77,61,good
580e98185da72b5f34cd,r8S3g,知识点r8S3g,0.7989,79.89,5,26,9,good
580e98185da72b5f34cd,s8Y2f,知识点s8Y2f,0.5994,59.94,1,3,1,medium
580e98185da72b5f34cd,t5V9e,知识点t5V9e,0.7924,79.24,5,15,11,good
580e98185da72b5f34cd,y9W5d,知识点y9W5d,0.7618,76.18,11,80,61,good
99d6b8a1cc0020112951,b3C9s,知识点b3C9s,0.646,64.6,3,9,5,good
99d6b8a1cc0020112951,g7R2j,知识点g7R2j,0.7824,78.24,5,22,12,good
99d6b8a1cc0020112951,k4W1c,知识点k4W1c,0.8132,81.32,1,2,1,good
99d6b8a1cc0020112951,m3D1v,知识点m3D1v,0.8833,88.33,12,23,17,good
99d6b8a1cc0020112951,r8S3g,知识点r8S3g,0.8405,84.05,5,17,7,good
99d6b8a1cc0020112951,s8Y2f,知识点s8Y2f,0.6331,63.31,1,3,1,good
99d6b8a1cc0020112951,t5V9e,知识点t5V9e,0.862,86.2,5,15,11,good
99d6b8a1cc0020112951,y9W5d,知识点y9W5d,0.8803,88.03,11,37,30,good
ff59855075a6bc39d62b,b3C9s,知识点b3C9s,0.9433,94.33,3,4,3,good
ff59855075a6bc39d62b,g7R2j,知识点g7R2j,0.8898,88.98,5,6,5,good
ff59855075a6bc39d62b,k4W1c,知识点k4W1c,0.9987,99.87,1,1,1,good
ff59855075a6bc39d62b,m3D1v,知识点m3D1v,0.9241,92.41,12,15,12,good
ff59855075a6bc39d62b,r8S3g,知识点r8S3g,0.8362,83.62,5,19,7,good
ff59855075a6bc39d62b,s8Y2f,知识点s8Y2f,0.9985,99.85,1,1,1,good
ff59855075a6bc39d62b,t5V9e,知识点t5V9e,0.9459,94.59,5,10,7,good
ff59855075a6bc39d62b,y9W5d,知识点y9W5d,0.9311,93.11,11,18,11,good
8d422b817027d7721870,b3C9s,知识点b3C9s,0.9371,93.71,3,5,5,good
8d422b817027d7721870,g7R2j,知识点g7R2j,0.9211,92.11,5,20,19,good
8d422b817027d7721870,k4W1c,知识点k4W1c,0.9977,99.77,1,1,1,good
8d422b817027d7721870,m3D1v,知识点m3D1v,0.937,93.7,12,21,20,good
8d422b817027d7721870,r8S3g,知识点r8S3g,0.8956,89.56,5,8,6,good
8d422b817027d7721870,s8Y2f,知识点s8Y2f,0.6856,68.56,1,2,1,good
8d422b817027d7721870,t5V9e,知识点t5V9e,0.9078,90.78,5,11,11,good
8d422b817027d7721870,y9W5d,知识点y9W5d,0.9332,93.32,11,21,19,good
18cdd44af62c6935e7a0,b3C9s,知识点b3C9s,0.8706,87.06,3,8,6,good
18cdd44af62c6935e7a0,g7R2j,知识点g7R2j,0.8275,82.75,5,33,18,good
18cdd44af62c6935e7a0,k4W1c,知识点k4W1c,0.7859,78.59,1,3,3,good
18cdd44af62c6935e7a0,m3D1v,知识点m3D1v,0.8041,80.41,12,58,42,good
18cdd44af62c6935e7a0,r8S3g,知识点r8S3g,0.775,77.5,5,29,7,good
18cdd44af62c6935e7a0,s8Y2f,知识点s8Y2f,0.8461,84.61,1,6,5,good
18cdd44af62c6935e7a0,t5V9e,知识点t5V9e,0.8166,81.66,5,28,25,good
18cdd44af62c6935e7a0,y9W5d,知识点y9W5d,0.8317,83.17,11,43,38,good
c00c91256ab1777d0dbc,b3C9s,知识点b3C9s,0.8045,80.45,3,6,3,good
c00c91256ab1777d0dbc,g7R2j,知识点g7R2j,0.7694,76.94,5,33,16,good
c00c91256ab1777d0dbc,k4W1c,知识点k4W1c,0.8958,89.58,1,2,2,good
c00c91256ab1777d0dbc,m3D1v,知识点m3D1v,0.8577,85.77,12,26,14,good
c00c91256ab1777d0dbc,r8S3g,知识点r8S3g,0.7074,70.74,5,52,7,good
c00c91256ab1777d0dbc,s8Y2f,知识点s8Y2f,0.9977,99.77,1,1,1,good
c00c91256ab1777d0dbc,t5V9e,知识点t5V9e,0.7321,73.21,5,48,19,good
c00c91256ab1777d0dbc,y9W5d,知识点y9W5d,0.8934,89.34,11,20,14,good
10de703c06bf9d873d68,b3C9s,知识点b3C9s,0.92,92.0,3,4,4,good
10de703c06bf9d873d68,g7R2j,知识点g7R2j,0.9024,90.24,5,8,6,good
10de703c06bf9d873d68,k4W1c,知识点k4W1c,0.9948,99.48,1,2,2,good
10de703c06bf9d873d68,m3D1v,知识点m3D1v,0.8947,89.47,12,38,18,good
10de703c06bf9d873d68,r8S3g,知识点r8S3g,0.7223,72.23,5,81,24,good
10de703c06bf9d873d68,s8Y2f,知识点s8Y2f,0.8116,81.16,1,4,2,good
10de703c06bf9d873d68,t5V9e,知识点t5V9e,0.902,90.2,5,16,11,good
10de703c06bf9d873d68,y9W5d,知识点y9W5d,0.912,91.2,11,27,18,good
t3wo8xb4rq94n3fpfk35,b3C9s,知识点b3C9s,0.7987,79.87,3,5,4,good
t3wo8xb4rq94n3fpfk35,g7R2j,知识点g7R2j,0.6813,68.13,5,21,10,good
t3wo8xb4rq94n3fpfk35,k4W1c,知识点k4W1c,0.7603,76.03,1,5,4,good
t3wo8xb4rq94n3fpfk35,m3D1v,知识点m3D1v,0.665,66.5,10,21,10,good
t3wo8xb4rq94n3fpfk35,r8S3g,知识点r8S3g,0.7043,70.43,4,17,3,good
t3wo8xb4rq94n3fpfk35,s8Y2f,知识点s8Y2f,0.7968,79.68,1,2,2,good
t3wo8xb4rq94n3fpfk35,t5V9e,知识点t5V9e,0.8277,82.77,5,18,14,good
t3wo8xb4rq94n3fpfk35,y9W5d,知识点y9W5d,0.771,77.1,11,39,23,good
8cvzwcc62ql4rqj0pyzl,b3C9s,知识点b3C9s,0.7517,75.17,3,11,8,good
8cvzwcc62ql4rqj0pyzl,g7R2j,知识点g7R2j,0.5778,57.78,4,11,6,medium
8cvzwcc62ql4rqj0pyzl,k4W1c,知识点k4W1c,0.6831,68.31,1,8,6,good
8cvzwcc62ql4rqj0pyzl,m3D1v,知识点m3D1v,0.7045,70.45,8,19,13,good
8cvzwcc62ql4rqj0pyzl,r8S3g,知识点r8S3g,0.7194,71.94,5,18,6,good
8cvzwcc62ql4rqj0pyzl,t5V9e,知识点t5V9e,0.8022,80.22,5,17,12,good
8cvzwcc62ql4rqj0pyzl,y9W5d,知识点y9W5d,0.6786,67.86,9,29,18,good
79cvflltnemb9zpg6pgl,b3C9s,知识点b3C9s,0.6961,69.61,2,6,5,good
79cvflltnemb9zpg6pgl,g7R2j,知识点g7R2j,0.7568,75.68,4,20,9,good
79cvflltnemb9zpg6pgl,k4W1c,知识点k4W1c,0.7972,79.72,1,3,3,good
79cvflltnemb9zpg6pgl,m3D1v,知识点m3D1v,0.7741,77.41,12,25,18,good
79cvflltnemb9zpg6pgl,r8S3g,知识点r8S3g,0.6539,65.39,5,16,2,good
79cvflltnemb9zpg6pgl,s8Y2f,知识点s8Y2f,0.7141,71.41,1,1,1,good
79cvflltnemb9zpg6pgl,t5V9e,知识点t5V9e,0.6977,69.77,4,11,7,good
79cvflltnemb9zpg6pgl,y9W5d,知识点y9W5d,0.7058,70.58,10,27,20,good
i21qi5qdsjqcch2xvdd5,b3C9s,知识点b3C9s,0.6815,68.15,3,10,4,good
i21qi5qdsjqcch2xvdd5,g7R2j,知识点g7R2j,0.6734,67.34,4,12,6,good
i21qi5qdsjqcch2xvdd5,k4W1c,知识点k4W1c,0.8127,81.27,1,3,3,good
i21qi5qdsjqcch2xvdd5,m3D1v,知识点m3D1v,0.7425,74.25,12,28,17,good
i21qi5qdsjqcch2xvdd5,r8S3g,知识点r8S3g,0.5201,52.01,3,12,2,medium
i21qi5qdsjqcch2xvdd5,s8Y2f,知识点s8Y2f,0.73,73.0,1,2,1,good
i21qi5qdsjqcch2xvdd5,t5V9e,知识点t5V9e,0.6465,64.65,5,16,5,good
i21qi5qdsjqcch2xvdd5,y9W5d,知识点y9W5d,0.7826,78.26,10,32,24,good
qw1seyo5nrhlm8vby58w,b3C9s,知识点b3C9s,0.4847,48.47,2,10,7,medium
qw1seyo5nrhlm8vby58w,g7R2j,知识点g7R2j,0.7378,73.78,5,14,9,good
qw1seyo5nrhlm8vby58w,k4W1c,知识点k4W1c,0.7795,77.95,1,3,2,good
qw1seyo5nrhlm8vby58w,m3D1v,知识点m3D1v,0.7154,71.54,10,25,15,good
qw1seyo5nrhlm8vby58w,r8S3g,知识点r8S3g,0.6737,67.37,4,16,4,good
qw1seyo5nrhlm8vby58w,s8Y2f,知识点s8Y2f,0.6709,67.09,1,1,1,good
qw1seyo5nrhlm8vby58w,t5V9e,知识点t5V9e,0.6834,68.34,5,19,7,good
qw1seyo5nrhlm8vby58w,y9W5d,知识点y9W5d,0.7373,73.73,11,30,18,good
exj3a7hd6gwihbowgm3w,b3C9s,知识点b3C9s,0.7085,70.85,3,10,5,good
exj3a7hd6gwihbowgm3w,g7R2j,知识点g7R2j,0.7036,70.36,4,17,9,good
exj3a7hd6gwihbowgm3w,k4W1c,知识点k4W1c,0.8648,86.48,1,4,4,good
exj3a7hd6gwihbowgm3w,m3D1v,知识点m3D1v,0.705,70.5,9,24,13,good
exj3a7hd6gwihbowgm3w,r8S3g,知识点r8S3g,0.6416,64.16,5,19,2,good
exj3a7hd6gwihbowgm3w,s8Y2f,知识点s8Y2f,0.8655,86.55,1,3,3,good
exj3a7hd6gwihbowgm3w,t5V9e,知识点t5V9e,0.7232,72.32,5,19,9,good
exj3a7hd6gwihbowgm3w,y9W5d,知识点y9W5d,0.5977,59.77,9,25,13,medium
qz6jjynwbd3szlp0rj04,b3C9s,知识点b3C9s,0.7069,70.69,2,3,3,good
qz6jjynwbd3szlp0rj04,g7R2j,知识点g7R2j,0.6152,61.52,3,7,2,good
qz6jjynwbd3szlp0rj04,k4W1c,知识点k4W1c,0.7456,74.56,1,5,3,good
qz6jjynwbd3szlp0rj04,m3D1v,知识点m3D1v,0.7913,79.13,10,19,16,good
qz6jjynwbd3szlp0rj04,r8S3g,知识点r8S3g,0.6074,60.74,4,19,7,good
qz6jjynwbd3szlp0rj04,s8Y2f,知识点s8Y2f,0.6051,60.51,1,4,1,good
qz6jjynwbd3szlp0rj04,t5V9e,知识点t5V9e,0.5825,58.25,4,22,12,medium
qz6jjynwbd3szlp0rj04,y9W5d,知识点y9W5d,0.7235,72.35,10,29,18,good
0maggb1hf886m5u6p2vr,b3C9s,知识点b3C9s,0.7158,71.58,2,7,4,good
0maggb1hf886m5u6p2vr,g7R2j,知识点g7R2j,0.7758,77.58,5,21,13,good
0maggb1hf886m5u6p2vr,k4W1c,知识点k4W1c,0.6706,67.06,1,2,1,good
0maggb1hf886m5u6p2vr,m3D1v,知识点m3D1v,0.7243,72.43,12,36,20,good
0maggb1hf886m5u6p2vr,r8S3g,知识点r8S3g,0.6452,64.52,5,19,3,good
0maggb1hf886m5u6p2vr,s8Y2f,知识点s8Y2f,0.8143,81.43,1,2,1,good
0maggb1hf886m5u6p2vr,t5V9e,知识点t5V9e,0.7183,71.83,5,22,12,good
0maggb1hf886m5u6p2vr,y9W5d,知识点y9W5d,0.7278,72.78,11,27,16,good
cuwakm24vlp785ky5w71,b3C9s,知识点b3C9s,0.679,67.9,3,10,7,good
cuwakm24vlp785ky5w71,g7R2j,知识点g7R2j,0.7865,78.65,4,18,11,good
cuwakm24vlp785ky5w71,k4W1c,知识点k4W1c,0.8418,84.18,1,8,7,good
cuwakm24vlp785ky5w71,m3D1v,知识点m3D1v,0.7005,70.05,10,31,20,good
cuwakm24vlp785ky5w71,r8S3g,知识点r8S3g,0.6577,65.77,5,28,4,good
cuwakm24vlp785ky5w71,s8Y2f,知识点s8Y2f,0.8149,81.49,1,2,1,good
cuwakm24vlp785ky5w71,t5V9e,知识点t5V9e,0.7005,70.05,4,19,7,good
cuwakm24vlp785ky5w71,y9W5d,知识点y9W5d,0.709,70.9,11,32,22,good
uvh2zil455wi0dcdan51,b3C9s,知识点b3C9s,0.6791,67.91,3,10,6,good
uvh2zil455wi0dcdan51,g7R2j,知识点g7R2j,0.699,69.9,4,17,7,good
uvh2zil455wi0dcdan51,k4W1c,知识点k4W1c,0.7591,75.91,1,5,4,good
uvh2zil455wi0dcdan51,m3D1v,知识点m3D1v,0.7689,76.89,11,29,21,good
uvh2zil455wi0dcdan51,r8S3g,知识点r8S3g,0.5522,55.22,4,8,3,medium
uvh2zil455wi0dcdan51,s8Y2f,知识点s8Y2f,0.5933,59.33,1,4,0,medium
uvh2zil455wi0dcdan51,t5V9e,知识点t5V9e,0.6765,67.65,5,23,10,good
uvh2zil455wi0dcdan51,y9W5d,知识点y9W5d,0.7474,74.74,11,28,17,good
wwh529n48kyjq1xe9h46,b3C9s,知识点b3C9s,0.793,79.3,2,4,4,good
wwh529n48kyjq1xe9h46,g7R2j,知识点g7R2j,0.7796,77.96,5,18,13,good
wwh529n48kyjq1xe9h46,k4W1c,知识点k4W1c,0.7988,79.88,1,1,1,good
wwh529n48kyjq1xe9h46,m3D1v,知识点m3D1v,0.6362,63.62,10,30,21,good
wwh529n48kyjq1xe9h46,r8S3g,知识点r8S3g,0.8018,80.18,5,17,8,good
wwh529n48kyjq1xe9h46,s8Y2f,知识点s8Y2f,0.7644,76.44,1,3,1,good
wwh529n48kyjq1xe9h46,t5V9e,知识点t5V9e,0.5745,57.45,4,14,8,medium
wwh529n48kyjq1xe9h46,y9W5d,知识点y9W5d,0.7552,75.52,7,12,9,good
o5lo8q4tb8yt0v8imkw4,b3C9s,知识点b3C9s,0.8297,82.97,3,6,4,good
o5lo8q4tb8yt0v8imkw4,g7R2j,知识点g7R2j,0.7527,75.27,5,15,10,good
o5lo8q4tb8yt0v8imkw4,k4W1c,知识点k4W1c,0.7984,79.84,1,2,2,good
o5lo8q4tb8yt0v8imkw4,m3D1v,知识点m3D1v,0.7199,71.99,11,34,20,good
o5lo8q4tb8yt0v8imkw4,r8S3g,知识点r8S3g,0.5011,50.11,4,10,1,medium
o5lo8q4tb8yt0v8imkw4,t5V9e,知识点t5V9e,0.6884,68.84,5,18,9,good
o5lo8q4tb8yt0v8imkw4,y9W5d,知识点y9W5d,0.6611,66.11,9,27,19,good
pr6b1twg5sgsrzek6adi,b3C9s,知识点b3C9s,0.6627,66.27,3,6,3,good
pr6b1twg5sgsrzek6adi,g7R2j,知识点g7R2j,0.7494,74.94,5,18,15,good
pr6b1twg5sgsrzek6adi,k4W1c,知识点k4W1c,0.7552,75.52,1,2,2,good
pr6b1twg5sgsrzek6adi,m3D1v,知识点m3D1v,0.7449,74.49,12,33,17,good
pr6b1twg5sgsrzek6adi,r8S3g,知识点r8S3g,0.4974,49.74,4,26,8,medium
pr6b1twg5sgsrzek6adi,s8Y2f,知识点s8Y2f,0.7104,71.04,1,4,3,good
pr6b1twg5sgsrzek6adi,t5V9e,知识点t5V9e,0.6804,68.04,5,15,8,good
pr6b1twg5sgsrzek6adi,y9W5d,知识点y9W5d,0.688,68.8,10,24,12,good
zeuj2ypen39p38d4m3oj,b3C9s,知识点b3C9s,0.6986,69.86,3,7,4,good
zeuj2ypen39p38d4m3oj,g7R2j,知识点g7R2j,0.6268,62.68,5,18,8,good
zeuj2ypen39p38d4m3oj,k4W1c,知识点k4W1c,0.6779,67.79,1,2,2,good
zeuj2ypen39p38d4m3oj,m3D1v,知识点m3D1v,0.7079,70.79,10,32,19,good
zeuj2ypen39p38d4m3oj,r8S3g,知识点r8S3g,0.5478,54.78,4,11,4,medium
zeuj2ypen39p38d4m3oj,s8Y2f,知识点s8Y2f,0.5962,59.62,1,2,0,medium
zeuj2ypen39p38d4m3oj,t5V9e,知识点t5V9e,0.6755,67.55,5,11,5,good
zeuj2ypen39p38d4m3oj,y9W5d,知识点y9W5d,0.6797,67.97,10,30,13,good
6o68qswzkvrrtbiz6bzr,b3C9s,知识点b3C9s,0.7091,70.91,3,9,5,good
6o68qswzkvrrtbiz6bzr,g7R2j,知识点g7R2j,0.7394,73.94,5,13,8,good
6o68qswzkvrrtbiz6bzr,k4W1c,知识点k4W1c,0.6654,66.54,1,1,0,good
6o68qswzkvrrtbiz6bzr,m3D1v,知识点m3D1v,0.7249,72.49,12,39,19,good
6o68qswzkvrrtbiz6bzr,r8S3g,知识点r8S3g,0.7414,74.14,5,19,7,good
6o68qswzkvrrtbiz6bzr,s8Y2f,知识点s8Y2f,0.7794,77.94,1,4,2,good
6o68qswzkvrrtbiz6bzr,t5V9e,知识点t5V9e,0.6736,67.36,5,19,11,good
6o68qswzkvrrtbiz6bzr,y9W5d,知识点y9W5d,0.7618,76.18,11,34,17,good
1mp9yiw6rkrr3846047g,b3C9s,知识点b3C9s,0.7647,76.47,3,7,6,good
1mp9yiw6rkrr3846047g,g7R2j,知识点g7R2j,0.6675,66.75,5,14,7,good
1mp9yiw6rkrr3846047g,k4W1c,知识点k4W1c,0.8161,81.61,1,2,1,good
1mp9yiw6rkrr3846047g,m3D1v,知识点m3D1v,0.6854,68.54,9,26,15,good
1mp9yiw6rkrr3846047g,r8S3g,知识点r8S3g,0.5756,57.56,4,12,4,medium
1mp9yiw6rkrr3846047g,s8Y2f,知识点s8Y2f,0.7293,72.93,1,4,2,good
1mp9yiw6rkrr3846047g,t5V9e,知识点t5V9e,0.6613,66.13,4,19,11,good
1mp9yiw6rkrr3846047g,y9W5d,知识点y9W5d,0.7016,70.16,10,22,15,good
lzvutqpj9ggc0nwwsxcv,b3C9s,知识点b3C9s,0.5344,53.44,2,8,8,medium
lzvutqpj9ggc0nwwsxcv,g7R2j,知识点g7R2j,0.6369,63.69,4,18,12,good
lzvutqpj9ggc0nwwsxcv,k4W1c,知识点k4W1c,0.6289,62.89,1,1,0,good
lzvutqpj9ggc0nwwsxcv,m3D1v,知识点m3D1v,0.5397,53.97,9,22,12,medium
lzvutqpj9ggc0nwwsxcv,r8S3g,知识点r8S3g,0.4679,46.79,4,19,0,medium
lzvutqpj9ggc0nwwsxcv,t5V9e,知识点t5V9e,0.7544,75.44,5,17,13,good
lzvutqpj9ggc0nwwsxcv,y9W5d,知识点y9W5d,0.5926,59.26,9,27,18,medium
isa355t9q5rut5fm8aml,b3C9s,知识点b3C9s,0.8419,84.19,3,9,8,good
isa355t9q5rut5fm8aml,g7R2j,知识点g7R2j,0.7934,79.34,5,17,14,good
isa355t9q5rut5fm8aml,k4W1c,知识点k4W1c,0.9213,92.13,1,4,4,good
isa355t9q5rut5fm8aml,m3D1v,知识点m3D1v,0.598,59.8,9,20,10,medium
isa355t9q5rut5fm8aml,r8S3g,知识点r8S3g,0.7065,70.65,5,14,7,good
isa355t9q5rut5fm8aml,s8Y2f,知识点s8Y2f,0.6532,65.32,1,3,1,good
isa355t9q5rut5fm8aml,t5V9e,知识点t5V9e,0.8055,80.55,5,13,11,good
isa355t9q5rut5fm8aml,y9W5d,知识点y9W5d,0.7189,71.89,10,31,17,good
5gs9643ghg39gpkgi3e5,b3C9s,知识点b3C9s,0.7438,74.38,2,8,7,good
5gs9643ghg39gpkgi3e5,g7R2j,知识点g7R2j,0.8674,86.74,5,12,9,good
5gs9643ghg39gpkgi3e5,k4W1c,知识点k4W1c,0.7988,79.88,1,1,1,good
5gs9643ghg39gpkgi3e5,m3D1v,知识点m3D1v,0.6546,65.46,10,20,8,good
5gs9643ghg39gpkgi3e5,r8S3g,知识点r8S3g,0.5226,52.26,2,9,2,medium
5gs9643ghg39gpkgi3e5,s8Y2f,知识点s8Y2f,0.7306,73.06,1,2,2,good
5gs9643ghg39gpkgi3e5,t5V9e,知识点t5V9e,0.6034,60.34,4,20,15,good
5gs9643ghg39gpkgi3e5,y9W5d,知识点y9W5d,0.7577,75.77,11,27,19,good
ao2x473zwn7k7a6gpfr9,b3C9s,知识点b3C9s,0.6181,61.81,2,4,1,good
ao2x473zwn7k7a6gpfr9,g7R2j,知识点g7R2j,0.7324,73.24,5,13,7,good
ao2x473zwn7k7a6gpfr9,k4W1c,知识点k4W1c,0.626,62.6,0,0,0,good
ao2x473zwn7k7a6gpfr9,m3D1v,知识点m3D1v,0.7579,75.79,12,33,20,good
ao2x473zwn7k7a6gpfr9,r8S3g,知识点r8S3g,0.7088,70.88,5,23,6,good
ao2x473zwn7k7a6gpfr9,s8Y2f,知识点s8Y2f,0.8294,82.94,1,3,2,good
ao2x473zwn7k7a6gpfr9,t5V9e,知识点t5V9e,0.6748,67.48,5,11,5,good
ao2x473zwn7k7a6gpfr9,y9W5d,知识点y9W5d,0.7497,74.97,9,21,14,good
jwdjcrxdn0um79f0rjvw,b3C9s,知识点b3C9s,0.7817,78.17,3,8,5,good
jwdjcrxdn0um79f0rjvw,g7R2j,知识点g7R2j,0.83,83.0,5,10,8,good
jwdjcrxdn0um79f0rjvw,k4W1c,知识点k4W1c,0.6947,69.47,1,4,3,good
jwdjcrxdn0um79f0rjvw,m3D1v,知识点m3D1v,0.6725,67.25,10,33,18,good
jwdjcrxdn0um79f0rjvw,r8S3g,知识点r8S3g,0.5535,55.35,4,15,5,medium
jwdjcrxdn0um79f0rjvw,s8Y2f,知识点s8Y2f,0.7358,73.58,1,3,3,good
jwdjcrxdn0um79f0rjvw,t5V9e,知识点t5V9e,0.5946,59.46,4,17,9,medium
jwdjcrxdn0um79f0rjvw,y9W5d,知识点y9W5d,0.688,68.8,9,28,19,good
oppl3ojvw61dvd5yw1wl,b3C9s,知识点b3C9s,0.475,47.5,2,9,8,medium
oppl3ojvw61dvd5yw1wl,g7R2j,知识点g7R2j,0.6718,67.18,5,18,11,good
oppl3ojvw61dvd5yw1wl,k4W1c,知识点k4W1c,0.7313,73.13,1,1,1,good
oppl3ojvw61dvd5yw1wl,m3D1v,知识点m3D1v,0.5963,59.63,9,25,16,medium
oppl3ojvw61dvd5yw1wl,r8S3g,知识点r8S3g,0.5669,56.69,4,26,7,medium
oppl3ojvw61dvd5yw1wl,t5V9e,知识点t5V9e,0.7467,74.67,5,17,9,good
oppl3ojvw61dvd5yw1wl,y9W5d,知识点y9W5d,0.6866,68.66,10,30,22,good
s0vfgmhobw9jq6al8iww,b3C9s,知识点b3C9s,0.6937,69.37,2,3,1,good
s0vfgmhobw9jq6al8iww,g7R2j,知识点g7R2j,0.791,79.1,5,12,7,good
s0vfgmhobw9jq6al8iww,k4W1c,知识点k4W1c,0.6517,65.17,1,2,1,good
s0vfgmhobw9jq6al8iww,m3D1v,知识点m3D1v,0.6563,65.63,9,27,16,good
s0vfgmhobw9jq6al8iww,r8S3g,知识点r8S3g,0.5194,51.94,4,12,3,medium
s0vfgmhobw9jq6al8iww,s8Y2f,知识点s8Y2f,0.7712,77.12,1,6,5,good
s0vfgmhobw9jq6al8iww,t5V9e,知识点t5V9e,0.6959,69.59,5,17,11,good
s0vfgmhobw9jq6al8iww,y9W5d,知识点y9W5d,0.796,79.6,10,27,21,good
styld7k1gge5cvjria5b,b3C9s,知识点b3C9s,0.5223,52.23,2,6,3,medium
styld7k1gge5cvjria5b,g7R2j,知识点g7R2j,0.7521,75.21,5,10,8,good
styld7k1gge5cvjria5b,k4W1c,知识点k4W1c,0.6519,65.19,1,2,1,good
styld7k1gge5cvjria5b,m3D1v,知识点m3D1v,0.6925,69.25,10,24,17,good
styld7k1gge5cvjria5b,r8S3g,知识点r8S3g,0.8119,81.19,5,22,10,good
styld7k1gge5cvjria5b,s8Y2f,知识点s8Y2f,0.7701,77.01,1,3,3,good
styld7k1gge5cvjria5b,t5V9e,知识点t5V9e,0.5653,56.53,4,11,5,medium
styld7k1gge5cvjria5b,y9W5d,知识点y9W5d,0.6849,68.49,9,26,20,good
fvurnsqlgyr9zbd6msqs,b3C9s,知识点b3C9s,0.5032,50.32,2,3,2,medium
fvurnsqlgyr9zbd6msqs,g7R2j,知识点g7R2j,0.7607,76.07,4,12,7,good
fvurnsqlgyr9zbd6msqs,k4W1c,知识点k4W1c,0.8107,81.07,1,4,3,good
fvurnsqlgyr9zbd6msqs,m3D1v,知识点m3D1v,0.6325,63.25,10,30,20,good
fvurnsqlgyr9zbd6msqs,r8S3g,知识点r8S3g,0.5328,53.28,4,20,4,medium
fvurnsqlgyr9zbd6msqs,s8Y2f,知识点s8Y2f,0.6654,66.54,1,1,0,good
fvurnsqlgyr9zbd6msqs,t5V9e,知识点t5V9e,0.5832,58.32,4,8,4,medium
fvurnsqlgyr9zbd6msqs,y9W5d,知识点y9W5d,0.6225,62.25,10,24,14,good
47vclaej1xmb0rc8kgka,b3C9s,知识点b3C9s,0.7287,72.87,3,6,3,good
47vclaej1xmb0rc8kgka,g7R2j,知识点g7R2j,0.7247,72.47,5,21,9,good
47vclaej1xmb0rc8kgka,k4W1c,知识点k4W1c,0.5745,57.45,1,2,1,medium
47vclaej1xmb0rc8kgka,m3D1v,知识点m3D1v,0.7205,72.05,11,27,14,good
47vclaej1xmb0rc8kgka,r8S3g,知识点r8S3g,0.7183,71.83,5,18,7,good
47vclaej1xmb0rc8kgka,s8Y2f,知识点s8Y2f,0.7291,72.91,1,3,2,good
47vclaej1xmb0rc8kgka,t5V9e,知识点t5V9e,0.7457,74.57,5,22,14,good
47vclaej1xmb0rc8kgka,y9W5d,知识点y9W5d,0.7887,78.87,10,22,16,good
cnkddx6ofjqd7ueylz0e,b3C9s,知识点b3C9s,0.5138,51.38,2,8,4,medium
cnkddx6ofjqd7ueylz0e,g7R2j,知识点g7R2j,0.7886,78.86,5,13,9,good
cnkddx6ofjqd7ueylz0e,k4W1c,知识点k4W1c,0.7346,73.46,1,5,4,good
cnkddx6ofjqd7ueylz0e,m3D1v,知识点m3D1v,0.6987,69.87,11,35,19,good
cnkddx6ofjqd7ueylz0e,r8S3g,知识点r8S3g,0.661,66.1,5,22,4,good
cnkddx6ofjqd7ueylz0e,t5V9e,知识点t5V9e,0.5946,59.46,4,13,5,medium
cnkddx6ofjqd7ueylz0e,y9W5d,知识点y9W5d,0.6238,62.38,9,30,22,good
zlaig56ve06t7jruk2mr,b3C9s,知识点b3C9s,0.8398,83.98,3,11,10,good
zlaig56ve06t7jruk2mr,g7R2j,知识点g7R2j,0.6975,69.75,5,13,8,good
zlaig56ve06t7jruk2mr,k4W1c,知识点k4W1c,0.7302,73.02,1,5,2,good
zlaig56ve06t7jruk2mr,m3D1v,知识点m3D1v,0.6912,69.12,9,18,11,good
zlaig56ve06t7jruk2mr,r8S3g,知识点r8S3g,0.5602,56.02,3,22,4,medium
zlaig56ve06t7jruk2mr,s8Y2f,知识点s8Y2f,0.6195,61.95,1,2,1,good
zlaig56ve06t7jruk2mr,t5V9e,知识点t5V9e,0.7438,74.38,5,21,12,good
zlaig56ve06t7jruk2mr,y9W5d,知识点y9W5d,0.7801,78.01,11,28,20,good
ifj584ryrjv639n4nnsu,b3C9s,知识点b3C9s,0.6621,66.21,3,5,3,good
ifj584ryrjv639n4nnsu,g7R2j,知识点g7R2j,0.7751,77.51,5,20,11,good
ifj584ryrjv639n4nnsu,k4W1c,知识点k4W1c,0.7557,75.57,1,2,2,good
ifj584ryrjv639n4nnsu,m3D1v,知识点m3D1v,0.725,72.5,12,31,16,good
ifj584ryrjv639n4nnsu,r8S3g,知识点r8S3g,0.7102,71.02,4,14,6,good
ifj584ryrjv639n4nnsu,t5V9e,知识点t5V9e,0.7057,70.57,5,15,9,good
ifj584ryrjv639n4nnsu,y9W5d,知识点y9W5d,0.661,66.1,9,23,19,good
xh8a7nmtz192pknhec33,b3C9s,知识点b3C9s,0.7644,76.44,3,3,2,good
xh8a7nmtz192pknhec33,g7R2j,知识点g7R2j,0.5734,57.34,3,9,7,medium
xh8a7nmtz192pknhec33,k4W1c,知识点k4W1c,0.7041,70.41,1,3,2,good
xh8a7nmtz192pknhec33,m3D1v,知识点m3D1v,0.8063,80.63,10,23,14,good
xh8a7nmtz192pknhec33,r8S3g,知识点r8S3g,0.6629,66.29,5,21,6,good
xh8a7nmtz192pknhec33,s8Y2f,知识点s8Y2f,0.7992,79.92,1,1,1,good
xh8a7nmtz192pknhec33,t5V9e,知识点t5V9e,0.8152,81.52,5,10,4,good
xh8a7nmtz192pknhec33,y9W5d,知识点y9W5d,0.6366,63.66,8,23,13,good
vhlntoniujqiclub2juy,b3C9s,知识点b3C9s,0.4998,49.98,1,4,2,medium
vhlntoniujqiclub2juy,g7R2j,知识点g7R2j,0.7567,75.67,5,16,10,good
vhlntoniujqiclub2juy,k4W1c,知识点k4W1c,0.6819,68.19,1,5,4,good
vhlntoniujqiclub2juy,m3D1v,知识点m3D1v,0.6371,63.71,9,23,17,good
vhlntoniujqiclub2juy,r8S3g,知识点r8S3g,0.7082,70.82,5,17,5,good
vhlntoniujqiclub2juy,s8Y2f,知识点s8Y2f,0.6296,62.96,1,2,0,good
vhlntoniujqiclub2juy,t5V9e,知识点t5V9e,0.7138,71.38,5,14,8,good
vhlntoniujqiclub2juy,y9W5d,知识点y9W5d,0.6869,68.69,9,29,19,good
9wax6sfj9cuqbbxc95om,b3C9s,知识点b3C9s,0.6952,69.52,2,7,4,good
9wax6sfj9cuqbbxc95om,g7R2j,知识点g7R2j,0.7487,74.87,4,8,5,good
9wax6sfj9cuqbbxc95om,k4W1c,知识点k4W1c,0.8305,83.05,1,6,5,good
9wax6sfj9cuqbbxc95om,m3D1v,知识点m3D1v,0.6835,68.35,10,24,13,good
9wax6sfj9cuqbbxc95om,r8S3g,知识点r8S3g,0.589,58.9,4,17,7,medium
9wax6sfj9cuqbbxc95om,s8Y2f,知识点s8Y2f,0.6268,62.68,1,3,0,good
9wax6sfj9cuqbbxc95om,t5V9e,知识点t5V9e,0.8645,86.45,5,16,12,good
9wax6sfj9cuqbbxc95om,y9W5d,知识点y9W5d,0.7327,73.27,8,28,16,good
oit2xadfbpuveswzx4pf,b3C9s,知识点b3C9s,0.6796,67.96,2,4,2,good
oit2xadfbpuveswzx4pf,g7R2j,知识点g7R2j,0.7387,73.87,4,13,7,good
oit2xadfbpuveswzx4pf,k4W1c,知识点k4W1c,0.6422,64.22,1,2,1,good
oit2xadfbpuveswzx4pf,m3D1v,知识点m3D1v,0.6978,69.78,10,31,14,good
oit2xadfbpuveswzx4pf,r8S3g,知识点r8S3g,0.6975,69.75,5,14,4,good
oit2xadfbpuveswzx4pf,s8Y2f,知识点s8Y2f,0.8138,81.38,1,1,1,good
oit2xadfbpuveswzx4pf,t5V9e,知识点t5V9e,0.546,54.6,4,14,9,medium
oit2xadfbpuveswzx4pf,y9W5d,知识点y9W5d,0.6791,67.91,10,28,16,good
91ybnlkli8x332l13rrk,b3C9s,知识点b3C9s,0.7125,71.25,2,7,5,good
91ybnlkli8x332l13rrk,g7R2j,知识点g7R2j,0.6972,69.72,5,8,6,good
91ybnlkli8x332l13rrk,k4W1c,知识点k4W1c,0.7526,75.26,1,3,2,good
91ybnlkli8x332l13rrk,m3D1v,知识点m3D1v,0.6608,66.08,9,21,13,good
91ybnlkli8x332l13rrk,r8S3g,知识点r8S3g,0.7009,70.09,4,13,3,good
91ybnlkli8x332l13rrk,s8Y2f,知识点s8Y2f,0.6281,62.81,1,4,0,good
91ybnlkli8x332l13rrk,t5V9e,知识点t5V9e,0.7267,72.67,5,18,8,good
91ybnlkli8x332l13rrk,y9W5d,知识点y9W5d,0.7225,72.25,11,34,18,good
k4usquerebza4uy0i57h,b3C9s,知识点b3C9s,0.6853,68.53,3,6,4,good
k4usquerebza4uy0i57h,g7R2j,知识点g7R2j,0.7613,76.13,5,11,6,good
k4usquerebza4uy0i57h,k4W1c,知识点k4W1c,0.631,63.1,1,2,0,good
k4usquerebza4uy0i57h,m3D1v,知识点m3D1v,0.7026,70.26,11,33,17,good
k4usquerebza4uy0i57h,r8S3g,知识点r8S3g,0.6136,61.36,4,12,1,good
k4usquerebza4uy0i57h,s8Y2f,知识点s8Y2f,0.8303,83.03,1,2,2,good
k4usquerebza4uy0i57h,t5V9e,知识点t5V9e,0.4032,40.32,2,8,4,medium
k4usquerebza4uy0i57h,y9W5d,知识点y9W5d,0.7243,72.43,10,28,15,good
6ae7d356ba998218af82,b3C9s,知识点b3C9s,0.9435,94.35,3,3,3,good
6ae7d356ba998218af82,g7R2j,知识点g7R2j,0.8985,89.85,5,8,6,good
6ae7d356ba998218af82,k4W1c,知识点k4W1c,0.9977,99.77,1,1,1,good
6ae7d356ba998218af82,m3D1v,知识点m3D1v,0.9674,96.74,12,14,13,good
6ae7d356ba998218af82,r8S3g,知识点r8S3g,0.9507,95.07,5,9,7,good
6ae7d356ba998218af82,s8Y2f,知识点s8Y2f,0.9988,99.88,1,1,1,good
6ae7d356ba998218af82,t5V9e,知识点t5V9e,0.9087,90.87,5,16,15,good
6ae7d356ba998218af82,y9W5d,知识点y9W5d,0.9514,95.14,11,23,21,good
2c6339f7c23a64d02081,b3C9s,知识点b3C9s,0.9989,99.89,3,3,3,good
2c6339f7c23a64d02081,g7R2j,知识点g7R2j,0.9247,92.47,5,7,5,good
2c6339f7c23a64d02081,k4W1c,知识点k4W1c,0.9988,99.88,1,1,1,good
2c6339f7c23a64d02081,m3D1v,知识点m3D1v,0.8952,89.52,12,25,15,good
2c6339f7c23a64d02081,r8S3g,知识点r8S3g,0.8964,89.64,5,12,6,good
2c6339f7c23a64d02081,s8Y2f,知识点s8Y2f,0.9987,99.87,1,1,1,good
2c6339f7c23a64d02081,t5V9e,知识点t5V9e,0.7426,74.26,5,23,16,good
2c6339f7c23a64d02081,y9W5d,知识点y9W5d,0.9165,91.65,11,15,12,good
79fdbcf16db75f75383a,b3C9s,知识点b3C9s,0.9432,94.32,3,3,3,good
79fdbcf16db75f75383a,g7R2j,知识点g7R2j,0.8567,85.67,5,25,14,good
79fdbcf16db75f75383a,k4W1c,知识点k4W1c,0.7048,70.48,1,11,6,good
79fdbcf16db75f75383a,m3D1v,知识点m3D1v,0.8309,83.09,12,46,38,good
79fdbcf16db75f75383a,r8S3g,知识点r8S3g,0.9988,99.88,5,6,6,good
79fdbcf16db75f75383a,s8Y2f,知识点s8Y2f,0.8143,81.43,1,2,1,good
79fdbcf16db75f75383a,t5V9e,知识点t5V9e,0.9121,91.21,5,6,6,good
79fdbcf16db75f75383a,y9W5d,知识点y9W5d,0.8105,81.05,11,57,43,good
50fec4ca4283ad18c000,b3C9s,知识点b3C9s,0.9032,90.32,3,11,9,good
50fec4ca4283ad18c000,g7R2j,知识点g7R2j,0.9041,90.41,5,10,9,good
50fec4ca4283ad18c000,k4W1c,知识点k4W1c,0.8112,81.12,1,8,8,good
50fec4ca4283ad18c000,m3D1v,知识点m3D1v,0.8695,86.95,12,32,22,good
50fec4ca4283ad18c000,r8S3g,知识点r8S3g,0.9607,96.07,5,8,6,good
50fec4ca4283ad18c000,s8Y2f,知识点s8Y2f,0.7906,79.06,1,8,8,good
50fec4ca4283ad18c000,t5V9e,知识点t5V9e,0.9678,96.78,5,14,14,good
50fec4ca4283ad18c000,y9W5d,知识点y9W5d,0.8129,81.29,11,52,46,good
077d5c82c9ee5019220f,b3C9s,知识点b3C9s,0.9436,94.36,3,5,4,good
077d5c82c9ee5019220f,g7R2j,知识点g7R2j,0.8873,88.73,5,5,5,good
077d5c82c9ee5019220f,k4W1c,知识点k4W1c,0.9026,90.26,1,15,15,good
077d5c82c9ee5019220f,m3D1v,知识点m3D1v,0.9393,93.93,12,15,14,good
077d5c82c9ee5019220f,r8S3g,知识点r8S3g,0.8225,82.25,5,15,10,good
077d5c82c9ee5019220f,s8Y2f,知识点s8Y2f,0.7618,76.18,1,1,1,good
077d5c82c9ee5019220f,t5V9e,知识点t5V9e,0.8562,85.62,5,14,14,good
077d5c82c9ee5019220f,y9W5d,知识点y9W5d,0.871,87.1,11,33,30,good
41f718ae2aed1d6c2573,b3C9s,知识点b3C9s,0.8369,83.69,3,6,4,good
41f718ae2aed1d6c2573,g7R2j,知识点g7R2j,0.8351,83.51,5,9,5,good
41f718ae2aed1d6c2573,k4W1c,知识点k4W1c,0.8138,81.38,1,2,1,good
41f718ae2aed1d6c2573,m3D1v,知识点m3D1v,0.9145,91.45,12,18,14,good
41f718ae2aed1d6c2573,r8S3g,知识点r8S3g,0.8865,88.65,5,8,8,good
41f718ae2aed1d6c2573,s8Y2f,知识点s8Y2f,0.9985,99.85,1,1,1,good
41f718ae2aed1d6c2573,t5V9e,知识点t5V9e,0.799,79.9,5,17,12,good
41f718ae2aed1d6c2573,y9W5d,知识点y9W5d,0.8204,82.04,11,22,15,good
222d5ee50487a2b8601b,b3C9s,知识点b3C9s,0.9993,99.93,3,3,3,good
222d5ee50487a2b8601b,g7R2j,知识点g7R2j,0.994,99.4,5,8,8,good
222d5ee50487a2b8601b,k4W1c,知识点k4W1c,0.8143,81.43,1,1,1,good
222d5ee50487a2b8601b,m3D1v,知识点m3D1v,0.8034,80.34,12,49,18,good
222d5ee50487a2b8601b,r8S3g,知识点r8S3g,0.7615,76.15,5,29,8,good
222d5ee50487a2b8601b,s8Y2f,知识点s8Y2f,0.8195,81.95,1,7,5,good
222d5ee50487a2b8601b,t5V9e,知识点t5V9e,0.892,89.2,5,10,9,good
222d5ee50487a2b8601b,y9W5d,知识点y9W5d,0.8634,86.34,11,32,22,good
0088dc183f73c83f763e,b3C9s,知识点b3C9s,0.8879,88.79,3,4,3,good
0088dc183f73c83f763e,g7R2j,知识点g7R2j,0.8656,86.56,5,28,20,good
0088dc183f73c83f763e,k4W1c,知识点k4W1c,0.8381,83.81,1,3,3,good
0088dc183f73c83f763e,m3D1v,知识点m3D1v,0.8223,82.23,12,33,23,good
0088dc183f73c83f763e,r8S3g,知识点r8S3g,0.6845,68.45,5,47,10,good
0088dc183f73c83f763e,s8Y2f,知识点s8Y2f,0.6476,64.76,1,6,2,good
0088dc183f73c83f763e,t5V9e,知识点t5V9e,0.6894,68.94,5,37,9,good
0088dc183f73c83f763e,y9W5d,知识点y9W5d,0.8528,85.28,11,32,25,good
f9d95830556934ae9a01,b3C9s,知识点b3C9s,0.7997,79.97,3,27,20,good
f9d95830556934ae9a01,g7R2j,知识点g7R2j,0.7616,76.16,5,20,11,good
f9d95830556934ae9a01,k4W1c,知识点k4W1c,0.8976,89.76,1,2,2,good
f9d95830556934ae9a01,m3D1v,知识点m3D1v,0.8577,85.77,12,31,19,good
f9d95830556934ae9a01,r8S3g,知识点r8S3g,0.7273,72.73,5,26,8,good
f9d95830556934ae9a01,s8Y2f,知识点s8Y2f,0.652,65.2,1,6,3,good
f9d95830556934ae9a01,t5V9e,知识点t5V9e,0.7699,76.99,5,32,12,good
f9d95830556934ae9a01,y9W5d,知识点y9W5d,0.7629,76.29,11,43,29,good
06aff3e28c5db152f506,b3C9s,知识点b3C9s,0.7614,76.14,3,12,7,good
06aff3e28c5db152f506,g7R2j,知识点g7R2j,0.803,80.3,5,17,11,good
06aff3e28c5db152f506,k4W1c,知识点k4W1c,0.7272,72.72,1,6,5,good
06aff3e28c5db152f506,m3D1v,知识点m3D1v,0.9052,90.52,12,24,20,good
06aff3e28c5db152f506,r8S3g,知识点r8S3g,0.8814,88.14,5,29,12,good
06aff3e28c5db152f506,s8Y2f,知识点s8Y2f,0.814,81.4,1,2,1,good
06aff3e28c5db152f506,t5V9e,知识点t5V9e,0.9114,91.14,5,16,16,good
06aff3e28c5db152f506,y9W5d,知识点y9W5d,0.8742,87.42,11,26,22,good
3555053023c67d592439,b3C9s,知识点b3C9s,0.8199,81.99,3,11,5,good
3555053023c67d592439,g7R2j,知识点g7R2j,0.8234,82.34,5,18,13,good
3555053023c67d592439,k4W1c,知识点k4W1c,0.9992,99.92,1,1,1,good
3555053023c67d592439,m3D1v,知识点m3D1v,0.8875,88.75,12,25,13,good
3555053023c67d592439,r8S3g,知识点r8S3g,0.8672,86.72,5,12,6,good
3555053023c67d592439,s8Y2f,知识点s8Y2f,0.9987,99.87,1,1,1,good
3555053023c67d592439,t5V9e,知识点t5V9e,0.852,85.2,5,15,5,good
3555053023c67d592439,y9W5d,知识点y9W5d,0.9598,95.98,11,13,12,good
f25a777dbbda3d4314d7,b3C9s,知识点b3C9s,0.9988,99.88,3,3,3,good
f25a777dbbda3d4314d7,g7R2j,知识点g7R2j,0.9599,95.99,5,11,11,good
f25a777dbbda3d4314d7,k4W1c,知识点k4W1c,0.6078,60.78,1,18,2,good
f25a777dbbda3d4314d7,m3D1v,知识点m3D1v,0.8696,86.96,12,40,19,good
f25a777dbbda3d4314d7,r8S3g,知识点r8S3g,0.8813,88.13,5,24,8,good
f25a777dbbda3d4314d7,s8Y2f,知识点s8Y2f,0.9987,99.87,1,1,1,good
f25a777dbbda3d4314d7,t5V9e,知识点t5V9e,0.88,88.0,5,13,13,good
f25a777dbbda3d4314d7,y9W5d,知识点y9W5d,0.8816,88.16,11,50,26,good
41e9ff991a4a21f423a8,b3C9s,知识点b3C9s,0.9426,94.26,3,5,5,good
41e9ff991a4a21f423a8,g7R2j,知识点g7R2j,0.8152,81.52,5,16,13,good
41e9ff991a4a21f423a8,k4W1c,知识点k4W1c,0.8884,88.84,1,3,3,good
41e9ff991a4a21f423a8,m3D1v,知识点m3D1v,0.894,89.4,12,35,27,good
41e9ff991a4a21f423a8,r8S3g,知识点r8S3g,0.8492,84.92,5,21,6,good
41e9ff991a4a21f423a8,s8Y2f,知识点s8Y2f,0.746,74.6,1,15,9,good
41e9ff991a4a21f423a8,t5V9e,知识点t5V9e,0.8643,86.43,5,12,10,good
41e9ff991a4a21f423a8,y9W5d,知识点y9W5d,0.8097,80.97,11,46,35,good
6002b9ec0f4ad0b281cf,b3C9s,知识点b3C9s,0.6873,68.73,3,13,8,good
6002b9ec0f4ad0b281cf,g7R2j,知识点g7R2j,0.8558,85.58,5,21,15,good
6002b9ec0f4ad0b281cf,k4W1c,知识点k4W1c,0.8133,81.33,1,1,1,good
6002b9ec0f4ad0b281cf,m3D1v,知识点m3D1v,0.8942,89.42,12,18,17,good
6002b9ec0f4ad0b281cf,r8S3g,知识点r8S3g,0.8672,86.72,5,14,6,good
6002b9ec0f4ad0b281cf,s8Y2f,知识点s8Y2f,0.7274,72.74,1,2,1,good
6002b9ec0f4ad0b281cf,t5V9e,知识点t5V9e,0.8336,83.36,5,15,12,good
6002b9ec0f4ad0b281cf,y9W5d,知识点y9W5d,0.8343,83.43,11,38,35,good
0b8bea274b24847526b7,b3C9s,知识点b3C9s,0.9991,99.91,3,3,3,good
0b8bea274b24847526b7,g7R2j,知识点g7R2j,0.8122,81.22,5,13,3,good
0b8bea274b24847526b7,k4W1c,知识点k4W1c,0.9967,99.67,1,1,1,good
0b8bea274b24847526b7,m3D1v,知识点m3D1v,0.9537,95.37,12,15,12,good
0b8bea274b24847526b7,r8S3g,知识点r8S3g,0.749,74.9,5,29,6,good
0b8bea274b24847526b7,s8Y2f,知识点s8Y2f,0.9987,99.87,1,1,1,good
0b8bea274b24847526b7,t5V9e,知识点t5V9e,0.8807,88.07,5,12,11,good
0b8bea274b24847526b7,y9W5d,知识点y9W5d,0.9749,97.49,11,15,13,good
f7a14eb1e15ceeea955c,b3C9s,知识点b3C9s,0.7487,74.87,3,20,18,good
f7a14eb1e15ceeea955c,g7R2j,知识点g7R2j,0.7567,75.67,5,30,20,good
f7a14eb1e15ceeea955c,k4W1c,知识点k4W1c,0.8291,82.91,1,5,5,good
f7a14eb1e15ceeea955c,m3D1v,知识点m3D1v,0.9016,90.16,12,51,42,good
f7a14eb1e15ceeea955c,r8S3g,知识点r8S3g,0.8916,89.16,5,14,6,good
f7a14eb1e15ceeea955c,s8Y2f,知识点s8Y2f,0.8139,81.39,1,2,1,good
f7a14eb1e15ceeea955c,t5V9e,知识点t5V9e,0.9235,92.35,5,6,5,good
f7a14eb1e15ceeea955c,y9W5d,知识点y9W5d,0.8697,86.97,11,42,36,good
68c45e933c2dc939e7c9,b3C9s,知识点b3C9s,0.7031,70.31,3,39,35,good
68c45e933c2dc939e7c9,g7R2j,知识点g7R2j,0.8223,82.23,5,34,32,good
68c45e933c2dc939e7c9,k4W1c,知识点k4W1c,0.8446,84.46,1,8,8,good
68c45e933c2dc939e7c9,m3D1v,知识点m3D1v,0.8441,84.41,12,43,38,good
68c45e933c2dc939e7c9,r8S3g,知识点r8S3g,0.7715,77.15,5,17,6,good
68c45e933c2dc939e7c9,s8Y2f,知识点s8Y2f,0.9992,99.92,1,1,1,good
68c45e933c2dc939e7c9,t5V9e,知识点t5V9e,0.8988,89.88,5,10,8,good
68c45e933c2dc939e7c9,y9W5d,知识点y9W5d,0.8743,87.43,11,41,34,good
a5966200ae4d58200438,b3C9s,知识点b3C9s,0.7915,79.15,3,15,7,good
a5966200ae4d58200438,g7R2j,知识点g7R2j,0.8691,86.91,5,19,18,good
a5966200ae4d58200438,k4W1c,知识点k4W1c,0.8139,81.39,1,1,1,good
a5966200ae4d58200438,m3D1v,知识点m3D1v,0.8505,85.05,12,26,23,good
a5966200ae4d58200438,r8S3g,知识点r8S3g,0.9616,96.16,5,8,6,good
a5966200ae4d58200438,s8Y2f,知识点s8Y2f,0.9987,99.87,1,1,1,good
a5966200ae4d58200438,t5V9e,知识点t5V9e,0.9037,90.37,5,17,16,good
a5966200ae4d58200438,y9W5d,知识点y9W5d,0.8481,84.81,11,34,31,good
6e8118d5ad3c7093b869,b3C9s,知识点b3C9s,0.7949,79.49,3,15,13,good
6e8118d5ad3c7093b869,g7R2j,知识点g7R2j,0.8174,81.74,5,13,13,good
6e8118d5ad3c7093b869,k4W1c,知识点k4W1c,0.9987,99.87,1,1,1,good
6e8118d5ad3c7093b869,m3D1v,知识点m3D1v,0.896,89.6,12,22,22,good
6e8118d5ad3c7093b869,r8S3g,知识点r8S3g,0.8332,83.32,5,19,6,good
6e8118d5ad3c7093b869,s8Y2f,知识点s8Y2f,0.8895,88.95,1,4,3,good
6e8118d5ad3c7093b869,t5V9e,知识点t5V9e,0.8647,86.47,5,23,12,good
6e8118d5ad3c7093b869,y9W5d,知识点y9W5d,0.9106,91.06,11,33,32,good
2f3c37735e817244e646,b3C9s,知识点b3C9s,0.9205,92.05,3,3,3,good
2f3c37735e817244e646,g7R2j,知识点g7R2j,0.7926,79.26,5,8,5,good
2f3c37735e817244e646,k4W1c,知识点k4W1c,0.9984,99.84,1,1,1,good
2f3c37735e817244e646,m3D1v,知识点m3D1v,0.9116,91.16,12,21,16,good
2f3c37735e817244e646,r8S3g,知识点r8S3g,0.9022,90.22,5,9,6,good
2f3c37735e817244e646,s8Y2f,知识点s8Y2f,0.6263,62.63,1,6,1,good
2f3c37735e817244e646,t5V9e,知识点t5V9e,0.88,88.0,5,10,6,good
2f3c37735e817244e646,y9W5d,知识点y9W5d,0.8409,84.09,11,38,17,good
95889f5d20e344714084,b3C9s,知识点b3C9s,0.8347,83.47,3,6,3,good
95889f5d20e344714084,g7R2j,知识点g7R2j,0.8213,82.13,5,16,5,good
95889f5d20e344714084,k4W1c,知识点k4W1c,0.7813,78.13,1,5,2,good
95889f5d20e344714084,m3D1v,知识点m3D1v,0.7949,79.49,12,32,15,good
95889f5d20e344714084,r8S3g,知识点r8S3g,0.7003,70.03,5,64,6,good
95889f5d20e344714084,s8Y2f,知识点s8Y2f,0.7581,75.81,1,4,4,good
95889f5d20e344714084,t5V9e,知识点t5V9e,0.9426,94.26,5,9,5,good
95889f5d20e344714084,y9W5d,知识点y9W5d,0.7748,77.48,11,36,16,good
1329b6cf41debecda787,b3C9s,知识点b3C9s,0.7851,78.51,3,29,25,good
1329b6cf41debecda787,g7R2j,知识点g7R2j,0.9514,95.14,5,13,13,good
1329b6cf41debecda787,k4W1c,知识点k4W1c,0.9987,99.87,1,1,1,good
1329b6cf41debecda787,m3D1v,知识点m3D1v,0.961,96.1,12,16,16,good
1329b6cf41debecda787,r8S3g,知识点r8S3g,0.9619,96.19,5,7,6,good
1329b6cf41debecda787,s8Y2f,知识点s8Y2f,0.9992,99.92,1,1,1,good
1329b6cf41debecda787,t5V9e,知识点t5V9e,0.9756,97.56,5,8,8,good
1329b6cf41debecda787,y9W5d,知识点y9W5d,0.9384,93.84,11,33,31,good
cb2fbb322cc30a8b8fef,b3C9s,知识点b3C9s,0.8365,83.65,3,3,3,good
cb2fbb322cc30a8b8fef,g7R2j,知识点g7R2j,0.8894,88.94,5,10,5,good
cb2fbb322cc30a8b8fef,k4W1c,知识点k4W1c,0.9982,99.82,1,1,1,good
cb2fbb322cc30a8b8fef,m3D1v,知识点m3D1v,0.8172,81.72,12,39,25,good
cb2fbb322cc30a8b8fef,r8S3g,知识点r8S3g,0.7664,76.64,5,17,6,good
cb2fbb322cc30a8b8fef,s8Y2f,知识点s8Y2f,0.7625,76.25,1,3,1,good
cb2fbb322cc30a8b8fef,t5V9e,知识点t5V9e,0.8335,83.35,5,32,32,good
cb2fbb322cc30a8b8fef,y9W5d,知识点y9W5d,0.8472,84.72,11,58,18,good
daf693769d8638a22ee9,b3C9s,知识点b3C9s,0.8619,86.19,3,10,9,good
daf693769d8638a22ee9,g7R2j,知识点g7R2j,0.8177,81.77,5,40,36,good
daf693769d8638a22ee9,k4W1c,知识点k4W1c,0.8137,81.37,1,2,1,good
daf693769d8638a22ee9,m3D1v,知识点m3D1v,0.9014,90.14,12,20,19,good
daf693769d8638a22ee9,r8S3g,知识点r8S3g,0.9614,96.14,5,8,6,good
daf693769d8638a22ee9,s8Y2f,知识点s8Y2f,0.7282,72.82,1,2,1,good
daf693769d8638a22ee9,t5V9e,知识点t5V9e,0.8541,85.41,5,7,7,good
daf693769d8638a22ee9,y9W5d,知识点y9W5d,0.8394,83.94,11,22,15,good
da2199a7da15995db5ff,b3C9s,知识点b3C9s,0.801,80.1,3,9,8,good
da2199a7da15995db5ff,g7R2j,知识点g7R2j,0.8734,87.34,5,29,26,good
da2199a7da15995db5ff,k4W1c,知识点k4W1c,0.9963,99.63,1,1,1,good
da2199a7da15995db5ff,m3D1v,知识点m3D1v,0.9471,94.71,12,21,19,good
da2199a7da15995db5ff,r8S3g,知识点r8S3g,0.8773,87.73,5,10,6,good
da2199a7da15995db5ff,s8Y2f,知识点s8Y2f,0.9986,99.86,1,1,1,good
da2199a7da15995db5ff,t5V9e,知识点t5V9e,0.8742,87.42,5,14,6,good
da2199a7da15995db5ff,y9W5d,知识点y9W5d,0.9212,92.12,11,19,16,good
460fa4961434cf281423,b3C9s,知识点b3C9s,0.8268,82.68,3,14,11,good
460fa4961434cf281423,g7R2j,知识点g7R2j,0.8288,82.88,5,21,21,good
460fa4961434cf281423,k4W1c,知识点k4W1c,0.9992,99.92,1,1,1,good
460fa4961434cf281423,m3D1v,知识点m3D1v,0.8548,85.48,12,26,17,good
460fa4961434cf281423,r8S3g,知识点r8S3g,0.7756,77.56,5,16,6,good
460fa4961434cf281423,s8Y2f,知识点s8Y2f,0.7031,70.31,1,4,1,good
460fa4961434cf281423,t5V9e,知识点t5V9e,0.9196,91.96,5,12,12,good
460fa4961434cf281423,y9W5d,知识点y9W5d,0.7699,76.99,11,50,31,good
18654732ca312afc173f,b3C9s,知识点b3C9s,0.8239,82.39,3,8,6,good
18654732ca312afc173f,g7R2j,知识点g7R2j,0.8683,86.83,5,22,22,good
18654732ca312afc173f,k4W1c,知识点k4W1c,0.9982,99.82,1,1,1,good
18654732ca312afc173f,m3D1v,知识点m3D1v,0.9083,90.83,12,28,23,good
18654732ca312afc173f,r8S3g,知识点r8S3g,0.8452,84.52,5,10,6,good
18654732ca312afc173f,s8Y2f,知识点s8Y2f,0.7191,71.91,1,27,23,good
18654732ca312afc173f,t5V9e,知识点t5V9e,0.8338,83.38,5,32,30,good
18654732ca312afc173f,y9W5d,知识点y9W5d,0.8037,80.37,11,87,75,good
7c3fa9ed66d940d49692,b3C9s,知识点b3C9s,0.9126,91.26,3,4,4,good
7c3fa9ed66d940d49692,g7R2j,知识点g7R2j,0.8584,85.84,5,20,20,good
7c3fa9ed66d940d49692,k4W1c,知识点k4W1c,0.9977,99.77,1,1,1,good
7c3fa9ed66d940d49692,m3D1v,知识点m3D1v,0.7198,71.98,12,48,28,good
7c3fa9ed66d940d49692,r8S3g,知识点r8S3g,0.7005,70.05,5,72,8,good
7c3fa9ed66d940d49692,s8Y2f,知识点s8Y2f,0.8969,89.69,1,3,3,good
7c3fa9ed66d940d49692,t5V9e,知识点t5V9e,0.7748,77.48,5,38,29,good
7c3fa9ed66d940d49692,y9W5d,知识点y9W5d,0.8911,89.11,11,32,32,good
6486c0664d217470d126,b3C9s,知识点b3C9s,0.9401,94.01,3,13,13,good
6486c0664d217470d126,g7R2j,知识点g7R2j,0.915,91.5,5,20,20,good
6486c0664d217470d126,k4W1c,知识点k4W1c,0.9987,99.87,1,1,1,good
6486c0664d217470d126,m3D1v,知识点m3D1v,0.9293,92.93,12,16,15,good
6486c0664d217470d126,r8S3g,知识点r8S3g,0.8988,89.88,5,13,6,good
6486c0664d217470d126,s8Y2f,知识点s8Y2f,0.9982,99.82,1,1,1,good
6486c0664d217470d126,t5V9e,知识点t5V9e,0.961,96.1,5,8,7,good
6486c0664d217470d126,y9W5d,知识点y9W5d,0.9705,97.05,11,14,14,good
af8dedf6ecb4605a09fa,b3C9s,知识点b3C9s,0.7474,74.74,3,26,23,good
af8dedf6ecb4605a09fa,g7R2j,知识点g7R2j,0.7755,77.55,5,27,24,good
af8dedf6ecb4605a09fa,k4W1c,知识点k4W1c,0.742,74.2,1,22,22,good
af8dedf6ecb4605a09fa,m3D1v,知识点m3D1v,0.8808,88.08,12,37,34,good
af8dedf6ecb4605a09fa,r8S3g,知识点r8S3g,0.799,79.9,5,23,7,good
af8dedf6ecb4605a09fa,s8Y2f,知识点s8Y2f,0.7117,71.17,1,6,5,good
af8dedf6ecb4605a09fa,t5V9e,知识点t5V9e,0.8486,84.86,5,15,15,good
af8dedf6ecb4605a09fa,y9W5d,知识点y9W5d,0.8096,80.96,11,82,70,good
d2e033f11edce44fea3d,b3C9s,知识点b3C9s,0.9246,92.46,3,3,3,good
d2e033f11edce44fea3d,g7R2j,知识点g7R2j,0.8497,84.97,5,9,7,good
d2e033f11edce44fea3d,k4W1c,知识点k4W1c,0.9987,99.87,1,1,1,good
d2e033f11edce44fea3d,m3D1v,知识点m3D1v,0.8944,89.44,12,30,23,good
d2e033f11edce44fea3d,r8S3g,知识点r8S3g,0.9247,92.47,5,9,6,good
d2e033f11edce44fea3d,s8Y2f,知识点s8Y2f,0.8141,81.41,1,2,1,good
d2e033f11edce44fea3d,t5V9e,知识点t5V9e,0.8621,86.21,5,6,5,good
d2e033f11edce44fea3d,y9W5d,知识点y9W5d,0.8888,88.88,11,25,21,good
c955c51bfd07134bc831,b3C9s,知识点b3C9s,0.7953,79.53,3,11,8,good
c955c51bfd07134bc831,g7R2j,知识点g7R2j,0.8445,84.45,5,12,11,good
c955c51bfd07134bc831,k4W1c,知识点k4W1c,0.7711,77.11,1,10,10,good
c955c51bfd07134bc831,m3D1v,知识点m3D1v,0.9013,90.13,12,27,21,good
c955c51bfd07134bc831,r8S3g,知识点r8S3g,0.8495,84.95,5,8,6,good
c955c51bfd07134bc831,s8Y2f,知识点s8Y2f,0.7211,72.11,1,6,5,good
c955c51bfd07134bc831,t5V9e,知识点t5V9e,0.8982,89.82,5,13,10,good
c955c51bfd07134bc831,y9W5d,知识点y9W5d,0.8593,85.93,11,33,28,good
906ffe092972df38360a,b3C9s,知识点b3C9s,0.9264,92.64,3,6,6,good
906ffe092972df38360a,g7R2j,知识点g7R2j,0.898,89.8,5,9,6,good
906ffe092972df38360a,k4W1c,知识点k4W1c,0.9983,99.83,1,1,1,good
906ffe092972df38360a,m3D1v,知识点m3D1v,0.9209,92.09,12,15,13,good
906ffe092972df38360a,r8S3g,知识点r8S3g,0.8217,82.17,5,53,6,good
906ffe092972df38360a,s8Y2f,知识点s8Y2f,0.8635,86.35,1,3,2,good
906ffe092972df38360a,t5V9e,知识点t5V9e,0.9038,90.38,5,10,8,good
906ffe092972df38360a,y9W5d,知识点y9W5d,0.9282,92.82,11,24,20,good
e6c8ce7f4d7b0b4ca4a6,b3C9s,知识点b3C9s,0.9174,91.74,3,4,3,good
e6c8ce7f4d7b0b4ca4a6,g7R2j,知识点g7R2j,0.9304,93.04,5,12,8,good
e6c8ce7f4d7b0b4ca4a6,k4W1c,知识点k4W1c,0.7032,70.32,1,2,1,good
e6c8ce7f4d7b0b4ca4a6,m3D1v,知识点m3D1v,0.7778,77.78,12,33,18,good
e6c8ce7f4d7b0b4ca4a6,r8S3g,知识点r8S3g,0.8179,81.79,5,14,7,good
e6c8ce7f4d7b0b4ca4a6,s8Y2f,知识点s8Y2f,0.8134,81.34,1,2,1,good
e6c8ce7f4d7b0b4ca4a6,t5V9e,知识点t5V9e,0.7701,77.01,5,26,18,good
e6c8ce7f4d7b0b4ca4a6,y9W5d,知识点y9W5d,0.792,79.2,11,33,19,good
5a8cce5abee961fc77f3,b3C9s,知识点b3C9s,0.8517,85.17,3,6,5,good
5a8cce5abee961fc77f3,g7R2j,知识点g7R2j,0.7316,73.16,5,15,8,good
5a8cce5abee961fc77f3,k4W1c,知识点k4W1c,0.8623,86.23,1,3,3,good
5a8cce5abee961fc77f3,m3D1v,知识点m3D1v,0.8746,87.46,12,26,20,good
5a8cce5abee961fc77f3,r8S3g,知识点r8S3g,0.8836,88.36,5,8,6,good
5a8cce5abee961fc77f3,s8Y2f,知识点s8Y2f,0.7294,72.94,1,1,1,good
5a8cce5abee961fc77f3,t5V9e,知识点t5V9e,0.8968,89.68,5,25,25,good
5a8cce5abee961fc77f3,y9W5d,知识点y9W5d,0.8363,83.63,11,23,20,good
0c670262b3941d307600,b3C9s,知识点b3C9s,0.9276,92.76,3,5,4,good
0c670262b3941d307600,g7R2j,知识点g7R2j,0.7407,74.07,5,19,5,good
0c670262b3941d307600,k4W1c,知识点k4W1c,0.8129,81.29,1,6,5,good
0c670262b3941d307600,m3D1v,知识点m3D1v,0.8353,83.53,12,37,15,good
0c670262b3941d307600,r8S3g,知识点r8S3g,0.8332,83.32,5,15,6,good
0c670262b3941d307600,s8Y2f,知识点s8Y2f,0.8627,86.27,1,3,3,good
0c670262b3941d307600,t5V9e,知识点t5V9e,0.8669,86.69,5,13,11,good
0c670262b3941d307600,y9W5d,知识点y9W5d,0.8245,82.45,11,38,23,good
7d882daa0b4d418d1d0c,b3C9s,知识点b3C9s,0.8335,83.35,3,32,25,good
7d882daa0b4d418d1d0c,g7R2j,知识点g7R2j,0.8272,82.72,5,46,41,good
7d882daa0b4d418d1d0c,k4W1c,知识点k4W1c,0.8463,84.63,1,5,5,good
7d882daa0b4d418d1d0c,m3D1v,知识点m3D1v,0.9064,90.64,12,20,16,good
7d882daa0b4d418d1d0c,r8S3g,知识点r8S3g,0.9983,99.83,5,6,6,good
7d882daa0b4d418d1d0c,s8Y2f,知识点s8Y2f,0.8143,81.43,1,2,1,good
7d882daa0b4d418d1d0c,t5V9e,知识点t5V9e,0.9008,90.08,5,9,9,good
7d882daa0b4d418d1d0c,y9W5d,知识点y9W5d,0.8739,87.39,11,28,25,good
d33a15d480f68c6ec82f,b3C9s,知识点b3C9s,0.8145,81.45,3,8,7,good
d33a15d480f68c6ec82f,g7R2j,知识点g7R2j,0.8002,80.02,5,7,6,good
d33a15d480f68c6ec82f,k4W1c,知识点k4W1c,0.8027,80.27,1,13,13,good
d33a15d480f68c6ec82f,m3D1v,知识点m3D1v,0.9056,90.56,12,24,16,good
d33a15d480f68c6ec82f,r8S3g,知识点r8S3g,0.9003,90.03,5,6,6,good
d33a15d480f68c6ec82f,s8Y2f,知识点s8Y2f,0.7789,77.89,1,7,7,good
d33a15d480f68c6ec82f,t5V9e,知识点t5V9e,0.7861,78.61,5,10,7,good
d33a15d480f68c6ec82f,y9W5d,知识点y9W5d,0.8419,84.19,11,43,35,good
db2418c575c0a4f7239d,b3C9s,知识点b3C9s,0.9343,93.43,3,5,5,good
db2418c575c0a4f7239d,g7R2j,知识点g7R2j,0.819,81.9,5,14,13,good
db2418c575c0a4f7239d,k4W1c,知识点k4W1c,0.9293,92.93,1,3,3,good
db2418c575c0a4f7239d,m3D1v,知识点m3D1v,0.9004,90.04,12,33,29,good
db2418c575c0a4f7239d,r8S3g,知识点r8S3g,0.7935,79.35,5,44,8,good
db2418c575c0a4f7239d,s8Y2f,知识点s8Y2f,0.9987,99.87,1,2,2,good
db2418c575c0a4f7239d,t5V9e,知识点t5V9e,0.8358,83.58,5,26,22,good
db2418c575c0a4f7239d,y9W5d,知识点y9W5d,0.8966,89.66,11,28,25,good
8f98bfcea1b9f0dba97e,b3C9s,知识点b3C9s,0.9247,92.47,3,4,3,good
8f98bfcea1b9f0dba97e,g7R2j,知识点g7R2j,0.8724,87.24,5,21,17,good
8f98bfcea1b9f0dba97e,k4W1c,知识点k4W1c,0.8007,80.07,1,3,3,good
8f98bfcea1b9f0dba97e,m3D1v,知识点m3D1v,0.8959,89.59,12,34,31,good
8f98bfcea1b9f0dba97e,r8S3g,知识点r8S3g,0.9344,93.44,5,11,10,good
8f98bfcea1b9f0dba97e,s8Y2f,知识点s8Y2f,0.9841,98.41,1,7,7,good
8f98bfcea1b9f0dba97e,t5V9e,知识点t5V9e,0.9709,97.09,5,11,11,good
8f98bfcea1b9f0dba97e,y9W5d,知识点y9W5d,0.8804,88.04,11,31,27,good
5d580a610c7f8114eb5c,b3C9s,知识点b3C9s,0.8844,88.44,3,5,5,good
5d580a610c7f8114eb5c,g7R2j,知识点g7R2j,0.8991,89.91,5,13,12,good
5d580a610c7f8114eb5c,k4W1c,知识点k4W1c,0.9988,99.88,1,1,1,good
5d580a610c7f8114eb5c,m3D1v,知识点m3D1v,0.9363,93.63,12,19,18,good
5d580a610c7f8114eb5c,r8S3g,知识点r8S3g,0.8736,87.36,5,18,7,good
5d580a610c7f8114eb5c,s8Y2f,知识点s8Y2f,0.9972,99.72,1,1,1,good
5d580a610c7f8114eb5c,t5V9e,知识点t5V9e,0.9094,90.94,5,7,6,good
5d580a610c7f8114eb5c,y9W5d,知识点y9W5d,0.9123,91.23,11,26,25,good
5c33bb784bb99763ed74,b3C9s,知识点b3C9s,0.9276,92.76,3,3,3,good
5c33bb784bb99763ed74,g7R2j,知识点g7R2j,0.8265,82.65,5,18,5,good
5c33bb784bb99763ed74,k4W1c,知识点k4W1c,0.9955,99.55,1,1,1,good
5c33bb784bb99763ed74,m3D1v,知识点m3D1v,0.9085,90.85,12,37,30,good
5c33bb784bb99763ed74,r8S3g,知识点r8S3g,0.8086,80.86,5,10,8,good
5c33bb784bb99763ed74,s8Y2f,知识点s8Y2f,0.998,99.8,1,1,1,good
5c33bb784bb99763ed74,t5V9e,知识点t5V9e,0.9422,94.22,5,12,12,good
5c33bb784bb99763ed74,y9W5d,知识点y9W5d,0.9238,92.38,11,51,42,good
058c03d945c4ae0978a0,b3C9s,知识点b3C9s,0.8258,82.58,3,9,9,good
058c03d945c4ae0978a0,g7R2j,知识点g7R2j,0.873,87.3,5,16,15,good
058c03d945c4ae0978a0,k4W1c,知识点k4W1c,0.7267,72.67,1,3,2,good
058c03d945c4ae0978a0,m3D1v,知识点m3D1v,0.9448,94.48,12,16,16,good
058c03d945c4ae0978a0,r8S3g,知识点r8S3g,0.9979,99.79,5,6,6,good
058c03d945c4ae0978a0,s8Y2f,知识点s8Y2f,0.8141,81.41,1,2,1,good
058c03d945c4ae0978a0,t5V9e,知识点t5V9e,0.9407,94.07,5,7,7,good
058c03d945c4ae0978a0,y9W5d,知识点y9W5d,0.8573,85.73,11,23,21,good
bfc3a5cb3b9c29f08176,b3C9s,知识点b3C9s,0.7381,73.81,3,26,15,good
bfc3a5cb3b9c29f08176,g7R2j,知识点g7R2j,0.6902,69.02,5,20,13,good
bfc3a5cb3b9c29f08176,k4W1c,知识点k4W1c,0.6669,66.69,1,5,1,good
bfc3a5cb3b9c29f08176,m3D1v,知识点m3D1v,0.7306,73.06,12,42,24,good
bfc3a5cb3b9c29f08176,r8S3g,知识点r8S3g,0.8302,83.02,5,25,6,good
bfc3a5cb3b9c29f08176,s8Y2f,知识点s8Y2f,0.7017,70.17,1,2,2,good
bfc3a5cb3b9c29f08176,t5V9e,知识点t5V9e,0.8218,82.18,5,8,8,good
bfc3a5cb3b9c29f08176,y9W5d,知识点y9W5d,0.7313,73.13,11,75,52,good
a4bfb84ab74e59389e7a,b3C9s,知识点b3C9s,0.7588,75.88,3,22,6,good
a4bfb84ab74e59389e7a,g7R2j,知识点g7R2j,0.8454,84.54,5,26,13,good
a4bfb84ab74e59389e7a,k4W1c,知识点k4W1c,0.7731,77.31,1,12,12,good
a4bfb84ab74e59389e7a,m3D1v,知识点m3D1v,0.7505,75.05,12,48,23,good
a4bfb84ab74e59389e7a,r8S3g,知识点r8S3g,0.8104,81.04,5,13,7,good
a4bfb84ab74e59389e7a,s8Y2f,知识点s8Y2f,0.6748,67.48,1,3,1,good
a4bfb84ab74e59389e7a,t5V9e,知识点t5V9e,0.7717,77.17,5,49,25,good
a4bfb84ab74e59389e7a,y9W5d,知识点y9W5d,0.7631,76.31,11,86,70,good
152a0c17daaaa4e65e14,b3C9s,知识点b3C9s,0.9989,99.89,3,3,3,good
152a0c17daaaa4e65e14,g7R2j,知识点g7R2j,0.8982,89.82,5,8,7,good
152a0c17daaaa4e65e14,k4W1c,知识点k4W1c,0.801,80.1,1,18,18,good
152a0c17daaaa4e65e14,m3D1v,知识点m3D1v,0.9043,90.43,12,19,17,good
152a0c17daaaa4e65e14,r8S3g,知识点r8S3g,0.8389,83.89,5,10,6,good
152a0c17daaaa4e65e14,s8Y2f,知识点s8Y2f,0.6822,68.22,1,7,6,good
152a0c17daaaa4e65e14,t5V9e,知识点t5V9e,0.7574,75.74,5,18,11,good
152a0c17daaaa4e65e14,y9W5d,知识点y9W5d,0.7885,78.85,11,54,51,good
ee1ef9674f9e0bfca48b,b3C9s,知识点b3C9s,0.9988,99.88,3,3,3,good
ee1ef9674f9e0bfca48b,g7R2j,知识点g7R2j,0.9987,99.87,5,5,5,good
ee1ef9674f9e0bfca48b,k4W1c,知识点k4W1c,0.9989,99.89,1,1,1,good
ee1ef9674f9e0bfca48b,m3D1v,知识点m3D1v,0.9413,94.13,12,18,12,good
ee1ef9674f9e0bfca48b,r8S3g,知识点r8S3g,0.887,88.7,5,18,9,good
ee1ef9674f9e0bfca48b,s8Y2f,知识点s8Y2f,0.9988,99.88,1,1,1,good
ee1ef9674f9e0bfca48b,t5V9e,知识点t5V9e,0.9316,93.16,5,12,7,good
ee1ef9674f9e0bfca48b,y9W5d,知识点y9W5d,0.9749,97.49,11,14,11,good
977ece9de941d85308ac,b3C9s,知识点b3C9s,0.9989,99.89,3,3,3,good
977ece9de941d85308ac,g7R2j,知识点g7R2j,0.9464,94.64,5,6,6,good
977ece9de941d85308ac,k4W1c,知识点k4W1c,0.9988,99.88,1,1,1,good
977ece9de941d85308ac,m3D1v,知识点m3D1v,0.877,87.7,12,31,14,good
977ece9de941d85308ac,r8S3g,知识点r8S3g,0.6398,63.98,5,105,9,good
977ece9de941d85308ac,s8Y2f,知识点s8Y2f,0.8123,81.23,1,1,1,good
977ece9de941d85308ac,t5V9e,知识点t5V9e,0.7447,74.47,5,42,18,good
977ece9de941d85308ac,y9W5d,知识点y9W5d,0.8999,89.99,11,15,12,good
15ab118362ecbbd03b52,b3C9s,知识点b3C9s,0.9987,99.87,3,3,3,good
15ab118362ecbbd03b52,g7R2j,知识点g7R2j,0.9386,93.86,5,12,12,good
15ab118362ecbbd03b52,k4W1c,知识点k4W1c,0.7517,75.17,1,3,3,good
15ab118362ecbbd03b52,m3D1v,知识点m3D1v,0.8799,87.99,12,25,22,good
15ab118362ecbbd03b52,r8S3g,知识点r8S3g,0.8616,86.16,5,11,6,good
15ab118362ecbbd03b52,s8Y2f,知识点s8Y2f,0.9977,99.77,1,1,1,good
15ab118362ecbbd03b52,t5V9e,知识点t5V9e,0.8326,83.26,5,29,25,good
15ab118362ecbbd03b52,y9W5d,知识点y9W5d,0.8758,87.58,11,26,24,good
f47eab262dd5809d4d60,b3C9s,知识点b3C9s,0.7679,76.79,3,4,4,good
f47eab262dd5809d4d60,g7R2j,知识点g7R2j,0.9022,90.22,5,26,26,good
f47eab262dd5809d4d60,k4W1c,知识点k4W1c,0.606,60.6,1,11,1,good
f47eab262dd5809d4d60,m3D1v,知识点m3D1v,0.858,85.8,12,33,21,good
f47eab262dd5809d4d60,r8S3g,知识点r8S3g,0.9239,92.39,5,6,6,good
f47eab262dd5809d4d60,s8Y2f,知识点s8Y2f,0.652,65.2,1,4,1,good
f47eab262dd5809d4d60,t5V9e,知识点t5V9e,0.9052,90.52,5,9,9,good
f47eab262dd5809d4d60,y9W5d,知识点y9W5d,0.8313,83.13,11,36,15,good
5fbaf8a0f524358778bb,b3C9s,知识点b3C9s,0.6873,68.73,3,8,7,good
5fbaf8a0f524358778bb,g7R2j,知识点g7R2j,0.7345,73.45,5,21,19,good
5fbaf8a0f524358778bb,k4W1c,知识点k4W1c,0.7281,72.81,1,1,1,good
5fbaf8a0f524358778bb,m3D1v,知识点m3D1v,0.8861,88.61,12,36,33,good
5fbaf8a0f524358778bb,r8S3g,知识点r8S3g,0.8314,83.14,5,14,8,good
5fbaf8a0f524358778bb,s8Y2f,知识点s8Y2f,0.9489,94.89,1,4,4,good
5fbaf8a0f524358778bb,t5V9e,知识点t5V9e,0.9383,93.83,5,17,17,good
5fbaf8a0f524358778bb,y9W5d,知识点y9W5d,0.862,86.2,11,29,26,good
3267b84814316e2fa25e,b3C9s,知识点b3C9s,0.9248,92.48,3,4,4,good
3267b84814316e2fa25e,g7R2j,知识点g7R2j,0.8672,86.72,5,17,14,good
3267b84814316e2fa25e,k4W1c,知识点k4W1c,0.6529,65.29,1,2,1,good
3267b84814316e2fa25e,m3D1v,知识点m3D1v,0.8875,88.75,12,29,24,good
3267b84814316e2fa25e,r8S3g,知识点r8S3g,0.7953,79.53,5,34,6,good
3267b84814316e2fa25e,s8Y2f,知识点s8Y2f,0.6944,69.44,1,7,3,good
3267b84814316e2fa25e,t5V9e,知识点t5V9e,0.8771,87.71,5,23,21,good
3267b84814316e2fa25e,y9W5d,知识点y9W5d,0.847,84.7,11,38,28,good
f82461b84c9c48a36613,b3C9s,知识点b3C9s,0.7436,74.36,3,5,4,good
f82461b84c9c48a36613,g7R2j,知识点g7R2j,0.8708,87.08,5,23,22,good
f82461b84c9c48a36613,k4W1c,知识点k4W1c,0.8958,89.58,1,2,2,good
f82461b84c9c48a36613,m3D1v,知识点m3D1v,0.8541,85.41,12,27,26,good
f82461b84c9c48a36613,r8S3g,知识点r8S3g,0.8189,81.89,5,14,7,good
f82461b84c9c48a36613,s8Y2f,知识点s8Y2f,0.7235,72.35,1,1,1,good
f82461b84c9c48a36613,t5V9e,知识点t5V9e,0.8841,88.41,5,13,12,good
f82461b84c9c48a36613,y9W5d,知识点y9W5d,0.8219,82.19,11,32,24,good
981cf48df067d975675b,b3C9s,知识点b3C9s,0.8936,89.36,3,3,3,good
981cf48df067d975675b,g7R2j,知识点g7R2j,0.854,85.4,5,20,20,good
981cf48df067d975675b,k4W1c,知识点k4W1c,0.6525,65.25,1,1,1,good
981cf48df067d975675b,m3D1v,知识点m3D1v,0.8005,80.05,12,29,21,good
981cf48df067d975675b,r8S3g,知识点r8S3g,0.8733,87.33,5,17,6,good
981cf48df067d975675b,s8Y2f,知识点s8Y2f,0.6588,65.88,1,3,2,good
981cf48df067d975675b,t5V9e,知识点t5V9e,0.718,71.8,5,17,14,good
981cf48df067d975675b,y9W5d,知识点y9W5d,0.8138,81.38,11,50,42,good
bd099a9fd29545e3766a,b3C9s,知识点b3C9s,0.8788,87.88,3,5,5,good
bd099a9fd29545e3766a,g7R2j,知识点g7R2j,0.7974,79.74,5,7,6,good
bd099a9fd29545e3766a,k4W1c,知识点k4W1c,0.9972,99.72,1,1,1,good
bd099a9fd29545e3766a,m3D1v,知识点m3D1v,0.9263,92.63,12,25,19,good
bd099a9fd29545e3766a,r8S3g,知识点r8S3g,0.9983,99.83,5,8,8,good
bd099a9fd29545e3766a,s8Y2f,知识点s8Y2f,0.7292,72.92,1,2,1,good
bd099a9fd29545e3766a,t5V9e,知识点t5V9e,0.8615,86.15,5,11,7,good
bd099a9fd29545e3766a,y9W5d,知识点y9W5d,0.8935,89.35,11,26,21,good
9d030ebc092b353b9906,b3C9s,知识点b3C9s,0.8186,81.86,3,9,8,good
9d030ebc092b353b9906,g7R2j,知识点g7R2j,0.7998,79.98,5,19,17,good
9d030ebc092b353b9906,k4W1c,知识点k4W1c,0.9993,99.93,1,1,1,good
9d030ebc092b353b9906,m3D1v,知识点m3D1v,0.9437,94.37,12,23,20,good
9d030ebc092b353b9906,r8S3g,知识点r8S3g,0.8227,82.27,5,9,7,good
9d030ebc092b353b9906,s8Y2f,知识点s8Y2f,0.814,81.4,1,2,1,good
9d030ebc092b353b9906,t5V9e,知识点t5V9e,0.8833,88.33,5,17,16,good
9d030ebc092b353b9906,y9W5d,知识点y9W5d,0.878,87.8,11,24,21,good
37905cfdcd105683aaf4,b3C9s,知识点b3C9s,0.9992,99.92,3,3,3,good
37905cfdcd105683aaf4,g7R2j,知识点g7R2j,0.8083,80.83,5,10,5,good
37905cfdcd105683aaf4,k4W1c,知识点k4W1c,0.8229,82.29,1,7,7,good
37905cfdcd105683aaf4,m3D1v,知识点m3D1v,0.9099,90.99,12,34,17,good
37905cfdcd105683aaf4,r8S3g,知识点r8S3g,0.9143,91.43,5,12,7,good
37905cfdcd105683aaf4,s8Y2f,知识点s8Y2f,0.9992,99.92,1,2,2,good
37905cfdcd105683aaf4,t5V9e,知识点t5V9e,0.7592,75.92,5,28,15,good
37905cfdcd105683aaf4,y9W5d,知识点y9W5d,0.884,88.4,11,44,25,good
xy7cro773yqyoblucwkp,b3C9s,知识点b3C9s,0.6627,66.27,3,6,2,good
xy7cro773yqyoblucwkp,g7R2j,知识点g7R2j,0.7748,77.48,4,13,10,good
xy7cro773yqyoblucwkp,k4W1c,知识点k4W1c,0.7287,72.87,1,3,2,good
xy7cro773yqyoblucwkp,m3D1v,知识点m3D1v,0.7546,75.46,9,20,15,good
xy7cro773yqyoblucwkp,r8S3g,知识点r8S3g,0.7556,75.56,4,21,9,good
xy7cro773yqyoblucwkp,s8Y2f,知识点s8Y2f,0.6284,62.84,1,1,0,good
xy7cro773yqyoblucwkp,t5V9e,知识点t5V9e,0.8708,87.08,5,16,14,good
xy7cro773yqyoblucwkp,y9W5d,知识点y9W5d,0.6824,68.24,10,30,23,good
3qvqfnzdg358mord1cku,b3C9s,知识点b3C9s,0.8835,88.35,2,5,5,good
3qvqfnzdg358mord1cku,g7R2j,知识点g7R2j,0.7992,79.92,5,17,12,good
3qvqfnzdg358mord1cku,k4W1c,知识点k4W1c,0.8459,84.59,1,2,2,good
3qvqfnzdg358mord1cku,m3D1v,知识点m3D1v,0.7721,77.21,11,25,14,good
3qvqfnzdg358mord1cku,r8S3g,知识点r8S3g,0.8459,84.59,5,18,8,good
3qvqfnzdg358mord1cku,s8Y2f,知识点s8Y2f,0.8394,83.94,1,3,3,good
3qvqfnzdg358mord1cku,t5V9e,知识点t5V9e,0.762,76.2,5,14,10,good
3qvqfnzdg358mord1cku,y9W5d,知识点y9W5d,0.7886,78.86,10,33,25,good
awxiqzybhp95e08qx1h5,b3C9s,知识点b3C9s,0.8132,81.32,3,10,7,good
awxiqzybhp95e08qx1h5,g7R2j,知识点g7R2j,0.6527,65.27,4,10,9,good
awxiqzybhp95e08qx1h5,k4W1c,知识点k4W1c,0.729,72.9,1,4,3,good
awxiqzybhp95e08qx1h5,m3D1v,知识点m3D1v,0.539,53.9,8,18,10,medium
awxiqzybhp95e08qx1h5,r8S3g,知识点r8S3g,0.6751,67.51,5,19,3,good
awxiqzybhp95e08qx1h5,s8Y2f,知识点s8Y2f,0.652,65.2,1,2,1,good
awxiqzybhp95e08qx1h5,t5V9e,知识点t5V9e,0.7125,71.25,4,8,6,good
awxiqzybhp95e08qx1h5,y9W5d,知识点y9W5d,0.8037,80.37,11,37,30,good
dgoapkg9vpnafks22kx4,b3C9s,知识点b3C9s,0.8653,86.53,3,11,11,good
dgoapkg9vpnafks22kx4,g7R2j,知识点g7R2j,0.8667,86.67,5,13,11,good
dgoapkg9vpnafks22kx4,k4W1c,知识点k4W1c,0.7672,76.72,1,6,6,good
dgoapkg9vpnafks22kx4,m3D1v,知识点m3D1v,0.7081,70.81,11,32,21,good
dgoapkg9vpnafks22kx4,r8S3g,知识点r8S3g,0.8694,86.94,5,13,8,good
dgoapkg9vpnafks22kx4,s8Y2f,知识点s8Y2f,0.8894,88.94,1,3,3,good
dgoapkg9vpnafks22kx4,t5V9e,知识点t5V9e,0.7582,75.82,5,13,9,good
dgoapkg9vpnafks22kx4,y9W5d,知识点y9W5d,0.7779,77.79,11,39,34,good
2jvnsh0veb6qnn3uv6i8,b3C9s,知识点b3C9s,0.4305,43.05,2,4,3,medium
2jvnsh0veb6qnn3uv6i8,g7R2j,知识点g7R2j,0.7533,75.33,5,19,15,good
2jvnsh0veb6qnn3uv6i8,k4W1c,知识点k4W1c,0.7263,72.63,1,5,3,good
2jvnsh0veb6qnn3uv6i8,m3D1v,知识点m3D1v,0.7376,73.76,11,34,23,good
2jvnsh0veb6qnn3uv6i8,r8S3g,知识点r8S3g,0.7827,78.27,5,21,9,good
2jvnsh0veb6qnn3uv6i8,s8Y2f,知识点s8Y2f,0.688,68.8,1,5,2,good
2jvnsh0veb6qnn3uv6i8,t5V9e,知识点t5V9e,0.7761,77.61,4,19,15,good
2jvnsh0veb6qnn3uv6i8,y9W5d,知识点y9W5d,0.8203,82.03,11,34,22,good
553l2g7kpifbvn82knxk,b3C9s,知识点b3C9s,0.8975,89.75,3,8,8,good
553l2g7kpifbvn82knxk,g7R2j,知识点g7R2j,0.8108,81.08,5,17,14,good
553l2g7kpifbvn82knxk,k4W1c,知识点k4W1c,0.7854,78.54,1,8,7,good
553l2g7kpifbvn82knxk,m3D1v,知识点m3D1v,0.6792,67.92,10,23,17,good
553l2g7kpifbvn82knxk,r8S3g,知识点r8S3g,0.7691,76.91,5,12,8,good
553l2g7kpifbvn82knxk,s8Y2f,知识点s8Y2f,0.815,81.5,1,2,1,good
553l2g7kpifbvn82knxk,t5V9e,知识点t5V9e,0.8024,80.24,5,21,13,good
553l2g7kpifbvn82knxk,y9W5d,知识点y9W5d,0.7007,70.07,10,37,29,good
58n0dsxyyqnriomw67id,b3C9s,知识点b3C9s,0.7663,76.63,3,11,8,good
58n0dsxyyqnriomw67id,g7R2j,知识点g7R2j,0.8078,80.78,5,19,14,good
58n0dsxyyqnriomw67id,k4W1c,知识点k4W1c,0.7282,72.82,1,2,2,good
58n0dsxyyqnriomw67id,m3D1v,知识点m3D1v,0.7152,71.52,9,19,14,good
58n0dsxyyqnriomw67id,r8S3g,知识点r8S3g,0.7593,75.93,5,23,9,good
58n0dsxyyqnriomw67id,s8Y2f,知识点s8Y2f,0.8149,81.49,1,2,2,good
58n0dsxyyqnriomw67id,t5V9e,知识点t5V9e,0.6071,60.71,4,18,13,good
58n0dsxyyqnriomw67id,y9W5d,知识点y9W5d,0.8008,80.08,11,29,24,good
x8hldszj3z40bgxl4mci,b3C9s,知识点b3C9s,0.7875,78.75,3,5,3,good
x8hldszj3z40bgxl4mci,g7R2j,知识点g7R2j,0.7956,79.56,5,23,19,good
x8hldszj3z40bgxl4mci,k4W1c,知识点k4W1c,0.7444,74.44,1,4,4,good
x8hldszj3z40bgxl4mci,m3D1v,知识点m3D1v,0.663,66.3,9,23,17,good
x8hldszj3z40bgxl4mci,r8S3g,知识点r8S3g,0.5669,56.69,4,27,7,medium
x8hldszj3z40bgxl4mci,s8Y2f,知识点s8Y2f,0.6527,65.27,1,3,1,good
x8hldszj3z40bgxl4mci,t5V9e,知识点t5V9e,0.7487,74.87,5,19,12,good
x8hldszj3z40bgxl4mci,y9W5d,知识点y9W5d,0.7764,77.64,10,34,27,good
putb7ja6dwpdag4bwvnj,b3C9s,知识点b3C9s,0.7599,75.99,3,6,4,good
putb7ja6dwpdag4bwvnj,g7R2j,知识点g7R2j,0.7426,74.26,4,16,14,good
putb7ja6dwpdag4bwvnj,k4W1c,知识点k4W1c,0.6418,64.18,1,3,2,good
putb7ja6dwpdag4bwvnj,m3D1v,知识点m3D1v,0.7063,70.63,10,29,22,good
putb7ja6dwpdag4bwvnj,r8S3g,知识点r8S3g,0.6021,60.21,3,17,6,good
putb7ja6dwpdag4bwvnj,s8Y2f,知识点s8Y2f,0.6942,69.42,1,2,1,good
putb7ja6dwpdag4bwvnj,t5V9e,知识点t5V9e,0.7744,77.44,5,14,13,good
putb7ja6dwpdag4bwvnj,y9W5d,知识点y9W5d,0.7726,77.26,10,34,26,good
3m4gx52iq3mwqdycm8mm,b3C9s,知识点b3C9s,0.8788,87.88,3,13,11,good
3m4gx52iq3mwqdycm8mm,g7R2j,知识点g7R2j,0.7382,73.82,5,13,11,good
3m4gx52iq3mwqdycm8mm,k4W1c,知识点k4W1c,0.7874,78.74,1,6,5,good
3m4gx52iq3mwqdycm8mm,m3D1v,知识点m3D1v,0.7209,72.09,11,28,19,good
3m4gx52iq3mwqdycm8mm,r8S3g,知识点r8S3g,0.5643,56.43,4,23,7,medium
3m4gx52iq3mwqdycm8mm,s8Y2f,知识点s8Y2f,0.5936,59.36,1,2,0,medium
3m4gx52iq3mwqdycm8mm,t5V9e,知识点t5V9e,0.7266,72.66,5,15,10,good
3m4gx52iq3mwqdycm8mm,y9W5d,知识点y9W5d,0.819,81.9,11,41,34,good
2zfdinkl7qrn0o62tlp4,b3C9s,知识点b3C9s,0.784,78.4,3,5,5,good
2zfdinkl7qrn0o62tlp4,g7R2j,知识点g7R2j,0.5819,58.19,4,8,6,medium
2zfdinkl7qrn0o62tlp4,k4W1c,知识点k4W1c,0.6487,64.87,1,5,4,good
2zfdinkl7qrn0o62tlp4,m3D1v,知识点m3D1v,0.6525,65.25,10,30,23,good
2zfdinkl7qrn0o62tlp4,r8S3g,知识点r8S3g,0.5698,56.98,3,21,7,medium
2zfdinkl7qrn0o62tlp4,s8Y2f,知识点s8Y2f,0.799,79.9,1,6,5,good
2zfdinkl7qrn0o62tlp4,t5V9e,知识点t5V9e,0.8141,81.41,5,12,10,good
2zfdinkl7qrn0o62tlp4,y9W5d,知识点y9W5d,0.7981,79.81,11,39,32,good
rd32gyblqsfn03xatnmt,b3C9s,知识点b3C9s,0.8301,83.01,3,7,6,good
rd32gyblqsfn03xatnmt,g7R2j,知识点g7R2j,0.7149,71.49,5,25,19,good
rd32gyblqsfn03xatnmt,k4W1c,知识点k4W1c,0.7378,73.78,1,4,2,good
rd32gyblqsfn03xatnmt,m3D1v,知识点m3D1v,0.6877,68.77,10,36,24,good
rd32gyblqsfn03xatnmt,r8S3g,知识点r8S3g,0.6737,67.37,4,15,3,good
rd32gyblqsfn03xatnmt,s8Y2f,知识点s8Y2f,0.7277,72.77,1,4,3,good
rd32gyblqsfn03xatnmt,t5V9e,知识点t5V9e,0.817,81.7,5,25,23,good
rd32gyblqsfn03xatnmt,y9W5d,知识点y9W5d,0.7833,78.33,11,39,30,good
n8pe3tt7qmlgojwhhsj0,b3C9s,知识点b3C9s,0.8476,84.76,2,6,6,good
n8pe3tt7qmlgojwhhsj0,g7R2j,知识点g7R2j,0.778,77.8,4,9,7,good
n8pe3tt7qmlgojwhhsj0,k4W1c,知识点k4W1c,0.8291,82.91,1,3,3,good
n8pe3tt7qmlgojwhhsj0,m3D1v,知识点m3D1v,0.7406,74.06,10,19,15,good
n8pe3tt7qmlgojwhhsj0,r8S3g,知识点r8S3g,0.4936,49.36,4,14,2,medium
n8pe3tt7qmlgojwhhsj0,s8Y2f,知识点s8Y2f,0.5993,59.93,1,3,1,medium
n8pe3tt7qmlgojwhhsj0,t5V9e,知识点t5V9e,0.778,77.8,5,20,14,good
n8pe3tt7qmlgojwhhsj0,y9W5d,知识点y9W5d,0.7832,78.32,10,26,21,good
p6cp3ogj6xy2riczfupv,b3C9s,知识点b3C9s,0.7163,71.63,3,9,4,good
p6cp3ogj6xy2riczfupv,g7R2j,知识点g7R2j,0.6725,67.25,5,11,8,good
p6cp3ogj6xy2riczfupv,k4W1c,知识点k4W1c,0.6599,65.99,1,6,3,good
p6cp3ogj6xy2riczfupv,m3D1v,知识点m3D1v,0.6648,66.48,10,26,22,good
p6cp3ogj6xy2riczfupv,r8S3g,知识点r8S3g,0.7508,75.08,5,22,11,good
p6cp3ogj6xy2riczfupv,s8Y2f,知识点s8Y2f,0.9976,99.76,1,2,2,good
p6cp3ogj6xy2riczfupv,t5V9e,知识点t5V9e,0.6438,64.38,4,14,9,good
p6cp3ogj6xy2riczfupv,y9W5d,知识点y9W5d,0.7253,72.53,10,33,24,good
si6ymh6w7xbo2f40o0p8,b3C9s,知识点b3C9s,0.8142,81.42,2,5,5,good
si6ymh6w7xbo2f40o0p8,g7R2j,知识点g7R2j,0.6958,69.58,4,10,5,good
si6ymh6w7xbo2f40o0p8,k4W1c,知识点k4W1c,0.7138,71.38,1,2,1,good
si6ymh6w7xbo2f40o0p8,m3D1v,知识点m3D1v,0.7704,77.04,11,18,10,good
si6ymh6w7xbo2f40o0p8,r8S3g,知识点r8S3g,0.6288,62.88,5,18,1,good
si6ymh6w7xbo2f40o0p8,s8Y2f,知识点s8Y2f,0.8315,83.15,1,6,4,good
si6ymh6w7xbo2f40o0p8,t5V9e,知识点t5V9e,0.8368,83.68,5,21,13,good
si6ymh6w7xbo2f40o0p8,y9W5d,知识点y9W5d,0.7848,78.48,10,47,40,good
9trgand057juzal1kecf,b3C9s,知识点b3C9s,0.7465,74.65,3,8,6,good
9trgand057juzal1kecf,g7R2j,知识点g7R2j,0.8042,80.42,5,17,16,good
9trgand057juzal1kecf,k4W1c,知识点k4W1c,0.7292,72.92,1,3,1,good
9trgand057juzal1kecf,m3D1v,知识点m3D1v,0.7421,74.21,10,26,23,good
9trgand057juzal1kecf,r8S3g,知识点r8S3g,0.7485,74.85,5,21,6,good
9trgand057juzal1kecf,s8Y2f,知识点s8Y2f,0.731,73.1,1,5,2,good
9trgand057juzal1kecf,t5V9e,知识点t5V9e,0.8302,83.02,5,13,9,good
9trgand057juzal1kecf,y9W5d,知识点y9W5d,0.821,82.1,11,30,23,good
4acutl013itvh9va99p7,b3C9s,知识点b3C9s,0.847,84.7,3,7,6,good
4acutl013itvh9va99p7,g7R2j,知识点g7R2j,0.8241,82.41,5,16,11,good
4acutl013itvh9va99p7,k4W1c,知识点k4W1c,0.8434,84.34,1,5,4,good
4acutl013itvh9va99p7,m3D1v,知识点m3D1v,0.6507,65.07,10,23,17,good
4acutl013itvh9va99p7,r8S3g,知识点r8S3g,0.7826,78.26,5,23,11,good
4acutl013itvh9va99p7,s8Y2f,知识点s8Y2f,0.8969,89.69,1,2,2,good
4acutl013itvh9va99p7,t5V9e,知识点t5V9e,0.4657,46.57,3,12,10,medium
4acutl013itvh9va99p7,y9W5d,知识点y9W5d,0.7987,79.87,11,28,24,good
62olkigg7ntlaf6fzytl,b3C9s,知识点b3C9s,0.8459,84.59,3,5,3,good
62olkigg7ntlaf6fzytl,g7R2j,知识点g7R2j,0.7807,78.07,4,15,12,good
62olkigg7ntlaf6fzytl,k4W1c,知识点k4W1c,0.7435,74.35,1,6,5,good
62olkigg7ntlaf6fzytl,m3D1v,知识点m3D1v,0.744,74.4,9,32,27,good
62olkigg7ntlaf6fzytl,r8S3g,知识点r8S3g,0.7606,76.06,5,17,5,good
62olkigg7ntlaf6fzytl,s8Y2f,知识点s8Y2f,0.8039,80.39,1,6,4,good
62olkigg7ntlaf6fzytl,t5V9e,知识点t5V9e,0.8044,80.44,5,17,13,good
62olkigg7ntlaf6fzytl,y9W5d,知识点y9W5d,0.8374,83.74,11,51,42,good
zyfp520tbnq5p2pvrkin,b3C9s,知识点b3C9s,0.8315,83.15,3,7,6,good
zyfp520tbnq5p2pvrkin,g7R2j,知识点g7R2j,0.7444,74.44,5,21,14,good
zyfp520tbnq5p2pvrkin,k4W1c,知识点k4W1c,0.8318,83.18,1,6,5,good
zyfp520tbnq5p2pvrkin,m3D1v,知识点m3D1v,0.7959,79.59,12,30,23,good
zyfp520tbnq5p2pvrkin,r8S3g,知识点r8S3g,0.7403,74.03,5,12,5,good
zyfp520tbnq5p2pvrkin,s8Y2f,知识点s8Y2f,0.6659,66.59,1,1,0,good
zyfp520tbnq5p2pvrkin,t5V9e,知识点t5V9e,0.8204,82.04,4,17,16,good
zyfp520tbnq5p2pvrkin,y9W5d,知识点y9W5d,0.7039,70.39,9,28,20,good
yyz9rmyzzdp52h0glddp,b3C9s,知识点b3C9s,0.6955,69.55,3,7,4,good
yyz9rmyzzdp52h0glddp,g7R2j,知识点g7R2j,0.7003,70.03,5,20,14,good
yyz9rmyzzdp52h0glddp,k4W1c,知识点k4W1c,0.9788,97.88,1,5,5,good
yyz9rmyzzdp52h0glddp,m3D1v,知识点m3D1v,0.7385,73.85,11,34,27,good
yyz9rmyzzdp52h0glddp,r8S3g,知识点r8S3g,0.5226,52.26,4,19,1,medium
yyz9rmyzzdp52h0glddp,s8Y2f,知识点s8Y2f,0.7355,73.55,1,4,2,good
yyz9rmyzzdp52h0glddp,t5V9e,知识点t5V9e,0.7764,77.64,4,16,10,good
yyz9rmyzzdp52h0glddp,y9W5d,知识点y9W5d,0.8185,81.85,11,40,31,good
2uxkhe454qk8jvk0ufvp,b3C9s,知识点b3C9s,0.8167,81.67,3,9,8,good
2uxkhe454qk8jvk0ufvp,g7R2j,知识点g7R2j,0.6346,63.46,4,11,11,good
2uxkhe454qk8jvk0ufvp,k4W1c,知识点k4W1c,0.6861,68.61,1,3,2,good
2uxkhe454qk8jvk0ufvp,m3D1v,知识点m3D1v,0.7799,77.99,10,24,20,good
2uxkhe454qk8jvk0ufvp,r8S3g,知识点r8S3g,0.7886,78.86,5,18,8,good
2uxkhe454qk8jvk0ufvp,s8Y2f,知识点s8Y2f,0.6649,66.49,0,0,0,good
2uxkhe454qk8jvk0ufvp,t5V9e,知识点t5V9e,0.7889,78.89,5,12,7,good
2uxkhe454qk8jvk0ufvp,y9W5d,知识点y9W5d,0.7949,79.49,10,34,27,good
pkjom9yr5m9690fg6wsi,b3C9s,知识点b3C9s,0.7811,78.11,2,10,7,good
pkjom9yr5m9690fg6wsi,g7R2j,知识点g7R2j,0.6019,60.19,3,13,11,good
pkjom9yr5m9690fg6wsi,k4W1c,知识点k4W1c,0.7952,79.52,1,1,1,good
pkjom9yr5m9690fg6wsi,m3D1v,知识点m3D1v,0.6577,65.77,10,20,15,good
pkjom9yr5m9690fg6wsi,r8S3g,知识点r8S3g,0.7457,74.57,5,17,6,good
pkjom9yr5m9690fg6wsi,s8Y2f,知识点s8Y2f,0.6949,69.49,1,2,1,good
pkjom9yr5m9690fg6wsi,t5V9e,知识点t5V9e,0.5652,56.52,4,13,9,medium
pkjom9yr5m9690fg6wsi,y9W5d,知识点y9W5d,0.7591,75.91,10,27,24,good
shtnl1wh1mconb8od5ko,b3C9s,知识点b3C9s,0.7645,76.45,2,6,5,good
shtnl1wh1mconb8od5ko,g7R2j,知识点g7R2j,0.8216,82.16,5,17,15,good
shtnl1wh1mconb8od5ko,k4W1c,知识点k4W1c,0.7727,77.27,1,5,5,good
shtnl1wh1mconb8od5ko,m3D1v,知识点m3D1v,0.7279,72.79,10,31,22,good
shtnl1wh1mconb8od5ko,r8S3g,知识点r8S3g,0.5759,57.59,4,8,1,medium
shtnl1wh1mconb8od5ko,s8Y2f,知识点s8Y2f,0.8008,80.08,1,5,3,good
shtnl1wh1mconb8od5ko,t5V9e,知识点t5V9e,0.8227,82.27,5,17,13,good
shtnl1wh1mconb8od5ko,y9W5d,知识点y9W5d,0.787,78.7,10,40,33,good
ugaiak78ggmnku4yndlt,b3C9s,知识点b3C9s,0.6222,62.22,2,6,2,good
ugaiak78ggmnku4yndlt,g7R2j,知识点g7R2j,0.7906,79.06,5,14,12,good
ugaiak78ggmnku4yndlt,k4W1c,知识点k4W1c,0.7273,72.73,1,3,2,good
ugaiak78ggmnku4yndlt,m3D1v,知识点m3D1v,0.5806,58.06,8,22,13,medium
ugaiak78ggmnku4yndlt,r8S3g,知识点r8S3g,0.6035,60.35,3,11,7,good
ugaiak78ggmnku4yndlt,s8Y2f,知识点s8Y2f,0.8969,89.69,1,2,2,good
ugaiak78ggmnku4yndlt,t5V9e,知识点t5V9e,0.5969,59.69,4,16,12,medium
ugaiak78ggmnku4yndlt,y9W5d,知识点y9W5d,0.6311,63.11,9,32,24,good
5mrih4nj5agvu67vao4m,b3C9s,知识点b3C9s,0.8124,81.24,3,12,10,good
5mrih4nj5agvu67vao4m,g7R2j,知识点g7R2j,0.7892,78.92,5,14,11,good
5mrih4nj5agvu67vao4m,k4W1c,知识点k4W1c,0.8013,80.13,1,5,4,good
5mrih4nj5agvu67vao4m,m3D1v,知识点m3D1v,0.8123,81.23,11,24,20,good
5mrih4nj5agvu67vao4m,r8S3g,知识点r8S3g,0.7015,70.15,5,9,4,good
5mrih4nj5agvu67vao4m,s8Y2f,知识点s8Y2f,0.9205,92.05,1,4,4,good
5mrih4nj5agvu67vao4m,t5V9e,知识点t5V9e,0.7672,76.72,5,12,9,good
5mrih4nj5agvu67vao4m,y9W5d,知识点y9W5d,0.8017,80.17,11,32,27,good
66f99grd556eyxjqk7pz,b3C9s,知识点b3C9s,0.8378,83.78,2,9,9,good
66f99grd556eyxjqk7pz,g7R2j,知识点g7R2j,0.7341,73.41,4,22,15,good
66f99grd556eyxjqk7pz,k4W1c,知识点k4W1c,0.7316,73.16,1,3,1,good
66f99grd556eyxjqk7pz,m3D1v,知识点m3D1v,0.7227,72.27,11,24,19,good
66f99grd556eyxjqk7pz,r8S3g,知识点r8S3g,0.6357,63.57,5,16,2,good
66f99grd556eyxjqk7pz,s8Y2f,知识点s8Y2f,0.7416,74.16,1,4,4,good
66f99grd556eyxjqk7pz,t5V9e,知识点t5V9e,0.7699,76.99,5,16,11,good
66f99grd556eyxjqk7pz,y9W5d,知识点y9W5d,0.7546,75.46,10,39,34,good
vrdxefyyyx3tkticfqnv,b3C9s,知识点b3C9s,0.7854,78.54,3,18,14,good
vrdxefyyyx3tkticfqnv,g7R2j,知识点g7R2j,0.8285,82.85,5,19,15,good
vrdxefyyyx3tkticfqnv,k4W1c,知识点k4W1c,0.7388,73.88,1,4,2,good
vrdxefyyyx3tkticfqnv,m3D1v,知识点m3D1v,0.6578,65.78,10,28,18,good
vrdxefyyyx3tkticfqnv,r8S3g,知识点r8S3g,0.71,71.0,5,21,7,good
vrdxefyyyx3tkticfqnv,s8Y2f,知识点s8Y2f,0.7636,76.36,1,2,1,good
vrdxefyyyx3tkticfqnv,t5V9e,知识点t5V9e,0.5601,56.01,4,13,7,medium
vrdxefyyyx3tkticfqnv,y9W5d,知识点y9W5d,0.7118,71.18,10,29,20,good
ik7o5ykfnku0qp74sy1i,b3C9s,知识点b3C9s,0.7938,79.38,3,11,9,good
ik7o5ykfnku0qp74sy1i,g7R2j,知识点g7R2j,0.7724,77.24,4,19,15,good
ik7o5ykfnku0qp74sy1i,k4W1c,知识点k4W1c,0.9986,99.86,1,2,2,good
ik7o5ykfnku0qp74sy1i,m3D1v,知识点m3D1v,0.7609,76.09,9,23,17,good
ik7o5ykfnku0qp74sy1i,r8S3g,知识点r8S3g,0.8293,82.93,5,17,10,good
ik7o5ykfnku0qp74sy1i,s8Y2f,知识点s8Y2f,0.7546,75.46,1,3,2,good
ik7o5ykfnku0qp74sy1i,t5V9e,知识点t5V9e,0.8288,82.88,5,16,13,good
ik7o5ykfnku0qp74sy1i,y9W5d,知识点y9W5d,0.7175,71.75,10,31,22,good
99dj4o3b2f6m4jemke7d,b3C9s,知识点b3C9s,0.7803,78.03,3,10,9,good
99dj4o3b2f6m4jemke7d,g7R2j,知识点g7R2j,0.7597,75.97,5,18,14,good
99dj4o3b2f6m4jemke7d,k4W1c,知识点k4W1c,0.8301,83.01,1,6,6,good
99dj4o3b2f6m4jemke7d,m3D1v,知识点m3D1v,0.7581,75.81,12,40,27,good
99dj4o3b2f6m4jemke7d,r8S3g,知识点r8S3g,0.8247,82.47,5,16,8,good
99dj4o3b2f6m4jemke7d,t5V9e,知识点t5V9e,0.7822,78.22,5,19,12,good
99dj4o3b2f6m4jemke7d,y9W5d,知识点y9W5d,0.767,76.7,10,36,33,good
6tq9irjllweqmqe4u7sf,b3C9s,知识点b3C9s,0.7445,74.45,3,8,6,good
6tq9irjllweqmqe4u7sf,g7R2j,知识点g7R2j,0.7388,73.88,3,9,9,good
6tq9irjllweqmqe4u7sf,k4W1c,知识点k4W1c,0.8986,89.86,1,4,4,good
6tq9irjllweqmqe4u7sf,m3D1v,知识点m3D1v,0.6751,67.51,8,14,8,good
6tq9irjllweqmqe4u7sf,r8S3g,知识点r8S3g,0.7281,72.81,5,19,7,good
6tq9irjllweqmqe4u7sf,s8Y2f,知识点s8Y2f,0.7488,74.88,1,6,3,good
6tq9irjllweqmqe4u7sf,t5V9e,知识点t5V9e,0.7775,77.75,5,17,13,good
6tq9irjllweqmqe4u7sf,y9W5d,知识点y9W5d,0.835,83.5,11,26,19,good
je7kqkmpwkosa7nkgfpx,b3C9s,知识点b3C9s,0.7364,73.64,3,7,5,good
je7kqkmpwkosa7nkgfpx,g7R2j,知识点g7R2j,0.762,76.2,4,11,8,good
je7kqkmpwkosa7nkgfpx,k4W1c,知识点k4W1c,0.7627,76.27,1,3,2,good
je7kqkmpwkosa7nkgfpx,m3D1v,知识点m3D1v,0.7663,76.63,11,31,21,good
je7kqkmpwkosa7nkgfpx,r8S3g,知识点r8S3g,0.6858,68.58,4,12,6,good
je7kqkmpwkosa7nkgfpx,s8Y2f,知识点s8Y2f,0.7498,74.98,1,3,2,good
je7kqkmpwkosa7nkgfpx,t5V9e,知识点t5V9e,0.5451,54.51,3,10,5,medium
je7kqkmpwkosa7nkgfpx,y9W5d,知识点y9W5d,0.7787,77.87,11,37,29,good
3cic5ziycjx4ik4ll0v1,b3C9s,知识点b3C9s,0.7652,76.52,1,1,1,good
3cic5ziycjx4ik4ll0v1,g7R2j,知识点g7R2j,0.6981,69.81,5,19,13,good
3cic5ziycjx4ik4ll0v1,k4W1c,知识点k4W1c,0.7578,75.78,1,6,5,good
3cic5ziycjx4ik4ll0v1,m3D1v,知识点m3D1v,0.7823,78.23,11,38,29,good
3cic5ziycjx4ik4ll0v1,r8S3g,知识点r8S3g,0.557,55.7,4,21,8,medium
3cic5ziycjx4ik4ll0v1,s8Y2f,知识点s8Y2f,0.7913,79.13,1,4,3,good
3cic5ziycjx4ik4ll0v1,t5V9e,知识点t5V9e,0.6526,65.26,4,14,14,good
3cic5ziycjx4ik4ll0v1,y9W5d,知识点y9W5d,0.7942,79.42,11,35,28,good
ef04ejvyvmh5votejbif,b3C9s,知识点b3C9s,0.6883,68.83,3,9,6,good
ef04ejvyvmh5votejbif,g7R2j,知识点g7R2j,0.5717,57.17,3,15,13,medium
ef04ejvyvmh5votejbif,k4W1c,知识点k4W1c,0.84,84.0,1,3,3,good
ef04ejvyvmh5votejbif,m3D1v,知识点m3D1v,0.678,67.8,10,38,25,good
ef04ejvyvmh5votejbif,r8S3g,知识点r8S3g,0.619,61.9,4,10,6,good
ef04ejvyvmh5votejbif,s8Y2f,知识点s8Y2f,0.7426,74.26,1,7,4,good
ef04ejvyvmh5votejbif,t5V9e,知识点t5V9e,0.7803,78.03,5,13,11,good
ef04ejvyvmh5votejbif,y9W5d,知识点y9W5d,0.7578,75.78,10,38,27,good
dfnvtf7qbi2955rjeaqx,b3C9s,知识点b3C9s,0.5396,53.96,2,12,10,medium
dfnvtf7qbi2955rjeaqx,g7R2j,知识点g7R2j,0.8179,81.79,5,21,17,good
dfnvtf7qbi2955rjeaqx,k4W1c,知识点k4W1c,0.9236,92.36,1,4,4,good
dfnvtf7qbi2955rjeaqx,m3D1v,知识点m3D1v,0.7645,76.45,10,34,25,good
dfnvtf7qbi2955rjeaqx,r8S3g,知识点r8S3g,0.6874,68.74,5,25,9,good
dfnvtf7qbi2955rjeaqx,s8Y2f,知识点s8Y2f,0.8131,81.31,1,5,4,good
dfnvtf7qbi2955rjeaqx,t5V9e,知识点t5V9e,0.6079,60.79,4,14,9,good
dfnvtf7qbi2955rjeaqx,y9W5d,知识点y9W5d,0.8123,81.23,11,33,28,good
bwvpzqnhh752noqjqj8d,b3C9s,知识点b3C9s,0.7922,79.22,3,9,6,good
bwvpzqnhh752noqjqj8d,g7R2j,知识点g7R2j,0.7575,75.75,5,17,14,good
bwvpzqnhh752noqjqj8d,k4W1c,知识点k4W1c,0.744,74.4,1,5,3,good
bwvpzqnhh752noqjqj8d,m3D1v,知识点m3D1v,0.7096,70.96,11,26,20,good
bwvpzqnhh752noqjqj8d,r8S3g,知识点r8S3g,0.833,83.3,5,18,9,good
bwvpzqnhh752noqjqj8d,s8Y2f,知识点s8Y2f,0.864,86.4,1,3,3,good
bwvpzqnhh752noqjqj8d,t5V9e,知识点t5V9e,0.5677,56.77,4,16,9,medium
bwvpzqnhh752noqjqj8d,y9W5d,知识点y9W5d,0.7232,72.32,10,35,29,good
4c90f16c0fcd85d3de25,b3C9s,知识点b3C9s,0.9992,99.92,3,3,3,good
4c90f16c0fcd85d3de25,g7R2j,知识点g7R2j,0.7554,75.54,5,36,18,good
4c90f16c0fcd85d3de25,k4W1c,知识点k4W1c,0.6249,62.49,1,11,9,good
4c90f16c0fcd85d3de25,m3D1v,知识点m3D1v,0.6667,66.67,12,96,38,good
4c90f16c0fcd85d3de25,r8S3g,知识点r8S3g,0.6673,66.73,5,58,7,good
4c90f16c0fcd85d3de25,s8Y2f,知识点s8Y2f,0.6424,64.24,1,6,1,good
4c90f16c0fcd85d3de25,t5V9e,知识点t5V9e,0.7326,73.26,5,36,19,good
4c90f16c0fcd85d3de25,y9W5d,知识点y9W5d,0.6852,68.52,11,86,39,good
2b9ef4e3749f713870b0,b3C9s,知识点b3C9s,0.9436,94.36,3,4,3,good
2b9ef4e3749f713870b0,g7R2j,知识点g7R2j,0.8112,81.12,5,18,4,good
2b9ef4e3749f713870b0,k4W1c,知识点k4W1c,0.9993,99.93,1,1,1,good
2b9ef4e3749f713870b0,m3D1v,知识点m3D1v,0.8775,87.75,12,48,13,good
2b9ef4e3749f713870b0,r8S3g,知识点r8S3g,0.773,77.3,5,20,7,good
2b9ef4e3749f713870b0,s8Y2f,知识点s8Y2f,0.7197,71.97,1,5,1,good
2b9ef4e3749f713870b0,t5V9e,知识点t5V9e,0.9069,90.69,5,26,11,good
2b9ef4e3749f713870b0,y9W5d,知识点y9W5d,0.9357,93.57,11,26,12,good
b8290aea71e7a5421a02,b3C9s,知识点b3C9s,0.999,99.9,3,3,3,good
b8290aea71e7a5421a02,g7R2j,知识点g7R2j,0.9624,96.24,5,5,5,good
b8290aea71e7a5421a02,k4W1c,知识点k4W1c,0.9987,99.87,1,1,1,good
b8290aea71e7a5421a02,m3D1v,知识点m3D1v,0.9774,97.74,12,12,12,good
b8290aea71e7a5421a02,r8S3g,知识点r8S3g,0.999,99.9,5,7,7,good
b8290aea71e7a5421a02,s8Y2f,知识点s8Y2f,0.9992,99.92,1,1,1,good
b8290aea71e7a5421a02,t5V9e,知识点t5V9e,0.9992,99.92,5,5,5,good
b8290aea71e7a5421a02,y9W5d,知识点y9W5d,0.9991,99.91,11,11,11,good
5f55600069b483f999f5,b3C9s,知识点b3C9s,0.9432,94.32,3,3,3,good
5f55600069b483f999f5,g7R2j,知识点g7R2j,0.8592,85.92,5,13,6,good
5f55600069b483f999f5,k4W1c,知识点k4W1c,0.9987,99.87,1,1,1,good
5f55600069b483f999f5,m3D1v,知识点m3D1v,0.8204,82.04,12,58,12,good
5f55600069b483f999f5,r8S3g,知识点r8S3g,0.6675,66.75,5,80,7,good
5f55600069b483f999f5,s8Y2f,知识点s8Y2f,0.7086,70.86,1,6,1,good
5f55600069b483f999f5,t5V9e,知识点t5V9e,0.705,70.5,5,41,17,good
5f55600069b483f999f5,y9W5d,知识点y9W5d,0.8824,88.24,11,28,12,good
170a695a2717bcd9b74b,b3C9s,知识点b3C9s,0.8137,81.37,3,4,3,good
170a695a2717bcd9b74b,g7R2j,知识点g7R2j,0.8006,80.06,5,16,5,good
170a695a2717bcd9b74b,k4W1c,知识点k4W1c,0.56,56.0,1,8,1,medium
170a695a2717bcd9b74b,m3D1v,知识点m3D1v,0.7522,75.22,12,53,29,good
170a695a2717bcd9b74b,r8S3g,知识点r8S3g,0.7841,78.41,5,42,8,good
170a695a2717bcd9b74b,s8Y2f,知识点s8Y2f,0.7014,70.14,1,3,1,good
170a695a2717bcd9b74b,t5V9e,知识点t5V9e,0.6807,68.07,5,52,13,good
170a695a2717bcd9b74b,y9W5d,知识点y9W5d,0.7644,76.44,11,59,33,good
a0a1991396f865c9e3dc,b3C9s,知识点b3C9s,0.7576,75.76,3,4,4,good
a0a1991396f865c9e3dc,g7R2j,知识点g7R2j,0.7143,71.43,5,98,64,good
a0a1991396f865c9e3dc,k4W1c,知识点k4W1c,0.7553,75.53,1,9,9,good
a0a1991396f865c9e3dc,m3D1v,知识点m3D1v,0.8158,81.58,12,69,59,good
a0a1991396f865c9e3dc,r8S3g,知识点r8S3g,0.7185,71.85,5,20,9,good
a0a1991396f865c9e3dc,s8Y2f,知识点s8Y2f,0.6657,66.57,1,17,9,good
a0a1991396f865c9e3dc,t5V9e,知识点t5V9e,0.8728,87.28,5,20,16,good
a0a1991396f865c9e3dc,y9W5d,知识点y9W5d,0.8097,80.97,11,99,76,good
3fee5c27236cbb682727,b3C9s,知识点b3C9s,0.7312,73.12,3,11,3,good
3fee5c27236cbb682727,g7R2j,知识点g7R2j,0.8924,89.24,5,6,5,good
3fee5c27236cbb682727,k4W1c,知识点k4W1c,0.9994,99.94,1,1,1,good
3fee5c27236cbb682727,m3D1v,知识点m3D1v,0.9575,95.75,12,15,13,good
3fee5c27236cbb682727,r8S3g,知识点r8S3g,0.7433,74.33,5,45,7,good
3fee5c27236cbb682727,s8Y2f,知识点s8Y2f,0.9994,99.94,1,1,1,good
3fee5c27236cbb682727,t5V9e,知识点t5V9e,0.9988,99.88,5,6,6,good
3fee5c27236cbb682727,y9W5d,知识点y9W5d,0.9652,96.52,11,12,11,good
701a989d65a59c18845b,b3C9s,知识点b3C9s,0.8721,87.21,3,7,5,good
701a989d65a59c18845b,g7R2j,知识点g7R2j,0.6904,69.04,4,11,10,good
701a989d65a59c18845b,k4W1c,知识点k4W1c,0.7929,79.29,1,4,4,good
701a989d65a59c18845b,m3D1v,知识点m3D1v,0.8875,88.75,12,29,27,good
701a989d65a59c18845b,r8S3g,知识点r8S3g,0.8103,81.03,5,11,6,good
701a989d65a59c18845b,s8Y2f,知识点s8Y2f,0.998,99.8,1,1,1,good
701a989d65a59c18845b,t5V9e,知识点t5V9e,0.857,85.7,5,11,5,good
701a989d65a59c18845b,y9W5d,知识点y9W5d,0.826,82.6,11,42,26,good
3672e2896ad7d8f2404e,b3C9s,知识点b3C9s,0.9534,95.34,3,6,6,good
3672e2896ad7d8f2404e,g7R2j,知识点g7R2j,0.9992,99.92,5,6,6,good
3672e2896ad7d8f2404e,k4W1c,知识点k4W1c,0.7291,72.91,1,2,1,good
3672e2896ad7d8f2404e,m3D1v,知识点m3D1v,0.9723,97.23,12,16,15,good
3672e2896ad7d8f2404e,r8S3g,知识点r8S3g,0.7347,73.47,5,39,8,good
3672e2896ad7d8f2404e,s8Y2f,知识点s8Y2f,0.9992,99.92,1,1,1,good
3672e2896ad7d8f2404e,t5V9e,知识点t5V9e,0.8095,80.95,5,15,10,good
3672e2896ad7d8f2404e,y9W5d,知识点y9W5d,0.9247,92.47,11,17,13,good
52f1bca9ac9c792e4457,b3C9s,知识点b3C9s,0.8637,86.37,3,6,3,good
52f1bca9ac9c792e4457,g7R2j,知识点g7R2j,0.8019,80.19,5,21,6,good
52f1bca9ac9c792e4457,k4W1c,知识点k4W1c,0.9962,99.62,1,1,1,good
52f1bca9ac9c792e4457,m3D1v,知识点m3D1v,0.8807,88.07,12,33,13,good
52f1bca9ac9c792e4457,r8S3g,知识点r8S3g,0.8811,88.11,5,22,6,good
52f1bca9ac9c792e4457,s8Y2f,知识点s8Y2f,0.6862,68.62,1,4,1,good
52f1bca9ac9c792e4457,t5V9e,知识点t5V9e,0.885,88.5,5,9,5,good
52f1bca9ac9c792e4457,y9W5d,知识点y9W5d,0.9032,90.32,11,19,13,good
75097aa30e9373a612c7,b3C9s,知识点b3C9s,0.7459,74.59,3,6,3,good
75097aa30e9373a612c7,g7R2j,知识点g7R2j,0.7122,71.22,5,21,11,good
75097aa30e9373a612c7,k4W1c,知识点k4W1c,0.7793,77.93,1,3,2,good
75097aa30e9373a612c7,m3D1v,知识点m3D1v,0.8483,84.83,12,33,26,good
75097aa30e9373a612c7,r8S3g,知识点r8S3g,0.8481,84.81,5,8,6,good
75097aa30e9373a612c7,s8Y2f,知识点s8Y2f,0.6217,62.17,1,3,2,good
75097aa30e9373a612c7,t5V9e,知识点t5V9e,0.811,81.1,5,18,13,good
75097aa30e9373a612c7,y9W5d,知识点y9W5d,0.7915,79.15,11,34,25,good
72b4334deffff31dea8b,b3C9s,知识点b3C9s,0.9987,99.87,3,3,3,good
72b4334deffff31dea8b,g7R2j,知识点g7R2j,0.9989,99.89,5,5,5,good
72b4334deffff31dea8b,k4W1c,知识点k4W1c,0.9992,99.92,1,1,1,good
72b4334deffff31dea8b,m3D1v,知识点m3D1v,0.8037,80.37,12,41,18,good
72b4334deffff31dea8b,r8S3g,知识点r8S3g,0.7269,72.69,5,32,8,good
72b4334deffff31dea8b,s8Y2f,知识点s8Y2f,0.7024,70.24,1,13,8,good
72b4334deffff31dea8b,t5V9e,知识点t5V9e,0.8965,89.65,5,25,25,good
72b4334deffff31dea8b,y9W5d,知识点y9W5d,0.9085,90.85,11,33,23,good
84e8300978b600b5f0ba,b3C9s,知识点b3C9s,0.857,85.7,3,3,3,good
84e8300978b600b5f0ba,g7R2j,知识点g7R2j,0.8062,80.62,5,27,15,good
84e8300978b600b5f0ba,k4W1c,知识点k4W1c,0.8951,89.51,1,13,12,good
84e8300978b600b5f0ba,m3D1v,知识点m3D1v,0.8936,89.36,12,36,28,good
84e8300978b600b5f0ba,r8S3g,知识点r8S3g,0.8132,81.32,5,15,6,good
84e8300978b600b5f0ba,s8Y2f,知识点s8Y2f,0.7085,70.85,1,6,1,good
84e8300978b600b5f0ba,t5V9e,知识点t5V9e,0.8147,81.47,5,20,14,good
84e8300978b600b5f0ba,y9W5d,知识点y9W5d,0.8939,89.39,11,51,42,good
2ccfa5f79c8b61e465d4,b3C9s,知识点b3C9s,0.9986,99.86,3,3,3,good
2ccfa5f79c8b61e465d4,g7R2j,知识点g7R2j,0.75,75.0,5,35,23,good
2ccfa5f79c8b61e465d4,k4W1c,知识点k4W1c,0.9224,92.24,1,4,4,good
2ccfa5f79c8b61e465d4,m3D1v,知识点m3D1v,0.8212,82.12,12,48,29,good
2ccfa5f79c8b61e465d4,r8S3g,知识点r8S3g,0.799,79.9,5,30,11,good
2ccfa5f79c8b61e465d4,s8Y2f,知识点s8Y2f,0.7566,75.66,1,11,9,good
2ccfa5f79c8b61e465d4,t5V9e,知识点t5V9e,0.7404,74.04,5,39,26,good
2ccfa5f79c8b61e465d4,y9W5d,知识点y9W5d,0.8028,80.28,11,79,52,good
63aded37545ab92d41d4,b3C9s,知识点b3C9s,0.9247,92.47,3,5,4,good
63aded37545ab92d41d4,g7R2j,知识点g7R2j,0.8066,80.66,5,36,8,good
63aded37545ab92d41d4,k4W1c,知识点k4W1c,0.9987,99.87,1,1,1,good
63aded37545ab92d41d4,m3D1v,知识点m3D1v,0.8853,88.53,12,58,14,good
63aded37545ab92d41d4,r8S3g,知识点r8S3g,0.7743,77.43,5,96,6,good
63aded37545ab92d41d4,s8Y2f,知识点s8Y2f,0.8144,81.44,1,2,1,good
63aded37545ab92d41d4,t5V9e,知识点t5V9e,0.9248,92.48,5,7,5,good
63aded37545ab92d41d4,y9W5d,知识点y9W5d,0.9577,95.77,11,15,13,good
e851f82a650692f8e591,b3C9s,知识点b3C9s,0.8383,83.83,3,8,3,good
e851f82a650692f8e591,g7R2j,知识点g7R2j,0.7724,77.24,5,24,16,good
e851f82a650692f8e591,k4W1c,知识点k4W1c,0.8143,81.43,1,2,1,good
e851f82a650692f8e591,m3D1v,知识点m3D1v,0.8169,81.69,12,50,32,good
e851f82a650692f8e591,r8S3g,知识点r8S3g,0.7893,78.93,5,31,6,good
e851f82a650692f8e591,s8Y2f,知识点s8Y2f,0.8143,81.43,1,2,1,good
e851f82a650692f8e591,t5V9e,知识点t5V9e,0.8797,87.97,5,19,10,good
e851f82a650692f8e591,y9W5d,知识点y9W5d,0.7676,76.76,11,53,21,good
c352158bed343ccff8e5,b3C9s,知识点b3C9s,0.797,79.7,3,7,3,good
c352158bed343ccff8e5,g7R2j,知识点g7R2j,0.8478,84.78,5,8,6,good
c352158bed343ccff8e5,k4W1c,知识点k4W1c,0.7617,76.17,1,1,1,good
c352158bed343ccff8e5,m3D1v,知识点m3D1v,0.86,86.0,12,34,15,good
c352158bed343ccff8e5,r8S3g,知识点r8S3g,0.7083,70.83,5,47,8,good
c352158bed343ccff8e5,s8Y2f,知识点s8Y2f,0.9945,99.45,1,1,1,good
c352158bed343ccff8e5,t5V9e,知识点t5V9e,0.7001,70.01,5,39,7,good
c352158bed343ccff8e5,y9W5d,知识点y9W5d,0.9009,90.09,11,15,13,good
e3ce61b92eeae0a33633,b3C9s,知识点b3C9s,0.9987,99.87,3,4,4,good
e3ce61b92eeae0a33633,g7R2j,知识点g7R2j,0.9974,99.74,5,6,6,good
e3ce61b92eeae0a33633,k4W1c,知识点k4W1c,0.8131,81.31,1,1,1,good
e3ce61b92eeae0a33633,m3D1v,知识点m3D1v,0.9586,95.86,12,15,13,good
e3ce61b92eeae0a33633,r8S3g,知识点r8S3g,0.8137,81.37,5,40,6,good
e3ce61b92eeae0a33633,s8Y2f,知识点s8Y2f,0.7615,76.15,1,3,1,good
e3ce61b92eeae0a33633,t5V9e,知识点t5V9e,0.8195,81.95,5,15,6,good
e3ce61b92eeae0a33633,y9W5d,知识点y9W5d,0.9587,95.87,11,14,12,good
166cb02ac436c9d3662f,b3C9s,知识点b3C9s,0.9436,94.36,3,3,3,good
166cb02ac436c9d3662f,g7R2j,知识点g7R2j,0.8266,82.66,5,48,6,good
166cb02ac436c9d3662f,k4W1c,知识点k4W1c,0.9987,99.87,1,1,1,good
166cb02ac436c9d3662f,m3D1v,知识点m3D1v,0.8494,84.94,12,49,12,good
166cb02ac436c9d3662f,r8S3g,知识点r8S3g,0.6279,62.79,5,81,6,good
166cb02ac436c9d3662f,s8Y2f,知识点s8Y2f,0.8135,81.35,1,2,1,good
166cb02ac436c9d3662f,t5V9e,知识点t5V9e,0.721,72.1,5,75,48,good
166cb02ac436c9d3662f,y9W5d,知识点y9W5d,0.9332,93.32,11,21,11,good
749fec50db4020e9bfcc,b3C9s,知识点b3C9s,0.9968,99.68,3,4,4,good
749fec50db4020e9bfcc,g7R2j,知识点g7R2j,0.7302,73.02,3,4,4,good
749fec50db4020e9bfcc,k4W1c,知识点k4W1c,0.9966,99.66,1,2,2,good
749fec50db4020e9bfcc,m3D1v,知识点m3D1v,0.9002,90.02,12,37,17,good
749fec50db4020e9bfcc,r8S3g,知识点r8S3g,0.8633,86.33,5,36,6,good
749fec50db4020e9bfcc,s8Y2f,知识点s8Y2f,0.9972,99.72,1,1,1,good
749fec50db4020e9bfcc,t5V9e,知识点t5V9e,0.7821,78.21,5,25,5,good
749fec50db4020e9bfcc,y9W5d,知识点y9W5d,0.9567,95.67,11,15,12,good
7ab9a2516b2dba99c36c,b3C9s,知识点b3C9s,0.1993,19.93,0,0,0,poor
7ab9a2516b2dba99c36c,g7R2j,知识点g7R2j,0.845,84.5,4,4,3,good
7ab9a2516b2dba99c36c,k4W1c,知识点k4W1c,0.9987,99.87,1,1,1,good
7ab9a2516b2dba99c36c,m3D1v,知识点m3D1v,0.9681,96.81,12,15,15,good
7ab9a2516b2dba99c36c,r8S3g,知识点r8S3g,0.7365,73.65,5,19,6,good
7ab9a2516b2dba99c36c,s8Y2f,知识点s8Y2f,0.9987,99.87,1,1,1,good
7ab9a2516b2dba99c36c,t5V9e,知识点t5V9e,0.9977,99.77,5,5,5,good
7ab9a2516b2dba99c36c,y9W5d,知识点y9W5d,0.941,94.1,11,15,12,good
19fb3075dd2798538c9d,b3C9s,知识点b3C9s,0.9172,91.72,3,5,3,good
19fb3075dd2798538c9d,g7R2j,知识点g7R2j,0.9492,94.92,5,8,8,good
19fb3075dd2798538c9d,k4W1c,知识点k4W1c,0.8631,86.31,1,3,3,good
19fb3075dd2798538c9d,m3D1v,知识点m3D1v,0.9227,92.27,12,15,13,good
19fb3075dd2798538c9d,r8S3g,知识点r8S3g,0.8878,88.78,5,9,6,good
19fb3075dd2798538c9d,s8Y2f,知识点s8Y2f,0.763,76.3,1,3,1,good
19fb3075dd2798538c9d,t5V9e,知识点t5V9e,0.9289,92.89,5,8,5,good
19fb3075dd2798538c9d,y9W5d,知识点y9W5d,0.8906,89.06,11,24,20,good
36ebf305b7206112f676,b3C9s,知识点b3C9s,0.7408,74.08,3,4,4,good
36ebf305b7206112f676,g7R2j,知识点g7R2j,0.8579,85.79,5,77,73,good
36ebf305b7206112f676,k4W1c,知识点k4W1c,0.8263,82.63,1,7,7,good
36ebf305b7206112f676,m3D1v,知识点m3D1v,0.951,95.1,12,26,24,good
36ebf305b7206112f676,r8S3g,知识点r8S3g,0.9251,92.51,5,7,6,good
36ebf305b7206112f676,s8Y2f,知识点s8Y2f,0.8973,89.73,1,2,2,good
36ebf305b7206112f676,t5V9e,知识点t5V9e,0.9431,94.31,5,9,9,good
36ebf305b7206112f676,y9W5d,知识点y9W5d,0.9003,90.03,11,46,42,good
1397545fbe9882e5cd42,b3C9s,知识点b3C9s,0.9181,91.81,3,9,8,good
1397545fbe9882e5cd42,g7R2j,知识点g7R2j,0.7444,74.44,5,17,9,good
1397545fbe9882e5cd42,k4W1c,知识点k4W1c,0.8136,81.36,1,1,1,good
1397545fbe9882e5cd42,m3D1v,知识点m3D1v,0.7785,77.85,12,63,41,good
1397545fbe9882e5cd42,r8S3g,知识点r8S3g,0.8153,81.53,5,14,9,good
1397545fbe9882e5cd42,s8Y2f,知识点s8Y2f,0.6671,66.71,1,6,1,good
1397545fbe9882e5cd42,t5V9e,知识点t5V9e,0.8795,87.95,5,16,12,good
1397545fbe9882e5cd42,y9W5d,知识点y9W5d,0.8343,83.43,11,53,41,good
9e4c54a008ee874fc270,b3C9s,知识点b3C9s,0.8874,88.74,3,7,3,good
9e4c54a008ee874fc270,g7R2j,知识点g7R2j,0.7677,76.77,5,34,29,good
9e4c54a008ee874fc270,k4W1c,知识点k4W1c,0.9471,94.71,1,2,2,good
9e4c54a008ee874fc270,m3D1v,知识点m3D1v,0.9253,92.53,12,24,17,good
9e4c54a008ee874fc270,r8S3g,知识点r8S3g,0.7472,74.72,5,22,6,good
9e4c54a008ee874fc270,s8Y2f,知识点s8Y2f,0.9986,99.86,1,1,1,good
9e4c54a008ee874fc270,t5V9e,知识点t5V9e,0.8925,89.25,5,14,11,good
9e4c54a008ee874fc270,y9W5d,知识点y9W5d,0.9085,90.85,11,27,24,good
a8846b79555746e4f9df,b3C9s,知识点b3C9s,0.9434,94.34,3,4,3,good
a8846b79555746e4f9df,g7R2j,知识点g7R2j,0.8922,89.22,5,8,6,good
a8846b79555746e4f9df,k4W1c,知识点k4W1c,0.9987,99.87,1,1,1,good
a8846b79555746e4f9df,m3D1v,知识点m3D1v,0.8962,89.62,12,18,12,good
a8846b79555746e4f9df,r8S3g,知识点r8S3g,0.8931,89.31,5,9,6,good
a8846b79555746e4f9df,s8Y2f,知识点s8Y2f,0.8143,81.43,1,2,1,good
a8846b79555746e4f9df,t5V9e,知识点t5V9e,0.9619,96.19,5,5,5,good
a8846b79555746e4f9df,y9W5d,知识点y9W5d,0.9193,91.93,11,15,11,good
1629f353a742f6a73251,b3C9s,知识点b3C9s,0.9486,94.86,3,8,8,good
1629f353a742f6a73251,g7R2j,知识点g7R2j,0.9199,91.99,5,19,15,good
1629f353a742f6a73251,k4W1c,知识点k4W1c,0.8143,81.43,1,1,1,good
1629f353a742f6a73251,m3D1v,知识点m3D1v,0.848,84.8,12,39,26,good
1629f353a742f6a73251,r8S3g,知识点r8S3g,0.9011,90.11,5,7,6,good
1629f353a742f6a73251,s8Y2f,知识点s8Y2f,0.7628,76.28,1,3,1,good
1629f353a742f6a73251,t5V9e,知识点t5V9e,0.8727,87.27,5,12,10,good
1629f353a742f6a73251,y9W5d,知识点y9W5d,0.8993,89.93,11,31,18,good
1202c731c612353ceef0,b3C9s,知识点b3C9s,0.9279,92.79,3,5,3,good
1202c731c612353ceef0,g7R2j,知识点g7R2j,0.8437,84.37,5,15,6,good
1202c731c612353ceef0,k4W1c,知识点k4W1c,0.6686,66.86,1,9,7,good
1202c731c612353ceef0,m3D1v,知识点m3D1v,0.6324,63.24,12,59,18,good
1202c731c612353ceef0,r8S3g,知识点r8S3g,0.8501,85.01,5,11,6,good
1202c731c612353ceef0,s8Y2f,知识点s8Y2f,0.7452,74.52,1,6,6,good
1202c731c612353ceef0,t5V9e,知识点t5V9e,0.7701,77.01,5,32,24,good
1202c731c612353ceef0,y9W5d,知识点y9W5d,0.742,74.2,11,39,26,good
0e062d9fa22dc8e3bca2,b3C9s,知识点b3C9s,0.8167,81.67,3,21,20,good
0e062d9fa22dc8e3bca2,g7R2j,知识点g7R2j,0.9115,91.15,5,26,21,good
0e062d9fa22dc8e3bca2,k4W1c,知识点k4W1c,0.8948,89.48,1,3,3,good
0e062d9fa22dc8e3bca2,m3D1v,知识点m3D1v,0.9446,94.46,12,23,21,good
0e062d9fa22dc8e3bca2,r8S3g,知识点r8S3g,0.9148,91.48,5,7,6,good
0e062d9fa22dc8e3bca2,s8Y2f,知识点s8Y2f,0.9987,99.87,1,1,1,good
0e062d9fa22dc8e3bca2,t5V9e,知识点t5V9e,0.9988,99.88,5,6,6,good
0e062d9fa22dc8e3bca2,y9W5d,知识点y9W5d,0.9378,93.78,11,36,33,good
918236b530adbe510201,b3C9s,知识点b3C9s,0.7597,75.97,3,19,11,good
918236b530adbe510201,g7R2j,知识点g7R2j,0.7382,73.82,5,52,32,good
918236b530adbe510201,k4W1c,知识点k4W1c,0.6393,63.93,1,3,2,good
918236b530adbe510201,m3D1v,知识点m3D1v,0.875,87.5,12,22,18,good
918236b530adbe510201,r8S3g,知识点r8S3g,0.805,80.5,5,16,8,good
918236b530adbe510201,s8Y2f,知识点s8Y2f,0.761,76.1,1,1,1,good
918236b530adbe510201,t5V9e,知识点t5V9e,0.8641,86.41,5,22,18,good
918236b530adbe510201,y9W5d,知识点y9W5d,0.7703,77.03,11,32,24,good
0f8bd9e33125347965a1,b3C9s,知识点b3C9s,0.9993,99.93,3,3,3,good
0f8bd9e33125347965a1,g7R2j,知识点g7R2j,0.9362,93.62,5,8,5,good
0f8bd9e33125347965a1,k4W1c,知识点k4W1c,0.6456,64.56,1,11,1,good
0f8bd9e33125347965a1,m3D1v,知识点m3D1v,0.8587,85.87,12,44,19,good
0f8bd9e33125347965a1,r8S3g,知识点r8S3g,0.7023,70.23,5,58,6,good
0f8bd9e33125347965a1,s8Y2f,知识点s8Y2f,0.6669,66.69,1,14,5,good
0f8bd9e33125347965a1,t5V9e,知识点t5V9e,0.7779,77.79,5,12,5,good
0f8bd9e33125347965a1,y9W5d,知识点y9W5d,0.875,87.5,11,50,26,good
2c3b89432513b2035664,b3C9s,知识点b3C9s,0.9987,99.87,3,3,3,good
2c3b89432513b2035664,g7R2j,知识点g7R2j,0.9613,96.13,5,6,5,good
2c3b89432513b2035664,k4W1c,知识点k4W1c,0.9992,99.92,1,1,1,good
2c3b89432513b2035664,m3D1v,知识点m3D1v,0.9338,93.38,12,16,13,good
2c3b89432513b2035664,r8S3g,知识点r8S3g,0.8429,84.29,5,21,7,good
2c3b89432513b2035664,s8Y2f,知识点s8Y2f,0.9985,99.85,1,1,1,good
2c3b89432513b2035664,t5V9e,知识点t5V9e,0.8733,87.33,5,22,19,good
2c3b89432513b2035664,y9W5d,知识点y9W5d,0.9247,92.47,11,17,13,good
d94c5dba40d9fcbfb8d9,b3C9s,知识点b3C9s,0.9436,94.36,3,4,3,good
d94c5dba40d9fcbfb8d9,g7R2j,知识点g7R2j,0.9989,99.89,5,5,5,good
d94c5dba40d9fcbfb8d9,k4W1c,知识点k4W1c,0.802,80.2,1,20,20,good
d94c5dba40d9fcbfb8d9,m3D1v,知识点m3D1v,0.7802,78.02,12,50,27,good
d94c5dba40d9fcbfb8d9,r8S3g,知识点r8S3g,0.9708,97.08,5,11,9,good
d94c5dba40d9fcbfb8d9,s8Y2f,知识点s8Y2f,0.6854,68.54,1,5,1,good
d94c5dba40d9fcbfb8d9,t5V9e,知识点t5V9e,0.8384,83.84,5,13,12,good
d94c5dba40d9fcbfb8d9,y9W5d,知识点y9W5d,0.8434,84.34,11,49,35,good
7380885aaba482170588,b3C9s,知识点b3C9s,0.9964,99.64,3,3,3,good
7380885aaba482170588,g7R2j,知识点g7R2j,0.818,81.8,5,18,14,good
7380885aaba482170588,k4W1c,知识点k4W1c,0.8978,89.78,1,5,5,good
7380885aaba482170588,m3D1v,知识点m3D1v,0.9615,96.15,12,16,14,good
7380885aaba482170588,r8S3g,知识点r8S3g,0.8085,80.85,5,28,6,good
7380885aaba482170588,s8Y2f,知识点s8Y2f,0.8142,81.42,1,2,1,good
7380885aaba482170588,t5V9e,知识点t5V9e,0.8573,85.73,5,10,9,good
7380885aaba482170588,y9W5d,知识点y9W5d,0.8987,89.87,11,19,18,good
6d35a9a33338a84dd077,b3C9s,知识点b3C9s,0.8639,86.39,3,6,4,good
6d35a9a33338a84dd077,g7R2j,知识点g7R2j,0.8156,81.56,5,18,12,good
6d35a9a33338a84dd077,k4W1c,知识点k4W1c,0.6672,66.72,1,10,6,good
6d35a9a33338a84dd077,m3D1v,知识点m3D1v,0.7288,72.88,12,45,32,good
6d35a9a33338a84dd077,r8S3g,知识点r8S3g,0.9032,90.32,5,8,6,good
6d35a9a33338a84dd077,s8Y2f,知识点s8Y2f,0.6671,66.71,1,1,1,good
6d35a9a33338a84dd077,t5V9e,知识点t5V9e,0.7731,77.31,5,17,7,good
6d35a9a33338a84dd077,y9W5d,知识点y9W5d,0.7158,71.58,11,62,32,good
011d454f199c123d44ad,b3C9s,知识点b3C9s,0.7575,75.75,3,7,3,good
011d454f199c123d44ad,g7R2j,知识点g7R2j,0.8195,81.95,5,21,7,good
011d454f199c123d44ad,k4W1c,知识点k4W1c,0.9985,99.85,1,1,1,good
011d454f199c123d44ad,m3D1v,知识点m3D1v,0.7645,76.45,12,44,23,good
011d454f199c123d44ad,r8S3g,知识点r8S3g,0.8454,84.54,5,13,6,good
011d454f199c123d44ad,s8Y2f,知识点s8Y2f,0.6669,66.69,1,6,1,good
011d454f199c123d44ad,t5V9e,知识点t5V9e,0.7059,70.59,5,38,11,good
011d454f199c123d44ad,y9W5d,知识点y9W5d,0.8348,83.48,11,32,13,good
9e7bdc44129bf5acc196,b3C9s,知识点b3C9s,0.9979,99.79,3,3,3,good
9e7bdc44129bf5acc196,g7R2j,知识点g7R2j,0.8282,82.82,5,47,9,good
9e7bdc44129bf5acc196,k4W1c,知识点k4W1c,0.9976,99.76,1,2,2,good
9e7bdc44129bf5acc196,m3D1v,知识点m3D1v,0.8794,87.94,12,70,25,good
9e7bdc44129bf5acc196,r8S3g,知识点r8S3g,0.7706,77.06,5,20,9,good
9e7bdc44129bf5acc196,s8Y2f,知识点s8Y2f,0.9977,99.77,1,1,1,good
9e7bdc44129bf5acc196,t5V9e,知识点t5V9e,0.8169,81.69,5,32,9,good
9e7bdc44129bf5acc196,y9W5d,知识点y9W5d,0.9679,96.79,11,18,14,good
93c2f240de504736b8d0,b3C9s,知识点b3C9s,0.9989,99.89,3,3,3,good
93c2f240de504736b8d0,g7R2j,知识点g7R2j,0.9987,99.87,5,5,5,good
93c2f240de504736b8d0,k4W1c,知识点k4W1c,0.7628,76.28,1,3,1,good
93c2f240de504736b8d0,m3D1v,知识点m3D1v,0.8317,83.17,12,33,15,good
93c2f240de504736b8d0,r8S3g,知识点r8S3g,0.7279,72.79,5,23,6,good
93c2f240de504736b8d0,s8Y2f,知识点s8Y2f,0.9992,99.92,1,1,1,good
93c2f240de504736b8d0,t5V9e,知识点t5V9e,0.7665,76.65,5,22,8,good
93c2f240de504736b8d0,y9W5d,知识点y9W5d,0.939,93.9,11,19,14,good
0f160cd19890b97092b9,b3C9s,知识点b3C9s,0.8372,83.72,3,6,6,good
0f160cd19890b97092b9,g7R2j,知识点g7R2j,0.8222,82.22,5,12,12,good
0f160cd19890b97092b9,k4W1c,知识点k4W1c,0.8375,83.75,1,4,3,good
0f160cd19890b97092b9,m3D1v,知识点m3D1v,0.9418,94.18,12,20,18,good
0f160cd19890b97092b9,r8S3g,知识点r8S3g,0.7977,79.77,5,17,9,good
0f160cd19890b97092b9,s8Y2f,知识点s8Y2f,0.8146,81.46,1,2,1,good
0f160cd19890b97092b9,t5V9e,知识点t5V9e,0.8696,86.96,5,11,8,good
0f160cd19890b97092b9,y9W5d,知识点y9W5d,0.9252,92.52,11,26,23,good
432fd26823e230070734,b3C9s,知识点b3C9s,0.7523,75.23,3,21,5,good
432fd26823e230070734,g7R2j,知识点g7R2j,0.7226,72.26,5,28,20,good
432fd26823e230070734,k4W1c,知识点k4W1c,0.6777,67.77,1,14,6,good
432fd26823e230070734,m3D1v,知识点m3D1v,0.8208,82.08,12,42,26,good
432fd26823e230070734,r8S3g,知识点r8S3g,0.832,83.2,5,17,6,good
432fd26823e230070734,s8Y2f,知识点s8Y2f,0.6529,65.29,1,19,15,good
432fd26823e230070734,t5V9e,知识点t5V9e,0.8158,81.58,5,34,7,good
432fd26823e230070734,y9W5d,知识点y9W5d,0.7667,76.67,11,98,40,good
f4e46ba446c56e56259b,b3C9s,知识点b3C9s,0.9988,99.88,3,3,3,good
f4e46ba446c56e56259b,g7R2j,知识点g7R2j,0.7841,78.41,5,18,9,good
f4e46ba446c56e56259b,k4W1c,知识点k4W1c,0.7626,76.26,1,3,1,good
f4e46ba446c56e56259b,m3D1v,知识点m3D1v,0.8565,85.65,12,43,16,good
f4e46ba446c56e56259b,r8S3g,知识点r8S3g,0.8453,84.53,5,46,7,good
f4e46ba446c56e56259b,s8Y2f,知识点s8Y2f,0.9987,99.87,1,1,1,good
f4e46ba446c56e56259b,t5V9e,知识点t5V9e,0.8123,81.23,5,13,13,good
f4e46ba446c56e56259b,y9W5d,知识点y9W5d,0.9226,92.26,11,17,14,good
8fb30cb5c7ad360c995f,b3C9s,知识点b3C9s,0.7746,77.46,3,32,21,good
8fb30cb5c7ad360c995f,g7R2j,知识点g7R2j,0.7815,78.15,5,58,48,good
8fb30cb5c7ad360c995f,k4W1c,知识点k4W1c,0.7551,75.51,1,25,25,good
8fb30cb5c7ad360c995f,m3D1v,知识点m3D1v,0.8215,82.15,12,41,32,good
8fb30cb5c7ad360c995f,r8S3g,知识点r8S3g,0.6687,66.87,5,32,10,good
8fb30cb5c7ad360c995f,s8Y2f,知识点s8Y2f,0.7072,70.72,1,4,3,good
8fb30cb5c7ad360c995f,t5V9e,知识点t5V9e,0.8094,80.94,5,53,36,good
8fb30cb5c7ad360c995f,y9W5d,知识点y9W5d,0.8378,83.78,11,66,57,good
cb8c2285066597e012c6,b3C9s,知识点b3C9s,0.9989,99.89,3,3,3,good
cb8c2285066597e012c6,g7R2j,知识点g7R2j,0.869,86.9,5,18,5,good
cb8c2285066597e012c6,k4W1c,知识点k4W1c,0.9989,99.89,1,1,1,good
cb8c2285066597e012c6,m3D1v,知识点m3D1v,0.952,95.2,12,25,12,good
cb8c2285066597e012c6,r8S3g,知识点r8S3g,0.6845,68.45,5,41,7,good
cb8c2285066597e012c6,s8Y2f,知识点s8Y2f,0.8135,81.35,1,2,1,good
cb8c2285066597e012c6,t5V9e,知识点t5V9e,0.9442,94.42,5,6,5,good
cb8c2285066597e012c6,y9W5d,知识点y9W5d,0.9485,94.85,11,13,11,good
a55511198784610bf30b,b3C9s,知识点b3C9s,0.9105,91.05,3,3,3,good
a55511198784610bf30b,g7R2j,知识点g7R2j,0.8826,88.26,5,11,5,good
a55511198784610bf30b,k4W1c,知识点k4W1c,0.8139,81.39,1,1,1,good
a55511198784610bf30b,m3D1v,知识点m3D1v,0.831,83.1,12,43,14,good
a55511198784610bf30b,r8S3g,知识点r8S3g,0.7444,74.44,5,59,6,good
a55511198784610bf30b,s8Y2f,知识点s8Y2f,0.6338,63.38,1,4,1,good
a55511198784610bf30b,t5V9e,知识点t5V9e,0.8346,83.46,5,15,9,good
a55511198784610bf30b,y9W5d,知识点y9W5d,0.8846,88.46,11,22,16,good
c5b9961e65ffa73d971e,b3C9s,知识点b3C9s,0.916,91.6,3,11,4,good
c5b9961e65ffa73d971e,g7R2j,知识点g7R2j,0.8635,86.35,5,8,6,good
c5b9961e65ffa73d971e,k4W1c,知识点k4W1c,0.6772,67.72,1,6,3,good
c5b9961e65ffa73d971e,m3D1v,知识点m3D1v,0.8044,80.44,12,48,24,good
c5b9961e65ffa73d971e,r8S3g,知识点r8S3g,0.7664,76.64,5,32,17,good
c5b9961e65ffa73d971e,s8Y2f,知识点s8Y2f,0.667,66.7,1,3,1,good
c5b9961e65ffa73d971e,t5V9e,知识点t5V9e,0.8742,87.42,5,25,23,good
c5b9961e65ffa73d971e,y9W5d,知识点y9W5d,0.7844,78.44,11,53,35,good
5b5ef66e547d63806a56,b3C9s,知识点b3C9s,0.8915,89.15,3,11,6,good
5b5ef66e547d63806a56,g7R2j,知识点g7R2j,0.8287,82.87,5,20,14,good
5b5ef66e547d63806a56,k4W1c,知识点k4W1c,0.8862,88.62,1,9,9,good
5b5ef66e547d63806a56,m3D1v,知识点m3D1v,0.7445,74.45,12,69,38,good
5b5ef66e547d63806a56,r8S3g,知识点r8S3g,0.7539,75.39,5,37,8,good
5b5ef66e547d63806a56,s8Y2f,知识点s8Y2f,0.6629,66.29,1,11,8,good
5b5ef66e547d63806a56,t5V9e,知识点t5V9e,0.6843,68.43,5,49,22,good
5b5ef66e547d63806a56,y9W5d,知识点y9W5d,0.8097,80.97,11,55,45,good
bafdbc62a48daf6840c9,b3C9s,知识点b3C9s,0.9971,99.71,3,3,3,good
bafdbc62a48daf6840c9,g7R2j,知识点g7R2j,0.9969,99.69,5,6,6,good
bafdbc62a48daf6840c9,k4W1c,知识点k4W1c,0.9952,99.52,1,1,1,good
bafdbc62a48daf6840c9,m3D1v,知识点m3D1v,0.8999,89.99,12,28,13,good
bafdbc62a48daf6840c9,r8S3g,知识点r8S3g,0.7072,70.72,5,66,9,good
bafdbc62a48daf6840c9,s8Y2f,知识点s8Y2f,0.9932,99.32,1,1,1,good
bafdbc62a48daf6840c9,t5V9e,知识点t5V9e,0.8263,82.63,5,50,20,good
bafdbc62a48daf6840c9,y9W5d,知识点y9W5d,0.9957,99.57,11,11,11,good
d3ba1fe030801d700cb6,b3C9s,知识点b3C9s,0.9992,99.92,3,3,3,good
d3ba1fe030801d700cb6,g7R2j,知识点g7R2j,0.7879,78.79,5,7,4,good
d3ba1fe030801d700cb6,k4W1c,知识点k4W1c,0.627,62.7,1,7,1,good
d3ba1fe030801d700cb6,m3D1v,知识点m3D1v,0.8411,84.11,12,34,23,good
d3ba1fe030801d700cb6,r8S3g,知识点r8S3g,0.7715,77.15,5,31,10,good
d3ba1fe030801d700cb6,s8Y2f,知识点s8Y2f,0.8453,84.53,1,5,3,good
d3ba1fe030801d700cb6,t5V9e,知识点t5V9e,0.8346,83.46,5,12,10,good
d3ba1fe030801d700cb6,y9W5d,知识点y9W5d,0.8224,82.24,11,43,21,good
3f55d44d7572d52b2987,b3C9s,知识点b3C9s,0.9982,99.82,3,3,3,good
3f55d44d7572d52b2987,g7R2j,知识点g7R2j,0.9593,95.93,5,20,19,good
3f55d44d7572d52b2987,k4W1c,知识点k4W1c,0.8138,81.38,1,2,1,good
3f55d44d7572d52b2987,m3D1v,知识点m3D1v,0.9357,93.57,12,19,17,good
3f55d44d7572d52b2987,r8S3g,知识点r8S3g,0.9,90.0,5,20,10,good
3f55d44d7572d52b2987,s8Y2f,知识点s8Y2f,0.7614,76.14,1,4,2,good
3f55d44d7572d52b2987,t5V9e,知识点t5V9e,0.909,90.9,5,8,6,good
3f55d44d7572d52b2987,y9W5d,知识点y9W5d,0.8749,87.49,11,29,21,good
d27565678ffa4a9bfa85,b3C9s,知识点b3C9s,0.9989,99.89,3,3,3,good
d27565678ffa4a9bfa85,g7R2j,知识点g7R2j,0.9616,96.16,5,6,5,good
d27565678ffa4a9bfa85,k4W1c,知识点k4W1c,0.9987,99.87,1,1,1,good
d27565678ffa4a9bfa85,m3D1v,知识点m3D1v,0.9984,99.84,12,12,12,good
d27565678ffa4a9bfa85,r8S3g,知识点r8S3g,0.6676,66.76,5,57,9,good
d27565678ffa4a9bfa85,s8Y2f,知识点s8Y2f,0.9987,99.87,1,1,1,good
d27565678ffa4a9bfa85,t5V9e,知识点t5V9e,0.8279,82.79,5,17,5,good
d27565678ffa4a9bfa85,y9W5d,知识点y9W5d,0.9987,99.87,11,11,11,good
efb9fe363bdeb9f48d69,b3C9s,知识点b3C9s,0.9985,99.85,3,3,3,good
efb9fe363bdeb9f48d69,g7R2j,知识点g7R2j,0.8658,86.58,5,6,5,good
efb9fe363bdeb9f48d69,k4W1c,知识点k4W1c,0.9982,99.82,1,1,1,good
efb9fe363bdeb9f48d69,m3D1v,知识点m3D1v,0.9185,91.85,12,16,12,good
efb9fe363bdeb9f48d69,r8S3g,知识点r8S3g,0.78,78.0,5,34,6,good
efb9fe363bdeb9f48d69,s8Y2f,知识点s8Y2f,0.8157,81.57,1,1,1,good
efb9fe363bdeb9f48d69,t5V9e,知识点t5V9e,0.7369,73.69,5,27,8,good
efb9fe363bdeb9f48d69,y9W5d,知识点y9W5d,0.9648,96.48,11,11,11,good
28719a42e0cbf4991b7f,b3C9s,知识点b3C9s,0.8728,87.28,3,3,3,good
28719a42e0cbf4991b7f,g7R2j,知识点g7R2j,0.792,79.2,5,15,11,good
28719a42e0cbf4991b7f,k4W1c,知识点k4W1c,0.946,94.6,1,2,2,good
28719a42e0cbf4991b7f,m3D1v,知识点m3D1v,0.8531,85.31,12,39,25,good
28719a42e0cbf4991b7f,r8S3g,知识点r8S3g,0.7899,78.99,5,21,13,good
28719a42e0cbf4991b7f,s8Y2f,知识点s8Y2f,0.9963,99.63,1,1,1,good
28719a42e0cbf4991b7f,t5V9e,知识点t5V9e,0.88,88.0,5,15,14,good
28719a42e0cbf4991b7f,y9W5d,知识点y9W5d,0.9061,90.61,11,24,20,good
62156eada978f707f5d2,b3C9s,知识点b3C9s,0.8572,85.72,3,5,4,good
62156eada978f707f5d2,g7R2j,知识点g7R2j,0.9979,99.79,5,6,6,good
62156eada978f707f5d2,k4W1c,知识点k4W1c,0.9988,99.88,1,1,1,good
62156eada978f707f5d2,m3D1v,知识点m3D1v,0.9054,90.54,12,21,18,good
62156eada978f707f5d2,r8S3g,知识点r8S3g,0.8807,88.07,5,13,8,good
62156eada978f707f5d2,s8Y2f,知识点s8Y2f,0.7085,70.85,1,7,3,good
62156eada978f707f5d2,t5V9e,知识点t5V9e,0.8342,83.42,5,18,15,good
62156eada978f707f5d2,y9W5d,知识点y9W5d,0.8842,88.42,11,30,20,good
46a7a18ca160c829a15f,b3C9s,知识点b3C9s,0.6985,69.85,3,30,18,good
46a7a18ca160c829a15f,g7R2j,知识点g7R2j,0.685,68.5,5,73,30,good
46a7a18ca160c829a15f,k4W1c,知识点k4W1c,0.9464,94.64,1,2,2,good
46a7a18ca160c829a15f,m3D1v,知识点m3D1v,0.8352,83.52,12,34,18,good
46a7a18ca160c829a15f,r8S3g,知识点r8S3g,0.6853,68.53,5,29,6,good
46a7a18ca160c829a15f,s8Y2f,知识点s8Y2f,0.813,81.3,1,2,1,good
46a7a18ca160c829a15f,t5V9e,知识点t5V9e,0.7426,74.26,5,25,9,good
46a7a18ca160c829a15f,y9W5d,知识点y9W5d,0.7679,76.79,11,52,23,good
57c33a6126c456c5ada8,b3C9s,知识点b3C9s,0.9988,99.88,3,3,3,good
57c33a6126c456c5ada8,g7R2j,知识点g7R2j,0.7781,77.81,5,5,3,good
57c33a6126c456c5ada8,k4W1c,知识点k4W1c,0.997,99.7,1,1,1,good
57c33a6126c456c5ada8,m3D1v,知识点m3D1v,0.8005,80.05,12,24,10,good
57c33a6126c456c5ada8,r8S3g,知识点r8S3g,0.683,68.3,5,34,7,good
57c33a6126c456c5ada8,s8Y2f,知识点s8Y2f,0.9987,99.87,1,1,1,good
57c33a6126c456c5ada8,t5V9e,知识点t5V9e,0.7864,78.64,5,12,5,good
57c33a6126c456c5ada8,y9W5d,知识点y9W5d,0.9643,96.43,11,15,10,good
951eea03695f436017d3,b3C9s,知识点b3C9s,0.9433,94.33,3,4,3,good
951eea03695f436017d3,g7R2j,知识点g7R2j,0.8521,85.21,5,17,4,good
951eea03695f436017d3,k4W1c,知识点k4W1c,0.8143,81.43,1,2,1,good
951eea03695f436017d3,m3D1v,知识点m3D1v,0.9718,97.18,12,21,14,good
951eea03695f436017d3,r8S3g,知识点r8S3g,0.8884,88.84,5,10,6,good
951eea03695f436017d3,s8Y2f,知识点s8Y2f,0.9977,99.77,1,1,1,good
951eea03695f436017d3,t5V9e,知识点t5V9e,0.9347,93.47,5,8,5,good
951eea03695f436017d3,y9W5d,知识点y9W5d,0.9436,94.36,11,14,12,good
098b2c66cbc1ed736e14,b3C9s,知识点b3C9s,0.7304,73.04,3,8,6,good
098b2c66cbc1ed736e14,g7R2j,知识点g7R2j,0.8743,87.43,5,29,28,good
098b2c66cbc1ed736e14,k4W1c,知识点k4W1c,0.9473,94.73,1,2,2,good
098b2c66cbc1ed736e14,m3D1v,知识点m3D1v,0.881,88.1,12,27,23,good
098b2c66cbc1ed736e14,r8S3g,知识点r8S3g,0.8625,86.25,5,13,6,good
098b2c66cbc1ed736e14,s8Y2f,知识点s8Y2f,0.8393,83.93,1,4,3,good
098b2c66cbc1ed736e14,t5V9e,知识点t5V9e,0.8537,85.37,5,15,12,good
098b2c66cbc1ed736e14,y9W5d,知识点y9W5d,0.8863,88.63,11,27,21,good
33ddb1517601db520cd6,b3C9s,知识点b3C9s,0.9835,98.35,3,5,5,good
33ddb1517601db520cd6,g7R2j,知识点g7R2j,0.8961,89.61,5,18,16,good
33ddb1517601db520cd6,k4W1c,知识点k4W1c,0.814,81.4,1,1,1,good
33ddb1517601db520cd6,m3D1v,知识点m3D1v,0.9642,96.42,12,23,22,good
33ddb1517601db520cd6,r8S3g,知识点r8S3g,0.7641,76.41,5,50,7,good
33ddb1517601db520cd6,s8Y2f,知识点s8Y2f,0.6869,68.69,1,1,1,good
33ddb1517601db520cd6,t5V9e,知识点t5V9e,0.8821,88.21,5,16,16,good
33ddb1517601db520cd6,y9W5d,知识点y9W5d,0.8835,88.35,11,24,24,good
446d2ad0ca2908ffa4f9,b3C9s,知识点b3C9s,0.9981,99.81,3,3,3,good
446d2ad0ca2908ffa4f9,g7R2j,知识点g7R2j,0.9076,90.76,5,9,6,good
446d2ad0ca2908ffa4f9,k4W1c,知识点k4W1c,0.9955,99.55,1,1,1,good
446d2ad0ca2908ffa4f9,m3D1v,知识点m3D1v,0.9162,91.62,12,19,12,good
446d2ad0ca2908ffa4f9,r8S3g,知识点r8S3g,0.951,95.1,5,6,6,good
446d2ad0ca2908ffa4f9,s8Y2f,知识点s8Y2f,0.9976,99.76,1,2,2,good
446d2ad0ca2908ffa4f9,t5V9e,知识点t5V9e,0.962,96.2,5,6,5,good
446d2ad0ca2908ffa4f9,y9W5d,知识点y9W5d,0.9496,94.96,11,14,12,good
ae2e4cb7985c4ac71795,b3C9s,知识点b3C9s,0.9026,90.26,3,8,6,good
ae2e4cb7985c4ac71795,g7R2j,知识点g7R2j,0.9142,91.42,5,29,25,good
ae2e4cb7985c4ac71795,k4W1c,知识点k4W1c,0.9979,99.79,1,1,1,good
ae2e4cb7985c4ac71795,m3D1v,知识点m3D1v,0.9207,92.07,12,16,15,good
ae2e4cb7985c4ac71795,r8S3g,知识点r8S3g,0.8591,85.91,5,17,8,good
ae2e4cb7985c4ac71795,s8Y2f,知识点s8Y2f,0.7284,72.84,1,2,1,good
ae2e4cb7985c4ac71795,t5V9e,知识点t5V9e,0.8625,86.25,5,16,9,good
ae2e4cb7985c4ac71795,y9W5d,知识点y9W5d,0.8877,88.77,11,17,15,good
1b0baf552d2cd47ee10b,b3C9s,知识点b3C9s,0.998,99.8,3,3,3,good
1b0baf552d2cd47ee10b,g7R2j,知识点g7R2j,0.9269,92.69,5,8,6,good
1b0baf552d2cd47ee10b,k4W1c,知识点k4W1c,0.9977,99.77,1,1,1,good
1b0baf552d2cd47ee10b,m3D1v,知识点m3D1v,0.9351,93.51,12,20,13,good
1b0baf552d2cd47ee10b,r8S3g,知识点r8S3g,0.936,93.6,5,14,6,good
1b0baf552d2cd47ee10b,s8Y2f,知识点s8Y2f,0.9972,99.72,1,1,1,good
1b0baf552d2cd47ee10b,t5V9e,知识点t5V9e,0.8991,89.91,5,10,5,good
1b0baf552d2cd47ee10b,y9W5d,知识点y9W5d,0.9977,99.77,11,11,11,good
e86f896d71d48d87464d,m3D1v,知识点m3D1v,0.5391,53.91,6,6,6,medium
e86f896d71d48d87464d,r8S3g,知识点r8S3g,0.7036,70.36,5,26,6,good
e86f896d71d48d87464d,t5V9e,知识点t5V9e,0.711,71.1,4,11,9,good
62a877b83219f7974fd0,b3C9s,知识点b3C9s,0.9674,96.74,3,4,4,good
62a877b83219f7974fd0,g7R2j,知识点g7R2j,0.9325,93.25,5,7,5,good
62a877b83219f7974fd0,k4W1c,知识点k4W1c,0.8128,81.28,1,1,1,good
62a877b83219f7974fd0,m3D1v,知识点m3D1v,0.9671,96.71,12,21,20,good
62a877b83219f7974fd0,r8S3g,知识点r8S3g,0.9621,96.21,5,7,6,good
62a877b83219f7974fd0,s8Y2f,知识点s8Y2f,0.9979,99.79,1,1,1,good
62a877b83219f7974fd0,t5V9e,知识点t5V9e,0.9984,99.84,5,5,5,good
62a877b83219f7974fd0,y9W5d,知识点y9W5d,0.981,98.1,11,12,12,good
7a600fb7e3750998e7ae,b3C9s,知识点b3C9s,0.8801,88.01,3,4,3,good
7a600fb7e3750998e7ae,g7R2j,知识点g7R2j,0.9176,91.76,5,9,9,good
7a600fb7e3750998e7ae,k4W1c,知识点k4W1c,0.8976,89.76,1,2,2,good
7a600fb7e3750998e7ae,m3D1v,知识点m3D1v,0.9093,90.93,12,23,21,good
7a600fb7e3750998e7ae,r8S3g,知识点r8S3g,0.8259,82.59,5,14,6,good
7a600fb7e3750998e7ae,s8Y2f,知识点s8Y2f,0.7625,76.25,1,3,1,good
7a600fb7e3750998e7ae,t5V9e,知识点t5V9e,0.8607,86.07,5,7,7,good
7a600fb7e3750998e7ae,y9W5d,知识点y9W5d,0.8847,88.47,11,34,28,good
c9c9f0b7606030f2aade,b3C9s,知识点b3C9s,0.9989,99.89,3,3,3,good
c9c9f0b7606030f2aade,g7R2j,知识点g7R2j,0.9988,99.88,5,5,5,good
c9c9f0b7606030f2aade,k4W1c,知识点k4W1c,0.9987,99.87,1,1,1,good
c9c9f0b7606030f2aade,m3D1v,知识点m3D1v,0.9988,99.88,12,12,12,good
c9c9f0b7606030f2aade,r8S3g,知识点r8S3g,0.999,99.9,5,6,6,good
c9c9f0b7606030f2aade,s8Y2f,知识点s8Y2f,0.9987,99.87,1,1,1,good
c9c9f0b7606030f2aade,t5V9e,知识点t5V9e,0.999,99.9,5,5,5,good
c9c9f0b7606030f2aade,y9W5d,知识点y9W5d,0.9988,99.88,11,11,11,good
52f4899e918b57df28da,b3C9s,知识点b3C9s,0.9431,94.31,3,4,3,good
52f4899e918b57df28da,g7R2j,知识点g7R2j,0.8438,84.38,5,19,15,good
52f4899e918b57df28da,k4W1c,知识点k4W1c,0.9989,99.89,1,1,1,good
52f4899e918b57df28da,m3D1v,知识点m3D1v,0.964,96.4,12,22,15,good
52f4899e918b57df28da,r8S3g,知识点r8S3g,0.8412,84.12,5,12,6,good
52f4899e918b57df28da,s8Y2f,知识点s8Y2f,0.7625,76.25,1,1,1,good
52f4899e918b57df28da,t5V9e,知识点t5V9e,0.9617,96.17,5,5,5,good
52f4899e918b57df28da,y9W5d,知识点y9W5d,0.8912,89.12,11,25,15,good
d235a2c32940b970ab7c,b3C9s,知识点b3C9s,0.9435,94.35,3,3,3,good
d235a2c32940b970ab7c,g7R2j,知识点g7R2j,0.9091,90.91,5,8,6,good
d235a2c32940b970ab7c,k4W1c,知识点k4W1c,0.9989,99.89,1,1,1,good
d235a2c32940b970ab7c,m3D1v,知识点m3D1v,0.9792,97.92,12,14,12,good
d235a2c32940b970ab7c,r8S3g,知识点r8S3g,0.9253,92.53,5,7,6,good
d235a2c32940b970ab7c,s8Y2f,知识点s8Y2f,0.8142,81.42,1,2,1,good
d235a2c32940b970ab7c,t5V9e,知识点t5V9e,0.962,96.2,5,5,5,good
d235a2c32940b970ab7c,y9W5d,知识点y9W5d,0.9821,98.21,11,12,11,good
8242b99ad9d6609fd19c,b3C9s,知识点b3C9s,0.9282,92.82,3,3,3,good
8242b99ad9d6609fd19c,g7R2j,知识点g7R2j,0.8192,81.92,5,8,4,good
8242b99ad9d6609fd19c,k4W1c,知识点k4W1c,0.9987,99.87,1,1,1,good
8242b99ad9d6609fd19c,m3D1v,知识点m3D1v,0.9201,92.01,12,26,12,good
8242b99ad9d6609fd19c,r8S3g,知识点r8S3g,0.962,96.2,5,9,7,good
8242b99ad9d6609fd19c,s8Y2f,知识点s8Y2f,0.8138,81.38,1,2,1,good
8242b99ad9d6609fd19c,t5V9e,知识点t5V9e,0.925,92.5,5,7,6,good
8242b99ad9d6609fd19c,y9W5d,知识点y9W5d,0.9388,93.88,11,18,11,good
8d93485dc6a4b2a9f03f,b3C9s,知识点b3C9s,0.8226,82.26,3,12,6,good
8d93485dc6a4b2a9f03f,g7R2j,知识点g7R2j,0.8282,82.82,5,8,4,good
8d93485dc6a4b2a9f03f,k4W1c,知识点k4W1c,0.9987,99.87,1,1,1,good
8d93485dc6a4b2a9f03f,m3D1v,知识点m3D1v,0.9081,90.81,12,20,12,good
8d93485dc6a4b2a9f03f,r8S3g,知识点r8S3g,0.8065,80.65,5,15,6,good
8d93485dc6a4b2a9f03f,s8Y2f,知识点s8Y2f,0.814,81.4,1,2,1,good
8d93485dc6a4b2a9f03f,t5V9e,知识点t5V9e,0.9617,96.17,5,5,5,good
8d93485dc6a4b2a9f03f,y9W5d,知识点y9W5d,0.9487,94.87,11,13,11,good
a108f1103f798c85d061,b3C9s,知识点b3C9s,0.9991,99.91,3,4,4,good
a108f1103f798c85d061,g7R2j,知识点g7R2j,0.9116,91.16,5,7,4,good
a108f1103f798c85d061,k4W1c,知识点k4W1c,0.9985,99.85,1,1,1,good
a108f1103f798c85d061,m3D1v,知识点m3D1v,0.9625,96.25,12,15,12,good
a108f1103f798c85d061,r8S3g,知识点r8S3g,0.9989,99.89,5,6,6,good
a108f1103f798c85d061,s8Y2f,知识点s8Y2f,0.999,99.9,1,2,2,good
a108f1103f798c85d061,t5V9e,知识点t5V9e,0.9989,99.89,5,6,6,good
a108f1103f798c85d061,y9W5d,知识点y9W5d,0.9987,99.87,11,12,12,good
52d965ebf3ec0518bc0f,b3C9s,知识点b3C9s,0.9993,99.93,3,3,3,good
52d965ebf3ec0518bc0f,g7R2j,知识点g7R2j,0.972,97.2,5,6,6,good
52d965ebf3ec0518bc0f,k4W1c,知识点k4W1c,0.9987,99.87,1,1,1,good
52d965ebf3ec0518bc0f,m3D1v,知识点m3D1v,0.9064,90.64,12,20,12,good
52d965ebf3ec0518bc0f,r8S3g,知识点r8S3g,0.8598,85.98,5,38,6,good
52d965ebf3ec0518bc0f,s8Y2f,知识点s8Y2f,0.9992,99.92,1,1,1,good
52d965ebf3ec0518bc0f,t5V9e,知识点t5V9e,0.8077,80.77,5,21,5,good
52d965ebf3ec0518bc0f,y9W5d,知识点y9W5d,0.9989,99.89,11,11,11,good
23dd64a1d2e4965198bf,b3C9s,知识点b3C9s,0.9978,99.78,3,3,3,good
23dd64a1d2e4965198bf,g7R2j,知识点g7R2j,0.8939,89.39,5,11,5,good
23dd64a1d2e4965198bf,k4W1c,知识点k4W1c,0.9945,99.45,1,1,1,good
23dd64a1d2e4965198bf,m3D1v,知识点m3D1v,0.928,92.8,12,41,13,good
23dd64a1d2e4965198bf,r8S3g,知识点r8S3g,0.8339,83.39,5,17,6,good
23dd64a1d2e4965198bf,s8Y2f,知识点s8Y2f,0.736,73.6,1,4,1,good
23dd64a1d2e4965198bf,t5V9e,知识点t5V9e,0.9959,99.59,5,6,6,good
23dd64a1d2e4965198bf,y9W5d,知识点y9W5d,0.9509,95.09,11,16,11,good
f9ef2830cd485d038b53,b3C9s,知识点b3C9s,0.6992,69.92,2,2,2,good
f9ef2830cd485d038b53,g7R2j,知识点g7R2j,0.3995,39.95,2,2,2,poor
f9ef2830cd485d038b53,k4W1c,知识点k4W1c,0.9987,99.87,1,1,1,good
f9ef2830cd485d038b53,m3D1v,知识点m3D1v,0.8044,80.44,9,9,9,good
f9ef2830cd485d038b53,r8S3g,知识点r8S3g,0.7622,76.22,4,6,5,good
f9ef2830cd485d038b53,s8Y2f,知识点s8Y2f,0.9987,99.87,1,1,1,good
f9ef2830cd485d038b53,t5V9e,知识点t5V9e,0.9981,99.81,5,5,5,good
f9ef2830cd485d038b53,y9W5d,知识点y9W5d,0.908,90.8,10,10,10,good
e3b920878572dbcf8c9e,b3C9s,知识点b3C9s,0.9988,99.88,3,3,3,good
e3b920878572dbcf8c9e,g7R2j,知识点g7R2j,0.9989,99.89,5,5,5,good
e3b920878572dbcf8c9e,k4W1c,知识点k4W1c,0.9982,99.82,1,1,1,good
e3b920878572dbcf8c9e,m3D1v,知识点m3D1v,0.9988,99.88,12,12,12,good
e3b920878572dbcf8c9e,r8S3g,知识点r8S3g,0.9991,99.91,5,6,6,good
e3b920878572dbcf8c9e,s8Y2f,知识点s8Y2f,0.9992,99.92,1,1,1,good
e3b920878572dbcf8c9e,t5V9e,知识点t5V9e,0.999,99.9,5,5,5,good
e3b920878572dbcf8c9e,y9W5d,知识点y9W5d,0.9989,99.89,11,11,11,good
93iq4xjhvlc8072fsfet,b3C9s,知识点b3C9s,0.8031,80.31,2,4,2,good
93iq4xjhvlc8072fsfet,g7R2j,知识点g7R2j,0.7883,78.83,5,19,14,good
93iq4xjhvlc8072fsfet,k4W1c,知识点k4W1c,0.7982,79.82,1,1,1,good
93iq4xjhvlc8072fsfet,m3D1v,知识点m3D1v,0.7629,76.29,11,28,16,good
93iq4xjhvlc8072fsfet,r8S3g,知识点r8S3g,0.6601,66.01,5,25,3,good
93iq4xjhvlc8072fsfet,s8Y2f,知识点s8Y2f,0.7476,74.76,1,7,3,good
93iq4xjhvlc8072fsfet,t5V9e,知识点t5V9e,0.6163,61.63,4,16,11,good
93iq4xjhvlc8072fsfet,y9W5d,知识点y9W5d,0.8153,81.53,11,31,20,good
nl4vt11ikn4we06zu0zj,b3C9s,知识点b3C9s,0.5702,57.02,2,10,9,medium
nl4vt11ikn4we06zu0zj,g7R2j,知识点g7R2j,0.7674,76.74,5,18,11,good
nl4vt11ikn4we06zu0zj,k4W1c,知识点k4W1c,0.8415,84.15,1,3,3,good
nl4vt11ikn4we06zu0zj,m3D1v,知识点m3D1v,0.7583,75.83,11,33,23,good
nl4vt11ikn4we06zu0zj,r8S3g,知识点r8S3g,0.7072,70.72,4,36,11,good
nl4vt11ikn4we06zu0zj,s8Y2f,知识点s8Y2f,0.672,67.2,1,2,1,good
nl4vt11ikn4we06zu0zj,t5V9e,知识点t5V9e,0.6224,62.24,5,14,3,good
nl4vt11ikn4we06zu0zj,y9W5d,知识点y9W5d,0.7059,70.59,10,25,20,good
cnqyqc90n3ixrlc3mri7,b3C9s,知识点b3C9s,0.8132,81.32,3,5,4,good
cnqyqc90n3ixrlc3mri7,g7R2j,知识点g7R2j,0.81,81.0,5,10,7,good
cnqyqc90n3ixrlc3mri7,k4W1c,知识点k4W1c,0.7624,76.24,1,6,4,good
cnqyqc90n3ixrlc3mri7,m3D1v,知识点m3D1v,0.5767,57.67,8,23,13,medium
cnqyqc90n3ixrlc3mri7,r8S3g,知识点r8S3g,0.7747,77.47,5,20,4,good
cnqyqc90n3ixrlc3mri7,s8Y2f,知识点s8Y2f,0.6957,69.57,1,3,1,good
cnqyqc90n3ixrlc3mri7,t5V9e,知识点t5V9e,0.776,77.6,5,18,11,good
cnqyqc90n3ixrlc3mri7,y9W5d,知识点y9W5d,0.7416,74.16,10,29,20,good
yb4sqfrwu788fa6y4zeb,b3C9s,知识点b3C9s,0.2997,29.97,1,1,1,poor
yb4sqfrwu788fa6y4zeb,g7R2j,知识点g7R2j,0.5832,58.32,4,15,10,medium
yb4sqfrwu788fa6y4zeb,k4W1c,知识点k4W1c,0.7262,72.62,1,4,3,good
yb4sqfrwu788fa6y4zeb,m3D1v,知识点m3D1v,0.7189,71.89,11,21,9,good
yb4sqfrwu788fa6y4zeb,r8S3g,知识点r8S3g,0.5243,52.43,4,26,4,medium
yb4sqfrwu788fa6y4zeb,s8Y2f,知识点s8Y2f,0.7303,73.03,1,2,1,good
yb4sqfrwu788fa6y4zeb,t5V9e,知识点t5V9e,0.7092,70.92,4,18,11,good
yb4sqfrwu788fa6y4zeb,y9W5d,知识点y9W5d,0.6617,66.17,10,20,11,good
kpw433bcv21ksp1wgrux,b3C9s,知识点b3C9s,0.8688,86.88,3,3,2,good
kpw433bcv21ksp1wgrux,g7R2j,知识点g7R2j,0.7685,76.85,5,22,17,good
kpw433bcv21ksp1wgrux,k4W1c,知识点k4W1c,0.6804,68.04,1,6,4,good
kpw433bcv21ksp1wgrux,m3D1v,知识点m3D1v,0.7959,79.59,12,30,21,good
kpw433bcv21ksp1wgrux,r8S3g,知识点r8S3g,0.734,73.4,5,17,5,good
kpw433bcv21ksp1wgrux,s8Y2f,知识点s8Y2f,0.7279,72.79,1,1,1,good
kpw433bcv21ksp1wgrux,t5V9e,知识点t5V9e,0.6136,61.36,4,27,16,good
kpw433bcv21ksp1wgrux,y9W5d,知识点y9W5d,0.7516,75.16,10,22,16,good
wxgj9kdmdrmullrthnso,b3C9s,知识点b3C9s,0.5716,57.16,2,6,4,medium
wxgj9kdmdrmullrthnso,g7R2j,知识点g7R2j,0.7667,76.67,5,21,16,good
wxgj9kdmdrmullrthnso,k4W1c,知识点k4W1c,0.5647,56.47,1,1,0,medium
wxgj9kdmdrmullrthnso,m3D1v,知识点m3D1v,0.7331,73.31,11,21,12,good
wxgj9kdmdrmullrthnso,r8S3g,知识点r8S3g,0.644,64.4,5,37,9,good
wxgj9kdmdrmullrthnso,t5V9e,知识点t5V9e,0.7626,76.26,5,17,14,good
wxgj9kdmdrmullrthnso,y9W5d,知识点y9W5d,0.6087,60.87,9,21,12,good
bvz9hmtzknu45wvb0yaw,b3C9s,知识点b3C9s,0.8588,85.88,3,5,4,good
bvz9hmtzknu45wvb0yaw,g7R2j,知识点g7R2j,0.7474,74.74,5,21,10,good
bvz9hmtzknu45wvb0yaw,k4W1c,知识点k4W1c,0.7279,72.79,1,4,3,good
bvz9hmtzknu45wvb0yaw,m3D1v,知识点m3D1v,0.7799,77.99,12,31,21,good
bvz9hmtzknu45wvb0yaw,r8S3g,知识点r8S3g,0.7643,76.43,5,28,13,good
bvz9hmtzknu45wvb0yaw,s8Y2f,知识点s8Y2f,0.89,89.0,1,4,3,good
bvz9hmtzknu45wvb0yaw,t5V9e,知识点t5V9e,0.6622,66.22,4,13,8,good
bvz9hmtzknu45wvb0yaw,y9W5d,知识点y9W5d,0.8584,85.84,11,27,21,good
1kvfwfp2hr5hjxjxzjqd,b3C9s,知识点b3C9s,0.8513,85.13,3,4,3,good
1kvfwfp2hr5hjxjxzjqd,g7R2j,知识点g7R2j,0.7673,76.73,5,17,9,good
1kvfwfp2hr5hjxjxzjqd,k4W1c,知识点k4W1c,0.6862,68.62,1,4,1,good
1kvfwfp2hr5hjxjxzjqd,m3D1v,知识点m3D1v,0.8205,82.05,12,32,23,good
1kvfwfp2hr5hjxjxzjqd,r8S3g,知识点r8S3g,0.6833,68.33,5,20,6,good
1kvfwfp2hr5hjxjxzjqd,s8Y2f,知识点s8Y2f,0.6964,69.64,1,3,1,good
1kvfwfp2hr5hjxjxzjqd,t5V9e,知识点t5V9e,0.7541,75.41,5,15,7,good
1kvfwfp2hr5hjxjxzjqd,y9W5d,知识点y9W5d,0.7212,72.12,10,33,19,good
m3y8jkkgflwqwcelrwzz,b3C9s,知识点b3C9s,0.7806,78.06,3,5,4,good
m3y8jkkgflwqwcelrwzz,g7R2j,知识点g7R2j,0.638,63.8,4,15,11,good
m3y8jkkgflwqwcelrwzz,k4W1c,知识点k4W1c,0.7994,79.94,1,1,1,good
m3y8jkkgflwqwcelrwzz,m3D1v,知识点m3D1v,0.5613,56.13,9,23,12,medium
m3y8jkkgflwqwcelrwzz,r8S3g,知识点r8S3g,0.6949,69.49,5,23,8,good
m3y8jkkgflwqwcelrwzz,s8Y2f,知识点s8Y2f,0.7958,79.58,1,6,4,good
m3y8jkkgflwqwcelrwzz,t5V9e,知识点t5V9e,0.7083,70.83,5,19,13,good
m3y8jkkgflwqwcelrwzz,y9W5d,知识点y9W5d,0.7634,76.34,10,28,20,good
fov3pbwdqzvhgcjp7o9f,b3C9s,知识点b3C9s,0.9025,90.25,3,6,4,good
fov3pbwdqzvhgcjp7o9f,g7R2j,知识点g7R2j,0.7886,78.86,5,22,13,good
fov3pbwdqzvhgcjp7o9f,k4W1c,知识点k4W1c,0.5647,56.47,1,1,0,medium
fov3pbwdqzvhgcjp7o9f,m3D1v,知识点m3D1v,0.7089,70.89,11,33,19,good
fov3pbwdqzvhgcjp7o9f,r8S3g,知识点r8S3g,0.7432,74.32,5,24,12,good
fov3pbwdqzvhgcjp7o9f,s8Y2f,知识点s8Y2f,0.5906,59.06,1,4,0,medium
fov3pbwdqzvhgcjp7o9f,t5V9e,知识点t5V9e,0.7787,77.87,5,19,11,good
fov3pbwdqzvhgcjp7o9f,y9W5d,知识点y9W5d,0.6652,66.52,10,26,13,good
3iz4t53ooerb6sruxf3n,b3C9s,知识点b3C9s,0.7414,74.14,3,7,4,good
3iz4t53ooerb6sruxf3n,g7R2j,知识点g7R2j,0.662,66.2,4,14,8,good
3iz4t53ooerb6sruxf3n,k4W1c,知识点k4W1c,0.7293,72.93,1,4,2,good
3iz4t53ooerb6sruxf3n,m3D1v,知识点m3D1v,0.6862,68.62,10,37,24,good
3iz4t53ooerb6sruxf3n,r8S3g,知识点r8S3g,0.5572,55.72,4,24,7,medium
3iz4t53ooerb6sruxf3n,s8Y2f,知识点s8Y2f,0.6305,63.05,1,1,0,good
3iz4t53ooerb6sruxf3n,t5V9e,知识点t5V9e,0.5925,59.25,4,11,7,medium
3iz4t53ooerb6sruxf3n,y9W5d,知识点y9W5d,0.7766,77.66,9,22,17,good
8ajv97zyciosc57q0cng,b3C9s,知识点b3C9s,0.6586,65.86,2,4,4,good
8ajv97zyciosc57q0cng,g7R2j,知识点g7R2j,0.7302,73.02,4,15,10,good
8ajv97zyciosc57q0cng,k4W1c,知识点k4W1c,0.7411,74.11,1,7,5,good
8ajv97zyciosc57q0cng,m3D1v,知识点m3D1v,0.7265,72.65,10,37,20,good
8ajv97zyciosc57q0cng,r8S3g,知识点r8S3g,0.7162,71.62,5,20,7,good
8ajv97zyciosc57q0cng,s8Y2f,知识点s8Y2f,0.7969,79.69,1,2,2,good
8ajv97zyciosc57q0cng,t5V9e,知识点t5V9e,0.731,73.1,5,18,11,good
8ajv97zyciosc57q0cng,y9W5d,知识点y9W5d,0.7752,77.52,11,32,22,good
i8gdglua8vbd4ul9x09f,b3C9s,知识点b3C9s,0.5911,59.11,2,4,3,medium
i8gdglua8vbd4ul9x09f,g7R2j,知识点g7R2j,0.7724,77.24,5,15,11,good
i8gdglua8vbd4ul9x09f,k4W1c,知识点k4W1c,0.7074,70.74,1,3,2,good
i8gdglua8vbd4ul9x09f,m3D1v,知识点m3D1v,0.7372,73.72,11,33,20,good
i8gdglua8vbd4ul9x09f,r8S3g,知识点r8S3g,0.654,65.4,4,29,7,good
i8gdglua8vbd4ul9x09f,s8Y2f,知识点s8Y2f,0.5646,56.46,1,2,0,medium
i8gdglua8vbd4ul9x09f,t5V9e,知识点t5V9e,0.7629,76.29,4,16,12,good
i8gdglua8vbd4ul9x09f,y9W5d,知识点y9W5d,0.6953,69.53,10,22,15,good
qd5cqu3du8n28xxtkftw,b3C9s,知识点b3C9s,0.796,79.6,3,7,5,good
qd5cqu3du8n28xxtkftw,g7R2j,知识点g7R2j,0.7792,77.92,5,18,12,good
qd5cqu3du8n28xxtkftw,k4W1c,知识点k4W1c,0.6587,65.87,1,5,3,good
qd5cqu3du8n28xxtkftw,m3D1v,知识点m3D1v,0.731,73.1,11,30,16,good
qd5cqu3du8n28xxtkftw,r8S3g,知识点r8S3g,0.679,67.9,5,33,8,good
qd5cqu3du8n28xxtkftw,s8Y2f,知识点s8Y2f,0.7277,72.77,1,3,2,good
qd5cqu3du8n28xxtkftw,t5V9e,知识点t5V9e,0.7241,72.41,5,20,12,good
qd5cqu3du8n28xxtkftw,y9W5d,知识点y9W5d,0.8286,82.86,11,37,27,good
fvlb9xi66oze7eo3yhdh,b3C9s,知识点b3C9s,0.8971,89.71,3,4,4,good
fvlb9xi66oze7eo3yhdh,g7R2j,知识点g7R2j,0.7148,71.48,5,19,13,good
fvlb9xi66oze7eo3yhdh,k4W1c,知识点k4W1c,0.8154,81.54,1,4,2,good
fvlb9xi66oze7eo3yhdh,m3D1v,知识点m3D1v,0.7462,74.62,12,33,19,good
fvlb9xi66oze7eo3yhdh,r8S3g,知识点r8S3g,0.7166,71.66,5,33,12,good
fvlb9xi66oze7eo3yhdh,s8Y2f,知识点s8Y2f,0.7141,71.41,1,2,1,good
fvlb9xi66oze7eo3yhdh,t5V9e,知识点t5V9e,0.8195,81.95,5,19,17,good
fvlb9xi66oze7eo3yhdh,y9W5d,知识点y9W5d,0.6301,63.01,9,29,17,good
4fl8e5s0nf65bm2m34f0,b3C9s,知识点b3C9s,0.7777,77.77,3,10,6,good
4fl8e5s0nf65bm2m34f0,g7R2j,知识点g7R2j,0.6745,67.45,3,12,11,good
4fl8e5s0nf65bm2m34f0,k4W1c,知识点k4W1c,0.8235,82.35,1,5,4,good
4fl8e5s0nf65bm2m34f0,m3D1v,知识点m3D1v,0.7176,71.76,10,33,16,good
4fl8e5s0nf65bm2m34f0,r8S3g,知识点r8S3g,0.6634,66.34,5,26,5,good
4fl8e5s0nf65bm2m34f0,s8Y2f,知识点s8Y2f,0.5949,59.49,1,2,0,medium
4fl8e5s0nf65bm2m34f0,t5V9e,知识点t5V9e,0.7237,72.37,4,15,8,good
4fl8e5s0nf65bm2m34f0,y9W5d,知识点y9W5d,0.8115,81.15,11,26,17,good
4glo109mkgy7azntyttp,b3C9s,知识点b3C9s,0.518,51.8,2,4,3,medium
4glo109mkgy7azntyttp,g7R2j,知识点g7R2j,0.7776,77.76,4,10,7,good
4glo109mkgy7azntyttp,k4W1c,知识点k4W1c,0.9989,99.89,1,1,1,good
4glo109mkgy7azntyttp,m3D1v,知识点m3D1v,0.8328,83.28,12,41,25,good
4glo109mkgy7azntyttp,r8S3g,知识点r8S3g,0.7499,74.99,5,26,8,good
4glo109mkgy7azntyttp,s8Y2f,知识点s8Y2f,0.7889,78.89,1,4,3,good
4glo109mkgy7azntyttp,t5V9e,知识点t5V9e,0.5416,54.16,4,9,3,medium
4glo109mkgy7azntyttp,y9W5d,知识点y9W5d,0.8289,82.89,11,31,22,good
cunf3y04zq0f90dgy36j,b3C9s,知识点b3C9s,0.4955,49.55,2,3,1,medium
cunf3y04zq0f90dgy36j,g7R2j,知识点g7R2j,0.7593,75.93,5,19,10,good
cunf3y04zq0f90dgy36j,k4W1c,知识点k4W1c,0.8715,87.15,1,4,4,good
cunf3y04zq0f90dgy36j,m3D1v,知识点m3D1v,0.7555,75.55,11,28,16,good
cunf3y04zq0f90dgy36j,r8S3g,知识点r8S3g,0.6744,67.44,5,25,7,good
cunf3y04zq0f90dgy36j,s8Y2f,知识点s8Y2f,0.746,74.6,1,5,4,good
cunf3y04zq0f90dgy36j,t5V9e,知识点t5V9e,0.705,70.5,5,18,6,good
cunf3y04zq0f90dgy36j,y9W5d,知识点y9W5d,0.7143,71.43,10,29,21,good
wbdvbdebq64ujpi9u7mn,b3C9s,知识点b3C9s,0.9216,92.16,3,8,6,good
wbdvbdebq64ujpi9u7mn,g7R2j,知识点g7R2j,0.7394,73.94,5,14,6,good
wbdvbdebq64ujpi9u7mn,k4W1c,知识点k4W1c,0.7807,78.07,1,6,4,good
wbdvbdebq64ujpi9u7mn,m3D1v,知识点m3D1v,0.7643,76.43,11,28,15,good
wbdvbdebq64ujpi9u7mn,r8S3g,知识点r8S3g,0.6551,65.51,5,15,3,good
wbdvbdebq64ujpi9u7mn,s8Y2f,知识点s8Y2f,0.6654,66.54,1,5,3,good
wbdvbdebq64ujpi9u7mn,t5V9e,知识点t5V9e,0.8002,80.02,5,16,11,good
wbdvbdebq64ujpi9u7mn,y9W5d,知识点y9W5d,0.7722,77.22,11,32,20,good
0gfiioqi5g8djhh1wzol,b3C9s,知识点b3C9s,0.7088,70.88,3,10,5,good
0gfiioqi5g8djhh1wzol,g7R2j,知识点g7R2j,0.7313,73.13,4,13,9,good
0gfiioqi5g8djhh1wzol,m3D1v,知识点m3D1v,0.7152,71.52,11,31,20,good
0gfiioqi5g8djhh1wzol,r8S3g,知识点r8S3g,0.6318,63.18,5,31,7,good
0gfiioqi5g8djhh1wzol,s8Y2f,知识点s8Y2f,0.6255,62.55,1,4,1,good
0gfiioqi5g8djhh1wzol,t5V9e,知识点t5V9e,0.7922,79.22,5,13,7,good
0gfiioqi5g8djhh1wzol,y9W5d,知识点y9W5d,0.7127,71.27,8,20,14,good
fb735wd248crm37cgmgw,b3C9s,知识点b3C9s,0.7677,76.77,3,4,3,good
fb735wd248crm37cgmgw,g7R2j,知识点g7R2j,0.7294,72.94,5,12,7,good
fb735wd248crm37cgmgw,m3D1v,知识点m3D1v,0.8272,82.72,12,32,23,good
fb735wd248crm37cgmgw,r8S3g,知识点r8S3g,0.482,48.2,4,21,4,medium
fb735wd248crm37cgmgw,s8Y2f,知识点s8Y2f,0.7266,72.66,1,6,4,good
fb735wd248crm37cgmgw,t5V9e,知识点t5V9e,0.8366,83.66,5,11,8,good
fb735wd248crm37cgmgw,y9W5d,知识点y9W5d,0.7083,70.83,10,30,23,good
zon2ut7eqwqd7i86etaw,b3C9s,知识点b3C9s,0.5152,51.52,2,4,2,medium
zon2ut7eqwqd7i86etaw,g7R2j,知识点g7R2j,0.5981,59.81,4,12,8,medium
zon2ut7eqwqd7i86etaw,k4W1c,知识点k4W1c,0.8293,82.93,1,2,2,good
zon2ut7eqwqd7i86etaw,m3D1v,知识点m3D1v,0.7274,72.74,11,34,17,good
zon2ut7eqwqd7i86etaw,r8S3g,知识点r8S3g,0.6727,67.27,5,30,7,good
zon2ut7eqwqd7i86etaw,s8Y2f,知识点s8Y2f,0.7459,74.59,1,6,3,good
zon2ut7eqwqd7i86etaw,t5V9e,知识点t5V9e,0.7794,77.94,4,9,7,good
zon2ut7eqwqd7i86etaw,y9W5d,知识点y9W5d,0.6495,64.95,9,27,17,good
1hrtipd0awjpggdje5e2,b3C9s,知识点b3C9s,0.6585,65.85,3,4,2,good
1hrtipd0awjpggdje5e2,g7R2j,知识点g7R2j,0.694,69.4,5,22,10,good
1hrtipd0awjpggdje5e2,k4W1c,知识点k4W1c,0.9045,90.45,1,5,4,good
1hrtipd0awjpggdje5e2,m3D1v,知识点m3D1v,0.6792,67.92,11,33,17,good
1hrtipd0awjpggdje5e2,r8S3g,知识点r8S3g,0.5612,56.12,4,27,8,medium
1hrtipd0awjpggdje5e2,s8Y2f,知识点s8Y2f,0.7153,71.53,1,5,3,good
1hrtipd0awjpggdje5e2,t5V9e,知识点t5V9e,0.5809,58.09,4,17,6,medium
1hrtipd0awjpggdje5e2,y9W5d,知识点y9W5d,0.7294,72.94,10,25,19,good
hcm6w0jxnfqhkpm745cu,b3C9s,知识点b3C9s,0.5651,56.51,1,1,1,medium
hcm6w0jxnfqhkpm745cu,g7R2j,知识点g7R2j,0.7873,78.73,5,15,9,good
hcm6w0jxnfqhkpm745cu,k4W1c,知识点k4W1c,0.9993,99.93,1,1,1,good
hcm6w0jxnfqhkpm745cu,m3D1v,知识点m3D1v,0.6845,68.45,12,37,21,good
hcm6w0jxnfqhkpm745cu,r8S3g,知识点r8S3g,0.6397,63.97,4,26,4,good
hcm6w0jxnfqhkpm745cu,s8Y2f,知识点s8Y2f,0.7619,76.19,1,5,3,good
hcm6w0jxnfqhkpm745cu,t5V9e,知识点t5V9e,0.8371,83.71,5,22,18,good
hcm6w0jxnfqhkpm745cu,y9W5d,知识点y9W5d,0.8109,81.09,11,27,18,good
z0ti2nr5nh9fpad7wntt,b3C9s,知识点b3C9s,0.869,86.9,3,5,4,good
z0ti2nr5nh9fpad7wntt,g7R2j,知识点g7R2j,0.8092,80.92,5,13,8,good
z0ti2nr5nh9fpad7wntt,k4W1c,知识点k4W1c,0.7535,75.35,1,6,4,good
z0ti2nr5nh9fpad7wntt,m3D1v,知识点m3D1v,0.7096,70.96,10,31,22,good
z0ti2nr5nh9fpad7wntt,r8S3g,知识点r8S3g,0.5707,57.07,4,15,7,medium
z0ti2nr5nh9fpad7wntt,s8Y2f,知识点s8Y2f,0.5647,56.47,1,1,0,medium
z0ti2nr5nh9fpad7wntt,t5V9e,知识点t5V9e,0.7531,75.31,5,13,8,good
z0ti2nr5nh9fpad7wntt,y9W5d,知识点y9W5d,0.6907,69.07,10,28,20,good
44x159fl0pw2uucriuga,b3C9s,知识点b3C9s,0.8149,81.49,3,7,4,good
44x159fl0pw2uucriuga,g7R2j,知识点g7R2j,0.7985,79.85,5,17,15,good
44x159fl0pw2uucriuga,k4W1c,知识点k4W1c,0.7903,79.03,1,5,5,good
44x159fl0pw2uucriuga,m3D1v,知识点m3D1v,0.826,82.6,12,38,27,good
44x159fl0pw2uucriuga,r8S3g,知识点r8S3g,0.6568,65.68,4,16,5,good
44x159fl0pw2uucriuga,s8Y2f,知识点s8Y2f,0.6296,62.96,1,3,0,good
44x159fl0pw2uucriuga,t5V9e,知识点t5V9e,0.7175,71.75,5,16,8,good
44x159fl0pw2uucriuga,y9W5d,知识点y9W5d,0.8476,84.76,11,35,25,good
7c2qxvccum7f93e8ohgt,b3C9s,知识点b3C9s,0.4439,44.39,1,1,1,medium
7c2qxvccum7f93e8ohgt,g7R2j,知识点g7R2j,0.7572,75.72,5,22,14,good
7c2qxvccum7f93e8ohgt,k4W1c,知识点k4W1c,0.84,84.0,1,5,4,good
7c2qxvccum7f93e8ohgt,m3D1v,知识点m3D1v,0.8006,80.06,12,36,25,good
7c2qxvccum7f93e8ohgt,r8S3g,知识点r8S3g,0.7799,77.99,5,24,11,good
7c2qxvccum7f93e8ohgt,s8Y2f,知识点s8Y2f,0.6649,66.49,0,0,0,good
7c2qxvccum7f93e8ohgt,t5V9e,知识点t5V9e,0.6669,66.69,5,15,4,good
7c2qxvccum7f93e8ohgt,y9W5d,知识点y9W5d,0.7754,77.54,10,36,23,good
d6qgzp196pwnzk7agyn6,b3C9s,知识点b3C9s,0.797,79.7,3,8,5,good
d6qgzp196pwnzk7agyn6,g7R2j,知识点g7R2j,0.7532,75.32,5,27,15,good
d6qgzp196pwnzk7agyn6,k4W1c,知识点k4W1c,0.7628,76.28,1,4,2,good
d6qgzp196pwnzk7agyn6,m3D1v,知识点m3D1v,0.7374,73.74,12,37,23,good
d6qgzp196pwnzk7agyn6,r8S3g,知识点r8S3g,0.6991,69.91,4,24,9,good
d6qgzp196pwnzk7agyn6,s8Y2f,知识点s8Y2f,0.707,70.7,1,5,2,good
d6qgzp196pwnzk7agyn6,t5V9e,知识点t5V9e,0.792,79.2,5,17,11,good
d6qgzp196pwnzk7agyn6,y9W5d,知识点y9W5d,0.726,72.6,9,27,18,good
alj4azvv1eqg1cyr3ae3,b3C9s,知识点b3C9s,0.8878,88.78,3,6,5,good
alj4azvv1eqg1cyr3ae3,g7R2j,知识点g7R2j,0.858,85.8,5,22,20,good
alj4azvv1eqg1cyr3ae3,k4W1c,知识点k4W1c,0.8971,89.71,1,3,3,good
alj4azvv1eqg1cyr3ae3,m3D1v,知识点m3D1v,0.7396,73.96,11,27,16,good
alj4azvv1eqg1cyr3ae3,r8S3g,知识点r8S3g,0.6639,66.39,4,18,4,good
alj4azvv1eqg1cyr3ae3,s8Y2f,知识点s8Y2f,0.7478,74.78,1,3,2,good
alj4azvv1eqg1cyr3ae3,t5V9e,知识点t5V9e,0.6952,69.52,5,13,3,good
alj4azvv1eqg1cyr3ae3,y9W5d,知识点y9W5d,0.8079,80.79,9,23,17,good
vqz1prz6hwnqepxsieip,b3C9s,知识点b3C9s,0.6443,64.43,2,3,2,good
vqz1prz6hwnqepxsieip,g7R2j,知识点g7R2j,0.6745,67.45,5,15,6,good
vqz1prz6hwnqepxsieip,k4W1c,知识点k4W1c,0.9483,94.83,1,2,2,good
vqz1prz6hwnqepxsieip,m3D1v,知识点m3D1v,0.7012,70.12,11,34,18,good
vqz1prz6hwnqepxsieip,r8S3g,知识点r8S3g,0.7342,73.42,5,18,8,good
vqz1prz6hwnqepxsieip,s8Y2f,知识点s8Y2f,0.7632,76.32,1,3,1,good
vqz1prz6hwnqepxsieip,t5V9e,知识点t5V9e,0.7299,72.99,5,19,13,good
vqz1prz6hwnqepxsieip,y9W5d,知识点y9W5d,0.7553,75.53,10,27,21,good
4xh67ezjc331pg9q3kfv,b3C9s,知识点b3C9s,0.6661,66.61,2,5,1,good
4xh67ezjc331pg9q3kfv,g7R2j,知识点g7R2j,0.7882,78.82,5,25,19,good
4xh67ezjc331pg9q3kfv,k4W1c,知识点k4W1c,0.7305,73.05,1,4,2,good
4xh67ezjc331pg9q3kfv,m3D1v,知识点m3D1v,0.6772,67.72,11,32,17,good
4xh67ezjc331pg9q3kfv,r8S3g,知识点r8S3g,0.6482,64.82,5,19,1,good
4xh67ezjc331pg9q3kfv,s8Y2f,知识点s8Y2f,0.665,66.5,1,3,2,good
4xh67ezjc331pg9q3kfv,t5V9e,知识点t5V9e,0.6174,61.74,4,21,15,good
4xh67ezjc331pg9q3kfv,y9W5d,知识点y9W5d,0.5636,56.36,7,20,11,medium
t8a5fgt3wo8w18amulu3,b3C9s,知识点b3C9s,0.7746,77.46,3,5,3,good
t8a5fgt3wo8w18amulu3,g7R2j,知识点g7R2j,0.8192,81.92,5,10,9,good
t8a5fgt3wo8w18amulu3,k4W1c,知识点k4W1c,0.8984,89.84,1,2,2,good
t8a5fgt3wo8w18amulu3,m3D1v,知识点m3D1v,0.6874,68.74,9,20,12,good
t8a5fgt3wo8w18amulu3,r8S3g,知识点r8S3g,0.6703,67.03,5,23,7,good
t8a5fgt3wo8w18amulu3,s8Y2f,知识点s8Y2f,0.7893,78.93,1,4,3,good
t8a5fgt3wo8w18amulu3,t5V9e,知识点t5V9e,0.6341,63.41,4,15,10,good
t8a5fgt3wo8w18amulu3,y9W5d,知识点y9W5d,0.6436,64.36,9,21,15,good
7r0ywonplo8up7m35eav,b3C9s,知识点b3C9s,0.3456,34.56,1,2,2,poor
7r0ywonplo8up7m35eav,g7R2j,知识点g7R2j,0.7745,77.45,5,17,11,good
7r0ywonplo8up7m35eav,k4W1c,知识点k4W1c,0.8473,84.73,1,2,2,good
7r0ywonplo8up7m35eav,m3D1v,知识点m3D1v,0.6721,67.21,9,18,10,good
7r0ywonplo8up7m35eav,r8S3g,知识点r8S3g,0.7273,72.73,5,32,13,good
7r0ywonplo8up7m35eav,s8Y2f,知识点s8Y2f,0.6845,68.45,1,6,4,good
7r0ywonplo8up7m35eav,t5V9e,知识点t5V9e,0.7458,74.58,5,13,9,good
7r0ywonplo8up7m35eav,y9W5d,知识点y9W5d,0.8038,80.38,11,33,21,good
no0afrue2n6m8hcnuek1,b3C9s,知识点b3C9s,0.9681,96.81,3,4,4,good
no0afrue2n6m8hcnuek1,g7R2j,知识点g7R2j,0.5842,58.42,4,16,12,medium
no0afrue2n6m8hcnuek1,k4W1c,知识点k4W1c,0.9684,96.84,1,7,7,good
no0afrue2n6m8hcnuek1,m3D1v,知识点m3D1v,0.6511,65.11,11,43,21,good
no0afrue2n6m8hcnuek1,r8S3g,知识点r8S3g,0.7271,72.71,5,26,15,good
no0afrue2n6m8hcnuek1,s8Y2f,知识点s8Y2f,0.6739,67.39,1,10,3,good
no0afrue2n6m8hcnuek1,t5V9e,知识点t5V9e,0.5783,57.83,4,19,12,medium
no0afrue2n6m8hcnuek1,y9W5d,知识点y9W5d,0.7893,78.93,10,41,27,good
ymb5gxf0fi27kpj2f101,b3C9s,知识点b3C9s,0.5958,59.58,2,6,5,medium
ymb5gxf0fi27kpj2f101,g7R2j,知识点g7R2j,0.8046,80.46,4,8,5,good
ymb5gxf0fi27kpj2f101,k4W1c,知识点k4W1c,0.9471,94.71,1,2,2,good
ymb5gxf0fi27kpj2f101,m3D1v,知识点m3D1v,0.6254,62.54,9,23,10,good
ymb5gxf0fi27kpj2f101,r8S3g,知识点r8S3g,0.6824,68.24,4,28,7,good
ymb5gxf0fi27kpj2f101,s8Y2f,知识点s8Y2f,0.8127,81.27,1,4,2,good
ymb5gxf0fi27kpj2f101,t5V9e,知识点t5V9e,0.5818,58.18,4,8,5,medium
ymb5gxf0fi27kpj2f101,y9W5d,知识点y9W5d,0.7909,79.09,10,26,20,good
d93519b044de1fa037b0,b3C9s,知识点b3C9s,0.9977,99.77,3,3,3,good
d93519b044de1fa037b0,g7R2j,知识点g7R2j,0.9981,99.81,5,5,5,good
d93519b044de1fa037b0,k4W1c,知识点k4W1c,0.9991,99.91,1,1,1,good
d93519b044de1fa037b0,m3D1v,知识点m3D1v,0.9742,97.42,12,17,12,good
d93519b044de1fa037b0,r8S3g,知识点r8S3g,0.9077,90.77,5,9,6,good
d93519b044de1fa037b0,s8Y2f,知识点s8Y2f,0.9988,99.88,1,1,1,good
d93519b044de1fa037b0,t5V9e,知识点t5V9e,0.9981,99.81,5,5,5,good
d93519b044de1fa037b0,y9W5d,知识点y9W5d,0.9676,96.76,11,16,10,good
afc99b4940e933922aca,b3C9s,知识点b3C9s,0.9436,94.36,3,3,3,good
afc99b4940e933922aca,g7R2j,知识点g7R2j,0.7791,77.91,5,13,5,good
afc99b4940e933922aca,k4W1c,知识点k4W1c,0.9987,99.87,1,1,1,good
afc99b4940e933922aca,m3D1v,知识点m3D1v,0.9436,94.36,12,18,14,good
afc99b4940e933922aca,r8S3g,知识点r8S3g,0.6355,63.55,5,37,6,good
afc99b4940e933922aca,s8Y2f,知识点s8Y2f,0.9989,99.89,1,1,1,good
afc99b4940e933922aca,t5V9e,知识点t5V9e,0.7204,72.04,5,40,10,good
afc99b4940e933922aca,y9W5d,知识点y9W5d,0.935,93.5,11,17,11,good
c5d83404b165578ef794,b3C9s,知识点b3C9s,0.9989,99.89,3,3,3,good
c5d83404b165578ef794,g7R2j,知识点g7R2j,0.9514,95.14,5,7,5,good
c5d83404b165578ef794,k4W1c,知识点k4W1c,0.9992,99.92,1,1,1,good
c5d83404b165578ef794,m3D1v,知识点m3D1v,0.9452,94.52,12,17,16,good
c5d83404b165578ef794,r8S3g,知识点r8S3g,0.8379,83.79,5,12,7,good
c5d83404b165578ef794,s8Y2f,知识点s8Y2f,0.7129,71.29,1,6,4,good
c5d83404b165578ef794,t5V9e,知识点t5V9e,0.9146,91.46,5,11,11,good
c5d83404b165578ef794,y9W5d,知识点y9W5d,0.9091,90.91,11,28,24,good
dcd0562f8fb44933cb08,b3C9s,知识点b3C9s,0.9046,90.46,3,5,3,good
dcd0562f8fb44933cb08,g7R2j,知识点g7R2j,0.8564,85.64,4,6,3,good
dcd0562f8fb44933cb08,k4W1c,知识点k4W1c,0.9982,99.82,1,1,1,good
dcd0562f8fb44933cb08,m3D1v,知识点m3D1v,0.9674,96.74,12,13,11,good
dcd0562f8fb44933cb08,r8S3g,知识点r8S3g,0.8627,86.27,5,25,6,good
dcd0562f8fb44933cb08,s8Y2f,知识点s8Y2f,0.9987,99.87,1,1,1,good
dcd0562f8fb44933cb08,t5V9e,知识点t5V9e,0.8504,85.04,5,10,5,good
dcd0562f8fb44933cb08,y9W5d,知识点y9W5d,0.9566,95.66,11,16,11,good
7694d71417c2f5202940,b3C9s,知识点b3C9s,0.9988,99.88,3,3,3,good
7694d71417c2f5202940,g7R2j,知识点g7R2j,0.7661,76.61,5,10,3,good
7694d71417c2f5202940,k4W1c,知识点k4W1c,0.7629,76.29,1,3,1,good
7694d71417c2f5202940,m3D1v,知识点m3D1v,0.7738,77.38,12,44,16,good
7694d71417c2f5202940,r8S3g,知识点r8S3g,0.7195,71.95,5,61,13,good
7694d71417c2f5202940,s8Y2f,知识点s8Y2f,0.998,99.8,1,1,1,good
7694d71417c2f5202940,t5V9e,知识点t5V9e,0.8346,83.46,5,33,15,good
7694d71417c2f5202940,y9W5d,知识点y9W5d,0.9053,90.53,11,20,13,good
3ba42ec5350aacb0750a,b3C9s,知识点b3C9s,0.662,66.2,3,9,6,good
3ba42ec5350aacb0750a,g7R2j,知识点g7R2j,0.7889,78.89,5,51,37,good
3ba42ec5350aacb0750a,k4W1c,知识点k4W1c,0.7253,72.53,1,24,21,good
3ba42ec5350aacb0750a,m3D1v,知识点m3D1v,0.6951,69.51,12,81,63,good
3ba42ec5350aacb0750a,r8S3g,知识点r8S3g,0.7373,73.73,5,18,6,good
3ba42ec5350aacb0750a,s8Y2f,知识点s8Y2f,0.76,76.0,1,4,4,good
3ba42ec5350aacb0750a,t5V9e,知识点t5V9e,0.7793,77.93,5,23,18,good
3ba42ec5350aacb0750a,y9W5d,知识点y9W5d,0.7511,75.11,11,87,69,good
e9b6fa8a87469779d732,b3C9s,知识点b3C9s,0.8431,84.31,3,10,8,good
e9b6fa8a87469779d732,g7R2j,知识点g7R2j,0.8318,83.18,5,35,25,good
e9b6fa8a87469779d732,k4W1c,知识点k4W1c,0.6544,65.44,1,2,2,good
e9b6fa8a87469779d732,m3D1v,知识点m3D1v,0.7271,72.71,12,55,24,good
e9b6fa8a87469779d732,r8S3g,知识点r8S3g,0.8689,86.89,5,12,6,good
e9b6fa8a87469779d732,s8Y2f,知识点s8Y2f,0.6184,61.84,1,4,3,good
e9b6fa8a87469779d732,t5V9e,知识点t5V9e,0.7662,76.62,5,16,9,good
e9b6fa8a87469779d732,y9W5d,知识点y9W5d,0.7054,70.54,11,62,32,good
cafe5989da5dfed9f404,b3C9s,知识点b3C9s,0.9482,94.82,3,5,4,good
cafe5989da5dfed9f404,g7R2j,知识点g7R2j,0.8282,82.82,5,18,13,good
cafe5989da5dfed9f404,k4W1c,知识点k4W1c,0.9985,99.85,1,1,1,good
cafe5989da5dfed9f404,m3D1v,知识点m3D1v,0.8102,81.02,12,102,53,good
cafe5989da5dfed9f404,r8S3g,知识点r8S3g,0.7287,72.87,5,12,7,good
cafe5989da5dfed9f404,s8Y2f,知识点s8Y2f,0.7129,71.29,1,1,1,good
cafe5989da5dfed9f404,t5V9e,知识点t5V9e,0.5973,59.73,5,93,25,medium
cafe5989da5dfed9f404,y9W5d,知识点y9W5d,0.8683,86.83,11,20,17,good
d52b119f8da2a1812722,b3C9s,知识点b3C9s,0.9986,99.86,3,4,4,good
d52b119f8da2a1812722,g7R2j,知识点g7R2j,0.8457,84.57,5,9,5,good
d52b119f8da2a1812722,k4W1c,知识点k4W1c,0.9992,99.92,1,1,1,good
d52b119f8da2a1812722,m3D1v,知识点m3D1v,0.8944,89.44,12,32,16,good
d52b119f8da2a1812722,r8S3g,知识点r8S3g,0.6901,69.01,5,44,6,good
d52b119f8da2a1812722,s8Y2f,知识点s8Y2f,0.6753,67.53,1,4,1,good
d52b119f8da2a1812722,t5V9e,知识点t5V9e,0.8881,88.81,5,14,6,good
d52b119f8da2a1812722,y9W5d,知识点y9W5d,0.9313,93.13,11,31,11,good
11dae4659d30031a10dd,b3C9s,知识点b3C9s,0.9246,92.46,3,6,4,good
11dae4659d30031a10dd,g7R2j,知识点g7R2j,0.908,90.8,5,17,8,good
11dae4659d30031a10dd,k4W1c,知识点k4W1c,0.9993,99.93,1,1,1,good
11dae4659d30031a10dd,m3D1v,知识点m3D1v,0.8198,81.98,12,51,26,good
11dae4659d30031a10dd,r8S3g,知识点r8S3g,0.8619,86.19,5,17,7,good
11dae4659d30031a10dd,s8Y2f,知识点s8Y2f,0.8627,86.27,1,3,2,good
11dae4659d30031a10dd,t5V9e,知识点t5V9e,0.7361,73.61,5,47,31,good
11dae4659d30031a10dd,y9W5d,知识点y9W5d,0.8648,86.48,11,41,18,good
ec4897070f2d3b6eab89,b3C9s,知识点b3C9s,0.7307,73.07,3,10,3,good
ec4897070f2d3b6eab89,g7R2j,知识点g7R2j,0.9151,91.51,5,18,15,good
ec4897070f2d3b6eab89,k4W1c,知识点k4W1c,0.6692,66.92,1,2,1,good
ec4897070f2d3b6eab89,m3D1v,知识点m3D1v,0.8478,84.78,12,28,17,good
ec4897070f2d3b6eab89,r8S3g,知识点r8S3g,0.9377,93.77,5,13,6,good
ec4897070f2d3b6eab89,s8Y2f,知识点s8Y2f,0.7628,76.28,1,1,1,good
ec4897070f2d3b6eab89,t5V9e,知识点t5V9e,0.8766,87.66,5,15,15,good
ec4897070f2d3b6eab89,y9W5d,知识点y9W5d,0.816,81.6,11,20,14,good
a3a0e2129e405aef3d87,b3C9s,知识点b3C9s,0.8457,84.57,3,6,3,good
a3a0e2129e405aef3d87,g7R2j,知识点g7R2j,0.8535,85.35,5,17,6,good
a3a0e2129e405aef3d87,k4W1c,知识点k4W1c,0.9992,99.92,1,1,1,good
a3a0e2129e405aef3d87,m3D1v,知识点m3D1v,0.9552,95.52,12,15,12,good
a3a0e2129e405aef3d87,r8S3g,知识点r8S3g,0.9618,96.18,5,6,6,good
a3a0e2129e405aef3d87,s8Y2f,知识点s8Y2f,0.9994,99.94,1,1,1,good
a3a0e2129e405aef3d87,t5V9e,知识点t5V9e,0.9599,95.99,5,9,9,good
a3a0e2129e405aef3d87,y9W5d,知识点y9W5d,0.946,94.6,11,17,11,good
a06fdb8743c4d4ef09fe,b3C9s,知识点b3C9s,0.9989,99.89,3,3,3,good
a06fdb8743c4d4ef09fe,g7R2j,知识点g7R2j,0.9991,99.91,5,5,5,good
a06fdb8743c4d4ef09fe,k4W1c,知识点k4W1c,0.8153,81.53,1,1,1,good
a06fdb8743c4d4ef09fe,m3D1v,知识点m3D1v,0.9486,94.86,12,22,19,good
a06fdb8743c4d4ef09fe,r8S3g,知识点r8S3g,0.7023,70.23,5,45,6,good
a06fdb8743c4d4ef09fe,s8Y2f,知识点s8Y2f,0.999,99.9,1,1,1,good
a06fdb8743c4d4ef09fe,t5V9e,知识点t5V9e,0.8679,86.79,5,14,13,good
a06fdb8743c4d4ef09fe,y9W5d,知识点y9W5d,0.9292,92.92,11,17,14,good
3ff069e95a9047dbfa8b,b3C9s,知识点b3C9s,0.9988,99.88,3,4,4,good
3ff069e95a9047dbfa8b,g7R2j,知识点g7R2j,0.8679,86.79,5,26,17,good
3ff069e95a9047dbfa8b,k4W1c,知识点k4W1c,0.7224,72.24,1,16,13,good
3ff069e95a9047dbfa8b,m3D1v,知识点m3D1v,0.902,90.2,12,28,19,good
3ff069e95a9047dbfa8b,r8S3g,知识点r8S3g,0.851,85.1,5,56,8,good
3ff069e95a9047dbfa8b,s8Y2f,知识点s8Y2f,0.8142,81.42,1,2,1,good
3ff069e95a9047dbfa8b,t5V9e,知识点t5V9e,0.9269,92.69,5,25,22,good
3ff069e95a9047dbfa8b,y9W5d,知识点y9W5d,0.8073,80.73,11,69,51,good
016226278e6a69e10aa4,b3C9s,知识点b3C9s,0.8341,83.41,3,4,4,good
016226278e6a69e10aa4,g7R2j,知识点g7R2j,0.7633,76.33,5,20,15,good
016226278e6a69e10aa4,k4W1c,知识点k4W1c,0.6036,60.36,1,8,2,good
016226278e6a69e10aa4,m3D1v,知识点m3D1v,0.827,82.7,12,36,17,good
016226278e6a69e10aa4,r8S3g,知识点r8S3g,0.6592,65.92,5,59,6,good
016226278e6a69e10aa4,s8Y2f,知识点s8Y2f,0.8147,81.47,1,1,1,good
016226278e6a69e10aa4,t5V9e,知识点t5V9e,0.6914,69.14,5,40,11,good
016226278e6a69e10aa4,y9W5d,知识点y9W5d,0.7648,76.48,11,42,24,good
7c1d8516e6c2ab2d3030,b3C9s,知识点b3C9s,0.9449,94.49,3,5,5,good
7c1d8516e6c2ab2d3030,g7R2j,知识点g7R2j,0.868,86.8,5,11,5,good
7c1d8516e6c2ab2d3030,k4W1c,知识点k4W1c,0.9988,99.88,1,2,2,good
7c1d8516e6c2ab2d3030,m3D1v,知识点m3D1v,0.965,96.5,12,15,14,good
7c1d8516e6c2ab2d3030,r8S3g,知识点r8S3g,0.8607,86.07,5,23,7,good
7c1d8516e6c2ab2d3030,s8Y2f,知识点s8Y2f,0.9987,99.87,1,1,1,good
7c1d8516e6c2ab2d3030,t5V9e,知识点t5V9e,0.8764,87.64,5,12,8,good
7c1d8516e6c2ab2d3030,y9W5d,知识点y9W5d,0.9772,97.72,11,17,17,good
453d43b3f6bdf467e672,b3C9s,知识点b3C9s,0.7903,79.03,3,42,40,good
453d43b3f6bdf467e672,g7R2j,知识点g7R2j,0.831,83.1,5,46,30,good
453d43b3f6bdf467e672,k4W1c,知识点k4W1c,0.9984,99.84,1,1,1,good
453d43b3f6bdf467e672,m3D1v,知识点m3D1v,0.914,91.4,12,28,24,good
453d43b3f6bdf467e672,r8S3g,知识点r8S3g,0.7867,78.67,5,24,6,good
453d43b3f6bdf467e672,s8Y2f,知识点s8Y2f,0.9141,91.41,1,6,5,good
453d43b3f6bdf467e672,t5V9e,知识点t5V9e,0.8786,87.86,5,17,11,good
453d43b3f6bdf467e672,y9W5d,知识点y9W5d,0.8869,88.69,11,75,68,good
6fe309a58b787e7010eb,b3C9s,知识点b3C9s,0.8412,84.12,3,8,4,good
6fe309a58b787e7010eb,g7R2j,知识点g7R2j,0.8041,80.41,5,26,25,good
6fe309a58b787e7010eb,k4W1c,知识点k4W1c,0.7415,74.15,1,6,3,good
6fe309a58b787e7010eb,m3D1v,知识点m3D1v,0.8814,88.14,12,20,14,good
6fe309a58b787e7010eb,r8S3g,知识点r8S3g,0.7156,71.56,5,94,6,good
6fe309a58b787e7010eb,s8Y2f,知识点s8Y2f,0.7346,73.46,1,1,1,good
6fe309a58b787e7010eb,t5V9e,知识点t5V9e,0.7889,78.89,5,38,23,good
6fe309a58b787e7010eb,y9W5d,知识点y9W5d,0.8597,85.97,11,43,23,good
d8ed5a1897987ffdeaed,b3C9s,知识点b3C9s,0.905,90.5,3,7,4,good
d8ed5a1897987ffdeaed,g7R2j,知识点g7R2j,0.9753,97.53,5,11,11,good
d8ed5a1897987ffdeaed,k4W1c,知识点k4W1c,0.9317,93.17,1,3,3,good
d8ed5a1897987ffdeaed,m3D1v,知识点m3D1v,0.8932,89.32,12,36,32,good
d8ed5a1897987ffdeaed,r8S3g,知识点r8S3g,0.7578,75.78,5,31,6,good
d8ed5a1897987ffdeaed,s8Y2f,知识点s8Y2f,0.9984,99.84,1,1,1,good
d8ed5a1897987ffdeaed,t5V9e,知识点t5V9e,0.8374,83.74,5,16,11,good
d8ed5a1897987ffdeaed,y9W5d,知识点y9W5d,0.9157,91.57,11,32,31,good
99a53846658ba3341de6,b3C9s,知识点b3C9s,0.8521,85.21,3,7,7,good
99a53846658ba3341de6,g7R2j,知识点g7R2j,0.8981,89.81,5,11,11,good
99a53846658ba3341de6,k4W1c,知识点k4W1c,0.947,94.7,1,2,2,good
99a53846658ba3341de6,m3D1v,知识点m3D1v,0.9005,90.05,12,23,19,good
99a53846658ba3341de6,r8S3g,知识点r8S3g,0.8524,85.24,5,14,6,good
99a53846658ba3341de6,s8Y2f,知识点s8Y2f,0.9992,99.92,1,1,1,good
99a53846658ba3341de6,t5V9e,知识点t5V9e,0.9109,91.09,5,8,7,good
99a53846658ba3341de6,y9W5d,知识点y9W5d,0.9103,91.03,11,28,24,good
3919286d3d8c4f4d339c,b3C9s,知识点b3C9s,0.8726,87.26,3,4,4,good
3919286d3d8c4f4d339c,g7R2j,知识点g7R2j,0.8362,83.62,5,13,7,good
3919286d3d8c4f4d339c,k4W1c,知识点k4W1c,0.6978,69.78,1,5,4,good
3919286d3d8c4f4d339c,m3D1v,知识点m3D1v,0.8239,82.39,12,34,25,good
3919286d3d8c4f4d339c,r8S3g,知识点r8S3g,0.7242,72.42,5,50,6,good
3919286d3d8c4f4d339c,s8Y2f,知识点s8Y2f,0.7627,76.27,1,3,1,good
3919286d3d8c4f4d339c,t5V9e,知识点t5V9e,0.7809,78.09,5,22,17,good
3919286d3d8c4f4d339c,y9W5d,知识点y9W5d,0.8115,81.15,11,32,24,good
4a6e1cf1e4e9d8f54717,b3C9s,知识点b3C9s,0.9828,98.28,3,6,6,good
4a6e1cf1e4e9d8f54717,g7R2j,知识点g7R2j,0.9534,95.34,5,11,10,good
4a6e1cf1e4e9d8f54717,k4W1c,知识点k4W1c,0.9983,99.83,1,1,1,good
4a6e1cf1e4e9d8f54717,m3D1v,知识点m3D1v,0.9736,97.36,12,14,13,good
4a6e1cf1e4e9d8f54717,r8S3g,知识点r8S3g,0.8771,87.71,5,11,6,good
4a6e1cf1e4e9d8f54717,s8Y2f,知识点s8Y2f,0.8131,81.31,1,2,1,good
4a6e1cf1e4e9d8f54717,t5V9e,知识点t5V9e,0.9609,96.09,5,5,5,good
4a6e1cf1e4e9d8f54717,y9W5d,知识点y9W5d,0.9456,94.56,11,17,15,good
0fc996fff93c00ca5ced,b3C9s,知识点b3C9s,0.9201,92.01,3,6,3,good
0fc996fff93c00ca5ced,g7R2j,知识点g7R2j,0.78,78.0,5,20,6,good
0fc996fff93c00ca5ced,k4W1c,知识点k4W1c,0.6483,64.83,1,6,4,good
0fc996fff93c00ca5ced,m3D1v,知识点m3D1v,0.7022,70.22,12,113,51,good
0fc996fff93c00ca5ced,r8S3g,知识点r8S3g,0.6042,60.42,5,172,10,good
0fc996fff93c00ca5ced,s8Y2f,知识点s8Y2f,0.6863,68.63,1,1,1,good
0fc996fff93c00ca5ced,t5V9e,知识点t5V9e,0.7479,74.79,5,45,17,good
0fc996fff93c00ca5ced,y9W5d,知识点y9W5d,0.7465,74.65,11,24,20,good
aa83cf5fc68c1dcb5038,b3C9s,知识点b3C9s,0.8529,85.29,3,5,5,good
aa83cf5fc68c1dcb5038,g7R2j,知识点g7R2j,0.7242,72.42,5,20,11,good
aa83cf5fc68c1dcb5038,k4W1c,知识点k4W1c,0.7546,75.46,1,12,10,good
aa83cf5fc68c1dcb5038,m3D1v,知识点m3D1v,0.8006,80.06,12,39,32,good
aa83cf5fc68c1dcb5038,r8S3g,知识点r8S3g,0.9611,96.11,5,12,10,good
aa83cf5fc68c1dcb5038,s8Y2f,知识点s8Y2f,0.6557,65.57,1,6,2,good
aa83cf5fc68c1dcb5038,t5V9e,知识点t5V9e,0.8499,84.99,5,15,13,good
aa83cf5fc68c1dcb5038,y9W5d,知识点y9W5d,0.8633,86.33,11,65,53,good
c9c946fe211251af32d1,b3C9s,知识点b3C9s,0.8562,85.62,3,8,4,good
c9c946fe211251af32d1,g7R2j,知识点g7R2j,0.9172,91.72,5,15,13,good
c9c946fe211251af32d1,k4W1c,知识点k4W1c,0.8114,81.14,1,4,4,good
c9c946fe211251af32d1,m3D1v,知识点m3D1v,0.8724,87.24,12,34,28,good
c9c946fe211251af32d1,r8S3g,知识点r8S3g,0.7987,79.87,5,13,6,good
c9c946fe211251af32d1,s8Y2f,知识点s8Y2f,0.6851,68.51,1,3,1,good
c9c946fe211251af32d1,t5V9e,知识点t5V9e,0.8364,83.64,5,35,31,good
c9c946fe211251af32d1,y9W5d,知识点y9W5d,0.8953,89.53,11,20,15,good
bb3328d3b1eecb5e1a8a,b3C9s,知识点b3C9s,0.7533,75.33,3,55,31,good
bb3328d3b1eecb5e1a8a,g7R2j,知识点g7R2j,0.8428,84.28,5,20,14,good
bb3328d3b1eecb5e1a8a,k4W1c,知识点k4W1c,0.999,99.9,1,2,2,good
bb3328d3b1eecb5e1a8a,m3D1v,知识点m3D1v,0.7033,70.33,12,96,29,good
bb3328d3b1eecb5e1a8a,r8S3g,知识点r8S3g,0.6246,62.46,5,120,8,good
bb3328d3b1eecb5e1a8a,s8Y2f,知识点s8Y2f,0.7626,76.26,1,1,1,good
bb3328d3b1eecb5e1a8a,t5V9e,知识点t5V9e,0.7333,73.33,5,39,9,good
bb3328d3b1eecb5e1a8a,y9W5d,知识点y9W5d,0.7876,78.76,11,48,21,good
5f7b406b2bbf9789735f,b3C9s,知识点b3C9s,0.9988,99.88,3,3,3,good
5f7b406b2bbf9789735f,g7R2j,知识点g7R2j,0.9983,99.83,5,5,5,good
5f7b406b2bbf9789735f,k4W1c,知识点k4W1c,0.9987,99.87,1,1,1,good
5f7b406b2bbf9789735f,m3D1v,知识点m3D1v,0.9358,93.58,12,18,12,good
5f7b406b2bbf9789735f,r8S3g,知识点r8S3g,0.808,80.8,5,43,9,good
5f7b406b2bbf9789735f,s8Y2f,知识点s8Y2f,0.703,70.3,1,3,1,good
5f7b406b2bbf9789735f,t5V9e,知识点t5V9e,0.9075,90.75,5,8,7,good
5f7b406b2bbf9789735f,y9W5d,知识点y9W5d,0.9381,93.81,11,25,11,good
61de1e21015e07aacbe8,b3C9s,知识点b3C9s,0.8805,88.05,3,23,17,good
61de1e21015e07aacbe8,g7R2j,知识点g7R2j,0.7906,79.06,5,47,24,good
61de1e21015e07aacbe8,k4W1c,知识点k4W1c,0.9982,99.82,1,2,2,good
61de1e21015e07aacbe8,m3D1v,知识点m3D1v,0.7343,73.43,12,107,62,good
61de1e21015e07aacbe8,r8S3g,知识点r8S3g,0.7691,76.91,5,35,9,good
61de1e21015e07aacbe8,s8Y2f,知识点s8Y2f,0.6898,68.98,1,14,4,good
61de1e21015e07aacbe8,t5V9e,知识点t5V9e,0.744,74.4,5,61,34,good
61de1e21015e07aacbe8,y9W5d,知识点y9W5d,0.7993,79.93,11,97,71,good
5m6lgwi0mkqs8ilg3qqs,b3C9s,知识点b3C9s,0.9985,99.85,3,3,3,good
5m6lgwi0mkqs8ilg3qqs,g7R2j,知识点g7R2j,0.7953,79.53,5,28,5,good
5m6lgwi0mkqs8ilg3qqs,k4W1c,知识点k4W1c,0.9979,99.79,1,1,1,good
5m6lgwi0mkqs8ilg3qqs,m3D1v,知识点m3D1v,0.9422,94.22,12,20,13,good
5m6lgwi0mkqs8ilg3qqs,r8S3g,知识点r8S3g,0.8244,82.44,5,11,6,good
5m6lgwi0mkqs8ilg3qqs,s8Y2f,知识点s8Y2f,0.7619,76.19,1,3,1,good
5m6lgwi0mkqs8ilg3qqs,t5V9e,知识点t5V9e,0.9464,94.64,5,8,5,good
5m6lgwi0mkqs8ilg3qqs,y9W5d,知识点y9W5d,0.9381,93.81,11,16,11,good
d1e44a91dd4f37c03d43,b3C9s,知识点b3C9s,0.8322,83.22,3,8,3,good
d1e44a91dd4f37c03d43,g7R2j,知识点g7R2j,0.7664,76.64,5,19,14,good
d1e44a91dd4f37c03d43,k4W1c,知识点k4W1c,0.9993,99.93,1,2,2,good
d1e44a91dd4f37c03d43,m3D1v,知识点m3D1v,0.9242,92.42,12,35,22,good
d1e44a91dd4f37c03d43,r8S3g,知识点r8S3g,0.8146,81.46,5,15,6,good
d1e44a91dd4f37c03d43,s8Y2f,知识点s8Y2f,0.7959,79.59,1,3,2,good
d1e44a91dd4f37c03d43,t5V9e,知识点t5V9e,0.842,84.2,5,16,10,good
d1e44a91dd4f37c03d43,y9W5d,知识点y9W5d,0.881,88.1,11,25,13,good
7bb37669654dedc7e397,b3C9s,知识点b3C9s,0.9991,99.91,3,3,3,good
7bb37669654dedc7e397,g7R2j,知识点g7R2j,0.8146,81.46,5,11,5,good
7bb37669654dedc7e397,k4W1c,知识点k4W1c,0.999,99.9,1,2,2,good
7bb37669654dedc7e397,m3D1v,知识点m3D1v,0.8996,89.96,12,31,20,good
7bb37669654dedc7e397,r8S3g,知识点r8S3g,0.7492,74.92,5,26,6,good
7bb37669654dedc7e397,s8Y2f,知识点s8Y2f,0.8142,81.42,1,1,1,good
7bb37669654dedc7e397,t5V9e,知识点t5V9e,0.8009,80.09,5,19,13,good
7bb37669654dedc7e397,y9W5d,知识点y9W5d,0.8614,86.14,11,30,17,good
061db2c91f94c612f2d4,b3C9s,知识点b3C9s,0.9126,91.26,3,7,7,good
061db2c91f94c612f2d4,g7R2j,知识点g7R2j,0.9764,97.64,5,12,12,good
061db2c91f94c612f2d4,k4W1c,知识点k4W1c,0.9294,92.94,1,3,3,good
061db2c91f94c612f2d4,m3D1v,知识点m3D1v,0.9458,94.58,12,15,13,good
061db2c91f94c612f2d4,r8S3g,知识点r8S3g,0.9612,96.12,5,7,6,good
061db2c91f94c612f2d4,s8Y2f,知识点s8Y2f,0.8135,81.35,1,2,1,good
061db2c91f94c612f2d4,t5V9e,知识点t5V9e,0.9985,99.85,5,5,5,good
061db2c91f94c612f2d4,y9W5d,知识点y9W5d,0.9285,92.85,11,20,15,good
76fe2c19fa84d58b584b,b3C9s,知识点b3C9s,0.9989,99.89,3,3,3,good
76fe2c19fa84d58b584b,g7R2j,知识点g7R2j,0.7422,74.22,5,13,7,good
76fe2c19fa84d58b584b,k4W1c,知识点k4W1c,0.9977,99.77,1,1,1,good
76fe2c19fa84d58b584b,m3D1v,知识点m3D1v,0.7451,74.51,12,65,23,good
76fe2c19fa84d58b584b,r8S3g,知识点r8S3g,0.7208,72.08,5,32,7,good
76fe2c19fa84d58b584b,s8Y2f,知识点s8Y2f,0.998,99.8,1,2,2,good
76fe2c19fa84d58b584b,t5V9e,知识点t5V9e,0.7006,70.06,5,25,16,good
76fe2c19fa84d58b584b,y9W5d,知识点y9W5d,0.9336,93.36,11,18,12,good
f36a755a3fa5db5c0743,b3C9s,知识点b3C9s,0.8988,89.88,3,12,10,good
f36a755a3fa5db5c0743,g7R2j,知识点g7R2j,0.8844,88.44,5,24,23,good
f36a755a3fa5db5c0743,k4W1c,知识点k4W1c,0.9987,99.87,1,1,1,good
f36a755a3fa5db5c0743,m3D1v,知识点m3D1v,0.8935,89.35,12,28,18,good
f36a755a3fa5db5c0743,r8S3g,知识点r8S3g,0.7722,77.22,5,28,6,good
f36a755a3fa5db5c0743,s8Y2f,知识点s8Y2f,0.7017,70.17,1,3,1,good
f36a755a3fa5db5c0743,t5V9e,知识点t5V9e,0.8761,87.61,5,10,10,good
f36a755a3fa5db5c0743,y9W5d,知识点y9W5d,0.8466,84.66,11,31,20,good
cf7f9c2c6872be9bf2d6,b3C9s,知识点b3C9s,0.7643,76.43,3,21,18,good
cf7f9c2c6872be9bf2d6,g7R2j,知识点g7R2j,0.7771,77.71,5,59,47,good
cf7f9c2c6872be9bf2d6,k4W1c,知识点k4W1c,0.7496,74.96,1,16,16,good
cf7f9c2c6872be9bf2d6,m3D1v,知识点m3D1v,0.8908,89.08,12,20,13,good
cf7f9c2c6872be9bf2d6,r8S3g,知识点r8S3g,0.8124,81.24,5,27,6,good
cf7f9c2c6872be9bf2d6,s8Y2f,知识点s8Y2f,0.7078,70.78,1,6,3,good
cf7f9c2c6872be9bf2d6,t5V9e,知识点t5V9e,0.9287,92.87,5,8,8,good
cf7f9c2c6872be9bf2d6,y9W5d,知识点y9W5d,0.8249,82.49,11,44,33,good
b8162292f2171005c2ba,b3C9s,知识点b3C9s,0.9281,92.81,3,5,3,good
b8162292f2171005c2ba,g7R2j,知识点g7R2j,0.8311,83.11,5,9,5,good
b8162292f2171005c2ba,k4W1c,知识点k4W1c,0.6989,69.89,1,14,13,good
b8162292f2171005c2ba,m3D1v,知识点m3D1v,0.7816,78.16,12,62,42,good
b8162292f2171005c2ba,r8S3g,知识点r8S3g,0.7498,74.98,5,32,6,good
b8162292f2171005c2ba,s8Y2f,知识点s8Y2f,0.6757,67.57,1,3,1,good
b8162292f2171005c2ba,t5V9e,知识点t5V9e,0.725,72.5,5,29,18,good
b8162292f2171005c2ba,y9W5d,知识点y9W5d,0.7847,78.47,11,62,47,good
a8350dcececa0b02dd14,b3C9s,知识点b3C9s,0.9991,99.91,3,4,4,good
a8350dcececa0b02dd14,g7R2j,知识点g7R2j,0.9509,95.09,5,30,28,good
a8350dcececa0b02dd14,k4W1c,知识点k4W1c,0.8231,82.31,1,7,7,good
a8350dcececa0b02dd14,m3D1v,知识点m3D1v,0.8494,84.94,12,33,25,good
a8350dcececa0b02dd14,r8S3g,知识点r8S3g,0.7886,78.86,5,24,8,good
a8350dcececa0b02dd14,s8Y2f,知识点s8Y2f,0.8969,89.69,1,2,2,good
a8350dcececa0b02dd14,t5V9e,知识点t5V9e,0.5937,59.37,4,22,8,medium
a8350dcececa0b02dd14,y9W5d,知识点y9W5d,0.8542,85.42,11,54,43,good
c99e6802625540e4d1e2,b3C9s,知识点b3C9s,0.999,99.9,3,3,3,good
c99e6802625540e4d1e2,g7R2j,知识点g7R2j,0.9989,99.89,5,6,6,good
c99e6802625540e4d1e2,k4W1c,知识点k4W1c,0.9982,99.82,1,1,1,good
c99e6802625540e4d1e2,m3D1v,知识点m3D1v,0.9499,94.99,12,22,15,good
c99e6802625540e4d1e2,r8S3g,知识点r8S3g,0.8154,81.54,5,11,6,good
c99e6802625540e4d1e2,s8Y2f,知识点s8Y2f,0.9987,99.87,1,1,1,good
c99e6802625540e4d1e2,t5V9e,知识点t5V9e,0.8996,89.96,5,16,14,good
c99e6802625540e4d1e2,y9W5d,知识点y9W5d,0.9283,92.83,11,32,22,good
cade7d478dac7020a79b,b3C9s,知识点b3C9s,0.854,85.4,3,4,3,good
cade7d478dac7020a79b,g7R2j,知识点g7R2j,0.8289,82.89,5,8,5,good
cade7d478dac7020a79b,k4W1c,知识点k4W1c,0.9987,99.87,1,1,1,good
cade7d478dac7020a79b,m3D1v,知识点m3D1v,0.9132,91.32,12,19,13,good
cade7d478dac7020a79b,r8S3g,知识点r8S3g,0.7733,77.33,5,47,9,good
cade7d478dac7020a79b,s8Y2f,知识点s8Y2f,0.9993,99.93,1,1,1,good
cade7d478dac7020a79b,t5V9e,知识点t5V9e,0.7993,79.93,5,27,11,good
cade7d478dac7020a79b,y9W5d,知识点y9W5d,0.922,92.2,11,18,11,good
20f97b68982d1b2f5c73,b3C9s,知识点b3C9s,0.9989,99.89,3,3,3,good
20f97b68982d1b2f5c73,g7R2j,知识点g7R2j,0.782,78.2,5,29,9,good
20f97b68982d1b2f5c73,k4W1c,知识点k4W1c,0.7985,79.85,1,7,7,good
20f97b68982d1b2f5c73,m3D1v,知识点m3D1v,0.9136,91.36,12,50,15,good
20f97b68982d1b2f5c73,r8S3g,知识点r8S3g,0.6879,68.79,5,61,9,good
20f97b68982d1b2f5c73,s8Y2f,知识点s8Y2f,0.9973,99.73,1,1,1,good
20f97b68982d1b2f5c73,t5V9e,知识点t5V9e,0.8043,80.43,5,24,6,good
20f97b68982d1b2f5c73,y9W5d,知识点y9W5d,0.9235,92.35,11,21,18,good
6d22912e7e93a96a8690,b3C9s,知识点b3C9s,0.9991,99.91,3,3,3,good
6d22912e7e93a96a8690,g7R2j,知识点g7R2j,0.9986,99.86,5,5,5,good
6d22912e7e93a96a8690,k4W1c,知识点k4W1c,0.9985,99.85,1,1,1,good
6d22912e7e93a96a8690,m3D1v,知识点m3D1v,0.9818,98.18,12,15,15,good
6d22912e7e93a96a8690,r8S3g,知识点r8S3g,0.8619,86.19,5,10,6,good
6d22912e7e93a96a8690,s8Y2f,知识点s8Y2f,0.9985,99.85,1,1,1,good
6d22912e7e93a96a8690,t5V9e,知识点t5V9e,0.8318,83.18,5,6,5,good
6d22912e7e93a96a8690,y9W5d,知识点y9W5d,0.9986,99.86,11,11,11,good
db0bcf208cbed26d0bfe,b3C9s,知识点b3C9s,0.9989,99.89,3,4,4,good
db0bcf208cbed26d0bfe,g7R2j,知识点g7R2j,0.9619,96.19,5,5,5,good
db0bcf208cbed26d0bfe,k4W1c,知识点k4W1c,0.9992,99.92,1,1,1,good
db0bcf208cbed26d0bfe,m3D1v,知识点m3D1v,0.9833,98.33,12,12,12,good
db0bcf208cbed26d0bfe,r8S3g,知识点r8S3g,0.9987,99.87,5,8,8,good
db0bcf208cbed26d0bfe,s8Y2f,知识点s8Y2f,0.9994,99.94,1,1,1,good
db0bcf208cbed26d0bfe,t5V9e,知识点t5V9e,0.8883,88.83,5,11,8,good
db0bcf208cbed26d0bfe,y9W5d,知识点y9W5d,0.9576,95.76,11,13,11,good
90f3fbedfce50f644011,b3C9s,知识点b3C9s,0.5879,58.79,3,78,5,medium
90f3fbedfce50f644011,g7R2j,知识点g7R2j,0.6597,65.97,5,47,12,good
90f3fbedfce50f644011,k4W1c,知识点k4W1c,0.6024,60.24,1,28,15,good
90f3fbedfce50f644011,m3D1v,知识点m3D1v,0.7648,76.48,12,129,58,good
90f3fbedfce50f644011,r8S3g,知识点r8S3g,0.7594,75.94,5,24,6,good
90f3fbedfce50f644011,s8Y2f,知识点s8Y2f,0.8141,81.41,1,2,1,good
90f3fbedfce50f644011,t5V9e,知识点t5V9e,0.8322,83.22,5,13,5,good
90f3fbedfce50f644011,y9W5d,知识点y9W5d,0.742,74.2,11,93,33,good
728a4a393899c37a5429,b3C9s,知识点b3C9s,0.9983,99.83,3,3,3,good
728a4a393899c37a5429,g7R2j,知识点g7R2j,0.9566,95.66,5,16,14,good
728a4a393899c37a5429,k4W1c,知识点k4W1c,0.9965,99.65,1,1,1,good
728a4a393899c37a5429,m3D1v,知识点m3D1v,0.9829,98.29,12,13,12,good
728a4a393899c37a5429,r8S3g,知识点r8S3g,0.9984,99.84,5,6,6,good
728a4a393899c37a5429,s8Y2f,知识点s8Y2f,0.7611,76.11,1,3,1,good
728a4a393899c37a5429,t5V9e,知识点t5V9e,0.9984,99.84,5,5,5,good
728a4a393899c37a5429,y9W5d,知识点y9W5d,0.9149,91.49,11,24,20,good
e3d0782396c346359a8f,b3C9s,知识点b3C9s,0.9982,99.82,3,3,3,good
e3d0782396c346359a8f,g7R2j,知识点g7R2j,0.9025,90.25,5,10,5,good
e3d0782396c346359a8f,k4W1c,知识点k4W1c,0.9967,99.67,1,1,1,good
e3d0782396c346359a8f,m3D1v,知识点m3D1v,0.91,91.0,12,30,13,good
e3d0782396c346359a8f,r8S3g,知识点r8S3g,0.8535,85.35,5,17,6,good
e3d0782396c346359a8f,s8Y2f,知识点s8Y2f,0.7023,70.23,1,3,1,good
e3d0782396c346359a8f,t5V9e,知识点t5V9e,0.8911,89.11,5,37,30,good
e3d0782396c346359a8f,y9W5d,知识点y9W5d,0.9654,96.54,11,14,12,good
9d02a160cd171c5f4c18,b3C9s,知识点b3C9s,0.9992,99.92,3,3,3,good
9d02a160cd171c5f4c18,g7R2j,知识点g7R2j,0.9991,99.91,5,5,5,good
9d02a160cd171c5f4c18,k4W1c,知识点k4W1c,0.9987,99.87,1,1,1,good
9d02a160cd171c5f4c18,m3D1v,知识点m3D1v,0.9604,96.04,12,20,19,good
9d02a160cd171c5f4c18,r8S3g,知识点r8S3g,0.6422,64.22,5,46,6,good
9d02a160cd171c5f4c18,s8Y2f,知识点s8Y2f,0.999,99.9,1,2,2,good
9d02a160cd171c5f4c18,t5V9e,知识点t5V9e,0.7293,72.93,5,27,13,good
9d02a160cd171c5f4c18,y9W5d,知识点y9W5d,0.9989,99.89,11,15,15,good
9952cc289c9f690621ec,b3C9s,知识点b3C9s,0.8651,86.51,3,9,3,good
9952cc289c9f690621ec,g7R2j,知识点g7R2j,0.9241,92.41,5,18,16,good
9952cc289c9f690621ec,k4W1c,知识点k4W1c,0.9462,94.62,1,2,2,good
9952cc289c9f690621ec,m3D1v,知识点m3D1v,0.894,89.4,12,20,14,good
9952cc289c9f690621ec,r8S3g,知识点r8S3g,0.9619,96.19,5,8,8,good
9952cc289c9f690621ec,s8Y2f,知识点s8Y2f,0.8127,81.27,1,2,1,good
9952cc289c9f690621ec,t5V9e,知识点t5V9e,0.8129,81.29,5,11,8,good
9952cc289c9f690621ec,y9W5d,知识点y9W5d,0.896,89.6,11,20,13,good
0c57caf5358d30408034,b3C9s,知识点b3C9s,0.8503,85.03,3,11,6,good
0c57caf5358d30408034,g7R2j,知识点g7R2j,0.7835,78.35,5,26,9,good
0c57caf5358d30408034,k4W1c,知识点k4W1c,0.9989,99.89,1,1,1,good
0c57caf5358d30408034,m3D1v,知识点m3D1v,0.7983,79.83,12,44,29,good
0c57caf5358d30408034,r8S3g,知识点r8S3g,0.7606,76.06,5,45,7,good
0c57caf5358d30408034,s8Y2f,知识点s8Y2f,0.8458,84.58,1,4,4,good
0c57caf5358d30408034,t5V9e,知识点t5V9e,0.8195,81.95,5,6,5,good
0c57caf5358d30408034,y9W5d,知识点y9W5d,0.8549,85.49,11,22,15,good
93f451c36b535d39003d,b3C9s,知识点b3C9s,0.9985,99.85,3,3,3,good
93f451c36b535d39003d,g7R2j,知识点g7R2j,0.8578,85.78,4,5,4,good
93f451c36b535d39003d,k4W1c,知识点k4W1c,0.9989,99.89,1,1,1,good
93f451c36b535d39003d,m3D1v,知识点m3D1v,0.9328,93.28,12,18,12,good
93f451c36b535d39003d,r8S3g,知识点r8S3g,0.8993,89.93,5,9,6,good
93f451c36b535d39003d,s8Y2f,知识点s8Y2f,0.9988,99.88,1,1,1,good
93f451c36b535d39003d,t5V9e,知识点t5V9e,0.999,99.9,5,5,5,good
93f451c36b535d39003d,y9W5d,知识点y9W5d,0.9301,93.01,11,16,10,good
ac4d829c715fb0c36ad5,b3C9s,知识点b3C9s,0.9986,99.86,3,3,3,good
ac4d829c715fb0c36ad5,g7R2j,知识点g7R2j,0.9518,95.18,5,7,5,good
ac4d829c715fb0c36ad5,k4W1c,知识点k4W1c,0.9982,99.82,1,1,1,good
ac4d829c715fb0c36ad5,m3D1v,知识点m3D1v,0.9989,99.89,12,12,12,good
ac4d829c715fb0c36ad5,r8S3g,知识点r8S3g,0.9341,93.41,5,8,6,good
ac4d829c715fb0c36ad5,s8Y2f,知识点s8Y2f,0.9994,99.94,1,1,1,good
ac4d829c715fb0c36ad5,t5V9e,知识点t5V9e,0.9989,99.89,5,5,5,good
ac4d829c715fb0c36ad5,y9W5d,知识点y9W5d,0.9653,96.53,11,12,11,good
0d4a3518a188f6888380,b3C9s,知识点b3C9s,0.9984,99.84,3,3,3,good
0d4a3518a188f6888380,g7R2j,知识点g7R2j,0.9977,99.77,5,5,5,good
0d4a3518a188f6888380,k4W1c,知识点k4W1c,0.9952,99.52,1,1,1,good
0d4a3518a188f6888380,m3D1v,知识点m3D1v,0.9631,96.31,12,20,15,good
0d4a3518a188f6888380,r8S3g,知识点r8S3g,0.9984,99.84,5,9,9,good
0d4a3518a188f6888380,s8Y2f,知识点s8Y2f,0.9977,99.77,1,1,1,good
0d4a3518a188f6888380,t5V9e,知识点t5V9e,0.8662,86.62,5,6,6,good
0d4a3518a188f6888380,y9W5d,知识点y9W5d,0.9973,99.73,11,13,13,good
fqcud1c5mt7pdp9w0v6y,b3C9s,知识点b3C9s,0.5664,56.64,2,7,5,medium
fqcud1c5mt7pdp9w0v6y,g7R2j,知识点g7R2j,0.7804,78.04,5,13,9,good
fqcud1c5mt7pdp9w0v6y,k4W1c,知识点k4W1c,0.8656,86.56,1,3,3,good
fqcud1c5mt7pdp9w0v6y,m3D1v,知识点m3D1v,0.7049,70.49,11,24,16,good
fqcud1c5mt7pdp9w0v6y,r8S3g,知识点r8S3g,0.5093,50.93,4,21,3,medium
fqcud1c5mt7pdp9w0v6y,s8Y2f,知识点s8Y2f,0.9987,99.87,1,1,1,good
fqcud1c5mt7pdp9w0v6y,t5V9e,知识点t5V9e,0.6319,63.19,4,17,12,good
fqcud1c5mt7pdp9w0v6y,y9W5d,知识点y9W5d,0.6418,64.18,9,14,9,good
rq44ojyrvdtad0tzsm32,b3C9s,知识点b3C9s,0.7241,72.41,3,14,6,good
rq44ojyrvdtad0tzsm32,g7R2j,知识点g7R2j,0.7677,76.77,4,21,15,good
rq44ojyrvdtad0tzsm32,k4W1c,知识点k4W1c,0.6716,67.16,1,2,1,good
rq44ojyrvdtad0tzsm32,m3D1v,知识点m3D1v,0.7782,77.82,10,28,16,good
rq44ojyrvdtad0tzsm32,r8S3g,知识点r8S3g,0.5388,53.88,4,25,8,medium
rq44ojyrvdtad0tzsm32,s8Y2f,知识点s8Y2f,0.9984,99.84,1,1,1,good
rq44ojyrvdtad0tzsm32,t5V9e,知识点t5V9e,0.7675,76.75,5,21,10,good
rq44ojyrvdtad0tzsm32,y9W5d,知识点y9W5d,0.7435,74.35,10,24,13,good
h6miro3m8713s3dxuipr,b3C9s,知识点b3C9s,0.6078,60.78,2,4,4,good
h6miro3m8713s3dxuipr,g7R2j,知识点g7R2j,0.7269,72.69,4,19,11,good
h6miro3m8713s3dxuipr,k4W1c,知识点k4W1c,0.9171,91.71,1,5,5,good
h6miro3m8713s3dxuipr,m3D1v,知识点m3D1v,0.6891,68.91,11,32,17,good
h6miro3m8713s3dxuipr,r8S3g,知识点r8S3g,0.6662,66.62,5,22,4,good
h6miro3m8713s3dxuipr,s8Y2f,知识点s8Y2f,0.8154,81.54,1,2,1,good
h6miro3m8713s3dxuipr,t5V9e,知识点t5V9e,0.558,55.8,4,13,8,medium
h6miro3m8713s3dxuipr,y9W5d,知识点y9W5d,0.762,76.2,10,26,20,good
lexte4gc3dvjb7ty0qf5,b3C9s,知识点b3C9s,0.8419,84.19,3,11,8,good
lexte4gc3dvjb7ty0qf5,g7R2j,知识点g7R2j,0.8114,81.14,5,14,11,good
lexte4gc3dvjb7ty0qf5,k4W1c,知识点k4W1c,0.6486,64.86,1,5,3,good
lexte4gc3dvjb7ty0qf5,m3D1v,知识点m3D1v,0.795,79.5,12,27,19,good
lexte4gc3dvjb7ty0qf5,r8S3g,知识点r8S3g,0.6642,66.42,5,22,4,good
lexte4gc3dvjb7ty0qf5,s8Y2f,知识点s8Y2f,0.8153,81.53,1,1,1,good
lexte4gc3dvjb7ty0qf5,t5V9e,知识点t5V9e,0.8057,80.57,5,13,11,good
lexte4gc3dvjb7ty0qf5,y9W5d,知识点y9W5d,0.6073,60.73,8,21,13,good
6dx4zt62b8m37krb5l3n,b3C9s,知识点b3C9s,0.8212,82.12,3,8,6,good
6dx4zt62b8m37krb5l3n,g7R2j,知识点g7R2j,0.7712,77.12,5,16,9,good
6dx4zt62b8m37krb5l3n,k4W1c,知识点k4W1c,0.8383,83.83,1,4,3,good
6dx4zt62b8m37krb5l3n,m3D1v,知识点m3D1v,0.7979,79.79,12,34,19,good
6dx4zt62b8m37krb5l3n,r8S3g,知识点r8S3g,0.6703,67.03,5,30,9,good
6dx4zt62b8m37krb5l3n,s8Y2f,知识点s8Y2f,0.7642,76.42,1,3,1,good
6dx4zt62b8m37krb5l3n,t5V9e,知识点t5V9e,0.8009,80.09,5,16,14,good
6dx4zt62b8m37krb5l3n,y9W5d,知识点y9W5d,0.6979,69.79,10,24,15,good
oi7j42phxrp4mc1n9h4b,b3C9s,知识点b3C9s,0.8187,81.87,3,7,6,good
oi7j42phxrp4mc1n9h4b,g7R2j,知识点g7R2j,0.6846,68.46,5,9,4,good
oi7j42phxrp4mc1n9h4b,k4W1c,知识点k4W1c,0.8793,87.93,1,7,6,good
oi7j42phxrp4mc1n9h4b,m3D1v,知识点m3D1v,0.7313,73.13,10,23,17,good
oi7j42phxrp4mc1n9h4b,r8S3g,知识点r8S3g,0.6868,68.68,5,18,5,good
oi7j42phxrp4mc1n9h4b,s8Y2f,知识点s8Y2f,0.8138,81.38,1,2,1,good
oi7j42phxrp4mc1n9h4b,t5V9e,知识点t5V9e,0.6787,67.87,5,18,8,good
oi7j42phxrp4mc1n9h4b,y9W5d,知识点y9W5d,0.7001,70.01,10,25,17,good
i5hexmb5zlzhd8lvwdv3,b3C9s,知识点b3C9s,0.7529,75.29,3,5,2,good
i5hexmb5zlzhd8lvwdv3,g7R2j,知识点g7R2j,0.7438,74.38,5,11,8,good
i5hexmb5zlzhd8lvwdv3,k4W1c,知识点k4W1c,0.7911,79.11,1,7,7,good
i5hexmb5zlzhd8lvwdv3,m3D1v,知识点m3D1v,0.7602,76.02,11,21,12,good
i5hexmb5zlzhd8lvwdv3,r8S3g,知识点r8S3g,0.7206,72.06,4,20,7,good
i5hexmb5zlzhd8lvwdv3,s8Y2f,知识点s8Y2f,0.9992,99.92,1,2,2,good
i5hexmb5zlzhd8lvwdv3,t5V9e,知识点t5V9e,0.7216,72.16,5,18,11,good
i5hexmb5zlzhd8lvwdv3,y9W5d,知识点y9W5d,0.7938,79.38,10,21,17,good
cp4d94b2v0ws6am7mvuw,b3C9s,知识点b3C9s,0.8885,88.85,3,5,4,good
cp4d94b2v0ws6am7mvuw,g7R2j,知识点g7R2j,0.7302,73.02,5,12,5,good
cp4d94b2v0ws6am7mvuw,k4W1c,知识点k4W1c,0.8638,86.38,1,2,2,good
cp4d94b2v0ws6am7mvuw,m3D1v,知识点m3D1v,0.5779,57.79,9,22,13,medium
cp4d94b2v0ws6am7mvuw,r8S3g,知识点r8S3g,0.5918,59.18,5,23,0,medium
cp4d94b2v0ws6am7mvuw,s8Y2f,知识点s8Y2f,0.9962,99.62,1,1,1,good
cp4d94b2v0ws6am7mvuw,t5V9e,知识点t5V9e,0.7262,72.62,5,14,7,good
cp4d94b2v0ws6am7mvuw,y9W5d,知识点y9W5d,0.7533,75.33,10,26,20,good
6cxj0lsinp9d7215gtpe,b3C9s,知识点b3C9s,0.7067,70.67,2,10,7,good
6cxj0lsinp9d7215gtpe,g7R2j,知识点g7R2j,0.8079,80.79,5,14,11,good
6cxj0lsinp9d7215gtpe,k4W1c,知识点k4W1c,0.9978,99.78,1,1,1,good
6cxj0lsinp9d7215gtpe,m3D1v,知识点m3D1v,0.8416,84.16,12,33,26,good
6cxj0lsinp9d7215gtpe,r8S3g,知识点r8S3g,0.6642,66.42,5,21,7,good
6cxj0lsinp9d7215gtpe,s8Y2f,知识点s8Y2f,0.5651,56.51,1,2,0,medium
6cxj0lsinp9d7215gtpe,t5V9e,知识点t5V9e,0.7266,72.66,4,20,12,good
6cxj0lsinp9d7215gtpe,y9W5d,知识点y9W5d,0.7809,78.09,11,31,22,good
t7x7ydt3u1cd2svfvk4q,b3C9s,知识点b3C9s,0.7641,76.41,3,9,6,good
t7x7ydt3u1cd2svfvk4q,g7R2j,知识点g7R2j,0.4262,42.62,3,6,2,medium
t7x7ydt3u1cd2svfvk4q,k4W1c,知识点k4W1c,0.8903,89.03,1,4,3,good
t7x7ydt3u1cd2svfvk4q,m3D1v,知识点m3D1v,0.8602,86.02,12,32,22,good
t7x7ydt3u1cd2svfvk4q,r8S3g,知识点r8S3g,0.7254,72.54,4,14,6,good
t7x7ydt3u1cd2svfvk4q,s8Y2f,知识点s8Y2f,0.6293,62.93,1,2,0,good
t7x7ydt3u1cd2svfvk4q,t5V9e,知识点t5V9e,0.6937,69.37,5,24,13,good
t7x7ydt3u1cd2svfvk4q,y9W5d,知识点y9W5d,0.7866,78.66,10,26,16,good
6iag08nt7se7f2hkgzx4,b3C9s,知识点b3C9s,0.7427,74.27,3,8,6,good
6iag08nt7se7f2hkgzx4,g7R2j,知识点g7R2j,0.5808,58.08,4,10,6,medium
6iag08nt7se7f2hkgzx4,k4W1c,知识点k4W1c,0.8348,83.48,1,6,6,good
6iag08nt7se7f2hkgzx4,m3D1v,知识点m3D1v,0.7507,75.07,11,27,18,good
6iag08nt7se7f2hkgzx4,r8S3g,知识点r8S3g,0.7022,70.22,5,26,7,good
6iag08nt7se7f2hkgzx4,s8Y2f,知识点s8Y2f,0.7817,78.17,1,4,2,good
6iag08nt7se7f2hkgzx4,t5V9e,知识点t5V9e,0.7743,77.43,5,11,9,good
6iag08nt7se7f2hkgzx4,y9W5d,知识点y9W5d,0.7279,72.79,10,31,24,good
d3tt41de5iashfjr1txr,b3C9s,知识点b3C9s,0.636,63.6,2,6,4,good
d3tt41de5iashfjr1txr,g7R2j,知识点g7R2j,0.6855,68.55,5,9,4,good
d3tt41de5iashfjr1txr,k4W1c,知识点k4W1c,0.897,89.7,1,4,4,good
d3tt41de5iashfjr1txr,m3D1v,知识点m3D1v,0.6927,69.27,10,22,12,good
d3tt41de5iashfjr1txr,r8S3g,知识点r8S3g,0.6358,63.58,5,25,4,good
d3tt41de5iashfjr1txr,s8Y2f,知识点s8Y2f,0.9986,99.86,1,2,2,good
d3tt41de5iashfjr1txr,t5V9e,知识点t5V9e,0.7329,73.29,5,18,11,good
d3tt41de5iashfjr1txr,y9W5d,知识点y9W5d,0.7537,75.37,10,27,22,good
uk8sadmdmw8p7e22l2yr,b3C9s,知识点b3C9s,0.868,86.8,3,9,5,good
uk8sadmdmw8p7e22l2yr,g7R2j,知识点g7R2j,0.7744,77.44,5,18,11,good
uk8sadmdmw8p7e22l2yr,k4W1c,知识点k4W1c,0.8639,86.39,1,3,3,good
uk8sadmdmw8p7e22l2yr,m3D1v,知识点m3D1v,0.7749,77.49,12,44,29,good
uk8sadmdmw8p7e22l2yr,r8S3g,知识点r8S3g,0.6909,69.09,5,33,11,good
uk8sadmdmw8p7e22l2yr,s8Y2f,知识点s8Y2f,0.999,99.9,1,1,1,good
uk8sadmdmw8p7e22l2yr,t5V9e,知识点t5V9e,0.7809,78.09,5,19,16,good
uk8sadmdmw8p7e22l2yr,y9W5d,知识点y9W5d,0.8147,81.47,9,23,15,good
svxexhg20hs3bbqd4fm7,b3C9s,知识点b3C9s,0.7735,77.35,3,10,7,good
svxexhg20hs3bbqd4fm7,g7R2j,知识点g7R2j,0.7666,76.66,5,16,9,good
svxexhg20hs3bbqd4fm7,k4W1c,知识点k4W1c,0.8118,81.18,1,4,3,good
svxexhg20hs3bbqd4fm7,m3D1v,知识点m3D1v,0.6334,63.34,8,25,15,good
svxexhg20hs3bbqd4fm7,r8S3g,知识点r8S3g,0.7647,76.47,5,29,8,good
svxexhg20hs3bbqd4fm7,s8Y2f,知识点s8Y2f,0.7296,72.96,1,3,1,good
svxexhg20hs3bbqd4fm7,t5V9e,知识点t5V9e,0.7161,71.61,5,11,7,good
svxexhg20hs3bbqd4fm7,y9W5d,知识点y9W5d,0.6902,69.02,8,27,18,good
3p34idi1traz2k8j0ulk,b3C9s,知识点b3C9s,0.8401,84.01,3,5,4,good
3p34idi1traz2k8j0ulk,g7R2j,知识点g7R2j,0.7446,74.46,5,18,11,good
3p34idi1traz2k8j0ulk,k4W1c,知识点k4W1c,0.864,86.4,1,2,2,good
3p34idi1traz2k8j0ulk,m3D1v,知识点m3D1v,0.7468,74.68,11,24,16,good
3p34idi1traz2k8j0ulk,r8S3g,知识点r8S3g,0.6464,64.64,5,28,4,good
3p34idi1traz2k8j0ulk,s8Y2f,知识点s8Y2f,0.7255,72.55,1,2,1,good
3p34idi1traz2k8j0ulk,t5V9e,知识点t5V9e,0.7475,74.75,5,23,15,good
3p34idi1traz2k8j0ulk,y9W5d,知识点y9W5d,0.7807,78.07,11,28,20,good
t9a891e0764br5ujna1a,b3C9s,知识点b3C9s,0.7841,78.41,3,10,6,good
t9a891e0764br5ujna1a,g7R2j,知识点g7R2j,0.8261,82.61,5,16,13,good
t9a891e0764br5ujna1a,k4W1c,知识点k4W1c,0.7222,72.22,1,6,4,good
t9a891e0764br5ujna1a,m3D1v,知识点m3D1v,0.723,72.3,11,34,18,good
t9a891e0764br5ujna1a,r8S3g,知识点r8S3g,0.6954,69.54,5,26,6,good
t9a891e0764br5ujna1a,s8Y2f,知识点s8Y2f,0.9972,99.72,1,1,1,good
t9a891e0764br5ujna1a,t5V9e,知识点t5V9e,0.6548,65.48,4,8,4,good
t9a891e0764br5ujna1a,y9W5d,知识点y9W5d,0.7916,79.16,11,29,20,good
zeuj820acn6zhcbx617v,b3C9s,知识点b3C9s,0.772,77.2,3,12,8,good
zeuj820acn6zhcbx617v,g7R2j,知识点g7R2j,0.8144,81.44,5,15,10,good
zeuj820acn6zhcbx617v,k4W1c,知识点k4W1c,0.7299,72.99,1,7,4,good
zeuj820acn6zhcbx617v,m3D1v,知识点m3D1v,0.6787,67.87,11,22,12,good
zeuj820acn6zhcbx617v,r8S3g,知识点r8S3g,0.6752,67.52,5,28,6,good
zeuj820acn6zhcbx617v,s8Y2f,知识点s8Y2f,0.8647,86.47,1,2,2,good
zeuj820acn6zhcbx617v,t5V9e,知识点t5V9e,0.7797,77.97,5,20,15,good
zeuj820acn6zhcbx617v,y9W5d,知识点y9W5d,0.6139,61.39,9,32,21,good
i1fr7kd71b2ni39kn958,b3C9s,知识点b3C9s,0.7371,73.71,3,7,4,good
i1fr7kd71b2ni39kn958,g7R2j,知识点g7R2j,0.7682,76.82,5,15,9,good
i1fr7kd71b2ni39kn958,k4W1c,知识点k4W1c,0.6296,62.96,1,2,0,good
i1fr7kd71b2ni39kn958,m3D1v,知识点m3D1v,0.6563,65.63,11,29,14,good
i1fr7kd71b2ni39kn958,r8S3g,知识点r8S3g,0.7528,75.28,5,21,9,good
i1fr7kd71b2ni39kn958,s8Y2f,知识点s8Y2f,0.5651,56.51,1,2,0,medium
i1fr7kd71b2ni39kn958,t5V9e,知识点t5V9e,0.668,66.8,4,7,4,good
i1fr7kd71b2ni39kn958,y9W5d,知识点y9W5d,0.6992,69.92,9,20,10,good
tvsgkf4oqh769h40lj43,b3C9s,知识点b3C9s,0.76,76.0,3,8,5,good
tvsgkf4oqh769h40lj43,g7R2j,知识点g7R2j,0.5652,56.52,3,11,6,medium
tvsgkf4oqh769h40lj43,k4W1c,知识点k4W1c,0.8475,84.75,1,2,2,good
tvsgkf4oqh769h40lj43,m3D1v,知识点m3D1v,0.6654,66.54,10,34,19,good
tvsgkf4oqh769h40lj43,r8S3g,知识点r8S3g,0.6435,64.35,5,17,2,good
tvsgkf4oqh769h40lj43,s8Y2f,知识点s8Y2f,0.9987,99.87,1,4,4,good
tvsgkf4oqh769h40lj43,t5V9e,知识点t5V9e,0.6686,66.86,4,20,8,good
tvsgkf4oqh769h40lj43,y9W5d,知识点y9W5d,0.8385,83.85,11,35,27,good
buv73728fa9viqgrz5mj,b3C9s,知识点b3C9s,0.6437,64.37,3,4,1,good
buv73728fa9viqgrz5mj,g7R2j,知识点g7R2j,0.7186,71.86,5,13,8,good
buv73728fa9viqgrz5mj,k4W1c,知识点k4W1c,0.845,84.5,1,4,4,good
buv73728fa9viqgrz5mj,m3D1v,知识点m3D1v,0.7786,77.86,11,27,17,good
buv73728fa9viqgrz5mj,r8S3g,知识点r8S3g,0.7349,73.49,5,20,4,good
buv73728fa9viqgrz5mj,s8Y2f,知识点s8Y2f,0.6295,62.95,1,1,0,good
buv73728fa9viqgrz5mj,t5V9e,知识点t5V9e,0.7415,74.15,5,14,9,good
buv73728fa9viqgrz5mj,y9W5d,知识点y9W5d,0.8124,81.24,11,25,18,good
w1uwjc89gv68yxkutpoe,b3C9s,知识点b3C9s,0.7786,77.86,2,7,4,good
w1uwjc89gv68yxkutpoe,g7R2j,知识点g7R2j,0.6539,65.39,5,9,3,good
w1uwjc89gv68yxkutpoe,k4W1c,知识点k4W1c,0.6658,66.58,0,0,0,good
w1uwjc89gv68yxkutpoe,m3D1v,知识点m3D1v,0.7116,71.16,9,26,13,good
w1uwjc89gv68yxkutpoe,r8S3g,知识点r8S3g,0.5295,52.95,4,14,1,medium
w1uwjc89gv68yxkutpoe,s8Y2f,知识点s8Y2f,0.5652,56.52,1,1,0,medium
w1uwjc89gv68yxkutpoe,t5V9e,知识点t5V9e,0.787,78.7,5,23,18,good
w1uwjc89gv68yxkutpoe,y9W5d,知识点y9W5d,0.7515,75.15,10,25,18,good
fkenlzdweox7v0zaopqo,b3C9s,知识点b3C9s,0.7761,77.61,3,10,6,good
fkenlzdweox7v0zaopqo,g7R2j,知识点g7R2j,0.8135,81.35,5,17,12,good
fkenlzdweox7v0zaopqo,k4W1c,知识点k4W1c,0.7951,79.51,1,2,2,good
fkenlzdweox7v0zaopqo,m3D1v,知识点m3D1v,0.6266,62.66,9,27,16,good
fkenlzdweox7v0zaopqo,r8S3g,知识点r8S3g,0.7202,72.02,5,20,3,good
fkenlzdweox7v0zaopqo,s8Y2f,知识点s8Y2f,0.9985,99.85,1,1,1,good
fkenlzdweox7v0zaopqo,t5V9e,知识点t5V9e,0.7461,74.61,5,14,5,good
fkenlzdweox7v0zaopqo,y9W5d,知识点y9W5d,0.5442,54.42,7,28,15,medium
uy29im7a6hnc34lfp8ae,b3C9s,知识点b3C9s,0.8168,81.68,3,9,6,good
uy29im7a6hnc34lfp8ae,g7R2j,知识点g7R2j,0.6843,68.43,5,12,3,good
uy29im7a6hnc34lfp8ae,k4W1c,知识点k4W1c,0.8967,89.67,1,2,2,good
uy29im7a6hnc34lfp8ae,m3D1v,知识点m3D1v,0.7511,75.11,11,26,15,good
uy29im7a6hnc34lfp8ae,r8S3g,知识点r8S3g,0.5397,53.97,4,28,10,medium
uy29im7a6hnc34lfp8ae,s8Y2f,知识点s8Y2f,0.7799,77.99,1,3,2,good
uy29im7a6hnc34lfp8ae,t5V9e,知识点t5V9e,0.7048,70.48,5,19,7,good
uy29im7a6hnc34lfp8ae,y9W5d,知识点y9W5d,0.8262,82.62,11,24,18,good
kilhyvtskm84umerpjee,b3C9s,知识点b3C9s,0.5652,56.52,2,3,2,medium
kilhyvtskm84umerpjee,g7R2j,知识点g7R2j,0.7151,71.51,5,18,9,good
kilhyvtskm84umerpjee,k4W1c,知识点k4W1c,0.8319,83.19,1,2,2,good
kilhyvtskm84umerpjee,m3D1v,知识点m3D1v,0.769,76.9,12,35,20,good
kilhyvtskm84umerpjee,r8S3g,知识点r8S3g,0.6734,67.34,5,13,4,good
kilhyvtskm84umerpjee,s8Y2f,知识点s8Y2f,0.9988,99.88,1,1,1,good
kilhyvtskm84umerpjee,t5V9e,知识点t5V9e,0.6939,69.39,5,21,11,good
kilhyvtskm84umerpjee,y9W5d,知识点y9W5d,0.8298,82.98,11,28,22,good
8urc1lsyw615q5prnxwh,b3C9s,知识点b3C9s,0.7136,71.36,1,1,1,good
8urc1lsyw615q5prnxwh,g7R2j,知识点g7R2j,0.7461,74.61,5,11,7,good
8urc1lsyw615q5prnxwh,k4W1c,知识点k4W1c,0.7599,75.99,1,5,4,good
8urc1lsyw615q5prnxwh,m3D1v,知识点m3D1v,0.737,73.7,11,24,13,good
8urc1lsyw615q5prnxwh,r8S3g,知识点r8S3g,0.7139,71.39,5,25,6,good
8urc1lsyw615q5prnxwh,s8Y2f,知识点s8Y2f,0.7977,79.77,1,3,2,good
8urc1lsyw615q5prnxwh,t5V9e,知识点t5V9e,0.7268,72.68,5,33,17,good
8urc1lsyw615q5prnxwh,y9W5d,知识点y9W5d,0.7591,75.91,11,27,19,good
jyaxybaq8vui614ytd8i,b3C9s,知识点b3C9s,0.8353,83.53,3,10,6,good
jyaxybaq8vui614ytd8i,g7R2j,知识点g7R2j,0.756,75.6,5,18,8,good
jyaxybaq8vui614ytd8i,k4W1c,知识点k4W1c,0.6621,66.21,1,2,1,good
jyaxybaq8vui614ytd8i,m3D1v,知识点m3D1v,0.7666,76.66,11,41,22,good
jyaxybaq8vui614ytd8i,r8S3g,知识点r8S3g,0.6548,65.48,5,21,4,good
jyaxybaq8vui614ytd8i,s8Y2f,知识点s8Y2f,0.999,99.9,1,1,1,good
jyaxybaq8vui614ytd8i,t5V9e,知识点t5V9e,0.7522,75.22,5,20,11,good
jyaxybaq8vui614ytd8i,y9W5d,知识点y9W5d,0.7782,77.82,11,29,22,good
ijieo064jbrs5ss1cmol,b3C9s,知识点b3C9s,0.8113,81.13,3,14,9,good
ijieo064jbrs5ss1cmol,g7R2j,知识点g7R2j,0.7138,71.38,5,15,10,good
ijieo064jbrs5ss1cmol,k4W1c,知识点k4W1c,0.9295,92.95,1,3,3,good
ijieo064jbrs5ss1cmol,m3D1v,知识点m3D1v,0.782,78.2,11,24,14,good
ijieo064jbrs5ss1cmol,r8S3g,知识点r8S3g,0.5683,56.83,3,12,1,medium
ijieo064jbrs5ss1cmol,s8Y2f,知识点s8Y2f,0.8144,81.44,1,2,1,good
ijieo064jbrs5ss1cmol,t5V9e,知识点t5V9e,0.6597,65.97,5,17,8,good
ijieo064jbrs5ss1cmol,y9W5d,知识点y9W5d,0.8267,82.67,11,22,16,good
zc7xkcpo969z98kh6bg8,b3C9s,知识点b3C9s,0.764,76.4,3,10,7,good
zc7xkcpo969z98kh6bg8,g7R2j,知识点g7R2j,0.7788,77.88,5,23,12,good
zc7xkcpo969z98kh6bg8,k4W1c,知识点k4W1c,0.6662,66.62,1,2,1,good
zc7xkcpo969z98kh6bg8,m3D1v,知识点m3D1v,0.7869,78.69,12,43,25,good
zc7xkcpo969z98kh6bg8,r8S3g,知识点r8S3g,0.6799,67.99,5,37,9,good
zc7xkcpo969z98kh6bg8,s8Y2f,知识点s8Y2f,0.9977,99.77,1,2,2,good
zc7xkcpo969z98kh6bg8,t5V9e,知识点t5V9e,0.665,66.5,5,20,6,good
zc7xkcpo969z98kh6bg8,y9W5d,知识点y9W5d,0.7917,79.17,11,30,24,good
4vnvytgnlmv4jbfw9h3t,b3C9s,知识点b3C9s,0.8554,85.54,3,9,8,good
4vnvytgnlmv4jbfw9h3t,g7R2j,知识点g7R2j,0.6084,60.84,2,4,4,good
4vnvytgnlmv4jbfw9h3t,k4W1c,知识点k4W1c,0.8969,89.69,1,4,4,good
4vnvytgnlmv4jbfw9h3t,m3D1v,知识点m3D1v,0.7861,78.61,11,29,18,good
4vnvytgnlmv4jbfw9h3t,r8S3g,知识点r8S3g,0.6709,67.09,5,22,7,good
4vnvytgnlmv4jbfw9h3t,s8Y2f,知识点s8Y2f,0.8635,86.35,1,3,2,good
4vnvytgnlmv4jbfw9h3t,t5V9e,知识点t5V9e,0.7177,71.77,5,14,8,good
4vnvytgnlmv4jbfw9h3t,y9W5d,知识点y9W5d,0.8274,82.74,10,34,24,good
pv0c4za1m616k25gfwfb,b3C9s,知识点b3C9s,0.4976,49.76,2,4,4,medium
pv0c4za1m616k25gfwfb,g7R2j,知识点g7R2j,0.5761,57.61,4,13,8,medium
pv0c4za1m616k25gfwfb,k4W1c,知识点k4W1c,0.7642,76.42,1,3,1,good
pv0c4za1m616k25gfwfb,m3D1v,知识点m3D1v,0.7124,71.24,10,32,20,good
pv0c4za1m616k25gfwfb,r8S3g,知识点r8S3g,0.572,57.2,4,23,9,medium
pv0c4za1m616k25gfwfb,s8Y2f,知识点s8Y2f,0.7026,70.26,1,2,1,good
pv0c4za1m616k25gfwfb,t5V9e,知识点t5V9e,0.7359,73.59,5,16,11,good
pv0c4za1m616k25gfwfb,y9W5d,知识点y9W5d,0.7967,79.67,11,27,17,good
mqqf68ny1kdp6i69i7tt,b3C9s,知识点b3C9s,0.8061,80.61,3,10,5,good
mqqf68ny1kdp6i69i7tt,g7R2j,知识点g7R2j,0.601,60.1,4,16,13,good
mqqf68ny1kdp6i69i7tt,k4W1c,知识点k4W1c,0.6959,69.59,1,2,1,good
mqqf68ny1kdp6i69i7tt,m3D1v,知识点m3D1v,0.6906,69.06,10,21,14,good
mqqf68ny1kdp6i69i7tt,r8S3g,知识点r8S3g,0.6483,64.83,5,23,3,good
mqqf68ny1kdp6i69i7tt,s8Y2f,知识点s8Y2f,0.7981,79.81,1,2,2,good
mqqf68ny1kdp6i69i7tt,t5V9e,知识点t5V9e,0.7487,74.87,4,14,8,good
mqqf68ny1kdp6i69i7tt,y9W5d,知识点y9W5d,0.6902,69.02,10,23,15,good
9a25hcbd3mhgaj0fyelo,b3C9s,知识点b3C9s,0.3245,32.45,1,4,3,poor
9a25hcbd3mhgaj0fyelo,g7R2j,知识点g7R2j,0.7255,72.55,5,15,10,good
9a25hcbd3mhgaj0fyelo,k4W1c,知识点k4W1c,0.9988,99.88,1,2,2,good
9a25hcbd3mhgaj0fyelo,m3D1v,知识点m3D1v,0.6981,69.81,11,33,21,good
9a25hcbd3mhgaj0fyelo,r8S3g,知识点r8S3g,0.7616,76.16,5,26,8,good
9a25hcbd3mhgaj0fyelo,s8Y2f,知识点s8Y2f,0.865,86.5,1,2,2,good
9a25hcbd3mhgaj0fyelo,t5V9e,知识点t5V9e,0.4081,40.81,3,15,5,medium
9a25hcbd3mhgaj0fyelo,y9W5d,知识点y9W5d,0.818,81.8,11,25,19,good
9lfh7vk4u8eh6zz1dmvp,b3C9s,知识点b3C9s,0.7753,77.53,3,8,5,good
9lfh7vk4u8eh6zz1dmvp,g7R2j,知识点g7R2j,0.727,72.7,5,14,9,good
9lfh7vk4u8eh6zz1dmvp,k4W1c,知识点k4W1c,0.8044,80.44,1,5,3,good
9lfh7vk4u8eh6zz1dmvp,m3D1v,知识点m3D1v,0.7532,75.32,11,26,15,good
9lfh7vk4u8eh6zz1dmvp,r8S3g,知识点r8S3g,0.6424,64.24,5,21,2,good
9lfh7vk4u8eh6zz1dmvp,s8Y2f,知识点s8Y2f,0.999,99.9,1,3,3,good
9lfh7vk4u8eh6zz1dmvp,t5V9e,知识点t5V9e,0.7482,74.82,5,15,8,good
9lfh7vk4u8eh6zz1dmvp,y9W5d,知识点y9W5d,0.6925,69.25,9,24,11,good
xsxczvs8iluovs3pt5q7,b3C9s,知识点b3C9s,0.8177,81.77,3,5,4,good
xsxczvs8iluovs3pt5q7,g7R2j,知识点g7R2j,0.7408,74.08,4,14,9,good
xsxczvs8iluovs3pt5q7,k4W1c,知识点k4W1c,0.8031,80.31,1,4,4,good
xsxczvs8iluovs3pt5q7,m3D1v,知识点m3D1v,0.6443,64.43,8,22,11,good
xsxczvs8iluovs3pt5q7,r8S3g,知识点r8S3g,0.7208,72.08,5,28,7,good
xsxczvs8iluovs3pt5q7,s8Y2f,知识点s8Y2f,0.6303,63.03,1,1,0,good
xsxczvs8iluovs3pt5q7,t5V9e,知识点t5V9e,0.6932,69.32,4,10,4,good
xsxczvs8iluovs3pt5q7,y9W5d,知识点y9W5d,0.7816,78.16,11,24,17,good
reo07h0d5zehmotdlz2w,b3C9s,知识点b3C9s,0.8348,83.48,3,9,7,good
reo07h0d5zehmotdlz2w,g7R2j,知识点g7R2j,0.8071,80.71,5,22,17,good
reo07h0d5zehmotdlz2w,k4W1c,知识点k4W1c,0.814,81.4,1,1,1,good
reo07h0d5zehmotdlz2w,m3D1v,知识点m3D1v,0.7062,70.62,8,16,11,good
reo07h0d5zehmotdlz2w,r8S3g,知识点r8S3g,0.7403,74.03,5,16,6,good
reo07h0d5zehmotdlz2w,s8Y2f,知识点s8Y2f,0.5657,56.57,1,1,0,medium
reo07h0d5zehmotdlz2w,t5V9e,知识点t5V9e,0.7803,78.03,5,18,11,good
reo07h0d5zehmotdlz2w,y9W5d,知识点y9W5d,0.7825,78.25,11,18,11,good
2d526c27123e59103e29,b3C9s,知识点b3C9s,0.7487,74.87,3,11,5,good
2d526c27123e59103e29,g7R2j,知识点g7R2j,0.8884,88.84,5,32,32,good
2d526c27123e59103e29,k4W1c,知识点k4W1c,0.8128,81.28,1,2,1,good
2d526c27123e59103e29,m3D1v,知识点m3D1v,0.7126,71.26,12,140,65,good
2d526c27123e59103e29,r8S3g,知识点r8S3g,0.8684,86.84,5,17,7,good
2d526c27123e59103e29,s8Y2f,知识点s8Y2f,0.6696,66.96,1,3,1,good
2d526c27123e59103e29,t5V9e,知识点t5V9e,0.7386,73.86,5,71,19,good
2d526c27123e59103e29,y9W5d,知识点y9W5d,0.8011,80.11,11,106,92,good
488fc49e8fccd665c3e2,b3C9s,知识点b3C9s,0.9438,94.38,3,4,3,good
488fc49e8fccd665c3e2,g7R2j,知识点g7R2j,0.7721,77.21,5,18,5,good
488fc49e8fccd665c3e2,k4W1c,知识点k4W1c,0.7078,70.78,1,10,8,good
488fc49e8fccd665c3e2,m3D1v,知识点m3D1v,0.6993,69.93,12,116,49,good
488fc49e8fccd665c3e2,r8S3g,知识点r8S3g,0.6973,69.73,5,82,6,good
488fc49e8fccd665c3e2,s8Y2f,知识点s8Y2f,0.7092,70.92,1,4,3,good
488fc49e8fccd665c3e2,t5V9e,知识点t5V9e,0.6643,66.43,5,30,9,good
488fc49e8fccd665c3e2,y9W5d,知识点y9W5d,0.701,70.1,11,60,34,good
be032ee60c336e4701e0,b3C9s,知识点b3C9s,0.9993,99.93,3,3,3,good
be032ee60c336e4701e0,g7R2j,知识点g7R2j,0.9989,99.89,5,5,5,good
be032ee60c336e4701e0,k4W1c,知识点k4W1c,0.9994,99.94,1,1,1,good
be032ee60c336e4701e0,m3D1v,知识点m3D1v,0.9089,90.89,12,37,19,good
be032ee60c336e4701e0,r8S3g,知识点r8S3g,0.8079,80.79,5,28,6,good
be032ee60c336e4701e0,s8Y2f,知识点s8Y2f,0.9987,99.87,1,1,1,good
be032ee60c336e4701e0,t5V9e,知识点t5V9e,0.735,73.5,5,41,13,good
be032ee60c336e4701e0,y9W5d,知识点y9W5d,0.9057,90.57,11,45,33,good
19793e7e55b68c8dd776,b3C9s,知识点b3C9s,0.949,94.9,3,11,11,good
19793e7e55b68c8dd776,g7R2j,知识点g7R2j,0.7457,74.57,5,12,7,good
19793e7e55b68c8dd776,k4W1c,知识点k4W1c,0.9479,94.79,1,2,2,good
19793e7e55b68c8dd776,m3D1v,知识点m3D1v,0.9337,93.37,12,21,19,good
19793e7e55b68c8dd776,r8S3g,知识点r8S3g,0.9028,90.28,5,9,6,good
19793e7e55b68c8dd776,s8Y2f,知识点s8Y2f,0.998,99.8,1,1,1,good
19793e7e55b68c8dd776,t5V9e,知识点t5V9e,0.7952,79.52,5,19,5,good
19793e7e55b68c8dd776,y9W5d,知识点y9W5d,0.9308,93.08,11,24,23,good
fe752a6d1aa3d710d738,b3C9s,知识点b3C9s,0.7719,77.19,3,12,8,good
fe752a6d1aa3d710d738,g7R2j,知识点g7R2j,0.8785,87.85,5,11,5,good
fe752a6d1aa3d710d738,k4W1c,知识点k4W1c,0.9974,99.74,1,2,2,good
fe752a6d1aa3d710d738,m3D1v,知识点m3D1v,0.7506,75.06,12,63,16,good
fe752a6d1aa3d710d738,r8S3g,知识点r8S3g,0.7153,71.53,5,51,9,good
fe752a6d1aa3d710d738,s8Y2f,知识点s8Y2f,0.7631,76.31,1,1,1,good
fe752a6d1aa3d710d738,t5V9e,知识点t5V9e,0.694,69.4,5,27,6,good
fe752a6d1aa3d710d738,y9W5d,知识点y9W5d,0.8045,80.45,11,34,20,good
912794ea0c6936c83ce2,b3C9s,知识点b3C9s,0.9233,92.33,3,5,5,good
912794ea0c6936c83ce2,g7R2j,知识点g7R2j,0.8528,85.28,5,22,16,good
912794ea0c6936c83ce2,k4W1c,知识点k4W1c,0.9952,99.52,1,1,1,good
912794ea0c6936c83ce2,m3D1v,知识点m3D1v,0.7155,71.55,12,40,23,good
912794ea0c6936c83ce2,r8S3g,知识点r8S3g,0.7402,74.02,5,23,6,good
912794ea0c6936c83ce2,s8Y2f,知识点s8Y2f,0.6874,68.74,1,2,1,good
912794ea0c6936c83ce2,t5V9e,知识点t5V9e,0.7366,73.66,5,52,7,good
912794ea0c6936c83ce2,y9W5d,知识点y9W5d,0.8466,84.66,11,39,32,good
17e429460d5fda251953,b3C9s,知识点b3C9s,0.7269,72.69,3,10,3,good
17e429460d5fda251953,g7R2j,知识点g7R2j,0.7193,71.93,5,19,5,good
17e429460d5fda251953,k4W1c,知识点k4W1c,0.678,67.8,1,10,7,good
17e429460d5fda251953,m3D1v,知识点m3D1v,0.7492,74.92,12,39,19,good
17e429460d5fda251953,r8S3g,知识点r8S3g,0.6553,65.53,5,48,6,good
17e429460d5fda251953,s8Y2f,知识点s8Y2f,0.6322,63.22,1,12,7,good
17e429460d5fda251953,t5V9e,知识点t5V9e,0.7548,75.48,5,50,16,good
17e429460d5fda251953,y9W5d,知识点y9W5d,0.7017,70.17,11,90,43,good
2e3e7cbe0e69add8d31a,b3C9s,知识点b3C9s,0.1997,19.97,0,0,0,poor
2e3e7cbe0e69add8d31a,g7R2j,知识点g7R2j,0.7096,70.96,4,5,4,good
2e3e7cbe0e69add8d31a,k4W1c,知识点k4W1c,0.9993,99.93,1,1,1,good
2e3e7cbe0e69add8d31a,m3D1v,知识点m3D1v,0.9302,93.02,12,17,17,good
2e3e7cbe0e69add8d31a,r8S3g,知识点r8S3g,0.961,96.1,5,6,6,good
2e3e7cbe0e69add8d31a,s8Y2f,知识点s8Y2f,0.9988,99.88,1,1,1,good
2e3e7cbe0e69add8d31a,t5V9e,知识点t5V9e,0.9599,95.99,5,9,8,good
2e3e7cbe0e69add8d31a,y9W5d,知识点y9W5d,0.9548,95.48,11,12,12,good
4bceaffe5e429ed3333b,b3C9s,知识点b3C9s,0.9987,99.87,3,3,3,good
4bceaffe5e429ed3333b,g7R2j,知识点g7R2j,0.962,96.2,5,5,5,good
4bceaffe5e429ed3333b,k4W1c,知识点k4W1c,0.7292,72.92,1,1,1,good
4bceaffe5e429ed3333b,m3D1v,知识点m3D1v,0.8837,88.37,12,21,13,good
4bceaffe5e429ed3333b,r8S3g,知识点r8S3g,0.8291,82.91,5,17,6,good
4bceaffe5e429ed3333b,s8Y2f,知识点s8Y2f,0.9977,99.77,1,1,1,good
4bceaffe5e429ed3333b,t5V9e,知识点t5V9e,0.8841,88.41,5,7,6,good
4bceaffe5e429ed3333b,y9W5d,知识点y9W5d,0.8842,88.42,11,19,13,good
f22c9341431a6123f670,b3C9s,知识点b3C9s,0.9324,93.24,3,5,5,good
f22c9341431a6123f670,g7R2j,知识点g7R2j,0.9072,90.72,5,15,14,good
f22c9341431a6123f670,k4W1c,知识点k4W1c,0.6754,67.54,1,2,2,good
f22c9341431a6123f670,m3D1v,知识点m3D1v,0.8694,86.94,12,25,22,good
f22c9341431a6123f670,r8S3g,知识点r8S3g,0.8405,84.05,5,14,6,good
f22c9341431a6123f670,s8Y2f,知识点s8Y2f,0.7283,72.83,1,3,2,good
f22c9341431a6123f670,t5V9e,知识点t5V9e,0.8492,84.92,5,10,10,good
f22c9341431a6123f670,y9W5d,知识点y9W5d,0.8344,83.44,11,23,19,good
0107f72b66cbd1a0926d,b3C9s,知识点b3C9s,0.9991,99.91,3,3,3,good
0107f72b66cbd1a0926d,g7R2j,知识点g7R2j,0.8165,81.65,5,13,11,good
0107f72b66cbd1a0926d,k4W1c,知识点k4W1c,0.8056,80.56,1,6,6,good
0107f72b66cbd1a0926d,m3D1v,知识点m3D1v,0.8988,89.88,12,29,20,good
0107f72b66cbd1a0926d,r8S3g,知识点r8S3g,0.8833,88.33,5,21,6,good
0107f72b66cbd1a0926d,s8Y2f,知识点s8Y2f,0.7961,79.61,1,2,2,good
0107f72b66cbd1a0926d,t5V9e,知识点t5V9e,0.8411,84.11,5,13,10,good
0107f72b66cbd1a0926d,y9W5d,知识点y9W5d,0.8634,86.34,11,29,26,good
4c26df96293b4a52bc03,b3C9s,知识点b3C9s,0.9283,92.83,3,3,3,good
4c26df96293b4a52bc03,g7R2j,知识点g7R2j,0.8491,84.91,5,20,17,good
4c26df96293b4a52bc03,k4W1c,知识点k4W1c,0.7028,70.28,1,1,1,good
4c26df96293b4a52bc03,m3D1v,知识点m3D1v,0.919,91.9,12,28,18,good
4c26df96293b4a52bc03,r8S3g,知识点r8S3g,0.6954,69.54,5,38,6,good
4c26df96293b4a52bc03,s8Y2f,知识点s8Y2f,0.999,99.9,1,1,1,good
4c26df96293b4a52bc03,t5V9e,知识点t5V9e,0.8077,80.77,5,15,11,good
4c26df96293b4a52bc03,y9W5d,知识点y9W5d,0.8906,89.06,11,22,15,good
8e25bcfa51d165f162f6,b3C9s,知识点b3C9s,0.9988,99.88,3,3,3,good
8e25bcfa51d165f162f6,g7R2j,知识点g7R2j,0.7924,79.24,5,15,7,good
8e25bcfa51d165f162f6,k4W1c,知识点k4W1c,0.9972,99.72,1,1,1,good
8e25bcfa51d165f162f6,m3D1v,知识点m3D1v,0.9376,93.76,12,17,14,good
8e25bcfa51d165f162f6,r8S3g,知识点r8S3g,0.9719,97.19,5,10,8,good
8e25bcfa51d165f162f6,s8Y2f,知识点s8Y2f,0.7616,76.16,1,3,1,good
8e25bcfa51d165f162f6,t5V9e,知识点t5V9e,0.9079,90.79,5,10,7,good
8e25bcfa51d165f162f6,y9W5d,知识点y9W5d,0.8799,87.99,11,23,17,good
9ee3e6df01c7cc22d066,b3C9s,知识点b3C9s,0.749,74.9,3,5,3,good
9ee3e6df01c7cc22d066,g7R2j,知识点g7R2j,0.7545,75.45,5,37,16,good
9ee3e6df01c7cc22d066,k4W1c,知识点k4W1c,0.7253,72.53,1,6,3,good
9ee3e6df01c7cc22d066,m3D1v,知识点m3D1v,0.766,76.6,12,64,40,good
9ee3e6df01c7cc22d066,r8S3g,知识点r8S3g,0.752,75.2,5,33,6,good
9ee3e6df01c7cc22d066,s8Y2f,知识点s8Y2f,0.6925,69.25,1,5,2,good
9ee3e6df01c7cc22d066,t5V9e,知识点t5V9e,0.7351,73.51,5,53,20,good
9ee3e6df01c7cc22d066,y9W5d,知识点y9W5d,0.7901,79.01,11,52,30,good
42e83553ca9d77ab4aee,b3C9s,知识点b3C9s,0.7874,78.74,3,15,13,good
42e83553ca9d77ab4aee,g7R2j,知识点g7R2j,0.7937,79.37,5,24,22,good
42e83553ca9d77ab4aee,k4W1c,知识点k4W1c,0.9308,93.08,1,3,3,good
42e83553ca9d77ab4aee,m3D1v,知识点m3D1v,0.8883,88.83,12,29,20,good
42e83553ca9d77ab4aee,r8S3g,知识点r8S3g,0.8713,87.13,5,11,6,good
42e83553ca9d77ab4aee,s8Y2f,知识点s8Y2f,0.9981,99.81,1,2,2,good
42e83553ca9d77ab4aee,t5V9e,知识点t5V9e,0.7974,79.74,5,15,12,good
42e83553ca9d77ab4aee,y9W5d,知识点y9W5d,0.9127,91.27,11,31,24,good
ba563fef8484139dc84d,b3C9s,知识点b3C9s,0.8251,82.51,3,7,3,good
ba563fef8484139dc84d,g7R2j,知识点g7R2j,0.7142,71.42,5,19,6,good
ba563fef8484139dc84d,k4W1c,知识点k4W1c,0.7636,76.36,1,3,1,good
ba563fef8484139dc84d,m3D1v,知识点m3D1v,0.8045,80.45,12,38,21,good
ba563fef8484139dc84d,r8S3g,知识点r8S3g,0.7783,77.83,5,35,6,good
ba563fef8484139dc84d,s8Y2f,知识点s8Y2f,0.7961,79.61,1,3,2,good
ba563fef8484139dc84d,t5V9e,知识点t5V9e,0.8629,86.29,5,17,9,good
ba563fef8484139dc84d,y9W5d,知识点y9W5d,0.7987,79.87,11,36,13,good
9b1c065069dbb7a71617,b3C9s,知识点b3C9s,0.7463,74.63,3,11,3,good
9b1c065069dbb7a71617,g7R2j,知识点g7R2j,0.8272,82.72,5,17,5,good
9b1c065069dbb7a71617,k4W1c,知识点k4W1c,0.9991,99.91,1,1,1,good
9b1c065069dbb7a71617,m3D1v,知识点m3D1v,0.8341,83.41,12,40,33,good
9b1c065069dbb7a71617,r8S3g,知识点r8S3g,0.7542,75.42,5,42,6,good
9b1c065069dbb7a71617,s8Y2f,知识点s8Y2f,0.65,65.0,1,3,1,good
9b1c065069dbb7a71617,t5V9e,知识点t5V9e,0.7244,72.44,5,40,12,good
9b1c065069dbb7a71617,y9W5d,知识点y9W5d,0.8044,80.44,11,36,11,good
1fa4f2361b8a03040292,b3C9s,知识点b3C9s,0.7155,71.55,3,14,10,good
1fa4f2361b8a03040292,g7R2j,知识点g7R2j,0.7867,78.67,5,25,12,good
1fa4f2361b8a03040292,k4W1c,知识点k4W1c,0.8975,89.75,1,2,2,good
1fa4f2361b8a03040292,m3D1v,知识点m3D1v,0.8321,83.21,12,35,19,good
1fa4f2361b8a03040292,r8S3g,知识点r8S3g,0.7907,79.07,5,19,7,good
1fa4f2361b8a03040292,s8Y2f,知识点s8Y2f,0.5895,58.95,1,13,1,medium
1fa4f2361b8a03040292,t5V9e,知识点t5V9e,0.87,87.0,5,10,7,good
1fa4f2361b8a03040292,y9W5d,知识点y9W5d,0.803,80.3,11,46,23,good
82da6d26645f8f71bd61,b3C9s,知识点b3C9s,0.5994,59.94,2,2,2,medium
82da6d26645f8f71bd61,g7R2j,知识点g7R2j,0.9991,99.91,5,6,6,good
82da6d26645f8f71bd61,k4W1c,知识点k4W1c,0.9985,99.85,1,1,1,good
82da6d26645f8f71bd61,m3D1v,知识点m3D1v,0.9123,91.23,12,14,12,good
82da6d26645f8f71bd61,r8S3g,知识点r8S3g,0.9986,99.86,5,6,6,good
82da6d26645f8f71bd61,s8Y2f,知识点s8Y2f,0.9977,99.77,1,1,1,good
82da6d26645f8f71bd61,t5V9e,知识点t5V9e,0.7793,77.93,5,20,17,good
82da6d26645f8f71bd61,y9W5d,知识点y9W5d,0.9096,90.96,11,17,14,good
a9554f5c3d61d05617e1,b3C9s,知识点b3C9s,0.954,95.4,3,11,11,good
a9554f5c3d61d05617e1,g7R2j,知识点g7R2j,0.971,97.1,5,16,16,good
a9554f5c3d61d05617e1,k4W1c,知识点k4W1c,0.9471,94.71,1,2,2,good
a9554f5c3d61d05617e1,m3D1v,知识点m3D1v,0.8302,83.02,12,22,18,good
a9554f5c3d61d05617e1,r8S3g,知识点r8S3g,0.736,73.6,5,43,7,good
a9554f5c3d61d05617e1,s8Y2f,知识点s8Y2f,0.9979,99.79,1,1,1,good
a9554f5c3d61d05617e1,t5V9e,知识点t5V9e,0.8323,83.23,5,22,20,good
a9554f5c3d61d05617e1,y9W5d,知识点y9W5d,0.9023,90.23,11,26,23,good
2e2c00240c341a4265e3,b3C9s,知识点b3C9s,0.9481,94.81,3,13,13,good
2e2c00240c341a4265e3,g7R2j,知识点g7R2j,0.9181,91.81,5,12,12,good
2e2c00240c341a4265e3,k4W1c,知识点k4W1c,0.8267,82.67,1,11,10,good
2e2c00240c341a4265e3,m3D1v,知识点m3D1v,0.8874,88.74,12,28,17,good
2e2c00240c341a4265e3,r8S3g,知识点r8S3g,0.8823,88.23,5,14,7,good
2e2c00240c341a4265e3,s8Y2f,知识点s8Y2f,0.9987,99.87,1,2,2,good
2e2c00240c341a4265e3,t5V9e,知识点t5V9e,0.7722,77.22,5,19,14,good
2e2c00240c341a4265e3,y9W5d,知识点y9W5d,0.9143,91.43,11,36,26,good
4e768251c78b687fa993,b3C9s,知识点b3C9s,0.8183,81.83,3,14,12,good
4e768251c78b687fa993,g7R2j,知识点g7R2j,0.8308,83.08,5,25,22,good
4e768251c78b687fa993,k4W1c,知识点k4W1c,0.7859,78.59,1,2,2,good
4e768251c78b687fa993,m3D1v,知识点m3D1v,0.7568,75.68,12,57,38,good
4e768251c78b687fa993,r8S3g,知识点r8S3g,0.7463,74.63,5,31,9,good
4e768251c78b687fa993,s8Y2f,知识点s8Y2f,0.7964,79.64,1,3,2,good
4e768251c78b687fa993,t5V9e,知识点t5V9e,0.749,74.9,5,32,25,good
4e768251c78b687fa993,y9W5d,知识点y9W5d,0.8228,82.28,11,22,13,good
6964a3d507ac1ecf9e52,b3C9s,知识点b3C9s,0.7188,71.88,3,21,15,good
6964a3d507ac1ecf9e52,g7R2j,知识点g7R2j,0.7691,76.91,5,18,14,good
6964a3d507ac1ecf9e52,k4W1c,知识点k4W1c,0.735,73.5,1,9,9,good
6964a3d507ac1ecf9e52,m3D1v,知识点m3D1v,0.6746,67.46,12,143,52,good
6964a3d507ac1ecf9e52,r8S3g,知识点r8S3g,0.7293,72.93,5,33,8,good
6964a3d507ac1ecf9e52,s8Y2f,知识点s8Y2f,0.9992,99.92,1,1,1,good
6964a3d507ac1ecf9e52,t5V9e,知识点t5V9e,0.6988,69.88,5,42,16,good
6964a3d507ac1ecf9e52,y9W5d,知识点y9W5d,0.7616,76.16,11,64,43,good
03754dce5ec7731fb3e2,b3C9s,知识点b3C9s,0.8866,88.66,3,11,11,good
03754dce5ec7731fb3e2,g7R2j,知识点g7R2j,0.7707,77.07,5,72,67,good
03754dce5ec7731fb3e2,k4W1c,知识点k4W1c,0.9641,96.41,1,3,3,good
03754dce5ec7731fb3e2,m3D1v,知识点m3D1v,0.9337,93.37,12,31,30,good
03754dce5ec7731fb3e2,r8S3g,知识点r8S3g,0.8398,83.98,5,15,9,good
03754dce5ec7731fb3e2,s8Y2f,知识点s8Y2f,0.7154,71.54,1,3,2,good
03754dce5ec7731fb3e2,t5V9e,知识点t5V9e,0.8561,85.61,5,29,28,good
03754dce5ec7731fb3e2,y9W5d,知识点y9W5d,0.8741,87.41,11,62,58,good
4738a118c8b8fa271fd6,b3C9s,知识点b3C9s,0.9432,94.32,3,4,3,good
4738a118c8b8fa271fd6,g7R2j,知识点g7R2j,0.8186,81.86,5,10,5,good
4738a118c8b8fa271fd6,k4W1c,知识点k4W1c,0.9987,99.87,1,1,1,good
4738a118c8b8fa271fd6,m3D1v,知识点m3D1v,0.8399,83.99,12,31,25,good
4738a118c8b8fa271fd6,r8S3g,知识点r8S3g,0.8433,84.33,5,19,6,good
4738a118c8b8fa271fd6,s8Y2f,知识点s8Y2f,0.7033,70.33,1,3,1,good
4738a118c8b8fa271fd6,t5V9e,知识点t5V9e,0.7569,75.69,5,29,17,good
4738a118c8b8fa271fd6,y9W5d,知识点y9W5d,0.8832,88.32,11,20,12,good
2af634997fba501740c2,b3C9s,知识点b3C9s,0.868,86.8,3,6,5,good
2af634997fba501740c2,g7R2j,知识点g7R2j,0.8868,88.68,5,35,32,good
2af634997fba501740c2,k4W1c,知识点k4W1c,0.9992,99.92,1,1,1,good
2af634997fba501740c2,m3D1v,知识点m3D1v,0.8099,80.99,12,49,18,good
2af634997fba501740c2,r8S3g,知识点r8S3g,0.8404,84.04,5,36,6,good
2af634997fba501740c2,s8Y2f,知识点s8Y2f,0.9993,99.93,1,1,1,good
2af634997fba501740c2,t5V9e,知识点t5V9e,0.8967,89.67,5,15,7,good
2af634997fba501740c2,y9W5d,知识点y9W5d,0.9461,94.61,11,20,15,good
c9e6e9322dd7054e618c,b3C9s,知识点b3C9s,0.9561,95.61,3,4,4,good
c9e6e9322dd7054e618c,g7R2j,知识点g7R2j,0.8938,89.38,5,10,5,good
c9e6e9322dd7054e618c,k4W1c,知识点k4W1c,0.8131,81.31,1,1,1,good
c9e6e9322dd7054e618c,m3D1v,知识点m3D1v,0.8556,85.56,12,19,13,good
c9e6e9322dd7054e618c,r8S3g,知识点r8S3g,0.9618,96.18,5,7,6,good
c9e6e9322dd7054e618c,s8Y2f,知识点s8Y2f,0.9984,99.84,1,1,1,good
c9e6e9322dd7054e618c,t5V9e,知识点t5V9e,0.8444,84.44,5,13,5,good
c9e6e9322dd7054e618c,y9W5d,知识点y9W5d,0.8711,87.11,11,21,16,good
d72abe041b8db9118e70,b3C9s,知识点b3C9s,0.9988,99.88,3,3,3,good
d72abe041b8db9118e70,g7R2j,知识点g7R2j,0.925,92.5,5,7,5,good
d72abe041b8db9118e70,k4W1c,知识点k4W1c,0.8143,81.43,1,2,1,good
d72abe041b8db9118e70,m3D1v,知识点m3D1v,0.8485,84.85,12,41,19,good
d72abe041b8db9118e70,r8S3g,知识点r8S3g,0.8775,87.75,5,9,6,good
d72abe041b8db9118e70,s8Y2f,知识点s8Y2f,0.8124,81.24,1,2,1,good
d72abe041b8db9118e70,t5V9e,知识点t5V9e,0.7667,76.67,5,16,10,good
d72abe041b8db9118e70,y9W5d,知识点y9W5d,0.8586,85.86,11,26,15,good
b0a62c35bfc7f529e83b,b3C9s,知识点b3C9s,0.8129,81.29,3,6,4,good
b0a62c35bfc7f529e83b,g7R2j,知识点g7R2j,0.8941,89.41,5,9,5,good
b0a62c35bfc7f529e83b,k4W1c,知识点k4W1c,0.9994,99.94,1,1,1,good
b0a62c35bfc7f529e83b,m3D1v,知识点m3D1v,0.8991,89.91,12,20,12,good
b0a62c35bfc7f529e83b,r8S3g,知识点r8S3g,0.8298,82.98,5,19,6,good
b0a62c35bfc7f529e83b,s8Y2f,知识点s8Y2f,0.9983,99.83,1,1,1,good
b0a62c35bfc7f529e83b,t5V9e,知识点t5V9e,0.865,86.5,5,5,5,good
b0a62c35bfc7f529e83b,y9W5d,知识点y9W5d,0.8524,85.24,11,29,20,good
a856f10303ba34926fdd,b3C9s,知识点b3C9s,0.9989,99.89,3,3,3,good
a856f10303ba34926fdd,g7R2j,知识点g7R2j,0.9617,96.17,5,8,8,good
a856f10303ba34926fdd,k4W1c,知识点k4W1c,0.9985,99.85,1,1,1,good
a856f10303ba34926fdd,m3D1v,知识点m3D1v,0.8104,81.04,12,30,20,good
a856f10303ba34926fdd,r8S3g,知识点r8S3g,0.8621,86.21,5,11,6,good
a856f10303ba34926fdd,s8Y2f,知识点s8Y2f,0.655,65.5,1,4,1,good
a856f10303ba34926fdd,t5V9e,知识点t5V9e,0.7821,78.21,5,16,12,good
a856f10303ba34926fdd,y9W5d,知识点y9W5d,0.8116,81.16,11,42,30,good
951678e2f3db4cd9911d,b3C9s,知识点b3C9s,0.9982,99.82,3,3,3,good
951678e2f3db4cd9911d,g7R2j,知识点g7R2j,0.8357,83.57,5,20,20,good
951678e2f3db4cd9911d,k4W1c,知识点k4W1c,0.9298,92.98,1,3,3,good
951678e2f3db4cd9911d,m3D1v,知识点m3D1v,0.9096,90.96,12,22,18,good
951678e2f3db4cd9911d,r8S3g,知识点r8S3g,0.962,96.2,5,8,6,good
951678e2f3db4cd9911d,s8Y2f,知识点s8Y2f,0.9982,99.82,1,1,1,good
951678e2f3db4cd9911d,t5V9e,知识点t5V9e,0.96,96.0,5,10,10,good
951678e2f3db4cd9911d,y9W5d,知识点y9W5d,0.9327,93.27,11,21,21,good
b34d4dc5b6c5fd7c5def,b3C9s,知识点b3C9s,0.9182,91.82,3,3,3,good
b34d4dc5b6c5fd7c5def,g7R2j,知识点g7R2j,0.9476,94.76,5,9,9,good
b34d4dc5b6c5fd7c5def,k4W1c,知识点k4W1c,0.9977,99.77,1,1,1,good
b34d4dc5b6c5fd7c5def,m3D1v,知识点m3D1v,0.9387,93.87,12,18,13,good
b34d4dc5b6c5fd7c5def,r8S3g,知识点r8S3g,0.8406,84.06,5,16,8,good
b34d4dc5b6c5fd7c5def,s8Y2f,知识点s8Y2f,0.9974,99.74,1,1,1,good
b34d4dc5b6c5fd7c5def,t5V9e,知识点t5V9e,0.9289,92.89,5,7,6,good
b34d4dc5b6c5fd7c5def,y9W5d,知识点y9W5d,0.9477,94.77,11,20,18,good
430420fb41fe0a889868,b3C9s,知识点b3C9s,0.8734,87.34,3,24,22,good
430420fb41fe0a889868,g7R2j,知识点g7R2j,0.78,78.0,5,52,41,good
430420fb41fe0a889868,k4W1c,知识点k4W1c,0.9466,94.66,1,2,2,good
430420fb41fe0a889868,m3D1v,知识点m3D1v,0.8273,82.73,12,68,51,good
430420fb41fe0a889868,r8S3g,知识点r8S3g,0.7432,74.32,5,26,6,good
430420fb41fe0a889868,s8Y2f,知识点s8Y2f,0.8138,81.38,1,2,1,good
430420fb41fe0a889868,t5V9e,知识点t5V9e,0.748,74.8,5,25,13,good
430420fb41fe0a889868,y9W5d,知识点y9W5d,0.8601,86.01,11,54,47,good
e17f01453906e3ae5716,b3C9s,知识点b3C9s,0.9434,94.34,3,3,3,good
e17f01453906e3ae5716,g7R2j,知识点g7R2j,0.8243,82.43,5,12,6,good
e17f01453906e3ae5716,k4W1c,知识点k4W1c,0.6796,67.96,1,11,1,good
e17f01453906e3ae5716,m3D1v,知识点m3D1v,0.7132,71.32,12,72,28,good
e17f01453906e3ae5716,r8S3g,知识点r8S3g,0.711,71.1,5,34,6,good
e17f01453906e3ae5716,s8Y2f,知识点s8Y2f,0.6207,62.07,1,3,1,good
e17f01453906e3ae5716,t5V9e,知识点t5V9e,0.7001,70.01,5,51,19,good
e17f01453906e3ae5716,y9W5d,知识点y9W5d,0.6783,67.83,11,71,26,good
d536120baaef5495c028,b3C9s,知识点b3C9s,0.8998,89.98,3,5,3,good
d536120baaef5495c028,g7R2j,知识点g7R2j,0.8811,88.11,5,8,5,good
d536120baaef5495c028,k4W1c,知识点k4W1c,0.9982,99.82,1,1,1,good
d536120baaef5495c028,m3D1v,知识点m3D1v,0.8477,84.77,12,41,17,good
d536120baaef5495c028,r8S3g,知识点r8S3g,0.8184,81.84,5,29,8,good
d536120baaef5495c028,s8Y2f,知识点s8Y2f,0.997,99.7,1,1,1,good
d536120baaef5495c028,t5V9e,知识点t5V9e,0.9098,90.98,5,9,6,good
d536120baaef5495c028,y9W5d,知识点y9W5d,0.9199,91.99,11,31,13,good
2ecb7fb5ff8899614c12,b3C9s,知识点b3C9s,0.8867,88.67,3,4,3,good
2ecb7fb5ff8899614c12,g7R2j,知识点g7R2j,0.8021,80.21,5,29,7,good
2ecb7fb5ff8899614c12,k4W1c,知识点k4W1c,0.7531,75.31,1,3,2,good
2ecb7fb5ff8899614c12,m3D1v,知识点m3D1v,0.8477,84.77,12,44,25,good
2ecb7fb5ff8899614c12,r8S3g,知识点r8S3g,0.7239,72.39,5,116,8,good
2ecb7fb5ff8899614c12,s8Y2f,知识点s8Y2f,0.9992,99.92,1,1,1,good
2ecb7fb5ff8899614c12,t5V9e,知识点t5V9e,0.8381,83.81,5,19,11,good
2ecb7fb5ff8899614c12,y9W5d,知识点y9W5d,0.8902,89.02,11,33,24,good
d6f3f410bbb24244d270,b3C9s,知识点b3C9s,0.8357,83.57,3,9,9,good
d6f3f410bbb24244d270,g7R2j,知识点g7R2j,0.8527,85.27,5,29,25,good
d6f3f410bbb24244d270,k4W1c,知识点k4W1c,0.8971,89.71,1,2,2,good
d6f3f410bbb24244d270,m3D1v,知识点m3D1v,0.9239,92.39,12,36,30,good
d6f3f410bbb24244d270,r8S3g,知识点r8S3g,0.7951,79.51,5,60,6,good
d6f3f410bbb24244d270,s8Y2f,知识点s8Y2f,0.7112,71.12,1,4,2,good
d6f3f410bbb24244d270,t5V9e,知识点t5V9e,0.8456,84.56,5,16,14,good
d6f3f410bbb24244d270,y9W5d,知识点y9W5d,0.8526,85.26,11,45,35,good
67f8d47cfb7b7b3d2095,b3C9s,知识点b3C9s,0.7214,72.14,3,7,3,good
67f8d47cfb7b7b3d2095,g7R2j,知识点g7R2j,0.8282,82.82,5,15,7,good
67f8d47cfb7b7b3d2095,k4W1c,知识点k4W1c,0.6215,62.15,1,3,1,good
67f8d47cfb7b7b3d2095,m3D1v,知识点m3D1v,0.7954,79.54,12,58,36,good
67f8d47cfb7b7b3d2095,r8S3g,知识点r8S3g,0.6454,64.54,5,54,6,good
67f8d47cfb7b7b3d2095,s8Y2f,知识点s8Y2f,0.8464,84.64,1,4,4,good
67f8d47cfb7b7b3d2095,t5V9e,知识点t5V9e,0.7291,72.91,5,48,13,good
67f8d47cfb7b7b3d2095,y9W5d,知识点y9W5d,0.8134,81.34,11,42,29,good
a0fa57995e3e8cdcc13a,b3C9s,知识点b3C9s,0.8426,84.26,3,12,10,good
a0fa57995e3e8cdcc13a,g7R2j,知识点g7R2j,0.8404,84.04,5,21,20,good
a0fa57995e3e8cdcc13a,k4W1c,知识点k4W1c,0.7919,79.19,1,63,63,good
a0fa57995e3e8cdcc13a,m3D1v,知识点m3D1v,0.8602,86.02,12,29,23,good
a0fa57995e3e8cdcc13a,r8S3g,知识点r8S3g,0.9245,92.45,5,8,8,good
a0fa57995e3e8cdcc13a,s8Y2f,知识点s8Y2f,0.6975,69.75,1,23,21,good
a0fa57995e3e8cdcc13a,t5V9e,知识点t5V9e,0.8174,81.74,5,17,14,good
a0fa57995e3e8cdcc13a,y9W5d,知识点y9W5d,0.8686,86.86,11,110,107,good
fe40bd528b4fbbf591e1,b3C9s,知识点b3C9s,0.9583,95.83,3,5,5,good
fe40bd528b4fbbf591e1,g7R2j,知识点g7R2j,0.8687,86.87,5,17,16,good
fe40bd528b4fbbf591e1,k4W1c,知识点k4W1c,0.7421,74.21,1,3,3,good
fe40bd528b4fbbf591e1,m3D1v,知识点m3D1v,0.879,87.9,12,34,21,good
fe40bd528b4fbbf591e1,r8S3g,知识点r8S3g,0.6657,66.57,5,25,6,good
fe40bd528b4fbbf591e1,s8Y2f,知识点s8Y2f,0.555,55.5,1,2,1,medium
fe40bd528b4fbbf591e1,t5V9e,知识点t5V9e,0.7224,72.24,5,37,15,good
fe40bd528b4fbbf591e1,y9W5d,知识点y9W5d,0.7426,74.26,11,57,34,good
be52205cb48c05e10567,m3D1v,知识点m3D1v,0.0866,8.66,1,1,1,poor
be52205cb48c05e10567,r8S3g,知识点r8S3g,0.7426,74.26,5,24,7,good
be52205cb48c05e10567,t5V9e,知识点t5V9e,0.6382,63.82,4,10,3,good
03e0c9bff3a9557480d9,b3C9s,知识点b3C9s,0.8623,86.23,3,4,3,good
03e0c9bff3a9557480d9,g7R2j,知识点g7R2j,0.5107,51.07,3,6,6,medium
03e0c9bff3a9557480d9,k4W1c,知识点k4W1c,0.9993,99.93,1,1,1,good
03e0c9bff3a9557480d9,m3D1v,知识点m3D1v,0.8179,81.79,11,26,23,good
03e0c9bff3a9557480d9,r8S3g,知识点r8S3g,0.6731,67.31,5,19,6,good
03e0c9bff3a9557480d9,s8Y2f,知识点s8Y2f,0.9987,99.87,1,1,1,good
03e0c9bff3a9557480d9,t5V9e,知识点t5V9e,0.8695,86.95,5,29,24,good
03e0c9bff3a9557480d9,y9W5d,知识点y9W5d,0.9252,92.52,11,23,21,good
60c3549c706fe13322ce,b3C9s,知识点b3C9s,0.805,80.5,3,10,3,good
60c3549c706fe13322ce,g7R2j,知识点g7R2j,0.8451,84.51,5,12,9,good
60c3549c706fe13322ce,k4W1c,知识点k4W1c,0.6623,66.23,1,4,3,good
60c3549c706fe13322ce,m3D1v,知识点m3D1v,0.8468,84.68,12,44,19,good
60c3549c706fe13322ce,r8S3g,知识点r8S3g,0.6962,69.62,5,16,6,good
60c3549c706fe13322ce,s8Y2f,知识点s8Y2f,0.8015,80.15,1,5,3,good
60c3549c706fe13322ce,t5V9e,知识点t5V9e,0.8469,84.69,5,14,8,good
60c3549c706fe13322ce,y9W5d,知识点y9W5d,0.8164,81.64,11,33,21,good
2826ec26211d83efd2c6,b3C9s,知识点b3C9s,0.9987,99.87,3,3,3,good
2826ec26211d83efd2c6,g7R2j,知识点g7R2j,0.8661,86.61,5,15,13,good
2826ec26211d83efd2c6,k4W1c,知识点k4W1c,0.7861,78.61,1,2,2,good
2826ec26211d83efd2c6,m3D1v,知识点m3D1v,0.8746,87.46,12,32,17,good
2826ec26211d83efd2c6,r8S3g,知识点r8S3g,0.7265,72.65,5,25,12,good
2826ec26211d83efd2c6,s8Y2f,知识点s8Y2f,0.6867,68.67,1,1,1,good
2826ec26211d83efd2c6,t5V9e,知识点t5V9e,0.809,80.9,5,17,10,good
2826ec26211d83efd2c6,y9W5d,知识点y9W5d,0.8315,83.15,11,35,21,good
6b9ee688551136da2eb9,b3C9s,知识点b3C9s,0.9283,92.83,3,5,3,good
6b9ee688551136da2eb9,g7R2j,知识点g7R2j,0.9095,90.95,5,8,5,good
6b9ee688551136da2eb9,k4W1c,知识点k4W1c,0.9987,99.87,1,1,1,good
6b9ee688551136da2eb9,m3D1v,知识点m3D1v,0.8806,88.06,12,21,15,good
6b9ee688551136da2eb9,r8S3g,知识点r8S3g,0.7499,74.99,5,40,6,good
6b9ee688551136da2eb9,s8Y2f,知识点s8Y2f,0.9994,99.94,1,1,1,good
6b9ee688551136da2eb9,t5V9e,知识点t5V9e,0.806,80.6,5,27,8,good
6b9ee688551136da2eb9,y9W5d,知识点y9W5d,0.8766,87.66,11,16,12,good
454c91e8f96c1dc4e994,b3C9s,知识点b3C9s,0.9988,99.88,3,3,3,good
454c91e8f96c1dc4e994,g7R2j,知识点g7R2j,0.9987,99.87,5,5,5,good
454c91e8f96c1dc4e994,k4W1c,知识点k4W1c,0.7782,77.82,1,5,5,good
454c91e8f96c1dc4e994,m3D1v,知识点m3D1v,0.7643,76.43,12,71,49,good
454c91e8f96c1dc4e994,r8S3g,知识点r8S3g,0.7706,77.06,5,62,6,good
454c91e8f96c1dc4e994,s8Y2f,知识点s8Y2f,0.6337,63.37,1,4,1,good
454c91e8f96c1dc4e994,t5V9e,知识点t5V9e,0.7042,70.42,5,36,23,good
454c91e8f96c1dc4e994,y9W5d,知识点y9W5d,0.8088,80.88,11,53,42,good
854ce9f7f4d7b6115854,g7R2j,知识点g7R2j,0.684,68.4,4,9,7,good
854ce9f7f4d7b6115854,k4W1c,知识点k4W1c,0.9988,99.88,1,1,1,good
854ce9f7f4d7b6115854,m3D1v,知识点m3D1v,0.9159,91.59,12,22,20,good
854ce9f7f4d7b6115854,r8S3g,知识点r8S3g,0.9058,90.58,5,10,6,good
854ce9f7f4d7b6115854,s8Y2f,知识点s8Y2f,0.8134,81.34,1,1,1,good
854ce9f7f4d7b6115854,t5V9e,知识点t5V9e,0.8992,89.92,5,9,6,good
854ce9f7f4d7b6115854,y9W5d,知识点y9W5d,0.8662,86.62,11,19,17,good
d103bd9455fb9258c805,b3C9s,知识点b3C9s,0.7699,76.99,3,8,3,good
d103bd9455fb9258c805,g7R2j,知识点g7R2j,0.9257,92.57,5,12,6,good
d103bd9455fb9258c805,k4W1c,知识点k4W1c,0.9987,99.87,1,2,2,good
d103bd9455fb9258c805,m3D1v,知识点m3D1v,0.9075,90.75,12,30,15,good
d103bd9455fb9258c805,r8S3g,知识点r8S3g,0.896,89.6,5,16,8,good
d103bd9455fb9258c805,s8Y2f,知识点s8Y2f,0.9984,99.84,1,1,1,good
d103bd9455fb9258c805,t5V9e,知识点t5V9e,0.9401,94.01,5,10,5,good
d103bd9455fb9258c805,y9W5d,知识点y9W5d,0.9442,94.42,11,25,13,good
13de1d3a55477a0c0329,b3C9s,知识点b3C9s,0.9658,96.58,3,5,5,good
13de1d3a55477a0c0329,g7R2j,知识点g7R2j,0.8355,83.55,5,12,6,good
13de1d3a55477a0c0329,k4W1c,知识点k4W1c,0.7625,76.25,1,3,1,good
13de1d3a55477a0c0329,m3D1v,知识点m3D1v,0.8462,84.62,12,59,14,good
13de1d3a55477a0c0329,r8S3g,知识点r8S3g,0.8879,88.79,5,9,6,good
13de1d3a55477a0c0329,s8Y2f,知识点s8Y2f,0.8128,81.28,1,1,1,good
13de1d3a55477a0c0329,t5V9e,知识点t5V9e,0.9385,93.85,5,11,5,good
13de1d3a55477a0c0329,y9W5d,知识点y9W5d,0.91,91.0,11,25,11,good
pg8ucem69ixbqhznx0x2,b3C9s,知识点b3C9s,0.7328,73.28,2,4,4,good
pg8ucem69ixbqhznx0x2,g7R2j,知识点g7R2j,0.6615,66.15,4,12,8,good
pg8ucem69ixbqhznx0x2,k4W1c,知识点k4W1c,0.772,77.2,1,4,3,good
pg8ucem69ixbqhznx0x2,m3D1v,知识点m3D1v,0.7226,72.26,10,19,15,good
pg8ucem69ixbqhznx0x2,r8S3g,知识点r8S3g,0.7369,73.69,5,32,8,good
pg8ucem69ixbqhznx0x2,s8Y2f,知识点s8Y2f,0.7325,73.25,1,3,2,good
pg8ucem69ixbqhznx0x2,t5V9e,知识点t5V9e,0.6427,64.27,3,12,3,good
pg8ucem69ixbqhznx0x2,y9W5d,知识点y9W5d,0.8004,80.04,11,22,16,good
vzdurh8f0rfus5h4bde2,b3C9s,知识点b3C9s,0.7934,79.34,2,5,5,good
vzdurh8f0rfus5h4bde2,g7R2j,知识点g7R2j,0.7851,78.51,5,11,8,good
vzdurh8f0rfus5h4bde2,k4W1c,知识点k4W1c,0.652,65.2,1,1,1,good
vzdurh8f0rfus5h4bde2,m3D1v,知识点m3D1v,0.6782,67.82,11,29,16,good
vzdurh8f0rfus5h4bde2,r8S3g,知识点r8S3g,0.7289,72.89,5,18,6,good
vzdurh8f0rfus5h4bde2,s8Y2f,知识点s8Y2f,0.8652,86.52,1,3,3,good
vzdurh8f0rfus5h4bde2,t5V9e,知识点t5V9e,0.598,59.8,4,10,6,medium
vzdurh8f0rfus5h4bde2,y9W5d,知识点y9W5d,0.728,72.8,11,28,20,good
ucxxvfcovdwuokyswife,b3C9s,知识点b3C9s,0.7952,79.52,2,3,3,good
ucxxvfcovdwuokyswife,g7R2j,知识点g7R2j,0.7936,79.36,3,10,10,good
ucxxvfcovdwuokyswife,k4W1c,知识点k4W1c,0.8055,80.55,1,3,3,good
ucxxvfcovdwuokyswife,m3D1v,知识点m3D1v,0.7285,72.85,12,30,16,good
ucxxvfcovdwuokyswife,r8S3g,知识点r8S3g,0.6349,63.49,5,22,2,good
ucxxvfcovdwuokyswife,s8Y2f,知识点s8Y2f,0.651,65.1,1,4,2,good
ucxxvfcovdwuokyswife,t5V9e,知识点t5V9e,0.7628,76.28,4,15,10,good
ucxxvfcovdwuokyswife,y9W5d,知识点y9W5d,0.6414,64.14,10,27,19,good
yums89f0epz009xrrwrf,b3C9s,知识点b3C9s,0.8312,83.12,3,6,5,good
yums89f0epz009xrrwrf,g7R2j,知识点g7R2j,0.5295,52.95,3,8,4,medium
yums89f0epz009xrrwrf,k4W1c,知识点k4W1c,0.9312,93.12,1,3,3,good
yums89f0epz009xrrwrf,m3D1v,知识点m3D1v,0.7114,71.14,10,29,17,good
yums89f0epz009xrrwrf,r8S3g,知识点r8S3g,0.6742,67.42,4,13,3,good
yums89f0epz009xrrwrf,s8Y2f,知识点s8Y2f,0.7143,71.43,1,1,1,good
yums89f0epz009xrrwrf,t5V9e,知识点t5V9e,0.6617,66.17,5,18,6,good
yums89f0epz009xrrwrf,y9W5d,知识点y9W5d,0.7351,73.51,10,23,19,good
4y1vvkscejq34042oag4,b3C9s,知识点b3C9s,0.6278,62.78,2,3,3,good
4y1vvkscejq34042oag4,g7R2j,知识点g7R2j,0.7019,70.19,4,12,9,good
4y1vvkscejq34042oag4,k4W1c,知识点k4W1c,0.9642,96.42,1,3,3,good
4y1vvkscejq34042oag4,m3D1v,知识点m3D1v,0.7135,71.35,11,29,18,good
4y1vvkscejq34042oag4,r8S3g,知识点r8S3g,0.6332,63.32,3,16,3,good
4y1vvkscejq34042oag4,s8Y2f,知识点s8Y2f,0.7324,73.24,1,2,1,good
4y1vvkscejq34042oag4,t5V9e,知识点t5V9e,0.8062,80.62,5,17,12,good
4y1vvkscejq34042oag4,y9W5d,知识点y9W5d,0.7169,71.69,9,26,20,good
ng2c52g74hfaudyxmm6m,b3C9s,知识点b3C9s,0.8212,82.12,3,6,5,good
ng2c52g74hfaudyxmm6m,g7R2j,知识点g7R2j,0.5959,59.59,4,17,11,medium
ng2c52g74hfaudyxmm6m,k4W1c,知识点k4W1c,0.7872,78.72,1,3,3,good
ng2c52g74hfaudyxmm6m,m3D1v,知识点m3D1v,0.7231,72.31,11,36,21,good
ng2c52g74hfaudyxmm6m,r8S3g,知识点r8S3g,0.654,65.4,5,22,6,good
ng2c52g74hfaudyxmm6m,s8Y2f,知识点s8Y2f,0.7322,73.22,1,2,1,good
ng2c52g74hfaudyxmm6m,t5V9e,知识点t5V9e,0.7214,72.14,5,29,16,good
ng2c52g74hfaudyxmm6m,y9W5d,知识点y9W5d,0.7544,75.44,10,31,22,good
ttsjumez81r1ot6tfe7n,b3C9s,知识点b3C9s,0.4368,43.68,1,3,3,medium
ttsjumez81r1ot6tfe7n,g7R2j,知识点g7R2j,0.8648,86.48,5,9,7,good
ttsjumez81r1ot6tfe7n,k4W1c,知识点k4W1c,0.8119,81.19,1,3,3,good
ttsjumez81r1ot6tfe7n,m3D1v,知识点m3D1v,0.7008,70.08,11,31,22,good
ttsjumez81r1ot6tfe7n,r8S3g,知识点r8S3g,0.5109,51.09,4,10,1,medium
ttsjumez81r1ot6tfe7n,s8Y2f,知识点s8Y2f,0.7054,70.54,1,3,1,good
ttsjumez81r1ot6tfe7n,t5V9e,知识点t5V9e,0.7121,71.21,5,12,4,good
ttsjumez81r1ot6tfe7n,y9W5d,知识点y9W5d,0.7371,73.71,10,29,20,good
m3xzctvbxlbxz80zz042,b3C9s,知识点b3C9s,0.589,58.9,2,7,6,medium
m3xzctvbxlbxz80zz042,g7R2j,知识点g7R2j,0.8058,80.58,4,10,8,good
m3xzctvbxlbxz80zz042,k4W1c,知识点k4W1c,0.6297,62.97,1,1,0,good
m3xzctvbxlbxz80zz042,m3D1v,知识点m3D1v,0.6219,62.19,10,30,11,good
m3xzctvbxlbxz80zz042,r8S3g,知识点r8S3g,0.5112,51.12,4,11,2,medium
m3xzctvbxlbxz80zz042,s8Y2f,知识点s8Y2f,0.664,66.4,1,4,2,good
m3xzctvbxlbxz80zz042,t5V9e,知识点t5V9e,0.7531,75.31,5,21,9,good
m3xzctvbxlbxz80zz042,y9W5d,知识点y9W5d,0.6816,68.16,10,31,20,good
1nebcwra7a0fduy8c1fa,b3C9s,知识点b3C9s,0.7153,71.53,3,3,2,good
1nebcwra7a0fduy8c1fa,g7R2j,知识点g7R2j,0.587,58.7,4,20,12,medium
1nebcwra7a0fduy8c1fa,k4W1c,知识点k4W1c,0.681,68.1,1,3,2,good
1nebcwra7a0fduy8c1fa,m3D1v,知识点m3D1v,0.7628,76.28,12,34,20,good
1nebcwra7a0fduy8c1fa,r8S3g,知识点r8S3g,0.6571,65.71,4,22,2,good
1nebcwra7a0fduy8c1fa,s8Y2f,知识点s8Y2f,0.6469,64.69,1,3,1,good
1nebcwra7a0fduy8c1fa,t5V9e,知识点t5V9e,0.6179,61.79,5,14,4,good
1nebcwra7a0fduy8c1fa,y9W5d,知识点y9W5d,0.7467,74.67,11,27,16,good
z9q10sbk27qpuvatlkuw,b3C9s,知识点b3C9s,0.6559,65.59,3,5,3,good
z9q10sbk27qpuvatlkuw,g7R2j,知识点g7R2j,0.7625,76.25,4,12,9,good
z9q10sbk27qpuvatlkuw,k4W1c,知识点k4W1c,0.7984,79.84,1,1,1,good
z9q10sbk27qpuvatlkuw,m3D1v,知识点m3D1v,0.6626,66.26,10,32,12,good
z9q10sbk27qpuvatlkuw,r8S3g,知识点r8S3g,0.5793,57.93,3,13,5,medium
z9q10sbk27qpuvatlkuw,s8Y2f,知识点s8Y2f,0.6305,63.05,0,0,0,good
z9q10sbk27qpuvatlkuw,t5V9e,知识点t5V9e,0.5661,56.61,4,18,8,medium
z9q10sbk27qpuvatlkuw,y9W5d,知识点y9W5d,0.6724,67.24,9,22,15,good
cgydhui8n3uoxbq5rznl,b3C9s,知识点b3C9s,0.7932,79.32,3,10,7,good
cgydhui8n3uoxbq5rznl,g7R2j,知识点g7R2j,0.7017,70.17,3,10,7,good
cgydhui8n3uoxbq5rznl,k4W1c,知识点k4W1c,0.7079,70.79,1,4,2,good
cgydhui8n3uoxbq5rznl,m3D1v,知识点m3D1v,0.6113,61.13,10,29,13,good
cgydhui8n3uoxbq5rznl,r8S3g,知识点r8S3g,0.6474,64.74,4,18,4,good
cgydhui8n3uoxbq5rznl,s8Y2f,知识点s8Y2f,0.653,65.3,1,2,1,good
cgydhui8n3uoxbq5rznl,t5V9e,知识点t5V9e,0.5502,55.02,4,17,10,medium
cgydhui8n3uoxbq5rznl,y9W5d,知识点y9W5d,0.7299,72.99,9,22,13,good
sdun9fmcol7sud39mllw,b3C9s,知识点b3C9s,0.8144,81.44,2,2,2,good
sdun9fmcol7sud39mllw,g7R2j,知识点g7R2j,0.7074,70.74,4,10,6,good
sdun9fmcol7sud39mllw,k4W1c,知识点k4W1c,0.7802,78.02,1,3,2,good
sdun9fmcol7sud39mllw,m3D1v,知识点m3D1v,0.6856,68.56,9,28,18,good
sdun9fmcol7sud39mllw,r8S3g,知识点r8S3g,0.6695,66.95,5,36,8,good
sdun9fmcol7sud39mllw,s8Y2f,知识点s8Y2f,0.6066,60.66,1,4,1,good
sdun9fmcol7sud39mllw,t5V9e,知识点t5V9e,0.6786,67.86,4,14,9,good
sdun9fmcol7sud39mllw,y9W5d,知识点y9W5d,0.6709,67.09,10,33,22,good
csxiwtz34vm9vr0kbryx,b3C9s,知识点b3C9s,0.7941,79.41,3,4,4,good
csxiwtz34vm9vr0kbryx,g7R2j,知识点g7R2j,0.781,78.1,4,15,12,good
csxiwtz34vm9vr0kbryx,k4W1c,知识点k4W1c,0.7114,71.14,1,4,2,good
csxiwtz34vm9vr0kbryx,m3D1v,知识点m3D1v,0.762,76.2,11,40,24,good
csxiwtz34vm9vr0kbryx,r8S3g,知识点r8S3g,0.6571,65.71,5,38,6,good
csxiwtz34vm9vr0kbryx,s8Y2f,知识点s8Y2f,0.6726,67.26,1,2,1,good
csxiwtz34vm9vr0kbryx,t5V9e,知识点t5V9e,0.7141,71.41,5,18,12,good
csxiwtz34vm9vr0kbryx,y9W5d,知识点y9W5d,0.6609,66.09,9,29,17,good
4v5xbvn3yhmvs97477pc,b3C9s,知识点b3C9s,0.8382,83.82,2,6,6,good
4v5xbvn3yhmvs97477pc,g7R2j,知识点g7R2j,0.7651,76.51,5,11,9,good
4v5xbvn3yhmvs97477pc,k4W1c,知识点k4W1c,0.6642,66.42,0,0,0,good
4v5xbvn3yhmvs97477pc,m3D1v,知识点m3D1v,0.7392,73.92,8,24,18,good
4v5xbvn3yhmvs97477pc,r8S3g,知识点r8S3g,0.5717,57.17,4,31,8,medium
4v5xbvn3yhmvs97477pc,s8Y2f,知识点s8Y2f,0.7318,73.18,1,3,2,good
4v5xbvn3yhmvs97477pc,t5V9e,知识点t5V9e,0.7528,75.28,5,19,9,good
4v5xbvn3yhmvs97477pc,y9W5d,知识点y9W5d,0.8118,81.18,10,21,18,good
g5wbnnhq1jbyc32q3003,b3C9s,知识点b3C9s,0.5467,54.67,2,5,4,medium
g5wbnnhq1jbyc32q3003,g7R2j,知识点g7R2j,0.4849,48.49,3,12,10,medium
g5wbnnhq1jbyc32q3003,k4W1c,知识点k4W1c,0.93,93.0,1,3,3,good
g5wbnnhq1jbyc32q3003,m3D1v,知识点m3D1v,0.5784,57.84,10,29,17,medium
g5wbnnhq1jbyc32q3003,r8S3g,知识点r8S3g,0.6546,65.46,4,24,2,good
g5wbnnhq1jbyc32q3003,s8Y2f,知识点s8Y2f,0.6267,62.67,1,1,0,good
g5wbnnhq1jbyc32q3003,t5V9e,知识点t5V9e,0.8143,81.43,5,19,15,good
g5wbnnhq1jbyc32q3003,y9W5d,知识点y9W5d,0.6364,63.64,9,26,19,good
ulowmljtsh72z64haltq,b3C9s,知识点b3C9s,0.7475,74.75,3,4,3,good
ulowmljtsh72z64haltq,g7R2j,知识点g7R2j,0.748,74.8,4,17,15,good
ulowmljtsh72z64haltq,k4W1c,知识点k4W1c,0.6964,69.64,1,2,1,good
ulowmljtsh72z64haltq,m3D1v,知识点m3D1v,0.569,56.9,9,30,14,medium
ulowmljtsh72z64haltq,r8S3g,知识点r8S3g,0.6359,63.59,4,21,5,good
ulowmljtsh72z64haltq,s8Y2f,知识点s8Y2f,0.7991,79.91,1,3,2,good
ulowmljtsh72z64haltq,t5V9e,知识点t5V9e,0.6965,69.65,5,15,5,good
ulowmljtsh72z64haltq,y9W5d,知识点y9W5d,0.7745,77.45,11,26,17,good
19rc4zj7sw4ms0996992,b3C9s,知识点b3C9s,0.8019,80.19,3,9,5,good
19rc4zj7sw4ms0996992,g7R2j,知识点g7R2j,0.5921,59.21,4,7,6,medium
19rc4zj7sw4ms0996992,k4W1c,知识点k4W1c,0.8308,83.08,1,4,4,good
19rc4zj7sw4ms0996992,m3D1v,知识点m3D1v,0.7894,78.94,11,41,29,good
19rc4zj7sw4ms0996992,r8S3g,知识点r8S3g,0.6441,64.41,5,31,4,good
19rc4zj7sw4ms0996992,s8Y2f,知识点s8Y2f,0.9992,99.92,1,1,1,good
19rc4zj7sw4ms0996992,t5V9e,知识点t5V9e,0.7519,75.19,5,16,9,good
19rc4zj7sw4ms0996992,y9W5d,知识点y9W5d,0.6982,69.82,9,23,17,good
mn8t0yyppsznr674ic1a,b3C9s,知识点b3C9s,0.7133,71.33,3,4,2,good
mn8t0yyppsznr674ic1a,g7R2j,知识点g7R2j,0.7327,73.27,5,17,9,good
mn8t0yyppsznr674ic1a,k4W1c,知识点k4W1c,0.8305,83.05,1,5,5,good
mn8t0yyppsznr674ic1a,m3D1v,知识点m3D1v,0.6549,65.49,9,24,11,good
mn8t0yyppsznr674ic1a,r8S3g,知识点r8S3g,0.6817,68.17,4,25,7,good
mn8t0yyppsznr674ic1a,s8Y2f,知识点s8Y2f,0.6529,65.29,1,3,1,good
mn8t0yyppsznr674ic1a,t5V9e,知识点t5V9e,0.7093,70.93,5,17,6,good
mn8t0yyppsznr674ic1a,y9W5d,知识点y9W5d,0.7263,72.63,9,27,22,good
isavn2ahb9n5z1q8win5,b3C9s,知识点b3C9s,0.8944,89.44,3,6,5,good
isavn2ahb9n5z1q8win5,g7R2j,知识点g7R2j,0.8801,88.01,5,14,14,good
isavn2ahb9n5z1q8win5,k4W1c,知识点k4W1c,0.8738,87.38,1,4,4,good
isavn2ahb9n5z1q8win5,m3D1v,知识点m3D1v,0.6342,63.42,11,22,14,good
isavn2ahb9n5z1q8win5,r8S3g,知识点r8S3g,0.5027,50.27,4,19,1,medium
isavn2ahb9n5z1q8win5,t5V9e,知识点t5V9e,0.7334,73.34,5,18,9,good
isavn2ahb9n5z1q8win5,y9W5d,知识点y9W5d,0.7738,77.38,10,25,24,good
uhky1uwx18u1e4nixzzf,b3C9s,知识点b3C9s,0.4957,49.57,2,4,3,medium
uhky1uwx18u1e4nixzzf,g7R2j,知识点g7R2j,0.4245,42.45,2,11,10,medium
uhky1uwx18u1e4nixzzf,k4W1c,知识点k4W1c,0.8024,80.24,1,4,4,good
uhky1uwx18u1e4nixzzf,m3D1v,知识点m3D1v,0.6015,60.15,8,29,14,good
uhky1uwx18u1e4nixzzf,r8S3g,知识点r8S3g,0.6892,68.92,5,19,4,good
uhky1uwx18u1e4nixzzf,s8Y2f,知识点s8Y2f,0.7877,78.77,1,6,4,good
uhky1uwx18u1e4nixzzf,t5V9e,知识点t5V9e,0.7034,70.34,5,21,12,good
uhky1uwx18u1e4nixzzf,y9W5d,知识点y9W5d,0.7066,70.66,9,33,25,good
h9urbo4ce8x02brjnloz,b3C9s,知识点b3C9s,0.8468,84.68,3,6,5,good
h9urbo4ce8x02brjnloz,g7R2j,知识点g7R2j,0.525,52.5,4,9,5,medium
h9urbo4ce8x02brjnloz,k4W1c,知识点k4W1c,0.6779,67.79,1,2,2,good
h9urbo4ce8x02brjnloz,m3D1v,知识点m3D1v,0.7027,70.27,12,34,17,good
h9urbo4ce8x02brjnloz,r8S3g,知识点r8S3g,0.7093,70.93,5,16,4,good
h9urbo4ce8x02brjnloz,s8Y2f,知识点s8Y2f,0.8972,89.72,1,3,3,good
h9urbo4ce8x02brjnloz,t5V9e,知识点t5V9e,0.6075,60.75,4,12,8,good
h9urbo4ce8x02brjnloz,y9W5d,知识点y9W5d,0.5907,59.07,9,27,15,medium
lewkf2owb42ywhfto9yf,b3C9s,知识点b3C9s,0.6955,69.55,3,5,3,good
lewkf2owb42ywhfto9yf,g7R2j,知识点g7R2j,0.6218,62.18,3,9,9,good
lewkf2owb42ywhfto9yf,k4W1c,知识点k4W1c,0.8655,86.55,1,3,3,good
lewkf2owb42ywhfto9yf,m3D1v,知识点m3D1v,0.7583,75.83,11,43,28,good
lewkf2owb42ywhfto9yf,r8S3g,知识点r8S3g,0.5577,55.77,4,9,1,medium
lewkf2owb42ywhfto9yf,s8Y2f,知识点s8Y2f,0.5939,59.39,1,2,0,medium
lewkf2owb42ywhfto9yf,t5V9e,知识点t5V9e,0.6825,68.25,5,18,7,good
lewkf2owb42ywhfto9yf,y9W5d,知识点y9W5d,0.716,71.6,10,31,22,good
p3cs5x8cxrwubesmagvl,b3C9s,知识点b3C9s,0.8692,86.92,3,4,3,good
p3cs5x8cxrwubesmagvl,g7R2j,知识点g7R2j,0.6888,68.88,5,8,4,good
p3cs5x8cxrwubesmagvl,k4W1c,知识点k4W1c,0.7642,76.42,1,3,3,good
p3cs5x8cxrwubesmagvl,m3D1v,知识点m3D1v,0.6795,67.95,11,42,27,good
p3cs5x8cxrwubesmagvl,r8S3g,知识点r8S3g,0.7195,71.95,5,31,9,good
p3cs5x8cxrwubesmagvl,s8Y2f,知识点s8Y2f,0.7283,72.83,1,2,2,good
p3cs5x8cxrwubesmagvl,t5V9e,知识点t5V9e,0.6868,68.68,4,16,8,good
p3cs5x8cxrwubesmagvl,y9W5d,知识点y9W5d,0.743,74.3,11,33,23,good
u968v341lom8drwdzqqj,b3C9s,知识点b3C9s,0.747,74.7,3,3,2,good
u968v341lom8drwdzqqj,g7R2j,知识点g7R2j,0.7348,73.48,3,9,6,good
u968v341lom8drwdzqqj,k4W1c,知识点k4W1c,0.6628,66.28,1,2,1,good
u968v341lom8drwdzqqj,m3D1v,知识点m3D1v,0.7616,76.16,11,26,17,good
u968v341lom8drwdzqqj,r8S3g,知识点r8S3g,0.5303,53.03,4,19,6,medium
u968v341lom8drwdzqqj,s8Y2f,知识点s8Y2f,0.8159,81.59,1,1,1,good
u968v341lom8drwdzqqj,t5V9e,知识点t5V9e,0.5404,54.04,4,17,6,medium
u968v341lom8drwdzqqj,y9W5d,知识点y9W5d,0.7176,71.76,9,24,17,good
x8hocidvl3emcmrhw2f8,b3C9s,知识点b3C9s,0.9037,90.37,3,6,4,good
x8hocidvl3emcmrhw2f8,g7R2j,知识点g7R2j,0.821,82.1,5,15,10,good
x8hocidvl3emcmrhw2f8,k4W1c,知识点k4W1c,0.6634,66.34,0,0,0,good
x8hocidvl3emcmrhw2f8,m3D1v,知识点m3D1v,0.6945,69.45,11,34,18,good
x8hocidvl3emcmrhw2f8,r8S3g,知识点r8S3g,0.6865,68.65,4,30,7,good
x8hocidvl3emcmrhw2f8,s8Y2f,知识点s8Y2f,0.9731,97.31,1,4,4,good
x8hocidvl3emcmrhw2f8,t5V9e,知识点t5V9e,0.7037,70.37,5,20,6,good
x8hocidvl3emcmrhw2f8,y9W5d,知识点y9W5d,0.75,75.0,8,24,16,good
0sgnvj4zfg3xjjb9fl6h,b3C9s,知识点b3C9s,0.7828,78.28,3,8,5,good
0sgnvj4zfg3xjjb9fl6h,g7R2j,知识点g7R2j,0.7929,79.29,5,21,15,good
0sgnvj4zfg3xjjb9fl6h,k4W1c,知识点k4W1c,0.9474,94.74,1,2,2,good
0sgnvj4zfg3xjjb9fl6h,m3D1v,知识点m3D1v,0.75,75.0,12,34,19,good
0sgnvj4zfg3xjjb9fl6h,r8S3g,知识点r8S3g,0.7127,71.27,4,15,5,good
0sgnvj4zfg3xjjb9fl6h,s8Y2f,知识点s8Y2f,0.6305,63.05,1,1,0,good
0sgnvj4zfg3xjjb9fl6h,t5V9e,知识点t5V9e,0.4555,45.55,3,17,12,medium
0sgnvj4zfg3xjjb9fl6h,y9W5d,知识点y9W5d,0.7776,77.76,11,22,13,good
7ddzwidmh4uwbopvlast,b3C9s,知识点b3C9s,0.8744,87.44,3,7,5,good
7ddzwidmh4uwbopvlast,g7R2j,知识点g7R2j,0.6592,65.92,4,15,13,good
7ddzwidmh4uwbopvlast,k4W1c,知识点k4W1c,0.8469,84.69,1,2,2,good
7ddzwidmh4uwbopvlast,m3D1v,知识点m3D1v,0.6798,67.98,10,42,22,good
7ddzwidmh4uwbopvlast,r8S3g,知识点r8S3g,0.6737,67.37,5,19,3,good
7ddzwidmh4uwbopvlast,s8Y2f,知识点s8Y2f,0.9993,99.93,1,1,1,good
7ddzwidmh4uwbopvlast,t5V9e,知识点t5V9e,0.6706,67.06,5,21,9,good
7ddzwidmh4uwbopvlast,y9W5d,知识点y9W5d,0.7454,74.54,9,18,11,good
j8inicu0iafkpv3u9431,b3C9s,知识点b3C9s,0.684,68.4,3,5,2,good
j8inicu0iafkpv3u9431,g7R2j,知识点g7R2j,0.5535,55.35,3,13,10,medium
j8inicu0iafkpv3u9431,k4W1c,知识点k4W1c,0.8373,83.73,1,3,3,good
j8inicu0iafkpv3u9431,m3D1v,知识点m3D1v,0.7199,71.99,11,27,11,good
j8inicu0iafkpv3u9431,r8S3g,知识点r8S3g,0.6761,67.61,4,16,5,good
j8inicu0iafkpv3u9431,s8Y2f,知识点s8Y2f,0.947,94.7,1,4,4,good
j8inicu0iafkpv3u9431,t5V9e,知识点t5V9e,0.7101,71.01,5,15,9,good
j8inicu0iafkpv3u9431,y9W5d,知识点y9W5d,0.7704,77.04,10,32,23,good
74g1r714u01v7nb4vn8w,b3C9s,知识点b3C9s,0.4888,48.88,2,3,2,medium
74g1r714u01v7nb4vn8w,g7R2j,知识点g7R2j,0.7207,72.07,4,11,9,good
74g1r714u01v7nb4vn8w,k4W1c,知识点k4W1c,0.7803,78.03,1,6,6,good
74g1r714u01v7nb4vn8w,m3D1v,知识点m3D1v,0.7191,71.91,12,40,22,good
74g1r714u01v7nb4vn8w,r8S3g,知识点r8S3g,0.6209,62.09,4,16,4,good
74g1r714u01v7nb4vn8w,s8Y2f,知识点s8Y2f,0.8154,81.54,1,2,1,good
74g1r714u01v7nb4vn8w,t5V9e,知识点t5V9e,0.7233,72.33,5,19,12,good
74g1r714u01v7nb4vn8w,y9W5d,知识点y9W5d,0.7993,79.93,11,25,22,good
em248gxmeso9cw0wzlv8,b3C9s,知识点b3C9s,0.5958,59.58,2,4,4,medium
em248gxmeso9cw0wzlv8,g7R2j,知识点g7R2j,0.7351,73.51,5,14,9,good
em248gxmeso9cw0wzlv8,k4W1c,知识点k4W1c,0.7611,76.11,1,3,3,good
em248gxmeso9cw0wzlv8,m3D1v,知识点m3D1v,0.705,70.5,10,29,16,good
em248gxmeso9cw0wzlv8,r8S3g,知识点r8S3g,0.6527,65.27,5,31,4,good
em248gxmeso9cw0wzlv8,s8Y2f,知识点s8Y2f,0.6195,61.95,1,4,2,good
em248gxmeso9cw0wzlv8,t5V9e,知识点t5V9e,0.7189,71.89,5,21,13,good
em248gxmeso9cw0wzlv8,y9W5d,知识点y9W5d,0.7434,74.34,10,33,23,good
hoedc2pzfz6av5bn1jq3,b3C9s,知识点b3C9s,0.8093,80.93,3,6,5,good
hoedc2pzfz6av5bn1jq3,g7R2j,知识点g7R2j,0.5225,52.25,3,9,9,medium
hoedc2pzfz6av5bn1jq3,k4W1c,知识点k4W1c,0.7488,74.88,1,4,3,good
hoedc2pzfz6av5bn1jq3,m3D1v,知识点m3D1v,0.7442,74.42,10,33,22,good
hoedc2pzfz6av5bn1jq3,r8S3g,知识点r8S3g,0.6922,69.22,5,16,5,good
hoedc2pzfz6av5bn1jq3,s8Y2f,知识点s8Y2f,0.6656,66.56,0,0,0,good
hoedc2pzfz6av5bn1jq3,t5V9e,知识点t5V9e,0.7509,75.09,4,15,8,good
hoedc2pzfz6av5bn1jq3,y9W5d,知识点y9W5d,0.7699,76.99,10,29,23,good
3ywgcurp27qp1fydp27z,b3C9s,知识点b3C9s,0.7445,74.45,2,4,3,good
3ywgcurp27qp1fydp27z,g7R2j,知识点g7R2j,0.8412,84.12,5,12,9,good
3ywgcurp27qp1fydp27z,k4W1c,知识点k4W1c,0.9972,99.72,1,2,2,good
3ywgcurp27qp1fydp27z,m3D1v,知识点m3D1v,0.7009,70.09,11,37,25,good
3ywgcurp27qp1fydp27z,r8S3g,知识点r8S3g,0.5269,52.69,3,21,6,medium
3ywgcurp27qp1fydp27z,s8Y2f,知识点s8Y2f,0.6649,66.49,0,0,0,good
3ywgcurp27qp1fydp27z,t5V9e,知识点t5V9e,0.6834,68.34,5,25,9,good
3ywgcurp27qp1fydp27z,y9W5d,知识点y9W5d,0.7821,78.21,9,32,25,good
inyirhdpjahiguhs9e5b,b3C9s,知识点b3C9s,0.9296,92.96,3,5,5,good
inyirhdpjahiguhs9e5b,g7R2j,知识点g7R2j,0.615,61.5,2,9,7,good
inyirhdpjahiguhs9e5b,k4W1c,知识点k4W1c,0.9655,96.55,1,3,3,good
inyirhdpjahiguhs9e5b,m3D1v,知识点m3D1v,0.6819,68.19,11,30,15,good
inyirhdpjahiguhs9e5b,r8S3g,知识点r8S3g,0.6495,64.95,5,26,6,good
inyirhdpjahiguhs9e5b,s8Y2f,知识点s8Y2f,0.6186,61.86,1,2,1,good
inyirhdpjahiguhs9e5b,t5V9e,知识点t5V9e,0.6966,69.66,4,24,9,good
inyirhdpjahiguhs9e5b,y9W5d,知识点y9W5d,0.7556,75.56,10,33,22,good
flde3irykh8wauaj2fuw,b3C9s,知识点b3C9s,0.8034,80.34,3,5,3,good
flde3irykh8wauaj2fuw,g7R2j,知识点g7R2j,0.4516,45.16,3,18,15,medium
flde3irykh8wauaj2fuw,k4W1c,知识点k4W1c,0.6303,63.03,1,1,0,good
flde3irykh8wauaj2fuw,m3D1v,知识点m3D1v,0.7298,72.98,11,29,13,good
flde3irykh8wauaj2fuw,r8S3g,知识点r8S3g,0.7039,70.39,5,23,5,good
flde3irykh8wauaj2fuw,s8Y2f,知识点s8Y2f,0.5614,56.14,1,1,0,medium
flde3irykh8wauaj2fuw,t5V9e,知识点t5V9e,0.6592,65.92,5,17,5,good
flde3irykh8wauaj2fuw,y9W5d,知识点y9W5d,0.7149,71.49,10,21,13,good
1otvyki9oso9bg6ob16u,b3C9s,知识点b3C9s,0.9357,93.57,3,6,5,good
1otvyki9oso9bg6ob16u,g7R2j,知识点g7R2j,0.7958,79.58,4,13,12,good
1otvyki9oso9bg6ob16u,k4W1c,知识点k4W1c,0.7815,78.15,1,3,2,good
1otvyki9oso9bg6ob16u,m3D1v,知识点m3D1v,0.6471,64.71,10,32,14,good
1otvyki9oso9bg6ob16u,r8S3g,知识点r8S3g,0.6434,64.34,5,22,5,good
1otvyki9oso9bg6ob16u,s8Y2f,知识点s8Y2f,0.7293,72.93,1,1,1,good
1otvyki9oso9bg6ob16u,t5V9e,知识点t5V9e,0.6742,67.42,5,17,10,good
1otvyki9oso9bg6ob16u,y9W5d,知识点y9W5d,0.7511,75.11,11,29,17,good
05e1c3ce1728da7e37e0,k4W1c,知识点k4W1c,0.7363,73.63,1,4,1,good
05e1c3ce1728da7e37e0,m3D1v,知识点m3D1v,0.7927,79.27,11,30,12,good
05e1c3ce1728da7e37e0,r8S3g,知识点r8S3g,0.6932,69.32,5,54,6,good
05e1c3ce1728da7e37e0,t5V9e,知识点t5V9e,0.7311,73.11,5,54,10,good
05e1c3ce1728da7e37e0,y9W5d,知识点y9W5d,0.3263,32.63,4,15,4,poor
93f200d7351d4980fec6,b3C9s,知识点b3C9s,0.6995,69.95,3,5,4,good
93f200d7351d4980fec6,g7R2j,知识点g7R2j,0.8114,81.14,5,26,25,good
93f200d7351d4980fec6,k4W1c,知识点k4W1c,0.729,72.9,1,1,1,good
93f200d7351d4980fec6,m3D1v,知识点m3D1v,0.88,88.0,12,20,17,good
93f200d7351d4980fec6,r8S3g,知识点r8S3g,0.8266,82.66,5,15,6,good
93f200d7351d4980fec6,s8Y2f,知识点s8Y2f,0.727,72.7,1,2,1,good
93f200d7351d4980fec6,t5V9e,知识点t5V9e,0.7839,78.39,5,28,15,good
93f200d7351d4980fec6,y9W5d,知识点y9W5d,0.8171,81.71,11,37,30,good
4dfdfa5e1a04c832b9b4,b3C9s,知识点b3C9s,0.7684,76.84,3,32,24,good
4dfdfa5e1a04c832b9b4,g7R2j,知识点g7R2j,0.8324,83.24,5,80,64,good
4dfdfa5e1a04c832b9b4,k4W1c,知识点k4W1c,0.76,76.0,1,5,3,good
4dfdfa5e1a04c832b9b4,m3D1v,知识点m3D1v,0.8038,80.38,12,99,65,good
4dfdfa5e1a04c832b9b4,r8S3g,知识点r8S3g,0.7592,75.92,5,46,21,good
4dfdfa5e1a04c832b9b4,s8Y2f,知识点s8Y2f,0.7479,74.79,1,4,2,good
4dfdfa5e1a04c832b9b4,t5V9e,知识点t5V9e,0.7452,74.52,5,48,23,good
4dfdfa5e1a04c832b9b4,y9W5d,知识点y9W5d,0.7967,79.67,11,60,39,good
151cd83784ab9007e8d8,b3C9s,知识点b3C9s,0.8209,82.09,3,28,18,good
151cd83784ab9007e8d8,g7R2j,知识点g7R2j,0.7284,72.84,5,31,21,good
151cd83784ab9007e8d8,k4W1c,知识点k4W1c,0.9975,99.75,1,1,1,good
151cd83784ab9007e8d8,m3D1v,知识点m3D1v,0.8168,81.68,12,40,29,good
151cd83784ab9007e8d8,r8S3g,知识点r8S3g,0.7413,74.13,5,27,6,good
151cd83784ab9007e8d8,s8Y2f,知识点s8Y2f,0.4361,43.61,1,6,4,medium
151cd83784ab9007e8d8,t5V9e,知识点t5V9e,0.7816,78.16,5,12,11,good
151cd83784ab9007e8d8,y9W5d,知识点y9W5d,0.8124,81.24,11,32,26,good
8e1012c9f4775ba6a451,b3C9s,知识点b3C9s,0.3921,39.21,2,5,2,poor
8e1012c9f4775ba6a451,g7R2j,知识点g7R2j,0.6621,66.21,5,37,9,good
8e1012c9f4775ba6a451,k4W1c,知识点k4W1c,0.6472,64.72,1,4,2,good
8e1012c9f4775ba6a451,m3D1v,知识点m3D1v,0.6552,65.52,12,111,44,good
8e1012c9f4775ba6a451,r8S3g,知识点r8S3g,0.6627,66.27,5,41,6,good
8e1012c9f4775ba6a451,s8Y2f,知识点s8Y2f,0.6379,63.79,1,11,5,good
8e1012c9f4775ba6a451,t5V9e,知识点t5V9e,0.6999,69.99,5,60,20,good
8e1012c9f4775ba6a451,y9W5d,知识点y9W5d,0.6371,63.71,11,120,44,good
413cbf664ac3ba8307ea,b3C9s,知识点b3C9s,0.8127,81.27,3,13,13,good
413cbf664ac3ba8307ea,g7R2j,知识点g7R2j,0.8369,83.69,5,13,13,good
413cbf664ac3ba8307ea,k4W1c,知识点k4W1c,0.7508,75.08,1,12,9,good
413cbf664ac3ba8307ea,m3D1v,知识点m3D1v,0.8567,85.67,12,39,36,good
413cbf664ac3ba8307ea,r8S3g,知识点r8S3g,0.8071,80.71,5,40,11,good
413cbf664ac3ba8307ea,s8Y2f,知识点s8Y2f,0.6631,66.31,1,14,4,good
413cbf664ac3ba8307ea,t5V9e,知识点t5V9e,0.8768,87.68,5,12,10,good
413cbf664ac3ba8307ea,y9W5d,知识点y9W5d,0.771,77.1,11,73,57,good
3bf7b3c9aa7d93ecb603,b3C9s,知识点b3C9s,0.7103,71.03,3,18,15,good
3bf7b3c9aa7d93ecb603,g7R2j,知识点g7R2j,0.698,69.8,5,27,18,good
3bf7b3c9aa7d93ecb603,k4W1c,知识点k4W1c,0.9117,91.17,1,5,5,good
3bf7b3c9aa7d93ecb603,m3D1v,知识点m3D1v,0.7997,79.97,12,44,35,good
3bf7b3c9aa7d93ecb603,r8S3g,知识点r8S3g,0.6821,68.21,5,24,6,good
3bf7b3c9aa7d93ecb603,s8Y2f,知识点s8Y2f,0.998,99.8,1,1,1,good
3bf7b3c9aa7d93ecb603,t5V9e,知识点t5V9e,0.7306,73.06,5,43,28,good
3bf7b3c9aa7d93ecb603,y9W5d,知识点y9W5d,0.8492,84.92,11,38,28,good
9ad512cc6cbd79aa81c7,b3C9s,知识点b3C9s,0.8877,88.77,3,4,3,good
9ad512cc6cbd79aa81c7,g7R2j,知识点g7R2j,0.9985,99.85,5,5,5,good
9ad512cc6cbd79aa81c7,k4W1c,知识点k4W1c,0.9982,99.82,1,1,1,good
9ad512cc6cbd79aa81c7,m3D1v,知识点m3D1v,0.9171,91.71,12,33,18,good
9ad512cc6cbd79aa81c7,r8S3g,知识点r8S3g,0.8937,89.37,5,15,10,good
9ad512cc6cbd79aa81c7,s8Y2f,知识点s8Y2f,0.6778,67.78,1,2,2,good
9ad512cc6cbd79aa81c7,t5V9e,知识点t5V9e,0.8142,81.42,5,18,16,good
9ad512cc6cbd79aa81c7,y9W5d,知识点y9W5d,0.9598,95.98,11,13,13,good
71f6622e7caa6ed92506,b3C9s,知识点b3C9s,0.9783,97.83,3,5,5,good
71f6622e7caa6ed92506,g7R2j,知识点g7R2j,0.8607,86.07,5,14,11,good
71f6622e7caa6ed92506,k4W1c,知识点k4W1c,0.9624,96.24,1,5,5,good
71f6622e7caa6ed92506,m3D1v,知识点m3D1v,0.8713,87.13,12,19,15,good
71f6622e7caa6ed92506,r8S3g,知识点r8S3g,0.7887,78.87,5,16,6,good
71f6622e7caa6ed92506,s8Y2f,知识点s8Y2f,0.683,68.3,1,4,3,good
71f6622e7caa6ed92506,t5V9e,知识点t5V9e,0.9176,91.76,5,11,11,good
71f6622e7caa6ed92506,y9W5d,知识点y9W5d,0.9217,92.17,11,22,20,good
2fe9648ea28753c73c2c,b3C9s,知识点b3C9s,0.7697,76.97,3,13,11,good
2fe9648ea28753c73c2c,g7R2j,知识点g7R2j,0.7164,71.64,5,27,14,good
2fe9648ea28753c73c2c,k4W1c,知识点k4W1c,0.7654,76.54,1,16,14,good
2fe9648ea28753c73c2c,m3D1v,知识点m3D1v,0.763,76.3,12,33,18,good
2fe9648ea28753c73c2c,r8S3g,知识点r8S3g,0.8341,83.41,5,54,6,good
2fe9648ea28753c73c2c,s8Y2f,知识点s8Y2f,0.9977,99.77,1,1,1,good
2fe9648ea28753c73c2c,t5V9e,知识点t5V9e,0.7373,73.73,5,31,12,good
2fe9648ea28753c73c2c,y9W5d,知识点y9W5d,0.8027,80.27,11,56,40,good
4474f24ef69e01e2c001,m3D1v,知识点m3D1v,0.2661,26.61,4,9,4,poor
4474f24ef69e01e2c001,r8S3g,知识点r8S3g,0.7631,76.31,5,25,10,good
4474f24ef69e01e2c001,t5V9e,知识点t5V9e,0.7172,71.72,5,22,10,good
f81f52969ef1de783de3,b3C9s,知识点b3C9s,0.9051,90.51,3,5,3,good
f81f52969ef1de783de3,g7R2j,知识点g7R2j,0.6965,69.65,5,20,14,good
f81f52969ef1de783de3,k4W1c,知识点k4W1c,0.5876,58.76,1,5,1,medium
f81f52969ef1de783de3,m3D1v,知识点m3D1v,0.835,83.5,12,29,19,good
f81f52969ef1de783de3,r8S3g,知识点r8S3g,0.862,86.2,5,10,6,good
f81f52969ef1de783de3,s8Y2f,知识点s8Y2f,0.6456,64.56,1,3,1,good
f81f52969ef1de783de3,t5V9e,知识点t5V9e,0.8507,85.07,5,11,9,good
f81f52969ef1de783de3,y9W5d,知识点y9W5d,0.7547,75.47,11,39,23,good
b9c7c66c8b57b9d3c6fa,b3C9s,知识点b3C9s,0.9986,99.86,3,3,3,good
b9c7c66c8b57b9d3c6fa,g7R2j,知识点g7R2j,0.7575,75.75,5,15,9,good
b9c7c66c8b57b9d3c6fa,k4W1c,知识点k4W1c,0.6159,61.59,1,6,1,good
b9c7c66c8b57b9d3c6fa,m3D1v,知识点m3D1v,0.8725,87.25,12,22,16,good
b9c7c66c8b57b9d3c6fa,r8S3g,知识点r8S3g,0.7307,73.07,5,54,6,good
b9c7c66c8b57b9d3c6fa,s8Y2f,知识点s8Y2f,0.6134,61.34,1,4,1,good
b9c7c66c8b57b9d3c6fa,t5V9e,知识点t5V9e,0.7125,71.25,5,11,5,good
b9c7c66c8b57b9d3c6fa,y9W5d,知识点y9W5d,0.7399,73.99,11,48,17,good
a95a606f0110653858b2,b3C9s,知识点b3C9s,0.829,82.9,3,5,3,good
a95a606f0110653858b2,g7R2j,知识点g7R2j,0.8102,81.02,5,15,5,good
a95a606f0110653858b2,k4W1c,知识点k4W1c,0.7003,70.03,1,7,1,good
a95a606f0110653858b2,m3D1v,知识点m3D1v,0.7293,72.93,12,52,13,good
a95a606f0110653858b2,r8S3g,知识点r8S3g,0.7356,73.56,5,51,6,good
a95a606f0110653858b2,s8Y2f,知识点s8Y2f,0.6999,69.99,1,7,1,good
a95a606f0110653858b2,t5V9e,知识点t5V9e,0.8427,84.27,5,36,13,good
a95a606f0110653858b2,y9W5d,知识点y9W5d,0.8064,80.64,11,28,13,good
66d7c0bdb21b7d5bd83d,b3C9s,知识点b3C9s,0.6571,65.71,3,19,6,good
66d7c0bdb21b7d5bd83d,g7R2j,知识点g7R2j,0.5995,59.95,5,70,32,medium
66d7c0bdb21b7d5bd83d,k4W1c,知识点k4W1c,0.648,64.8,1,8,2,good
66d7c0bdb21b7d5bd83d,m3D1v,知识点m3D1v,0.6575,65.75,12,82,39,good
66d7c0bdb21b7d5bd83d,r8S3g,知识点r8S3g,0.6948,69.48,5,47,6,good
66d7c0bdb21b7d5bd83d,s8Y2f,知识点s8Y2f,0.6135,61.35,1,7,5,good
66d7c0bdb21b7d5bd83d,t5V9e,知识点t5V9e,0.6843,68.43,5,53,19,good
66d7c0bdb21b7d5bd83d,y9W5d,知识点y9W5d,0.6298,62.98,11,81,28,good
c89e8b7b18082e2fa6df,b3C9s,知识点b3C9s,0.9981,99.81,3,4,4,good
c89e8b7b18082e2fa6df,g7R2j,知识点g7R2j,0.7964,79.64,5,41,6,good
c89e8b7b18082e2fa6df,k4W1c,知识点k4W1c,0.9977,99.77,1,1,1,good
c89e8b7b18082e2fa6df,m3D1v,知识点m3D1v,0.8896,88.96,12,35,16,good
c89e8b7b18082e2fa6df,r8S3g,知识点r8S3g,0.7125,71.25,5,50,6,good
c89e8b7b18082e2fa6df,s8Y2f,知识点s8Y2f,0.9935,99.35,1,1,1,good
c89e8b7b18082e2fa6df,t5V9e,知识点t5V9e,0.8578,85.78,5,46,28,good
c89e8b7b18082e2fa6df,y9W5d,知识点y9W5d,0.9294,92.94,11,18,13,good
522837ace4fd8dd743f2,b3C9s,知识点b3C9s,0.6128,61.28,3,41,23,good
522837ace4fd8dd743f2,g7R2j,知识点g7R2j,0.5935,59.35,5,71,40,medium
522837ace4fd8dd743f2,k4W1c,知识点k4W1c,0.6744,67.44,1,10,3,good
522837ace4fd8dd743f2,m3D1v,知识点m3D1v,0.6579,65.79,12,119,43,good
522837ace4fd8dd743f2,r8S3g,知识点r8S3g,0.7603,76.03,5,17,6,good
522837ace4fd8dd743f2,s8Y2f,知识点s8Y2f,0.5264,52.64,1,23,10,medium
522837ace4fd8dd743f2,t5V9e,知识点t5V9e,0.6862,68.62,5,61,38,good
522837ace4fd8dd743f2,y9W5d,知识点y9W5d,0.6695,66.95,11,113,42,good
0df40593e76a840fd64b,b3C9s,知识点b3C9s,0.9271,92.71,3,4,4,good
0df40593e76a840fd64b,g7R2j,知识点g7R2j,0.8176,81.76,5,22,13,good
0df40593e76a840fd64b,k4W1c,知识点k4W1c,0.9973,99.73,1,2,2,good
0df40593e76a840fd64b,m3D1v,知识点m3D1v,0.6996,69.96,12,82,24,good
0df40593e76a840fd64b,r8S3g,知识点r8S3g,0.6579,65.79,5,63,10,good
0df40593e76a840fd64b,s8Y2f,知识点s8Y2f,0.9977,99.77,1,1,1,good
0df40593e76a840fd64b,t5V9e,知识点t5V9e,0.7342,73.42,5,40,28,good
0df40593e76a840fd64b,y9W5d,知识点y9W5d,0.9093,90.93,11,83,19,good
952e59666bdde6dad94c,b3C9s,知识点b3C9s,0.8104,81.04,3,13,8,good
952e59666bdde6dad94c,g7R2j,知识点g7R2j,0.7402,74.02,5,16,5,good
952e59666bdde6dad94c,k4W1c,知识点k4W1c,0.6121,61.21,1,10,2,good
952e59666bdde6dad94c,m3D1v,知识点m3D1v,0.7155,71.55,12,103,43,good
952e59666bdde6dad94c,r8S3g,知识点r8S3g,0.8222,82.22,5,26,7,good
952e59666bdde6dad94c,s8Y2f,知识点s8Y2f,0.998,99.8,1,1,1,good
952e59666bdde6dad94c,t5V9e,知识点t5V9e,0.8514,85.14,5,61,50,good
952e59666bdde6dad94c,y9W5d,知识点y9W5d,0.7608,76.08,11,62,22,good
800d0095388d11344b78,b3C9s,知识点b3C9s,0.9976,99.76,3,3,3,good
800d0095388d11344b78,g7R2j,知识点g7R2j,0.7131,71.31,5,5,2,good
800d0095388d11344b78,k4W1c,知识点k4W1c,0.9965,99.65,1,1,1,good
800d0095388d11344b78,m3D1v,知识点m3D1v,0.8867,88.67,12,28,18,good
800d0095388d11344b78,r8S3g,知识点r8S3g,0.7587,75.87,5,18,6,good
800d0095388d11344b78,s8Y2f,知识点s8Y2f,0.8112,81.12,1,2,1,good
800d0095388d11344b78,t5V9e,知识点t5V9e,0.8497,84.97,5,28,18,good
800d0095388d11344b78,y9W5d,知识点y9W5d,0.9405,94.05,10,14,13,good
d53a4fb612fb801fff3d,b3C9s,知识点b3C9s,0.8234,82.34,3,7,2,good
d53a4fb612fb801fff3d,g7R2j,知识点g7R2j,0.7245,72.45,4,6,3,good
d53a4fb612fb801fff3d,k4W1c,知识点k4W1c,0.9972,99.72,1,1,1,good
d53a4fb612fb801fff3d,m3D1v,知识点m3D1v,0.8907,89.07,12,29,14,good
d53a4fb612fb801fff3d,r8S3g,知识点r8S3g,0.636,63.6,5,59,6,good
d53a4fb612fb801fff3d,s8Y2f,知识点s8Y2f,0.814,81.4,1,1,1,good
d53a4fb612fb801fff3d,t5V9e,知识点t5V9e,0.6861,68.61,5,25,10,good
d53a4fb612fb801fff3d,y9W5d,知识点y9W5d,0.883,88.3,11,21,12,good
71ca74e191e71b0219b5,b3C9s,知识点b3C9s,0.9982,99.82,3,3,3,good
71ca74e191e71b0219b5,g7R2j,知识点g7R2j,0.6776,67.76,4,5,3,good
71ca74e191e71b0219b5,k4W1c,知识点k4W1c,0.9988,99.88,1,1,1,good
71ca74e191e71b0219b5,m3D1v,知识点m3D1v,0.8941,89.41,12,25,14,good
71ca74e191e71b0219b5,r8S3g,知识点r8S3g,0.8946,89.46,5,24,16,good
71ca74e191e71b0219b5,s8Y2f,知识点s8Y2f,0.5298,52.98,1,1,0,medium
71ca74e191e71b0219b5,t5V9e,知识点t5V9e,0.7908,79.08,5,28,11,good
71ca74e191e71b0219b5,y9W5d,知识点y9W5d,0.8602,86.02,10,12,11,good
dddd7ba8769cf90bfd62,b3C9s,知识点b3C9s,0.8869,88.69,3,3,3,good
dddd7ba8769cf90bfd62,g7R2j,知识点g7R2j,0.9985,99.85,5,5,5,good
dddd7ba8769cf90bfd62,k4W1c,知识点k4W1c,0.8512,85.12,1,6,6,good
dddd7ba8769cf90bfd62,m3D1v,知识点m3D1v,0.9356,93.56,12,16,12,good
dddd7ba8769cf90bfd62,r8S3g,知识点r8S3g,0.8478,84.78,5,27,8,good
dddd7ba8769cf90bfd62,s8Y2f,知识点s8Y2f,0.9981,99.81,1,2,2,good
dddd7ba8769cf90bfd62,t5V9e,知识点t5V9e,0.8952,89.52,5,11,6,good
dddd7ba8769cf90bfd62,y9W5d,知识点y9W5d,0.903,90.3,11,30,28,good
758a52e21fd5c23cd7ed,b3C9s,知识点b3C9s,0.9428,94.28,3,4,3,good
758a52e21fd5c23cd7ed,g7R2j,知识点g7R2j,0.8111,81.11,5,21,10,good
758a52e21fd5c23cd7ed,k4W1c,知识点k4W1c,0.7953,79.53,1,2,2,good
758a52e21fd5c23cd7ed,m3D1v,知识点m3D1v,0.867,86.7,12,34,26,good
758a52e21fd5c23cd7ed,r8S3g,知识点r8S3g,0.8315,83.15,5,24,8,good
758a52e21fd5c23cd7ed,s8Y2f,知识点s8Y2f,0.5608,56.08,1,1,1,medium
758a52e21fd5c23cd7ed,t5V9e,知识点t5V9e,0.8988,89.88,5,18,16,good
758a52e21fd5c23cd7ed,y9W5d,知识点y9W5d,0.8365,83.65,11,26,20,good
4cc0dc56eecea1d928d1,b3C9s,知识点b3C9s,0.9987,99.87,3,3,3,good
4cc0dc56eecea1d928d1,g7R2j,知识点g7R2j,0.9984,99.84,5,5,5,good
4cc0dc56eecea1d928d1,k4W1c,知识点k4W1c,0.7928,79.28,1,6,5,good
4cc0dc56eecea1d928d1,m3D1v,知识点m3D1v,0.8879,88.79,12,40,17,good
4cc0dc56eecea1d928d1,r8S3g,知识点r8S3g,0.7629,76.29,5,38,7,good
4cc0dc56eecea1d928d1,s8Y2f,知识点s8Y2f,0.997,99.7,1,1,1,good
4cc0dc56eecea1d928d1,t5V9e,知识点t5V9e,0.7608,76.08,5,37,28,good
4cc0dc56eecea1d928d1,y9W5d,知识点y9W5d,0.9523,95.23,11,23,16,good
e62f7655cb5259abfbf1,b3C9s,知识点b3C9s,0.8688,86.88,3,4,4,good
e62f7655cb5259abfbf1,g7R2j,知识点g7R2j,0.7576,75.76,5,17,6,good
e62f7655cb5259abfbf1,k4W1c,知识点k4W1c,0.703,70.3,1,3,1,good
e62f7655cb5259abfbf1,m3D1v,知识点m3D1v,0.745,74.5,12,50,20,good
e62f7655cb5259abfbf1,r8S3g,知识点r8S3g,0.7962,79.62,5,20,6,good
e62f7655cb5259abfbf1,s8Y2f,知识点s8Y2f,0.9982,99.82,1,1,1,good
e62f7655cb5259abfbf1,t5V9e,知识点t5V9e,0.7508,75.08,5,23,6,good
e62f7655cb5259abfbf1,y9W5d,知识点y9W5d,0.8313,83.13,11,33,16,good
0258f681a9e1756dfc76,b3C9s,知识点b3C9s,0.8212,82.12,3,26,3,good
0258f681a9e1756dfc76,g7R2j,知识点g7R2j,0.7558,75.58,5,23,9,good
0258f681a9e1756dfc76,k4W1c,知识点k4W1c,0.5629,56.29,1,6,3,medium
0258f681a9e1756dfc76,m3D1v,知识点m3D1v,0.7511,75.11,12,104,57,good
0258f681a9e1756dfc76,r8S3g,知识点r8S3g,0.6122,61.22,5,70,7,good
0258f681a9e1756dfc76,s8Y2f,知识点s8Y2f,0.6858,68.58,1,2,1,good
0258f681a9e1756dfc76,t5V9e,知识点t5V9e,0.7318,73.18,5,91,37,good
0258f681a9e1756dfc76,y9W5d,知识点y9W5d,0.6887,68.87,11,76,31,good
8bf3625652581859dcd1,b3C9s,知识点b3C9s,0.7028,70.28,3,15,11,good
8bf3625652581859dcd1,g7R2j,知识点g7R2j,0.771,77.1,5,42,34,good
8bf3625652581859dcd1,k4W1c,知识点k4W1c,0.7949,79.49,1,2,2,good
8bf3625652581859dcd1,m3D1v,知识点m3D1v,0.8352,83.52,12,36,19,good
8bf3625652581859dcd1,r8S3g,知识点r8S3g,0.8928,89.28,5,28,10,good
8bf3625652581859dcd1,s8Y2f,知识点s8Y2f,0.7625,76.25,1,3,1,good
8bf3625652581859dcd1,t5V9e,知识点t5V9e,0.8136,81.36,5,46,16,good
8bf3625652581859dcd1,y9W5d,知识点y9W5d,0.795,79.5,11,67,45,good
63c38a00d97e62c31e08,b3C9s,知识点b3C9s,0.7467,74.67,3,5,3,good
63c38a00d97e62c31e08,g7R2j,知识点g7R2j,0.7824,78.24,5,31,29,good
63c38a00d97e62c31e08,k4W1c,知识点k4W1c,0.8136,81.36,1,1,1,good
63c38a00d97e62c31e08,m3D1v,知识点m3D1v,0.8368,83.68,12,38,31,good
63c38a00d97e62c31e08,r8S3g,知识点r8S3g,0.762,76.2,5,23,6,good
63c38a00d97e62c31e08,s8Y2f,知识点s8Y2f,0.5925,59.25,1,12,1,medium
63c38a00d97e62c31e08,t5V9e,知识点t5V9e,0.773,77.3,5,36,14,good
63c38a00d97e62c31e08,y9W5d,知识点y9W5d,0.8142,81.42,11,35,16,good
f9dde99f5db421171b51,b3C9s,知识点b3C9s,0.9906,99.06,3,3,3,good
f9dde99f5db421171b51,g7R2j,知识点g7R2j,0.7767,77.67,5,65,35,good
f9dde99f5db421171b51,k4W1c,知识点k4W1c,0.667,66.7,1,5,4,good
f9dde99f5db421171b51,m3D1v,知识点m3D1v,0.6912,69.12,12,73,29,good
f9dde99f5db421171b51,r8S3g,知识点r8S3g,0.6756,67.56,5,76,7,good
f9dde99f5db421171b51,s8Y2f,知识点s8Y2f,0.6055,60.55,1,11,1,good
f9dde99f5db421171b51,t5V9e,知识点t5V9e,0.794,79.4,5,58,26,good
f9dde99f5db421171b51,y9W5d,知识点y9W5d,0.6692,66.92,11,90,47,good
b1b3363b7086aaa99b0d,b3C9s,知识点b3C9s,0.943,94.3,3,4,3,good
b1b3363b7086aaa99b0d,g7R2j,知识点g7R2j,0.8623,86.23,5,10,5,good
b1b3363b7086aaa99b0d,k4W1c,知识点k4W1c,0.9988,99.88,1,1,1,good
b1b3363b7086aaa99b0d,m3D1v,知识点m3D1v,0.9276,92.76,12,22,17,good
b1b3363b7086aaa99b0d,r8S3g,知识点r8S3g,0.9517,95.17,5,8,6,good
b1b3363b7086aaa99b0d,s8Y2f,知识点s8Y2f,0.7019,70.19,1,2,1,good
b1b3363b7086aaa99b0d,t5V9e,知识点t5V9e,0.9332,93.32,5,10,7,good
b1b3363b7086aaa99b0d,y9W5d,知识点y9W5d,0.8884,88.84,11,24,13,good
e4af37199530e9ea523c,b3C9s,知识点b3C9s,0.8738,87.38,3,4,3,good
e4af37199530e9ea523c,g7R2j,知识点g7R2j,0.8847,88.47,5,17,11,good
e4af37199530e9ea523c,k4W1c,知识点k4W1c,0.7605,76.05,1,8,7,good
e4af37199530e9ea523c,m3D1v,知识点m3D1v,0.6982,69.82,12,66,40,good
e4af37199530e9ea523c,r8S3g,知识点r8S3g,0.7016,70.16,5,33,8,good
e4af37199530e9ea523c,s8Y2f,知识点s8Y2f,0.7621,76.21,1,1,1,good
e4af37199530e9ea523c,t5V9e,知识点t5V9e,0.7638,76.38,5,50,22,good
e4af37199530e9ea523c,y9W5d,知识点y9W5d,0.8528,85.28,11,31,24,good
204fdbe885269686a392,b3C9s,知识点b3C9s,0.998,99.8,3,3,3,good
204fdbe885269686a392,g7R2j,知识点g7R2j,0.9615,96.15,5,5,5,good
204fdbe885269686a392,k4W1c,知识点k4W1c,0.998,99.8,1,1,1,good
204fdbe885269686a392,m3D1v,知识点m3D1v,0.8165,81.65,12,54,34,good
204fdbe885269686a392,r8S3g,知识点r8S3g,0.7633,76.33,5,39,6,good
204fdbe885269686a392,s8Y2f,知识点s8Y2f,0.9983,99.83,1,1,1,good
204fdbe885269686a392,t5V9e,知识点t5V9e,0.7756,77.56,5,21,5,good
204fdbe885269686a392,y9W5d,知识点y9W5d,0.9381,93.81,11,19,18,good
b1fbf77b475e79c3d413,b3C9s,知识点b3C9s,0.8675,86.75,3,4,3,good
b1fbf77b475e79c3d413,g7R2j,知识点g7R2j,0.8493,84.93,5,6,3,good
b1fbf77b475e79c3d413,k4W1c,知识点k4W1c,0.9977,99.77,1,1,1,good
b1fbf77b475e79c3d413,m3D1v,知识点m3D1v,0.8218,82.18,12,31,22,good
b1fbf77b475e79c3d413,r8S3g,知识点r8S3g,0.6872,68.72,5,50,11,good
b1fbf77b475e79c3d413,s8Y2f,知识点s8Y2f,0.9952,99.52,1,1,1,good
b1fbf77b475e79c3d413,t5V9e,知识点t5V9e,0.611,61.1,5,131,34,good
b1fbf77b475e79c3d413,y9W5d,知识点y9W5d,0.8997,89.97,11,26,17,good
7f1c076b22be73eef99b,b3C9s,知识点b3C9s,0.8255,82.55,3,39,33,good
7f1c076b22be73eef99b,g7R2j,知识点g7R2j,0.7793,77.93,5,37,31,good
7f1c076b22be73eef99b,k4W1c,知识点k4W1c,0.7626,76.26,1,1,1,good
7f1c076b22be73eef99b,m3D1v,知识点m3D1v,0.8768,87.68,12,16,14,good
7f1c076b22be73eef99b,r8S3g,知识点r8S3g,0.7699,76.99,5,78,28,good
7f1c076b22be73eef99b,s8Y2f,知识点s8Y2f,0.5826,58.26,1,3,1,medium
7f1c076b22be73eef99b,t5V9e,知识点t5V9e,0.8042,80.42,5,25,24,good
7f1c076b22be73eef99b,y9W5d,知识点y9W5d,0.7806,78.06,11,39,32,good
b9a8b9ee84232efd7d61,b3C9s,知识点b3C9s,0.8718,87.18,3,12,12,good
b9a8b9ee84232efd7d61,g7R2j,知识点g7R2j,0.8353,83.53,5,33,27,good
b9a8b9ee84232efd7d61,k4W1c,知识点k4W1c,0.9955,99.55,1,1,1,good
b9a8b9ee84232efd7d61,m3D1v,知识点m3D1v,0.8991,89.91,12,24,21,good
b9a8b9ee84232efd7d61,r8S3g,知识点r8S3g,0.8799,87.99,5,9,7,good
b9a8b9ee84232efd7d61,s8Y2f,知识点s8Y2f,0.6669,66.69,1,2,1,good
b9a8b9ee84232efd7d61,t5V9e,知识点t5V9e,0.8725,87.25,5,7,6,good
b9a8b9ee84232efd7d61,y9W5d,知识点y9W5d,0.9126,91.26,11,22,20,good
52a24e35d5356ab34a2e,b3C9s,知识点b3C9s,0.998,99.8,3,4,4,good
52a24e35d5356ab34a2e,g7R2j,知识点g7R2j,0.8042,80.42,5,10,6,good
52a24e35d5356ab34a2e,k4W1c,知识点k4W1c,0.6598,65.98,1,5,1,good
52a24e35d5356ab34a2e,m3D1v,知识点m3D1v,0.7932,79.32,12,62,31,good
52a24e35d5356ab34a2e,r8S3g,知识点r8S3g,0.7309,73.09,5,23,6,good
52a24e35d5356ab34a2e,s8Y2f,知识点s8Y2f,0.814,81.4,1,2,1,good
52a24e35d5356ab34a2e,t5V9e,知识点t5V9e,0.7546,75.46,5,19,12,good
52a24e35d5356ab34a2e,y9W5d,知识点y9W5d,0.8207,82.07,11,39,16,good
5abcc9d4fb5e764b2f6f,b3C9s,知识点b3C9s,0.6772,67.72,1,6,3,good
5abcc9d4fb5e764b2f6f,g7R2j,知识点g7R2j,0.7387,73.87,4,24,18,good
5abcc9d4fb5e764b2f6f,k4W1c,知识点k4W1c,0.7953,79.53,1,2,2,good
5abcc9d4fb5e764b2f6f,m3D1v,知识点m3D1v,0.8048,80.48,12,49,38,good
5abcc9d4fb5e764b2f6f,r8S3g,知识点r8S3g,0.7474,74.74,5,52,7,good
5abcc9d4fb5e764b2f6f,s8Y2f,知识点s8Y2f,0.8135,81.35,1,2,1,good
5abcc9d4fb5e764b2f6f,t5V9e,知识点t5V9e,0.6946,69.46,5,31,16,good
5abcc9d4fb5e764b2f6f,y9W5d,知识点y9W5d,0.8655,86.55,11,33,31,good
04f2689b4ea16d8d7d9a,b3C9s,知识点b3C9s,0.7557,75.57,3,10,5,good
04f2689b4ea16d8d7d9a,g7R2j,知识点g7R2j,0.654,65.4,5,63,40,good
04f2689b4ea16d8d7d9a,k4W1c,知识点k4W1c,0.6242,62.42,1,9,3,good
04f2689b4ea16d8d7d9a,m3D1v,知识点m3D1v,0.7467,74.67,12,116,77,good
04f2689b4ea16d8d7d9a,r8S3g,知识点r8S3g,0.6551,65.51,5,141,6,good
04f2689b4ea16d8d7d9a,s8Y2f,知识点s8Y2f,0.7357,73.57,1,1,1,good
04f2689b4ea16d8d7d9a,t5V9e,知识点t5V9e,0.7345,73.45,5,93,51,good
04f2689b4ea16d8d7d9a,y9W5d,知识点y9W5d,0.7272,72.72,11,114,71,good
2db6dd71f1d07300382c,b3C9s,知识点b3C9s,0.9987,99.87,3,3,3,good
2db6dd71f1d07300382c,g7R2j,知识点g7R2j,0.9513,95.13,5,5,5,good
2db6dd71f1d07300382c,k4W1c,知识点k4W1c,0.9978,99.78,1,1,1,good
2db6dd71f1d07300382c,m3D1v,知识点m3D1v,0.9061,90.61,12,27,14,good
2db6dd71f1d07300382c,r8S3g,知识点r8S3g,0.8466,84.66,5,17,6,good
2db6dd71f1d07300382c,s8Y2f,知识点s8Y2f,0.998,99.8,1,1,1,good
2db6dd71f1d07300382c,t5V9e,知识点t5V9e,0.8638,86.38,5,11,8,good
2db6dd71f1d07300382c,y9W5d,知识点y9W5d,0.9699,96.99,11,15,12,good
d2c5423ea5fa0a995264,b3C9s,知识点b3C9s,0.2997,29.97,1,3,3,poor
d2c5423ea5fa0a995264,g7R2j,知识点g7R2j,0.9984,99.84,5,5,5,good
d2c5423ea5fa0a995264,k4W1c,知识点k4W1c,0.7403,74.03,1,5,3,good
d2c5423ea5fa0a995264,m3D1v,知识点m3D1v,0.735,73.5,12,44,21,good
d2c5423ea5fa0a995264,r8S3g,知识点r8S3g,0.8866,88.66,5,18,7,good
d2c5423ea5fa0a995264,s8Y2f,知识点s8Y2f,0.9975,99.75,1,1,1,good
d2c5423ea5fa0a995264,t5V9e,知识点t5V9e,0.9093,90.93,5,7,7,good
d2c5423ea5fa0a995264,y9W5d,知识点y9W5d,0.9238,92.38,11,24,14,good
81c441973fd4e024d60a,b3C9s,知识点b3C9s,0.6947,69.47,3,16,3,good
81c441973fd4e024d60a,g7R2j,知识点g7R2j,0.7221,72.21,5,38,15,good
81c441973fd4e024d60a,k4W1c,知识点k4W1c,0.6642,66.42,1,14,12,good
81c441973fd4e024d60a,m3D1v,知识点m3D1v,0.7534,75.34,12,70,40,good
81c441973fd4e024d60a,r8S3g,知识点r8S3g,0.7244,72.44,5,38,6,good
81c441973fd4e024d60a,s8Y2f,知识点s8Y2f,0.6646,66.46,1,3,2,good
81c441973fd4e024d60a,t5V9e,知识点t5V9e,0.8011,80.11,5,19,6,good
81c441973fd4e024d60a,y9W5d,知识点y9W5d,0.7161,71.61,11,67,26,good
83b54209fa2b1055369b,b3C9s,知识点b3C9s,0.8,80.0,3,13,9,good
83b54209fa2b1055369b,g7R2j,知识点g7R2j,0.9371,93.71,5,9,7,good
83b54209fa2b1055369b,k4W1c,知识点k4W1c,0.8953,89.53,1,2,2,good
83b54209fa2b1055369b,m3D1v,知识点m3D1v,0.797,79.7,12,46,36,good
83b54209fa2b1055369b,r8S3g,知识点r8S3g,0.7708,77.08,5,26,6,good
83b54209fa2b1055369b,s8Y2f,知识点s8Y2f,0.8145,81.45,1,2,1,good
83b54209fa2b1055369b,t5V9e,知识点t5V9e,0.8983,89.83,5,7,6,good
83b54209fa2b1055369b,y9W5d,知识点y9W5d,0.8259,82.59,11,59,51,good
9ee4ff457095eaf23309,b3C9s,知识点b3C9s,0.8541,85.41,3,8,6,good
9ee4ff457095eaf23309,g7R2j,知识点g7R2j,0.7806,78.06,5,18,6,good
9ee4ff457095eaf23309,k4W1c,知识点k4W1c,0.6195,61.95,1,8,3,good
9ee4ff457095eaf23309,m3D1v,知识点m3D1v,0.7481,74.81,12,61,18,good
9ee4ff457095eaf23309,r8S3g,知识点r8S3g,0.6896,68.96,5,39,6,good
9ee4ff457095eaf23309,s8Y2f,知识点s8Y2f,0.7604,76.04,1,2,2,good
9ee4ff457095eaf23309,t5V9e,知识点t5V9e,0.8049,80.49,5,19,11,good
9ee4ff457095eaf23309,y9W5d,知识点y9W5d,0.7299,72.99,11,43,19,good
b6808721d4a7900e360a,b3C9s,知识点b3C9s,0.6812,68.12,3,23,10,good
b6808721d4a7900e360a,g7R2j,知识点g7R2j,0.6403,64.03,5,69,38,good
b6808721d4a7900e360a,k4W1c,知识点k4W1c,0.6979,69.79,1,3,3,good
b6808721d4a7900e360a,m3D1v,知识点m3D1v,0.7047,70.47,12,54,28,good
b6808721d4a7900e360a,r8S3g,知识点r8S3g,0.7443,74.43,5,26,14,good
b6808721d4a7900e360a,s8Y2f,知识点s8Y2f,0.6398,63.98,1,29,22,good
b6808721d4a7900e360a,t5V9e,知识点t5V9e,0.7169,71.69,5,32,18,good
b6808721d4a7900e360a,y9W5d,知识点y9W5d,0.6607,66.07,11,98,52,good
f05247f3d32a4bf5a6df,b3C9s,知识点b3C9s,0.7174,71.74,3,21,4,good
f05247f3d32a4bf5a6df,g7R2j,知识点g7R2j,0.778,77.8,5,23,5,good
f05247f3d32a4bf5a6df,k4W1c,知识点k4W1c,0.6863,68.63,1,1,1,good
f05247f3d32a4bf5a6df,m3D1v,知识点m3D1v,0.7174,71.74,12,75,29,good
f05247f3d32a4bf5a6df,r8S3g,知识点r8S3g,0.6731,67.31,5,81,10,good
f05247f3d32a4bf5a6df,s8Y2f,知识点s8Y2f,0.9944,99.44,1,1,1,good
f05247f3d32a4bf5a6df,t5V9e,知识点t5V9e,0.6668,66.68,5,62,7,good
f05247f3d32a4bf5a6df,y9W5d,知识点y9W5d,0.8416,84.16,11,34,15,good
6fc66606e74242398444,b3C9s,知识点b3C9s,0.9173,91.73,3,4,3,good
6fc66606e74242398444,g7R2j,知识点g7R2j,0.8678,86.78,5,13,11,good
6fc66606e74242398444,k4W1c,知识点k4W1c,0.7262,72.62,1,8,7,good
6fc66606e74242398444,m3D1v,知识点m3D1v,0.771,77.1,12,52,32,good
6fc66606e74242398444,r8S3g,知识点r8S3g,0.6924,69.24,5,34,6,good
6fc66606e74242398444,s8Y2f,知识点s8Y2f,0.7278,72.78,1,3,3,good
6fc66606e74242398444,t5V9e,知识点t5V9e,0.702,70.2,5,61,28,good
6fc66606e74242398444,y9W5d,知识点y9W5d,0.7651,76.51,11,47,39,good
5a44a7c59729d41d596a,m3D1v,知识点m3D1v,0.0509,5.09,1,2,1,poor
5a44a7c59729d41d596a,r8S3g,知识点r8S3g,0.7636,76.36,5,16,8,good
5a44a7c59729d41d596a,t5V9e,知识点t5V9e,0.72,72.0,4,18,15,good
05e6d9723ab3cde0841d,b3C9s,知识点b3C9s,0.6229,62.29,3,17,3,good
05e6d9723ab3cde0841d,g7R2j,知识点g7R2j,0.7285,72.85,5,41,32,good
05e6d9723ab3cde0841d,k4W1c,知识点k4W1c,0.637,63.7,1,13,11,good
05e6d9723ab3cde0841d,m3D1v,知识点m3D1v,0.6777,67.77,12,70,36,good
05e6d9723ab3cde0841d,r8S3g,知识点r8S3g,0.6695,66.95,5,37,8,good
05e6d9723ab3cde0841d,s8Y2f,知识点s8Y2f,0.5322,53.22,1,18,1,medium
05e6d9723ab3cde0841d,t5V9e,知识点t5V9e,0.7039,70.39,5,77,16,good
05e6d9723ab3cde0841d,y9W5d,知识点y9W5d,0.6638,66.38,11,143,62,good
2a515047aa9d085849a2,b3C9s,知识点b3C9s,0.9418,94.18,3,3,3,good
2a515047aa9d085849a2,g7R2j,知识点g7R2j,0.7396,73.96,5,44,37,good
2a515047aa9d085849a2,k4W1c,知识点k4W1c,0.8141,81.41,1,2,1,good
2a515047aa9d085849a2,m3D1v,知识点m3D1v,0.7776,77.76,12,62,47,good
2a515047aa9d085849a2,r8S3g,知识点r8S3g,0.6903,69.03,5,24,6,good
2a515047aa9d085849a2,s8Y2f,知识点s8Y2f,0.8132,81.32,1,1,1,good
2a515047aa9d085849a2,t5V9e,知识点t5V9e,0.7671,76.71,5,20,10,good
2a515047aa9d085849a2,y9W5d,知识点y9W5d,0.7954,79.54,11,72,57,good
3f34e3108d1108dab0fd,b3C9s,知识点b3C9s,0.9819,98.19,3,5,5,good
3f34e3108d1108dab0fd,g7R2j,知识点g7R2j,0.9175,91.75,5,14,14,good
3f34e3108d1108dab0fd,k4W1c,知识点k4W1c,0.9294,92.94,1,3,3,good
3f34e3108d1108dab0fd,m3D1v,知识点m3D1v,0.9499,94.99,12,22,21,good
3f34e3108d1108dab0fd,r8S3g,知识点r8S3g,0.9343,93.43,5,8,7,good
3f34e3108d1108dab0fd,s8Y2f,知识点s8Y2f,0.8135,81.35,1,2,1,good
3f34e3108d1108dab0fd,t5V9e,知识点t5V9e,0.9423,94.23,5,9,8,good
3f34e3108d1108dab0fd,y9W5d,知识点y9W5d,0.9124,91.24,11,24,22,good
42dd5f9cd9e2c3ac9ed7,b3C9s,知识点b3C9s,0.9068,90.68,3,10,3,good
42dd5f9cd9e2c3ac9ed7,g7R2j,知识点g7R2j,0.8664,86.64,5,10,6,good
42dd5f9cd9e2c3ac9ed7,k4W1c,知识点k4W1c,0.9975,99.75,1,1,1,good
42dd5f9cd9e2c3ac9ed7,m3D1v,知识点m3D1v,0.7923,79.23,12,48,14,good
42dd5f9cd9e2c3ac9ed7,r8S3g,知识点r8S3g,0.7191,71.91,5,45,11,good
42dd5f9cd9e2c3ac9ed7,s8Y2f,知识点s8Y2f,0.6416,64.16,1,4,1,good
42dd5f9cd9e2c3ac9ed7,t5V9e,知识点t5V9e,0.8614,86.14,5,12,6,good
42dd5f9cd9e2c3ac9ed7,y9W5d,知识点y9W5d,0.8918,89.18,11,23,11,good
e5cab2ae37f3a9ed4f46,b3C9s,知识点b3C9s,0.9978,99.78,3,4,4,good
e5cab2ae37f3a9ed4f46,g7R2j,知识点g7R2j,0.7532,75.32,5,10,3,good
e5cab2ae37f3a9ed4f46,k4W1c,知识点k4W1c,0.8094,80.94,1,2,1,good
e5cab2ae37f3a9ed4f46,m3D1v,知识点m3D1v,0.8983,89.83,12,19,10,good
e5cab2ae37f3a9ed4f46,r8S3g,知识点r8S3g,0.736,73.6,5,99,8,good
e5cab2ae37f3a9ed4f46,s8Y2f,知识点s8Y2f,0.997,99.7,1,1,1,good
e5cab2ae37f3a9ed4f46,t5V9e,知识点t5V9e,0.9082,90.82,5,12,7,good
e5cab2ae37f3a9ed4f46,y9W5d,知识点y9W5d,0.9027,90.27,10,15,11,good
ca10145a308249ed82e9,b3C9s,知识点b3C9s,0.837,83.7,3,5,4,good
ca10145a308249ed82e9,g7R2j,知识点g7R2j,0.897,89.7,5,20,7,good
ca10145a308249ed82e9,k4W1c,知识点k4W1c,0.7625,76.25,1,3,1,good
ca10145a308249ed82e9,m3D1v,知识点m3D1v,0.9354,93.54,12,21,16,good
ca10145a308249ed82e9,r8S3g,知识点r8S3g,0.8935,89.35,5,8,6,good
ca10145a308249ed82e9,s8Y2f,知识点s8Y2f,0.9981,99.81,1,4,4,good
ca10145a308249ed82e9,t5V9e,知识点t5V9e,0.877,87.7,5,25,7,good
ca10145a308249ed82e9,y9W5d,知识点y9W5d,0.8765,87.65,11,37,26,good
5cda8273b348fbda9f29,b3C9s,知识点b3C9s,0.8271,82.71,3,5,3,good
5cda8273b348fbda9f29,g7R2j,知识点g7R2j,0.8366,83.66,5,36,32,good
5cda8273b348fbda9f29,k4W1c,知识点k4W1c,0.7594,75.94,1,3,3,good
5cda8273b348fbda9f29,m3D1v,知识点m3D1v,0.8502,85.02,12,66,49,good
5cda8273b348fbda9f29,r8S3g,知识点r8S3g,0.8062,80.62,5,21,11,good
5cda8273b348fbda9f29,s8Y2f,知识点s8Y2f,0.6866,68.66,1,3,1,good
5cda8273b348fbda9f29,t5V9e,知识点t5V9e,0.8354,83.54,5,23,15,good
5cda8273b348fbda9f29,y9W5d,知识点y9W5d,0.8259,82.59,11,64,47,good
96c23b85b0b4ffdc3cae,b3C9s,知识点b3C9s,0.7577,75.77,3,19,14,good
96c23b85b0b4ffdc3cae,g7R2j,知识点g7R2j,0.8425,84.25,5,12,10,good
96c23b85b0b4ffdc3cae,k4W1c,知识点k4W1c,0.6862,68.62,1,3,1,good
96c23b85b0b4ffdc3cae,m3D1v,知识点m3D1v,0.9068,90.68,12,20,17,good
96c23b85b0b4ffdc3cae,r8S3g,知识点r8S3g,0.8705,87.05,5,10,6,good
96c23b85b0b4ffdc3cae,s8Y2f,知识点s8Y2f,0.7295,72.95,1,2,1,good
96c23b85b0b4ffdc3cae,t5V9e,知识点t5V9e,0.9246,92.46,5,6,5,good
96c23b85b0b4ffdc3cae,y9W5d,知识点y9W5d,0.7916,79.16,11,32,17,good
329622100fe091a4c48c,b3C9s,知识点b3C9s,0.8077,80.77,3,7,4,good
329622100fe091a4c48c,g7R2j,知识点g7R2j,0.6865,68.65,5,45,16,good
329622100fe091a4c48c,k4W1c,知识点k4W1c,0.9989,99.89,1,1,1,good
329622100fe091a4c48c,m3D1v,知识点m3D1v,0.7548,75.48,12,81,43,good
329622100fe091a4c48c,r8S3g,知识点r8S3g,0.7326,73.26,5,22,8,good
329622100fe091a4c48c,s8Y2f,知识点s8Y2f,0.8002,80.02,1,3,3,good
329622100fe091a4c48c,t5V9e,知识点t5V9e,0.6823,68.23,5,82,15,good
329622100fe091a4c48c,y9W5d,知识点y9W5d,0.7167,71.67,11,94,57,good
2933a3227c7ce7fe21eb,g7R2j,知识点g7R2j,0.8064,80.64,5,9,3,good
2933a3227c7ce7fe21eb,k4W1c,知识点k4W1c,0.9939,99.39,1,2,2,good
2933a3227c7ce7fe21eb,m3D1v,知识点m3D1v,0.9088,90.88,12,22,12,good
2933a3227c7ce7fe21eb,r8S3g,知识点r8S3g,0.9011,90.11,5,10,6,good
2933a3227c7ce7fe21eb,s8Y2f,知识点s8Y2f,0.9909,99.09,1,1,1,good
2933a3227c7ce7fe21eb,t5V9e,知识点t5V9e,0.7012,70.12,5,32,10,good
2933a3227c7ce7fe21eb,y9W5d,知识点y9W5d,0.9729,97.29,11,16,13,good
3dba043eb6065ad3a343,r8S3g,知识点r8S3g,0.7566,75.66,5,55,6,good
3dba043eb6065ad3a343,t5V9e,知识点t5V9e,0.5462,54.62,3,6,3,medium
8a9f3822aaa08e579e4f,b3C9s,知识点b3C9s,0.9231,92.31,3,4,3,good
8a9f3822aaa08e579e4f,g7R2j,知识点g7R2j,0.8902,89.02,5,11,11,good
8a9f3822aaa08e579e4f,k4W1c,知识点k4W1c,0.8141,81.41,1,2,1,good
8a9f3822aaa08e579e4f,m3D1v,知识点m3D1v,0.8255,82.55,12,27,16,good
8a9f3822aaa08e579e4f,r8S3g,知识点r8S3g,0.8507,85.07,5,22,6,good
8a9f3822aaa08e579e4f,s8Y2f,知识点s8Y2f,0.7621,76.21,1,3,1,good
8a9f3822aaa08e579e4f,t5V9e,知识点t5V9e,0.8451,84.51,5,12,10,good
8a9f3822aaa08e579e4f,y9W5d,知识点y9W5d,0.8171,81.71,11,39,27,good
1367d35cf39783effa7a,m3D1v,知识点m3D1v,0.1839,18.39,3,11,4,poor
1367d35cf39783effa7a,r8S3g,知识点r8S3g,0.9983,99.83,5,6,6,good
1367d35cf39783effa7a,t5V9e,知识点t5V9e,0.7821,78.21,5,47,29,good
c6ab0de398cfcbd21dc5,b3C9s,知识点b3C9s,0.9893,98.93,3,3,3,good
c6ab0de398cfcbd21dc5,g7R2j,知识点g7R2j,0.9905,99.05,5,5,5,good
c6ab0de398cfcbd21dc5,k4W1c,知识点k4W1c,0.9911,99.11,1,1,1,good
c6ab0de398cfcbd21dc5,m3D1v,知识点m3D1v,0.8682,86.82,12,31,15,good
c6ab0de398cfcbd21dc5,r8S3g,知识点r8S3g,0.7603,76.03,5,39,6,good
c6ab0de398cfcbd21dc5,s8Y2f,知识点s8Y2f,0.9971,99.71,1,1,1,good
c6ab0de398cfcbd21dc5,t5V9e,知识点t5V9e,0.8176,81.76,5,22,9,good
c6ab0de398cfcbd21dc5,y9W5d,知识点y9W5d,0.9925,99.25,11,12,12,good
4e508744a9816cc4586a,b3C9s,知识点b3C9s,0.9244,92.44,3,4,3,good
4e508744a9816cc4586a,g7R2j,知识点g7R2j,0.8875,88.75,5,8,5,good
4e508744a9816cc4586a,k4W1c,知识点k4W1c,0.9987,99.87,1,1,1,good
4e508744a9816cc4586a,m3D1v,知识点m3D1v,0.9361,93.61,12,19,12,good
4e508744a9816cc4586a,r8S3g,知识点r8S3g,0.9218,92.18,5,18,6,good
4e508744a9816cc4586a,s8Y2f,知识点s8Y2f,0.7292,72.92,1,2,1,good
4e508744a9816cc4586a,t5V9e,知识点t5V9e,0.9036,90.36,5,10,5,good
4e508744a9816cc4586a,y9W5d,知识点y9W5d,0.8751,87.51,11,24,14,good
o3jddioub8dsv0fm22qn,b3C9s,知识点b3C9s,0.8977,89.77,3,4,4,good
o3jddioub8dsv0fm22qn,g7R2j,知识点g7R2j,0.7926,79.26,5,12,9,good
o3jddioub8dsv0fm22qn,k4W1c,知识点k4W1c,0.603,60.3,1,1,1,good
o3jddioub8dsv0fm22qn,m3D1v,知识点m3D1v,0.7485,74.85,11,26,20,good
o3jddioub8dsv0fm22qn,r8S3g,知识点r8S3g,0.6334,63.34,5,22,4,good
o3jddioub8dsv0fm22qn,s8Y2f,知识点s8Y2f,0.6551,65.51,1,2,2,good
o3jddioub8dsv0fm22qn,t5V9e,知识点t5V9e,0.7264,72.64,5,19,6,good
o3jddioub8dsv0fm22qn,y9W5d,知识点y9W5d,0.6176,61.76,8,14,12,good
4130weedl0x9hc7qe5a4,b3C9s,知识点b3C9s,0.5923,59.23,2,3,0,medium
4130weedl0x9hc7qe5a4,g7R2j,知识点g7R2j,0.7003,70.03,4,13,9,good
4130weedl0x9hc7qe5a4,k4W1c,知识点k4W1c,0.7562,75.62,1,4,4,good
4130weedl0x9hc7qe5a4,m3D1v,知识点m3D1v,0.6328,63.28,11,31,16,good
4130weedl0x9hc7qe5a4,r8S3g,知识点r8S3g,0.6774,67.74,5,23,4,good
4130weedl0x9hc7qe5a4,s8Y2f,知识点s8Y2f,0.7602,76.02,1,2,2,good
4130weedl0x9hc7qe5a4,t5V9e,知识点t5V9e,0.7558,75.58,5,17,11,good
4130weedl0x9hc7qe5a4,y9W5d,知识点y9W5d,0.72,72.0,11,31,19,good
aqpg6qwtponj9ojmx6ls,b3C9s,知识点b3C9s,0.7137,71.37,2,3,1,good
aqpg6qwtponj9ojmx6ls,g7R2j,知识点g7R2j,0.7834,78.34,5,12,7,good
aqpg6qwtponj9ojmx6ls,k4W1c,知识点k4W1c,0.7579,75.79,1,2,2,good
aqpg6qwtponj9ojmx6ls,m3D1v,知识点m3D1v,0.702,70.2,11,38,19,good
aqpg6qwtponj9ojmx6ls,r8S3g,知识点r8S3g,0.6098,60.98,4,20,1,good
aqpg6qwtponj9ojmx6ls,s8Y2f,知识点s8Y2f,0.9977,99.77,1,1,1,good
aqpg6qwtponj9ojmx6ls,t5V9e,知识点t5V9e,0.5718,57.18,4,21,9,medium
aqpg6qwtponj9ojmx6ls,y9W5d,知识点y9W5d,0.767,76.7,11,25,14,good
pgknalznufvmvwgc1ca8,b3C9s,知识点b3C9s,0.8319,83.19,3,10,7,good
pgknalznufvmvwgc1ca8,g7R2j,知识点g7R2j,0.7058,70.58,5,18,12,good
pgknalznufvmvwgc1ca8,k4W1c,知识点k4W1c,0.6656,66.56,0,0,0,good
pgknalznufvmvwgc1ca8,m3D1v,知识点m3D1v,0.7145,71.45,12,34,18,good
pgknalznufvmvwgc1ca8,r8S3g,知识点r8S3g,0.6512,65.12,5,13,2,good
pgknalznufvmvwgc1ca8,s8Y2f,知识点s8Y2f,0.5561,55.61,0,0,0,medium
pgknalznufvmvwgc1ca8,t5V9e,知识点t5V9e,0.6773,67.73,5,22,7,good
pgknalznufvmvwgc1ca8,y9W5d,知识点y9W5d,0.6708,67.08,8,17,10,good
oc0ww31yssff9rktgowo,b3C9s,知识点b3C9s,0.6503,65.03,3,4,1,good
oc0ww31yssff9rktgowo,g7R2j,知识点g7R2j,0.5764,57.64,4,16,12,medium
oc0ww31yssff9rktgowo,k4W1c,知识点k4W1c,0.8019,80.19,1,3,3,good
oc0ww31yssff9rktgowo,m3D1v,知识点m3D1v,0.6921,69.21,11,27,20,good
oc0ww31yssff9rktgowo,r8S3g,知识点r8S3g,0.5511,55.11,4,26,6,medium
oc0ww31yssff9rktgowo,s8Y2f,知识点s8Y2f,0.6272,62.72,1,4,3,good
oc0ww31yssff9rktgowo,t5V9e,知识点t5V9e,0.5769,57.69,4,18,13,medium
oc0ww31yssff9rktgowo,y9W5d,知识点y9W5d,0.7222,72.22,10,26,20,good
rsclhbtmbxt0xrye64ax,b3C9s,知识点b3C9s,0.5224,52.24,2,8,7,medium
rsclhbtmbxt0xrye64ax,g7R2j,知识点g7R2j,0.5679,56.79,4,20,12,medium
rsclhbtmbxt0xrye64ax,k4W1c,知识点k4W1c,0.608,60.8,1,2,2,good
rsclhbtmbxt0xrye64ax,m3D1v,知识点m3D1v,0.7532,75.32,10,22,14,good
rsclhbtmbxt0xrye64ax,r8S3g,知识点r8S3g,0.5562,55.62,4,18,7,medium
rsclhbtmbxt0xrye64ax,s8Y2f,知识点s8Y2f,0.8965,89.65,1,3,3,good
rsclhbtmbxt0xrye64ax,t5V9e,知识点t5V9e,0.5649,56.49,3,20,7,medium
rsclhbtmbxt0xrye64ax,y9W5d,知识点y9W5d,0.651,65.1,9,21,14,good
orubxhpr5e1heat93ue4,b3C9s,知识点b3C9s,0.765,76.5,2,6,6,good
orubxhpr5e1heat93ue4,g7R2j,知识点g7R2j,0.7073,70.73,4,13,9,good
orubxhpr5e1heat93ue4,k4W1c,知识点k4W1c,0.5594,55.94,1,2,0,medium
orubxhpr5e1heat93ue4,m3D1v,知识点m3D1v,0.669,66.9,7,20,14,good
orubxhpr5e1heat93ue4,r8S3g,知识点r8S3g,0.6119,61.19,4,12,2,good
orubxhpr5e1heat93ue4,s8Y2f,知识点s8Y2f,0.7578,75.78,1,2,2,good
orubxhpr5e1heat93ue4,t5V9e,知识点t5V9e,0.7502,75.02,5,22,9,good
orubxhpr5e1heat93ue4,y9W5d,知识点y9W5d,0.7319,73.19,9,30,16,good
4x441h9y6wzknmtdw7q4,b3C9s,知识点b3C9s,0.3453,34.53,1,3,2,poor
4x441h9y6wzknmtdw7q4,g7R2j,知识点g7R2j,0.5505,55.05,3,12,8,medium
4x441h9y6wzknmtdw7q4,k4W1c,知识点k4W1c,0.8635,86.35,1,4,4,good
4x441h9y6wzknmtdw7q4,m3D1v,知识点m3D1v,0.7363,73.63,11,31,21,good
4x441h9y6wzknmtdw7q4,r8S3g,知识点r8S3g,0.6982,69.82,4,31,9,good
4x441h9y6wzknmtdw7q4,s8Y2f,知识点s8Y2f,0.7128,71.28,1,2,1,good
4x441h9y6wzknmtdw7q4,t5V9e,知识点t5V9e,0.763,76.3,5,24,14,good
4x441h9y6wzknmtdw7q4,y9W5d,知识点y9W5d,0.7895,78.95,10,27,22,good
2a6ap0t2rsvoogmydj3a,b3C9s,知识点b3C9s,0.7493,74.93,2,2,1,good
2a6ap0t2rsvoogmydj3a,g7R2j,知识点g7R2j,0.5597,55.97,3,7,3,medium
2a6ap0t2rsvoogmydj3a,k4W1c,知识点k4W1c,0.9979,99.79,1,4,4,good
2a6ap0t2rsvoogmydj3a,m3D1v,知识点m3D1v,0.6324,63.24,11,29,14,good
2a6ap0t2rsvoogmydj3a,r8S3g,知识点r8S3g,0.6645,66.45,5,31,3,good
2a6ap0t2rsvoogmydj3a,s8Y2f,知识点s8Y2f,0.629,62.9,1,2,0,good
2a6ap0t2rsvoogmydj3a,t5V9e,知识点t5V9e,0.7169,71.69,5,21,9,good
2a6ap0t2rsvoogmydj3a,y9W5d,知识点y9W5d,0.7603,76.03,11,31,20,good
daty5mq7b20bkt2c2zfs,b3C9s,知识点b3C9s,0.6575,65.75,2,2,1,good
daty5mq7b20bkt2c2zfs,g7R2j,知识点g7R2j,0.7108,71.08,5,14,8,good
daty5mq7b20bkt2c2zfs,k4W1c,知识点k4W1c,0.998,99.8,1,2,2,good
daty5mq7b20bkt2c2zfs,m3D1v,知识点m3D1v,0.6534,65.34,11,34,16,good
daty5mq7b20bkt2c2zfs,r8S3g,知识点r8S3g,0.5605,56.05,4,22,6,medium
daty5mq7b20bkt2c2zfs,s8Y2f,知识点s8Y2f,0.5135,51.35,1,3,0,medium
daty5mq7b20bkt2c2zfs,t5V9e,知识点t5V9e,0.712,71.2,5,20,7,good
daty5mq7b20bkt2c2zfs,y9W5d,知识点y9W5d,0.675,67.5,10,29,18,good
hhplrx9xd7cm2w7aslma,b3C9s,知识点b3C9s,0.7666,76.66,2,2,2,good
hhplrx9xd7cm2w7aslma,g7R2j,知识点g7R2j,0.7369,73.69,5,14,9,good
hhplrx9xd7cm2w7aslma,k4W1c,知识点k4W1c,0.6302,63.02,0,0,0,good
hhplrx9xd7cm2w7aslma,m3D1v,知识点m3D1v,0.6948,69.48,12,24,15,good
hhplrx9xd7cm2w7aslma,r8S3g,知识点r8S3g,0.679,67.9,5,28,8,good
hhplrx9xd7cm2w7aslma,s8Y2f,知识点s8Y2f,0.6302,63.02,1,1,0,good
hhplrx9xd7cm2w7aslma,t5V9e,知识点t5V9e,0.6699,66.99,5,25,12,good
hhplrx9xd7cm2w7aslma,y9W5d,知识点y9W5d,0.5833,58.33,8,14,4,medium
xgvqpyg5mro3wihwngur,b3C9s,知识点b3C9s,0.6721,67.21,3,7,5,good
xgvqpyg5mro3wihwngur,g7R2j,知识点g7R2j,0.6665,66.65,5,16,9,good
xgvqpyg5mro3wihwngur,k4W1c,知识点k4W1c,0.7975,79.75,1,5,4,good
xgvqpyg5mro3wihwngur,m3D1v,知识点m3D1v,0.7403,74.03,12,31,20,good
xgvqpyg5mro3wihwngur,r8S3g,知识点r8S3g,0.694,69.4,4,19,1,good
xgvqpyg5mro3wihwngur,s8Y2f,知识点s8Y2f,0.5078,50.78,1,3,1,medium
xgvqpyg5mro3wihwngur,t5V9e,知识点t5V9e,0.7697,76.97,5,21,13,good
xgvqpyg5mro3wihwngur,y9W5d,知识点y9W5d,0.7515,75.15,10,32,22,good
jnupp0jsv1kjsvbzlnrr,b3C9s,知识点b3C9s,0.2703,27.03,1,2,1,poor
jnupp0jsv1kjsvbzlnrr,g7R2j,知识点g7R2j,0.7922,79.22,5,10,6,good
jnupp0jsv1kjsvbzlnrr,k4W1c,知识点k4W1c,0.7945,79.45,1,2,2,good
jnupp0jsv1kjsvbzlnrr,m3D1v,知识点m3D1v,0.6108,61.08,10,24,8,good
jnupp0jsv1kjsvbzlnrr,r8S3g,知识点r8S3g,0.6523,65.23,5,25,2,good
jnupp0jsv1kjsvbzlnrr,s8Y2f,知识点s8Y2f,0.8963,89.63,1,2,2,good
jnupp0jsv1kjsvbzlnrr,t5V9e,知识点t5V9e,0.7115,71.15,4,14,7,good
jnupp0jsv1kjsvbzlnrr,y9W5d,知识点y9W5d,0.7073,70.73,10,25,18,good
u9owl1eky0jf8t3nc50o,b3C9s,知识点b3C9s,0.7548,75.48,3,5,3,good
u9owl1eky0jf8t3nc50o,g7R2j,知识点g7R2j,0.7741,77.41,5,19,15,good
u9owl1eky0jf8t3nc50o,k4W1c,知识点k4W1c,0.63,63.0,1,1,0,good
u9owl1eky0jf8t3nc50o,m3D1v,知识点m3D1v,0.7186,71.86,12,30,18,good
u9owl1eky0jf8t3nc50o,r8S3g,知识点r8S3g,0.6297,62.97,4,22,3,good
u9owl1eky0jf8t3nc50o,s8Y2f,知识点s8Y2f,0.6328,63.28,1,1,1,good
u9owl1eky0jf8t3nc50o,t5V9e,知识点t5V9e,0.6975,69.75,4,19,7,good
u9owl1eky0jf8t3nc50o,y9W5d,知识点y9W5d,0.6535,65.35,10,19,10,good
ubi6gd21j9e9rw46hoz6,b3C9s,知识点b3C9s,0.5933,59.33,2,4,3,medium
ubi6gd21j9e9rw46hoz6,g7R2j,知识点g7R2j,0.6865,68.65,5,9,5,good
ubi6gd21j9e9rw46hoz6,k4W1c,知识点k4W1c,0.6647,66.47,0,0,0,good
ubi6gd21j9e9rw46hoz6,m3D1v,知识点m3D1v,0.7303,73.03,12,40,19,good
ubi6gd21j9e9rw46hoz6,r8S3g,知识点r8S3g,0.6844,68.44,5,16,7,good
ubi6gd21j9e9rw46hoz6,s8Y2f,知识点s8Y2f,0.6126,61.26,1,3,2,good
ubi6gd21j9e9rw46hoz6,t5V9e,知识点t5V9e,0.6375,63.75,5,19,5,good
ubi6gd21j9e9rw46hoz6,y9W5d,知识点y9W5d,0.6594,65.94,9,26,10,good
tv0sptqq56ri3dpcd9nl,b3C9s,知识点b3C9s,0.7427,74.27,2,5,3,good
tv0sptqq56ri3dpcd9nl,g7R2j,知识点g7R2j,0.5463,54.63,3,10,6,medium
tv0sptqq56ri3dpcd9nl,k4W1c,知识点k4W1c,0.6773,67.73,1,3,2,good
tv0sptqq56ri3dpcd9nl,m3D1v,知识点m3D1v,0.6766,67.66,10,23,12,good
tv0sptqq56ri3dpcd9nl,r8S3g,知识点r8S3g,0.7224,72.24,4,21,3,good
tv0sptqq56ri3dpcd9nl,s8Y2f,知识点s8Y2f,0.8655,86.55,1,4,3,good
tv0sptqq56ri3dpcd9nl,t5V9e,知识点t5V9e,0.7233,72.33,5,29,10,good
tv0sptqq56ri3dpcd9nl,y9W5d,知识点y9W5d,0.7086,70.86,11,35,18,good
8kvpozl8kjupzd4yvwbv,b3C9s,知识点b3C9s,0.6195,61.95,3,8,1,good
8kvpozl8kjupzd4yvwbv,g7R2j,知识点g7R2j,0.647,64.7,4,17,7,good
8kvpozl8kjupzd4yvwbv,k4W1c,知识点k4W1c,0.729,72.9,1,3,1,good
8kvpozl8kjupzd4yvwbv,m3D1v,知识点m3D1v,0.7251,72.51,12,22,12,good
8kvpozl8kjupzd4yvwbv,r8S3g,知识点r8S3g,0.6657,66.57,5,13,1,good
8kvpozl8kjupzd4yvwbv,s8Y2f,知识点s8Y2f,0.8132,81.32,1,1,1,good
8kvpozl8kjupzd4yvwbv,t5V9e,知识点t5V9e,0.7805,78.05,5,16,9,good
8kvpozl8kjupzd4yvwbv,y9W5d,知识点y9W5d,0.6989,69.89,11,19,11,good
m6p2hujqw21vc4lyt3f3,b3C9s,知识点b3C9s,0.7202,72.02,2,10,6,good
m6p2hujqw21vc4lyt3f3,g7R2j,知识点g7R2j,0.6422,64.22,5,14,6,good
m6p2hujqw21vc4lyt3f3,k4W1c,知识点k4W1c,0.6692,66.92,1,2,1,good
m6p2hujqw21vc4lyt3f3,m3D1v,知识点m3D1v,0.6074,60.74,9,19,9,good
m6p2hujqw21vc4lyt3f3,r8S3g,知识点r8S3g,0.5326,53.26,4,14,1,medium
m6p2hujqw21vc4lyt3f3,s8Y2f,知识点s8Y2f,0.5527,55.27,1,3,0,medium
m6p2hujqw21vc4lyt3f3,t5V9e,知识点t5V9e,0.694,69.4,5,17,6,good
m6p2hujqw21vc4lyt3f3,y9W5d,知识点y9W5d,0.6924,69.24,10,29,14,good
nx4zicy1jbulkuen41s5,b3C9s,知识点b3C9s,0.6732,67.32,2,7,2,good
nx4zicy1jbulkuen41s5,g7R2j,知识点g7R2j,0.5116,51.16,4,8,3,medium
nx4zicy1jbulkuen41s5,k4W1c,知识点k4W1c,0.7299,72.99,1,2,2,good
nx4zicy1jbulkuen41s5,m3D1v,知识点m3D1v,0.6684,66.84,11,40,22,good
nx4zicy1jbulkuen41s5,r8S3g,知识点r8S3g,0.6045,60.45,5,27,1,good
nx4zicy1jbulkuen41s5,s8Y2f,知识点s8Y2f,0.7284,72.84,1,2,1,good
nx4zicy1jbulkuen41s5,t5V9e,知识点t5V9e,0.5909,59.09,4,14,7,medium
nx4zicy1jbulkuen41s5,y9W5d,知识点y9W5d,0.6382,63.82,8,24,16,good
xnvmb8uox3576k142awg,b3C9s,知识点b3C9s,0.7393,73.93,3,6,4,good
xnvmb8uox3576k142awg,g7R2j,知识点g7R2j,0.5333,53.33,4,16,11,medium
xnvmb8uox3576k142awg,k4W1c,知识点k4W1c,0.7311,73.11,1,1,1,good
xnvmb8uox3576k142awg,m3D1v,知识点m3D1v,0.5618,56.18,9,25,12,medium
xnvmb8uox3576k142awg,r8S3g,知识点r8S3g,0.6077,60.77,5,27,4,good
xnvmb8uox3576k142awg,s8Y2f,知识点s8Y2f,0.6636,66.36,0,0,0,good
xnvmb8uox3576k142awg,t5V9e,知识点t5V9e,0.7855,78.55,5,22,9,good
xnvmb8uox3576k142awg,y9W5d,知识点y9W5d,0.5627,56.27,8,14,6,medium
nkr2o4v6q9alvt7ju51e,b3C9s,知识点b3C9s,0.7513,75.13,2,4,4,good
nkr2o4v6q9alvt7ju51e,g7R2j,知识点g7R2j,0.7212,72.12,3,11,8,good
nkr2o4v6q9alvt7ju51e,k4W1c,知识点k4W1c,0.5652,56.52,1,1,0,medium
nkr2o4v6q9alvt7ju51e,m3D1v,知识点m3D1v,0.6934,69.34,10,30,16,good
nkr2o4v6q9alvt7ju51e,r8S3g,知识点r8S3g,0.6684,66.84,4,22,5,good
nkr2o4v6q9alvt7ju51e,s8Y2f,知识点s8Y2f,0.595,59.5,1,4,1,medium
nkr2o4v6q9alvt7ju51e,t5V9e,知识点t5V9e,0.764,76.4,5,23,8,good
nkr2o4v6q9alvt7ju51e,y9W5d,知识点y9W5d,0.6744,67.44,10,26,11,good
01qkq6w2v62cimidb3b7,b3C9s,知识点b3C9s,0.5255,52.55,2,6,4,medium
01qkq6w2v62cimidb3b7,g7R2j,知识点g7R2j,0.7263,72.63,4,17,16,good
01qkq6w2v62cimidb3b7,k4W1c,知识点k4W1c,0.752,75.2,1,5,4,good
01qkq6w2v62cimidb3b7,m3D1v,知识点m3D1v,0.6055,60.55,10,23,11,good
01qkq6w2v62cimidb3b7,r8S3g,知识点r8S3g,0.6319,63.19,5,17,2,good
01qkq6w2v62cimidb3b7,s8Y2f,知识点s8Y2f,0.8137,81.37,1,2,1,good
01qkq6w2v62cimidb3b7,t5V9e,知识点t5V9e,0.7259,72.59,4,18,8,good
01qkq6w2v62cimidb3b7,y9W5d,知识点y9W5d,0.7503,75.03,9,23,12,good
tp8x8dgd7d6dhpth8xni,b3C9s,知识点b3C9s,0.8035,80.35,2,5,5,good
tp8x8dgd7d6dhpth8xni,g7R2j,知识点g7R2j,0.7155,71.55,4,14,11,good
tp8x8dgd7d6dhpth8xni,k4W1c,知识点k4W1c,0.6277,62.77,0,0,0,good
tp8x8dgd7d6dhpth8xni,m3D1v,知识点m3D1v,0.7041,70.41,12,25,11,good
tp8x8dgd7d6dhpth8xni,r8S3g,知识点r8S3g,0.6535,65.35,5,15,4,good
tp8x8dgd7d6dhpth8xni,s8Y2f,知识点s8Y2f,0.6644,66.44,1,3,2,good
tp8x8dgd7d6dhpth8xni,t5V9e,知识点t5V9e,0.5912,59.12,4,12,3,medium
tp8x8dgd7d6dhpth8xni,y9W5d,知识点y9W5d,0.7472,74.72,8,18,13,good
uhthvh60xp911d47x7xm,b3C9s,知识点b3C9s,0.6598,65.98,3,6,3,good
uhthvh60xp911d47x7xm,g7R2j,知识点g7R2j,0.7498,74.98,4,9,7,good
uhthvh60xp911d47x7xm,k4W1c,知识点k4W1c,0.7474,74.74,1,3,2,good
uhthvh60xp911d47x7xm,m3D1v,知识点m3D1v,0.6566,65.66,11,31,15,good
uhthvh60xp911d47x7xm,r8S3g,知识点r8S3g,0.5141,51.41,4,26,3,medium
uhthvh60xp911d47x7xm,s8Y2f,知识点s8Y2f,0.6299,62.99,1,2,1,good
uhthvh60xp911d47x7xm,t5V9e,知识点t5V9e,0.6813,68.13,5,21,8,good
uhthvh60xp911d47x7xm,y9W5d,知识点y9W5d,0.7598,75.98,10,26,16,good
a30afe3tftu3pgsdxxdq,b3C9s,知识点b3C9s,0.6535,65.35,2,2,1,good
a30afe3tftu3pgsdxxdq,g7R2j,知识点g7R2j,0.3009,30.09,1,7,7,poor
a30afe3tftu3pgsdxxdq,k4W1c,知识点k4W1c,0.5957,59.57,1,1,0,medium
a30afe3tftu3pgsdxxdq,m3D1v,知识点m3D1v,0.6873,68.73,9,23,15,good
a30afe3tftu3pgsdxxdq,r8S3g,知识点r8S3g,0.6373,63.73,5,18,3,good
a30afe3tftu3pgsdxxdq,s8Y2f,知识点s8Y2f,0.4966,49.66,1,1,0,medium
a30afe3tftu3pgsdxxdq,t5V9e,知识点t5V9e,0.6883,68.83,5,19,7,good
a30afe3tftu3pgsdxxdq,y9W5d,知识点y9W5d,0.7073,70.73,11,24,14,good
9nfrfi8p7oktnfr9c30b,b3C9s,知识点b3C9s,0.7033,70.33,3,8,5,good
9nfrfi8p7oktnfr9c30b,g7R2j,知识点g7R2j,0.6481,64.81,5,20,9,good
9nfrfi8p7oktnfr9c30b,k4W1c,知识点k4W1c,0.7632,76.32,1,2,2,good
9nfrfi8p7oktnfr9c30b,m3D1v,知识点m3D1v,0.6513,65.13,11,31,12,good
9nfrfi8p7oktnfr9c30b,r8S3g,知识点r8S3g,0.6548,65.48,5,18,4,good
9nfrfi8p7oktnfr9c30b,s8Y2f,知识点s8Y2f,0.6128,61.28,1,2,1,good
9nfrfi8p7oktnfr9c30b,t5V9e,知识点t5V9e,0.7054,70.54,5,20,7,good
9nfrfi8p7oktnfr9c30b,y9W5d,知识点y9W5d,0.7204,72.04,10,30,18,good
34qcy2qj5lij7g82hpvw,b3C9s,知识点b3C9s,0.779,77.9,3,6,4,good
34qcy2qj5lij7g82hpvw,g7R2j,知识点g7R2j,0.7048,70.48,5,19,12,good
34qcy2qj5lij7g82hpvw,k4W1c,知识点k4W1c,0.8981,89.81,1,1,1,good
34qcy2qj5lij7g82hpvw,m3D1v,知识点m3D1v,0.6783,67.83,10,27,12,good
34qcy2qj5lij7g82hpvw,r8S3g,知识点r8S3g,0.6988,69.88,4,17,4,good
34qcy2qj5lij7g82hpvw,s8Y2f,知识点s8Y2f,0.6557,65.57,1,1,1,good
34qcy2qj5lij7g82hpvw,t5V9e,知识点t5V9e,0.7473,74.73,5,19,8,good
34qcy2qj5lij7g82hpvw,y9W5d,知识点y9W5d,0.7207,72.07,11,28,18,good
mhufhb84kyqgs0anwy1d,b3C9s,知识点b3C9s,0.8353,83.53,3,3,3,good
mhufhb84kyqgs0anwy1d,g7R2j,知识点g7R2j,0.741,74.1,5,19,13,good
mhufhb84kyqgs0anwy1d,k4W1c,知识点k4W1c,0.7137,71.37,1,1,1,good
mhufhb84kyqgs0anwy1d,m3D1v,知识点m3D1v,0.7191,71.91,10,23,17,good
mhufhb84kyqgs0anwy1d,r8S3g,知识点r8S3g,0.4969,49.69,4,9,2,medium
mhufhb84kyqgs0anwy1d,s8Y2f,知识点s8Y2f,0.6719,67.19,1,3,1,good
mhufhb84kyqgs0anwy1d,t5V9e,知识点t5V9e,0.6948,69.48,5,26,14,good
mhufhb84kyqgs0anwy1d,y9W5d,知识点y9W5d,0.5987,59.87,9,21,12,medium
1afepx549ssnar1m9acp,b3C9s,知识点b3C9s,0.7692,76.92,3,6,4,good
1afepx549ssnar1m9acp,g7R2j,知识点g7R2j,0.6487,64.87,5,15,6,good
1afepx549ssnar1m9acp,k4W1c,知识点k4W1c,0.6651,66.51,0,0,0,good
1afepx549ssnar1m9acp,m3D1v,知识点m3D1v,0.6559,65.59,11,28,12,good
1afepx549ssnar1m9acp,r8S3g,知识点r8S3g,0.6888,68.88,4,22,7,good
1afepx549ssnar1m9acp,s8Y2f,知识点s8Y2f,0.6647,66.47,1,1,0,good
1afepx549ssnar1m9acp,t5V9e,知识点t5V9e,0.687,68.7,4,19,8,good
1afepx549ssnar1m9acp,y9W5d,知识点y9W5d,0.6471,64.71,8,24,13,good
j605t14y7ie6vr2n8s2c,b3C9s,知识点b3C9s,0.8197,81.97,3,7,5,good
j605t14y7ie6vr2n8s2c,g7R2j,知识点g7R2j,0.7233,72.33,5,14,9,good
j605t14y7ie6vr2n8s2c,k4W1c,知识点k4W1c,0.7145,71.45,1,3,2,good
j605t14y7ie6vr2n8s2c,m3D1v,知识点m3D1v,0.6779,67.79,10,20,10,good
j605t14y7ie6vr2n8s2c,r8S3g,知识点r8S3g,0.7571,75.71,5,26,9,good
j605t14y7ie6vr2n8s2c,s8Y2f,知识点s8Y2f,0.6647,66.47,1,1,0,good
j605t14y7ie6vr2n8s2c,t5V9e,知识点t5V9e,0.7082,70.82,5,16,6,good
j605t14y7ie6vr2n8s2c,y9W5d,知识点y9W5d,0.6652,66.52,9,19,12,good
zq3xohaut5o9dbd9064z,b3C9s,知识点b3C9s,0.781,78.1,3,3,2,good
zq3xohaut5o9dbd9064z,g7R2j,知识点g7R2j,0.6587,65.87,5,11,5,good
zq3xohaut5o9dbd9064z,k4W1c,知识点k4W1c,0.8118,81.18,1,3,3,good
zq3xohaut5o9dbd9064z,m3D1v,知识点m3D1v,0.6403,64.03,11,29,13,good
zq3xohaut5o9dbd9064z,r8S3g,知识点r8S3g,0.4866,48.66,4,32,3,medium
zq3xohaut5o9dbd9064z,s8Y2f,知识点s8Y2f,0.6691,66.91,1,3,1,good
zq3xohaut5o9dbd9064z,t5V9e,知识点t5V9e,0.694,69.4,5,19,11,good
zq3xohaut5o9dbd9064z,y9W5d,知识点y9W5d,0.773,77.3,9,25,16,good
me4d1o3nzhyoj0xfast0,b3C9s,知识点b3C9s,0.7199,71.99,3,10,5,good
me4d1o3nzhyoj0xfast0,g7R2j,知识点g7R2j,0.6009,60.09,3,9,7,good
me4d1o3nzhyoj0xfast0,k4W1c,知识点k4W1c,0.7939,79.39,1,4,3,good
me4d1o3nzhyoj0xfast0,m3D1v,知识点m3D1v,0.6666,66.66,9,22,15,good
me4d1o3nzhyoj0xfast0,r8S3g,知识点r8S3g,0.6267,62.67,5,16,3,good
me4d1o3nzhyoj0xfast0,s8Y2f,知识点s8Y2f,0.5308,53.08,0,0,0,medium
me4d1o3nzhyoj0xfast0,t5V9e,知识点t5V9e,0.7382,73.82,5,19,10,good
me4d1o3nzhyoj0xfast0,y9W5d,知识点y9W5d,0.7284,72.84,8,26,17,good
p611flt77czmqgut14jl,b3C9s,知识点b3C9s,0.4958,49.58,2,3,2,medium
p611flt77czmqgut14jl,g7R2j,知识点g7R2j,0.7155,71.55,5,14,9,good
p611flt77czmqgut14jl,k4W1c,知识点k4W1c,0.5956,59.56,1,1,0,medium
p611flt77czmqgut14jl,m3D1v,知识点m3D1v,0.6256,62.56,11,31,15,good
p611flt77czmqgut14jl,r8S3g,知识点r8S3g,0.5254,52.54,4,18,2,medium
p611flt77czmqgut14jl,t5V9e,知识点t5V9e,0.6661,66.61,5,19,9,good
p611flt77czmqgut14jl,y9W5d,知识点y9W5d,0.5609,56.09,8,18,7,medium
zuw35j06tzftt6oon4c5,b3C9s,知识点b3C9s,0.8527,85.27,3,7,6,good
zuw35j06tzftt6oon4c5,g7R2j,知识点g7R2j,0.518,51.8,4,9,3,medium
zuw35j06tzftt6oon4c5,k4W1c,知识点k4W1c,0.7136,71.36,1,1,1,good
zuw35j06tzftt6oon4c5,m3D1v,知识点m3D1v,0.7025,70.25,12,35,19,good
zuw35j06tzftt6oon4c5,r8S3g,知识点r8S3g,0.7135,71.35,5,19,5,good
zuw35j06tzftt6oon4c5,s8Y2f,知识点s8Y2f,0.7156,71.56,1,2,2,good
zuw35j06tzftt6oon4c5,t5V9e,知识点t5V9e,0.7851,78.51,5,26,14,good
zuw35j06tzftt6oon4c5,y9W5d,知识点y9W5d,0.7277,72.77,10,29,20,good
f527k17lr4aumahjtj92,b3C9s,知识点b3C9s,0.7427,74.27,2,5,3,good
f527k17lr4aumahjtj92,g7R2j,知识点g7R2j,0.6262,62.62,5,13,4,good
f527k17lr4aumahjtj92,k4W1c,知识点k4W1c,0.6737,67.37,1,3,2,good
f527k17lr4aumahjtj92,m3D1v,知识点m3D1v,0.5323,53.23,10,26,10,medium
f527k17lr4aumahjtj92,r8S3g,知识点r8S3g,0.4904,49.04,4,22,1,medium
f527k17lr4aumahjtj92,s8Y2f,知识点s8Y2f,0.764,76.4,1,1,1,good
f527k17lr4aumahjtj92,t5V9e,知识点t5V9e,0.734,73.4,4,12,5,good
f527k17lr4aumahjtj92,y9W5d,知识点y9W5d,0.7047,70.47,9,27,15,good
33184c1cba6a37cdbda2,b3C9s,知识点b3C9s,0.9985,99.85,3,3,3,good
33184c1cba6a37cdbda2,g7R2j,知识点g7R2j,0.8694,86.94,5,14,6,good
33184c1cba6a37cdbda2,k4W1c,知识点k4W1c,0.9987,99.87,1,1,1,good
33184c1cba6a37cdbda2,m3D1v,知识点m3D1v,0.7581,75.81,12,98,45,good
33184c1cba6a37cdbda2,r8S3g,知识点r8S3g,0.6215,62.15,5,46,6,good
33184c1cba6a37cdbda2,s8Y2f,知识点s8Y2f,0.9987,99.87,1,1,1,good
33184c1cba6a37cdbda2,t5V9e,知识点t5V9e,0.7616,76.16,5,91,39,good
33184c1cba6a37cdbda2,y9W5d,知识点y9W5d,0.8659,86.59,11,24,11,good
3f81bf9625e47ca1963f,b3C9s,知识点b3C9s,0.925,92.5,3,4,4,good
3f81bf9625e47ca1963f,g7R2j,知识点g7R2j,0.7693,76.93,5,27,5,good
3f81bf9625e47ca1963f,k4W1c,知识点k4W1c,0.7593,75.93,1,3,3,good
3f81bf9625e47ca1963f,m3D1v,知识点m3D1v,0.8656,86.56,12,23,18,good
3f81bf9625e47ca1963f,r8S3g,知识点r8S3g,0.8759,87.59,5,11,8,good
3f81bf9625e47ca1963f,s8Y2f,知识点s8Y2f,0.7023,70.23,1,4,1,good
3f81bf9625e47ca1963f,t5V9e,知识点t5V9e,0.9148,91.48,5,11,6,good
3f81bf9625e47ca1963f,y9W5d,知识点y9W5d,0.8304,83.04,11,32,24,good
8bece93f0b270602e64f,b3C9s,知识点b3C9s,0.9989,99.89,3,3,3,good
8bece93f0b270602e64f,g7R2j,知识点g7R2j,0.9983,99.83,5,5,5,good
8bece93f0b270602e64f,k4W1c,知识点k4W1c,0.7024,70.24,1,2,1,good
8bece93f0b270602e64f,m3D1v,知识点m3D1v,0.8376,83.76,12,34,16,good
8bece93f0b270602e64f,r8S3g,知识点r8S3g,0.7537,75.37,5,34,8,good
8bece93f0b270602e64f,s8Y2f,知识点s8Y2f,0.8132,81.32,1,1,1,good
8bece93f0b270602e64f,t5V9e,知识点t5V9e,0.766,76.6,5,35,9,good
8bece93f0b270602e64f,y9W5d,知识点y9W5d,0.8238,82.38,11,20,13,good
27cc9165eef05eb1733f,b3C9s,知识点b3C9s,0.9041,90.41,3,5,3,good
27cc9165eef05eb1733f,g7R2j,知识点g7R2j,0.8688,86.88,5,5,5,good
27cc9165eef05eb1733f,k4W1c,知识点k4W1c,0.9982,99.82,1,1,1,good
27cc9165eef05eb1733f,m3D1v,知识点m3D1v,0.9031,90.31,12,26,19,good
27cc9165eef05eb1733f,r8S3g,知识点r8S3g,0.9616,96.16,5,7,7,good
27cc9165eef05eb1733f,s8Y2f,知识点s8Y2f,0.998,99.8,1,1,1,good
27cc9165eef05eb1733f,t5V9e,知识点t5V9e,0.8478,84.78,5,19,16,good
27cc9165eef05eb1733f,y9W5d,知识点y9W5d,0.9135,91.35,11,21,17,good
3c37e3ad275dcdd39e2c,b3C9s,知识点b3C9s,0.7415,74.15,3,18,12,good
3c37e3ad275dcdd39e2c,g7R2j,知识点g7R2j,0.834,83.4,5,11,5,good
3c37e3ad275dcdd39e2c,k4W1c,知识点k4W1c,0.6864,68.64,1,4,1,good
3c37e3ad275dcdd39e2c,m3D1v,知识点m3D1v,0.8215,82.15,12,27,22,good
3c37e3ad275dcdd39e2c,r8S3g,知识点r8S3g,0.8383,83.83,5,19,6,good
3c37e3ad275dcdd39e2c,s8Y2f,知识点s8Y2f,0.7079,70.79,1,1,1,good
3c37e3ad275dcdd39e2c,t5V9e,知识点t5V9e,0.8262,82.62,5,13,13,good
3c37e3ad275dcdd39e2c,y9W5d,知识点y9W5d,0.7508,75.08,11,43,26,good
46e2d5243b6eef040f97,b3C9s,知识点b3C9s,0.9055,90.55,3,7,4,good
46e2d5243b6eef040f97,g7R2j,知识点g7R2j,0.8734,87.34,5,7,5,good
46e2d5243b6eef040f97,k4W1c,知识点k4W1c,0.6534,65.34,1,2,1,good
46e2d5243b6eef040f97,m3D1v,知识点m3D1v,0.9372,93.72,12,23,22,good
46e2d5243b6eef040f97,r8S3g,知识点r8S3g,0.9247,92.47,5,8,6,good
46e2d5243b6eef040f97,s8Y2f,知识点s8Y2f,0.6078,60.78,1,3,1,good
46e2d5243b6eef040f97,t5V9e,知识点t5V9e,0.9363,93.63,5,6,6,good
46e2d5243b6eef040f97,y9W5d,知识点y9W5d,0.783,78.3,11,38,33,good
37f3b3d773c5c073bc9a,b3C9s,知识点b3C9s,0.9093,90.93,3,5,4,good
37f3b3d773c5c073bc9a,g7R2j,知识点g7R2j,0.8995,89.95,5,9,8,good
37f3b3d773c5c073bc9a,k4W1c,知识点k4W1c,0.8134,81.34,1,2,1,good
37f3b3d773c5c073bc9a,m3D1v,知识点m3D1v,0.9201,92.01,12,15,13,good
37f3b3d773c5c073bc9a,r8S3g,知识点r8S3g,0.762,76.2,5,19,6,good
37f3b3d773c5c073bc9a,s8Y2f,知识点s8Y2f,0.7591,75.91,1,4,2,good
37f3b3d773c5c073bc9a,t5V9e,知识点t5V9e,0.853,85.3,5,9,9,good
37f3b3d773c5c073bc9a,y9W5d,知识点y9W5d,0.8627,86.27,11,41,34,good
96dc0554852b5a94a400,b3C9s,知识点b3C9s,0.9983,99.83,3,3,3,good
96dc0554852b5a94a400,g7R2j,知识点g7R2j,0.8011,80.11,5,21,5,good
96dc0554852b5a94a400,k4W1c,知识点k4W1c,0.8137,81.37,1,2,1,good
96dc0554852b5a94a400,m3D1v,知识点m3D1v,0.8388,83.88,12,27,12,good
96dc0554852b5a94a400,r8S3g,知识点r8S3g,0.6864,68.64,5,43,8,good
96dc0554852b5a94a400,s8Y2f,知识点s8Y2f,0.7626,76.26,1,3,1,good
96dc0554852b5a94a400,t5V9e,知识点t5V9e,0.808,80.8,5,12,5,good
96dc0554852b5a94a400,y9W5d,知识点y9W5d,0.9353,93.53,11,15,11,good
6273f50d9a0b4e6d971c,b3C9s,知识点b3C9s,0.8534,85.34,3,6,6,good
6273f50d9a0b4e6d971c,g7R2j,知识点g7R2j,0.9513,95.13,5,5,5,good
6273f50d9a0b4e6d971c,k4W1c,知识点k4W1c,0.9982,99.82,1,1,1,good
6273f50d9a0b4e6d971c,m3D1v,知识点m3D1v,0.8953,89.53,12,32,22,good
6273f50d9a0b4e6d971c,r8S3g,知识点r8S3g,0.8662,86.62,5,14,6,good
6273f50d9a0b4e6d971c,s8Y2f,知识点s8Y2f,0.7357,73.57,1,1,1,good
6273f50d9a0b4e6d971c,t5V9e,知识点t5V9e,0.8961,89.61,5,6,5,good
6273f50d9a0b4e6d971c,y9W5d,知识点y9W5d,0.8932,89.32,11,34,27,good
4478eae73fb84cedb102,b3C9s,知识点b3C9s,0.9979,99.79,3,3,3,good
4478eae73fb84cedb102,g7R2j,知识点g7R2j,0.9389,93.89,5,7,5,good
4478eae73fb84cedb102,k4W1c,知识点k4W1c,0.8125,81.25,1,1,1,good
4478eae73fb84cedb102,m3D1v,知识点m3D1v,0.754,75.4,12,39,26,good
4478eae73fb84cedb102,r8S3g,知识点r8S3g,0.77,77.0,5,10,6,good
4478eae73fb84cedb102,s8Y2f,知识点s8Y2f,0.552,55.2,1,10,4,medium
4478eae73fb84cedb102,t5V9e,知识点t5V9e,0.6944,69.44,5,39,16,good
4478eae73fb84cedb102,y9W5d,知识点y9W5d,0.6635,66.35,11,63,30,good
0a7f1a73361654329281,b3C9s,知识点b3C9s,0.9428,94.28,3,4,3,good
0a7f1a73361654329281,g7R2j,知识点g7R2j,0.9222,92.22,5,9,6,good
0a7f1a73361654329281,k4W1c,知识点k4W1c,0.9977,99.77,1,1,1,good
0a7f1a73361654329281,m3D1v,知识点m3D1v,0.8077,80.77,12,32,17,good
0a7f1a73361654329281,r8S3g,知识点r8S3g,0.794,79.4,5,26,7,good
0a7f1a73361654329281,s8Y2f,知识点s8Y2f,0.7358,73.58,1,3,3,good
0a7f1a73361654329281,t5V9e,知识点t5V9e,0.9343,93.43,5,15,8,good
0a7f1a73361654329281,y9W5d,知识点y9W5d,0.8364,83.64,11,20,15,good
301f57984e5d2969c938,b3C9s,知识点b3C9s,0.9278,92.78,3,5,3,good
301f57984e5d2969c938,g7R2j,知识点g7R2j,0.9138,91.38,5,18,16,good
301f57984e5d2969c938,k4W1c,知识点k4W1c,0.6048,60.48,1,2,1,good
301f57984e5d2969c938,m3D1v,知识点m3D1v,0.8087,80.87,12,17,13,good
301f57984e5d2969c938,r8S3g,知识点r8S3g,0.7994,79.94,5,27,7,good
301f57984e5d2969c938,s8Y2f,知识点s8Y2f,0.6215,62.15,1,2,1,good
301f57984e5d2969c938,t5V9e,知识点t5V9e,0.7731,77.31,5,25,13,good
301f57984e5d2969c938,y9W5d,知识点y9W5d,0.8221,82.21,11,25,19,good
3b3b2319b0995f149ecc,b3C9s,知识点b3C9s,0.925,92.5,3,7,5,good
3b3b2319b0995f149ecc,g7R2j,知识点g7R2j,0.7186,71.86,5,18,15,good
3b3b2319b0995f149ecc,k4W1c,知识点k4W1c,0.7417,74.17,1,3,3,good
3b3b2319b0995f149ecc,m3D1v,知识点m3D1v,0.7681,76.81,12,56,34,good
3b3b2319b0995f149ecc,r8S3g,知识点r8S3g,0.875,87.5,5,11,6,good
3b3b2319b0995f149ecc,s8Y2f,知识点s8Y2f,0.7453,74.53,1,3,3,good
3b3b2319b0995f149ecc,t5V9e,知识点t5V9e,0.8914,89.14,5,9,9,good
3b3b2319b0995f149ecc,y9W5d,知识点y9W5d,0.67,67.0,11,74,33,good
3313c40ea45a87f9d2e7,b3C9s,知识点b3C9s,0.8907,89.07,3,4,3,good
3313c40ea45a87f9d2e7,g7R2j,知识点g7R2j,0.9432,94.32,5,15,15,good
3313c40ea45a87f9d2e7,k4W1c,知识点k4W1c,0.9989,99.89,1,1,1,good
3313c40ea45a87f9d2e7,m3D1v,知识点m3D1v,0.9113,91.13,12,28,25,good
3313c40ea45a87f9d2e7,r8S3g,知识点r8S3g,0.9551,95.51,5,9,9,good
3313c40ea45a87f9d2e7,s8Y2f,知识点s8Y2f,0.9987,99.87,1,1,1,good
3313c40ea45a87f9d2e7,t5V9e,知识点t5V9e,0.8733,87.33,5,13,9,good
3313c40ea45a87f9d2e7,y9W5d,知识点y9W5d,0.9039,90.39,11,27,25,good
81931021ce711e124d0b,b3C9s,知识点b3C9s,0.93,93.0,3,14,11,good
81931021ce711e124d0b,g7R2j,知识点g7R2j,0.8776,87.76,5,27,23,good
81931021ce711e124d0b,k4W1c,知识点k4W1c,0.6156,61.56,1,5,1,good
81931021ce711e124d0b,m3D1v,知识点m3D1v,0.8458,84.58,12,61,42,good
81931021ce711e124d0b,r8S3g,知识点r8S3g,0.8583,85.83,5,29,8,good
81931021ce711e124d0b,s8Y2f,知识点s8Y2f,0.5988,59.88,1,19,15,medium
81931021ce711e124d0b,t5V9e,知识点t5V9e,0.8177,81.77,5,47,31,good
81931021ce711e124d0b,y9W5d,知识点y9W5d,0.7364,73.64,11,140,105,good
9294393fcd13593bc537,b3C9s,知识点b3C9s,0.8533,85.33,3,6,5,good
9294393fcd13593bc537,g7R2j,知识点g7R2j,0.9481,94.81,5,10,10,good
9294393fcd13593bc537,k4W1c,知识点k4W1c,0.9625,96.25,1,3,3,good
9294393fcd13593bc537,m3D1v,知识点m3D1v,0.8064,80.64,12,36,27,good
9294393fcd13593bc537,r8S3g,知识点r8S3g,0.8008,80.08,5,34,11,good
9294393fcd13593bc537,s8Y2f,知识点s8Y2f,0.7478,74.78,1,3,1,good
9294393fcd13593bc537,t5V9e,知识点t5V9e,0.8721,87.21,5,21,13,good
9294393fcd13593bc537,y9W5d,知识点y9W5d,0.8124,81.24,11,43,32,good
31741464205aa8cdb4f5,b3C9s,知识点b3C9s,0.8472,84.72,3,12,11,good
31741464205aa8cdb4f5,g7R2j,知识点g7R2j,0.857,85.7,5,21,20,good
31741464205aa8cdb4f5,k4W1c,知识点k4W1c,0.701,70.1,1,1,1,good
31741464205aa8cdb4f5,m3D1v,知识点m3D1v,0.8759,87.59,12,28,20,good
31741464205aa8cdb4f5,r8S3g,知识点r8S3g,0.908,90.8,5,8,6,good
31741464205aa8cdb4f5,s8Y2f,知识点s8Y2f,0.6335,63.35,1,3,1,good
31741464205aa8cdb4f5,t5V9e,知识点t5V9e,0.8425,84.25,5,24,18,good
31741464205aa8cdb4f5,y9W5d,知识点y9W5d,0.8197,81.97,11,37,30,good
c63d5a67687762a9f967,b3C9s,知识点b3C9s,0.9425,94.25,3,5,5,good
c63d5a67687762a9f967,g7R2j,知识点g7R2j,0.9211,92.11,5,24,20,good
c63d5a67687762a9f967,k4W1c,知识点k4W1c,0.7122,71.22,1,6,3,good
c63d5a67687762a9f967,m3D1v,知识点m3D1v,0.9208,92.08,12,21,18,good
c63d5a67687762a9f967,r8S3g,知识点r8S3g,0.7851,78.51,5,21,14,good
c63d5a67687762a9f967,s8Y2f,知识点s8Y2f,0.6495,64.95,1,11,1,good
c63d5a67687762a9f967,t5V9e,知识点t5V9e,0.8749,87.49,5,10,6,good
c63d5a67687762a9f967,y9W5d,知识点y9W5d,0.7981,79.81,11,58,36,good
ad29c5822807dabe497c,b3C9s,知识点b3C9s,0.7861,78.61,3,17,8,good
ad29c5822807dabe497c,g7R2j,知识点g7R2j,0.8569,85.69,5,15,6,good
ad29c5822807dabe497c,k4W1c,知识点k4W1c,0.9968,99.68,1,2,2,good
ad29c5822807dabe497c,m3D1v,知识点m3D1v,0.8507,85.07,12,56,27,good
ad29c5822807dabe497c,r8S3g,知识点r8S3g,0.9462,94.62,5,6,6,good
ad29c5822807dabe497c,s8Y2f,知识点s8Y2f,0.6189,61.89,1,20,1,good
ad29c5822807dabe497c,t5V9e,知识点t5V9e,0.7366,73.66,5,86,41,good
ad29c5822807dabe497c,y9W5d,知识点y9W5d,0.8176,81.76,11,52,25,good
6fefd33cf297f69bcae3,b3C9s,知识点b3C9s,0.9982,99.82,3,3,3,good
6fefd33cf297f69bcae3,g7R2j,知识点g7R2j,0.8422,84.22,5,35,33,good
6fefd33cf297f69bcae3,k4W1c,知识点k4W1c,0.6552,65.52,1,3,3,good
6fefd33cf297f69bcae3,m3D1v,知识点m3D1v,0.7928,79.28,12,37,33,good
6fefd33cf297f69bcae3,r8S3g,知识点r8S3g,0.746,74.6,5,73,6,good
6fefd33cf297f69bcae3,s8Y2f,知识点s8Y2f,0.5569,55.69,1,9,4,medium
6fefd33cf297f69bcae3,t5V9e,知识点t5V9e,0.7782,77.82,5,29,11,good
6fefd33cf297f69bcae3,y9W5d,知识点y9W5d,0.704,70.4,11,109,90,good
17dda5f588bed077c742,b3C9s,知识点b3C9s,0.8232,82.32,3,7,6,good
17dda5f588bed077c742,g7R2j,知识点g7R2j,0.8297,82.97,5,23,16,good
17dda5f588bed077c742,k4W1c,知识点k4W1c,0.9986,99.86,1,2,2,good
17dda5f588bed077c742,m3D1v,知识点m3D1v,0.875,87.5,12,67,52,good
17dda5f588bed077c742,r8S3g,知识点r8S3g,0.7412,74.12,5,67,15,good
17dda5f588bed077c742,s8Y2f,知识点s8Y2f,0.9983,99.83,1,2,2,good
17dda5f588bed077c742,t5V9e,知识点t5V9e,0.8483,84.83,5,25,23,good
17dda5f588bed077c742,y9W5d,知识点y9W5d,0.8676,86.76,11,71,53,good
6d90c2fd38f2ea52ffd8,b3C9s,知识点b3C9s,0.8439,84.39,3,9,6,good
6d90c2fd38f2ea52ffd8,g7R2j,知识点g7R2j,0.758,75.8,5,22,18,good
6d90c2fd38f2ea52ffd8,k4W1c,知识点k4W1c,0.6591,65.91,1,4,3,good
6d90c2fd38f2ea52ffd8,m3D1v,知识点m3D1v,0.9322,93.22,12,15,14,good
6d90c2fd38f2ea52ffd8,r8S3g,知识点r8S3g,0.8738,87.38,5,26,21,good
6d90c2fd38f2ea52ffd8,s8Y2f,知识点s8Y2f,0.9014,90.14,1,13,11,good
6d90c2fd38f2ea52ffd8,t5V9e,知识点t5V9e,0.9714,97.14,5,9,8,good
6d90c2fd38f2ea52ffd8,y9W5d,知识点y9W5d,0.8677,86.77,11,30,26,good
fcf6463f948b24ac7cd8,b3C9s,知识点b3C9s,0.9198,91.98,3,6,3,good
fcf6463f948b24ac7cd8,g7R2j,知识点g7R2j,0.9427,94.27,5,5,5,good
fcf6463f948b24ac7cd8,k4W1c,知识点k4W1c,0.7016,70.16,1,2,1,good
fcf6463f948b24ac7cd8,m3D1v,知识点m3D1v,0.895,89.5,12,38,28,good
fcf6463f948b24ac7cd8,r8S3g,知识点r8S3g,0.8971,89.71,5,8,6,good
fcf6463f948b24ac7cd8,s8Y2f,知识点s8Y2f,0.996,99.6,1,1,1,good
fcf6463f948b24ac7cd8,t5V9e,知识点t5V9e,0.9415,94.15,5,8,7,good
fcf6463f948b24ac7cd8,y9W5d,知识点y9W5d,0.8408,84.08,11,44,30,good
d1df92e9d19fb2f22ebb,b3C9s,知识点b3C9s,0.9249,92.49,3,8,8,good
d1df92e9d19fb2f22ebb,g7R2j,知识点g7R2j,0.8095,80.95,5,35,27,good
d1df92e9d19fb2f22ebb,k4W1c,知识点k4W1c,0.7079,70.79,1,45,39,good
d1df92e9d19fb2f22ebb,m3D1v,知识点m3D1v,0.7765,77.65,12,57,29,good
d1df92e9d19fb2f22ebb,r8S3g,知识点r8S3g,0.717,71.7,5,43,8,good
d1df92e9d19fb2f22ebb,s8Y2f,知识点s8Y2f,0.948,94.8,1,4,4,good
d1df92e9d19fb2f22ebb,t5V9e,知识点t5V9e,0.7012,70.12,5,61,29,good
d1df92e9d19fb2f22ebb,y9W5d,知识点y9W5d,0.8215,82.15,11,107,84,good
72d383f55803c5a81bd6,b3C9s,知识点b3C9s,0.8839,88.39,3,14,13,good
72d383f55803c5a81bd6,g7R2j,知识点g7R2j,0.8687,86.87,5,36,36,good
72d383f55803c5a81bd6,k4W1c,知识点k4W1c,0.6931,69.31,1,1,1,good
72d383f55803c5a81bd6,m3D1v,知识点m3D1v,0.8661,86.61,12,47,41,good
72d383f55803c5a81bd6,r8S3g,知识点r8S3g,0.8609,86.09,5,15,9,good
72d383f55803c5a81bd6,s8Y2f,知识点s8Y2f,0.7775,77.75,1,4,2,good
72d383f55803c5a81bd6,t5V9e,知识点t5V9e,0.8415,84.15,5,28,26,good
72d383f55803c5a81bd6,y9W5d,知识点y9W5d,0.8864,88.64,11,39,34,good
c20c86d30d19b39745e2,b3C9s,知识点b3C9s,0.8032,80.32,3,13,5,good
c20c86d30d19b39745e2,g7R2j,知识点g7R2j,0.7626,76.26,5,30,25,good
c20c86d30d19b39745e2,k4W1c,知识点k4W1c,0.6769,67.69,1,4,2,good
c20c86d30d19b39745e2,m3D1v,知识点m3D1v,0.8857,88.57,12,23,16,good
c20c86d30d19b39745e2,r8S3g,知识点r8S3g,0.8961,89.61,5,8,6,good
c20c86d30d19b39745e2,s8Y2f,知识点s8Y2f,0.7294,72.94,1,2,1,good
c20c86d30d19b39745e2,t5V9e,知识点t5V9e,0.9002,90.02,5,14,13,good
c20c86d30d19b39745e2,y9W5d,知识点y9W5d,0.7805,78.05,11,35,22,good
f26c1d520ac39293c68a,b3C9s,知识点b3C9s,0.9978,99.78,3,4,4,good
f26c1d520ac39293c68a,g7R2j,知识点g7R2j,0.956,95.6,5,12,11,good
f26c1d520ac39293c68a,k4W1c,知识点k4W1c,0.6561,65.61,1,14,12,good
f26c1d520ac39293c68a,m3D1v,知识点m3D1v,0.744,74.4,12,103,57,good
f26c1d520ac39293c68a,r8S3g,知识点r8S3g,0.7598,75.98,5,26,9,good
f26c1d520ac39293c68a,s8Y2f,知识点s8Y2f,0.5922,59.22,1,9,4,medium
f26c1d520ac39293c68a,t5V9e,知识点t5V9e,0.691,69.1,5,58,9,good
f26c1d520ac39293c68a,y9W5d,知识点y9W5d,0.6788,67.88,11,96,61,good
bc48d03763657ec4aa63,b3C9s,知识点b3C9s,0.9979,99.79,3,3,3,good
bc48d03763657ec4aa63,g7R2j,知识点g7R2j,0.7197,71.97,5,55,41,good
bc48d03763657ec4aa63,k4W1c,知识点k4W1c,0.781,78.1,1,2,2,good
bc48d03763657ec4aa63,m3D1v,知识点m3D1v,0.8522,85.22,12,68,48,good
bc48d03763657ec4aa63,r8S3g,知识点r8S3g,0.8727,87.27,5,11,7,good
bc48d03763657ec4aa63,s8Y2f,知识点s8Y2f,0.9983,99.83,1,1,1,good
bc48d03763657ec4aa63,t5V9e,知识点t5V9e,0.7974,79.74,5,15,10,good
bc48d03763657ec4aa63,y9W5d,知识点y9W5d,0.7813,78.13,11,98,68,good
09e4bfadd7e012c37c7c,b3C9s,知识点b3C9s,0.7809,78.09,3,6,3,good
09e4bfadd7e012c37c7c,g7R2j,知识点g7R2j,0.8385,83.85,5,7,5,good
09e4bfadd7e012c37c7c,k4W1c,知识点k4W1c,0.998,99.8,1,1,1,good
09e4bfadd7e012c37c7c,m3D1v,知识点m3D1v,0.8096,80.96,12,37,27,good
09e4bfadd7e012c37c7c,r8S3g,知识点r8S3g,0.9986,99.86,5,11,11,good
09e4bfadd7e012c37c7c,s8Y2f,知识点s8Y2f,0.6573,65.73,1,4,2,good
09e4bfadd7e012c37c7c,t5V9e,知识点t5V9e,0.7748,77.48,5,22,22,good
09e4bfadd7e012c37c7c,y9W5d,知识点y9W5d,0.8333,83.33,11,34,18,good
fc39de3859d890b9693d,b3C9s,知识点b3C9s,0.737,73.7,3,8,4,good
fc39de3859d890b9693d,g7R2j,知识点g7R2j,0.7001,70.01,5,19,14,good
fc39de3859d890b9693d,k4W1c,知识点k4W1c,0.5803,58.03,1,13,2,medium
fc39de3859d890b9693d,m3D1v,知识点m3D1v,0.7844,78.44,12,53,18,good
fc39de3859d890b9693d,r8S3g,知识点r8S3g,0.9613,96.13,5,6,6,good
fc39de3859d890b9693d,s8Y2f,知识点s8Y2f,0.6413,64.13,1,3,1,good
fc39de3859d890b9693d,t5V9e,知识点t5V9e,0.9289,92.89,5,12,9,good
fc39de3859d890b9693d,y9W5d,知识点y9W5d,0.721,72.1,11,54,33,good
a94a32ebd5f7d177053a,b3C9s,知识点b3C9s,0.9988,99.88,3,3,3,good
a94a32ebd5f7d177053a,g7R2j,知识点g7R2j,0.9987,99.87,5,5,5,good
a94a32ebd5f7d177053a,k4W1c,知识点k4W1c,0.5962,59.62,1,10,2,medium
a94a32ebd5f7d177053a,m3D1v,知识点m3D1v,0.8216,82.16,12,68,32,good
a94a32ebd5f7d177053a,r8S3g,知识点r8S3g,0.8314,83.14,5,23,8,good
a94a32ebd5f7d177053a,s8Y2f,知识点s8Y2f,0.7071,70.71,1,11,8,good
a94a32ebd5f7d177053a,t5V9e,知识点t5V9e,0.9035,90.35,5,8,7,good
a94a32ebd5f7d177053a,y9W5d,知识点y9W5d,0.7528,75.28,11,75,36,good
9b43f5fcb5d592a689af,b3C9s,知识点b3C9s,0.8723,87.23,3,5,3,good
9b43f5fcb5d592a689af,g7R2j,知识点g7R2j,0.8564,85.64,5,10,7,good
9b43f5fcb5d592a689af,k4W1c,知识点k4W1c,0.897,89.7,1,3,3,good
9b43f5fcb5d592a689af,m3D1v,知识点m3D1v,0.7873,78.73,12,45,21,good
9b43f5fcb5d592a689af,r8S3g,知识点r8S3g,0.8211,82.11,5,14,6,good
9b43f5fcb5d592a689af,s8Y2f,知识点s8Y2f,0.7605,76.05,1,2,2,good
9b43f5fcb5d592a689af,t5V9e,知识点t5V9e,0.9263,92.63,5,29,26,good
9b43f5fcb5d592a689af,y9W5d,知识点y9W5d,0.8229,82.29,11,47,32,good
b26aab632fd33a01020a,b3C9s,知识点b3C9s,0.8044,80.44,3,6,5,good
b26aab632fd33a01020a,g7R2j,知识点g7R2j,0.8401,84.01,5,27,23,good
b26aab632fd33a01020a,k4W1c,知识点k4W1c,0.995,99.5,1,1,1,good
b26aab632fd33a01020a,m3D1v,知识点m3D1v,0.9076,90.76,12,25,20,good
b26aab632fd33a01020a,r8S3g,知识点r8S3g,0.8366,83.66,5,12,6,good
b26aab632fd33a01020a,s8Y2f,知识点s8Y2f,0.8141,81.41,1,2,1,good
b26aab632fd33a01020a,t5V9e,知识点t5V9e,0.8717,87.17,5,10,8,good
b26aab632fd33a01020a,y9W5d,知识点y9W5d,0.9257,92.57,11,37,34,good
074d7f43de7264306775,b3C9s,知识点b3C9s,0.9981,99.81,3,3,3,good
074d7f43de7264306775,g7R2j,知识点g7R2j,0.726,72.6,5,17,3,good
074d7f43de7264306775,k4W1c,知识点k4W1c,0.9982,99.82,1,1,1,good
074d7f43de7264306775,m3D1v,知识点m3D1v,0.7862,78.62,12,47,19,good
074d7f43de7264306775,r8S3g,知识点r8S3g,0.7037,70.37,5,65,6,good
074d7f43de7264306775,s8Y2f,知识点s8Y2f,0.8135,81.35,1,2,1,good
074d7f43de7264306775,t5V9e,知识点t5V9e,0.7775,77.75,5,33,6,good
074d7f43de7264306775,y9W5d,知识点y9W5d,0.8762,87.62,11,18,11,good
fabad359607dabbaaed4,b3C9s,知识点b3C9s,0.9729,97.29,3,9,9,good
fabad359607dabbaaed4,g7R2j,知识点g7R2j,0.8531,85.31,5,18,18,good
fabad359607dabbaaed4,k4W1c,知识点k4W1c,0.9988,99.88,1,1,1,good
fabad359607dabbaaed4,m3D1v,知识点m3D1v,0.9254,92.54,12,26,24,good
fabad359607dabbaaed4,r8S3g,知识点r8S3g,0.8361,83.61,5,11,6,good
fabad359607dabbaaed4,s8Y2f,知识点s8Y2f,0.7356,73.56,1,8,8,good
fabad359607dabbaaed4,t5V9e,知识点t5V9e,0.8765,87.65,5,16,12,good
fabad359607dabbaaed4,y9W5d,知识点y9W5d,0.8613,86.13,11,29,25,good
d6d6e7da792fdf0106f0,b3C9s,知识点b3C9s,0.9986,99.86,3,3,3,good
d6d6e7da792fdf0106f0,g7R2j,知识点g7R2j,0.8021,80.21,5,7,7,good
d6d6e7da792fdf0106f0,k4W1c,知识点k4W1c,0.761,76.1,1,3,1,good
d6d6e7da792fdf0106f0,m3D1v,知识点m3D1v,0.9139,91.39,12,21,12,good
d6d6e7da792fdf0106f0,r8S3g,知识点r8S3g,0.7184,71.84,5,44,7,good
d6d6e7da792fdf0106f0,s8Y2f,知识点s8Y2f,0.9977,99.77,1,1,1,good
d6d6e7da792fdf0106f0,t5V9e,知识点t5V9e,0.9179,91.79,5,9,9,good
d6d6e7da792fdf0106f0,y9W5d,知识点y9W5d,0.8659,86.59,11,26,19,good
e6b9a4292b6a8e8e0ef0,b3C9s,知识点b3C9s,0.9976,99.76,3,3,3,good
e6b9a4292b6a8e8e0ef0,g7R2j,知识点g7R2j,0.9199,91.99,5,6,6,good
e6b9a4292b6a8e8e0ef0,k4W1c,知识点k4W1c,0.997,99.7,1,1,1,good
e6b9a4292b6a8e8e0ef0,m3D1v,知识点m3D1v,0.9826,98.26,12,13,12,good
e6b9a4292b6a8e8e0ef0,r8S3g,知识点r8S3g,0.8775,87.75,5,10,6,good
e6b9a4292b6a8e8e0ef0,s8Y2f,知识点s8Y2f,0.9944,99.44,1,1,1,good
e6b9a4292b6a8e8e0ef0,t5V9e,知识点t5V9e,0.9508,95.08,5,7,5,good
e6b9a4292b6a8e8e0ef0,y9W5d,知识点y9W5d,0.9954,99.54,11,13,13,good
9493dac6dc982d2b3dbe,b3C9s,知识点b3C9s,0.7831,78.31,3,9,5,good
9493dac6dc982d2b3dbe,g7R2j,知识点g7R2j,0.7428,74.28,5,57,34,good
9493dac6dc982d2b3dbe,k4W1c,知识点k4W1c,0.6995,69.95,1,1,1,good
9493dac6dc982d2b3dbe,m3D1v,知识点m3D1v,0.6686,66.86,12,85,32,good
9493dac6dc982d2b3dbe,r8S3g,知识点r8S3g,0.6418,64.18,5,80,7,good
9493dac6dc982d2b3dbe,s8Y2f,知识点s8Y2f,0.7811,78.11,1,4,4,good
9493dac6dc982d2b3dbe,t5V9e,知识点t5V9e,0.7136,71.36,5,40,18,good
9493dac6dc982d2b3dbe,y9W5d,知识点y9W5d,0.7195,71.95,11,53,29,good
9104b8987aefa9d8e884,b3C9s,知识点b3C9s,0.8031,80.31,3,13,7,good
9104b8987aefa9d8e884,g7R2j,知识点g7R2j,0.7631,76.31,5,18,10,good
9104b8987aefa9d8e884,k4W1c,知识点k4W1c,0.7807,78.07,1,2,2,good
9104b8987aefa9d8e884,m3D1v,知识点m3D1v,0.8923,89.23,12,23,15,good
9104b8987aefa9d8e884,r8S3g,知识点r8S3g,0.9465,94.65,5,9,6,good
9104b8987aefa9d8e884,s8Y2f,知识点s8Y2f,0.7363,73.63,1,9,4,good
9104b8987aefa9d8e884,t5V9e,知识点t5V9e,0.9776,97.76,5,7,7,good
9104b8987aefa9d8e884,y9W5d,知识点y9W5d,0.9186,91.86,11,22,17,good
7ec5fc60b1ce755e0e17,b3C9s,知识点b3C9s,0.7267,72.67,3,19,11,good
7ec5fc60b1ce755e0e17,g7R2j,知识点g7R2j,0.8028,80.28,5,43,31,good
7ec5fc60b1ce755e0e17,k4W1c,知识点k4W1c,0.6666,66.66,1,4,1,good
7ec5fc60b1ce755e0e17,m3D1v,知识点m3D1v,0.7975,79.75,12,84,61,good
7ec5fc60b1ce755e0e17,r8S3g,知识点r8S3g,0.9055,90.55,5,14,12,good
7ec5fc60b1ce755e0e17,s8Y2f,知识点s8Y2f,0.8751,87.51,1,5,5,good
7ec5fc60b1ce755e0e17,t5V9e,知识点t5V9e,0.7975,79.75,5,59,34,good
7ec5fc60b1ce755e0e17,y9W5d,知识点y9W5d,0.8032,80.32,11,61,47,good
24ca7714d40e2fe53821,b3C9s,知识点b3C9s,0.5989,59.89,2,2,2,medium
24ca7714d40e2fe53821,g7R2j,知识点g7R2j,0.868,86.8,4,6,4,good
24ca7714d40e2fe53821,k4W1c,知识点k4W1c,0.7802,78.02,1,5,5,good
24ca7714d40e2fe53821,m3D1v,知识点m3D1v,0.8853,88.53,12,40,21,good
24ca7714d40e2fe53821,r8S3g,知识点r8S3g,0.8317,83.17,5,23,6,good
24ca7714d40e2fe53821,s8Y2f,知识点s8Y2f,0.7261,72.61,1,8,8,good
24ca7714d40e2fe53821,t5V9e,知识点t5V9e,0.895,89.5,5,10,6,good
24ca7714d40e2fe53821,y9W5d,知识点y9W5d,0.8331,83.31,11,52,38,good
16c505069c1e5c2bece5,b3C9s,知识点b3C9s,0.9973,99.73,3,3,3,good
16c505069c1e5c2bece5,g7R2j,知识点g7R2j,0.9405,94.05,5,15,15,good
16c505069c1e5c2bece5,k4W1c,知识点k4W1c,0.9465,94.65,1,2,2,good
16c505069c1e5c2bece5,m3D1v,知识点m3D1v,0.9936,99.36,12,13,13,good
16c505069c1e5c2bece5,r8S3g,知识点r8S3g,0.9981,99.81,5,6,6,good
16c505069c1e5c2bece5,s8Y2f,知识点s8Y2f,0.9981,99.81,1,1,1,good
16c505069c1e5c2bece5,t5V9e,知识点t5V9e,0.9088,90.88,5,9,8,good
16c505069c1e5c2bece5,y9W5d,知识点y9W5d,0.964,96.4,11,15,14,good
69a4b3d15a5bf0d0e43e,b3C9s,知识点b3C9s,0.9989,99.89,3,3,3,good
69a4b3d15a5bf0d0e43e,g7R2j,知识点g7R2j,0.7688,76.88,5,10,2,good
69a4b3d15a5bf0d0e43e,k4W1c,知识点k4W1c,0.5599,55.99,1,5,0,medium
69a4b3d15a5bf0d0e43e,m3D1v,知识点m3D1v,0.8182,81.82,11,47,18,good
69a4b3d15a5bf0d0e43e,r8S3g,知识点r8S3g,0.7526,75.26,5,59,7,good
69a4b3d15a5bf0d0e43e,s8Y2f,知识点s8Y2f,0.9977,99.77,1,1,1,good
69a4b3d15a5bf0d0e43e,t5V9e,知识点t5V9e,0.755,75.5,5,39,9,good
69a4b3d15a5bf0d0e43e,y9W5d,知识点y9W5d,0.83,83.0,11,40,15,good
6abeead45fd57abadaff,b3C9s,知识点b3C9s,0.9936,99.36,3,3,3,good
6abeead45fd57abadaff,g7R2j,知识点g7R2j,0.993,99.3,5,6,6,good
6abeead45fd57abadaff,k4W1c,知识点k4W1c,0.9972,99.72,1,1,1,good
6abeead45fd57abadaff,m3D1v,知识点m3D1v,0.8029,80.29,12,45,19,good
6abeead45fd57abadaff,r8S3g,知识点r8S3g,0.76,76.0,5,23,9,good
6abeead45fd57abadaff,s8Y2f,知识点s8Y2f,0.9811,98.11,1,1,1,good
6abeead45fd57abadaff,t5V9e,知识点t5V9e,0.7734,77.34,5,38,19,good
6abeead45fd57abadaff,y9W5d,知识点y9W5d,0.9646,96.46,11,14,11,good
5e89fad73b2ada2a30bf,b3C9s,知识点b3C9s,0.9986,99.86,3,3,3,good
5e89fad73b2ada2a30bf,g7R2j,知识点g7R2j,0.9984,99.84,5,6,6,good
5e89fad73b2ada2a30bf,k4W1c,知识点k4W1c,0.6654,66.54,1,2,2,good
5e89fad73b2ada2a30bf,m3D1v,知识点m3D1v,0.9302,93.02,12,23,19,good
5e89fad73b2ada2a30bf,r8S3g,知识点r8S3g,0.8061,80.61,5,38,6,good
5e89fad73b2ada2a30bf,s8Y2f,知识点s8Y2f,0.9916,99.16,1,1,1,good
5e89fad73b2ada2a30bf,t5V9e,知识点t5V9e,0.7629,76.29,5,32,24,good
5e89fad73b2ada2a30bf,y9W5d,知识点y9W5d,0.8874,88.74,11,27,14,good
94066a900026329cd5cd,b3C9s,知识点b3C9s,0.7138,71.38,3,12,4,good
94066a900026329cd5cd,g7R2j,知识点g7R2j,0.7894,78.94,5,44,39,good
94066a900026329cd5cd,k4W1c,知识点k4W1c,0.8963,89.63,1,2,2,good
94066a900026329cd5cd,m3D1v,知识点m3D1v,0.8129,81.29,12,43,26,good
94066a900026329cd5cd,r8S3g,知识点r8S3g,0.6905,69.05,5,24,7,good
94066a900026329cd5cd,s8Y2f,知识点s8Y2f,0.6647,66.47,1,8,7,good
94066a900026329cd5cd,t5V9e,知识点t5V9e,0.8361,83.61,5,29,25,good
94066a900026329cd5cd,y9W5d,知识点y9W5d,0.7743,77.43,11,61,51,good
0bb8692f43a372e8d967,b3C9s,知识点b3C9s,0.8961,89.61,3,3,3,good
0bb8692f43a372e8d967,g7R2j,知识点g7R2j,0.8493,84.93,5,7,6,good
0bb8692f43a372e8d967,k4W1c,知识点k4W1c,0.6262,62.62,1,2,1,good
0bb8692f43a372e8d967,m3D1v,知识点m3D1v,0.8979,89.79,12,38,23,good
0bb8692f43a372e8d967,r8S3g,知识点r8S3g,0.8428,84.28,5,25,14,good
0bb8692f43a372e8d967,s8Y2f,知识点s8Y2f,0.998,99.8,1,1,1,good
0bb8692f43a372e8d967,t5V9e,知识点t5V9e,0.9245,92.45,5,8,7,good
0bb8692f43a372e8d967,y9W5d,知识点y9W5d,0.8415,84.15,11,24,13,good
e224221a9971f9f45489,b3C9s,知识点b3C9s,0.8074,80.74,3,11,7,good
e224221a9971f9f45489,g7R2j,知识点g7R2j,0.7748,77.48,5,36,32,good
e224221a9971f9f45489,k4W1c,知识点k4W1c,0.8971,89.71,1,2,2,good
e224221a9971f9f45489,m3D1v,知识点m3D1v,0.8765,87.65,12,31,26,good
e224221a9971f9f45489,r8S3g,知识点r8S3g,0.8036,80.36,5,16,6,good
e224221a9971f9f45489,s8Y2f,知识点s8Y2f,0.6603,66.03,1,10,2,good
e224221a9971f9f45489,t5V9e,知识点t5V9e,0.8561,85.61,5,30,24,good
e224221a9971f9f45489,y9W5d,知识点y9W5d,0.8772,87.72,11,58,43,good
c42aff1f9940e24491cc,b3C9s,知识点b3C9s,0.9979,99.79,3,3,3,good
c42aff1f9940e24491cc,g7R2j,知识点g7R2j,0.7571,75.71,5,24,12,good
c42aff1f9940e24491cc,k4W1c,知识点k4W1c,0.9987,99.87,1,1,1,good
c42aff1f9940e24491cc,m3D1v,知识点m3D1v,0.9147,91.47,12,23,19,good
c42aff1f9940e24491cc,r8S3g,知识点r8S3g,0.962,96.2,5,9,7,good
c42aff1f9940e24491cc,s8Y2f,知识点s8Y2f,0.6861,68.61,1,2,1,good
c42aff1f9940e24491cc,t5V9e,知识点t5V9e,0.9176,91.76,5,8,8,good
c42aff1f9940e24491cc,y9W5d,知识点y9W5d,0.8885,88.85,11,28,24,good
a34fbbb7d9a19eb82450,b3C9s,知识点b3C9s,0.7488,74.88,3,6,4,good
a34fbbb7d9a19eb82450,g7R2j,知识点g7R2j,0.8087,80.87,5,13,12,good
a34fbbb7d9a19eb82450,k4W1c,知识点k4W1c,0.8634,86.34,1,2,2,good
a34fbbb7d9a19eb82450,m3D1v,知识点m3D1v,0.8709,87.09,12,28,22,good
a34fbbb7d9a19eb82450,r8S3g,知识点r8S3g,0.8587,85.87,5,15,6,good
a34fbbb7d9a19eb82450,s8Y2f,知识点s8Y2f,0.9982,99.82,1,1,1,good
a34fbbb7d9a19eb82450,t5V9e,知识点t5V9e,0.9139,91.39,5,7,7,good
a34fbbb7d9a19eb82450,y9W5d,知识点y9W5d,0.8558,85.58,11,41,31,good
3c71b62d597098c4cd18,b3C9s,知识点b3C9s,0.9985,99.85,3,4,4,good
3c71b62d597098c4cd18,g7R2j,知识点g7R2j,0.8327,83.27,5,7,5,good
3c71b62d597098c4cd18,k4W1c,知识点k4W1c,0.9987,99.87,1,1,1,good
3c71b62d597098c4cd18,m3D1v,知识点m3D1v,0.9078,90.78,12,21,15,good
3c71b62d597098c4cd18,r8S3g,知识点r8S3g,0.8837,88.37,5,17,6,good
3c71b62d597098c4cd18,s8Y2f,知识点s8Y2f,0.82,82.0,1,5,4,good
3c71b62d597098c4cd18,t5V9e,知识点t5V9e,0.8646,86.46,5,16,9,good
3c71b62d597098c4cd18,y9W5d,知识点y9W5d,0.8454,84.54,11,30,19,good
43d34a076620e32fedfa,b3C9s,知识点b3C9s,0.9093,90.93,3,6,3,good
43d34a076620e32fedfa,g7R2j,知识点g7R2j,0.7865,78.65,5,22,7,good
43d34a076620e32fedfa,k4W1c,知识点k4W1c,0.998,99.8,1,1,1,good
43d34a076620e32fedfa,m3D1v,知识点m3D1v,0.7609,76.09,12,68,26,good
43d34a076620e32fedfa,r8S3g,知识点r8S3g,0.8177,81.77,5,12,7,good
43d34a076620e32fedfa,s8Y2f,知识点s8Y2f,0.7213,72.13,1,5,3,good
43d34a076620e32fedfa,t5V9e,知识点t5V9e,0.7365,73.65,5,24,17,good
43d34a076620e32fedfa,y9W5d,知识点y9W5d,0.8,80.0,11,51,38,good
eec0307b4d47609d6933,b3C9s,知识点b3C9s,0.8098,80.98,3,8,3,good
eec0307b4d47609d6933,g7R2j,知识点g7R2j,0.8676,86.76,5,18,5,good
eec0307b4d47609d6933,k4W1c,知识点k4W1c,0.6709,67.09,1,12,2,good
eec0307b4d47609d6933,m3D1v,知识点m3D1v,0.7198,71.98,12,97,40,good
eec0307b4d47609d6933,r8S3g,知识点r8S3g,0.7549,75.49,5,26,6,good
eec0307b4d47609d6933,s8Y2f,知识点s8Y2f,0.7543,75.43,1,13,9,good
eec0307b4d47609d6933,t5V9e,知识点t5V9e,0.7435,74.35,5,55,33,good
eec0307b4d47609d6933,y9W5d,知识点y9W5d,0.6797,67.97,11,108,55,good
d45eea92ed42431d9076,b3C9s,知识点b3C9s,0.9984,99.84,3,3,3,good
d45eea92ed42431d9076,g7R2j,知识点g7R2j,0.9608,96.08,5,5,5,good
d45eea92ed42431d9076,k4W1c,知识点k4W1c,0.9982,99.82,1,1,1,good
d45eea92ed42431d9076,m3D1v,知识点m3D1v,0.9251,92.51,12,21,18,good
d45eea92ed42431d9076,r8S3g,知识点r8S3g,0.907,90.7,5,12,7,good
d45eea92ed42431d9076,s8Y2f,知识点s8Y2f,0.6748,67.48,1,4,1,good
d45eea92ed42431d9076,t5V9e,知识点t5V9e,0.8515,85.15,5,12,9,good
d45eea92ed42431d9076,y9W5d,知识点y9W5d,0.9318,93.18,11,23,17,good
fe5cf715d9c94fc7779e,b3C9s,知识点b3C9s,0.9242,92.42,3,4,3,good
fe5cf715d9c94fc7779e,g7R2j,知识点g7R2j,0.9352,93.52,5,15,14,good
fe5cf715d9c94fc7779e,k4W1c,知识点k4W1c,0.7353,73.53,1,1,1,good
fe5cf715d9c94fc7779e,m3D1v,知识点m3D1v,0.9301,93.01,12,17,15,good
fe5cf715d9c94fc7779e,r8S3g,知识点r8S3g,0.9042,90.42,5,6,6,good
fe5cf715d9c94fc7779e,s8Y2f,知识点s8Y2f,0.686,68.6,1,2,1,good
fe5cf715d9c94fc7779e,t5V9e,知识点t5V9e,0.9778,97.78,5,7,7,good
fe5cf715d9c94fc7779e,y9W5d,知识点y9W5d,0.8872,88.72,11,18,16,good
1f56b6bda24efafcf3a4,b3C9s,知识点b3C9s,0.9982,99.82,3,3,3,good
1f56b6bda24efafcf3a4,g7R2j,知识点g7R2j,0.9963,99.63,5,5,5,good
1f56b6bda24efafcf3a4,k4W1c,知识点k4W1c,0.6679,66.79,1,6,4,good
1f56b6bda24efafcf3a4,m3D1v,知识点m3D1v,0.8725,87.25,12,50,43,good
1f56b6bda24efafcf3a4,r8S3g,知识点r8S3g,0.7697,76.97,5,24,8,good
1f56b6bda24efafcf3a4,s8Y2f,知识点s8Y2f,0.7203,72.03,1,9,8,good
1f56b6bda24efafcf3a4,t5V9e,知识点t5V9e,0.8207,82.07,5,19,13,good
1f56b6bda24efafcf3a4,y9W5d,知识点y9W5d,0.7063,70.63,11,65,43,good
c682f6819dfbfc964bc7,b3C9s,知识点b3C9s,0.6803,68.03,3,14,6,good
c682f6819dfbfc964bc7,g7R2j,知识点g7R2j,0.7487,74.87,5,49,30,good
c682f6819dfbfc964bc7,k4W1c,知识点k4W1c,0.8139,81.39,1,1,1,good
c682f6819dfbfc964bc7,m3D1v,知识点m3D1v,0.8366,83.66,12,33,24,good
c682f6819dfbfc964bc7,r8S3g,知识点r8S3g,0.8832,88.32,5,9,6,good
c682f6819dfbfc964bc7,s8Y2f,知识点s8Y2f,0.7027,70.27,1,1,1,good
c682f6819dfbfc964bc7,t5V9e,知识点t5V9e,0.8257,82.57,5,13,9,good
c682f6819dfbfc964bc7,y9W5d,知识点y9W5d,0.7736,77.36,11,40,32,good
81e59e96ce9bd6a76bdb,b3C9s,知识点b3C9s,0.9338,93.38,3,5,4,good
81e59e96ce9bd6a76bdb,g7R2j,知识点g7R2j,0.832,83.2,5,26,21,good
81e59e96ce9bd6a76bdb,k4W1c,知识点k4W1c,0.8146,81.46,1,2,1,good
81e59e96ce9bd6a76bdb,m3D1v,知识点m3D1v,0.8108,81.08,12,33,19,good
81e59e96ce9bd6a76bdb,r8S3g,知识点r8S3g,0.935,93.5,5,17,6,good
81e59e96ce9bd6a76bdb,s8Y2f,知识点s8Y2f,0.6936,69.36,1,1,1,good
81e59e96ce9bd6a76bdb,t5V9e,知识点t5V9e,0.8701,87.01,5,9,6,good
81e59e96ce9bd6a76bdb,y9W5d,知识点y9W5d,0.8789,87.89,11,24,19,good
a96027a83196027cf822,b3C9s,知识点b3C9s,0.8093,80.93,3,14,12,good
a96027a83196027cf822,g7R2j,知识点g7R2j,0.7636,76.36,5,39,28,good
a96027a83196027cf822,k4W1c,知识点k4W1c,0.9304,93.04,1,3,3,good
a96027a83196027cf822,m3D1v,知识点m3D1v,0.8495,84.95,12,22,19,good
a96027a83196027cf822,r8S3g,知识点r8S3g,0.8802,88.02,5,8,6,good
a96027a83196027cf822,s8Y2f,知识点s8Y2f,0.6089,60.89,1,1,1,good
a96027a83196027cf822,t5V9e,知识点t5V9e,0.7875,78.75,5,11,7,good
a96027a83196027cf822,y9W5d,知识点y9W5d,0.8012,80.12,11,39,33,good
f964ee6bca634319a68f,b3C9s,知识点b3C9s,0.6415,64.15,3,4,3,good
f964ee6bca634319a68f,g7R2j,知识点g7R2j,0.785,78.5,5,65,48,good
f964ee6bca634319a68f,k4W1c,知识点k4W1c,0.7336,73.36,1,20,18,good
f964ee6bca634319a68f,m3D1v,知识点m3D1v,0.8011,80.11,12,43,30,good
f964ee6bca634319a68f,r8S3g,知识点r8S3g,0.9618,96.18,5,6,6,good
f964ee6bca634319a68f,s8Y2f,知识点s8Y2f,0.613,61.3,1,13,3,good
f964ee6bca634319a68f,t5V9e,知识点t5V9e,0.8146,81.46,5,9,9,good
f964ee6bca634319a68f,y9W5d,知识点y9W5d,0.7281,72.81,11,76,47,good
c35834f349db8ef7c591,b3C9s,知识点b3C9s,0.7103,71.03,3,9,6,good
c35834f349db8ef7c591,g7R2j,知识点g7R2j,0.7058,70.58,5,30,20,good
c35834f349db8ef7c591,k4W1c,知识点k4W1c,0.773,77.3,1,7,7,good
c35834f349db8ef7c591,m3D1v,知识点m3D1v,0.7766,77.66,12,46,29,good
c35834f349db8ef7c591,r8S3g,知识点r8S3g,0.7477,74.77,5,24,6,good
c35834f349db8ef7c591,s8Y2f,知识点s8Y2f,0.7772,77.72,1,5,5,good
c35834f349db8ef7c591,t5V9e,知识点t5V9e,0.7876,78.76,5,25,21,good
c35834f349db8ef7c591,y9W5d,知识点y9W5d,0.7446,74.46,11,89,70,good
7f91b4ad141d21887b79,b3C9s,知识点b3C9s,0.6642,66.42,3,24,9,good
7f91b4ad141d21887b79,g7R2j,知识点g7R2j,0.6895,68.95,5,24,9,good
7f91b4ad141d21887b79,k4W1c,知识点k4W1c,0.9987,99.87,1,1,1,good
7f91b4ad141d21887b79,m3D1v,知识点m3D1v,0.7658,76.58,12,35,20,good
7f91b4ad141d21887b79,r8S3g,知识点r8S3g,0.833,83.3,5,12,6,good
7f91b4ad141d21887b79,s8Y2f,知识点s8Y2f,0.8133,81.33,1,2,1,good
7f91b4ad141d21887b79,t5V9e,知识点t5V9e,0.7712,77.12,5,21,13,good
7f91b4ad141d21887b79,y9W5d,知识点y9W5d,0.7615,76.15,11,51,38,good
a11b89c60677835e450c,b3C9s,知识点b3C9s,0.9002,90.02,3,8,8,good
a11b89c60677835e450c,g7R2j,知识点g7R2j,0.827,82.7,5,15,14,good
a11b89c60677835e450c,k4W1c,知识点k4W1c,0.9466,94.66,1,2,2,good
a11b89c60677835e450c,m3D1v,知识点m3D1v,0.9026,90.26,12,32,28,good
a11b89c60677835e450c,r8S3g,知识点r8S3g,0.9078,90.78,5,8,6,good
a11b89c60677835e450c,s8Y2f,知识点s8Y2f,0.8626,86.26,1,3,3,good
a11b89c60677835e450c,t5V9e,知识点t5V9e,0.9719,97.19,5,7,7,good
a11b89c60677835e450c,y9W5d,知识点y9W5d,0.9487,94.87,11,34,32,good
lf5hmkicbiuolk7khwwb,b3C9s,知识点b3C9s,0.5683,56.83,1,2,2,medium
lf5hmkicbiuolk7khwwb,g7R2j,知识点g7R2j,0.777,77.7,5,19,13,good
lf5hmkicbiuolk7khwwb,k4W1c,知识点k4W1c,0.7038,70.38,1,3,1,good
lf5hmkicbiuolk7khwwb,m3D1v,知识点m3D1v,0.7209,72.09,10,37,22,good
lf5hmkicbiuolk7khwwb,r8S3g,知识点r8S3g,0.7389,73.89,5,18,8,good
lf5hmkicbiuolk7khwwb,s8Y2f,知识点s8Y2f,0.7137,71.37,1,1,1,good
lf5hmkicbiuolk7khwwb,t5V9e,知识点t5V9e,0.5732,57.32,4,16,9,medium
lf5hmkicbiuolk7khwwb,y9W5d,知识点y9W5d,0.7283,72.83,10,31,19,good
4ewf46mylf75olvvihqj,b3C9s,知识点b3C9s,0.8143,81.43,2,4,4,good
4ewf46mylf75olvvihqj,g7R2j,知识点g7R2j,0.7942,79.42,4,17,14,good
4ewf46mylf75olvvihqj,k4W1c,知识点k4W1c,0.6767,67.67,1,1,1,good
4ewf46mylf75olvvihqj,m3D1v,知识点m3D1v,0.6429,64.29,11,27,14,good
4ewf46mylf75olvvihqj,r8S3g,知识点r8S3g,0.729,72.9,4,8,4,good
4ewf46mylf75olvvihqj,s8Y2f,知识点s8Y2f,0.7696,76.96,1,4,3,good
4ewf46mylf75olvvihqj,t5V9e,知识点t5V9e,0.6236,62.36,4,14,7,good
4ewf46mylf75olvvihqj,y9W5d,知识点y9W5d,0.7535,75.35,11,29,21,good
u2rchqp6tof1bkr07izf,b3C9s,知识点b3C9s,0.8102,81.02,2,5,4,good
u2rchqp6tof1bkr07izf,g7R2j,知识点g7R2j,0.5385,53.85,4,10,6,medium
u2rchqp6tof1bkr07izf,k4W1c,知识点k4W1c,0.6263,62.63,1,2,0,good
u2rchqp6tof1bkr07izf,m3D1v,知识点m3D1v,0.7215,72.15,11,24,15,good
u2rchqp6tof1bkr07izf,r8S3g,知识点r8S3g,0.7299,72.99,5,14,6,good
u2rchqp6tof1bkr07izf,s8Y2f,知识点s8Y2f,0.7566,75.66,1,4,2,good
u2rchqp6tof1bkr07izf,t5V9e,知识点t5V9e,0.5912,59.12,4,19,10,medium
u2rchqp6tof1bkr07izf,y9W5d,知识点y9W5d,0.7505,75.05,11,30,21,good
nrv5a6tr3ya2iv3p5xpo,b3C9s,知识点b3C9s,0.892,89.2,3,6,6,good
nrv5a6tr3ya2iv3p5xpo,g7R2j,知识点g7R2j,0.7798,77.98,5,15,12,good
nrv5a6tr3ya2iv3p5xpo,k4W1c,知识点k4W1c,0.6569,65.69,1,2,1,good
nrv5a6tr3ya2iv3p5xpo,m3D1v,知识点m3D1v,0.7244,72.44,10,33,25,good
nrv5a6tr3ya2iv3p5xpo,r8S3g,知识点r8S3g,0.7727,77.27,5,20,9,good
nrv5a6tr3ya2iv3p5xpo,s8Y2f,知识点s8Y2f,0.8385,83.85,1,3,3,good
nrv5a6tr3ya2iv3p5xpo,t5V9e,知识点t5V9e,0.847,84.7,5,11,6,good
nrv5a6tr3ya2iv3p5xpo,y9W5d,知识点y9W5d,0.7185,71.85,10,32,25,good
70ym0xeqaqmx14dv6myx,b3C9s,知识点b3C9s,0.8354,83.54,3,8,6,good
70ym0xeqaqmx14dv6myx,g7R2j,知识点g7R2j,0.6168,61.68,4,10,7,good
70ym0xeqaqmx14dv6myx,k4W1c,知识点k4W1c,0.8893,88.93,1,4,3,good
70ym0xeqaqmx14dv6myx,m3D1v,知识点m3D1v,0.7373,73.73,12,36,20,good
70ym0xeqaqmx14dv6myx,r8S3g,知识点r8S3g,0.658,65.8,4,16,3,good
70ym0xeqaqmx14dv6myx,s8Y2f,知识点s8Y2f,0.5983,59.83,1,3,1,medium
70ym0xeqaqmx14dv6myx,t5V9e,知识点t5V9e,0.6884,68.84,5,14,8,good
70ym0xeqaqmx14dv6myx,y9W5d,知识点y9W5d,0.7601,76.01,11,36,26,good
r7embk7pqzg5g5p245x4,b3C9s,知识点b3C9s,0.7261,72.61,3,11,5,good
r7embk7pqzg5g5p245x4,g7R2j,知识点g7R2j,0.6388,63.88,4,14,9,good
r7embk7pqzg5g5p245x4,k4W1c,知识点k4W1c,0.998,99.8,1,1,1,good
r7embk7pqzg5g5p245x4,m3D1v,知识点m3D1v,0.705,70.5,11,20,14,good
r7embk7pqzg5g5p245x4,r8S3g,知识点r8S3g,0.732,73.2,5,13,6,good
r7embk7pqzg5g5p245x4,s8Y2f,知识点s8Y2f,0.651,65.1,1,1,1,good
r7embk7pqzg5g5p245x4,t5V9e,知识点t5V9e,0.7972,79.72,5,22,12,good
r7embk7pqzg5g5p245x4,y9W5d,知识点y9W5d,0.7453,74.53,10,31,25,good
b2imd0ms1p4fxkfcpygc,b3C9s,知识点b3C9s,0.6951,69.51,3,10,6,good
b2imd0ms1p4fxkfcpygc,g7R2j,知识点g7R2j,0.6953,69.53,4,12,10,good
b2imd0ms1p4fxkfcpygc,k4W1c,知识点k4W1c,0.6279,62.79,0,0,0,good
b2imd0ms1p4fxkfcpygc,m3D1v,知识点m3D1v,0.6652,66.52,10,16,14,good
b2imd0ms1p4fxkfcpygc,r8S3g,知识点r8S3g,0.6726,67.26,4,11,1,good
b2imd0ms1p4fxkfcpygc,s8Y2f,知识点s8Y2f,0.7633,76.33,1,2,1,good
b2imd0ms1p4fxkfcpygc,t5V9e,知识点t5V9e,0.7973,79.73,5,21,13,good
b2imd0ms1p4fxkfcpygc,y9W5d,知识点y9W5d,0.7604,76.04,10,23,19,good
jv67r7eqa9z2a1777eex,b3C9s,知识点b3C9s,0.8461,84.61,2,6,6,good
jv67r7eqa9z2a1777eex,g7R2j,知识点g7R2j,0.6978,69.78,4,12,5,good
jv67r7eqa9z2a1777eex,k4W1c,知识点k4W1c,0.731,73.1,1,1,1,good
jv67r7eqa9z2a1777eex,m3D1v,知识点m3D1v,0.7641,76.41,10,31,22,good
jv67r7eqa9z2a1777eex,r8S3g,知识点r8S3g,0.5838,58.38,4,22,13,medium
jv67r7eqa9z2a1777eex,s8Y2f,知识点s8Y2f,0.6691,66.91,1,1,1,good
jv67r7eqa9z2a1777eex,t5V9e,知识点t5V9e,0.7082,70.82,5,18,12,good
jv67r7eqa9z2a1777eex,y9W5d,知识点y9W5d,0.6779,67.79,10,34,24,good
8jo5o2abn697lg482k0e,b3C9s,知识点b3C9s,0.4987,49.87,1,2,2,medium
8jo5o2abn697lg482k0e,g7R2j,知识点g7R2j,0.7709,77.09,5,11,10,good
8jo5o2abn697lg482k0e,k4W1c,知识点k4W1c,0.6439,64.39,1,2,1,good
8jo5o2abn697lg482k0e,m3D1v,知识点m3D1v,0.6248,62.48,9,22,7,good
8jo5o2abn697lg482k0e,r8S3g,知识点r8S3g,0.6651,66.51,5,12,3,good
8jo5o2abn697lg482k0e,s8Y2f,知识点s8Y2f,0.5918,59.18,1,1,0,medium
8jo5o2abn697lg482k0e,t5V9e,知识点t5V9e,0.8117,81.17,5,18,14,good
8jo5o2abn697lg482k0e,y9W5d,知识点y9W5d,0.7442,74.42,11,34,20,good
ezdogkk0jqt4nvvvbnxp,b3C9s,知识点b3C9s,0.7238,72.38,1,3,3,good
ezdogkk0jqt4nvvvbnxp,g7R2j,知识点g7R2j,0.7966,79.66,5,12,8,good
ezdogkk0jqt4nvvvbnxp,k4W1c,知识点k4W1c,0.619,61.9,1,2,1,good
ezdogkk0jqt4nvvvbnxp,m3D1v,知识点m3D1v,0.7417,74.17,12,32,21,good
ezdogkk0jqt4nvvvbnxp,r8S3g,知识点r8S3g,0.7228,72.28,5,20,5,good
ezdogkk0jqt4nvvvbnxp,s8Y2f,知识点s8Y2f,0.9987,99.87,1,2,2,good
ezdogkk0jqt4nvvvbnxp,t5V9e,知识点t5V9e,0.8296,82.96,5,12,7,good
ezdogkk0jqt4nvvvbnxp,y9W5d,知识点y9W5d,0.7445,74.45,11,29,18,good
wf7yq9n2spgto3w5ad9r,b3C9s,知识点b3C9s,0.8128,81.28,3,6,6,good
wf7yq9n2spgto3w5ad9r,g7R2j,知识点g7R2j,0.6785,67.85,4,15,10,good
wf7yq9n2spgto3w5ad9r,k4W1c,知识点k4W1c,0.7886,78.86,1,4,3,good
wf7yq9n2spgto3w5ad9r,m3D1v,知识点m3D1v,0.7026,70.26,10,22,13,good
wf7yq9n2spgto3w5ad9r,r8S3g,知识点r8S3g,0.7658,76.58,5,14,6,good
wf7yq9n2spgto3w5ad9r,s8Y2f,知识点s8Y2f,0.6944,69.44,1,2,1,good
wf7yq9n2spgto3w5ad9r,t5V9e,知识点t5V9e,0.6385,63.85,4,21,13,good
wf7yq9n2spgto3w5ad9r,y9W5d,知识点y9W5d,0.7903,79.03,11,27,22,good
p9enp5lzhiufas1xpd8p,b3C9s,知识点b3C9s,0.7526,75.26,2,2,2,good
p9enp5lzhiufas1xpd8p,g7R2j,知识点g7R2j,0.6601,66.01,5,8,4,good
p9enp5lzhiufas1xpd8p,k4W1c,知识点k4W1c,0.5594,55.94,1,2,0,medium
p9enp5lzhiufas1xpd8p,m3D1v,知识点m3D1v,0.6345,63.45,9,25,18,good
p9enp5lzhiufas1xpd8p,r8S3g,知识点r8S3g,0.6269,62.69,4,17,6,good
p9enp5lzhiufas1xpd8p,s8Y2f,知识点s8Y2f,0.7766,77.66,1,3,3,good
p9enp5lzhiufas1xpd8p,t5V9e,知识点t5V9e,0.7688,76.88,5,27,12,good
p9enp5lzhiufas1xpd8p,y9W5d,知识点y9W5d,0.6698,66.98,10,26,20,good
lx7vfcjhdxzh2wkt42hc,b3C9s,知识点b3C9s,0.7649,76.49,3,9,6,good
lx7vfcjhdxzh2wkt42hc,g7R2j,知识点g7R2j,0.7631,76.31,5,14,13,good
lx7vfcjhdxzh2wkt42hc,k4W1c,知识点k4W1c,0.687,68.7,1,2,2,good
lx7vfcjhdxzh2wkt42hc,m3D1v,知识点m3D1v,0.7701,77.01,12,32,18,good
lx7vfcjhdxzh2wkt42hc,r8S3g,知识点r8S3g,0.7484,74.84,5,15,4,good
lx7vfcjhdxzh2wkt42hc,s8Y2f,知识点s8Y2f,0.6526,65.26,1,6,3,good
lx7vfcjhdxzh2wkt42hc,t5V9e,知识点t5V9e,0.7753,77.53,5,20,11,good
lx7vfcjhdxzh2wkt42hc,y9W5d,知识点y9W5d,0.7107,71.07,10,29,17,good
dwg6k0ka5vuwzo5h11m0,b3C9s,知识点b3C9s,0.9128,91.28,3,4,4,good
dwg6k0ka5vuwzo5h11m0,g7R2j,知识点g7R2j,0.7053,70.53,3,14,11,good
dwg6k0ka5vuwzo5h11m0,k4W1c,知识点k4W1c,0.6645,66.45,1,6,2,good
dwg6k0ka5vuwzo5h11m0,m3D1v,知识点m3D1v,0.7176,71.76,11,32,21,good
dwg6k0ka5vuwzo5h11m0,r8S3g,知识点r8S3g,0.6882,68.82,5,17,8,good
dwg6k0ka5vuwzo5h11m0,s8Y2f,知识点s8Y2f,0.6024,60.24,1,5,1,good
dwg6k0ka5vuwzo5h11m0,t5V9e,知识点t5V9e,0.7218,72.18,4,14,11,good
dwg6k0ka5vuwzo5h11m0,y9W5d,知识点y9W5d,0.7236,72.36,11,35,20,good
5jxldd3plo4x6oq140l5,b3C9s,知识点b3C9s,0.8066,80.66,3,6,3,good
5jxldd3plo4x6oq140l5,g7R2j,知识点g7R2j,0.6995,69.95,5,16,9,good
5jxldd3plo4x6oq140l5,k4W1c,知识点k4W1c,0.6345,63.45,1,6,4,good
5jxldd3plo4x6oq140l5,m3D1v,知识点m3D1v,0.7581,75.81,11,40,32,good
5jxldd3plo4x6oq140l5,r8S3g,知识点r8S3g,0.6014,60.14,4,20,7,good
5jxldd3plo4x6oq140l5,s8Y2f,知识点s8Y2f,0.7971,79.71,1,2,2,good
5jxldd3plo4x6oq140l5,t5V9e,知识点t5V9e,0.602,60.2,4,17,12,good
5jxldd3plo4x6oq140l5,y9W5d,知识点y9W5d,0.7771,77.71,11,40,34,good
orgvbr9mbmfo4z8tbsa3,b3C9s,知识点b3C9s,0.8351,83.51,3,6,4,good
orgvbr9mbmfo4z8tbsa3,g7R2j,知识点g7R2j,0.7707,77.07,5,9,8,good
orgvbr9mbmfo4z8tbsa3,k4W1c,知识点k4W1c,0.6967,69.67,1,2,2,good
orgvbr9mbmfo4z8tbsa3,m3D1v,知识点m3D1v,0.6339,63.39,10,24,14,good
orgvbr9mbmfo4z8tbsa3,r8S3g,知识点r8S3g,0.6614,66.14,5,24,6,good
orgvbr9mbmfo4z8tbsa3,t5V9e,知识点t5V9e,0.7093,70.93,5,20,11,good
orgvbr9mbmfo4z8tbsa3,y9W5d,知识点y9W5d,0.6171,61.71,9,30,23,good
3w0b2b1gz9i1nhmtab7s,b3C9s,知识点b3C9s,0.7308,73.08,3,5,3,good
3w0b2b1gz9i1nhmtab7s,g7R2j,知识点g7R2j,0.7658,76.58,5,14,8,good
3w0b2b1gz9i1nhmtab7s,k4W1c,知识点k4W1c,0.6959,69.59,1,1,1,good
3w0b2b1gz9i1nhmtab7s,m3D1v,知识点m3D1v,0.6719,67.19,11,21,12,good
3w0b2b1gz9i1nhmtab7s,r8S3g,知识点r8S3g,0.6972,69.72,4,20,9,good
3w0b2b1gz9i1nhmtab7s,s8Y2f,知识点s8Y2f,0.6744,67.44,1,1,1,good
3w0b2b1gz9i1nhmtab7s,t5V9e,知识点t5V9e,0.7831,78.31,5,24,14,good
3w0b2b1gz9i1nhmtab7s,y9W5d,知识点y9W5d,0.7164,71.64,10,24,22,good
22fey6dqzcrm0jbtfnmm,b3C9s,知识点b3C9s,0.7675,76.75,2,3,2,good
22fey6dqzcrm0jbtfnmm,g7R2j,知识点g7R2j,0.8345,83.45,5,13,12,good
22fey6dqzcrm0jbtfnmm,k4W1c,知识点k4W1c,0.8471,84.71,1,5,5,good
22fey6dqzcrm0jbtfnmm,m3D1v,知识点m3D1v,0.6983,69.83,11,27,19,good
22fey6dqzcrm0jbtfnmm,r8S3g,知识点r8S3g,0.697,69.7,5,16,7,good
22fey6dqzcrm0jbtfnmm,s8Y2f,知识点s8Y2f,0.8429,84.29,1,5,4,good
22fey6dqzcrm0jbtfnmm,t5V9e,知识点t5V9e,0.8431,84.31,5,18,17,good
22fey6dqzcrm0jbtfnmm,y9W5d,知识点y9W5d,0.7582,75.82,11,41,31,good
4atjmlccken75lck9ffp,b3C9s,知识点b3C9s,0.7913,79.13,2,3,2,good
4atjmlccken75lck9ffp,g7R2j,知识点g7R2j,0.6046,60.46,4,14,11,good
4atjmlccken75lck9ffp,k4W1c,知识点k4W1c,0.6431,64.31,1,2,1,good
4atjmlccken75lck9ffp,m3D1v,知识点m3D1v,0.6502,65.02,10,27,17,good
4atjmlccken75lck9ffp,r8S3g,知识点r8S3g,0.5561,55.61,4,17,2,medium
4atjmlccken75lck9ffp,t5V9e,知识点t5V9e,0.7513,75.13,4,12,8,good
4atjmlccken75lck9ffp,y9W5d,知识点y9W5d,0.6551,65.51,9,20,13,good
tuidsy7wcktf3jppecp5,b3C9s,知识点b3C9s,0.8291,82.91,3,5,4,good
tuidsy7wcktf3jppecp5,g7R2j,知识点g7R2j,0.6812,68.12,5,17,11,good
tuidsy7wcktf3jppecp5,k4W1c,知识点k4W1c,0.6137,61.37,1,4,2,good
tuidsy7wcktf3jppecp5,m3D1v,知识点m3D1v,0.7931,79.31,11,30,24,good
tuidsy7wcktf3jppecp5,r8S3g,知识点r8S3g,0.6089,60.89,4,22,7,good
tuidsy7wcktf3jppecp5,s8Y2f,知识点s8Y2f,0.9483,94.83,1,4,4,good
tuidsy7wcktf3jppecp5,t5V9e,知识点t5V9e,0.7525,75.25,4,16,6,good
tuidsy7wcktf3jppecp5,y9W5d,知识点y9W5d,0.7762,77.62,11,44,34,good
gzthlilac9ixoayq02u1,b3C9s,知识点b3C9s,0.8828,88.28,2,3,3,good
gzthlilac9ixoayq02u1,g7R2j,知识点g7R2j,0.711,71.1,5,24,18,good
gzthlilac9ixoayq02u1,k4W1c,知识点k4W1c,0.7051,70.51,1,3,1,good
gzthlilac9ixoayq02u1,m3D1v,知识点m3D1v,0.7156,71.56,11,35,20,good
gzthlilac9ixoayq02u1,r8S3g,知识点r8S3g,0.5948,59.48,4,7,3,medium
gzthlilac9ixoayq02u1,s8Y2f,知识点s8Y2f,0.7846,78.46,1,2,2,good
gzthlilac9ixoayq02u1,t5V9e,知识点t5V9e,0.7969,79.69,5,17,10,good
gzthlilac9ixoayq02u1,y9W5d,知识点y9W5d,0.7643,76.43,10,35,26,good
r3uk44zat2tcyj5wmojt,b3C9s,知识点b3C9s,0.8323,83.23,3,12,10,good
r3uk44zat2tcyj5wmojt,g7R2j,知识点g7R2j,0.713,71.3,4,14,11,good
r3uk44zat2tcyj5wmojt,k4W1c,知识点k4W1c,0.6894,68.94,1,3,2,good
r3uk44zat2tcyj5wmojt,m3D1v,知识点m3D1v,0.7572,75.72,11,30,18,good
r3uk44zat2tcyj5wmojt,r8S3g,知识点r8S3g,0.5194,51.94,4,14,3,medium
r3uk44zat2tcyj5wmojt,s8Y2f,知识点s8Y2f,0.6624,66.24,1,3,1,good
r3uk44zat2tcyj5wmojt,t5V9e,知识点t5V9e,0.7645,76.45,5,26,18,good
r3uk44zat2tcyj5wmojt,y9W5d,知识点y9W5d,0.6766,67.66,10,33,18,good
k1r03pvvsv9zxrft5jgi,b3C9s,知识点b3C9s,0.6497,64.97,2,4,1,good
k1r03pvvsv9zxrft5jgi,g7R2j,知识点g7R2j,0.7611,76.11,5,13,9,good
k1r03pvvsv9zxrft5jgi,k4W1c,知识点k4W1c,0.7815,78.15,1,3,3,good
k1r03pvvsv9zxrft5jgi,m3D1v,知识点m3D1v,0.7177,71.77,11,35,24,good
k1r03pvvsv9zxrft5jgi,r8S3g,知识点r8S3g,0.3721,37.21,2,22,2,poor
k1r03pvvsv9zxrft5jgi,s8Y2f,知识点s8Y2f,0.7728,77.28,1,6,5,good
k1r03pvvsv9zxrft5jgi,t5V9e,知识点t5V9e,0.5977,59.77,4,23,15,medium
k1r03pvvsv9zxrft5jgi,y9W5d,知识点y9W5d,0.7241,72.41,10,34,23,good
5ez4c53h3kdamnlvkpna,b3C9s,知识点b3C9s,0.5512,55.12,2,3,1,medium
5ez4c53h3kdamnlvkpna,g7R2j,知识点g7R2j,0.6327,63.27,4,8,3,good
5ez4c53h3kdamnlvkpna,k4W1c,知识点k4W1c,0.635,63.5,1,4,2,good
5ez4c53h3kdamnlvkpna,m3D1v,知识点m3D1v,0.7364,73.64,11,32,20,good
5ez4c53h3kdamnlvkpna,r8S3g,知识点r8S3g,0.8024,80.24,5,15,6,good
5ez4c53h3kdamnlvkpna,s8Y2f,知识点s8Y2f,0.6736,67.36,1,3,1,good
5ez4c53h3kdamnlvkpna,t5V9e,知识点t5V9e,0.7525,75.25,4,15,11,good
5ez4c53h3kdamnlvkpna,y9W5d,知识点y9W5d,0.7539,75.39,11,37,27,good
p10d5vx8mpn0v82i51gp,b3C9s,知识点b3C9s,0.7413,74.13,3,5,4,good
p10d5vx8mpn0v82i51gp,g7R2j,知识点g7R2j,0.7441,74.41,5,17,14,good
p10d5vx8mpn0v82i51gp,k4W1c,知识点k4W1c,0.7596,75.96,1,3,3,good
p10d5vx8mpn0v82i51gp,m3D1v,知识点m3D1v,0.7633,76.33,11,25,19,good
p10d5vx8mpn0v82i51gp,r8S3g,知识点r8S3g,0.7037,70.37,5,25,9,good
p10d5vx8mpn0v82i51gp,s8Y2f,知识点s8Y2f,0.8136,81.36,1,5,4,good
p10d5vx8mpn0v82i51gp,t5V9e,知识点t5V9e,0.793,79.3,5,14,8,good
p10d5vx8mpn0v82i51gp,y9W5d,知识点y9W5d,0.7316,73.16,10,32,26,good
sushd67p0jy6f04a3h0m,b3C9s,知识点b3C9s,0.6972,69.72,2,2,1,good
sushd67p0jy6f04a3h0m,g7R2j,知识点g7R2j,0.7854,78.54,5,18,14,good
sushd67p0jy6f04a3h0m,k4W1c,知识点k4W1c,0.6076,60.76,1,6,3,good
sushd67p0jy6f04a3h0m,m3D1v,知识点m3D1v,0.7692,76.92,11,33,19,good
sushd67p0jy6f04a3h0m,r8S3g,知识点r8S3g,0.6182,61.82,4,14,4,good
sushd67p0jy6f04a3h0m,s8Y2f,知识点s8Y2f,0.6283,62.83,1,1,0,good
sushd67p0jy6f04a3h0m,t5V9e,知识点t5V9e,0.6878,68.78,5,18,10,good
sushd67p0jy6f04a3h0m,y9W5d,知识点y9W5d,0.7192,71.92,11,28,19,good
cmy2w5due4kl6pn6uia5,b3C9s,知识点b3C9s,0.7236,72.36,2,3,2,good
cmy2w5due4kl6pn6uia5,g7R2j,知识点g7R2j,0.648,64.8,5,10,4,good
cmy2w5due4kl6pn6uia5,k4W1c,知识点k4W1c,0.6561,65.61,1,3,1,good
cmy2w5due4kl6pn6uia5,m3D1v,知识点m3D1v,0.7543,75.43,12,29,18,good
cmy2w5due4kl6pn6uia5,r8S3g,知识点r8S3g,0.6725,67.25,4,14,6,good
cmy2w5due4kl6pn6uia5,s8Y2f,知识点s8Y2f,0.6063,60.63,1,3,1,good
cmy2w5due4kl6pn6uia5,t5V9e,知识点t5V9e,0.7177,71.77,5,16,9,good
cmy2w5due4kl6pn6uia5,y9W5d,知识点y9W5d,0.7035,70.35,10,30,19,good
4oqxw56hzk4fk8aqh3e0,b3C9s,知识点b3C9s,0.7252,72.52,3,6,3,good
4oqxw56hzk4fk8aqh3e0,g7R2j,知识点g7R2j,0.7326,73.26,5,17,13,good
4oqxw56hzk4fk8aqh3e0,k4W1c,知识点k4W1c,0.5945,59.45,1,2,0,medium
4oqxw56hzk4fk8aqh3e0,m3D1v,知识点m3D1v,0.7428,74.28,12,28,16,good
4oqxw56hzk4fk8aqh3e0,r8S3g,知识点r8S3g,0.8193,81.93,5,13,5,good
4oqxw56hzk4fk8aqh3e0,s8Y2f,知识点s8Y2f,0.7547,75.47,1,7,5,good
4oqxw56hzk4fk8aqh3e0,t5V9e,知识点t5V9e,0.583,58.3,3,11,6,medium
4oqxw56hzk4fk8aqh3e0,y9W5d,知识点y9W5d,0.7285,72.85,10,32,20,good
d4geyy1ox6qzlz4ibz0z,b3C9s,知识点b3C9s,0.5654,56.54,1,1,1,medium
d4geyy1ox6qzlz4ibz0z,g7R2j,知识点g7R2j,0.7341,73.41,4,10,8,good
d4geyy1ox6qzlz4ibz0z,k4W1c,知识点k4W1c,0.7068,70.68,1,1,1,good
d4geyy1ox6qzlz4ibz0z,m3D1v,知识点m3D1v,0.7601,76.01,11,39,24,good
d4geyy1ox6qzlz4ibz0z,r8S3g,知识点r8S3g,0.7544,75.44,4,7,3,good
d4geyy1ox6qzlz4ibz0z,s8Y2f,知识点s8Y2f,0.7971,79.71,1,6,3,good
d4geyy1ox6qzlz4ibz0z,t5V9e,知识点t5V9e,0.7685,76.85,5,15,6,good
d4geyy1ox6qzlz4ibz0z,y9W5d,知识点y9W5d,0.7614,76.14,10,35,25,good
wu3cwt7cavxrllp6s123,b3C9s,知识点b3C9s,0.5553,55.53,2,6,4,medium
wu3cwt7cavxrllp6s123,g7R2j,知识点g7R2j,0.7039,70.39,5,17,11,good
wu3cwt7cavxrllp6s123,k4W1c,知识点k4W1c,0.9972,99.72,1,2,2,good
wu3cwt7cavxrllp6s123,m3D1v,知识点m3D1v,0.6423,64.23,11,28,18,good
wu3cwt7cavxrllp6s123,r8S3g,知识点r8S3g,0.5184,51.84,4,14,2,medium
wu3cwt7cavxrllp6s123,s8Y2f,知识点s8Y2f,0.6701,67.01,1,2,1,good
wu3cwt7cavxrllp6s123,t5V9e,知识点t5V9e,0.6019,60.19,4,20,12,good
wu3cwt7cavxrllp6s123,y9W5d,知识点y9W5d,0.7891,78.91,10,33,23,good
sf30f3p1koevnfztc2pd,b3C9s,知识点b3C9s,0.4557,45.57,2,5,3,medium
sf30f3p1koevnfztc2pd,g7R2j,知识点g7R2j,0.6864,68.64,5,11,6,good
sf30f3p1koevnfztc2pd,k4W1c,知识点k4W1c,0.6293,62.93,0,0,0,good
sf30f3p1koevnfztc2pd,m3D1v,知识点m3D1v,0.709,70.9,11,34,23,good
sf30f3p1koevnfztc2pd,r8S3g,知识点r8S3g,0.7571,75.71,5,15,5,good
sf30f3p1koevnfztc2pd,s8Y2f,知识点s8Y2f,0.7955,79.55,1,5,5,good
sf30f3p1koevnfztc2pd,t5V9e,知识点t5V9e,0.6018,60.18,4,15,10,good
sf30f3p1koevnfztc2pd,y9W5d,知识点y9W5d,0.7596,75.96,10,30,24,good
i8lx9f5ut0kaz120j30d,b3C9s,知识点b3C9s,0.7653,76.53,3,6,3,good
i8lx9f5ut0kaz120j30d,g7R2j,知识点g7R2j,0.8086,80.86,5,12,9,good
i8lx9f5ut0kaz120j30d,k4W1c,知识点k4W1c,0.8134,81.34,1,2,1,good
i8lx9f5ut0kaz120j30d,m3D1v,知识点m3D1v,0.6577,65.77,10,25,14,good
i8lx9f5ut0kaz120j30d,r8S3g,知识点r8S3g,0.6429,64.29,4,11,1,good
i8lx9f5ut0kaz120j30d,s8Y2f,知识点s8Y2f,0.6828,68.28,1,5,3,good
i8lx9f5ut0kaz120j30d,t5V9e,知识点t5V9e,0.74,74.0,5,17,10,good
i8lx9f5ut0kaz120j30d,y9W5d,知识点y9W5d,0.722,72.2,11,29,17,good
6ixkthdoadcwip3r1sy2,b3C9s,知识点b3C9s,0.7539,75.39,3,7,5,good
6ixkthdoadcwip3r1sy2,g7R2j,知识点g7R2j,0.7047,70.47,5,11,9,good
6ixkthdoadcwip3r1sy2,k4W1c,知识点k4W1c,0.7517,75.17,1,3,3,good
6ixkthdoadcwip3r1sy2,m3D1v,知识点m3D1v,0.6031,60.31,10,26,19,good
6ixkthdoadcwip3r1sy2,r8S3g,知识点r8S3g,0.7926,79.26,5,16,9,good
6ixkthdoadcwip3r1sy2,s8Y2f,知识点s8Y2f,0.7526,75.26,1,3,2,good
6ixkthdoadcwip3r1sy2,t5V9e,知识点t5V9e,0.7324,73.24,5,16,7,good
6ixkthdoadcwip3r1sy2,y9W5d,知识点y9W5d,0.76,76.0,11,43,26,good
skyax9iocbd5gzronpru,b3C9s,知识点b3C9s,0.7546,75.46,2,2,1,good
skyax9iocbd5gzronpru,g7R2j,知识点g7R2j,0.6199,61.99,4,12,11,good
skyax9iocbd5gzronpru,k4W1c,知识点k4W1c,0.8629,86.29,1,4,3,good
skyax9iocbd5gzronpru,m3D1v,知识点m3D1v,0.7723,77.23,12,38,27,good
skyax9iocbd5gzronpru,r8S3g,知识点r8S3g,0.7437,74.37,4,12,6,good
skyax9iocbd5gzronpru,s8Y2f,知识点s8Y2f,0.7466,74.66,1,4,2,good
skyax9iocbd5gzronpru,t5V9e,知识点t5V9e,0.6189,61.89,4,19,12,good
skyax9iocbd5gzronpru,y9W5d,知识点y9W5d,0.7906,79.06,11,47,36,good
s97masc6nt48h4ly8s1w,b3C9s,知识点b3C9s,0.7511,75.11,2,2,1,good
s97masc6nt48h4ly8s1w,g7R2j,知识点g7R2j,0.5983,59.83,4,13,10,medium
s97masc6nt48h4ly8s1w,k4W1c,知识点k4W1c,0.6788,67.88,1,4,3,good
s97masc6nt48h4ly8s1w,m3D1v,知识点m3D1v,0.7527,75.27,12,25,15,good
s97masc6nt48h4ly8s1w,r8S3g,知识点r8S3g,0.5587,55.87,4,25,10,medium
s97masc6nt48h4ly8s1w,s8Y2f,知识点s8Y2f,0.7599,75.99,1,4,2,good
s97masc6nt48h4ly8s1w,t5V9e,知识点t5V9e,0.6932,69.32,5,18,10,good
s97masc6nt48h4ly8s1w,y9W5d,知识点y9W5d,0.7456,74.56,11,35,21,good
510a90cd169e2eb042ab,b3C9s,知识点b3C9s,0.9581,95.81,3,4,4,good
510a90cd169e2eb042ab,g7R2j,知识点g7R2j,0.7525,75.25,5,7,5,good
510a90cd169e2eb042ab,k4W1c,知识点k4W1c,0.5636,56.36,1,3,1,medium
510a90cd169e2eb042ab,m3D1v,知识点m3D1v,0.706,70.6,12,109,41,good
510a90cd169e2eb042ab,r8S3g,知识点r8S3g,0.6786,67.86,5,56,11,good
510a90cd169e2eb042ab,s8Y2f,知识点s8Y2f,0.598,59.8,1,5,2,medium
510a90cd169e2eb042ab,t5V9e,知识点t5V9e,0.7518,75.18,5,44,7,good
510a90cd169e2eb042ab,y9W5d,知识点y9W5d,0.6476,64.76,11,105,49,good
2959d8017312337a2ba6,b3C9s,知识点b3C9s,0.6837,68.37,3,35,20,good
2959d8017312337a2ba6,g7R2j,知识点g7R2j,0.7881,78.81,5,40,36,good
2959d8017312337a2ba6,k4W1c,知识点k4W1c,0.9987,99.87,1,1,1,good
2959d8017312337a2ba6,m3D1v,知识点m3D1v,0.7582,75.82,12,77,54,good
2959d8017312337a2ba6,r8S3g,知识点r8S3g,0.6825,68.25,5,96,10,good
2959d8017312337a2ba6,s8Y2f,知识点s8Y2f,0.8619,86.19,1,3,3,good
2959d8017312337a2ba6,t5V9e,知识点t5V9e,0.7029,70.29,5,45,14,good
2959d8017312337a2ba6,y9W5d,知识点y9W5d,0.849,84.9,11,54,45,good
07e3362d20ff4337671b,b3C9s,知识点b3C9s,0.9989,99.89,3,3,3,good
07e3362d20ff4337671b,g7R2j,知识点g7R2j,0.8398,83.98,5,13,7,good
07e3362d20ff4337671b,k4W1c,知识点k4W1c,0.8142,81.42,1,2,1,good
07e3362d20ff4337671b,m3D1v,知识点m3D1v,0.8829,88.29,12,31,27,good
07e3362d20ff4337671b,r8S3g,知识点r8S3g,0.7897,78.97,5,29,8,good
07e3362d20ff4337671b,s8Y2f,知识点s8Y2f,0.999,99.9,1,1,1,good
07e3362d20ff4337671b,t5V9e,知识点t5V9e,0.8773,87.73,5,24,21,good
07e3362d20ff4337671b,y9W5d,知识点y9W5d,0.9531,95.31,11,13,12,good
b6ed77b2b3283f9379c8,b3C9s,知识点b3C9s,0.7592,75.92,3,9,4,good
b6ed77b2b3283f9379c8,g7R2j,知识点g7R2j,0.7908,79.08,5,27,7,good
b6ed77b2b3283f9379c8,k4W1c,知识点k4W1c,0.9987,99.87,1,1,1,good
b6ed77b2b3283f9379c8,m3D1v,知识点m3D1v,0.7416,74.16,12,100,28,good
b6ed77b2b3283f9379c8,r8S3g,知识点r8S3g,0.6846,68.46,5,77,8,good
b6ed77b2b3283f9379c8,s8Y2f,知识点s8Y2f,0.4759,47.59,1,3,1,medium
b6ed77b2b3283f9379c8,t5V9e,知识点t5V9e,0.7558,75.58,5,64,59,good
b6ed77b2b3283f9379c8,y9W5d,知识点y9W5d,0.7347,73.47,11,70,31,good
09dfa3f18e48917f0242,b3C9s,知识点b3C9s,0.9986,99.86,3,3,3,good
09dfa3f18e48917f0242,g7R2j,知识点g7R2j,0.7071,70.71,5,14,5,good
09dfa3f18e48917f0242,k4W1c,知识点k4W1c,0.9972,99.72,1,1,1,good
09dfa3f18e48917f0242,m3D1v,知识点m3D1v,0.8124,81.24,12,49,19,good
09dfa3f18e48917f0242,r8S3g,知识点r8S3g,0.6004,60.04,5,132,12,good
09dfa3f18e48917f0242,s8Y2f,知识点s8Y2f,0.9982,99.82,1,1,1,good
09dfa3f18e48917f0242,t5V9e,知识点t5V9e,0.6779,67.79,5,53,26,good
09dfa3f18e48917f0242,y9W5d,知识点y9W5d,0.9383,93.83,11,15,12,good
dba2bc2a15c1e8d696fe,b3C9s,知识点b3C9s,0.7682,76.82,3,5,2,good
dba2bc2a15c1e8d696fe,g7R2j,知识点g7R2j,0.9061,90.61,5,7,5,good
dba2bc2a15c1e8d696fe,k4W1c,知识点k4W1c,0.9962,99.62,1,1,1,good
dba2bc2a15c1e8d696fe,m3D1v,知识点m3D1v,0.9175,91.75,12,17,13,good
dba2bc2a15c1e8d696fe,r8S3g,知识点r8S3g,0.8396,83.96,5,20,6,good
dba2bc2a15c1e8d696fe,s8Y2f,知识点s8Y2f,0.742,74.2,1,3,3,good
dba2bc2a15c1e8d696fe,t5V9e,知识点t5V9e,0.904,90.4,5,8,7,good
dba2bc2a15c1e8d696fe,y9W5d,知识点y9W5d,0.8059,80.59,11,33,22,good
ca66ab7e59628143cf1e,b3C9s,知识点b3C9s,0.9983,99.83,3,4,4,good
ca66ab7e59628143cf1e,g7R2j,知识点g7R2j,0.8849,88.49,5,11,6,good
ca66ab7e59628143cf1e,k4W1c,知识点k4W1c,0.9982,99.82,1,1,1,good
ca66ab7e59628143cf1e,m3D1v,知识点m3D1v,0.9253,92.53,12,21,12,good
ca66ab7e59628143cf1e,r8S3g,知识点r8S3g,0.8457,84.57,5,11,8,good
ca66ab7e59628143cf1e,s8Y2f,知识点s8Y2f,0.6501,65.01,1,9,1,good
ca66ab7e59628143cf1e,t5V9e,知识点t5V9e,0.9306,93.06,5,9,6,good
ca66ab7e59628143cf1e,y9W5d,知识点y9W5d,0.9496,94.96,11,20,11,good
4a7f53c0a376edadf38a,b3C9s,知识点b3C9s,0.9195,91.95,3,3,3,good
4a7f53c0a376edadf38a,g7R2j,知识点g7R2j,0.7876,78.76,5,25,11,good
4a7f53c0a376edadf38a,k4W1c,知识点k4W1c,0.9989,99.89,1,1,1,good
4a7f53c0a376edadf38a,m3D1v,知识点m3D1v,0.7177,71.77,12,60,16,good
4a7f53c0a376edadf38a,r8S3g,知识点r8S3g,0.6702,67.02,5,36,6,good
4a7f53c0a376edadf38a,s8Y2f,知识点s8Y2f,0.6746,67.46,1,1,1,good
4a7f53c0a376edadf38a,t5V9e,知识点t5V9e,0.707,70.7,5,26,14,good
4a7f53c0a376edadf38a,y9W5d,知识点y9W5d,0.8235,82.35,11,29,13,good
bfcf5965e6024248f0a3,b3C9s,知识点b3C9s,0.9036,90.36,3,5,3,good
bfcf5965e6024248f0a3,g7R2j,知识点g7R2j,0.9982,99.82,5,5,5,good
bfcf5965e6024248f0a3,k4W1c,知识点k4W1c,0.9982,99.82,1,1,1,good
bfcf5965e6024248f0a3,m3D1v,知识点m3D1v,0.9598,95.98,12,15,12,good
bfcf5965e6024248f0a3,r8S3g,知识点r8S3g,0.7332,73.32,5,34,6,good
bfcf5965e6024248f0a3,s8Y2f,知识点s8Y2f,0.9987,99.87,1,1,1,good
bfcf5965e6024248f0a3,t5V9e,知识点t5V9e,0.7068,70.68,5,36,7,good
bfcf5965e6024248f0a3,y9W5d,知识点y9W5d,0.9812,98.12,11,12,11,good
4156dc6090d72c95c23b,b3C9s,知识点b3C9s,0.996,99.6,3,4,4,good
4156dc6090d72c95c23b,g7R2j,知识点g7R2j,0.959,95.9,5,6,5,good
4156dc6090d72c95c23b,k4W1c,知识点k4W1c,0.8104,81.04,1,1,1,good
4156dc6090d72c95c23b,m3D1v,知识点m3D1v,0.9042,90.42,12,22,13,good
4156dc6090d72c95c23b,r8S3g,知识点r8S3g,0.9333,93.33,5,31,7,good
4156dc6090d72c95c23b,s8Y2f,知识点s8Y2f,0.7079,70.79,1,6,1,good
4156dc6090d72c95c23b,t5V9e,知识点t5V9e,0.9461,94.61,5,8,5,good
4156dc6090d72c95c23b,y9W5d,知识点y9W5d,0.8627,86.27,11,27,11,good
1b36a3223f9dd94a211f,b3C9s,知识点b3C9s,0.9263,92.63,3,5,5,good
1b36a3223f9dd94a211f,g7R2j,知识点g7R2j,0.8408,84.08,5,25,21,good
1b36a3223f9dd94a211f,k4W1c,知识点k4W1c,0.9469,94.69,1,2,2,good
1b36a3223f9dd94a211f,m3D1v,知识点m3D1v,0.8122,81.22,12,36,21,good
1b36a3223f9dd94a211f,r8S3g,知识点r8S3g,0.7406,74.06,5,32,11,good
1b36a3223f9dd94a211f,s8Y2f,知识点s8Y2f,0.7853,78.53,1,2,2,good
1b36a3223f9dd94a211f,t5V9e,知识点t5V9e,0.8316,83.16,5,42,28,good
1b36a3223f9dd94a211f,y9W5d,知识点y9W5d,0.8687,86.87,11,35,29,good
8cdbc02c05d6ebafa9eb,b3C9s,知识点b3C9s,0.997,99.7,3,4,4,good
8cdbc02c05d6ebafa9eb,g7R2j,知识点g7R2j,0.9031,90.31,5,16,16,good
8cdbc02c05d6ebafa9eb,k4W1c,知识点k4W1c,0.8622,86.22,1,3,3,good
8cdbc02c05d6ebafa9eb,m3D1v,知识点m3D1v,0.9085,90.85,12,19,14,good
8cdbc02c05d6ebafa9eb,r8S3g,知识点r8S3g,0.8215,82.15,5,15,6,good
8cdbc02c05d6ebafa9eb,s8Y2f,知识点s8Y2f,0.995,99.5,1,2,2,good
8cdbc02c05d6ebafa9eb,t5V9e,知识点t5V9e,0.9981,99.81,5,6,6,good
8cdbc02c05d6ebafa9eb,y9W5d,知识点y9W5d,0.9437,94.37,11,21,21,good
390d1fc3b78420815190,b3C9s,知识点b3C9s,0.7495,74.95,3,7,3,good
390d1fc3b78420815190,g7R2j,知识点g7R2j,0.8177,81.77,5,30,27,good
390d1fc3b78420815190,k4W1c,知识点k4W1c,0.6152,61.52,1,8,3,good
390d1fc3b78420815190,m3D1v,知识点m3D1v,0.9093,90.93,12,44,37,good
390d1fc3b78420815190,r8S3g,知识点r8S3g,0.7787,77.87,5,14,6,good
390d1fc3b78420815190,s8Y2f,知识点s8Y2f,0.9951,99.51,1,1,1,good
390d1fc3b78420815190,t5V9e,知识点t5V9e,0.9305,93.05,5,19,19,good
390d1fc3b78420815190,y9W5d,知识点y9W5d,0.7798,77.98,11,67,36,good
be24259f2867b231800d,b3C9s,知识点b3C9s,0.9988,99.88,3,3,3,good
be24259f2867b231800d,g7R2j,知识点g7R2j,0.8747,87.47,5,13,5,good
be24259f2867b231800d,k4W1c,知识点k4W1c,0.9988,99.88,1,1,1,good
be24259f2867b231800d,m3D1v,知识点m3D1v,0.863,86.3,12,39,17,good
be24259f2867b231800d,r8S3g,知识点r8S3g,0.7495,74.95,5,39,6,good
be24259f2867b231800d,s8Y2f,知识点s8Y2f,0.9987,99.87,1,1,1,good
be24259f2867b231800d,t5V9e,知识点t5V9e,0.7321,73.21,5,26,10,good
be24259f2867b231800d,y9W5d,知识点y9W5d,0.9223,92.23,11,28,21,good
c7c79725138f07b9c265,b3C9s,知识点b3C9s,0.9152,91.52,3,7,3,good
c7c79725138f07b9c265,g7R2j,知识点g7R2j,0.6913,69.13,5,46,28,good
c7c79725138f07b9c265,k4W1c,知识点k4W1c,0.8342,83.42,1,3,3,good
c7c79725138f07b9c265,m3D1v,知识点m3D1v,0.704,70.4,12,117,76,good
c7c79725138f07b9c265,r8S3g,知识点r8S3g,0.7003,70.03,5,54,8,good
c7c79725138f07b9c265,s8Y2f,知识点s8Y2f,0.65,65.0,1,5,4,good
c7c79725138f07b9c265,t5V9e,知识点t5V9e,0.7154,71.54,5,49,27,good
c7c79725138f07b9c265,y9W5d,知识点y9W5d,0.7168,71.68,11,141,101,good
e199ddadaaf5aee02eb8,b3C9s,知识点b3C9s,0.8593,85.93,3,8,3,good
e199ddadaaf5aee02eb8,g7R2j,知识点g7R2j,0.8246,82.46,5,13,5,good
e199ddadaaf5aee02eb8,k4W1c,知识点k4W1c,0.9987,99.87,1,1,1,good
e199ddadaaf5aee02eb8,m3D1v,知识点m3D1v,0.8003,80.03,12,65,20,good
e199ddadaaf5aee02eb8,r8S3g,知识点r8S3g,0.81,81.0,5,35,14,good
e199ddadaaf5aee02eb8,s8Y2f,知识点s8Y2f,0.66,66.0,1,5,1,good
e199ddadaaf5aee02eb8,t5V9e,知识点t5V9e,0.8017,80.17,5,21,13,good
e199ddadaaf5aee02eb8,y9W5d,知识点y9W5d,0.8204,82.04,11,36,13,good
b92448e12093e45dc6ff,b3C9s,知识点b3C9s,0.7074,70.74,3,18,4,good
b92448e12093e45dc6ff,g7R2j,知识点g7R2j,0.7747,77.47,5,23,6,good
b92448e12093e45dc6ff,k4W1c,知识点k4W1c,0.8633,86.33,1,3,2,good
b92448e12093e45dc6ff,m3D1v,知识点m3D1v,0.7455,74.55,12,50,16,good
b92448e12093e45dc6ff,r8S3g,知识点r8S3g,0.7193,71.93,5,28,7,good
b92448e12093e45dc6ff,s8Y2f,知识点s8Y2f,0.7609,76.09,1,3,1,good
b92448e12093e45dc6ff,t5V9e,知识点t5V9e,0.7231,72.31,5,58,36,good
b92448e12093e45dc6ff,y9W5d,知识点y9W5d,0.7427,74.27,11,52,19,good
28d90a892cc66338f962,b3C9s,知识点b3C9s,0.8986,89.86,3,12,8,good
28d90a892cc66338f962,g7R2j,知识点g7R2j,0.8279,82.79,5,9,7,good
28d90a892cc66338f962,k4W1c,知识点k4W1c,0.9975,99.75,1,1,1,good
28d90a892cc66338f962,m3D1v,知识点m3D1v,0.8157,81.57,12,43,28,good
28d90a892cc66338f962,r8S3g,知识点r8S3g,0.8131,81.31,5,12,7,good
28d90a892cc66338f962,s8Y2f,知识点s8Y2f,0.8133,81.33,1,2,1,good
28d90a892cc66338f962,t5V9e,知识点t5V9e,0.7443,74.43,5,37,28,good
28d90a892cc66338f962,y9W5d,知识点y9W5d,0.9658,96.58,11,21,19,good
3a9d955e2ef47191a742,b3C9s,知识点b3C9s,0.9907,99.07,3,3,3,good
3a9d955e2ef47191a742,g7R2j,知识点g7R2j,0.8948,89.48,5,26,23,good
3a9d955e2ef47191a742,k4W1c,知识点k4W1c,0.7765,77.65,1,6,6,good
3a9d955e2ef47191a742,m3D1v,知识点m3D1v,0.9099,90.99,12,20,16,good
3a9d955e2ef47191a742,r8S3g,知识点r8S3g,0.8284,82.84,5,19,6,good
3a9d955e2ef47191a742,s8Y2f,知识点s8Y2f,0.9983,99.83,1,1,1,good
3a9d955e2ef47191a742,t5V9e,知识点t5V9e,0.8708,87.08,5,25,22,good
3a9d955e2ef47191a742,y9W5d,知识点y9W5d,0.8419,84.19,11,75,71,good
1096bd470d3ddff1ec1c,b3C9s,知识点b3C9s,0.9989,99.89,3,3,3,good
1096bd470d3ddff1ec1c,g7R2j,知识点g7R2j,0.8971,89.71,5,11,11,good
1096bd470d3ddff1ec1c,k4W1c,知识点k4W1c,0.9975,99.75,1,1,1,good
1096bd470d3ddff1ec1c,m3D1v,知识点m3D1v,0.9701,97.01,12,15,14,good
1096bd470d3ddff1ec1c,r8S3g,知识点r8S3g,0.687,68.7,5,87,6,good
1096bd470d3ddff1ec1c,s8Y2f,知识点s8Y2f,0.8146,81.46,1,2,1,good
1096bd470d3ddff1ec1c,t5V9e,知识点t5V9e,0.7348,73.48,5,19,12,good
1096bd470d3ddff1ec1c,y9W5d,知识点y9W5d,0.9073,90.73,11,48,37,good
8b586d8b9c06414b2487,b3C9s,知识点b3C9s,0.9239,92.39,3,4,3,good
8b586d8b9c06414b2487,g7R2j,知识点g7R2j,0.8915,89.15,5,10,6,good
8b586d8b9c06414b2487,k4W1c,知识点k4W1c,0.9987,99.87,1,1,1,good
8b586d8b9c06414b2487,m3D1v,知识点m3D1v,0.7321,73.21,12,76,41,good
8b586d8b9c06414b2487,r8S3g,知识点r8S3g,0.6595,65.95,5,44,6,good
8b586d8b9c06414b2487,s8Y2f,知识点s8Y2f,0.6667,66.67,1,4,1,good
8b586d8b9c06414b2487,t5V9e,知识点t5V9e,0.6689,66.89,5,46,22,good
8b586d8b9c06414b2487,y9W5d,知识点y9W5d,0.7716,77.16,11,67,33,good
cc317db3f3bb874542a7,b3C9s,知识点b3C9s,0.9981,99.81,3,3,3,good
cc317db3f3bb874542a7,g7R2j,知识点g7R2j,0.8706,87.06,5,7,5,good
cc317db3f3bb874542a7,k4W1c,知识点k4W1c,0.9987,99.87,1,1,1,good
cc317db3f3bb874542a7,m3D1v,知识点m3D1v,0.8697,86.97,12,31,15,good
cc317db3f3bb874542a7,r8S3g,知识点r8S3g,0.7219,72.19,5,52,7,good
cc317db3f3bb874542a7,s8Y2f,知识点s8Y2f,0.729,72.9,1,2,1,good
cc317db3f3bb874542a7,t5V9e,知识点t5V9e,0.7594,75.94,5,40,25,good
cc317db3f3bb874542a7,y9W5d,知识点y9W5d,0.9568,95.68,11,14,12,good
1224ceafb61456a033d0,b3C9s,知识点b3C9s,0.8274,82.74,3,7,3,good
1224ceafb61456a033d0,g7R2j,知识点g7R2j,0.8018,80.18,5,30,11,good
1224ceafb61456a033d0,k4W1c,知识点k4W1c,0.9985,99.85,1,1,1,good
1224ceafb61456a033d0,m3D1v,知识点m3D1v,0.8224,82.24,12,37,18,good
1224ceafb61456a033d0,r8S3g,知识点r8S3g,0.7462,74.62,5,21,6,good
1224ceafb61456a033d0,s8Y2f,知识点s8Y2f,0.7615,76.15,1,1,1,good
1224ceafb61456a033d0,t5V9e,知识点t5V9e,0.848,84.8,5,16,11,good
1224ceafb61456a033d0,y9W5d,知识点y9W5d,0.8353,83.53,11,24,15,good
29acddb87cfe062d73f5,b3C9s,知识点b3C9s,0.9984,99.84,3,3,3,good
29acddb87cfe062d73f5,g7R2j,知识点g7R2j,0.8413,84.13,5,13,5,good
29acddb87cfe062d73f5,k4W1c,知识点k4W1c,0.6998,69.98,1,2,1,good
29acddb87cfe062d73f5,m3D1v,知识点m3D1v,0.7528,75.28,12,33,12,good
29acddb87cfe062d73f5,r8S3g,知识点r8S3g,0.7721,77.21,5,33,14,good
29acddb87cfe062d73f5,s8Y2f,知识点s8Y2f,0.5707,57.07,1,1,1,medium
29acddb87cfe062d73f5,t5V9e,知识点t5V9e,0.754,75.4,5,37,12,good
29acddb87cfe062d73f5,y9W5d,知识点y9W5d,0.7348,73.48,11,23,15,good
e103cf810dfba59d0431,b3C9s,知识点b3C9s,0.9274,92.74,3,5,3,good
e103cf810dfba59d0431,g7R2j,知识点g7R2j,0.7945,79.45,5,20,6,good
e103cf810dfba59d0431,k4W1c,知识点k4W1c,0.8138,81.38,1,2,1,good
e103cf810dfba59d0431,m3D1v,知识点m3D1v,0.9043,90.43,12,28,15,good
e103cf810dfba59d0431,r8S3g,知识点r8S3g,0.7427,74.27,5,60,13,good
e103cf810dfba59d0431,s8Y2f,知识点s8Y2f,0.997,99.7,1,1,1,good
e103cf810dfba59d0431,t5V9e,知识点t5V9e,0.7847,78.47,5,23,5,good
e103cf810dfba59d0431,y9W5d,知识点y9W5d,0.9282,92.82,11,15,11,good
25c8e1ae2335e8c3e5b3,b3C9s,知识点b3C9s,0.8039,80.39,3,5,4,good
25c8e1ae2335e8c3e5b3,g7R2j,知识点g7R2j,0.6815,68.15,5,28,17,good
25c8e1ae2335e8c3e5b3,k4W1c,知识点k4W1c,0.6752,67.52,1,2,1,good
25c8e1ae2335e8c3e5b3,m3D1v,知识点m3D1v,0.7022,70.22,12,57,18,good
25c8e1ae2335e8c3e5b3,r8S3g,知识点r8S3g,0.7225,72.25,5,75,10,good
25c8e1ae2335e8c3e5b3,s8Y2f,知识点s8Y2f,0.6608,66.08,1,2,1,good
25c8e1ae2335e8c3e5b3,t5V9e,知识点t5V9e,0.7594,75.94,5,26,6,good
25c8e1ae2335e8c3e5b3,y9W5d,知识点y9W5d,0.6987,69.87,11,64,24,good
b8a4fd679898150ef87a,b3C9s,知识点b3C9s,0.8073,80.73,3,17,10,good
b8a4fd679898150ef87a,g7R2j,知识点g7R2j,0.7385,73.85,5,34,22,good
b8a4fd679898150ef87a,k4W1c,知识点k4W1c,0.6534,65.34,1,3,1,good
b8a4fd679898150ef87a,m3D1v,知识点m3D1v,0.7252,72.52,12,83,41,good
b8a4fd679898150ef87a,r8S3g,知识点r8S3g,0.6954,69.54,5,55,11,good
b8a4fd679898150ef87a,s8Y2f,知识点s8Y2f,0.6585,65.85,1,4,2,good
b8a4fd679898150ef87a,t5V9e,知识点t5V9e,0.697,69.7,5,74,38,good
b8a4fd679898150ef87a,y9W5d,知识点y9W5d,0.7331,73.31,11,92,33,good
80423084979315c20dbf,b3C9s,知识点b3C9s,0.7986,79.86,3,6,3,good
80423084979315c20dbf,g7R2j,知识点g7R2j,0.854,85.4,5,13,5,good
80423084979315c20dbf,k4W1c,知识点k4W1c,0.7199,71.99,1,5,1,good
80423084979315c20dbf,m3D1v,知识点m3D1v,0.7597,75.97,12,54,12,good
80423084979315c20dbf,r8S3g,知识点r8S3g,0.7623,76.23,5,33,6,good
80423084979315c20dbf,s8Y2f,知识点s8Y2f,0.7289,72.89,1,2,1,good
80423084979315c20dbf,t5V9e,知识点t5V9e,0.7279,72.79,5,38,12,good
80423084979315c20dbf,y9W5d,知识点y9W5d,0.8457,84.57,11,31,11,good
217c87d59a4372c4f3fc,b3C9s,知识点b3C9s,0.736,73.6,3,31,10,good
217c87d59a4372c4f3fc,g7R2j,知识点g7R2j,0.8597,85.97,5,19,6,good
217c87d59a4372c4f3fc,k4W1c,知识点k4W1c,0.8135,81.35,1,1,1,good
217c87d59a4372c4f3fc,m3D1v,知识点m3D1v,0.8063,80.63,12,79,28,good
217c87d59a4372c4f3fc,r8S3g,知识点r8S3g,0.7156,71.56,5,39,6,good
217c87d59a4372c4f3fc,s8Y2f,知识点s8Y2f,0.7622,76.22,1,3,1,good
217c87d59a4372c4f3fc,t5V9e,知识点t5V9e,0.7772,77.72,5,24,10,good
217c87d59a4372c4f3fc,y9W5d,知识点y9W5d,0.8418,84.18,11,33,15,good
5ada57d72f07c3803d33,b3C9s,知识点b3C9s,0.9988,99.88,3,3,3,good
5ada57d72f07c3803d33,g7R2j,知识点g7R2j,0.9513,95.13,5,7,6,good
5ada57d72f07c3803d33,k4W1c,知识点k4W1c,0.7203,72.03,1,5,1,good
5ada57d72f07c3803d33,m3D1v,知识点m3D1v,0.8573,85.73,12,31,18,good
5ada57d72f07c3803d33,r8S3g,知识点r8S3g,0.8185,81.85,5,37,6,good
5ada57d72f07c3803d33,s8Y2f,知识点s8Y2f,0.8286,82.86,1,6,6,good
5ada57d72f07c3803d33,t5V9e,知识点t5V9e,0.8758,87.58,5,25,16,good
5ada57d72f07c3803d33,y9W5d,知识点y9W5d,0.7868,78.68,11,42,19,good
f1c1c0932bfeb74762d0,b3C9s,知识点b3C9s,0.7867,78.67,3,24,4,good
f1c1c0932bfeb74762d0,g7R2j,知识点g7R2j,0.7056,70.56,5,46,15,good
f1c1c0932bfeb74762d0,k4W1c,知识点k4W1c,0.6508,65.08,1,6,5,good
f1c1c0932bfeb74762d0,m3D1v,知识点m3D1v,0.6859,68.59,12,109,36,good
f1c1c0932bfeb74762d0,r8S3g,知识点r8S3g,0.6809,68.09,5,66,8,good
f1c1c0932bfeb74762d0,s8Y2f,知识点s8Y2f,0.6002,60.02,1,10,7,good
f1c1c0932bfeb74762d0,t5V9e,知识点t5V9e,0.6795,67.95,5,38,17,good
f1c1c0932bfeb74762d0,y9W5d,知识点y9W5d,0.6864,68.64,11,72,35,good
b21ec59d991586279d95,b3C9s,知识点b3C9s,0.9943,99.43,3,3,3,good
b21ec59d991586279d95,g7R2j,知识点g7R2j,0.7902,79.02,4,8,4,good
b21ec59d991586279d95,k4W1c,知识点k4W1c,0.9967,99.67,1,1,1,good
b21ec59d991586279d95,m3D1v,知识点m3D1v,0.7553,75.53,12,60,19,good
b21ec59d991586279d95,r8S3g,知识点r8S3g,0.6854,68.54,5,82,6,good
b21ec59d991586279d95,s8Y2f,知识点s8Y2f,0.9987,99.87,1,1,1,good
b21ec59d991586279d95,t5V9e,知识点t5V9e,0.7131,71.31,5,58,20,good
b21ec59d991586279d95,y9W5d,知识点y9W5d,0.8659,86.59,11,28,14,good
e28711e2f5500d3d6b04,b3C9s,知识点b3C9s,0.8041,80.41,3,22,3,good
e28711e2f5500d3d6b04,g7R2j,知识点g7R2j,0.7255,72.55,5,20,13,good
e28711e2f5500d3d6b04,k4W1c,知识点k4W1c,0.7623,76.23,1,1,1,good
e28711e2f5500d3d6b04,m3D1v,知识点m3D1v,0.7163,71.63,12,101,45,good
e28711e2f5500d3d6b04,r8S3g,知识点r8S3g,0.5869,58.69,5,142,6,medium
e28711e2f5500d3d6b04,s8Y2f,知识点s8Y2f,0.583,58.3,1,37,16,medium
e28711e2f5500d3d6b04,t5V9e,知识点t5V9e,0.7191,71.91,5,119,88,good
e28711e2f5500d3d6b04,y9W5d,知识点y9W5d,0.7325,73.25,11,82,45,good
0d260d8fac2289c8ed9e,b3C9s,知识点b3C9s,0.7163,71.63,3,10,4,good
0d260d8fac2289c8ed9e,g7R2j,知识点g7R2j,0.7128,71.28,5,33,23,good
0d260d8fac2289c8ed9e,k4W1c,知识点k4W1c,0.8627,86.27,1,3,3,good
0d260d8fac2289c8ed9e,m3D1v,知识点m3D1v,0.8131,81.31,12,33,23,good
0d260d8fac2289c8ed9e,r8S3g,知识点r8S3g,0.8045,80.45,5,35,6,good
0d260d8fac2289c8ed9e,s8Y2f,知识点s8Y2f,0.633,63.3,1,4,1,good
0d260d8fac2289c8ed9e,t5V9e,知识点t5V9e,0.7825,78.25,5,19,13,good
0d260d8fac2289c8ed9e,y9W5d,知识点y9W5d,0.7718,77.18,11,41,34,good
4c79be630ae9d3db6aaf,b3C9s,知识点b3C9s,0.9161,91.61,3,7,4,good
4c79be630ae9d3db6aaf,g7R2j,知识点g7R2j,0.7308,73.08,5,22,6,good
4c79be630ae9d3db6aaf,k4W1c,知识点k4W1c,0.9952,99.52,1,1,1,good
4c79be630ae9d3db6aaf,m3D1v,知识点m3D1v,0.7447,74.47,12,69,30,good
4c79be630ae9d3db6aaf,r8S3g,知识点r8S3g,0.78,78.0,5,13,6,good
4c79be630ae9d3db6aaf,s8Y2f,知识点s8Y2f,0.5773,57.73,1,1,1,medium
4c79be630ae9d3db6aaf,t5V9e,知识点t5V9e,0.7399,73.99,5,37,16,good
4c79be630ae9d3db6aaf,y9W5d,知识点y9W5d,0.7625,76.25,11,59,24,good
5e12a0421c20717035cb,b3C9s,知识点b3C9s,0.7821,78.21,3,8,3,good
5e12a0421c20717035cb,g7R2j,知识点g7R2j,0.8143,81.43,5,12,6,good
5e12a0421c20717035cb,k4W1c,知识点k4W1c,0.9952,99.52,1,1,1,good
5e12a0421c20717035cb,m3D1v,知识点m3D1v,0.8253,82.53,12,65,28,good
5e12a0421c20717035cb,r8S3g,知识点r8S3g,0.6359,63.59,5,81,16,good
5e12a0421c20717035cb,s8Y2f,知识点s8Y2f,0.6862,68.62,1,2,1,good
5e12a0421c20717035cb,t5V9e,知识点t5V9e,0.744,74.4,5,80,26,good
5e12a0421c20717035cb,y9W5d,知识点y9W5d,0.8359,83.59,11,57,23,good
7207088b2ef28ff6b669,b3C9s,知识点b3C9s,0.4687,46.87,2,2,1,medium
7207088b2ef28ff6b669,g7R2j,知识点g7R2j,0.7315,73.15,4,4,4,good
7207088b2ef28ff6b669,k4W1c,知识点k4W1c,0.998,99.8,1,1,1,good
7207088b2ef28ff6b669,m3D1v,知识点m3D1v,0.9407,94.07,12,16,13,good
7207088b2ef28ff6b669,r8S3g,知识点r8S3g,0.7998,79.98,5,19,9,good
7207088b2ef28ff6b669,s8Y2f,知识点s8Y2f,0.9975,99.75,1,1,1,good
7207088b2ef28ff6b669,t5V9e,知识点t5V9e,0.8939,89.39,5,29,24,good
7207088b2ef28ff6b669,y9W5d,知识点y9W5d,0.8899,88.99,11,27,22,good
c24bc0aaf20c79d2dfda,b3C9s,知识点b3C9s,0.9419,94.19,3,4,3,good
c24bc0aaf20c79d2dfda,g7R2j,知识点g7R2j,0.8264,82.64,5,30,8,good
c24bc0aaf20c79d2dfda,k4W1c,知识点k4W1c,0.9974,99.74,1,1,1,good
c24bc0aaf20c79d2dfda,m3D1v,知识点m3D1v,0.9338,93.38,12,29,17,good
c24bc0aaf20c79d2dfda,r8S3g,知识点r8S3g,0.6828,68.28,5,28,8,good
c24bc0aaf20c79d2dfda,s8Y2f,知识点s8Y2f,0.6888,68.88,1,8,2,good
c24bc0aaf20c79d2dfda,t5V9e,知识点t5V9e,0.8967,89.67,5,11,7,good
c24bc0aaf20c79d2dfda,y9W5d,知识点y9W5d,0.895,89.5,11,41,16,good
24524df0ca55659c384e,b3C9s,知识点b3C9s,0.8135,81.35,3,9,8,good
24524df0ca55659c384e,g7R2j,知识点g7R2j,0.7817,78.17,5,23,10,good
24524df0ca55659c384e,k4W1c,知识点k4W1c,0.8635,86.35,1,2,2,good
24524df0ca55659c384e,m3D1v,知识点m3D1v,0.9166,91.66,12,30,23,good
24524df0ca55659c384e,r8S3g,知识点r8S3g,0.7176,71.76,5,81,8,good
24524df0ca55659c384e,s8Y2f,知识点s8Y2f,0.7477,74.77,1,4,2,good
24524df0ca55659c384e,t5V9e,知识点t5V9e,0.8496,84.96,5,28,15,good
24524df0ca55659c384e,y9W5d,知识点y9W5d,0.922,92.2,11,23,19,good
ed5a13234f04cae4894d,b3C9s,知识点b3C9s,0.9977,99.77,3,3,3,good
ed5a13234f04cae4894d,g7R2j,知识点g7R2j,0.8408,84.08,5,8,4,good
ed5a13234f04cae4894d,k4W1c,知识点k4W1c,0.9975,99.75,1,1,1,good
ed5a13234f04cae4894d,m3D1v,知识点m3D1v,0.919,91.9,12,19,12,good
ed5a13234f04cae4894d,r8S3g,知识点r8S3g,0.9247,92.47,5,9,6,good
ed5a13234f04cae4894d,s8Y2f,知识点s8Y2f,0.9977,99.77,1,1,1,good
ed5a13234f04cae4894d,t5V9e,知识点t5V9e,0.9513,95.13,5,7,5,good
ed5a13234f04cae4894d,y9W5d,知识点y9W5d,0.9934,99.34,11,12,12,good
e7958857e7d2292ffbc7,b3C9s,知识点b3C9s,0.9039,90.39,3,5,3,good
e7958857e7d2292ffbc7,g7R2j,知识点g7R2j,0.8103,81.03,4,6,3,good
e7958857e7d2292ffbc7,k4W1c,知识点k4W1c,0.9972,99.72,1,1,1,good
e7958857e7d2292ffbc7,m3D1v,知识点m3D1v,0.8462,84.62,12,38,27,good
e7958857e7d2292ffbc7,r8S3g,知识点r8S3g,0.7326,73.26,5,75,6,good
e7958857e7d2292ffbc7,s8Y2f,知识点s8Y2f,0.8143,81.43,1,2,1,good
e7958857e7d2292ffbc7,t5V9e,知识点t5V9e,0.7872,78.72,5,19,9,good
e7958857e7d2292ffbc7,y9W5d,知识点y9W5d,0.9527,95.27,11,19,16,good
86366c9920186cc4d1a3,b3C9s,知识点b3C9s,0.9984,99.84,3,3,3,good
86366c9920186cc4d1a3,g7R2j,知识点g7R2j,0.7358,73.58,5,14,6,good
86366c9920186cc4d1a3,k4W1c,知识点k4W1c,0.998,99.8,1,1,1,good
86366c9920186cc4d1a3,m3D1v,知识点m3D1v,0.8496,84.96,12,37,28,good
86366c9920186cc4d1a3,r8S3g,知识点r8S3g,0.6645,66.45,5,46,6,good
86366c9920186cc4d1a3,s8Y2f,知识点s8Y2f,0.996,99.6,1,1,1,good
86366c9920186cc4d1a3,t5V9e,知识点t5V9e,0.7708,77.08,5,53,30,good
86366c9920186cc4d1a3,y9W5d,知识点y9W5d,0.9598,95.98,11,15,12,good
767e222eeb367b2b010f,b3C9s,知识点b3C9s,0.7822,78.22,3,27,14,good
767e222eeb367b2b010f,g7R2j,知识点g7R2j,0.6701,67.01,5,53,26,good
767e222eeb367b2b010f,k4W1c,知识点k4W1c,0.6809,68.09,1,5,2,good
767e222eeb367b2b010f,m3D1v,知识点m3D1v,0.7924,79.24,12,37,25,good
767e222eeb367b2b010f,r8S3g,知识点r8S3g,0.7312,73.12,5,58,7,good
767e222eeb367b2b010f,s8Y2f,知识点s8Y2f,0.5546,55.46,1,5,1,medium
767e222eeb367b2b010f,t5V9e,知识点t5V9e,0.7312,73.12,5,19,6,good
767e222eeb367b2b010f,y9W5d,知识点y9W5d,0.7097,70.97,11,82,45,good
46a60ed041c8ebf98061,b3C9s,知识点b3C9s,0.9238,92.38,3,3,3,good
46a60ed041c8ebf98061,g7R2j,知识点g7R2j,0.9142,91.42,5,8,5,good
46a60ed041c8ebf98061,k4W1c,知识点k4W1c,0.9982,99.82,1,1,1,good
46a60ed041c8ebf98061,m3D1v,知识点m3D1v,0.9674,96.74,12,20,14,good
46a60ed041c8ebf98061,r8S3g,知识点r8S3g,0.9059,90.59,5,10,6,good
46a60ed041c8ebf98061,s8Y2f,知识点s8Y2f,0.653,65.3,1,3,1,good
46a60ed041c8ebf98061,t5V9e,知识点t5V9e,0.7866,78.66,5,22,11,good
46a60ed041c8ebf98061,y9W5d,知识点y9W5d,0.9287,92.87,11,16,14,good
54342435561e775ce97f,b3C9s,知识点b3C9s,0.7804,78.04,3,5,3,good
54342435561e775ce97f,g7R2j,知识点g7R2j,0.8666,86.66,5,12,11,good
54342435561e775ce97f,k4W1c,知识点k4W1c,0.8622,86.22,1,3,3,good
54342435561e775ce97f,m3D1v,知识点m3D1v,0.8826,88.26,12,30,26,good
54342435561e775ce97f,r8S3g,知识点r8S3g,0.8174,81.74,5,21,11,good
54342435561e775ce97f,s8Y2f,知识点s8Y2f,0.6564,65.64,1,7,7,good
54342435561e775ce97f,t5V9e,知识点t5V9e,0.8896,88.96,5,50,47,good
54342435561e775ce97f,y9W5d,知识点y9W5d,0.8644,86.44,11,57,55,good
78e6c80ea8dc73ec747d,b3C9s,知识点b3C9s,0.8685,86.85,3,4,3,good
78e6c80ea8dc73ec747d,g7R2j,知识点g7R2j,0.9612,96.12,5,6,5,good
78e6c80ea8dc73ec747d,k4W1c,知识点k4W1c,0.9893,98.93,1,1,1,good
78e6c80ea8dc73ec747d,m3D1v,知识点m3D1v,0.9475,94.75,12,16,12,good
78e6c80ea8dc73ec747d,r8S3g,知识点r8S3g,0.8407,84.07,5,21,8,good
78e6c80ea8dc73ec747d,s8Y2f,知识点s8Y2f,0.9989,99.89,1,1,1,good
78e6c80ea8dc73ec747d,t5V9e,知识点t5V9e,0.9969,99.69,5,5,5,good
78e6c80ea8dc73ec747d,y9W5d,知识点y9W5d,0.9787,97.87,11,12,11,good
f50dcd09709383fea95f,b3C9s,知识点b3C9s,0.9976,99.76,3,3,3,good
f50dcd09709383fea95f,g7R2j,知识点g7R2j,0.8588,85.88,5,12,5,good
f50dcd09709383fea95f,k4W1c,知识点k4W1c,0.9967,99.67,1,1,1,good
f50dcd09709383fea95f,m3D1v,知识点m3D1v,0.9644,96.44,12,22,13,good
f50dcd09709383fea95f,r8S3g,知识点r8S3g,0.7303,73.03,5,59,7,good
f50dcd09709383fea95f,s8Y2f,知识点s8Y2f,0.9976,99.76,1,2,2,good
f50dcd09709383fea95f,t5V9e,知识点t5V9e,0.7535,75.35,5,68,32,good
f50dcd09709383fea95f,y9W5d,知识点y9W5d,0.9556,95.56,11,29,13,good
ade35014b25afed24916,b3C9s,知识点b3C9s,0.8273,82.73,3,6,3,good
ade35014b25afed24916,g7R2j,知识点g7R2j,0.7392,73.92,5,32,6,good
ade35014b25afed24916,k4W1c,知识点k4W1c,0.9984,99.84,1,1,1,good
ade35014b25afed24916,m3D1v,知识点m3D1v,0.8789,87.89,12,27,12,good
ade35014b25afed24916,r8S3g,知识点r8S3g,0.8406,84.06,5,13,6,good
ade35014b25afed24916,s8Y2f,知识点s8Y2f,0.5733,57.33,1,6,1,medium
ade35014b25afed24916,t5V9e,知识点t5V9e,0.8208,82.08,5,10,5,good
ade35014b25afed24916,y9W5d,知识点y9W5d,0.8458,84.58,11,27,13,good
914f82268754cbf71a54,b3C9s,知识点b3C9s,0.8799,87.99,3,4,3,good
914f82268754cbf71a54,g7R2j,知识点g7R2j,0.8648,86.48,5,14,11,good
914f82268754cbf71a54,k4W1c,知识点k4W1c,0.7863,78.63,1,4,3,good
914f82268754cbf71a54,m3D1v,知识点m3D1v,0.9517,95.17,12,15,14,good
914f82268754cbf71a54,r8S3g,知识点r8S3g,0.8279,82.79,5,25,6,good
914f82268754cbf71a54,s8Y2f,知识点s8Y2f,0.7291,72.91,1,1,1,good
914f82268754cbf71a54,t5V9e,知识点t5V9e,0.9418,94.18,5,16,8,good
914f82268754cbf71a54,y9W5d,知识点y9W5d,0.8975,89.75,11,21,19,good
c0884e4814b0f32935f8,b3C9s,知识点b3C9s,0.9977,99.77,3,3,3,good
c0884e4814b0f32935f8,g7R2j,知识点g7R2j,0.9985,99.85,5,5,5,good
c0884e4814b0f32935f8,k4W1c,知识点k4W1c,0.9984,99.84,1,1,1,good
c0884e4814b0f32935f8,m3D1v,知识点m3D1v,0.9738,97.38,12,17,14,good
c0884e4814b0f32935f8,r8S3g,知识点r8S3g,0.9987,99.87,5,6,6,good
c0884e4814b0f32935f8,s8Y2f,知识点s8Y2f,0.9983,99.83,1,1,1,good
c0884e4814b0f32935f8,t5V9e,知识点t5V9e,0.9254,92.54,5,11,6,good
c0884e4814b0f32935f8,y9W5d,知识点y9W5d,0.9953,99.53,11,13,13,good
a87767892344a954c746,b3C9s,知识点b3C9s,0.7958,79.58,3,11,11,good
a87767892344a954c746,g7R2j,知识点g7R2j,0.6897,68.97,5,38,26,good
a87767892344a954c746,k4W1c,知识点k4W1c,0.706,70.6,1,3,2,good
a87767892344a954c746,m3D1v,知识点m3D1v,0.8044,80.44,12,50,32,good
a87767892344a954c746,r8S3g,知识点r8S3g,0.7513,75.13,5,44,11,good
a87767892344a954c746,s8Y2f,知识点s8Y2f,0.6413,64.13,1,4,1,good
a87767892344a954c746,t5V9e,知识点t5V9e,0.8043,80.43,5,15,11,good
a87767892344a954c746,y9W5d,知识点y9W5d,0.7921,79.21,11,44,30,good
8f81bd9cbc5471ebfc60,b3C9s,知识点b3C9s,0.8403,84.03,3,6,4,good
8f81bd9cbc5471ebfc60,g7R2j,知识点g7R2j,0.6981,69.81,5,36,26,good
8f81bd9cbc5471ebfc60,k4W1c,知识点k4W1c,0.9975,99.75,1,1,1,good
8f81bd9cbc5471ebfc60,m3D1v,知识点m3D1v,0.7409,74.09,12,54,24,good
8f81bd9cbc5471ebfc60,r8S3g,知识点r8S3g,0.7086,70.86,5,60,14,good
8f81bd9cbc5471ebfc60,s8Y2f,知识点s8Y2f,0.7242,72.42,1,2,2,good
8f81bd9cbc5471ebfc60,t5V9e,知识点t5V9e,0.7206,72.06,5,51,42,good
8f81bd9cbc5471ebfc60,y9W5d,知识点y9W5d,0.7663,76.63,11,69,42,good
vwyziyyebvsje4dqjsrp,b3C9s,知识点b3C9s,0.9979,99.79,3,3,3,good
vwyziyyebvsje4dqjsrp,g7R2j,知识点g7R2j,0.8244,82.44,5,15,8,good
vwyziyyebvsje4dqjsrp,k4W1c,知识点k4W1c,0.7006,70.06,1,11,8,good
vwyziyyebvsje4dqjsrp,m3D1v,知识点m3D1v,0.86,86.0,12,25,19,good
vwyziyyebvsje4dqjsrp,r8S3g,知识点r8S3g,0.9988,99.88,5,6,6,good
vwyziyyebvsje4dqjsrp,s8Y2f,知识点s8Y2f,0.7289,72.89,1,2,1,good
vwyziyyebvsje4dqjsrp,t5V9e,知识点t5V9e,0.9985,99.85,5,5,5,good
vwyziyyebvsje4dqjsrp,y9W5d,知识点y9W5d,0.7635,76.35,11,48,32,good
5c83f4ed6601ddf1a6fa,b3C9s,知识点b3C9s,0.897,89.7,3,6,3,good
5c83f4ed6601ddf1a6fa,g7R2j,知识点g7R2j,0.8868,88.68,5,10,5,good
5c83f4ed6601ddf1a6fa,k4W1c,知识点k4W1c,0.9982,99.82,1,1,1,good
5c83f4ed6601ddf1a6fa,m3D1v,知识点m3D1v,0.8992,89.92,12,18,13,good
5c83f4ed6601ddf1a6fa,r8S3g,知识点r8S3g,0.8183,81.83,5,32,6,good
5c83f4ed6601ddf1a6fa,s8Y2f,知识点s8Y2f,0.6751,67.51,1,3,1,good
5c83f4ed6601ddf1a6fa,t5V9e,知识点t5V9e,0.8536,85.36,5,25,17,good
5c83f4ed6601ddf1a6fa,y9W5d,知识点y9W5d,0.9151,91.51,11,17,11,good
0999173c045ee29a0b44,b3C9s,知识点b3C9s,0.905,90.5,3,8,7,good
0999173c045ee29a0b44,g7R2j,知识点g7R2j,0.854,85.4,5,12,10,good
0999173c045ee29a0b44,k4W1c,知识点k4W1c,0.7279,72.79,1,1,1,good
0999173c045ee29a0b44,m3D1v,知识点m3D1v,0.8172,81.72,12,41,16,good
0999173c045ee29a0b44,r8S3g,知识点r8S3g,0.7812,78.12,5,33,12,good
0999173c045ee29a0b44,s8Y2f,知识点s8Y2f,0.7621,76.21,1,1,1,good
0999173c045ee29a0b44,t5V9e,知识点t5V9e,0.8863,88.63,5,13,9,good
0999173c045ee29a0b44,y9W5d,知识点y9W5d,0.8471,84.71,11,18,13,good
8f477d2c60ec76ce22b7,b3C9s,知识点b3C9s,0.7501,75.01,3,16,6,good
8f477d2c60ec76ce22b7,g7R2j,知识点g7R2j,0.9016,90.16,5,6,5,good
8f477d2c60ec76ce22b7,k4W1c,知识点k4W1c,0.7284,72.84,1,3,2,good
8f477d2c60ec76ce22b7,m3D1v,知识点m3D1v,0.8727,87.27,12,27,17,good
8f477d2c60ec76ce22b7,r8S3g,知识点r8S3g,0.8706,87.06,5,22,12,good
8f477d2c60ec76ce22b7,s8Y2f,知识点s8Y2f,0.6651,66.51,1,6,4,good
8f477d2c60ec76ce22b7,t5V9e,知识点t5V9e,0.8745,87.45,5,16,12,good
8f477d2c60ec76ce22b7,y9W5d,知识点y9W5d,0.7754,77.54,11,34,16,good
6604efc6fd93e070f40a,b3C9s,知识点b3C9s,0.8795,87.95,3,5,5,good
6604efc6fd93e070f40a,g7R2j,知识点g7R2j,0.8947,89.47,5,14,14,good
6604efc6fd93e070f40a,k4W1c,知识点k4W1c,0.9987,99.87,1,1,1,good
6604efc6fd93e070f40a,m3D1v,知识点m3D1v,0.8854,88.54,12,18,17,good
6604efc6fd93e070f40a,r8S3g,知识点r8S3g,0.8863,88.63,5,32,6,good
6604efc6fd93e070f40a,s8Y2f,知识点s8Y2f,0.7574,75.74,1,9,4,good
6604efc6fd93e070f40a,t5V9e,知识点t5V9e,0.8457,84.57,5,7,5,good
6604efc6fd93e070f40a,y9W5d,知识点y9W5d,0.9197,91.97,11,24,19,good
1883af270e36a7580332,b3C9s,知识点b3C9s,0.9985,99.85,3,3,3,good
1883af270e36a7580332,g7R2j,知识点g7R2j,0.9984,99.84,5,5,5,good
1883af270e36a7580332,k4W1c,知识点k4W1c,0.9962,99.62,1,2,2,good
1883af270e36a7580332,m3D1v,知识点m3D1v,0.8435,84.35,12,32,12,good
1883af270e36a7580332,r8S3g,知识点r8S3g,0.744,74.4,5,37,14,good
1883af270e36a7580332,s8Y2f,知识点s8Y2f,0.8098,80.98,1,1,1,good
1883af270e36a7580332,t5V9e,知识点t5V9e,0.7516,75.16,5,42,14,good
1883af270e36a7580332,y9W5d,知识点y9W5d,0.8963,89.63,11,16,13,good
a14b9aa97f66fc82ede3,b3C9s,知识点b3C9s,0.9983,99.83,3,5,5,good
a14b9aa97f66fc82ede3,g7R2j,知识点g7R2j,0.864,86.4,5,8,8,good
a14b9aa97f66fc82ede3,k4W1c,知识点k4W1c,0.9983,99.83,1,1,1,good
a14b9aa97f66fc82ede3,m3D1v,知识点m3D1v,0.863,86.3,12,36,22,good
a14b9aa97f66fc82ede3,r8S3g,知识点r8S3g,0.7338,73.38,5,65,15,good
a14b9aa97f66fc82ede3,s8Y2f,知识点s8Y2f,0.8136,81.36,1,2,1,good
a14b9aa97f66fc82ede3,t5V9e,知识点t5V9e,0.8974,89.74,5,44,33,good
a14b9aa97f66fc82ede3,y9W5d,知识点y9W5d,0.9224,92.24,11,21,14,good
388090578f22a3c33738,b3C9s,知识点b3C9s,0.9977,99.77,3,3,3,good
388090578f22a3c33738,g7R2j,知识点g7R2j,0.9044,90.44,5,5,5,good
388090578f22a3c33738,k4W1c,知识点k4W1c,0.8618,86.18,1,3,3,good
388090578f22a3c33738,m3D1v,知识点m3D1v,0.9256,92.56,12,28,18,good
388090578f22a3c33738,r8S3g,知识点r8S3g,0.8808,88.08,5,11,6,good
388090578f22a3c33738,s8Y2f,知识点s8Y2f,0.7785,77.85,1,3,2,good
388090578f22a3c33738,t5V9e,知识点t5V9e,0.9028,90.28,5,19,19,good
388090578f22a3c33738,y9W5d,知识点y9W5d,0.8856,88.56,11,20,19,good
1fc5b87acdfc2a8b580c,b3C9s,知识点b3C9s,0.9978,99.78,3,3,3,good
1fc5b87acdfc2a8b580c,g7R2j,知识点g7R2j,0.8726,87.26,5,14,12,good
1fc5b87acdfc2a8b580c,k4W1c,知识点k4W1c,0.9465,94.65,1,2,2,good
1fc5b87acdfc2a8b580c,m3D1v,知识点m3D1v,0.9335,93.35,12,30,27,good
1fc5b87acdfc2a8b580c,r8S3g,知识点r8S3g,0.8236,82.36,5,11,6,good
1fc5b87acdfc2a8b580c,s8Y2f,知识点s8Y2f,0.9989,99.89,1,1,1,good
1fc5b87acdfc2a8b580c,t5V9e,知识点t5V9e,0.8454,84.54,5,21,8,good
1fc5b87acdfc2a8b580c,y9W5d,知识点y9W5d,0.8987,89.87,11,30,20,good
0b28c0a454678b75eefb,b3C9s,知识点b3C9s,0.9979,99.79,3,3,3,good
0b28c0a454678b75eefb,g7R2j,知识点g7R2j,0.9507,95.07,5,7,5,good
0b28c0a454678b75eefb,k4W1c,知识点k4W1c,0.9976,99.76,1,3,3,good
0b28c0a454678b75eefb,m3D1v,知识点m3D1v,0.9325,93.25,12,33,23,good
0b28c0a454678b75eefb,r8S3g,知识点r8S3g,0.8971,89.71,5,10,6,good
0b28c0a454678b75eefb,s8Y2f,知识点s8Y2f,0.9971,99.71,1,1,1,good
0b28c0a454678b75eefb,t5V9e,知识点t5V9e,0.9272,92.72,5,10,6,good
0b28c0a454678b75eefb,y9W5d,知识点y9W5d,0.9886,98.86,11,25,25,good
dfa917b9dc15c87ab016,b3C9s,知识点b3C9s,0.5519,55.19,3,77,17,medium
dfa917b9dc15c87ab016,g7R2j,知识点g7R2j,0.6668,66.68,5,77,50,good
dfa917b9dc15c87ab016,k4W1c,知识点k4W1c,0.6873,68.73,1,4,1,good
dfa917b9dc15c87ab016,m3D1v,知识点m3D1v,0.7799,77.99,12,141,100,good
dfa917b9dc15c87ab016,r8S3g,知识点r8S3g,0.7158,71.58,5,35,8,good
dfa917b9dc15c87ab016,s8Y2f,知识点s8Y2f,0.6085,60.85,1,2,1,good
dfa917b9dc15c87ab016,t5V9e,知识点t5V9e,0.8025,80.25,5,58,33,good
dfa917b9dc15c87ab016,y9W5d,知识点y9W5d,0.7354,73.54,11,98,76,good
2e54b1c7bff5847c82a8,b3C9s,知识点b3C9s,0.8527,85.27,3,15,9,good
2e54b1c7bff5847c82a8,g7R2j,知识点g7R2j,0.7004,70.04,5,85,80,good
2e54b1c7bff5847c82a8,k4W1c,知识点k4W1c,0.6747,67.47,1,1,1,good
2e54b1c7bff5847c82a8,m3D1v,知识点m3D1v,0.8212,82.12,12,109,76,good
2e54b1c7bff5847c82a8,r8S3g,知识点r8S3g,0.8614,86.14,5,17,10,good
2e54b1c7bff5847c82a8,s8Y2f,知识点s8Y2f,0.6621,66.21,1,6,3,good
2e54b1c7bff5847c82a8,t5V9e,知识点t5V9e,0.7372,73.72,5,60,35,good
2e54b1c7bff5847c82a8,y9W5d,知识点y9W5d,0.755,75.5,11,137,108,good
869eacc999a52155ed53,b3C9s,知识点b3C9s,0.762,76.2,3,9,8,good
869eacc999a52155ed53,g7R2j,知识点g7R2j,0.7957,79.57,5,45,35,good
869eacc999a52155ed53,k4W1c,知识点k4W1c,0.6974,69.74,1,11,3,good
869eacc999a52155ed53,m3D1v,知识点m3D1v,0.8568,85.68,12,45,23,good
869eacc999a52155ed53,r8S3g,知识点r8S3g,0.7619,76.19,5,20,6,good
869eacc999a52155ed53,s8Y2f,知识点s8Y2f,0.9985,99.85,1,2,2,good
869eacc999a52155ed53,t5V9e,知识点t5V9e,0.7863,78.63,5,12,11,good
869eacc999a52155ed53,y9W5d,知识点y9W5d,0.89,89.0,11,33,24,good
cby6hsod14blxr7zyfjs,b3C9s,知识点b3C9s,0.4949,49.49,2,7,4,medium
cby6hsod14blxr7zyfjs,g7R2j,知识点g7R2j,0.5914,59.14,4,7,5,medium
cby6hsod14blxr7zyfjs,k4W1c,知识点k4W1c,0.73,73.0,1,4,2,good
cby6hsod14blxr7zyfjs,m3D1v,知识点m3D1v,0.6577,65.77,11,27,18,good
cby6hsod14blxr7zyfjs,r8S3g,知识点r8S3g,0.7595,75.95,5,26,8,good
cby6hsod14blxr7zyfjs,s8Y2f,知识点s8Y2f,0.7816,78.16,1,2,2,good
cby6hsod14blxr7zyfjs,t5V9e,知识点t5V9e,0.6967,69.67,5,21,13,good
cby6hsod14blxr7zyfjs,y9W5d,知识点y9W5d,0.6528,65.28,9,28,16,good
gm1xiqmop9j2d2acc2jg,b3C9s,知识点b3C9s,0.7454,74.54,3,8,3,good
gm1xiqmop9j2d2acc2jg,g7R2j,知识点g7R2j,0.5601,56.01,4,16,12,medium
gm1xiqmop9j2d2acc2jg,k4W1c,知识点k4W1c,0.8155,81.55,1,3,2,good
gm1xiqmop9j2d2acc2jg,m3D1v,知识点m3D1v,0.6299,62.99,11,28,12,good
gm1xiqmop9j2d2acc2jg,r8S3g,知识点r8S3g,0.691,69.1,5,22,5,good
gm1xiqmop9j2d2acc2jg,s8Y2f,知识点s8Y2f,0.653,65.3,1,2,1,good
gm1xiqmop9j2d2acc2jg,t5V9e,知识点t5V9e,0.7927,79.27,5,16,12,good
gm1xiqmop9j2d2acc2jg,y9W5d,知识点y9W5d,0.6295,62.95,10,27,14,good
lqm8jh0uggps7yd0lx2x,b3C9s,知识点b3C9s,0.6959,69.59,3,6,2,good
lqm8jh0uggps7yd0lx2x,g7R2j,知识点g7R2j,0.7429,74.29,5,10,5,good
lqm8jh0uggps7yd0lx2x,m3D1v,知识点m3D1v,0.6422,64.22,10,26,13,good
lqm8jh0uggps7yd0lx2x,r8S3g,知识点r8S3g,0.6594,65.94,5,21,6,good
lqm8jh0uggps7yd0lx2x,s8Y2f,知识点s8Y2f,0.7955,79.55,1,2,2,good
lqm8jh0uggps7yd0lx2x,t5V9e,知识点t5V9e,0.6897,68.97,5,19,11,good
lqm8jh0uggps7yd0lx2x,y9W5d,知识点y9W5d,0.6471,64.71,10,32,20,good
7ae6jy1vw15ppmnq6sba,b3C9s,知识点b3C9s,0.7646,76.46,3,6,2,good
7ae6jy1vw15ppmnq6sba,g7R2j,知识点g7R2j,0.7041,70.41,5,13,6,good
7ae6jy1vw15ppmnq6sba,m3D1v,知识点m3D1v,0.7011,70.11,12,28,11,good
7ae6jy1vw15ppmnq6sba,r8S3g,知识点r8S3g,0.6665,66.65,4,22,4,good
7ae6jy1vw15ppmnq6sba,s8Y2f,知识点s8Y2f,0.8134,81.34,1,3,3,good
7ae6jy1vw15ppmnq6sba,t5V9e,知识点t5V9e,0.6558,65.58,4,18,9,good
7ae6jy1vw15ppmnq6sba,y9W5d,知识点y9W5d,0.7394,73.94,10,26,17,good
quam8ci0euq2dz8xldzz,b3C9s,知识点b3C9s,0.5249,52.49,2,3,1,medium
quam8ci0euq2dz8xldzz,g7R2j,知识点g7R2j,0.6958,69.58,4,12,6,good
quam8ci0euq2dz8xldzz,k4W1c,知识点k4W1c,0.8354,83.54,1,3,3,good
quam8ci0euq2dz8xldzz,m3D1v,知识点m3D1v,0.7915,79.15,11,28,19,good
quam8ci0euq2dz8xldzz,r8S3g,知识点r8S3g,0.6077,60.77,5,37,8,good
quam8ci0euq2dz8xldzz,s8Y2f,知识点s8Y2f,0.7285,72.85,1,4,2,good
quam8ci0euq2dz8xldzz,t5V9e,知识点t5V9e,0.7689,76.89,5,28,19,good
quam8ci0euq2dz8xldzz,y9W5d,知识点y9W5d,0.698,69.8,10,31,17,good
4bq1kdgygbtif8w80s5y,b3C9s,知识点b3C9s,0.7498,74.98,3,7,4,good
4bq1kdgygbtif8w80s5y,g7R2j,知识点g7R2j,0.815,81.5,5,13,10,good
4bq1kdgygbtif8w80s5y,k4W1c,知识点k4W1c,0.7986,79.86,1,1,1,good
4bq1kdgygbtif8w80s5y,m3D1v,知识点m3D1v,0.6356,63.56,10,29,12,good
4bq1kdgygbtif8w80s5y,r8S3g,知识点r8S3g,0.6517,65.17,5,32,3,good
4bq1kdgygbtif8w80s5y,s8Y2f,知识点s8Y2f,0.666,66.6,1,3,2,good
4bq1kdgygbtif8w80s5y,t5V9e,知识点t5V9e,0.7435,74.35,5,18,11,good
4bq1kdgygbtif8w80s5y,y9W5d,知识点y9W5d,0.7547,75.47,11,21,15,good
l41f9f1gb0y5rxcqfv64,b3C9s,知识点b3C9s,0.6543,65.43,1,1,0,good
l41f9f1gb0y5rxcqfv64,g7R2j,知识点g7R2j,0.7155,71.55,4,16,9,good
l41f9f1gb0y5rxcqfv64,k4W1c,知识点k4W1c,0.7275,72.75,1,2,1,good
l41f9f1gb0y5rxcqfv64,m3D1v,知识点m3D1v,0.6537,65.37,10,31,20,good
l41f9f1gb0y5rxcqfv64,r8S3g,知识点r8S3g,0.5424,54.24,4,17,6,medium
l41f9f1gb0y5rxcqfv64,s8Y2f,知识点s8Y2f,0.5531,55.31,1,3,0,medium
l41f9f1gb0y5rxcqfv64,t5V9e,知识点t5V9e,0.5793,57.93,4,16,7,medium
l41f9f1gb0y5rxcqfv64,y9W5d,知识点y9W5d,0.615,61.5,10,24,12,good
d16ht4y29lrac1brhwm1,b3C9s,知识点b3C9s,0.8085,80.85,3,10,6,good
d16ht4y29lrac1brhwm1,g7R2j,知识点g7R2j,0.6611,66.11,4,12,7,good
d16ht4y29lrac1brhwm1,k4W1c,知识点k4W1c,0.9982,99.82,1,1,1,good
d16ht4y29lrac1brhwm1,m3D1v,知识点m3D1v,0.6586,65.86,10,21,14,good
d16ht4y29lrac1brhwm1,r8S3g,知识点r8S3g,0.7396,73.96,5,30,8,good
d16ht4y29lrac1brhwm1,s8Y2f,知识点s8Y2f,0.8147,81.47,1,2,1,good
d16ht4y29lrac1brhwm1,t5V9e,知识点t5V9e,0.6007,60.07,4,12,7,good
d16ht4y29lrac1brhwm1,y9W5d,知识点y9W5d,0.7604,76.04,10,28,18,good
0txd5enpfmbrth46w74b,b3C9s,知识点b3C9s,0.6845,68.45,3,9,2,good
0txd5enpfmbrth46w74b,g7R2j,知识点g7R2j,0.7198,71.98,3,9,7,good
0txd5enpfmbrth46w74b,m3D1v,知识点m3D1v,0.7209,72.09,12,32,17,good
0txd5enpfmbrth46w74b,r8S3g,知识点r8S3g,0.6836,68.36,5,22,6,good
0txd5enpfmbrth46w74b,s8Y2f,知识点s8Y2f,0.7306,73.06,1,2,1,good
0txd5enpfmbrth46w74b,t5V9e,知识点t5V9e,0.6742,67.42,5,16,10,good
0txd5enpfmbrth46w74b,y9W5d,知识点y9W5d,0.6726,67.26,9,21,13,good
preni1j2j1gkvq1knpag,b3C9s,知识点b3C9s,0.6946,69.46,2,4,2,good
preni1j2j1gkvq1knpag,g7R2j,知识点g7R2j,0.7498,74.98,5,17,12,good
preni1j2j1gkvq1knpag,k4W1c,知识点k4W1c,0.6608,66.08,0,0,0,good
preni1j2j1gkvq1knpag,m3D1v,知识点m3D1v,0.6863,68.63,10,20,10,good
preni1j2j1gkvq1knpag,r8S3g,知识点r8S3g,0.6516,65.16,5,26,4,good
preni1j2j1gkvq1knpag,s8Y2f,知识点s8Y2f,0.6337,63.37,1,3,1,good
preni1j2j1gkvq1knpag,t5V9e,知识点t5V9e,0.6663,66.63,5,17,9,good
preni1j2j1gkvq1knpag,y9W5d,知识点y9W5d,0.6517,65.17,9,19,7,good
ggweeccb6anw0j3y32t0,b3C9s,知识点b3C9s,0.8133,81.33,3,11,6,good
ggweeccb6anw0j3y32t0,g7R2j,知识点g7R2j,0.7174,71.74,4,14,9,good
ggweeccb6anw0j3y32t0,k4W1c,知识点k4W1c,0.6631,66.31,0,0,0,good
ggweeccb6anw0j3y32t0,m3D1v,知识点m3D1v,0.5954,59.54,9,27,13,medium
ggweeccb6anw0j3y32t0,r8S3g,知识点r8S3g,0.6299,62.99,5,26,2,good
ggweeccb6anw0j3y32t0,s8Y2f,知识点s8Y2f,0.8962,89.62,1,2,2,good
ggweeccb6anw0j3y32t0,t5V9e,知识点t5V9e,0.7648,76.48,5,21,14,good
ggweeccb6anw0j3y32t0,y9W5d,知识点y9W5d,0.7556,75.56,9,27,20,good
uem908xkm2x04s4iu84k,b3C9s,知识点b3C9s,0.7995,79.95,3,8,5,good
uem908xkm2x04s4iu84k,g7R2j,知识点g7R2j,0.8368,83.68,5,17,10,good
uem908xkm2x04s4iu84k,k4W1c,知识点k4W1c,0.8151,81.51,1,1,1,good
uem908xkm2x04s4iu84k,m3D1v,知识点m3D1v,0.748,74.8,10,31,21,good
uem908xkm2x04s4iu84k,r8S3g,知识点r8S3g,0.6498,64.98,5,25,6,good
uem908xkm2x04s4iu84k,s8Y2f,知识点s8Y2f,0.7087,70.87,1,2,2,good
uem908xkm2x04s4iu84k,t5V9e,知识点t5V9e,0.6872,68.72,5,21,10,good
uem908xkm2x04s4iu84k,y9W5d,知识点y9W5d,0.7201,72.01,9,21,16,good
nd9xpohv0s4ttw0o7fts,b3C9s,知识点b3C9s,0.4081,40.81,2,3,1,medium
nd9xpohv0s4ttw0o7fts,g7R2j,知识点g7R2j,0.7132,71.32,5,11,7,good
nd9xpohv0s4ttw0o7fts,k4W1c,知识点k4W1c,0.6622,66.22,1,1,1,good
nd9xpohv0s4ttw0o7fts,m3D1v,知识点m3D1v,0.7012,70.12,10,26,17,good
nd9xpohv0s4ttw0o7fts,r8S3g,知识点r8S3g,0.642,64.2,5,20,3,good
nd9xpohv0s4ttw0o7fts,s8Y2f,知识点s8Y2f,0.5679,56.79,1,3,1,medium
nd9xpohv0s4ttw0o7fts,t5V9e,知识点t5V9e,0.7095,70.95,5,29,15,good
nd9xpohv0s4ttw0o7fts,y9W5d,知识点y9W5d,0.7184,71.84,10,22,13,good
ny6yox8nvtlotclebkk8,b3C9s,知识点b3C9s,0.4886,48.86,2,2,1,medium
ny6yox8nvtlotclebkk8,g7R2j,知识点g7R2j,0.709,70.9,5,17,13,good
ny6yox8nvtlotclebkk8,k4W1c,知识点k4W1c,0.5662,56.62,1,1,0,medium
ny6yox8nvtlotclebkk8,m3D1v,知识点m3D1v,0.6799,67.99,10,26,17,good
ny6yox8nvtlotclebkk8,r8S3g,知识点r8S3g,0.6227,62.27,5,27,3,good
ny6yox8nvtlotclebkk8,s8Y2f,知识点s8Y2f,0.6305,63.05,0,0,0,good
ny6yox8nvtlotclebkk8,t5V9e,知识点t5V9e,0.691,69.1,5,18,8,good
ny6yox8nvtlotclebkk8,y9W5d,知识点y9W5d,0.706,70.6,10,23,11,good
hpb03ydulnt2b9ffa0j2,b3C9s,知识点b3C9s,0.7738,77.38,2,6,4,good
hpb03ydulnt2b9ffa0j2,g7R2j,知识点g7R2j,0.7599,75.99,5,18,11,good
hpb03ydulnt2b9ffa0j2,k4W1c,知识点k4W1c,0.7637,76.37,1,3,1,good
hpb03ydulnt2b9ffa0j2,m3D1v,知识点m3D1v,0.686,68.6,9,25,11,good
hpb03ydulnt2b9ffa0j2,r8S3g,知识点r8S3g,0.7052,70.52,5,26,8,good
hpb03ydulnt2b9ffa0j2,s8Y2f,知识点s8Y2f,0.6648,66.48,1,1,0,good
hpb03ydulnt2b9ffa0j2,t5V9e,知识点t5V9e,0.6802,68.02,5,25,15,good
hpb03ydulnt2b9ffa0j2,y9W5d,知识点y9W5d,0.7285,72.85,9,26,19,good
2krjeqjgjqfuumdo3ibt,b3C9s,知识点b3C9s,0.6985,69.85,3,7,3,good
2krjeqjgjqfuumdo3ibt,g7R2j,知识点g7R2j,0.7535,75.35,5,14,8,good
2krjeqjgjqfuumdo3ibt,k4W1c,知识点k4W1c,0.6303,63.03,1,1,0,good
2krjeqjgjqfuumdo3ibt,m3D1v,知识点m3D1v,0.7143,71.43,12,30,17,good
2krjeqjgjqfuumdo3ibt,r8S3g,知识点r8S3g,0.7376,73.76,5,23,8,good
2krjeqjgjqfuumdo3ibt,s8Y2f,知识点s8Y2f,0.8288,82.88,1,2,2,good
2krjeqjgjqfuumdo3ibt,t5V9e,知识点t5V9e,0.6132,61.32,4,18,11,good
2krjeqjgjqfuumdo3ibt,y9W5d,知识点y9W5d,0.6522,65.22,10,22,14,good
1n42senfkcjopw1zh39l,b3C9s,知识点b3C9s,0.5836,58.36,3,6,0,medium
1n42senfkcjopw1zh39l,g7R2j,知识点g7R2j,0.6727,67.27,5,17,6,good
1n42senfkcjopw1zh39l,k4W1c,知识点k4W1c,0.5647,56.47,1,1,0,medium
1n42senfkcjopw1zh39l,m3D1v,知识点m3D1v,0.6999,69.99,10,25,15,good
1n42senfkcjopw1zh39l,r8S3g,知识点r8S3g,0.6269,62.69,5,23,3,good
1n42senfkcjopw1zh39l,s8Y2f,知识点s8Y2f,0.6621,66.21,1,2,1,good
1n42senfkcjopw1zh39l,t5V9e,知识点t5V9e,0.6931,69.31,5,13,10,good
1n42senfkcjopw1zh39l,y9W5d,知识点y9W5d,0.7174,71.74,10,25,16,good
jj1jl4nhnkxllubypoq3,b3C9s,知识点b3C9s,0.718,71.8,3,6,4,good
jj1jl4nhnkxllubypoq3,g7R2j,知识点g7R2j,0.6898,68.98,4,6,4,good
jj1jl4nhnkxllubypoq3,m3D1v,知识点m3D1v,0.6655,66.55,10,23,14,good
jj1jl4nhnkxllubypoq3,r8S3g,知识点r8S3g,0.6168,61.68,5,28,3,good
jj1jl4nhnkxllubypoq3,s8Y2f,知识点s8Y2f,0.6874,68.74,1,2,1,good
jj1jl4nhnkxllubypoq3,t5V9e,知识点t5V9e,0.6866,68.66,5,21,9,good
jj1jl4nhnkxllubypoq3,y9W5d,知识点y9W5d,0.6713,67.13,10,22,15,good
f5j3cojh9fr5gvylr0yi,b3C9s,知识点b3C9s,0.754,75.4,2,3,2,good
f5j3cojh9fr5gvylr0yi,g7R2j,知识点g7R2j,0.6573,65.73,5,8,3,good
f5j3cojh9fr5gvylr0yi,k4W1c,知识点k4W1c,0.6631,66.31,0,0,0,good
f5j3cojh9fr5gvylr0yi,m3D1v,知识点m3D1v,0.6528,65.28,11,32,17,good
f5j3cojh9fr5gvylr0yi,r8S3g,知识点r8S3g,0.6352,63.52,5,37,5,good
f5j3cojh9fr5gvylr0yi,s8Y2f,知识点s8Y2f,0.7618,76.18,1,1,1,good
f5j3cojh9fr5gvylr0yi,t5V9e,知识点t5V9e,0.7088,70.88,4,16,12,good
f5j3cojh9fr5gvylr0yi,y9W5d,知识点y9W5d,0.7918,79.18,10,31,23,good
hkk3qiui3e3r969oyfhf,b3C9s,知识点b3C9s,0.7272,72.72,3,7,3,good
hkk3qiui3e3r969oyfhf,g7R2j,知识点g7R2j,0.6668,66.68,5,17,9,good
hkk3qiui3e3r969oyfhf,k4W1c,知识点k4W1c,0.7281,72.81,1,1,1,good
hkk3qiui3e3r969oyfhf,m3D1v,知识点m3D1v,0.6762,67.62,11,35,20,good
hkk3qiui3e3r969oyfhf,r8S3g,知识点r8S3g,0.5125,51.25,4,27,5,medium
hkk3qiui3e3r969oyfhf,s8Y2f,知识点s8Y2f,0.8975,89.75,1,2,2,good
hkk3qiui3e3r969oyfhf,t5V9e,知识点t5V9e,0.7134,71.34,5,21,10,good
hkk3qiui3e3r969oyfhf,y9W5d,知识点y9W5d,0.7457,74.57,10,22,15,good
xw0r5n17yfqv2va40bhi,b3C9s,知识点b3C9s,0.4786,47.86,2,7,1,medium
xw0r5n17yfqv2va40bhi,g7R2j,知识点g7R2j,0.6839,68.39,5,12,6,good
xw0r5n17yfqv2va40bhi,k4W1c,知识点k4W1c,0.7604,76.04,1,2,2,good
xw0r5n17yfqv2va40bhi,m3D1v,知识点m3D1v,0.7479,74.79,12,30,14,good
xw0r5n17yfqv2va40bhi,r8S3g,知识点r8S3g,0.6696,66.96,5,34,6,good
xw0r5n17yfqv2va40bhi,s8Y2f,知识点s8Y2f,0.6601,66.01,1,2,2,good
xw0r5n17yfqv2va40bhi,t5V9e,知识点t5V9e,0.5536,55.36,4,17,7,medium
xw0r5n17yfqv2va40bhi,y9W5d,知识点y9W5d,0.7045,70.45,10,27,19,good
4erna0vkk9gu5umle1se,b3C9s,知识点b3C9s,0.5943,59.43,2,8,4,medium
4erna0vkk9gu5umle1se,g7R2j,知识点g7R2j,0.5897,58.97,4,11,7,medium
4erna0vkk9gu5umle1se,k4W1c,知识点k4W1c,0.8649,86.49,1,2,2,good
4erna0vkk9gu5umle1se,m3D1v,知识点m3D1v,0.6692,66.92,10,34,19,good
4erna0vkk9gu5umle1se,r8S3g,知识点r8S3g,0.7313,73.13,4,33,9,good
4erna0vkk9gu5umle1se,s8Y2f,知识点s8Y2f,0.8149,81.49,1,1,1,good
4erna0vkk9gu5umle1se,t5V9e,知识点t5V9e,0.8098,80.98,5,13,7,good
4erna0vkk9gu5umle1se,y9W5d,知识点y9W5d,0.6761,67.61,10,26,15,good
fvqo3hum9a1rl6rxbyre,b3C9s,知识点b3C9s,0.7402,74.02,3,10,5,good
fvqo3hum9a1rl6rxbyre,g7R2j,知识点g7R2j,0.5045,50.45,4,11,3,medium
fvqo3hum9a1rl6rxbyre,k4W1c,知识点k4W1c,0.7788,77.88,1,3,2,good
fvqo3hum9a1rl6rxbyre,m3D1v,知识点m3D1v,0.5566,55.66,9,29,17,medium
fvqo3hum9a1rl6rxbyre,r8S3g,知识点r8S3g,0.6451,64.51,5,29,6,good
fvqo3hum9a1rl6rxbyre,s8Y2f,知识点s8Y2f,0.6152,61.52,1,1,0,good
fvqo3hum9a1rl6rxbyre,t5V9e,知识点t5V9e,0.6962,69.62,4,20,10,good
fvqo3hum9a1rl6rxbyre,y9W5d,知识点y9W5d,0.7494,74.94,10,21,11,good
22wb5ostye8edvfar59p,b3C9s,知识点b3C9s,0.8148,81.48,3,10,7,good
22wb5ostye8edvfar59p,g7R2j,知识点g7R2j,0.7005,70.05,5,9,6,good
22wb5ostye8edvfar59p,k4W1c,知识点k4W1c,0.9045,90.45,1,4,4,good
22wb5ostye8edvfar59p,m3D1v,知识点m3D1v,0.7286,72.86,12,30,15,good
22wb5ostye8edvfar59p,r8S3g,知识点r8S3g,0.6255,62.55,5,29,3,good
22wb5ostye8edvfar59p,t5V9e,知识点t5V9e,0.7445,74.45,5,21,14,good
22wb5ostye8edvfar59p,y9W5d,知识点y9W5d,0.6594,65.94,10,37,25,good
bgvt5n1h0qt51ze0md7w,b3C9s,知识点b3C9s,0.5044,50.44,1,1,1,medium
bgvt5n1h0qt51ze0md7w,g7R2j,知识点g7R2j,0.6961,69.61,4,8,1,good
bgvt5n1h0qt51ze0md7w,k4W1c,知识点k4W1c,0.8291,82.91,1,3,2,good
bgvt5n1h0qt51ze0md7w,m3D1v,知识点m3D1v,0.5348,53.48,8,16,5,medium
bgvt5n1h0qt51ze0md7w,r8S3g,知识点r8S3g,0.6227,62.27,5,26,3,good
bgvt5n1h0qt51ze0md7w,s8Y2f,知识点s8Y2f,0.5963,59.63,1,2,0,medium
bgvt5n1h0qt51ze0md7w,t5V9e,知识点t5V9e,0.6779,67.79,5,19,11,good
bgvt5n1h0qt51ze0md7w,y9W5d,知识点y9W5d,0.6528,65.28,10,29,15,good
g4l5baozrnfblxayrhox,b3C9s,知识点b3C9s,0.8499,84.99,3,7,4,good
g4l5baozrnfblxayrhox,g7R2j,知识点g7R2j,0.6503,65.03,3,5,3,good
g4l5baozrnfblxayrhox,k4W1c,知识点k4W1c,0.9323,93.23,1,3,3,good
g4l5baozrnfblxayrhox,m3D1v,知识点m3D1v,0.777,77.7,11,30,20,good
g4l5baozrnfblxayrhox,r8S3g,知识点r8S3g,0.6899,68.99,5,23,5,good
g4l5baozrnfblxayrhox,s8Y2f,知识点s8Y2f,0.659,65.9,1,6,4,good
g4l5baozrnfblxayrhox,t5V9e,知识点t5V9e,0.7258,72.58,5,19,11,good
g4l5baozrnfblxayrhox,y9W5d,知识点y9W5d,0.7393,73.93,10,39,27,good
ec5zb47nxjbuzemc81p0,b3C9s,知识点b3C9s,0.4479,44.79,2,6,3,medium
ec5zb47nxjbuzemc81p0,g7R2j,知识点g7R2j,0.7348,73.48,5,8,7,good
ec5zb47nxjbuzemc81p0,k4W1c,知识点k4W1c,0.6291,62.91,1,2,0,good
ec5zb47nxjbuzemc81p0,m3D1v,知识点m3D1v,0.6764,67.64,10,28,13,good
ec5zb47nxjbuzemc81p0,r8S3g,知识点r8S3g,0.7127,71.27,5,31,5,good
ec5zb47nxjbuzemc81p0,s8Y2f,知识点s8Y2f,0.6286,62.86,0,0,0,good
ec5zb47nxjbuzemc81p0,t5V9e,知识点t5V9e,0.7626,76.26,5,32,20,good
ec5zb47nxjbuzemc81p0,y9W5d,知识点y9W5d,0.7584,75.84,9,22,14,good
rd4p70jwu852pbdjwl2d,b3C9s,知识点b3C9s,0.8394,83.94,3,5,4,good
rd4p70jwu852pbdjwl2d,g7R2j,知识点g7R2j,0.6989,69.89,5,20,13,good
rd4p70jwu852pbdjwl2d,k4W1c,知识点k4W1c,0.7635,76.35,1,2,2,good
rd4p70jwu852pbdjwl2d,m3D1v,知识点m3D1v,0.7601,76.01,10,36,26,good
rd4p70jwu852pbdjwl2d,r8S3g,知识点r8S3g,0.6857,68.57,5,26,6,good
rd4p70jwu852pbdjwl2d,s8Y2f,知识点s8Y2f,0.7625,76.25,1,1,1,good
rd4p70jwu852pbdjwl2d,t5V9e,知识点t5V9e,0.5361,53.61,3,12,6,medium
rd4p70jwu852pbdjwl2d,y9W5d,知识点y9W5d,0.8207,82.07,10,32,28,good
59bybxqvhton27u0jtfm,b3C9s,知识点b3C9s,0.7396,73.96,3,6,2,good
59bybxqvhton27u0jtfm,g7R2j,知识点g7R2j,0.5884,58.84,3,8,4,medium
59bybxqvhton27u0jtfm,k4W1c,知识点k4W1c,0.9972,99.72,1,1,1,good
59bybxqvhton27u0jtfm,m3D1v,知识点m3D1v,0.7303,73.03,11,29,13,good
59bybxqvhton27u0jtfm,r8S3g,知识点r8S3g,0.6872,68.72,5,23,6,good
59bybxqvhton27u0jtfm,s8Y2f,知识点s8Y2f,0.5795,57.95,1,3,1,medium
59bybxqvhton27u0jtfm,t5V9e,知识点t5V9e,0.5571,55.71,4,20,8,medium
59bybxqvhton27u0jtfm,y9W5d,知识点y9W5d,0.7551,75.51,10,28,17,good
x7xh8m5fvmipvkav1cb4,b3C9s,知识点b3C9s,0.7458,74.58,2,8,6,good
x7xh8m5fvmipvkav1cb4,g7R2j,知识点g7R2j,0.7169,71.69,5,15,8,good
x7xh8m5fvmipvkav1cb4,k4W1c,知识点k4W1c,0.9972,99.72,1,1,1,good
x7xh8m5fvmipvkav1cb4,m3D1v,知识点m3D1v,0.6522,65.22,10,27,15,good
x7xh8m5fvmipvkav1cb4,r8S3g,知识点r8S3g,0.662,66.2,5,25,7,good
x7xh8m5fvmipvkav1cb4,s8Y2f,知识点s8Y2f,0.7626,76.26,1,2,2,good
x7xh8m5fvmipvkav1cb4,t5V9e,知识点t5V9e,0.7101,71.01,5,18,8,good
x7xh8m5fvmipvkav1cb4,y9W5d,知识点y9W5d,0.7502,75.02,10,31,22,good
ljylby8inwh5b93wkean,b3C9s,知识点b3C9s,0.693,69.3,3,8,4,good
ljylby8inwh5b93wkean,g7R2j,知识点g7R2j,0.5381,53.81,4,10,5,medium
ljylby8inwh5b93wkean,m3D1v,知识点m3D1v,0.5766,57.66,9,26,16,medium
ljylby8inwh5b93wkean,r8S3g,知识点r8S3g,0.7071,70.71,5,32,12,good
ljylby8inwh5b93wkean,s8Y2f,知识点s8Y2f,0.6527,65.27,1,3,1,good
ljylby8inwh5b93wkean,t5V9e,知识点t5V9e,0.6706,67.06,5,21,11,good
ljylby8inwh5b93wkean,y9W5d,知识点y9W5d,0.6143,61.43,8,23,13,good
ygoahstwe9gz9w87qncs,b3C9s,知识点b3C9s,0.238,23.8,1,1,0,poor
ygoahstwe9gz9w87qncs,g7R2j,知识点g7R2j,0.6903,69.03,5,12,8,good
ygoahstwe9gz9w87qncs,k4W1c,知识点k4W1c,0.7956,79.56,1,2,2,good
ygoahstwe9gz9w87qncs,m3D1v,知识点m3D1v,0.7458,74.58,11,23,13,good
ygoahstwe9gz9w87qncs,r8S3g,知识点r8S3g,0.6542,65.42,5,29,4,good
ygoahstwe9gz9w87qncs,s8Y2f,知识点s8Y2f,0.6621,66.21,1,3,1,good
ygoahstwe9gz9w87qncs,t5V9e,知识点t5V9e,0.6638,66.38,5,18,10,good
ygoahstwe9gz9w87qncs,y9W5d,知识点y9W5d,0.7714,77.14,10,24,18,good
xlp4p1b56hrhhyr2y3kd,b3C9s,知识点b3C9s,0.4698,46.98,2,5,2,medium
xlp4p1b56hrhhyr2y3kd,g7R2j,知识点g7R2j,0.7524,75.24,4,9,7,good
xlp4p1b56hrhhyr2y3kd,m3D1v,知识点m3D1v,0.6647,66.47,12,32,11,good
xlp4p1b56hrhhyr2y3kd,r8S3g,知识点r8S3g,0.687,68.7,5,30,6,good
xlp4p1b56hrhhyr2y3kd,s8Y2f,知识点s8Y2f,0.6626,66.26,1,2,1,good
xlp4p1b56hrhhyr2y3kd,t5V9e,知识点t5V9e,0.7523,75.23,5,17,12,good
xlp4p1b56hrhhyr2y3kd,y9W5d,知识点y9W5d,0.6279,62.79,10,24,15,good
me044us8pj1824r4dye2,b3C9s,知识点b3C9s,0.6861,68.61,2,7,3,good
me044us8pj1824r4dye2,g7R2j,知识点g7R2j,0.5098,50.98,3,7,3,medium
me044us8pj1824r4dye2,k4W1c,知识点k4W1c,0.8132,81.32,1,1,1,good
me044us8pj1824r4dye2,m3D1v,知识点m3D1v,0.7184,71.84,11,29,14,good
me044us8pj1824r4dye2,r8S3g,知识点r8S3g,0.6081,60.81,5,39,4,good
me044us8pj1824r4dye2,s8Y2f,知识点s8Y2f,0.6232,62.32,1,3,1,good
me044us8pj1824r4dye2,t5V9e,知识点t5V9e,0.7498,74.98,4,15,10,good
me044us8pj1824r4dye2,y9W5d,知识点y9W5d,0.6874,68.74,10,34,16,good
0lgtv09uoh3ova8sjbze,b3C9s,知识点b3C9s,0.6265,62.65,2,2,0,good
0lgtv09uoh3ova8sjbze,g7R2j,知识点g7R2j,0.7331,73.31,4,8,3,good
0lgtv09uoh3ova8sjbze,k4W1c,知识点k4W1c,0.5662,56.62,1,1,0,medium
0lgtv09uoh3ova8sjbze,m3D1v,知识点m3D1v,0.6803,68.03,11,36,16,good
0lgtv09uoh3ova8sjbze,r8S3g,知识点r8S3g,0.6589,65.89,5,25,8,good
0lgtv09uoh3ova8sjbze,s8Y2f,知识点s8Y2f,0.6633,66.33,1,4,2,good
0lgtv09uoh3ova8sjbze,t5V9e,知识点t5V9e,0.705,70.5,5,28,15,good
0lgtv09uoh3ova8sjbze,y9W5d,知识点y9W5d,0.7642,76.42,11,39,27,good
4e693829528e3e7de62a,b3C9s,知识点b3C9s,0.8105,81.05,3,20,13,good
4e693829528e3e7de62a,g7R2j,知识点g7R2j,0.757,75.7,5,85,61,good
4e693829528e3e7de62a,k4W1c,知识点k4W1c,0.6641,66.41,1,31,23,good
4e693829528e3e7de62a,m3D1v,知识点m3D1v,0.7256,72.56,12,176,131,good
4e693829528e3e7de62a,r8S3g,知识点r8S3g,0.7459,74.59,5,58,21,good
4e693829528e3e7de62a,s8Y2f,知识点s8Y2f,0.7449,74.49,1,15,12,good
4e693829528e3e7de62a,t5V9e,知识点t5V9e,0.8392,83.92,5,91,74,good
4e693829528e3e7de62a,y9W5d,知识点y9W5d,0.7275,72.75,11,196,142,good
4aa8ff74dc576b7adbcd,b3C9s,知识点b3C9s,0.9659,96.59,3,6,5,good
4aa8ff74dc576b7adbcd,g7R2j,知识点g7R2j,0.7815,78.15,5,10,9,good
4aa8ff74dc576b7adbcd,k4W1c,知识点k4W1c,0.7419,74.19,1,2,2,good
4aa8ff74dc576b7adbcd,m3D1v,知识点m3D1v,0.8337,83.37,12,54,42,good
4aa8ff74dc576b7adbcd,r8S3g,知识点r8S3g,0.9245,92.45,5,9,6,good
4aa8ff74dc576b7adbcd,s8Y2f,知识点s8Y2f,0.6918,69.18,1,18,15,good
4aa8ff74dc576b7adbcd,t5V9e,知识点t5V9e,0.7778,77.78,5,48,35,good
4aa8ff74dc576b7adbcd,y9W5d,知识点y9W5d,0.8466,84.66,11,120,110,good
792e3326f0d9f68389d9,b3C9s,知识点b3C9s,0.8691,86.91,3,7,5,good
792e3326f0d9f68389d9,g7R2j,知识点g7R2j,0.8432,84.32,5,9,6,good
792e3326f0d9f68389d9,k4W1c,知识点k4W1c,0.6385,63.85,1,6,2,good
792e3326f0d9f68389d9,m3D1v,知识点m3D1v,0.7638,76.38,12,65,26,good
792e3326f0d9f68389d9,r8S3g,知识点r8S3g,0.7782,77.82,5,55,6,good
792e3326f0d9f68389d9,s8Y2f,知识点s8Y2f,0.6648,66.48,1,6,1,good
792e3326f0d9f68389d9,t5V9e,知识点t5V9e,0.6918,69.18,5,68,28,good
792e3326f0d9f68389d9,y9W5d,知识点y9W5d,0.7585,75.85,11,78,29,good
9b913075e93b2b788102,b3C9s,知识点b3C9s,0.7531,75.31,3,10,3,good
9b913075e93b2b788102,g7R2j,知识点g7R2j,0.744,74.4,5,63,19,good
9b913075e93b2b788102,k4W1c,知识点k4W1c,0.6626,66.26,1,33,18,good
9b913075e93b2b788102,m3D1v,知识点m3D1v,0.758,75.8,12,75,34,good
9b913075e93b2b788102,r8S3g,知识点r8S3g,0.751,75.1,5,37,11,good
9b913075e93b2b788102,s8Y2f,知识点s8Y2f,0.5979,59.79,1,13,8,medium
9b913075e93b2b788102,t5V9e,知识点t5V9e,0.7434,74.34,5,49,23,good
9b913075e93b2b788102,y9W5d,知识点y9W5d,0.7063,70.63,11,143,75,good
1c2aef3af32f6323a31d,b3C9s,知识点b3C9s,0.9986,99.86,3,4,4,good
1c2aef3af32f6323a31d,g7R2j,知识点g7R2j,0.9441,94.41,5,9,7,good
1c2aef3af32f6323a31d,k4W1c,知识点k4W1c,0.9982,99.82,1,2,2,good
1c2aef3af32f6323a31d,m3D1v,知识点m3D1v,0.9435,94.35,12,35,23,good
1c2aef3af32f6323a31d,r8S3g,知识点r8S3g,0.8162,81.62,5,54,10,good
1c2aef3af32f6323a31d,s8Y2f,知识点s8Y2f,0.8141,81.41,1,1,1,good
1c2aef3af32f6323a31d,t5V9e,知识点t5V9e,0.9317,93.17,5,24,9,good
1c2aef3af32f6323a31d,y9W5d,知识点y9W5d,0.9312,93.12,11,21,16,good
9f0ce6d4cdf9d1772417,b3C9s,知识点b3C9s,0.8861,88.61,3,9,5,good
9f0ce6d4cdf9d1772417,g7R2j,知识点g7R2j,0.8896,88.96,5,12,8,good
9f0ce6d4cdf9d1772417,k4W1c,知识点k4W1c,0.9977,99.77,1,1,1,good
9f0ce6d4cdf9d1772417,m3D1v,知识点m3D1v,0.879,87.9,12,23,15,good
9f0ce6d4cdf9d1772417,r8S3g,知识点r8S3g,0.9617,96.17,5,6,6,good
9f0ce6d4cdf9d1772417,s8Y2f,知识点s8Y2f,0.9982,99.82,1,1,1,good
9f0ce6d4cdf9d1772417,t5V9e,知识点t5V9e,0.8393,83.93,5,16,12,good
9f0ce6d4cdf9d1772417,y9W5d,知识点y9W5d,0.8467,84.67,11,60,39,good
db0241cf536c2174d9ed,b3C9s,知识点b3C9s,0.9988,99.88,3,5,5,good
db0241cf536c2174d9ed,g7R2j,知识点g7R2j,0.7864,78.64,5,22,10,good
db0241cf536c2174d9ed,k4W1c,知识点k4W1c,0.6731,67.31,1,8,6,good
db0241cf536c2174d9ed,m3D1v,知识点m3D1v,0.7588,75.88,12,46,23,good
db0241cf536c2174d9ed,r8S3g,知识点r8S3g,0.7209,72.09,5,20,6,good
db0241cf536c2174d9ed,s8Y2f,知识点s8Y2f,0.5255,52.55,1,4,1,medium
db0241cf536c2174d9ed,t5V9e,知识点t5V9e,0.8701,87.01,5,8,7,good
db0241cf536c2174d9ed,y9W5d,知识点y9W5d,0.8007,80.07,11,49,37,good
2c27d4de6ae130e7e242,b3C9s,知识点b3C9s,0.7584,75.84,3,16,16,good
2c27d4de6ae130e7e242,g7R2j,知识点g7R2j,0.8014,80.14,5,35,19,good
2c27d4de6ae130e7e242,k4W1c,知识点k4W1c,0.7089,70.89,1,6,1,good
2c27d4de6ae130e7e242,m3D1v,知识点m3D1v,0.7749,77.49,12,84,47,good
2c27d4de6ae130e7e242,r8S3g,知识点r8S3g,0.6791,67.91,5,69,10,good
2c27d4de6ae130e7e242,s8Y2f,知识点s8Y2f,0.7638,76.38,1,25,25,good
2c27d4de6ae130e7e242,t5V9e,知识点t5V9e,0.6866,68.66,5,45,18,good
2c27d4de6ae130e7e242,y9W5d,知识点y9W5d,0.7092,70.92,11,139,78,good
2b3492096a4d12bb86cd,g7R2j,知识点g7R2j,0.1486,14.86,1,5,3,poor
2b3492096a4d12bb86cd,m3D1v,知识点m3D1v,0.5356,53.56,7,24,15,medium
2b3492096a4d12bb86cd,r8S3g,知识点r8S3g,0.8177,81.77,5,28,17,good
2b3492096a4d12bb86cd,t5V9e,知识点t5V9e,0.8134,81.34,5,12,8,good
2b3492096a4d12bb86cd,y9W5d,知识点y9W5d,0.2489,24.89,4,50,34,poor
f8c2f04e8e116f0fd237,b3C9s,知识点b3C9s,0.998,99.8,3,3,3,good
f8c2f04e8e116f0fd237,g7R2j,知识点g7R2j,0.8118,81.18,5,8,5,good
f8c2f04e8e116f0fd237,k4W1c,知识点k4W1c,0.7129,71.29,1,10,5,good
f8c2f04e8e116f0fd237,m3D1v,知识点m3D1v,0.7591,75.91,12,113,69,good
f8c2f04e8e116f0fd237,r8S3g,知识点r8S3g,0.7303,73.03,5,38,14,good
f8c2f04e8e116f0fd237,s8Y2f,知识点s8Y2f,0.9982,99.82,1,1,1,good
f8c2f04e8e116f0fd237,t5V9e,知识点t5V9e,0.7161,71.61,5,69,20,good
f8c2f04e8e116f0fd237,y9W5d,知识点y9W5d,0.8589,85.89,11,41,19,good
2a6394114c31a10dc92b,b3C9s,知识点b3C9s,0.8959,89.59,3,11,8,good
2a6394114c31a10dc92b,g7R2j,知识点g7R2j,0.7932,79.32,5,59,25,good
2a6394114c31a10dc92b,k4W1c,知识点k4W1c,0.8135,81.35,1,2,1,good
2a6394114c31a10dc92b,m3D1v,知识点m3D1v,0.7976,79.76,12,117,71,good
2a6394114c31a10dc92b,r8S3g,知识点r8S3g,0.715,71.5,5,51,13,good
2a6394114c31a10dc92b,s8Y2f,知识点s8Y2f,0.6386,63.86,1,5,1,good
2a6394114c31a10dc92b,t5V9e,知识点t5V9e,0.8105,81.05,5,39,30,good
2a6394114c31a10dc92b,y9W5d,知识点y9W5d,0.8009,80.09,11,89,39,good
0559e9cf806dab4cc20d,b3C9s,知识点b3C9s,0.6488,64.88,3,17,6,good
0559e9cf806dab4cc20d,g7R2j,知识点g7R2j,0.6648,66.48,5,53,35,good
0559e9cf806dab4cc20d,k4W1c,知识点k4W1c,0.7402,74.02,1,9,8,good
0559e9cf806dab4cc20d,m3D1v,知识点m3D1v,0.7403,74.03,12,53,24,good
0559e9cf806dab4cc20d,r8S3g,知识点r8S3g,0.8774,87.74,5,21,6,good
0559e9cf806dab4cc20d,s8Y2f,知识点s8Y2f,0.581,58.1,1,3,1,medium
0559e9cf806dab4cc20d,t5V9e,知识点t5V9e,0.7512,75.12,5,17,9,good
0559e9cf806dab4cc20d,y9W5d,知识点y9W5d,0.7275,72.75,11,37,23,good
6c14ce386a9cda72549c,b3C9s,知识点b3C9s,0.7824,78.24,3,40,33,good
6c14ce386a9cda72549c,g7R2j,知识点g7R2j,0.7988,79.88,5,40,38,good
6c14ce386a9cda72549c,k4W1c,知识点k4W1c,0.9987,99.87,1,1,1,good
6c14ce386a9cda72549c,m3D1v,知识点m3D1v,0.8604,86.04,12,37,28,good
6c14ce386a9cda72549c,r8S3g,知识点r8S3g,0.9986,99.86,5,6,6,good
6c14ce386a9cda72549c,s8Y2f,知识点s8Y2f,0.7806,78.06,1,5,2,good
6c14ce386a9cda72549c,t5V9e,知识点t5V9e,0.8638,86.38,5,20,16,good
6c14ce386a9cda72549c,y9W5d,知识点y9W5d,0.816,81.6,11,87,72,good
2007f4965d2aa6064a25,b3C9s,知识点b3C9s,0.8446,84.46,3,5,5,good
2007f4965d2aa6064a25,g7R2j,知识点g7R2j,0.7525,75.25,5,20,14,good
2007f4965d2aa6064a25,k4W1c,知识点k4W1c,0.9982,99.82,1,1,1,good
2007f4965d2aa6064a25,m3D1v,知识点m3D1v,0.8463,84.63,12,48,32,good
2007f4965d2aa6064a25,r8S3g,知识点r8S3g,0.9459,94.59,5,9,9,good
2007f4965d2aa6064a25,s8Y2f,知识点s8Y2f,0.9987,99.87,1,1,1,good
2007f4965d2aa6064a25,t5V9e,知识点t5V9e,0.9355,93.55,5,17,15,good
2007f4965d2aa6064a25,y9W5d,知识点y9W5d,0.8239,82.39,11,37,24,good
6fa0b38bfd05105503a1,b3C9s,知识点b3C9s,0.8015,80.15,3,11,11,good
6fa0b38bfd05105503a1,g7R2j,知识点g7R2j,0.838,83.8,5,9,9,good
6fa0b38bfd05105503a1,k4W1c,知识点k4W1c,0.814,81.4,1,2,1,good
6fa0b38bfd05105503a1,m3D1v,知识点m3D1v,0.7977,79.77,12,25,17,good
6fa0b38bfd05105503a1,r8S3g,知识点r8S3g,0.7347,73.47,5,44,7,good
6fa0b38bfd05105503a1,s8Y2f,知识点s8Y2f,0.6412,64.12,1,2,1,good
6fa0b38bfd05105503a1,t5V9e,知识点t5V9e,0.7772,77.72,5,51,25,good
6fa0b38bfd05105503a1,y9W5d,知识点y9W5d,0.7411,74.11,11,47,29,good
3e4e608ace87fe97bdb5,b3C9s,知识点b3C9s,0.8982,89.82,3,8,3,good
3e4e608ace87fe97bdb5,g7R2j,知识点g7R2j,0.7359,73.59,5,36,24,good
3e4e608ace87fe97bdb5,k4W1c,知识点k4W1c,0.997,99.7,1,1,1,good
3e4e608ace87fe97bdb5,m3D1v,知识点m3D1v,0.9068,90.68,12,36,29,good
3e4e608ace87fe97bdb5,r8S3g,知识点r8S3g,0.9422,94.22,5,14,6,good
3e4e608ace87fe97bdb5,s8Y2f,知识点s8Y2f,0.8131,81.31,1,1,1,good
3e4e608ace87fe97bdb5,t5V9e,知识点t5V9e,0.9589,95.89,5,10,10,good
3e4e608ace87fe97bdb5,y9W5d,知识点y9W5d,0.9224,92.24,11,25,24,good
d554e419f820fa5cb0ca,b3C9s,知识点b3C9s,0.9172,91.72,3,6,6,good
d554e419f820fa5cb0ca,g7R2j,知识点g7R2j,0.9582,95.82,5,12,12,good
d554e419f820fa5cb0ca,k4W1c,知识点k4W1c,0.7891,78.91,1,6,6,good
d554e419f820fa5cb0ca,m3D1v,知识点m3D1v,0.9013,90.13,12,23,17,good
d554e419f820fa5cb0ca,r8S3g,知识点r8S3g,0.8358,83.58,5,19,6,good
d554e419f820fa5cb0ca,s8Y2f,知识点s8Y2f,0.9983,99.83,1,1,1,good
d554e419f820fa5cb0ca,t5V9e,知识点t5V9e,0.9463,94.63,5,15,15,good
d554e419f820fa5cb0ca,y9W5d,知识点y9W5d,0.9053,90.53,11,27,25,good
b8d20bc2e0d3d86f5613,b3C9s,知识点b3C9s,0.7368,73.68,3,7,3,good
b8d20bc2e0d3d86f5613,g7R2j,知识点g7R2j,0.7112,71.12,5,25,19,good
b8d20bc2e0d3d86f5613,k4W1c,知识点k4W1c,0.7619,76.19,1,1,1,good
b8d20bc2e0d3d86f5613,m3D1v,知识点m3D1v,0.8814,88.14,12,27,24,good
b8d20bc2e0d3d86f5613,r8S3g,知识点r8S3g,0.9461,94.61,5,10,7,good
b8d20bc2e0d3d86f5613,s8Y2f,知识点s8Y2f,0.8141,81.41,1,2,1,good
b8d20bc2e0d3d86f5613,t5V9e,知识点t5V9e,0.9232,92.32,5,11,10,good
b8d20bc2e0d3d86f5613,y9W5d,知识点y9W5d,0.8428,84.28,11,45,35,good
df62b7675d1fdb8e6b11,b3C9s,知识点b3C9s,0.9,90.0,3,15,14,good
df62b7675d1fdb8e6b11,g7R2j,知识点g7R2j,0.833,83.3,5,18,13,good
df62b7675d1fdb8e6b11,k4W1c,知识点k4W1c,0.7809,78.09,1,12,12,good
df62b7675d1fdb8e6b11,m3D1v,知识点m3D1v,0.8609,86.09,12,23,18,good
df62b7675d1fdb8e6b11,r8S3g,知识点r8S3g,0.9514,95.14,5,11,7,good
df62b7675d1fdb8e6b11,s8Y2f,知识点s8Y2f,0.6669,66.69,1,3,1,good
df62b7675d1fdb8e6b11,t5V9e,知识点t5V9e,0.8619,86.19,5,5,5,good
df62b7675d1fdb8e6b11,y9W5d,知识点y9W5d,0.8665,86.65,11,38,36,good
ff63c210b94623453b5f,b3C9s,知识点b3C9s,0.9979,99.79,3,5,5,good
ff63c210b94623453b5f,g7R2j,知识点g7R2j,0.887,88.7,5,41,19,good
ff63c210b94623453b5f,k4W1c,知识点k4W1c,0.8014,80.14,1,5,4,good
ff63c210b94623453b5f,m3D1v,知识点m3D1v,0.7895,78.95,12,44,23,good
ff63c210b94623453b5f,r8S3g,知识点r8S3g,0.7152,71.52,5,44,9,good
ff63c210b94623453b5f,s8Y2f,知识点s8Y2f,0.998,99.8,1,1,1,good
ff63c210b94623453b5f,t5V9e,知识点t5V9e,0.731,73.1,5,49,11,good
ff63c210b94623453b5f,y9W5d,知识点y9W5d,0.8393,83.93,11,41,22,good
a2f48a796e250a14ff55,b3C9s,知识点b3C9s,0.8532,85.32,3,12,12,good
a2f48a796e250a14ff55,g7R2j,知识点g7R2j,0.6363,63.63,5,44,29,good
a2f48a796e250a14ff55,k4W1c,知识点k4W1c,0.8118,81.18,1,4,3,good
a2f48a796e250a14ff55,m3D1v,知识点m3D1v,0.7901,79.01,12,100,46,good
a2f48a796e250a14ff55,r8S3g,知识点r8S3g,0.91,91.0,5,52,25,good
a2f48a796e250a14ff55,s8Y2f,知识点s8Y2f,0.788,78.8,1,3,3,good
a2f48a796e250a14ff55,t5V9e,知识点t5V9e,0.847,84.7,5,17,10,good
a2f48a796e250a14ff55,y9W5d,知识点y9W5d,0.8053,80.53,11,57,27,good
8975db410fd78d462688,b3C9s,知识点b3C9s,0.96,96.0,3,14,14,good
8975db410fd78d462688,g7R2j,知识点g7R2j,0.8634,86.34,5,20,19,good
8975db410fd78d462688,k4W1c,知识点k4W1c,0.7028,70.28,1,4,1,good
8975db410fd78d462688,m3D1v,知识点m3D1v,0.954,95.4,12,23,21,good
8975db410fd78d462688,r8S3g,知识点r8S3g,0.9991,99.91,5,6,6,good
8975db410fd78d462688,s8Y2f,知识点s8Y2f,0.9983,99.83,1,1,1,good
8975db410fd78d462688,t5V9e,知识点t5V9e,0.9517,95.17,5,8,6,good
8975db410fd78d462688,y9W5d,知识点y9W5d,0.9087,90.87,11,39,34,good
dac03bcbefc3a08c8b50,b3C9s,知识点b3C9s,0.9434,94.34,3,4,3,good
dac03bcbefc3a08c8b50,g7R2j,知识点g7R2j,0.8129,81.29,5,23,5,good
dac03bcbefc3a08c8b50,k4W1c,知识点k4W1c,0.814,81.4,1,1,1,good
dac03bcbefc3a08c8b50,m3D1v,知识点m3D1v,0.8831,88.31,12,25,13,good
dac03bcbefc3a08c8b50,r8S3g,知识点r8S3g,0.9988,99.88,5,6,6,good
dac03bcbefc3a08c8b50,s8Y2f,知识点s8Y2f,0.7619,76.19,1,1,1,good
dac03bcbefc3a08c8b50,t5V9e,知识点t5V9e,0.8971,89.71,5,8,5,good
dac03bcbefc3a08c8b50,y9W5d,知识点y9W5d,0.9389,93.89,11,13,11,good
d7464b55181ef45e2d63,b3C9s,知识点b3C9s,0.9983,99.83,3,3,3,good
d7464b55181ef45e2d63,g7R2j,知识点g7R2j,0.9974,99.74,5,5,5,good
d7464b55181ef45e2d63,k4W1c,知识点k4W1c,0.8146,81.46,1,2,1,good
d7464b55181ef45e2d63,m3D1v,知识点m3D1v,0.8149,81.49,12,58,16,good
d7464b55181ef45e2d63,r8S3g,知识点r8S3g,0.7947,79.47,5,25,6,good
d7464b55181ef45e2d63,s8Y2f,知识点s8Y2f,0.9962,99.62,1,1,1,good
d7464b55181ef45e2d63,t5V9e,知识点t5V9e,0.7097,70.97,5,67,26,good
d7464b55181ef45e2d63,y9W5d,知识点y9W5d,0.8569,85.69,11,30,13,good
663aff87732c52f0e342,b3C9s,知识点b3C9s,0.9981,99.81,3,4,4,good
663aff87732c52f0e342,g7R2j,知识点g7R2j,0.8356,83.56,5,11,5,good
663aff87732c52f0e342,k4W1c,知识点k4W1c,0.586,58.6,1,28,1,medium
663aff87732c52f0e342,m3D1v,知识点m3D1v,0.7053,70.53,12,154,51,good
663aff87732c52f0e342,r8S3g,知识点r8S3g,0.6571,65.71,5,51,9,good
663aff87732c52f0e342,s8Y2f,知识点s8Y2f,0.7244,72.44,1,6,2,good
663aff87732c52f0e342,t5V9e,知识点t5V9e,0.7381,73.81,5,135,68,good
663aff87732c52f0e342,y9W5d,知识点y9W5d,0.6408,64.08,11,135,42,good
c3beec92b66ff78a6ba9,b3C9s,知识点b3C9s,0.7678,76.78,3,13,6,good
c3beec92b66ff78a6ba9,g7R2j,知识点g7R2j,0.8829,88.29,5,14,5,good
c3beec92b66ff78a6ba9,k4W1c,知识点k4W1c,0.7031,70.31,1,3,1,good
c3beec92b66ff78a6ba9,m3D1v,知识点m3D1v,0.7954,79.54,12,68,20,good
c3beec92b66ff78a6ba9,r8S3g,知识点r8S3g,0.8045,80.45,5,25,9,good
c3beec92b66ff78a6ba9,s8Y2f,知识点s8Y2f,0.7353,73.53,1,1,1,good
c3beec92b66ff78a6ba9,t5V9e,知识点t5V9e,0.7935,79.35,5,34,16,good
c3beec92b66ff78a6ba9,y9W5d,知识点y9W5d,0.8584,85.84,11,52,31,good
7535fe5ae754da62a534,b3C9s,知识点b3C9s,0.9978,99.78,3,3,3,good
7535fe5ae754da62a534,g7R2j,知识点g7R2j,0.8216,82.16,5,17,11,good
7535fe5ae754da62a534,k4W1c,知识点k4W1c,0.9984,99.84,1,1,1,good
7535fe5ae754da62a534,m3D1v,知识点m3D1v,0.9181,91.81,12,22,17,good
7535fe5ae754da62a534,r8S3g,知识点r8S3g,0.8801,88.01,5,39,8,good
7535fe5ae754da62a534,s8Y2f,知识点s8Y2f,0.8136,81.36,1,2,1,good
7535fe5ae754da62a534,t5V9e,知识点t5V9e,0.8991,89.91,5,7,6,good
7535fe5ae754da62a534,y9W5d,知识点y9W5d,0.9074,90.74,11,24,14,good
d9dfc134efd3826bdaed,b3C9s,知识点b3C9s,0.8928,89.28,3,12,10,good
d9dfc134efd3826bdaed,g7R2j,知识点g7R2j,0.7495,74.95,5,14,14,good
d9dfc134efd3826bdaed,k4W1c,知识点k4W1c,0.944,94.4,1,2,2,good
d9dfc134efd3826bdaed,m3D1v,知识点m3D1v,0.8061,80.61,12,46,28,good
d9dfc134efd3826bdaed,r8S3g,知识点r8S3g,0.9401,94.01,5,18,8,good
d9dfc134efd3826bdaed,s8Y2f,知识点s8Y2f,0.9982,99.82,1,1,1,good
d9dfc134efd3826bdaed,t5V9e,知识点t5V9e,0.8768,87.68,5,9,6,good
d9dfc134efd3826bdaed,y9W5d,知识点y9W5d,0.9101,91.01,11,29,25,good
e2ea6dbbe90983dbb208,b3C9s,知识点b3C9s,0.9978,99.78,3,4,4,good
e2ea6dbbe90983dbb208,g7R2j,知识点g7R2j,0.9982,99.82,5,5,5,good
e2ea6dbbe90983dbb208,k4W1c,知识点k4W1c,0.814,81.4,1,2,1,good
e2ea6dbbe90983dbb208,m3D1v,知识点m3D1v,0.8971,89.71,12,31,19,good
e2ea6dbbe90983dbb208,r8S3g,知识点r8S3g,0.6452,64.52,5,67,7,good
e2ea6dbbe90983dbb208,s8Y2f,知识点s8Y2f,0.9983,99.83,1,1,1,good
e2ea6dbbe90983dbb208,t5V9e,知识点t5V9e,0.7823,78.23,5,69,37,good
e2ea6dbbe90983dbb208,y9W5d,知识点y9W5d,0.9538,95.38,11,14,13,good
6efd2d79656d1b056f72,b3C9s,知识点b3C9s,0.7195,71.95,3,14,8,good
6efd2d79656d1b056f72,g7R2j,知识点g7R2j,0.8184,81.84,5,12,10,good
6efd2d79656d1b056f72,k4W1c,知识点k4W1c,0.5592,55.92,1,7,2,medium
6efd2d79656d1b056f72,m3D1v,知识点m3D1v,0.8588,85.88,12,34,18,good
6efd2d79656d1b056f72,r8S3g,知识点r8S3g,0.7617,76.17,5,41,11,good
6efd2d79656d1b056f72,s8Y2f,知识点s8Y2f,0.998,99.8,1,1,1,good
6efd2d79656d1b056f72,t5V9e,知识点t5V9e,0.7736,77.36,5,37,21,good
6efd2d79656d1b056f72,y9W5d,知识点y9W5d,0.7489,74.89,11,47,24,good
d5067bceac0ffa5e4704,b3C9s,知识点b3C9s,0.9069,90.69,3,7,5,good
d5067bceac0ffa5e4704,g7R2j,知识点g7R2j,0.9055,90.55,5,10,5,good
d5067bceac0ffa5e4704,k4W1c,知识点k4W1c,0.9972,99.72,1,1,1,good
d5067bceac0ffa5e4704,m3D1v,知识点m3D1v,0.905,90.5,12,23,13,good
d5067bceac0ffa5e4704,r8S3g,知识点r8S3g,0.8325,83.25,5,19,6,good
d5067bceac0ffa5e4704,s8Y2f,知识点s8Y2f,0.9975,99.75,1,1,1,good
d5067bceac0ffa5e4704,t5V9e,知识点t5V9e,0.9339,93.39,5,7,5,good
d5067bceac0ffa5e4704,y9W5d,知识点y9W5d,0.9804,98.04,11,12,11,good
ebe7a295f61c831b0093,b3C9s,知识点b3C9s,0.798,79.8,3,17,14,good
ebe7a295f61c831b0093,g7R2j,知识点g7R2j,0.8231,82.31,5,23,19,good
ebe7a295f61c831b0093,k4W1c,知识点k4W1c,0.7417,74.17,1,3,3,good
ebe7a295f61c831b0093,m3D1v,知识点m3D1v,0.8805,88.05,12,28,24,good
ebe7a295f61c831b0093,r8S3g,知识点r8S3g,0.7609,76.09,5,19,7,good
ebe7a295f61c831b0093,s8Y2f,知识点s8Y2f,0.7734,77.34,1,4,4,good
ebe7a295f61c831b0093,t5V9e,知识点t5V9e,0.8196,81.96,5,13,11,good
ebe7a295f61c831b0093,y9W5d,知识点y9W5d,0.8765,87.65,11,32,27,good
fc916744a3bd5120978f,b3C9s,知识点b3C9s,0.7797,77.97,3,17,3,good
fc916744a3bd5120978f,g7R2j,知识点g7R2j,0.8493,84.93,5,17,15,good
fc916744a3bd5120978f,k4W1c,知识点k4W1c,0.9983,99.83,1,1,1,good
fc916744a3bd5120978f,m3D1v,知识点m3D1v,0.9206,92.06,12,23,21,good
fc916744a3bd5120978f,r8S3g,知识点r8S3g,0.7516,75.16,5,14,8,good
fc916744a3bd5120978f,s8Y2f,知识点s8Y2f,0.7621,76.21,1,1,1,good
fc916744a3bd5120978f,t5V9e,知识点t5V9e,0.8761,87.61,5,12,12,good
fc916744a3bd5120978f,y9W5d,知识点y9W5d,0.8765,87.65,11,27,25,good
7c30aec52f13bebe07a6,b3C9s,知识点b3C9s,0.8826,88.26,3,9,4,good
7c30aec52f13bebe07a6,g7R2j,知识点g7R2j,0.9609,96.09,5,5,5,good
7c30aec52f13bebe07a6,k4W1c,知识点k4W1c,0.7623,76.23,1,3,1,good
7c30aec52f13bebe07a6,m3D1v,知识点m3D1v,0.891,89.1,12,17,12,good
7c30aec52f13bebe07a6,r8S3g,知识点r8S3g,0.7833,78.33,5,19,10,good
7c30aec52f13bebe07a6,s8Y2f,知识点s8Y2f,0.8142,81.42,1,1,1,good
7c30aec52f13bebe07a6,t5V9e,知识点t5V9e,0.8716,87.16,5,18,16,good
7c30aec52f13bebe07a6,y9W5d,知识点y9W5d,0.9312,93.12,11,14,12,good
2d9a38c93e37bc475cb6,b3C9s,知识点b3C9s,0.8324,83.24,3,10,3,good
2d9a38c93e37bc475cb6,g7R2j,知识点g7R2j,0.729,72.9,5,17,13,good
2d9a38c93e37bc475cb6,k4W1c,知识点k4W1c,0.8637,86.37,1,3,3,good
2d9a38c93e37bc475cb6,m3D1v,知识点m3D1v,0.8326,83.26,12,30,21,good
2d9a38c93e37bc475cb6,r8S3g,知识点r8S3g,0.8752,87.52,5,8,7,good
2d9a38c93e37bc475cb6,s8Y2f,知识点s8Y2f,0.7472,74.72,1,5,5,good
2d9a38c93e37bc475cb6,t5V9e,知识点t5V9e,0.9113,91.13,5,10,10,good
2d9a38c93e37bc475cb6,y9W5d,知识点y9W5d,0.8378,83.78,11,38,22,good
a1a127e2bf29c380819c,b3C9s,知识点b3C9s,0.9426,94.26,3,4,3,good
a1a127e2bf29c380819c,g7R2j,知识点g7R2j,0.7867,78.67,5,17,14,good
a1a127e2bf29c380819c,k4W1c,知识点k4W1c,0.7853,78.53,1,3,3,good
a1a127e2bf29c380819c,m3D1v,知识点m3D1v,0.8457,84.57,12,24,19,good
a1a127e2bf29c380819c,r8S3g,知识点r8S3g,0.8882,88.82,5,9,6,good
a1a127e2bf29c380819c,s8Y2f,知识点s8Y2f,0.999,99.9,1,1,1,good
a1a127e2bf29c380819c,t5V9e,知识点t5V9e,0.9576,95.76,5,13,13,good
a1a127e2bf29c380819c,y9W5d,知识点y9W5d,0.9223,92.23,11,23,22,good
2c7d02c44b47e3d24d52,b3C9s,知识点b3C9s,0.8194,81.94,3,6,3,good
2c7d02c44b47e3d24d52,g7R2j,知识点g7R2j,0.8935,89.35,5,18,18,good
2c7d02c44b47e3d24d52,k4W1c,知识点k4W1c,0.998,99.8,1,1,1,good
2c7d02c44b47e3d24d52,m3D1v,知识点m3D1v,0.9556,95.56,12,15,12,good
2c7d02c44b47e3d24d52,r8S3g,知识点r8S3g,0.9363,93.63,5,22,6,good
2c7d02c44b47e3d24d52,s8Y2f,知识点s8Y2f,0.8121,81.21,1,2,1,good
2c7d02c44b47e3d24d52,t5V9e,知识点t5V9e,0.8915,89.15,5,12,5,good
2c7d02c44b47e3d24d52,y9W5d,知识点y9W5d,0.9564,95.64,11,13,11,good
ce9dd8f1570caa0d6f5b,b3C9s,知识点b3C9s,0.7478,74.78,3,12,3,good
ce9dd8f1570caa0d6f5b,g7R2j,知识点g7R2j,0.9984,99.84,5,5,5,good
ce9dd8f1570caa0d6f5b,k4W1c,知识点k4W1c,0.5175,51.75,1,13,2,medium
ce9dd8f1570caa0d6f5b,m3D1v,知识点m3D1v,0.7075,70.75,12,77,36,good
ce9dd8f1570caa0d6f5b,r8S3g,知识点r8S3g,0.6505,65.05,5,46,7,good
ce9dd8f1570caa0d6f5b,s8Y2f,知识点s8Y2f,0.9987,99.87,1,1,1,good
ce9dd8f1570caa0d6f5b,t5V9e,知识点t5V9e,0.6973,69.73,5,44,7,good
ce9dd8f1570caa0d6f5b,y9W5d,知识点y9W5d,0.777,77.7,11,54,12,good
7c039dde693a18f3a834,b3C9s,知识点b3C9s,0.9238,92.38,3,4,3,good
7c039dde693a18f3a834,g7R2j,知识点g7R2j,0.8595,85.95,5,9,5,good
7c039dde693a18f3a834,k4W1c,知识点k4W1c,0.6181,61.81,1,8,1,good
7c039dde693a18f3a834,m3D1v,知识点m3D1v,0.8324,83.24,12,38,14,good
7c039dde693a18f3a834,r8S3g,知识点r8S3g,0.931,93.1,5,22,6,good
7c039dde693a18f3a834,s8Y2f,知识点s8Y2f,0.998,99.8,1,2,2,good
7c039dde693a18f3a834,t5V9e,知识点t5V9e,0.8858,88.58,5,26,24,good
7c039dde693a18f3a834,y9W5d,知识点y9W5d,0.8424,84.24,11,24,12,good
hjcfqm1yfzh8s77mo3ec,b3C9s,知识点b3C9s,0.8233,82.33,2,5,5,good
hjcfqm1yfzh8s77mo3ec,g7R2j,知识点g7R2j,0.7066,70.66,4,12,9,good
hjcfqm1yfzh8s77mo3ec,k4W1c,知识点k4W1c,0.7464,74.64,1,7,5,good
hjcfqm1yfzh8s77mo3ec,m3D1v,知识点m3D1v,0.6918,69.18,9,32,16,good
hjcfqm1yfzh8s77mo3ec,r8S3g,知识点r8S3g,0.5471,54.71,4,15,4,medium
hjcfqm1yfzh8s77mo3ec,s8Y2f,知识点s8Y2f,0.6654,66.54,0,0,0,good
hjcfqm1yfzh8s77mo3ec,t5V9e,知识点t5V9e,0.7306,73.06,5,29,17,good
hjcfqm1yfzh8s77mo3ec,y9W5d,知识点y9W5d,0.5904,59.04,8,23,15,medium
1hues7esy9erdsses6m0,b3C9s,知识点b3C9s,0.6633,66.33,2,7,3,good
1hues7esy9erdsses6m0,g7R2j,知识点g7R2j,0.6566,65.66,5,13,6,good
1hues7esy9erdsses6m0,k4W1c,知识点k4W1c,0.6251,62.51,1,3,2,good
1hues7esy9erdsses6m0,m3D1v,知识点m3D1v,0.6825,68.25,11,30,15,good
1hues7esy9erdsses6m0,r8S3g,知识点r8S3g,0.5854,58.54,4,19,7,medium
1hues7esy9erdsses6m0,s8Y2f,知识点s8Y2f,0.7986,79.86,1,2,2,good
1hues7esy9erdsses6m0,t5V9e,知识点t5V9e,0.731,73.1,5,13,7,good
1hues7esy9erdsses6m0,y9W5d,知识点y9W5d,0.7456,74.56,11,32,20,good
p58nsuk0hj5uh2xk2k9p,b3C9s,知识点b3C9s,0.8425,84.25,3,9,7,good
p58nsuk0hj5uh2xk2k9p,g7R2j,知识点g7R2j,0.5234,52.34,4,7,4,medium
p58nsuk0hj5uh2xk2k9p,k4W1c,知识点k4W1c,0.6543,65.43,1,3,1,good
p58nsuk0hj5uh2xk2k9p,m3D1v,知识点m3D1v,0.742,74.2,12,29,16,good
p58nsuk0hj5uh2xk2k9p,r8S3g,知识点r8S3g,0.6444,64.44,5,17,3,good
p58nsuk0hj5uh2xk2k9p,s8Y2f,知识点s8Y2f,0.7486,74.86,1,3,3,good
p58nsuk0hj5uh2xk2k9p,t5V9e,知识点t5V9e,0.7614,76.14,5,24,12,good
p58nsuk0hj5uh2xk2k9p,y9W5d,知识点y9W5d,0.7754,77.54,10,22,14,good
5l1b1ma70rilf7mojch5,b3C9s,知识点b3C9s,0.8541,85.41,3,7,5,good
5l1b1ma70rilf7mojch5,g7R2j,知识点g7R2j,0.808,80.8,5,16,14,good
5l1b1ma70rilf7mojch5,k4W1c,知识点k4W1c,0.6568,65.68,1,4,2,good
5l1b1ma70rilf7mojch5,m3D1v,知识点m3D1v,0.6555,65.55,11,37,21,good
5l1b1ma70rilf7mojch5,r8S3g,知识点r8S3g,0.5964,59.64,4,20,5,medium
5l1b1ma70rilf7mojch5,s8Y2f,知识点s8Y2f,0.9979,99.79,1,2,2,good
5l1b1ma70rilf7mojch5,t5V9e,知识点t5V9e,0.6695,66.95,5,18,7,good
5l1b1ma70rilf7mojch5,y9W5d,知识点y9W5d,0.765,76.5,11,31,19,good
zylvq01zq0hxavbvsd2f,b3C9s,知识点b3C9s,0.7683,76.83,3,7,5,good
zylvq01zq0hxavbvsd2f,g7R2j,知识点g7R2j,0.6501,65.01,4,7,4,good
zylvq01zq0hxavbvsd2f,k4W1c,知识点k4W1c,0.6539,65.39,1,4,2,good
zylvq01zq0hxavbvsd2f,m3D1v,知识点m3D1v,0.7458,74.58,11,38,23,good
zylvq01zq0hxavbvsd2f,r8S3g,知识点r8S3g,0.6986,69.86,5,16,4,good
zylvq01zq0hxavbvsd2f,s8Y2f,知识点s8Y2f,0.7144,71.44,1,4,3,good
zylvq01zq0hxavbvsd2f,t5V9e,知识点t5V9e,0.7429,74.29,5,26,15,good
zylvq01zq0hxavbvsd2f,y9W5d,知识点y9W5d,0.7572,75.72,11,31,22,good
4ycyhj8tyx2b17fcx29j,b3C9s,知识点b3C9s,0.6677,66.77,2,7,3,good
4ycyhj8tyx2b17fcx29j,g7R2j,知识点g7R2j,0.7153,71.53,4,12,9,good
4ycyhj8tyx2b17fcx29j,k4W1c,知识点k4W1c,0.6459,64.59,1,2,2,good
4ycyhj8tyx2b17fcx29j,m3D1v,知识点m3D1v,0.7299,72.99,10,30,18,good
4ycyhj8tyx2b17fcx29j,r8S3g,知识点r8S3g,0.7536,75.36,4,16,7,good
4ycyhj8tyx2b17fcx29j,s8Y2f,知识点s8Y2f,0.9313,93.13,1,3,3,good
4ycyhj8tyx2b17fcx29j,t5V9e,知识点t5V9e,0.7091,70.91,5,23,10,good
4ycyhj8tyx2b17fcx29j,y9W5d,知识点y9W5d,0.759,75.9,10,34,25,good
n1nh33yq3nhwt4mx36yc,b3C9s,知识点b3C9s,0.5498,54.98,2,3,2,medium
n1nh33yq3nhwt4mx36yc,g7R2j,知识点g7R2j,0.8007,80.07,5,21,15,good
n1nh33yq3nhwt4mx36yc,k4W1c,知识点k4W1c,0.662,66.2,1,5,3,good
n1nh33yq3nhwt4mx36yc,m3D1v,知识点m3D1v,0.6931,69.31,11,32,19,good
n1nh33yq3nhwt4mx36yc,r8S3g,知识点r8S3g,0.4679,46.79,3,7,5,medium
n1nh33yq3nhwt4mx36yc,s8Y2f,知识点s8Y2f,0.9649,96.49,1,3,3,good
n1nh33yq3nhwt4mx36yc,t5V9e,知识点t5V9e,0.7971,79.71,5,14,10,good
n1nh33yq3nhwt4mx36yc,y9W5d,知识点y9W5d,0.7947,79.47,11,38,26,good
jtbq3gkfw2tcsjvfwm56,b3C9s,知识点b3C9s,0.5564,55.64,2,8,5,medium
jtbq3gkfw2tcsjvfwm56,g7R2j,知识点g7R2j,0.7656,76.56,5,15,9,good
jtbq3gkfw2tcsjvfwm56,k4W1c,知识点k4W1c,0.6182,61.82,1,5,1,good
jtbq3gkfw2tcsjvfwm56,m3D1v,知识点m3D1v,0.7565,75.65,12,35,22,good
jtbq3gkfw2tcsjvfwm56,r8S3g,知识点r8S3g,0.8087,80.87,5,13,7,good
jtbq3gkfw2tcsjvfwm56,s8Y2f,知识点s8Y2f,0.767,76.7,1,4,4,good
jtbq3gkfw2tcsjvfwm56,t5V9e,知识点t5V9e,0.7766,77.66,5,16,10,good
jtbq3gkfw2tcsjvfwm56,y9W5d,知识点y9W5d,0.7792,77.92,11,32,22,good
oriig6s6fmvi4f7mxamy,b3C9s,知识点b3C9s,0.796,79.6,3,10,6,good
oriig6s6fmvi4f7mxamy,g7R2j,知识点g7R2j,0.7754,77.54,4,12,9,good
oriig6s6fmvi4f7mxamy,k4W1c,知识点k4W1c,0.633,63.3,1,2,1,good
oriig6s6fmvi4f7mxamy,m3D1v,知识点m3D1v,0.6914,69.14,11,41,21,good
oriig6s6fmvi4f7mxamy,r8S3g,知识点r8S3g,0.5599,55.99,4,15,6,medium
oriig6s6fmvi4f7mxamy,s8Y2f,知识点s8Y2f,0.8878,88.78,1,4,3,good
oriig6s6fmvi4f7mxamy,t5V9e,知识点t5V9e,0.692,69.2,5,16,8,good
oriig6s6fmvi4f7mxamy,y9W5d,知识点y9W5d,0.7079,70.79,11,35,21,good
i3b6qk80m9jqwgft968o,b3C9s,知识点b3C9s,0.7358,73.58,2,4,2,good
i3b6qk80m9jqwgft968o,g7R2j,知识点g7R2j,0.7639,76.39,4,12,9,good
i3b6qk80m9jqwgft968o,k4W1c,知识点k4W1c,0.8457,84.57,1,6,4,good
i3b6qk80m9jqwgft968o,m3D1v,知识点m3D1v,0.6761,67.61,11,31,15,good
i3b6qk80m9jqwgft968o,r8S3g,知识点r8S3g,0.7247,72.47,4,9,4,good
i3b6qk80m9jqwgft968o,s8Y2f,知识点s8Y2f,0.7971,79.71,1,2,2,good
i3b6qk80m9jqwgft968o,t5V9e,知识点t5V9e,0.8577,85.77,5,22,11,good
i3b6qk80m9jqwgft968o,y9W5d,知识点y9W5d,0.7074,70.74,10,35,24,good
2svwdpmdpjsdzafekntw,b3C9s,知识点b3C9s,0.4657,46.57,1,1,0,medium
2svwdpmdpjsdzafekntw,g7R2j,知识点g7R2j,0.7909,79.09,5,14,11,good
2svwdpmdpjsdzafekntw,k4W1c,知识点k4W1c,0.6798,67.98,1,4,3,good
2svwdpmdpjsdzafekntw,m3D1v,知识点m3D1v,0.7245,72.45,11,22,10,good
2svwdpmdpjsdzafekntw,r8S3g,知识点r8S3g,0.644,64.4,4,11,4,good
2svwdpmdpjsdzafekntw,s8Y2f,知识点s8Y2f,0.8143,81.43,1,1,1,good
2svwdpmdpjsdzafekntw,t5V9e,知识点t5V9e,0.576,57.6,4,18,8,medium
2svwdpmdpjsdzafekntw,y9W5d,知识点y9W5d,0.6794,67.94,10,28,18,good
81kmylu471y1njt1pin3,b3C9s,知识点b3C9s,0.8327,83.27,3,8,6,good
81kmylu471y1njt1pin3,g7R2j,知识点g7R2j,0.8086,80.86,5,12,8,good
81kmylu471y1njt1pin3,k4W1c,知识点k4W1c,0.7293,72.93,1,3,1,good
81kmylu471y1njt1pin3,m3D1v,知识点m3D1v,0.735,73.5,11,35,16,good
81kmylu471y1njt1pin3,r8S3g,知识点r8S3g,0.6901,69.01,5,24,3,good
81kmylu471y1njt1pin3,s8Y2f,知识点s8Y2f,0.9977,99.77,1,1,1,good
81kmylu471y1njt1pin3,t5V9e,知识点t5V9e,0.7209,72.09,5,23,13,good
81kmylu471y1njt1pin3,y9W5d,知识点y9W5d,0.7324,73.24,11,34,14,good
e9vzigim3qs88f721ohz,b3C9s,知识点b3C9s,0.7084,70.84,2,6,3,good
e9vzigim3qs88f721ohz,g7R2j,知识点g7R2j,0.7336,73.36,5,11,6,good
e9vzigim3qs88f721ohz,k4W1c,知识点k4W1c,0.7116,71.16,1,4,1,good
e9vzigim3qs88f721ohz,m3D1v,知识点m3D1v,0.7583,75.83,11,34,23,good
e9vzigim3qs88f721ohz,r8S3g,知识点r8S3g,0.5443,54.43,4,20,4,medium
e9vzigim3qs88f721ohz,s8Y2f,知识点s8Y2f,0.6308,63.08,1,3,2,good
e9vzigim3qs88f721ohz,t5V9e,知识点t5V9e,0.6179,61.79,4,17,9,good
e9vzigim3qs88f721ohz,y9W5d,知识点y9W5d,0.7029,70.29,9,31,20,good
8rsw4xhmff15occogf32,b3C9s,知识点b3C9s,0.7534,75.34,3,9,6,good
8rsw4xhmff15occogf32,g7R2j,知识点g7R2j,0.7408,74.08,5,26,14,good
8rsw4xhmff15occogf32,k4W1c,知识点k4W1c,0.6953,69.53,1,4,2,good
8rsw4xhmff15occogf32,m3D1v,知识点m3D1v,0.7379,73.79,11,26,14,good
8rsw4xhmff15occogf32,r8S3g,知识点r8S3g,0.6348,63.48,4,18,7,good
8rsw4xhmff15occogf32,s8Y2f,知识点s8Y2f,0.7717,77.17,1,4,3,good
8rsw4xhmff15occogf32,t5V9e,知识点t5V9e,0.7461,74.61,5,22,14,good
8rsw4xhmff15occogf32,y9W5d,知识点y9W5d,0.7097,70.97,11,35,17,good
siv6gzi7una85o8fzrwi,b3C9s,知识点b3C9s,0.5921,59.21,2,5,4,medium
siv6gzi7una85o8fzrwi,g7R2j,知识点g7R2j,0.742,74.2,4,11,8,good
siv6gzi7una85o8fzrwi,k4W1c,知识点k4W1c,0.6574,65.74,1,3,1,good
siv6gzi7una85o8fzrwi,m3D1v,知识点m3D1v,0.6069,60.69,10,35,17,good
siv6gzi7una85o8fzrwi,r8S3g,知识点r8S3g,0.5443,54.43,4,13,4,medium
siv6gzi7una85o8fzrwi,s8Y2f,知识点s8Y2f,0.7448,74.48,1,4,4,good
siv6gzi7una85o8fzrwi,t5V9e,知识点t5V9e,0.7441,74.41,4,17,10,good
siv6gzi7una85o8fzrwi,y9W5d,知识点y9W5d,0.7469,74.69,11,39,21,good
ti44fbogdeqbfflbizj7,b3C9s,知识点b3C9s,0.7948,79.48,3,7,6,good
ti44fbogdeqbfflbizj7,g7R2j,知识点g7R2j,0.8721,87.21,5,15,13,good
ti44fbogdeqbfflbizj7,k4W1c,知识点k4W1c,0.7042,70.42,1,2,1,good
ti44fbogdeqbfflbizj7,m3D1v,知识点m3D1v,0.7081,70.81,10,28,17,good
ti44fbogdeqbfflbizj7,r8S3g,知识点r8S3g,0.7089,70.89,4,15,4,good
ti44fbogdeqbfflbizj7,s8Y2f,知识点s8Y2f,0.6622,66.22,1,1,1,good
ti44fbogdeqbfflbizj7,t5V9e,知识点t5V9e,0.7816,78.16,5,19,10,good
ti44fbogdeqbfflbizj7,y9W5d,知识点y9W5d,0.7743,77.43,11,26,17,good
5rxl72n8rmnxwrxcss0q,b3C9s,知识点b3C9s,0.5389,53.89,2,4,3,medium
5rxl72n8rmnxwrxcss0q,g7R2j,知识点g7R2j,0.7388,73.88,4,14,9,good
5rxl72n8rmnxwrxcss0q,k4W1c,知识点k4W1c,0.9053,90.53,1,4,4,good
5rxl72n8rmnxwrxcss0q,m3D1v,知识点m3D1v,0.6642,66.42,10,28,18,good
5rxl72n8rmnxwrxcss0q,r8S3g,知识点r8S3g,0.6817,68.17,4,8,3,good
5rxl72n8rmnxwrxcss0q,s8Y2f,知识点s8Y2f,0.6969,69.69,1,2,2,good
5rxl72n8rmnxwrxcss0q,t5V9e,知识点t5V9e,0.81,81.0,5,17,10,good
5rxl72n8rmnxwrxcss0q,y9W5d,知识点y9W5d,0.7614,76.14,11,33,23,good
tbypawuj167ycyvg8sc2,b3C9s,知识点b3C9s,0.8458,84.58,3,8,5,good
tbypawuj167ycyvg8sc2,g7R2j,知识点g7R2j,0.7321,73.21,5,8,6,good
tbypawuj167ycyvg8sc2,k4W1c,知识点k4W1c,0.8645,86.45,1,3,2,good
tbypawuj167ycyvg8sc2,m3D1v,知识点m3D1v,0.6935,69.35,11,35,17,good
tbypawuj167ycyvg8sc2,r8S3g,知识点r8S3g,0.6666,66.66,5,17,4,good
tbypawuj167ycyvg8sc2,s8Y2f,知识点s8Y2f,0.6216,62.16,1,2,1,good
tbypawuj167ycyvg8sc2,t5V9e,知识点t5V9e,0.7497,74.97,5,16,8,good
tbypawuj167ycyvg8sc2,y9W5d,知识点y9W5d,0.7676,76.76,11,32,20,good
10xnkvdetxarrkdhx4i9,b3C9s,知识点b3C9s,0.7987,79.87,3,7,5,good
10xnkvdetxarrkdhx4i9,g7R2j,知识点g7R2j,0.7006,70.06,5,15,10,good
10xnkvdetxarrkdhx4i9,k4W1c,知识点k4W1c,0.7057,70.57,1,2,1,good
10xnkvdetxarrkdhx4i9,m3D1v,知识点m3D1v,0.634,63.4,10,33,14,good
10xnkvdetxarrkdhx4i9,r8S3g,知识点r8S3g,0.7437,74.37,5,10,4,good
10xnkvdetxarrkdhx4i9,s8Y2f,知识点s8Y2f,0.743,74.3,1,4,4,good
10xnkvdetxarrkdhx4i9,t5V9e,知识点t5V9e,0.7001,70.01,5,16,9,good
10xnkvdetxarrkdhx4i9,y9W5d,知识点y9W5d,0.7825,78.25,11,30,21,good
s8uk59p9w5ck47wlw3ea,b3C9s,知识点b3C9s,0.554,55.4,2,4,3,medium
s8uk59p9w5ck47wlw3ea,g7R2j,知识点g7R2j,0.6561,65.61,4,12,7,good
s8uk59p9w5ck47wlw3ea,k4W1c,知识点k4W1c,0.7154,71.54,1,4,3,good
s8uk59p9w5ck47wlw3ea,m3D1v,知识点m3D1v,0.7095,70.95,12,37,16,good
s8uk59p9w5ck47wlw3ea,r8S3g,知识点r8S3g,0.8252,82.52,5,10,5,good
s8uk59p9w5ck47wlw3ea,s8Y2f,知识点s8Y2f,0.6901,69.01,1,6,4,good
s8uk59p9w5ck47wlw3ea,t5V9e,知识点t5V9e,0.6905,69.05,4,16,9,good
s8uk59p9w5ck47wlw3ea,y9W5d,知识点y9W5d,0.6623,66.23,10,30,16,good
y0bdtutppfdzzttzq8dy,b3C9s,知识点b3C9s,0.7197,71.97,3,9,6,good
y0bdtutppfdzzttzq8dy,g7R2j,知识点g7R2j,0.7203,72.03,3,7,6,good
y0bdtutppfdzzttzq8dy,k4W1c,知识点k4W1c,0.6305,63.05,1,1,0,good
y0bdtutppfdzzttzq8dy,m3D1v,知识点m3D1v,0.7535,75.35,11,25,14,good
y0bdtutppfdzzttzq8dy,r8S3g,知识点r8S3g,0.5641,56.41,4,18,5,medium
y0bdtutppfdzzttzq8dy,s8Y2f,知识点s8Y2f,0.7198,71.98,1,1,1,good
y0bdtutppfdzzttzq8dy,t5V9e,知识点t5V9e,0.7114,71.14,5,26,14,good
y0bdtutppfdzzttzq8dy,y9W5d,知识点y9W5d,0.7893,78.93,11,22,18,good
ipd72mytvphpd9tcejgb,b3C9s,知识点b3C9s,0.7033,70.33,2,5,2,good
ipd72mytvphpd9tcejgb,g7R2j,知识点g7R2j,0.7287,72.87,5,14,8,good
ipd72mytvphpd9tcejgb,k4W1c,知识点k4W1c,0.814,81.4,1,4,2,good
ipd72mytvphpd9tcejgb,m3D1v,知识点m3D1v,0.7053,70.53,11,36,21,good
ipd72mytvphpd9tcejgb,r8S3g,知识点r8S3g,0.5544,55.44,4,21,7,medium
ipd72mytvphpd9tcejgb,s8Y2f,知识点s8Y2f,0.629,62.9,0,0,0,good
ipd72mytvphpd9tcejgb,t5V9e,知识点t5V9e,0.8049,80.49,5,14,9,good
ipd72mytvphpd9tcejgb,y9W5d,知识点y9W5d,0.7028,70.28,8,33,22,good
0dapvs3h4h3h1ahmt2o8,b3C9s,知识点b3C9s,0.7641,76.41,3,6,3,good
0dapvs3h4h3h1ahmt2o8,g7R2j,知识点g7R2j,0.5427,54.27,4,12,6,medium
0dapvs3h4h3h1ahmt2o8,k4W1c,知识点k4W1c,0.6289,62.89,1,1,0,good
0dapvs3h4h3h1ahmt2o8,m3D1v,知识点m3D1v,0.7252,72.52,12,31,16,good
0dapvs3h4h3h1ahmt2o8,r8S3g,知识点r8S3g,0.6989,69.89,5,24,6,good
0dapvs3h4h3h1ahmt2o8,s8Y2f,知识点s8Y2f,0.6707,67.07,1,3,1,good
0dapvs3h4h3h1ahmt2o8,t5V9e,知识点t5V9e,0.7637,76.37,5,18,11,good
0dapvs3h4h3h1ahmt2o8,y9W5d,知识点y9W5d,0.7897,78.97,11,35,24,good
95jqkrj6zv7qf1wz1p8e,b3C9s,知识点b3C9s,0.5107,51.07,2,3,2,medium
95jqkrj6zv7qf1wz1p8e,g7R2j,知识点g7R2j,0.6982,69.82,5,15,7,good
95jqkrj6zv7qf1wz1p8e,k4W1c,知识点k4W1c,0.5593,55.93,1,3,0,medium
95jqkrj6zv7qf1wz1p8e,m3D1v,知识点m3D1v,0.6918,69.18,10,27,16,good
95jqkrj6zv7qf1wz1p8e,r8S3g,知识点r8S3g,0.7556,75.56,5,14,4,good
95jqkrj6zv7qf1wz1p8e,s8Y2f,知识点s8Y2f,0.4785,47.85,0,0,0,medium
95jqkrj6zv7qf1wz1p8e,t5V9e,知识点t5V9e,0.8085,80.85,5,17,11,good
95jqkrj6zv7qf1wz1p8e,y9W5d,知识点y9W5d,0.7385,73.85,10,36,24,good
jivt017uwst4sg4fqlek,g7R2j,知识点g7R2j,0.7279,72.79,5,12,8,good
jivt017uwst4sg4fqlek,k4W1c,知识点k4W1c,0.6479,64.79,1,2,1,good
jivt017uwst4sg4fqlek,m3D1v,知识点m3D1v,0.6977,69.77,12,38,19,good
jivt017uwst4sg4fqlek,r8S3g,知识点r8S3g,0.5706,57.06,4,14,1,medium
jivt017uwst4sg4fqlek,s8Y2f,知识点s8Y2f,0.9472,94.72,1,2,2,good
jivt017uwst4sg4fqlek,t5V9e,知识点t5V9e,0.7425,74.25,5,24,15,good
jivt017uwst4sg4fqlek,y9W5d,知识点y9W5d,0.74,74.0,11,32,21,good
9jq31h6i3ny1lx0mx89e,b3C9s,知识点b3C9s,0.7061,70.61,2,6,4,good
9jq31h6i3ny1lx0mx89e,g7R2j,知识点g7R2j,0.8422,84.22,5,13,11,good
9jq31h6i3ny1lx0mx89e,k4W1c,知识点k4W1c,0.7638,76.38,1,2,1,good
9jq31h6i3ny1lx0mx89e,m3D1v,知识点m3D1v,0.7027,70.27,11,45,24,good
9jq31h6i3ny1lx0mx89e,r8S3g,知识点r8S3g,0.6832,68.32,5,22,6,good
9jq31h6i3ny1lx0mx89e,s8Y2f,知识点s8Y2f,0.7949,79.49,1,3,2,good
9jq31h6i3ny1lx0mx89e,t5V9e,知识点t5V9e,0.72,72.0,5,32,15,good
9jq31h6i3ny1lx0mx89e,y9W5d,知识点y9W5d,0.7456,74.56,11,38,20,good
cm2celd9hmos24j2a5cg,b3C9s,知识点b3C9s,0.7787,77.87,3,8,5,good
cm2celd9hmos24j2a5cg,g7R2j,知识点g7R2j,0.5883,58.83,3,10,5,medium
cm2celd9hmos24j2a5cg,k4W1c,知识点k4W1c,0.7304,73.04,1,5,3,good
cm2celd9hmos24j2a5cg,m3D1v,知识点m3D1v,0.6147,61.47,9,18,11,good
cm2celd9hmos24j2a5cg,r8S3g,知识点r8S3g,0.6978,69.78,5,9,1,good
cm2celd9hmos24j2a5cg,s8Y2f,知识点s8Y2f,0.8141,81.41,1,1,1,good
cm2celd9hmos24j2a5cg,t5V9e,知识点t5V9e,0.7601,76.01,5,23,17,good
cm2celd9hmos24j2a5cg,y9W5d,知识点y9W5d,0.7681,76.81,11,27,19,good
wmes720kojsggeq71m5y,b3C9s,知识点b3C9s,0.7808,78.08,3,3,2,good
wmes720kojsggeq71m5y,g7R2j,知识点g7R2j,0.5367,53.67,4,12,8,medium
wmes720kojsggeq71m5y,k4W1c,知识点k4W1c,0.6292,62.92,1,2,0,good
wmes720kojsggeq71m5y,m3D1v,知识点m3D1v,0.6956,69.56,11,34,19,good
wmes720kojsggeq71m5y,r8S3g,知识点r8S3g,0.6646,66.46,5,24,2,good
wmes720kojsggeq71m5y,s8Y2f,知识点s8Y2f,0.6743,67.43,1,3,3,good
wmes720kojsggeq71m5y,t5V9e,知识点t5V9e,0.7308,73.08,5,24,11,good
wmes720kojsggeq71m5y,y9W5d,知识点y9W5d,0.7674,76.74,11,35,21,good
8nqoz5k93j7it8w0muhl,b3C9s,知识点b3C9s,0.8183,81.83,3,12,8,good
8nqoz5k93j7it8w0muhl,g7R2j,知识点g7R2j,0.7032,70.32,5,14,8,good
8nqoz5k93j7it8w0muhl,k4W1c,知识点k4W1c,0.7513,75.13,1,7,5,good
8nqoz5k93j7it8w0muhl,m3D1v,知识点m3D1v,0.6783,67.83,10,34,22,good
8nqoz5k93j7it8w0muhl,r8S3g,知识点r8S3g,0.5702,57.02,4,16,3,medium
8nqoz5k93j7it8w0muhl,s8Y2f,知识点s8Y2f,0.7853,78.53,1,6,5,good
8nqoz5k93j7it8w0muhl,t5V9e,知识点t5V9e,0.731,73.1,3,14,10,good
8nqoz5k93j7it8w0muhl,y9W5d,知识点y9W5d,0.7151,71.51,10,39,23,good
6qp85ufr2o1zg8k0cvtb,b3C9s,知识点b3C9s,0.7929,79.29,3,6,5,good
6qp85ufr2o1zg8k0cvtb,g7R2j,知识点g7R2j,0.8559,85.59,5,7,6,good
6qp85ufr2o1zg8k0cvtb,k4W1c,知识点k4W1c,0.6869,68.69,1,4,1,good
6qp85ufr2o1zg8k0cvtb,m3D1v,知识点m3D1v,0.705,70.5,10,30,19,good
6qp85ufr2o1zg8k0cvtb,r8S3g,知识点r8S3g,0.78,78.0,5,13,4,good
6qp85ufr2o1zg8k0cvtb,s8Y2f,知识点s8Y2f,0.8483,84.83,1,5,5,good
6qp85ufr2o1zg8k0cvtb,t5V9e,知识点t5V9e,0.5624,56.24,3,9,4,medium
6qp85ufr2o1zg8k0cvtb,y9W5d,知识点y9W5d,0.6669,66.69,9,30,20,good
5zczdtyecu2w495j80xv,b3C9s,知识点b3C9s,0.7516,75.16,2,4,3,good
5zczdtyecu2w495j80xv,g7R2j,知识点g7R2j,0.7643,76.43,5,15,8,good
5zczdtyecu2w495j80xv,k4W1c,知识点k4W1c,0.865,86.5,1,3,2,good
5zczdtyecu2w495j80xv,m3D1v,知识点m3D1v,0.7498,74.98,12,29,17,good
5zczdtyecu2w495j80xv,r8S3g,知识点r8S3g,0.6984,69.84,4,13,5,good
5zczdtyecu2w495j80xv,s8Y2f,知识点s8Y2f,0.7538,75.38,1,2,2,good
5zczdtyecu2w495j80xv,t5V9e,知识点t5V9e,0.7483,74.83,5,23,17,good
5zczdtyecu2w495j80xv,y9W5d,知识点y9W5d,0.6738,67.38,10,25,15,good
bt192zri52uj2flwikrw,b3C9s,知识点b3C9s,0.8323,83.23,3,6,6,good
bt192zri52uj2flwikrw,g7R2j,知识点g7R2j,0.5966,59.66,4,12,7,medium
bt192zri52uj2flwikrw,k4W1c,知识点k4W1c,0.6629,66.29,1,2,1,good
bt192zri52uj2flwikrw,m3D1v,知识点m3D1v,0.7602,76.02,12,27,17,good
bt192zri52uj2flwikrw,r8S3g,知识点r8S3g,0.5123,51.23,4,29,3,medium
bt192zri52uj2flwikrw,s8Y2f,知识点s8Y2f,0.7783,77.83,1,2,2,good
bt192zri52uj2flwikrw,t5V9e,知识点t5V9e,0.7255,72.55,5,20,12,good
bt192zri52uj2flwikrw,y9W5d,知识点y9W5d,0.7336,73.36,11,30,19,good
qol4cum3ewnz45dzpijx,b3C9s,知识点b3C9s,0.7816,78.16,3,4,2,good
qol4cum3ewnz45dzpijx,g7R2j,知识点g7R2j,0.7319,73.19,5,18,13,good
qol4cum3ewnz45dzpijx,k4W1c,知识点k4W1c,0.7305,73.05,1,2,1,good
qol4cum3ewnz45dzpijx,m3D1v,知识点m3D1v,0.697,69.7,11,33,16,good
qol4cum3ewnz45dzpijx,r8S3g,知识点r8S3g,0.7524,75.24,5,23,8,good
qol4cum3ewnz45dzpijx,t5V9e,知识点t5V9e,0.7394,73.94,5,17,14,good
qol4cum3ewnz45dzpijx,y9W5d,知识点y9W5d,0.6761,67.61,10,19,13,good
k8d21tlgxmu6i35atvub,b3C9s,知识点b3C9s,0.5401,54.01,2,4,2,medium
k8d21tlgxmu6i35atvub,g7R2j,知识点g7R2j,0.6046,60.46,4,7,6,good
k8d21tlgxmu6i35atvub,k4W1c,知识点k4W1c,0.6772,67.72,1,3,1,good
k8d21tlgxmu6i35atvub,m3D1v,知识点m3D1v,0.7488,74.88,11,37,23,good
k8d21tlgxmu6i35atvub,r8S3g,知识点r8S3g,0.6392,63.92,5,19,2,good
k8d21tlgxmu6i35atvub,s8Y2f,知识点s8Y2f,0.6858,68.58,1,6,3,good
k8d21tlgxmu6i35atvub,t5V9e,知识点t5V9e,0.785,78.5,5,19,12,good
k8d21tlgxmu6i35atvub,y9W5d,知识点y9W5d,0.7427,74.27,11,36,21,good
vd2j77wynysztt2wbv2v,b3C9s,知识点b3C9s,0.5089,50.89,2,2,1,medium
vd2j77wynysztt2wbv2v,g7R2j,知识点g7R2j,0.5211,52.11,3,8,3,medium
vd2j77wynysztt2wbv2v,k4W1c,知识点k4W1c,0.7465,74.65,1,4,3,good
vd2j77wynysztt2wbv2v,m3D1v,知识点m3D1v,0.7556,75.56,11,25,13,good
vd2j77wynysztt2wbv2v,r8S3g,知识点r8S3g,0.7077,70.77,5,18,7,good
vd2j77wynysztt2wbv2v,s8Y2f,知识点s8Y2f,0.7639,76.39,1,3,3,good
vd2j77wynysztt2wbv2v,t5V9e,知识点t5V9e,0.8388,83.88,5,15,12,good
vd2j77wynysztt2wbv2v,y9W5d,知识点y9W5d,0.7381,73.81,11,31,18,good
119b36a5797d5ce69625,b3C9s,知识点b3C9s,0.9273,92.73,3,4,4,good
119b36a5797d5ce69625,g7R2j,知识点g7R2j,0.8073,80.73,5,22,11,good
119b36a5797d5ce69625,k4W1c,知识点k4W1c,0.7264,72.64,1,3,2,good
119b36a5797d5ce69625,m3D1v,知识点m3D1v,0.8755,87.55,12,33,23,good
119b36a5797d5ce69625,r8S3g,知识点r8S3g,0.7654,76.54,5,30,6,good
119b36a5797d5ce69625,s8Y2f,知识点s8Y2f,0.6996,69.96,1,1,1,good
119b36a5797d5ce69625,t5V9e,知识点t5V9e,0.8244,82.44,5,26,21,good
119b36a5797d5ce69625,y9W5d,知识点y9W5d,0.7517,75.17,11,38,20,good
ee07cc24589beb775d33,b3C9s,知识点b3C9s,0.7503,75.03,3,8,4,good
ee07cc24589beb775d33,g7R2j,知识点g7R2j,0.6877,68.77,5,41,35,good
ee07cc24589beb775d33,k4W1c,知识点k4W1c,0.9983,99.83,1,1,1,good
ee07cc24589beb775d33,m3D1v,知识点m3D1v,0.8298,82.98,12,44,29,good
ee07cc24589beb775d33,r8S3g,知识点r8S3g,0.8138,81.38,5,19,7,good
ee07cc24589beb775d33,s8Y2f,知识点s8Y2f,0.5657,56.57,1,4,2,medium
ee07cc24589beb775d33,t5V9e,知识点t5V9e,0.9615,96.15,5,5,5,good
ee07cc24589beb775d33,y9W5d,知识点y9W5d,0.7853,78.53,11,52,36,good
44c7cf3881ae07f7fb3e,b3C9s,知识点b3C9s,0.9977,99.77,3,3,3,good
44c7cf3881ae07f7fb3e,g7R2j,知识点g7R2j,0.9609,96.09,5,6,5,good
44c7cf3881ae07f7fb3e,k4W1c,知识点k4W1c,0.9977,99.77,1,1,1,good
44c7cf3881ae07f7fb3e,m3D1v,知识点m3D1v,0.8312,83.12,12,40,23,good
44c7cf3881ae07f7fb3e,r8S3g,知识点r8S3g,0.7407,74.07,5,58,13,good
44c7cf3881ae07f7fb3e,s8Y2f,知识点s8Y2f,0.9977,99.77,1,1,1,good
44c7cf3881ae07f7fb3e,t5V9e,知识点t5V9e,0.8372,83.72,5,24,18,good
44c7cf3881ae07f7fb3e,y9W5d,知识点y9W5d,0.9574,95.74,11,17,13,good
c681117f7f586fd730bb,b3C9s,知识点b3C9s,0.6683,66.83,3,21,3,good
c681117f7f586fd730bb,g7R2j,知识点g7R2j,0.8655,86.55,5,7,5,good
c681117f7f586fd730bb,k4W1c,知识点k4W1c,0.8968,89.68,1,3,3,good
c681117f7f586fd730bb,m3D1v,知识点m3D1v,0.893,89.3,12,25,22,good
c681117f7f586fd730bb,r8S3g,知识点r8S3g,0.9235,92.35,5,9,8,good
c681117f7f586fd730bb,s8Y2f,知识点s8Y2f,0.6364,63.64,1,7,3,good
c681117f7f586fd730bb,t5V9e,知识点t5V9e,0.8233,82.33,5,18,10,good
c681117f7f586fd730bb,y9W5d,知识点y9W5d,0.8584,85.84,11,66,61,good
1cfe33c5b178a0c2367f,b3C9s,知识点b3C9s,0.9433,94.33,3,3,3,good
1cfe33c5b178a0c2367f,g7R2j,知识点g7R2j,0.8102,81.02,5,16,5,good
1cfe33c5b178a0c2367f,k4W1c,知识点k4W1c,0.9983,99.83,1,1,1,good
1cfe33c5b178a0c2367f,m3D1v,知识点m3D1v,0.888,88.8,12,35,28,good
1cfe33c5b178a0c2367f,r8S3g,知识点r8S3g,0.8342,83.42,5,9,6,good
1cfe33c5b178a0c2367f,s8Y2f,知识点s8Y2f,0.9967,99.67,1,1,1,good
1cfe33c5b178a0c2367f,t5V9e,知识点t5V9e,0.8279,82.79,5,21,11,good
1cfe33c5b178a0c2367f,y9W5d,知识点y9W5d,0.9766,97.66,11,13,12,good
6496d6268092ef8e7e9d,b3C9s,知识点b3C9s,0.8343,83.43,3,5,4,good
6496d6268092ef8e7e9d,g7R2j,知识点g7R2j,0.7684,76.84,5,31,19,good
6496d6268092ef8e7e9d,k4W1c,知识点k4W1c,0.7227,72.27,1,4,2,good
6496d6268092ef8e7e9d,m3D1v,知识点m3D1v,0.7588,75.88,12,44,16,good
6496d6268092ef8e7e9d,r8S3g,知识点r8S3g,0.7746,77.46,5,21,6,good
6496d6268092ef8e7e9d,s8Y2f,知识点s8Y2f,0.6412,64.12,1,4,1,good
6496d6268092ef8e7e9d,t5V9e,知识点t5V9e,0.8063,80.63,5,25,9,good
6496d6268092ef8e7e9d,y9W5d,知识点y9W5d,0.743,74.3,11,48,22,good
00cbf05221bb479e66c3,b3C9s,知识点b3C9s,0.8148,81.48,3,13,6,good
00cbf05221bb479e66c3,g7R2j,知识点g7R2j,0.7313,73.13,5,13,6,good
00cbf05221bb479e66c3,k4W1c,知识点k4W1c,0.8602,86.02,1,3,2,good
00cbf05221bb479e66c3,m3D1v,知识点m3D1v,0.7683,76.83,12,28,16,good
00cbf05221bb479e66c3,r8S3g,知识点r8S3g,0.6572,65.72,5,47,7,good
00cbf05221bb479e66c3,s8Y2f,知识点s8Y2f,0.6331,63.31,1,4,2,good
00cbf05221bb479e66c3,t5V9e,知识点t5V9e,0.6846,68.46,5,31,18,good
00cbf05221bb479e66c3,y9W5d,知识点y9W5d,0.7567,75.67,11,37,21,good
5963ba5cd9d242a00e22,b3C9s,知识点b3C9s,0.8536,85.36,3,6,3,good
5963ba5cd9d242a00e22,g7R2j,知识点g7R2j,0.9614,96.14,5,6,5,good
5963ba5cd9d242a00e22,k4W1c,知识点k4W1c,0.9977,99.77,1,1,1,good
5963ba5cd9d242a00e22,m3D1v,知识点m3D1v,0.8464,84.64,12,29,15,good
5963ba5cd9d242a00e22,r8S3g,知识点r8S3g,0.6832,68.32,5,28,7,good
5963ba5cd9d242a00e22,s8Y2f,知识点s8Y2f,0.7624,76.24,1,3,1,good
5963ba5cd9d242a00e22,t5V9e,知识点t5V9e,0.7175,71.75,5,55,12,good
5963ba5cd9d242a00e22,y9W5d,知识点y9W5d,0.9052,90.52,11,19,12,good
9a630f9e9f4ec26d8fcd,b3C9s,知识点b3C9s,0.8696,86.96,3,3,3,good
9a630f9e9f4ec26d8fcd,g7R2j,知识点g7R2j,0.881,88.1,5,7,7,good
9a630f9e9f4ec26d8fcd,k4W1c,知识点k4W1c,0.8966,89.66,1,2,2,good
9a630f9e9f4ec26d8fcd,m3D1v,知识点m3D1v,0.835,83.5,12,32,23,good
9a630f9e9f4ec26d8fcd,r8S3g,知识点r8S3g,0.8513,85.13,5,20,6,good
9a630f9e9f4ec26d8fcd,s8Y2f,知识点s8Y2f,0.6694,66.94,1,2,1,good
9a630f9e9f4ec26d8fcd,t5V9e,知识点t5V9e,0.8134,81.34,5,21,14,good
9a630f9e9f4ec26d8fcd,y9W5d,知识点y9W5d,0.8921,89.21,11,20,18,good
21e23771e52cb5291b19,b3C9s,知识点b3C9s,0.774,77.4,3,13,6,good
21e23771e52cb5291b19,g7R2j,知识点g7R2j,0.7007,70.07,5,22,5,good
21e23771e52cb5291b19,k4W1c,知识点k4W1c,0.6865,68.65,1,3,1,good
21e23771e52cb5291b19,m3D1v,知识点m3D1v,0.7669,76.69,12,70,37,good
21e23771e52cb5291b19,r8S3g,知识点r8S3g,0.607,60.7,5,55,8,good
21e23771e52cb5291b19,s8Y2f,知识点s8Y2f,0.8131,81.31,1,2,1,good
21e23771e52cb5291b19,t5V9e,知识点t5V9e,0.7342,73.42,5,98,40,good
21e23771e52cb5291b19,y9W5d,知识点y9W5d,0.7248,72.48,11,38,15,good
9c48779f6e97be993771,b3C9s,知识点b3C9s,0.8908,89.08,3,4,3,good
9c48779f6e97be993771,g7R2j,知识点g7R2j,0.7105,71.05,5,29,15,good
9c48779f6e97be993771,k4W1c,知识点k4W1c,0.7171,71.71,1,23,20,good
9c48779f6e97be993771,m3D1v,知识点m3D1v,0.8663,86.63,12,46,18,good
9c48779f6e97be993771,r8S3g,知识点r8S3g,0.8495,84.95,5,11,6,good
9c48779f6e97be993771,s8Y2f,知识点s8Y2f,0.6636,66.36,1,7,3,good
9c48779f6e97be993771,t5V9e,知识点t5V9e,0.9591,95.91,5,10,10,good
9c48779f6e97be993771,y9W5d,知识点y9W5d,0.7946,79.46,11,68,46,good
9795edf22e930bc30fa4,b3C9s,知识点b3C9s,0.6622,66.22,3,17,9,good
9795edf22e930bc30fa4,g7R2j,知识点g7R2j,0.7232,72.32,5,35,30,good
9795edf22e930bc30fa4,k4W1c,知识点k4W1c,0.7249,72.49,1,7,6,good
9795edf22e930bc30fa4,m3D1v,知识点m3D1v,0.797,79.7,12,50,39,good
9795edf22e930bc30fa4,r8S3g,知识点r8S3g,0.7597,75.97,5,11,6,good
9795edf22e930bc30fa4,s8Y2f,知识点s8Y2f,0.6272,62.72,1,10,2,good
9795edf22e930bc30fa4,t5V9e,知识点t5V9e,0.7231,72.31,5,54,49,good
9795edf22e930bc30fa4,y9W5d,知识点y9W5d,0.7086,70.86,11,62,41,good
bf07cdd92f1ff3197397,b3C9s,知识点b3C9s,0.6754,67.54,3,12,3,good
bf07cdd92f1ff3197397,g7R2j,知识点g7R2j,0.7086,70.86,5,25,12,good
bf07cdd92f1ff3197397,k4W1c,知识点k4W1c,0.7253,72.53,1,4,3,good
bf07cdd92f1ff3197397,m3D1v,知识点m3D1v,0.7851,78.51,12,40,17,good
bf07cdd92f1ff3197397,r8S3g,知识点r8S3g,0.6951,69.51,5,52,6,good
bf07cdd92f1ff3197397,s8Y2f,知识点s8Y2f,0.6527,65.27,1,3,1,good
bf07cdd92f1ff3197397,t5V9e,知识点t5V9e,0.8447,84.47,5,27,21,good
bf07cdd92f1ff3197397,y9W5d,知识点y9W5d,0.7341,73.41,11,44,24,good
7742559d8e833fbcd326,b3C9s,知识点b3C9s,0.8868,88.68,3,3,3,good
7742559d8e833fbcd326,g7R2j,知识点g7R2j,0.7554,75.54,5,34,23,good
7742559d8e833fbcd326,k4W1c,知识点k4W1c,0.644,64.4,1,12,5,good
7742559d8e833fbcd326,m3D1v,知识点m3D1v,0.7966,79.66,12,37,16,good
7742559d8e833fbcd326,r8S3g,知识点r8S3g,0.7652,76.52,5,63,7,good
7742559d8e833fbcd326,s8Y2f,知识点s8Y2f,0.6865,68.65,1,1,1,good
7742559d8e833fbcd326,t5V9e,知识点t5V9e,0.9738,97.38,5,22,22,good
7742559d8e833fbcd326,y9W5d,知识点y9W5d,0.7244,72.44,11,44,24,good
8a45d6748ec853f7694c,b3C9s,知识点b3C9s,0.95,95.0,3,6,6,good
8a45d6748ec853f7694c,g7R2j,知识点g7R2j,0.7496,74.96,5,12,8,good
8a45d6748ec853f7694c,k4W1c,知识点k4W1c,0.7923,79.23,1,3,2,good
8a45d6748ec853f7694c,m3D1v,知识点m3D1v,0.7697,76.97,12,46,15,good
8a45d6748ec853f7694c,r8S3g,知识点r8S3g,0.8124,81.24,5,16,6,good
8a45d6748ec853f7694c,s8Y2f,知识点s8Y2f,0.7287,72.87,1,3,1,good
8a45d6748ec853f7694c,t5V9e,知识点t5V9e,0.7489,74.89,5,34,28,good
8a45d6748ec853f7694c,y9W5d,知识点y9W5d,0.7866,78.66,11,27,19,good
d3e269bf68d51851097c,b3C9s,知识点b3C9s,0.938,93.8,3,4,4,good
d3e269bf68d51851097c,g7R2j,知识点g7R2j,0.6915,69.15,5,18,12,good
d3e269bf68d51851097c,k4W1c,知识点k4W1c,0.6597,65.97,1,2,1,good
d3e269bf68d51851097c,m3D1v,知识点m3D1v,0.7534,75.34,12,77,51,good
d3e269bf68d51851097c,r8S3g,知识点r8S3g,0.7536,75.36,5,23,8,good
d3e269bf68d51851097c,s8Y2f,知识点s8Y2f,0.5661,56.61,1,4,1,medium
d3e269bf68d51851097c,t5V9e,知识点t5V9e,0.7941,79.41,5,25,11,good
d3e269bf68d51851097c,y9W5d,知识点y9W5d,0.7656,76.56,11,65,46,good
8f1ddd99ac8c59bbd788,b3C9s,知识点b3C9s,0.8688,86.88,3,9,3,good
8f1ddd99ac8c59bbd788,g7R2j,知识点g7R2j,0.7858,78.58,5,44,36,good
8f1ddd99ac8c59bbd788,k4W1c,知识点k4W1c,0.9981,99.81,1,1,1,good
8f1ddd99ac8c59bbd788,m3D1v,知识点m3D1v,0.9483,94.83,12,18,18,good
8f1ddd99ac8c59bbd788,r8S3g,知识点r8S3g,0.9144,91.44,5,11,6,good
8f1ddd99ac8c59bbd788,s8Y2f,知识点s8Y2f,0.9977,99.77,1,1,1,good
8f1ddd99ac8c59bbd788,t5V9e,知识点t5V9e,0.9318,93.18,5,9,6,good
8f1ddd99ac8c59bbd788,y9W5d,知识点y9W5d,0.9398,93.98,11,35,33,good
03b463f52c0fff35433b,b3C9s,知识点b3C9s,0.9975,99.75,3,3,3,good
03b463f52c0fff35433b,g7R2j,知识点g7R2j,0.9959,99.59,5,5,5,good
03b463f52c0fff35433b,k4W1c,知识点k4W1c,0.9982,99.82,1,1,1,good
03b463f52c0fff35433b,m3D1v,知识点m3D1v,0.8514,85.14,12,29,21,good
03b463f52c0fff35433b,r8S3g,知识点r8S3g,0.888,88.8,5,10,6,good
03b463f52c0fff35433b,s8Y2f,知识点s8Y2f,0.9977,99.77,1,1,1,good
03b463f52c0fff35433b,t5V9e,知识点t5V9e,0.9041,90.41,5,8,8,good
03b463f52c0fff35433b,y9W5d,知识点y9W5d,0.9582,95.82,11,14,13,good
b7f42d4b51972267680e,b3C9s,知识点b3C9s,0.6988,69.88,3,14,7,good
b7f42d4b51972267680e,g7R2j,知识点g7R2j,0.8056,80.56,5,57,52,good
b7f42d4b51972267680e,k4W1c,知识点k4W1c,0.8638,86.38,1,3,2,good
b7f42d4b51972267680e,m3D1v,知识点m3D1v,0.8617,86.17,12,76,67,good
b7f42d4b51972267680e,r8S3g,知识点r8S3g,0.8272,82.72,5,20,6,good
b7f42d4b51972267680e,s8Y2f,知识点s8Y2f,0.9982,99.82,1,1,1,good
b7f42d4b51972267680e,t5V9e,知识点t5V9e,0.9458,94.58,5,8,7,good
b7f42d4b51972267680e,y9W5d,知识点y9W5d,0.8801,88.01,11,45,31,good
a1d00fdd7660b7e88077,b3C9s,知识点b3C9s,0.9039,90.39,3,5,5,good
a1d00fdd7660b7e88077,g7R2j,知识点g7R2j,0.858,85.8,5,13,11,good
a1d00fdd7660b7e88077,k4W1c,知识点k4W1c,0.994,99.4,1,1,1,good
a1d00fdd7660b7e88077,m3D1v,知识点m3D1v,0.9143,91.43,12,33,25,good
a1d00fdd7660b7e88077,r8S3g,知识点r8S3g,0.8837,88.37,5,9,6,good
a1d00fdd7660b7e88077,s8Y2f,知识点s8Y2f,0.9975,99.75,1,1,1,good
a1d00fdd7660b7e88077,t5V9e,知识点t5V9e,0.892,89.2,5,38,34,good
a1d00fdd7660b7e88077,y9W5d,知识点y9W5d,0.9477,94.77,11,18,18,good
ac7214620207dfdd149d,b3C9s,知识点b3C9s,0.9981,99.81,3,3,3,good
ac7214620207dfdd149d,g7R2j,知识点g7R2j,0.8319,83.19,5,14,6,good
ac7214620207dfdd149d,k4W1c,知识点k4W1c,0.9983,99.83,1,1,1,good
ac7214620207dfdd149d,m3D1v,知识点m3D1v,0.933,93.3,12,17,12,good
ac7214620207dfdd149d,r8S3g,知识点r8S3g,0.8985,89.85,5,6,6,good
ac7214620207dfdd149d,s8Y2f,知识点s8Y2f,0.7191,71.91,1,1,1,good
ac7214620207dfdd149d,t5V9e,知识点t5V9e,0.9614,96.14,5,7,6,good
ac7214620207dfdd149d,y9W5d,知识点y9W5d,0.9298,92.98,11,15,13,good
117ee98c7f916c88ddbb,b3C9s,知识点b3C9s,0.8338,83.38,3,4,3,good
117ee98c7f916c88ddbb,g7R2j,知识点g7R2j,0.7396,73.96,5,12,10,good
117ee98c7f916c88ddbb,k4W1c,知识点k4W1c,0.8954,89.54,1,2,2,good
117ee98c7f916c88ddbb,m3D1v,知识点m3D1v,0.7548,75.48,12,35,12,good
117ee98c7f916c88ddbb,r8S3g,知识点r8S3g,0.7897,78.97,5,32,6,good
117ee98c7f916c88ddbb,s8Y2f,知识点s8Y2f,0.7149,71.49,1,27,26,good
117ee98c7f916c88ddbb,t5V9e,知识点t5V9e,0.6945,69.45,5,30,12,good
117ee98c7f916c88ddbb,y9W5d,知识点y9W5d,0.8122,81.22,11,60,50,good
91439fcb2590c49dd20d,b3C9s,知识点b3C9s,0.9254,92.54,3,6,4,good
91439fcb2590c49dd20d,g7R2j,知识点g7R2j,0.8687,86.87,5,8,6,good
91439fcb2590c49dd20d,k4W1c,知识点k4W1c,0.6538,65.38,1,3,1,good
91439fcb2590c49dd20d,m3D1v,知识点m3D1v,0.8355,83.55,12,30,18,good
91439fcb2590c49dd20d,r8S3g,知识点r8S3g,0.8368,83.68,5,12,6,good
91439fcb2590c49dd20d,s8Y2f,知识点s8Y2f,0.8126,81.26,1,2,2,good
91439fcb2590c49dd20d,t5V9e,知识点t5V9e,0.9984,99.84,5,5,5,good
91439fcb2590c49dd20d,y9W5d,知识点y9W5d,0.8208,82.08,11,34,19,good
53d51965c40a54cff1a0,b3C9s,知识点b3C9s,0.874,87.4,3,5,5,good
53d51965c40a54cff1a0,g7R2j,知识点g7R2j,0.8677,86.77,5,27,19,good
53d51965c40a54cff1a0,k4W1c,知识点k4W1c,0.9975,99.75,1,2,2,good
53d51965c40a54cff1a0,m3D1v,知识点m3D1v,0.8803,88.03,12,24,17,good
53d51965c40a54cff1a0,r8S3g,知识点r8S3g,0.8722,87.22,5,12,7,good
53d51965c40a54cff1a0,s8Y2f,知识点s8Y2f,0.815,81.5,1,1,1,good
53d51965c40a54cff1a0,t5V9e,知识点t5V9e,0.8906,89.06,5,15,13,good
53d51965c40a54cff1a0,y9W5d,知识点y9W5d,0.932,93.2,11,20,19,good
efd58fbebca61c41c881,b3C9s,知识点b3C9s,0.2995,29.95,1,1,1,poor
efd58fbebca61c41c881,g7R2j,知识点g7R2j,0.9981,99.81,5,5,5,good
efd58fbebca61c41c881,k4W1c,知识点k4W1c,0.9977,99.77,1,1,1,good
efd58fbebca61c41c881,m3D1v,知识点m3D1v,0.9965,99.65,12,12,12,good
efd58fbebca61c41c881,r8S3g,知识点r8S3g,0.9989,99.89,5,6,6,good
efd58fbebca61c41c881,s8Y2f,知识点s8Y2f,0.9985,99.85,1,1,1,good
efd58fbebca61c41c881,t5V9e,知识点t5V9e,0.9984,99.84,5,5,5,good
efd58fbebca61c41c881,y9W5d,知识点y9W5d,0.9983,99.83,11,13,13,good
be75e05b9db5efb1258a,b3C9s,知识点b3C9s,0.9987,99.87,3,3,3,good
be75e05b9db5efb1258a,g7R2j,知识点g7R2j,0.9445,94.45,5,9,9,good
be75e05b9db5efb1258a,k4W1c,知识点k4W1c,0.801,80.1,1,3,3,good
be75e05b9db5efb1258a,m3D1v,知识点m3D1v,0.9333,93.33,12,21,16,good
be75e05b9db5efb1258a,r8S3g,知识点r8S3g,0.9618,96.18,5,9,7,good
be75e05b9db5efb1258a,s8Y2f,知识点s8Y2f,0.7951,79.51,1,11,10,good
be75e05b9db5efb1258a,t5V9e,知识点t5V9e,0.9986,99.86,5,5,5,good
be75e05b9db5efb1258a,y9W5d,知识点y9W5d,0.8618,86.18,11,48,43,good
a337d5368b0d110803b1,b3C9s,知识点b3C9s,0.9983,99.83,3,3,3,good
a337d5368b0d110803b1,g7R2j,知识点g7R2j,0.865,86.5,5,7,5,good
a337d5368b0d110803b1,k4W1c,知识点k4W1c,0.7362,73.62,1,4,1,good
a337d5368b0d110803b1,m3D1v,知识点m3D1v,0.8957,89.57,12,18,13,good
a337d5368b0d110803b1,r8S3g,知识点r8S3g,0.8732,87.32,5,16,6,good
a337d5368b0d110803b1,s8Y2f,知识点s8Y2f,0.998,99.8,1,1,1,good
a337d5368b0d110803b1,t5V9e,知识点t5V9e,0.9095,90.95,5,14,11,good
a337d5368b0d110803b1,y9W5d,知识点y9W5d,0.8978,89.78,11,23,12,good
204a7d6db340a3c18ca7,b3C9s,知识点b3C9s,0.9983,99.83,3,3,3,good
204a7d6db340a3c18ca7,g7R2j,知识点g7R2j,0.9617,96.17,5,6,5,good
204a7d6db340a3c18ca7,k4W1c,知识点k4W1c,0.9987,99.87,1,1,1,good
204a7d6db340a3c18ca7,m3D1v,知识点m3D1v,0.9938,99.38,12,13,13,good
204a7d6db340a3c18ca7,r8S3g,知识点r8S3g,0.9765,97.65,5,12,10,good
204a7d6db340a3c18ca7,s8Y2f,知识点s8Y2f,0.9987,99.87,1,1,1,good
204a7d6db340a3c18ca7,t5V9e,知识点t5V9e,0.9446,94.46,5,6,5,good
204a7d6db340a3c18ca7,y9W5d,知识点y9W5d,0.9417,94.17,11,20,16,good
97442da123c449f6a146,b3C9s,知识点b3C9s,0.91,91.0,3,5,3,good
97442da123c449f6a146,g7R2j,知识点g7R2j,0.8005,80.05,5,19,10,good
97442da123c449f6a146,k4W1c,知识点k4W1c,0.9567,95.67,1,5,5,good
97442da123c449f6a146,m3D1v,知识点m3D1v,0.851,85.1,12,21,15,good
97442da123c449f6a146,r8S3g,知识点r8S3g,0.8357,83.57,5,19,7,good
97442da123c449f6a146,s8Y2f,知识点s8Y2f,0.897,89.7,1,2,2,good
97442da123c449f6a146,t5V9e,知识点t5V9e,0.8715,87.15,5,11,10,good
97442da123c449f6a146,y9W5d,知识点y9W5d,0.8227,82.27,11,54,25,good
cac84b1c3033872272f0,b3C9s,知识点b3C9s,0.8119,81.19,3,7,5,good
cac84b1c3033872272f0,g7R2j,知识点g7R2j,0.8062,80.62,5,16,13,good
cac84b1c3033872272f0,k4W1c,知识点k4W1c,0.7402,74.02,1,4,4,good
cac84b1c3033872272f0,m3D1v,知识点m3D1v,0.9093,90.93,12,19,16,good
cac84b1c3033872272f0,r8S3g,知识点r8S3g,0.7657,76.57,5,18,6,good
cac84b1c3033872272f0,s8Y2f,知识点s8Y2f,0.7322,73.22,1,4,1,good
cac84b1c3033872272f0,t5V9e,知识点t5V9e,0.7297,72.97,5,31,21,good
cac84b1c3033872272f0,y9W5d,知识点y9W5d,0.8789,87.89,11,31,27,good
882ccee198e25b49b30d,b3C9s,知识点b3C9s,0.7492,74.92,3,11,4,good
882ccee198e25b49b30d,g7R2j,知识点g7R2j,0.6582,65.82,5,84,36,good
882ccee198e25b49b30d,k4W1c,知识点k4W1c,0.7143,71.43,1,7,2,good
882ccee198e25b49b30d,m3D1v,知识点m3D1v,0.6619,66.19,12,222,92,good
882ccee198e25b49b30d,r8S3g,知识点r8S3g,0.7194,71.94,5,43,6,good
882ccee198e25b49b30d,s8Y2f,知识点s8Y2f,0.7081,70.81,1,5,3,good
882ccee198e25b49b30d,t5V9e,知识点t5V9e,0.6283,62.83,5,141,71,good
882ccee198e25b49b30d,y9W5d,知识点y9W5d,0.6788,67.88,11,68,32,good
8068144149e4ba65ef38,b3C9s,知识点b3C9s,0.869,86.9,3,6,4,good
8068144149e4ba65ef38,g7R2j,知识点g7R2j,0.7421,74.21,5,17,12,good
8068144149e4ba65ef38,k4W1c,知识点k4W1c,0.7071,70.71,1,11,10,good
8068144149e4ba65ef38,m3D1v,知识点m3D1v,0.7681,76.81,12,43,22,good
8068144149e4ba65ef38,r8S3g,知识点r8S3g,0.7139,71.39,5,45,9,good
8068144149e4ba65ef38,s8Y2f,知识点s8Y2f,0.6846,68.46,1,8,3,good
8068144149e4ba65ef38,t5V9e,知识点t5V9e,0.6663,66.63,5,28,14,good
8068144149e4ba65ef38,y9W5d,知识点y9W5d,0.752,75.2,11,58,37,good
d035c324a020e7948fe8,b3C9s,知识点b3C9s,0.8961,89.61,3,5,5,good
d035c324a020e7948fe8,g7R2j,知识点g7R2j,0.7374,73.74,5,13,8,good
d035c324a020e7948fe8,k4W1c,知识点k4W1c,0.8402,84.02,1,4,4,good
d035c324a020e7948fe8,m3D1v,知识点m3D1v,0.8177,81.77,12,59,35,good
d035c324a020e7948fe8,r8S3g,知识点r8S3g,0.8659,86.59,5,10,6,good
d035c324a020e7948fe8,s8Y2f,知识点s8Y2f,0.7258,72.58,1,3,2,good
d035c324a020e7948fe8,t5V9e,知识点t5V9e,0.8396,83.96,5,14,8,good
d035c324a020e7948fe8,y9W5d,知识点y9W5d,0.8447,84.47,11,51,37,good
e43a0e28d5cd6b54a2af,b3C9s,知识点b3C9s,0.9983,99.83,3,3,3,good
e43a0e28d5cd6b54a2af,g7R2j,知识点g7R2j,0.919,91.9,5,14,5,good
e43a0e28d5cd6b54a2af,k4W1c,知识点k4W1c,0.9944,99.44,1,1,1,good
e43a0e28d5cd6b54a2af,m3D1v,知识点m3D1v,0.8744,87.44,12,30,17,good
e43a0e28d5cd6b54a2af,r8S3g,知识点r8S3g,0.914,91.4,5,9,6,good
e43a0e28d5cd6b54a2af,s8Y2f,知识点s8Y2f,0.6662,66.62,1,2,1,good
e43a0e28d5cd6b54a2af,t5V9e,知识点t5V9e,0.9154,91.54,5,10,7,good
e43a0e28d5cd6b54a2af,y9W5d,知识点y9W5d,0.9286,92.86,11,15,11,good
3565d61f3efec69e611c,b3C9s,知识点b3C9s,0.9984,99.84,3,3,3,good
3565d61f3efec69e611c,g7R2j,知识点g7R2j,0.9616,96.16,5,6,5,good
3565d61f3efec69e611c,k4W1c,知识点k4W1c,0.9987,99.87,1,1,1,good
3565d61f3efec69e611c,m3D1v,知识点m3D1v,0.9119,91.19,12,24,16,good
3565d61f3efec69e611c,r8S3g,知识点r8S3g,0.7844,78.44,5,22,6,good
3565d61f3efec69e611c,s8Y2f,知识点s8Y2f,0.9987,99.87,1,1,1,good
3565d61f3efec69e611c,t5V9e,知识点t5V9e,0.9509,95.09,5,12,11,good
3565d61f3efec69e611c,y9W5d,知识点y9W5d,0.9568,95.68,11,12,11,good
e7feb8599ea5f596aeac,b3C9s,知识点b3C9s,0.9138,91.38,3,7,7,good
e7feb8599ea5f596aeac,g7R2j,知识点g7R2j,0.8354,83.54,5,16,12,good
e7feb8599ea5f596aeac,k4W1c,知识点k4W1c,0.9448,94.48,1,2,2,good
e7feb8599ea5f596aeac,m3D1v,知识点m3D1v,0.9229,92.29,12,23,19,good
e7feb8599ea5f596aeac,r8S3g,知识点r8S3g,0.798,79.8,5,28,8,good
e7feb8599ea5f596aeac,s8Y2f,知识点s8Y2f,0.9987,99.87,1,1,1,good
e7feb8599ea5f596aeac,t5V9e,知识点t5V9e,0.8838,88.38,5,15,14,good
e7feb8599ea5f596aeac,y9W5d,知识点y9W5d,0.8857,88.57,11,31,26,good
8ca890875272aede0af5,b3C9s,知识点b3C9s,0.9327,93.27,3,8,7,good
8ca890875272aede0af5,g7R2j,知识点g7R2j,0.8692,86.92,5,16,14,good
8ca890875272aede0af5,k4W1c,知识点k4W1c,0.9982,99.82,1,1,1,good
8ca890875272aede0af5,m3D1v,知识点m3D1v,0.8918,89.18,12,27,18,good
8ca890875272aede0af5,r8S3g,知识点r8S3g,0.8149,81.49,5,13,6,good
8ca890875272aede0af5,s8Y2f,知识点s8Y2f,0.8421,84.21,1,9,9,good
8ca890875272aede0af5,t5V9e,知识点t5V9e,0.8853,88.53,5,18,14,good
8ca890875272aede0af5,y9W5d,知识点y9W5d,0.878,87.8,11,44,37,good
2150588a5903d9a77b79,b3C9s,知识点b3C9s,0.7744,77.44,3,6,3,good
2150588a5903d9a77b79,g7R2j,知识点g7R2j,0.9096,90.96,5,8,8,good
2150588a5903d9a77b79,k4W1c,知识点k4W1c,0.8289,82.89,1,6,6,good
2150588a5903d9a77b79,m3D1v,知识点m3D1v,0.853,85.3,12,49,40,good
2150588a5903d9a77b79,r8S3g,知识点r8S3g,0.8113,81.13,5,15,6,good
2150588a5903d9a77b79,s8Y2f,知识点s8Y2f,0.7291,72.91,1,2,1,good
2150588a5903d9a77b79,t5V9e,知识点t5V9e,0.7695,76.95,5,37,22,good
2150588a5903d9a77b79,y9W5d,知识点y9W5d,0.8315,83.15,11,36,28,good
e2d7ee3637149f7087b2,b3C9s,知识点b3C9s,0.9048,90.48,3,6,3,good
e2d7ee3637149f7087b2,g7R2j,知识点g7R2j,0.9037,90.37,5,9,6,good
e2d7ee3637149f7087b2,k4W1c,知识点k4W1c,0.8958,89.58,1,2,2,good
e2d7ee3637149f7087b2,m3D1v,知识点m3D1v,0.7772,77.72,12,43,13,good
e2d7ee3637149f7087b2,r8S3g,知识点r8S3g,0.7254,72.54,5,40,6,good
e2d7ee3637149f7087b2,s8Y2f,知识点s8Y2f,0.9981,99.81,1,1,1,good
e2d7ee3637149f7087b2,t5V9e,知识点t5V9e,0.71,71.0,5,60,15,good
e2d7ee3637149f7087b2,y9W5d,知识点y9W5d,0.8036,80.36,11,35,13,good
bd8eb49a6b08f5e66a70,b3C9s,知识点b3C9s,0.9704,97.04,3,13,13,good
bd8eb49a6b08f5e66a70,g7R2j,知识点g7R2j,0.7484,74.84,5,25,18,good
bd8eb49a6b08f5e66a70,k4W1c,知识点k4W1c,0.8134,81.34,1,2,1,good
bd8eb49a6b08f5e66a70,m3D1v,知识点m3D1v,0.8683,86.83,12,36,31,good
bd8eb49a6b08f5e66a70,r8S3g,知识点r8S3g,0.9247,92.47,5,7,6,good
bd8eb49a6b08f5e66a70,s8Y2f,知识点s8Y2f,0.8127,81.27,1,2,1,good
bd8eb49a6b08f5e66a70,t5V9e,知识点t5V9e,0.9755,97.55,5,9,9,good
bd8eb49a6b08f5e66a70,y9W5d,知识点y9W5d,0.8852,88.52,11,24,18,good
915813ad1b5f1bbe2d6e,b3C9s,知识点b3C9s,0.8581,85.81,3,8,7,good
915813ad1b5f1bbe2d6e,g7R2j,知识点g7R2j,0.8703,87.03,5,13,12,good
915813ad1b5f1bbe2d6e,k4W1c,知识点k4W1c,0.997,99.7,1,1,1,good
915813ad1b5f1bbe2d6e,m3D1v,知识点m3D1v,0.9618,96.18,12,16,16,good
915813ad1b5f1bbe2d6e,r8S3g,知识点r8S3g,0.8066,80.66,5,10,6,good
915813ad1b5f1bbe2d6e,s8Y2f,知识点s8Y2f,0.8375,83.75,1,4,3,good
915813ad1b5f1bbe2d6e,t5V9e,知识点t5V9e,0.8936,89.36,5,8,7,good
915813ad1b5f1bbe2d6e,y9W5d,知识点y9W5d,0.9277,92.77,11,21,19,good
38357be0ab369a9ae942,b3C9s,知识点b3C9s,0.9317,93.17,3,7,5,good
38357be0ab369a9ae942,g7R2j,知识点g7R2j,0.7963,79.63,5,24,8,good
38357be0ab369a9ae942,k4W1c,知识点k4W1c,0.6349,63.49,1,2,2,good
38357be0ab369a9ae942,m3D1v,知识点m3D1v,0.9453,94.53,12,22,20,good
38357be0ab369a9ae942,r8S3g,知识点r8S3g,0.8898,88.98,5,12,6,good
38357be0ab369a9ae942,s8Y2f,知识点s8Y2f,0.9988,99.88,1,1,1,good
38357be0ab369a9ae942,t5V9e,知识点t5V9e,0.9259,92.59,5,18,17,good
38357be0ab369a9ae942,y9W5d,知识点y9W5d,0.8906,89.06,11,19,16,good
798ff22d126a0f8034ff,b3C9s,知识点b3C9s,0.9242,92.42,3,4,3,good
798ff22d126a0f8034ff,g7R2j,知识点g7R2j,0.8182,81.82,5,22,19,good
798ff22d126a0f8034ff,k4W1c,知识点k4W1c,0.7255,72.55,1,3,2,good
798ff22d126a0f8034ff,m3D1v,知识点m3D1v,0.9157,91.57,12,22,17,good
798ff22d126a0f8034ff,r8S3g,知识点r8S3g,0.861,86.1,5,8,6,good
798ff22d126a0f8034ff,s8Y2f,知识点s8Y2f,0.8129,81.29,1,2,1,good
798ff22d126a0f8034ff,t5V9e,知识点t5V9e,0.8464,84.64,5,11,9,good
798ff22d126a0f8034ff,y9W5d,知识点y9W5d,0.8275,82.75,11,27,21,good
4cb96f0d9108066442a8,b3C9s,知识点b3C9s,0.9235,92.35,3,4,3,good
4cb96f0d9108066442a8,g7R2j,知识点g7R2j,0.9967,99.67,5,7,7,good
4cb96f0d9108066442a8,k4W1c,知识点k4W1c,0.6866,68.66,1,2,1,good
4cb96f0d9108066442a8,m3D1v,知识点m3D1v,0.775,77.5,12,41,14,good
4cb96f0d9108066442a8,r8S3g,知识点r8S3g,0.9241,92.41,5,14,6,good
4cb96f0d9108066442a8,s8Y2f,知识点s8Y2f,0.894,89.4,1,2,2,good
4cb96f0d9108066442a8,t5V9e,知识点t5V9e,0.9055,90.55,5,14,11,good
4cb96f0d9108066442a8,y9W5d,知识点y9W5d,0.8794,87.94,11,18,15,good
cfaac49f7cc94528ffa7,b3C9s,知识点b3C9s,0.9429,94.29,3,4,4,good
cfaac49f7cc94528ffa7,g7R2j,知识点g7R2j,0.9977,99.77,5,5,5,good
cfaac49f7cc94528ffa7,k4W1c,知识点k4W1c,0.9892,98.92,1,1,1,good
cfaac49f7cc94528ffa7,m3D1v,知识点m3D1v,0.97,97.0,12,20,19,good
cfaac49f7cc94528ffa7,r8S3g,知识点r8S3g,0.9406,94.06,5,16,10,good
cfaac49f7cc94528ffa7,s8Y2f,知识点s8Y2f,0.7316,73.16,1,4,3,good
cfaac49f7cc94528ffa7,t5V9e,知识点t5V9e,0.964,96.4,5,10,10,good
cfaac49f7cc94528ffa7,y9W5d,知识点y9W5d,0.8641,86.41,11,35,31,good
89af2669cc93dc97f545,b3C9s,知识点b3C9s,0.9428,94.28,3,4,3,good
89af2669cc93dc97f545,g7R2j,知识点g7R2j,0.8207,82.07,5,24,5,good
89af2669cc93dc97f545,k4W1c,知识点k4W1c,0.7171,71.71,1,1,1,good
89af2669cc93dc97f545,m3D1v,知识点m3D1v,0.8247,82.47,12,30,15,good
89af2669cc93dc97f545,r8S3g,知识点r8S3g,0.8244,82.44,5,22,7,good
89af2669cc93dc97f545,s8Y2f,知识点s8Y2f,0.7356,73.56,1,1,1,good
89af2669cc93dc97f545,t5V9e,知识点t5V9e,0.7008,70.08,5,31,19,good
89af2669cc93dc97f545,y9W5d,知识点y9W5d,0.8493,84.93,11,22,14,good
41abb1b9df74d29b7732,b3C9s,知识点b3C9s,0.9981,99.81,3,3,3,good
41abb1b9df74d29b7732,g7R2j,知识点g7R2j,0.9976,99.76,5,5,5,good
41abb1b9df74d29b7732,k4W1c,知识点k4W1c,0.9982,99.82,1,1,1,good
41abb1b9df74d29b7732,m3D1v,知识点m3D1v,0.9978,99.78,12,12,12,good
41abb1b9df74d29b7732,r8S3g,知识点r8S3g,0.8286,82.86,5,20,6,good
41abb1b9df74d29b7732,s8Y2f,知识点s8Y2f,0.659,65.9,1,11,3,good
41abb1b9df74d29b7732,t5V9e,知识点t5V9e,0.8475,84.75,5,15,5,good
41abb1b9df74d29b7732,y9W5d,知识点y9W5d,0.8751,87.51,11,39,22,good
a5c03c57b0930cb5c2ac,b3C9s,知识点b3C9s,0.9986,99.86,3,3,3,good
a5c03c57b0930cb5c2ac,g7R2j,知识点g7R2j,0.8672,86.72,5,15,5,good
a5c03c57b0930cb5c2ac,k4W1c,知识点k4W1c,0.9984,99.84,1,1,1,good
a5c03c57b0930cb5c2ac,m3D1v,知识点m3D1v,0.9659,96.59,12,21,12,good
a5c03c57b0930cb5c2ac,r8S3g,知识点r8S3g,0.8784,87.84,5,20,6,good
a5c03c57b0930cb5c2ac,s8Y2f,知识点s8Y2f,0.9984,99.84,1,1,1,good
a5c03c57b0930cb5c2ac,t5V9e,知识点t5V9e,0.9389,93.89,5,6,5,good
a5c03c57b0930cb5c2ac,y9W5d,知识点y9W5d,0.9982,99.82,11,11,11,good
ef133c92e274a97b6eeb,b3C9s,知识点b3C9s,0.9986,99.86,3,3,3,good
ef133c92e274a97b6eeb,g7R2j,知识点g7R2j,0.8391,83.91,5,12,9,good
ef133c92e274a97b6eeb,k4W1c,知识点k4W1c,0.9987,99.87,1,1,1,good
ef133c92e274a97b6eeb,m3D1v,知识点m3D1v,0.9421,94.21,12,21,20,good
ef133c92e274a97b6eeb,r8S3g,知识点r8S3g,0.9616,96.16,5,7,6,good
ef133c92e274a97b6eeb,s8Y2f,知识点s8Y2f,0.9987,99.87,1,1,1,good
ef133c92e274a97b6eeb,t5V9e,知识点t5V9e,0.9612,96.12,5,5,5,good
ef133c92e274a97b6eeb,y9W5d,知识点y9W5d,0.9731,97.31,11,16,12,good
fnvhgnuqbir0drk8p1v2,b3C9s,知识点b3C9s,0.8683,86.83,3,4,2,good
fnvhgnuqbir0drk8p1v2,g7R2j,知识点g7R2j,0.8014,80.14,5,13,9,good
fnvhgnuqbir0drk8p1v2,k4W1c,知识点k4W1c,0.7545,75.45,1,2,2,good
fnvhgnuqbir0drk8p1v2,m3D1v,知识点m3D1v,0.7234,72.34,11,35,22,good
fnvhgnuqbir0drk8p1v2,r8S3g,知识点r8S3g,0.6145,61.45,4,17,9,good
fnvhgnuqbir0drk8p1v2,s8Y2f,知识点s8Y2f,0.8137,81.37,1,1,1,good
fnvhgnuqbir0drk8p1v2,t5V9e,知识点t5V9e,0.771,77.1,5,14,11,good
fnvhgnuqbir0drk8p1v2,y9W5d,知识点y9W5d,0.7076,70.76,10,25,19,good
zse4s5wowlo5xntqyqb4,b3C9s,知识点b3C9s,0.7779,77.79,3,5,4,good
zse4s5wowlo5xntqyqb4,g7R2j,知识点g7R2j,0.6984,69.84,4,13,8,good
zse4s5wowlo5xntqyqb4,k4W1c,知识点k4W1c,0.8492,84.92,1,5,5,good
zse4s5wowlo5xntqyqb4,m3D1v,知识点m3D1v,0.8223,82.23,12,46,34,good
zse4s5wowlo5xntqyqb4,r8S3g,知识点r8S3g,0.6501,65.01,4,16,3,good
zse4s5wowlo5xntqyqb4,s8Y2f,知识点s8Y2f,0.6648,66.48,1,5,2,good
zse4s5wowlo5xntqyqb4,t5V9e,知识点t5V9e,0.7996,79.96,5,17,15,good
zse4s5wowlo5xntqyqb4,y9W5d,知识点y9W5d,0.7789,77.89,11,36,23,good
wyhkcaf32y8h3707qzrz,b3C9s,知识点b3C9s,0.9127,91.27,3,3,3,good
wyhkcaf32y8h3707qzrz,g7R2j,知识点g7R2j,0.6898,68.98,5,11,7,good
wyhkcaf32y8h3707qzrz,k4W1c,知识点k4W1c,0.7279,72.79,1,3,3,good
wyhkcaf32y8h3707qzrz,m3D1v,知识点m3D1v,0.7522,75.22,12,35,21,good
wyhkcaf32y8h3707qzrz,r8S3g,知识点r8S3g,0.7008,70.08,5,11,4,good
wyhkcaf32y8h3707qzrz,s8Y2f,知识点s8Y2f,0.5946,59.46,1,3,0,medium
wyhkcaf32y8h3707qzrz,t5V9e,知识点t5V9e,0.5888,58.88,4,15,10,medium
wyhkcaf32y8h3707qzrz,y9W5d,知识点y9W5d,0.7498,74.98,11,33,22,good
2egpenarap9h0a2k0bc5,b3C9s,知识点b3C9s,0.8264,82.64,3,7,7,good
2egpenarap9h0a2k0bc5,g7R2j,知识点g7R2j,0.5999,59.99,4,13,9,medium
2egpenarap9h0a2k0bc5,k4W1c,知识点k4W1c,0.7983,79.83,1,1,1,good
2egpenarap9h0a2k0bc5,m3D1v,知识点m3D1v,0.6941,69.41,11,32,18,good
2egpenarap9h0a2k0bc5,r8S3g,知识点r8S3g,0.6706,67.06,4,11,4,good
2egpenarap9h0a2k0bc5,s8Y2f,知识点s8Y2f,0.7399,73.99,1,5,3,good
2egpenarap9h0a2k0bc5,t5V9e,知识点t5V9e,0.7274,72.74,5,19,9,good
2egpenarap9h0a2k0bc5,y9W5d,知识点y9W5d,0.6524,65.24,10,26,15,good
cfi8t4xrx12m2lt4flwz,b3C9s,知识点b3C9s,0.6947,69.47,3,6,3,good
cfi8t4xrx12m2lt4flwz,g7R2j,知识点g7R2j,0.7682,76.82,5,20,12,good
cfi8t4xrx12m2lt4flwz,k4W1c,知识点k4W1c,0.6627,66.27,1,2,1,good
cfi8t4xrx12m2lt4flwz,m3D1v,知识点m3D1v,0.7816,78.16,10,20,13,good
cfi8t4xrx12m2lt4flwz,r8S3g,知识点r8S3g,0.6247,62.47,5,13,2,good
cfi8t4xrx12m2lt4flwz,s8Y2f,知识点s8Y2f,0.6726,67.26,1,5,2,good
cfi8t4xrx12m2lt4flwz,t5V9e,知识点t5V9e,0.6796,67.96,5,22,11,good
cfi8t4xrx12m2lt4flwz,y9W5d,知识点y9W5d,0.7277,72.77,10,28,14,good
t8sflynjwck4f650mtvp,b3C9s,知识点b3C9s,0.75,75.0,2,6,5,good
t8sflynjwck4f650mtvp,g7R2j,知识点g7R2j,0.7349,73.49,5,16,7,good
t8sflynjwck4f650mtvp,k4W1c,知识点k4W1c,0.7258,72.58,1,7,5,good
t8sflynjwck4f650mtvp,m3D1v,知识点m3D1v,0.7799,77.99,12,28,20,good
t8sflynjwck4f650mtvp,r8S3g,知识点r8S3g,0.7003,70.03,5,18,4,good
t8sflynjwck4f650mtvp,s8Y2f,知识点s8Y2f,0.705,70.5,1,4,2,good
t8sflynjwck4f650mtvp,t5V9e,知识点t5V9e,0.7716,77.16,5,18,13,good
t8sflynjwck4f650mtvp,y9W5d,知识点y9W5d,0.6393,63.93,9,30,21,good
pva49fsfcbexwz1crjvg,b3C9s,知识点b3C9s,0.8098,80.98,2,4,4,good
pva49fsfcbexwz1crjvg,g7R2j,知识点g7R2j,0.5947,59.47,4,17,13,medium
pva49fsfcbexwz1crjvg,k4W1c,知识点k4W1c,0.6924,69.24,1,5,3,good
pva49fsfcbexwz1crjvg,m3D1v,知识点m3D1v,0.6527,65.27,9,20,14,good
pva49fsfcbexwz1crjvg,r8S3g,知识点r8S3g,0.6802,68.02,5,15,3,good
pva49fsfcbexwz1crjvg,s8Y2f,知识点s8Y2f,0.6613,66.13,1,3,0,good
pva49fsfcbexwz1crjvg,t5V9e,知识点t5V9e,0.7624,76.24,4,16,11,good
pva49fsfcbexwz1crjvg,y9W5d,知识点y9W5d,0.7309,73.09,10,34,22,good
lswzzwjmreuixxjqglhy,b3C9s,知识点b3C9s,0.7573,75.73,3,4,2,good
lswzzwjmreuixxjqglhy,g7R2j,知识点g7R2j,0.6775,67.75,4,11,8,good
lswzzwjmreuixxjqglhy,k4W1c,知识点k4W1c,0.9479,94.79,1,5,5,good
lswzzwjmreuixxjqglhy,m3D1v,知识点m3D1v,0.7139,71.39,8,22,13,good
lswzzwjmreuixxjqglhy,r8S3g,知识点r8S3g,0.7343,73.43,5,19,7,good
lswzzwjmreuixxjqglhy,s8Y2f,知识点s8Y2f,0.6512,65.12,1,4,1,good
lswzzwjmreuixxjqglhy,t5V9e,知识点t5V9e,0.5864,58.64,4,12,7,medium
lswzzwjmreuixxjqglhy,y9W5d,知识点y9W5d,0.753,75.3,10,33,23,good
votyzmo33yg7y89dag17,b3C9s,知识点b3C9s,0.499,49.9,1,2,2,medium
votyzmo33yg7y89dag17,g7R2j,知识点g7R2j,0.7161,71.61,5,15,11,good
votyzmo33yg7y89dag17,k4W1c,知识点k4W1c,0.5667,56.67,1,1,0,medium
votyzmo33yg7y89dag17,m3D1v,知识点m3D1v,0.6908,69.08,11,34,19,good
votyzmo33yg7y89dag17,r8S3g,知识点r8S3g,0.5449,54.49,4,16,3,medium
votyzmo33yg7y89dag17,s8Y2f,知识点s8Y2f,0.7618,76.18,1,2,1,good
votyzmo33yg7y89dag17,t5V9e,知识点t5V9e,0.7116,71.16,4,13,9,good
votyzmo33yg7y89dag17,y9W5d,知识点y9W5d,0.7141,71.41,9,21,10,good
cy2sv8kkoybje2okbll0,b3C9s,知识点b3C9s,0.8431,84.31,3,7,6,good
cy2sv8kkoybje2okbll0,g7R2j,知识点g7R2j,0.605,60.5,4,15,12,good
cy2sv8kkoybje2okbll0,k4W1c,知识点k4W1c,0.7975,79.75,1,2,2,good
cy2sv8kkoybje2okbll0,m3D1v,知识点m3D1v,0.7162,71.62,10,33,24,good
cy2sv8kkoybje2okbll0,r8S3g,知识点r8S3g,0.6033,60.33,3,12,2,good
cy2sv8kkoybje2okbll0,s8Y2f,知识点s8Y2f,0.627,62.7,1,3,0,good
cy2sv8kkoybje2okbll0,t5V9e,知识点t5V9e,0.684,68.4,5,25,12,good
cy2sv8kkoybje2okbll0,y9W5d,知识点y9W5d,0.7543,75.43,8,28,22,good
jsmqh4aa20rpfeqmyx4h,b3C9s,知识点b3C9s,0.4956,49.56,2,3,1,medium
jsmqh4aa20rpfeqmyx4h,g7R2j,知识点g7R2j,0.71,71.0,5,16,10,good
jsmqh4aa20rpfeqmyx4h,k4W1c,知识点k4W1c,0.7902,79.02,1,3,3,good
jsmqh4aa20rpfeqmyx4h,m3D1v,知识点m3D1v,0.775,77.5,12,28,16,good
jsmqh4aa20rpfeqmyx4h,r8S3g,知识点r8S3g,0.7398,73.98,5,24,6,good
jsmqh4aa20rpfeqmyx4h,s8Y2f,知识点s8Y2f,0.9982,99.82,1,2,2,good
jsmqh4aa20rpfeqmyx4h,t5V9e,知识点t5V9e,0.784,78.4,5,15,11,good
jsmqh4aa20rpfeqmyx4h,y9W5d,知识点y9W5d,0.8232,82.32,11,25,19,good
ss27ig83t1pi1ztsy5w8,b3C9s,知识点b3C9s,0.8682,86.82,2,3,3,good
ss27ig83t1pi1ztsy5w8,g7R2j,知识点g7R2j,0.8031,80.31,5,10,8,good
ss27ig83t1pi1ztsy5w8,k4W1c,知识点k4W1c,0.7128,71.28,1,1,1,good
ss27ig83t1pi1ztsy5w8,m3D1v,知识点m3D1v,0.7225,72.25,11,31,24,good
ss27ig83t1pi1ztsy5w8,r8S3g,知识点r8S3g,0.5364,53.64,3,11,3,medium
ss27ig83t1pi1ztsy5w8,s8Y2f,知识点s8Y2f,0.6728,67.28,1,2,1,good
ss27ig83t1pi1ztsy5w8,t5V9e,知识点t5V9e,0.7735,77.35,5,22,14,good
ss27ig83t1pi1ztsy5w8,y9W5d,知识点y9W5d,0.7178,71.78,10,26,16,good
7rzwry01x1n79a7rw5va,b3C9s,知识点b3C9s,0.5918,59.18,2,4,2,medium
7rzwry01x1n79a7rw5va,g7R2j,知识点g7R2j,0.6908,69.08,2,12,9,good
7rzwry01x1n79a7rw5va,k4W1c,知识点k4W1c,0.7719,77.19,1,7,6,good
7rzwry01x1n79a7rw5va,m3D1v,知识点m3D1v,0.7848,78.48,11,25,15,good
7rzwry01x1n79a7rw5va,r8S3g,知识点r8S3g,0.6347,63.47,5,26,5,good
7rzwry01x1n79a7rw5va,s8Y2f,知识点s8Y2f,0.6374,63.74,1,5,4,good
7rzwry01x1n79a7rw5va,t5V9e,知识点t5V9e,0.7496,74.96,5,23,13,good
7rzwry01x1n79a7rw5va,y9W5d,知识点y9W5d,0.6305,63.05,9,28,20,good
yvyud23n1eara086vntf,b3C9s,知识点b3C9s,0.8233,82.33,3,8,5,good
yvyud23n1eara086vntf,g7R2j,知识点g7R2j,0.7527,75.27,5,17,12,good
yvyud23n1eara086vntf,k4W1c,知识点k4W1c,0.865,86.5,1,5,5,good
yvyud23n1eara086vntf,m3D1v,知识点m3D1v,0.6202,62.02,9,23,15,good
yvyud23n1eara086vntf,r8S3g,知识点r8S3g,0.6638,66.38,5,13,2,good
yvyud23n1eara086vntf,s8Y2f,知识点s8Y2f,0.7304,73.04,1,2,1,good
yvyud23n1eara086vntf,t5V9e,知识点t5V9e,0.6978,69.78,5,21,12,good
yvyud23n1eara086vntf,y9W5d,知识点y9W5d,0.7501,75.01,11,25,18,good
9btb3ax7qaitktvbvn8g,b3C9s,知识点b3C9s,0.9527,95.27,3,6,6,good
9btb3ax7qaitktvbvn8g,g7R2j,知识点g7R2j,0.6425,64.25,5,16,7,good
9btb3ax7qaitktvbvn8g,k4W1c,知识点k4W1c,0.8975,89.75,1,1,1,good
9btb3ax7qaitktvbvn8g,m3D1v,知识点m3D1v,0.7385,73.85,12,36,18,good
9btb3ax7qaitktvbvn8g,r8S3g,知识点r8S3g,0.5699,56.99,4,14,3,medium
9btb3ax7qaitktvbvn8g,s8Y2f,知识点s8Y2f,0.7612,76.12,1,1,1,good
9btb3ax7qaitktvbvn8g,t5V9e,知识点t5V9e,0.741,74.1,5,19,12,good
9btb3ax7qaitktvbvn8g,y9W5d,知识点y9W5d,0.6391,63.91,9,28,22,good
vrx3ianblcyuixzmhzl2,b3C9s,知识点b3C9s,0.6224,62.24,3,6,1,good
vrx3ianblcyuixzmhzl2,g7R2j,知识点g7R2j,0.564,56.4,4,11,7,medium
vrx3ianblcyuixzmhzl2,k4W1c,知识点k4W1c,0.7798,77.98,1,2,2,good
vrx3ianblcyuixzmhzl2,m3D1v,知识点m3D1v,0.6794,67.94,11,31,19,good
vrx3ianblcyuixzmhzl2,r8S3g,知识点r8S3g,0.7254,72.54,5,19,6,good
vrx3ianblcyuixzmhzl2,s8Y2f,知识点s8Y2f,0.6615,66.15,1,5,3,good
vrx3ianblcyuixzmhzl2,t5V9e,知识点t5V9e,0.7311,73.11,5,24,13,good
vrx3ianblcyuixzmhzl2,y9W5d,知识点y9W5d,0.6707,67.07,10,24,13,good
qmf8702zbahi9083s7aq,b3C9s,知识点b3C9s,0.7512,75.12,2,2,1,good
qmf8702zbahi9083s7aq,g7R2j,知识点g7R2j,0.7191,71.91,4,16,12,good
qmf8702zbahi9083s7aq,k4W1c,知识点k4W1c,0.7129,71.29,1,1,1,good
qmf8702zbahi9083s7aq,m3D1v,知识点m3D1v,0.7974,79.74,11,37,28,good
qmf8702zbahi9083s7aq,r8S3g,知识点r8S3g,0.667,66.7,5,14,5,good
qmf8702zbahi9083s7aq,s8Y2f,知识点s8Y2f,0.8284,82.84,1,2,2,good
qmf8702zbahi9083s7aq,t5V9e,知识点t5V9e,0.7546,75.46,5,19,11,good
qmf8702zbahi9083s7aq,y9W5d,知识点y9W5d,0.621,62.1,7,15,14,good
13nq2h723zixyhir01lf,b3C9s,知识点b3C9s,0.761,76.1,2,6,4,good
13nq2h723zixyhir01lf,g7R2j,知识点g7R2j,0.6825,68.25,5,17,11,good
13nq2h723zixyhir01lf,k4W1c,知识点k4W1c,0.7983,79.83,1,1,1,good
13nq2h723zixyhir01lf,m3D1v,知识点m3D1v,0.755,75.5,12,35,21,good
13nq2h723zixyhir01lf,r8S3g,知识点r8S3g,0.7399,73.99,4,20,6,good
13nq2h723zixyhir01lf,s8Y2f,知识点s8Y2f,0.7358,73.58,1,2,2,good
13nq2h723zixyhir01lf,t5V9e,知识点t5V9e,0.7113,71.13,5,28,16,good
13nq2h723zixyhir01lf,y9W5d,知识点y9W5d,0.7863,78.63,11,26,20,good
ta1gbqs6pw15bx0jb5on,b3C9s,知识点b3C9s,0.6986,69.86,3,8,3,good
ta1gbqs6pw15bx0jb5on,g7R2j,知识点g7R2j,0.4297,42.97,3,16,11,medium
ta1gbqs6pw15bx0jb5on,k4W1c,知识点k4W1c,0.735,73.5,1,4,3,good
ta1gbqs6pw15bx0jb5on,m3D1v,知识点m3D1v,0.6821,68.21,10,27,14,good
ta1gbqs6pw15bx0jb5on,r8S3g,知识点r8S3g,0.7839,78.39,4,13,4,good
ta1gbqs6pw15bx0jb5on,s8Y2f,知识点s8Y2f,0.8136,81.36,1,1,1,good
ta1gbqs6pw15bx0jb5on,t5V9e,知识点t5V9e,0.7542,75.42,5,17,12,good
ta1gbqs6pw15bx0jb5on,y9W5d,知识点y9W5d,0.7679,76.79,11,22,15,good
jhmn3s11l13woe6jy3zg,b3C9s,知识点b3C9s,0.7763,77.63,3,3,2,good
jhmn3s11l13woe6jy3zg,g7R2j,知识点g7R2j,0.7256,72.56,4,16,11,good
jhmn3s11l13woe6jy3zg,k4W1c,知识点k4W1c,0.5657,56.57,1,1,0,medium
jhmn3s11l13woe6jy3zg,m3D1v,知识点m3D1v,0.789,78.9,11,36,25,good
jhmn3s11l13woe6jy3zg,r8S3g,知识点r8S3g,0.7166,71.66,5,28,7,good
jhmn3s11l13woe6jy3zg,s8Y2f,知识点s8Y2f,0.89,89.0,1,3,3,good
jhmn3s11l13woe6jy3zg,t5V9e,知识点t5V9e,0.7246,72.46,5,22,15,good
jhmn3s11l13woe6jy3zg,y9W5d,知识点y9W5d,0.77,77.0,11,36,26,good
w0u7vzowm7eimiupvmm3,b3C9s,知识点b3C9s,0.7743,77.43,3,7,4,good
w0u7vzowm7eimiupvmm3,g7R2j,知识点g7R2j,0.7192,71.92,5,14,11,good
w0u7vzowm7eimiupvmm3,k4W1c,知识点k4W1c,0.8138,81.38,1,2,1,good
w0u7vzowm7eimiupvmm3,m3D1v,知识点m3D1v,0.7147,71.47,12,35,17,good
w0u7vzowm7eimiupvmm3,r8S3g,知识点r8S3g,0.6784,67.84,5,22,5,good
w0u7vzowm7eimiupvmm3,s8Y2f,知识点s8Y2f,0.6861,68.61,1,9,7,good
w0u7vzowm7eimiupvmm3,t5V9e,知识点t5V9e,0.7775,77.75,5,18,12,good
w0u7vzowm7eimiupvmm3,y9W5d,知识点y9W5d,0.7021,70.21,9,34,24,good
2h9c9tdsnoz1hyzo5frt,b3C9s,知识点b3C9s,0.9091,90.91,3,7,6,good
2h9c9tdsnoz1hyzo5frt,g7R2j,知识点g7R2j,0.7059,70.59,4,12,10,good
2h9c9tdsnoz1hyzo5frt,k4W1c,知识点k4W1c,0.865,86.5,1,2,2,good
2h9c9tdsnoz1hyzo5frt,m3D1v,知识点m3D1v,0.7641,76.41,11,38,21,good
2h9c9tdsnoz1hyzo5frt,r8S3g,知识点r8S3g,0.762,76.2,5,18,4,good
2h9c9tdsnoz1hyzo5frt,s8Y2f,知识点s8Y2f,0.794,79.4,1,4,4,good
2h9c9tdsnoz1hyzo5frt,t5V9e,知识点t5V9e,0.8035,80.35,5,19,13,good
2h9c9tdsnoz1hyzo5frt,y9W5d,知识点y9W5d,0.7813,78.13,11,32,24,good
vou4hlfvp8hv0r4odzq6,b3C9s,知识点b3C9s,0.7506,75.06,3,5,4,good
vou4hlfvp8hv0r4odzq6,g7R2j,知识点g7R2j,0.7374,73.74,5,10,4,good
vou4hlfvp8hv0r4odzq6,k4W1c,知识点k4W1c,0.6952,69.52,1,1,1,good
vou4hlfvp8hv0r4odzq6,m3D1v,知识点m3D1v,0.8071,80.71,12,42,29,good
vou4hlfvp8hv0r4odzq6,r8S3g,知识点r8S3g,0.6678,66.78,5,13,4,good
vou4hlfvp8hv0r4odzq6,s8Y2f,知识点s8Y2f,0.6637,66.37,0,0,0,good
vou4hlfvp8hv0r4odzq6,t5V9e,知识点t5V9e,0.7293,72.93,5,19,14,good
vou4hlfvp8hv0r4odzq6,y9W5d,知识点y9W5d,0.6629,66.29,8,17,13,good
6g7c63m95z8acd3vx5ct,b3C9s,知识点b3C9s,0.775,77.5,3,6,4,good
6g7c63m95z8acd3vx5ct,g7R2j,知识点g7R2j,0.769,76.9,5,18,12,good
6g7c63m95z8acd3vx5ct,k4W1c,知识点k4W1c,0.7037,70.37,1,2,1,good
6g7c63m95z8acd3vx5ct,m3D1v,知识点m3D1v,0.6438,64.38,10,20,12,good
6g7c63m95z8acd3vx5ct,r8S3g,知识点r8S3g,0.7819,78.19,5,15,5,good
6g7c63m95z8acd3vx5ct,s8Y2f,知识点s8Y2f,0.6301,63.01,1,1,0,good
6g7c63m95z8acd3vx5ct,t5V9e,知识点t5V9e,0.728,72.8,5,24,16,good
6g7c63m95z8acd3vx5ct,y9W5d,知识点y9W5d,0.7268,72.68,11,20,13,good
te17utf5x961ldgs8zwn,b3C9s,知识点b3C9s,0.6113,61.13,2,4,3,good
te17utf5x961ldgs8zwn,g7R2j,知识点g7R2j,0.5684,56.84,4,16,11,medium
te17utf5x961ldgs8zwn,k4W1c,知识点k4W1c,0.682,68.2,1,4,3,good
te17utf5x961ldgs8zwn,m3D1v,知识点m3D1v,0.7493,74.93,11,37,18,good
te17utf5x961ldgs8zwn,r8S3g,知识点r8S3g,0.6708,67.08,5,17,1,good
te17utf5x961ldgs8zwn,s8Y2f,知识点s8Y2f,0.7198,71.98,1,5,4,good
te17utf5x961ldgs8zwn,t5V9e,知识点t5V9e,0.758,75.8,5,17,13,good
te17utf5x961ldgs8zwn,y9W5d,知识点y9W5d,0.737,73.7,11,29,19,good
csvv3l0saxxx6pax18c3,b3C9s,知识点b3C9s,0.4808,48.08,2,3,1,medium
csvv3l0saxxx6pax18c3,g7R2j,知识点g7R2j,0.787,78.7,4,7,6,good
csvv3l0saxxx6pax18c3,k4W1c,知识点k4W1c,0.865,86.5,1,2,2,good
csvv3l0saxxx6pax18c3,m3D1v,知识点m3D1v,0.6708,67.08,10,29,18,good
csvv3l0saxxx6pax18c3,r8S3g,知识点r8S3g,0.4061,40.61,3,18,4,medium
csvv3l0saxxx6pax18c3,s8Y2f,知识点s8Y2f,0.7105,71.05,1,1,1,good
csvv3l0saxxx6pax18c3,t5V9e,知识点t5V9e,0.6606,66.06,5,23,11,good
csvv3l0saxxx6pax18c3,y9W5d,知识点y9W5d,0.8309,83.09,10,22,20,good
kg28tppvvsvr918dkvlb,b3C9s,知识点b3C9s,0.7453,74.53,2,7,4,good
kg28tppvvsvr918dkvlb,g7R2j,知识点g7R2j,0.7164,71.64,5,18,11,good
kg28tppvvsvr918dkvlb,k4W1c,知识点k4W1c,0.6283,62.83,1,2,0,good
kg28tppvvsvr918dkvlb,m3D1v,知识点m3D1v,0.8164,81.64,11,27,21,good
kg28tppvvsvr918dkvlb,r8S3g,知识点r8S3g,0.7483,74.83,5,20,6,good
kg28tppvvsvr918dkvlb,s8Y2f,知识点s8Y2f,0.5956,59.56,1,2,0,medium
kg28tppvvsvr918dkvlb,t5V9e,知识点t5V9e,0.7292,72.92,5,13,9,good
kg28tppvvsvr918dkvlb,y9W5d,知识点y9W5d,0.6074,60.74,8,16,11,good
28tmrs0kyrrh1odyvf21,b3C9s,知识点b3C9s,0.6401,64.01,3,5,1,good
28tmrs0kyrrh1odyvf21,g7R2j,知识点g7R2j,0.7078,70.78,4,12,8,good
28tmrs0kyrrh1odyvf21,k4W1c,知识点k4W1c,0.6287,62.87,0,0,0,good
28tmrs0kyrrh1odyvf21,m3D1v,知识点m3D1v,0.7805,78.05,11,38,25,good
28tmrs0kyrrh1odyvf21,r8S3g,知识点r8S3g,0.6465,64.65,5,26,8,good
28tmrs0kyrrh1odyvf21,s8Y2f,知识点s8Y2f,0.7358,73.58,1,7,5,good
28tmrs0kyrrh1odyvf21,t5V9e,知识点t5V9e,0.6886,68.86,5,15,9,good
28tmrs0kyrrh1odyvf21,y9W5d,知识点y9W5d,0.6545,65.45,8,30,17,good
l82rq4xaymt7t5uytax9,b3C9s,知识点b3C9s,0.581,58.1,2,6,4,medium
l82rq4xaymt7t5uytax9,g7R2j,知识点g7R2j,0.7161,71.61,5,16,9,good
l82rq4xaymt7t5uytax9,k4W1c,知识点k4W1c,0.8648,86.48,1,3,3,good
l82rq4xaymt7t5uytax9,m3D1v,知识点m3D1v,0.7506,75.06,12,33,19,good
l82rq4xaymt7t5uytax9,r8S3g,知识点r8S3g,0.7205,72.05,5,13,5,good
l82rq4xaymt7t5uytax9,s8Y2f,知识点s8Y2f,0.7267,72.67,1,2,2,good
l82rq4xaymt7t5uytax9,t5V9e,知识点t5V9e,0.7351,73.51,4,20,14,good
l82rq4xaymt7t5uytax9,y9W5d,知识点y9W5d,0.699,69.9,10,19,11,good
jb3fqd2b9oyprn83h646,b3C9s,知识点b3C9s,0.765,76.5,1,1,1,good
jb3fqd2b9oyprn83h646,g7R2j,知识点g7R2j,0.6738,67.38,5,16,7,good
jb3fqd2b9oyprn83h646,k4W1c,知识点k4W1c,0.7131,71.31,1,1,1,good
jb3fqd2b9oyprn83h646,m3D1v,知识点m3D1v,0.6614,66.14,10,25,19,good
jb3fqd2b9oyprn83h646,r8S3g,知识点r8S3g,0.7452,74.52,5,24,10,good
jb3fqd2b9oyprn83h646,s8Y2f,知识点s8Y2f,0.6745,67.45,1,3,2,good
jb3fqd2b9oyprn83h646,t5V9e,知识点t5V9e,0.7466,74.66,5,16,9,good
jb3fqd2b9oyprn83h646,y9W5d,知识点y9W5d,0.7833,78.33,11,27,22,good
oyaoqkf2b1we4b67bv8l,b3C9s,知识点b3C9s,0.7445,74.45,2,7,5,good
oyaoqkf2b1we4b67bv8l,g7R2j,知识点g7R2j,0.6705,67.05,5,17,8,good
oyaoqkf2b1we4b67bv8l,k4W1c,知识点k4W1c,0.9217,92.17,1,4,4,good
oyaoqkf2b1we4b67bv8l,m3D1v,知识点m3D1v,0.7435,74.35,12,39,21,good
oyaoqkf2b1we4b67bv8l,r8S3g,知识点r8S3g,0.816,81.6,5,15,7,good
oyaoqkf2b1we4b67bv8l,s8Y2f,知识点s8Y2f,0.7415,74.15,1,4,3,good
oyaoqkf2b1we4b67bv8l,t5V9e,知识点t5V9e,0.5713,57.13,4,19,9,medium
oyaoqkf2b1we4b67bv8l,y9W5d,知识点y9W5d,0.7133,71.33,10,21,15,good
l2yv9tvvcakn7ikerccy,b3C9s,知识点b3C9s,0.5374,53.74,2,4,2,medium
l2yv9tvvcakn7ikerccy,g7R2j,知识点g7R2j,0.6413,64.13,4,8,2,good
l2yv9tvvcakn7ikerccy,k4W1c,知识点k4W1c,0.7281,72.81,1,3,3,good
l2yv9tvvcakn7ikerccy,m3D1v,知识点m3D1v,0.7706,77.06,11,30,18,good
l2yv9tvvcakn7ikerccy,r8S3g,知识点r8S3g,0.6579,65.79,5,16,2,good
l2yv9tvvcakn7ikerccy,s8Y2f,知识点s8Y2f,0.6298,62.98,1,1,0,good
l2yv9tvvcakn7ikerccy,t5V9e,知识点t5V9e,0.7667,76.67,4,15,14,good
l2yv9tvvcakn7ikerccy,y9W5d,知识点y9W5d,0.6731,67.31,10,22,14,good
xz7x7kwsn26marn29mag,b3C9s,知识点b3C9s,0.8679,86.79,3,7,6,good
xz7x7kwsn26marn29mag,g7R2j,知识点g7R2j,0.6065,60.65,4,12,11,good
xz7x7kwsn26marn29mag,k4W1c,知识点k4W1c,0.9303,93.03,1,3,3,good
xz7x7kwsn26marn29mag,m3D1v,知识点m3D1v,0.7199,71.99,11,28,15,good
xz7x7kwsn26marn29mag,r8S3g,知识点r8S3g,0.6743,67.43,5,27,6,good
xz7x7kwsn26marn29mag,s8Y2f,知识点s8Y2f,0.6511,65.11,1,2,1,good
xz7x7kwsn26marn29mag,t5V9e,知识点t5V9e,0.7293,72.93,5,21,15,good
xz7x7kwsn26marn29mag,y9W5d,知识点y9W5d,0.6844,68.44,9,22,18,good
qg0soq1i1uy7yndj17gd,b3C9s,知识点b3C9s,0.735,73.5,3,4,3,good
qg0soq1i1uy7yndj17gd,g7R2j,知识点g7R2j,0.663,66.3,4,8,7,good
qg0soq1i1uy7yndj17gd,k4W1c,知识点k4W1c,0.6135,61.35,1,5,2,good
qg0soq1i1uy7yndj17gd,m3D1v,知识点m3D1v,0.5665,56.65,8,18,9,medium
qg0soq1i1uy7yndj17gd,r8S3g,知识点r8S3g,0.7434,74.34,5,19,9,good
qg0soq1i1uy7yndj17gd,s8Y2f,知识点s8Y2f,0.7982,79.82,1,1,1,good
qg0soq1i1uy7yndj17gd,t5V9e,知识点t5V9e,0.7859,78.59,5,22,15,good
qg0soq1i1uy7yndj17gd,y9W5d,知识点y9W5d,0.6207,62.07,9,33,20,good
8ivuhc6n7pr63b39dupt,b3C9s,知识点b3C9s,0.774,77.4,2,4,4,good
8ivuhc6n7pr63b39dupt,g7R2j,知识点g7R2j,0.7251,72.51,5,17,11,good
8ivuhc6n7pr63b39dupt,k4W1c,知识点k4W1c,0.7306,73.06,1,1,1,good
8ivuhc6n7pr63b39dupt,m3D1v,知识点m3D1v,0.6966,69.66,11,37,25,good
8ivuhc6n7pr63b39dupt,r8S3g,知识点r8S3g,0.6594,65.94,4,16,3,good
8ivuhc6n7pr63b39dupt,s8Y2f,知识点s8Y2f,0.6696,66.96,1,2,1,good
8ivuhc6n7pr63b39dupt,t5V9e,知识点t5V9e,0.713,71.3,5,16,8,good
8ivuhc6n7pr63b39dupt,y9W5d,知识点y9W5d,0.6868,68.68,10,21,14,good
139429592a9c23c08b71,b3C9s,知识点b3C9s,0.9987,99.87,3,3,3,good
139429592a9c23c08b71,g7R2j,知识点g7R2j,0.8816,88.16,5,11,5,good
139429592a9c23c08b71,k4W1c,知识点k4W1c,0.8135,81.35,1,2,1,good
139429592a9c23c08b71,m3D1v,知识点m3D1v,0.9095,90.95,12,20,12,good
139429592a9c23c08b71,r8S3g,知识点r8S3g,0.8744,87.44,5,21,8,good
139429592a9c23c08b71,s8Y2f,知识点s8Y2f,0.6669,66.69,1,4,1,good
139429592a9c23c08b71,t5V9e,知识点t5V9e,0.8415,84.15,5,15,11,good
139429592a9c23c08b71,y9W5d,知识点y9W5d,0.8934,89.34,11,19,11,good
b217bae3c84d59dde71f,b3C9s,知识点b3C9s,0.8132,81.32,3,18,4,good
b217bae3c84d59dde71f,g7R2j,知识点g7R2j,0.8649,86.49,5,9,7,good
b217bae3c84d59dde71f,k4W1c,知识点k4W1c,0.8634,86.34,1,3,2,good
b217bae3c84d59dde71f,m3D1v,知识点m3D1v,0.8025,80.25,12,41,19,good
b217bae3c84d59dde71f,r8S3g,知识点r8S3g,0.8205,82.05,5,21,6,good
b217bae3c84d59dde71f,s8Y2f,知识点s8Y2f,0.8637,86.37,1,3,2,good
b217bae3c84d59dde71f,t5V9e,知识点t5V9e,0.7813,78.13,5,13,8,good
b217bae3c84d59dde71f,y9W5d,知识点y9W5d,0.9406,94.06,11,19,13,good
e50db74322430aa289b1,b3C9s,知识点b3C9s,0.9246,92.46,3,4,4,good
e50db74322430aa289b1,g7R2j,知识点g7R2j,0.8336,83.36,5,10,10,good
e50db74322430aa289b1,k4W1c,知识点k4W1c,0.9982,99.82,1,1,1,good
e50db74322430aa289b1,m3D1v,知识点m3D1v,0.9548,95.48,12,19,18,good
e50db74322430aa289b1,r8S3g,知识点r8S3g,0.7675,76.75,5,34,8,good
e50db74322430aa289b1,s8Y2f,知识点s8Y2f,0.9982,99.82,1,1,1,good
e50db74322430aa289b1,t5V9e,知识点t5V9e,0.8221,82.21,5,47,33,good
e50db74322430aa289b1,y9W5d,知识点y9W5d,0.9682,96.82,11,13,13,good
4388d48ebff4cf866ecd,b3C9s,知识点b3C9s,0.8022,80.22,3,4,4,good
4388d48ebff4cf866ecd,g7R2j,知识点g7R2j,0.5689,56.89,2,2,2,medium
4388d48ebff4cf866ecd,m3D1v,知识点m3D1v,0.8738,87.38,11,27,19,good
4388d48ebff4cf866ecd,r8S3g,知识点r8S3g,0.8025,80.25,5,22,7,good
4388d48ebff4cf866ecd,s8Y2f,知识点s8Y2f,0.8138,81.38,1,2,1,good
4388d48ebff4cf866ecd,t5V9e,知识点t5V9e,0.8787,87.87,5,10,7,good
4388d48ebff4cf866ecd,y9W5d,知识点y9W5d,0.7116,71.16,8,20,11,good
cef765c4375252a6029b,g7R2j,知识点g7R2j,0.5422,54.22,3,3,3,medium
cef765c4375252a6029b,k4W1c,知识点k4W1c,0.7365,73.65,1,1,1,good
cef765c4375252a6029b,m3D1v,知识点m3D1v,0.9471,94.71,11,11,11,good
cef765c4375252a6029b,r8S3g,知识点r8S3g,0.7041,70.41,5,57,5,good
cef765c4375252a6029b,s8Y2f,知识点s8Y2f,0.8141,81.41,1,1,1,good
cef765c4375252a6029b,t5V9e,知识点t5V9e,0.9985,99.85,5,5,5,good
cef765c4375252a6029b,y9W5d,知识点y9W5d,0.9199,91.99,11,11,11,good
3ac65fbc295f5fbd2ff7,b3C9s,知识点b3C9s,0.9989,99.89,3,3,3,good
3ac65fbc295f5fbd2ff7,g7R2j,知识点g7R2j,0.8396,83.96,5,14,5,good
3ac65fbc295f5fbd2ff7,k4W1c,知识点k4W1c,0.9987,99.87,1,1,1,good
3ac65fbc295f5fbd2ff7,m3D1v,知识点m3D1v,0.8677,86.77,12,32,12,good
3ac65fbc295f5fbd2ff7,r8S3g,知识点r8S3g,0.8817,88.17,5,13,6,good
3ac65fbc295f5fbd2ff7,s8Y2f,知识点s8Y2f,0.667,66.7,1,3,1,good
3ac65fbc295f5fbd2ff7,t5V9e,知识点t5V9e,0.9365,93.65,5,14,6,good
3ac65fbc295f5fbd2ff7,y9W5d,知识点y9W5d,0.8813,88.13,11,22,11,good
e73ae5f649c6f52b3fb1,b3C9s,知识点b3C9s,0.8044,80.44,3,9,9,good
e73ae5f649c6f52b3fb1,g7R2j,知识点g7R2j,0.8808,88.08,5,19,18,good
e73ae5f649c6f52b3fb1,k4W1c,知识点k4W1c,0.9982,99.82,1,1,1,good
e73ae5f649c6f52b3fb1,m3D1v,知识点m3D1v,0.8356,83.56,12,37,19,good
e73ae5f649c6f52b3fb1,r8S3g,知识点r8S3g,0.7903,79.03,5,17,8,good
e73ae5f649c6f52b3fb1,s8Y2f,知识点s8Y2f,0.7059,70.59,1,4,3,good
e73ae5f649c6f52b3fb1,t5V9e,知识点t5V9e,0.9212,92.12,5,12,10,good
e73ae5f649c6f52b3fb1,y9W5d,知识点y9W5d,0.8735,87.35,11,39,33,good
b57bc31cac59b3d26216,b3C9s,知识点b3C9s,0.651,65.1,3,116,67,good
b57bc31cac59b3d26216,g7R2j,知识点g7R2j,0.7287,72.87,5,77,58,good
b57bc31cac59b3d26216,k4W1c,知识点k4W1c,0.6601,66.01,1,12,8,good
b57bc31cac59b3d26216,m3D1v,知识点m3D1v,0.7245,72.45,12,132,82,good
b57bc31cac59b3d26216,r8S3g,知识点r8S3g,0.7738,77.38,5,32,17,good
b57bc31cac59b3d26216,s8Y2f,知识点s8Y2f,0.6334,63.34,1,6,1,good
b57bc31cac59b3d26216,t5V9e,知识点t5V9e,0.805,80.5,5,38,21,good
b57bc31cac59b3d26216,y9W5d,知识点y9W5d,0.6851,68.51,11,121,76,good
132c90d4a027a4477ad0,b3C9s,知识点b3C9s,0.9049,90.49,3,3,3,good
132c90d4a027a4477ad0,g7R2j,知识点g7R2j,0.8594,85.94,5,5,5,good
132c90d4a027a4477ad0,k4W1c,知识点k4W1c,0.9981,99.81,1,1,1,good
132c90d4a027a4477ad0,m3D1v,知识点m3D1v,0.864,86.4,12,22,15,good
132c90d4a027a4477ad0,r8S3g,知识点r8S3g,0.7196,71.96,5,41,8,good
132c90d4a027a4477ad0,s8Y2f,知识点s8Y2f,0.6666,66.66,1,1,1,good
132c90d4a027a4477ad0,t5V9e,知识点t5V9e,0.7229,72.29,5,34,6,good
132c90d4a027a4477ad0,y9W5d,知识点y9W5d,0.918,91.8,11,13,11,good
33c123d08dc07edb50f9,b3C9s,知识点b3C9s,0.9988,99.88,3,3,3,good
33c123d08dc07edb50f9,g7R2j,知识点g7R2j,0.9587,95.87,5,7,7,good
33c123d08dc07edb50f9,k4W1c,知识点k4W1c,0.9987,99.87,1,1,1,good
33c123d08dc07edb50f9,m3D1v,知识点m3D1v,0.9311,93.11,12,20,15,good
33c123d08dc07edb50f9,r8S3g,知识点r8S3g,0.892,89.2,5,11,6,good
33c123d08dc07edb50f9,s8Y2f,知识点s8Y2f,0.814,81.4,1,1,1,good
33c123d08dc07edb50f9,t5V9e,知识点t5V9e,0.9132,91.32,5,8,5,good
33c123d08dc07edb50f9,y9W5d,知识点y9W5d,0.9122,91.22,11,20,13,good
9f447b50d5788f7b4d0a,b3C9s,知识点b3C9s,0.9982,99.82,3,5,5,good
9f447b50d5788f7b4d0a,g7R2j,知识点g7R2j,0.8957,89.57,5,8,8,good
9f447b50d5788f7b4d0a,k4W1c,知识点k4W1c,0.998,99.8,1,1,1,good
9f447b50d5788f7b4d0a,m3D1v,知识点m3D1v,0.9253,92.53,12,20,14,good
9f447b50d5788f7b4d0a,r8S3g,知识点r8S3g,0.7656,76.56,5,34,6,good
9f447b50d5788f7b4d0a,s8Y2f,知识点s8Y2f,0.9988,99.88,1,1,1,good
9f447b50d5788f7b4d0a,t5V9e,知识点t5V9e,0.8565,85.65,5,15,8,good
9f447b50d5788f7b4d0a,y9W5d,知识点y9W5d,0.9035,90.35,11,21,16,good
23f1f5d3d90e2890a423,b3C9s,知识点b3C9s,0.7414,74.14,3,27,21,good
23f1f5d3d90e2890a423,g7R2j,知识点g7R2j,0.7494,74.94,5,32,24,good
23f1f5d3d90e2890a423,k4W1c,知识点k4W1c,0.9982,99.82,1,1,1,good
23f1f5d3d90e2890a423,m3D1v,知识点m3D1v,0.8173,81.73,12,49,30,good
23f1f5d3d90e2890a423,r8S3g,知识点r8S3g,0.7898,78.98,5,30,8,good
23f1f5d3d90e2890a423,s8Y2f,知识点s8Y2f,0.7275,72.75,1,4,2,good
23f1f5d3d90e2890a423,t5V9e,知识点t5V9e,0.7622,76.22,5,43,18,good
23f1f5d3d90e2890a423,y9W5d,知识点y9W5d,0.8639,86.39,11,36,32,good
34aaaa47df8c4aa4d926,b3C9s,知识点b3C9s,0.7704,77.04,3,12,8,good
34aaaa47df8c4aa4d926,g7R2j,知识点g7R2j,0.6869,68.69,5,18,5,good
34aaaa47df8c4aa4d926,k4W1c,知识点k4W1c,0.812,81.2,1,2,1,good
34aaaa47df8c4aa4d926,m3D1v,知识点m3D1v,0.7502,75.02,12,39,22,good
34aaaa47df8c4aa4d926,r8S3g,知识点r8S3g,0.7213,72.13,5,108,10,good
34aaaa47df8c4aa4d926,s8Y2f,知识点s8Y2f,0.7197,71.97,1,1,1,good
34aaaa47df8c4aa4d926,t5V9e,知识点t5V9e,0.7578,75.78,5,16,10,good
34aaaa47df8c4aa4d926,y9W5d,知识点y9W5d,0.7349,73.49,11,36,14,good
875704a45c0214c68eae,b3C9s,知识点b3C9s,0.8303,83.03,3,10,6,good
875704a45c0214c68eae,g7R2j,知识点g7R2j,0.8835,88.35,5,20,19,good
875704a45c0214c68eae,k4W1c,知识点k4W1c,0.9979,99.79,1,2,2,good
875704a45c0214c68eae,m3D1v,知识点m3D1v,0.8655,86.55,12,37,27,good
875704a45c0214c68eae,r8S3g,知识点r8S3g,0.773,77.3,5,22,6,good
875704a45c0214c68eae,s8Y2f,知识点s8Y2f,0.7784,77.84,1,3,2,good
875704a45c0214c68eae,t5V9e,知识点t5V9e,0.7461,74.61,5,29,15,good
875704a45c0214c68eae,y9W5d,知识点y9W5d,0.8676,86.76,11,38,33,good
c5c5e10586e94f96fe95,b3C9s,知识点b3C9s,0.8609,86.09,3,6,5,good
c5c5e10586e94f96fe95,g7R2j,知识点g7R2j,0.6908,69.08,5,65,45,good
c5c5e10586e94f96fe95,k4W1c,知识点k4W1c,0.9982,99.82,1,1,1,good
c5c5e10586e94f96fe95,m3D1v,知识点m3D1v,0.7735,77.35,12,44,20,good
c5c5e10586e94f96fe95,r8S3g,知识点r8S3g,0.8185,81.85,5,18,6,good
c5c5e10586e94f96fe95,s8Y2f,知识点s8Y2f,0.7608,76.08,1,4,2,good
c5c5e10586e94f96fe95,t5V9e,知识点t5V9e,0.7637,76.37,5,25,17,good
c5c5e10586e94f96fe95,y9W5d,知识点y9W5d,0.8488,84.88,11,26,19,good
2a003b122e9500e465c4,b3C9s,知识点b3C9s,0.9132,91.32,3,3,3,good
2a003b122e9500e465c4,g7R2j,知识点g7R2j,0.9087,90.87,5,6,5,good
2a003b122e9500e465c4,k4W1c,知识点k4W1c,0.8477,84.77,1,5,5,good
2a003b122e9500e465c4,m3D1v,知识点m3D1v,0.838,83.8,12,54,24,good
2a003b122e9500e465c4,r8S3g,知识点r8S3g,0.736,73.6,5,41,9,good
2a003b122e9500e465c4,s8Y2f,知识点s8Y2f,0.9982,99.82,1,1,1,good
2a003b122e9500e465c4,t5V9e,知识点t5V9e,0.8978,89.78,5,11,10,good
2a003b122e9500e465c4,y9W5d,知识点y9W5d,0.8975,89.75,11,27,20,good
533bc4c6716035e694ac,b3C9s,知识点b3C9s,0.7685,76.85,3,14,9,good
533bc4c6716035e694ac,g7R2j,知识点g7R2j,0.7492,74.92,5,23,6,good
533bc4c6716035e694ac,k4W1c,知识点k4W1c,0.7475,74.75,1,3,2,good
533bc4c6716035e694ac,m3D1v,知识点m3D1v,0.8675,86.75,12,30,14,good
533bc4c6716035e694ac,r8S3g,知识点r8S3g,0.7699,76.99,5,22,12,good
533bc4c6716035e694ac,s8Y2f,知识点s8Y2f,0.6298,62.98,1,1,1,good
533bc4c6716035e694ac,t5V9e,知识点t5V9e,0.7761,77.61,5,31,11,good
533bc4c6716035e694ac,y9W5d,知识点y9W5d,0.7512,75.12,11,43,15,good
a624e4f6e0a8f026cba9,b3C9s,知识点b3C9s,0.792,79.2,3,7,6,good
a624e4f6e0a8f026cba9,g7R2j,知识点g7R2j,0.8665,86.65,5,8,8,good
a624e4f6e0a8f026cba9,k4W1c,知识点k4W1c,0.9982,99.82,1,2,2,good
a624e4f6e0a8f026cba9,m3D1v,知识点m3D1v,0.8296,82.96,12,20,15,good
a624e4f6e0a8f026cba9,r8S3g,知识点r8S3g,0.8883,88.83,5,12,9,good
a624e4f6e0a8f026cba9,s8Y2f,知识点s8Y2f,0.8621,86.21,1,4,4,good
a624e4f6e0a8f026cba9,t5V9e,知识点t5V9e,0.9832,98.32,5,6,6,good
a624e4f6e0a8f026cba9,y9W5d,知识点y9W5d,0.8986,89.86,11,24,22,good
7509bbe0d23fe15928ba,b3C9s,知识点b3C9s,0.9989,99.89,3,3,3,good
7509bbe0d23fe15928ba,g7R2j,知识点g7R2j,0.8574,85.74,4,4,3,good
7509bbe0d23fe15928ba,k4W1c,知识点k4W1c,0.7086,70.86,1,1,1,good
7509bbe0d23fe15928ba,m3D1v,知识点m3D1v,0.8545,85.45,12,32,14,good
7509bbe0d23fe15928ba,r8S3g,知识点r8S3g,0.7806,78.06,5,24,8,good
7509bbe0d23fe15928ba,s8Y2f,知识点s8Y2f,0.5932,59.32,1,4,0,medium
7509bbe0d23fe15928ba,t5V9e,知识点t5V9e,0.8227,82.27,5,22,6,good
7509bbe0d23fe15928ba,y9W5d,知识点y9W5d,0.8586,85.86,11,20,12,good
eb93cedc17b4eac76750,b3C9s,知识点b3C9s,0.6407,64.07,3,21,6,good
eb93cedc17b4eac76750,g7R2j,知识点g7R2j,0.7889,78.89,5,38,28,good
eb93cedc17b4eac76750,k4W1c,知识点k4W1c,0.7789,77.89,1,3,2,good
eb93cedc17b4eac76750,m3D1v,知识点m3D1v,0.8539,85.39,12,20,17,good
eb93cedc17b4eac76750,r8S3g,知识点r8S3g,0.8705,87.05,5,11,6,good
eb93cedc17b4eac76750,s8Y2f,知识点s8Y2f,0.6694,66.94,1,3,1,good
eb93cedc17b4eac76750,t5V9e,知识点t5V9e,0.875,87.5,5,17,16,good
eb93cedc17b4eac76750,y9W5d,知识点y9W5d,0.8161,81.61,11,34,26,good
1feef8b4129f5bf21e67,b3C9s,知识点b3C9s,0.7548,75.48,3,10,7,good
1feef8b4129f5bf21e67,g7R2j,知识点g7R2j,0.8108,81.08,5,30,26,good
1feef8b4129f5bf21e67,k4W1c,知识点k4W1c,0.9897,98.97,1,1,1,good
1feef8b4129f5bf21e67,m3D1v,知识点m3D1v,0.9273,92.73,12,29,26,good
1feef8b4129f5bf21e67,r8S3g,知识点r8S3g,0.9411,94.11,5,16,6,good
1feef8b4129f5bf21e67,s8Y2f,知识点s8Y2f,0.8065,80.65,1,2,1,good
1feef8b4129f5bf21e67,t5V9e,知识点t5V9e,0.8768,87.68,5,21,14,good
1feef8b4129f5bf21e67,y9W5d,知识点y9W5d,0.9562,95.62,11,23,19,good
951d2aca1b8a1c336908,b3C9s,知识点b3C9s,0.8174,81.74,3,15,8,good
951d2aca1b8a1c336908,g7R2j,知识点g7R2j,0.7043,70.43,5,39,22,good
951d2aca1b8a1c336908,k4W1c,知识点k4W1c,0.9988,99.88,1,1,1,good
951d2aca1b8a1c336908,m3D1v,知识点m3D1v,0.8281,82.81,12,24,18,good
951d2aca1b8a1c336908,r8S3g,知识点r8S3g,0.8546,85.46,5,20,12,good
951d2aca1b8a1c336908,s8Y2f,知识点s8Y2f,0.6933,69.33,1,10,2,good
951d2aca1b8a1c336908,t5V9e,知识点t5V9e,0.7602,76.02,5,50,28,good
951d2aca1b8a1c336908,y9W5d,知识点y9W5d,0.7809,78.09,11,39,20,good
49b95110a8c59f6b6c58,b3C9s,知识点b3C9s,0.614,61.4,3,27,12,good
49b95110a8c59f6b6c58,g7R2j,知识点g7R2j,0.7535,75.35,5,33,22,good
49b95110a8c59f6b6c58,k4W1c,知识点k4W1c,0.5796,57.96,1,6,4,medium
49b95110a8c59f6b6c58,m3D1v,知识点m3D1v,0.7711,77.11,12,51,21,good
49b95110a8c59f6b6c58,r8S3g,知识点r8S3g,0.7217,72.17,5,26,6,good
49b95110a8c59f6b6c58,s8Y2f,知识点s8Y2f,0.5103,51.03,1,4,2,medium
49b95110a8c59f6b6c58,t5V9e,知识点t5V9e,0.7029,70.29,5,25,16,good
49b95110a8c59f6b6c58,y9W5d,知识点y9W5d,0.7057,70.57,11,46,27,good
b8c0c68e7f1220949deb,b3C9s,知识点b3C9s,0.9515,95.15,3,7,6,good
b8c0c68e7f1220949deb,g7R2j,知识点g7R2j,0.8989,89.89,5,8,8,good
b8c0c68e7f1220949deb,k4W1c,知识点k4W1c,0.9982,99.82,1,1,1,good
b8c0c68e7f1220949deb,m3D1v,知识点m3D1v,0.9451,94.51,12,19,16,good
b8c0c68e7f1220949deb,r8S3g,知识点r8S3g,0.8816,88.16,5,6,6,good
b8c0c68e7f1220949deb,s8Y2f,知识点s8Y2f,0.8136,81.36,1,2,1,good
b8c0c68e7f1220949deb,t5V9e,知识点t5V9e,0.9205,92.05,5,12,11,good
b8c0c68e7f1220949deb,y9W5d,知识点y9W5d,0.8893,88.93,11,28,19,good
451b0095938a3c54efc4,b3C9s,知识点b3C9s,0.9193,91.93,3,7,4,good
451b0095938a3c54efc4,g7R2j,知识点g7R2j,0.8558,85.58,5,10,9,good
451b0095938a3c54efc4,k4W1c,知识点k4W1c,0.6359,63.59,1,18,8,good
451b0095938a3c54efc4,m3D1v,知识点m3D1v,0.9122,91.22,12,22,16,good
451b0095938a3c54efc4,r8S3g,知识点r8S3g,0.9234,92.34,5,8,7,good
451b0095938a3c54efc4,s8Y2f,知识点s8Y2f,0.8131,81.31,1,2,1,good
451b0095938a3c54efc4,t5V9e,知识点t5V9e,0.9603,96.03,5,6,5,good
451b0095938a3c54efc4,y9W5d,知识点y9W5d,0.8424,84.24,11,46,23,good
e4c80506c14da4ad563d,b3C9s,知识点b3C9s,0.9427,94.27,3,3,3,good
e4c80506c14da4ad563d,g7R2j,知识点g7R2j,0.7641,76.41,5,10,6,good
e4c80506c14da4ad563d,k4W1c,知识点k4W1c,0.7769,77.69,1,8,8,good
e4c80506c14da4ad563d,m3D1v,知识点m3D1v,0.779,77.9,12,48,26,good
e4c80506c14da4ad563d,r8S3g,知识点r8S3g,0.8998,89.98,5,9,8,good
e4c80506c14da4ad563d,s8Y2f,知识点s8Y2f,0.7807,78.07,1,2,2,good
e4c80506c14da4ad563d,t5V9e,知识点t5V9e,0.8282,82.82,5,12,8,good
e4c80506c14da4ad563d,y9W5d,知识点y9W5d,0.7961,79.61,11,47,34,good
25019b8f1c3ac537894b,b3C9s,知识点b3C9s,0.9979,99.79,3,3,3,good
25019b8f1c3ac537894b,g7R2j,知识点g7R2j,0.7595,75.95,5,31,17,good
25019b8f1c3ac537894b,k4W1c,知识点k4W1c,0.7535,75.35,1,10,9,good
25019b8f1c3ac537894b,m3D1v,知识点m3D1v,0.9603,96.03,12,12,12,good
25019b8f1c3ac537894b,r8S3g,知识点r8S3g,0.8767,87.67,5,18,6,good
25019b8f1c3ac537894b,s8Y2f,知识点s8Y2f,0.9212,92.12,1,4,4,good
25019b8f1c3ac537894b,t5V9e,知识点t5V9e,0.9078,90.78,5,9,8,good
25019b8f1c3ac537894b,y9W5d,知识点y9W5d,0.915,91.5,11,28,23,good
4884f3bdc068ef01e042,b3C9s,知识点b3C9s,0.9984,99.84,3,6,6,good
4884f3bdc068ef01e042,g7R2j,知识点g7R2j,0.7525,75.25,5,38,28,good
4884f3bdc068ef01e042,k4W1c,知识点k4W1c,0.9984,99.84,1,2,2,good
4884f3bdc068ef01e042,m3D1v,知识点m3D1v,0.6705,67.05,12,91,55,good
4884f3bdc068ef01e042,r8S3g,知识点r8S3g,0.6827,68.27,5,69,6,good
4884f3bdc068ef01e042,s8Y2f,知识点s8Y2f,0.642,64.2,1,4,1,good
4884f3bdc068ef01e042,t5V9e,知识点t5V9e,0.779,77.9,5,36,32,good
4884f3bdc068ef01e042,y9W5d,知识点y9W5d,0.7174,71.74,11,82,44,good
b43532c7a35b6aedd478,b3C9s,知识点b3C9s,0.9987,99.87,3,3,3,good
b43532c7a35b6aedd478,g7R2j,知识点g7R2j,0.9987,99.87,5,5,5,good
b43532c7a35b6aedd478,k4W1c,知识点k4W1c,0.9982,99.82,1,1,1,good
b43532c7a35b6aedd478,m3D1v,知识点m3D1v,0.9787,97.87,12,13,13,good
b43532c7a35b6aedd478,r8S3g,知识点r8S3g,0.9021,90.21,5,13,6,good
b43532c7a35b6aedd478,s8Y2f,知识点s8Y2f,0.9989,99.89,1,1,1,good
b43532c7a35b6aedd478,t5V9e,知识点t5V9e,0.8862,88.62,5,12,11,good
b43532c7a35b6aedd478,y9W5d,知识点y9W5d,0.9647,96.47,11,12,11,good
f9c641e9c05c243a751e,b3C9s,知识点b3C9s,0.9984,99.84,3,3,3,good
f9c641e9c05c243a751e,g7R2j,知识点g7R2j,0.8278,82.78,5,13,4,good
f9c641e9c05c243a751e,k4W1c,知识点k4W1c,0.9982,99.82,1,1,1,good
f9c641e9c05c243a751e,m3D1v,知识点m3D1v,0.895,89.5,12,24,16,good
f9c641e9c05c243a751e,r8S3g,知识点r8S3g,0.7075,70.75,5,41,6,good
f9c641e9c05c243a751e,s8Y2f,知识点s8Y2f,0.9982,99.82,1,1,1,good
f9c641e9c05c243a751e,t5V9e,知识点t5V9e,0.7409,74.09,5,54,28,good
f9c641e9c05c243a751e,y9W5d,知识点y9W5d,0.8909,89.09,10,11,10,good
960bf72352d4f58ad083,b3C9s,知识点b3C9s,0.9986,99.86,3,3,3,good
960bf72352d4f58ad083,g7R2j,知识点g7R2j,0.9614,96.14,5,6,6,good
960bf72352d4f58ad083,k4W1c,知识点k4W1c,0.7508,75.08,1,6,5,good
960bf72352d4f58ad083,m3D1v,知识点m3D1v,0.7556,75.56,12,42,18,good
960bf72352d4f58ad083,r8S3g,知识点r8S3g,0.7416,74.16,5,44,7,good
960bf72352d4f58ad083,s8Y2f,知识点s8Y2f,0.8138,81.38,1,2,1,good
960bf72352d4f58ad083,t5V9e,知识点t5V9e,0.7677,76.77,5,27,7,good
960bf72352d4f58ad083,y9W5d,知识点y9W5d,0.8452,84.52,11,40,19,good
0557b1363a5092b5811f,b3C9s,知识点b3C9s,0.6614,66.14,3,35,16,good
0557b1363a5092b5811f,g7R2j,知识点g7R2j,0.6682,66.82,5,70,38,good
0557b1363a5092b5811f,k4W1c,知识点k4W1c,0.7064,70.64,1,4,3,good
0557b1363a5092b5811f,m3D1v,知识点m3D1v,0.7049,70.49,12,95,43,good
0557b1363a5092b5811f,r8S3g,知识点r8S3g,0.7603,76.03,5,27,9,good
0557b1363a5092b5811f,s8Y2f,知识点s8Y2f,0.6306,63.06,1,4,1,good
0557b1363a5092b5811f,t5V9e,知识点t5V9e,0.657,65.7,5,119,24,good
0557b1363a5092b5811f,y9W5d,知识点y9W5d,0.6534,65.34,11,52,22,good
091554ffa26fc9b17c36,b3C9s,知识点b3C9s,0.9984,99.84,3,3,3,good
091554ffa26fc9b17c36,g7R2j,知识点g7R2j,0.8947,89.47,5,7,5,good
091554ffa26fc9b17c36,k4W1c,知识点k4W1c,0.9987,99.87,1,1,1,good
091554ffa26fc9b17c36,m3D1v,知识点m3D1v,0.8928,89.28,12,22,21,good
091554ffa26fc9b17c36,r8S3g,知识点r8S3g,0.9242,92.42,5,9,7,good
091554ffa26fc9b17c36,s8Y2f,知识点s8Y2f,0.9987,99.87,1,1,1,good
091554ffa26fc9b17c36,t5V9e,知识点t5V9e,0.9824,98.24,5,6,6,good
091554ffa26fc9b17c36,y9W5d,知识点y9W5d,0.9577,95.77,11,30,30,good
d7ad1a5f3ab7d6237f8e,b3C9s,知识点b3C9s,0.8027,80.27,3,8,6,good
d7ad1a5f3ab7d6237f8e,g7R2j,知识点g7R2j,0.7217,72.17,5,13,7,good
d7ad1a5f3ab7d6237f8e,k4W1c,知识点k4W1c,0.7176,71.76,1,10,2,good
d7ad1a5f3ab7d6237f8e,m3D1v,知识点m3D1v,0.6973,69.73,12,96,39,good
d7ad1a5f3ab7d6237f8e,r8S3g,知识点r8S3g,0.7343,73.43,5,83,23,good
d7ad1a5f3ab7d6237f8e,s8Y2f,知识点s8Y2f,0.6384,63.84,1,7,2,good
d7ad1a5f3ab7d6237f8e,t5V9e,知识点t5V9e,0.8356,83.56,5,24,19,good
d7ad1a5f3ab7d6237f8e,y9W5d,知识点y9W5d,0.6733,67.33,11,90,31,good
e4d6737b176e6ca5ef06,b3C9s,知识点b3C9s,0.998,99.8,3,3,3,good
e4d6737b176e6ca5ef06,g7R2j,知识点g7R2j,0.8011,80.11,5,17,5,good
e4d6737b176e6ca5ef06,k4W1c,知识点k4W1c,0.9982,99.82,1,1,1,good
e4d6737b176e6ca5ef06,m3D1v,知识点m3D1v,0.8575,85.75,12,29,23,good
e4d6737b176e6ca5ef06,r8S3g,知识点r8S3g,0.6746,67.46,5,50,11,good
e4d6737b176e6ca5ef06,s8Y2f,知识点s8Y2f,0.8126,81.26,1,4,2,good
e4d6737b176e6ca5ef06,t5V9e,知识点t5V9e,0.7688,76.88,5,33,10,good
e4d6737b176e6ca5ef06,y9W5d,知识点y9W5d,0.8975,89.75,11,31,14,good
5914db0d4427b322e8af,m3D1v,知识点m3D1v,0.7483,74.83,11,35,20,good
5914db0d4427b322e8af,r8S3g,知识点r8S3g,0.8438,84.38,5,16,8,good
5914db0d4427b322e8af,t5V9e,知识点t5V9e,0.8156,81.56,5,9,9,good
5914db0d4427b322e8af,y9W5d,知识点y9W5d,0.151,15.1,2,3,1,poor
6314d7cbc465e29f357c,b3C9s,知识点b3C9s,0.996,99.6,3,4,4,good
6314d7cbc465e29f357c,g7R2j,知识点g7R2j,0.951,95.1,5,7,5,good
6314d7cbc465e29f357c,k4W1c,知识点k4W1c,0.9462,94.62,1,2,2,good
6314d7cbc465e29f357c,m3D1v,知识点m3D1v,0.8639,86.39,12,32,12,good
6314d7cbc465e29f357c,r8S3g,知识点r8S3g,0.7742,77.42,5,35,17,good
6314d7cbc465e29f357c,s8Y2f,知识点s8Y2f,0.9981,99.81,1,1,1,good
6314d7cbc465e29f357c,t5V9e,知识点t5V9e,0.8246,82.46,5,10,8,good
6314d7cbc465e29f357c,y9W5d,知识点y9W5d,0.9928,99.28,11,12,12,good
d2cb0d0da17471ee23a9,b3C9s,知识点b3C9s,0.9989,99.89,3,3,3,good
d2cb0d0da17471ee23a9,g7R2j,知识点g7R2j,0.7814,78.14,5,23,5,good
d2cb0d0da17471ee23a9,k4W1c,知识点k4W1c,0.8139,81.39,1,2,1,good
d2cb0d0da17471ee23a9,m3D1v,知识点m3D1v,0.8604,86.04,12,41,13,good
d2cb0d0da17471ee23a9,r8S3g,知识点r8S3g,0.8577,85.77,5,21,8,good
d2cb0d0da17471ee23a9,s8Y2f,知识点s8Y2f,0.9982,99.82,1,1,1,good
d2cb0d0da17471ee23a9,t5V9e,知识点t5V9e,0.8148,81.48,5,22,5,good
d2cb0d0da17471ee23a9,y9W5d,知识点y9W5d,0.7515,75.15,11,56,12,good
75dcc10ba89fd0c25d50,b3C9s,知识点b3C9s,0.8272,82.72,3,14,10,good
75dcc10ba89fd0c25d50,g7R2j,知识点g7R2j,0.8048,80.48,5,40,38,good
75dcc10ba89fd0c25d50,k4W1c,知识点k4W1c,0.6868,68.68,1,2,1,good
75dcc10ba89fd0c25d50,m3D1v,知识点m3D1v,0.8689,86.89,12,35,23,good
75dcc10ba89fd0c25d50,r8S3g,知识点r8S3g,0.8927,89.27,5,49,16,good
75dcc10ba89fd0c25d50,s8Y2f,知识点s8Y2f,0.9962,99.62,1,1,1,good
75dcc10ba89fd0c25d50,t5V9e,知识点t5V9e,0.8454,84.54,5,21,16,good
75dcc10ba89fd0c25d50,y9W5d,知识点y9W5d,0.8493,84.93,11,38,27,good
98be3476791a8df7e937,b3C9s,知识点b3C9s,0.9832,98.32,3,4,4,good
98be3476791a8df7e937,g7R2j,知识点g7R2j,0.9118,91.18,5,9,9,good
98be3476791a8df7e937,k4W1c,知识点k4W1c,0.9916,99.16,1,1,1,good
98be3476791a8df7e937,m3D1v,知识点m3D1v,0.7889,78.89,12,66,36,good
98be3476791a8df7e937,r8S3g,知识点r8S3g,0.741,74.1,5,64,13,good
98be3476791a8df7e937,s8Y2f,知识点s8Y2f,0.796,79.6,1,3,2,good
98be3476791a8df7e937,t5V9e,知识点t5V9e,0.7674,76.74,5,62,29,good
98be3476791a8df7e937,y9W5d,知识点y9W5d,0.8276,82.76,11,49,27,good
29172d2e39ca0d890848,b3C9s,知识点b3C9s,0.7974,79.74,3,12,12,good
29172d2e39ca0d890848,g7R2j,知识点g7R2j,0.8866,88.66,5,15,15,good
29172d2e39ca0d890848,k4W1c,知识点k4W1c,0.8127,81.27,1,2,1,good
29172d2e39ca0d890848,m3D1v,知识点m3D1v,0.9179,91.79,12,21,17,good
29172d2e39ca0d890848,r8S3g,知识点r8S3g,0.94,94.0,5,16,11,good
29172d2e39ca0d890848,s8Y2f,知识点s8Y2f,0.9977,99.77,1,1,1,good
29172d2e39ca0d890848,t5V9e,知识点t5V9e,0.9619,96.19,5,8,8,good
29172d2e39ca0d890848,y9W5d,知识点y9W5d,0.938,93.8,11,24,22,good
b083663157e08e36d335,b3C9s,知识点b3C9s,0.9983,99.83,3,3,3,good
b083663157e08e36d335,g7R2j,知识点g7R2j,0.8987,89.87,5,7,5,good
b083663157e08e36d335,k4W1c,知识点k4W1c,0.9982,99.82,1,1,1,good
b083663157e08e36d335,m3D1v,知识点m3D1v,0.9267,92.67,12,21,13,good
b083663157e08e36d335,r8S3g,知识点r8S3g,0.9098,90.98,5,7,6,good
b083663157e08e36d335,s8Y2f,知识点s8Y2f,0.998,99.8,1,3,3,good
b083663157e08e36d335,t5V9e,知识点t5V9e,0.9359,93.59,5,6,5,good
b083663157e08e36d335,y9W5d,知识点y9W5d,0.9429,94.29,11,13,13,good
48ad93c227abfa9542aa,b3C9s,知识点b3C9s,0.7962,79.62,3,28,27,good
48ad93c227abfa9542aa,g7R2j,知识点g7R2j,0.8981,89.81,5,10,9,good
48ad93c227abfa9542aa,k4W1c,知识点k4W1c,0.9987,99.87,1,1,1,good
48ad93c227abfa9542aa,m3D1v,知识点m3D1v,0.8919,89.19,12,17,15,good
48ad93c227abfa9542aa,r8S3g,知识点r8S3g,0.7156,71.56,5,37,7,good
48ad93c227abfa9542aa,s8Y2f,知识点s8Y2f,0.9987,99.87,1,1,1,good
48ad93c227abfa9542aa,t5V9e,知识点t5V9e,0.7479,74.79,5,49,18,good
48ad93c227abfa9542aa,y9W5d,知识点y9W5d,0.989,98.9,11,13,13,good
3ab864e1e692786fefd2,b3C9s,知识点b3C9s,0.9983,99.83,3,3,3,good
3ab864e1e692786fefd2,g7R2j,知识点g7R2j,0.9618,96.18,5,6,5,good
3ab864e1e692786fefd2,k4W1c,知识点k4W1c,0.9882,98.82,1,1,1,good
3ab864e1e692786fefd2,m3D1v,知识点m3D1v,0.8878,88.78,12,30,13,good
3ab864e1e692786fefd2,r8S3g,知识点r8S3g,0.7419,74.19,5,43,6,good
3ab864e1e692786fefd2,s8Y2f,知识点s8Y2f,0.7361,73.61,1,1,1,good
3ab864e1e692786fefd2,t5V9e,知识点t5V9e,0.832,83.2,5,15,11,good
3ab864e1e692786fefd2,y9W5d,知识点y9W5d,0.864,86.4,11,22,11,good
3b6f3bb370f3107e257d,b3C9s,知识点b3C9s,0.9246,92.46,3,4,3,good
3b6f3bb370f3107e257d,g7R2j,知识点g7R2j,0.9609,96.09,5,6,5,good
3b6f3bb370f3107e257d,k4W1c,知识点k4W1c,0.9977,99.77,1,1,1,good
3b6f3bb370f3107e257d,m3D1v,知识点m3D1v,0.9977,99.77,12,12,12,good
3b6f3bb370f3107e257d,r8S3g,知识点r8S3g,0.8569,85.69,5,15,6,good
3b6f3bb370f3107e257d,s8Y2f,知识点s8Y2f,0.9975,99.75,1,1,1,good
3b6f3bb370f3107e257d,t5V9e,知识点t5V9e,0.951,95.1,5,7,5,good
3b6f3bb370f3107e257d,y9W5d,知识点y9W5d,0.9982,99.82,11,11,11,good
a12c27630a75f6a4a64a,b3C9s,知识点b3C9s,0.9986,99.86,3,3,3,good
a12c27630a75f6a4a64a,g7R2j,知识点g7R2j,0.8195,81.95,5,28,20,good
a12c27630a75f6a4a64a,k4W1c,知识点k4W1c,0.7027,70.27,1,1,1,good
a12c27630a75f6a4a64a,m3D1v,知识点m3D1v,0.7884,78.84,12,62,34,good
a12c27630a75f6a4a64a,r8S3g,知识点r8S3g,0.7304,73.04,5,29,6,good
a12c27630a75f6a4a64a,s8Y2f,知识点s8Y2f,0.8141,81.41,1,1,1,good
a12c27630a75f6a4a64a,t5V9e,知识点t5V9e,0.7773,77.73,5,35,10,good
a12c27630a75f6a4a64a,y9W5d,知识点y9W5d,0.8708,87.08,11,23,17,good
hq2dy5tjgczdmkvq0l2d,b3C9s,知识点b3C9s,0.9964,99.64,3,3,3,good
hq2dy5tjgczdmkvq0l2d,g7R2j,知识点g7R2j,0.9095,90.95,5,7,7,good
hq2dy5tjgczdmkvq0l2d,k4W1c,知识点k4W1c,0.8135,81.35,1,1,1,good
hq2dy5tjgczdmkvq0l2d,m3D1v,知识点m3D1v,0.9517,95.17,12,13,13,good
hq2dy5tjgczdmkvq0l2d,r8S3g,知识点r8S3g,0.9987,99.87,5,6,6,good
hq2dy5tjgczdmkvq0l2d,s8Y2f,知识点s8Y2f,0.814,81.4,1,2,1,good
hq2dy5tjgczdmkvq0l2d,t5V9e,知识点t5V9e,0.9984,99.84,5,5,5,good
hq2dy5tjgczdmkvq0l2d,y9W5d,知识点y9W5d,0.9319,93.19,11,14,13,good
4a0890c15c26984c191f,b3C9s,知识点b3C9s,0.873,87.3,3,12,8,good
4a0890c15c26984c191f,g7R2j,知识点g7R2j,0.8407,84.07,5,23,14,good
4a0890c15c26984c191f,k4W1c,知识点k4W1c,0.9981,99.81,1,1,1,good
4a0890c15c26984c191f,m3D1v,知识点m3D1v,0.8207,82.07,12,41,23,good
4a0890c15c26984c191f,r8S3g,知识点r8S3g,0.7383,73.83,5,48,11,good
4a0890c15c26984c191f,s8Y2f,知识点s8Y2f,0.9988,99.88,1,1,1,good
4a0890c15c26984c191f,t5V9e,知识点t5V9e,0.8348,83.48,5,22,16,good
4a0890c15c26984c191f,y9W5d,知识点y9W5d,0.8518,85.18,11,39,20,good
a0b36e07079573966740,b3C9s,知识点b3C9s,0.9981,99.81,3,3,3,good
a0b36e07079573966740,g7R2j,知识点g7R2j,0.9112,91.12,5,14,10,good
a0b36e07079573966740,k4W1c,知识点k4W1c,0.9982,99.82,1,1,1,good
a0b36e07079573966740,m3D1v,知识点m3D1v,0.9777,97.77,12,14,12,good
a0b36e07079573966740,r8S3g,知识点r8S3g,0.9611,96.11,5,8,6,good
a0b36e07079573966740,s8Y2f,知识点s8Y2f,0.9976,99.76,1,1,1,good
a0b36e07079573966740,t5V9e,知识点t5V9e,0.9981,99.81,5,5,5,good
a0b36e07079573966740,y9W5d,知识点y9W5d,0.9972,99.72,11,11,11,good
852687af72e9ee38fb42,b3C9s,知识点b3C9s,0.9986,99.86,3,3,3,good
852687af72e9ee38fb42,g7R2j,知识点g7R2j,0.937,93.7,5,12,12,good
852687af72e9ee38fb42,k4W1c,知识点k4W1c,0.9981,99.81,1,1,1,good
852687af72e9ee38fb42,m3D1v,知识点m3D1v,0.9943,99.43,12,13,13,good
852687af72e9ee38fb42,r8S3g,知识点r8S3g,0.9464,94.64,5,9,6,good
852687af72e9ee38fb42,s8Y2f,知识点s8Y2f,0.9966,99.66,1,1,1,good
852687af72e9ee38fb42,t5V9e,知识点t5V9e,0.9989,99.89,5,5,5,good
852687af72e9ee38fb42,y9W5d,知识点y9W5d,0.9811,98.11,11,11,11,good
9723ceb0cf2dca42c118,b3C9s,知识点b3C9s,0.9982,99.82,3,3,3,good
9723ceb0cf2dca42c118,g7R2j,知识点g7R2j,0.8399,83.99,5,11,5,good
9723ceb0cf2dca42c118,k4W1c,知识点k4W1c,0.9982,99.82,1,1,1,good
9723ceb0cf2dca42c118,m3D1v,知识点m3D1v,0.8468,84.68,12,74,22,good
9723ceb0cf2dca42c118,r8S3g,知识点r8S3g,0.7102,71.02,5,55,8,good
9723ceb0cf2dca42c118,s8Y2f,知识点s8Y2f,0.659,65.9,1,5,1,good
9723ceb0cf2dca42c118,t5V9e,知识点t5V9e,0.8124,81.24,5,11,8,good
9723ceb0cf2dca42c118,y9W5d,知识点y9W5d,0.8985,89.85,11,21,11,good
bd657014cfd3fe7a8fe2,b3C9s,知识点b3C9s,0.9007,90.07,3,15,15,good
bd657014cfd3fe7a8fe2,g7R2j,知识点g7R2j,0.9028,90.28,5,18,18,good
bd657014cfd3fe7a8fe2,k4W1c,知识点k4W1c,0.9987,99.87,1,1,1,good
bd657014cfd3fe7a8fe2,m3D1v,知识点m3D1v,0.931,93.1,12,26,24,good
bd657014cfd3fe7a8fe2,r8S3g,知识点r8S3g,0.9991,99.91,5,6,6,good
bd657014cfd3fe7a8fe2,s8Y2f,知识点s8Y2f,0.8142,81.42,1,2,1,good
bd657014cfd3fe7a8fe2,t5V9e,知识点t5V9e,0.8667,86.67,5,8,8,good
bd657014cfd3fe7a8fe2,y9W5d,知识点y9W5d,0.9295,92.95,11,21,19,good
2xk6toebmkxdw8f2bypd,b3C9s,知识点b3C9s,0.9978,99.78,3,4,4,good
2xk6toebmkxdw8f2bypd,g7R2j,知识点g7R2j,0.9388,93.88,5,10,9,good
2xk6toebmkxdw8f2bypd,k4W1c,知识点k4W1c,0.9977,99.77,1,2,2,good
2xk6toebmkxdw8f2bypd,m3D1v,知识点m3D1v,0.9706,97.06,12,26,13,good
2xk6toebmkxdw8f2bypd,r8S3g,知识点r8S3g,0.8622,86.22,5,14,6,good
2xk6toebmkxdw8f2bypd,s8Y2f,知识点s8Y2f,0.7616,76.16,1,1,1,good
2xk6toebmkxdw8f2bypd,t5V9e,知识点t5V9e,0.9988,99.88,5,5,5,good
2xk6toebmkxdw8f2bypd,y9W5d,知识点y9W5d,0.9334,93.34,11,15,13,good
02068067a434adb6556a,r8S3g,知识点r8S3g,0.1323,13.23,1,4,0,poor
3531c5f9d520759ba697,b3C9s,知识点b3C9s,0.7504,75.04,3,38,26,good
3531c5f9d520759ba697,g7R2j,知识点g7R2j,0.9277,92.77,5,51,51,good
3531c5f9d520759ba697,k4W1c,知识点k4W1c,0.9987,99.87,1,1,1,good
3531c5f9d520759ba697,m3D1v,知识点m3D1v,0.9449,94.49,12,14,13,good
3531c5f9d520759ba697,r8S3g,知识点r8S3g,0.7873,78.73,5,39,7,good
3531c5f9d520759ba697,s8Y2f,知识点s8Y2f,0.9987,99.87,1,1,1,good
3531c5f9d520759ba697,t5V9e,知识点t5V9e,0.919,91.9,5,11,10,good
3531c5f9d520759ba697,y9W5d,知识点y9W5d,0.9342,93.42,11,31,20,good
037a76bc8e6bf5fe1fc0,b3C9s,知识点b3C9s,0.904,90.4,3,3,3,good
037a76bc8e6bf5fe1fc0,g7R2j,知识点g7R2j,0.9984,99.84,5,5,5,good
037a76bc8e6bf5fe1fc0,k4W1c,知识点k4W1c,0.9982,99.82,1,1,1,good
037a76bc8e6bf5fe1fc0,m3D1v,知识点m3D1v,0.9832,98.32,12,13,12,good
037a76bc8e6bf5fe1fc0,r8S3g,知识点r8S3g,0.9988,99.88,5,6,6,good
037a76bc8e6bf5fe1fc0,s8Y2f,知识点s8Y2f,0.998,99.8,1,1,1,good
037a76bc8e6bf5fe1fc0,t5V9e,知识点t5V9e,0.9984,99.84,5,5,5,good
037a76bc8e6bf5fe1fc0,y9W5d,知识点y9W5d,0.9984,99.84,11,11,11,good
c08165d73ae49215c391,b3C9s,知识点b3C9s,0.9986,99.86,3,3,3,good
c08165d73ae49215c391,g7R2j,知识点g7R2j,0.8089,80.89,5,14,7,good
c08165d73ae49215c391,k4W1c,知识点k4W1c,0.9028,90.28,1,5,4,good
c08165d73ae49215c391,m3D1v,知识点m3D1v,0.9243,92.43,12,59,25,good
c08165d73ae49215c391,r8S3g,知识点r8S3g,0.8453,84.53,5,18,8,good
c08165d73ae49215c391,s8Y2f,知识点s8Y2f,0.9986,99.86,1,1,1,good
c08165d73ae49215c391,t5V9e,知识点t5V9e,0.8557,85.57,5,18,14,good
c08165d73ae49215c391,y9W5d,知识点y9W5d,0.8891,88.91,11,42,29,good
84146496b8d6256d6982,b3C9s,知识点b3C9s,0.9986,99.86,3,3,3,good
84146496b8d6256d6982,g7R2j,知识点g7R2j,0.9985,99.85,5,5,5,good
84146496b8d6256d6982,k4W1c,知识点k4W1c,0.9987,99.87,1,1,1,good
84146496b8d6256d6982,m3D1v,知识点m3D1v,0.9295,92.95,12,16,14,good
84146496b8d6256d6982,r8S3g,知识点r8S3g,0.9143,91.43,5,10,6,good
84146496b8d6256d6982,s8Y2f,知识点s8Y2f,0.9972,99.72,1,1,1,good
84146496b8d6256d6982,t5V9e,知识点t5V9e,0.914,91.4,5,9,6,good
84146496b8d6256d6982,y9W5d,知识点y9W5d,0.9806,98.06,11,11,11,good
5be7405ad4ae9d9a2853,b3C9s,知识点b3C9s,0.8909,89.09,3,6,4,good
5be7405ad4ae9d9a2853,g7R2j,知识点g7R2j,0.9018,90.18,5,5,5,good
5be7405ad4ae9d9a2853,k4W1c,知识点k4W1c,0.9992,99.92,1,1,1,good
5be7405ad4ae9d9a2853,m3D1v,知识点m3D1v,0.8833,88.33,12,66,41,good
5be7405ad4ae9d9a2853,r8S3g,知识点r8S3g,0.7799,77.99,5,19,11,good
5be7405ad4ae9d9a2853,s8Y2f,知识点s8Y2f,0.6277,62.77,1,2,0,good
5be7405ad4ae9d9a2853,t5V9e,知识点t5V9e,0.7631,76.31,5,43,16,good
5be7405ad4ae9d9a2853,y9W5d,知识点y9W5d,0.9146,91.46,11,18,12,good
avehb7ibwpvjcgcr474k,b3C9s,知识点b3C9s,0.9991,99.91,3,3,3,good
avehb7ibwpvjcgcr474k,g7R2j,知识点g7R2j,0.9988,99.88,5,5,5,good
avehb7ibwpvjcgcr474k,k4W1c,知识点k4W1c,0.9982,99.82,1,1,1,good
avehb7ibwpvjcgcr474k,m3D1v,知识点m3D1v,0.926,92.6,12,33,20,good
avehb7ibwpvjcgcr474k,r8S3g,知识点r8S3g,0.9482,94.82,5,8,7,good
avehb7ibwpvjcgcr474k,s8Y2f,知识点s8Y2f,0.9967,99.67,1,1,1,good
avehb7ibwpvjcgcr474k,t5V9e,知识点t5V9e,0.9012,90.12,5,13,11,good
avehb7ibwpvjcgcr474k,y9W5d,知识点y9W5d,0.9983,99.83,11,11,11,good
sfmngecoi3b7ahvhi2k6,b3C9s,知识点b3C9s,0.7902,79.02,3,11,3,good
sfmngecoi3b7ahvhi2k6,g7R2j,知识点g7R2j,0.8873,88.73,5,12,10,good
sfmngecoi3b7ahvhi2k6,k4W1c,知识点k4W1c,0.8147,81.47,1,2,1,good
sfmngecoi3b7ahvhi2k6,m3D1v,知识点m3D1v,0.8854,88.54,12,21,12,good
sfmngecoi3b7ahvhi2k6,r8S3g,知识点r8S3g,0.9224,92.24,5,20,6,good
sfmngecoi3b7ahvhi2k6,s8Y2f,知识点s8Y2f,0.9975,99.75,1,1,1,good
sfmngecoi3b7ahvhi2k6,t5V9e,知识点t5V9e,0.9736,97.36,5,9,9,good
sfmngecoi3b7ahvhi2k6,y9W5d,知识点y9W5d,0.8527,85.27,11,26,17,good
1f4oscu6io8xlog2157e,b3C9s,知识点b3C9s,0.8019,80.19,3,6,4,good
1f4oscu6io8xlog2157e,g7R2j,知识点g7R2j,0.7577,75.77,5,18,12,good
1f4oscu6io8xlog2157e,k4W1c,知识点k4W1c,0.7956,79.56,1,3,2,good
1f4oscu6io8xlog2157e,m3D1v,知识点m3D1v,0.6281,62.81,10,27,14,good
1f4oscu6io8xlog2157e,r8S3g,知识点r8S3g,0.7392,73.92,5,23,11,good
1f4oscu6io8xlog2157e,s8Y2f,知识点s8Y2f,0.626,62.6,1,3,2,good
1f4oscu6io8xlog2157e,t5V9e,知识点t5V9e,0.6112,61.12,4,13,10,good
1f4oscu6io8xlog2157e,y9W5d,知识点y9W5d,0.7025,70.25,9,25,17,good
gj009a2t56bxjluh0mox,b3C9s,知识点b3C9s,0.7096,70.96,3,12,7,good
gj009a2t56bxjluh0mox,g7R2j,知识点g7R2j,0.774,77.4,5,14,12,good
gj009a2t56bxjluh0mox,k4W1c,知识点k4W1c,0.7984,79.84,1,3,2,good
gj009a2t56bxjluh0mox,m3D1v,知识点m3D1v,0.7251,72.51,12,44,27,good
gj009a2t56bxjluh0mox,r8S3g,知识点r8S3g,0.6573,65.73,5,20,4,good
gj009a2t56bxjluh0mox,s8Y2f,知识点s8Y2f,0.6947,69.47,1,5,2,good
gj009a2t56bxjluh0mox,t5V9e,知识点t5V9e,0.7465,74.65,5,23,12,good
gj009a2t56bxjluh0mox,y9W5d,知识点y9W5d,0.7812,78.12,10,39,26,good
ov1tvylbnny48ojayssl,b3C9s,知识点b3C9s,0.7445,74.45,3,11,8,good
ov1tvylbnny48ojayssl,g7R2j,知识点g7R2j,0.7045,70.45,5,15,11,good
ov1tvylbnny48ojayssl,k4W1c,知识点k4W1c,0.8315,83.15,1,3,3,good
ov1tvylbnny48ojayssl,m3D1v,知识点m3D1v,0.6387,63.87,9,23,16,good
ov1tvylbnny48ojayssl,r8S3g,知识点r8S3g,0.7195,71.95,5,28,6,good
ov1tvylbnny48ojayssl,s8Y2f,知识点s8Y2f,0.8061,80.61,1,4,3,good
ov1tvylbnny48ojayssl,t5V9e,知识点t5V9e,0.7721,77.21,4,14,8,good
ov1tvylbnny48ojayssl,y9W5d,知识点y9W5d,0.7503,75.03,10,29,23,good
qw19zri3d9vkqjhcn3xk,b3C9s,知识点b3C9s,0.7528,75.28,3,9,7,good
qw19zri3d9vkqjhcn3xk,g7R2j,知识点g7R2j,0.7706,77.06,4,11,10,good
qw19zri3d9vkqjhcn3xk,m3D1v,知识点m3D1v,0.6983,69.83,11,25,14,good
qw19zri3d9vkqjhcn3xk,r8S3g,知识点r8S3g,0.7837,78.37,5,19,10,good
qw19zri3d9vkqjhcn3xk,s8Y2f,知识点s8Y2f,0.6627,66.27,0,0,0,good
qw19zri3d9vkqjhcn3xk,t5V9e,知识点t5V9e,0.7417,74.17,5,11,7,good
qw19zri3d9vkqjhcn3xk,y9W5d,知识点y9W5d,0.709,70.9,8,14,9,good
yesnbayr80dvsb8ajp9v,b3C9s,知识点b3C9s,0.7283,72.83,3,12,8,good
yesnbayr80dvsb8ajp9v,g7R2j,知识点g7R2j,0.7491,74.91,4,13,11,good
yesnbayr80dvsb8ajp9v,k4W1c,知识点k4W1c,0.8648,86.48,1,2,2,good
yesnbayr80dvsb8ajp9v,m3D1v,知识点m3D1v,0.6857,68.57,11,44,21,good
yesnbayr80dvsb8ajp9v,r8S3g,知识点r8S3g,0.7186,71.86,4,21,8,good
yesnbayr80dvsb8ajp9v,s8Y2f,知识点s8Y2f,0.5293,52.93,1,2,0,medium
yesnbayr80dvsb8ajp9v,t5V9e,知识点t5V9e,0.785,78.5,5,16,11,good
yesnbayr80dvsb8ajp9v,y9W5d,知识点y9W5d,0.7351,73.51,10,30,23,good
msko5bf6rjt9adsuxby9,b3C9s,知识点b3C9s,0.8044,80.44,3,5,4,good
msko5bf6rjt9adsuxby9,g7R2j,知识点g7R2j,0.7242,72.42,5,16,11,good
msko5bf6rjt9adsuxby9,k4W1c,知识点k4W1c,0.5572,55.72,1,2,0,medium
msko5bf6rjt9adsuxby9,m3D1v,知识点m3D1v,0.7635,76.35,12,33,17,good
msko5bf6rjt9adsuxby9,r8S3g,知识点r8S3g,0.7581,75.81,5,24,10,good
msko5bf6rjt9adsuxby9,s8Y2f,知识点s8Y2f,0.7476,74.76,1,4,2,good
msko5bf6rjt9adsuxby9,t5V9e,知识点t5V9e,0.763,76.3,5,22,12,good
msko5bf6rjt9adsuxby9,y9W5d,知识点y9W5d,0.7657,76.57,11,26,15,good
8hn55e1bxuyegxa76l3r,b3C9s,知识点b3C9s,0.7753,77.53,3,10,7,good
8hn55e1bxuyegxa76l3r,g7R2j,知识点g7R2j,0.7231,72.31,4,12,7,good
8hn55e1bxuyegxa76l3r,k4W1c,知识点k4W1c,0.8656,86.56,1,3,2,good
8hn55e1bxuyegxa76l3r,m3D1v,知识点m3D1v,0.6583,65.83,9,25,18,good
8hn55e1bxuyegxa76l3r,r8S3g,知识点r8S3g,0.7183,71.83,5,23,6,good
8hn55e1bxuyegxa76l3r,s8Y2f,知识点s8Y2f,0.6285,62.85,1,1,0,good
8hn55e1bxuyegxa76l3r,t5V9e,知识点t5V9e,0.8316,83.16,5,13,8,good
8hn55e1bxuyegxa76l3r,y9W5d,知识点y9W5d,0.7011,70.11,10,29,16,good
t23e5lcdy5k50uvg5k0v,b3C9s,知识点b3C9s,0.9291,92.91,3,12,12,good
t23e5lcdy5k50uvg5k0v,g7R2j,知识点g7R2j,0.7044,70.44,5,16,12,good
t23e5lcdy5k50uvg5k0v,k4W1c,知识点k4W1c,0.5643,56.43,1,2,0,medium
t23e5lcdy5k50uvg5k0v,m3D1v,知识点m3D1v,0.801,80.1,11,29,19,good
t23e5lcdy5k50uvg5k0v,r8S3g,知识点r8S3g,0.6456,64.56,5,27,8,good
t23e5lcdy5k50uvg5k0v,s8Y2f,知识点s8Y2f,0.5123,51.23,1,4,0,medium
t23e5lcdy5k50uvg5k0v,t5V9e,知识点t5V9e,0.8438,84.38,5,17,9,good
t23e5lcdy5k50uvg5k0v,y9W5d,知识点y9W5d,0.6419,64.19,8,23,11,good
gsirdbny6840zq22vo7a,b3C9s,知识点b3C9s,0.7712,77.12,3,8,6,good
gsirdbny6840zq22vo7a,g7R2j,知识点g7R2j,0.7386,73.86,4,19,14,good
gsirdbny6840zq22vo7a,k4W1c,知识点k4W1c,0.8422,84.22,1,5,3,good
gsirdbny6840zq22vo7a,m3D1v,知识点m3D1v,0.7405,74.05,9,38,20,good
gsirdbny6840zq22vo7a,r8S3g,知识点r8S3g,0.7532,75.32,5,23,11,good
gsirdbny6840zq22vo7a,t5V9e,知识点t5V9e,0.5353,53.53,4,16,6,medium
gsirdbny6840zq22vo7a,y9W5d,知识点y9W5d,0.6584,65.84,9,31,19,good
rb8z9vpc5uyhbcaa71v5,b3C9s,知识点b3C9s,0.82,82.0,3,13,10,good
rb8z9vpc5uyhbcaa71v5,g7R2j,知识点g7R2j,0.7111,71.11,5,15,12,good
rb8z9vpc5uyhbcaa71v5,k4W1c,知识点k4W1c,0.7796,77.96,1,3,2,good
rb8z9vpc5uyhbcaa71v5,m3D1v,知识点m3D1v,0.7762,77.62,11,33,19,good
rb8z9vpc5uyhbcaa71v5,r8S3g,知识点r8S3g,0.7579,75.79,5,25,9,good
rb8z9vpc5uyhbcaa71v5,s8Y2f,知识点s8Y2f,0.7803,78.03,1,2,2,good
rb8z9vpc5uyhbcaa71v5,t5V9e,知识点t5V9e,0.5906,59.06,4,18,10,medium
rb8z9vpc5uyhbcaa71v5,y9W5d,知识点y9W5d,0.7125,71.25,11,31,15,good
fcwom6dicy0kov3lxsf8,b3C9s,知识点b3C9s,0.7178,71.78,3,11,8,good
fcwom6dicy0kov3lxsf8,g7R2j,知识点g7R2j,0.7371,73.71,5,11,7,good
fcwom6dicy0kov3lxsf8,k4W1c,知识点k4W1c,0.7316,73.16,1,1,1,good
fcwom6dicy0kov3lxsf8,m3D1v,知识点m3D1v,0.7018,70.18,11,32,22,good
fcwom6dicy0kov3lxsf8,r8S3g,知识点r8S3g,0.716,71.6,5,18,5,good
fcwom6dicy0kov3lxsf8,s8Y2f,知识点s8Y2f,0.864,86.4,1,2,2,good
fcwom6dicy0kov3lxsf8,t5V9e,知识点t5V9e,0.7758,77.58,5,22,13,good
fcwom6dicy0kov3lxsf8,y9W5d,知识点y9W5d,0.6582,65.82,9,24,18,good
1nyzl7s790ta4c8r1l9g,b3C9s,知识点b3C9s,0.7602,76.02,3,15,9,good
1nyzl7s790ta4c8r1l9g,g7R2j,知识点g7R2j,0.7149,71.49,5,15,13,good
1nyzl7s790ta4c8r1l9g,k4W1c,知识点k4W1c,0.9981,99.81,1,1,1,good
1nyzl7s790ta4c8r1l9g,m3D1v,知识点m3D1v,0.6746,67.46,9,40,26,good
1nyzl7s790ta4c8r1l9g,r8S3g,知识点r8S3g,0.5311,53.11,3,22,6,medium
1nyzl7s790ta4c8r1l9g,s8Y2f,知识点s8Y2f,0.815,81.5,1,1,1,good
1nyzl7s790ta4c8r1l9g,t5V9e,知识点t5V9e,0.698,69.8,4,15,5,good
1nyzl7s790ta4c8r1l9g,y9W5d,知识点y9W5d,0.8104,81.04,10,22,15,good
rdf3wmujcm1k56ftf8uc,b3C9s,知识点b3C9s,0.8182,81.82,3,7,6,good
rdf3wmujcm1k56ftf8uc,g7R2j,知识点g7R2j,0.7125,71.25,3,10,6,good
rdf3wmujcm1k56ftf8uc,k4W1c,知识点k4W1c,0.8627,86.27,1,2,2,good
rdf3wmujcm1k56ftf8uc,m3D1v,知识点m3D1v,0.7499,74.99,10,37,24,good
rdf3wmujcm1k56ftf8uc,r8S3g,知识点r8S3g,0.6804,68.04,5,36,8,good
rdf3wmujcm1k56ftf8uc,s8Y2f,知识点s8Y2f,0.6955,69.55,1,2,1,good
rdf3wmujcm1k56ftf8uc,t5V9e,知识点t5V9e,0.7603,76.03,5,10,4,good
rdf3wmujcm1k56ftf8uc,y9W5d,知识点y9W5d,0.6796,67.96,9,19,13,good
40rkj6cwy12hdupgq4w2,b3C9s,知识点b3C9s,0.6546,65.46,2,5,3,good
40rkj6cwy12hdupgq4w2,g7R2j,知识点g7R2j,0.7636,76.36,5,15,11,good
40rkj6cwy12hdupgq4w2,k4W1c,知识点k4W1c,0.6721,67.21,1,2,1,good
40rkj6cwy12hdupgq4w2,m3D1v,知识点m3D1v,0.7786,77.86,12,37,22,good
40rkj6cwy12hdupgq4w2,r8S3g,知识点r8S3g,0.7493,74.93,5,26,9,good
40rkj6cwy12hdupgq4w2,s8Y2f,知识点s8Y2f,0.7252,72.52,1,5,3,good
40rkj6cwy12hdupgq4w2,t5V9e,知识点t5V9e,0.7972,79.72,5,12,8,good
40rkj6cwy12hdupgq4w2,y9W5d,知识点y9W5d,0.6966,69.66,10,33,23,good
obyl72l5qy37to65i5ml,b3C9s,知识点b3C9s,0.6699,66.99,3,8,3,good
obyl72l5qy37to65i5ml,g7R2j,知识点g7R2j,0.7647,76.47,5,19,15,good
obyl72l5qy37to65i5ml,k4W1c,知识点k4W1c,0.5651,56.51,1,2,0,medium
obyl72l5qy37to65i5ml,m3D1v,知识点m3D1v,0.7796,77.96,12,42,24,good
obyl72l5qy37to65i5ml,r8S3g,知识点r8S3g,0.6822,68.22,5,25,7,good
obyl72l5qy37to65i5ml,s8Y2f,知识点s8Y2f,0.7633,76.33,1,1,1,good
obyl72l5qy37to65i5ml,t5V9e,知识点t5V9e,0.5812,58.12,4,20,8,medium
obyl72l5qy37to65i5ml,y9W5d,知识点y9W5d,0.7407,74.07,11,21,13,good
sx8c4g672zgcw7w2lflp,b3C9s,知识点b3C9s,0.7407,74.07,3,13,7,good
sx8c4g672zgcw7w2lflp,g7R2j,知识点g7R2j,0.7707,77.07,5,14,10,good
sx8c4g672zgcw7w2lflp,k4W1c,知识点k4W1c,0.6983,69.83,1,4,3,good
sx8c4g672zgcw7w2lflp,m3D1v,知识点m3D1v,0.7365,73.65,12,35,16,good
sx8c4g672zgcw7w2lflp,r8S3g,知识点r8S3g,0.7062,70.62,5,29,6,good
sx8c4g672zgcw7w2lflp,s8Y2f,知识点s8Y2f,0.6984,69.84,1,3,3,good
sx8c4g672zgcw7w2lflp,t5V9e,知识点t5V9e,0.7907,79.07,5,20,11,good
sx8c4g672zgcw7w2lflp,y9W5d,知识点y9W5d,0.7302,73.02,11,30,18,good
wj1gt5zvzfnjf7xcf1c8,b3C9s,知识点b3C9s,0.7309,73.09,2,7,6,good
wj1gt5zvzfnjf7xcf1c8,g7R2j,知识点g7R2j,0.7203,72.03,5,18,10,good
wj1gt5zvzfnjf7xcf1c8,k4W1c,知识点k4W1c,0.7303,73.03,1,2,1,good
wj1gt5zvzfnjf7xcf1c8,m3D1v,知识点m3D1v,0.7868,78.68,11,19,12,good
wj1gt5zvzfnjf7xcf1c8,r8S3g,知识点r8S3g,0.7308,73.08,5,28,8,good
wj1gt5zvzfnjf7xcf1c8,s8Y2f,知识点s8Y2f,0.9842,98.42,1,1,1,good
wj1gt5zvzfnjf7xcf1c8,t5V9e,知识点t5V9e,0.7608,76.08,5,20,13,good
wj1gt5zvzfnjf7xcf1c8,y9W5d,知识点y9W5d,0.8392,83.92,11,25,17,good
p9a57kwg5xdwjzm8eql9,b3C9s,知识点b3C9s,0.7014,70.14,3,7,4,good
p9a57kwg5xdwjzm8eql9,g7R2j,知识点g7R2j,0.7897,78.97,5,12,7,good
p9a57kwg5xdwjzm8eql9,k4W1c,知识点k4W1c,0.6846,68.46,1,6,5,good
p9a57kwg5xdwjzm8eql9,m3D1v,知识点m3D1v,0.7644,76.44,11,33,19,good
p9a57kwg5xdwjzm8eql9,r8S3g,知识点r8S3g,0.7193,71.93,5,19,8,good
p9a57kwg5xdwjzm8eql9,s8Y2f,知识点s8Y2f,0.7788,77.88,1,3,2,good
p9a57kwg5xdwjzm8eql9,t5V9e,知识点t5V9e,0.7602,76.02,5,18,10,good
p9a57kwg5xdwjzm8eql9,y9W5d,知识点y9W5d,0.6033,60.33,8,25,18,good
w9r5wihhl33fmutbq5qd,b3C9s,知识点b3C9s,0.7703,77.03,3,13,8,good
w9r5wihhl33fmutbq5qd,g7R2j,知识点g7R2j,0.7021,70.21,4,13,9,good
w9r5wihhl33fmutbq5qd,k4W1c,知识点k4W1c,0.7699,76.99,1,5,4,good
w9r5wihhl33fmutbq5qd,m3D1v,知识点m3D1v,0.727,72.7,11,29,17,good
w9r5wihhl33fmutbq5qd,r8S3g,知识点r8S3g,0.761,76.1,5,24,11,good
w9r5wihhl33fmutbq5qd,s8Y2f,知识点s8Y2f,0.7316,73.16,1,3,2,good
w9r5wihhl33fmutbq5qd,t5V9e,知识点t5V9e,0.6029,60.29,4,18,9,good
w9r5wihhl33fmutbq5qd,y9W5d,知识点y9W5d,0.7037,70.37,10,28,16,good
z0mde15metn3m79ek96y,b3C9s,知识点b3C9s,0.7212,72.12,3,8,6,good
z0mde15metn3m79ek96y,g7R2j,知识点g7R2j,0.7519,75.19,5,14,10,good
z0mde15metn3m79ek96y,k4W1c,知识点k4W1c,0.8138,81.38,1,1,1,good
z0mde15metn3m79ek96y,m3D1v,知识点m3D1v,0.7104,71.04,11,27,17,good
z0mde15metn3m79ek96y,r8S3g,知识点r8S3g,0.5136,51.36,4,22,5,medium
z0mde15metn3m79ek96y,s8Y2f,知识点s8Y2f,0.6654,66.54,0,0,0,good
z0mde15metn3m79ek96y,t5V9e,知识点t5V9e,0.7598,75.98,5,18,10,good
z0mde15metn3m79ek96y,y9W5d,知识点y9W5d,0.7138,71.38,8,17,12,good
udbo68xozj9btqumivk2,b3C9s,知识点b3C9s,0.8063,80.63,3,7,6,good
udbo68xozj9btqumivk2,g7R2j,知识点g7R2j,0.6808,68.08,5,14,7,good
udbo68xozj9btqumivk2,k4W1c,知识点k4W1c,0.9982,99.82,1,1,1,good
udbo68xozj9btqumivk2,m3D1v,知识点m3D1v,0.6827,68.27,10,25,16,good
udbo68xozj9btqumivk2,r8S3g,知识点r8S3g,0.7501,75.01,5,33,13,good
udbo68xozj9btqumivk2,s8Y2f,知识点s8Y2f,0.9315,93.15,1,3,3,good
udbo68xozj9btqumivk2,t5V9e,知识点t5V9e,0.7766,77.66,5,14,7,good
udbo68xozj9btqumivk2,y9W5d,知识点y9W5d,0.7563,75.63,10,21,14,good
qu1rl2d6teeyti106rgx,b3C9s,知识点b3C9s,0.7927,79.27,3,12,9,good
qu1rl2d6teeyti106rgx,g7R2j,知识点g7R2j,0.5948,59.48,4,10,6,medium
qu1rl2d6teeyti106rgx,k4W1c,知识点k4W1c,0.7794,77.94,1,2,2,good
qu1rl2d6teeyti106rgx,m3D1v,知识点m3D1v,0.69,69.0,10,23,15,good
qu1rl2d6teeyti106rgx,r8S3g,知识点r8S3g,0.7249,72.49,4,26,9,good
qu1rl2d6teeyti106rgx,s8Y2f,知识点s8Y2f,0.7312,73.12,1,2,1,good
qu1rl2d6teeyti106rgx,t5V9e,知识点t5V9e,0.7214,72.14,4,17,6,good
qu1rl2d6teeyti106rgx,y9W5d,知识点y9W5d,0.7456,74.56,11,23,15,good
i8wbhc071gfhkbhtmeb1,b3C9s,知识点b3C9s,0.8073,80.73,3,8,6,good
i8wbhc071gfhkbhtmeb1,g7R2j,知识点g7R2j,0.7504,75.04,5,12,9,good
i8wbhc071gfhkbhtmeb1,k4W1c,知识点k4W1c,0.8654,86.54,1,3,2,good
i8wbhc071gfhkbhtmeb1,m3D1v,知识点m3D1v,0.7137,71.37,12,32,20,good
i8wbhc071gfhkbhtmeb1,r8S3g,知识点r8S3g,0.5809,58.09,4,23,11,medium
i8wbhc071gfhkbhtmeb1,t5V9e,知识点t5V9e,0.5812,58.12,4,15,10,medium
i8wbhc071gfhkbhtmeb1,y9W5d,知识点y9W5d,0.66,66.0,9,25,16,good
8l0qqik09gqh0e5anus0,b3C9s,知识点b3C9s,0.8435,84.35,3,9,8,good
8l0qqik09gqh0e5anus0,g7R2j,知识点g7R2j,0.7768,77.68,5,20,16,good
8l0qqik09gqh0e5anus0,k4W1c,知识点k4W1c,0.6772,67.72,1,1,1,good
8l0qqik09gqh0e5anus0,m3D1v,知识点m3D1v,0.7101,71.01,10,24,17,good
8l0qqik09gqh0e5anus0,r8S3g,知识点r8S3g,0.5548,55.48,4,26,8,medium
8l0qqik09gqh0e5anus0,s8Y2f,知识点s8Y2f,0.4552,45.52,0,0,0,medium
8l0qqik09gqh0e5anus0,t5V9e,知识点t5V9e,0.5841,58.41,3,15,9,medium
8l0qqik09gqh0e5anus0,y9W5d,知识点y9W5d,0.7428,74.28,9,21,14,good
7kqvekz6iho08947fhk9,b3C9s,知识点b3C9s,0.7384,73.84,3,8,7,good
7kqvekz6iho08947fhk9,g7R2j,知识点g7R2j,0.8157,81.57,5,13,9,good
7kqvekz6iho08947fhk9,k4W1c,知识点k4W1c,0.9992,99.92,1,1,1,good
7kqvekz6iho08947fhk9,m3D1v,知识点m3D1v,0.7951,79.51,12,36,22,good
7kqvekz6iho08947fhk9,r8S3g,知识点r8S3g,0.6282,62.82,5,16,1,good
7kqvekz6iho08947fhk9,s8Y2f,知识点s8Y2f,0.6273,62.73,1,1,0,good
7kqvekz6iho08947fhk9,t5V9e,知识点t5V9e,0.7574,75.74,5,15,9,good
7kqvekz6iho08947fhk9,y9W5d,知识点y9W5d,0.7949,79.49,11,21,15,good
148o63s7q5aitfxmmtrg,b3C9s,知识点b3C9s,0.6907,69.07,3,11,6,good
148o63s7q5aitfxmmtrg,g7R2j,知识点g7R2j,0.7608,76.08,5,23,18,good
148o63s7q5aitfxmmtrg,k4W1c,知识点k4W1c,0.9984,99.84,1,2,2,good
148o63s7q5aitfxmmtrg,m3D1v,知识点m3D1v,0.782,78.2,12,51,32,good
148o63s7q5aitfxmmtrg,r8S3g,知识点r8S3g,0.69,69.0,5,25,6,good
148o63s7q5aitfxmmtrg,s8Y2f,知识点s8Y2f,0.7517,75.17,1,4,2,good
148o63s7q5aitfxmmtrg,t5V9e,知识点t5V9e,0.7528,75.28,5,23,17,good
148o63s7q5aitfxmmtrg,y9W5d,知识点y9W5d,0.8454,84.54,11,32,24,good
gk8izwg77g6t4p5buiar,b3C9s,知识点b3C9s,0.8436,84.36,3,10,8,good
gk8izwg77g6t4p5buiar,g7R2j,知识点g7R2j,0.6741,67.41,5,15,9,good
gk8izwg77g6t4p5buiar,k4W1c,知识点k4W1c,0.7265,72.65,1,3,1,good
gk8izwg77g6t4p5buiar,m3D1v,知识点m3D1v,0.6352,63.52,11,29,12,good
gk8izwg77g6t4p5buiar,r8S3g,知识点r8S3g,0.7652,76.52,5,22,11,good
gk8izwg77g6t4p5buiar,s8Y2f,知识点s8Y2f,0.7106,71.06,1,5,2,good
gk8izwg77g6t4p5buiar,t5V9e,知识点t5V9e,0.8418,84.18,4,12,9,good
gk8izwg77g6t4p5buiar,y9W5d,知识点y9W5d,0.683,68.3,10,24,13,good
70exfe4k4e5vvm5sqspq,b3C9s,知识点b3C9s,0.7383,73.83,3,9,5,good
70exfe4k4e5vvm5sqspq,g7R2j,知识点g7R2j,0.7155,71.55,5,13,8,good
70exfe4k4e5vvm5sqspq,k4W1c,知识点k4W1c,0.6928,69.28,1,3,2,good
70exfe4k4e5vvm5sqspq,m3D1v,知识点m3D1v,0.7756,77.56,11,23,12,good
70exfe4k4e5vvm5sqspq,r8S3g,知识点r8S3g,0.7596,75.96,5,30,12,good
70exfe4k4e5vvm5sqspq,s8Y2f,知识点s8Y2f,0.767,76.7,1,4,3,good
70exfe4k4e5vvm5sqspq,t5V9e,知识点t5V9e,0.6453,64.53,4,17,13,good
70exfe4k4e5vvm5sqspq,y9W5d,知识点y9W5d,0.7027,70.27,10,27,17,good
e43g7im7dra88a4o8bbl,b3C9s,知识点b3C9s,0.7382,73.82,3,5,4,good
e43g7im7dra88a4o8bbl,g7R2j,知识点g7R2j,0.679,67.9,5,10,7,good
e43g7im7dra88a4o8bbl,k4W1c,知识点k4W1c,0.6908,69.08,1,3,3,good
e43g7im7dra88a4o8bbl,m3D1v,知识点m3D1v,0.7589,75.89,12,30,20,good
e43g7im7dra88a4o8bbl,r8S3g,知识点r8S3g,0.7689,76.89,5,22,9,good
e43g7im7dra88a4o8bbl,s8Y2f,知识点s8Y2f,0.9987,99.87,1,1,1,good
e43g7im7dra88a4o8bbl,t5V9e,知识点t5V9e,0.7619,76.19,5,20,12,good
e43g7im7dra88a4o8bbl,y9W5d,知识点y9W5d,0.6891,68.91,10,22,15,good
lqg2nmqf4x8w52gx12xw,b3C9s,知识点b3C9s,0.8257,82.57,3,7,6,good
lqg2nmqf4x8w52gx12xw,g7R2j,知识点g7R2j,0.8223,82.23,5,13,10,good
lqg2nmqf4x8w52gx12xw,k4W1c,知识点k4W1c,0.805,80.5,1,5,3,good
lqg2nmqf4x8w52gx12xw,m3D1v,知识点m3D1v,0.7082,70.82,11,25,11,good
lqg2nmqf4x8w52gx12xw,r8S3g,知识点r8S3g,0.748,74.8,5,27,13,good
lqg2nmqf4x8w52gx12xw,s8Y2f,知识点s8Y2f,0.6654,66.54,1,1,0,good
lqg2nmqf4x8w52gx12xw,t5V9e,知识点t5V9e,0.6863,68.63,5,15,8,good
lqg2nmqf4x8w52gx12xw,y9W5d,知识点y9W5d,0.6984,69.84,10,23,13,good
lpzjucfyqwtb8ihim9b3,b3C9s,知识点b3C9s,0.8089,80.89,3,10,8,good
lpzjucfyqwtb8ihim9b3,g7R2j,知识点g7R2j,0.7232,72.32,5,17,13,good
lpzjucfyqwtb8ihim9b3,k4W1c,知识点k4W1c,0.7285,72.85,1,3,2,good
lpzjucfyqwtb8ihim9b3,m3D1v,知识点m3D1v,0.733,73.3,11,27,19,good
lpzjucfyqwtb8ihim9b3,r8S3g,知识点r8S3g,0.6924,69.24,5,27,10,good
lpzjucfyqwtb8ihim9b3,s8Y2f,知识点s8Y2f,0.6863,68.63,1,1,1,good
lpzjucfyqwtb8ihim9b3,t5V9e,知识点t5V9e,0.7089,70.89,5,27,14,good
lpzjucfyqwtb8ihim9b3,y9W5d,知识点y9W5d,0.7326,73.26,10,21,11,good
woxwsoo99kl7vq4mk0rr,b3C9s,知识点b3C9s,0.7282,72.82,2,5,4,good
woxwsoo99kl7vq4mk0rr,g7R2j,知识点g7R2j,0.7307,73.07,5,13,10,good
woxwsoo99kl7vq4mk0rr,k4W1c,知识点k4W1c,0.8637,86.37,1,2,2,good
woxwsoo99kl7vq4mk0rr,m3D1v,知识点m3D1v,0.521,52.1,8,24,13,medium
woxwsoo99kl7vq4mk0rr,r8S3g,知识点r8S3g,0.7634,76.34,5,38,13,good
woxwsoo99kl7vq4mk0rr,s8Y2f,知识点s8Y2f,0.7175,71.75,1,3,2,good
woxwsoo99kl7vq4mk0rr,t5V9e,知识点t5V9e,0.7653,76.53,5,13,6,good
woxwsoo99kl7vq4mk0rr,y9W5d,知识点y9W5d,0.6583,65.83,9,21,13,good
gq3jw96afgct5rjiim20,b3C9s,知识点b3C9s,0.9357,93.57,3,8,8,good
gq3jw96afgct5rjiim20,g7R2j,知识点g7R2j,0.6832,68.32,4,15,10,good
gq3jw96afgct5rjiim20,k4W1c,知识点k4W1c,0.6643,66.43,0,0,0,good
gq3jw96afgct5rjiim20,m3D1v,知识点m3D1v,0.7367,73.67,12,32,18,good
gq3jw96afgct5rjiim20,r8S3g,知识点r8S3g,0.7254,72.54,5,21,6,good
gq3jw96afgct5rjiim20,s8Y2f,知识点s8Y2f,0.8153,81.53,1,2,2,good
gq3jw96afgct5rjiim20,t5V9e,知识点t5V9e,0.5782,57.82,3,19,13,medium
gq3jw96afgct5rjiim20,y9W5d,知识点y9W5d,0.7376,73.76,9,20,13,good
hc0idvz0lxc4zpx94cbx,b3C9s,知识点b3C9s,0.8172,81.72,3,8,5,good
hc0idvz0lxc4zpx94cbx,g7R2j,知识点g7R2j,0.7423,74.23,4,19,16,good
hc0idvz0lxc4zpx94cbx,k4W1c,知识点k4W1c,0.7261,72.61,1,5,3,good
hc0idvz0lxc4zpx94cbx,m3D1v,知识点m3D1v,0.533,53.3,9,26,12,medium
hc0idvz0lxc4zpx94cbx,r8S3g,知识点r8S3g,0.7035,70.35,5,24,6,good
hc0idvz0lxc4zpx94cbx,s8Y2f,知识点s8Y2f,0.7956,79.56,1,2,2,good
hc0idvz0lxc4zpx94cbx,t5V9e,知识点t5V9e,0.7685,76.85,5,15,10,good
hc0idvz0lxc4zpx94cbx,y9W5d,知识点y9W5d,0.6997,69.97,10,27,13,good
43vri1lqbgiiwbkaskqd,b3C9s,知识点b3C9s,0.6751,67.51,3,7,5,good
43vri1lqbgiiwbkaskqd,g7R2j,知识点g7R2j,0.7595,75.95,5,17,11,good
43vri1lqbgiiwbkaskqd,k4W1c,知识点k4W1c,0.8975,89.75,1,2,2,good
43vri1lqbgiiwbkaskqd,m3D1v,知识点m3D1v,0.7827,78.27,12,31,17,good
43vri1lqbgiiwbkaskqd,r8S3g,知识点r8S3g,0.7223,72.23,5,18,6,good
43vri1lqbgiiwbkaskqd,s8Y2f,知识点s8Y2f,0.7306,73.06,1,3,2,good
43vri1lqbgiiwbkaskqd,t5V9e,知识点t5V9e,0.7978,79.78,4,16,11,good
43vri1lqbgiiwbkaskqd,y9W5d,知识点y9W5d,0.753,75.3,10,22,14,good
43d98a750c726bb39d11,b3C9s,知识点b3C9s,0.7577,75.77,3,14,8,good
43d98a750c726bb39d11,g7R2j,知识点g7R2j,0.8009,80.09,5,17,11,good
43d98a750c726bb39d11,k4W1c,知识点k4W1c,0.7116,71.16,1,9,8,good
43d98a750c726bb39d11,m3D1v,知识点m3D1v,0.8519,85.19,12,27,21,good
43d98a750c726bb39d11,r8S3g,知识点r8S3g,0.9309,93.09,5,13,6,good
43d98a750c726bb39d11,s8Y2f,知识点s8Y2f,0.814,81.4,1,2,1,good
43d98a750c726bb39d11,t5V9e,知识点t5V9e,0.92,92.0,5,8,6,good
43d98a750c726bb39d11,y9W5d,知识点y9W5d,0.895,89.5,11,36,32,good
5d16326e4577a67d94c6,b3C9s,知识点b3C9s,0.7392,73.92,3,7,3,good
5d16326e4577a67d94c6,g7R2j,知识点g7R2j,0.9003,90.03,5,10,9,good
5d16326e4577a67d94c6,k4W1c,知识点k4W1c,0.9987,99.87,1,1,1,good
5d16326e4577a67d94c6,m3D1v,知识点m3D1v,0.8408,84.08,12,26,18,good
5d16326e4577a67d94c6,r8S3g,知识点r8S3g,0.7885,78.85,5,23,15,good
5d16326e4577a67d94c6,s8Y2f,知识点s8Y2f,0.9987,99.87,1,1,1,good
5d16326e4577a67d94c6,t5V9e,知识点t5V9e,0.7314,73.14,5,23,14,good
5d16326e4577a67d94c6,y9W5d,知识点y9W5d,0.9038,90.38,11,19,13,good
e00bc7d9f2ce32c4f745,b3C9s,知识点b3C9s,0.7729,77.29,3,8,6,good
e00bc7d9f2ce32c4f745,g7R2j,知识点g7R2j,0.7836,78.36,5,28,27,good
e00bc7d9f2ce32c4f745,k4W1c,知识点k4W1c,0.8496,84.96,1,13,13,good
e00bc7d9f2ce32c4f745,m3D1v,知识点m3D1v,0.8376,83.76,12,24,21,good
e00bc7d9f2ce32c4f745,r8S3g,知识点r8S3g,0.9098,90.98,5,9,6,good
e00bc7d9f2ce32c4f745,s8Y2f,知识点s8Y2f,0.779,77.9,1,12,11,good
e00bc7d9f2ce32c4f745,t5V9e,知识点t5V9e,0.8745,87.45,5,15,15,good
e00bc7d9f2ce32c4f745,y9W5d,知识点y9W5d,0.8287,82.87,11,70,60,good
21fc5674d24be8e9da89,b3C9s,知识点b3C9s,0.9436,94.36,3,3,3,good
21fc5674d24be8e9da89,g7R2j,知识点g7R2j,0.9987,99.87,5,5,5,good
21fc5674d24be8e9da89,k4W1c,知识点k4W1c,0.999,99.9,1,1,1,good
21fc5674d24be8e9da89,m3D1v,知识点m3D1v,0.9631,96.31,12,14,12,good
21fc5674d24be8e9da89,r8S3g,知识点r8S3g,0.8778,87.78,5,11,6,good
21fc5674d24be8e9da89,s8Y2f,知识点s8Y2f,0.8138,81.38,1,1,1,good
21fc5674d24be8e9da89,t5V9e,知识点t5V9e,0.9758,97.58,5,8,8,good
21fc5674d24be8e9da89,y9W5d,知识点y9W5d,0.9648,96.48,11,11,11,good
a7fc1ba478db11fde063,b3C9s,知识点b3C9s,0.9179,91.79,3,5,3,good
a7fc1ba478db11fde063,g7R2j,知识点g7R2j,0.8773,87.73,5,9,5,good
a7fc1ba478db11fde063,k4W1c,知识点k4W1c,0.861,86.1,1,3,3,good
a7fc1ba478db11fde063,m3D1v,知识点m3D1v,0.9206,92.06,12,22,13,good
a7fc1ba478db11fde063,r8S3g,知识点r8S3g,0.8757,87.57,5,13,6,good
a7fc1ba478db11fde063,s8Y2f,知识点s8Y2f,0.654,65.4,1,2,1,good
a7fc1ba478db11fde063,t5V9e,知识点t5V9e,0.9459,94.59,5,7,6,good
a7fc1ba478db11fde063,y9W5d,知识点y9W5d,0.8977,89.77,11,23,13,good
63ff3dff3eb31d62ab3e,b3C9s,知识点b3C9s,0.9983,99.83,3,3,3,good
63ff3dff3eb31d62ab3e,g7R2j,知识点g7R2j,0.9052,90.52,5,7,5,good
63ff3dff3eb31d62ab3e,k4W1c,知识点k4W1c,0.9982,99.82,1,1,1,good
63ff3dff3eb31d62ab3e,m3D1v,知识点m3D1v,0.8434,84.34,12,46,26,good
63ff3dff3eb31d62ab3e,r8S3g,知识点r8S3g,0.6897,68.97,5,27,9,good
63ff3dff3eb31d62ab3e,s8Y2f,知识点s8Y2f,0.8635,86.35,1,2,2,good
63ff3dff3eb31d62ab3e,t5V9e,知识点t5V9e,0.7992,79.92,5,36,15,good
63ff3dff3eb31d62ab3e,y9W5d,知识点y9W5d,0.9451,94.51,11,16,12,good
4edfd2e1b7c5c5d1d384,b3C9s,知识点b3C9s,0.938,93.8,3,4,4,good
4edfd2e1b7c5c5d1d384,g7R2j,知识点g7R2j,0.8552,85.52,4,7,7,good
4edfd2e1b7c5c5d1d384,m3D1v,知识点m3D1v,0.9027,90.27,11,17,14,good
4edfd2e1b7c5c5d1d384,r8S3g,知识点r8S3g,0.8715,87.15,5,13,6,good
4edfd2e1b7c5c5d1d384,t5V9e,知识点t5V9e,0.9348,93.48,5,15,6,good
4edfd2e1b7c5c5d1d384,y9W5d,知识点y9W5d,0.7553,75.53,9,10,10,good
cbc8550ffaf44443c7ad,b3C9s,知识点b3C9s,0.8234,82.34,3,10,8,good
cbc8550ffaf44443c7ad,g7R2j,知识点g7R2j,0.8878,88.78,5,11,9,good
cbc8550ffaf44443c7ad,k4W1c,知识点k4W1c,0.9972,99.72,1,1,1,good
cbc8550ffaf44443c7ad,m3D1v,知识点m3D1v,0.7777,77.77,12,39,13,good
cbc8550ffaf44443c7ad,r8S3g,知识点r8S3g,0.6962,69.62,5,35,6,good
cbc8550ffaf44443c7ad,s8Y2f,知识点s8Y2f,0.9985,99.85,1,1,1,good
cbc8550ffaf44443c7ad,t5V9e,知识点t5V9e,0.7197,71.97,5,32,8,good
cbc8550ffaf44443c7ad,y9W5d,知识点y9W5d,0.9767,97.67,11,13,11,good
766836b5f30556e81da4,b3C9s,知识点b3C9s,0.9984,99.84,3,3,3,good
766836b5f30556e81da4,g7R2j,知识点g7R2j,0.8795,87.95,5,9,5,good
766836b5f30556e81da4,k4W1c,知识点k4W1c,0.9982,99.82,1,1,1,good
766836b5f30556e81da4,m3D1v,知识点m3D1v,0.9293,92.93,12,22,13,good
766836b5f30556e81da4,r8S3g,知识点r8S3g,0.8356,83.56,5,9,6,good
766836b5f30556e81da4,s8Y2f,知识点s8Y2f,0.6042,60.42,1,10,2,good
766836b5f30556e81da4,t5V9e,知识点t5V9e,0.941,94.1,5,9,5,good
766836b5f30556e81da4,y9W5d,知识点y9W5d,0.9286,92.86,11,22,12,good
df02e3643bb9ee33fb0c,b3C9s,知识点b3C9s,0.9959,99.59,3,4,4,good
df02e3643bb9ee33fb0c,g7R2j,知识点g7R2j,0.924,92.4,5,7,5,good
df02e3643bb9ee33fb0c,k4W1c,知识点k4W1c,0.8966,89.66,1,2,2,good
df02e3643bb9ee33fb0c,m3D1v,知识点m3D1v,0.8925,89.25,12,43,27,good
df02e3643bb9ee33fb0c,r8S3g,知识点r8S3g,0.7815,78.15,5,21,8,good
df02e3643bb9ee33fb0c,s8Y2f,知识点s8Y2f,0.7698,76.98,1,4,3,good
df02e3643bb9ee33fb0c,t5V9e,知识点t5V9e,0.9077,90.77,5,18,15,good
df02e3643bb9ee33fb0c,y9W5d,知识点y9W5d,0.9282,92.82,11,26,22,good
f5c3c6eb77fac482de13,b3C9s,知识点b3C9s,0.9249,92.49,3,4,3,good
f5c3c6eb77fac482de13,g7R2j,知识点g7R2j,0.8009,80.09,5,11,7,good
f5c3c6eb77fac482de13,k4W1c,知识点k4W1c,0.6674,66.74,1,6,4,good
f5c3c6eb77fac482de13,m3D1v,知识点m3D1v,0.9147,91.47,12,18,13,good
f5c3c6eb77fac482de13,r8S3g,知识点r8S3g,0.9146,91.46,5,9,6,good
f5c3c6eb77fac482de13,s8Y2f,知识点s8Y2f,0.8138,81.38,1,1,1,good
f5c3c6eb77fac482de13,t5V9e,知识点t5V9e,0.8864,88.64,5,8,6,good
f5c3c6eb77fac482de13,y9W5d,知识点y9W5d,0.8612,86.12,11,25,18,good
5f8d87412f69e3d9fb13,b3C9s,知识点b3C9s,0.907,90.7,3,8,8,good
5f8d87412f69e3d9fb13,g7R2j,知识点g7R2j,0.9979,99.79,5,5,5,good
5f8d87412f69e3d9fb13,k4W1c,知识点k4W1c,0.9982,99.82,1,1,1,good
5f8d87412f69e3d9fb13,m3D1v,知识点m3D1v,0.9074,90.74,12,19,15,good
5f8d87412f69e3d9fb13,r8S3g,知识点r8S3g,0.9145,91.45,5,11,6,good
5f8d87412f69e3d9fb13,s8Y2f,知识点s8Y2f,0.8135,81.35,1,2,1,good
5f8d87412f69e3d9fb13,t5V9e,知识点t5V9e,0.9244,92.44,5,10,9,good
5f8d87412f69e3d9fb13,y9W5d,知识点y9W5d,0.9478,94.78,11,15,14,good
6923e581d76689cb57a1,b3C9s,知识点b3C9s,0.9984,99.84,3,3,3,good
6923e581d76689cb57a1,g7R2j,知识点g7R2j,0.9983,99.83,5,5,5,good
6923e581d76689cb57a1,k4W1c,知识点k4W1c,0.729,72.9,1,2,1,good
6923e581d76689cb57a1,m3D1v,知识点m3D1v,0.8441,84.41,12,28,15,good
6923e581d76689cb57a1,r8S3g,知识点r8S3g,0.8097,80.97,5,44,7,good
6923e581d76689cb57a1,s8Y2f,知识点s8Y2f,0.7286,72.86,1,2,1,good
6923e581d76689cb57a1,t5V9e,知识点t5V9e,0.7494,74.94,5,38,22,good
6923e581d76689cb57a1,y9W5d,知识点y9W5d,0.8727,87.27,11,20,13,good
e865c97bc96802575f80,b3C9s,知识点b3C9s,0.9432,94.32,3,3,3,good
e865c97bc96802575f80,g7R2j,知识点g7R2j,0.9551,95.51,5,13,13,good
e865c97bc96802575f80,k4W1c,知识点k4W1c,0.7025,70.25,1,3,1,good
e865c97bc96802575f80,m3D1v,知识点m3D1v,0.6922,69.22,12,58,23,good
e865c97bc96802575f80,r8S3g,知识点r8S3g,0.6128,61.28,5,112,6,good
e865c97bc96802575f80,s8Y2f,知识点s8Y2f,0.5513,55.13,1,11,1,medium
e865c97bc96802575f80,t5V9e,知识点t5V9e,0.7467,74.67,5,70,40,good
e865c97bc96802575f80,y9W5d,知识点y9W5d,0.659,65.9,11,92,48,good
fb5d5693ffa9f022a191,b3C9s,知识点b3C9s,0.9971,99.71,3,3,3,good
fb5d5693ffa9f022a191,g7R2j,知识点g7R2j,0.76,76.0,5,10,5,good
fb5d5693ffa9f022a191,k4W1c,知识点k4W1c,0.9937,99.37,1,1,1,good
fb5d5693ffa9f022a191,m3D1v,知识点m3D1v,0.9353,93.53,12,20,18,good
fb5d5693ffa9f022a191,r8S3g,知识点r8S3g,0.9512,95.12,5,10,6,good
fb5d5693ffa9f022a191,s8Y2f,知识点s8Y2f,0.6914,69.14,1,4,2,good
fb5d5693ffa9f022a191,t5V9e,知识点t5V9e,0.9241,92.41,5,9,9,good
fb5d5693ffa9f022a191,y9W5d,知识点y9W5d,0.8765,87.65,11,24,21,good
1bd9bb053a3ac1bba507,b3C9s,知识点b3C9s,0.9434,94.34,3,4,3,good
1bd9bb053a3ac1bba507,g7R2j,知识点g7R2j,0.9986,99.86,5,5,5,good
1bd9bb053a3ac1bba507,k4W1c,知识点k4W1c,0.9975,99.75,1,1,1,good
1bd9bb053a3ac1bba507,m3D1v,知识点m3D1v,0.9591,95.91,12,35,30,good
1bd9bb053a3ac1bba507,r8S3g,知识点r8S3g,0.8705,87.05,5,25,8,good
1bd9bb053a3ac1bba507,s8Y2f,知识点s8Y2f,0.9982,99.82,1,1,1,good
1bd9bb053a3ac1bba507,t5V9e,知识点t5V9e,0.9261,92.61,5,9,8,good
1bd9bb053a3ac1bba507,y9W5d,知识点y9W5d,0.9933,99.33,11,14,14,good
49ef48443e09f8be12f6,b3C9s,知识点b3C9s,0.8626,86.26,3,17,12,good
49ef48443e09f8be12f6,g7R2j,知识点g7R2j,0.7488,74.88,5,17,13,good
49ef48443e09f8be12f6,k4W1c,知识点k4W1c,0.7151,71.51,1,7,5,good
49ef48443e09f8be12f6,m3D1v,知识点m3D1v,0.851,85.1,12,34,20,good
49ef48443e09f8be12f6,r8S3g,知识点r8S3g,0.8879,88.79,5,7,6,good
49ef48443e09f8be12f6,s8Y2f,知识点s8Y2f,0.9975,99.75,1,1,1,good
49ef48443e09f8be12f6,t5V9e,知识点t5V9e,0.8483,84.83,5,7,5,good
49ef48443e09f8be12f6,y9W5d,知识点y9W5d,0.8287,82.87,11,28,20,good
def1216bf8f3009dbe41,b3C9s,知识点b3C9s,0.9979,99.79,3,4,4,good
def1216bf8f3009dbe41,g7R2j,知识点g7R2j,0.9188,91.88,5,6,6,good
def1216bf8f3009dbe41,k4W1c,知识点k4W1c,0.9983,99.83,1,1,1,good
def1216bf8f3009dbe41,m3D1v,知识点m3D1v,0.9411,94.11,12,16,13,good
def1216bf8f3009dbe41,r8S3g,知识点r8S3g,0.6916,69.16,5,43,8,good
def1216bf8f3009dbe41,s8Y2f,知识点s8Y2f,0.997,99.7,1,2,2,good
def1216bf8f3009dbe41,t5V9e,知识点t5V9e,0.8012,80.12,5,35,18,good
def1216bf8f3009dbe41,y9W5d,知识点y9W5d,0.9811,98.11,11,15,15,good
d02f48d05ce5e7ca16e1,b3C9s,知识点b3C9s,0.8274,82.74,3,24,24,good
d02f48d05ce5e7ca16e1,g7R2j,知识点g7R2j,0.8408,84.08,5,18,14,good
d02f48d05ce5e7ca16e1,k4W1c,知识点k4W1c,0.9982,99.82,1,1,1,good
d02f48d05ce5e7ca16e1,m3D1v,知识点m3D1v,0.8328,83.28,12,41,26,good
d02f48d05ce5e7ca16e1,s8Y2f,知识点s8Y2f,0.8446,84.46,1,6,5,good
d02f48d05ce5e7ca16e1,t5V9e,知识点t5V9e,0.8648,86.48,5,16,15,good
d02f48d05ce5e7ca16e1,y9W5d,知识点y9W5d,0.8569,85.69,11,23,19,good
6b22922bfe081d68c7a6,b3C9s,知识点b3C9s,0.8379,83.79,3,24,23,good
6b22922bfe081d68c7a6,g7R2j,知识点g7R2j,0.8385,83.85,5,26,23,good
6b22922bfe081d68c7a6,k4W1c,知识点k4W1c,0.7624,76.24,1,1,1,good
6b22922bfe081d68c7a6,m3D1v,知识点m3D1v,0.8242,82.42,12,49,30,good
6b22922bfe081d68c7a6,r8S3g,知识点r8S3g,0.82,82.0,5,24,13,good
6b22922bfe081d68c7a6,s8Y2f,知识点s8Y2f,0.6156,61.56,1,3,1,good
6b22922bfe081d68c7a6,t5V9e,知识点t5V9e,0.7544,75.44,5,49,31,good
6b22922bfe081d68c7a6,y9W5d,知识点y9W5d,0.8437,84.37,11,25,19,good
baed8a816ea02ae929f4,b3C9s,知识点b3C9s,0.7241,72.41,3,10,4,good
baed8a816ea02ae929f4,g7R2j,知识点g7R2j,0.8303,83.03,5,43,36,good
baed8a816ea02ae929f4,k4W1c,知识点k4W1c,0.7135,71.35,1,6,6,good
baed8a816ea02ae929f4,m3D1v,知识点m3D1v,0.9334,93.34,12,25,17,good
baed8a816ea02ae929f4,r8S3g,知识点r8S3g,0.8771,87.71,5,15,8,good
baed8a816ea02ae929f4,s8Y2f,知识点s8Y2f,0.8143,81.43,1,2,1,good
baed8a816ea02ae929f4,t5V9e,知识点t5V9e,0.998,99.8,5,8,8,good
baed8a816ea02ae929f4,y9W5d,知识点y9W5d,0.81,81.0,11,52,41,good
dee7cfe3312551bdf5a5,b3C9s,知识点b3C9s,0.7174,71.74,3,12,8,good
dee7cfe3312551bdf5a5,g7R2j,知识点g7R2j,0.907,90.7,5,19,17,good
dee7cfe3312551bdf5a5,k4W1c,知识点k4W1c,0.9964,99.64,1,1,1,good
dee7cfe3312551bdf5a5,m3D1v,知识点m3D1v,0.9343,93.43,12,21,20,good
dee7cfe3312551bdf5a5,r8S3g,知识点r8S3g,0.8624,86.24,5,10,7,good
dee7cfe3312551bdf5a5,s8Y2f,知识点s8Y2f,0.9982,99.82,1,1,1,good
dee7cfe3312551bdf5a5,t5V9e,知识点t5V9e,0.945,94.5,5,9,8,good
dee7cfe3312551bdf5a5,y9W5d,知识点y9W5d,0.892,89.2,11,21,18,good
ef912a5602a5f70b244b,b3C9s,知识点b3C9s,0.9976,99.76,3,3,3,good
ef912a5602a5f70b244b,g7R2j,知识点g7R2j,0.9128,91.28,5,9,9,good
ef912a5602a5f70b244b,k4W1c,知识点k4W1c,0.9961,99.61,1,1,1,good
ef912a5602a5f70b244b,m3D1v,知识点m3D1v,0.9348,93.48,12,15,15,good
ef912a5602a5f70b244b,r8S3g,知识点r8S3g,0.7654,76.54,5,16,6,good
ef912a5602a5f70b244b,s8Y2f,知识点s8Y2f,0.9977,99.77,1,1,1,good
ef912a5602a5f70b244b,t5V9e,知识点t5V9e,0.8812,88.12,5,8,6,good
ef912a5602a5f70b244b,y9W5d,知识点y9W5d,0.9507,95.07,11,17,17,good
48a71a6a5a15e31084e3,b3C9s,知识点b3C9s,0.7823,78.23,3,10,5,good
48a71a6a5a15e31084e3,g7R2j,知识点g7R2j,0.9187,91.87,5,10,6,good
48a71a6a5a15e31084e3,k4W1c,知识点k4W1c,0.5987,59.87,1,5,1,medium
48a71a6a5a15e31084e3,m3D1v,知识点m3D1v,0.8302,83.02,12,29,18,good
48a71a6a5a15e31084e3,r8S3g,知识点r8S3g,0.9184,91.84,5,12,7,good
48a71a6a5a15e31084e3,s8Y2f,知识点s8Y2f,0.7023,70.23,1,4,1,good
48a71a6a5a15e31084e3,t5V9e,知识点t5V9e,0.8647,86.47,5,19,13,good
48a71a6a5a15e31084e3,y9W5d,知识点y9W5d,0.7968,79.68,11,30,14,good
16d68f70cf5e52d0b34a,b3C9s,知识点b3C9s,0.7976,79.76,3,6,3,good
16d68f70cf5e52d0b34a,g7R2j,知识点g7R2j,0.8772,87.72,5,7,7,good
16d68f70cf5e52d0b34a,k4W1c,知识点k4W1c,0.8135,81.35,1,2,1,good
16d68f70cf5e52d0b34a,m3D1v,知识点m3D1v,0.8098,80.98,12,39,26,good
16d68f70cf5e52d0b34a,r8S3g,知识点r8S3g,0.6612,66.12,5,34,6,good
16d68f70cf5e52d0b34a,s8Y2f,知识点s8Y2f,0.6426,64.26,1,5,1,good
16d68f70cf5e52d0b34a,t5V9e,知识点t5V9e,0.7853,78.53,5,33,26,good
16d68f70cf5e52d0b34a,y9W5d,知识点y9W5d,0.7713,77.13,11,40,17,good
ba8c301bda7090bda756,b3C9s,知识点b3C9s,0.8923,89.23,3,7,7,good
ba8c301bda7090bda756,g7R2j,知识点g7R2j,0.9502,95.02,5,5,5,good
ba8c301bda7090bda756,k4W1c,知识点k4W1c,0.9981,99.81,1,1,1,good
ba8c301bda7090bda756,m3D1v,知识点m3D1v,0.9806,98.06,12,16,16,good
ba8c301bda7090bda756,r8S3g,知识点r8S3g,0.9617,96.17,5,8,6,good
ba8c301bda7090bda756,s8Y2f,知识点s8Y2f,0.7805,78.05,1,5,2,good
ba8c301bda7090bda756,t5V9e,知识点t5V9e,0.9456,94.56,5,7,6,good
ba8c301bda7090bda756,y9W5d,知识点y9W5d,0.9323,93.23,11,18,14,good
311abc37a94ae8afe41a,b3C9s,知识点b3C9s,0.7483,74.83,3,10,5,good
311abc37a94ae8afe41a,g7R2j,知识点g7R2j,0.8618,86.18,5,16,16,good
311abc37a94ae8afe41a,k4W1c,知识点k4W1c,0.9967,99.67,1,1,1,good
311abc37a94ae8afe41a,m3D1v,知识点m3D1v,0.8571,85.71,12,46,39,good
311abc37a94ae8afe41a,r8S3g,知识点r8S3g,0.8622,86.22,5,12,7,good
311abc37a94ae8afe41a,s8Y2f,知识点s8Y2f,0.7613,76.13,1,3,1,good
311abc37a94ae8afe41a,t5V9e,知识点t5V9e,0.9281,92.81,5,14,14,good
311abc37a94ae8afe41a,y9W5d,知识点y9W5d,0.8194,81.94,11,51,34,good
fdd50b3ad56dcf116c82,b3C9s,知识点b3C9s,0.7675,76.75,3,7,3,good
fdd50b3ad56dcf116c82,g7R2j,知识点g7R2j,0.8011,80.11,5,10,6,good
fdd50b3ad56dcf116c82,k4W1c,知识点k4W1c,0.9916,99.16,1,1,1,good
fdd50b3ad56dcf116c82,m3D1v,知识点m3D1v,0.8516,85.16,12,26,18,good
fdd50b3ad56dcf116c82,r8S3g,知识点r8S3g,0.7936,79.36,5,22,6,good
fdd50b3ad56dcf116c82,s8Y2f,知识点s8Y2f,0.7294,72.94,1,2,1,good
fdd50b3ad56dcf116c82,t5V9e,知识点t5V9e,0.9051,90.51,5,10,6,good
fdd50b3ad56dcf116c82,y9W5d,知识点y9W5d,0.9439,94.39,11,20,17,good
e22c18eef214a779b4c2,b3C9s,知识点b3C9s,0.7198,71.98,3,27,20,good
e22c18eef214a779b4c2,g7R2j,知识点g7R2j,0.8179,81.79,5,33,27,good
e22c18eef214a779b4c2,k4W1c,知识点k4W1c,0.9977,99.77,1,1,1,good
e22c18eef214a779b4c2,m3D1v,知识点m3D1v,0.8767,87.67,12,36,26,good
e22c18eef214a779b4c2,r8S3g,知识点r8S3g,0.8282,82.82,5,23,9,good
e22c18eef214a779b4c2,s8Y2f,知识点s8Y2f,0.6,60.0,1,3,1,medium
e22c18eef214a779b4c2,t5V9e,知识点t5V9e,0.8258,82.58,5,22,14,good
e22c18eef214a779b4c2,y9W5d,知识点y9W5d,0.7973,79.73,11,37,21,good
8711049a2e0ef13bb10c,b3C9s,知识点b3C9s,0.862,86.2,3,5,4,good
8711049a2e0ef13bb10c,g7R2j,知识点g7R2j,0.8711,87.11,5,6,6,good
8711049a2e0ef13bb10c,k4W1c,知识点k4W1c,0.9972,99.72,1,1,1,good
8711049a2e0ef13bb10c,m3D1v,知识点m3D1v,0.9383,93.83,12,15,13,good
8711049a2e0ef13bb10c,r8S3g,知识点r8S3g,0.9008,90.08,5,7,6,good
8711049a2e0ef13bb10c,s8Y2f,知识点s8Y2f,0.7948,79.48,1,3,2,good
8711049a2e0ef13bb10c,t5V9e,知识点t5V9e,0.9782,97.82,5,7,7,good
8711049a2e0ef13bb10c,y9W5d,知识点y9W5d,0.943,94.3,11,17,14,good
9ef8a5baccebc3841cb2,b3C9s,知识点b3C9s,0.8389,83.89,3,12,5,good
9ef8a5baccebc3841cb2,g7R2j,知识点g7R2j,0.908,90.8,5,12,11,good
9ef8a5baccebc3841cb2,k4W1c,知识点k4W1c,0.9467,94.67,1,2,2,good
9ef8a5baccebc3841cb2,m3D1v,知识点m3D1v,0.9509,95.09,12,19,15,good
9ef8a5baccebc3841cb2,r8S3g,知识点r8S3g,0.1998,19.98,1,1,1,poor
9ef8a5baccebc3841cb2,s8Y2f,知识点s8Y2f,0.8627,86.27,1,3,2,good
9ef8a5baccebc3841cb2,t5V9e,知识点t5V9e,0.9611,96.11,5,6,6,good
9ef8a5baccebc3841cb2,y9W5d,知识点y9W5d,0.9501,95.01,11,25,24,good
adcc5c13042d66cbfc8b,b3C9s,知识点b3C9s,0.956,95.6,3,6,5,good
adcc5c13042d66cbfc8b,g7R2j,知识点g7R2j,0.8614,86.14,5,10,6,good
adcc5c13042d66cbfc8b,k4W1c,知识点k4W1c,0.9989,99.89,1,1,1,good
adcc5c13042d66cbfc8b,m3D1v,知识点m3D1v,0.7353,73.53,12,63,33,good
adcc5c13042d66cbfc8b,r8S3g,知识点r8S3g,0.7415,74.15,5,20,6,good
adcc5c13042d66cbfc8b,s8Y2f,知识点s8Y2f,0.6834,68.34,1,10,1,good
adcc5c13042d66cbfc8b,t5V9e,知识点t5V9e,0.8041,80.41,5,25,13,good
adcc5c13042d66cbfc8b,y9W5d,知识点y9W5d,0.8163,81.63,11,52,28,good
54f91ccb08cbece520da,b3C9s,知识点b3C9s,0.8819,88.19,3,12,12,good
54f91ccb08cbece520da,g7R2j,知识点g7R2j,0.8195,81.95,5,28,25,good
54f91ccb08cbece520da,k4W1c,知识点k4W1c,0.9906,99.06,1,1,1,good
54f91ccb08cbece520da,m3D1v,知识点m3D1v,0.8348,83.48,12,23,16,good
54f91ccb08cbece520da,r8S3g,知识点r8S3g,0.7446,74.46,5,10,7,good
54f91ccb08cbece520da,s8Y2f,知识点s8Y2f,0.7208,72.08,1,2,1,good
54f91ccb08cbece520da,t5V9e,知识点t5V9e,0.817,81.7,5,12,9,good
54f91ccb08cbece520da,y9W5d,知识点y9W5d,0.8853,88.53,11,22,18,good
cb65e2038b786e801292,b3C9s,知识点b3C9s,0.9067,90.67,3,6,6,good
cb65e2038b786e801292,g7R2j,知识点g7R2j,0.9733,97.33,5,8,8,good
cb65e2038b786e801292,k4W1c,知识点k4W1c,0.9955,99.55,1,1,1,good
cb65e2038b786e801292,m3D1v,知识点m3D1v,0.9866,98.66,12,14,14,good
cb65e2038b786e801292,r8S3g,知识点r8S3g,0.9987,99.87,5,6,6,good
cb65e2038b786e801292,s8Y2f,知识点s8Y2f,0.8133,81.33,1,2,1,good
cb65e2038b786e801292,t5V9e,知识点t5V9e,0.9988,99.88,5,5,5,good
cb65e2038b786e801292,y9W5d,知识点y9W5d,0.9478,94.78,11,19,18,good
1f67cb2e7affbb00b6c8,b3C9s,知识点b3C9s,0.8908,89.08,3,21,16,good
1f67cb2e7affbb00b6c8,g7R2j,知识点g7R2j,0.7924,79.24,5,37,20,good
1f67cb2e7affbb00b6c8,k4W1c,知识点k4W1c,0.6382,63.82,1,11,7,good
1f67cb2e7affbb00b6c8,m3D1v,知识点m3D1v,0.7414,74.14,12,70,20,good
1f67cb2e7affbb00b6c8,r8S3g,知识点r8S3g,0.7129,71.29,5,49,7,good
1f67cb2e7affbb00b6c8,s8Y2f,知识点s8Y2f,0.6521,65.21,1,2,1,good
1f67cb2e7affbb00b6c8,t5V9e,知识点t5V9e,0.6913,69.13,5,26,9,good
1f67cb2e7affbb00b6c8,y9W5d,知识点y9W5d,0.7163,71.63,11,100,58,good
45b6cc87a7e957f83027,b3C9s,知识点b3C9s,0.8321,83.21,3,16,15,good
45b6cc87a7e957f83027,g7R2j,知识点g7R2j,0.8165,81.65,5,43,36,good
45b6cc87a7e957f83027,k4W1c,知识点k4W1c,0.9989,99.89,1,1,1,good
45b6cc87a7e957f83027,m3D1v,知识点m3D1v,0.9441,94.41,12,36,30,good
45b6cc87a7e957f83027,r8S3g,知识点r8S3g,0.8983,89.83,5,11,8,good
45b6cc87a7e957f83027,s8Y2f,知识点s8Y2f,0.9987,99.87,1,1,1,good
45b6cc87a7e957f83027,t5V9e,知识点t5V9e,0.9246,92.46,5,8,7,good
45b6cc87a7e957f83027,y9W5d,知识点y9W5d,0.9229,92.29,11,32,30,good
ff2d815d9ef74b153b54,b3C9s,知识点b3C9s,0.998,99.8,3,3,3,good
ff2d815d9ef74b153b54,g7R2j,知识点g7R2j,0.9615,96.15,5,6,5,good
ff2d815d9ef74b153b54,k4W1c,知识点k4W1c,0.9966,99.66,1,1,1,good
ff2d815d9ef74b153b54,m3D1v,知识点m3D1v,0.8921,89.21,12,23,13,good
ff2d815d9ef74b153b54,r8S3g,知识点r8S3g,0.8196,81.96,5,19,9,good
ff2d815d9ef74b153b54,s8Y2f,知识点s8Y2f,0.9972,99.72,1,1,1,good
ff2d815d9ef74b153b54,t5V9e,知识点t5V9e,0.8895,88.95,5,21,15,good
ff2d815d9ef74b153b54,y9W5d,知识点y9W5d,0.8582,85.82,11,29,11,good
73ae359d8e93d41ae4ff,b3C9s,知识点b3C9s,0.9266,92.66,3,7,7,good
73ae359d8e93d41ae4ff,g7R2j,知识点g7R2j,0.9359,93.59,5,19,18,good
73ae359d8e93d41ae4ff,k4W1c,知识点k4W1c,0.9972,99.72,1,1,1,good
73ae359d8e93d41ae4ff,m3D1v,知识点m3D1v,0.9391,93.91,12,15,12,good
73ae359d8e93d41ae4ff,r8S3g,知识点r8S3g,0.8209,82.09,5,32,8,good
73ae359d8e93d41ae4ff,s8Y2f,知识点s8Y2f,0.813,81.3,1,2,1,good
73ae359d8e93d41ae4ff,t5V9e,知识点t5V9e,0.9441,94.41,5,10,9,good
73ae359d8e93d41ae4ff,y9W5d,知识点y9W5d,0.9154,91.54,11,21,18,good
264320c6b92b92795ba0,b3C9s,知识点b3C9s,0.8866,88.66,3,4,3,good
264320c6b92b92795ba0,g7R2j,知识点g7R2j,0.7538,75.38,5,15,11,good
264320c6b92b92795ba0,k4W1c,知识点k4W1c,0.7824,78.24,1,5,4,good
264320c6b92b92795ba0,m3D1v,知识点m3D1v,0.8551,85.51,12,19,13,good
264320c6b92b92795ba0,r8S3g,知识点r8S3g,0.6958,69.58,5,71,7,good
264320c6b92b92795ba0,s8Y2f,知识点s8Y2f,0.8129,81.29,1,1,1,good
264320c6b92b92795ba0,t5V9e,知识点t5V9e,0.8136,81.36,5,18,9,good
264320c6b92b92795ba0,y9W5d,知识点y9W5d,0.8457,84.57,11,40,37,good
504278569f7c6dff25e3,b3C9s,知识点b3C9s,0.9363,93.63,3,8,6,good
504278569f7c6dff25e3,g7R2j,知识点g7R2j,0.8596,85.96,5,13,12,good
504278569f7c6dff25e3,k4W1c,知识点k4W1c,0.9866,98.66,1,1,1,good
504278569f7c6dff25e3,m3D1v,知识点m3D1v,0.9501,95.01,12,25,21,good
504278569f7c6dff25e3,r8S3g,知识点r8S3g,0.799,79.9,4,5,5,good
504278569f7c6dff25e3,s8Y2f,知识点s8Y2f,0.9952,99.52,1,1,1,good
504278569f7c6dff25e3,t5V9e,知识点t5V9e,0.9985,99.85,5,5,5,good
504278569f7c6dff25e3,y9W5d,知识点y9W5d,0.9591,95.91,11,25,24,good
40eb36011ced9a882ea9,b3C9s,知识点b3C9s,0.9428,94.28,3,33,33,good
40eb36011ced9a882ea9,g7R2j,知识点g7R2j,0.8226,82.26,5,83,80,good
40eb36011ced9a882ea9,k4W1c,知识点k4W1c,0.7353,73.53,1,1,1,good
40eb36011ced9a882ea9,m3D1v,知识点m3D1v,0.8783,87.83,12,38,31,good
40eb36011ced9a882ea9,r8S3g,知识点r8S3g,0.8741,87.41,5,9,8,good
40eb36011ced9a882ea9,s8Y2f,知识点s8Y2f,0.698,69.8,1,4,4,good
40eb36011ced9a882ea9,t5V9e,知识点t5V9e,0.8706,87.06,5,14,9,good
40eb36011ced9a882ea9,y9W5d,知识点y9W5d,0.8591,85.91,11,44,39,good
ed4b51eb098deb0ba58e,b3C9s,知识点b3C9s,0.7633,76.33,3,21,19,good
ed4b51eb098deb0ba58e,g7R2j,知识点g7R2j,0.8546,85.46,5,24,19,good
ed4b51eb098deb0ba58e,k4W1c,知识点k4W1c,0.9987,99.87,1,1,1,good
ed4b51eb098deb0ba58e,m3D1v,知识点m3D1v,0.9257,92.57,12,24,21,good
ed4b51eb098deb0ba58e,r8S3g,知识点r8S3g,0.8163,81.63,5,14,6,good
ed4b51eb098deb0ba58e,s8Y2f,知识点s8Y2f,0.8134,81.34,1,2,1,good
ed4b51eb098deb0ba58e,t5V9e,知识点t5V9e,0.9437,94.37,5,13,13,good
ed4b51eb098deb0ba58e,y9W5d,知识点y9W5d,0.9515,95.15,11,43,42,good
b4a2138f577d9306f593,b3C9s,知识点b3C9s,0.7437,74.37,3,19,14,good
b4a2138f577d9306f593,g7R2j,知识点g7R2j,0.8109,81.09,5,37,34,good
b4a2138f577d9306f593,k4W1c,知识点k4W1c,0.7361,73.61,1,11,11,good
b4a2138f577d9306f593,m3D1v,知识点m3D1v,0.8294,82.94,12,104,77,good
b4a2138f577d9306f593,r8S3g,知识点r8S3g,0.7518,75.18,5,24,6,good
b4a2138f577d9306f593,s8Y2f,知识点s8Y2f,0.7369,73.69,1,15,12,good
b4a2138f577d9306f593,t5V9e,知识点t5V9e,0.8543,85.43,5,15,12,good
b4a2138f577d9306f593,y9W5d,知识点y9W5d,0.7775,77.75,11,121,92,good
76366e9c264169b2bae1,b3C9s,知识点b3C9s,0.9979,99.79,3,3,3,good
76366e9c264169b2bae1,g7R2j,知识点g7R2j,0.9013,90.13,5,8,6,good
76366e9c264169b2bae1,k4W1c,知识点k4W1c,0.9977,99.77,1,3,3,good
76366e9c264169b2bae1,m3D1v,知识点m3D1v,0.7566,75.66,12,77,32,good
76366e9c264169b2bae1,r8S3g,知识点r8S3g,0.972,97.2,5,7,7,good
76366e9c264169b2bae1,s8Y2f,知识点s8Y2f,0.7807,78.07,1,2,2,good
76366e9c264169b2bae1,t5V9e,知识点t5V9e,0.8608,86.08,5,18,15,good
76366e9c264169b2bae1,y9W5d,知识点y9W5d,0.8816,88.16,11,41,38,good
d059dfed16a6d1ca6ddf,b3C9s,知识点b3C9s,0.8132,81.32,3,9,7,good
d059dfed16a6d1ca6ddf,g7R2j,知识点g7R2j,0.846,84.6,5,37,34,good
d059dfed16a6d1ca6ddf,k4W1c,知识点k4W1c,0.8974,89.74,1,4,4,good
d059dfed16a6d1ca6ddf,m3D1v,知识点m3D1v,0.8287,82.87,12,57,32,good
d059dfed16a6d1ca6ddf,r8S3g,知识点r8S3g,0.8029,80.29,5,15,7,good
d059dfed16a6d1ca6ddf,s8Y2f,知识点s8Y2f,0.9982,99.82,1,1,1,good
d059dfed16a6d1ca6ddf,t5V9e,知识点t5V9e,0.9486,94.86,5,14,14,good
d059dfed16a6d1ca6ddf,y9W5d,知识点y9W5d,0.8979,89.79,11,46,32,good
0b828e1ae026c57b34dd,b3C9s,知识点b3C9s,0.8685,86.85,3,5,4,good
0b828e1ae026c57b34dd,g7R2j,知识点g7R2j,0.8839,88.39,5,15,15,good
0b828e1ae026c57b34dd,k4W1c,知识点k4W1c,0.9469,94.69,1,2,2,good
0b828e1ae026c57b34dd,m3D1v,知识点m3D1v,0.913,91.3,12,22,20,good
0b828e1ae026c57b34dd,r8S3g,知识点r8S3g,0.943,94.3,5,10,6,good
0b828e1ae026c57b34dd,s8Y2f,知识点s8Y2f,0.7024,70.24,1,2,1,good
0b828e1ae026c57b34dd,t5V9e,知识点t5V9e,0.9209,92.09,5,6,5,good
0b828e1ae026c57b34dd,y9W5d,知识点y9W5d,0.9309,93.09,11,19,18,good
b1976734aee3bf129820,b3C9s,知识点b3C9s,0.7443,74.43,3,38,20,good
b1976734aee3bf129820,g7R2j,知识点g7R2j,0.8681,86.81,5,38,37,good
b1976734aee3bf129820,k4W1c,知识点k4W1c,0.9986,99.86,1,1,1,good
b1976734aee3bf129820,m3D1v,知识点m3D1v,0.8738,87.38,12,40,32,good
b1976734aee3bf129820,r8S3g,知识点r8S3g,0.8554,85.54,5,8,6,good
b1976734aee3bf129820,s8Y2f,知识点s8Y2f,0.9702,97.02,1,4,4,good
b1976734aee3bf129820,t5V9e,知识点t5V9e,0.8534,85.34,5,17,12,good
b1976734aee3bf129820,y9W5d,知识点y9W5d,0.88,88.0,11,38,17,good
50673b01fd2b0c765572,b3C9s,知识点b3C9s,0.7287,72.87,3,8,3,good
50673b01fd2b0c765572,g7R2j,知识点g7R2j,0.934,93.4,5,8,7,good
50673b01fd2b0c765572,k4W1c,知识点k4W1c,0.6647,66.47,1,3,2,good
50673b01fd2b0c765572,m3D1v,知识点m3D1v,0.7568,75.68,12,44,15,good
50673b01fd2b0c765572,r8S3g,知识点r8S3g,0.7605,76.05,5,44,10,good
50673b01fd2b0c765572,s8Y2f,知识点s8Y2f,0.8134,81.34,1,2,1,good
50673b01fd2b0c765572,t5V9e,知识点t5V9e,0.798,79.8,5,19,13,good
50673b01fd2b0c765572,y9W5d,知识点y9W5d,0.8261,82.61,11,33,17,good
b3ac0cebf20ee45135ca,b3C9s,知识点b3C9s,0.7074,70.74,3,28,11,good
b3ac0cebf20ee45135ca,g7R2j,知识点g7R2j,0.7898,78.98,5,30,23,good
b3ac0cebf20ee45135ca,k4W1c,知识点k4W1c,0.6863,68.63,1,4,1,good
b3ac0cebf20ee45135ca,m3D1v,知识点m3D1v,0.8037,80.37,12,40,25,good
b3ac0cebf20ee45135ca,r8S3g,知识点r8S3g,0.8512,85.12,5,13,8,good
b3ac0cebf20ee45135ca,s8Y2f,知识点s8Y2f,0.6413,64.13,1,5,1,good
b3ac0cebf20ee45135ca,t5V9e,知识点t5V9e,0.7982,79.82,5,21,18,good
b3ac0cebf20ee45135ca,y9W5d,知识点y9W5d,0.8144,81.44,11,42,29,good
74137c4db75be61c10fa,b3C9s,知识点b3C9s,0.7071,70.71,3,15,13,good
74137c4db75be61c10fa,g7R2j,知识点g7R2j,0.6805,68.05,5,28,22,good
74137c4db75be61c10fa,k4W1c,知识点k4W1c,0.6321,63.21,1,8,7,good
74137c4db75be61c10fa,m3D1v,知识点m3D1v,0.7479,74.79,12,64,38,good
74137c4db75be61c10fa,r8S3g,知识点r8S3g,0.7985,79.85,5,19,6,good
74137c4db75be61c10fa,s8Y2f,知识点s8Y2f,0.7954,79.54,1,2,2,good
74137c4db75be61c10fa,t5V9e,知识点t5V9e,0.7527,75.27,5,20,14,good
74137c4db75be61c10fa,y9W5d,知识点y9W5d,0.7322,73.22,11,64,37,good
781f69b185122bfaddca,b3C9s,知识点b3C9s,0.8947,89.47,3,8,7,good
781f69b185122bfaddca,g7R2j,知识点g7R2j,0.8013,80.13,5,40,34,good
781f69b185122bfaddca,k4W1c,知识点k4W1c,0.7364,73.64,1,4,1,good
781f69b185122bfaddca,m3D1v,知识点m3D1v,0.9334,93.34,12,22,18,good
781f69b185122bfaddca,s8Y2f,知识点s8Y2f,0.814,81.4,1,2,1,good
781f69b185122bfaddca,t5V9e,知识点t5V9e,0.9436,94.36,5,10,9,good
781f69b185122bfaddca,y9W5d,知识点y9W5d,0.9077,90.77,11,23,19,good
744e7141564ed216b812,b3C9s,知识点b3C9s,0.8485,84.85,3,3,3,good
744e7141564ed216b812,g7R2j,知识点g7R2j,0.9383,93.83,5,10,10,good
744e7141564ed216b812,k4W1c,知识点k4W1c,0.9978,99.78,1,1,1,good
744e7141564ed216b812,m3D1v,知识点m3D1v,0.9953,99.53,12,13,13,good
744e7141564ed216b812,r8S3g,知识点r8S3g,0.9291,92.91,5,18,6,good
744e7141564ed216b812,s8Y2f,知识点s8Y2f,0.9977,99.77,1,1,1,good
744e7141564ed216b812,t5V9e,知识点t5V9e,0.9983,99.83,5,5,5,good
744e7141564ed216b812,y9W5d,知识点y9W5d,0.9688,96.88,11,17,17,good
3c1b9222136b752563f6,b3C9s,知识点b3C9s,0.9984,99.84,3,3,3,good
3c1b9222136b752563f6,g7R2j,知识点g7R2j,0.924,92.4,5,7,5,good
3c1b9222136b752563f6,k4W1c,知识点k4W1c,0.9971,99.71,1,1,1,good
3c1b9222136b752563f6,m3D1v,知识点m3D1v,0.912,91.2,12,22,18,good
3c1b9222136b752563f6,r8S3g,知识点r8S3g,0.998,99.8,5,6,6,good
3c1b9222136b752563f6,s8Y2f,知识点s8Y2f,0.9977,99.77,1,1,1,good
3c1b9222136b752563f6,t5V9e,知识点t5V9e,0.8205,82.05,5,14,8,good
3c1b9222136b752563f6,y9W5d,知识点y9W5d,0.981,98.1,11,13,12,good
48a96425072cefa0dc69,b3C9s,知识点b3C9s,0.9981,99.81,3,3,3,good
48a96425072cefa0dc69,g7R2j,知识点g7R2j,0.8404,84.04,5,22,21,good
48a96425072cefa0dc69,k4W1c,知识点k4W1c,0.5422,54.22,1,4,1,medium
48a96425072cefa0dc69,m3D1v,知识点m3D1v,0.8052,80.52,12,32,26,good
48a96425072cefa0dc69,r8S3g,知识点r8S3g,0.8442,84.42,5,11,7,good
48a96425072cefa0dc69,s8Y2f,知识点s8Y2f,0.9981,99.81,1,1,1,good
48a96425072cefa0dc69,t5V9e,知识点t5V9e,0.8697,86.97,5,19,17,good
48a96425072cefa0dc69,y9W5d,知识点y9W5d,0.8492,84.92,11,30,21,good
8ee4fdce37fceab5620a,b3C9s,知识点b3C9s,0.9967,99.67,3,3,3,good
8ee4fdce37fceab5620a,g7R2j,知识点g7R2j,0.9613,96.13,5,5,5,good
8ee4fdce37fceab5620a,k4W1c,知识点k4W1c,0.9977,99.77,1,1,1,good
8ee4fdce37fceab5620a,m3D1v,知识点m3D1v,0.9979,99.79,12,12,12,good
8ee4fdce37fceab5620a,r8S3g,知识点r8S3g,0.8555,85.55,5,22,12,good
8ee4fdce37fceab5620a,s8Y2f,知识点s8Y2f,0.6664,66.64,1,3,1,good
8ee4fdce37fceab5620a,t5V9e,知识点t5V9e,0.9389,93.89,5,6,5,good
8ee4fdce37fceab5620a,y9W5d,知识点y9W5d,0.946,94.6,11,14,12,good
d6d4488fa27e11465974,b3C9s,知识点b3C9s,0.9273,92.73,3,3,3,good
d6d4488fa27e11465974,g7R2j,知识点g7R2j,0.9092,90.92,5,12,10,good
d6d4488fa27e11465974,k4W1c,知识点k4W1c,0.9972,99.72,1,1,1,good
d6d4488fa27e11465974,m3D1v,知识点m3D1v,0.9332,93.32,12,20,15,good
d6d4488fa27e11465974,r8S3g,知识点r8S3g,0.9973,99.73,5,6,6,good
d6d4488fa27e11465974,s8Y2f,知识点s8Y2f,0.9981,99.81,1,1,1,good
d6d4488fa27e11465974,t5V9e,知识点t5V9e,0.9979,99.79,5,5,5,good
d6d4488fa27e11465974,y9W5d,知识点y9W5d,0.9705,97.05,11,16,16,good
6efd353d32bd3d908b23,b3C9s,知识点b3C9s,0.8943,89.43,3,9,9,good
6efd353d32bd3d908b23,g7R2j,知识点g7R2j,0.8781,87.81,5,33,33,good
6efd353d32bd3d908b23,k4W1c,知识点k4W1c,0.9982,99.82,1,1,1,good
6efd353d32bd3d908b23,m3D1v,知识点m3D1v,0.8363,83.63,12,45,31,good
6efd353d32bd3d908b23,r8S3g,知识点r8S3g,0.9088,90.88,5,12,6,good
6efd353d32bd3d908b23,s8Y2f,知识点s8Y2f,0.6652,66.52,1,8,2,good
6efd353d32bd3d908b23,t5V9e,知识点t5V9e,0.9979,99.79,5,5,5,good
6efd353d32bd3d908b23,y9W5d,知识点y9W5d,0.8573,85.73,11,31,18,good
4ca5c8ea55be09213d14,b3C9s,知识点b3C9s,0.9978,99.78,3,3,3,good
4ca5c8ea55be09213d14,g7R2j,知识点g7R2j,0.8507,85.07,5,8,5,good
4ca5c8ea55be09213d14,k4W1c,知识点k4W1c,0.8138,81.38,1,2,1,good
4ca5c8ea55be09213d14,m3D1v,知识点m3D1v,0.8028,80.28,12,32,16,good
4ca5c8ea55be09213d14,r8S3g,知识点r8S3g,0.821,82.1,5,14,7,good
4ca5c8ea55be09213d14,s8Y2f,知识点s8Y2f,0.8133,81.33,1,2,1,good
4ca5c8ea55be09213d14,t5V9e,知识点t5V9e,0.7804,78.04,5,22,15,good
4ca5c8ea55be09213d14,y9W5d,知识点y9W5d,0.8494,84.94,11,29,16,good
ec86426a6e0331d06091,b3C9s,知识点b3C9s,0.9986,99.86,3,3,3,good
ec86426a6e0331d06091,g7R2j,知识点g7R2j,0.889,88.9,5,10,5,good
ec86426a6e0331d06091,k4W1c,知识点k4W1c,0.811,81.1,1,2,1,good
ec86426a6e0331d06091,m3D1v,知识点m3D1v,0.8932,89.32,12,19,12,good
ec86426a6e0331d06091,r8S3g,知识点r8S3g,0.8699,86.99,5,15,6,good
ec86426a6e0331d06091,s8Y2f,知识点s8Y2f,0.8128,81.28,1,2,1,good
ec86426a6e0331d06091,t5V9e,知识点t5V9e,0.8293,82.93,5,25,8,good
ec86426a6e0331d06091,y9W5d,知识点y9W5d,0.9016,90.16,11,19,11,good
09400a9b50b6c96c5510,b3C9s,知识点b3C9s,0.7845,78.45,3,7,6,good
09400a9b50b6c96c5510,g7R2j,知识点g7R2j,0.7757,77.57,5,50,41,good
09400a9b50b6c96c5510,k4W1c,知识点k4W1c,0.8961,89.61,1,2,2,good
09400a9b50b6c96c5510,m3D1v,知识点m3D1v,0.9215,92.15,12,34,23,good
09400a9b50b6c96c5510,r8S3g,知识点r8S3g,0.7507,75.07,5,27,8,good
09400a9b50b6c96c5510,s8Y2f,知识点s8Y2f,0.998,99.8,1,1,1,good
09400a9b50b6c96c5510,t5V9e,知识点t5V9e,0.8088,80.88,5,11,10,good
09400a9b50b6c96c5510,y9W5d,知识点y9W5d,0.953,95.3,11,24,23,good
f5jwwahac3fyc6rq5tex,b3C9s,知识点b3C9s,0.7114,71.14,2,7,4,good
f5jwwahac3fyc6rq5tex,g7R2j,知识点g7R2j,0.6923,69.23,5,18,11,good
f5jwwahac3fyc6rq5tex,k4W1c,知识点k4W1c,0.862,86.2,1,6,6,good
f5jwwahac3fyc6rq5tex,m3D1v,知识点m3D1v,0.6991,69.91,11,33,18,good
f5jwwahac3fyc6rq5tex,r8S3g,知识点r8S3g,0.5393,53.93,4,10,1,medium
f5jwwahac3fyc6rq5tex,s8Y2f,知识点s8Y2f,0.8105,81.05,1,4,3,good
f5jwwahac3fyc6rq5tex,t5V9e,知识点t5V9e,0.6425,64.25,4,18,15,good
f5jwwahac3fyc6rq5tex,y9W5d,知识点y9W5d,0.7189,71.89,10,33,22,good
mwmft9w9vjod1g7jidmb,b3C9s,知识点b3C9s,0.7701,77.01,3,9,8,good
mwmft9w9vjod1g7jidmb,g7R2j,知识点g7R2j,0.7299,72.99,4,16,12,good
mwmft9w9vjod1g7jidmb,k4W1c,知识点k4W1c,0.9691,96.91,1,4,4,good
mwmft9w9vjod1g7jidmb,m3D1v,知识点m3D1v,0.7147,71.47,9,29,21,good
mwmft9w9vjod1g7jidmb,r8S3g,知识点r8S3g,0.8313,83.13,5,16,13,good
mwmft9w9vjod1g7jidmb,s8Y2f,知识点s8Y2f,0.6307,63.07,1,1,0,good
mwmft9w9vjod1g7jidmb,t5V9e,知识点t5V9e,0.7253,72.53,5,19,12,good
mwmft9w9vjod1g7jidmb,y9W5d,知识点y9W5d,0.7592,75.92,10,25,19,good
zprxec1qxs8nqsmc5830,b3C9s,知识点b3C9s,0.8335,83.35,3,11,10,good
zprxec1qxs8nqsmc5830,g7R2j,知识点g7R2j,0.7079,70.79,5,19,11,good
zprxec1qxs8nqsmc5830,k4W1c,知识点k4W1c,0.8617,86.17,1,4,4,good
zprxec1qxs8nqsmc5830,m3D1v,知识点m3D1v,0.7728,77.28,11,34,21,good
zprxec1qxs8nqsmc5830,r8S3g,知识点r8S3g,0.5312,53.12,4,20,4,medium
zprxec1qxs8nqsmc5830,s8Y2f,知识点s8Y2f,0.68,68.0,1,3,2,good
zprxec1qxs8nqsmc5830,t5V9e,知识点t5V9e,0.7229,72.29,5,14,6,good
zprxec1qxs8nqsmc5830,y9W5d,知识点y9W5d,0.7302,73.02,10,41,32,good
cygc6ulxpz04ex7under,b3C9s,知识点b3C9s,0.744,74.4,3,9,5,good
cygc6ulxpz04ex7under,g7R2j,知识点g7R2j,0.7616,76.16,5,14,13,good
cygc6ulxpz04ex7under,m3D1v,知识点m3D1v,0.7343,73.43,11,35,25,good
cygc6ulxpz04ex7under,r8S3g,知识点r8S3g,0.6898,68.98,5,15,4,good
cygc6ulxpz04ex7under,s8Y2f,知识点s8Y2f,0.8378,83.78,1,3,3,good
cygc6ulxpz04ex7under,t5V9e,知识点t5V9e,0.8177,81.77,4,14,13,good
cygc6ulxpz04ex7under,y9W5d,知识点y9W5d,0.6565,65.65,9,27,21,good
m4qqnaq8p8fn7b7bl5ic,b3C9s,知识点b3C9s,0.7666,76.66,3,12,9,good
m4qqnaq8p8fn7b7bl5ic,g7R2j,知识点g7R2j,0.7274,72.74,5,18,15,good
m4qqnaq8p8fn7b7bl5ic,k4W1c,知识点k4W1c,0.9482,94.82,1,2,2,good
m4qqnaq8p8fn7b7bl5ic,m3D1v,知识点m3D1v,0.6197,61.97,10,27,13,good
m4qqnaq8p8fn7b7bl5ic,r8S3g,知识点r8S3g,0.7387,73.87,5,19,9,good
m4qqnaq8p8fn7b7bl5ic,s8Y2f,知识点s8Y2f,0.7499,74.99,1,2,2,good
m4qqnaq8p8fn7b7bl5ic,t5V9e,知识点t5V9e,0.7098,70.98,5,16,7,good
m4qqnaq8p8fn7b7bl5ic,y9W5d,知识点y9W5d,0.5501,55.01,7,20,18,medium
sx57v4y3hp52f9selxdo,b3C9s,知识点b3C9s,0.8086,80.86,3,11,9,good
sx57v4y3hp52f9selxdo,g7R2j,知识点g7R2j,0.7904,79.04,4,13,13,good
sx57v4y3hp52f9selxdo,k4W1c,知识点k4W1c,0.7787,77.87,1,5,4,good
sx57v4y3hp52f9selxdo,m3D1v,知识点m3D1v,0.6367,63.67,9,24,14,good
sx57v4y3hp52f9selxdo,r8S3g,知识点r8S3g,0.6756,67.56,4,14,5,good
sx57v4y3hp52f9selxdo,s8Y2f,知识点s8Y2f,0.7647,76.47,1,1,1,good
sx57v4y3hp52f9selxdo,t5V9e,知识点t5V9e,0.8221,82.21,5,23,15,good
sx57v4y3hp52f9selxdo,y9W5d,知识点y9W5d,0.7803,78.03,10,30,20,good
ksm67082xy9g2wnalt38,b3C9s,知识点b3C9s,0.742,74.2,3,10,7,good
ksm67082xy9g2wnalt38,g7R2j,知识点g7R2j,0.7417,74.17,5,15,13,good
ksm67082xy9g2wnalt38,k4W1c,知识点k4W1c,0.7926,79.26,1,2,2,good
ksm67082xy9g2wnalt38,m3D1v,知识点m3D1v,0.7838,78.38,11,38,28,good
ksm67082xy9g2wnalt38,r8S3g,知识点r8S3g,0.7439,74.39,5,21,9,good
ksm67082xy9g2wnalt38,s8Y2f,知识点s8Y2f,0.7872,78.72,1,4,2,good
ksm67082xy9g2wnalt38,t5V9e,知识点t5V9e,0.8241,82.41,5,18,12,good
ksm67082xy9g2wnalt38,y9W5d,知识点y9W5d,0.6228,62.28,9,26,19,good
58widcj6smafuwyqxw2m,b3C9s,知识点b3C9s,0.7654,76.54,2,12,10,good
58widcj6smafuwyqxw2m,g7R2j,知识点g7R2j,0.8112,81.12,5,19,17,good
58widcj6smafuwyqxw2m,k4W1c,知识点k4W1c,0.9982,99.82,1,2,2,good
58widcj6smafuwyqxw2m,m3D1v,知识点m3D1v,0.7362,73.62,9,26,20,good
58widcj6smafuwyqxw2m,r8S3g,知识点r8S3g,0.421,42.1,3,23,7,medium
58widcj6smafuwyqxw2m,s8Y2f,知识点s8Y2f,0.7627,76.27,1,2,1,good
58widcj6smafuwyqxw2m,t5V9e,知识点t5V9e,0.7527,75.27,5,18,13,good
58widcj6smafuwyqxw2m,y9W5d,知识点y9W5d,0.8239,82.39,11,34,25,good
n3dkt0eq0ekpby9lv06i,b3C9s,知识点b3C9s,0.8163,81.63,3,12,9,good
n3dkt0eq0ekpby9lv06i,g7R2j,知识点g7R2j,0.7749,77.49,4,10,9,good
n3dkt0eq0ekpby9lv06i,k4W1c,知识点k4W1c,0.8987,89.87,1,1,1,good
n3dkt0eq0ekpby9lv06i,m3D1v,知识点m3D1v,0.7971,79.71,10,25,19,good
n3dkt0eq0ekpby9lv06i,r8S3g,知识点r8S3g,0.6912,69.12,5,16,6,good
n3dkt0eq0ekpby9lv06i,s8Y2f,知识点s8Y2f,0.6581,65.81,1,3,1,good
n3dkt0eq0ekpby9lv06i,t5V9e,知识点t5V9e,0.8359,83.59,5,15,13,good
n3dkt0eq0ekpby9lv06i,y9W5d,知识点y9W5d,0.8722,87.22,11,28,23,good
v4k20n9xryqdpe6fx42x,b3C9s,知识点b3C9s,0.7952,79.52,3,11,7,good
v4k20n9xryqdpe6fx42x,g7R2j,知识点g7R2j,0.8138,81.38,4,20,19,good
v4k20n9xryqdpe6fx42x,m3D1v,知识点m3D1v,0.7902,79.02,12,29,20,good
v4k20n9xryqdpe6fx42x,r8S3g,知识点r8S3g,0.7503,75.03,5,11,5,good
v4k20n9xryqdpe6fx42x,s8Y2f,知识点s8Y2f,0.6326,63.26,1,2,1,good
v4k20n9xryqdpe6fx42x,t5V9e,知识点t5V9e,0.8344,83.44,5,16,11,good
v4k20n9xryqdpe6fx42x,y9W5d,知识点y9W5d,0.5377,53.77,8,24,16,medium
35wcdp4s13xmtyq5f7os,b3C9s,知识点b3C9s,0.7934,79.34,3,7,5,good
35wcdp4s13xmtyq5f7os,g7R2j,知识点g7R2j,0.6847,68.47,4,10,9,good
35wcdp4s13xmtyq5f7os,k4W1c,知识点k4W1c,0.8285,82.85,1,2,2,good
35wcdp4s13xmtyq5f7os,m3D1v,知识点m3D1v,0.7848,78.48,12,31,22,good
35wcdp4s13xmtyq5f7os,r8S3g,知识点r8S3g,0.723,72.3,4,27,6,good
35wcdp4s13xmtyq5f7os,s8Y2f,知识点s8Y2f,0.7298,72.98,1,2,1,good
35wcdp4s13xmtyq5f7os,t5V9e,知识点t5V9e,0.7614,76.14,5,18,12,good
35wcdp4s13xmtyq5f7os,y9W5d,知识点y9W5d,0.7002,70.02,10,31,22,good
2ddkknvpbz2j9wlvybtj,b3C9s,知识点b3C9s,0.833,83.3,3,6,5,good
2ddkknvpbz2j9wlvybtj,g7R2j,知识点g7R2j,0.7826,78.26,5,21,19,good
2ddkknvpbz2j9wlvybtj,k4W1c,知识点k4W1c,0.8128,81.28,1,1,1,good
2ddkknvpbz2j9wlvybtj,m3D1v,知识点m3D1v,0.7845,78.45,12,29,20,good
2ddkknvpbz2j9wlvybtj,r8S3g,知识点r8S3g,0.7269,72.69,5,25,11,good
2ddkknvpbz2j9wlvybtj,s8Y2f,知识点s8Y2f,0.6638,66.38,0,0,0,good
2ddkknvpbz2j9wlvybtj,t5V9e,知识点t5V9e,0.8047,80.47,5,17,12,good
2ddkknvpbz2j9wlvybtj,y9W5d,知识点y9W5d,0.7553,75.53,10,24,17,good
10qi28ikwz4c4v22b06i,b3C9s,知识点b3C9s,0.8833,88.33,3,5,5,good
10qi28ikwz4c4v22b06i,g7R2j,知识点g7R2j,0.8226,82.26,5,21,16,good
10qi28ikwz4c4v22b06i,k4W1c,知识点k4W1c,0.7812,78.12,1,3,2,good
10qi28ikwz4c4v22b06i,m3D1v,知识点m3D1v,0.6029,60.29,10,21,13,good
10qi28ikwz4c4v22b06i,r8S3g,知识点r8S3g,0.5092,50.92,4,16,4,medium
10qi28ikwz4c4v22b06i,s8Y2f,知识点s8Y2f,0.6309,63.09,1,1,0,good
10qi28ikwz4c4v22b06i,t5V9e,知识点t5V9e,0.7885,78.85,4,15,13,good
10qi28ikwz4c4v22b06i,y9W5d,知识点y9W5d,0.7551,75.51,11,36,22,good
9b0guld0vdm0ggmmfb8k,b3C9s,知识点b3C9s,0.8448,84.48,3,11,10,good
9b0guld0vdm0ggmmfb8k,g7R2j,知识点g7R2j,0.6456,64.56,4,11,11,good
9b0guld0vdm0ggmmfb8k,k4W1c,知识点k4W1c,0.8972,89.72,1,2,2,good
9b0guld0vdm0ggmmfb8k,m3D1v,知识点m3D1v,0.6033,60.33,10,21,12,good
9b0guld0vdm0ggmmfb8k,r8S3g,知识点r8S3g,0.7748,77.48,5,19,8,good
9b0guld0vdm0ggmmfb8k,s8Y2f,知识点s8Y2f,0.6657,66.57,1,5,1,good
9b0guld0vdm0ggmmfb8k,t5V9e,知识点t5V9e,0.7412,74.12,5,15,11,good
9b0guld0vdm0ggmmfb8k,y9W5d,知识点y9W5d,0.6737,67.37,10,30,17,good
1t6e0wa99fijxi3ssnzk,b3C9s,知识点b3C9s,0.9059,90.59,3,12,11,good
1t6e0wa99fijxi3ssnzk,g7R2j,知识点g7R2j,0.7822,78.22,5,19,17,good
1t6e0wa99fijxi3ssnzk,k4W1c,知识点k4W1c,0.629,62.9,0,0,0,good
1t6e0wa99fijxi3ssnzk,m3D1v,知识点m3D1v,0.6778,67.78,10,28,21,good
1t6e0wa99fijxi3ssnzk,r8S3g,知识点r8S3g,0.5504,55.04,3,10,2,medium
1t6e0wa99fijxi3ssnzk,s8Y2f,知识点s8Y2f,0.6648,66.48,0,0,0,good
1t6e0wa99fijxi3ssnzk,t5V9e,知识点t5V9e,0.5751,57.51,3,7,4,medium
1t6e0wa99fijxi3ssnzk,y9W5d,知识点y9W5d,0.8539,85.39,9,27,23,good
q1movls9kc4kglv6sb5g,b3C9s,知识点b3C9s,0.782,78.2,3,9,6,good
q1movls9kc4kglv6sb5g,g7R2j,知识点g7R2j,0.8644,86.44,5,19,19,good
q1movls9kc4kglv6sb5g,k4W1c,知识点k4W1c,0.8719,87.19,1,4,4,good
q1movls9kc4kglv6sb5g,m3D1v,知识点m3D1v,0.6288,62.88,10,28,18,good
q1movls9kc4kglv6sb5g,r8S3g,知识点r8S3g,0.6226,62.26,4,18,6,good
q1movls9kc4kglv6sb5g,s8Y2f,知识点s8Y2f,0.792,79.2,1,4,3,good
q1movls9kc4kglv6sb5g,t5V9e,知识点t5V9e,0.7544,75.44,4,13,9,good
q1movls9kc4kglv6sb5g,y9W5d,知识点y9W5d,0.7692,76.92,10,38,34,good
628bztd9ybuth5efk7nw,b3C9s,知识点b3C9s,0.8246,82.46,3,14,13,good
628bztd9ybuth5efk7nw,g7R2j,知识点g7R2j,0.7808,78.08,4,16,12,good
628bztd9ybuth5efk7nw,k4W1c,知识点k4W1c,0.8007,80.07,1,4,4,good
628bztd9ybuth5efk7nw,m3D1v,知识点m3D1v,0.7058,70.58,11,38,28,good
628bztd9ybuth5efk7nw,r8S3g,知识点r8S3g,0.8104,81.04,5,22,9,good
628bztd9ybuth5efk7nw,s8Y2f,知识点s8Y2f,0.779,77.9,1,3,2,good
628bztd9ybuth5efk7nw,t5V9e,知识点t5V9e,0.7323,73.23,5,14,11,good
628bztd9ybuth5efk7nw,y9W5d,知识点y9W5d,0.7077,70.77,10,35,29,good
vbgs2hp7aiiw880dpm1s,b3C9s,知识点b3C9s,0.8003,80.03,3,12,8,good
vbgs2hp7aiiw880dpm1s,g7R2j,知识点g7R2j,0.7735,77.35,5,17,14,good
vbgs2hp7aiiw880dpm1s,k4W1c,知识点k4W1c,0.793,79.3,1,2,2,good
vbgs2hp7aiiw880dpm1s,m3D1v,知识点m3D1v,0.7908,79.08,12,32,26,good
vbgs2hp7aiiw880dpm1s,r8S3g,知识点r8S3g,0.7154,71.54,4,12,4,good
vbgs2hp7aiiw880dpm1s,s8Y2f,知识点s8Y2f,0.7273,72.73,1,4,2,good
vbgs2hp7aiiw880dpm1s,t5V9e,知识点t5V9e,0.765,76.5,5,16,8,good
vbgs2hp7aiiw880dpm1s,y9W5d,知识点y9W5d,0.7844,78.44,11,29,19,good
n2bgnbybijni2e9crs4x,b3C9s,知识点b3C9s,0.9128,91.28,3,6,5,good
n2bgnbybijni2e9crs4x,g7R2j,知识点g7R2j,0.7569,75.69,4,13,11,good
n2bgnbybijni2e9crs4x,k4W1c,知识点k4W1c,0.9984,99.84,1,2,2,good
n2bgnbybijni2e9crs4x,m3D1v,知识点m3D1v,0.8059,80.59,12,37,24,good
n2bgnbybijni2e9crs4x,r8S3g,知识点r8S3g,0.6935,69.35,4,13,3,good
n2bgnbybijni2e9crs4x,s8Y2f,知识点s8Y2f,0.6286,62.86,1,1,0,good
n2bgnbybijni2e9crs4x,t5V9e,知识点t5V9e,0.6439,64.39,4,12,8,good
n2bgnbybijni2e9crs4x,y9W5d,知识点y9W5d,0.7329,73.29,10,38,29,good
scl0uh5ig9ehluvs46h2,b3C9s,知识点b3C9s,0.7742,77.42,3,9,8,good
scl0uh5ig9ehluvs46h2,g7R2j,知识点g7R2j,0.8232,82.32,5,19,17,good
scl0uh5ig9ehluvs46h2,k4W1c,知识点k4W1c,0.7024,70.24,1,3,2,good
scl0uh5ig9ehluvs46h2,m3D1v,知识点m3D1v,0.6716,67.16,9,41,20,good
scl0uh5ig9ehluvs46h2,r8S3g,知识点r8S3g,0.7686,76.86,5,14,6,good
scl0uh5ig9ehluvs46h2,s8Y2f,知识点s8Y2f,0.7522,75.22,1,3,2,good
scl0uh5ig9ehluvs46h2,t5V9e,知识点t5V9e,0.7672,76.72,5,15,9,good
scl0uh5ig9ehluvs46h2,y9W5d,知识点y9W5d,0.7837,78.37,11,39,25,good
uzk23hynw87co5ru0tr8,b3C9s,知识点b3C9s,0.8844,88.44,3,11,10,good
uzk23hynw87co5ru0tr8,g7R2j,知识点g7R2j,0.7403,74.03,5,22,19,good
uzk23hynw87co5ru0tr8,k4W1c,知识点k4W1c,0.6622,66.22,1,2,1,good
uzk23hynw87co5ru0tr8,m3D1v,知识点m3D1v,0.7165,71.65,11,33,23,good
uzk23hynw87co5ru0tr8,r8S3g,知识点r8S3g,0.6536,65.36,4,20,4,good
uzk23hynw87co5ru0tr8,s8Y2f,知识点s8Y2f,0.6649,66.49,1,3,2,good
uzk23hynw87co5ru0tr8,t5V9e,知识点t5V9e,0.74,74.0,5,19,12,good
uzk23hynw87co5ru0tr8,y9W5d,知识点y9W5d,0.7688,76.88,11,34,22,good
8wkyo305dh8esq6eop37,b3C9s,知识点b3C9s,0.7325,73.25,2,6,5,good
8wkyo305dh8esq6eop37,g7R2j,知识点g7R2j,0.793,79.3,4,20,18,good
8wkyo305dh8esq6eop37,k4W1c,知识点k4W1c,0.7289,72.89,1,1,1,good
8wkyo305dh8esq6eop37,m3D1v,知识点m3D1v,0.8019,80.19,11,35,25,good
8wkyo305dh8esq6eop37,r8S3g,知识点r8S3g,0.7159,71.59,5,17,9,good
8wkyo305dh8esq6eop37,s8Y2f,知识点s8Y2f,0.53,53.0,1,2,0,medium
8wkyo305dh8esq6eop37,t5V9e,知识点t5V9e,0.7976,79.76,5,16,9,good
8wkyo305dh8esq6eop37,y9W5d,知识点y9W5d,0.7912,79.12,10,22,16,good
mm5p2ct8c21h4q753p3n,b3C9s,知识点b3C9s,0.893,89.3,3,12,12,good
mm5p2ct8c21h4q753p3n,g7R2j,知识点g7R2j,0.7603,76.03,5,18,16,good
mm5p2ct8c21h4q753p3n,k4W1c,知识点k4W1c,0.8475,84.75,1,4,4,good
mm5p2ct8c21h4q753p3n,m3D1v,知识点m3D1v,0.7235,72.35,11,33,18,good
mm5p2ct8c21h4q753p3n,r8S3g,知识点r8S3g,0.6258,62.58,4,11,4,good
mm5p2ct8c21h4q753p3n,s8Y2f,知识点s8Y2f,0.629,62.9,0,0,0,good
mm5p2ct8c21h4q753p3n,t5V9e,知识点t5V9e,0.7097,70.97,4,14,8,good
mm5p2ct8c21h4q753p3n,y9W5d,知识点y9W5d,0.8142,81.42,10,29,20,good
e58gk2f3crnwqnx0gett,b3C9s,知识点b3C9s,0.5834,58.34,2,8,6,medium
e58gk2f3crnwqnx0gett,g7R2j,知识点g7R2j,0.5973,59.73,4,12,9,medium
e58gk2f3crnwqnx0gett,k4W1c,知识点k4W1c,0.7638,76.38,1,2,1,good
e58gk2f3crnwqnx0gett,m3D1v,知识点m3D1v,0.6264,62.64,10,28,16,good
e58gk2f3crnwqnx0gett,r8S3g,知识点r8S3g,0.7148,71.48,5,19,12,good
e58gk2f3crnwqnx0gett,s8Y2f,知识点s8Y2f,0.6263,62.63,1,1,0,good
e58gk2f3crnwqnx0gett,t5V9e,知识点t5V9e,0.7895,78.95,5,16,12,good
e58gk2f3crnwqnx0gett,y9W5d,知识点y9W5d,0.6302,63.02,8,23,19,good
2xsbkm76x36qvddrl2yo,b3C9s,知识点b3C9s,0.7614,76.14,3,13,8,good
2xsbkm76x36qvddrl2yo,g7R2j,知识点g7R2j,0.8544,85.44,5,15,12,good
2xsbkm76x36qvddrl2yo,k4W1c,知识点k4W1c,0.9937,99.37,1,1,1,good
2xsbkm76x36qvddrl2yo,m3D1v,知识点m3D1v,0.7839,78.39,10,26,20,good
2xsbkm76x36qvddrl2yo,r8S3g,知识点r8S3g,0.5767,57.67,4,10,5,medium
2xsbkm76x36qvddrl2yo,s8Y2f,知识点s8Y2f,0.715,71.5,1,5,2,good
2xsbkm76x36qvddrl2yo,t5V9e,知识点t5V9e,0.7965,79.65,5,15,12,good
2xsbkm76x36qvddrl2yo,y9W5d,知识点y9W5d,0.7158,71.58,10,27,19,good
sbb3va36jvpkdpj257ek,b3C9s,知识点b3C9s,0.7564,75.64,2,7,7,good
sbb3va36jvpkdpj257ek,g7R2j,知识点g7R2j,0.6882,68.82,4,10,9,good
sbb3va36jvpkdpj257ek,k4W1c,知识点k4W1c,0.8629,86.29,1,3,3,good
sbb3va36jvpkdpj257ek,m3D1v,知识点m3D1v,0.7891,78.91,10,38,27,good
sbb3va36jvpkdpj257ek,r8S3g,知识点r8S3g,0.584,58.4,4,20,10,medium
sbb3va36jvpkdpj257ek,s8Y2f,知识点s8Y2f,0.8132,81.32,1,1,1,good
sbb3va36jvpkdpj257ek,t5V9e,知识点t5V9e,0.7586,75.86,4,14,10,good
sbb3va36jvpkdpj257ek,y9W5d,知识点y9W5d,0.8048,80.48,10,30,24,good
uon3zzl9a1zr5zmeodmr,b3C9s,知识点b3C9s,0.7194,71.94,2,12,9,good
uon3zzl9a1zr5zmeodmr,g7R2j,知识点g7R2j,0.7732,77.32,5,14,13,good
uon3zzl9a1zr5zmeodmr,k4W1c,知识点k4W1c,0.9974,99.74,1,3,3,good
uon3zzl9a1zr5zmeodmr,m3D1v,知识点m3D1v,0.5627,56.27,7,20,14,medium
uon3zzl9a1zr5zmeodmr,r8S3g,知识点r8S3g,0.7867,78.67,5,22,11,good
uon3zzl9a1zr5zmeodmr,s8Y2f,知识点s8Y2f,0.7313,73.13,1,1,1,good
uon3zzl9a1zr5zmeodmr,t5V9e,知识点t5V9e,0.5669,56.69,4,12,6,medium
uon3zzl9a1zr5zmeodmr,y9W5d,知识点y9W5d,0.8301,83.01,11,26,22,good
erjfooit15024g7nj8co,b3C9s,知识点b3C9s,0.8469,84.69,3,10,8,good
erjfooit15024g7nj8co,g7R2j,知识点g7R2j,0.6248,62.48,4,12,12,good
erjfooit15024g7nj8co,k4W1c,知识点k4W1c,0.7977,79.77,1,1,1,good
erjfooit15024g7nj8co,m3D1v,知识点m3D1v,0.7848,78.48,12,29,19,good
erjfooit15024g7nj8co,r8S3g,知识点r8S3g,0.7912,79.12,5,30,15,good
erjfooit15024g7nj8co,s8Y2f,知识点s8Y2f,0.7033,70.33,1,2,1,good
erjfooit15024g7nj8co,t5V9e,知识点t5V9e,0.663,66.3,4,17,11,good
erjfooit15024g7nj8co,y9W5d,知识点y9W5d,0.6221,62.21,9,22,17,good
pgrig4vo54owe59j2j5f,b3C9s,知识点b3C9s,0.7836,78.36,2,9,7,good
pgrig4vo54owe59j2j5f,g7R2j,知识点g7R2j,0.8255,82.55,5,21,19,good
pgrig4vo54owe59j2j5f,k4W1c,知识点k4W1c,0.7307,73.07,1,2,1,good
pgrig4vo54owe59j2j5f,m3D1v,知识点m3D1v,0.6891,68.91,10,28,17,good
pgrig4vo54owe59j2j5f,r8S3g,知识点r8S3g,0.7043,70.43,5,22,6,good
pgrig4vo54owe59j2j5f,s8Y2f,知识点s8Y2f,0.5611,56.11,1,2,0,medium
pgrig4vo54owe59j2j5f,t5V9e,知识点t5V9e,0.6863,68.63,4,15,7,good
pgrig4vo54owe59j2j5f,y9W5d,知识点y9W5d,0.7336,73.36,10,27,17,good
i8ryguu9cpkrb6ouhwqq,b3C9s,知识点b3C9s,0.5443,54.43,2,12,9,medium
i8ryguu9cpkrb6ouhwqq,g7R2j,知识点g7R2j,0.828,82.8,5,21,20,good
i8ryguu9cpkrb6ouhwqq,k4W1c,知识点k4W1c,0.6641,66.41,0,0,0,good
i8ryguu9cpkrb6ouhwqq,m3D1v,知识点m3D1v,0.8032,80.32,12,42,32,good
i8ryguu9cpkrb6ouhwqq,r8S3g,知识点r8S3g,0.757,75.7,5,25,12,good
i8ryguu9cpkrb6ouhwqq,s8Y2f,知识点s8Y2f,0.5643,56.43,1,2,0,medium
i8ryguu9cpkrb6ouhwqq,t5V9e,知识点t5V9e,0.7272,72.72,5,15,8,good
i8ryguu9cpkrb6ouhwqq,y9W5d,知识点y9W5d,0.7209,72.09,9,30,25,good
j07d6onchxesk14v7b8w,b3C9s,知识点b3C9s,0.8429,84.29,2,6,6,good
j07d6onchxesk14v7b8w,g7R2j,知识点g7R2j,0.7506,75.06,3,10,9,good
j07d6onchxesk14v7b8w,k4W1c,知识点k4W1c,0.8371,83.71,1,3,3,good
j07d6onchxesk14v7b8w,m3D1v,知识点m3D1v,0.742,74.2,11,26,15,good
j07d6onchxesk14v7b8w,r8S3g,知识点r8S3g,0.6937,69.37,4,13,4,good
j07d6onchxesk14v7b8w,s8Y2f,知识点s8Y2f,0.8887,88.87,1,4,3,good
j07d6onchxesk14v7b8w,t5V9e,知识点t5V9e,0.5331,53.31,4,18,10,medium
j07d6onchxesk14v7b8w,y9W5d,知识点y9W5d,0.781,78.1,10,27,21,good
wfsgbko6rfmajn85khu4,b3C9s,知识点b3C9s,0.6137,61.37,2,9,7,good
wfsgbko6rfmajn85khu4,g7R2j,知识点g7R2j,0.7392,73.92,5,8,6,good
wfsgbko6rfmajn85khu4,k4W1c,知识点k4W1c,0.629,62.9,1,1,0,good
wfsgbko6rfmajn85khu4,m3D1v,知识点m3D1v,0.727,72.7,11,34,23,good
wfsgbko6rfmajn85khu4,r8S3g,知识点r8S3g,0.725,72.5,5,21,8,good
wfsgbko6rfmajn85khu4,s8Y2f,知识点s8Y2f,0.5606,56.06,1,2,0,medium
wfsgbko6rfmajn85khu4,t5V9e,知识点t5V9e,0.6941,69.41,4,11,6,good
wfsgbko6rfmajn85khu4,y9W5d,知识点y9W5d,0.6528,65.28,9,21,12,good
0m8o7nuv982vnv3328qw,b3C9s,知识点b3C9s,0.8269,82.69,3,6,6,good
0m8o7nuv982vnv3328qw,g7R2j,知识点g7R2j,0.8275,82.75,5,19,13,good
0m8o7nuv982vnv3328qw,k4W1c,知识点k4W1c,0.8149,81.49,1,1,1,good
0m8o7nuv982vnv3328qw,m3D1v,知识点m3D1v,0.7507,75.07,9,18,9,good
0m8o7nuv982vnv3328qw,r8S3g,知识点r8S3g,0.6916,69.16,5,13,2,good
0m8o7nuv982vnv3328qw,s8Y2f,知识点s8Y2f,0.8976,89.76,1,1,1,good
0m8o7nuv982vnv3328qw,t5V9e,知识点t5V9e,0.8456,84.56,5,14,13,good
0m8o7nuv982vnv3328qw,y9W5d,知识点y9W5d,0.8399,83.99,11,31,24,good
amzij11bls4wa79p3cj8,b3C9s,知识点b3C9s,0.819,81.9,2,7,5,good
amzij11bls4wa79p3cj8,g7R2j,知识点g7R2j,0.7599,75.99,5,24,19,good
amzij11bls4wa79p3cj8,m3D1v,知识点m3D1v,0.6771,67.71,10,36,21,good
amzij11bls4wa79p3cj8,r8S3g,知识点r8S3g,0.7121,71.21,5,17,4,good
amzij11bls4wa79p3cj8,s8Y2f,知识点s8Y2f,0.6302,63.02,0,0,0,good
amzij11bls4wa79p3cj8,t5V9e,知识点t5V9e,0.6493,64.93,5,19,8,good
amzij11bls4wa79p3cj8,y9W5d,知识点y9W5d,0.6304,63.04,7,13,9,good
axunv0aihh5wvi27tx50,b3C9s,知识点b3C9s,0.5909,59.09,2,8,7,medium
axunv0aihh5wvi27tx50,g7R2j,知识点g7R2j,0.7799,77.99,5,19,15,good
axunv0aihh5wvi27tx50,k4W1c,知识点k4W1c,0.6272,62.72,0,0,0,good
axunv0aihh5wvi27tx50,m3D1v,知识点m3D1v,0.7714,77.14,12,37,21,good
axunv0aihh5wvi27tx50,r8S3g,知识点r8S3g,0.5931,59.31,4,13,6,medium
axunv0aihh5wvi27tx50,s8Y2f,知识点s8Y2f,0.7479,74.79,1,3,2,good
axunv0aihh5wvi27tx50,t5V9e,知识点t5V9e,0.7979,79.79,5,10,7,good
axunv0aihh5wvi27tx50,y9W5d,知识点y9W5d,0.5988,59.88,7,19,12,medium
6837091518a3524730fb,b3C9s,知识点b3C9s,0.7956,79.56,3,35,28,good
6837091518a3524730fb,g7R2j,知识点g7R2j,0.7734,77.34,5,83,63,good
6837091518a3524730fb,k4W1c,知识点k4W1c,0.6869,68.69,1,3,1,good
6837091518a3524730fb,m3D1v,知识点m3D1v,0.7858,78.58,12,56,32,good
6837091518a3524730fb,r8S3g,知识点r8S3g,0.8151,81.51,5,31,7,good
6837091518a3524730fb,s8Y2f,知识点s8Y2f,0.6383,63.83,1,5,2,good
6837091518a3524730fb,t5V9e,知识点t5V9e,0.7537,75.37,5,37,26,good
6837091518a3524730fb,y9W5d,知识点y9W5d,0.7755,77.55,11,107,76,good
b050239b47c66a7280c9,b3C9s,知识点b3C9s,0.8642,86.42,2,2,2,good
b050239b47c66a7280c9,g7R2j,知识点g7R2j,0.8046,80.46,4,6,4,good
b050239b47c66a7280c9,k4W1c,知识点k4W1c,0.7368,73.68,1,4,1,good
b050239b47c66a7280c9,m3D1v,知识点m3D1v,0.8142,81.42,12,37,21,good
b050239b47c66a7280c9,r8S3g,知识点r8S3g,0.7711,77.11,5,22,7,good
b050239b47c66a7280c9,s8Y2f,知识点s8Y2f,0.9977,99.77,1,1,1,good
b050239b47c66a7280c9,t5V9e,知识点t5V9e,0.7312,73.12,5,54,33,good
b050239b47c66a7280c9,y9W5d,知识点y9W5d,0.8746,87.46,10,15,12,good
bc7286901f708e9069eb,b3C9s,知识点b3C9s,0.9433,94.33,3,4,3,good
bc7286901f708e9069eb,g7R2j,知识点g7R2j,0.8703,87.03,5,13,5,good
bc7286901f708e9069eb,k4W1c,知识点k4W1c,0.7624,76.24,1,3,1,good
bc7286901f708e9069eb,m3D1v,知识点m3D1v,0.8065,80.65,12,40,12,good
bc7286901f708e9069eb,r8S3g,知识点r8S3g,0.7743,77.43,5,22,7,good
bc7286901f708e9069eb,s8Y2f,知识点s8Y2f,0.9892,98.92,1,1,1,good
bc7286901f708e9069eb,t5V9e,知识点t5V9e,0.9143,91.43,5,8,5,good
bc7286901f708e9069eb,y9W5d,知识点y9W5d,0.9049,90.49,11,31,11,good
e877c03b218bddedd3b8,b3C9s,知识点b3C9s,0.8881,88.81,3,5,3,good
e877c03b218bddedd3b8,g7R2j,知识点g7R2j,0.8573,85.73,4,6,4,good
e877c03b218bddedd3b8,k4W1c,知识点k4W1c,0.9977,99.77,1,1,1,good
e877c03b218bddedd3b8,m3D1v,知识点m3D1v,0.8154,81.54,12,43,16,good
e877c03b218bddedd3b8,r8S3g,知识点r8S3g,0.833,83.3,5,27,7,good
e877c03b218bddedd3b8,s8Y2f,知识点s8Y2f,0.9987,99.87,1,1,1,good
e877c03b218bddedd3b8,t5V9e,知识点t5V9e,0.6882,68.82,5,42,5,good
e877c03b218bddedd3b8,y9W5d,知识点y9W5d,0.9232,92.32,11,21,15,good
8f9ecba976a15fa5d900,b3C9s,知识点b3C9s,0.8926,89.26,3,5,3,good
8f9ecba976a15fa5d900,g7R2j,知识点g7R2j,0.8138,81.38,5,20,15,good
8f9ecba976a15fa5d900,k4W1c,知识点k4W1c,0.7122,71.22,1,6,5,good
8f9ecba976a15fa5d900,m3D1v,知识点m3D1v,0.8572,85.72,12,29,18,good
8f9ecba976a15fa5d900,r8S3g,知识点r8S3g,0.892,89.2,5,9,6,good
8f9ecba976a15fa5d900,s8Y2f,知识点s8Y2f,0.6,60.0,1,3,1,medium
8f9ecba976a15fa5d900,t5V9e,知识点t5V9e,0.8265,82.65,5,7,6,good
8f9ecba976a15fa5d900,y9W5d,知识点y9W5d,0.7548,75.48,11,37,21,good
6cbcdec2dffbcf09a91a,b3C9s,知识点b3C9s,0.8688,86.88,3,5,3,good
6cbcdec2dffbcf09a91a,g7R2j,知识点g7R2j,0.8613,86.13,5,8,6,good
6cbcdec2dffbcf09a91a,k4W1c,知识点k4W1c,0.9987,99.87,1,1,1,good
6cbcdec2dffbcf09a91a,m3D1v,知识点m3D1v,0.9611,96.11,12,14,14,good
6cbcdec2dffbcf09a91a,r8S3g,知识点r8S3g,0.9618,96.18,5,9,7,good
6cbcdec2dffbcf09a91a,s8Y2f,知识点s8Y2f,0.9987,99.87,1,1,1,good
6cbcdec2dffbcf09a91a,t5V9e,知识点t5V9e,0.9678,96.78,5,7,7,good
6cbcdec2dffbcf09a91a,y9W5d,知识点y9W5d,0.9989,99.89,11,11,11,good
fdd714a996ac8bd8006d,b3C9s,知识点b3C9s,0.9745,97.45,3,7,7,good
fdd714a996ac8bd8006d,g7R2j,知识点g7R2j,0.9512,95.12,5,6,6,good
fdd714a996ac8bd8006d,k4W1c,知识点k4W1c,0.9987,99.87,1,1,1,good
fdd714a996ac8bd8006d,m3D1v,知识点m3D1v,0.9619,96.19,12,18,18,good
fdd714a996ac8bd8006d,r8S3g,知识点r8S3g,0.9051,90.51,5,15,6,good
fdd714a996ac8bd8006d,s8Y2f,知识点s8Y2f,0.9989,99.89,1,1,1,good
fdd714a996ac8bd8006d,t5V9e,知识点t5V9e,0.9826,98.26,5,6,6,good
fdd714a996ac8bd8006d,y9W5d,知识点y9W5d,0.9747,97.47,11,15,12,good
fc5a9edc3413ecece4bd,b3C9s,知识点b3C9s,0.9038,90.38,3,3,3,good
fc5a9edc3413ecece4bd,g7R2j,知识点g7R2j,0.9961,99.61,5,6,6,good
fc5a9edc3413ecece4bd,k4W1c,知识点k4W1c,0.8134,81.34,1,2,1,good
fc5a9edc3413ecece4bd,m3D1v,知识点m3D1v,0.964,96.4,12,14,13,good
fc5a9edc3413ecece4bd,r8S3g,知识点r8S3g,0.8249,82.49,5,14,6,good
fc5a9edc3413ecece4bd,s8Y2f,知识点s8Y2f,0.6809,68.09,1,16,4,good
fc5a9edc3413ecece4bd,t5V9e,知识点t5V9e,0.9817,98.17,5,6,6,good
fc5a9edc3413ecece4bd,y9W5d,知识点y9W5d,0.919,91.9,11,33,17,good
7bfbef4127aeec4b344e,b3C9s,知识点b3C9s,0.9989,99.89,3,5,5,good
7bfbef4127aeec4b344e,g7R2j,知识点g7R2j,0.717,71.7,5,22,9,good
7bfbef4127aeec4b344e,k4W1c,知识点k4W1c,0.6741,67.41,1,14,6,good
7bfbef4127aeec4b344e,m3D1v,知识点m3D1v,0.7531,75.31,12,47,18,good
7bfbef4127aeec4b344e,r8S3g,知识点r8S3g,0.7575,75.75,5,39,8,good
7bfbef4127aeec4b344e,s8Y2f,知识点s8Y2f,0.7086,70.86,1,1,1,good
7bfbef4127aeec4b344e,t5V9e,知识点t5V9e,0.7603,76.03,5,36,24,good
7bfbef4127aeec4b344e,y9W5d,知识点y9W5d,0.7855,78.55,11,57,26,good
b93d9fe2a844b416581d,b3C9s,知识点b3C9s,0.8804,88.04,3,8,5,good
b93d9fe2a844b416581d,g7R2j,知识点g7R2j,0.8704,87.04,5,9,7,good
b93d9fe2a844b416581d,k4W1c,知识点k4W1c,0.7589,75.89,1,1,1,good
b93d9fe2a844b416581d,m3D1v,知识点m3D1v,0.8158,81.58,12,53,35,good
b93d9fe2a844b416581d,r8S3g,知识点r8S3g,0.8335,83.35,5,10,6,good
b93d9fe2a844b416581d,s8Y2f,知识点s8Y2f,0.8133,81.33,1,2,1,good
b93d9fe2a844b416581d,t5V9e,知识点t5V9e,0.8813,88.13,5,8,7,good
b93d9fe2a844b416581d,y9W5d,知识点y9W5d,0.8662,86.62,11,50,42,good
df784e67883e018f88b8,b3C9s,知识点b3C9s,0.8783,87.83,3,3,3,good
df784e67883e018f88b8,g7R2j,知识点g7R2j,0.8973,89.73,5,7,7,good
df784e67883e018f88b8,k4W1c,知识点k4W1c,0.8133,81.33,1,2,1,good
df784e67883e018f88b8,m3D1v,知识点m3D1v,0.9057,90.57,12,21,18,good
df784e67883e018f88b8,r8S3g,知识点r8S3g,0.8225,82.25,5,22,6,good
df784e67883e018f88b8,s8Y2f,知识点s8Y2f,0.9982,99.82,1,1,1,good
df784e67883e018f88b8,t5V9e,知识点t5V9e,0.9568,95.68,5,12,12,good
df784e67883e018f88b8,y9W5d,知识点y9W5d,0.9189,91.89,11,19,16,good
9c2b85496091fd7f66d4,b3C9s,知识点b3C9s,0.7206,72.06,3,17,4,good
9c2b85496091fd7f66d4,g7R2j,知识点g7R2j,0.7888,78.88,5,22,15,good
9c2b85496091fd7f66d4,k4W1c,知识点k4W1c,0.7257,72.57,1,5,4,good
9c2b85496091fd7f66d4,m3D1v,知识点m3D1v,0.7644,76.44,12,55,26,good
9c2b85496091fd7f66d4,r8S3g,知识点r8S3g,0.7123,71.23,5,21,7,good
9c2b85496091fd7f66d4,s8Y2f,知识点s8Y2f,0.5221,52.21,1,8,7,medium
9c2b85496091fd7f66d4,t5V9e,知识点t5V9e,0.7268,72.68,5,29,25,good
9c2b85496091fd7f66d4,y9W5d,知识点y9W5d,0.7007,70.07,11,108,75,good
2842c82981077b78b3cd,b3C9s,知识点b3C9s,0.791,79.1,3,11,7,good
2842c82981077b78b3cd,g7R2j,知识点g7R2j,0.6722,67.22,5,27,10,good
2842c82981077b78b3cd,k4W1c,知识点k4W1c,0.6281,62.81,1,9,1,good
2842c82981077b78b3cd,m3D1v,知识点m3D1v,0.6455,64.55,12,115,34,good
2842c82981077b78b3cd,r8S3g,知识点r8S3g,0.7457,74.57,5,31,9,good
2842c82981077b78b3cd,s8Y2f,知识点s8Y2f,0.6107,61.07,1,17,7,good
2842c82981077b78b3cd,t5V9e,知识点t5V9e,0.7048,70.48,5,62,27,good
2842c82981077b78b3cd,y9W5d,知识点y9W5d,0.6807,68.07,11,99,44,good
6ab4994b59925a6d1bba,b3C9s,知识点b3C9s,0.5859,58.59,3,31,7,medium
6ab4994b59925a6d1bba,g7R2j,知识点g7R2j,0.6562,65.62,5,67,30,good
6ab4994b59925a6d1bba,k4W1c,知识点k4W1c,0.6766,67.66,1,15,11,good
6ab4994b59925a6d1bba,m3D1v,知识点m3D1v,0.7391,73.91,12,68,31,good
6ab4994b59925a6d1bba,r8S3g,知识点r8S3g,0.742,74.2,5,39,9,good
6ab4994b59925a6d1bba,s8Y2f,知识点s8Y2f,0.553,55.3,1,10,2,medium
6ab4994b59925a6d1bba,t5V9e,知识点t5V9e,0.7581,75.81,5,39,22,good
6ab4994b59925a6d1bba,y9W5d,知识点y9W5d,0.6458,64.58,11,84,26,good
fc1c9dd58091c33d8888,b3C9s,知识点b3C9s,0.8868,88.68,3,7,5,good
fc1c9dd58091c33d8888,g7R2j,知识点g7R2j,0.9406,94.06,5,14,9,good
fc1c9dd58091c33d8888,k4W1c,知识点k4W1c,0.6507,65.07,1,19,5,good
fc1c9dd58091c33d8888,m3D1v,知识点m3D1v,0.7448,74.48,12,89,20,good
fc1c9dd58091c33d8888,r8S3g,知识点r8S3g,0.734,73.4,5,40,6,good
fc1c9dd58091c33d8888,s8Y2f,知识点s8Y2f,0.7777,77.77,1,12,10,good
fc1c9dd58091c33d8888,t5V9e,知识点t5V9e,0.7446,74.46,5,48,28,good
fc1c9dd58091c33d8888,y9W5d,知识点y9W5d,0.7288,72.88,11,130,47,good
01a691413dc5897db83f,b3C9s,知识点b3C9s,0.6957,69.57,3,21,5,good
01a691413dc5897db83f,g7R2j,知识点g7R2j,0.6833,68.33,5,43,32,good
01a691413dc5897db83f,k4W1c,知识点k4W1c,0.6031,60.31,1,4,3,good
01a691413dc5897db83f,m3D1v,知识点m3D1v,0.6509,65.09,12,119,38,good
01a691413dc5897db83f,r8S3g,知识点r8S3g,0.7459,74.59,5,45,6,good
01a691413dc5897db83f,s8Y2f,知识点s8Y2f,0.6475,64.75,1,5,2,good
01a691413dc5897db83f,t5V9e,知识点t5V9e,0.7388,73.88,5,58,32,good
01a691413dc5897db83f,y9W5d,知识点y9W5d,0.6869,68.69,11,62,41,good
374ff25490a1f0aba47f,b3C9s,知识点b3C9s,0.8313,83.13,3,9,8,good
374ff25490a1f0aba47f,g7R2j,知识点g7R2j,0.8529,85.29,5,39,33,good
374ff25490a1f0aba47f,k4W1c,知识点k4W1c,0.8493,84.93,1,13,13,good
374ff25490a1f0aba47f,m3D1v,知识点m3D1v,0.8749,87.49,12,30,22,good
374ff25490a1f0aba47f,r8S3g,知识点r8S3g,0.7872,78.72,5,35,13,good
374ff25490a1f0aba47f,s8Y2f,知识点s8Y2f,0.9987,99.87,1,1,1,good
374ff25490a1f0aba47f,t5V9e,知识点t5V9e,0.8629,86.29,5,15,14,good
374ff25490a1f0aba47f,y9W5d,知识点y9W5d,0.8866,88.66,11,48,45,good
424de2c5e2c1f5652cdc,b3C9s,知识点b3C9s,0.933,93.3,3,5,4,good
424de2c5e2c1f5652cdc,g7R2j,知识点g7R2j,0.7595,75.95,5,44,31,good
424de2c5e2c1f5652cdc,k4W1c,知识点k4W1c,0.8135,81.35,1,2,1,good
424de2c5e2c1f5652cdc,m3D1v,知识点m3D1v,0.8393,83.93,12,34,19,good
424de2c5e2c1f5652cdc,r8S3g,知识点r8S3g,0.8426,84.26,5,42,7,good
424de2c5e2c1f5652cdc,s8Y2f,知识点s8Y2f,0.9982,99.82,1,1,1,good
424de2c5e2c1f5652cdc,t5V9e,知识点t5V9e,0.7631,76.31,5,25,19,good
424de2c5e2c1f5652cdc,y9W5d,知识点y9W5d,0.9177,91.77,11,21,18,good
5479f88afb95288d6392,b3C9s,知识点b3C9s,0.832,83.2,3,7,3,good
5479f88afb95288d6392,g7R2j,知识点g7R2j,0.9134,91.34,5,16,13,good
5479f88afb95288d6392,k4W1c,知识点k4W1c,0.759,75.9,1,2,2,good
5479f88afb95288d6392,m3D1v,知识点m3D1v,0.9032,90.32,12,19,17,good
5479f88afb95288d6392,r8S3g,知识点r8S3g,0.9614,96.14,5,7,6,good
5479f88afb95288d6392,s8Y2f,知识点s8Y2f,0.8129,81.29,1,2,1,good
5479f88afb95288d6392,t5V9e,知识点t5V9e,0.9779,97.79,5,7,7,good
5479f88afb95288d6392,y9W5d,知识点y9W5d,0.847,84.7,11,48,35,good
ed94d52e091b68ca5ee5,b3C9s,知识点b3C9s,0.7553,75.53,3,18,17,good
ed94d52e091b68ca5ee5,g7R2j,知识点g7R2j,0.8247,82.47,5,22,22,good
ed94d52e091b68ca5ee5,k4W1c,知识点k4W1c,0.9987,99.87,1,1,1,good
ed94d52e091b68ca5ee5,m3D1v,知识点m3D1v,0.8465,84.65,12,27,22,good
ed94d52e091b68ca5ee5,r8S3g,知识点r8S3g,0.9067,90.67,5,13,8,good
ed94d52e091b68ca5ee5,s8Y2f,知识点s8Y2f,0.659,65.9,1,3,1,good
ed94d52e091b68ca5ee5,t5V9e,知识点t5V9e,0.8672,86.72,5,19,19,good
ed94d52e091b68ca5ee5,y9W5d,知识点y9W5d,0.8424,84.24,11,64,48,good
db54f15d48fa56b0d953,b3C9s,知识点b3C9s,0.8877,88.77,3,4,3,good
db54f15d48fa56b0d953,g7R2j,知识点g7R2j,0.9248,92.48,5,6,5,good
db54f15d48fa56b0d953,k4W1c,知识点k4W1c,0.588,58.8,1,6,1,medium
db54f15d48fa56b0d953,m3D1v,知识点m3D1v,0.9555,95.55,12,15,14,good
db54f15d48fa56b0d953,r8S3g,知识点r8S3g,0.7287,72.87,5,22,8,good
db54f15d48fa56b0d953,s8Y2f,知识点s8Y2f,0.8132,81.32,1,1,1,good
db54f15d48fa56b0d953,t5V9e,知识点t5V9e,0.8439,84.39,5,14,6,good
db54f15d48fa56b0d953,y9W5d,知识点y9W5d,0.83,83.0,11,25,15,good
6a62f52203bda35656be,b3C9s,知识点b3C9s,0.9431,94.31,3,4,3,good
6a62f52203bda35656be,g7R2j,知识点g7R2j,0.8316,83.16,5,16,7,good
6a62f52203bda35656be,k4W1c,知识点k4W1c,0.7227,72.27,1,4,2,good
6a62f52203bda35656be,m3D1v,知识点m3D1v,0.7343,73.43,12,100,44,good
6a62f52203bda35656be,r8S3g,知识点r8S3g,0.6978,69.78,5,34,6,good
6a62f52203bda35656be,s8Y2f,知识点s8Y2f,0.5852,58.52,1,9,1,medium
6a62f52203bda35656be,t5V9e,知识点t5V9e,0.7073,70.73,5,52,13,good
6a62f52203bda35656be,y9W5d,知识点y9W5d,0.7161,71.61,11,63,29,good
0b02f701b1179f9f74f9,b3C9s,知识点b3C9s,0.9986,99.86,3,3,3,good
0b02f701b1179f9f74f9,g7R2j,知识点g7R2j,0.8184,81.84,5,21,16,good
0b02f701b1179f9f74f9,k4W1c,知识点k4W1c,0.9982,99.82,1,1,1,good
0b02f701b1179f9f74f9,m3D1v,知识点m3D1v,0.8912,89.12,12,21,15,good
0b02f701b1179f9f74f9,r8S3g,知识点r8S3g,0.719,71.9,5,21,6,good
0b02f701b1179f9f74f9,s8Y2f,知识点s8Y2f,0.8141,81.41,1,2,1,good
0b02f701b1179f9f74f9,t5V9e,知识点t5V9e,0.7764,77.64,5,30,10,good
0b02f701b1179f9f74f9,y9W5d,知识点y9W5d,0.858,85.8,11,20,18,good
74e22a3421e605061ef1,b3C9s,知识点b3C9s,0.6792,67.92,3,13,9,good
74e22a3421e605061ef1,g7R2j,知识点g7R2j,0.7316,73.16,5,21,15,good
74e22a3421e605061ef1,k4W1c,知识点k4W1c,0.8618,86.18,1,3,3,good
74e22a3421e605061ef1,m3D1v,知识点m3D1v,0.7397,73.97,12,53,26,good
74e22a3421e605061ef1,r8S3g,知识点r8S3g,0.8505,85.05,5,20,8,good
74e22a3421e605061ef1,s8Y2f,知识点s8Y2f,0.5705,57.05,1,8,5,medium
74e22a3421e605061ef1,t5V9e,知识点t5V9e,0.7202,72.02,5,27,16,good
74e22a3421e605061ef1,y9W5d,知识点y9W5d,0.7552,75.52,11,66,34,good
de5213e7b8c88440a298,b3C9s,知识点b3C9s,0.6783,67.83,3,18,11,good
de5213e7b8c88440a298,g7R2j,知识点g7R2j,0.6869,68.69,5,43,27,good
de5213e7b8c88440a298,k4W1c,知识点k4W1c,0.8289,82.89,1,3,2,good
de5213e7b8c88440a298,m3D1v,知识点m3D1v,0.7483,74.83,12,68,33,good
de5213e7b8c88440a298,r8S3g,知识点r8S3g,0.8713,87.13,5,13,7,good
de5213e7b8c88440a298,s8Y2f,知识点s8Y2f,0.5981,59.81,1,4,1,medium
de5213e7b8c88440a298,t5V9e,知识点t5V9e,0.7274,72.74,5,24,14,good
de5213e7b8c88440a298,y9W5d,知识点y9W5d,0.7401,74.01,11,53,29,good
94a770d27cae58950a5b,b3C9s,知识点b3C9s,0.9987,99.87,3,3,3,good
94a770d27cae58950a5b,g7R2j,知识点g7R2j,0.9175,91.75,5,17,14,good
94a770d27cae58950a5b,k4W1c,知识点k4W1c,0.9977,99.77,1,1,1,good
94a770d27cae58950a5b,m3D1v,知识点m3D1v,0.9496,94.96,12,22,19,good
94a770d27cae58950a5b,r8S3g,知识点r8S3g,0.9145,91.45,5,48,6,good
94a770d27cae58950a5b,s8Y2f,知识点s8Y2f,0.7958,79.58,1,5,5,good
94a770d27cae58950a5b,t5V9e,知识点t5V9e,0.9065,90.65,5,12,8,good
94a770d27cae58950a5b,y9W5d,知识点y9W5d,0.8901,89.01,11,39,35,good
5faa3d19e595ab735fda,b3C9s,知识点b3C9s,0.7648,76.48,3,9,8,good
5faa3d19e595ab735fda,g7R2j,知识点g7R2j,0.8758,87.58,5,12,11,good
5faa3d19e595ab735fda,k4W1c,知识点k4W1c,0.7847,78.47,1,2,2,good
5faa3d19e595ab735fda,m3D1v,知识点m3D1v,0.8852,88.52,12,20,19,good
5faa3d19e595ab735fda,r8S3g,知识点r8S3g,0.7193,71.93,5,20,13,good
5faa3d19e595ab735fda,s8Y2f,知识点s8Y2f,0.9976,99.76,1,2,2,good
5faa3d19e595ab735fda,t5V9e,知识点t5V9e,0.7473,74.73,5,54,21,good
5faa3d19e595ab735fda,y9W5d,知识点y9W5d,0.9449,94.49,11,26,25,good
cad61c88146ec4d99a6d,r8S3g,知识点r8S3g,0.1417,14.17,1,6,1,poor
1d50eac067378042684b,b3C9s,知识点b3C9s,0.9317,93.17,3,7,6,good
1d50eac067378042684b,g7R2j,知识点g7R2j,0.779,77.9,5,13,5,good
1d50eac067378042684b,k4W1c,知识点k4W1c,0.6705,67.05,1,10,3,good
1d50eac067378042684b,m3D1v,知识点m3D1v,0.7264,72.64,12,59,23,good
1d50eac067378042684b,r8S3g,知识点r8S3g,0.7697,76.97,5,35,9,good
1d50eac067378042684b,s8Y2f,知识点s8Y2f,0.72,72.0,1,5,1,good
1d50eac067378042684b,t5V9e,知识点t5V9e,0.6859,68.59,5,40,13,good
1d50eac067378042684b,y9W5d,知识点y9W5d,0.7381,73.81,11,60,20,good
c8d8f83d06b68fc2f944,b3C9s,知识点b3C9s,0.7918,79.18,3,4,4,good
c8d8f83d06b68fc2f944,g7R2j,知识点g7R2j,0.8748,87.48,5,9,7,good
c8d8f83d06b68fc2f944,k4W1c,知识点k4W1c,0.8567,85.67,1,5,5,good
c8d8f83d06b68fc2f944,m3D1v,知识点m3D1v,0.9152,91.52,12,29,24,good
c8d8f83d06b68fc2f944,r8S3g,知识点r8S3g,0.9039,90.39,5,13,6,good
c8d8f83d06b68fc2f944,s8Y2f,知识点s8Y2f,0.6295,62.95,1,1,1,good
c8d8f83d06b68fc2f944,t5V9e,知识点t5V9e,0.8175,81.75,5,19,16,good
c8d8f83d06b68fc2f944,y9W5d,知识点y9W5d,0.8219,82.19,11,69,63,good
72fbfd24cdff0454a0e2,b3C9s,知识点b3C9s,0.9368,93.68,3,3,3,good
72fbfd24cdff0454a0e2,g7R2j,知识点g7R2j,0.7656,76.56,5,19,10,good
72fbfd24cdff0454a0e2,k4W1c,知识点k4W1c,0.8633,86.33,1,2,2,good
72fbfd24cdff0454a0e2,m3D1v,知识点m3D1v,0.7431,74.31,12,38,13,good
72fbfd24cdff0454a0e2,r8S3g,知识点r8S3g,0.8212,82.12,5,33,6,good
72fbfd24cdff0454a0e2,s8Y2f,知识点s8Y2f,0.9982,99.82,1,1,1,good
72fbfd24cdff0454a0e2,t5V9e,知识点t5V9e,0.9877,98.77,5,7,7,good
72fbfd24cdff0454a0e2,y9W5d,知识点y9W5d,0.9131,91.31,11,24,15,good
768c216e172762b85899,b3C9s,知识点b3C9s,0.1944,19.44,1,6,4,poor
768c216e172762b85899,g7R2j,知识点g7R2j,0.5395,53.95,4,28,10,medium
768c216e172762b85899,k4W1c,知识点k4W1c,0.6755,67.55,1,2,1,good
768c216e172762b85899,m3D1v,知识点m3D1v,0.8661,86.61,12,38,29,good
768c216e172762b85899,r8S3g,知识点r8S3g,0.8044,80.44,5,15,6,good
768c216e172762b85899,s8Y2f,知识点s8Y2f,0.7831,78.31,1,5,4,good
768c216e172762b85899,t5V9e,知识点t5V9e,0.8748,87.48,5,16,9,good
768c216e172762b85899,y9W5d,知识点y9W5d,0.7389,73.89,11,82,46,good
306627b1ecbdf4e3aa34,b3C9s,知识点b3C9s,0.8883,88.83,3,12,6,good
306627b1ecbdf4e3aa34,g7R2j,知识点g7R2j,0.7503,75.03,5,16,10,good
306627b1ecbdf4e3aa34,k4W1c,知识点k4W1c,0.7809,78.09,1,5,4,good
306627b1ecbdf4e3aa34,m3D1v,知识点m3D1v,0.8466,84.66,12,31,26,good
306627b1ecbdf4e3aa34,r8S3g,知识点r8S3g,0.8594,85.94,5,17,6,good
306627b1ecbdf4e3aa34,s8Y2f,知识点s8Y2f,0.6254,62.54,1,1,1,good
306627b1ecbdf4e3aa34,t5V9e,知识点t5V9e,0.885,88.5,5,7,5,good
306627b1ecbdf4e3aa34,y9W5d,知识点y9W5d,0.7922,79.22,11,38,28,good
0ef8b2c9e039eaace596,b3C9s,知识点b3C9s,0.8609,86.09,3,10,9,good
0ef8b2c9e039eaace596,g7R2j,知识点g7R2j,0.775,77.5,5,39,34,good
0ef8b2c9e039eaace596,k4W1c,知识点k4W1c,0.6842,68.42,1,16,9,good
0ef8b2c9e039eaace596,m3D1v,知识点m3D1v,0.9344,93.44,12,22,20,good
0ef8b2c9e039eaace596,r8S3g,知识点r8S3g,0.8518,85.18,5,14,7,good
0ef8b2c9e039eaace596,s8Y2f,知识点s8Y2f,0.922,92.2,1,4,4,good
0ef8b2c9e039eaace596,t5V9e,知识点t5V9e,0.8478,84.78,5,15,15,good
0ef8b2c9e039eaace596,y9W5d,知识点y9W5d,0.8535,85.35,11,45,36,good
6b0cc09c9daf2966d1a7,b3C9s,知识点b3C9s,0.7787,77.87,3,8,5,good
6b0cc09c9daf2966d1a7,g7R2j,知识点g7R2j,0.6846,68.46,5,74,52,good
6b0cc09c9daf2966d1a7,k4W1c,知识点k4W1c,0.6591,65.91,1,7,4,good
6b0cc09c9daf2966d1a7,m3D1v,知识点m3D1v,0.7835,78.35,12,70,34,good
6b0cc09c9daf2966d1a7,r8S3g,知识点r8S3g,0.8302,83.02,5,23,14,good
6b0cc09c9daf2966d1a7,s8Y2f,知识点s8Y2f,0.675,67.5,1,4,1,good
6b0cc09c9daf2966d1a7,t5V9e,知识点t5V9e,0.7932,79.32,5,17,12,good
6b0cc09c9daf2966d1a7,y9W5d,知识点y9W5d,0.7073,70.73,11,68,29,good
b6b2f975de58052aae0c,b3C9s,知识点b3C9s,0.9979,99.79,3,4,4,good
b6b2f975de58052aae0c,g7R2j,知识点g7R2j,0.9457,94.57,5,6,6,good
b6b2f975de58052aae0c,k4W1c,知识点k4W1c,0.6999,69.99,1,7,1,good
b6b2f975de58052aae0c,m3D1v,知识点m3D1v,0.8877,88.77,12,73,18,good
b6b2f975de58052aae0c,r8S3g,知识点r8S3g,0.6247,62.47,5,89,6,good
b6b2f975de58052aae0c,s8Y2f,知识点s8Y2f,0.9987,99.87,1,1,1,good
b6b2f975de58052aae0c,t5V9e,知识点t5V9e,0.7682,76.82,5,12,9,good
b6b2f975de58052aae0c,y9W5d,知识点y9W5d,0.8482,84.82,11,66,11,good
071685b292483b04e836,b3C9s,知识点b3C9s,0.9985,99.85,3,3,3,good
071685b292483b04e836,g7R2j,知识点g7R2j,0.9452,94.52,5,5,5,good
071685b292483b04e836,k4W1c,知识点k4W1c,0.865,86.5,1,3,2,good
071685b292483b04e836,m3D1v,知识点m3D1v,0.9758,97.58,12,13,12,good
071685b292483b04e836,r8S3g,知识点r8S3g,0.8452,84.52,5,25,6,good
071685b292483b04e836,s8Y2f,知识点s8Y2f,0.9301,93.01,1,3,3,good
071685b292483b04e836,t5V9e,知识点t5V9e,0.7905,79.05,5,14,11,good
071685b292483b04e836,y9W5d,知识点y9W5d,0.9285,92.85,11,24,20,good
2ea821273e01ec758583,b3C9s,知识点b3C9s,0.7113,71.13,3,15,4,good
2ea821273e01ec758583,g7R2j,知识点g7R2j,0.664,66.4,5,39,8,good
2ea821273e01ec758583,k4W1c,知识点k4W1c,0.8138,81.38,1,2,1,good
2ea821273e01ec758583,m3D1v,知识点m3D1v,0.8377,83.77,12,45,18,good
2ea821273e01ec758583,r8S3g,知识点r8S3g,0.9242,92.42,5,8,7,good
2ea821273e01ec758583,s8Y2f,知识点s8Y2f,0.7627,76.27,1,3,1,good
2ea821273e01ec758583,t5V9e,知识点t5V9e,0.8072,80.72,5,13,7,good
2ea821273e01ec758583,y9W5d,知识点y9W5d,0.7478,74.78,11,40,18,good
552365f82674884bcaaa,b3C9s,知识点b3C9s,0.9987,99.87,3,3,3,good
552365f82674884bcaaa,g7R2j,知识点g7R2j,0.9191,91.91,5,8,6,good
552365f82674884bcaaa,k4W1c,知识点k4W1c,0.7504,75.04,1,4,2,good
552365f82674884bcaaa,m3D1v,知识点m3D1v,0.9373,93.73,12,15,14,good
552365f82674884bcaaa,r8S3g,知识点r8S3g,0.8364,83.64,5,19,6,good
552365f82674884bcaaa,s8Y2f,知识点s8Y2f,0.9985,99.85,1,1,1,good
552365f82674884bcaaa,t5V9e,知识点t5V9e,0.8829,88.29,5,16,11,good
552365f82674884bcaaa,y9W5d,知识点y9W5d,0.9543,95.43,11,16,12,good
cdbfb55b48cefce540dd,b3C9s,知识点b3C9s,0.9412,94.12,3,3,3,good
cdbfb55b48cefce540dd,g7R2j,知识点g7R2j,0.9963,99.63,5,5,5,good
cdbfb55b48cefce540dd,k4W1c,知识点k4W1c,0.8462,84.62,1,5,5,good
cdbfb55b48cefce540dd,m3D1v,知识点m3D1v,0.9413,94.13,12,30,12,good
cdbfb55b48cefce540dd,r8S3g,知识点r8S3g,0.9616,96.16,5,6,6,good
cdbfb55b48cefce540dd,s8Y2f,知识点s8Y2f,0.9981,99.81,1,1,1,good
cdbfb55b48cefce540dd,t5V9e,知识点t5V9e,0.7965,79.65,5,13,7,good
cdbfb55b48cefce540dd,y9W5d,知识点y9W5d,0.9842,98.42,11,15,15,good
a867295d48d4b4134903,b3C9s,知识点b3C9s,0.6457,64.57,3,31,8,good
a867295d48d4b4134903,g7R2j,知识点g7R2j,0.7572,75.72,5,35,22,good
a867295d48d4b4134903,k4W1c,知识点k4W1c,0.7959,79.59,1,3,2,good
a867295d48d4b4134903,m3D1v,知识点m3D1v,0.811,81.1,12,41,33,good
a867295d48d4b4134903,r8S3g,知识点r8S3g,0.7199,71.99,5,31,7,good
a867295d48d4b4134903,s8Y2f,知识点s8Y2f,0.7788,77.88,1,3,2,good
a867295d48d4b4134903,t5V9e,知识点t5V9e,0.7578,75.78,5,21,9,good
a867295d48d4b4134903,y9W5d,知识点y9W5d,0.7874,78.74,11,37,29,good
a9e1aff282e8d6356dce,b3C9s,知识点b3C9s,0.7792,77.92,3,6,3,good
a9e1aff282e8d6356dce,g7R2j,知识点g7R2j,0.9234,92.34,5,5,5,good
a9e1aff282e8d6356dce,k4W1c,知识点k4W1c,0.9982,99.82,1,1,1,good
a9e1aff282e8d6356dce,m3D1v,知识点m3D1v,0.8554,85.54,12,25,13,good
a9e1aff282e8d6356dce,r8S3g,知识点r8S3g,0.8473,84.73,5,10,6,good
a9e1aff282e8d6356dce,s8Y2f,知识点s8Y2f,0.9926,99.26,1,1,1,good
a9e1aff282e8d6356dce,t5V9e,知识点t5V9e,0.9088,90.88,5,5,5,good
a9e1aff282e8d6356dce,y9W5d,知识点y9W5d,0.9104,91.04,11,45,11,good
0b16d35f1f39a063708a,b3C9s,知识点b3C9s,0.7773,77.73,3,5,3,good
0b16d35f1f39a063708a,g7R2j,知识点g7R2j,0.7308,73.08,5,47,25,good
0b16d35f1f39a063708a,k4W1c,知识点k4W1c,0.7019,70.19,1,6,4,good
0b16d35f1f39a063708a,m3D1v,知识点m3D1v,0.648,64.8,12,91,40,good
0b16d35f1f39a063708a,r8S3g,知识点r8S3g,0.7162,71.62,5,40,10,good
0b16d35f1f39a063708a,s8Y2f,知识点s8Y2f,0.6524,65.24,1,11,9,good
0b16d35f1f39a063708a,t5V9e,知识点t5V9e,0.7388,73.88,5,37,17,good
0b16d35f1f39a063708a,y9W5d,知识点y9W5d,0.7385,73.85,11,51,33,good
a0973be15e5e7116f121,b3C9s,知识点b3C9s,0.9327,93.27,3,6,6,good
a0973be15e5e7116f121,g7R2j,知识点g7R2j,0.9069,90.69,5,14,14,good
a0973be15e5e7116f121,k4W1c,知识点k4W1c,0.9981,99.81,1,1,1,good
a0973be15e5e7116f121,m3D1v,知识点m3D1v,0.8846,88.46,12,25,19,good
a0973be15e5e7116f121,r8S3g,知识点r8S3g,0.8441,84.41,5,9,6,good
a0973be15e5e7116f121,s8Y2f,知识点s8Y2f,0.9982,99.82,1,1,1,good
a0973be15e5e7116f121,t5V9e,知识点t5V9e,0.8643,86.43,5,9,9,good
a0973be15e5e7116f121,y9W5d,知识点y9W5d,0.8673,86.73,11,32,19,good
49a91a4dce6838ffcbcd,b3C9s,知识点b3C9s,0.838,83.8,3,9,6,good
49a91a4dce6838ffcbcd,g7R2j,知识点g7R2j,0.7959,79.59,5,10,6,good
49a91a4dce6838ffcbcd,k4W1c,知识点k4W1c,0.9982,99.82,1,1,1,good
49a91a4dce6838ffcbcd,m3D1v,知识点m3D1v,0.885,88.5,12,32,22,good
49a91a4dce6838ffcbcd,r8S3g,知识点r8S3g,0.7607,76.07,5,47,16,good
49a91a4dce6838ffcbcd,s8Y2f,知识点s8Y2f,0.813,81.3,1,2,1,good
49a91a4dce6838ffcbcd,t5V9e,知识点t5V9e,0.7832,78.32,5,68,19,good
49a91a4dce6838ffcbcd,y9W5d,知识点y9W5d,0.8983,89.83,11,23,18,good
b5863cc5a1b448ca1cab,b3C9s,知识点b3C9s,0.8722,87.22,3,5,3,good
b5863cc5a1b448ca1cab,g7R2j,知识点g7R2j,0.9086,90.86,5,10,7,good
b5863cc5a1b448ca1cab,k4W1c,知识点k4W1c,0.9987,99.87,1,1,1,good
b5863cc5a1b448ca1cab,m3D1v,知识点m3D1v,0.8497,84.97,12,28,19,good
b5863cc5a1b448ca1cab,r8S3g,知识点r8S3g,0.6751,67.51,5,64,8,good
b5863cc5a1b448ca1cab,s8Y2f,知识点s8Y2f,0.76,76.0,1,7,3,good
b5863cc5a1b448ca1cab,t5V9e,知识点t5V9e,0.7663,76.63,5,28,15,good
b5863cc5a1b448ca1cab,y9W5d,知识点y9W5d,0.8154,81.54,11,40,23,good
c7bb8ace7e79b91b3346,b3C9s,知识点b3C9s,0.998,99.8,3,3,3,good
c7bb8ace7e79b91b3346,g7R2j,知识点g7R2j,0.8736,87.36,5,15,5,good
c7bb8ace7e79b91b3346,k4W1c,知识点k4W1c,0.7357,73.57,1,1,1,good
c7bb8ace7e79b91b3346,m3D1v,知识点m3D1v,0.8215,82.15,12,40,18,good
c7bb8ace7e79b91b3346,r8S3g,知识点r8S3g,0.7664,76.64,5,65,6,good
c7bb8ace7e79b91b3346,s8Y2f,知识点s8Y2f,0.9965,99.65,1,1,1,good
c7bb8ace7e79b91b3346,t5V9e,知识点t5V9e,0.8923,89.23,5,15,7,good
c7bb8ace7e79b91b3346,y9W5d,知识点y9W5d,0.8271,82.71,11,28,20,good
498121d2486259ef1b3a,b3C9s,知识点b3C9s,0.8365,83.65,3,15,3,good
498121d2486259ef1b3a,g7R2j,知识点g7R2j,0.7339,73.39,5,29,9,good
498121d2486259ef1b3a,k4W1c,知识点k4W1c,0.8285,82.85,1,2,2,good
498121d2486259ef1b3a,m3D1v,知识点m3D1v,0.8107,81.07,12,37,16,good
498121d2486259ef1b3a,r8S3g,知识点r8S3g,0.7965,79.65,5,29,9,good
498121d2486259ef1b3a,s8Y2f,知识点s8Y2f,0.6083,60.83,1,3,1,good
498121d2486259ef1b3a,t5V9e,知识点t5V9e,0.7608,76.08,5,38,22,good
498121d2486259ef1b3a,y9W5d,知识点y9W5d,0.8041,80.41,11,49,28,good
3094825929f936abb792,b3C9s,知识点b3C9s,0.9019,90.19,3,4,4,good
3094825929f936abb792,g7R2j,知识点g7R2j,0.8608,86.08,5,16,12,good
3094825929f936abb792,k4W1c,知识点k4W1c,0.9977,99.77,1,2,2,good
3094825929f936abb792,m3D1v,知识点m3D1v,0.8075,80.75,12,67,33,good
3094825929f936abb792,r8S3g,知识点r8S3g,0.7487,74.87,5,27,13,good
3094825929f936abb792,s8Y2f,知识点s8Y2f,0.6541,65.41,1,12,3,good
3094825929f936abb792,t5V9e,知识点t5V9e,0.878,87.8,5,15,11,good
3094825929f936abb792,y9W5d,知识点y9W5d,0.9093,90.93,11,44,29,good
897f6d3de550ebf68384,b3C9s,知识点b3C9s,0.8374,83.74,3,17,14,good
897f6d3de550ebf68384,g7R2j,知识点g7R2j,0.9083,90.83,5,11,11,good
897f6d3de550ebf68384,k4W1c,知识点k4W1c,0.8115,81.15,1,1,1,good
897f6d3de550ebf68384,m3D1v,知识点m3D1v,0.9045,90.45,12,26,23,good
897f6d3de550ebf68384,r8S3g,知识点r8S3g,0.839,83.9,5,23,8,good
897f6d3de550ebf68384,s8Y2f,知识点s8Y2f,0.6866,68.66,1,3,1,good
897f6d3de550ebf68384,t5V9e,知识点t5V9e,0.8043,80.43,5,17,15,good
897f6d3de550ebf68384,y9W5d,知识点y9W5d,0.8653,86.53,11,26,22,good
418f4730434eaced55a2,b3C9s,知识点b3C9s,0.8167,81.67,3,17,11,good
418f4730434eaced55a2,g7R2j,知识点g7R2j,0.9024,90.24,5,9,5,good
418f4730434eaced55a2,k4W1c,知识点k4W1c,0.9977,99.77,1,1,1,good
418f4730434eaced55a2,m3D1v,知识点m3D1v,0.9689,96.89,12,21,12,good
418f4730434eaced55a2,r8S3g,知识点r8S3g,0.9987,99.87,5,6,6,good
418f4730434eaced55a2,s8Y2f,知识点s8Y2f,0.9892,98.92,1,1,1,good
418f4730434eaced55a2,t5V9e,知识点t5V9e,0.9775,97.75,5,7,7,good
418f4730434eaced55a2,y9W5d,知识点y9W5d,0.997,99.7,11,11,11,good
b7ef250772618a089b48,b3C9s,知识点b3C9s,0.9121,91.21,3,6,5,good
b7ef250772618a089b48,g7R2j,知识点g7R2j,0.6792,67.92,5,35,31,good
b7ef250772618a089b48,k4W1c,知识点k4W1c,0.7856,78.56,1,3,3,good
b7ef250772618a089b48,m3D1v,知识点m3D1v,0.752,75.2,12,45,24,good
b7ef250772618a089b48,r8S3g,知识点r8S3g,0.8634,86.34,5,16,6,good
b7ef250772618a089b48,s8Y2f,知识点s8Y2f,0.762,76.2,1,1,1,good
b7ef250772618a089b48,t5V9e,知识点t5V9e,0.8934,89.34,5,15,13,good
b7ef250772618a089b48,y9W5d,知识点y9W5d,0.8032,80.32,11,29,28,good
b37bdce835e610d26c0c,k4W1c,知识点k4W1c,0.6637,66.37,0,0,0,good
b37bdce835e610d26c0c,m3D1v,知识点m3D1v,0.8197,81.97,11,22,18,good
b37bdce835e610d26c0c,r8S3g,知识点r8S3g,0.9619,96.19,5,6,6,good
b37bdce835e610d26c0c,t5V9e,知识点t5V9e,0.9303,93.03,5,15,15,good
b37bdce835e610d26c0c,y9W5d,知识点y9W5d,0.3038,30.38,3,7,4,poor
fef67841144f4c95a6c5,b3C9s,知识点b3C9s,0.9303,93.03,3,9,9,good
fef67841144f4c95a6c5,g7R2j,知识点g7R2j,0.9213,92.13,5,14,14,good
fef67841144f4c95a6c5,k4W1c,知识点k4W1c,0.9992,99.92,1,1,1,good
fef67841144f4c95a6c5,m3D1v,知识点m3D1v,0.9243,92.43,12,24,22,good
fef67841144f4c95a6c5,r8S3g,知识点r8S3g,0.8591,85.91,5,11,6,good
fef67841144f4c95a6c5,s8Y2f,知识点s8Y2f,0.9992,99.92,1,1,1,good
fef67841144f4c95a6c5,t5V9e,知识点t5V9e,0.9988,99.88,5,6,6,good
fef67841144f4c95a6c5,y9W5d,知识点y9W5d,0.9236,92.36,11,19,16,good
700915d303cc358e662a,b3C9s,知识点b3C9s,0.803,80.3,3,16,12,good
700915d303cc358e662a,g7R2j,知识点g7R2j,0.8545,85.45,5,13,12,good
700915d303cc358e662a,k4W1c,知识点k4W1c,0.9977,99.77,1,1,1,good
700915d303cc358e662a,m3D1v,知识点m3D1v,0.9038,90.38,12,29,23,good
700915d303cc358e662a,r8S3g,知识点r8S3g,0.9465,94.65,5,6,6,good
700915d303cc358e662a,s8Y2f,知识点s8Y2f,0.7283,72.83,1,2,1,good
700915d303cc358e662a,t5V9e,知识点t5V9e,0.8157,81.57,5,35,25,good
700915d303cc358e662a,y9W5d,知识点y9W5d,0.9326,93.26,11,26,23,good
ffe3886e3e3bab0249b5,b3C9s,知识点b3C9s,0.8776,87.76,3,21,21,good
ffe3886e3e3bab0249b5,g7R2j,知识点g7R2j,0.8191,81.91,5,36,29,good
ffe3886e3e3bab0249b5,k4W1c,知识点k4W1c,0.8238,82.38,1,5,5,good
ffe3886e3e3bab0249b5,m3D1v,知识点m3D1v,0.8686,86.86,12,32,23,good
ffe3886e3e3bab0249b5,r8S3g,知识点r8S3g,0.8483,84.83,5,16,11,good
ffe3886e3e3bab0249b5,s8Y2f,知识点s8Y2f,0.8136,81.36,1,2,1,good
ffe3886e3e3bab0249b5,t5V9e,知识点t5V9e,0.9632,96.32,5,8,8,good
ffe3886e3e3bab0249b5,y9W5d,知识点y9W5d,0.8652,86.52,11,33,22,good
emnk7ob7xxxdiph6fun3,b3C9s,知识点b3C9s,0.7999,79.99,3,4,4,good
emnk7ob7xxxdiph6fun3,g7R2j,知识点g7R2j,0.765,76.5,5,16,12,good
emnk7ob7xxxdiph6fun3,k4W1c,知识点k4W1c,0.7063,70.63,1,9,6,good
emnk7ob7xxxdiph6fun3,m3D1v,知识点m3D1v,0.6483,64.83,10,24,13,good
emnk7ob7xxxdiph6fun3,r8S3g,知识点r8S3g,0.5237,52.37,4,19,4,medium
emnk7ob7xxxdiph6fun3,s8Y2f,知识点s8Y2f,0.7455,74.55,1,6,3,good
emnk7ob7xxxdiph6fun3,t5V9e,知识点t5V9e,0.6871,68.71,5,20,8,good
emnk7ob7xxxdiph6fun3,y9W5d,知识点y9W5d,0.6936,69.36,9,41,25,good
78uyv6k6u49krocgtkzu,b3C9s,知识点b3C9s,0.8251,82.51,3,6,5,good
78uyv6k6u49krocgtkzu,g7R2j,知识点g7R2j,0.7496,74.96,5,11,9,good
78uyv6k6u49krocgtkzu,k4W1c,知识点k4W1c,0.6415,64.15,1,4,1,good
78uyv6k6u49krocgtkzu,m3D1v,知识点m3D1v,0.7151,71.51,11,28,13,good
78uyv6k6u49krocgtkzu,r8S3g,知识点r8S3g,0.5263,52.63,4,18,4,medium
78uyv6k6u49krocgtkzu,s8Y2f,知识点s8Y2f,0.8655,86.55,1,2,2,good
78uyv6k6u49krocgtkzu,t5V9e,知识点t5V9e,0.6143,61.43,4,18,13,good
78uyv6k6u49krocgtkzu,y9W5d,知识点y9W5d,0.7524,75.24,10,30,18,good
sie4alrjjjvlk0w9ye5l,b3C9s,知识点b3C9s,0.8359,83.59,3,5,4,good
sie4alrjjjvlk0w9ye5l,g7R2j,知识点g7R2j,0.7532,75.32,4,19,16,good
sie4alrjjjvlk0w9ye5l,k4W1c,知识点k4W1c,0.7643,76.43,1,5,4,good
sie4alrjjjvlk0w9ye5l,m3D1v,知识点m3D1v,0.7224,72.24,11,28,18,good
sie4alrjjjvlk0w9ye5l,r8S3g,知识点r8S3g,0.7481,74.81,5,21,8,good
sie4alrjjjvlk0w9ye5l,s8Y2f,知识点s8Y2f,0.5953,59.53,1,1,0,medium
sie4alrjjjvlk0w9ye5l,t5V9e,知识点t5V9e,0.7407,74.07,5,16,8,good
sie4alrjjjvlk0w9ye5l,y9W5d,知识点y9W5d,0.7582,75.82,11,41,29,good
95i3ttsko6c6ol53ebql,b3C9s,知识点b3C9s,0.3687,36.87,1,2,2,poor
95i3ttsko6c6ol53ebql,g7R2j,知识点g7R2j,0.677,67.7,5,12,7,good
95i3ttsko6c6ol53ebql,k4W1c,知识点k4W1c,0.8969,89.69,1,2,2,good
95i3ttsko6c6ol53ebql,m3D1v,知识点m3D1v,0.5797,57.97,9,20,12,medium
95i3ttsko6c6ol53ebql,r8S3g,知识点r8S3g,0.6026,60.26,5,16,0,good
95i3ttsko6c6ol53ebql,s8Y2f,知识点s8Y2f,0.7974,79.74,1,3,3,good
95i3ttsko6c6ol53ebql,t5V9e,知识点t5V9e,0.7651,76.51,5,20,15,good
95i3ttsko6c6ol53ebql,y9W5d,知识点y9W5d,0.7646,76.46,11,39,27,good
cz0pbk8vede7ey2oce4a,b3C9s,知识点b3C9s,0.7399,73.99,3,8,6,good
cz0pbk8vede7ey2oce4a,g7R2j,知识点g7R2j,0.8296,82.96,5,15,13,good
cz0pbk8vede7ey2oce4a,k4W1c,知识点k4W1c,0.6506,65.06,1,3,2,good
cz0pbk8vede7ey2oce4a,m3D1v,知识点m3D1v,0.7058,70.58,11,30,17,good
cz0pbk8vede7ey2oce4a,r8S3g,知识点r8S3g,0.5313,53.13,4,18,7,medium
cz0pbk8vede7ey2oce4a,s8Y2f,知识点s8Y2f,0.7818,78.18,1,3,2,good
cz0pbk8vede7ey2oce4a,t5V9e,知识点t5V9e,0.5958,59.58,4,13,6,medium
cz0pbk8vede7ey2oce4a,y9W5d,知识点y9W5d,0.7324,73.24,11,38,26,good
xvfa4ysm4deeobu8wkym,b3C9s,知识点b3C9s,0.8607,86.07,3,6,3,good
xvfa4ysm4deeobu8wkym,g7R2j,知识点g7R2j,0.8221,82.21,5,20,17,good
xvfa4ysm4deeobu8wkym,k4W1c,知识点k4W1c,0.7162,71.62,1,3,2,good
xvfa4ysm4deeobu8wkym,m3D1v,知识点m3D1v,0.7359,73.59,12,32,19,good
xvfa4ysm4deeobu8wkym,r8S3g,知识点r8S3g,0.7508,75.08,5,15,9,good
xvfa4ysm4deeobu8wkym,s8Y2f,知识点s8Y2f,0.7152,71.52,1,5,5,good
xvfa4ysm4deeobu8wkym,t5V9e,知识点t5V9e,0.7955,79.55,5,19,10,good
xvfa4ysm4deeobu8wkym,y9W5d,知识点y9W5d,0.7251,72.51,10,31,22,good
5slhcx7pnjhcmlbfffu6,b3C9s,知识点b3C9s,0.7339,73.39,3,3,2,good
5slhcx7pnjhcmlbfffu6,g7R2j,知识点g7R2j,0.7739,77.39,5,18,11,good
5slhcx7pnjhcmlbfffu6,k4W1c,知识点k4W1c,0.8894,88.94,1,3,3,good
5slhcx7pnjhcmlbfffu6,m3D1v,知识点m3D1v,0.7999,79.99,12,29,18,good
5slhcx7pnjhcmlbfffu6,r8S3g,知识点r8S3g,0.6168,61.68,5,23,4,good
5slhcx7pnjhcmlbfffu6,s8Y2f,知识点s8Y2f,0.5297,52.97,1,1,0,medium
5slhcx7pnjhcmlbfffu6,t5V9e,知识点t5V9e,0.6244,62.44,4,13,10,good
5slhcx7pnjhcmlbfffu6,y9W5d,知识点y9W5d,0.7224,72.24,11,28,17,good
5qfsd40k8fv54hc102p2,b3C9s,知识点b3C9s,0.5692,56.92,2,4,3,medium
5qfsd40k8fv54hc102p2,g7R2j,知识点g7R2j,0.7868,78.68,5,17,13,good
5qfsd40k8fv54hc102p2,k4W1c,知识点k4W1c,0.7303,73.03,1,6,3,good
5qfsd40k8fv54hc102p2,m3D1v,知识点m3D1v,0.7191,71.91,12,22,14,good
5qfsd40k8fv54hc102p2,r8S3g,知识点r8S3g,0.6678,66.78,4,14,6,good
5qfsd40k8fv54hc102p2,s8Y2f,知识点s8Y2f,0.6626,66.26,1,2,1,good
5qfsd40k8fv54hc102p2,t5V9e,知识点t5V9e,0.8161,81.61,5,12,11,good
5qfsd40k8fv54hc102p2,y9W5d,知识点y9W5d,0.7678,76.78,11,31,23,good
spyu1at0d9k1wxtenlhe,b3C9s,知识点b3C9s,0.6503,65.03,3,4,1,good
spyu1at0d9k1wxtenlhe,g7R2j,知识点g7R2j,0.6995,69.95,5,16,9,good
spyu1at0d9k1wxtenlhe,k4W1c,知识点k4W1c,0.9974,99.74,1,1,1,good
spyu1at0d9k1wxtenlhe,m3D1v,知识点m3D1v,0.7711,77.11,12,37,24,good
spyu1at0d9k1wxtenlhe,r8S3g,知识点r8S3g,0.5241,52.41,4,25,4,medium
spyu1at0d9k1wxtenlhe,s8Y2f,知识点s8Y2f,0.5594,55.94,1,1,0,medium
spyu1at0d9k1wxtenlhe,t5V9e,知识点t5V9e,0.6968,69.68,4,10,5,good
spyu1at0d9k1wxtenlhe,y9W5d,知识点y9W5d,0.765,76.5,11,28,21,good
z23fh1v40p3hmxxspbo9,b3C9s,知识点b3C9s,0.819,81.9,3,10,9,good
z23fh1v40p3hmxxspbo9,g7R2j,知识点g7R2j,0.829,82.9,5,12,10,good
z23fh1v40p3hmxxspbo9,k4W1c,知识点k4W1c,0.6558,65.58,1,2,0,good
z23fh1v40p3hmxxspbo9,m3D1v,知识点m3D1v,0.4942,49.42,8,26,8,medium
z23fh1v40p3hmxxspbo9,r8S3g,知识点r8S3g,0.7308,73.08,5,17,6,good
z23fh1v40p3hmxxspbo9,s8Y2f,知识点s8Y2f,0.6306,63.06,1,1,0,good
z23fh1v40p3hmxxspbo9,t5V9e,知识点t5V9e,0.806,80.6,5,17,13,good
z23fh1v40p3hmxxspbo9,y9W5d,知识点y9W5d,0.7306,73.06,11,32,16,good
n20d6b4o2g64oaa3q8ym,b3C9s,知识点b3C9s,0.7799,77.99,3,8,5,good
n20d6b4o2g64oaa3q8ym,g7R2j,知识点g7R2j,0.6706,67.06,3,13,7,good
n20d6b4o2g64oaa3q8ym,k4W1c,知识点k4W1c,0.5646,56.46,1,2,0,medium
n20d6b4o2g64oaa3q8ym,m3D1v,知识点m3D1v,0.6667,66.67,10,32,18,good
n20d6b4o2g64oaa3q8ym,r8S3g,知识点r8S3g,0.5099,50.99,4,22,4,medium
n20d6b4o2g64oaa3q8ym,s8Y2f,知识点s8Y2f,0.6519,65.19,1,2,1,good
n20d6b4o2g64oaa3q8ym,t5V9e,知识点t5V9e,0.7625,76.25,5,12,8,good
n20d6b4o2g64oaa3q8ym,y9W5d,知识点y9W5d,0.721,72.1,11,40,24,good
yj708ceb2o5gueez45or,b3C9s,知识点b3C9s,0.7273,72.73,3,9,7,good
yj708ceb2o5gueez45or,g7R2j,知识点g7R2j,0.8147,81.47,4,12,11,good
yj708ceb2o5gueez45or,k4W1c,知识点k4W1c,0.9977,99.77,1,1,1,good
yj708ceb2o5gueez45or,m3D1v,知识点m3D1v,0.7719,77.19,12,38,27,good
yj708ceb2o5gueez45or,r8S3g,知识点r8S3g,0.6809,68.09,4,17,5,good
yj708ceb2o5gueez45or,s8Y2f,知识点s8Y2f,0.686,68.6,1,1,1,good
yj708ceb2o5gueez45or,t5V9e,知识点t5V9e,0.632,63.2,4,17,13,good
yj708ceb2o5gueez45or,y9W5d,知识点y9W5d,0.7781,77.81,11,33,23,good
90z3slav21r61p88ksba,b3C9s,知识点b3C9s,0.8124,81.24,3,9,8,good
90z3slav21r61p88ksba,g7R2j,知识点g7R2j,0.7065,70.65,5,18,13,good
90z3slav21r61p88ksba,k4W1c,知识点k4W1c,0.6531,65.31,1,4,1,good
90z3slav21r61p88ksba,m3D1v,知识点m3D1v,0.773,77.3,12,27,14,good
90z3slav21r61p88ksba,r8S3g,知识点r8S3g,0.6899,68.99,5,21,5,good
90z3slav21r61p88ksba,s8Y2f,知识点s8Y2f,0.814,81.4,1,1,1,good
90z3slav21r61p88ksba,t5V9e,知识点t5V9e,0.7158,71.58,5,15,8,good
90z3slav21r61p88ksba,y9W5d,知识点y9W5d,0.7413,74.13,11,36,22,good
r28s9kyo7knrvytyvmt8,b3C9s,知识点b3C9s,0.768,76.8,2,3,2,good
r28s9kyo7knrvytyvmt8,g7R2j,知识点g7R2j,0.7097,70.97,4,12,6,good
r28s9kyo7knrvytyvmt8,k4W1c,知识点k4W1c,0.5947,59.47,1,3,0,medium
r28s9kyo7knrvytyvmt8,m3D1v,知识点m3D1v,0.6446,64.46,10,23,12,good
r28s9kyo7knrvytyvmt8,r8S3g,知识点r8S3g,0.7443,74.43,5,23,7,good
r28s9kyo7knrvytyvmt8,s8Y2f,知识点s8Y2f,0.8149,81.49,1,2,1,good
r28s9kyo7knrvytyvmt8,t5V9e,知识点t5V9e,0.7122,71.22,5,23,8,good
r28s9kyo7knrvytyvmt8,y9W5d,知识点y9W5d,0.7505,75.05,11,38,23,good
apxifjd35xfq6t47ysls,b3C9s,知识点b3C9s,0.4544,45.44,1,4,3,medium
apxifjd35xfq6t47ysls,g7R2j,知识点g7R2j,0.7336,73.36,5,16,10,good
apxifjd35xfq6t47ysls,k4W1c,知识点k4W1c,0.8639,86.39,1,3,2,good
apxifjd35xfq6t47ysls,m3D1v,知识点m3D1v,0.7387,73.87,12,36,20,good
apxifjd35xfq6t47ysls,r8S3g,知识点r8S3g,0.539,53.9,4,11,3,medium
apxifjd35xfq6t47ysls,s8Y2f,知识点s8Y2f,0.8117,81.17,1,2,1,good
apxifjd35xfq6t47ysls,t5V9e,知识点t5V9e,0.7799,77.99,4,11,8,good
apxifjd35xfq6t47ysls,y9W5d,知识点y9W5d,0.8257,82.57,11,31,24,good
r4oklg89q3yx9o2dfq3q,b3C9s,知识点b3C9s,0.6661,66.61,3,5,2,good
r4oklg89q3yx9o2dfq3q,g7R2j,知识点g7R2j,0.7446,74.46,5,11,7,good
r4oklg89q3yx9o2dfq3q,k4W1c,知识点k4W1c,0.6645,66.45,1,4,2,good
r4oklg89q3yx9o2dfq3q,m3D1v,知识点m3D1v,0.704,70.4,11,28,12,good
r4oklg89q3yx9o2dfq3q,r8S3g,知识点r8S3g,0.5265,52.65,4,14,2,medium
r4oklg89q3yx9o2dfq3q,s8Y2f,知识点s8Y2f,0.7649,76.49,1,3,1,good
r4oklg89q3yx9o2dfq3q,t5V9e,知识点t5V9e,0.8486,84.86,5,22,16,good
r4oklg89q3yx9o2dfq3q,y9W5d,知识点y9W5d,0.7565,75.65,10,24,13,good
4i0t5tq7o78lvc1zglgr,b3C9s,知识点b3C9s,0.7454,74.54,3,5,3,good
4i0t5tq7o78lvc1zglgr,g7R2j,知识点g7R2j,0.6156,61.56,4,17,13,good
4i0t5tq7o78lvc1zglgr,k4W1c,知识点k4W1c,0.8133,81.33,1,1,1,good
4i0t5tq7o78lvc1zglgr,m3D1v,知识点m3D1v,0.7453,74.53,10,30,14,good
4i0t5tq7o78lvc1zglgr,r8S3g,知识点r8S3g,0.5288,52.88,4,11,3,medium
4i0t5tq7o78lvc1zglgr,s8Y2f,知识点s8Y2f,0.7336,73.36,1,1,1,good
4i0t5tq7o78lvc1zglgr,t5V9e,知识点t5V9e,0.7212,72.12,5,15,9,good
4i0t5tq7o78lvc1zglgr,y9W5d,知识点y9W5d,0.6847,68.47,9,23,14,good
hz3im1vs42bx5rxbn7wh,b3C9s,知识点b3C9s,0.7983,79.83,3,8,4,good
hz3im1vs42bx5rxbn7wh,g7R2j,知识点g7R2j,0.73,73.0,5,16,10,good
hz3im1vs42bx5rxbn7wh,k4W1c,知识点k4W1c,0.6662,66.62,1,3,1,good
hz3im1vs42bx5rxbn7wh,m3D1v,知识点m3D1v,0.618,61.8,11,26,15,good
hz3im1vs42bx5rxbn7wh,r8S3g,知识点r8S3g,0.6669,66.69,4,12,7,good
hz3im1vs42bx5rxbn7wh,s8Y2f,知识点s8Y2f,0.7135,71.35,1,2,1,good
hz3im1vs42bx5rxbn7wh,t5V9e,知识点t5V9e,0.7287,72.87,5,20,9,good
hz3im1vs42bx5rxbn7wh,y9W5d,知识点y9W5d,0.64,64.0,10,27,14,good
icu31mfcha34dnwbsui2,b3C9s,知识点b3C9s,0.7997,79.97,3,7,4,good
icu31mfcha34dnwbsui2,g7R2j,知识点g7R2j,0.791,79.1,5,15,9,good
icu31mfcha34dnwbsui2,k4W1c,知识点k4W1c,0.595,59.5,1,2,0,medium
icu31mfcha34dnwbsui2,m3D1v,知识点m3D1v,0.6791,67.91,11,20,11,good
icu31mfcha34dnwbsui2,r8S3g,知识点r8S3g,0.7139,71.39,5,18,5,good
icu31mfcha34dnwbsui2,t5V9e,知识点t5V9e,0.8592,85.92,5,12,9,good
icu31mfcha34dnwbsui2,y9W5d,知识点y9W5d,0.5655,56.55,9,26,13,medium
1vb2vsoy23nr0monflhx,b3C9s,知识点b3C9s,0.8244,82.44,2,6,5,good
1vb2vsoy23nr0monflhx,g7R2j,知识点g7R2j,0.7361,73.61,5,17,10,good
1vb2vsoy23nr0monflhx,k4W1c,知识点k4W1c,0.6583,65.83,1,5,2,good
1vb2vsoy23nr0monflhx,m3D1v,知识点m3D1v,0.6238,62.38,10,30,14,good
1vb2vsoy23nr0monflhx,r8S3g,知识点r8S3g,0.7773,77.73,4,6,4,good
1vb2vsoy23nr0monflhx,s8Y2f,知识点s8Y2f,0.6543,65.43,1,3,1,good
1vb2vsoy23nr0monflhx,t5V9e,知识点t5V9e,0.7899,78.99,5,24,15,good
1vb2vsoy23nr0monflhx,y9W5d,知识点y9W5d,0.7481,74.81,11,39,20,good
7iulsxm22wz4v82hgb2g,b3C9s,知识点b3C9s,0.784,78.4,2,6,6,good
7iulsxm22wz4v82hgb2g,g7R2j,知识点g7R2j,0.6839,68.39,5,17,11,good
7iulsxm22wz4v82hgb2g,k4W1c,知识点k4W1c,0.7357,73.57,1,5,4,good
7iulsxm22wz4v82hgb2g,m3D1v,知识点m3D1v,0.7838,78.38,11,24,17,good
7iulsxm22wz4v82hgb2g,r8S3g,知识点r8S3g,0.8218,82.18,5,13,6,good
7iulsxm22wz4v82hgb2g,s8Y2f,知识点s8Y2f,0.6083,60.83,1,4,1,good
7iulsxm22wz4v82hgb2g,t5V9e,知识点t5V9e,0.7428,74.28,5,18,11,good
7iulsxm22wz4v82hgb2g,y9W5d,知识点y9W5d,0.7348,73.48,11,35,25,good
omzalmrzys0ymf4cgt03,b3C9s,知识点b3C9s,0.6991,69.91,3,9,6,good
omzalmrzys0ymf4cgt03,g7R2j,知识点g7R2j,0.7961,79.61,4,13,11,good
omzalmrzys0ymf4cgt03,k4W1c,知识点k4W1c,0.7553,75.53,1,3,2,good
omzalmrzys0ymf4cgt03,m3D1v,知识点m3D1v,0.6411,64.11,9,36,22,good
omzalmrzys0ymf4cgt03,r8S3g,知识点r8S3g,0.7948,79.48,5,22,9,good
omzalmrzys0ymf4cgt03,s8Y2f,知识点s8Y2f,0.8286,82.86,1,2,2,good
omzalmrzys0ymf4cgt03,t5V9e,知识点t5V9e,0.7506,75.06,5,19,12,good
omzalmrzys0ymf4cgt03,y9W5d,知识点y9W5d,0.7609,76.09,11,43,24,good
nilkp0a54b01p87udccl,b3C9s,知识点b3C9s,0.8203,82.03,3,9,8,good
nilkp0a54b01p87udccl,g7R2j,知识点g7R2j,0.6984,69.84,5,13,9,good
nilkp0a54b01p87udccl,k4W1c,知识点k4W1c,0.6617,66.17,0,0,0,good
nilkp0a54b01p87udccl,m3D1v,知识点m3D1v,0.7477,74.77,12,34,18,good
nilkp0a54b01p87udccl,r8S3g,知识点r8S3g,0.5913,59.13,4,10,2,medium
nilkp0a54b01p87udccl,s8Y2f,知识点s8Y2f,0.6622,66.22,1,2,1,good
nilkp0a54b01p87udccl,t5V9e,知识点t5V9e,0.7017,70.17,5,20,12,good
nilkp0a54b01p87udccl,y9W5d,知识点y9W5d,0.6667,66.67,8,19,11,good
7ssihtyt72rzukfci0o1,b3C9s,知识点b3C9s,0.8031,80.31,3,5,4,good
7ssihtyt72rzukfci0o1,g7R2j,知识点g7R2j,0.7115,71.15,4,11,8,good
7ssihtyt72rzukfci0o1,k4W1c,知识点k4W1c,0.6291,62.91,1,1,0,good
7ssihtyt72rzukfci0o1,m3D1v,知识点m3D1v,0.7485,74.85,11,32,19,good
7ssihtyt72rzukfci0o1,r8S3g,知识点r8S3g,0.6678,66.78,5,26,4,good
7ssihtyt72rzukfci0o1,s8Y2f,知识点s8Y2f,0.9312,93.12,1,3,3,good
7ssihtyt72rzukfci0o1,t5V9e,知识点t5V9e,0.713,71.3,5,11,7,good
7ssihtyt72rzukfci0o1,y9W5d,知识点y9W5d,0.7672,76.72,11,27,17,good
ij9llitbhr4gi126l772,b3C9s,知识点b3C9s,0.7811,78.11,3,7,5,good
ij9llitbhr4gi126l772,g7R2j,知识点g7R2j,0.7355,73.55,5,13,11,good
ij9llitbhr4gi126l772,k4W1c,知识点k4W1c,0.6249,62.49,1,4,2,good
ij9llitbhr4gi126l772,m3D1v,知识点m3D1v,0.7668,76.68,12,35,20,good
ij9llitbhr4gi126l772,r8S3g,知识点r8S3g,0.7057,70.57,5,15,5,good
ij9llitbhr4gi126l772,s8Y2f,知识点s8Y2f,0.7977,79.77,1,1,1,good
ij9llitbhr4gi126l772,t5V9e,知识点t5V9e,0.7015,70.15,5,17,9,good
ij9llitbhr4gi126l772,y9W5d,知识点y9W5d,0.7197,71.97,10,34,25,good
qxnna0of95m3oebjc84f,b3C9s,知识点b3C9s,0.7279,72.79,3,8,4,good
qxnna0of95m3oebjc84f,g7R2j,知识点g7R2j,0.7787,77.87,5,20,14,good
qxnna0of95m3oebjc84f,k4W1c,知识点k4W1c,0.7553,75.53,1,3,2,good
qxnna0of95m3oebjc84f,m3D1v,知识点m3D1v,0.6981,69.81,11,24,12,good
qxnna0of95m3oebjc84f,r8S3g,知识点r8S3g,0.7178,71.78,5,15,3,good
qxnna0of95m3oebjc84f,s8Y2f,知识点s8Y2f,0.6806,68.06,1,4,3,good
qxnna0of95m3oebjc84f,t5V9e,知识点t5V9e,0.6928,69.28,4,17,10,good
qxnna0of95m3oebjc84f,y9W5d,知识点y9W5d,0.6825,68.25,9,19,14,good
dt7s87imgsbma3l5scym,b3C9s,知识点b3C9s,0.7645,76.45,2,2,2,good
dt7s87imgsbma3l5scym,g7R2j,知识点g7R2j,0.7105,71.05,5,21,13,good
dt7s87imgsbma3l5scym,k4W1c,知识点k4W1c,0.8112,81.12,1,4,3,good
dt7s87imgsbma3l5scym,m3D1v,知识点m3D1v,0.7272,72.72,12,36,19,good
dt7s87imgsbma3l5scym,r8S3g,知识点r8S3g,0.6082,60.82,4,12,5,good
dt7s87imgsbma3l5scym,s8Y2f,知识点s8Y2f,0.7295,72.95,1,3,1,good
dt7s87imgsbma3l5scym,t5V9e,知识点t5V9e,0.8074,80.74,5,17,13,good
dt7s87imgsbma3l5scym,y9W5d,知识点y9W5d,0.7208,72.08,10,31,19,good
0m2kzubx9r60wyrsjj7j,b3C9s,知识点b3C9s,0.7304,73.04,3,8,2,good
0m2kzubx9r60wyrsjj7j,g7R2j,知识点g7R2j,0.7053,70.53,5,15,9,good
0m2kzubx9r60wyrsjj7j,k4W1c,知识点k4W1c,0.7306,73.06,1,2,1,good
0m2kzubx9r60wyrsjj7j,m3D1v,知识点m3D1v,0.7526,75.26,11,33,19,good
0m2kzubx9r60wyrsjj7j,r8S3g,知识点r8S3g,0.6889,68.89,5,19,7,good
0m2kzubx9r60wyrsjj7j,s8Y2f,知识点s8Y2f,0.6624,66.24,1,2,1,good
0m2kzubx9r60wyrsjj7j,t5V9e,知识点t5V9e,0.5947,59.47,4,20,10,medium
0m2kzubx9r60wyrsjj7j,y9W5d,知识点y9W5d,0.7193,71.93,9,18,12,good
wzfry2domlqnblox9w1b,b3C9s,知识点b3C9s,0.7975,79.75,3,4,3,good
wzfry2domlqnblox9w1b,g7R2j,知识点g7R2j,0.7199,71.99,5,21,11,good
wzfry2domlqnblox9w1b,k4W1c,知识点k4W1c,0.8437,84.37,1,5,4,good
wzfry2domlqnblox9w1b,m3D1v,知识点m3D1v,0.6748,67.48,11,31,11,good
wzfry2domlqnblox9w1b,r8S3g,知识点r8S3g,0.5708,57.08,3,7,1,medium
wzfry2domlqnblox9w1b,s8Y2f,知识点s8Y2f,0.6972,69.72,1,4,3,good
wzfry2domlqnblox9w1b,t5V9e,知识点t5V9e,0.6688,66.88,5,18,6,good
wzfry2domlqnblox9w1b,y9W5d,知识点y9W5d,0.7477,74.77,11,33,20,good
otznu9tyqq50x0xij3br,b3C9s,知识点b3C9s,0.6377,63.77,1,2,1,good
otznu9tyqq50x0xij3br,g7R2j,知识点g7R2j,0.6746,67.46,4,12,10,good
otznu9tyqq50x0xij3br,k4W1c,知识点k4W1c,0.6629,66.29,1,2,1,good
otznu9tyqq50x0xij3br,m3D1v,知识点m3D1v,0.6075,60.75,8,19,11,good
otznu9tyqq50x0xij3br,r8S3g,知识点r8S3g,0.614,61.4,5,22,1,good
otznu9tyqq50x0xij3br,s8Y2f,知识点s8Y2f,0.6299,62.99,1,1,0,good
otznu9tyqq50x0xij3br,t5V9e,知识点t5V9e,0.7665,76.65,5,26,17,good
otznu9tyqq50x0xij3br,y9W5d,知识点y9W5d,0.727,72.7,10,26,16,good
wty9xgte39cr5rp39e50,b3C9s,知识点b3C9s,0.6432,64.32,2,5,1,good
wty9xgte39cr5rp39e50,g7R2j,知识点g7R2j,0.7553,75.53,5,30,20,good
wty9xgte39cr5rp39e50,k4W1c,知识点k4W1c,0.7798,77.98,1,6,4,good
wty9xgte39cr5rp39e50,m3D1v,知识点m3D1v,0.6806,68.06,12,25,7,good
wty9xgte39cr5rp39e50,r8S3g,知识点r8S3g,0.6561,65.61,4,20,3,good
wty9xgte39cr5rp39e50,s8Y2f,知识点s8Y2f,0.662,66.2,1,1,1,good
wty9xgte39cr5rp39e50,t5V9e,知识点t5V9e,0.8265,82.65,5,21,16,good
wty9xgte39cr5rp39e50,y9W5d,知识点y9W5d,0.6949,69.49,11,36,19,good
5kqtdcvyt7rgqdoextw8,b3C9s,知识点b3C9s,0.7315,73.15,3,6,3,good
5kqtdcvyt7rgqdoextw8,g7R2j,知识点g7R2j,0.7966,79.66,5,18,13,good
5kqtdcvyt7rgqdoextw8,k4W1c,知识点k4W1c,0.9305,93.05,1,3,3,good
5kqtdcvyt7rgqdoextw8,m3D1v,知识点m3D1v,0.7088,70.88,11,30,18,good
5kqtdcvyt7rgqdoextw8,r8S3g,知识点r8S3g,0.6031,60.31,4,13,6,good
5kqtdcvyt7rgqdoextw8,s8Y2f,知识点s8Y2f,0.6778,67.78,1,5,4,good
5kqtdcvyt7rgqdoextw8,t5V9e,知识点t5V9e,0.7199,71.99,5,11,7,good
5kqtdcvyt7rgqdoextw8,y9W5d,知识点y9W5d,0.794,79.4,11,38,28,good
t5uf4x6hffga8in2ua6l,b3C9s,知识点b3C9s,0.8069,80.69,3,7,5,good
t5uf4x6hffga8in2ua6l,g7R2j,知识点g7R2j,0.7429,74.29,4,16,12,good
t5uf4x6hffga8in2ua6l,k4W1c,知识点k4W1c,0.5617,56.17,1,4,0,medium
t5uf4x6hffga8in2ua6l,m3D1v,知识点m3D1v,0.5479,54.79,8,24,11,medium
t5uf4x6hffga8in2ua6l,r8S3g,知识点r8S3g,0.7463,74.63,5,28,9,good
t5uf4x6hffga8in2ua6l,s8Y2f,知识点s8Y2f,0.6556,65.56,1,4,1,good
t5uf4x6hffga8in2ua6l,t5V9e,知识点t5V9e,0.744,74.4,5,16,9,good
t5uf4x6hffga8in2ua6l,y9W5d,知识点y9W5d,0.6602,66.02,11,38,15,good
5dmn9cwdf4l1snqfjw1p,b3C9s,知识点b3C9s,0.6353,63.53,2,3,3,good
5dmn9cwdf4l1snqfjw1p,g7R2j,知识点g7R2j,0.74,74.0,5,15,6,good
5dmn9cwdf4l1snqfjw1p,k4W1c,知识点k4W1c,0.7088,70.88,1,2,1,good
5dmn9cwdf4l1snqfjw1p,m3D1v,知识点m3D1v,0.6957,69.57,12,25,11,good
5dmn9cwdf4l1snqfjw1p,r8S3g,知识点r8S3g,0.7813,78.13,5,17,7,good
5dmn9cwdf4l1snqfjw1p,s8Y2f,知识点s8Y2f,0.6309,63.09,1,2,0,good
5dmn9cwdf4l1snqfjw1p,t5V9e,知识点t5V9e,0.7236,72.36,5,12,6,good
5dmn9cwdf4l1snqfjw1p,y9W5d,知识点y9W5d,0.5792,57.92,9,28,14,medium
t8zrwu8iwkcdnwf3ruse,b3C9s,知识点b3C9s,0.7754,77.54,2,4,4,good
t8zrwu8iwkcdnwf3ruse,g7R2j,知识点g7R2j,0.5534,55.34,4,11,6,medium
t8zrwu8iwkcdnwf3ruse,k4W1c,知识点k4W1c,0.8138,81.38,1,2,1,good
t8zrwu8iwkcdnwf3ruse,m3D1v,知识点m3D1v,0.6925,69.25,11,30,12,good
t8zrwu8iwkcdnwf3ruse,r8S3g,知识点r8S3g,0.6625,66.25,4,20,7,good
t8zrwu8iwkcdnwf3ruse,s8Y2f,知识点s8Y2f,0.5252,52.52,1,3,0,medium
t8zrwu8iwkcdnwf3ruse,t5V9e,知识点t5V9e,0.7315,73.15,4,19,13,good
t8zrwu8iwkcdnwf3ruse,y9W5d,知识点y9W5d,0.7049,70.49,11,37,20,good
2b935bfe06ef02369807,b3C9s,知识点b3C9s,0.9247,92.47,3,4,3,good
2b935bfe06ef02369807,g7R2j,知识点g7R2j,0.8501,85.01,5,10,5,good
2b935bfe06ef02369807,k4W1c,知识点k4W1c,0.9987,99.87,1,1,1,good
2b935bfe06ef02369807,m3D1v,知识点m3D1v,0.9448,94.48,12,16,12,good
2b935bfe06ef02369807,r8S3g,知识点r8S3g,0.7616,76.16,5,27,6,good
2b935bfe06ef02369807,s8Y2f,知识点s8Y2f,0.9987,99.87,1,1,1,good
2b935bfe06ef02369807,t5V9e,知识点t5V9e,0.7596,75.96,5,18,9,good
2b935bfe06ef02369807,y9W5d,知识点y9W5d,0.9893,98.93,11,12,12,good
71d0a8156e59c4dcedfd,b3C9s,知识点b3C9s,0.9254,92.54,3,5,4,good
71d0a8156e59c4dcedfd,g7R2j,知识点g7R2j,0.8565,85.65,5,9,5,good
71d0a8156e59c4dcedfd,k4W1c,知识点k4W1c,0.9985,99.85,1,2,2,good
71d0a8156e59c4dcedfd,m3D1v,知识点m3D1v,0.9394,93.94,12,15,11,good
71d0a8156e59c4dcedfd,r8S3g,知识点r8S3g,0.8719,87.19,5,14,4,good
71d0a8156e59c4dcedfd,s8Y2f,知识点s8Y2f,0.8144,81.44,1,2,1,good
71d0a8156e59c4dcedfd,t5V9e,知识点t5V9e,0.9611,96.11,5,7,6,good
71d0a8156e59c4dcedfd,y9W5d,知识点y9W5d,0.947,94.7,10,13,12,good
6106e5232ac32bc22d1d,b3C9s,知识点b3C9s,0.8454,84.54,3,9,5,good
6106e5232ac32bc22d1d,g7R2j,知识点g7R2j,0.8388,83.88,5,21,14,good
6106e5232ac32bc22d1d,k4W1c,知识点k4W1c,0.9982,99.82,1,1,1,good
6106e5232ac32bc22d1d,m3D1v,知识点m3D1v,0.857,85.7,12,36,24,good
6106e5232ac32bc22d1d,r8S3g,知识点r8S3g,0.9141,91.41,5,9,6,good
6106e5232ac32bc22d1d,s8Y2f,知识点s8Y2f,0.7073,70.73,1,1,1,good
6106e5232ac32bc22d1d,t5V9e,知识点t5V9e,0.7539,75.39,5,33,23,good
6106e5232ac32bc22d1d,y9W5d,知识点y9W5d,0.787,78.7,11,41,15,good
eb4493aa138e8edc3f6d,b3C9s,知识点b3C9s,0.8731,87.31,3,5,3,good
eb4493aa138e8edc3f6d,g7R2j,知识点g7R2j,0.8256,82.56,5,14,5,good
eb4493aa138e8edc3f6d,k4W1c,知识点k4W1c,0.7282,72.82,1,1,1,good
eb4493aa138e8edc3f6d,m3D1v,知识点m3D1v,0.7928,79.28,12,49,17,good
eb4493aa138e8edc3f6d,r8S3g,知识点r8S3g,0.7736,77.36,5,21,7,good
eb4493aa138e8edc3f6d,s8Y2f,知识点s8Y2f,0.8141,81.41,1,2,1,good
eb4493aa138e8edc3f6d,t5V9e,知识点t5V9e,0.7507,75.07,5,34,7,good
eb4493aa138e8edc3f6d,y9W5d,知识点y9W5d,0.8451,84.51,11,26,12,good
5d2379fb72082166dee3,b3C9s,知识点b3C9s,0.9981,99.81,3,3,3,good
5d2379fb72082166dee3,g7R2j,知识点g7R2j,0.9333,93.33,5,9,5,good
5d2379fb72082166dee3,k4W1c,知识点k4W1c,0.9976,99.76,1,1,1,good
5d2379fb72082166dee3,m3D1v,知识点m3D1v,0.8504,85.04,12,46,16,good
5d2379fb72082166dee3,r8S3g,知识点r8S3g,0.7743,77.43,5,18,7,good
5d2379fb72082166dee3,s8Y2f,知识点s8Y2f,0.7291,72.91,1,3,1,good
5d2379fb72082166dee3,t5V9e,知识点t5V9e,0.8818,88.18,5,14,6,good
5d2379fb72082166dee3,y9W5d,知识点y9W5d,0.8451,84.51,11,43,19,good
2e40c1b07d32d3b80862,b3C9s,知识点b3C9s,0.909,90.9,3,5,3,good
2e40c1b07d32d3b80862,g7R2j,知识点g7R2j,0.814,81.4,5,15,6,good
2e40c1b07d32d3b80862,k4W1c,知识点k4W1c,0.6085,60.85,1,10,1,good
2e40c1b07d32d3b80862,m3D1v,知识点m3D1v,0.7832,78.32,12,46,13,good
2e40c1b07d32d3b80862,r8S3g,知识点r8S3g,0.7791,77.91,5,34,6,good
2e40c1b07d32d3b80862,s8Y2f,知识点s8Y2f,0.8137,81.37,1,1,1,good
2e40c1b07d32d3b80862,t5V9e,知识点t5V9e,0.6928,69.28,5,56,22,good
2e40c1b07d32d3b80862,y9W5d,知识点y9W5d,0.7585,75.85,11,29,12,good
57f84519c468df122d69,b3C9s,知识点b3C9s,0.9238,92.38,3,5,4,good
57f84519c468df122d69,g7R2j,知识点g7R2j,0.8883,88.83,5,12,12,good
57f84519c468df122d69,k4W1c,知识点k4W1c,0.7253,72.53,1,2,2,good
57f84519c468df122d69,m3D1v,知识点m3D1v,0.9312,93.12,12,21,17,good
57f84519c468df122d69,r8S3g,知识点r8S3g,0.7396,73.96,5,36,6,good
57f84519c468df122d69,s8Y2f,知识点s8Y2f,0.7265,72.65,1,2,1,good
57f84519c468df122d69,t5V9e,知识点t5V9e,0.938,93.8,5,12,12,good
57f84519c468df122d69,y9W5d,知识点y9W5d,0.8561,85.61,11,19,15,good
64d65eddd629b80922f1,b3C9s,知识点b3C9s,0.8654,86.54,2,2,2,good
64d65eddd629b80922f1,g7R2j,知识点g7R2j,0.825,82.5,5,5,3,good
64d65eddd629b80922f1,k4W1c,知识点k4W1c,0.9988,99.88,1,1,1,good
64d65eddd629b80922f1,m3D1v,知识点m3D1v,0.9986,99.86,12,12,12,good
64d65eddd629b80922f1,r8S3g,知识点r8S3g,0.9121,91.21,5,6,5,good
64d65eddd629b80922f1,s8Y2f,知识点s8Y2f,0.9982,99.82,1,1,1,good
64d65eddd629b80922f1,t5V9e,知识点t5V9e,0.9985,99.85,5,5,5,good
64d65eddd629b80922f1,y9W5d,知识点y9W5d,0.9985,99.85,11,11,11,good
d311ac015e2e230935b2,b3C9s,知识点b3C9s,0.9986,99.86,3,3,3,good
d311ac015e2e230935b2,g7R2j,知识点g7R2j,0.8243,82.43,5,6,5,good
d311ac015e2e230935b2,k4W1c,知识点k4W1c,0.9466,94.66,1,2,2,good
d311ac015e2e230935b2,m3D1v,知识点m3D1v,0.8856,88.56,12,26,21,good
d311ac015e2e230935b2,r8S3g,知识点r8S3g,0.8178,81.78,5,40,6,good
d311ac015e2e230935b2,s8Y2f,知识点s8Y2f,0.9993,99.93,1,1,1,good
d311ac015e2e230935b2,t5V9e,知识点t5V9e,0.9408,94.08,5,8,8,good
d311ac015e2e230935b2,y9W5d,知识点y9W5d,0.9219,92.19,11,21,15,good
33b73273ab8e1a11fcda,b3C9s,知识点b3C9s,0.998,99.8,3,3,3,good
33b73273ab8e1a11fcda,g7R2j,知识点g7R2j,0.8768,87.68,5,8,5,good
33b73273ab8e1a11fcda,k4W1c,知识点k4W1c,0.9987,99.87,1,1,1,good
33b73273ab8e1a11fcda,m3D1v,知识点m3D1v,0.9263,92.63,12,23,14,good
33b73273ab8e1a11fcda,r8S3g,知识点r8S3g,0.8442,84.42,5,24,6,good
33b73273ab8e1a11fcda,s8Y2f,知识点s8Y2f,0.998,99.8,1,1,1,good
33b73273ab8e1a11fcda,t5V9e,知识点t5V9e,0.8803,88.03,5,9,8,good
33b73273ab8e1a11fcda,y9W5d,知识点y9W5d,0.9605,96.05,11,15,12,good
a1ed24a77c97b05064ef,b3C9s,知识点b3C9s,0.9989,99.89,3,3,3,good
a1ed24a77c97b05064ef,g7R2j,知识点g7R2j,0.7575,75.75,4,7,2,good
a1ed24a77c97b05064ef,k4W1c,知识点k4W1c,0.998,99.8,1,1,1,good
a1ed24a77c97b05064ef,m3D1v,知识点m3D1v,0.8508,85.08,12,33,14,good
a1ed24a77c97b05064ef,r8S3g,知识点r8S3g,0.7458,74.58,5,24,7,good
a1ed24a77c97b05064ef,s8Y2f,知识点s8Y2f,0.9977,99.77,1,1,1,good
a1ed24a77c97b05064ef,t5V9e,知识点t5V9e,0.8536,85.36,5,21,15,good
a1ed24a77c97b05064ef,y9W5d,知识点y9W5d,0.9816,98.16,11,12,11,good
f286ac7cd0663855cc5f,b3C9s,知识点b3C9s,0.9983,99.83,3,3,3,good
f286ac7cd0663855cc5f,g7R2j,知识点g7R2j,0.79,79.0,5,11,6,good
f286ac7cd0663855cc5f,k4W1c,知识点k4W1c,0.6664,66.64,1,6,1,good
f286ac7cd0663855cc5f,m3D1v,知识点m3D1v,0.872,87.2,12,30,23,good
f286ac7cd0663855cc5f,r8S3g,知识点r8S3g,0.8093,80.93,5,16,9,good
f286ac7cd0663855cc5f,s8Y2f,知识点s8Y2f,0.7614,76.14,1,3,1,good
f286ac7cd0663855cc5f,t5V9e,知识点t5V9e,0.8157,81.57,5,22,13,good
f286ac7cd0663855cc5f,y9W5d,知识点y9W5d,0.9034,90.34,11,22,14,good
a3cd849a5a8d682e18db,b3C9s,知识点b3C9s,0.9429,94.29,3,3,3,good
a3cd849a5a8d682e18db,g7R2j,知识点g7R2j,0.9984,99.84,5,5,5,good
a3cd849a5a8d682e18db,k4W1c,知识点k4W1c,0.998,99.8,1,1,1,good
a3cd849a5a8d682e18db,m3D1v,知识点m3D1v,0.8899,88.99,12,35,26,good
a3cd849a5a8d682e18db,r8S3g,知识点r8S3g,0.7679,76.79,5,12,7,good
a3cd849a5a8d682e18db,s8Y2f,知识点s8Y2f,0.9987,99.87,1,2,2,good
a3cd849a5a8d682e18db,t5V9e,知识点t5V9e,0.8497,84.97,5,21,17,good
a3cd849a5a8d682e18db,y9W5d,知识点y9W5d,0.8792,87.92,11,40,28,good
e77eaaa90a75ea6167f4,b3C9s,知识点b3C9s,0.9985,99.85,3,3,3,good
e77eaaa90a75ea6167f4,g7R2j,知识点g7R2j,0.9983,99.83,5,5,5,good
e77eaaa90a75ea6167f4,k4W1c,知识点k4W1c,0.9982,99.82,1,1,1,good
e77eaaa90a75ea6167f4,m3D1v,知识点m3D1v,0.7602,76.02,12,68,31,good
e77eaaa90a75ea6167f4,r8S3g,知识点r8S3g,0.7725,77.25,5,19,7,good
e77eaaa90a75ea6167f4,s8Y2f,知识点s8Y2f,0.9987,99.87,1,1,1,good
e77eaaa90a75ea6167f4,t5V9e,知识点t5V9e,0.7765,77.65,5,23,15,good
e77eaaa90a75ea6167f4,y9W5d,知识点y9W5d,0.9406,94.06,11,22,19,good
faa31dca7ed1dd11fe44,b3C9s,知识点b3C9s,0.5793,57.93,3,18,3,medium
faa31dca7ed1dd11fe44,g7R2j,知识点g7R2j,0.7718,77.18,5,34,27,good
faa31dca7ed1dd11fe44,k4W1c,知识点k4W1c,0.9982,99.82,1,1,1,good
faa31dca7ed1dd11fe44,m3D1v,知识点m3D1v,0.7761,77.61,12,73,45,good
faa31dca7ed1dd11fe44,r8S3g,知识点r8S3g,0.815,81.5,5,43,7,good
faa31dca7ed1dd11fe44,s8Y2f,知识点s8Y2f,0.4999,49.99,1,37,21,medium
faa31dca7ed1dd11fe44,t5V9e,知识点t5V9e,0.8268,82.68,5,12,10,good
faa31dca7ed1dd11fe44,y9W5d,知识点y9W5d,0.6947,69.47,11,109,67,good
00df647ee4bf7173642f,b3C9s,知识点b3C9s,0.5829,58.29,3,23,4,medium
00df647ee4bf7173642f,g7R2j,知识点g7R2j,0.6508,65.08,5,50,34,good
00df647ee4bf7173642f,k4W1c,知识点k4W1c,0.7293,72.93,1,2,1,good
00df647ee4bf7173642f,m3D1v,知识点m3D1v,0.7552,75.52,12,72,53,good
00df647ee4bf7173642f,r8S3g,知识点r8S3g,0.7029,70.29,5,57,6,good
00df647ee4bf7173642f,s8Y2f,知识点s8Y2f,0.6749,67.49,1,6,1,good
00df647ee4bf7173642f,t5V9e,知识点t5V9e,0.6834,68.34,5,37,15,good
00df647ee4bf7173642f,y9W5d,知识点y9W5d,0.7027,70.27,11,115,59,good
e0be3445997310f4d68e,b3C9s,知识点b3C9s,0.8241,82.41,3,16,15,good
e0be3445997310f4d68e,g7R2j,知识点g7R2j,0.8622,86.22,5,19,18,good
e0be3445997310f4d68e,k4W1c,知识点k4W1c,0.5881,58.81,1,6,2,medium
e0be3445997310f4d68e,m3D1v,知识点m3D1v,0.7756,77.56,12,84,49,good
e0be3445997310f4d68e,r8S3g,知识点r8S3g,0.6942,69.42,5,45,8,good
e0be3445997310f4d68e,s8Y2f,知识点s8Y2f,0.6688,66.88,1,2,1,good
e0be3445997310f4d68e,t5V9e,知识点t5V9e,0.7255,72.55,5,45,31,good
e0be3445997310f4d68e,y9W5d,知识点y9W5d,0.7724,77.24,11,37,27,good
cf73246d819a1ea78e14,b3C9s,知识点b3C9s,0.855,85.5,3,11,5,good
cf73246d819a1ea78e14,g7R2j,知识点g7R2j,0.8777,87.77,5,13,9,good
cf73246d819a1ea78e14,k4W1c,知识点k4W1c,0.7539,75.39,1,11,9,good
cf73246d819a1ea78e14,m3D1v,知识点m3D1v,0.8707,87.07,12,39,31,good
cf73246d819a1ea78e14,r8S3g,知识点r8S3g,0.8462,84.62,5,16,6,good
cf73246d819a1ea78e14,s8Y2f,知识点s8Y2f,0.8652,86.52,1,3,2,good
cf73246d819a1ea78e14,t5V9e,知识点t5V9e,0.8617,86.17,5,11,8,good
cf73246d819a1ea78e14,y9W5d,知识点y9W5d,0.83,83.0,11,36,24,good
b3e8039d33099e1d066c,b3C9s,知识点b3C9s,0.7725,77.25,3,25,3,good
b3e8039d33099e1d066c,g7R2j,知识点g7R2j,0.8319,83.19,5,16,5,good
b3e8039d33099e1d066c,k4W1c,知识点k4W1c,0.8132,81.32,1,1,1,good
b3e8039d33099e1d066c,m3D1v,知识点m3D1v,0.9431,94.31,12,18,15,good
b3e8039d33099e1d066c,r8S3g,知识点r8S3g,0.9338,93.38,5,6,6,good
b3e8039d33099e1d066c,s8Y2f,知识点s8Y2f,0.9976,99.76,1,1,1,good
b3e8039d33099e1d066c,t5V9e,知识点t5V9e,0.9981,99.81,5,6,6,good
b3e8039d33099e1d066c,y9W5d,知识点y9W5d,0.9115,91.15,11,17,13,good
b32b82ebae5971dd48df,b3C9s,知识点b3C9s,0.8245,82.45,3,13,13,good
b32b82ebae5971dd48df,g7R2j,知识点g7R2j,0.8164,81.64,5,32,30,good
b32b82ebae5971dd48df,k4W1c,知识点k4W1c,0.729,72.9,1,2,1,good
b32b82ebae5971dd48df,m3D1v,知识点m3D1v,0.861,86.1,12,53,39,good
b32b82ebae5971dd48df,r8S3g,知识点r8S3g,0.7724,77.24,5,17,6,good
b32b82ebae5971dd48df,s8Y2f,知识点s8Y2f,0.7397,73.97,1,3,3,good
b32b82ebae5971dd48df,t5V9e,知识点t5V9e,0.9359,93.59,5,6,6,good
b32b82ebae5971dd48df,y9W5d,知识点y9W5d,0.818,81.8,11,47,29,good
9c39551b2cbe4f0c6d03,b3C9s,知识点b3C9s,0.6533,65.33,3,11,5,good
9c39551b2cbe4f0c6d03,g7R2j,知识点g7R2j,0.7768,77.68,5,20,19,good
9c39551b2cbe4f0c6d03,k4W1c,知识点k4W1c,0.7282,72.82,1,17,14,good
9c39551b2cbe4f0c6d03,m3D1v,知识点m3D1v,0.9045,90.45,12,20,20,good
9c39551b2cbe4f0c6d03,r8S3g,知识点r8S3g,0.9612,96.12,5,8,8,good
9c39551b2cbe4f0c6d03,s8Y2f,知识点s8Y2f,0.729,72.9,1,2,1,good
9c39551b2cbe4f0c6d03,t5V9e,知识点t5V9e,0.7886,78.86,5,23,19,good
9c39551b2cbe4f0c6d03,y9W5d,知识点y9W5d,0.853,85.3,11,37,27,good
1ca19e51244cdd3f09ff,b3C9s,知识点b3C9s,0.863,86.3,3,5,5,good
1ca19e51244cdd3f09ff,g7R2j,知识点g7R2j,0.8753,87.53,5,13,13,good
1ca19e51244cdd3f09ff,k4W1c,知识点k4W1c,0.9927,99.27,1,1,1,good
1ca19e51244cdd3f09ff,m3D1v,知识点m3D1v,0.9187,91.87,12,26,21,good
1ca19e51244cdd3f09ff,r8S3g,知识点r8S3g,0.909,90.9,5,10,6,good
1ca19e51244cdd3f09ff,s8Y2f,知识点s8Y2f,0.7016,70.16,1,3,1,good
1ca19e51244cdd3f09ff,t5V9e,知识点t5V9e,0.9607,96.07,5,6,5,good
1ca19e51244cdd3f09ff,y9W5d,知识点y9W5d,0.8926,89.26,11,33,25,good
0eb6eec8b4bee8ab6a44,b3C9s,知识点b3C9s,0.9273,92.73,3,6,4,good
0eb6eec8b4bee8ab6a44,g7R2j,知识点g7R2j,0.8067,80.67,5,12,7,good
0eb6eec8b4bee8ab6a44,k4W1c,知识点k4W1c,0.9974,99.74,1,1,1,good
0eb6eec8b4bee8ab6a44,m3D1v,知识点m3D1v,0.8936,89.36,12,25,15,good
0eb6eec8b4bee8ab6a44,r8S3g,知识点r8S3g,0.7497,74.97,5,35,8,good
0eb6eec8b4bee8ab6a44,s8Y2f,知识点s8Y2f,0.7062,70.62,1,2,1,good
0eb6eec8b4bee8ab6a44,t5V9e,知识点t5V9e,0.7979,79.79,5,36,13,good
0eb6eec8b4bee8ab6a44,y9W5d,知识点y9W5d,0.9004,90.04,11,23,12,good
dc93d7d840a88e5efb17,b3C9s,知识点b3C9s,0.7459,74.59,3,19,17,good
dc93d7d840a88e5efb17,g7R2j,知识点g7R2j,0.8377,83.77,5,25,24,good
dc93d7d840a88e5efb17,k4W1c,知识点k4W1c,0.8961,89.61,1,2,2,good
dc93d7d840a88e5efb17,m3D1v,知识点m3D1v,0.8408,84.08,12,40,31,good
dc93d7d840a88e5efb17,r8S3g,知识点r8S3g,0.9248,92.48,5,14,10,good
dc93d7d840a88e5efb17,s8Y2f,知识点s8Y2f,0.6143,61.43,1,2,1,good
dc93d7d840a88e5efb17,t5V9e,知识点t5V9e,0.8119,81.19,5,14,10,good
dc93d7d840a88e5efb17,y9W5d,知识点y9W5d,0.8105,81.05,11,41,35,good
c7d5a3256a9f99ba3e98,b3C9s,知识点b3C9s,0.9987,99.87,3,3,3,good
c7d5a3256a9f99ba3e98,g7R2j,知识点g7R2j,0.8237,82.37,5,12,5,good
c7d5a3256a9f99ba3e98,k4W1c,知识点k4W1c,0.8172,81.72,1,6,6,good
c7d5a3256a9f99ba3e98,m3D1v,知识点m3D1v,0.864,86.4,12,68,55,good
c7d5a3256a9f99ba3e98,r8S3g,知识点r8S3g,0.8075,80.75,5,8,6,good
c7d5a3256a9f99ba3e98,s8Y2f,知识点s8Y2f,0.9981,99.81,1,1,1,good
c7d5a3256a9f99ba3e98,t5V9e,知识点t5V9e,0.9607,96.07,5,8,7,good
c7d5a3256a9f99ba3e98,y9W5d,知识点y9W5d,0.8375,83.75,11,67,57,good
2b54ed4af8281eb82f58,b3C9s,知识点b3C9s,0.849,84.9,3,6,3,good
2b54ed4af8281eb82f58,g7R2j,知识点g7R2j,0.7704,77.04,5,18,8,good
2b54ed4af8281eb82f58,k4W1c,知识点k4W1c,0.7193,71.93,1,5,1,good
2b54ed4af8281eb82f58,m3D1v,知识点m3D1v,0.821,82.1,12,45,25,good
2b54ed4af8281eb82f58,r8S3g,知识点r8S3g,0.7573,75.73,5,31,7,good
2b54ed4af8281eb82f58,s8Y2f,知识点s8Y2f,0.7472,74.72,1,8,5,good
2b54ed4af8281eb82f58,t5V9e,知识点t5V9e,0.7928,79.28,5,33,18,good
2b54ed4af8281eb82f58,y9W5d,知识点y9W5d,0.8167,81.67,11,44,27,good
c16e14d7aa5b4ef519e3,b3C9s,知识点b3C9s,0.9981,99.81,3,4,4,good
c16e14d7aa5b4ef519e3,g7R2j,知识点g7R2j,0.9077,90.77,5,11,11,good
c16e14d7aa5b4ef519e3,k4W1c,知识点k4W1c,0.9977,99.77,1,1,1,good
c16e14d7aa5b4ef519e3,m3D1v,知识点m3D1v,0.9545,95.45,12,17,14,good
c16e14d7aa5b4ef519e3,r8S3g,知识点r8S3g,0.9616,96.16,5,7,6,good
c16e14d7aa5b4ef519e3,s8Y2f,知识点s8Y2f,0.9982,99.82,1,1,1,good
c16e14d7aa5b4ef519e3,t5V9e,知识点t5V9e,0.9832,98.32,5,7,7,good
c16e14d7aa5b4ef519e3,y9W5d,知识点y9W5d,0.9217,92.17,11,21,18,good
c53129098375fc7f17bc,b3C9s,知识点b3C9s,0.6461,64.61,3,9,3,good
c53129098375fc7f17bc,g7R2j,知识点g7R2j,0.6975,69.75,5,43,25,good
c53129098375fc7f17bc,k4W1c,知识点k4W1c,0.5308,53.08,1,4,1,medium
c53129098375fc7f17bc,m3D1v,知识点m3D1v,0.7198,71.98,12,73,30,good
c53129098375fc7f17bc,r8S3g,知识点r8S3g,0.6947,69.47,5,22,6,good
c53129098375fc7f17bc,s8Y2f,知识点s8Y2f,0.5251,52.51,1,5,1,medium
c53129098375fc7f17bc,t5V9e,知识点t5V9e,0.5552,55.52,4,23,13,medium
c53129098375fc7f17bc,y9W5d,知识点y9W5d,0.6654,66.54,11,65,24,good
953123cfe1c275e6d8a9,b3C9s,知识点b3C9s,0.7125,71.25,3,20,4,good
953123cfe1c275e6d8a9,g7R2j,知识点g7R2j,0.7971,79.71,5,18,5,good
953123cfe1c275e6d8a9,k4W1c,知识点k4W1c,0.9987,99.87,1,1,1,good
953123cfe1c275e6d8a9,m3D1v,知识点m3D1v,0.8936,89.36,12,39,13,good
953123cfe1c275e6d8a9,r8S3g,知识点r8S3g,0.7408,74.08,5,32,6,good
953123cfe1c275e6d8a9,s8Y2f,知识点s8Y2f,0.8139,81.39,1,2,1,good
953123cfe1c275e6d8a9,t5V9e,知识点t5V9e,0.89,89.0,5,12,5,good
953123cfe1c275e6d8a9,y9W5d,知识点y9W5d,0.8996,89.96,11,20,12,good
7b1d65c8c7637c14d9f2,b3C9s,知识点b3C9s,0.9962,99.62,3,4,4,good
7b1d65c8c7637c14d9f2,g7R2j,知识点g7R2j,0.9512,95.12,5,5,5,good
7b1d65c8c7637c14d9f2,k4W1c,知识点k4W1c,0.9935,99.35,1,1,1,good
7b1d65c8c7637c14d9f2,m3D1v,知识点m3D1v,0.9624,96.24,12,13,12,good
7b1d65c8c7637c14d9f2,r8S3g,知识点r8S3g,0.735,73.5,5,43,6,good
7b1d65c8c7637c14d9f2,s8Y2f,知识点s8Y2f,0.9981,99.81,1,1,1,good
7b1d65c8c7637c14d9f2,t5V9e,知识点t5V9e,0.8286,82.86,5,35,13,good
7b1d65c8c7637c14d9f2,y9W5d,知识点y9W5d,0.9968,99.68,11,11,11,good
855b21869c4fdbed8047,b3C9s,知识点b3C9s,0.9984,99.84,3,3,3,good
855b21869c4fdbed8047,g7R2j,知识点g7R2j,0.9645,96.45,5,6,6,good
855b21869c4fdbed8047,k4W1c,知识点k4W1c,0.9982,99.82,1,1,1,good
855b21869c4fdbed8047,m3D1v,知识点m3D1v,0.8614,86.14,12,25,13,good
855b21869c4fdbed8047,r8S3g,知识点r8S3g,0.9462,94.62,5,12,6,good
855b21869c4fdbed8047,s8Y2f,知识点s8Y2f,0.9987,99.87,1,1,1,good
855b21869c4fdbed8047,t5V9e,知识点t5V9e,0.9361,93.61,5,8,6,good
855b21869c4fdbed8047,y9W5d,知识点y9W5d,0.9158,91.58,11,19,15,good
f63cab44b941c6ca80d6,b3C9s,知识点b3C9s,0.924,92.4,3,4,3,good
f63cab44b941c6ca80d6,g7R2j,知识点g7R2j,0.7381,73.81,5,34,17,good
f63cab44b941c6ca80d6,k4W1c,知识点k4W1c,0.8116,81.16,1,1,1,good
f63cab44b941c6ca80d6,m3D1v,知识点m3D1v,0.7585,75.85,12,51,21,good
f63cab44b941c6ca80d6,r8S3g,知识点r8S3g,0.7778,77.78,5,64,11,good
f63cab44b941c6ca80d6,s8Y2f,知识点s8Y2f,0.6911,69.11,1,6,2,good
f63cab44b941c6ca80d6,t5V9e,知识点t5V9e,0.8306,83.06,5,17,11,good
f63cab44b941c6ca80d6,y9W5d,知识点y9W5d,0.7876,78.76,11,36,20,good
4e4bb1f26e34ca0a13dc,b3C9s,知识点b3C9s,0.8557,85.57,3,9,8,good
4e4bb1f26e34ca0a13dc,g7R2j,知识点g7R2j,0.8719,87.19,5,5,5,good
4e4bb1f26e34ca0a13dc,k4W1c,知识点k4W1c,0.9987,99.87,1,1,1,good
4e4bb1f26e34ca0a13dc,m3D1v,知识点m3D1v,0.8523,85.23,12,20,15,good
4e4bb1f26e34ca0a13dc,r8S3g,知识点r8S3g,0.745,74.5,5,15,7,good
4e4bb1f26e34ca0a13dc,s8Y2f,知识点s8Y2f,0.9982,99.82,1,1,1,good
4e4bb1f26e34ca0a13dc,t5V9e,知识点t5V9e,0.8541,85.41,5,16,10,good
4e4bb1f26e34ca0a13dc,y9W5d,知识点y9W5d,0.8583,85.83,11,50,29,good
7f58862bfed16feedfd6,b3C9s,知识点b3C9s,0.9119,91.19,3,7,7,good
7f58862bfed16feedfd6,g7R2j,知识点g7R2j,0.8562,85.62,5,19,17,good
7f58862bfed16feedfd6,k4W1c,知识点k4W1c,0.813,81.3,1,2,1,good
7f58862bfed16feedfd6,m3D1v,知识点m3D1v,0.9049,90.49,12,23,20,good
7f58862bfed16feedfd6,r8S3g,知识点r8S3g,0.8879,88.79,5,8,6,good
7f58862bfed16feedfd6,s8Y2f,知识点s8Y2f,0.9982,99.82,1,1,1,good
7f58862bfed16feedfd6,t5V9e,知识点t5V9e,0.9984,99.84,5,5,5,good
7f58862bfed16feedfd6,y9W5d,知识点y9W5d,0.9199,91.99,11,23,21,good
a2b5174e55754addcd68,b3C9s,知识点b3C9s,0.9245,92.45,3,4,3,good
a2b5174e55754addcd68,g7R2j,知识点g7R2j,0.8291,82.91,5,13,5,good
a2b5174e55754addcd68,k4W1c,知识点k4W1c,0.998,99.8,1,1,1,good
a2b5174e55754addcd68,m3D1v,知识点m3D1v,0.8675,86.75,12,23,13,good
a2b5174e55754addcd68,r8S3g,知识点r8S3g,0.6727,67.27,5,38,9,good
a2b5174e55754addcd68,s8Y2f,知识点s8Y2f,0.9983,99.83,1,1,1,good
a2b5174e55754addcd68,t5V9e,知识点t5V9e,0.7957,79.57,5,21,10,good
a2b5174e55754addcd68,y9W5d,知识点y9W5d,0.9602,96.02,11,19,14,good
056ab41140f68c15db14,b3C9s,知识点b3C9s,0.9441,94.41,3,11,11,good
056ab41140f68c15db14,g7R2j,知识点g7R2j,0.745,74.5,5,75,54,good
056ab41140f68c15db14,k4W1c,知识点k4W1c,0.9981,99.81,1,1,1,good
056ab41140f68c15db14,m3D1v,知识点m3D1v,0.8611,86.11,12,71,54,good
056ab41140f68c15db14,r8S3g,知识点r8S3g,0.8973,89.73,5,7,6,good
056ab41140f68c15db14,s8Y2f,知识点s8Y2f,0.614,61.4,1,8,2,good
056ab41140f68c15db14,t5V9e,知识点t5V9e,0.7627,76.27,5,12,6,good
056ab41140f68c15db14,y9W5d,知识点y9W5d,0.7886,78.86,11,49,27,good
9369995cb6743cb69182,b3C9s,知识点b3C9s,0.9118,91.18,3,4,4,good
9369995cb6743cb69182,g7R2j,知识点g7R2j,0.7495,74.95,5,31,26,good
9369995cb6743cb69182,k4W1c,知识点k4W1c,0.7359,73.59,1,4,4,good
9369995cb6743cb69182,m3D1v,知识点m3D1v,0.9374,93.74,12,19,18,good
9369995cb6743cb69182,r8S3g,知识点r8S3g,0.9248,92.48,5,9,6,good
9369995cb6743cb69182,s8Y2f,知识点s8Y2f,0.9987,99.87,1,1,1,good
9369995cb6743cb69182,t5V9e,知识点t5V9e,0.8741,87.41,5,12,12,good
9369995cb6743cb69182,y9W5d,知识点y9W5d,0.9209,92.09,11,23,22,good
e5b30ace9334d153e076,b3C9s,知识点b3C9s,0.6871,68.71,3,17,9,good
e5b30ace9334d153e076,g7R2j,知识点g7R2j,0.7595,75.95,5,27,21,good
e5b30ace9334d153e076,k4W1c,知识点k4W1c,0.6689,66.89,1,3,1,good
e5b30ace9334d153e076,m3D1v,知识点m3D1v,0.7614,76.14,12,47,27,good
e5b30ace9334d153e076,r8S3g,知识点r8S3g,0.6891,68.91,5,38,6,good
e5b30ace9334d153e076,s8Y2f,知识点s8Y2f,0.8631,86.31,1,2,2,good
e5b30ace9334d153e076,t5V9e,知识点t5V9e,0.7088,70.88,5,15,9,good
e5b30ace9334d153e076,y9W5d,知识点y9W5d,0.7979,79.79,11,38,26,good
367c27a001837dabb2e9,b3C9s,知识点b3C9s,0.9976,99.76,3,3,3,good
367c27a001837dabb2e9,g7R2j,知识点g7R2j,0.8595,85.95,5,18,4,good
367c27a001837dabb2e9,k4W1c,知识点k4W1c,0.9969,99.69,1,1,1,good
367c27a001837dabb2e9,m3D1v,知识点m3D1v,0.9138,91.38,12,21,12,good
367c27a001837dabb2e9,r8S3g,知识点r8S3g,0.7592,75.92,5,45,7,good
367c27a001837dabb2e9,s8Y2f,知识点s8Y2f,0.6276,62.76,1,7,1,good
367c27a001837dabb2e9,t5V9e,知识点t5V9e,0.8621,86.21,5,15,7,good
367c27a001837dabb2e9,y9W5d,知识点y9W5d,0.9067,90.67,11,23,12,good
a3c8ab369e2e928ed523,b3C9s,知识点b3C9s,0.9981,99.81,3,3,3,good
a3c8ab369e2e928ed523,g7R2j,知识点g7R2j,0.9507,95.07,5,8,8,good
a3c8ab369e2e928ed523,k4W1c,知识点k4W1c,0.9975,99.75,1,1,1,good
a3c8ab369e2e928ed523,m3D1v,知识点m3D1v,0.9448,94.48,12,15,12,good
a3c8ab369e2e928ed523,r8S3g,知识点r8S3g,0.962,96.2,5,8,6,good
a3c8ab369e2e928ed523,s8Y2f,知识点s8Y2f,0.9976,99.76,1,1,1,good
a3c8ab369e2e928ed523,t5V9e,知识点t5V9e,0.9412,94.12,5,8,7,good
a3c8ab369e2e928ed523,y9W5d,知识点y9W5d,0.952,95.2,11,15,14,good
06309f4c8785254f4c13,b3C9s,知识点b3C9s,0.9986,99.86,3,3,3,good
06309f4c8785254f4c13,g7R2j,知识点g7R2j,0.851,85.1,5,6,5,good
06309f4c8785254f4c13,k4W1c,知识点k4W1c,0.9987,99.87,1,1,1,good
06309f4c8785254f4c13,m3D1v,知识点m3D1v,0.9671,96.71,12,13,12,good
06309f4c8785254f4c13,r8S3g,知识点r8S3g,0.7327,73.27,5,21,6,good
06309f4c8785254f4c13,s8Y2f,知识点s8Y2f,0.998,99.8,1,1,1,good
06309f4c8785254f4c13,t5V9e,知识点t5V9e,0.8306,83.06,5,13,5,good
06309f4c8785254f4c13,y9W5d,知识点y9W5d,0.969,96.9,11,12,11,good
47b08a7751ab609be9e5,b3C9s,知识点b3C9s,0.9984,99.84,3,3,3,good
47b08a7751ab609be9e5,g7R2j,知识点g7R2j,0.8403,84.03,5,7,5,good
47b08a7751ab609be9e5,k4W1c,知识点k4W1c,0.9982,99.82,1,1,1,good
47b08a7751ab609be9e5,m3D1v,知识点m3D1v,0.8532,85.32,12,19,12,good
47b08a7751ab609be9e5,r8S3g,知识点r8S3g,0.7297,72.97,5,34,6,good
47b08a7751ab609be9e5,s8Y2f,知识点s8Y2f,0.736,73.6,1,1,1,good
47b08a7751ab609be9e5,t5V9e,知识点t5V9e,0.9005,90.05,5,13,11,good
47b08a7751ab609be9e5,y9W5d,知识点y9W5d,0.9484,94.84,11,12,12,good
17f2d0e73044110cdea5,b3C9s,知识点b3C9s,0.8721,87.21,3,12,3,good
17f2d0e73044110cdea5,g7R2j,知识点g7R2j,0.7936,79.36,5,14,9,good
17f2d0e73044110cdea5,k4W1c,知识点k4W1c,0.9972,99.72,1,1,1,good
17f2d0e73044110cdea5,m3D1v,知识点m3D1v,0.8947,89.47,12,35,20,good
17f2d0e73044110cdea5,r8S3g,知识点r8S3g,0.8355,83.55,5,11,7,good
17f2d0e73044110cdea5,s8Y2f,知识点s8Y2f,0.9982,99.82,1,1,1,good
17f2d0e73044110cdea5,t5V9e,知识点t5V9e,0.9227,92.27,5,6,5,good
17f2d0e73044110cdea5,y9W5d,知识点y9W5d,0.8283,82.83,11,38,25,good
c200d8d792314a9d3575,b3C9s,知识点b3C9s,0.8606,86.06,3,5,4,good
c200d8d792314a9d3575,g7R2j,知识点g7R2j,0.7104,71.04,4,7,3,good
c200d8d792314a9d3575,k4W1c,知识点k4W1c,0.9982,99.82,1,1,1,good
c200d8d792314a9d3575,m3D1v,知识点m3D1v,0.834,83.4,12,63,18,good
c200d8d792314a9d3575,r8S3g,知识点r8S3g,0.7277,72.77,5,19,8,good
c200d8d792314a9d3575,s8Y2f,知识点s8Y2f,0.9972,99.72,1,1,1,good
c200d8d792314a9d3575,t5V9e,知识点t5V9e,0.7827,78.27,5,29,26,good
c200d8d792314a9d3575,y9W5d,知识点y9W5d,0.9271,92.71,11,19,12,good
84f116e542feb4ff69c0,b3C9s,知识点b3C9s,0.8678,86.78,3,5,2,good
84f116e542feb4ff69c0,g7R2j,知识点g7R2j,0.6247,62.47,4,8,2,good
84f116e542feb4ff69c0,k4W1c,知识点k4W1c,0.7001,70.01,1,7,1,good
84f116e542feb4ff69c0,m3D1v,知识点m3D1v,0.9212,92.12,12,32,20,good
84f116e542feb4ff69c0,r8S3g,知识点r8S3g,0.7541,75.41,5,26,6,good
84f116e542feb4ff69c0,s8Y2f,知识点s8Y2f,0.6237,62.37,1,5,2,good
84f116e542feb4ff69c0,t5V9e,知识点t5V9e,0.9277,92.77,5,10,6,good
84f116e542feb4ff69c0,y9W5d,知识点y9W5d,0.8634,86.34,11,38,24,good
mbbw64iibpv7ndj2iie1,b3C9s,知识点b3C9s,0.7222,72.22,3,5,4,good
mbbw64iibpv7ndj2iie1,g7R2j,知识点g7R2j,0.5954,59.54,4,21,15,medium
mbbw64iibpv7ndj2iie1,k4W1c,知识点k4W1c,0.7518,75.18,1,4,2,good
mbbw64iibpv7ndj2iie1,m3D1v,知识点m3D1v,0.7106,71.06,11,28,17,good
mbbw64iibpv7ndj2iie1,r8S3g,知识点r8S3g,0.7047,70.47,5,23,7,good
mbbw64iibpv7ndj2iie1,s8Y2f,知识点s8Y2f,0.7303,73.03,1,2,1,good
mbbw64iibpv7ndj2iie1,t5V9e,知识点t5V9e,0.8251,82.51,4,11,7,good
mbbw64iibpv7ndj2iie1,y9W5d,知识点y9W5d,0.6701,67.01,9,36,27,good
hpty3h6eij2tr467ueks,b3C9s,知识点b3C9s,0.3049,30.49,1,2,2,poor
hpty3h6eij2tr467ueks,g7R2j,知识点g7R2j,0.6205,62.05,4,14,9,good
hpty3h6eij2tr467ueks,k4W1c,知识点k4W1c,0.731,73.1,1,2,1,good
hpty3h6eij2tr467ueks,m3D1v,知识点m3D1v,0.6271,62.71,10,31,15,good
hpty3h6eij2tr467ueks,r8S3g,知识点r8S3g,0.6865,68.65,5,17,5,good
hpty3h6eij2tr467ueks,s8Y2f,知识点s8Y2f,0.6307,63.07,0,0,0,good
hpty3h6eij2tr467ueks,t5V9e,知识点t5V9e,0.5214,52.14,2,9,5,medium
hpty3h6eij2tr467ueks,y9W5d,知识点y9W5d,0.7359,73.59,9,34,21,good
ygc6nfsry40yon3nicac,b3C9s,知识点b3C9s,0.7331,73.31,3,12,5,good
ygc6nfsry40yon3nicac,g7R2j,知识点g7R2j,0.7201,72.01,4,12,7,good
ygc6nfsry40yon3nicac,k4W1c,知识点k4W1c,0.8287,82.87,1,2,2,good
ygc6nfsry40yon3nicac,m3D1v,知识点m3D1v,0.6814,68.14,10,30,19,good
ygc6nfsry40yon3nicac,r8S3g,知识点r8S3g,0.6672,66.72,4,19,6,good
ygc6nfsry40yon3nicac,s8Y2f,知识点s8Y2f,0.6597,65.97,1,4,3,good
ygc6nfsry40yon3nicac,t5V9e,知识点t5V9e,0.7767,77.67,5,26,15,good
ygc6nfsry40yon3nicac,y9W5d,知识点y9W5d,0.7576,75.76,10,20,14,good
th28zykgzvfex40v22hz,b3C9s,知识点b3C9s,0.6889,68.89,2,5,3,good
th28zykgzvfex40v22hz,g7R2j,知识点g7R2j,0.6786,67.86,4,13,5,good
th28zykgzvfex40v22hz,k4W1c,知识点k4W1c,0.8131,81.31,1,2,1,good
th28zykgzvfex40v22hz,m3D1v,知识点m3D1v,0.6803,68.03,11,38,21,good
th28zykgzvfex40v22hz,r8S3g,知识点r8S3g,0.7286,72.86,5,22,7,good
th28zykgzvfex40v22hz,s8Y2f,知识点s8Y2f,0.653,65.3,1,4,1,good
th28zykgzvfex40v22hz,t5V9e,知识点t5V9e,0.7956,79.56,5,21,15,good
th28zykgzvfex40v22hz,y9W5d,知识点y9W5d,0.7182,71.82,10,36,23,good
3dglsy7ee3ytfq1lpwlv,b3C9s,知识点b3C9s,0.6949,69.49,3,8,2,good
3dglsy7ee3ytfq1lpwlv,g7R2j,知识点g7R2j,0.7248,72.48,4,17,13,good
3dglsy7ee3ytfq1lpwlv,k4W1c,知识点k4W1c,0.7959,79.59,1,3,2,good
3dglsy7ee3ytfq1lpwlv,m3D1v,知识点m3D1v,0.7699,76.99,12,47,26,good
3dglsy7ee3ytfq1lpwlv,r8S3g,知识点r8S3g,0.6922,69.22,5,31,10,good
3dglsy7ee3ytfq1lpwlv,s8Y2f,知识点s8Y2f,0.6584,65.84,1,6,1,good
3dglsy7ee3ytfq1lpwlv,t5V9e,知识点t5V9e,0.8497,84.97,5,16,11,good
3dglsy7ee3ytfq1lpwlv,y9W5d,知识点y9W5d,0.662,66.2,9,34,18,good
219jkfkejubvu4dvuv13,b3C9s,知识点b3C9s,0.6457,64.57,3,5,2,good
219jkfkejubvu4dvuv13,g7R2j,知识点g7R2j,0.7198,71.98,5,21,14,good
219jkfkejubvu4dvuv13,k4W1c,知识点k4W1c,0.7287,72.87,1,1,1,good
219jkfkejubvu4dvuv13,m3D1v,知识点m3D1v,0.6822,68.22,11,40,24,good
219jkfkejubvu4dvuv13,r8S3g,知识点r8S3g,0.7476,74.76,5,21,7,good
219jkfkejubvu4dvuv13,s8Y2f,知识点s8Y2f,0.5282,52.82,0,0,0,medium
219jkfkejubvu4dvuv13,t5V9e,知识点t5V9e,0.7758,77.58,5,23,15,good
219jkfkejubvu4dvuv13,y9W5d,知识点y9W5d,0.7424,74.24,10,23,18,good
rgl39qjfatpnh3v4o28m,b3C9s,知识点b3C9s,0.6636,66.36,2,6,3,good
rgl39qjfatpnh3v4o28m,g7R2j,知识点g7R2j,0.7354,73.54,5,24,16,good
rgl39qjfatpnh3v4o28m,k4W1c,知识点k4W1c,0.8389,83.89,1,4,3,good
rgl39qjfatpnh3v4o28m,m3D1v,知识点m3D1v,0.7591,75.91,10,36,20,good
rgl39qjfatpnh3v4o28m,r8S3g,知识点r8S3g,0.7421,74.21,5,18,4,good
rgl39qjfatpnh3v4o28m,s8Y2f,知识点s8Y2f,0.6593,65.93,1,4,2,good
rgl39qjfatpnh3v4o28m,t5V9e,知识点t5V9e,0.7458,74.58,5,18,10,good
rgl39qjfatpnh3v4o28m,y9W5d,知识点y9W5d,0.7766,77.66,10,33,22,good
iqhpwbqkqi7kugzduhit,b3C9s,知识点b3C9s,0.8045,80.45,3,6,3,good
iqhpwbqkqi7kugzduhit,g7R2j,知识点g7R2j,0.5833,58.33,4,11,7,medium
iqhpwbqkqi7kugzduhit,k4W1c,知识点k4W1c,0.6654,66.54,0,0,0,good
iqhpwbqkqi7kugzduhit,m3D1v,知识点m3D1v,0.7912,79.12,12,49,28,good
iqhpwbqkqi7kugzduhit,r8S3g,知识点r8S3g,0.6524,65.24,5,28,2,good
iqhpwbqkqi7kugzduhit,s8Y2f,知识点s8Y2f,0.6629,66.29,0,0,0,good
iqhpwbqkqi7kugzduhit,t5V9e,知识点t5V9e,0.7333,73.33,5,29,16,good
iqhpwbqkqi7kugzduhit,y9W5d,知识点y9W5d,0.7402,74.02,8,27,20,good
12s3yomv0kltozc1qxc4,b3C9s,知识点b3C9s,0.6916,69.16,3,12,6,good
12s3yomv0kltozc1qxc4,g7R2j,知识点g7R2j,0.7527,75.27,5,17,13,good
12s3yomv0kltozc1qxc4,k4W1c,知识点k4W1c,0.9982,99.82,1,1,1,good
12s3yomv0kltozc1qxc4,m3D1v,知识点m3D1v,0.7818,78.18,11,43,32,good
12s3yomv0kltozc1qxc4,r8S3g,知识点r8S3g,0.8206,82.06,5,26,9,good
12s3yomv0kltozc1qxc4,s8Y2f,知识点s8Y2f,0.6259,62.59,0,0,0,good
12s3yomv0kltozc1qxc4,t5V9e,知识点t5V9e,0.7102,71.02,5,13,10,good
12s3yomv0kltozc1qxc4,y9W5d,知识点y9W5d,0.7445,74.45,9,26,18,good
qaubz3kt65qtoit8g4vi,b3C9s,知识点b3C9s,0.7193,71.93,2,4,3,good
qaubz3kt65qtoit8g4vi,g7R2j,知识点g7R2j,0.7691,76.91,5,21,17,good
qaubz3kt65qtoit8g4vi,k4W1c,知识点k4W1c,0.6459,64.59,1,5,1,good
qaubz3kt65qtoit8g4vi,m3D1v,知识点m3D1v,0.7208,72.08,11,32,18,good
qaubz3kt65qtoit8g4vi,r8S3g,知识点r8S3g,0.5105,51.05,4,22,3,medium
qaubz3kt65qtoit8g4vi,s8Y2f,知识点s8Y2f,0.7475,74.75,1,3,3,good
qaubz3kt65qtoit8g4vi,t5V9e,知识点t5V9e,0.7941,79.41,4,16,11,good
qaubz3kt65qtoit8g4vi,y9W5d,知识点y9W5d,0.7861,78.61,11,31,20,good
0qamadarf6xhm9pm2jta,b3C9s,知识点b3C9s,0.7588,75.88,3,6,2,good
0qamadarf6xhm9pm2jta,g7R2j,知识点g7R2j,0.6113,61.13,4,13,7,good
0qamadarf6xhm9pm2jta,k4W1c,知识点k4W1c,0.8615,86.15,1,5,5,good
0qamadarf6xhm9pm2jta,m3D1v,知识点m3D1v,0.6361,63.61,11,23,9,good
0qamadarf6xhm9pm2jta,r8S3g,知识点r8S3g,0.6968,69.68,5,33,8,good
0qamadarf6xhm9pm2jta,s8Y2f,知识点s8Y2f,0.6329,63.29,1,2,1,good
0qamadarf6xhm9pm2jta,t5V9e,知识点t5V9e,0.6312,63.12,3,9,7,good
0qamadarf6xhm9pm2jta,y9W5d,知识点y9W5d,0.8063,80.63,11,27,22,good
1eekhswi2ckx4uw0j1c9,b3C9s,知识点b3C9s,0.7228,72.28,3,7,4,good
1eekhswi2ckx4uw0j1c9,g7R2j,知识点g7R2j,0.6981,69.81,5,19,8,good
1eekhswi2ckx4uw0j1c9,k4W1c,知识点k4W1c,0.6703,67.03,1,2,1,good
1eekhswi2ckx4uw0j1c9,m3D1v,知识点m3D1v,0.7861,78.61,12,31,18,good
1eekhswi2ckx4uw0j1c9,r8S3g,知识点r8S3g,0.7378,73.78,4,13,5,good
1eekhswi2ckx4uw0j1c9,s8Y2f,知识点s8Y2f,0.6139,61.39,1,2,1,good
1eekhswi2ckx4uw0j1c9,t5V9e,知识点t5V9e,0.7387,73.87,5,21,13,good
1eekhswi2ckx4uw0j1c9,y9W5d,知识点y9W5d,0.7384,73.84,11,33,18,good
80xvovy2zizaj5kr0va5,b3C9s,知识点b3C9s,0.709,70.9,3,5,2,good
80xvovy2zizaj5kr0va5,g7R2j,知识点g7R2j,0.7331,73.31,5,15,8,good
80xvovy2zizaj5kr0va5,k4W1c,知识点k4W1c,0.8636,86.36,1,3,2,good
80xvovy2zizaj5kr0va5,m3D1v,知识点m3D1v,0.7848,78.48,11,35,19,good
80xvovy2zizaj5kr0va5,r8S3g,知识点r8S3g,0.6432,64.32,5,18,1,good
80xvovy2zizaj5kr0va5,s8Y2f,知识点s8Y2f,0.6774,67.74,1,5,2,good
80xvovy2zizaj5kr0va5,t5V9e,知识点t5V9e,0.6739,67.39,5,15,4,good
80xvovy2zizaj5kr0va5,y9W5d,知识点y9W5d,0.7391,73.91,10,29,20,good
hva2hcwvh4mv0i4t59t6,b3C9s,知识点b3C9s,0.6675,66.75,2,2,1,good
hva2hcwvh4mv0i4t59t6,g7R2j,知识点g7R2j,0.7267,72.67,4,18,11,good
hva2hcwvh4mv0i4t59t6,k4W1c,知识点k4W1c,0.6648,66.48,1,1,0,good
hva2hcwvh4mv0i4t59t6,m3D1v,知识点m3D1v,0.6143,61.43,9,32,16,good
hva2hcwvh4mv0i4t59t6,r8S3g,知识点r8S3g,0.7484,74.84,4,15,6,good
hva2hcwvh4mv0i4t59t6,s8Y2f,知识点s8Y2f,0.6528,65.28,1,4,1,good
hva2hcwvh4mv0i4t59t6,t5V9e,知识点t5V9e,0.7099,70.99,3,12,8,good
hva2hcwvh4mv0i4t59t6,y9W5d,知识点y9W5d,0.75,75.0,10,26,18,good
x9xz7kb08kmf1tytnc1f,b3C9s,知识点b3C9s,0.6058,60.58,2,5,0,good
x9xz7kb08kmf1tytnc1f,g7R2j,知识点g7R2j,0.7678,76.78,4,16,12,good
x9xz7kb08kmf1tytnc1f,k4W1c,知识点k4W1c,0.6929,69.29,1,4,3,good
x9xz7kb08kmf1tytnc1f,m3D1v,知识点m3D1v,0.7361,73.61,12,40,24,good
x9xz7kb08kmf1tytnc1f,r8S3g,知识点r8S3g,0.671,67.1,5,22,7,good
x9xz7kb08kmf1tytnc1f,s8Y2f,知识点s8Y2f,0.6928,69.28,1,5,3,good
x9xz7kb08kmf1tytnc1f,t5V9e,知识点t5V9e,0.7447,74.47,5,12,7,good
x9xz7kb08kmf1tytnc1f,y9W5d,知识点y9W5d,0.7706,77.06,11,28,19,good
tezxtgugzffgu5fxr0cz,b3C9s,知识点b3C9s,0.5032,50.32,2,4,2,medium
tezxtgugzffgu5fxr0cz,g7R2j,知识点g7R2j,0.4418,44.18,3,10,7,medium
tezxtgugzffgu5fxr0cz,k4W1c,知识点k4W1c,0.8391,83.91,1,4,3,good
tezxtgugzffgu5fxr0cz,m3D1v,知识点m3D1v,0.7324,73.24,11,48,29,good
tezxtgugzffgu5fxr0cz,r8S3g,知识点r8S3g,0.7015,70.15,5,14,5,good
tezxtgugzffgu5fxr0cz,s8Y2f,知识点s8Y2f,0.7091,70.91,1,5,2,good
tezxtgugzffgu5fxr0cz,t5V9e,知识点t5V9e,0.7207,72.07,5,18,11,good
tezxtgugzffgu5fxr0cz,y9W5d,知识点y9W5d,0.7877,78.77,10,37,22,good
lvp2qmljigke8u0nfbvl,b3C9s,知识点b3C9s,0.773,77.3,3,6,3,good
lvp2qmljigke8u0nfbvl,g7R2j,知识点g7R2j,0.5194,51.94,4,13,7,medium
lvp2qmljigke8u0nfbvl,k4W1c,知识点k4W1c,0.9982,99.82,1,1,1,good
lvp2qmljigke8u0nfbvl,m3D1v,知识点m3D1v,0.6984,69.84,11,41,28,good
lvp2qmljigke8u0nfbvl,r8S3g,知识点r8S3g,0.6653,66.53,3,7,1,good
lvp2qmljigke8u0nfbvl,s8Y2f,知识点s8Y2f,0.7288,72.88,1,2,2,good
lvp2qmljigke8u0nfbvl,t5V9e,知识点t5V9e,0.7132,71.32,4,9,6,good
lvp2qmljigke8u0nfbvl,y9W5d,知识点y9W5d,0.7724,77.24,10,26,22,good
8bj43lrpbsn3smxxn3xn,b3C9s,知识点b3C9s,0.693,69.3,3,5,2,good
8bj43lrpbsn3smxxn3xn,g7R2j,知识点g7R2j,0.6399,63.99,3,15,14,good
8bj43lrpbsn3smxxn3xn,k4W1c,知识点k4W1c,0.8244,82.44,1,3,3,good
8bj43lrpbsn3smxxn3xn,m3D1v,知识点m3D1v,0.6302,63.02,10,19,11,good
8bj43lrpbsn3smxxn3xn,r8S3g,知识点r8S3g,0.7554,75.54,5,20,6,good
8bj43lrpbsn3smxxn3xn,s8Y2f,知识点s8Y2f,0.7652,76.52,1,1,1,good
8bj43lrpbsn3smxxn3xn,t5V9e,知识点t5V9e,0.7215,72.15,5,12,9,good
8bj43lrpbsn3smxxn3xn,y9W5d,知识点y9W5d,0.7676,76.76,9,25,18,good
19buea1jycypffshcw38,b3C9s,知识点b3C9s,0.6981,69.81,3,9,4,good
19buea1jycypffshcw38,g7R2j,知识点g7R2j,0.7002,70.02,5,18,10,good
19buea1jycypffshcw38,m3D1v,知识点m3D1v,0.7341,73.41,11,34,24,good
19buea1jycypffshcw38,r8S3g,知识点r8S3g,0.6355,63.55,4,12,1,good
19buea1jycypffshcw38,s8Y2f,知识点s8Y2f,0.6275,62.75,1,4,0,good
19buea1jycypffshcw38,t5V9e,知识点t5V9e,0.7792,77.92,4,16,12,good
19buea1jycypffshcw38,y9W5d,知识点y9W5d,0.6516,65.16,9,30,17,good
vcw0s2e0akak8rqunatk,b3C9s,知识点b3C9s,0.7397,73.97,1,3,3,good
vcw0s2e0akak8rqunatk,g7R2j,知识点g7R2j,0.7412,74.12,4,19,15,good
vcw0s2e0akak8rqunatk,k4W1c,知识点k4W1c,0.7274,72.74,1,4,2,good
vcw0s2e0akak8rqunatk,m3D1v,知识点m3D1v,0.6077,60.77,10,24,15,good
vcw0s2e0akak8rqunatk,r8S3g,知识点r8S3g,0.6712,67.12,5,25,5,good
vcw0s2e0akak8rqunatk,s8Y2f,知识点s8Y2f,0.5532,55.32,1,2,0,medium
vcw0s2e0akak8rqunatk,t5V9e,知识点t5V9e,0.7133,71.33,5,15,10,good
vcw0s2e0akak8rqunatk,y9W5d,知识点y9W5d,0.7601,76.01,10,26,18,good
dri4ey8he2jovloucu86,b3C9s,知识点b3C9s,0.6544,65.44,1,2,0,good
dri4ey8he2jovloucu86,g7R2j,知识点g7R2j,0.802,80.2,5,16,10,good
dri4ey8he2jovloucu86,k4W1c,知识点k4W1c,0.6955,69.55,1,3,2,good
dri4ey8he2jovloucu86,m3D1v,知识点m3D1v,0.7324,73.24,10,28,15,good
dri4ey8he2jovloucu86,r8S3g,知识点r8S3g,0.7117,71.17,5,21,6,good
dri4ey8he2jovloucu86,s8Y2f,知识点s8Y2f,0.5939,59.39,1,1,0,medium
dri4ey8he2jovloucu86,t5V9e,知识点t5V9e,0.6839,68.39,5,17,8,good
dri4ey8he2jovloucu86,y9W5d,知识点y9W5d,0.704,70.4,9,27,13,good
687ndz7mxhpv3gg91ie2,b3C9s,知识点b3C9s,0.7021,70.21,3,6,3,good
687ndz7mxhpv3gg91ie2,g7R2j,知识点g7R2j,0.7624,76.24,4,12,9,good
687ndz7mxhpv3gg91ie2,k4W1c,知识点k4W1c,0.8109,81.09,1,6,4,good
687ndz7mxhpv3gg91ie2,m3D1v,知识点m3D1v,0.7619,76.19,10,36,24,good
687ndz7mxhpv3gg91ie2,r8S3g,知识点r8S3g,0.7106,71.06,5,15,7,good
687ndz7mxhpv3gg91ie2,s8Y2f,知识点s8Y2f,0.6223,62.23,1,2,1,good
687ndz7mxhpv3gg91ie2,t5V9e,知识点t5V9e,0.7293,72.93,5,16,6,good
687ndz7mxhpv3gg91ie2,y9W5d,知识点y9W5d,0.7337,73.37,10,30,23,good
wmep7eexur6wwrlrz9sv,b3C9s,知识点b3C9s,0.783,78.3,3,8,5,good
wmep7eexur6wwrlrz9sv,g7R2j,知识点g7R2j,0.6046,60.46,3,11,9,good
wmep7eexur6wwrlrz9sv,k4W1c,知识点k4W1c,0.8399,83.99,1,3,3,good
wmep7eexur6wwrlrz9sv,m3D1v,知识点m3D1v,0.7747,77.47,12,40,22,good
wmep7eexur6wwrlrz9sv,r8S3g,知识点r8S3g,0.596,59.6,4,21,2,medium
wmep7eexur6wwrlrz9sv,s8Y2f,知识点s8Y2f,0.5942,59.42,1,3,0,medium
wmep7eexur6wwrlrz9sv,t5V9e,知识点t5V9e,0.8139,81.39,5,20,15,good
wmep7eexur6wwrlrz9sv,y9W5d,知识点y9W5d,0.7172,71.72,9,28,18,good
2ui63dibc4r8oo0p9agh,b3C9s,知识点b3C9s,0.5156,51.56,2,7,3,medium
2ui63dibc4r8oo0p9agh,g7R2j,知识点g7R2j,0.6255,62.55,4,11,7,good
2ui63dibc4r8oo0p9agh,k4W1c,知识点k4W1c,0.9988,99.88,1,1,1,good
2ui63dibc4r8oo0p9agh,m3D1v,知识点m3D1v,0.6173,61.73,10,34,21,good
2ui63dibc4r8oo0p9agh,r8S3g,知识点r8S3g,0.6615,66.15,5,19,3,good
2ui63dibc4r8oo0p9agh,s8Y2f,知识点s8Y2f,0.727,72.7,1,6,3,good
2ui63dibc4r8oo0p9agh,t5V9e,知识点t5V9e,0.7206,72.06,5,20,12,good
2ui63dibc4r8oo0p9agh,y9W5d,知识点y9W5d,0.7349,73.49,10,37,17,good
rufanlg0slv70u876a05,b3C9s,知识点b3C9s,0.7802,78.02,3,12,8,good
rufanlg0slv70u876a05,g7R2j,知识点g7R2j,0.674,67.4,5,19,8,good
rufanlg0slv70u876a05,k4W1c,知识点k4W1c,0.6308,63.08,1,1,0,good
rufanlg0slv70u876a05,m3D1v,知识点m3D1v,0.6263,62.63,10,35,16,good
rufanlg0slv70u876a05,r8S3g,知识点r8S3g,0.7094,70.94,5,14,4,good
rufanlg0slv70u876a05,s8Y2f,知识点s8Y2f,0.5953,59.53,1,2,0,medium
rufanlg0slv70u876a05,t5V9e,知识点t5V9e,0.849,84.9,5,12,10,good
rufanlg0slv70u876a05,y9W5d,知识点y9W5d,0.7184,71.84,11,39,25,good
o6tn58jvkqobrz2qmf5i,b3C9s,知识点b3C9s,0.7527,75.27,3,9,5,good
o6tn58jvkqobrz2qmf5i,g7R2j,知识点g7R2j,0.702,70.2,5,19,12,good
o6tn58jvkqobrz2qmf5i,k4W1c,知识点k4W1c,0.874,87.4,1,8,7,good
o6tn58jvkqobrz2qmf5i,m3D1v,知识点m3D1v,0.736,73.6,12,30,16,good
o6tn58jvkqobrz2qmf5i,r8S3g,知识点r8S3g,0.7089,70.89,5,15,2,good
o6tn58jvkqobrz2qmf5i,s8Y2f,知识点s8Y2f,0.8652,86.52,1,3,2,good
o6tn58jvkqobrz2qmf5i,t5V9e,知识点t5V9e,0.7352,73.52,3,11,7,good
o6tn58jvkqobrz2qmf5i,y9W5d,知识点y9W5d,0.7902,79.02,10,49,35,good
iwjs5oi2pl8omkdrs53q,b3C9s,知识点b3C9s,0.7686,76.86,3,9,5,good
iwjs5oi2pl8omkdrs53q,g7R2j,知识点g7R2j,0.784,78.4,4,15,10,good
iwjs5oi2pl8omkdrs53q,k4W1c,知识点k4W1c,0.5957,59.57,1,2,0,medium
iwjs5oi2pl8omkdrs53q,m3D1v,知识点m3D1v,0.7322,73.22,10,28,19,good
iwjs5oi2pl8omkdrs53q,r8S3g,知识点r8S3g,0.6982,69.82,5,24,7,good
iwjs5oi2pl8omkdrs53q,s8Y2f,知识点s8Y2f,0.6638,66.38,0,0,0,good
iwjs5oi2pl8omkdrs53q,t5V9e,知识点t5V9e,0.7524,75.24,5,18,14,good
iwjs5oi2pl8omkdrs53q,y9W5d,知识点y9W5d,0.7527,75.27,9,28,21,good
qrrck1nnty89cmohw40b,b3C9s,知识点b3C9s,0.8679,86.79,3,4,4,good
qrrck1nnty89cmohw40b,g7R2j,知识点g7R2j,0.8144,81.44,5,13,11,good
qrrck1nnty89cmohw40b,k4W1c,知识点k4W1c,0.6654,66.54,0,0,0,good
qrrck1nnty89cmohw40b,m3D1v,知识点m3D1v,0.7676,76.76,11,27,16,good
qrrck1nnty89cmohw40b,r8S3g,知识点r8S3g,0.7397,73.97,5,20,8,good
qrrck1nnty89cmohw40b,s8Y2f,知识点s8Y2f,0.9461,94.61,1,2,2,good
qrrck1nnty89cmohw40b,t5V9e,知识点t5V9e,0.7208,72.08,4,12,8,good
qrrck1nnty89cmohw40b,y9W5d,知识点y9W5d,0.7761,77.61,8,19,14,good
6569uz69or21mbcejw25,b3C9s,知识点b3C9s,0.7233,72.33,3,8,6,good
6569uz69or21mbcejw25,g7R2j,知识点g7R2j,0.4075,40.75,3,12,8,medium
6569uz69or21mbcejw25,k4W1c,知识点k4W1c,0.7097,70.97,1,7,4,good
6569uz69or21mbcejw25,m3D1v,知识点m3D1v,0.6791,67.91,11,26,12,good
6569uz69or21mbcejw25,r8S3g,知识点r8S3g,0.7072,70.72,5,22,9,good
6569uz69or21mbcejw25,s8Y2f,知识点s8Y2f,0.5942,59.42,1,2,1,medium
6569uz69or21mbcejw25,t5V9e,知识点t5V9e,0.6589,65.89,5,12,5,good
6569uz69or21mbcejw25,y9W5d,知识点y9W5d,0.6674,66.74,10,24,14,good
jjx780kahllbp5y3x7p8,b3C9s,知识点b3C9s,0.7521,75.21,3,6,4,good
jjx780kahllbp5y3x7p8,g7R2j,知识点g7R2j,0.7999,79.99,4,15,10,good
jjx780kahllbp5y3x7p8,k4W1c,知识点k4W1c,0.7886,78.86,1,4,3,good
jjx780kahllbp5y3x7p8,m3D1v,知识点m3D1v,0.7472,74.72,11,41,24,good
jjx780kahllbp5y3x7p8,r8S3g,知识点r8S3g,0.7081,70.81,5,25,7,good
jjx780kahllbp5y3x7p8,s8Y2f,知识点s8Y2f,0.7289,72.89,1,1,1,good
jjx780kahllbp5y3x7p8,t5V9e,知识点t5V9e,0.7101,71.01,4,25,13,good
jjx780kahllbp5y3x7p8,y9W5d,知识点y9W5d,0.7718,77.18,11,30,21,good
h7i4kmpsra4szfbhrcbh,b3C9s,知识点b3C9s,0.7095,70.95,3,7,4,good
h7i4kmpsra4szfbhrcbh,g7R2j,知识点g7R2j,0.709,70.9,5,21,14,good
h7i4kmpsra4szfbhrcbh,m3D1v,知识点m3D1v,0.7473,74.73,12,36,15,good
h7i4kmpsra4szfbhrcbh,r8S3g,知识点r8S3g,0.7214,72.14,5,20,5,good
h7i4kmpsra4szfbhrcbh,s8Y2f,知识点s8Y2f,0.6957,69.57,1,3,1,good
h7i4kmpsra4szfbhrcbh,t5V9e,知识点t5V9e,0.7659,76.59,5,15,10,good
h7i4kmpsra4szfbhrcbh,y9W5d,知识点y9W5d,0.5535,55.35,8,31,20,medium
0z4mockl76xn8mhdaehw,b3C9s,知识点b3C9s,0.7126,71.26,2,12,6,good
0z4mockl76xn8mhdaehw,g7R2j,知识点g7R2j,0.7479,74.79,3,7,5,good
0z4mockl76xn8mhdaehw,k4W1c,知识点k4W1c,0.9317,93.17,1,3,3,good
0z4mockl76xn8mhdaehw,m3D1v,知识点m3D1v,0.6324,63.24,9,34,18,good
0z4mockl76xn8mhdaehw,r8S3g,知识点r8S3g,0.6604,66.04,5,21,2,good
0z4mockl76xn8mhdaehw,s8Y2f,知识点s8Y2f,0.5545,55.45,1,5,0,medium
0z4mockl76xn8mhdaehw,t5V9e,知识点t5V9e,0.7157,71.57,5,13,7,good
0z4mockl76xn8mhdaehw,y9W5d,知识点y9W5d,0.7666,76.66,11,39,22,good
bfl1bc2oafd8hrz2xswq,b3C9s,知识点b3C9s,0.7001,70.01,3,6,3,good
bfl1bc2oafd8hrz2xswq,g7R2j,知识点g7R2j,0.6562,65.62,4,12,10,good
bfl1bc2oafd8hrz2xswq,k4W1c,知识点k4W1c,0.7044,70.44,1,4,1,good
bfl1bc2oafd8hrz2xswq,m3D1v,知识点m3D1v,0.7496,74.96,10,35,20,good
bfl1bc2oafd8hrz2xswq,r8S3g,知识点r8S3g,0.5254,52.54,4,18,3,medium
bfl1bc2oafd8hrz2xswq,s8Y2f,知识点s8Y2f,0.5953,59.53,1,1,0,medium
bfl1bc2oafd8hrz2xswq,t5V9e,知识点t5V9e,0.7803,78.03,5,17,13,good
bfl1bc2oafd8hrz2xswq,y9W5d,知识点y9W5d,0.6644,66.44,9,29,20,good
7eeq2weegodhsqj7bxc2,b3C9s,知识点b3C9s,0.6849,68.49,3,12,5,good
7eeq2weegodhsqj7bxc2,g7R2j,知识点g7R2j,0.7378,73.78,4,10,8,good
7eeq2weegodhsqj7bxc2,k4W1c,知识点k4W1c,0.8982,89.82,1,1,1,good
7eeq2weegodhsqj7bxc2,m3D1v,知识点m3D1v,0.8681,86.81,12,41,32,good
7eeq2weegodhsqj7bxc2,r8S3g,知识点r8S3g,0.7699,76.99,5,23,10,good
7eeq2weegodhsqj7bxc2,s8Y2f,知识点s8Y2f,0.6525,65.25,1,3,1,good
7eeq2weegodhsqj7bxc2,t5V9e,知识点t5V9e,0.8031,80.31,5,21,14,good
7eeq2weegodhsqj7bxc2,y9W5d,知识点y9W5d,0.7838,78.38,10,36,23,good
0i1e50rz4mkhee97xvpo,b3C9s,知识点b3C9s,0.8856,88.56,3,9,8,good
0i1e50rz4mkhee97xvpo,g7R2j,知识点g7R2j,0.7036,70.36,5,14,9,good
0i1e50rz4mkhee97xvpo,k4W1c,知识点k4W1c,0.6654,66.54,0,0,0,good
0i1e50rz4mkhee97xvpo,m3D1v,知识点m3D1v,0.7574,75.74,12,30,19,good
0i1e50rz4mkhee97xvpo,r8S3g,知识点r8S3g,0.585,58.5,4,17,8,medium
0i1e50rz4mkhee97xvpo,s8Y2f,知识点s8Y2f,0.6277,62.77,1,2,0,good
0i1e50rz4mkhee97xvpo,t5V9e,知识点t5V9e,0.6982,69.82,4,14,6,good
0i1e50rz4mkhee97xvpo,y9W5d,知识点y9W5d,0.684,68.4,9,25,13,good
ac896071204b0ce26a1e,b3C9s,知识点b3C9s,0.6681,66.81,3,29,11,good
ac896071204b0ce26a1e,g7R2j,知识点g7R2j,0.6567,65.67,5,55,32,good
ac896071204b0ce26a1e,k4W1c,知识点k4W1c,0.5916,59.16,1,5,2,medium
ac896071204b0ce26a1e,m3D1v,知识点m3D1v,0.7633,76.33,12,103,64,good
ac896071204b0ce26a1e,r8S3g,知识点r8S3g,0.7225,72.25,5,31,12,good
ac896071204b0ce26a1e,s8Y2f,知识点s8Y2f,0.6694,66.94,1,4,4,good
ac896071204b0ce26a1e,t5V9e,知识点t5V9e,0.6654,66.54,5,71,40,good
ac896071204b0ce26a1e,y9W5d,知识点y9W5d,0.7216,72.16,11,88,62,good
75a72c46b8271a57fba6,b3C9s,知识点b3C9s,0.9389,93.89,3,5,5,good
75a72c46b8271a57fba6,g7R2j,知识点g7R2j,0.9683,96.83,5,6,6,good
75a72c46b8271a57fba6,k4W1c,知识点k4W1c,0.9986,99.86,1,1,1,good
75a72c46b8271a57fba6,m3D1v,知识点m3D1v,0.9538,95.38,12,15,15,good
75a72c46b8271a57fba6,r8S3g,知识点r8S3g,0.8213,82.13,5,20,6,good
75a72c46b8271a57fba6,s8Y2f,知识点s8Y2f,0.7616,76.16,1,1,1,good
75a72c46b8271a57fba6,t5V9e,知识点t5V9e,0.9604,96.04,5,8,8,good
75a72c46b8271a57fba6,y9W5d,知识点y9W5d,0.9241,92.41,11,24,18,good
fda1eaffdfa7350e5d97,b3C9s,知识点b3C9s,0.9095,90.95,3,5,3,good
fda1eaffdfa7350e5d97,g7R2j,知识点g7R2j,0.8742,87.42,5,6,6,good
fda1eaffdfa7350e5d97,k4W1c,知识点k4W1c,0.9978,99.78,1,1,1,good
fda1eaffdfa7350e5d97,m3D1v,知识点m3D1v,0.7553,75.53,12,76,36,good
fda1eaffdfa7350e5d97,r8S3g,知识点r8S3g,0.6513,65.13,5,112,12,good
fda1eaffdfa7350e5d97,s8Y2f,知识点s8Y2f,0.8138,81.38,1,1,1,good
fda1eaffdfa7350e5d97,t5V9e,知识点t5V9e,0.6824,68.24,5,36,7,good
fda1eaffdfa7350e5d97,y9W5d,知识点y9W5d,0.8503,85.03,11,38,23,good
0e804947f4cdc2721046,b3C9s,知识点b3C9s,0.9018,90.18,3,5,4,good
0e804947f4cdc2721046,g7R2j,知识点g7R2j,0.8475,84.75,5,25,20,good
0e804947f4cdc2721046,k4W1c,知识点k4W1c,0.9986,99.86,1,1,1,good
0e804947f4cdc2721046,m3D1v,知识点m3D1v,0.88,88.0,12,30,20,good
0e804947f4cdc2721046,r8S3g,知识点r8S3g,0.8904,89.04,5,9,6,good
0e804947f4cdc2721046,s8Y2f,知识点s8Y2f,0.7862,78.62,1,2,2,good
0e804947f4cdc2721046,t5V9e,知识点t5V9e,0.8512,85.12,5,17,11,good
0e804947f4cdc2721046,y9W5d,知识点y9W5d,0.8534,85.34,11,30,17,good
f7c4a29d42220e1cea27,b3C9s,知识点b3C9s,0.8766,87.66,3,9,7,good
f7c4a29d42220e1cea27,g7R2j,知识点g7R2j,0.7692,76.92,5,14,13,good
f7c4a29d42220e1cea27,k4W1c,知识点k4W1c,0.7486,74.86,1,8,7,good
f7c4a29d42220e1cea27,m3D1v,知识点m3D1v,0.8685,86.85,12,21,13,good
f7c4a29d42220e1cea27,r8S3g,知识点r8S3g,0.8441,84.41,5,11,6,good
f7c4a29d42220e1cea27,s8Y2f,知识点s8Y2f,0.861,86.1,1,6,6,good
f7c4a29d42220e1cea27,t5V9e,知识点t5V9e,0.869,86.9,5,23,21,good
f7c4a29d42220e1cea27,y9W5d,知识点y9W5d,0.89,89.0,11,48,44,good
539911ee11c1b2aaeb88,b3C9s,知识点b3C9s,0.9984,99.84,3,3,3,good
539911ee11c1b2aaeb88,g7R2j,知识点g7R2j,0.8849,88.49,5,13,5,good
539911ee11c1b2aaeb88,k4W1c,知识点k4W1c,0.6278,62.78,1,5,2,good
539911ee11c1b2aaeb88,m3D1v,知识点m3D1v,0.7889,78.89,12,30,22,good
539911ee11c1b2aaeb88,r8S3g,知识点r8S3g,0.7747,77.47,5,29,10,good
539911ee11c1b2aaeb88,s8Y2f,知识点s8Y2f,0.6719,67.19,1,3,1,good
539911ee11c1b2aaeb88,t5V9e,知识点t5V9e,0.7737,77.37,5,15,8,good
539911ee11c1b2aaeb88,y9W5d,知识点y9W5d,0.8242,82.42,11,30,21,good
94752e120f6bb6178ad5,b3C9s,知识点b3C9s,0.9577,95.77,3,4,4,good
94752e120f6bb6178ad5,g7R2j,知识点g7R2j,0.8773,87.73,5,17,15,good
94752e120f6bb6178ad5,k4W1c,知识点k4W1c,0.7518,75.18,1,2,2,good
94752e120f6bb6178ad5,m3D1v,知识点m3D1v,0.8872,88.72,12,41,33,good
94752e120f6bb6178ad5,r8S3g,知识点r8S3g,0.8445,84.45,5,17,6,good
94752e120f6bb6178ad5,s8Y2f,知识点s8Y2f,0.7616,76.16,1,3,1,good
94752e120f6bb6178ad5,t5V9e,知识点t5V9e,0.8997,89.97,5,9,8,good
94752e120f6bb6178ad5,y9W5d,知识点y9W5d,0.8378,83.78,11,43,32,good
13f8b8305f6c25c21921,b3C9s,知识点b3C9s,0.8075,80.75,3,12,9,good
13f8b8305f6c25c21921,g7R2j,知识点g7R2j,0.7402,74.02,5,26,18,good
13f8b8305f6c25c21921,k4W1c,知识点k4W1c,0.685,68.5,1,13,11,good
13f8b8305f6c25c21921,m3D1v,知识点m3D1v,0.7502,75.02,12,80,26,good
13f8b8305f6c25c21921,r8S3g,知识点r8S3g,0.6892,68.92,5,22,7,good
13f8b8305f6c25c21921,s8Y2f,知识点s8Y2f,0.9959,99.59,1,2,2,good
13f8b8305f6c25c21921,t5V9e,知识点t5V9e,0.6907,69.07,5,67,26,good
13f8b8305f6c25c21921,y9W5d,知识点y9W5d,0.7795,77.95,11,74,47,good
0c81ca27b7d931b6ff6e,b3C9s,知识点b3C9s,0.8727,87.27,3,7,5,good
0c81ca27b7d931b6ff6e,g7R2j,知识点g7R2j,0.9986,99.86,5,5,5,good
0c81ca27b7d931b6ff6e,k4W1c,知识点k4W1c,0.9977,99.77,1,1,1,good
0c81ca27b7d931b6ff6e,m3D1v,知识点m3D1v,0.7263,72.63,12,61,25,good
0c81ca27b7d931b6ff6e,r8S3g,知识点r8S3g,0.6552,65.52,5,55,8,good
0c81ca27b7d931b6ff6e,s8Y2f,知识点s8Y2f,0.8133,81.33,1,2,1,good
0c81ca27b7d931b6ff6e,t5V9e,知识点t5V9e,0.7681,76.81,5,17,5,good
0c81ca27b7d931b6ff6e,y9W5d,知识点y9W5d,0.9383,93.83,11,17,13,good
e2ee4818284ba527ef0a,b3C9s,知识点b3C9s,0.8604,86.04,3,4,3,good
e2ee4818284ba527ef0a,g7R2j,知识点g7R2j,0.9412,94.12,5,7,7,good
e2ee4818284ba527ef0a,k4W1c,知识点k4W1c,0.8133,81.33,1,2,1,good
e2ee4818284ba527ef0a,m3D1v,知识点m3D1v,0.9512,95.12,12,25,22,good
e2ee4818284ba527ef0a,r8S3g,知识点r8S3g,0.7598,75.98,5,16,6,good
e2ee4818284ba527ef0a,s8Y2f,知识点s8Y2f,0.9992,99.92,1,1,1,good
e2ee4818284ba527ef0a,t5V9e,知识点t5V9e,0.9239,92.39,5,9,8,good
e2ee4818284ba527ef0a,y9W5d,知识点y9W5d,0.8766,87.66,11,29,21,good
76a2f2705490042bb8cb,b3C9s,知识点b3C9s,0.9101,91.01,3,10,10,good
76a2f2705490042bb8cb,g7R2j,知识点g7R2j,0.9077,90.77,5,11,11,good
76a2f2705490042bb8cb,k4W1c,知识点k4W1c,0.8454,84.54,1,4,4,good
76a2f2705490042bb8cb,m3D1v,知识点m3D1v,0.9375,93.75,12,19,12,good
76a2f2705490042bb8cb,r8S3g,知识点r8S3g,0.902,90.2,5,14,6,good
76a2f2705490042bb8cb,s8Y2f,知识点s8Y2f,0.729,72.9,1,2,1,good
76a2f2705490042bb8cb,t5V9e,知识点t5V9e,0.9076,90.76,5,6,5,good
76a2f2705490042bb8cb,y9W5d,知识点y9W5d,0.8711,87.11,11,25,19,good
87aa4503451b6a77b2b7,b3C9s,知识点b3C9s,0.7991,79.91,3,13,4,good
87aa4503451b6a77b2b7,g7R2j,知识点g7R2j,0.9224,92.24,5,11,5,good
87aa4503451b6a77b2b7,k4W1c,知识点k4W1c,0.7758,77.58,1,8,7,good
87aa4503451b6a77b2b7,m3D1v,知识点m3D1v,0.8701,87.01,12,34,16,good
87aa4503451b6a77b2b7,r8S3g,知识点r8S3g,0.8176,81.76,5,16,6,good
87aa4503451b6a77b2b7,s8Y2f,知识点s8Y2f,0.8632,86.32,1,2,2,good
87aa4503451b6a77b2b7,t5V9e,知识点t5V9e,0.9339,93.39,5,17,16,good
87aa4503451b6a77b2b7,y9W5d,知识点y9W5d,0.9656,96.56,11,21,20,good
1552f58e2818ce7fa863,b3C9s,知识点b3C9s,0.808,80.8,3,6,4,good
1552f58e2818ce7fa863,g7R2j,知识点g7R2j,0.7554,75.54,5,18,8,good
1552f58e2818ce7fa863,k4W1c,知识点k4W1c,0.5686,56.86,1,3,1,medium
1552f58e2818ce7fa863,m3D1v,知识点m3D1v,0.8435,84.35,12,27,22,good
1552f58e2818ce7fa863,r8S3g,知识点r8S3g,0.7319,73.19,5,24,10,good
1552f58e2818ce7fa863,s8Y2f,知识点s8Y2f,0.729,72.9,1,2,1,good
1552f58e2818ce7fa863,t5V9e,知识点t5V9e,0.6968,69.68,5,28,7,good
1552f58e2818ce7fa863,y9W5d,知识点y9W5d,0.7701,77.01,11,34,19,good
211ed39c57c6e6cdefbf,b3C9s,知识点b3C9s,0.8638,86.38,3,9,4,good
211ed39c57c6e6cdefbf,g7R2j,知识点g7R2j,0.8424,84.24,5,17,9,good
211ed39c57c6e6cdefbf,k4W1c,知识点k4W1c,0.9987,99.87,1,1,1,good
211ed39c57c6e6cdefbf,m3D1v,知识点m3D1v,0.8792,87.92,12,27,13,good
211ed39c57c6e6cdefbf,r8S3g,知识点r8S3g,0.728,72.8,5,49,6,good
211ed39c57c6e6cdefbf,s8Y2f,知识点s8Y2f,0.8119,81.19,1,2,2,good
211ed39c57c6e6cdefbf,t5V9e,知识点t5V9e,0.8315,83.15,5,13,10,good
211ed39c57c6e6cdefbf,y9W5d,知识点y9W5d,0.9228,92.28,11,31,12,good
28bc8af257c48eac3bf1,b3C9s,知识点b3C9s,0.9986,99.86,3,3,3,good
28bc8af257c48eac3bf1,g7R2j,知识点g7R2j,0.9973,99.73,5,5,5,good
28bc8af257c48eac3bf1,k4W1c,知识点k4W1c,0.9982,99.82,1,1,1,good
28bc8af257c48eac3bf1,m3D1v,知识点m3D1v,0.8462,84.62,12,28,19,good
28bc8af257c48eac3bf1,r8S3g,知识点r8S3g,0.7267,72.67,5,12,6,good
28bc8af257c48eac3bf1,s8Y2f,知识点s8Y2f,0.9986,99.86,1,1,1,good
28bc8af257c48eac3bf1,t5V9e,知识点t5V9e,0.8537,85.37,5,9,6,good
28bc8af257c48eac3bf1,y9W5d,知识点y9W5d,0.904,90.4,11,20,13,good
2f3ef424b925a9881b81,b3C9s,知识点b3C9s,0.9235,92.35,3,3,3,good
2f3ef424b925a9881b81,g7R2j,知识点g7R2j,0.9981,99.81,5,6,6,good
2f3ef424b925a9881b81,k4W1c,知识点k4W1c,0.9982,99.82,1,1,1,good
2f3ef424b925a9881b81,m3D1v,知识点m3D1v,0.9465,94.65,12,24,12,good
2f3ef424b925a9881b81,r8S3g,知识点r8S3g,0.6757,67.57,5,46,7,good
2f3ef424b925a9881b81,s8Y2f,知识点s8Y2f,0.8135,81.35,1,2,1,good
2f3ef424b925a9881b81,t5V9e,知识点t5V9e,0.7888,78.88,5,12,5,good
2f3ef424b925a9881b81,y9W5d,知识点y9W5d,0.9018,90.18,11,37,32,good
8fe25991951e1f37568b,b3C9s,知识点b3C9s,0.9961,99.61,3,5,5,good
8fe25991951e1f37568b,g7R2j,知识点g7R2j,0.9244,92.44,5,15,13,good
8fe25991951e1f37568b,k4W1c,知识点k4W1c,0.998,99.8,1,1,1,good
8fe25991951e1f37568b,m3D1v,知识点m3D1v,0.8843,88.43,12,44,17,good
8fe25991951e1f37568b,r8S3g,知识点r8S3g,0.848,84.8,5,16,6,good
8fe25991951e1f37568b,s8Y2f,知识点s8Y2f,0.9994,99.94,1,1,1,good
8fe25991951e1f37568b,t5V9e,知识点t5V9e,0.8859,88.59,5,9,7,good
8fe25991951e1f37568b,y9W5d,知识点y9W5d,0.8878,88.78,11,54,13,good
a959b7dd7f65365313a4,b3C9s,知识点b3C9s,0.7302,73.02,3,10,3,good
a959b7dd7f65365313a4,g7R2j,知识点g7R2j,0.7008,70.08,5,38,11,good
a959b7dd7f65365313a4,k4W1c,知识点k4W1c,0.4851,48.51,1,21,1,medium
a959b7dd7f65365313a4,m3D1v,知识点m3D1v,0.7171,71.71,12,56,24,good
a959b7dd7f65365313a4,r8S3g,知识点r8S3g,0.7635,76.35,5,50,7,good
a959b7dd7f65365313a4,s8Y2f,知识点s8Y2f,0.8131,81.31,1,1,1,good
a959b7dd7f65365313a4,t5V9e,知识点t5V9e,0.6488,64.88,5,71,19,good
a959b7dd7f65365313a4,y9W5d,知识点y9W5d,0.782,78.2,11,55,11,good
67456512891f96cc0fc3,b3C9s,知识点b3C9s,0.9986,99.86,3,3,3,good
67456512891f96cc0fc3,g7R2j,知识点g7R2j,0.8805,88.05,5,21,18,good
67456512891f96cc0fc3,k4W1c,知识点k4W1c,0.9982,99.82,1,1,1,good
67456512891f96cc0fc3,m3D1v,知识点m3D1v,0.8927,89.27,12,17,13,good
67456512891f96cc0fc3,r8S3g,知识点r8S3g,0.8418,84.18,5,14,6,good
67456512891f96cc0fc3,s8Y2f,知识点s8Y2f,0.8127,81.27,1,2,1,good
67456512891f96cc0fc3,t5V9e,知识点t5V9e,0.8367,83.67,5,11,6,good
67456512891f96cc0fc3,y9W5d,知识点y9W5d,0.8478,84.78,11,20,13,good
83bf9b0424c17c9e13e7,b3C9s,知识点b3C9s,0.9988,99.88,3,3,3,good
83bf9b0424c17c9e13e7,g7R2j,知识点g7R2j,0.9381,93.81,5,5,5,good
83bf9b0424c17c9e13e7,k4W1c,知识点k4W1c,0.9972,99.72,1,1,1,good
83bf9b0424c17c9e13e7,m3D1v,知识点m3D1v,0.8981,89.81,12,30,25,good
83bf9b0424c17c9e13e7,r8S3g,知识点r8S3g,0.9622,96.22,5,8,6,good
83bf9b0424c17c9e13e7,s8Y2f,知识点s8Y2f,0.7273,72.73,1,2,1,good
83bf9b0424c17c9e13e7,t5V9e,知识点t5V9e,0.9347,93.47,5,8,6,good
83bf9b0424c17c9e13e7,y9W5d,知识点y9W5d,0.8774,87.74,11,24,11,good
01558eef77a8d39b7103,b3C9s,知识点b3C9s,0.8994,89.94,3,4,3,good
01558eef77a8d39b7103,g7R2j,知识点g7R2j,0.8503,85.03,5,12,10,good
01558eef77a8d39b7103,k4W1c,知识点k4W1c,0.6542,65.42,1,9,1,good
01558eef77a8d39b7103,m3D1v,知识点m3D1v,0.8478,84.78,12,38,21,good
01558eef77a8d39b7103,r8S3g,知识点r8S3g,0.8165,81.65,5,31,9,good
01558eef77a8d39b7103,s8Y2f,知识点s8Y2f,0.9972,99.72,1,1,1,good
01558eef77a8d39b7103,t5V9e,知识点t5V9e,0.8671,86.71,5,26,21,good
01558eef77a8d39b7103,y9W5d,知识点y9W5d,0.8714,87.14,11,41,25,good
359f25d9131a0699405b,b3C9s,知识点b3C9s,0.9967,99.67,3,3,3,good
359f25d9131a0699405b,g7R2j,知识点g7R2j,0.8422,84.22,5,8,5,good
359f25d9131a0699405b,k4W1c,知识点k4W1c,0.9972,99.72,1,1,1,good
359f25d9131a0699405b,m3D1v,知识点m3D1v,0.8228,82.28,12,40,21,good
359f25d9131a0699405b,r8S3g,知识点r8S3g,0.791,79.1,5,23,7,good
359f25d9131a0699405b,s8Y2f,知识点s8Y2f,0.9977,99.77,1,1,1,good
359f25d9131a0699405b,t5V9e,知识点t5V9e,0.8,80.0,5,33,5,good
359f25d9131a0699405b,y9W5d,知识点y9W5d,0.8207,82.07,11,31,18,good
1d7229e0f5f825007870,b3C9s,知识点b3C9s,0.8954,89.54,3,6,6,good
1d7229e0f5f825007870,g7R2j,知识点g7R2j,0.8596,85.96,5,11,11,good
1d7229e0f5f825007870,k4W1c,知识点k4W1c,0.7618,76.18,1,3,1,good
1d7229e0f5f825007870,m3D1v,知识点m3D1v,0.9015,90.15,12,19,15,good
1d7229e0f5f825007870,r8S3g,知识点r8S3g,0.7885,78.85,5,22,6,good
1d7229e0f5f825007870,s8Y2f,知识点s8Y2f,0.7357,73.57,1,1,1,good
1d7229e0f5f825007870,t5V9e,知识点t5V9e,0.8968,89.68,5,17,12,good
1d7229e0f5f825007870,y9W5d,知识点y9W5d,0.898,89.8,11,20,12,good
b9d88af0a70c4ccb592e,b3C9s,知识点b3C9s,0.9978,99.78,3,3,3,good
b9d88af0a70c4ccb592e,g7R2j,知识点g7R2j,0.9606,96.06,5,5,5,good
b9d88af0a70c4ccb592e,k4W1c,知识点k4W1c,0.7195,71.95,1,1,1,good
b9d88af0a70c4ccb592e,m3D1v,知识点m3D1v,0.9011,90.11,12,31,24,good
b9d88af0a70c4ccb592e,r8S3g,知识点r8S3g,0.9992,99.92,5,6,6,good
b9d88af0a70c4ccb592e,s8Y2f,知识点s8Y2f,0.9982,99.82,1,1,1,good
b9d88af0a70c4ccb592e,t5V9e,知识点t5V9e,0.9618,96.18,5,7,7,good
b9d88af0a70c4ccb592e,y9W5d,知识点y9W5d,0.883,88.3,11,23,19,good
d4d7a248a58363732f8e,b3C9s,知识点b3C9s,0.7225,72.25,3,7,5,good
d4d7a248a58363732f8e,g7R2j,知识点g7R2j,0.7994,79.94,5,11,9,good
d4d7a248a58363732f8e,k4W1c,知识点k4W1c,0.8789,87.89,1,6,6,good
d4d7a248a58363732f8e,m3D1v,知识点m3D1v,0.8725,87.25,12,38,28,good
d4d7a248a58363732f8e,r8S3g,知识点r8S3g,0.8268,82.68,5,21,6,good
d4d7a248a58363732f8e,s8Y2f,知识点s8Y2f,0.9982,99.82,1,1,1,good
d4d7a248a58363732f8e,t5V9e,知识点t5V9e,0.866,86.6,5,19,8,good
d4d7a248a58363732f8e,y9W5d,知识点y9W5d,0.8782,87.82,11,29,21,good
5e29473eb1e80fde79a0,b3C9s,知识点b3C9s,0.9986,99.86,3,3,3,good
5e29473eb1e80fde79a0,g7R2j,知识点g7R2j,0.8231,82.31,5,9,6,good
5e29473eb1e80fde79a0,k4W1c,知识点k4W1c,0.641,64.1,1,2,1,good
5e29473eb1e80fde79a0,m3D1v,知识点m3D1v,0.7586,75.86,12,47,13,good
5e29473eb1e80fde79a0,r8S3g,知识点r8S3g,0.6549,65.49,5,81,11,good
5e29473eb1e80fde79a0,s8Y2f,知识点s8Y2f,0.814,81.4,1,1,1,good
5e29473eb1e80fde79a0,t5V9e,知识点t5V9e,0.7547,75.47,5,57,21,good
5e29473eb1e80fde79a0,y9W5d,知识点y9W5d,0.8618,86.18,11,22,13,good
0b307ee95b41e222f204,b3C9s,知识点b3C9s,0.8964,89.64,3,15,13,good
0b307ee95b41e222f204,g7R2j,知识点g7R2j,0.8312,83.12,5,15,15,good
0b307ee95b41e222f204,k4W1c,知识点k4W1c,0.9972,99.72,1,1,1,good
0b307ee95b41e222f204,m3D1v,知识点m3D1v,0.9125,91.25,12,21,18,good
0b307ee95b41e222f204,r8S3g,知识点r8S3g,0.883,88.3,5,25,6,good
0b307ee95b41e222f204,s8Y2f,知识点s8Y2f,0.8117,81.17,1,2,1,good
0b307ee95b41e222f204,t5V9e,知识点t5V9e,0.8425,84.25,5,22,19,good
0b307ee95b41e222f204,y9W5d,知识点y9W5d,0.9022,90.22,11,35,31,good
1974349ec27d7d67bf08,b3C9s,知识点b3C9s,0.8364,83.64,3,18,14,good
1974349ec27d7d67bf08,g7R2j,知识点g7R2j,0.7742,77.42,5,19,10,good
1974349ec27d7d67bf08,k4W1c,知识点k4W1c,0.7791,77.91,1,3,2,good
1974349ec27d7d67bf08,m3D1v,知识点m3D1v,0.7943,79.43,12,42,23,good
1974349ec27d7d67bf08,r8S3g,知识点r8S3g,0.6899,68.99,5,62,7,good
1974349ec27d7d67bf08,s8Y2f,知识点s8Y2f,0.6914,69.14,1,4,3,good
1974349ec27d7d67bf08,t5V9e,知识点t5V9e,0.8075,80.75,5,9,7,good
1974349ec27d7d67bf08,y9W5d,知识点y9W5d,0.7848,78.48,11,58,33,good
35e028ec34bfdb7a6d26,b3C9s,知识点b3C9s,0.9247,92.47,3,3,3,good
35e028ec34bfdb7a6d26,g7R2j,知识点g7R2j,0.8138,81.38,5,39,26,good
35e028ec34bfdb7a6d26,k4W1c,知识点k4W1c,0.998,99.8,1,1,1,good
35e028ec34bfdb7a6d26,m3D1v,知识点m3D1v,0.8554,85.54,12,26,15,good
35e028ec34bfdb7a6d26,r8S3g,知识点r8S3g,0.7458,74.58,5,52,6,good
35e028ec34bfdb7a6d26,s8Y2f,知识点s8Y2f,0.786,78.6,1,2,2,good
35e028ec34bfdb7a6d26,t5V9e,知识点t5V9e,0.8003,80.03,5,9,6,good
35e028ec34bfdb7a6d26,y9W5d,知识点y9W5d,0.9131,91.31,11,19,17,good
d3fd2319c0f3aa00c371,b3C9s,知识点b3C9s,0.9168,91.68,3,8,8,good
d3fd2319c0f3aa00c371,g7R2j,知识点g7R2j,0.8638,86.38,5,32,31,good
d3fd2319c0f3aa00c371,k4W1c,知识点k4W1c,0.8896,88.96,1,4,4,good
d3fd2319c0f3aa00c371,m3D1v,知识点m3D1v,0.9206,92.06,12,26,22,good
d3fd2319c0f3aa00c371,r8S3g,知识点r8S3g,0.9991,99.91,5,6,6,good
d3fd2319c0f3aa00c371,s8Y2f,知识点s8Y2f,0.8128,81.28,1,2,1,good
d3fd2319c0f3aa00c371,t5V9e,知识点t5V9e,0.9365,93.65,5,13,13,good
d3fd2319c0f3aa00c371,y9W5d,知识点y9W5d,0.8779,87.79,11,27,23,good
5bdad002590327215ae0,b3C9s,知识点b3C9s,0.9102,91.02,3,13,13,good
5bdad002590327215ae0,g7R2j,知识点g7R2j,0.9291,92.91,5,9,8,good
5bdad002590327215ae0,k4W1c,知识点k4W1c,0.9218,92.18,1,3,3,good
5bdad002590327215ae0,m3D1v,知识点m3D1v,0.9465,94.65,12,27,25,good
5bdad002590327215ae0,r8S3g,知识点r8S3g,0.9991,99.91,5,6,6,good
5bdad002590327215ae0,s8Y2f,知识点s8Y2f,0.8966,89.66,1,2,2,good
5bdad002590327215ae0,t5V9e,知识点t5V9e,0.9825,98.25,5,6,6,good
5bdad002590327215ae0,y9W5d,知识点y9W5d,0.9127,91.27,11,26,23,good
919b6f74756bdb77edab,b3C9s,知识点b3C9s,0.9935,99.35,3,3,3,good
919b6f74756bdb77edab,g7R2j,知识点g7R2j,0.909,90.9,5,21,16,good
919b6f74756bdb77edab,k4W1c,知识点k4W1c,0.6751,67.51,1,3,1,good
919b6f74756bdb77edab,m3D1v,知识点m3D1v,0.9585,95.85,12,18,12,good
919b6f74756bdb77edab,r8S3g,知识点r8S3g,0.715,71.5,5,38,6,good
919b6f74756bdb77edab,s8Y2f,知识点s8Y2f,0.7944,79.44,1,2,2,good
919b6f74756bdb77edab,t5V9e,知识点t5V9e,0.8033,80.33,5,14,5,good
919b6f74756bdb77edab,y9W5d,知识点y9W5d,0.8504,85.04,11,19,13,good
8596e232b0d863cd3130,b3C9s,知识点b3C9s,0.943,94.3,3,3,3,good
8596e232b0d863cd3130,g7R2j,知识点g7R2j,0.9172,91.72,5,17,15,good
8596e232b0d863cd3130,k4W1c,知识点k4W1c,0.6747,67.47,1,3,1,good
8596e232b0d863cd3130,m3D1v,知识点m3D1v,0.9122,91.22,12,21,19,good
8596e232b0d863cd3130,r8S3g,知识点r8S3g,0.8515,85.15,5,11,6,good
8596e232b0d863cd3130,s8Y2f,知识点s8Y2f,0.7617,76.17,1,3,1,good
8596e232b0d863cd3130,t5V9e,知识点t5V9e,0.8473,84.73,5,9,7,good
8596e232b0d863cd3130,y9W5d,知识点y9W5d,0.8865,88.65,11,38,28,good
17656005bd4086137ab7,b3C9s,知识点b3C9s,0.9984,99.84,3,3,3,good
17656005bd4086137ab7,g7R2j,知识点g7R2j,0.9984,99.84,5,5,5,good
17656005bd4086137ab7,k4W1c,知识点k4W1c,0.9208,92.08,1,4,4,good
17656005bd4086137ab7,m3D1v,知识点m3D1v,0.9036,90.36,12,21,17,good
17656005bd4086137ab7,r8S3g,知识点r8S3g,0.7194,71.94,5,35,7,good
17656005bd4086137ab7,s8Y2f,知识点s8Y2f,0.813,81.3,1,2,1,good
17656005bd4086137ab7,t5V9e,知识点t5V9e,0.7891,78.91,5,26,14,good
17656005bd4086137ab7,y9W5d,知识点y9W5d,0.8271,82.71,11,32,26,good
d76c58732e315933a6cf,b3C9s,知识点b3C9s,0.9978,99.78,3,3,3,good
d76c58732e315933a6cf,g7R2j,知识点g7R2j,0.7213,72.13,3,4,4,good
d76c58732e315933a6cf,k4W1c,知识点k4W1c,0.9977,99.77,1,1,1,good
d76c58732e315933a6cf,m3D1v,知识点m3D1v,0.9117,91.17,12,20,14,good
d76c58732e315933a6cf,r8S3g,知识点r8S3g,0.8896,88.96,5,13,9,good
d76c58732e315933a6cf,s8Y2f,知识点s8Y2f,0.9982,99.82,1,1,1,good
d76c58732e315933a6cf,t5V9e,知识点t5V9e,0.9345,93.45,5,13,12,good
d76c58732e315933a6cf,y9W5d,知识点y9W5d,0.9314,93.14,11,22,13,good
7c27b1482db039a6eee9,b3C9s,知识点b3C9s,0.95,95.0,3,5,5,good
7c27b1482db039a6eee9,g7R2j,知识点g7R2j,0.8963,89.63,5,13,13,good
7c27b1482db039a6eee9,k4W1c,知识点k4W1c,0.9299,92.99,1,3,3,good
7c27b1482db039a6eee9,m3D1v,知识点m3D1v,0.9327,93.27,12,18,16,good
7c27b1482db039a6eee9,r8S3g,知识点r8S3g,0.8395,83.95,5,17,6,good
7c27b1482db039a6eee9,s8Y2f,知识点s8Y2f,0.8135,81.35,1,2,1,good
7c27b1482db039a6eee9,t5V9e,知识点t5V9e,0.9615,96.15,5,5,5,good
7c27b1482db039a6eee9,y9W5d,知识点y9W5d,0.9342,93.42,11,20,18,good
75e30b71e38030454877,b3C9s,知识点b3C9s,0.7804,78.04,3,9,3,good
75e30b71e38030454877,g7R2j,知识点g7R2j,0.7333,73.33,5,43,34,good
75e30b71e38030454877,k4W1c,知识点k4W1c,0.9981,99.81,1,1,1,good
75e30b71e38030454877,m3D1v,知识点m3D1v,0.83,83.0,12,23,14,good
75e30b71e38030454877,r8S3g,知识点r8S3g,0.8791,87.91,5,23,6,good
75e30b71e38030454877,s8Y2f,知识点s8Y2f,0.6664,66.64,1,7,1,good
75e30b71e38030454877,t5V9e,知识点t5V9e,0.7688,76.88,5,19,6,good
75e30b71e38030454877,y9W5d,知识点y9W5d,0.783,78.3,11,33,12,good
eacb3353d7bc80cf3e7a,b3C9s,知识点b3C9s,0.924,92.4,3,3,3,good
eacb3353d7bc80cf3e7a,g7R2j,知识点g7R2j,0.9619,96.19,5,10,10,good
eacb3353d7bc80cf3e7a,k4W1c,知识点k4W1c,0.8356,83.56,1,3,3,good
eacb3353d7bc80cf3e7a,m3D1v,知识点m3D1v,0.9198,91.98,12,24,21,good
eacb3353d7bc80cf3e7a,r8S3g,知识点r8S3g,0.85,85.0,5,8,6,good
eacb3353d7bc80cf3e7a,s8Y2f,知识点s8Y2f,0.8135,81.35,1,2,1,good
eacb3353d7bc80cf3e7a,t5V9e,知识点t5V9e,0.7948,79.48,5,16,10,good
eacb3353d7bc80cf3e7a,y9W5d,知识点y9W5d,0.9217,92.17,11,23,21,good
41126caf1874c098d357,b3C9s,知识点b3C9s,0.9878,98.78,3,3,3,good
41126caf1874c098d357,g7R2j,知识点g7R2j,0.9606,96.06,5,5,5,good
41126caf1874c098d357,k4W1c,知识点k4W1c,0.9982,99.82,1,1,1,good
41126caf1874c098d357,m3D1v,知识点m3D1v,0.797,79.7,12,49,26,good
41126caf1874c098d357,r8S3g,知识点r8S3g,0.8406,84.06,5,28,8,good
41126caf1874c098d357,s8Y2f,知识点s8Y2f,0.9962,99.62,1,1,1,good
41126caf1874c098d357,t5V9e,知识点t5V9e,0.8652,86.52,5,14,11,good
41126caf1874c098d357,y9W5d,知识点y9W5d,0.9014,90.14,11,26,17,good
69ae85efb03510241445,b3C9s,知识点b3C9s,0.6857,68.57,3,5,3,good
69ae85efb03510241445,g7R2j,知识点g7R2j,0.8316,83.16,5,41,37,good
69ae85efb03510241445,k4W1c,知识点k4W1c,0.9977,99.77,1,1,1,good
69ae85efb03510241445,m3D1v,知识点m3D1v,0.8775,87.75,12,24,19,good
69ae85efb03510241445,r8S3g,知识点r8S3g,0.8678,86.78,5,13,6,good
69ae85efb03510241445,s8Y2f,知识点s8Y2f,0.9821,98.21,1,1,1,good
69ae85efb03510241445,t5V9e,知识点t5V9e,0.8862,88.62,5,14,13,good
69ae85efb03510241445,y9W5d,知识点y9W5d,0.936,93.6,11,21,20,good
c5c5601b771f1b4491fa,b3C9s,知识点b3C9s,0.9277,92.77,3,5,3,good
c5c5601b771f1b4491fa,g7R2j,知识点g7R2j,0.8836,88.36,5,16,16,good
c5c5601b771f1b4491fa,k4W1c,知识点k4W1c,0.9975,99.75,1,1,1,good
c5c5601b771f1b4491fa,m3D1v,知识点m3D1v,0.9335,93.35,12,37,35,good
c5c5601b771f1b4491fa,r8S3g,知识点r8S3g,0.9023,90.23,5,19,6,good
c5c5601b771f1b4491fa,s8Y2f,知识点s8Y2f,0.9739,97.39,1,1,1,good
c5c5601b771f1b4491fa,t5V9e,知识点t5V9e,0.9631,96.31,5,8,8,good
c5c5601b771f1b4491fa,y9W5d,知识点y9W5d,0.9083,90.83,11,21,20,good
c4ffbc0ba8c38e725fc8,b3C9s,知识点b3C9s,0.9431,94.31,3,4,3,good
c4ffbc0ba8c38e725fc8,g7R2j,知识点g7R2j,0.8889,88.89,5,11,10,good
c4ffbc0ba8c38e725fc8,k4W1c,知识点k4W1c,0.9982,99.82,1,1,1,good
c4ffbc0ba8c38e725fc8,m3D1v,知识点m3D1v,0.9069,90.69,12,22,17,good
c4ffbc0ba8c38e725fc8,r8S3g,知识点r8S3g,0.8818,88.18,5,9,6,good
c4ffbc0ba8c38e725fc8,s8Y2f,知识点s8Y2f,0.9982,99.82,1,1,1,good
c4ffbc0ba8c38e725fc8,t5V9e,知识点t5V9e,0.9681,96.81,5,7,7,good
c4ffbc0ba8c38e725fc8,y9W5d,知识点y9W5d,0.9579,95.79,11,16,15,good
55a47a152d359522e38d,b3C9s,知识点b3C9s,0.8734,87.34,3,16,16,good
55a47a152d359522e38d,g7R2j,知识点g7R2j,0.6594,65.94,5,26,23,good
55a47a152d359522e38d,k4W1c,知识点k4W1c,0.9977,99.77,1,1,1,good
55a47a152d359522e38d,m3D1v,知识点m3D1v,0.8633,86.33,12,41,35,good
55a47a152d359522e38d,r8S3g,知识点r8S3g,0.863,86.3,5,13,6,good
55a47a152d359522e38d,s8Y2f,知识点s8Y2f,0.7027,70.27,1,3,1,good
55a47a152d359522e38d,t5V9e,知识点t5V9e,0.9369,93.69,5,13,10,good
55a47a152d359522e38d,y9W5d,知识点y9W5d,0.7969,79.69,11,52,28,good
7ffc1d4e5026fc5195ea,b3C9s,知识点b3C9s,0.9019,90.19,3,6,6,good
7ffc1d4e5026fc5195ea,g7R2j,知识点g7R2j,0.9286,92.86,5,22,22,good
7ffc1d4e5026fc5195ea,k4W1c,知识点k4W1c,0.979,97.9,1,1,1,good
7ffc1d4e5026fc5195ea,m3D1v,知识点m3D1v,0.9004,90.04,12,17,14,good
7ffc1d4e5026fc5195ea,r8S3g,知识点r8S3g,0.8712,87.12,5,10,6,good
7ffc1d4e5026fc5195ea,s8Y2f,知识点s8Y2f,0.9976,99.76,1,1,1,good
7ffc1d4e5026fc5195ea,t5V9e,知识点t5V9e,0.9252,92.52,5,10,5,good
7ffc1d4e5026fc5195ea,y9W5d,知识点y9W5d,0.9473,94.73,11,20,13,good
a05da04117e032cb4977,b3C9s,知识点b3C9s,0.8367,83.67,3,9,8,good
a05da04117e032cb4977,g7R2j,知识点g7R2j,0.8275,82.75,5,12,12,good
a05da04117e032cb4977,k4W1c,知识点k4W1c,0.7574,75.74,1,6,6,good
a05da04117e032cb4977,m3D1v,知识点m3D1v,0.8859,88.59,12,29,22,good
a05da04117e032cb4977,r8S3g,知识点r8S3g,0.8908,89.08,5,16,6,good
a05da04117e032cb4977,s8Y2f,知识点s8Y2f,0.9987,99.87,1,1,1,good
a05da04117e032cb4977,t5V9e,知识点t5V9e,0.905,90.5,5,16,16,good
a05da04117e032cb4977,y9W5d,知识点y9W5d,0.8596,85.96,11,32,30,good
9be4ba08415daa1ee6fe,b3C9s,知识点b3C9s,0.9983,99.83,3,3,3,good
9be4ba08415daa1ee6fe,g7R2j,知识点g7R2j,0.9982,99.82,5,5,5,good
9be4ba08415daa1ee6fe,k4W1c,知识点k4W1c,0.9981,99.81,1,1,1,good
9be4ba08415daa1ee6fe,m3D1v,知识点m3D1v,0.9026,90.26,12,23,21,good
9be4ba08415daa1ee6fe,r8S3g,知识点r8S3g,0.6761,67.61,5,36,6,good
9be4ba08415daa1ee6fe,s8Y2f,知识点s8Y2f,0.997,99.7,1,1,1,good
9be4ba08415daa1ee6fe,t5V9e,知识点t5V9e,0.9333,93.33,5,9,5,good
9be4ba08415daa1ee6fe,y9W5d,知识点y9W5d,0.9555,95.55,11,16,16,good
o6kw9thwvq6csdr9taal,b3C9s,知识点b3C9s,0.8332,83.32,3,9,7,good
o6kw9thwvq6csdr9taal,g7R2j,知识点g7R2j,0.7369,73.69,5,15,10,good
o6kw9thwvq6csdr9taal,k4W1c,知识点k4W1c,0.8148,81.48,1,5,4,good
o6kw9thwvq6csdr9taal,m3D1v,知识点m3D1v,0.7972,79.72,12,31,27,good
o6kw9thwvq6csdr9taal,r8S3g,知识点r8S3g,0.6685,66.85,5,22,7,good
o6kw9thwvq6csdr9taal,s8Y2f,知识点s8Y2f,0.8135,81.35,1,2,1,good
o6kw9thwvq6csdr9taal,t5V9e,知识点t5V9e,0.767,76.7,5,15,10,good
o6kw9thwvq6csdr9taal,y9W5d,知识点y9W5d,0.6118,61.18,9,32,22,good
owzdfs89mm4ci0382a3b,b3C9s,知识点b3C9s,0.543,54.3,2,6,6,medium
owzdfs89mm4ci0382a3b,g7R2j,知识点g7R2j,0.7373,73.73,4,13,12,good
owzdfs89mm4ci0382a3b,k4W1c,知识点k4W1c,0.71,71.0,1,4,2,good
owzdfs89mm4ci0382a3b,m3D1v,知识点m3D1v,0.6294,62.94,9,25,14,good
owzdfs89mm4ci0382a3b,r8S3g,知识点r8S3g,0.6591,65.91,4,19,2,good
owzdfs89mm4ci0382a3b,s8Y2f,知识点s8Y2f,0.9982,99.82,1,1,1,good
owzdfs89mm4ci0382a3b,t5V9e,知识点t5V9e,0.7436,74.36,5,16,6,good
owzdfs89mm4ci0382a3b,y9W5d,知识点y9W5d,0.8226,82.26,10,28,19,good
7n0vh1m7hm3g0v8ggv7v,b3C9s,知识点b3C9s,0.7318,73.18,1,4,3,good
7n0vh1m7hm3g0v8ggv7v,g7R2j,知识点g7R2j,0.7405,74.05,4,14,10,good
7n0vh1m7hm3g0v8ggv7v,k4W1c,知识点k4W1c,0.6808,68.08,1,5,3,good
7n0vh1m7hm3g0v8ggv7v,m3D1v,知识点m3D1v,0.7387,73.87,12,33,20,good
7n0vh1m7hm3g0v8ggv7v,r8S3g,知识点r8S3g,0.6789,67.89,5,20,6,good
7n0vh1m7hm3g0v8ggv7v,s8Y2f,知识点s8Y2f,0.6622,66.22,1,1,1,good
7n0vh1m7hm3g0v8ggv7v,t5V9e,知识点t5V9e,0.7269,72.69,5,19,9,good
7n0vh1m7hm3g0v8ggv7v,y9W5d,知识点y9W5d,0.6253,62.53,9,28,16,good
32n93dfesjggabieb85t,b3C9s,知识点b3C9s,0.9092,90.92,3,7,5,good
32n93dfesjggabieb85t,g7R2j,知识点g7R2j,0.7716,77.16,5,18,14,good
32n93dfesjggabieb85t,k4W1c,知识点k4W1c,0.677,67.7,1,4,1,good
32n93dfesjggabieb85t,m3D1v,知识点m3D1v,0.7481,74.81,10,28,20,good
32n93dfesjggabieb85t,r8S3g,知识点r8S3g,0.6736,67.36,4,17,5,good
32n93dfesjggabieb85t,s8Y2f,知识点s8Y2f,0.9982,99.82,1,1,1,good
32n93dfesjggabieb85t,t5V9e,知识点t5V9e,0.7747,77.47,5,28,17,good
32n93dfesjggabieb85t,y9W5d,知识点y9W5d,0.7323,73.23,10,35,20,good
k6jujv82n727fuwbxa6f,b3C9s,知识点b3C9s,0.7785,77.85,3,8,6,good
k6jujv82n727fuwbxa6f,g7R2j,知识点g7R2j,0.5923,59.23,3,19,17,medium
k6jujv82n727fuwbxa6f,k4W1c,知识点k4W1c,0.5984,59.84,1,3,2,medium
k6jujv82n727fuwbxa6f,m3D1v,知识点m3D1v,0.67,67.0,9,26,17,good
k6jujv82n727fuwbxa6f,r8S3g,知识点r8S3g,0.6596,65.96,5,22,4,good
k6jujv82n727fuwbxa6f,s8Y2f,知识点s8Y2f,0.9468,94.68,1,2,2,good
k6jujv82n727fuwbxa6f,t5V9e,知识点t5V9e,0.7571,75.71,5,22,9,good
k6jujv82n727fuwbxa6f,y9W5d,知识点y9W5d,0.7232,72.32,9,32,27,good
di7sclw5samggg4sxipv,b3C9s,知识点b3C9s,0.708,70.8,3,4,3,good
di7sclw5samggg4sxipv,g7R2j,知识点g7R2j,0.6854,68.54,4,9,5,good
di7sclw5samggg4sxipv,k4W1c,知识点k4W1c,0.6214,62.14,1,2,1,good
di7sclw5samggg4sxipv,m3D1v,知识点m3D1v,0.7762,77.62,12,33,20,good
di7sclw5samggg4sxipv,r8S3g,知识点r8S3g,0.7296,72.96,5,26,11,good
di7sclw5samggg4sxipv,s8Y2f,知识点s8Y2f,0.8888,88.88,1,3,3,good
di7sclw5samggg4sxipv,t5V9e,知识点t5V9e,0.757,75.7,5,15,10,good
di7sclw5samggg4sxipv,y9W5d,知识点y9W5d,0.7613,76.13,11,34,25,good
m380dsj058viwn3ly6j1,b3C9s,知识点b3C9s,0.6812,68.12,3,6,3,good
m380dsj058viwn3ly6j1,g7R2j,知识点g7R2j,0.7524,75.24,4,14,10,good
m380dsj058viwn3ly6j1,k4W1c,知识点k4W1c,0.6609,66.09,0,0,0,good
m380dsj058viwn3ly6j1,m3D1v,知识点m3D1v,0.7069,70.69,11,26,17,good
m380dsj058viwn3ly6j1,r8S3g,知识点r8S3g,0.5321,53.21,4,24,5,medium
m380dsj058viwn3ly6j1,s8Y2f,知识点s8Y2f,0.7275,72.75,1,4,3,good
m380dsj058viwn3ly6j1,t5V9e,知识点t5V9e,0.5741,57.41,4,16,7,medium
m380dsj058viwn3ly6j1,y9W5d,知识点y9W5d,0.7015,70.15,9,22,14,good
tndsnutlm99ld8f4uya0,b3C9s,知识点b3C9s,0.5717,57.17,2,5,4,medium
tndsnutlm99ld8f4uya0,g7R2j,知识点g7R2j,0.621,62.1,4,16,13,good
tndsnutlm99ld8f4uya0,k4W1c,知识点k4W1c,0.6117,61.17,1,2,1,good
tndsnutlm99ld8f4uya0,m3D1v,知识点m3D1v,0.6815,68.15,11,28,16,good
tndsnutlm99ld8f4uya0,r8S3g,知识点r8S3g,0.6705,67.05,5,17,9,good
tndsnutlm99ld8f4uya0,s8Y2f,知识点s8Y2f,0.6302,63.02,1,1,0,good
tndsnutlm99ld8f4uya0,t5V9e,知识点t5V9e,0.7489,74.89,5,11,7,good
tndsnutlm99ld8f4uya0,y9W5d,知识点y9W5d,0.7852,78.52,11,26,17,good
twa56vh9h75mwaqdma1y,b3C9s,知识点b3C9s,0.7179,71.79,3,7,4,good
twa56vh9h75mwaqdma1y,g7R2j,知识点g7R2j,0.7736,77.36,5,14,11,good
twa56vh9h75mwaqdma1y,k4W1c,知识点k4W1c,0.7638,76.38,1,1,1,good
twa56vh9h75mwaqdma1y,m3D1v,知识点m3D1v,0.7508,75.08,11,23,12,good
twa56vh9h75mwaqdma1y,r8S3g,知识点r8S3g,0.7234,72.34,5,23,9,good
twa56vh9h75mwaqdma1y,s8Y2f,知识点s8Y2f,0.8149,81.49,1,1,1,good
twa56vh9h75mwaqdma1y,t5V9e,知识点t5V9e,0.7868,78.68,5,15,11,good
twa56vh9h75mwaqdma1y,y9W5d,知识点y9W5d,0.7913,79.13,11,31,22,good
l1rn095adguamaugi4ux,b3C9s,知识点b3C9s,0.8086,80.86,2,6,5,good
l1rn095adguamaugi4ux,g7R2j,知识点g7R2j,0.8067,80.67,5,22,19,good
l1rn095adguamaugi4ux,k4W1c,知识点k4W1c,0.6299,62.99,1,2,0,good
l1rn095adguamaugi4ux,m3D1v,知识点m3D1v,0.7809,78.09,12,28,20,good
l1rn095adguamaugi4ux,r8S3g,知识点r8S3g,0.7345,73.45,5,21,9,good
l1rn095adguamaugi4ux,s8Y2f,知识点s8Y2f,0.6298,62.98,1,1,0,good
l1rn095adguamaugi4ux,t5V9e,知识点t5V9e,0.7528,75.28,5,21,12,good
l1rn095adguamaugi4ux,y9W5d,知识点y9W5d,0.7957,79.57,11,30,18,good
qkc2f9omqulfmn3j0m9p,b3C9s,知识点b3C9s,0.894,89.4,3,9,9,good
qkc2f9omqulfmn3j0m9p,g7R2j,知识点g7R2j,0.5394,53.94,4,9,5,medium
qkc2f9omqulfmn3j0m9p,k4W1c,知识点k4W1c,0.7178,71.78,1,3,2,good
qkc2f9omqulfmn3j0m9p,m3D1v,知识点m3D1v,0.7615,76.15,11,25,16,good
qkc2f9omqulfmn3j0m9p,r8S3g,知识点r8S3g,0.6877,68.77,5,35,10,good
qkc2f9omqulfmn3j0m9p,t5V9e,知识点t5V9e,0.8037,80.37,5,21,14,good
qkc2f9omqulfmn3j0m9p,y9W5d,知识点y9W5d,0.6341,63.41,9,22,13,good
k7fa3kdg6dq9avbiqv1f,b3C9s,知识点b3C9s,0.8435,84.35,3,7,6,good
k7fa3kdg6dq9avbiqv1f,g7R2j,知识点g7R2j,0.7728,77.28,5,21,16,good
k7fa3kdg6dq9avbiqv1f,k4W1c,知识点k4W1c,0.6953,69.53,1,3,2,good
k7fa3kdg6dq9avbiqv1f,m3D1v,知识点m3D1v,0.7684,76.84,11,31,22,good
k7fa3kdg6dq9avbiqv1f,r8S3g,知识点r8S3g,0.6338,63.38,5,20,3,good
k7fa3kdg6dq9avbiqv1f,s8Y2f,知识点s8Y2f,0.5954,59.54,1,1,0,medium
k7fa3kdg6dq9avbiqv1f,t5V9e,知识点t5V9e,0.6986,69.86,5,15,6,good
k7fa3kdg6dq9avbiqv1f,y9W5d,知识点y9W5d,0.6712,67.12,9,30,19,good
wi36b9plgjc82atx6z7h,b3C9s,知识点b3C9s,0.7797,77.97,3,8,4,good
wi36b9plgjc82atx6z7h,g7R2j,知识点g7R2j,0.6831,68.31,4,14,11,good
wi36b9plgjc82atx6z7h,m3D1v,知识点m3D1v,0.6248,62.48,8,30,19,good
wi36b9plgjc82atx6z7h,r8S3g,知识点r8S3g,0.6895,68.95,5,22,5,good
wi36b9plgjc82atx6z7h,t5V9e,知识点t5V9e,0.6895,68.95,5,11,5,good
wi36b9plgjc82atx6z7h,y9W5d,知识点y9W5d,0.497,49.7,7,24,14,medium
aai4o855shne2taonl8m,b3C9s,知识点b3C9s,0.8797,87.97,3,7,5,good
aai4o855shne2taonl8m,g7R2j,知识点g7R2j,0.5456,54.56,3,15,12,medium
aai4o855shne2taonl8m,k4W1c,知识点k4W1c,0.6185,61.85,1,3,1,good
aai4o855shne2taonl8m,m3D1v,知识点m3D1v,0.7315,73.15,11,36,19,good
aai4o855shne2taonl8m,r8S3g,知识点r8S3g,0.7096,70.96,5,23,6,good
aai4o855shne2taonl8m,s8Y2f,知识点s8Y2f,0.8969,89.69,1,2,2,good
aai4o855shne2taonl8m,t5V9e,知识点t5V9e,0.7862,78.62,5,18,8,good
aai4o855shne2taonl8m,y9W5d,知识点y9W5d,0.6572,65.72,9,25,16,good
pxnnkthuxasggux3hyae,b3C9s,知识点b3C9s,0.8234,82.34,3,11,8,good
pxnnkthuxasggux3hyae,g7R2j,知识点g7R2j,0.7725,77.25,5,16,11,good
pxnnkthuxasggux3hyae,k4W1c,知识点k4W1c,0.9981,99.81,1,1,1,good
pxnnkthuxasggux3hyae,m3D1v,知识点m3D1v,0.7743,77.43,11,28,18,good
pxnnkthuxasggux3hyae,r8S3g,知识点r8S3g,0.4959,49.59,3,27,5,medium
pxnnkthuxasggux3hyae,s8Y2f,知识点s8Y2f,0.9976,99.76,1,2,2,good
pxnnkthuxasggux3hyae,t5V9e,知识点t5V9e,0.673,67.3,5,16,6,good
pxnnkthuxasggux3hyae,y9W5d,知识点y9W5d,0.7514,75.14,9,21,15,good
nq4jln5s1zqjk7nwbbeo,b3C9s,知识点b3C9s,0.8348,83.48,3,6,5,good
nq4jln5s1zqjk7nwbbeo,g7R2j,知识点g7R2j,0.6777,67.77,4,7,6,good
nq4jln5s1zqjk7nwbbeo,k4W1c,知识点k4W1c,0.7926,79.26,1,3,2,good
nq4jln5s1zqjk7nwbbeo,m3D1v,知识点m3D1v,0.6639,66.39,10,22,12,good
nq4jln5s1zqjk7nwbbeo,r8S3g,知识点r8S3g,0.691,69.1,5,20,5,good
nq4jln5s1zqjk7nwbbeo,s8Y2f,知识点s8Y2f,0.8131,81.31,1,2,1,good
nq4jln5s1zqjk7nwbbeo,t5V9e,知识点t5V9e,0.7868,78.68,5,19,10,good
nq4jln5s1zqjk7nwbbeo,y9W5d,知识点y9W5d,0.645,64.5,8,23,14,good
p8bk6cdfntr0humt6q45,b3C9s,知识点b3C9s,0.8964,89.64,3,6,6,good
p8bk6cdfntr0humt6q45,g7R2j,知识点g7R2j,0.7607,76.07,4,14,13,good
p8bk6cdfntr0humt6q45,k4W1c,知识点k4W1c,0.8142,81.42,1,4,2,good
p8bk6cdfntr0humt6q45,m3D1v,知识点m3D1v,0.7614,76.14,12,27,16,good
p8bk6cdfntr0humt6q45,r8S3g,知识点r8S3g,0.6938,69.38,5,21,4,good
p8bk6cdfntr0humt6q45,t5V9e,知识点t5V9e,0.7891,78.91,5,11,6,good
p8bk6cdfntr0humt6q45,y9W5d,知识点y9W5d,0.7858,78.58,10,31,25,good
4nun1ah7qw10q705a2aq,b3C9s,知识点b3C9s,0.459,45.9,1,4,2,medium
4nun1ah7qw10q705a2aq,g7R2j,知识点g7R2j,0.8344,83.44,5,19,17,good
4nun1ah7qw10q705a2aq,k4W1c,知识点k4W1c,0.7631,76.31,1,1,1,good
4nun1ah7qw10q705a2aq,m3D1v,知识点m3D1v,0.7304,73.04,10,24,17,good
4nun1ah7qw10q705a2aq,r8S3g,知识点r8S3g,0.6362,63.62,5,28,10,good
4nun1ah7qw10q705a2aq,s8Y2f,知识点s8Y2f,0.8969,89.69,1,2,2,good
4nun1ah7qw10q705a2aq,t5V9e,知识点t5V9e,0.743,74.3,5,13,7,good
4nun1ah7qw10q705a2aq,y9W5d,知识点y9W5d,0.7294,72.94,10,26,19,good
9npnusbksscam12fc4ut,b3C9s,知识点b3C9s,0.8038,80.38,2,4,2,good
9npnusbksscam12fc4ut,g7R2j,知识点g7R2j,0.8031,80.31,5,12,10,good
9npnusbksscam12fc4ut,k4W1c,知识点k4W1c,0.8394,83.94,1,4,3,good
9npnusbksscam12fc4ut,m3D1v,知识点m3D1v,0.753,75.3,11,27,15,good
9npnusbksscam12fc4ut,r8S3g,知识点r8S3g,0.7857,78.57,5,23,10,good
9npnusbksscam12fc4ut,s8Y2f,知识点s8Y2f,0.9992,99.92,1,1,1,good
9npnusbksscam12fc4ut,t5V9e,知识点t5V9e,0.7044,70.44,5,17,7,good
9npnusbksscam12fc4ut,y9W5d,知识点y9W5d,0.8369,83.69,11,33,21,good
hu267zw9zywa4ew3d5bw,b3C9s,知识点b3C9s,0.81,81.0,2,2,2,good
hu267zw9zywa4ew3d5bw,g7R2j,知识点g7R2j,0.7476,74.76,5,16,13,good
hu267zw9zywa4ew3d5bw,k4W1c,知识点k4W1c,0.7255,72.55,1,5,3,good
hu267zw9zywa4ew3d5bw,m3D1v,知识点m3D1v,0.733,73.3,11,41,23,good
hu267zw9zywa4ew3d5bw,r8S3g,知识点r8S3g,0.7261,72.61,5,25,11,good
hu267zw9zywa4ew3d5bw,s8Y2f,知识点s8Y2f,0.7138,71.38,1,1,1,good
hu267zw9zywa4ew3d5bw,t5V9e,知识点t5V9e,0.7982,79.82,5,21,15,good
hu267zw9zywa4ew3d5bw,y9W5d,知识点y9W5d,0.7804,78.04,11,38,26,good
zhx5rxgopln1p5hd10ql,b3C9s,知识点b3C9s,0.8326,83.26,3,7,6,good
zhx5rxgopln1p5hd10ql,g7R2j,知识点g7R2j,0.7796,77.96,5,22,15,good
zhx5rxgopln1p5hd10ql,k4W1c,知识点k4W1c,0.7476,74.76,1,4,3,good
zhx5rxgopln1p5hd10ql,m3D1v,知识点m3D1v,0.7578,75.78,11,28,17,good
zhx5rxgopln1p5hd10ql,r8S3g,知识点r8S3g,0.679,67.9,5,23,6,good
zhx5rxgopln1p5hd10ql,s8Y2f,知识点s8Y2f,0.6654,66.54,0,0,0,good
zhx5rxgopln1p5hd10ql,t5V9e,知识点t5V9e,0.5802,58.02,4,14,7,medium
zhx5rxgopln1p5hd10ql,y9W5d,知识点y9W5d,0.7831,78.31,10,24,17,good
pammg9gw4enjosw3z60e,b3C9s,知识点b3C9s,0.7594,75.94,3,9,8,good
pammg9gw4enjosw3z60e,g7R2j,知识点g7R2j,0.7321,73.21,5,15,10,good
pammg9gw4enjosw3z60e,k4W1c,知识点k4W1c,0.6695,66.95,1,3,1,good
pammg9gw4enjosw3z60e,m3D1v,知识点m3D1v,0.7384,73.84,11,25,12,good
pammg9gw4enjosw3z60e,r8S3g,知识点r8S3g,0.5242,52.42,4,17,2,medium
pammg9gw4enjosw3z60e,s8Y2f,知识点s8Y2f,0.8133,81.33,1,1,1,good
pammg9gw4enjosw3z60e,t5V9e,知识点t5V9e,0.7558,75.58,4,20,12,good
pammg9gw4enjosw3z60e,y9W5d,知识点y9W5d,0.7555,75.55,10,26,18,good
r9m46ndmmmzeeehft96z,b3C9s,知识点b3C9s,0.789,78.9,3,6,5,good
r9m46ndmmmzeeehft96z,g7R2j,知识点g7R2j,0.7369,73.69,5,14,11,good
r9m46ndmmmzeeehft96z,k4W1c,知识点k4W1c,0.7809,78.09,1,3,2,good
r9m46ndmmmzeeehft96z,m3D1v,知识点m3D1v,0.6621,66.21,10,21,12,good
r9m46ndmmmzeeehft96z,r8S3g,知识点r8S3g,0.5291,52.91,4,24,5,medium
r9m46ndmmmzeeehft96z,s8Y2f,知识点s8Y2f,0.8145,81.45,1,1,1,good
r9m46ndmmmzeeehft96z,t5V9e,知识点t5V9e,0.7573,75.73,5,11,6,good
r9m46ndmmmzeeehft96z,y9W5d,知识点y9W5d,0.6136,61.36,9,22,14,good
i39gdpglcxstun30b4yw,b3C9s,知识点b3C9s,0.2244,22.44,1,5,3,poor
i39gdpglcxstun30b4yw,g7R2j,知识点g7R2j,0.7803,78.03,5,9,7,good
i39gdpglcxstun30b4yw,k4W1c,知识点k4W1c,0.9315,93.15,1,3,3,good
i39gdpglcxstun30b4yw,m3D1v,知识点m3D1v,0.8135,81.35,11,38,25,good
i39gdpglcxstun30b4yw,r8S3g,知识点r8S3g,0.6816,68.16,5,30,3,good
i39gdpglcxstun30b4yw,s8Y2f,知识点s8Y2f,0.6654,66.54,0,0,0,good
i39gdpglcxstun30b4yw,t5V9e,知识点t5V9e,0.6665,66.65,5,11,5,good
i39gdpglcxstun30b4yw,y9W5d,知识点y9W5d,0.7672,76.72,9,27,19,good
whzjoeh34i7o86p37u99,b3C9s,知识点b3C9s,0.8559,85.59,3,9,8,good
whzjoeh34i7o86p37u99,g7R2j,知识点g7R2j,0.7845,78.45,5,13,10,good
whzjoeh34i7o86p37u99,k4W1c,知识点k4W1c,0.7514,75.14,1,4,2,good
whzjoeh34i7o86p37u99,m3D1v,知识点m3D1v,0.7486,74.86,11,29,18,good
whzjoeh34i7o86p37u99,r8S3g,知识点r8S3g,0.7068,70.68,5,24,8,good
whzjoeh34i7o86p37u99,s8Y2f,知识点s8Y2f,0.7372,73.72,1,1,1,good
whzjoeh34i7o86p37u99,t5V9e,知识点t5V9e,0.7128,71.28,5,17,9,good
whzjoeh34i7o86p37u99,y9W5d,知识点y9W5d,0.7915,79.15,11,27,19,good
3lbe8ny12qw7qwcyihpn,b3C9s,知识点b3C9s,0.7414,74.14,3,9,5,good
3lbe8ny12qw7qwcyihpn,g7R2j,知识点g7R2j,0.5811,58.11,4,13,9,medium
3lbe8ny12qw7qwcyihpn,k4W1c,知识点k4W1c,0.9987,99.87,1,1,1,good
3lbe8ny12qw7qwcyihpn,m3D1v,知识点m3D1v,0.7222,72.22,10,28,19,good
3lbe8ny12qw7qwcyihpn,r8S3g,知识点r8S3g,0.7177,71.77,5,14,5,good
3lbe8ny12qw7qwcyihpn,s8Y2f,知识点s8Y2f,0.73,73.0,1,2,1,good
3lbe8ny12qw7qwcyihpn,t5V9e,知识点t5V9e,0.7178,71.78,4,6,4,good
3lbe8ny12qw7qwcyihpn,y9W5d,知识点y9W5d,0.7213,72.13,10,30,19,good
exaiz0y0uvpeg498cg4j,b3C9s,知识点b3C9s,0.6816,68.16,3,5,2,good
exaiz0y0uvpeg498cg4j,g7R2j,知识点g7R2j,0.549,54.9,4,17,12,medium
exaiz0y0uvpeg498cg4j,k4W1c,知识点k4W1c,0.6137,61.37,1,2,1,good
exaiz0y0uvpeg498cg4j,m3D1v,知识点m3D1v,0.6009,60.09,9,24,19,good
exaiz0y0uvpeg498cg4j,r8S3g,知识点r8S3g,0.6935,69.35,4,20,2,good
exaiz0y0uvpeg498cg4j,s8Y2f,知识点s8Y2f,0.8134,81.34,1,2,1,good
exaiz0y0uvpeg498cg4j,t5V9e,知识点t5V9e,0.6809,68.09,5,18,10,good
exaiz0y0uvpeg498cg4j,y9W5d,知识点y9W5d,0.6907,69.07,10,29,18,good
d9qmlhyp13mf5nto4qih,b3C9s,知识点b3C9s,0.7324,73.24,2,6,4,good
d9qmlhyp13mf5nto4qih,g7R2j,知识点g7R2j,0.6231,62.31,4,14,10,good
d9qmlhyp13mf5nto4qih,k4W1c,知识点k4W1c,0.6632,66.32,0,0,0,good
d9qmlhyp13mf5nto4qih,m3D1v,知识点m3D1v,0.7858,78.58,12,38,24,good
d9qmlhyp13mf5nto4qih,r8S3g,知识点r8S3g,0.7272,72.72,5,23,7,good
d9qmlhyp13mf5nto4qih,s8Y2f,知识点s8Y2f,0.9972,99.72,1,4,4,good
d9qmlhyp13mf5nto4qih,t5V9e,知识点t5V9e,0.7125,71.25,5,22,11,good
d9qmlhyp13mf5nto4qih,y9W5d,知识点y9W5d,0.7731,77.31,9,30,20,good
b6nwoi7doh1m1yzbkxup,b3C9s,知识点b3C9s,0.8652,86.52,3,8,7,good
b6nwoi7doh1m1yzbkxup,g7R2j,知识点g7R2j,0.5956,59.56,4,14,10,medium
b6nwoi7doh1m1yzbkxup,k4W1c,知识点k4W1c,0.7294,72.94,1,1,1,good
b6nwoi7doh1m1yzbkxup,m3D1v,知识点m3D1v,0.7446,74.46,11,29,17,good
b6nwoi7doh1m1yzbkxup,r8S3g,知识点r8S3g,0.6393,63.93,5,33,9,good
b6nwoi7doh1m1yzbkxup,s8Y2f,知识点s8Y2f,0.8621,86.21,1,4,3,good
b6nwoi7doh1m1yzbkxup,t5V9e,知识点t5V9e,0.7589,75.89,4,14,9,good
b6nwoi7doh1m1yzbkxup,y9W5d,知识点y9W5d,0.719,71.9,10,27,20,good
d4xny47ows87zd7viwj5,b3C9s,知识点b3C9s,0.6557,65.57,3,6,4,good
d4xny47ows87zd7viwj5,g7R2j,知识点g7R2j,0.7805,78.05,3,10,10,good
d4xny47ows87zd7viwj5,k4W1c,知识点k4W1c,0.8628,86.28,1,5,4,good
d4xny47ows87zd7viwj5,m3D1v,知识点m3D1v,0.8193,81.93,12,51,35,good
d4xny47ows87zd7viwj5,r8S3g,知识点r8S3g,0.726,72.6,5,22,8,good
d4xny47ows87zd7viwj5,s8Y2f,知识点s8Y2f,0.6637,66.37,0,0,0,good
d4xny47ows87zd7viwj5,t5V9e,知识点t5V9e,0.7373,73.73,5,17,8,good
d4xny47ows87zd7viwj5,y9W5d,知识点y9W5d,0.667,66.7,9,29,19,good
zoo8a9uj8a0dplifqzdp,b3C9s,知识点b3C9s,0.8307,83.07,3,6,4,good
zoo8a9uj8a0dplifqzdp,g7R2j,知识点g7R2j,0.6316,63.16,4,20,16,good
zoo8a9uj8a0dplifqzdp,k4W1c,知识点k4W1c,0.7797,77.97,1,3,2,good
zoo8a9uj8a0dplifqzdp,m3D1v,知识点m3D1v,0.75,75.0,11,26,17,good
zoo8a9uj8a0dplifqzdp,r8S3g,知识点r8S3g,0.7016,70.16,5,27,11,good
zoo8a9uj8a0dplifqzdp,s8Y2f,知识点s8Y2f,0.6638,66.38,0,0,0,good
zoo8a9uj8a0dplifqzdp,t5V9e,知识点t5V9e,0.7517,75.17,5,17,12,good
zoo8a9uj8a0dplifqzdp,y9W5d,知识点y9W5d,0.7826,78.26,10,23,17,good
k6kv9y9tqfll5d282ymb,b3C9s,知识点b3C9s,0.9278,92.78,3,5,5,good
k6kv9y9tqfll5d282ymb,g7R2j,知识点g7R2j,0.7171,71.71,4,8,5,good
k6kv9y9tqfll5d282ymb,k4W1c,知识点k4W1c,0.6788,67.88,1,2,2,good
k6kv9y9tqfll5d282ymb,m3D1v,知识点m3D1v,0.7093,70.93,10,26,14,good
k6kv9y9tqfll5d282ymb,r8S3g,知识点r8S3g,0.7364,73.64,5,22,10,good
k6kv9y9tqfll5d282ymb,s8Y2f,知识点s8Y2f,0.8951,89.51,1,2,2,good
k6kv9y9tqfll5d282ymb,t5V9e,知识点t5V9e,0.6929,69.29,5,18,10,good
k6kv9y9tqfll5d282ymb,y9W5d,知识点y9W5d,0.7497,74.97,10,35,29,good
xf5q0ixkpbxl3w7k16qo,b3C9s,知识点b3C9s,0.8711,87.11,3,7,6,good
xf5q0ixkpbxl3w7k16qo,g7R2j,知识点g7R2j,0.5839,58.39,4,10,8,medium
xf5q0ixkpbxl3w7k16qo,k4W1c,知识点k4W1c,0.9043,90.43,1,4,4,good
xf5q0ixkpbxl3w7k16qo,m3D1v,知识点m3D1v,0.6813,68.13,10,24,16,good
xf5q0ixkpbxl3w7k16qo,r8S3g,知识点r8S3g,0.6486,64.86,5,23,2,good
xf5q0ixkpbxl3w7k16qo,s8Y2f,知识点s8Y2f,0.6637,66.37,0,0,0,good
xf5q0ixkpbxl3w7k16qo,t5V9e,知识点t5V9e,0.7408,74.08,5,19,10,good
xf5q0ixkpbxl3w7k16qo,y9W5d,知识点y9W5d,0.7055,70.55,9,26,16,good
slmfpw1fyabrtys8ufg9,b3C9s,知识点b3C9s,0.7784,77.84,3,8,5,good
slmfpw1fyabrtys8ufg9,g7R2j,知识点g7R2j,0.5703,57.03,4,18,10,medium
slmfpw1fyabrtys8ufg9,k4W1c,知识点k4W1c,0.7648,76.48,1,4,2,good
slmfpw1fyabrtys8ufg9,m3D1v,知识点m3D1v,0.7216,72.16,11,28,19,good
slmfpw1fyabrtys8ufg9,r8S3g,知识点r8S3g,0.7265,72.65,5,18,6,good
slmfpw1fyabrtys8ufg9,s8Y2f,知识点s8Y2f,0.6635,66.35,1,2,0,good
slmfpw1fyabrtys8ufg9,t5V9e,知识点t5V9e,0.4967,49.67,4,8,1,medium
slmfpw1fyabrtys8ufg9,y9W5d,知识点y9W5d,0.714,71.4,10,19,13,good
9dbg3fyz4qnj7x9qug6x,b3C9s,知识点b3C9s,0.7772,77.72,2,6,4,good
9dbg3fyz4qnj7x9qug6x,g7R2j,知识点g7R2j,0.6988,69.88,4,12,9,good
9dbg3fyz4qnj7x9qug6x,k4W1c,知识点k4W1c,0.6571,65.71,1,2,1,good
9dbg3fyz4qnj7x9qug6x,m3D1v,知识点m3D1v,0.7353,73.53,11,32,23,good
9dbg3fyz4qnj7x9qug6x,r8S3g,知识点r8S3g,0.5614,56.14,4,18,1,medium
9dbg3fyz4qnj7x9qug6x,s8Y2f,知识点s8Y2f,0.7321,73.21,1,2,1,good
9dbg3fyz4qnj7x9qug6x,t5V9e,知识点t5V9e,0.6947,69.47,5,20,11,good
9dbg3fyz4qnj7x9qug6x,y9W5d,知识点y9W5d,0.788,78.8,11,35,24,good
