student_ID,method,method_name,count,ratio,percentage
8b6d1125760bd3939b6e,Method_5Q4KoXthUuYz3bvrTDFm,方法1,19,0.2836,28.36
8b6d1125760bd3939b6e,Method_Cj9Ya2R7fZd6xs1q5mNQ,方法2,15,0.2239,22.39
8b6d1125760bd3939b6e,Method_gj1NLb4Jn7URf9K2kQPd,方法3,14,0.209,20.9
8b6d1125760bd3939b6e,Method_m8vwGkEZc3TSW2xqYUoR,方法4,10,0.1493,14.93
8b6d1125760bd3939b6e,Method_BXr9AIsPQhwNvyGdZL57,方法5,9,0.1343,13.43
63eef37311aaac915a45,Method_m8vwGkEZc3TSW2xqYUoR,方法1,68,0.2764,27.64
63eef37311aaac915a45,Method_BXr9AIsPQhwNvyGdZL57,方法2,49,0.1992,19.92
63eef37311aaac915a45,Method_gj1NLb4Jn7URf9K2kQPd,方法3,48,0.1951,19.51
63eef37311aaac915a45,Method_5Q4KoXthUuYz3bvrTDFm,方法4,44,0.1789,17.89
63eef37311aaac915a45,Method_Cj9Ya2R7fZd6xs1q5mNQ,方法5,37,0.1504,15.04
5d89810b20079366fcc2,Method_5Q4KoXthUuYz3bvrTDFm,方法1,13,0.2653,26.53
5d89810b20079366fcc2,Method_m8vwGkEZc3TSW2xqYUoR,方法2,11,0.2245,22.45
5d89810b20079366fcc2,Method_gj1NLb4Jn7URf9K2kQPd,方法3,11,0.2245,22.45
5d89810b20079366fcc2,Method_BXr9AIsPQhwNvyGdZL57,方法4,8,0.1633,16.33
5d89810b20079366fcc2,Method_Cj9Ya2R7fZd6xs1q5mNQ,方法5,6,0.1224,12.24
47eeab842793b09300c3,Method_BXr9AIsPQhwNvyGdZL57,方法1,26,0.25,25.0
47eeab842793b09300c3,Method_m8vwGkEZc3TSW2xqYUoR,方法2,25,0.2404,24.04
47eeab842793b09300c3,Method_5Q4KoXthUuYz3bvrTDFm,方法3,24,0.2308,23.08
47eeab842793b09300c3,Method_gj1NLb4Jn7URf9K2kQPd,方法4,16,0.1538,15.38
47eeab842793b09300c3,Method_Cj9Ya2R7fZd6xs1q5mNQ,方法5,13,0.125,12.5
a8eea517e36b20757b2e,Method_gj1NLb4Jn7URf9K2kQPd,方法1,42,0.2515,25.15
a8eea517e36b20757b2e,Method_BXr9AIsPQhwNvyGdZL57,方法2,41,0.2455,24.55
a8eea517e36b20757b2e,Method_5Q4KoXthUuYz3bvrTDFm,方法3,31,0.1856,18.56
a8eea517e36b20757b2e,Method_m8vwGkEZc3TSW2xqYUoR,方法4,29,0.1737,17.37
a8eea517e36b20757b2e,Method_Cj9Ya2R7fZd6xs1q5mNQ,方法5,24,0.1437,14.37
e89cdaa3f159a0d3f55e,Method_m8vwGkEZc3TSW2xqYUoR,方法1,104,0.2476,24.76
e89cdaa3f159a0d3f55e,Method_5Q4KoXthUuYz3bvrTDFm,方法2,90,0.2143,21.43
e89cdaa3f159a0d3f55e,Method_gj1NLb4Jn7URf9K2kQPd,方法3,82,0.1952,19.52
e89cdaa3f159a0d3f55e,Method_Cj9Ya2R7fZd6xs1q5mNQ,方法4,75,0.1786,17.86
e89cdaa3f159a0d3f55e,Method_BXr9AIsPQhwNvyGdZL57,方法5,69,0.1643,16.43
e324cc9cb52a2b3cb9cb,Method_gj1NLb4Jn7URf9K2kQPd,方法1,50,0.2392,23.92
e324cc9cb52a2b3cb9cb,Method_5Q4KoXthUuYz3bvrTDFm,方法2,47,0.2249,22.49
e324cc9cb52a2b3cb9cb,Method_m8vwGkEZc3TSW2xqYUoR,方法3,41,0.1962,19.62
e324cc9cb52a2b3cb9cb,Method_BXr9AIsPQhwNvyGdZL57,方法4,38,0.1818,18.18
e324cc9cb52a2b3cb9cb,Method_Cj9Ya2R7fZd6xs1q5mNQ,方法5,33,0.1579,15.79
98e10f84d94623f8b39e,Method_m8vwGkEZc3TSW2xqYUoR,方法1,43,0.2654,26.54
98e10f84d94623f8b39e,Method_5Q4KoXthUuYz3bvrTDFm,方法2,37,0.2284,22.84
98e10f84d94623f8b39e,Method_gj1NLb4Jn7URf9K2kQPd,方法3,30,0.1852,18.52
98e10f84d94623f8b39e,Method_Cj9Ya2R7fZd6xs1q5mNQ,方法4,27,0.1667,16.67
98e10f84d94623f8b39e,Method_BXr9AIsPQhwNvyGdZL57,方法5,25,0.1543,15.43
3c89c7f1db26ae691db8,Method_gj1NLb4Jn7URf9K2kQPd,方法1,59,0.2351,23.51
3c89c7f1db26ae691db8,Method_BXr9AIsPQhwNvyGdZL57,方法2,58,0.2311,23.11
3c89c7f1db26ae691db8,Method_5Q4KoXthUuYz3bvrTDFm,方法3,48,0.1912,19.12
3c89c7f1db26ae691db8,Method_Cj9Ya2R7fZd6xs1q5mNQ,方法4,43,0.1713,17.13
3c89c7f1db26ae691db8,Method_m8vwGkEZc3TSW2xqYUoR,方法5,43,0.1713,17.13
9ea29e4a747ea4a7c70a,Method_m8vwGkEZc3TSW2xqYUoR,方法1,39,0.2378,23.78
9ea29e4a747ea4a7c70a,Method_5Q4KoXthUuYz3bvrTDFm,方法2,34,0.2073,20.73
9ea29e4a747ea4a7c70a,Method_Cj9Ya2R7fZd6xs1q5mNQ,方法3,33,0.2012,20.12
9ea29e4a747ea4a7c70a,Method_BXr9AIsPQhwNvyGdZL57,方法4,33,0.2012,20.12
9ea29e4a747ea4a7c70a,Method_gj1NLb4Jn7URf9K2kQPd,方法5,25,0.1524,15.24
e23ada44d3eac9b465d2,Method_5Q4KoXthUuYz3bvrTDFm,方法1,19,0.2568,25.68
e23ada44d3eac9b465d2,Method_m8vwGkEZc3TSW2xqYUoR,方法2,18,0.2432,24.32
e23ada44d3eac9b465d2,Method_gj1NLb4Jn7URf9K2kQPd,方法3,15,0.2027,20.27
e23ada44d3eac9b465d2,Method_Cj9Ya2R7fZd6xs1q5mNQ,方法4,12,0.1622,16.22
e23ada44d3eac9b465d2,Method_BXr9AIsPQhwNvyGdZL57,方法5,10,0.1351,13.51
b79c2d9d8148403a3720,Method_5Q4KoXthUuYz3bvrTDFm,方法1,54,0.2308,23.08
b79c2d9d8148403a3720,Method_BXr9AIsPQhwNvyGdZL57,方法2,50,0.2137,21.37
b79c2d9d8148403a3720,Method_gj1NLb4Jn7URf9K2kQPd,方法3,48,0.2051,20.51
b79c2d9d8148403a3720,Method_m8vwGkEZc3TSW2xqYUoR,方法4,47,0.2009,20.09
b79c2d9d8148403a3720,Method_Cj9Ya2R7fZd6xs1q5mNQ,方法5,35,0.1496,14.96
01d8aa21ef476b66c573,Method_BXr9AIsPQhwNvyGdZL57,方法1,31,0.2403,24.03
01d8aa21ef476b66c573,Method_Cj9Ya2R7fZd6xs1q5mNQ,方法2,28,0.2171,21.71
01d8aa21ef476b66c573,Method_m8vwGkEZc3TSW2xqYUoR,方法3,26,0.2016,20.16
01d8aa21ef476b66c573,Method_5Q4KoXthUuYz3bvrTDFm,方法4,24,0.186,18.6
01d8aa21ef476b66c573,Method_gj1NLb4Jn7URf9K2kQPd,方法5,20,0.155,15.5
9417c1b4c24e428984bc,Method_Cj9Ya2R7fZd6xs1q5mNQ,方法1,51,0.2602,26.02
9417c1b4c24e428984bc,Method_m8vwGkEZc3TSW2xqYUoR,方法2,43,0.2194,21.94
9417c1b4c24e428984bc,Method_5Q4KoXthUuYz3bvrTDFm,方法3,36,0.1837,18.37
9417c1b4c24e428984bc,Method_gj1NLb4Jn7URf9K2kQPd,方法4,35,0.1786,17.86
9417c1b4c24e428984bc,Method_BXr9AIsPQhwNvyGdZL57,方法5,31,0.1582,15.82
3d63ba961a5f3a60616a,Method_m8vwGkEZc3TSW2xqYUoR,方法1,18,0.2368,23.68
3d63ba961a5f3a60616a,Method_gj1NLb4Jn7URf9K2kQPd,方法2,16,0.2105,21.05
3d63ba961a5f3a60616a,Method_Cj9Ya2R7fZd6xs1q5mNQ,方法3,16,0.2105,21.05
3d63ba961a5f3a60616a,Method_BXr9AIsPQhwNvyGdZL57,方法4,15,0.1974,19.74
3d63ba961a5f3a60616a,Method_5Q4KoXthUuYz3bvrTDFm,方法5,11,0.1447,14.47
57709f904b1cc9ec60b1,Method_gj1NLb4Jn7URf9K2kQPd,方法1,40,0.25,25.0
57709f904b1cc9ec60b1,Method_Cj9Ya2R7fZd6xs1q5mNQ,方法2,36,0.225,22.5
57709f904b1cc9ec60b1,Method_5Q4KoXthUuYz3bvrTDFm,方法3,34,0.2125,21.25
57709f904b1cc9ec60b1,Method_m8vwGkEZc3TSW2xqYUoR,方法4,27,0.1688,16.88
57709f904b1cc9ec60b1,Method_BXr9AIsPQhwNvyGdZL57,方法5,23,0.1437,14.37
8979427badebb9e2bd10,Method_Cj9Ya2R7fZd6xs1q5mNQ,方法1,35,0.2966,29.66
8979427badebb9e2bd10,Method_5Q4KoXthUuYz3bvrTDFm,方法2,23,0.1949,19.49
8979427badebb9e2bd10,Method_BXr9AIsPQhwNvyGdZL57,方法3,23,0.1949,19.49
8979427badebb9e2bd10,Method_gj1NLb4Jn7URf9K2kQPd,方法4,20,0.1695,16.95
8979427badebb9e2bd10,Method_m8vwGkEZc3TSW2xqYUoR,方法5,17,0.1441,14.41
6e7d56f652020f046204,Method_gj1NLb4Jn7URf9K2kQPd,方法1,29,0.2071,20.71
6e7d56f652020f046204,Method_m8vwGkEZc3TSW2xqYUoR,方法2,28,0.2,20.0
6e7d56f652020f046204,Method_Cj9Ya2R7fZd6xs1q5mNQ,方法3,28,0.2,20.0
6e7d56f652020f046204,Method_BXr9AIsPQhwNvyGdZL57,方法4,28,0.2,20.0
6e7d56f652020f046204,Method_5Q4KoXthUuYz3bvrTDFm,方法5,27,0.1929,19.29
03aa0b20dd4af1888eef,Method_5Q4KoXthUuYz3bvrTDFm,方法1,38,0.2375,23.75
03aa0b20dd4af1888eef,Method_BXr9AIsPQhwNvyGdZL57,方法2,32,0.2,20.0
03aa0b20dd4af1888eef,Method_gj1NLb4Jn7URf9K2kQPd,方法3,31,0.1938,19.38
03aa0b20dd4af1888eef,Method_m8vwGkEZc3TSW2xqYUoR,方法4,30,0.1875,18.75
03aa0b20dd4af1888eef,Method_Cj9Ya2R7fZd6xs1q5mNQ,方法5,29,0.1812,18.12
1b25734414fcc7466153,Method_5Q4KoXthUuYz3bvrTDFm,方法1,40,0.2286,22.86
1b25734414fcc7466153,Method_BXr9AIsPQhwNvyGdZL57,方法2,37,0.2114,21.14
1b25734414fcc7466153,Method_gj1NLb4Jn7URf9K2kQPd,方法3,34,0.1943,19.43
1b25734414fcc7466153,Method_Cj9Ya2R7fZd6xs1q5mNQ,方法4,34,0.1943,19.43
1b25734414fcc7466153,Method_m8vwGkEZc3TSW2xqYUoR,方法5,30,0.1714,17.14
8777bd09f180d330b147,Method_gj1NLb4Jn7URf9K2kQPd,方法1,29,0.2417,24.17
8777bd09f180d330b147,Method_BXr9AIsPQhwNvyGdZL57,方法2,25,0.2083,20.83
8777bd09f180d330b147,Method_5Q4KoXthUuYz3bvrTDFm,方法3,24,0.2,20.0
8777bd09f180d330b147,Method_m8vwGkEZc3TSW2xqYUoR,方法4,22,0.1833,18.33
8777bd09f180d330b147,Method_Cj9Ya2R7fZd6xs1q5mNQ,方法5,20,0.1667,16.67
8b1fbc97391699e46cef,Method_Cj9Ya2R7fZd6xs1q5mNQ,方法1,64,0.2302,23.02
8b1fbc97391699e46cef,Method_m8vwGkEZc3TSW2xqYUoR,方法2,57,0.205,20.5
8b1fbc97391699e46cef,Method_5Q4KoXthUuYz3bvrTDFm,方法3,57,0.205,20.5
8b1fbc97391699e46cef,Method_gj1NLb4Jn7URf9K2kQPd,方法4,56,0.2014,20.14
8b1fbc97391699e46cef,Method_BXr9AIsPQhwNvyGdZL57,方法5,44,0.1583,15.83
dc83f9577ae72447a7b1,Method_5Q4KoXthUuYz3bvrTDFm,方法1,35,0.2174,21.74
dc83f9577ae72447a7b1,Method_Cj9Ya2R7fZd6xs1q5mNQ,方法2,32,0.1988,19.88
dc83f9577ae72447a7b1,Method_m8vwGkEZc3TSW2xqYUoR,方法3,32,0.1988,19.88
dc83f9577ae72447a7b1,Method_BXr9AIsPQhwNvyGdZL57,方法4,31,0.1925,19.25
dc83f9577ae72447a7b1,Method_gj1NLb4Jn7URf9K2kQPd,方法5,31,0.1925,19.25
be503fccbf0ae5532639,Method_BXr9AIsPQhwNvyGdZL57,方法1,23,0.2396,23.96
be503fccbf0ae5532639,Method_Cj9Ya2R7fZd6xs1q5mNQ,方法2,21,0.2188,21.88
be503fccbf0ae5532639,Method_m8vwGkEZc3TSW2xqYUoR,方法3,20,0.2083,20.83
be503fccbf0ae5532639,Method_gj1NLb4Jn7URf9K2kQPd,方法4,16,0.1667,16.67
be503fccbf0ae5532639,Method_5Q4KoXthUuYz3bvrTDFm,方法5,16,0.1667,16.67
cd6355bf939a47577f6d,Method_5Q4KoXthUuYz3bvrTDFm,方法1,107,0.2357,23.57
cd6355bf939a47577f6d,Method_Cj9Ya2R7fZd6xs1q5mNQ,方法2,99,0.2181,21.81
cd6355bf939a47577f6d,Method_gj1NLb4Jn7URf9K2kQPd,方法3,85,0.1872,18.72
cd6355bf939a47577f6d,Method_BXr9AIsPQhwNvyGdZL57,方法4,84,0.185,18.5
cd6355bf939a47577f6d,Method_m8vwGkEZc3TSW2xqYUoR,方法5,79,0.174,17.4
fb4411db1aac3cd2544b,Method_5Q4KoXthUuYz3bvrTDFm,方法1,31,0.2818,28.18
fb4411db1aac3cd2544b,Method_gj1NLb4Jn7URf9K2kQPd,方法2,24,0.2182,21.82
fb4411db1aac3cd2544b,Method_Cj9Ya2R7fZd6xs1q5mNQ,方法3,21,0.1909,19.09
fb4411db1aac3cd2544b,Method_m8vwGkEZc3TSW2xqYUoR,方法4,21,0.1909,19.09
fb4411db1aac3cd2544b,Method_BXr9AIsPQhwNvyGdZL57,方法5,13,0.1182,11.82
f06c3ddb1a98713eeb32,Method_gj1NLb4Jn7URf9K2kQPd,方法1,49,0.2882,28.82
f06c3ddb1a98713eeb32,Method_5Q4KoXthUuYz3bvrTDFm,方法2,40,0.2353,23.53
f06c3ddb1a98713eeb32,Method_Cj9Ya2R7fZd6xs1q5mNQ,方法3,34,0.2,20.0
f06c3ddb1a98713eeb32,Method_BXr9AIsPQhwNvyGdZL57,方法4,24,0.1412,14.12
f06c3ddb1a98713eeb32,Method_m8vwGkEZc3TSW2xqYUoR,方法5,23,0.1353,13.53
bca2be7a89b9b36b45cc,Method_Cj9Ya2R7fZd6xs1q5mNQ,方法1,40,0.2581,25.81
bca2be7a89b9b36b45cc,Method_5Q4KoXthUuYz3bvrTDFm,方法2,36,0.2323,23.23
bca2be7a89b9b36b45cc,Method_m8vwGkEZc3TSW2xqYUoR,方法3,30,0.1935,19.35
bca2be7a89b9b36b45cc,Method_gj1NLb4Jn7URf9K2kQPd,方法4,28,0.1806,18.06
bca2be7a89b9b36b45cc,Method_BXr9AIsPQhwNvyGdZL57,方法5,21,0.1355,13.55
f058870b1bc33e288e82,Method_gj1NLb4Jn7URf9K2kQPd,方法1,25,0.2273,22.73
f058870b1bc33e288e82,Method_Cj9Ya2R7fZd6xs1q5mNQ,方法2,23,0.2091,20.91
f058870b1bc33e288e82,Method_5Q4KoXthUuYz3bvrTDFm,方法3,21,0.1909,19.09
f058870b1bc33e288e82,Method_m8vwGkEZc3TSW2xqYUoR,方法4,21,0.1909,19.09
f058870b1bc33e288e82,Method_BXr9AIsPQhwNvyGdZL57,方法5,20,0.1818,18.18
a1fa76b5d99a411d6649,Method_gj1NLb4Jn7URf9K2kQPd,方法1,30,0.2727,27.27
a1fa76b5d99a411d6649,Method_BXr9AIsPQhwNvyGdZL57,方法2,22,0.2,20.0
a1fa76b5d99a411d6649,Method_5Q4KoXthUuYz3bvrTDFm,方法3,22,0.2,20.0
a1fa76b5d99a411d6649,Method_Cj9Ya2R7fZd6xs1q5mNQ,方法4,19,0.1727,17.27
a1fa76b5d99a411d6649,Method_m8vwGkEZc3TSW2xqYUoR,方法5,17,0.1545,15.45
79ea7a2f63285f2fe26b,Method_5Q4KoXthUuYz3bvrTDFm,方法1,34,0.2615,26.15
79ea7a2f63285f2fe26b,Method_BXr9AIsPQhwNvyGdZL57,方法2,31,0.2385,23.85
79ea7a2f63285f2fe26b,Method_m8vwGkEZc3TSW2xqYUoR,方法3,26,0.2,20.0
79ea7a2f63285f2fe26b,Method_Cj9Ya2R7fZd6xs1q5mNQ,方法4,21,0.1615,16.15
79ea7a2f63285f2fe26b,Method_gj1NLb4Jn7URf9K2kQPd,方法5,18,0.1385,13.85
54826f4abf592713d585,Method_Cj9Ya2R7fZd6xs1q5mNQ,方法1,25,0.2315,23.15
54826f4abf592713d585,Method_5Q4KoXthUuYz3bvrTDFm,方法2,25,0.2315,23.15
54826f4abf592713d585,Method_BXr9AIsPQhwNvyGdZL57,方法3,22,0.2037,20.37
54826f4abf592713d585,Method_m8vwGkEZc3TSW2xqYUoR,方法4,20,0.1852,18.52
54826f4abf592713d585,Method_gj1NLb4Jn7URf9K2kQPd,方法5,16,0.1481,14.81
e716574233e87591ff19,Method_Cj9Ya2R7fZd6xs1q5mNQ,方法1,34,0.2252,22.52
e716574233e87591ff19,Method_BXr9AIsPQhwNvyGdZL57,方法2,32,0.2119,21.19
e716574233e87591ff19,Method_gj1NLb4Jn7URf9K2kQPd,方法3,31,0.2053,20.53
e716574233e87591ff19,Method_m8vwGkEZc3TSW2xqYUoR,方法4,29,0.1921,19.21
e716574233e87591ff19,Method_5Q4KoXthUuYz3bvrTDFm,方法5,25,0.1656,16.56
bab3d23935ae4f8e798c,Method_m8vwGkEZc3TSW2xqYUoR,方法1,85,0.2185,21.85
bab3d23935ae4f8e798c,Method_Cj9Ya2R7fZd6xs1q5mNQ,方法2,83,0.2134,21.34
bab3d23935ae4f8e798c,Method_BXr9AIsPQhwNvyGdZL57,方法3,83,0.2134,21.34
bab3d23935ae4f8e798c,Method_5Q4KoXthUuYz3bvrTDFm,方法4,70,0.1799,17.99
bab3d23935ae4f8e798c,Method_gj1NLb4Jn7URf9K2kQPd,方法5,68,0.1748,17.48
d2403aa287eb869a170a,Method_m8vwGkEZc3TSW2xqYUoR,方法1,64,0.2319,23.19
d2403aa287eb869a170a,Method_gj1NLb4Jn7URf9K2kQPd,方法2,58,0.2101,21.01
d2403aa287eb869a170a,Method_BXr9AIsPQhwNvyGdZL57,方法3,57,0.2065,20.65
d2403aa287eb869a170a,Method_Cj9Ya2R7fZd6xs1q5mNQ,方法4,55,0.1993,19.93
d2403aa287eb869a170a,Method_5Q4KoXthUuYz3bvrTDFm,方法5,42,0.1522,15.22
ce1a32f22b91f4d81015,Method_Cj9Ya2R7fZd6xs1q5mNQ,方法1,33,0.2426,24.26
ce1a32f22b91f4d81015,Method_BXr9AIsPQhwNvyGdZL57,方法2,27,0.1985,19.85
ce1a32f22b91f4d81015,Method_m8vwGkEZc3TSW2xqYUoR,方法3,27,0.1985,19.85
ce1a32f22b91f4d81015,Method_gj1NLb4Jn7URf9K2kQPd,方法4,25,0.1838,18.38
ce1a32f22b91f4d81015,Method_5Q4KoXthUuYz3bvrTDFm,方法5,24,0.1765,17.65
d0a933a514028d777578,Method_BXr9AIsPQhwNvyGdZL57,方法1,30,0.283,28.3
d0a933a514028d777578,Method_m8vwGkEZc3TSW2xqYUoR,方法2,26,0.2453,24.53
d0a933a514028d777578,Method_5Q4KoXthUuYz3bvrTDFm,方法3,19,0.1792,17.92
d0a933a514028d777578,Method_Cj9Ya2R7fZd6xs1q5mNQ,方法4,18,0.1698,16.98
d0a933a514028d777578,Method_gj1NLb4Jn7URf9K2kQPd,方法5,13,0.1226,12.26
81c4c46f19cb21d54bbb,Method_Cj9Ya2R7fZd6xs1q5mNQ,方法1,25,0.2809,28.09
81c4c46f19cb21d54bbb,Method_gj1NLb4Jn7URf9K2kQPd,方法2,21,0.236,23.6
81c4c46f19cb21d54bbb,Method_5Q4KoXthUuYz3bvrTDFm,方法3,17,0.191,19.1
81c4c46f19cb21d54bbb,Method_m8vwGkEZc3TSW2xqYUoR,方法4,13,0.1461,14.61
81c4c46f19cb21d54bbb,Method_BXr9AIsPQhwNvyGdZL57,方法5,13,0.1461,14.61
876aca2b8ce1958ea773,Method_Cj9Ya2R7fZd6xs1q5mNQ,方法1,71,0.2119,21.19
876aca2b8ce1958ea773,Method_BXr9AIsPQhwNvyGdZL57,方法2,71,0.2119,21.19
876aca2b8ce1958ea773,Method_gj1NLb4Jn7URf9K2kQPd,方法3,70,0.209,20.9
876aca2b8ce1958ea773,Method_m8vwGkEZc3TSW2xqYUoR,方法4,64,0.191,19.1
876aca2b8ce1958ea773,Method_5Q4KoXthUuYz3bvrTDFm,方法5,59,0.1761,17.61
c57c5ca2df494f27ca64,Method_Cj9Ya2R7fZd6xs1q5mNQ,方法1,32,0.252,25.2
c57c5ca2df494f27ca64,Method_gj1NLb4Jn7URf9K2kQPd,方法2,28,0.2205,22.05
c57c5ca2df494f27ca64,Method_m8vwGkEZc3TSW2xqYUoR,方法3,25,0.1969,19.69
c57c5ca2df494f27ca64,Method_BXr9AIsPQhwNvyGdZL57,方法4,21,0.1654,16.54
c57c5ca2df494f27ca64,Method_5Q4KoXthUuYz3bvrTDFm,方法5,21,0.1654,16.54
64d1d58d40bca568347c,Method_5Q4KoXthUuYz3bvrTDFm,方法1,28,0.2333,23.33
64d1d58d40bca568347c,Method_m8vwGkEZc3TSW2xqYUoR,方法2,28,0.2333,23.33
64d1d58d40bca568347c,Method_gj1NLb4Jn7URf9K2kQPd,方法3,24,0.2,20.0
64d1d58d40bca568347c,Method_Cj9Ya2R7fZd6xs1q5mNQ,方法4,22,0.1833,18.33
64d1d58d40bca568347c,Method_BXr9AIsPQhwNvyGdZL57,方法5,18,0.15,15.0
75c2677c8d156032e303,Method_gj1NLb4Jn7URf9K2kQPd,方法1,74,0.2379,23.79
75c2677c8d156032e303,Method_Cj9Ya2R7fZd6xs1q5mNQ,方法2,65,0.209,20.9
75c2677c8d156032e303,Method_5Q4KoXthUuYz3bvrTDFm,方法3,61,0.1961,19.61
75c2677c8d156032e303,Method_BXr9AIsPQhwNvyGdZL57,方法4,56,0.1801,18.01
75c2677c8d156032e303,Method_m8vwGkEZc3TSW2xqYUoR,方法5,55,0.1768,17.68
b345ecad87a7fbac77ce,Method_BXr9AIsPQhwNvyGdZL57,方法1,56,0.2276,22.76
b345ecad87a7fbac77ce,Method_m8vwGkEZc3TSW2xqYUoR,方法2,50,0.2033,20.33
b345ecad87a7fbac77ce,Method_gj1NLb4Jn7URf9K2kQPd,方法3,50,0.2033,20.33
b345ecad87a7fbac77ce,Method_Cj9Ya2R7fZd6xs1q5mNQ,方法4,48,0.1951,19.51
b345ecad87a7fbac77ce,Method_5Q4KoXthUuYz3bvrTDFm,方法5,42,0.1707,17.07
360820d6620d17d1b48b,Method_gj1NLb4Jn7URf9K2kQPd,方法1,48,0.2424,24.24
360820d6620d17d1b48b,Method_5Q4KoXthUuYz3bvrTDFm,方法2,45,0.2273,22.73
360820d6620d17d1b48b,Method_BXr9AIsPQhwNvyGdZL57,方法3,40,0.202,20.2
360820d6620d17d1b48b,Method_Cj9Ya2R7fZd6xs1q5mNQ,方法4,33,0.1667,16.67
360820d6620d17d1b48b,Method_m8vwGkEZc3TSW2xqYUoR,方法5,32,0.1616,16.16
7086b49d3d6c2cf79c1a,Method_BXr9AIsPQhwNvyGdZL57,方法1,25,0.2551,25.51
7086b49d3d6c2cf79c1a,Method_5Q4KoXthUuYz3bvrTDFm,方法2,22,0.2245,22.45
7086b49d3d6c2cf79c1a,Method_gj1NLb4Jn7URf9K2kQPd,方法3,20,0.2041,20.41
7086b49d3d6c2cf79c1a,Method_Cj9Ya2R7fZd6xs1q5mNQ,方法4,16,0.1633,16.33
7086b49d3d6c2cf79c1a,Method_m8vwGkEZc3TSW2xqYUoR,方法5,15,0.1531,15.31
cac3f85073c947532796,Method_gj1NLb4Jn7URf9K2kQPd,方法1,51,0.2452,24.52
cac3f85073c947532796,Method_5Q4KoXthUuYz3bvrTDFm,方法2,51,0.2452,24.52
cac3f85073c947532796,Method_m8vwGkEZc3TSW2xqYUoR,方法3,47,0.226,22.6
cac3f85073c947532796,Method_Cj9Ya2R7fZd6xs1q5mNQ,方法4,33,0.1587,15.87
cac3f85073c947532796,Method_BXr9AIsPQhwNvyGdZL57,方法5,26,0.125,12.5
e37bbe9fe37f92b785d9,Method_m8vwGkEZc3TSW2xqYUoR,方法1,44,0.2391,23.91
e37bbe9fe37f92b785d9,Method_5Q4KoXthUuYz3bvrTDFm,方法2,42,0.2283,22.83
e37bbe9fe37f92b785d9,Method_Cj9Ya2R7fZd6xs1q5mNQ,方法3,38,0.2065,20.65
e37bbe9fe37f92b785d9,Method_gj1NLb4Jn7URf9K2kQPd,方法4,30,0.163,16.3
e37bbe9fe37f92b785d9,Method_BXr9AIsPQhwNvyGdZL57,方法5,30,0.163,16.3
0a8736f6520cea837d94,Method_m8vwGkEZc3TSW2xqYUoR,方法1,53,0.2431,24.31
0a8736f6520cea837d94,Method_Cj9Ya2R7fZd6xs1q5mNQ,方法2,43,0.1972,19.72
0a8736f6520cea837d94,Method_5Q4KoXthUuYz3bvrTDFm,方法3,41,0.1881,18.81
0a8736f6520cea837d94,Method_gj1NLb4Jn7URf9K2kQPd,方法4,41,0.1881,18.81
0a8736f6520cea837d94,Method_BXr9AIsPQhwNvyGdZL57,方法5,40,0.1835,18.35
37ae91c472189108a737,Method_5Q4KoXthUuYz3bvrTDFm,方法1,19,0.2405,24.05
37ae91c472189108a737,Method_BXr9AIsPQhwNvyGdZL57,方法2,19,0.2405,24.05
37ae91c472189108a737,Method_m8vwGkEZc3TSW2xqYUoR,方法3,17,0.2152,21.52
37ae91c472189108a737,Method_gj1NLb4Jn7URf9K2kQPd,方法4,13,0.1646,16.46
37ae91c472189108a737,Method_Cj9Ya2R7fZd6xs1q5mNQ,方法5,11,0.1392,13.92
488934d01a504bc212b4,Method_gj1NLb4Jn7URf9K2kQPd,方法1,21,0.2625,26.25
488934d01a504bc212b4,Method_5Q4KoXthUuYz3bvrTDFm,方法2,18,0.225,22.5
488934d01a504bc212b4,Method_Cj9Ya2R7fZd6xs1q5mNQ,方法3,15,0.1875,18.75
488934d01a504bc212b4,Method_m8vwGkEZc3TSW2xqYUoR,方法4,14,0.175,17.5
488934d01a504bc212b4,Method_BXr9AIsPQhwNvyGdZL57,方法5,12,0.15,15.0
545eb6c8154273344669,Method_BXr9AIsPQhwNvyGdZL57,方法1,31,0.2246,22.46
545eb6c8154273344669,Method_gj1NLb4Jn7URf9K2kQPd,方法2,31,0.2246,22.46
545eb6c8154273344669,Method_5Q4KoXthUuYz3bvrTDFm,方法3,26,0.1884,18.84
545eb6c8154273344669,Method_Cj9Ya2R7fZd6xs1q5mNQ,方法4,26,0.1884,18.84
545eb6c8154273344669,Method_m8vwGkEZc3TSW2xqYUoR,方法5,24,0.1739,17.39
22ae866c664a147f9971,Method_m8vwGkEZc3TSW2xqYUoR,方法1,20,0.2532,25.32
22ae866c664a147f9971,Method_gj1NLb4Jn7URf9K2kQPd,方法2,18,0.2278,22.78
22ae866c664a147f9971,Method_5Q4KoXthUuYz3bvrTDFm,方法3,17,0.2152,21.52
22ae866c664a147f9971,Method_BXr9AIsPQhwNvyGdZL57,方法4,13,0.1646,16.46
22ae866c664a147f9971,Method_Cj9Ya2R7fZd6xs1q5mNQ,方法5,11,0.1392,13.92
86215294b080f19af22f,Method_Cj9Ya2R7fZd6xs1q5mNQ,方法1,36,0.2416,24.16
86215294b080f19af22f,Method_gj1NLb4Jn7URf9K2kQPd,方法2,32,0.2148,21.48
86215294b080f19af22f,Method_5Q4KoXthUuYz3bvrTDFm,方法3,28,0.1879,18.79
86215294b080f19af22f,Method_m8vwGkEZc3TSW2xqYUoR,方法4,27,0.1812,18.12
86215294b080f19af22f,Method_BXr9AIsPQhwNvyGdZL57,方法5,26,0.1745,17.45
1e25b47eaef62694a236,Method_5Q4KoXthUuYz3bvrTDFm,方法1,29,0.2661,26.61
1e25b47eaef62694a236,Method_Cj9Ya2R7fZd6xs1q5mNQ,方法2,27,0.2477,24.77
1e25b47eaef62694a236,Method_m8vwGkEZc3TSW2xqYUoR,方法3,22,0.2018,20.18
1e25b47eaef62694a236,Method_gj1NLb4Jn7URf9K2kQPd,方法4,18,0.1651,16.51
1e25b47eaef62694a236,Method_BXr9AIsPQhwNvyGdZL57,方法5,13,0.1193,11.93
580e98185da72b5f34cd,Method_BXr9AIsPQhwNvyGdZL57,方法1,50,0.2392,23.92
580e98185da72b5f34cd,Method_5Q4KoXthUuYz3bvrTDFm,方法2,46,0.2201,22.01
580e98185da72b5f34cd,Method_Cj9Ya2R7fZd6xs1q5mNQ,方法3,40,0.1914,19.14
580e98185da72b5f34cd,Method_gj1NLb4Jn7URf9K2kQPd,方法4,39,0.1866,18.66
580e98185da72b5f34cd,Method_m8vwGkEZc3TSW2xqYUoR,方法5,34,0.1627,16.27
99d6b8a1cc0020112951,Method_gj1NLb4Jn7URf9K2kQPd,方法1,29,0.2589,25.89
99d6b8a1cc0020112951,Method_Cj9Ya2R7fZd6xs1q5mNQ,方法2,28,0.25,25.0
99d6b8a1cc0020112951,Method_BXr9AIsPQhwNvyGdZL57,方法3,27,0.2411,24.11
99d6b8a1cc0020112951,Method_m8vwGkEZc3TSW2xqYUoR,方法4,16,0.1429,14.29
99d6b8a1cc0020112951,Method_5Q4KoXthUuYz3bvrTDFm,方法5,12,0.1071,10.71
ff59855075a6bc39d62b,Method_5Q4KoXthUuYz3bvrTDFm,方法1,16,0.2353,23.53
ff59855075a6bc39d62b,Method_Cj9Ya2R7fZd6xs1q5mNQ,方法2,15,0.2206,22.06
ff59855075a6bc39d62b,Method_BXr9AIsPQhwNvyGdZL57,方法3,13,0.1912,19.12
ff59855075a6bc39d62b,Method_gj1NLb4Jn7URf9K2kQPd,方法4,12,0.1765,17.65
ff59855075a6bc39d62b,Method_m8vwGkEZc3TSW2xqYUoR,方法5,12,0.1765,17.65
8d422b817027d7721870,Method_BXr9AIsPQhwNvyGdZL57,方法1,20,0.2632,26.32
8d422b817027d7721870,Method_m8vwGkEZc3TSW2xqYUoR,方法2,17,0.2237,22.37
8d422b817027d7721870,Method_Cj9Ya2R7fZd6xs1q5mNQ,方法3,15,0.1974,19.74
8d422b817027d7721870,Method_gj1NLb4Jn7URf9K2kQPd,方法4,14,0.1842,18.42
8d422b817027d7721870,Method_5Q4KoXthUuYz3bvrTDFm,方法5,10,0.1316,13.16
18cdd44af62c6935e7a0,Method_Cj9Ya2R7fZd6xs1q5mNQ,方法1,45,0.2368,23.68
18cdd44af62c6935e7a0,Method_gj1NLb4Jn7URf9K2kQPd,方法2,41,0.2158,21.58
18cdd44af62c6935e7a0,Method_BXr9AIsPQhwNvyGdZL57,方法3,38,0.2,20.0
18cdd44af62c6935e7a0,Method_m8vwGkEZc3TSW2xqYUoR,方法4,36,0.1895,18.95
18cdd44af62c6935e7a0,Method_5Q4KoXthUuYz3bvrTDFm,方法5,30,0.1579,15.79
c00c91256ab1777d0dbc,Method_BXr9AIsPQhwNvyGdZL57,方法1,41,0.247,24.7
c00c91256ab1777d0dbc,Method_5Q4KoXthUuYz3bvrTDFm,方法2,38,0.2289,22.89
c00c91256ab1777d0dbc,Method_m8vwGkEZc3TSW2xqYUoR,方法3,32,0.1928,19.28
c00c91256ab1777d0dbc,Method_Cj9Ya2R7fZd6xs1q5mNQ,方法4,29,0.1747,17.47
c00c91256ab1777d0dbc,Method_gj1NLb4Jn7URf9K2kQPd,方法5,26,0.1566,15.66
10de703c06bf9d873d68,Method_gj1NLb4Jn7URf9K2kQPd,方法1,35,0.2303,23.03
10de703c06bf9d873d68,Method_Cj9Ya2R7fZd6xs1q5mNQ,方法2,33,0.2171,21.71
10de703c06bf9d873d68,Method_m8vwGkEZc3TSW2xqYUoR,方法3,31,0.2039,20.39
10de703c06bf9d873d68,Method_BXr9AIsPQhwNvyGdZL57,方法4,31,0.2039,20.39
10de703c06bf9d873d68,Method_5Q4KoXthUuYz3bvrTDFm,方法5,22,0.1447,14.47
t3wo8xb4rq94n3fpfk35,Method_Cj9Ya2R7fZd6xs1q5mNQ,方法1,27,0.2596,25.96
t3wo8xb4rq94n3fpfk35,Method_m8vwGkEZc3TSW2xqYUoR,方法2,22,0.2115,21.15
t3wo8xb4rq94n3fpfk35,Method_BXr9AIsPQhwNvyGdZL57,方法3,21,0.2019,20.19
t3wo8xb4rq94n3fpfk35,Method_gj1NLb4Jn7URf9K2kQPd,方法4,18,0.1731,17.31
t3wo8xb4rq94n3fpfk35,Method_5Q4KoXthUuYz3bvrTDFm,方法5,16,0.1538,15.38
8cvzwcc62ql4rqj0pyzl,Method_m8vwGkEZc3TSW2xqYUoR,方法1,24,0.2424,24.24
8cvzwcc62ql4rqj0pyzl,Method_Cj9Ya2R7fZd6xs1q5mNQ,方法2,22,0.2222,22.22
8cvzwcc62ql4rqj0pyzl,Method_gj1NLb4Jn7URf9K2kQPd,方法3,21,0.2121,21.21
8cvzwcc62ql4rqj0pyzl,Method_5Q4KoXthUuYz3bvrTDFm,方法4,16,0.1616,16.16
8cvzwcc62ql4rqj0pyzl,Method_BXr9AIsPQhwNvyGdZL57,方法5,16,0.1616,16.16
79cvflltnemb9zpg6pgl,Method_m8vwGkEZc3TSW2xqYUoR,方法1,25,0.266,26.6
79cvflltnemb9zpg6pgl,Method_5Q4KoXthUuYz3bvrTDFm,方法2,21,0.2234,22.34
79cvflltnemb9zpg6pgl,Method_gj1NLb4Jn7URf9K2kQPd,方法3,18,0.1915,19.15
79cvflltnemb9zpg6pgl,Method_BXr9AIsPQhwNvyGdZL57,方法4,16,0.1702,17.02
79cvflltnemb9zpg6pgl,Method_Cj9Ya2R7fZd6xs1q5mNQ,方法5,14,0.1489,14.89
i21qi5qdsjqcch2xvdd5,Method_gj1NLb4Jn7URf9K2kQPd,方法1,24,0.24,24.0
i21qi5qdsjqcch2xvdd5,Method_m8vwGkEZc3TSW2xqYUoR,方法2,23,0.23,23.0
i21qi5qdsjqcch2xvdd5,Method_Cj9Ya2R7fZd6xs1q5mNQ,方法3,19,0.19,19.0
i21qi5qdsjqcch2xvdd5,Method_5Q4KoXthUuYz3bvrTDFm,方法4,18,0.18,18.0
i21qi5qdsjqcch2xvdd5,Method_BXr9AIsPQhwNvyGdZL57,方法5,16,0.16,16.0
qw1seyo5nrhlm8vby58w,Method_Cj9Ya2R7fZd6xs1q5mNQ,方法1,22,0.22,22.0
qw1seyo5nrhlm8vby58w,Method_BXr9AIsPQhwNvyGdZL57,方法2,22,0.22,22.0
qw1seyo5nrhlm8vby58w,Method_gj1NLb4Jn7URf9K2kQPd,方法3,22,0.22,22.0
qw1seyo5nrhlm8vby58w,Method_5Q4KoXthUuYz3bvrTDFm,方法4,18,0.18,18.0
qw1seyo5nrhlm8vby58w,Method_m8vwGkEZc3TSW2xqYUoR,方法5,16,0.16,16.0
exj3a7hd6gwihbowgm3w,Method_5Q4KoXthUuYz3bvrTDFm,方法1,26,0.26,26.0
exj3a7hd6gwihbowgm3w,Method_BXr9AIsPQhwNvyGdZL57,方法2,19,0.19,19.0
exj3a7hd6gwihbowgm3w,Method_Cj9Ya2R7fZd6xs1q5mNQ,方法3,19,0.19,19.0
exj3a7hd6gwihbowgm3w,Method_m8vwGkEZc3TSW2xqYUoR,方法4,19,0.19,19.0
exj3a7hd6gwihbowgm3w,Method_gj1NLb4Jn7URf9K2kQPd,方法5,17,0.17,17.0
qz6jjynwbd3szlp0rj04,Method_gj1NLb4Jn7URf9K2kQPd,方法1,24,0.2727,27.27
qz6jjynwbd3szlp0rj04,Method_Cj9Ya2R7fZd6xs1q5mNQ,方法2,18,0.2045,20.45
qz6jjynwbd3szlp0rj04,Method_BXr9AIsPQhwNvyGdZL57,方法3,17,0.1932,19.32
qz6jjynwbd3szlp0rj04,Method_5Q4KoXthUuYz3bvrTDFm,方法4,17,0.1932,19.32
qz6jjynwbd3szlp0rj04,Method_m8vwGkEZc3TSW2xqYUoR,方法5,12,0.1364,13.64
0maggb1hf886m5u6p2vr,Method_5Q4KoXthUuYz3bvrTDFm,方法1,28,0.2456,24.56
0maggb1hf886m5u6p2vr,Method_gj1NLb4Jn7URf9K2kQPd,方法2,27,0.2368,23.68
0maggb1hf886m5u6p2vr,Method_m8vwGkEZc3TSW2xqYUoR,方法3,23,0.2018,20.18
0maggb1hf886m5u6p2vr,Method_Cj9Ya2R7fZd6xs1q5mNQ,方法4,20,0.1754,17.54
0maggb1hf886m5u6p2vr,Method_BXr9AIsPQhwNvyGdZL57,方法5,16,0.1404,14.04
cuwakm24vlp785ky5w71,Method_5Q4KoXthUuYz3bvrTDFm,方法1,30,0.2459,24.59
cuwakm24vlp785ky5w71,Method_m8vwGkEZc3TSW2xqYUoR,方法2,28,0.2295,22.95
cuwakm24vlp785ky5w71,Method_gj1NLb4Jn7URf9K2kQPd,方法3,23,0.1885,18.85
cuwakm24vlp785ky5w71,Method_Cj9Ya2R7fZd6xs1q5mNQ,方法4,22,0.1803,18.03
cuwakm24vlp785ky5w71,Method_BXr9AIsPQhwNvyGdZL57,方法5,19,0.1557,15.57
uvh2zil455wi0dcdan51,Method_5Q4KoXthUuYz3bvrTDFm,方法1,25,0.2294,22.94
uvh2zil455wi0dcdan51,Method_m8vwGkEZc3TSW2xqYUoR,方法2,23,0.211,21.1
uvh2zil455wi0dcdan51,Method_BXr9AIsPQhwNvyGdZL57,方法3,22,0.2018,20.18
uvh2zil455wi0dcdan51,Method_gj1NLb4Jn7URf9K2kQPd,方法4,21,0.1927,19.27
uvh2zil455wi0dcdan51,Method_Cj9Ya2R7fZd6xs1q5mNQ,方法5,18,0.1651,16.51
wwh529n48kyjq1xe9h46,Method_Cj9Ya2R7fZd6xs1q5mNQ,方法1,24,0.2759,27.59
wwh529n48kyjq1xe9h46,Method_BXr9AIsPQhwNvyGdZL57,方法2,22,0.2529,25.29
wwh529n48kyjq1xe9h46,Method_5Q4KoXthUuYz3bvrTDFm,方法3,15,0.1724,17.24
wwh529n48kyjq1xe9h46,Method_gj1NLb4Jn7URf9K2kQPd,方法4,14,0.1609,16.09
wwh529n48kyjq1xe9h46,Method_m8vwGkEZc3TSW2xqYUoR,方法5,12,0.1379,13.79
o5lo8q4tb8yt0v8imkw4,Method_gj1NLb4Jn7URf9K2kQPd,方法1,25,0.2577,25.77
o5lo8q4tb8yt0v8imkw4,Method_m8vwGkEZc3TSW2xqYUoR,方法2,22,0.2268,22.68
o5lo8q4tb8yt0v8imkw4,Method_Cj9Ya2R7fZd6xs1q5mNQ,方法3,19,0.1959,19.59
o5lo8q4tb8yt0v8imkw4,Method_BXr9AIsPQhwNvyGdZL57,方法4,16,0.1649,16.49
o5lo8q4tb8yt0v8imkw4,Method_5Q4KoXthUuYz3bvrTDFm,方法5,15,0.1546,15.46
pr6b1twg5sgsrzek6adi,Method_BXr9AIsPQhwNvyGdZL57,方法1,25,0.2336,23.36
pr6b1twg5sgsrzek6adi,Method_gj1NLb4Jn7URf9K2kQPd,方法2,23,0.215,21.5
pr6b1twg5sgsrzek6adi,Method_m8vwGkEZc3TSW2xqYUoR,方法3,22,0.2056,20.56
pr6b1twg5sgsrzek6adi,Method_5Q4KoXthUuYz3bvrTDFm,方法4,19,0.1776,17.76
pr6b1twg5sgsrzek6adi,Method_Cj9Ya2R7fZd6xs1q5mNQ,方法5,18,0.1682,16.82
zeuj2ypen39p38d4m3oj,Method_gj1NLb4Jn7URf9K2kQPd,方法1,25,0.2632,26.32
zeuj2ypen39p38d4m3oj,Method_Cj9Ya2R7fZd6xs1q5mNQ,方法2,24,0.2526,25.26
zeuj2ypen39p38d4m3oj,Method_5Q4KoXthUuYz3bvrTDFm,方法3,20,0.2105,21.05
zeuj2ypen39p38d4m3oj,Method_BXr9AIsPQhwNvyGdZL57,方法4,13,0.1368,13.68
zeuj2ypen39p38d4m3oj,Method_m8vwGkEZc3TSW2xqYUoR,方法5,13,0.1368,13.68
6o68qswzkvrrtbiz6bzr,Method_m8vwGkEZc3TSW2xqYUoR,方法1,29,0.2458,24.58
6o68qswzkvrrtbiz6bzr,Method_BXr9AIsPQhwNvyGdZL57,方法2,23,0.1949,19.49
6o68qswzkvrrtbiz6bzr,Method_Cj9Ya2R7fZd6xs1q5mNQ,方法3,23,0.1949,19.49
6o68qswzkvrrtbiz6bzr,Method_5Q4KoXthUuYz3bvrTDFm,方法4,22,0.1864,18.64
6o68qswzkvrrtbiz6bzr,Method_gj1NLb4Jn7URf9K2kQPd,方法5,21,0.178,17.8
1mp9yiw6rkrr3846047g,Method_5Q4KoXthUuYz3bvrTDFm,方法1,25,0.2747,27.47
1mp9yiw6rkrr3846047g,Method_m8vwGkEZc3TSW2xqYUoR,方法2,18,0.1978,19.78
1mp9yiw6rkrr3846047g,Method_gj1NLb4Jn7URf9K2kQPd,方法3,18,0.1978,19.78
1mp9yiw6rkrr3846047g,Method_Cj9Ya2R7fZd6xs1q5mNQ,方法4,17,0.1868,18.68
1mp9yiw6rkrr3846047g,Method_BXr9AIsPQhwNvyGdZL57,方法5,13,0.1429,14.29
lzvutqpj9ggc0nwwsxcv,Method_BXr9AIsPQhwNvyGdZL57,方法1,22,0.2136,21.36
lzvutqpj9ggc0nwwsxcv,Method_gj1NLb4Jn7URf9K2kQPd,方法2,21,0.2039,20.39
lzvutqpj9ggc0nwwsxcv,Method_m8vwGkEZc3TSW2xqYUoR,方法3,21,0.2039,20.39
lzvutqpj9ggc0nwwsxcv,Method_5Q4KoXthUuYz3bvrTDFm,方法4,20,0.1942,19.42
lzvutqpj9ggc0nwwsxcv,Method_Cj9Ya2R7fZd6xs1q5mNQ,方法5,19,0.1845,18.45
isa355t9q5rut5fm8aml,Method_5Q4KoXthUuYz3bvrTDFm,方法1,25,0.2604,26.04
isa355t9q5rut5fm8aml,Method_Cj9Ya2R7fZd6xs1q5mNQ,方法2,19,0.1979,19.79
isa355t9q5rut5fm8aml,Method_m8vwGkEZc3TSW2xqYUoR,方法3,19,0.1979,19.79
isa355t9q5rut5fm8aml,Method_gj1NLb4Jn7URf9K2kQPd,方法4,17,0.1771,17.71
isa355t9q5rut5fm8aml,Method_BXr9AIsPQhwNvyGdZL57,方法5,16,0.1667,16.67
5gs9643ghg39gpkgi3e5,Method_m8vwGkEZc3TSW2xqYUoR,方法1,26,0.2921,29.21
5gs9643ghg39gpkgi3e5,Method_5Q4KoXthUuYz3bvrTDFm,方法2,19,0.2135,21.35
5gs9643ghg39gpkgi3e5,Method_BXr9AIsPQhwNvyGdZL57,方法3,17,0.191,19.1
5gs9643ghg39gpkgi3e5,Method_gj1NLb4Jn7URf9K2kQPd,方法4,16,0.1798,17.98
5gs9643ghg39gpkgi3e5,Method_Cj9Ya2R7fZd6xs1q5mNQ,方法5,11,0.1236,12.36
ao2x473zwn7k7a6gpfr9,Method_m8vwGkEZc3TSW2xqYUoR,方法1,33,0.3511,35.11
ao2x473zwn7k7a6gpfr9,Method_5Q4KoXthUuYz3bvrTDFm,方法2,18,0.1915,19.15
ao2x473zwn7k7a6gpfr9,Method_BXr9AIsPQhwNvyGdZL57,方法3,16,0.1702,17.02
ao2x473zwn7k7a6gpfr9,Method_gj1NLb4Jn7URf9K2kQPd,方法4,14,0.1489,14.89
ao2x473zwn7k7a6gpfr9,Method_Cj9Ya2R7fZd6xs1q5mNQ,方法5,13,0.1383,13.83
jwdjcrxdn0um79f0rjvw,Method_gj1NLb4Jn7URf9K2kQPd,方法1,27,0.2784,27.84
jwdjcrxdn0um79f0rjvw,Method_Cj9Ya2R7fZd6xs1q5mNQ,方法2,21,0.2165,21.65
jwdjcrxdn0um79f0rjvw,Method_5Q4KoXthUuYz3bvrTDFm,方法3,20,0.2062,20.62
jwdjcrxdn0um79f0rjvw,Method_BXr9AIsPQhwNvyGdZL57,方法4,19,0.1959,19.59
jwdjcrxdn0um79f0rjvw,Method_m8vwGkEZc3TSW2xqYUoR,方法5,10,0.1031,10.31
oppl3ojvw61dvd5yw1wl,Method_m8vwGkEZc3TSW2xqYUoR,方法1,25,0.2252,22.52
oppl3ojvw61dvd5yw1wl,Method_BXr9AIsPQhwNvyGdZL57,方法2,22,0.1982,19.82
oppl3ojvw61dvd5yw1wl,Method_5Q4KoXthUuYz3bvrTDFm,方法3,22,0.1982,19.82
oppl3ojvw61dvd5yw1wl,Method_Cj9Ya2R7fZd6xs1q5mNQ,方法4,21,0.1892,18.92
oppl3ojvw61dvd5yw1wl,Method_gj1NLb4Jn7URf9K2kQPd,方法5,21,0.1892,18.92
s0vfgmhobw9jq6al8iww,Method_Cj9Ya2R7fZd6xs1q5mNQ,方法1,22,0.2444,24.44
s0vfgmhobw9jq6al8iww,Method_BXr9AIsPQhwNvyGdZL57,方法2,22,0.2444,24.44
s0vfgmhobw9jq6al8iww,Method_gj1NLb4Jn7URf9K2kQPd,方法3,16,0.1778,17.78
s0vfgmhobw9jq6al8iww,Method_m8vwGkEZc3TSW2xqYUoR,方法4,15,0.1667,16.67
s0vfgmhobw9jq6al8iww,Method_5Q4KoXthUuYz3bvrTDFm,方法5,15,0.1667,16.67
styld7k1gge5cvjria5b,Method_gj1NLb4Jn7URf9K2kQPd,方法1,22,0.2529,25.29
styld7k1gge5cvjria5b,Method_m8vwGkEZc3TSW2xqYUoR,方法2,21,0.2414,24.14
styld7k1gge5cvjria5b,Method_BXr9AIsPQhwNvyGdZL57,方法3,20,0.2299,22.99
styld7k1gge5cvjria5b,Method_5Q4KoXthUuYz3bvrTDFm,方法4,14,0.1609,16.09
styld7k1gge5cvjria5b,Method_Cj9Ya2R7fZd6xs1q5mNQ,方法5,10,0.1149,11.49
fvurnsqlgyr9zbd6msqs,Method_m8vwGkEZc3TSW2xqYUoR,方法1,23,0.2674,26.74
fvurnsqlgyr9zbd6msqs,Method_gj1NLb4Jn7URf9K2kQPd,方法2,17,0.1977,19.77
fvurnsqlgyr9zbd6msqs,Method_5Q4KoXthUuYz3bvrTDFm,方法3,16,0.186,18.6
fvurnsqlgyr9zbd6msqs,Method_Cj9Ya2R7fZd6xs1q5mNQ,方法4,16,0.186,18.6
fvurnsqlgyr9zbd6msqs,Method_BXr9AIsPQhwNvyGdZL57,方法5,14,0.1628,16.28
47vclaej1xmb0rc8kgka,Method_gj1NLb4Jn7URf9K2kQPd,方法1,29,0.2816,28.16
47vclaej1xmb0rc8kgka,Method_Cj9Ya2R7fZd6xs1q5mNQ,方法2,21,0.2039,20.39
47vclaej1xmb0rc8kgka,Method_5Q4KoXthUuYz3bvrTDFm,方法3,18,0.1748,17.48
47vclaej1xmb0rc8kgka,Method_BXr9AIsPQhwNvyGdZL57,方法4,18,0.1748,17.48
47vclaej1xmb0rc8kgka,Method_m8vwGkEZc3TSW2xqYUoR,方法5,17,0.165,16.5
cnkddx6ofjqd7ueylz0e,Method_5Q4KoXthUuYz3bvrTDFm,方法1,24,0.2222,22.22
cnkddx6ofjqd7ueylz0e,Method_BXr9AIsPQhwNvyGdZL57,方法2,23,0.213,21.3
cnkddx6ofjqd7ueylz0e,Method_m8vwGkEZc3TSW2xqYUoR,方法3,22,0.2037,20.37
cnkddx6ofjqd7ueylz0e,Method_gj1NLb4Jn7URf9K2kQPd,方法4,20,0.1852,18.52
cnkddx6ofjqd7ueylz0e,Method_Cj9Ya2R7fZd6xs1q5mNQ,方法5,19,0.1759,17.59
zlaig56ve06t7jruk2mr,Method_BXr9AIsPQhwNvyGdZL57,方法1,25,0.2475,24.75
zlaig56ve06t7jruk2mr,Method_5Q4KoXthUuYz3bvrTDFm,方法2,21,0.2079,20.79
zlaig56ve06t7jruk2mr,Method_Cj9Ya2R7fZd6xs1q5mNQ,方法3,20,0.198,19.8
zlaig56ve06t7jruk2mr,Method_gj1NLb4Jn7URf9K2kQPd,方法4,18,0.1782,17.82
zlaig56ve06t7jruk2mr,Method_m8vwGkEZc3TSW2xqYUoR,方法5,17,0.1683,16.83
ifj584ryrjv639n4nnsu,Method_m8vwGkEZc3TSW2xqYUoR,方法1,30,0.3,30.0
ifj584ryrjv639n4nnsu,Method_BXr9AIsPQhwNvyGdZL57,方法2,23,0.23,23.0
ifj584ryrjv639n4nnsu,Method_gj1NLb4Jn7URf9K2kQPd,方法3,17,0.17,17.0
ifj584ryrjv639n4nnsu,Method_5Q4KoXthUuYz3bvrTDFm,方法4,16,0.16,16.0
ifj584ryrjv639n4nnsu,Method_Cj9Ya2R7fZd6xs1q5mNQ,方法5,14,0.14,14.0
xh8a7nmtz192pknhec33,Method_BXr9AIsPQhwNvyGdZL57,方法1,16,0.2192,21.92
xh8a7nmtz192pknhec33,Method_5Q4KoXthUuYz3bvrTDFm,方法2,16,0.2192,21.92
xh8a7nmtz192pknhec33,Method_m8vwGkEZc3TSW2xqYUoR,方法3,14,0.1918,19.18
xh8a7nmtz192pknhec33,Method_Cj9Ya2R7fZd6xs1q5mNQ,方法4,14,0.1918,19.18
xh8a7nmtz192pknhec33,Method_gj1NLb4Jn7URf9K2kQPd,方法5,13,0.1781,17.81
vhlntoniujqiclub2juy,Method_gj1NLb4Jn7URf9K2kQPd,方法1,24,0.2581,25.81
vhlntoniujqiclub2juy,Method_m8vwGkEZc3TSW2xqYUoR,方法2,20,0.2151,21.51
vhlntoniujqiclub2juy,Method_BXr9AIsPQhwNvyGdZL57,方法3,18,0.1935,19.35
vhlntoniujqiclub2juy,Method_5Q4KoXthUuYz3bvrTDFm,方法4,16,0.172,17.2
vhlntoniujqiclub2juy,Method_Cj9Ya2R7fZd6xs1q5mNQ,方法5,15,0.1613,16.13
9wax6sfj9cuqbbxc95om,Method_gj1NLb4Jn7URf9K2kQPd,方法1,21,0.2333,23.33
9wax6sfj9cuqbbxc95om,Method_Cj9Ya2R7fZd6xs1q5mNQ,方法2,20,0.2222,22.22
9wax6sfj9cuqbbxc95om,Method_m8vwGkEZc3TSW2xqYUoR,方法3,18,0.2,20.0
9wax6sfj9cuqbbxc95om,Method_5Q4KoXthUuYz3bvrTDFm,方法4,17,0.1889,18.89
9wax6sfj9cuqbbxc95om,Method_BXr9AIsPQhwNvyGdZL57,方法5,14,0.1556,15.56
oit2xadfbpuveswzx4pf,Method_gj1NLb4Jn7URf9K2kQPd,方法1,23,0.2674,26.74
oit2xadfbpuveswzx4pf,Method_5Q4KoXthUuYz3bvrTDFm,方法2,20,0.2326,23.26
oit2xadfbpuveswzx4pf,Method_BXr9AIsPQhwNvyGdZL57,方法3,18,0.2093,20.93
oit2xadfbpuveswzx4pf,Method_m8vwGkEZc3TSW2xqYUoR,方法4,14,0.1628,16.28
oit2xadfbpuveswzx4pf,Method_Cj9Ya2R7fZd6xs1q5mNQ,方法5,11,0.1279,12.79
91ybnlkli8x332l13rrk,Method_5Q4KoXthUuYz3bvrTDFm,方法1,22,0.2472,24.72
91ybnlkli8x332l13rrk,Method_gj1NLb4Jn7URf9K2kQPd,方法2,20,0.2247,22.47
91ybnlkli8x332l13rrk,Method_BXr9AIsPQhwNvyGdZL57,方法3,17,0.191,19.1
91ybnlkli8x332l13rrk,Method_m8vwGkEZc3TSW2xqYUoR,方法4,16,0.1798,17.98
91ybnlkli8x332l13rrk,Method_Cj9Ya2R7fZd6xs1q5mNQ,方法5,14,0.1573,15.73
k4usquerebza4uy0i57h,Method_5Q4KoXthUuYz3bvrTDFm,方法1,22,0.2558,25.58
k4usquerebza4uy0i57h,Method_Cj9Ya2R7fZd6xs1q5mNQ,方法2,20,0.2326,23.26
k4usquerebza4uy0i57h,Method_gj1NLb4Jn7URf9K2kQPd,方法3,17,0.1977,19.77
k4usquerebza4uy0i57h,Method_BXr9AIsPQhwNvyGdZL57,方法4,16,0.186,18.6
k4usquerebza4uy0i57h,Method_m8vwGkEZc3TSW2xqYUoR,方法5,11,0.1279,12.79
6ae7d356ba998218af82,Method_m8vwGkEZc3TSW2xqYUoR,方法1,25,0.3623,36.23
6ae7d356ba998218af82,Method_gj1NLb4Jn7URf9K2kQPd,方法2,14,0.2029,20.29
6ae7d356ba998218af82,Method_5Q4KoXthUuYz3bvrTDFm,方法3,13,0.1884,18.84
6ae7d356ba998218af82,Method_Cj9Ya2R7fZd6xs1q5mNQ,方法4,9,0.1304,13.04
6ae7d356ba998218af82,Method_BXr9AIsPQhwNvyGdZL57,方法5,8,0.1159,11.59
2c6339f7c23a64d02081,Method_BXr9AIsPQhwNvyGdZL57,方法1,25,0.3125,31.25
2c6339f7c23a64d02081,Method_Cj9Ya2R7fZd6xs1q5mNQ,方法2,16,0.2,20.0
2c6339f7c23a64d02081,Method_5Q4KoXthUuYz3bvrTDFm,方法3,16,0.2,20.0
2c6339f7c23a64d02081,Method_m8vwGkEZc3TSW2xqYUoR,方法4,15,0.1875,18.75
2c6339f7c23a64d02081,Method_gj1NLb4Jn7URf9K2kQPd,方法5,8,0.1,10.0
79fdbcf16db75f75383a,Method_m8vwGkEZc3TSW2xqYUoR,方法1,36,0.3051,30.51
79fdbcf16db75f75383a,Method_5Q4KoXthUuYz3bvrTDFm,方法2,24,0.2034,20.34
79fdbcf16db75f75383a,Method_gj1NLb4Jn7URf9K2kQPd,方法3,23,0.1949,19.49
79fdbcf16db75f75383a,Method_BXr9AIsPQhwNvyGdZL57,方法4,18,0.1525,15.25
79fdbcf16db75f75383a,Method_Cj9Ya2R7fZd6xs1q5mNQ,方法5,17,0.1441,14.41
50fec4ca4283ad18c000,Method_m8vwGkEZc3TSW2xqYUoR,方法1,31,0.265,26.5
50fec4ca4283ad18c000,Method_Cj9Ya2R7fZd6xs1q5mNQ,方法2,25,0.2137,21.37
50fec4ca4283ad18c000,Method_BXr9AIsPQhwNvyGdZL57,方法3,21,0.1795,17.95
50fec4ca4283ad18c000,Method_5Q4KoXthUuYz3bvrTDFm,方法4,20,0.1709,17.09
50fec4ca4283ad18c000,Method_gj1NLb4Jn7URf9K2kQPd,方法5,20,0.1709,17.09
077d5c82c9ee5019220f,Method_BXr9AIsPQhwNvyGdZL57,方法1,20,0.25,25.0
077d5c82c9ee5019220f,Method_m8vwGkEZc3TSW2xqYUoR,方法2,19,0.2375,23.75
077d5c82c9ee5019220f,Method_gj1NLb4Jn7URf9K2kQPd,方法3,16,0.2,20.0
077d5c82c9ee5019220f,Method_5Q4KoXthUuYz3bvrTDFm,方法4,13,0.1625,16.25
077d5c82c9ee5019220f,Method_Cj9Ya2R7fZd6xs1q5mNQ,方法5,12,0.15,15.0
41f718ae2aed1d6c2573,Method_m8vwGkEZc3TSW2xqYUoR,方法1,20,0.2703,27.03
41f718ae2aed1d6c2573,Method_Cj9Ya2R7fZd6xs1q5mNQ,方法2,19,0.2568,25.68
41f718ae2aed1d6c2573,Method_BXr9AIsPQhwNvyGdZL57,方法3,13,0.1757,17.57
41f718ae2aed1d6c2573,Method_5Q4KoXthUuYz3bvrTDFm,方法4,11,0.1486,14.86
41f718ae2aed1d6c2573,Method_gj1NLb4Jn7URf9K2kQPd,方法5,11,0.1486,14.86
222d5ee50487a2b8601b,Method_5Q4KoXthUuYz3bvrTDFm,方法1,29,0.2458,24.58
222d5ee50487a2b8601b,Method_gj1NLb4Jn7URf9K2kQPd,方法2,23,0.1949,19.49
222d5ee50487a2b8601b,Method_Cj9Ya2R7fZd6xs1q5mNQ,方法3,23,0.1949,19.49
222d5ee50487a2b8601b,Method_BXr9AIsPQhwNvyGdZL57,方法4,22,0.1864,18.64
222d5ee50487a2b8601b,Method_m8vwGkEZc3TSW2xqYUoR,方法5,21,0.178,17.8
0088dc183f73c83f763e,Method_m8vwGkEZc3TSW2xqYUoR,方法1,35,0.2147,21.47
0088dc183f73c83f763e,Method_Cj9Ya2R7fZd6xs1q5mNQ,方法2,34,0.2086,20.86
0088dc183f73c83f763e,Method_gj1NLb4Jn7URf9K2kQPd,方法3,33,0.2025,20.25
0088dc183f73c83f763e,Method_BXr9AIsPQhwNvyGdZL57,方法4,31,0.1902,19.02
0088dc183f73c83f763e,Method_5Q4KoXthUuYz3bvrTDFm,方法5,30,0.184,18.4
f9d95830556934ae9a01,Method_5Q4KoXthUuYz3bvrTDFm,方法1,39,0.2378,23.78
f9d95830556934ae9a01,Method_gj1NLb4Jn7URf9K2kQPd,方法2,37,0.2256,22.56
f9d95830556934ae9a01,Method_Cj9Ya2R7fZd6xs1q5mNQ,方法3,35,0.2134,21.34
f9d95830556934ae9a01,Method_BXr9AIsPQhwNvyGdZL57,方法4,29,0.1768,17.68
f9d95830556934ae9a01,Method_m8vwGkEZc3TSW2xqYUoR,方法5,24,0.1463,14.63
06aff3e28c5db152f506,Method_Cj9Ya2R7fZd6xs1q5mNQ,方法1,25,0.2294,22.94
06aff3e28c5db152f506,Method_m8vwGkEZc3TSW2xqYUoR,方法2,24,0.2202,22.02
06aff3e28c5db152f506,Method_5Q4KoXthUuYz3bvrTDFm,方法3,24,0.2202,22.02
06aff3e28c5db152f506,Method_gj1NLb4Jn7URf9K2kQPd,方法4,20,0.1835,18.35
06aff3e28c5db152f506,Method_BXr9AIsPQhwNvyGdZL57,方法5,16,0.1468,14.68
3555053023c67d592439,Method_Cj9Ya2R7fZd6xs1q5mNQ,方法1,22,0.2683,26.83
3555053023c67d592439,Method_gj1NLb4Jn7URf9K2kQPd,方法2,19,0.2317,23.17
3555053023c67d592439,Method_m8vwGkEZc3TSW2xqYUoR,方法3,17,0.2073,20.73
3555053023c67d592439,Method_BXr9AIsPQhwNvyGdZL57,方法4,14,0.1707,17.07
3555053023c67d592439,Method_5Q4KoXthUuYz3bvrTDFm,方法5,10,0.122,12.2
f25a777dbbda3d4314d7,Method_Cj9Ya2R7fZd6xs1q5mNQ,方法1,33,0.2845,28.45
f25a777dbbda3d4314d7,Method_5Q4KoXthUuYz3bvrTDFm,方法2,23,0.1983,19.83
f25a777dbbda3d4314d7,Method_m8vwGkEZc3TSW2xqYUoR,方法3,23,0.1983,19.83
f25a777dbbda3d4314d7,Method_gj1NLb4Jn7URf9K2kQPd,方法4,21,0.181,18.1
f25a777dbbda3d4314d7,Method_BXr9AIsPQhwNvyGdZL57,方法5,16,0.1379,13.79
41e9ff991a4a21f423a8,Method_m8vwGkEZc3TSW2xqYUoR,方法1,27,0.2195,21.95
41e9ff991a4a21f423a8,Method_gj1NLb4Jn7URf9K2kQPd,方法2,27,0.2195,21.95
41e9ff991a4a21f423a8,Method_Cj9Ya2R7fZd6xs1q5mNQ,方法3,26,0.2114,21.14
41e9ff991a4a21f423a8,Method_5Q4KoXthUuYz3bvrTDFm,方法4,24,0.1951,19.51
41e9ff991a4a21f423a8,Method_BXr9AIsPQhwNvyGdZL57,方法5,19,0.1545,15.45
6002b9ec0f4ad0b281cf,Method_gj1NLb4Jn7URf9K2kQPd,方法1,28,0.2642,26.42
6002b9ec0f4ad0b281cf,Method_Cj9Ya2R7fZd6xs1q5mNQ,方法2,23,0.217,21.7
6002b9ec0f4ad0b281cf,Method_BXr9AIsPQhwNvyGdZL57,方法3,19,0.1792,17.92
6002b9ec0f4ad0b281cf,Method_5Q4KoXthUuYz3bvrTDFm,方法4,18,0.1698,16.98
6002b9ec0f4ad0b281cf,Method_m8vwGkEZc3TSW2xqYUoR,方法5,18,0.1698,16.98
0b8bea274b24847526b7,Method_5Q4KoXthUuYz3bvrTDFm,方法1,25,0.3425,34.25
0b8bea274b24847526b7,Method_gj1NLb4Jn7URf9K2kQPd,方法2,15,0.2055,20.55
0b8bea274b24847526b7,Method_Cj9Ya2R7fZd6xs1q5mNQ,方法3,12,0.1644,16.44
0b8bea274b24847526b7,Method_m8vwGkEZc3TSW2xqYUoR,方法4,11,0.1507,15.07
0b8bea274b24847526b7,Method_BXr9AIsPQhwNvyGdZL57,方法5,10,0.137,13.7
f7a14eb1e15ceeea955c,Method_5Q4KoXthUuYz3bvrTDFm,方法1,31,0.2385,23.85
f7a14eb1e15ceeea955c,Method_m8vwGkEZc3TSW2xqYUoR,方法2,26,0.2,20.0
f7a14eb1e15ceeea955c,Method_BXr9AIsPQhwNvyGdZL57,方法3,25,0.1923,19.23
f7a14eb1e15ceeea955c,Method_Cj9Ya2R7fZd6xs1q5mNQ,方法4,24,0.1846,18.46
f7a14eb1e15ceeea955c,Method_gj1NLb4Jn7URf9K2kQPd,方法5,24,0.1846,18.46
68c45e933c2dc939e7c9,Method_m8vwGkEZc3TSW2xqYUoR,方法1,36,0.2264,22.64
68c45e933c2dc939e7c9,Method_gj1NLb4Jn7URf9K2kQPd,方法2,35,0.2201,22.01
68c45e933c2dc939e7c9,Method_5Q4KoXthUuYz3bvrTDFm,方法3,32,0.2013,20.13
68c45e933c2dc939e7c9,Method_Cj9Ya2R7fZd6xs1q5mNQ,方法4,29,0.1824,18.24
68c45e933c2dc939e7c9,Method_BXr9AIsPQhwNvyGdZL57,方法5,27,0.1698,16.98
a5966200ae4d58200438,Method_Cj9Ya2R7fZd6xs1q5mNQ,方法1,30,0.2727,27.27
a5966200ae4d58200438,Method_gj1NLb4Jn7URf9K2kQPd,方法2,24,0.2182,21.82
a5966200ae4d58200438,Method_m8vwGkEZc3TSW2xqYUoR,方法3,21,0.1909,19.09
a5966200ae4d58200438,Method_5Q4KoXthUuYz3bvrTDFm,方法4,18,0.1636,16.36
a5966200ae4d58200438,Method_BXr9AIsPQhwNvyGdZL57,方法5,17,0.1545,15.45
6e8118d5ad3c7093b869,Method_m8vwGkEZc3TSW2xqYUoR,方法1,28,0.2523,25.23
6e8118d5ad3c7093b869,Method_BXr9AIsPQhwNvyGdZL57,方法2,26,0.2342,23.42
6e8118d5ad3c7093b869,Method_gj1NLb4Jn7URf9K2kQPd,方法3,22,0.1982,19.82
6e8118d5ad3c7093b869,Method_5Q4KoXthUuYz3bvrTDFm,方法4,18,0.1622,16.22
6e8118d5ad3c7093b869,Method_Cj9Ya2R7fZd6xs1q5mNQ,方法5,17,0.1532,15.32
2f3c37735e817244e646,Method_gj1NLb4Jn7URf9K2kQPd,方法1,17,0.2152,21.52
2f3c37735e817244e646,Method_BXr9AIsPQhwNvyGdZL57,方法2,16,0.2025,20.25
2f3c37735e817244e646,Method_5Q4KoXthUuYz3bvrTDFm,方法3,16,0.2025,20.25
2f3c37735e817244e646,Method_m8vwGkEZc3TSW2xqYUoR,方法4,15,0.1899,18.99
2f3c37735e817244e646,Method_Cj9Ya2R7fZd6xs1q5mNQ,方法5,15,0.1899,18.99
95889f5d20e344714084,Method_5Q4KoXthUuYz3bvrTDFm,方法1,35,0.2273,22.73
95889f5d20e344714084,Method_Cj9Ya2R7fZd6xs1q5mNQ,方法2,33,0.2143,21.43
95889f5d20e344714084,Method_gj1NLb4Jn7URf9K2kQPd,方法3,31,0.2013,20.13
95889f5d20e344714084,Method_m8vwGkEZc3TSW2xqYUoR,方法4,30,0.1948,19.48
95889f5d20e344714084,Method_BXr9AIsPQhwNvyGdZL57,方法5,25,0.1623,16.23
1329b6cf41debecda787,Method_Cj9Ya2R7fZd6xs1q5mNQ,方法1,26,0.2653,26.53
1329b6cf41debecda787,Method_5Q4KoXthUuYz3bvrTDFm,方法2,24,0.2449,24.49
1329b6cf41debecda787,Method_m8vwGkEZc3TSW2xqYUoR,方法3,21,0.2143,21.43
1329b6cf41debecda787,Method_gj1NLb4Jn7URf9K2kQPd,方法4,15,0.1531,15.31
1329b6cf41debecda787,Method_BXr9AIsPQhwNvyGdZL57,方法5,12,0.1224,12.24
cb2fbb322cc30a8b8fef,Method_Cj9Ya2R7fZd6xs1q5mNQ,方法1,30,0.2113,21.13
cb2fbb322cc30a8b8fef,Method_m8vwGkEZc3TSW2xqYUoR,方法2,29,0.2042,20.42
cb2fbb322cc30a8b8fef,Method_BXr9AIsPQhwNvyGdZL57,方法3,29,0.2042,20.42
cb2fbb322cc30a8b8fef,Method_5Q4KoXthUuYz3bvrTDFm,方法4,28,0.1972,19.72
cb2fbb322cc30a8b8fef,Method_gj1NLb4Jn7URf9K2kQPd,方法5,26,0.1831,18.31
daf693769d8638a22ee9,Method_BXr9AIsPQhwNvyGdZL57,方法1,25,0.266,26.6
daf693769d8638a22ee9,Method_5Q4KoXthUuYz3bvrTDFm,方法2,23,0.2447,24.47
daf693769d8638a22ee9,Method_Cj9Ya2R7fZd6xs1q5mNQ,方法3,16,0.1702,17.02
daf693769d8638a22ee9,Method_m8vwGkEZc3TSW2xqYUoR,方法4,16,0.1702,17.02
daf693769d8638a22ee9,Method_gj1NLb4Jn7URf9K2kQPd,方法5,14,0.1489,14.89
da2199a7da15995db5ff,Method_Cj9Ya2R7fZd6xs1q5mNQ,方法1,24,0.2526,25.26
da2199a7da15995db5ff,Method_BXr9AIsPQhwNvyGdZL57,方法2,22,0.2316,23.16
da2199a7da15995db5ff,Method_m8vwGkEZc3TSW2xqYUoR,方法3,19,0.2,20.0
da2199a7da15995db5ff,Method_5Q4KoXthUuYz3bvrTDFm,方法4,18,0.1895,18.95
da2199a7da15995db5ff,Method_gj1NLb4Jn7URf9K2kQPd,方法5,12,0.1263,12.63
460fa4961434cf281423,Method_Cj9Ya2R7fZd6xs1q5mNQ,方法1,29,0.232,23.2
460fa4961434cf281423,Method_BXr9AIsPQhwNvyGdZL57,方法2,28,0.224,22.4
460fa4961434cf281423,Method_m8vwGkEZc3TSW2xqYUoR,方法3,28,0.224,22.4
460fa4961434cf281423,Method_gj1NLb4Jn7URf9K2kQPd,方法4,22,0.176,17.6
460fa4961434cf281423,Method_5Q4KoXthUuYz3bvrTDFm,方法5,18,0.144,14.4
18654732ca312afc173f,Method_Cj9Ya2R7fZd6xs1q5mNQ,方法1,43,0.2443,24.43
18654732ca312afc173f,Method_BXr9AIsPQhwNvyGdZL57,方法2,38,0.2159,21.59
18654732ca312afc173f,Method_gj1NLb4Jn7URf9K2kQPd,方法3,35,0.1989,19.89
18654732ca312afc173f,Method_5Q4KoXthUuYz3bvrTDFm,方法4,31,0.1761,17.61
18654732ca312afc173f,Method_m8vwGkEZc3TSW2xqYUoR,方法5,29,0.1648,16.48
7c3fa9ed66d940d49692,Method_m8vwGkEZc3TSW2xqYUoR,方法1,43,0.2544,25.44
7c3fa9ed66d940d49692,Method_gj1NLb4Jn7URf9K2kQPd,方法2,38,0.2249,22.49
7c3fa9ed66d940d49692,Method_Cj9Ya2R7fZd6xs1q5mNQ,方法3,30,0.1775,17.75
7c3fa9ed66d940d49692,Method_BXr9AIsPQhwNvyGdZL57,方法4,30,0.1775,17.75
7c3fa9ed66d940d49692,Method_5Q4KoXthUuYz3bvrTDFm,方法5,28,0.1657,16.57
6486c0664d217470d126,Method_BXr9AIsPQhwNvyGdZL57,方法1,20,0.2632,26.32
6486c0664d217470d126,Method_gj1NLb4Jn7URf9K2kQPd,方法2,17,0.2237,22.37
6486c0664d217470d126,Method_Cj9Ya2R7fZd6xs1q5mNQ,方法3,16,0.2105,21.05
6486c0664d217470d126,Method_5Q4KoXthUuYz3bvrTDFm,方法4,15,0.1974,19.74
6486c0664d217470d126,Method_m8vwGkEZc3TSW2xqYUoR,方法5,8,0.1053,10.53
af8dedf6ecb4605a09fa,Method_BXr9AIsPQhwNvyGdZL57,方法1,46,0.2371,23.71
af8dedf6ecb4605a09fa,Method_m8vwGkEZc3TSW2xqYUoR,方法2,40,0.2062,20.62
af8dedf6ecb4605a09fa,Method_Cj9Ya2R7fZd6xs1q5mNQ,方法3,39,0.201,20.1
af8dedf6ecb4605a09fa,Method_gj1NLb4Jn7URf9K2kQPd,方法4,37,0.1907,19.07
af8dedf6ecb4605a09fa,Method_5Q4KoXthUuYz3bvrTDFm,方法5,32,0.1649,16.49
d2e033f11edce44fea3d,Method_BXr9AIsPQhwNvyGdZL57,方法1,21,0.2877,28.77
d2e033f11edce44fea3d,Method_m8vwGkEZc3TSW2xqYUoR,方法2,16,0.2192,21.92
d2e033f11edce44fea3d,Method_5Q4KoXthUuYz3bvrTDFm,方法3,13,0.1781,17.81
d2e033f11edce44fea3d,Method_gj1NLb4Jn7URf9K2kQPd,方法4,12,0.1644,16.44
d2e033f11edce44fea3d,Method_Cj9Ya2R7fZd6xs1q5mNQ,方法5,11,0.1507,15.07
c955c51bfd07134bc831,Method_m8vwGkEZc3TSW2xqYUoR,方法1,24,0.2553,25.53
c955c51bfd07134bc831,Method_5Q4KoXthUuYz3bvrTDFm,方法2,22,0.234,23.4
c955c51bfd07134bc831,Method_gj1NLb4Jn7URf9K2kQPd,方法3,19,0.2021,20.21
c955c51bfd07134bc831,Method_BXr9AIsPQhwNvyGdZL57,方法4,17,0.1809,18.09
c955c51bfd07134bc831,Method_Cj9Ya2R7fZd6xs1q5mNQ,方法5,12,0.1277,12.77
906ffe092972df38360a,Method_Cj9Ya2R7fZd6xs1q5mNQ,方法1,22,0.2472,24.72
906ffe092972df38360a,Method_gj1NLb4Jn7URf9K2kQPd,方法2,21,0.236,23.6
906ffe092972df38360a,Method_m8vwGkEZc3TSW2xqYUoR,方法3,16,0.1798,17.98
906ffe092972df38360a,Method_5Q4KoXthUuYz3bvrTDFm,方法4,16,0.1798,17.98
906ffe092972df38360a,Method_BXr9AIsPQhwNvyGdZL57,方法5,14,0.1573,15.73
e6c8ce7f4d7b0b4ca4a6,Method_m8vwGkEZc3TSW2xqYUoR,方法1,33,0.2946,29.46
e6c8ce7f4d7b0b4ca4a6,Method_Cj9Ya2R7fZd6xs1q5mNQ,方法2,24,0.2143,21.43
e6c8ce7f4d7b0b4ca4a6,Method_BXr9AIsPQhwNvyGdZL57,方法3,20,0.1786,17.86
e6c8ce7f4d7b0b4ca4a6,Method_5Q4KoXthUuYz3bvrTDFm,方法4,18,0.1607,16.07
e6c8ce7f4d7b0b4ca4a6,Method_gj1NLb4Jn7URf9K2kQPd,方法5,17,0.1518,15.18
5a8cce5abee961fc77f3,Method_Cj9Ya2R7fZd6xs1q5mNQ,方法1,23,0.2421,24.21
5a8cce5abee961fc77f3,Method_gj1NLb4Jn7URf9K2kQPd,方法2,22,0.2316,23.16
5a8cce5abee961fc77f3,Method_m8vwGkEZc3TSW2xqYUoR,方法3,21,0.2211,22.11
5a8cce5abee961fc77f3,Method_BXr9AIsPQhwNvyGdZL57,方法4,15,0.1579,15.79
5a8cce5abee961fc77f3,Method_5Q4KoXthUuYz3bvrTDFm,方法5,14,0.1474,14.74
0c670262b3941d307600,Method_5Q4KoXthUuYz3bvrTDFm,方法1,31,0.2925,29.25
0c670262b3941d307600,Method_BXr9AIsPQhwNvyGdZL57,方法2,22,0.2075,20.75
0c670262b3941d307600,Method_Cj9Ya2R7fZd6xs1q5mNQ,方法3,22,0.2075,20.75
0c670262b3941d307600,Method_gj1NLb4Jn7URf9K2kQPd,方法4,21,0.1981,19.81
0c670262b3941d307600,Method_m8vwGkEZc3TSW2xqYUoR,方法5,10,0.0943,9.43
7d882daa0b4d418d1d0c,Method_Cj9Ya2R7fZd6xs1q5mNQ,方法1,31,0.2385,23.85
7d882daa0b4d418d1d0c,Method_5Q4KoXthUuYz3bvrTDFm,方法2,29,0.2231,22.31
7d882daa0b4d418d1d0c,Method_m8vwGkEZc3TSW2xqYUoR,方法3,29,0.2231,22.31
7d882daa0b4d418d1d0c,Method_BXr9AIsPQhwNvyGdZL57,方法4,21,0.1615,16.15
7d882daa0b4d418d1d0c,Method_gj1NLb4Jn7URf9K2kQPd,方法5,20,0.1538,15.38
d33a15d480f68c6ec82f,Method_gj1NLb4Jn7URf9K2kQPd,方法1,22,0.2588,25.88
d33a15d480f68c6ec82f,Method_Cj9Ya2R7fZd6xs1q5mNQ,方法2,19,0.2235,22.35
d33a15d480f68c6ec82f,Method_m8vwGkEZc3TSW2xqYUoR,方法3,18,0.2118,21.18
d33a15d480f68c6ec82f,Method_BXr9AIsPQhwNvyGdZL57,方法4,13,0.1529,15.29
d33a15d480f68c6ec82f,Method_5Q4KoXthUuYz3bvrTDFm,方法5,13,0.1529,15.29
db2418c575c0a4f7239d,Method_BXr9AIsPQhwNvyGdZL57,方法1,30,0.2439,24.39
db2418c575c0a4f7239d,Method_Cj9Ya2R7fZd6xs1q5mNQ,方法2,29,0.2358,23.58
db2418c575c0a4f7239d,Method_gj1NLb4Jn7URf9K2kQPd,方法3,26,0.2114,21.14
db2418c575c0a4f7239d,Method_m8vwGkEZc3TSW2xqYUoR,方法4,21,0.1707,17.07
db2418c575c0a4f7239d,Method_5Q4KoXthUuYz3bvrTDFm,方法5,17,0.1382,13.82
8f98bfcea1b9f0dba97e,Method_Cj9Ya2R7fZd6xs1q5mNQ,方法1,22,0.2366,23.66
8f98bfcea1b9f0dba97e,Method_BXr9AIsPQhwNvyGdZL57,方法2,20,0.2151,21.51
8f98bfcea1b9f0dba97e,Method_gj1NLb4Jn7URf9K2kQPd,方法3,19,0.2043,20.43
8f98bfcea1b9f0dba97e,Method_5Q4KoXthUuYz3bvrTDFm,方法4,17,0.1828,18.28
8f98bfcea1b9f0dba97e,Method_m8vwGkEZc3TSW2xqYUoR,方法5,15,0.1613,16.13
5d580a610c7f8114eb5c,Method_BXr9AIsPQhwNvyGdZL57,方法1,21,0.2727,27.27
5d580a610c7f8114eb5c,Method_Cj9Ya2R7fZd6xs1q5mNQ,方法2,20,0.2597,25.97
5d580a610c7f8114eb5c,Method_gj1NLb4Jn7URf9K2kQPd,方法3,15,0.1948,19.48
5d580a610c7f8114eb5c,Method_m8vwGkEZc3TSW2xqYUoR,方法4,11,0.1429,14.29
5d580a610c7f8114eb5c,Method_5Q4KoXthUuYz3bvrTDFm,方法5,10,0.1299,12.99
5c33bb784bb99763ed74,Method_m8vwGkEZc3TSW2xqYUoR,方法1,30,0.297,29.7
5c33bb784bb99763ed74,Method_gj1NLb4Jn7URf9K2kQPd,方法2,22,0.2178,21.78
5c33bb784bb99763ed74,Method_5Q4KoXthUuYz3bvrTDFm,方法3,21,0.2079,20.79
5c33bb784bb99763ed74,Method_BXr9AIsPQhwNvyGdZL57,方法4,15,0.1485,14.85
5c33bb784bb99763ed74,Method_Cj9Ya2R7fZd6xs1q5mNQ,方法5,13,0.1287,12.87
058c03d945c4ae0978a0,Method_BXr9AIsPQhwNvyGdZL57,方法1,16,0.2319,23.19
058c03d945c4ae0978a0,Method_m8vwGkEZc3TSW2xqYUoR,方法2,15,0.2174,21.74
058c03d945c4ae0978a0,Method_5Q4KoXthUuYz3bvrTDFm,方法3,15,0.2174,21.74
058c03d945c4ae0978a0,Method_gj1NLb4Jn7URf9K2kQPd,方法4,13,0.1884,18.84
058c03d945c4ae0978a0,Method_Cj9Ya2R7fZd6xs1q5mNQ,方法5,10,0.1449,14.49
bfc3a5cb3b9c29f08176,Method_m8vwGkEZc3TSW2xqYUoR,方法1,42,0.236,23.6
bfc3a5cb3b9c29f08176,Method_gj1NLb4Jn7URf9K2kQPd,方法2,40,0.2247,22.47
bfc3a5cb3b9c29f08176,Method_5Q4KoXthUuYz3bvrTDFm,方法3,36,0.2022,20.22
bfc3a5cb3b9c29f08176,Method_BXr9AIsPQhwNvyGdZL57,方法4,33,0.1854,18.54
bfc3a5cb3b9c29f08176,Method_Cj9Ya2R7fZd6xs1q5mNQ,方法5,27,0.1517,15.17
a4bfb84ab74e59389e7a,Method_5Q4KoXthUuYz3bvrTDFm,方法1,53,0.2325,23.25
a4bfb84ab74e59389e7a,Method_BXr9AIsPQhwNvyGdZL57,方法2,51,0.2237,22.37
a4bfb84ab74e59389e7a,Method_gj1NLb4Jn7URf9K2kQPd,方法3,47,0.2061,20.61
a4bfb84ab74e59389e7a,Method_m8vwGkEZc3TSW2xqYUoR,方法4,40,0.1754,17.54
a4bfb84ab74e59389e7a,Method_Cj9Ya2R7fZd6xs1q5mNQ,方法5,37,0.1623,16.23
152a0c17daaaa4e65e14,Method_5Q4KoXthUuYz3bvrTDFm,方法1,29,0.2929,29.29
152a0c17daaaa4e65e14,Method_BXr9AIsPQhwNvyGdZL57,方法2,27,0.2727,27.27
152a0c17daaaa4e65e14,Method_m8vwGkEZc3TSW2xqYUoR,方法3,16,0.1616,16.16
152a0c17daaaa4e65e14,Method_gj1NLb4Jn7URf9K2kQPd,方法4,14,0.1414,14.14
152a0c17daaaa4e65e14,Method_Cj9Ya2R7fZd6xs1q5mNQ,方法5,13,0.1313,13.13
ee1ef9674f9e0bfca48b,Method_gj1NLb4Jn7URf9K2kQPd,方法1,17,0.2742,27.42
ee1ef9674f9e0bfca48b,Method_5Q4KoXthUuYz3bvrTDFm,方法2,17,0.2742,27.42
ee1ef9674f9e0bfca48b,Method_Cj9Ya2R7fZd6xs1q5mNQ,方法3,11,0.1774,17.74
ee1ef9674f9e0bfca48b,Method_m8vwGkEZc3TSW2xqYUoR,方法4,9,0.1452,14.52
ee1ef9674f9e0bfca48b,Method_BXr9AIsPQhwNvyGdZL57,方法5,8,0.129,12.9
977ece9de941d85308ac,Method_gj1NLb4Jn7URf9K2kQPd,方法1,41,0.2316,23.16
977ece9de941d85308ac,Method_5Q4KoXthUuYz3bvrTDFm,方法2,37,0.209,20.9
977ece9de941d85308ac,Method_Cj9Ya2R7fZd6xs1q5mNQ,方法3,35,0.1977,19.77
977ece9de941d85308ac,Method_BXr9AIsPQhwNvyGdZL57,方法4,33,0.1864,18.64
977ece9de941d85308ac,Method_m8vwGkEZc3TSW2xqYUoR,方法5,31,0.1751,17.51
15ab118362ecbbd03b52,Method_Cj9Ya2R7fZd6xs1q5mNQ,方法1,24,0.2581,25.81
15ab118362ecbbd03b52,Method_gj1NLb4Jn7URf9K2kQPd,方法2,19,0.2043,20.43
15ab118362ecbbd03b52,Method_5Q4KoXthUuYz3bvrTDFm,方法3,19,0.2043,20.43
15ab118362ecbbd03b52,Method_m8vwGkEZc3TSW2xqYUoR,方法4,16,0.172,17.2
15ab118362ecbbd03b52,Method_BXr9AIsPQhwNvyGdZL57,方法5,15,0.1613,16.13
f47eab262dd5809d4d60,Method_Cj9Ya2R7fZd6xs1q5mNQ,方法1,26,0.268,26.8
f47eab262dd5809d4d60,Method_gj1NLb4Jn7URf9K2kQPd,方法2,23,0.2371,23.71
f47eab262dd5809d4d60,Method_BXr9AIsPQhwNvyGdZL57,方法3,18,0.1856,18.56
f47eab262dd5809d4d60,Method_5Q4KoXthUuYz3bvrTDFm,方法4,17,0.1753,17.53
f47eab262dd5809d4d60,Method_m8vwGkEZc3TSW2xqYUoR,方法5,13,0.134,13.4
5fbaf8a0f524358778bb,Method_Cj9Ya2R7fZd6xs1q5mNQ,方法1,29,0.2544,25.44
5fbaf8a0f524358778bb,Method_BXr9AIsPQhwNvyGdZL57,方法2,23,0.2018,20.18
5fbaf8a0f524358778bb,Method_gj1NLb4Jn7URf9K2kQPd,方法3,23,0.2018,20.18
5fbaf8a0f524358778bb,Method_m8vwGkEZc3TSW2xqYUoR,方法4,20,0.1754,17.54
5fbaf8a0f524358778bb,Method_5Q4KoXthUuYz3bvrTDFm,方法5,19,0.1667,16.67
3267b84814316e2fa25e,Method_Cj9Ya2R7fZd6xs1q5mNQ,方法1,33,0.2463,24.63
3267b84814316e2fa25e,Method_BXr9AIsPQhwNvyGdZL57,方法2,32,0.2388,23.88
3267b84814316e2fa25e,Method_gj1NLb4Jn7URf9K2kQPd,方法3,25,0.1866,18.66
3267b84814316e2fa25e,Method_5Q4KoXthUuYz3bvrTDFm,方法4,25,0.1866,18.66
3267b84814316e2fa25e,Method_m8vwGkEZc3TSW2xqYUoR,方法5,19,0.1418,14.18
f82461b84c9c48a36613,Method_gj1NLb4Jn7URf9K2kQPd,方法1,25,0.2358,23.58
f82461b84c9c48a36613,Method_Cj9Ya2R7fZd6xs1q5mNQ,方法2,22,0.2075,20.75
f82461b84c9c48a36613,Method_BXr9AIsPQhwNvyGdZL57,方法3,21,0.1981,19.81
f82461b84c9c48a36613,Method_5Q4KoXthUuYz3bvrTDFm,方法4,21,0.1981,19.81
f82461b84c9c48a36613,Method_m8vwGkEZc3TSW2xqYUoR,方法5,17,0.1604,16.04
981cf48df067d975675b,Method_BXr9AIsPQhwNvyGdZL57,方法1,30,0.2521,25.21
981cf48df067d975675b,Method_Cj9Ya2R7fZd6xs1q5mNQ,方法2,28,0.2353,23.53
981cf48df067d975675b,Method_5Q4KoXthUuYz3bvrTDFm,方法3,21,0.1765,17.65
981cf48df067d975675b,Method_gj1NLb4Jn7URf9K2kQPd,方法4,21,0.1765,17.65
981cf48df067d975675b,Method_m8vwGkEZc3TSW2xqYUoR,方法5,19,0.1597,15.97
bd099a9fd29545e3766a,Method_BXr9AIsPQhwNvyGdZL57,方法1,19,0.2754,27.54
bd099a9fd29545e3766a,Method_m8vwGkEZc3TSW2xqYUoR,方法2,17,0.2464,24.64
bd099a9fd29545e3766a,Method_gj1NLb4Jn7URf9K2kQPd,方法3,15,0.2174,21.74
bd099a9fd29545e3766a,Method_Cj9Ya2R7fZd6xs1q5mNQ,方法4,9,0.1304,13.04
bd099a9fd29545e3766a,Method_5Q4KoXthUuYz3bvrTDFm,方法5,9,0.1304,13.04
9d030ebc092b353b9906,Method_gj1NLb4Jn7URf9K2kQPd,方法1,23,0.2614,26.14
9d030ebc092b353b9906,Method_Cj9Ya2R7fZd6xs1q5mNQ,方法2,22,0.25,25.0
9d030ebc092b353b9906,Method_m8vwGkEZc3TSW2xqYUoR,方法3,15,0.1705,17.05
9d030ebc092b353b9906,Method_5Q4KoXthUuYz3bvrTDFm,方法4,15,0.1705,17.05
9d030ebc092b353b9906,Method_BXr9AIsPQhwNvyGdZL57,方法5,13,0.1477,14.77
37905cfdcd105683aaf4,Method_gj1NLb4Jn7URf9K2kQPd,方法1,31,0.2562,25.62
37905cfdcd105683aaf4,Method_m8vwGkEZc3TSW2xqYUoR,方法2,29,0.2397,23.97
37905cfdcd105683aaf4,Method_5Q4KoXthUuYz3bvrTDFm,方法3,21,0.1736,17.36
37905cfdcd105683aaf4,Method_BXr9AIsPQhwNvyGdZL57,方法4,21,0.1736,17.36
37905cfdcd105683aaf4,Method_Cj9Ya2R7fZd6xs1q5mNQ,方法5,19,0.157,15.7
xy7cro773yqyoblucwkp,Method_5Q4KoXthUuYz3bvrTDFm,方法1,26,0.2766,27.66
xy7cro773yqyoblucwkp,Method_gj1NLb4Jn7URf9K2kQPd,方法2,20,0.2128,21.28
xy7cro773yqyoblucwkp,Method_Cj9Ya2R7fZd6xs1q5mNQ,方法3,19,0.2021,20.21
xy7cro773yqyoblucwkp,Method_BXr9AIsPQhwNvyGdZL57,方法4,19,0.2021,20.21
xy7cro773yqyoblucwkp,Method_m8vwGkEZc3TSW2xqYUoR,方法5,10,0.1064,10.64
3qvqfnzdg358mord1cku,Method_5Q4KoXthUuYz3bvrTDFm,方法1,23,0.2277,22.77
3qvqfnzdg358mord1cku,Method_gj1NLb4Jn7URf9K2kQPd,方法2,20,0.198,19.8
3qvqfnzdg358mord1cku,Method_m8vwGkEZc3TSW2xqYUoR,方法3,20,0.198,19.8
3qvqfnzdg358mord1cku,Method_Cj9Ya2R7fZd6xs1q5mNQ,方法4,19,0.1881,18.81
3qvqfnzdg358mord1cku,Method_BXr9AIsPQhwNvyGdZL57,方法5,19,0.1881,18.81
awxiqzybhp95e08qx1h5,Method_gj1NLb4Jn7URf9K2kQPd,方法1,23,0.2674,26.74
awxiqzybhp95e08qx1h5,Method_Cj9Ya2R7fZd6xs1q5mNQ,方法2,21,0.2442,24.42
awxiqzybhp95e08qx1h5,Method_5Q4KoXthUuYz3bvrTDFm,方法3,18,0.2093,20.93
awxiqzybhp95e08qx1h5,Method_BXr9AIsPQhwNvyGdZL57,方法4,16,0.186,18.6
awxiqzybhp95e08qx1h5,Method_m8vwGkEZc3TSW2xqYUoR,方法5,8,0.093,9.3
dgoapkg9vpnafks22kx4,Method_Cj9Ya2R7fZd6xs1q5mNQ,方法1,24,0.2162,21.62
dgoapkg9vpnafks22kx4,Method_gj1NLb4Jn7URf9K2kQPd,方法2,23,0.2072,20.72
dgoapkg9vpnafks22kx4,Method_5Q4KoXthUuYz3bvrTDFm,方法3,22,0.1982,19.82
dgoapkg9vpnafks22kx4,Method_BXr9AIsPQhwNvyGdZL57,方法4,21,0.1892,18.92
dgoapkg9vpnafks22kx4,Method_m8vwGkEZc3TSW2xqYUoR,方法5,21,0.1892,18.92
2jvnsh0veb6qnn3uv6i8,Method_Cj9Ya2R7fZd6xs1q5mNQ,方法1,26,0.2321,23.21
2jvnsh0veb6qnn3uv6i8,Method_m8vwGkEZc3TSW2xqYUoR,方法2,23,0.2054,20.54
2jvnsh0veb6qnn3uv6i8,Method_5Q4KoXthUuYz3bvrTDFm,方法3,21,0.1875,18.75
2jvnsh0veb6qnn3uv6i8,Method_BXr9AIsPQhwNvyGdZL57,方法4,21,0.1875,18.75
2jvnsh0veb6qnn3uv6i8,Method_gj1NLb4Jn7URf9K2kQPd,方法5,21,0.1875,18.75
553l2g7kpifbvn82knxk,Method_BXr9AIsPQhwNvyGdZL57,方法1,27,0.25,25.0
553l2g7kpifbvn82knxk,Method_5Q4KoXthUuYz3bvrTDFm,方法2,22,0.2037,20.37
553l2g7kpifbvn82knxk,Method_gj1NLb4Jn7URf9K2kQPd,方法3,21,0.1944,19.44
553l2g7kpifbvn82knxk,Method_m8vwGkEZc3TSW2xqYUoR,方法4,20,0.1852,18.52
553l2g7kpifbvn82knxk,Method_Cj9Ya2R7fZd6xs1q5mNQ,方法5,18,0.1667,16.67
58n0dsxyyqnriomw67id,Method_gj1NLb4Jn7URf9K2kQPd,方法1,28,0.2642,26.42
58n0dsxyyqnriomw67id,Method_5Q4KoXthUuYz3bvrTDFm,方法2,28,0.2642,26.42
58n0dsxyyqnriomw67id,Method_Cj9Ya2R7fZd6xs1q5mNQ,方法3,19,0.1792,17.92
58n0dsxyyqnriomw67id,Method_m8vwGkEZc3TSW2xqYUoR,方法4,18,0.1698,16.98
58n0dsxyyqnriomw67id,Method_BXr9AIsPQhwNvyGdZL57,方法5,13,0.1226,12.26
x8hldszj3z40bgxl4mci,Method_BXr9AIsPQhwNvyGdZL57,方法1,26,0.2149,21.49
x8hldszj3z40bgxl4mci,Method_5Q4KoXthUuYz3bvrTDFm,方法2,26,0.2149,21.49
x8hldszj3z40bgxl4mci,Method_Cj9Ya2R7fZd6xs1q5mNQ,方法3,24,0.1983,19.83
x8hldszj3z40bgxl4mci,Method_m8vwGkEZc3TSW2xqYUoR,方法4,23,0.1901,19.01
x8hldszj3z40bgxl4mci,Method_gj1NLb4Jn7URf9K2kQPd,方法5,22,0.1818,18.18
putb7ja6dwpdag4bwvnj,Method_Cj9Ya2R7fZd6xs1q5mNQ,方法1,24,0.2474,24.74
putb7ja6dwpdag4bwvnj,Method_BXr9AIsPQhwNvyGdZL57,方法2,23,0.2371,23.71
putb7ja6dwpdag4bwvnj,Method_5Q4KoXthUuYz3bvrTDFm,方法3,18,0.1856,18.56
putb7ja6dwpdag4bwvnj,Method_gj1NLb4Jn7URf9K2kQPd,方法4,18,0.1856,18.56
putb7ja6dwpdag4bwvnj,Method_m8vwGkEZc3TSW2xqYUoR,方法5,14,0.1443,14.43
3m4gx52iq3mwqdycm8mm,Method_gj1NLb4Jn7URf9K2kQPd,方法1,31,0.2605,26.05
3m4gx52iq3mwqdycm8mm,Method_m8vwGkEZc3TSW2xqYUoR,方法2,25,0.2101,21.01
3m4gx52iq3mwqdycm8mm,Method_5Q4KoXthUuYz3bvrTDFm,方法3,23,0.1933,19.33
3m4gx52iq3mwqdycm8mm,Method_Cj9Ya2R7fZd6xs1q5mNQ,方法4,21,0.1765,17.65
3m4gx52iq3mwqdycm8mm,Method_BXr9AIsPQhwNvyGdZL57,方法5,19,0.1597,15.97
2zfdinkl7qrn0o62tlp4,Method_gj1NLb4Jn7URf9K2kQPd,方法1,21,0.2188,21.88
2zfdinkl7qrn0o62tlp4,Method_Cj9Ya2R7fZd6xs1q5mNQ,方法2,21,0.2188,21.88
2zfdinkl7qrn0o62tlp4,Method_m8vwGkEZc3TSW2xqYUoR,方法3,21,0.2188,21.88
2zfdinkl7qrn0o62tlp4,Method_5Q4KoXthUuYz3bvrTDFm,方法4,18,0.1875,18.75
2zfdinkl7qrn0o62tlp4,Method_BXr9AIsPQhwNvyGdZL57,方法5,15,0.1562,15.62
rd32gyblqsfn03xatnmt,Method_Cj9Ya2R7fZd6xs1q5mNQ,方法1,28,0.2137,21.37
rd32gyblqsfn03xatnmt,Method_gj1NLb4Jn7URf9K2kQPd,方法2,28,0.2137,21.37
rd32gyblqsfn03xatnmt,Method_BXr9AIsPQhwNvyGdZL57,方法3,27,0.2061,20.61
rd32gyblqsfn03xatnmt,Method_5Q4KoXthUuYz3bvrTDFm,方法4,25,0.1908,19.08
rd32gyblqsfn03xatnmt,Method_m8vwGkEZc3TSW2xqYUoR,方法5,23,0.1756,17.56
n8pe3tt7qmlgojwhhsj0,Method_5Q4KoXthUuYz3bvrTDFm,方法1,22,0.275,27.5
n8pe3tt7qmlgojwhhsj0,Method_Cj9Ya2R7fZd6xs1q5mNQ,方法2,18,0.225,22.5
n8pe3tt7qmlgojwhhsj0,Method_gj1NLb4Jn7URf9K2kQPd,方法3,15,0.1875,18.75
n8pe3tt7qmlgojwhhsj0,Method_BXr9AIsPQhwNvyGdZL57,方法4,14,0.175,17.5
n8pe3tt7qmlgojwhhsj0,Method_m8vwGkEZc3TSW2xqYUoR,方法5,11,0.1375,13.75
p6cp3ogj6xy2riczfupv,Method_5Q4KoXthUuYz3bvrTDFm,方法1,25,0.2525,25.25
p6cp3ogj6xy2riczfupv,Method_Cj9Ya2R7fZd6xs1q5mNQ,方法2,25,0.2525,25.25
p6cp3ogj6xy2riczfupv,Method_m8vwGkEZc3TSW2xqYUoR,方法3,21,0.2121,21.21
p6cp3ogj6xy2riczfupv,Method_gj1NLb4Jn7URf9K2kQPd,方法4,15,0.1515,15.15
p6cp3ogj6xy2riczfupv,Method_BXr9AIsPQhwNvyGdZL57,方法5,13,0.1313,13.13
si6ymh6w7xbo2f40o0p8,Method_m8vwGkEZc3TSW2xqYUoR,方法1,27,0.2455,24.55
si6ymh6w7xbo2f40o0p8,Method_Cj9Ya2R7fZd6xs1q5mNQ,方法2,27,0.2455,24.55
si6ymh6w7xbo2f40o0p8,Method_BXr9AIsPQhwNvyGdZL57,方法3,20,0.1818,18.18
si6ymh6w7xbo2f40o0p8,Method_5Q4KoXthUuYz3bvrTDFm,方法4,20,0.1818,18.18
si6ymh6w7xbo2f40o0p8,Method_gj1NLb4Jn7URf9K2kQPd,方法5,16,0.1455,14.55
9trgand057juzal1kecf,Method_m8vwGkEZc3TSW2xqYUoR,方法1,24,0.2376,23.76
9trgand057juzal1kecf,Method_gj1NLb4Jn7URf9K2kQPd,方法2,22,0.2178,21.78
9trgand057juzal1kecf,Method_5Q4KoXthUuYz3bvrTDFm,方法3,21,0.2079,20.79
9trgand057juzal1kecf,Method_Cj9Ya2R7fZd6xs1q5mNQ,方法4,19,0.1881,18.81
9trgand057juzal1kecf,Method_BXr9AIsPQhwNvyGdZL57,方法5,15,0.1485,14.85
4acutl013itvh9va99p7,Method_Cj9Ya2R7fZd6xs1q5mNQ,方法1,24,0.2376,23.76
4acutl013itvh9va99p7,Method_gj1NLb4Jn7URf9K2kQPd,方法2,23,0.2277,22.77
4acutl013itvh9va99p7,Method_5Q4KoXthUuYz3bvrTDFm,方法3,19,0.1881,18.81
4acutl013itvh9va99p7,Method_m8vwGkEZc3TSW2xqYUoR,方法4,18,0.1782,17.82
4acutl013itvh9va99p7,Method_BXr9AIsPQhwNvyGdZL57,方法5,17,0.1683,16.83
62olkigg7ntlaf6fzytl,Method_Cj9Ya2R7fZd6xs1q5mNQ,方法1,29,0.2417,24.17
62olkigg7ntlaf6fzytl,Method_5Q4KoXthUuYz3bvrTDFm,方法2,27,0.225,22.5
62olkigg7ntlaf6fzytl,Method_gj1NLb4Jn7URf9K2kQPd,方法3,24,0.2,20.0
62olkigg7ntlaf6fzytl,Method_m8vwGkEZc3TSW2xqYUoR,方法4,21,0.175,17.5
62olkigg7ntlaf6fzytl,Method_BXr9AIsPQhwNvyGdZL57,方法5,19,0.1583,15.83
zyfp520tbnq5p2pvrkin,Method_Cj9Ya2R7fZd6xs1q5mNQ,方法1,25,0.2381,23.81
zyfp520tbnq5p2pvrkin,Method_m8vwGkEZc3TSW2xqYUoR,方法2,22,0.2095,20.95
zyfp520tbnq5p2pvrkin,Method_5Q4KoXthUuYz3bvrTDFm,方法3,20,0.1905,19.05
zyfp520tbnq5p2pvrkin,Method_BXr9AIsPQhwNvyGdZL57,方法4,19,0.181,18.1
zyfp520tbnq5p2pvrkin,Method_gj1NLb4Jn7URf9K2kQPd,方法5,19,0.181,18.1
yyz9rmyzzdp52h0glddp,Method_5Q4KoXthUuYz3bvrTDFm,方法1,31,0.2627,26.27
yyz9rmyzzdp52h0glddp,Method_BXr9AIsPQhwNvyGdZL57,方法2,26,0.2203,22.03
yyz9rmyzzdp52h0glddp,Method_Cj9Ya2R7fZd6xs1q5mNQ,方法3,24,0.2034,20.34
yyz9rmyzzdp52h0glddp,Method_gj1NLb4Jn7URf9K2kQPd,方法4,21,0.178,17.8
yyz9rmyzzdp52h0glddp,Method_m8vwGkEZc3TSW2xqYUoR,方法5,16,0.1356,13.56
2uxkhe454qk8jvk0ufvp,Method_Cj9Ya2R7fZd6xs1q5mNQ,方法1,21,0.2258,22.58
2uxkhe454qk8jvk0ufvp,Method_m8vwGkEZc3TSW2xqYUoR,方法2,21,0.2258,22.58
2uxkhe454qk8jvk0ufvp,Method_5Q4KoXthUuYz3bvrTDFm,方法3,19,0.2043,20.43
2uxkhe454qk8jvk0ufvp,Method_BXr9AIsPQhwNvyGdZL57,方法4,18,0.1935,19.35
2uxkhe454qk8jvk0ufvp,Method_gj1NLb4Jn7URf9K2kQPd,方法5,14,0.1505,15.05
pkjom9yr5m9690fg6wsi,Method_gj1NLb4Jn7URf9K2kQPd,方法1,30,0.3333,33.33
pkjom9yr5m9690fg6wsi,Method_m8vwGkEZc3TSW2xqYUoR,方法2,21,0.2333,23.33
pkjom9yr5m9690fg6wsi,Method_5Q4KoXthUuYz3bvrTDFm,方法3,20,0.2222,22.22
pkjom9yr5m9690fg6wsi,Method_Cj9Ya2R7fZd6xs1q5mNQ,方法4,13,0.1444,14.44
pkjom9yr5m9690fg6wsi,Method_BXr9AIsPQhwNvyGdZL57,方法5,6,0.0667,6.67
shtnl1wh1mconb8od5ko,Method_BXr9AIsPQhwNvyGdZL57,方法1,32,0.2963,29.63
shtnl1wh1mconb8od5ko,Method_Cj9Ya2R7fZd6xs1q5mNQ,方法2,23,0.213,21.3
shtnl1wh1mconb8od5ko,Method_5Q4KoXthUuYz3bvrTDFm,方法3,21,0.1944,19.44
shtnl1wh1mconb8od5ko,Method_m8vwGkEZc3TSW2xqYUoR,方法4,17,0.1574,15.74
shtnl1wh1mconb8od5ko,Method_gj1NLb4Jn7URf9K2kQPd,方法5,15,0.1389,13.89
ugaiak78ggmnku4yndlt,Method_Cj9Ya2R7fZd6xs1q5mNQ,方法1,24,0.2637,26.37
ugaiak78ggmnku4yndlt,Method_BXr9AIsPQhwNvyGdZL57,方法2,20,0.2198,21.98
ugaiak78ggmnku4yndlt,Method_5Q4KoXthUuYz3bvrTDFm,方法3,19,0.2088,20.88
ugaiak78ggmnku4yndlt,Method_m8vwGkEZc3TSW2xqYUoR,方法4,15,0.1648,16.48
ugaiak78ggmnku4yndlt,Method_gj1NLb4Jn7URf9K2kQPd,方法5,13,0.1429,14.29
5mrih4nj5agvu67vao4m,Method_5Q4KoXthUuYz3bvrTDFm,方法1,27,0.2872,28.72
5mrih4nj5agvu67vao4m,Method_BXr9AIsPQhwNvyGdZL57,方法2,23,0.2447,24.47
5mrih4nj5agvu67vao4m,Method_m8vwGkEZc3TSW2xqYUoR,方法3,16,0.1702,17.02
5mrih4nj5agvu67vao4m,Method_Cj9Ya2R7fZd6xs1q5mNQ,方法4,15,0.1596,15.96
5mrih4nj5agvu67vao4m,Method_gj1NLb4Jn7URf9K2kQPd,方法5,13,0.1383,13.83
66f99grd556eyxjqk7pz,Method_BXr9AIsPQhwNvyGdZL57,方法1,25,0.2212,22.12
66f99grd556eyxjqk7pz,Method_m8vwGkEZc3TSW2xqYUoR,方法2,25,0.2212,22.12
66f99grd556eyxjqk7pz,Method_Cj9Ya2R7fZd6xs1q5mNQ,方法3,23,0.2035,20.35
66f99grd556eyxjqk7pz,Method_gj1NLb4Jn7URf9K2kQPd,方法4,21,0.1858,18.58
66f99grd556eyxjqk7pz,Method_5Q4KoXthUuYz3bvrTDFm,方法5,19,0.1681,16.81
vrdxefyyyx3tkticfqnv,Method_BXr9AIsPQhwNvyGdZL57,方法1,28,0.25,25.0
vrdxefyyyx3tkticfqnv,Method_Cj9Ya2R7fZd6xs1q5mNQ,方法2,25,0.2232,22.32
vrdxefyyyx3tkticfqnv,Method_5Q4KoXthUuYz3bvrTDFm,方法3,23,0.2054,20.54
vrdxefyyyx3tkticfqnv,Method_m8vwGkEZc3TSW2xqYUoR,方法4,21,0.1875,18.75
vrdxefyyyx3tkticfqnv,Method_gj1NLb4Jn7URf9K2kQPd,方法5,15,0.1339,13.39
ik7o5ykfnku0qp74sy1i,Method_BXr9AIsPQhwNvyGdZL57,方法1,23,0.2277,22.77
ik7o5ykfnku0qp74sy1i,Method_5Q4KoXthUuYz3bvrTDFm,方法2,22,0.2178,21.78
ik7o5ykfnku0qp74sy1i,Method_gj1NLb4Jn7URf9K2kQPd,方法3,21,0.2079,20.79
ik7o5ykfnku0qp74sy1i,Method_Cj9Ya2R7fZd6xs1q5mNQ,方法4,19,0.1881,18.81
ik7o5ykfnku0qp74sy1i,Method_m8vwGkEZc3TSW2xqYUoR,方法5,16,0.1584,15.84
99dj4o3b2f6m4jemke7d,Method_BXr9AIsPQhwNvyGdZL57,方法1,32,0.252,25.2
99dj4o3b2f6m4jemke7d,Method_gj1NLb4Jn7URf9K2kQPd,方法2,29,0.2283,22.83
99dj4o3b2f6m4jemke7d,Method_Cj9Ya2R7fZd6xs1q5mNQ,方法3,23,0.1811,18.11
99dj4o3b2f6m4jemke7d,Method_5Q4KoXthUuYz3bvrTDFm,方法4,23,0.1811,18.11
99dj4o3b2f6m4jemke7d,Method_m8vwGkEZc3TSW2xqYUoR,方法5,20,0.1575,15.75
6tq9irjllweqmqe4u7sf,Method_gj1NLb4Jn7URf9K2kQPd,方法1,22,0.275,27.5
6tq9irjllweqmqe4u7sf,Method_m8vwGkEZc3TSW2xqYUoR,方法2,18,0.225,22.5
6tq9irjllweqmqe4u7sf,Method_5Q4KoXthUuYz3bvrTDFm,方法3,16,0.2,20.0
6tq9irjllweqmqe4u7sf,Method_BXr9AIsPQhwNvyGdZL57,方法4,15,0.1875,18.75
6tq9irjllweqmqe4u7sf,Method_Cj9Ya2R7fZd6xs1q5mNQ,方法5,9,0.1125,11.25
je7kqkmpwkosa7nkgfpx,Method_BXr9AIsPQhwNvyGdZL57,方法1,21,0.2283,22.83
je7kqkmpwkosa7nkgfpx,Method_gj1NLb4Jn7URf9K2kQPd,方法2,20,0.2174,21.74
je7kqkmpwkosa7nkgfpx,Method_Cj9Ya2R7fZd6xs1q5mNQ,方法3,17,0.1848,18.48
je7kqkmpwkosa7nkgfpx,Method_5Q4KoXthUuYz3bvrTDFm,方法4,17,0.1848,18.48
je7kqkmpwkosa7nkgfpx,Method_m8vwGkEZc3TSW2xqYUoR,方法5,17,0.1848,18.48
3cic5ziycjx4ik4ll0v1,Method_5Q4KoXthUuYz3bvrTDFm,方法1,31,0.2719,27.19
3cic5ziycjx4ik4ll0v1,Method_gj1NLb4Jn7URf9K2kQPd,方法2,25,0.2193,21.93
3cic5ziycjx4ik4ll0v1,Method_BXr9AIsPQhwNvyGdZL57,方法3,21,0.1842,18.42
3cic5ziycjx4ik4ll0v1,Method_Cj9Ya2R7fZd6xs1q5mNQ,方法4,19,0.1667,16.67
3cic5ziycjx4ik4ll0v1,Method_m8vwGkEZc3TSW2xqYUoR,方法5,18,0.1579,15.79
ef04ejvyvmh5votejbif,Method_Cj9Ya2R7fZd6xs1q5mNQ,方法1,24,0.2353,23.53
ef04ejvyvmh5votejbif,Method_gj1NLb4Jn7URf9K2kQPd,方法2,22,0.2157,21.57
ef04ejvyvmh5votejbif,Method_m8vwGkEZc3TSW2xqYUoR,方法3,21,0.2059,20.59
ef04ejvyvmh5votejbif,Method_BXr9AIsPQhwNvyGdZL57,方法4,19,0.1863,18.63
ef04ejvyvmh5votejbif,Method_5Q4KoXthUuYz3bvrTDFm,方法5,16,0.1569,15.69
dfnvtf7qbi2955rjeaqx,Method_Cj9Ya2R7fZd6xs1q5mNQ,方法1,28,0.2314,23.14
dfnvtf7qbi2955rjeaqx,Method_BXr9AIsPQhwNvyGdZL57,方法2,25,0.2066,20.66
dfnvtf7qbi2955rjeaqx,Method_5Q4KoXthUuYz3bvrTDFm,方法3,24,0.1983,19.83
dfnvtf7qbi2955rjeaqx,Method_gj1NLb4Jn7URf9K2kQPd,方法4,23,0.1901,19.01
dfnvtf7qbi2955rjeaqx,Method_m8vwGkEZc3TSW2xqYUoR,方法5,21,0.1736,17.36
bwvpzqnhh752noqjqj8d,Method_gj1NLb4Jn7URf9K2kQPd,方法1,26,0.2476,24.76
bwvpzqnhh752noqjqj8d,Method_Cj9Ya2R7fZd6xs1q5mNQ,方法2,24,0.2286,22.86
bwvpzqnhh752noqjqj8d,Method_5Q4KoXthUuYz3bvrTDFm,方法3,20,0.1905,19.05
bwvpzqnhh752noqjqj8d,Method_m8vwGkEZc3TSW2xqYUoR,方法4,20,0.1905,19.05
bwvpzqnhh752noqjqj8d,Method_BXr9AIsPQhwNvyGdZL57,方法5,15,0.1429,14.29
4c90f16c0fcd85d3de25,Method_gj1NLb4Jn7URf9K2kQPd,方法1,59,0.2153,21.53
4c90f16c0fcd85d3de25,Method_5Q4KoXthUuYz3bvrTDFm,方法2,58,0.2117,21.17
4c90f16c0fcd85d3de25,Method_BXr9AIsPQhwNvyGdZL57,方法3,53,0.1934,19.34
4c90f16c0fcd85d3de25,Method_m8vwGkEZc3TSW2xqYUoR,方法4,52,0.1898,18.98
4c90f16c0fcd85d3de25,Method_Cj9Ya2R7fZd6xs1q5mNQ,方法5,52,0.1898,18.98
2b9ef4e3749f713870b0,Method_5Q4KoXthUuYz3bvrTDFm,方法1,34,0.2464,24.64
2b9ef4e3749f713870b0,Method_BXr9AIsPQhwNvyGdZL57,方法2,32,0.2319,23.19
2b9ef4e3749f713870b0,Method_Cj9Ya2R7fZd6xs1q5mNQ,方法3,30,0.2174,21.74
2b9ef4e3749f713870b0,Method_gj1NLb4Jn7URf9K2kQPd,方法4,25,0.1812,18.12
2b9ef4e3749f713870b0,Method_m8vwGkEZc3TSW2xqYUoR,方法5,17,0.1232,12.32
b8290aea71e7a5421a02,Method_5Q4KoXthUuYz3bvrTDFm,方法1,12,0.3077,30.77
b8290aea71e7a5421a02,Method_BXr9AIsPQhwNvyGdZL57,方法2,9,0.2308,23.08
b8290aea71e7a5421a02,Method_m8vwGkEZc3TSW2xqYUoR,方法3,7,0.1795,17.95
b8290aea71e7a5421a02,Method_Cj9Ya2R7fZd6xs1q5mNQ,方法4,7,0.1795,17.95
b8290aea71e7a5421a02,Method_gj1NLb4Jn7URf9K2kQPd,方法5,4,0.1026,10.26
5f55600069b483f999f5,Method_gj1NLb4Jn7URf9K2kQPd,方法1,48,0.24,24.0
5f55600069b483f999f5,Method_Cj9Ya2R7fZd6xs1q5mNQ,方法2,42,0.21,21.0
5f55600069b483f999f5,Method_5Q4KoXthUuYz3bvrTDFm,方法3,40,0.2,20.0
5f55600069b483f999f5,Method_BXr9AIsPQhwNvyGdZL57,方法4,40,0.2,20.0
5f55600069b483f999f5,Method_m8vwGkEZc3TSW2xqYUoR,方法5,30,0.15,15.0
170a695a2717bcd9b74b,Method_gj1NLb4Jn7URf9K2kQPd,方法1,43,0.224,22.4
170a695a2717bcd9b74b,Method_5Q4KoXthUuYz3bvrTDFm,方法2,40,0.2083,20.83
170a695a2717bcd9b74b,Method_m8vwGkEZc3TSW2xqYUoR,方法3,40,0.2083,20.83
170a695a2717bcd9b74b,Method_BXr9AIsPQhwNvyGdZL57,方法4,37,0.1927,19.27
170a695a2717bcd9b74b,Method_Cj9Ya2R7fZd6xs1q5mNQ,方法5,32,0.1667,16.67
a0a1991396f865c9e3dc,Method_gj1NLb4Jn7URf9K2kQPd,方法1,65,0.2249,22.49
a0a1991396f865c9e3dc,Method_m8vwGkEZc3TSW2xqYUoR,方法2,62,0.2145,21.45
a0a1991396f865c9e3dc,Method_5Q4KoXthUuYz3bvrTDFm,方法3,61,0.2111,21.11
a0a1991396f865c9e3dc,Method_Cj9Ya2R7fZd6xs1q5mNQ,方法4,57,0.1972,19.72
a0a1991396f865c9e3dc,Method_BXr9AIsPQhwNvyGdZL57,方法5,44,0.1522,15.22
3fee5c27236cbb682727,Method_BXr9AIsPQhwNvyGdZL57,方法1,21,0.2333,23.33
3fee5c27236cbb682727,Method_gj1NLb4Jn7URf9K2kQPd,方法2,19,0.2111,21.11
3fee5c27236cbb682727,Method_m8vwGkEZc3TSW2xqYUoR,方法3,18,0.2,20.0
3fee5c27236cbb682727,Method_5Q4KoXthUuYz3bvrTDFm,方法4,17,0.1889,18.89
3fee5c27236cbb682727,Method_Cj9Ya2R7fZd6xs1q5mNQ,方法5,15,0.1667,16.67
701a989d65a59c18845b,Method_m8vwGkEZc3TSW2xqYUoR,方法1,28,0.2617,26.17
701a989d65a59c18845b,Method_BXr9AIsPQhwNvyGdZL57,方法2,24,0.2243,22.43
701a989d65a59c18845b,Method_gj1NLb4Jn7URf9K2kQPd,方法3,23,0.215,21.5
701a989d65a59c18845b,Method_Cj9Ya2R7fZd6xs1q5mNQ,方法4,16,0.1495,14.95
701a989d65a59c18845b,Method_5Q4KoXthUuYz3bvrTDFm,方法5,16,0.1495,14.95
3672e2896ad7d8f2404e,Method_5Q4KoXthUuYz3bvrTDFm,方法1,24,0.2759,27.59
3672e2896ad7d8f2404e,Method_gj1NLb4Jn7URf9K2kQPd,方法2,19,0.2184,21.84
3672e2896ad7d8f2404e,Method_BXr9AIsPQhwNvyGdZL57,方法3,18,0.2069,20.69
3672e2896ad7d8f2404e,Method_m8vwGkEZc3TSW2xqYUoR,方法4,13,0.1494,14.94
3672e2896ad7d8f2404e,Method_Cj9Ya2R7fZd6xs1q5mNQ,方法5,13,0.1494,14.94
52f1bca9ac9c792e4457,Method_BXr9AIsPQhwNvyGdZL57,方法1,24,0.2286,22.86
52f1bca9ac9c792e4457,Method_5Q4KoXthUuYz3bvrTDFm,方法2,24,0.2286,22.86
52f1bca9ac9c792e4457,Method_Cj9Ya2R7fZd6xs1q5mNQ,方法3,21,0.2,20.0
52f1bca9ac9c792e4457,Method_m8vwGkEZc3TSW2xqYUoR,方法4,18,0.1714,17.14
52f1bca9ac9c792e4457,Method_gj1NLb4Jn7URf9K2kQPd,方法5,18,0.1714,17.14
75097aa30e9373a612c7,Method_m8vwGkEZc3TSW2xqYUoR,方法1,27,0.2477,24.77
75097aa30e9373a612c7,Method_gj1NLb4Jn7URf9K2kQPd,方法2,23,0.211,21.1
75097aa30e9373a612c7,Method_5Q4KoXthUuYz3bvrTDFm,方法3,22,0.2018,20.18
75097aa30e9373a612c7,Method_Cj9Ya2R7fZd6xs1q5mNQ,方法4,19,0.1743,17.43
75097aa30e9373a612c7,Method_BXr9AIsPQhwNvyGdZL57,方法5,18,0.1651,16.51
72b4334deffff31dea8b,Method_gj1NLb4Jn7URf9K2kQPd,方法1,34,0.2764,27.64
72b4334deffff31dea8b,Method_Cj9Ya2R7fZd6xs1q5mNQ,方法2,27,0.2195,21.95
72b4334deffff31dea8b,Method_BXr9AIsPQhwNvyGdZL57,方法3,22,0.1789,17.89
72b4334deffff31dea8b,Method_m8vwGkEZc3TSW2xqYUoR,方法4,21,0.1707,17.07
72b4334deffff31dea8b,Method_5Q4KoXthUuYz3bvrTDFm,方法5,19,0.1545,15.45
84e8300978b600b5f0ba,Method_gj1NLb4Jn7URf9K2kQPd,方法1,39,0.291,29.1
84e8300978b600b5f0ba,Method_Cj9Ya2R7fZd6xs1q5mNQ,方法2,27,0.2015,20.15
84e8300978b600b5f0ba,Method_5Q4KoXthUuYz3bvrTDFm,方法3,26,0.194,19.4
84e8300978b600b5f0ba,Method_m8vwGkEZc3TSW2xqYUoR,方法4,22,0.1642,16.42
84e8300978b600b5f0ba,Method_BXr9AIsPQhwNvyGdZL57,方法5,20,0.1493,14.93
2ccfa5f79c8b61e465d4,Method_m8vwGkEZc3TSW2xqYUoR,方法1,46,0.2244,22.44
2ccfa5f79c8b61e465d4,Method_Cj9Ya2R7fZd6xs1q5mNQ,方法2,46,0.2244,22.44
2ccfa5f79c8b61e465d4,Method_BXr9AIsPQhwNvyGdZL57,方法3,40,0.1951,19.51
2ccfa5f79c8b61e465d4,Method_5Q4KoXthUuYz3bvrTDFm,方法4,40,0.1951,19.51
2ccfa5f79c8b61e465d4,Method_gj1NLb4Jn7URf9K2kQPd,方法5,33,0.161,16.1
63aded37545ab92d41d4,Method_m8vwGkEZc3TSW2xqYUoR,方法1,39,0.2267,22.67
63aded37545ab92d41d4,Method_Cj9Ya2R7fZd6xs1q5mNQ,方法2,39,0.2267,22.67
63aded37545ab92d41d4,Method_BXr9AIsPQhwNvyGdZL57,方法3,32,0.186,18.6
63aded37545ab92d41d4,Method_5Q4KoXthUuYz3bvrTDFm,方法4,31,0.1802,18.02
63aded37545ab92d41d4,Method_gj1NLb4Jn7URf9K2kQPd,方法5,31,0.1802,18.02
e851f82a650692f8e591,Method_Cj9Ya2R7fZd6xs1q5mNQ,方法1,39,0.2364,23.64
e851f82a650692f8e591,Method_BXr9AIsPQhwNvyGdZL57,方法2,35,0.2121,21.21
e851f82a650692f8e591,Method_m8vwGkEZc3TSW2xqYUoR,方法3,33,0.2,20.0
e851f82a650692f8e591,Method_gj1NLb4Jn7URf9K2kQPd,方法4,29,0.1758,17.58
e851f82a650692f8e591,Method_5Q4KoXthUuYz3bvrTDFm,方法5,29,0.1758,17.58
c352158bed343ccff8e5,Method_gj1NLb4Jn7URf9K2kQPd,方法1,35,0.2652,26.52
c352158bed343ccff8e5,Method_5Q4KoXthUuYz3bvrTDFm,方法2,27,0.2045,20.45
c352158bed343ccff8e5,Method_BXr9AIsPQhwNvyGdZL57,方法3,25,0.1894,18.94
c352158bed343ccff8e5,Method_m8vwGkEZc3TSW2xqYUoR,方法4,24,0.1818,18.18
c352158bed343ccff8e5,Method_Cj9Ya2R7fZd6xs1q5mNQ,方法5,21,0.1591,15.91
e3ce61b92eeae0a33633,Method_5Q4KoXthUuYz3bvrTDFm,方法1,18,0.2432,24.32
e3ce61b92eeae0a33633,Method_Cj9Ya2R7fZd6xs1q5mNQ,方法2,17,0.2297,22.97
e3ce61b92eeae0a33633,Method_BXr9AIsPQhwNvyGdZL57,方法3,14,0.1892,18.92
e3ce61b92eeae0a33633,Method_m8vwGkEZc3TSW2xqYUoR,方法4,13,0.1757,17.57
e3ce61b92eeae0a33633,Method_gj1NLb4Jn7URf9K2kQPd,方法5,12,0.1622,16.22
166cb02ac436c9d3662f,Method_5Q4KoXthUuYz3bvrTDFm,方法1,56,0.2171,21.71
166cb02ac436c9d3662f,Method_BXr9AIsPQhwNvyGdZL57,方法2,54,0.2093,20.93
166cb02ac436c9d3662f,Method_gj1NLb4Jn7URf9K2kQPd,方法3,53,0.2054,20.54
166cb02ac436c9d3662f,Method_m8vwGkEZc3TSW2xqYUoR,方法4,50,0.1938,19.38
166cb02ac436c9d3662f,Method_Cj9Ya2R7fZd6xs1q5mNQ,方法5,45,0.1744,17.44
749fec50db4020e9bfcc,Method_5Q4KoXthUuYz3bvrTDFm,方法1,24,0.2353,23.53
749fec50db4020e9bfcc,Method_Cj9Ya2R7fZd6xs1q5mNQ,方法2,23,0.2255,22.55
749fec50db4020e9bfcc,Method_gj1NLb4Jn7URf9K2kQPd,方法3,21,0.2059,20.59
749fec50db4020e9bfcc,Method_m8vwGkEZc3TSW2xqYUoR,方法4,18,0.1765,17.65
749fec50db4020e9bfcc,Method_BXr9AIsPQhwNvyGdZL57,方法5,16,0.1569,15.69
7ab9a2516b2dba99c36c,Method_5Q4KoXthUuYz3bvrTDFm,方法1,14,0.2692,26.92
7ab9a2516b2dba99c36c,Method_BXr9AIsPQhwNvyGdZL57,方法2,13,0.25,25.0
7ab9a2516b2dba99c36c,Method_Cj9Ya2R7fZd6xs1q5mNQ,方法3,12,0.2308,23.08
7ab9a2516b2dba99c36c,Method_gj1NLb4Jn7URf9K2kQPd,方法4,7,0.1346,13.46
7ab9a2516b2dba99c36c,Method_m8vwGkEZc3TSW2xqYUoR,方法5,6,0.1154,11.54
19fb3075dd2798538c9d,Method_gj1NLb4Jn7URf9K2kQPd,方法1,17,0.2742,27.42
19fb3075dd2798538c9d,Method_5Q4KoXthUuYz3bvrTDFm,方法2,16,0.2581,25.81
19fb3075dd2798538c9d,Method_m8vwGkEZc3TSW2xqYUoR,方法3,11,0.1774,17.74
19fb3075dd2798538c9d,Method_BXr9AIsPQhwNvyGdZL57,方法4,11,0.1774,17.74
19fb3075dd2798538c9d,Method_Cj9Ya2R7fZd6xs1q5mNQ,方法5,7,0.1129,11.29
36ebf305b7206112f676,Method_5Q4KoXthUuYz3bvrTDFm,方法1,34,0.2252,22.52
36ebf305b7206112f676,Method_BXr9AIsPQhwNvyGdZL57,方法2,33,0.2185,21.85
36ebf305b7206112f676,Method_m8vwGkEZc3TSW2xqYUoR,方法3,31,0.2053,20.53
36ebf305b7206112f676,Method_Cj9Ya2R7fZd6xs1q5mNQ,方法4,29,0.1921,19.21
36ebf305b7206112f676,Method_gj1NLb4Jn7URf9K2kQPd,方法5,24,0.1589,15.89
1397545fbe9882e5cd42,Method_Cj9Ya2R7fZd6xs1q5mNQ,方法1,34,0.2267,22.67
1397545fbe9882e5cd42,Method_gj1NLb4Jn7URf9K2kQPd,方法2,33,0.22,22.0
1397545fbe9882e5cd42,Method_BXr9AIsPQhwNvyGdZL57,方法3,31,0.2067,20.67
1397545fbe9882e5cd42,Method_5Q4KoXthUuYz3bvrTDFm,方法4,29,0.1933,19.33
1397545fbe9882e5cd42,Method_m8vwGkEZc3TSW2xqYUoR,方法5,23,0.1533,15.33
9e4c54a008ee874fc270,Method_BXr9AIsPQhwNvyGdZL57,方法1,28,0.2435,24.35
9e4c54a008ee874fc270,Method_Cj9Ya2R7fZd6xs1q5mNQ,方法2,25,0.2174,21.74
9e4c54a008ee874fc270,Method_5Q4KoXthUuYz3bvrTDFm,方法3,23,0.2,20.0
9e4c54a008ee874fc270,Method_m8vwGkEZc3TSW2xqYUoR,方法4,20,0.1739,17.39
9e4c54a008ee874fc270,Method_gj1NLb4Jn7URf9K2kQPd,方法5,19,0.1652,16.52
a8846b79555746e4f9df,Method_5Q4KoXthUuYz3bvrTDFm,方法1,14,0.2593,25.93
a8846b79555746e4f9df,Method_BXr9AIsPQhwNvyGdZL57,方法2,12,0.2222,22.22
a8846b79555746e4f9df,Method_m8vwGkEZc3TSW2xqYUoR,方法3,12,0.2222,22.22
a8846b79555746e4f9df,Method_gj1NLb4Jn7URf9K2kQPd,方法4,9,0.1667,16.67
a8846b79555746e4f9df,Method_Cj9Ya2R7fZd6xs1q5mNQ,方法5,7,0.1296,12.96
1629f353a742f6a73251,Method_Cj9Ya2R7fZd6xs1q5mNQ,方法1,24,0.2376,23.76
1629f353a742f6a73251,Method_gj1NLb4Jn7URf9K2kQPd,方法2,22,0.2178,21.78
1629f353a742f6a73251,Method_5Q4KoXthUuYz3bvrTDFm,方法3,22,0.2178,21.78
1629f353a742f6a73251,Method_BXr9AIsPQhwNvyGdZL57,方法4,17,0.1683,16.83
1629f353a742f6a73251,Method_m8vwGkEZc3TSW2xqYUoR,方法5,16,0.1584,15.84
1202c731c612353ceef0,Method_Cj9Ya2R7fZd6xs1q5mNQ,方法1,34,0.2361,23.61
1202c731c612353ceef0,Method_BXr9AIsPQhwNvyGdZL57,方法2,31,0.2153,21.53
1202c731c612353ceef0,Method_5Q4KoXthUuYz3bvrTDFm,方法3,28,0.1944,19.44
1202c731c612353ceef0,Method_m8vwGkEZc3TSW2xqYUoR,方法4,27,0.1875,18.75
1202c731c612353ceef0,Method_gj1NLb4Jn7URf9K2kQPd,方法5,24,0.1667,16.67
0e062d9fa22dc8e3bca2,Method_5Q4KoXthUuYz3bvrTDFm,方法1,28,0.2569,25.69
0e062d9fa22dc8e3bca2,Method_m8vwGkEZc3TSW2xqYUoR,方法2,26,0.2385,23.85
0e062d9fa22dc8e3bca2,Method_BXr9AIsPQhwNvyGdZL57,方法3,22,0.2018,20.18
0e062d9fa22dc8e3bca2,Method_gj1NLb4Jn7URf9K2kQPd,方法4,19,0.1743,17.43
0e062d9fa22dc8e3bca2,Method_Cj9Ya2R7fZd6xs1q5mNQ,方法5,14,0.1284,12.84
918236b530adbe510201,Method_BXr9AIsPQhwNvyGdZL57,方法1,32,0.2105,21.05
918236b530adbe510201,Method_m8vwGkEZc3TSW2xqYUoR,方法2,32,0.2105,21.05
918236b530adbe510201,Method_5Q4KoXthUuYz3bvrTDFm,方法3,30,0.1974,19.74
918236b530adbe510201,Method_Cj9Ya2R7fZd6xs1q5mNQ,方法4,29,0.1908,19.08
918236b530adbe510201,Method_gj1NLb4Jn7URf9K2kQPd,方法5,29,0.1908,19.08
0f8bd9e33125347965a1,Method_BXr9AIsPQhwNvyGdZL57,方法1,35,0.2381,23.81
0f8bd9e33125347965a1,Method_5Q4KoXthUuYz3bvrTDFm,方法2,30,0.2041,20.41
0f8bd9e33125347965a1,Method_Cj9Ya2R7fZd6xs1q5mNQ,方法3,29,0.1973,19.73
0f8bd9e33125347965a1,Method_gj1NLb4Jn7URf9K2kQPd,方法4,28,0.1905,19.05
0f8bd9e33125347965a1,Method_m8vwGkEZc3TSW2xqYUoR,方法5,25,0.1701,17.01
2c3b89432513b2035664,Method_gj1NLb4Jn7URf9K2kQPd,方法1,17,0.2208,22.08
2c3b89432513b2035664,Method_5Q4KoXthUuYz3bvrTDFm,方法2,17,0.2208,22.08
2c3b89432513b2035664,Method_BXr9AIsPQhwNvyGdZL57,方法3,16,0.2078,20.78
2c3b89432513b2035664,Method_Cj9Ya2R7fZd6xs1q5mNQ,方法4,14,0.1818,18.18
2c3b89432513b2035664,Method_m8vwGkEZc3TSW2xqYUoR,方法5,13,0.1688,16.88
d94c5dba40d9fcbfb8d9,Method_gj1NLb4Jn7URf9K2kQPd,方法1,29,0.2566,25.66
d94c5dba40d9fcbfb8d9,Method_m8vwGkEZc3TSW2xqYUoR,方法2,26,0.2301,23.01
d94c5dba40d9fcbfb8d9,Method_5Q4KoXthUuYz3bvrTDFm,方法3,24,0.2124,21.24
d94c5dba40d9fcbfb8d9,Method_Cj9Ya2R7fZd6xs1q5mNQ,方法4,19,0.1681,16.81
d94c5dba40d9fcbfb8d9,Method_BXr9AIsPQhwNvyGdZL57,方法5,15,0.1327,13.27
7380885aaba482170588,Method_5Q4KoXthUuYz3bvrTDFm,方法1,19,0.2375,23.75
7380885aaba482170588,Method_m8vwGkEZc3TSW2xqYUoR,方法2,18,0.225,22.5
7380885aaba482170588,Method_BXr9AIsPQhwNvyGdZL57,方法3,16,0.2,20.0
7380885aaba482170588,Method_gj1NLb4Jn7URf9K2kQPd,方法4,14,0.175,17.5
7380885aaba482170588,Method_Cj9Ya2R7fZd6xs1q5mNQ,方法5,13,0.1625,16.25
6d35a9a33338a84dd077,Method_Cj9Ya2R7fZd6xs1q5mNQ,方法1,35,0.25,25.0
6d35a9a33338a84dd077,Method_m8vwGkEZc3TSW2xqYUoR,方法2,30,0.2143,21.43
6d35a9a33338a84dd077,Method_BXr9AIsPQhwNvyGdZL57,方法3,28,0.2,20.0
6d35a9a33338a84dd077,Method_5Q4KoXthUuYz3bvrTDFm,方法4,25,0.1786,17.86
6d35a9a33338a84dd077,Method_gj1NLb4Jn7URf9K2kQPd,方法5,22,0.1571,15.71
011d454f199c123d44ad,Method_m8vwGkEZc3TSW2xqYUoR,方法1,36,0.2432,24.32
011d454f199c123d44ad,Method_Cj9Ya2R7fZd6xs1q5mNQ,方法2,33,0.223,22.3
011d454f199c123d44ad,Method_BXr9AIsPQhwNvyGdZL57,方法3,33,0.223,22.3
011d454f199c123d44ad,Method_5Q4KoXthUuYz3bvrTDFm,方法4,27,0.1824,18.24
011d454f199c123d44ad,Method_gj1NLb4Jn7URf9K2kQPd,方法5,19,0.1284,12.84
9e7bdc44129bf5acc196,Method_Cj9Ya2R7fZd6xs1q5mNQ,方法1,40,0.2564,25.64
9e7bdc44129bf5acc196,Method_BXr9AIsPQhwNvyGdZL57,方法2,33,0.2115,21.15
9e7bdc44129bf5acc196,Method_5Q4KoXthUuYz3bvrTDFm,方法3,31,0.1987,19.87
9e7bdc44129bf5acc196,Method_gj1NLb4Jn7URf9K2kQPd,方法4,30,0.1923,19.23
9e7bdc44129bf5acc196,Method_m8vwGkEZc3TSW2xqYUoR,方法5,22,0.141,14.1
93c2f240de504736b8d0,Method_BXr9AIsPQhwNvyGdZL57,方法1,22,0.234,23.4
93c2f240de504736b8d0,Method_Cj9Ya2R7fZd6xs1q5mNQ,方法2,20,0.2128,21.28
93c2f240de504736b8d0,Method_5Q4KoXthUuYz3bvrTDFm,方法3,19,0.2021,20.21
93c2f240de504736b8d0,Method_gj1NLb4Jn7URf9K2kQPd,方法4,17,0.1809,18.09
93c2f240de504736b8d0,Method_m8vwGkEZc3TSW2xqYUoR,方法5,16,0.1702,17.02
0f160cd19890b97092b9,Method_Cj9Ya2R7fZd6xs1q5mNQ,方法1,22,0.2588,25.88
0f160cd19890b97092b9,Method_BXr9AIsPQhwNvyGdZL57,方法2,20,0.2353,23.53
0f160cd19890b97092b9,Method_gj1NLb4Jn7URf9K2kQPd,方法3,18,0.2118,21.18
0f160cd19890b97092b9,Method_5Q4KoXthUuYz3bvrTDFm,方法4,13,0.1529,15.29
0f160cd19890b97092b9,Method_m8vwGkEZc3TSW2xqYUoR,方法5,12,0.1412,14.12
432fd26823e230070734,Method_gj1NLb4Jn7URf9K2kQPd,方法1,50,0.2252,22.52
432fd26823e230070734,Method_Cj9Ya2R7fZd6xs1q5mNQ,方法2,46,0.2072,20.72
432fd26823e230070734,Method_BXr9AIsPQhwNvyGdZL57,方法3,44,0.1982,19.82
432fd26823e230070734,Method_5Q4KoXthUuYz3bvrTDFm,方法4,43,0.1937,19.37
432fd26823e230070734,Method_m8vwGkEZc3TSW2xqYUoR,方法5,39,0.1757,17.57
f4e46ba446c56e56259b,Method_m8vwGkEZc3TSW2xqYUoR,方法1,28,0.2414,24.14
f4e46ba446c56e56259b,Method_Cj9Ya2R7fZd6xs1q5mNQ,方法2,27,0.2328,23.28
f4e46ba446c56e56259b,Method_5Q4KoXthUuYz3bvrTDFm,方法3,24,0.2069,20.69
f4e46ba446c56e56259b,Method_gj1NLb4Jn7URf9K2kQPd,方法4,22,0.1897,18.97
f4e46ba446c56e56259b,Method_BXr9AIsPQhwNvyGdZL57,方法5,15,0.1293,12.93
8fb30cb5c7ad360c995f,Method_5Q4KoXthUuYz3bvrTDFm,方法1,75,0.2757,27.57
8fb30cb5c7ad360c995f,Method_gj1NLb4Jn7URf9K2kQPd,方法2,51,0.1875,18.75
8fb30cb5c7ad360c995f,Method_BXr9AIsPQhwNvyGdZL57,方法3,50,0.1838,18.38
8fb30cb5c7ad360c995f,Method_Cj9Ya2R7fZd6xs1q5mNQ,方法4,49,0.1801,18.01
8fb30cb5c7ad360c995f,Method_m8vwGkEZc3TSW2xqYUoR,方法5,47,0.1728,17.28
cb8c2285066597e012c6,Method_gj1NLb4Jn7URf9K2kQPd,方法1,21,0.2333,23.33
cb8c2285066597e012c6,Method_BXr9AIsPQhwNvyGdZL57,方法2,18,0.2,20.0
cb8c2285066597e012c6,Method_m8vwGkEZc3TSW2xqYUoR,方法3,18,0.2,20.0
cb8c2285066597e012c6,Method_Cj9Ya2R7fZd6xs1q5mNQ,方法4,18,0.2,20.0
cb8c2285066597e012c6,Method_5Q4KoXthUuYz3bvrTDFm,方法5,15,0.1667,16.67
a55511198784610bf30b,Method_5Q4KoXthUuYz3bvrTDFm,方法1,29,0.232,23.2
a55511198784610bf30b,Method_gj1NLb4Jn7URf9K2kQPd,方法2,29,0.232,23.2
a55511198784610bf30b,Method_Cj9Ya2R7fZd6xs1q5mNQ,方法3,24,0.192,19.2
a55511198784610bf30b,Method_BXr9AIsPQhwNvyGdZL57,方法4,24,0.192,19.2
a55511198784610bf30b,Method_m8vwGkEZc3TSW2xqYUoR,方法5,19,0.152,15.2
c5b9961e65ffa73d971e,Method_m8vwGkEZc3TSW2xqYUoR,方法1,35,0.2273,22.73
c5b9961e65ffa73d971e,Method_BXr9AIsPQhwNvyGdZL57,方法2,32,0.2078,20.78
c5b9961e65ffa73d971e,Method_gj1NLb4Jn7URf9K2kQPd,方法3,30,0.1948,19.48
c5b9961e65ffa73d971e,Method_5Q4KoXthUuYz3bvrTDFm,方法4,30,0.1948,19.48
c5b9961e65ffa73d971e,Method_Cj9Ya2R7fZd6xs1q5mNQ,方法5,27,0.1753,17.53
5b5ef66e547d63806a56,Method_BXr9AIsPQhwNvyGdZL57,方法1,48,0.2182,21.82
5b5ef66e547d63806a56,Method_m8vwGkEZc3TSW2xqYUoR,方法2,46,0.2091,20.91
5b5ef66e547d63806a56,Method_Cj9Ya2R7fZd6xs1q5mNQ,方法3,44,0.2,20.0
5b5ef66e547d63806a56,Method_gj1NLb4Jn7URf9K2kQPd,方法4,43,0.1955,19.55
5b5ef66e547d63806a56,Method_5Q4KoXthUuYz3bvrTDFm,方法5,39,0.1773,17.73
bafdbc62a48daf6840c9,Method_BXr9AIsPQhwNvyGdZL57,方法1,32,0.2302,23.02
bafdbc62a48daf6840c9,Method_m8vwGkEZc3TSW2xqYUoR,方法2,31,0.223,22.3
bafdbc62a48daf6840c9,Method_5Q4KoXthUuYz3bvrTDFm,方法3,31,0.223,22.3
bafdbc62a48daf6840c9,Method_gj1NLb4Jn7URf9K2kQPd,方法4,25,0.1799,17.99
bafdbc62a48daf6840c9,Method_Cj9Ya2R7fZd6xs1q5mNQ,方法5,20,0.1439,14.39
d3ba1fe030801d700cb6,Method_m8vwGkEZc3TSW2xqYUoR,方法1,30,0.2655,26.55
d3ba1fe030801d700cb6,Method_BXr9AIsPQhwNvyGdZL57,方法2,26,0.2301,23.01
d3ba1fe030801d700cb6,Method_Cj9Ya2R7fZd6xs1q5mNQ,方法3,19,0.1681,16.81
d3ba1fe030801d700cb6,Method_5Q4KoXthUuYz3bvrTDFm,方法4,19,0.1681,16.81
d3ba1fe030801d700cb6,Method_gj1NLb4Jn7URf9K2kQPd,方法5,19,0.1681,16.81
3f55d44d7572d52b2987,Method_gj1NLb4Jn7URf9K2kQPd,方法1,24,0.2791,27.91
3f55d44d7572d52b2987,Method_5Q4KoXthUuYz3bvrTDFm,方法2,22,0.2558,25.58
3f55d44d7572d52b2987,Method_m8vwGkEZc3TSW2xqYUoR,方法3,20,0.2326,23.26
3f55d44d7572d52b2987,Method_Cj9Ya2R7fZd6xs1q5mNQ,方法4,11,0.1279,12.79
3f55d44d7572d52b2987,Method_BXr9AIsPQhwNvyGdZL57,方法5,9,0.1047,10.47
d27565678ffa4a9bfa85,Method_gj1NLb4Jn7URf9K2kQPd,方法1,21,0.2308,23.08
d27565678ffa4a9bfa85,Method_Cj9Ya2R7fZd6xs1q5mNQ,方法2,20,0.2198,21.98
d27565678ffa4a9bfa85,Method_5Q4KoXthUuYz3bvrTDFm,方法3,19,0.2088,20.88
d27565678ffa4a9bfa85,Method_m8vwGkEZc3TSW2xqYUoR,方法4,19,0.2088,20.88
d27565678ffa4a9bfa85,Method_BXr9AIsPQhwNvyGdZL57,方法5,12,0.1319,13.19
efb9fe363bdeb9f48d69,Method_gj1NLb4Jn7URf9K2kQPd,方法1,21,0.2471,24.71
efb9fe363bdeb9f48d69,Method_Cj9Ya2R7fZd6xs1q5mNQ,方法2,19,0.2235,22.35
efb9fe363bdeb9f48d69,Method_5Q4KoXthUuYz3bvrTDFm,方法3,16,0.1882,18.82
efb9fe363bdeb9f48d69,Method_m8vwGkEZc3TSW2xqYUoR,方法4,15,0.1765,17.65
efb9fe363bdeb9f48d69,Method_BXr9AIsPQhwNvyGdZL57,方法5,14,0.1647,16.47
28719a42e0cbf4991b7f,Method_gj1NLb4Jn7URf9K2kQPd,方法1,31,0.287,28.7
28719a42e0cbf4991b7f,Method_Cj9Ya2R7fZd6xs1q5mNQ,方法2,26,0.2407,24.07
28719a42e0cbf4991b7f,Method_BXr9AIsPQhwNvyGdZL57,方法3,22,0.2037,20.37
28719a42e0cbf4991b7f,Method_m8vwGkEZc3TSW2xqYUoR,方法4,17,0.1574,15.74
28719a42e0cbf4991b7f,Method_5Q4KoXthUuYz3bvrTDFm,方法5,12,0.1111,11.11
62156eada978f707f5d2,Method_5Q4KoXthUuYz3bvrTDFm,方法1,22,0.2683,26.83
62156eada978f707f5d2,Method_m8vwGkEZc3TSW2xqYUoR,方法2,16,0.1951,19.51
62156eada978f707f5d2,Method_Cj9Ya2R7fZd6xs1q5mNQ,方法3,16,0.1951,19.51
62156eada978f707f5d2,Method_gj1NLb4Jn7URf9K2kQPd,方法4,15,0.1829,18.29
62156eada978f707f5d2,Method_BXr9AIsPQhwNvyGdZL57,方法5,13,0.1585,15.85
46a7a18ca160c829a15f,Method_m8vwGkEZc3TSW2xqYUoR,方法1,49,0.2248,22.48
46a7a18ca160c829a15f,Method_5Q4KoXthUuYz3bvrTDFm,方法2,47,0.2156,21.56
46a7a18ca160c829a15f,Method_Cj9Ya2R7fZd6xs1q5mNQ,方法3,44,0.2018,20.18
46a7a18ca160c829a15f,Method_BXr9AIsPQhwNvyGdZL57,方法4,40,0.1835,18.35
46a7a18ca160c829a15f,Method_gj1NLb4Jn7URf9K2kQPd,方法5,38,0.1743,17.43
57c33a6126c456c5ada8,Method_BXr9AIsPQhwNvyGdZL57,方法1,19,0.2468,24.68
57c33a6126c456c5ada8,Method_gj1NLb4Jn7URf9K2kQPd,方法2,17,0.2208,22.08
57c33a6126c456c5ada8,Method_5Q4KoXthUuYz3bvrTDFm,方法3,16,0.2078,20.78
57c33a6126c456c5ada8,Method_m8vwGkEZc3TSW2xqYUoR,方法4,13,0.1688,16.88
57c33a6126c456c5ada8,Method_Cj9Ya2R7fZd6xs1q5mNQ,方法5,12,0.1558,15.58
951eea03695f436017d3,Method_gj1NLb4Jn7URf9K2kQPd,方法1,16,0.2388,23.88
951eea03695f436017d3,Method_m8vwGkEZc3TSW2xqYUoR,方法2,15,0.2239,22.39
951eea03695f436017d3,Method_5Q4KoXthUuYz3bvrTDFm,方法3,14,0.209,20.9
951eea03695f436017d3,Method_BXr9AIsPQhwNvyGdZL57,方法4,12,0.1791,17.91
951eea03695f436017d3,Method_Cj9Ya2R7fZd6xs1q5mNQ,方法5,10,0.1493,14.93
098b2c66cbc1ed736e14,Method_BXr9AIsPQhwNvyGdZL57,方法1,26,0.2364,23.64
098b2c66cbc1ed736e14,Method_m8vwGkEZc3TSW2xqYUoR,方法2,23,0.2091,20.91
098b2c66cbc1ed736e14,Method_gj1NLb4Jn7URf9K2kQPd,方法3,21,0.1909,19.09
098b2c66cbc1ed736e14,Method_Cj9Ya2R7fZd6xs1q5mNQ,方法4,21,0.1909,19.09
098b2c66cbc1ed736e14,Method_5Q4KoXthUuYz3bvrTDFm,方法5,19,0.1727,17.27
33ddb1517601db520cd6,Method_Cj9Ya2R7fZd6xs1q5mNQ,方法1,24,0.2222,22.22
33ddb1517601db520cd6,Method_gj1NLb4Jn7URf9K2kQPd,方法2,23,0.213,21.3
33ddb1517601db520cd6,Method_5Q4KoXthUuYz3bvrTDFm,方法3,22,0.2037,20.37
33ddb1517601db520cd6,Method_BXr9AIsPQhwNvyGdZL57,方法4,22,0.2037,20.37
33ddb1517601db520cd6,Method_m8vwGkEZc3TSW2xqYUoR,方法5,17,0.1574,15.74
446d2ad0ca2908ffa4f9,Method_gj1NLb4Jn7URf9K2kQPd,方法1,13,0.2453,24.53
446d2ad0ca2908ffa4f9,Method_m8vwGkEZc3TSW2xqYUoR,方法2,12,0.2264,22.64
446d2ad0ca2908ffa4f9,Method_BXr9AIsPQhwNvyGdZL57,方法3,11,0.2075,20.75
446d2ad0ca2908ffa4f9,Method_Cj9Ya2R7fZd6xs1q5mNQ,方法4,10,0.1887,18.87
446d2ad0ca2908ffa4f9,Method_5Q4KoXthUuYz3bvrTDFm,方法5,7,0.1321,13.21
ae2e4cb7985c4ac71795,Method_5Q4KoXthUuYz3bvrTDFm,方法1,23,0.2371,23.71
ae2e4cb7985c4ac71795,Method_m8vwGkEZc3TSW2xqYUoR,方法2,21,0.2165,21.65
ae2e4cb7985c4ac71795,Method_gj1NLb4Jn7URf9K2kQPd,方法3,19,0.1959,19.59
ae2e4cb7985c4ac71795,Method_BXr9AIsPQhwNvyGdZL57,方法4,17,0.1753,17.53
ae2e4cb7985c4ac71795,Method_Cj9Ya2R7fZd6xs1q5mNQ,方法5,17,0.1753,17.53
1b0baf552d2cd47ee10b,Method_gj1NLb4Jn7URf9K2kQPd,方法1,16,0.2857,28.57
1b0baf552d2cd47ee10b,Method_Cj9Ya2R7fZd6xs1q5mNQ,方法2,15,0.2679,26.79
1b0baf552d2cd47ee10b,Method_BXr9AIsPQhwNvyGdZL57,方法3,9,0.1607,16.07
1b0baf552d2cd47ee10b,Method_m8vwGkEZc3TSW2xqYUoR,方法4,9,0.1607,16.07
1b0baf552d2cd47ee10b,Method_5Q4KoXthUuYz3bvrTDFm,方法5,7,0.125,12.5
e86f896d71d48d87464d,Method_m8vwGkEZc3TSW2xqYUoR,方法1,9,0.2432,24.32
e86f896d71d48d87464d,Method_gj1NLb4Jn7URf9K2kQPd,方法2,8,0.2162,21.62
e86f896d71d48d87464d,Method_5Q4KoXthUuYz3bvrTDFm,方法3,8,0.2162,21.62
e86f896d71d48d87464d,Method_Cj9Ya2R7fZd6xs1q5mNQ,方法4,8,0.2162,21.62
e86f896d71d48d87464d,Method_BXr9AIsPQhwNvyGdZL57,方法5,4,0.1081,10.81
62a877b83219f7974fd0,Method_BXr9AIsPQhwNvyGdZL57,方法1,13,0.2549,25.49
62a877b83219f7974fd0,Method_Cj9Ya2R7fZd6xs1q5mNQ,方法2,13,0.2549,25.49
62a877b83219f7974fd0,Method_gj1NLb4Jn7URf9K2kQPd,方法3,9,0.1765,17.65
62a877b83219f7974fd0,Method_m8vwGkEZc3TSW2xqYUoR,方法4,9,0.1765,17.65
62a877b83219f7974fd0,Method_5Q4KoXthUuYz3bvrTDFm,方法5,7,0.1373,13.73
7a600fb7e3750998e7ae,Method_5Q4KoXthUuYz3bvrTDFm,方法1,19,0.2436,24.36
7a600fb7e3750998e7ae,Method_Cj9Ya2R7fZd6xs1q5mNQ,方法2,18,0.2308,23.08
7a600fb7e3750998e7ae,Method_gj1NLb4Jn7URf9K2kQPd,方法3,18,0.2308,23.08
7a600fb7e3750998e7ae,Method_BXr9AIsPQhwNvyGdZL57,方法4,12,0.1538,15.38
7a600fb7e3750998e7ae,Method_m8vwGkEZc3TSW2xqYUoR,方法5,11,0.141,14.1
c9c9f0b7606030f2aade,Method_5Q4KoXthUuYz3bvrTDFm,方法1,9,0.2368,23.68
c9c9f0b7606030f2aade,Method_gj1NLb4Jn7URf9K2kQPd,方法2,9,0.2368,23.68
c9c9f0b7606030f2aade,Method_Cj9Ya2R7fZd6xs1q5mNQ,方法3,8,0.2105,21.05
c9c9f0b7606030f2aade,Method_BXr9AIsPQhwNvyGdZL57,方法4,7,0.1842,18.42
c9c9f0b7606030f2aade,Method_m8vwGkEZc3TSW2xqYUoR,方法5,5,0.1316,13.16
52f4899e918b57df28da,Method_m8vwGkEZc3TSW2xqYUoR,方法1,16,0.2254,22.54
52f4899e918b57df28da,Method_5Q4KoXthUuYz3bvrTDFm,方法2,16,0.2254,22.54
52f4899e918b57df28da,Method_BXr9AIsPQhwNvyGdZL57,方法3,15,0.2113,21.13
52f4899e918b57df28da,Method_gj1NLb4Jn7URf9K2kQPd,方法4,14,0.1972,19.72
52f4899e918b57df28da,Method_Cj9Ya2R7fZd6xs1q5mNQ,方法5,10,0.1408,14.08
d235a2c32940b970ab7c,Method_5Q4KoXthUuYz3bvrTDFm,方法1,14,0.3111,31.11
d235a2c32940b970ab7c,Method_Cj9Ya2R7fZd6xs1q5mNQ,方法2,10,0.2222,22.22
d235a2c32940b970ab7c,Method_m8vwGkEZc3TSW2xqYUoR,方法3,10,0.2222,22.22
d235a2c32940b970ab7c,Method_gj1NLb4Jn7URf9K2kQPd,方法4,6,0.1333,13.33
d235a2c32940b970ab7c,Method_BXr9AIsPQhwNvyGdZL57,方法5,5,0.1111,11.11
8242b99ad9d6609fd19c,Method_gj1NLb4Jn7URf9K2kQPd,方法1,16,0.2462,24.62
8242b99ad9d6609fd19c,Method_m8vwGkEZc3TSW2xqYUoR,方法2,16,0.2462,24.62
8242b99ad9d6609fd19c,Method_5Q4KoXthUuYz3bvrTDFm,方法3,13,0.2,20.0
8242b99ad9d6609fd19c,Method_Cj9Ya2R7fZd6xs1q5mNQ,方法4,10,0.1538,15.38
8242b99ad9d6609fd19c,Method_BXr9AIsPQhwNvyGdZL57,方法5,10,0.1538,15.38
8d93485dc6a4b2a9f03f,Method_BXr9AIsPQhwNvyGdZL57,方法1,18,0.2687,26.87
8d93485dc6a4b2a9f03f,Method_Cj9Ya2R7fZd6xs1q5mNQ,方法2,17,0.2537,25.37
8d93485dc6a4b2a9f03f,Method_m8vwGkEZc3TSW2xqYUoR,方法3,13,0.194,19.4
8d93485dc6a4b2a9f03f,Method_5Q4KoXthUuYz3bvrTDFm,方法4,11,0.1642,16.42
8d93485dc6a4b2a9f03f,Method_gj1NLb4Jn7URf9K2kQPd,方法5,8,0.1194,11.94
a108f1103f798c85d061,Method_BXr9AIsPQhwNvyGdZL57,方法1,11,0.25,25.0
a108f1103f798c85d061,Method_Cj9Ya2R7fZd6xs1q5mNQ,方法2,9,0.2045,20.45
a108f1103f798c85d061,Method_5Q4KoXthUuYz3bvrTDFm,方法3,9,0.2045,20.45
a108f1103f798c85d061,Method_gj1NLb4Jn7URf9K2kQPd,方法4,8,0.1818,18.18
a108f1103f798c85d061,Method_m8vwGkEZc3TSW2xqYUoR,方法5,7,0.1591,15.91
52d965ebf3ec0518bc0f,Method_5Q4KoXthUuYz3bvrTDFm,方法1,21,0.2593,25.93
52d965ebf3ec0518bc0f,Method_m8vwGkEZc3TSW2xqYUoR,方法2,18,0.2222,22.22
52d965ebf3ec0518bc0f,Method_Cj9Ya2R7fZd6xs1q5mNQ,方法3,16,0.1975,19.75
52d965ebf3ec0518bc0f,Method_gj1NLb4Jn7URf9K2kQPd,方法4,13,0.1605,16.05
52d965ebf3ec0518bc0f,Method_BXr9AIsPQhwNvyGdZL57,方法5,13,0.1605,16.05
23dd64a1d2e4965198bf,Method_BXr9AIsPQhwNvyGdZL57,方法1,22,0.2588,25.88
23dd64a1d2e4965198bf,Method_Cj9Ya2R7fZd6xs1q5mNQ,方法2,19,0.2235,22.35
23dd64a1d2e4965198bf,Method_m8vwGkEZc3TSW2xqYUoR,方法3,15,0.1765,17.65
23dd64a1d2e4965198bf,Method_5Q4KoXthUuYz3bvrTDFm,方法4,15,0.1765,17.65
23dd64a1d2e4965198bf,Method_gj1NLb4Jn7URf9K2kQPd,方法5,14,0.1647,16.47
f9ef2830cd485d038b53,Method_BXr9AIsPQhwNvyGdZL57,方法1,8,0.2667,26.67
f9ef2830cd485d038b53,Method_5Q4KoXthUuYz3bvrTDFm,方法2,7,0.2333,23.33
f9ef2830cd485d038b53,Method_m8vwGkEZc3TSW2xqYUoR,方法3,7,0.2333,23.33
f9ef2830cd485d038b53,Method_gj1NLb4Jn7URf9K2kQPd,方法4,4,0.1333,13.33
f9ef2830cd485d038b53,Method_Cj9Ya2R7fZd6xs1q5mNQ,方法5,4,0.1333,13.33
e3b920878572dbcf8c9e,Method_Cj9Ya2R7fZd6xs1q5mNQ,方法1,9,0.2368,23.68
e3b920878572dbcf8c9e,Method_gj1NLb4Jn7URf9K2kQPd,方法2,9,0.2368,23.68
e3b920878572dbcf8c9e,Method_BXr9AIsPQhwNvyGdZL57,方法3,7,0.1842,18.42
e3b920878572dbcf8c9e,Method_m8vwGkEZc3TSW2xqYUoR,方法4,7,0.1842,18.42
e3b920878572dbcf8c9e,Method_5Q4KoXthUuYz3bvrTDFm,方法5,6,0.1579,15.79
93iq4xjhvlc8072fsfet,Method_gj1NLb4Jn7URf9K2kQPd,方法1,25,0.2358,23.58
93iq4xjhvlc8072fsfet,Method_Cj9Ya2R7fZd6xs1q5mNQ,方法2,23,0.217,21.7
93iq4xjhvlc8072fsfet,Method_BXr9AIsPQhwNvyGdZL57,方法3,21,0.1981,19.81
93iq4xjhvlc8072fsfet,Method_5Q4KoXthUuYz3bvrTDFm,方法4,21,0.1981,19.81
93iq4xjhvlc8072fsfet,Method_m8vwGkEZc3TSW2xqYUoR,方法5,16,0.1509,15.09
nl4vt11ikn4we06zu0zj,Method_5Q4KoXthUuYz3bvrTDFm,方法1,27,0.2288,22.88
nl4vt11ikn4we06zu0zj,Method_Cj9Ya2R7fZd6xs1q5mNQ,方法2,27,0.2288,22.88
nl4vt11ikn4we06zu0zj,Method_m8vwGkEZc3TSW2xqYUoR,方法3,24,0.2034,20.34
nl4vt11ikn4we06zu0zj,Method_BXr9AIsPQhwNvyGdZL57,方法4,24,0.2034,20.34
nl4vt11ikn4we06zu0zj,Method_gj1NLb4Jn7URf9K2kQPd,方法5,16,0.1356,13.56
cnqyqc90n3ixrlc3mri7,Method_m8vwGkEZc3TSW2xqYUoR,方法1,21,0.2234,22.34
cnqyqc90n3ixrlc3mri7,Method_Cj9Ya2R7fZd6xs1q5mNQ,方法2,21,0.2234,22.34
cnqyqc90n3ixrlc3mri7,Method_gj1NLb4Jn7URf9K2kQPd,方法3,20,0.2128,21.28
cnqyqc90n3ixrlc3mri7,Method_5Q4KoXthUuYz3bvrTDFm,方法4,19,0.2021,20.21
cnqyqc90n3ixrlc3mri7,Method_BXr9AIsPQhwNvyGdZL57,方法5,13,0.1383,13.83
yb4sqfrwu788fa6y4zeb,Method_BXr9AIsPQhwNvyGdZL57,方法1,27,0.314,31.4
yb4sqfrwu788fa6y4zeb,Method_Cj9Ya2R7fZd6xs1q5mNQ,方法2,20,0.2326,23.26
yb4sqfrwu788fa6y4zeb,Method_m8vwGkEZc3TSW2xqYUoR,方法3,13,0.1512,15.12
yb4sqfrwu788fa6y4zeb,Method_5Q4KoXthUuYz3bvrTDFm,方法4,13,0.1512,15.12
yb4sqfrwu788fa6y4zeb,Method_gj1NLb4Jn7URf9K2kQPd,方法5,13,0.1512,15.12
kpw433bcv21ksp1wgrux,Method_5Q4KoXthUuYz3bvrTDFm,方法1,28,0.2569,25.69
kpw433bcv21ksp1wgrux,Method_Cj9Ya2R7fZd6xs1q5mNQ,方法2,25,0.2294,22.94
kpw433bcv21ksp1wgrux,Method_BXr9AIsPQhwNvyGdZL57,方法3,24,0.2202,22.02
kpw433bcv21ksp1wgrux,Method_gj1NLb4Jn7URf9K2kQPd,方法4,16,0.1468,14.68
kpw433bcv21ksp1wgrux,Method_m8vwGkEZc3TSW2xqYUoR,方法5,16,0.1468,14.68
wxgj9kdmdrmullrthnso,Method_BXr9AIsPQhwNvyGdZL57,方法1,26,0.2407,24.07
wxgj9kdmdrmullrthnso,Method_gj1NLb4Jn7URf9K2kQPd,方法2,23,0.213,21.3
wxgj9kdmdrmullrthnso,Method_Cj9Ya2R7fZd6xs1q5mNQ,方法3,21,0.1944,19.44
wxgj9kdmdrmullrthnso,Method_m8vwGkEZc3TSW2xqYUoR,方法4,21,0.1944,19.44
wxgj9kdmdrmullrthnso,Method_5Q4KoXthUuYz3bvrTDFm,方法5,17,0.1574,15.74
bvz9hmtzknu45wvb0yaw,Method_Cj9Ya2R7fZd6xs1q5mNQ,方法1,27,0.2368,23.68
bvz9hmtzknu45wvb0yaw,Method_BXr9AIsPQhwNvyGdZL57,方法2,24,0.2105,21.05
bvz9hmtzknu45wvb0yaw,Method_m8vwGkEZc3TSW2xqYUoR,方法3,24,0.2105,21.05
bvz9hmtzknu45wvb0yaw,Method_5Q4KoXthUuYz3bvrTDFm,方法4,20,0.1754,17.54
bvz9hmtzknu45wvb0yaw,Method_gj1NLb4Jn7URf9K2kQPd,方法5,19,0.1667,16.67
1kvfwfp2hr5hjxjxzjqd,Method_Cj9Ya2R7fZd6xs1q5mNQ,方法1,28,0.2617,26.17
1kvfwfp2hr5hjxjxzjqd,Method_5Q4KoXthUuYz3bvrTDFm,方法2,25,0.2336,23.36
1kvfwfp2hr5hjxjxzjqd,Method_BXr9AIsPQhwNvyGdZL57,方法3,19,0.1776,17.76
1kvfwfp2hr5hjxjxzjqd,Method_m8vwGkEZc3TSW2xqYUoR,方法4,18,0.1682,16.82
1kvfwfp2hr5hjxjxzjqd,Method_gj1NLb4Jn7URf9K2kQPd,方法5,17,0.1589,15.89
m3y8jkkgflwqwcelrwzz,Method_m8vwGkEZc3TSW2xqYUoR,方法1,25,0.2451,24.51
m3y8jkkgflwqwcelrwzz,Method_Cj9Ya2R7fZd6xs1q5mNQ,方法2,24,0.2353,23.53
m3y8jkkgflwqwcelrwzz,Method_5Q4KoXthUuYz3bvrTDFm,方法3,21,0.2059,20.59
m3y8jkkgflwqwcelrwzz,Method_BXr9AIsPQhwNvyGdZL57,方法4,18,0.1765,17.65
m3y8jkkgflwqwcelrwzz,Method_gj1NLb4Jn7URf9K2kQPd,方法5,14,0.1373,13.73
fov3pbwdqzvhgcjp7o9f,Method_gj1NLb4Jn7URf9K2kQPd,方法1,29,0.2417,24.17
fov3pbwdqzvhgcjp7o9f,Method_BXr9AIsPQhwNvyGdZL57,方法2,27,0.225,22.5
fov3pbwdqzvhgcjp7o9f,Method_Cj9Ya2R7fZd6xs1q5mNQ,方法3,26,0.2167,21.67
fov3pbwdqzvhgcjp7o9f,Method_5Q4KoXthUuYz3bvrTDFm,方法4,25,0.2083,20.83
fov3pbwdqzvhgcjp7o9f,Method_m8vwGkEZc3TSW2xqYUoR,方法5,13,0.1083,10.83
3iz4t53ooerb6sruxf3n,Method_gj1NLb4Jn7URf9K2kQPd,方法1,26,0.2453,24.53
3iz4t53ooerb6sruxf3n,Method_5Q4KoXthUuYz3bvrTDFm,方法2,24,0.2264,22.64
3iz4t53ooerb6sruxf3n,Method_Cj9Ya2R7fZd6xs1q5mNQ,方法3,21,0.1981,19.81
3iz4t53ooerb6sruxf3n,Method_m8vwGkEZc3TSW2xqYUoR,方法4,20,0.1887,18.87
3iz4t53ooerb6sruxf3n,Method_BXr9AIsPQhwNvyGdZL57,方法5,15,0.1415,14.15
8ajv97zyciosc57q0cng,Method_5Q4KoXthUuYz3bvrTDFm,方法1,26,0.2281,22.81
8ajv97zyciosc57q0cng,Method_gj1NLb4Jn7URf9K2kQPd,方法2,23,0.2018,20.18
8ajv97zyciosc57q0cng,Method_Cj9Ya2R7fZd6xs1q5mNQ,方法3,23,0.2018,20.18
8ajv97zyciosc57q0cng,Method_BXr9AIsPQhwNvyGdZL57,方法4,21,0.1842,18.42
8ajv97zyciosc57q0cng,Method_m8vwGkEZc3TSW2xqYUoR,方法5,21,0.1842,18.42
i8gdglua8vbd4ul9x09f,Method_m8vwGkEZc3TSW2xqYUoR,方法1,22,0.2095,20.95
i8gdglua8vbd4ul9x09f,Method_BXr9AIsPQhwNvyGdZL57,方法2,22,0.2095,20.95
i8gdglua8vbd4ul9x09f,Method_Cj9Ya2R7fZd6xs1q5mNQ,方法3,22,0.2095,20.95
i8gdglua8vbd4ul9x09f,Method_5Q4KoXthUuYz3bvrTDFm,方法4,21,0.2,20.0
i8gdglua8vbd4ul9x09f,Method_gj1NLb4Jn7URf9K2kQPd,方法5,18,0.1714,17.14
qd5cqu3du8n28xxtkftw,Method_gj1NLb4Jn7URf9K2kQPd,方法1,30,0.2362,23.62
qd5cqu3du8n28xxtkftw,Method_5Q4KoXthUuYz3bvrTDFm,方法2,28,0.2205,22.05
qd5cqu3du8n28xxtkftw,Method_BXr9AIsPQhwNvyGdZL57,方法3,28,0.2205,22.05
qd5cqu3du8n28xxtkftw,Method_Cj9Ya2R7fZd6xs1q5mNQ,方法4,24,0.189,18.9
qd5cqu3du8n28xxtkftw,Method_m8vwGkEZc3TSW2xqYUoR,方法5,17,0.1339,13.39
fvlb9xi66oze7eo3yhdh,Method_Cj9Ya2R7fZd6xs1q5mNQ,方法1,27,0.2213,22.13
fvlb9xi66oze7eo3yhdh,Method_5Q4KoXthUuYz3bvrTDFm,方法2,27,0.2213,22.13
fvlb9xi66oze7eo3yhdh,Method_gj1NLb4Jn7URf9K2kQPd,方法3,26,0.2131,21.31
fvlb9xi66oze7eo3yhdh,Method_BXr9AIsPQhwNvyGdZL57,方法4,25,0.2049,20.49
fvlb9xi66oze7eo3yhdh,Method_m8vwGkEZc3TSW2xqYUoR,方法5,17,0.1393,13.93
4fl8e5s0nf65bm2m34f0,Method_5Q4KoXthUuYz3bvrTDFm,方法1,29,0.2636,26.36
4fl8e5s0nf65bm2m34f0,Method_Cj9Ya2R7fZd6xs1q5mNQ,方法2,26,0.2364,23.64
4fl8e5s0nf65bm2m34f0,Method_m8vwGkEZc3TSW2xqYUoR,方法3,19,0.1727,17.27
4fl8e5s0nf65bm2m34f0,Method_BXr9AIsPQhwNvyGdZL57,方法4,18,0.1636,16.36
4fl8e5s0nf65bm2m34f0,Method_gj1NLb4Jn7URf9K2kQPd,方法5,18,0.1636,16.36
4glo109mkgy7azntyttp,Method_5Q4KoXthUuYz3bvrTDFm,方法1,29,0.2762,27.62
4glo109mkgy7azntyttp,Method_gj1NLb4Jn7URf9K2kQPd,方法2,26,0.2476,24.76
4glo109mkgy7azntyttp,Method_Cj9Ya2R7fZd6xs1q5mNQ,方法3,17,0.1619,16.19
4glo109mkgy7azntyttp,Method_BXr9AIsPQhwNvyGdZL57,方法4,17,0.1619,16.19
4glo109mkgy7azntyttp,Method_m8vwGkEZc3TSW2xqYUoR,方法5,16,0.1524,15.24
cunf3y04zq0f90dgy36j,Method_gj1NLb4Jn7URf9K2kQPd,方法1,25,0.2273,22.73
cunf3y04zq0f90dgy36j,Method_m8vwGkEZc3TSW2xqYUoR,方法2,24,0.2182,21.82
cunf3y04zq0f90dgy36j,Method_Cj9Ya2R7fZd6xs1q5mNQ,方法3,23,0.2091,20.91
cunf3y04zq0f90dgy36j,Method_5Q4KoXthUuYz3bvrTDFm,方法4,19,0.1727,17.27
cunf3y04zq0f90dgy36j,Method_BXr9AIsPQhwNvyGdZL57,方法5,19,0.1727,17.27
wbdvbdebq64ujpi9u7mn,Method_5Q4KoXthUuYz3bvrTDFm,方法1,26,0.2574,25.74
wbdvbdebq64ujpi9u7mn,Method_BXr9AIsPQhwNvyGdZL57,方法2,24,0.2376,23.76
wbdvbdebq64ujpi9u7mn,Method_m8vwGkEZc3TSW2xqYUoR,方法3,22,0.2178,21.78
wbdvbdebq64ujpi9u7mn,Method_gj1NLb4Jn7URf9K2kQPd,方法4,15,0.1485,14.85
wbdvbdebq64ujpi9u7mn,Method_Cj9Ya2R7fZd6xs1q5mNQ,方法5,14,0.1386,13.86
0gfiioqi5g8djhh1wzol,Method_gj1NLb4Jn7URf9K2kQPd,方法1,29,0.2736,27.36
0gfiioqi5g8djhh1wzol,Method_5Q4KoXthUuYz3bvrTDFm,方法2,24,0.2264,22.64
0gfiioqi5g8djhh1wzol,Method_Cj9Ya2R7fZd6xs1q5mNQ,方法3,21,0.1981,19.81
0gfiioqi5g8djhh1wzol,Method_m8vwGkEZc3TSW2xqYUoR,方法4,21,0.1981,19.81
0gfiioqi5g8djhh1wzol,Method_BXr9AIsPQhwNvyGdZL57,方法5,11,0.1038,10.38
fb735wd248crm37cgmgw,Method_Cj9Ya2R7fZd6xs1q5mNQ,方法1,24,0.2553,25.53
fb735wd248crm37cgmgw,Method_BXr9AIsPQhwNvyGdZL57,方法2,20,0.2128,21.28
fb735wd248crm37cgmgw,Method_gj1NLb4Jn7URf9K2kQPd,方法3,18,0.1915,19.15
fb735wd248crm37cgmgw,Method_m8vwGkEZc3TSW2xqYUoR,方法4,17,0.1809,18.09
fb735wd248crm37cgmgw,Method_5Q4KoXthUuYz3bvrTDFm,方法5,15,0.1596,15.96
zon2ut7eqwqd7i86etaw,Method_Cj9Ya2R7fZd6xs1q5mNQ,方法1,28,0.2642,26.42
zon2ut7eqwqd7i86etaw,Method_5Q4KoXthUuYz3bvrTDFm,方法2,21,0.1981,19.81
zon2ut7eqwqd7i86etaw,Method_gj1NLb4Jn7URf9K2kQPd,方法3,21,0.1981,19.81
zon2ut7eqwqd7i86etaw,Method_BXr9AIsPQhwNvyGdZL57,方法4,21,0.1981,19.81
zon2ut7eqwqd7i86etaw,Method_m8vwGkEZc3TSW2xqYUoR,方法5,15,0.1415,14.15
1hrtipd0awjpggdje5e2,Method_Cj9Ya2R7fZd6xs1q5mNQ,方法1,29,0.2636,26.36
1hrtipd0awjpggdje5e2,Method_5Q4KoXthUuYz3bvrTDFm,方法2,26,0.2364,23.64
1hrtipd0awjpggdje5e2,Method_gj1NLb4Jn7URf9K2kQPd,方法3,19,0.1727,17.27
1hrtipd0awjpggdje5e2,Method_BXr9AIsPQhwNvyGdZL57,方法4,19,0.1727,17.27
1hrtipd0awjpggdje5e2,Method_m8vwGkEZc3TSW2xqYUoR,方法5,17,0.1545,15.45
hcm6w0jxnfqhkpm745cu,Method_Cj9Ya2R7fZd6xs1q5mNQ,方法1,27,0.2389,23.89
hcm6w0jxnfqhkpm745cu,Method_BXr9AIsPQhwNvyGdZL57,方法2,26,0.2301,23.01
hcm6w0jxnfqhkpm745cu,Method_5Q4KoXthUuYz3bvrTDFm,方法3,23,0.2035,20.35
hcm6w0jxnfqhkpm745cu,Method_gj1NLb4Jn7URf9K2kQPd,方法4,23,0.2035,20.35
hcm6w0jxnfqhkpm745cu,Method_m8vwGkEZc3TSW2xqYUoR,方法5,14,0.1239,12.39
z0ti2nr5nh9fpad7wntt,Method_Cj9Ya2R7fZd6xs1q5mNQ,方法1,24,0.2637,26.37
z0ti2nr5nh9fpad7wntt,Method_m8vwGkEZc3TSW2xqYUoR,方法2,19,0.2088,20.88
z0ti2nr5nh9fpad7wntt,Method_gj1NLb4Jn7URf9K2kQPd,方法3,18,0.1978,19.78
z0ti2nr5nh9fpad7wntt,Method_BXr9AIsPQhwNvyGdZL57,方法4,16,0.1758,17.58
z0ti2nr5nh9fpad7wntt,Method_5Q4KoXthUuYz3bvrTDFm,方法5,14,0.1538,15.38
44x159fl0pw2uucriuga,Method_BXr9AIsPQhwNvyGdZL57,方法1,28,0.2435,24.35
44x159fl0pw2uucriuga,Method_Cj9Ya2R7fZd6xs1q5mNQ,方法2,24,0.2087,20.87
44x159fl0pw2uucriuga,Method_m8vwGkEZc3TSW2xqYUoR,方法3,24,0.2087,20.87
44x159fl0pw2uucriuga,Method_gj1NLb4Jn7URf9K2kQPd,方法4,23,0.2,20.0
44x159fl0pw2uucriuga,Method_5Q4KoXthUuYz3bvrTDFm,方法5,16,0.1391,13.91
7c2qxvccum7f93e8ohgt,Method_5Q4KoXthUuYz3bvrTDFm,方法1,33,0.287,28.7
7c2qxvccum7f93e8ohgt,Method_gj1NLb4Jn7URf9K2kQPd,方法2,28,0.2435,24.35
7c2qxvccum7f93e8ohgt,Method_BXr9AIsPQhwNvyGdZL57,方法3,19,0.1652,16.52
7c2qxvccum7f93e8ohgt,Method_Cj9Ya2R7fZd6xs1q5mNQ,方法4,18,0.1565,15.65
7c2qxvccum7f93e8ohgt,Method_m8vwGkEZc3TSW2xqYUoR,方法5,17,0.1478,14.78
d6qgzp196pwnzk7agyn6,Method_5Q4KoXthUuYz3bvrTDFm,方法1,35,0.2893,28.93
d6qgzp196pwnzk7agyn6,Method_gj1NLb4Jn7URf9K2kQPd,方法2,26,0.2149,21.49
d6qgzp196pwnzk7agyn6,Method_BXr9AIsPQhwNvyGdZL57,方法3,25,0.2066,20.66
d6qgzp196pwnzk7agyn6,Method_m8vwGkEZc3TSW2xqYUoR,方法4,19,0.157,15.7
d6qgzp196pwnzk7agyn6,Method_Cj9Ya2R7fZd6xs1q5mNQ,方法5,16,0.1322,13.22
alj4azvv1eqg1cyr3ae3,Method_5Q4KoXthUuYz3bvrTDFm,方法1,23,0.2421,24.21
alj4azvv1eqg1cyr3ae3,Method_BXr9AIsPQhwNvyGdZL57,方法2,21,0.2211,22.11
alj4azvv1eqg1cyr3ae3,Method_gj1NLb4Jn7URf9K2kQPd,方法3,19,0.2,20.0
alj4azvv1eqg1cyr3ae3,Method_m8vwGkEZc3TSW2xqYUoR,方法4,17,0.1789,17.89
alj4azvv1eqg1cyr3ae3,Method_Cj9Ya2R7fZd6xs1q5mNQ,方法5,15,0.1579,15.79
vqz1prz6hwnqepxsieip,Method_gj1NLb4Jn7URf9K2kQPd,方法1,27,0.2571,25.71
vqz1prz6hwnqepxsieip,Method_5Q4KoXthUuYz3bvrTDFm,方法2,26,0.2476,24.76
vqz1prz6hwnqepxsieip,Method_Cj9Ya2R7fZd6xs1q5mNQ,方法3,20,0.1905,19.05
vqz1prz6hwnqepxsieip,Method_BXr9AIsPQhwNvyGdZL57,方法4,19,0.181,18.1
vqz1prz6hwnqepxsieip,Method_m8vwGkEZc3TSW2xqYUoR,方法5,13,0.1238,12.38
4xh67ezjc331pg9q3kfv,Method_m8vwGkEZc3TSW2xqYUoR,方法1,29,0.2636,26.36
4xh67ezjc331pg9q3kfv,Method_5Q4KoXthUuYz3bvrTDFm,方法2,22,0.2,20.0
4xh67ezjc331pg9q3kfv,Method_Cj9Ya2R7fZd6xs1q5mNQ,方法3,20,0.1818,18.18
4xh67ezjc331pg9q3kfv,Method_gj1NLb4Jn7URf9K2kQPd,方法4,20,0.1818,18.18
4xh67ezjc331pg9q3kfv,Method_BXr9AIsPQhwNvyGdZL57,方法5,19,0.1727,17.27
t8a5fgt3wo8w18amulu3,Method_gj1NLb4Jn7URf9K2kQPd,方法1,20,0.2326,23.26
t8a5fgt3wo8w18amulu3,Method_5Q4KoXthUuYz3bvrTDFm,方法2,19,0.2209,22.09
t8a5fgt3wo8w18amulu3,Method_m8vwGkEZc3TSW2xqYUoR,方法3,18,0.2093,20.93
t8a5fgt3wo8w18amulu3,Method_BXr9AIsPQhwNvyGdZL57,方法4,17,0.1977,19.77
t8a5fgt3wo8w18amulu3,Method_Cj9Ya2R7fZd6xs1q5mNQ,方法5,12,0.1395,13.95
7r0ywonplo8up7m35eav,Method_gj1NLb4Jn7URf9K2kQPd,方法1,29,0.2788,27.88
7r0ywonplo8up7m35eav,Method_Cj9Ya2R7fZd6xs1q5mNQ,方法2,21,0.2019,20.19
7r0ywonplo8up7m35eav,Method_m8vwGkEZc3TSW2xqYUoR,方法3,19,0.1827,18.27
7r0ywonplo8up7m35eav,Method_BXr9AIsPQhwNvyGdZL57,方法4,19,0.1827,18.27
7r0ywonplo8up7m35eav,Method_5Q4KoXthUuYz3bvrTDFm,方法5,16,0.1538,15.38
no0afrue2n6m8hcnuek1,Method_Cj9Ya2R7fZd6xs1q5mNQ,方法1,37,0.2741,27.41
no0afrue2n6m8hcnuek1,Method_gj1NLb4Jn7URf9K2kQPd,方法2,30,0.2222,22.22
no0afrue2n6m8hcnuek1,Method_5Q4KoXthUuYz3bvrTDFm,方法3,28,0.2074,20.74
no0afrue2n6m8hcnuek1,Method_BXr9AIsPQhwNvyGdZL57,方法4,22,0.163,16.3
no0afrue2n6m8hcnuek1,Method_m8vwGkEZc3TSW2xqYUoR,方法5,18,0.1333,13.33
ymb5gxf0fi27kpj2f101,Method_5Q4KoXthUuYz3bvrTDFm,方法1,20,0.2326,23.26
ymb5gxf0fi27kpj2f101,Method_m8vwGkEZc3TSW2xqYUoR,方法2,20,0.2326,23.26
ymb5gxf0fi27kpj2f101,Method_Cj9Ya2R7fZd6xs1q5mNQ,方法3,19,0.2209,22.09
ymb5gxf0fi27kpj2f101,Method_gj1NLb4Jn7URf9K2kQPd,方法4,14,0.1628,16.28
ymb5gxf0fi27kpj2f101,Method_BXr9AIsPQhwNvyGdZL57,方法5,13,0.1512,15.12
d93519b044de1fa037b0,Method_m8vwGkEZc3TSW2xqYUoR,方法1,13,0.26,26.0
d93519b044de1fa037b0,Method_Cj9Ya2R7fZd6xs1q5mNQ,方法2,11,0.22,22.0
d93519b044de1fa037b0,Method_gj1NLb4Jn7URf9K2kQPd,方法3,11,0.22,22.0
d93519b044de1fa037b0,Method_BXr9AIsPQhwNvyGdZL57,方法4,9,0.18,18.0
d93519b044de1fa037b0,Method_5Q4KoXthUuYz3bvrTDFm,方法5,6,0.12,12.0
afc99b4940e933922aca,Method_BXr9AIsPQhwNvyGdZL57,方法1,28,0.2523,25.23
afc99b4940e933922aca,Method_5Q4KoXthUuYz3bvrTDFm,方法2,24,0.2162,21.62
afc99b4940e933922aca,Method_gj1NLb4Jn7URf9K2kQPd,方法3,24,0.2162,21.62
afc99b4940e933922aca,Method_Cj9Ya2R7fZd6xs1q5mNQ,方法4,23,0.2072,20.72
afc99b4940e933922aca,Method_m8vwGkEZc3TSW2xqYUoR,方法5,12,0.1081,10.81
c5d83404b165578ef794,Method_m8vwGkEZc3TSW2xqYUoR,方法1,18,0.2535,25.35
c5d83404b165578ef794,Method_gj1NLb4Jn7URf9K2kQPd,方法2,15,0.2113,21.13
c5d83404b165578ef794,Method_5Q4KoXthUuYz3bvrTDFm,方法3,15,0.2113,21.13
c5d83404b165578ef794,Method_BXr9AIsPQhwNvyGdZL57,方法4,13,0.1831,18.31
c5d83404b165578ef794,Method_Cj9Ya2R7fZd6xs1q5mNQ,方法5,10,0.1408,14.08
dcd0562f8fb44933cb08,Method_5Q4KoXthUuYz3bvrTDFm,方法1,18,0.2857,28.57
dcd0562f8fb44933cb08,Method_m8vwGkEZc3TSW2xqYUoR,方法2,14,0.2222,22.22
dcd0562f8fb44933cb08,Method_BXr9AIsPQhwNvyGdZL57,方法3,13,0.2063,20.63
dcd0562f8fb44933cb08,Method_gj1NLb4Jn7URf9K2kQPd,方法4,10,0.1587,15.87
dcd0562f8fb44933cb08,Method_Cj9Ya2R7fZd6xs1q5mNQ,方法5,8,0.127,12.7
7694d71417c2f5202940,Method_gj1NLb4Jn7URf9K2kQPd,方法1,36,0.24,24.0
7694d71417c2f5202940,Method_BXr9AIsPQhwNvyGdZL57,方法2,32,0.2133,21.33
7694d71417c2f5202940,Method_5Q4KoXthUuYz3bvrTDFm,方法3,30,0.2,20.0
7694d71417c2f5202940,Method_m8vwGkEZc3TSW2xqYUoR,方法4,28,0.1867,18.67
7694d71417c2f5202940,Method_Cj9Ya2R7fZd6xs1q5mNQ,方法5,24,0.16,16.0
3ba42ec5350aacb0750a,Method_5Q4KoXthUuYz3bvrTDFm,方法1,55,0.2311,23.11
3ba42ec5350aacb0750a,Method_gj1NLb4Jn7URf9K2kQPd,方法2,52,0.2185,21.85
3ba42ec5350aacb0750a,Method_Cj9Ya2R7fZd6xs1q5mNQ,方法3,48,0.2017,20.17
3ba42ec5350aacb0750a,Method_BXr9AIsPQhwNvyGdZL57,方法4,42,0.1765,17.65
3ba42ec5350aacb0750a,Method_m8vwGkEZc3TSW2xqYUoR,方法5,41,0.1723,17.23
e9b6fa8a87469779d732,Method_m8vwGkEZc3TSW2xqYUoR,方法1,46,0.2875,28.75
e9b6fa8a87469779d732,Method_5Q4KoXthUuYz3bvrTDFm,方法2,31,0.1938,19.38
e9b6fa8a87469779d732,Method_gj1NLb4Jn7URf9K2kQPd,方法3,30,0.1875,18.75
e9b6fa8a87469779d732,Method_BXr9AIsPQhwNvyGdZL57,方法4,28,0.175,17.5
e9b6fa8a87469779d732,Method_Cj9Ya2R7fZd6xs1q5mNQ,方法5,25,0.1562,15.62
cafe5989da5dfed9f404,Method_5Q4KoXthUuYz3bvrTDFm,方法1,55,0.2236,22.36
cafe5989da5dfed9f404,Method_Cj9Ya2R7fZd6xs1q5mNQ,方法2,51,0.2073,20.73
cafe5989da5dfed9f404,Method_m8vwGkEZc3TSW2xqYUoR,方法3,49,0.1992,19.92
cafe5989da5dfed9f404,Method_BXr9AIsPQhwNvyGdZL57,方法4,47,0.1911,19.11
cafe5989da5dfed9f404,Method_gj1NLb4Jn7URf9K2kQPd,方法5,44,0.1789,17.89
d52b119f8da2a1812722,Method_5Q4KoXthUuYz3bvrTDFm,方法1,28,0.2314,23.14
d52b119f8da2a1812722,Method_Cj9Ya2R7fZd6xs1q5mNQ,方法2,25,0.2066,20.66
d52b119f8da2a1812722,Method_m8vwGkEZc3TSW2xqYUoR,方法3,24,0.1983,19.83
d52b119f8da2a1812722,Method_gj1NLb4Jn7URf9K2kQPd,方法4,23,0.1901,19.01
d52b119f8da2a1812722,Method_BXr9AIsPQhwNvyGdZL57,方法5,21,0.1736,17.36
11dae4659d30031a10dd,Method_BXr9AIsPQhwNvyGdZL57,方法1,35,0.2414,24.14
11dae4659d30031a10dd,Method_5Q4KoXthUuYz3bvrTDFm,方法2,32,0.2207,22.07
11dae4659d30031a10dd,Method_Cj9Ya2R7fZd6xs1q5mNQ,方法3,30,0.2069,20.69
11dae4659d30031a10dd,Method_m8vwGkEZc3TSW2xqYUoR,方法4,25,0.1724,17.24
11dae4659d30031a10dd,Method_gj1NLb4Jn7URf9K2kQPd,方法5,23,0.1586,15.86
ec4897070f2d3b6eab89,Method_m8vwGkEZc3TSW2xqYUoR,方法1,27,0.2842,28.42
ec4897070f2d3b6eab89,Method_5Q4KoXthUuYz3bvrTDFm,方法2,22,0.2316,23.16
ec4897070f2d3b6eab89,Method_Cj9Ya2R7fZd6xs1q5mNQ,方法3,17,0.1789,17.89
ec4897070f2d3b6eab89,Method_gj1NLb4Jn7URf9K2kQPd,方法4,15,0.1579,15.79
ec4897070f2d3b6eab89,Method_BXr9AIsPQhwNvyGdZL57,方法5,14,0.1474,14.74
a3a0e2129e405aef3d87,Method_5Q4KoXthUuYz3bvrTDFm,方法1,17,0.2576,25.76
a3a0e2129e405aef3d87,Method_gj1NLb4Jn7URf9K2kQPd,方法2,15,0.2273,22.73
a3a0e2129e405aef3d87,Method_m8vwGkEZc3TSW2xqYUoR,方法3,14,0.2121,21.21
a3a0e2129e405aef3d87,Method_BXr9AIsPQhwNvyGdZL57,方法4,10,0.1515,15.15
a3a0e2129e405aef3d87,Method_Cj9Ya2R7fZd6xs1q5mNQ,方法5,10,0.1515,15.15
a06fdb8743c4d4ef09fe,Method_m8vwGkEZc3TSW2xqYUoR,方法1,23,0.2738,27.38
a06fdb8743c4d4ef09fe,Method_BXr9AIsPQhwNvyGdZL57,方法2,18,0.2143,21.43
a06fdb8743c4d4ef09fe,Method_gj1NLb4Jn7URf9K2kQPd,方法3,15,0.1786,17.86
a06fdb8743c4d4ef09fe,Method_5Q4KoXthUuYz3bvrTDFm,方法4,14,0.1667,16.67
a06fdb8743c4d4ef09fe,Method_Cj9Ya2R7fZd6xs1q5mNQ,方法5,14,0.1667,16.67
3ff069e95a9047dbfa8b,Method_BXr9AIsPQhwNvyGdZL57,方法1,39,0.2179,21.79
3ff069e95a9047dbfa8b,Method_m8vwGkEZc3TSW2xqYUoR,方法2,38,0.2123,21.23
3ff069e95a9047dbfa8b,Method_gj1NLb4Jn7URf9K2kQPd,方法3,37,0.2067,20.67
3ff069e95a9047dbfa8b,Method_Cj9Ya2R7fZd6xs1q5mNQ,方法4,33,0.1844,18.44
3ff069e95a9047dbfa8b,Method_5Q4KoXthUuYz3bvrTDFm,方法5,32,0.1788,17.88
016226278e6a69e10aa4,Method_Cj9Ya2R7fZd6xs1q5mNQ,方法1,39,0.2191,21.91
016226278e6a69e10aa4,Method_gj1NLb4Jn7URf9K2kQPd,方法2,38,0.2135,21.35
016226278e6a69e10aa4,Method_BXr9AIsPQhwNvyGdZL57,方法3,35,0.1966,19.66
016226278e6a69e10aa4,Method_m8vwGkEZc3TSW2xqYUoR,方法4,33,0.1854,18.54
016226278e6a69e10aa4,Method_5Q4KoXthUuYz3bvrTDFm,方法5,33,0.1854,18.54
7c1d8516e6c2ab2d3030,Method_Cj9Ya2R7fZd6xs1q5mNQ,方法1,21,0.3,30.0
7c1d8516e6c2ab2d3030,Method_m8vwGkEZc3TSW2xqYUoR,方法2,15,0.2143,21.43
7c1d8516e6c2ab2d3030,Method_5Q4KoXthUuYz3bvrTDFm,方法3,13,0.1857,18.57
7c1d8516e6c2ab2d3030,Method_BXr9AIsPQhwNvyGdZL57,方法4,12,0.1714,17.14
7c1d8516e6c2ab2d3030,Method_gj1NLb4Jn7URf9K2kQPd,方法5,9,0.1286,12.86
453d43b3f6bdf467e672,Method_Cj9Ya2R7fZd6xs1q5mNQ,方法1,52,0.2407,24.07
453d43b3f6bdf467e672,Method_gj1NLb4Jn7URf9K2kQPd,方法2,47,0.2176,21.76
453d43b3f6bdf467e672,Method_5Q4KoXthUuYz3bvrTDFm,方法3,46,0.213,21.3
453d43b3f6bdf467e672,Method_BXr9AIsPQhwNvyGdZL57,方法4,36,0.1667,16.67
453d43b3f6bdf467e672,Method_m8vwGkEZc3TSW2xqYUoR,方法5,35,0.162,16.2
6fe309a58b787e7010eb,Method_BXr9AIsPQhwNvyGdZL57,方法1,48,0.2424,24.24
6fe309a58b787e7010eb,Method_m8vwGkEZc3TSW2xqYUoR,方法2,46,0.2323,23.23
6fe309a58b787e7010eb,Method_gj1NLb4Jn7URf9K2kQPd,方法3,38,0.1919,19.19
6fe309a58b787e7010eb,Method_5Q4KoXthUuYz3bvrTDFm,方法4,36,0.1818,18.18
6fe309a58b787e7010eb,Method_Cj9Ya2R7fZd6xs1q5mNQ,方法5,30,0.1515,15.15
d8ed5a1897987ffdeaed,Method_gj1NLb4Jn7URf9K2kQPd,方法1,30,0.2703,27.03
d8ed5a1897987ffdeaed,Method_5Q4KoXthUuYz3bvrTDFm,方法2,26,0.2342,23.42
d8ed5a1897987ffdeaed,Method_Cj9Ya2R7fZd6xs1q5mNQ,方法3,21,0.1892,18.92
d8ed5a1897987ffdeaed,Method_m8vwGkEZc3TSW2xqYUoR,方法4,19,0.1712,17.12
d8ed5a1897987ffdeaed,Method_BXr9AIsPQhwNvyGdZL57,方法5,15,0.1351,13.51
99a53846658ba3341de6,Method_BXr9AIsPQhwNvyGdZL57,方法1,23,0.2987,29.87
99a53846658ba3341de6,Method_Cj9Ya2R7fZd6xs1q5mNQ,方法2,21,0.2727,27.27
99a53846658ba3341de6,Method_gj1NLb4Jn7URf9K2kQPd,方法3,13,0.1688,16.88
99a53846658ba3341de6,Method_m8vwGkEZc3TSW2xqYUoR,方法4,11,0.1429,14.29
99a53846658ba3341de6,Method_5Q4KoXthUuYz3bvrTDFm,方法5,9,0.1169,11.69
3919286d3d8c4f4d339c,Method_m8vwGkEZc3TSW2xqYUoR,方法1,37,0.2701,27.01
3919286d3d8c4f4d339c,Method_BXr9AIsPQhwNvyGdZL57,方法2,28,0.2044,20.44
3919286d3d8c4f4d339c,Method_gj1NLb4Jn7URf9K2kQPd,方法3,26,0.1898,18.98
3919286d3d8c4f4d339c,Method_5Q4KoXthUuYz3bvrTDFm,方法4,24,0.1752,17.52
3919286d3d8c4f4d339c,Method_Cj9Ya2R7fZd6xs1q5mNQ,方法5,22,0.1606,16.06
4a6e1cf1e4e9d8f54717,Method_m8vwGkEZc3TSW2xqYUoR,方法1,13,0.2281,22.81
4a6e1cf1e4e9d8f54717,Method_Cj9Ya2R7fZd6xs1q5mNQ,方法2,13,0.2281,22.81
4a6e1cf1e4e9d8f54717,Method_5Q4KoXthUuYz3bvrTDFm,方法3,12,0.2105,21.05
4a6e1cf1e4e9d8f54717,Method_gj1NLb4Jn7URf9K2kQPd,方法4,10,0.1754,17.54
4a6e1cf1e4e9d8f54717,Method_BXr9AIsPQhwNvyGdZL57,方法5,9,0.1579,15.79
0fc996fff93c00ca5ced,Method_gj1NLb4Jn7URf9K2kQPd,方法1,67,0.2241,22.41
0fc996fff93c00ca5ced,Method_5Q4KoXthUuYz3bvrTDFm,方法2,60,0.2007,20.07
0fc996fff93c00ca5ced,Method_BXr9AIsPQhwNvyGdZL57,方法3,60,0.2007,20.07
0fc996fff93c00ca5ced,Method_m8vwGkEZc3TSW2xqYUoR,方法4,56,0.1873,18.73
0fc996fff93c00ca5ced,Method_Cj9Ya2R7fZd6xs1q5mNQ,方法5,56,0.1873,18.73
aa83cf5fc68c1dcb5038,Method_Cj9Ya2R7fZd6xs1q5mNQ,方法1,30,0.2344,23.44
aa83cf5fc68c1dcb5038,Method_gj1NLb4Jn7URf9K2kQPd,方法2,28,0.2188,21.88
aa83cf5fc68c1dcb5038,Method_m8vwGkEZc3TSW2xqYUoR,方法3,26,0.2031,20.31
aa83cf5fc68c1dcb5038,Method_BXr9AIsPQhwNvyGdZL57,方法4,25,0.1953,19.53
aa83cf5fc68c1dcb5038,Method_5Q4KoXthUuYz3bvrTDFm,方法5,19,0.1484,14.84
c9c946fe211251af32d1,Method_5Q4KoXthUuYz3bvrTDFm,方法1,30,0.2521,25.21
c9c946fe211251af32d1,Method_BXr9AIsPQhwNvyGdZL57,方法2,25,0.2101,21.01
c9c946fe211251af32d1,Method_Cj9Ya2R7fZd6xs1q5mNQ,方法3,22,0.1849,18.49
c9c946fe211251af32d1,Method_m8vwGkEZc3TSW2xqYUoR,方法4,22,0.1849,18.49
c9c946fe211251af32d1,Method_gj1NLb4Jn7URf9K2kQPd,方法5,20,0.1681,16.81
bb3328d3b1eecb5e1a8a,Method_Cj9Ya2R7fZd6xs1q5mNQ,方法1,71,0.2233,22.33
bb3328d3b1eecb5e1a8a,Method_BXr9AIsPQhwNvyGdZL57,方法2,68,0.2138,21.38
bb3328d3b1eecb5e1a8a,Method_5Q4KoXthUuYz3bvrTDFm,方法3,64,0.2013,20.13
bb3328d3b1eecb5e1a8a,Method_m8vwGkEZc3TSW2xqYUoR,方法4,62,0.195,19.5
bb3328d3b1eecb5e1a8a,Method_gj1NLb4Jn7URf9K2kQPd,方法5,53,0.1667,16.67
5f7b406b2bbf9789735f,Method_gj1NLb4Jn7URf9K2kQPd,方法1,23,0.2805,28.05
5f7b406b2bbf9789735f,Method_5Q4KoXthUuYz3bvrTDFm,方法2,19,0.2317,23.17
5f7b406b2bbf9789735f,Method_BXr9AIsPQhwNvyGdZL57,方法3,18,0.2195,21.95
5f7b406b2bbf9789735f,Method_m8vwGkEZc3TSW2xqYUoR,方法4,13,0.1585,15.85
5f7b406b2bbf9789735f,Method_Cj9Ya2R7fZd6xs1q5mNQ,方法5,9,0.1098,10.98
61de1e21015e07aacbe8,Method_Cj9Ya2R7fZd6xs1q5mNQ,方法1,87,0.2613,26.13
61de1e21015e07aacbe8,Method_gj1NLb4Jn7URf9K2kQPd,方法2,69,0.2072,20.72
61de1e21015e07aacbe8,Method_BXr9AIsPQhwNvyGdZL57,方法3,67,0.2012,20.12
61de1e21015e07aacbe8,Method_5Q4KoXthUuYz3bvrTDFm,方法4,62,0.1862,18.62
61de1e21015e07aacbe8,Method_m8vwGkEZc3TSW2xqYUoR,方法5,48,0.1441,14.41
5m6lgwi0mkqs8ilg3qqs,Method_m8vwGkEZc3TSW2xqYUoR,方法1,20,0.2469,24.69
5m6lgwi0mkqs8ilg3qqs,Method_Cj9Ya2R7fZd6xs1q5mNQ,方法2,17,0.2099,20.99
5m6lgwi0mkqs8ilg3qqs,Method_gj1NLb4Jn7URf9K2kQPd,方法3,17,0.2099,20.99
5m6lgwi0mkqs8ilg3qqs,Method_BXr9AIsPQhwNvyGdZL57,方法4,14,0.1728,17.28
5m6lgwi0mkqs8ilg3qqs,Method_5Q4KoXthUuYz3bvrTDFm,方法5,13,0.1605,16.05
d1e44a91dd4f37c03d43,Method_Cj9Ya2R7fZd6xs1q5mNQ,方法1,27,0.2523,25.23
d1e44a91dd4f37c03d43,Method_gj1NLb4Jn7URf9K2kQPd,方法2,25,0.2336,23.36
d1e44a91dd4f37c03d43,Method_5Q4KoXthUuYz3bvrTDFm,方法3,21,0.1963,19.63
d1e44a91dd4f37c03d43,Method_BXr9AIsPQhwNvyGdZL57,方法4,21,0.1963,19.63
d1e44a91dd4f37c03d43,Method_m8vwGkEZc3TSW2xqYUoR,方法5,13,0.1215,12.15
7bb37669654dedc7e397,Method_5Q4KoXthUuYz3bvrTDFm,方法1,24,0.2308,23.08
7bb37669654dedc7e397,Method_gj1NLb4Jn7URf9K2kQPd,方法2,23,0.2212,22.12
7bb37669654dedc7e397,Method_m8vwGkEZc3TSW2xqYUoR,方法3,23,0.2212,22.12
7bb37669654dedc7e397,Method_BXr9AIsPQhwNvyGdZL57,方法4,17,0.1635,16.35
7bb37669654dedc7e397,Method_Cj9Ya2R7fZd6xs1q5mNQ,方法5,17,0.1635,16.35
061db2c91f94c612f2d4,Method_Cj9Ya2R7fZd6xs1q5mNQ,方法1,16,0.2667,26.67
061db2c91f94c612f2d4,Method_m8vwGkEZc3TSW2xqYUoR,方法2,12,0.2,20.0
061db2c91f94c612f2d4,Method_gj1NLb4Jn7URf9K2kQPd,方法3,12,0.2,20.0
061db2c91f94c612f2d4,Method_5Q4KoXthUuYz3bvrTDFm,方法4,11,0.1833,18.33
061db2c91f94c612f2d4,Method_BXr9AIsPQhwNvyGdZL57,方法5,9,0.15,15.0
76fe2c19fa84d58b584b,Method_gj1NLb4Jn7URf9K2kQPd,方法1,36,0.2466,24.66
76fe2c19fa84d58b584b,Method_Cj9Ya2R7fZd6xs1q5mNQ,方法2,33,0.226,22.6
76fe2c19fa84d58b584b,Method_5Q4KoXthUuYz3bvrTDFm,方法3,28,0.1918,19.18
76fe2c19fa84d58b584b,Method_BXr9AIsPQhwNvyGdZL57,方法4,25,0.1712,17.12
76fe2c19fa84d58b584b,Method_m8vwGkEZc3TSW2xqYUoR,方法5,24,0.1644,16.44
f36a755a3fa5db5c0743,Method_5Q4KoXthUuYz3bvrTDFm,方法1,31,0.2672,26.72
f36a755a3fa5db5c0743,Method_gj1NLb4Jn7URf9K2kQPd,方法2,25,0.2155,21.55
f36a755a3fa5db5c0743,Method_Cj9Ya2R7fZd6xs1q5mNQ,方法3,25,0.2155,21.55
f36a755a3fa5db5c0743,Method_BXr9AIsPQhwNvyGdZL57,方法4,18,0.1552,15.52
f36a755a3fa5db5c0743,Method_m8vwGkEZc3TSW2xqYUoR,方法5,17,0.1466,14.66
cf7f9c2c6872be9bf2d6,Method_5Q4KoXthUuYz3bvrTDFm,方法1,39,0.2364,23.64
cf7f9c2c6872be9bf2d6,Method_BXr9AIsPQhwNvyGdZL57,方法2,37,0.2242,22.42
cf7f9c2c6872be9bf2d6,Method_m8vwGkEZc3TSW2xqYUoR,方法3,32,0.1939,19.39
cf7f9c2c6872be9bf2d6,Method_gj1NLb4Jn7URf9K2kQPd,方法4,30,0.1818,18.18
cf7f9c2c6872be9bf2d6,Method_Cj9Ya2R7fZd6xs1q5mNQ,方法5,27,0.1636,16.36
b8162292f2171005c2ba,Method_Cj9Ya2R7fZd6xs1q5mNQ,方法1,40,0.241,24.1
b8162292f2171005c2ba,Method_gj1NLb4Jn7URf9K2kQPd,方法2,37,0.2229,22.29
b8162292f2171005c2ba,Method_5Q4KoXthUuYz3bvrTDFm,方法3,34,0.2048,20.48
b8162292f2171005c2ba,Method_m8vwGkEZc3TSW2xqYUoR,方法4,31,0.1867,18.67
b8162292f2171005c2ba,Method_BXr9AIsPQhwNvyGdZL57,方法5,24,0.1446,14.46
a8350dcececa0b02dd14,Method_gj1NLb4Jn7URf9K2kQPd,方法1,35,0.2303,23.03
a8350dcececa0b02dd14,Method_Cj9Ya2R7fZd6xs1q5mNQ,方法2,32,0.2105,21.05
a8350dcececa0b02dd14,Method_m8vwGkEZc3TSW2xqYUoR,方法3,32,0.2105,21.05
a8350dcececa0b02dd14,Method_BXr9AIsPQhwNvyGdZL57,方法4,30,0.1974,19.74
a8350dcececa0b02dd14,Method_5Q4KoXthUuYz3bvrTDFm,方法5,23,0.1513,15.13
c99e6802625540e4d1e2,Method_m8vwGkEZc3TSW2xqYUoR,方法1,20,0.25,25.0
c99e6802625540e4d1e2,Method_gj1NLb4Jn7URf9K2kQPd,方法2,17,0.2125,21.25
c99e6802625540e4d1e2,Method_Cj9Ya2R7fZd6xs1q5mNQ,方法3,16,0.2,20.0
c99e6802625540e4d1e2,Method_5Q4KoXthUuYz3bvrTDFm,方法4,15,0.1875,18.75
c99e6802625540e4d1e2,Method_BXr9AIsPQhwNvyGdZL57,方法5,12,0.15,15.0
cade7d478dac7020a79b,Method_BXr9AIsPQhwNvyGdZL57,方法1,28,0.2414,24.14
cade7d478dac7020a79b,Method_m8vwGkEZc3TSW2xqYUoR,方法2,28,0.2414,24.14
cade7d478dac7020a79b,Method_Cj9Ya2R7fZd6xs1q5mNQ,方法3,21,0.181,18.1
cade7d478dac7020a79b,Method_gj1NLb4Jn7URf9K2kQPd,方法4,20,0.1724,17.24
cade7d478dac7020a79b,Method_5Q4KoXthUuYz3bvrTDFm,方法5,19,0.1638,16.38
20f97b68982d1b2f5c73,Method_gj1NLb4Jn7URf9K2kQPd,方法1,41,0.2485,24.85
20f97b68982d1b2f5c73,Method_5Q4KoXthUuYz3bvrTDFm,方法2,41,0.2485,24.85
20f97b68982d1b2f5c73,Method_m8vwGkEZc3TSW2xqYUoR,方法3,30,0.1818,18.18
20f97b68982d1b2f5c73,Method_Cj9Ya2R7fZd6xs1q5mNQ,方法4,27,0.1636,16.36
20f97b68982d1b2f5c73,Method_BXr9AIsPQhwNvyGdZL57,方法5,26,0.1576,15.76
6d22912e7e93a96a8690,Method_gj1NLb4Jn7URf9K2kQPd,方法1,11,0.2391,23.91
6d22912e7e93a96a8690,Method_Cj9Ya2R7fZd6xs1q5mNQ,方法2,10,0.2174,21.74
6d22912e7e93a96a8690,Method_BXr9AIsPQhwNvyGdZL57,方法3,10,0.2174,21.74
6d22912e7e93a96a8690,Method_m8vwGkEZc3TSW2xqYUoR,方法4,8,0.1739,17.39
6d22912e7e93a96a8690,Method_5Q4KoXthUuYz3bvrTDFm,方法5,7,0.1522,15.22
db0bcf208cbed26d0bfe,Method_5Q4KoXthUuYz3bvrTDFm,方法1,12,0.25,25.0
db0bcf208cbed26d0bfe,Method_m8vwGkEZc3TSW2xqYUoR,方法2,11,0.2292,22.92
db0bcf208cbed26d0bfe,Method_gj1NLb4Jn7URf9K2kQPd,方法3,10,0.2083,20.83
db0bcf208cbed26d0bfe,Method_Cj9Ya2R7fZd6xs1q5mNQ,方法4,9,0.1875,18.75
db0bcf208cbed26d0bfe,Method_BXr9AIsPQhwNvyGdZL57,方法5,6,0.125,12.5
90f3fbedfce50f644011,Method_Cj9Ya2R7fZd6xs1q5mNQ,方法1,78,0.2155,21.55
90f3fbedfce50f644011,Method_BXr9AIsPQhwNvyGdZL57,方法2,75,0.2072,20.72
90f3fbedfce50f644011,Method_m8vwGkEZc3TSW2xqYUoR,方法3,71,0.1961,19.61
90f3fbedfce50f644011,Method_5Q4KoXthUuYz3bvrTDFm,方法4,71,0.1961,19.61
90f3fbedfce50f644011,Method_gj1NLb4Jn7URf9K2kQPd,方法5,67,0.1851,18.51
728a4a393899c37a5429,Method_BXr9AIsPQhwNvyGdZL57,方法1,21,0.3387,33.87
728a4a393899c37a5429,Method_m8vwGkEZc3TSW2xqYUoR,方法2,15,0.2419,24.19
728a4a393899c37a5429,Method_5Q4KoXthUuYz3bvrTDFm,方法3,12,0.1935,19.35
728a4a393899c37a5429,Method_Cj9Ya2R7fZd6xs1q5mNQ,方法4,8,0.129,12.9
728a4a393899c37a5429,Method_gj1NLb4Jn7URf9K2kQPd,方法5,6,0.0968,9.68
e3d0782396c346359a8f,Method_BXr9AIsPQhwNvyGdZL57,方法1,28,0.2718,27.18
e3d0782396c346359a8f,Method_gj1NLb4Jn7URf9K2kQPd,方法2,23,0.2233,22.33
e3d0782396c346359a8f,Method_5Q4KoXthUuYz3bvrTDFm,方法3,22,0.2136,21.36
e3d0782396c346359a8f,Method_m8vwGkEZc3TSW2xqYUoR,方法4,16,0.1553,15.53
e3d0782396c346359a8f,Method_Cj9Ya2R7fZd6xs1q5mNQ,方法5,14,0.1359,13.59
9d02a160cd171c5f4c18,Method_5Q4KoXthUuYz3bvrTDFm,方法1,26,0.2453,24.53
9d02a160cd171c5f4c18,Method_Cj9Ya2R7fZd6xs1q5mNQ,方法2,26,0.2453,24.53
9d02a160cd171c5f4c18,Method_gj1NLb4Jn7URf9K2kQPd,方法3,25,0.2358,23.58
9d02a160cd171c5f4c18,Method_BXr9AIsPQhwNvyGdZL57,方法4,16,0.1509,15.09
9d02a160cd171c5f4c18,Method_m8vwGkEZc3TSW2xqYUoR,方法5,13,0.1226,12.26
9952cc289c9f690621ec,Method_5Q4KoXthUuYz3bvrTDFm,方法1,18,0.225,22.5
9952cc289c9f690621ec,Method_m8vwGkEZc3TSW2xqYUoR,方法2,18,0.225,22.5
9952cc289c9f690621ec,Method_Cj9Ya2R7fZd6xs1q5mNQ,方法3,18,0.225,22.5
9952cc289c9f690621ec,Method_gj1NLb4Jn7URf9K2kQPd,方法4,14,0.175,17.5
9952cc289c9f690621ec,Method_BXr9AIsPQhwNvyGdZL57,方法5,12,0.15,15.0
0c57caf5358d30408034,Method_BXr9AIsPQhwNvyGdZL57,方法1,33,0.234,23.4
0c57caf5358d30408034,Method_gj1NLb4Jn7URf9K2kQPd,方法2,29,0.2057,20.57
0c57caf5358d30408034,Method_5Q4KoXthUuYz3bvrTDFm,方法3,29,0.2057,20.57
0c57caf5358d30408034,Method_m8vwGkEZc3TSW2xqYUoR,方法4,28,0.1986,19.86
0c57caf5358d30408034,Method_Cj9Ya2R7fZd6xs1q5mNQ,方法5,22,0.156,15.6
93f451c36b535d39003d,Method_gj1NLb4Jn7URf9K2kQPd,方法1,18,0.3462,34.62
93f451c36b535d39003d,Method_Cj9Ya2R7fZd6xs1q5mNQ,方法2,12,0.2308,23.08
93f451c36b535d39003d,Method_5Q4KoXthUuYz3bvrTDFm,方法3,11,0.2115,21.15
93f451c36b535d39003d,Method_m8vwGkEZc3TSW2xqYUoR,方法4,8,0.1538,15.38
93f451c36b535d39003d,Method_BXr9AIsPQhwNvyGdZL57,方法5,3,0.0577,5.77
ac4d829c715fb0c36ad5,Method_gj1NLb4Jn7URf9K2kQPd,方法1,11,0.2558,25.58
ac4d829c715fb0c36ad5,Method_m8vwGkEZc3TSW2xqYUoR,方法2,9,0.2093,20.93
ac4d829c715fb0c36ad5,Method_Cj9Ya2R7fZd6xs1q5mNQ,方法3,8,0.186,18.6
ac4d829c715fb0c36ad5,Method_5Q4KoXthUuYz3bvrTDFm,方法4,8,0.186,18.6
ac4d829c715fb0c36ad5,Method_BXr9AIsPQhwNvyGdZL57,方法5,7,0.1628,16.28
0d4a3518a188f6888380,Method_BXr9AIsPQhwNvyGdZL57,方法1,13,0.26,26.0
0d4a3518a188f6888380,Method_5Q4KoXthUuYz3bvrTDFm,方法2,12,0.24,24.0
0d4a3518a188f6888380,Method_Cj9Ya2R7fZd6xs1q5mNQ,方法3,9,0.18,18.0
0d4a3518a188f6888380,Method_gj1NLb4Jn7URf9K2kQPd,方法4,9,0.18,18.0
0d4a3518a188f6888380,Method_m8vwGkEZc3TSW2xqYUoR,方法5,7,0.14,14.0
fqcud1c5mt7pdp9w0v6y,Method_Cj9Ya2R7fZd6xs1q5mNQ,方法1,21,0.2386,23.86
fqcud1c5mt7pdp9w0v6y,Method_BXr9AIsPQhwNvyGdZL57,方法2,19,0.2159,21.59
fqcud1c5mt7pdp9w0v6y,Method_m8vwGkEZc3TSW2xqYUoR,方法3,19,0.2159,21.59
fqcud1c5mt7pdp9w0v6y,Method_gj1NLb4Jn7URf9K2kQPd,方法4,18,0.2045,20.45
fqcud1c5mt7pdp9w0v6y,Method_5Q4KoXthUuYz3bvrTDFm,方法5,11,0.125,12.5
rq44ojyrvdtad0tzsm32,Method_m8vwGkEZc3TSW2xqYUoR,方法1,28,0.2276,22.76
rq44ojyrvdtad0tzsm32,Method_BXr9AIsPQhwNvyGdZL57,方法2,27,0.2195,21.95
rq44ojyrvdtad0tzsm32,Method_Cj9Ya2R7fZd6xs1q5mNQ,方法3,25,0.2033,20.33
rq44ojyrvdtad0tzsm32,Method_5Q4KoXthUuYz3bvrTDFm,方法4,22,0.1789,17.89
rq44ojyrvdtad0tzsm32,Method_gj1NLb4Jn7URf9K2kQPd,方法5,21,0.1707,17.07
h6miro3m8713s3dxuipr,Method_Cj9Ya2R7fZd6xs1q5mNQ,方法1,30,0.303,30.3
h6miro3m8713s3dxuipr,Method_gj1NLb4Jn7URf9K2kQPd,方法2,21,0.2121,21.21
h6miro3m8713s3dxuipr,Method_5Q4KoXthUuYz3bvrTDFm,方法3,21,0.2121,21.21
h6miro3m8713s3dxuipr,Method_BXr9AIsPQhwNvyGdZL57,方法4,17,0.1717,17.17
h6miro3m8713s3dxuipr,Method_m8vwGkEZc3TSW2xqYUoR,方法5,10,0.101,10.1
lexte4gc3dvjb7ty0qf5,Method_BXr9AIsPQhwNvyGdZL57,方法1,24,0.24,24.0
lexte4gc3dvjb7ty0qf5,Method_5Q4KoXthUuYz3bvrTDFm,方法2,22,0.22,22.0
lexte4gc3dvjb7ty0qf5,Method_m8vwGkEZc3TSW2xqYUoR,方法3,19,0.19,19.0
lexte4gc3dvjb7ty0qf5,Method_gj1NLb4Jn7URf9K2kQPd,方法4,18,0.18,18.0
lexte4gc3dvjb7ty0qf5,Method_Cj9Ya2R7fZd6xs1q5mNQ,方法5,17,0.17,17.0
6dx4zt62b8m37krb5l3n,Method_gj1NLb4Jn7URf9K2kQPd,方法1,28,0.2414,24.14
6dx4zt62b8m37krb5l3n,Method_m8vwGkEZc3TSW2xqYUoR,方法2,26,0.2241,22.41
6dx4zt62b8m37krb5l3n,Method_Cj9Ya2R7fZd6xs1q5mNQ,方法3,24,0.2069,20.69
6dx4zt62b8m37krb5l3n,Method_BXr9AIsPQhwNvyGdZL57,方法4,24,0.2069,20.69
6dx4zt62b8m37krb5l3n,Method_5Q4KoXthUuYz3bvrTDFm,方法5,14,0.1207,12.07
oi7j42phxrp4mc1n9h4b,Method_BXr9AIsPQhwNvyGdZL57,方法1,20,0.2222,22.22
oi7j42phxrp4mc1n9h4b,Method_m8vwGkEZc3TSW2xqYUoR,方法2,19,0.2111,21.11
oi7j42phxrp4mc1n9h4b,Method_gj1NLb4Jn7URf9K2kQPd,方法3,17,0.1889,18.89
oi7j42phxrp4mc1n9h4b,Method_Cj9Ya2R7fZd6xs1q5mNQ,方法4,17,0.1889,18.89
oi7j42phxrp4mc1n9h4b,Method_5Q4KoXthUuYz3bvrTDFm,方法5,17,0.1889,18.89
i5hexmb5zlzhd8lvwdv3,Method_gj1NLb4Jn7URf9K2kQPd,方法1,24,0.2759,27.59
i5hexmb5zlzhd8lvwdv3,Method_Cj9Ya2R7fZd6xs1q5mNQ,方法2,18,0.2069,20.69
i5hexmb5zlzhd8lvwdv3,Method_BXr9AIsPQhwNvyGdZL57,方法3,18,0.2069,20.69
i5hexmb5zlzhd8lvwdv3,Method_5Q4KoXthUuYz3bvrTDFm,方法4,14,0.1609,16.09
i5hexmb5zlzhd8lvwdv3,Method_m8vwGkEZc3TSW2xqYUoR,方法5,13,0.1494,14.94
cp4d94b2v0ws6am7mvuw,Method_gj1NLb4Jn7URf9K2kQPd,方法1,23,0.2584,25.84
cp4d94b2v0ws6am7mvuw,Method_Cj9Ya2R7fZd6xs1q5mNQ,方法2,21,0.236,23.6
cp4d94b2v0ws6am7mvuw,Method_5Q4KoXthUuYz3bvrTDFm,方法3,20,0.2247,22.47
cp4d94b2v0ws6am7mvuw,Method_m8vwGkEZc3TSW2xqYUoR,方法4,16,0.1798,17.98
cp4d94b2v0ws6am7mvuw,Method_BXr9AIsPQhwNvyGdZL57,方法5,9,0.1011,10.11
6cxj0lsinp9d7215gtpe,Method_BXr9AIsPQhwNvyGdZL57,方法1,28,0.2393,23.93
6cxj0lsinp9d7215gtpe,Method_Cj9Ya2R7fZd6xs1q5mNQ,方法2,27,0.2308,23.08
6cxj0lsinp9d7215gtpe,Method_gj1NLb4Jn7URf9K2kQPd,方法3,23,0.1966,19.66
6cxj0lsinp9d7215gtpe,Method_5Q4KoXthUuYz3bvrTDFm,方法4,21,0.1795,17.95
6cxj0lsinp9d7215gtpe,Method_m8vwGkEZc3TSW2xqYUoR,方法5,18,0.1538,15.38
t7x7ydt3u1cd2svfvk4q,Method_Cj9Ya2R7fZd6xs1q5mNQ,方法1,26,0.2574,25.74
t7x7ydt3u1cd2svfvk4q,Method_BXr9AIsPQhwNvyGdZL57,方法2,24,0.2376,23.76
t7x7ydt3u1cd2svfvk4q,Method_5Q4KoXthUuYz3bvrTDFm,方法3,19,0.1881,18.81
t7x7ydt3u1cd2svfvk4q,Method_gj1NLb4Jn7URf9K2kQPd,方法4,17,0.1683,16.83
t7x7ydt3u1cd2svfvk4q,Method_m8vwGkEZc3TSW2xqYUoR,方法5,15,0.1485,14.85
6iag08nt7se7f2hkgzx4,Method_Cj9Ya2R7fZd6xs1q5mNQ,方法1,28,0.2745,27.45
6iag08nt7se7f2hkgzx4,Method_gj1NLb4Jn7URf9K2kQPd,方法2,22,0.2157,21.57
6iag08nt7se7f2hkgzx4,Method_BXr9AIsPQhwNvyGdZL57,方法3,19,0.1863,18.63
6iag08nt7se7f2hkgzx4,Method_5Q4KoXthUuYz3bvrTDFm,方法4,17,0.1667,16.67
6iag08nt7se7f2hkgzx4,Method_m8vwGkEZc3TSW2xqYUoR,方法5,16,0.1569,15.69
d3tt41de5iashfjr1txr,Method_BXr9AIsPQhwNvyGdZL57,方法1,24,0.2553,25.53
d3tt41de5iashfjr1txr,Method_Cj9Ya2R7fZd6xs1q5mNQ,方法2,23,0.2447,24.47
d3tt41de5iashfjr1txr,Method_5Q4KoXthUuYz3bvrTDFm,方法3,20,0.2128,21.28
d3tt41de5iashfjr1txr,Method_gj1NLb4Jn7URf9K2kQPd,方法4,17,0.1809,18.09
d3tt41de5iashfjr1txr,Method_m8vwGkEZc3TSW2xqYUoR,方法5,10,0.1064,10.64
uk8sadmdmw8p7e22l2yr,Method_gj1NLb4Jn7URf9K2kQPd,方法1,32,0.2481,24.81
uk8sadmdmw8p7e22l2yr,Method_Cj9Ya2R7fZd6xs1q5mNQ,方法2,30,0.2326,23.26
uk8sadmdmw8p7e22l2yr,Method_5Q4KoXthUuYz3bvrTDFm,方法3,29,0.2248,22.48
uk8sadmdmw8p7e22l2yr,Method_BXr9AIsPQhwNvyGdZL57,方法4,24,0.186,18.6
uk8sadmdmw8p7e22l2yr,Method_m8vwGkEZc3TSW2xqYUoR,方法5,14,0.1085,10.85
svxexhg20hs3bbqd4fm7,Method_Cj9Ya2R7fZd6xs1q5mNQ,方法1,26,0.2549,25.49
svxexhg20hs3bbqd4fm7,Method_m8vwGkEZc3TSW2xqYUoR,方法2,21,0.2059,20.59
svxexhg20hs3bbqd4fm7,Method_BXr9AIsPQhwNvyGdZL57,方法3,20,0.1961,19.61
svxexhg20hs3bbqd4fm7,Method_gj1NLb4Jn7URf9K2kQPd,方法4,19,0.1863,18.63
svxexhg20hs3bbqd4fm7,Method_5Q4KoXthUuYz3bvrTDFm,方法5,16,0.1569,15.69
3p34idi1traz2k8j0ulk,Method_5Q4KoXthUuYz3bvrTDFm,方法1,28,0.2569,25.69
3p34idi1traz2k8j0ulk,Method_BXr9AIsPQhwNvyGdZL57,方法2,25,0.2294,22.94
3p34idi1traz2k8j0ulk,Method_Cj9Ya2R7fZd6xs1q5mNQ,方法3,23,0.211,21.1
3p34idi1traz2k8j0ulk,Method_m8vwGkEZc3TSW2xqYUoR,方法4,18,0.1651,16.51
3p34idi1traz2k8j0ulk,Method_gj1NLb4Jn7URf9K2kQPd,方法5,15,0.1376,13.76
t9a891e0764br5ujna1a,Method_Cj9Ya2R7fZd6xs1q5mNQ,方法1,26,0.2407,24.07
t9a891e0764br5ujna1a,Method_gj1NLb4Jn7URf9K2kQPd,方法2,21,0.1944,19.44
t9a891e0764br5ujna1a,Method_BXr9AIsPQhwNvyGdZL57,方法3,21,0.1944,19.44
t9a891e0764br5ujna1a,Method_m8vwGkEZc3TSW2xqYUoR,方法4,20,0.1852,18.52
t9a891e0764br5ujna1a,Method_5Q4KoXthUuYz3bvrTDFm,方法5,20,0.1852,18.52
zeuj820acn6zhcbx617v,Method_gj1NLb4Jn7URf9K2kQPd,方法1,31,0.2627,26.27
zeuj820acn6zhcbx617v,Method_m8vwGkEZc3TSW2xqYUoR,方法2,29,0.2458,24.58
zeuj820acn6zhcbx617v,Method_BXr9AIsPQhwNvyGdZL57,方法3,22,0.1864,18.64
zeuj820acn6zhcbx617v,Method_Cj9Ya2R7fZd6xs1q5mNQ,方法4,20,0.1695,16.95
zeuj820acn6zhcbx617v,Method_5Q4KoXthUuYz3bvrTDFm,方法5,16,0.1356,13.56
i1fr7kd71b2ni39kn958,Method_5Q4KoXthUuYz3bvrTDFm,方法1,21,0.2283,22.83
i1fr7kd71b2ni39kn958,Method_Cj9Ya2R7fZd6xs1q5mNQ,方法2,21,0.2283,22.83
i1fr7kd71b2ni39kn958,Method_BXr9AIsPQhwNvyGdZL57,方法3,20,0.2174,21.74
i1fr7kd71b2ni39kn958,Method_gj1NLb4Jn7URf9K2kQPd,方法4,18,0.1957,19.57
i1fr7kd71b2ni39kn958,Method_m8vwGkEZc3TSW2xqYUoR,方法5,12,0.1304,13.04
tvsgkf4oqh769h40lj43,Method_Cj9Ya2R7fZd6xs1q5mNQ,方法1,34,0.2906,29.06
tvsgkf4oqh769h40lj43,Method_gj1NLb4Jn7URf9K2kQPd,方法2,27,0.2308,23.08
tvsgkf4oqh769h40lj43,Method_5Q4KoXthUuYz3bvrTDFm,方法3,22,0.188,18.8
tvsgkf4oqh769h40lj43,Method_m8vwGkEZc3TSW2xqYUoR,方法4,18,0.1538,15.38
tvsgkf4oqh769h40lj43,Method_BXr9AIsPQhwNvyGdZL57,方法5,16,0.1368,13.68
buv73728fa9viqgrz5mj,Method_gj1NLb4Jn7URf9K2kQPd,方法1,24,0.2553,25.53
buv73728fa9viqgrz5mj,Method_5Q4KoXthUuYz3bvrTDFm,方法2,23,0.2447,24.47
buv73728fa9viqgrz5mj,Method_BXr9AIsPQhwNvyGdZL57,方法3,18,0.1915,19.15
buv73728fa9viqgrz5mj,Method_Cj9Ya2R7fZd6xs1q5mNQ,方法4,15,0.1596,15.96
buv73728fa9viqgrz5mj,Method_m8vwGkEZc3TSW2xqYUoR,方法5,14,0.1489,14.89
w1uwjc89gv68yxkutpoe,Method_Cj9Ya2R7fZd6xs1q5mNQ,方法1,23,0.2527,25.27
w1uwjc89gv68yxkutpoe,Method_5Q4KoXthUuYz3bvrTDFm,方法2,22,0.2418,24.18
w1uwjc89gv68yxkutpoe,Method_BXr9AIsPQhwNvyGdZL57,方法3,18,0.1978,19.78
w1uwjc89gv68yxkutpoe,Method_gj1NLb4Jn7URf9K2kQPd,方法4,15,0.1648,16.48
w1uwjc89gv68yxkutpoe,Method_m8vwGkEZc3TSW2xqYUoR,方法5,13,0.1429,14.29
fkenlzdweox7v0zaopqo,Method_gj1NLb4Jn7URf9K2kQPd,方法1,27,0.2571,25.71
fkenlzdweox7v0zaopqo,Method_m8vwGkEZc3TSW2xqYUoR,方法2,24,0.2286,22.86
fkenlzdweox7v0zaopqo,Method_BXr9AIsPQhwNvyGdZL57,方法3,22,0.2095,20.95
fkenlzdweox7v0zaopqo,Method_Cj9Ya2R7fZd6xs1q5mNQ,方法4,19,0.181,18.1
fkenlzdweox7v0zaopqo,Method_5Q4KoXthUuYz3bvrTDFm,方法5,13,0.1238,12.38
uy29im7a6hnc34lfp8ae,Method_gj1NLb4Jn7URf9K2kQPd,方法1,27,0.25,25.0
uy29im7a6hnc34lfp8ae,Method_Cj9Ya2R7fZd6xs1q5mNQ,方法2,23,0.213,21.3
uy29im7a6hnc34lfp8ae,Method_BXr9AIsPQhwNvyGdZL57,方法3,22,0.2037,20.37
uy29im7a6hnc34lfp8ae,Method_m8vwGkEZc3TSW2xqYUoR,方法4,21,0.1944,19.44
uy29im7a6hnc34lfp8ae,Method_5Q4KoXthUuYz3bvrTDFm,方法5,15,0.1389,13.89
kilhyvtskm84umerpjee,Method_m8vwGkEZc3TSW2xqYUoR,方法1,25,0.2294,22.94
kilhyvtskm84umerpjee,Method_5Q4KoXthUuYz3bvrTDFm,方法2,23,0.211,21.1
kilhyvtskm84umerpjee,Method_gj1NLb4Jn7URf9K2kQPd,方法3,22,0.2018,20.18
kilhyvtskm84umerpjee,Method_BXr9AIsPQhwNvyGdZL57,方法4,21,0.1927,19.27
kilhyvtskm84umerpjee,Method_Cj9Ya2R7fZd6xs1q5mNQ,方法5,18,0.1651,16.51
8urc1lsyw615q5prnxwh,Method_BXr9AIsPQhwNvyGdZL57,方法1,29,0.271,27.1
8urc1lsyw615q5prnxwh,Method_5Q4KoXthUuYz3bvrTDFm,方法2,22,0.2056,20.56
8urc1lsyw615q5prnxwh,Method_gj1NLb4Jn7URf9K2kQPd,方法3,21,0.1963,19.63
8urc1lsyw615q5prnxwh,Method_m8vwGkEZc3TSW2xqYUoR,方法4,19,0.1776,17.76
8urc1lsyw615q5prnxwh,Method_Cj9Ya2R7fZd6xs1q5mNQ,方法5,16,0.1495,14.95
jyaxybaq8vui614ytd8i,Method_gj1NLb4Jn7URf9K2kQPd,方法1,30,0.2459,24.59
jyaxybaq8vui614ytd8i,Method_BXr9AIsPQhwNvyGdZL57,方法2,28,0.2295,22.95
jyaxybaq8vui614ytd8i,Method_Cj9Ya2R7fZd6xs1q5mNQ,方法3,22,0.1803,18.03
jyaxybaq8vui614ytd8i,Method_m8vwGkEZc3TSW2xqYUoR,方法4,21,0.1721,17.21
jyaxybaq8vui614ytd8i,Method_5Q4KoXthUuYz3bvrTDFm,方法5,21,0.1721,17.21
ijieo064jbrs5ss1cmol,Method_Cj9Ya2R7fZd6xs1q5mNQ,方法1,24,0.2526,25.26
ijieo064jbrs5ss1cmol,Method_5Q4KoXthUuYz3bvrTDFm,方法2,23,0.2421,24.21
ijieo064jbrs5ss1cmol,Method_gj1NLb4Jn7URf9K2kQPd,方法3,22,0.2316,23.16
ijieo064jbrs5ss1cmol,Method_BXr9AIsPQhwNvyGdZL57,方法4,15,0.1579,15.79
ijieo064jbrs5ss1cmol,Method_m8vwGkEZc3TSW2xqYUoR,方法5,11,0.1158,11.58
zc7xkcpo969z98kh6bg8,Method_gj1NLb4Jn7URf9K2kQPd,方法1,33,0.2409,24.09
zc7xkcpo969z98kh6bg8,Method_5Q4KoXthUuYz3bvrTDFm,方法2,31,0.2263,22.63
zc7xkcpo969z98kh6bg8,Method_Cj9Ya2R7fZd6xs1q5mNQ,方法3,30,0.219,21.9
zc7xkcpo969z98kh6bg8,Method_BXr9AIsPQhwNvyGdZL57,方法4,24,0.1752,17.52
zc7xkcpo969z98kh6bg8,Method_m8vwGkEZc3TSW2xqYUoR,方法5,19,0.1387,13.87
4vnvytgnlmv4jbfw9h3t,Method_m8vwGkEZc3TSW2xqYUoR,方法1,25,0.25,25.0
4vnvytgnlmv4jbfw9h3t,Method_gj1NLb4Jn7URf9K2kQPd,方法2,24,0.24,24.0
4vnvytgnlmv4jbfw9h3t,Method_Cj9Ya2R7fZd6xs1q5mNQ,方法3,23,0.23,23.0
4vnvytgnlmv4jbfw9h3t,Method_5Q4KoXthUuYz3bvrTDFm,方法4,15,0.15,15.0
4vnvytgnlmv4jbfw9h3t,Method_BXr9AIsPQhwNvyGdZL57,方法5,13,0.13,13.0
pv0c4za1m616k25gfwfb,Method_BXr9AIsPQhwNvyGdZL57,方法1,29,0.2788,27.88
pv0c4za1m616k25gfwfb,Method_gj1NLb4Jn7URf9K2kQPd,方法2,25,0.2404,24.04
pv0c4za1m616k25gfwfb,Method_5Q4KoXthUuYz3bvrTDFm,方法3,18,0.1731,17.31
pv0c4za1m616k25gfwfb,Method_m8vwGkEZc3TSW2xqYUoR,方法4,17,0.1635,16.35
pv0c4za1m616k25gfwfb,Method_Cj9Ya2R7fZd6xs1q5mNQ,方法5,15,0.1442,14.42
mqqf68ny1kdp6i69i7tt,Method_Cj9Ya2R7fZd6xs1q5mNQ,方法1,25,0.2604,26.04
mqqf68ny1kdp6i69i7tt,Method_BXr9AIsPQhwNvyGdZL57,方法2,20,0.2083,20.83
mqqf68ny1kdp6i69i7tt,Method_gj1NLb4Jn7URf9K2kQPd,方法3,18,0.1875,18.75
mqqf68ny1kdp6i69i7tt,Method_m8vwGkEZc3TSW2xqYUoR,方法4,18,0.1875,18.75
mqqf68ny1kdp6i69i7tt,Method_5Q4KoXthUuYz3bvrTDFm,方法5,15,0.1562,15.62
9a25hcbd3mhgaj0fyelo,Method_5Q4KoXthUuYz3bvrTDFm,方法1,26,0.25,25.0
9a25hcbd3mhgaj0fyelo,Method_Cj9Ya2R7fZd6xs1q5mNQ,方法2,23,0.2212,22.12
9a25hcbd3mhgaj0fyelo,Method_gj1NLb4Jn7URf9K2kQPd,方法3,20,0.1923,19.23
9a25hcbd3mhgaj0fyelo,Method_BXr9AIsPQhwNvyGdZL57,方法4,18,0.1731,17.31
9a25hcbd3mhgaj0fyelo,Method_m8vwGkEZc3TSW2xqYUoR,方法5,17,0.1635,16.35
9lfh7vk4u8eh6zz1dmvp,Method_gj1NLb4Jn7URf9K2kQPd,方法1,26,0.2737,27.37
9lfh7vk4u8eh6zz1dmvp,Method_m8vwGkEZc3TSW2xqYUoR,方法2,20,0.2105,21.05
9lfh7vk4u8eh6zz1dmvp,Method_Cj9Ya2R7fZd6xs1q5mNQ,方法3,17,0.1789,17.89
9lfh7vk4u8eh6zz1dmvp,Method_BXr9AIsPQhwNvyGdZL57,方法4,16,0.1684,16.84
9lfh7vk4u8eh6zz1dmvp,Method_5Q4KoXthUuYz3bvrTDFm,方法5,16,0.1684,16.84
xsxczvs8iluovs3pt5q7,Method_5Q4KoXthUuYz3bvrTDFm,方法1,22,0.2391,23.91
xsxczvs8iluovs3pt5q7,Method_gj1NLb4Jn7URf9K2kQPd,方法2,20,0.2174,21.74
xsxczvs8iluovs3pt5q7,Method_Cj9Ya2R7fZd6xs1q5mNQ,方法3,20,0.2174,21.74
xsxczvs8iluovs3pt5q7,Method_m8vwGkEZc3TSW2xqYUoR,方法4,17,0.1848,18.48
xsxczvs8iluovs3pt5q7,Method_BXr9AIsPQhwNvyGdZL57,方法5,13,0.1413,14.13
reo07h0d5zehmotdlz2w,Method_5Q4KoXthUuYz3bvrTDFm,方法1,25,0.2778,27.78
reo07h0d5zehmotdlz2w,Method_Cj9Ya2R7fZd6xs1q5mNQ,方法2,21,0.2333,23.33
reo07h0d5zehmotdlz2w,Method_gj1NLb4Jn7URf9K2kQPd,方法3,18,0.2,20.0
reo07h0d5zehmotdlz2w,Method_m8vwGkEZc3TSW2xqYUoR,方法4,17,0.1889,18.89
reo07h0d5zehmotdlz2w,Method_BXr9AIsPQhwNvyGdZL57,方法5,9,0.1,10.0
2d526c27123e59103e29,Method_BXr9AIsPQhwNvyGdZL57,方法1,77,0.2245,22.45
2d526c27123e59103e29,Method_m8vwGkEZc3TSW2xqYUoR,方法2,71,0.207,20.7
2d526c27123e59103e29,Method_gj1NLb4Jn7URf9K2kQPd,方法3,67,0.1953,19.53
2d526c27123e59103e29,Method_Cj9Ya2R7fZd6xs1q5mNQ,方法4,67,0.1953,19.53
2d526c27123e59103e29,Method_5Q4KoXthUuYz3bvrTDFm,方法5,61,0.1778,17.78
488fc49e8fccd665c3e2,Method_BXr9AIsPQhwNvyGdZL57,方法1,65,0.2407,24.07
488fc49e8fccd665c3e2,Method_gj1NLb4Jn7URf9K2kQPd,方法2,62,0.2296,22.96
488fc49e8fccd665c3e2,Method_Cj9Ya2R7fZd6xs1q5mNQ,方法3,54,0.2,20.0
488fc49e8fccd665c3e2,Method_5Q4KoXthUuYz3bvrTDFm,方法4,49,0.1815,18.15
488fc49e8fccd665c3e2,Method_m8vwGkEZc3TSW2xqYUoR,方法5,40,0.1481,14.81
be032ee60c336e4701e0,Method_BXr9AIsPQhwNvyGdZL57,方法1,36,0.2707,27.07
be032ee60c336e4701e0,Method_gj1NLb4Jn7URf9K2kQPd,方法2,30,0.2256,22.56
be032ee60c336e4701e0,Method_5Q4KoXthUuYz3bvrTDFm,方法3,26,0.1955,19.55
be032ee60c336e4701e0,Method_m8vwGkEZc3TSW2xqYUoR,方法4,22,0.1654,16.54
be032ee60c336e4701e0,Method_Cj9Ya2R7fZd6xs1q5mNQ,方法5,19,0.1429,14.29
19793e7e55b68c8dd776,Method_gj1NLb4Jn7URf9K2kQPd,方法1,24,0.2609,26.09
19793e7e55b68c8dd776,Method_Cj9Ya2R7fZd6xs1q5mNQ,方法2,19,0.2065,20.65
19793e7e55b68c8dd776,Method_5Q4KoXthUuYz3bvrTDFm,方法3,17,0.1848,18.48
19793e7e55b68c8dd776,Method_m8vwGkEZc3TSW2xqYUoR,方法4,17,0.1848,18.48
19793e7e55b68c8dd776,Method_BXr9AIsPQhwNvyGdZL57,方法5,15,0.163,16.3
fe752a6d1aa3d710d738,Method_m8vwGkEZc3TSW2xqYUoR,方法1,40,0.2299,22.99
fe752a6d1aa3d710d738,Method_5Q4KoXthUuYz3bvrTDFm,方法2,38,0.2184,21.84
fe752a6d1aa3d710d738,Method_Cj9Ya2R7fZd6xs1q5mNQ,方法3,35,0.2011,20.11
fe752a6d1aa3d710d738,Method_BXr9AIsPQhwNvyGdZL57,方法4,34,0.1954,19.54
fe752a6d1aa3d710d738,Method_gj1NLb4Jn7URf9K2kQPd,方法5,27,0.1552,15.52
912794ea0c6936c83ce2,Method_m8vwGkEZc3TSW2xqYUoR,方法1,40,0.2516,25.16
912794ea0c6936c83ce2,Method_BXr9AIsPQhwNvyGdZL57,方法2,36,0.2264,22.64
912794ea0c6936c83ce2,Method_5Q4KoXthUuYz3bvrTDFm,方法3,35,0.2201,22.01
912794ea0c6936c83ce2,Method_gj1NLb4Jn7URf9K2kQPd,方法4,26,0.1635,16.35
912794ea0c6936c83ce2,Method_Cj9Ya2R7fZd6xs1q5mNQ,方法5,22,0.1384,13.84
17e429460d5fda251953,Method_m8vwGkEZc3TSW2xqYUoR,方法1,53,0.2275,22.75
17e429460d5fda251953,Method_Cj9Ya2R7fZd6xs1q5mNQ,方法2,52,0.2232,22.32
17e429460d5fda251953,Method_5Q4KoXthUuYz3bvrTDFm,方法3,46,0.1974,19.74
17e429460d5fda251953,Method_gj1NLb4Jn7URf9K2kQPd,方法4,42,0.1803,18.03
17e429460d5fda251953,Method_BXr9AIsPQhwNvyGdZL57,方法5,40,0.1717,17.17
2e3e7cbe0e69add8d31a,Method_5Q4KoXthUuYz3bvrTDFm,方法1,13,0.2955,29.55
2e3e7cbe0e69add8d31a,Method_Cj9Ya2R7fZd6xs1q5mNQ,方法2,9,0.2045,20.45
2e3e7cbe0e69add8d31a,Method_gj1NLb4Jn7URf9K2kQPd,方法3,8,0.1818,18.18
2e3e7cbe0e69add8d31a,Method_m8vwGkEZc3TSW2xqYUoR,方法4,8,0.1818,18.18
2e3e7cbe0e69add8d31a,Method_BXr9AIsPQhwNvyGdZL57,方法5,6,0.1364,13.64
4bceaffe5e429ed3333b,Method_Cj9Ya2R7fZd6xs1q5mNQ,方法1,18,0.3051,30.51
4bceaffe5e429ed3333b,Method_m8vwGkEZc3TSW2xqYUoR,方法2,14,0.2373,23.73
4bceaffe5e429ed3333b,Method_gj1NLb4Jn7URf9K2kQPd,方法3,12,0.2034,20.34
4bceaffe5e429ed3333b,Method_5Q4KoXthUuYz3bvrTDFm,方法4,10,0.1695,16.95
4bceaffe5e429ed3333b,Method_BXr9AIsPQhwNvyGdZL57,方法5,5,0.0847,8.47
f22c9341431a6123f670,Method_m8vwGkEZc3TSW2xqYUoR,方法1,20,0.2439,24.39
f22c9341431a6123f670,Method_Cj9Ya2R7fZd6xs1q5mNQ,方法2,18,0.2195,21.95
f22c9341431a6123f670,Method_BXr9AIsPQhwNvyGdZL57,方法3,16,0.1951,19.51
f22c9341431a6123f670,Method_gj1NLb4Jn7URf9K2kQPd,方法4,15,0.1829,18.29
f22c9341431a6123f670,Method_5Q4KoXthUuYz3bvrTDFm,方法5,13,0.1585,15.85
0107f72b66cbd1a0926d,Method_BXr9AIsPQhwNvyGdZL57,方法1,25,0.2551,25.51
0107f72b66cbd1a0926d,Method_m8vwGkEZc3TSW2xqYUoR,方法2,23,0.2347,23.47
0107f72b66cbd1a0926d,Method_gj1NLb4Jn7URf9K2kQPd,方法3,20,0.2041,20.41
0107f72b66cbd1a0926d,Method_5Q4KoXthUuYz3bvrTDFm,方法4,17,0.1735,17.35
0107f72b66cbd1a0926d,Method_Cj9Ya2R7fZd6xs1q5mNQ,方法5,13,0.1327,13.27
4c26df96293b4a52bc03,Method_BXr9AIsPQhwNvyGdZL57,方法1,29,0.2661,26.61
4c26df96293b4a52bc03,Method_5Q4KoXthUuYz3bvrTDFm,方法2,22,0.2018,20.18
4c26df96293b4a52bc03,Method_m8vwGkEZc3TSW2xqYUoR,方法3,21,0.1927,19.27
4c26df96293b4a52bc03,Method_Cj9Ya2R7fZd6xs1q5mNQ,方法4,21,0.1927,19.27
4c26df96293b4a52bc03,Method_gj1NLb4Jn7URf9K2kQPd,方法5,16,0.1468,14.68
8e25bcfa51d165f162f6,Method_5Q4KoXthUuYz3bvrTDFm,方法1,16,0.2319,23.19
8e25bcfa51d165f162f6,Method_gj1NLb4Jn7URf9K2kQPd,方法2,16,0.2319,23.19
8e25bcfa51d165f162f6,Method_BXr9AIsPQhwNvyGdZL57,方法3,14,0.2029,20.29
8e25bcfa51d165f162f6,Method_Cj9Ya2R7fZd6xs1q5mNQ,方法4,12,0.1739,17.39
8e25bcfa51d165f162f6,Method_m8vwGkEZc3TSW2xqYUoR,方法5,11,0.1594,15.94
9ee3e6df01c7cc22d066,Method_Cj9Ya2R7fZd6xs1q5mNQ,方法1,52,0.2476,24.76
9ee3e6df01c7cc22d066,Method_BXr9AIsPQhwNvyGdZL57,方法2,43,0.2048,20.48
9ee3e6df01c7cc22d066,Method_m8vwGkEZc3TSW2xqYUoR,方法3,43,0.2048,20.48
9ee3e6df01c7cc22d066,Method_gj1NLb4Jn7URf9K2kQPd,方法4,37,0.1762,17.62
9ee3e6df01c7cc22d066,Method_5Q4KoXthUuYz3bvrTDFm,方法5,35,0.1667,16.67
42e83553ca9d77ab4aee,Method_BXr9AIsPQhwNvyGdZL57,方法1,31,0.2793,27.93
42e83553ca9d77ab4aee,Method_Cj9Ya2R7fZd6xs1q5mNQ,方法2,26,0.2342,23.42
42e83553ca9d77ab4aee,Method_5Q4KoXthUuYz3bvrTDFm,方法3,19,0.1712,17.12
42e83553ca9d77ab4aee,Method_m8vwGkEZc3TSW2xqYUoR,方法4,18,0.1622,16.22
42e83553ca9d77ab4aee,Method_gj1NLb4Jn7URf9K2kQPd,方法5,17,0.1532,15.32
ba563fef8484139dc84d,Method_5Q4KoXthUuYz3bvrTDFm,方法1,33,0.2463,24.63
ba563fef8484139dc84d,Method_Cj9Ya2R7fZd6xs1q5mNQ,方法2,30,0.2239,22.39
ba563fef8484139dc84d,Method_gj1NLb4Jn7URf9K2kQPd,方法3,27,0.2015,20.15
ba563fef8484139dc84d,Method_BXr9AIsPQhwNvyGdZL57,方法4,23,0.1716,17.16
ba563fef8484139dc84d,Method_m8vwGkEZc3TSW2xqYUoR,方法5,21,0.1567,15.67
9b1c065069dbb7a71617,Method_m8vwGkEZc3TSW2xqYUoR,方法1,37,0.227,22.7
9b1c065069dbb7a71617,Method_Cj9Ya2R7fZd6xs1q5mNQ,方法2,35,0.2147,21.47
9b1c065069dbb7a71617,Method_gj1NLb4Jn7URf9K2kQPd,方法3,33,0.2025,20.25
9b1c065069dbb7a71617,Method_BXr9AIsPQhwNvyGdZL57,方法4,31,0.1902,19.02
9b1c065069dbb7a71617,Method_5Q4KoXthUuYz3bvrTDFm,方法5,27,0.1656,16.56
1fa4f2361b8a03040292,Method_BXr9AIsPQhwNvyGdZL57,方法1,35,0.2574,25.74
1fa4f2361b8a03040292,Method_gj1NLb4Jn7URf9K2kQPd,方法2,32,0.2353,23.53
1fa4f2361b8a03040292,Method_Cj9Ya2R7fZd6xs1q5mNQ,方法3,25,0.1838,18.38
1fa4f2361b8a03040292,Method_m8vwGkEZc3TSW2xqYUoR,方法4,23,0.1691,16.91
1fa4f2361b8a03040292,Method_5Q4KoXthUuYz3bvrTDFm,方法5,21,0.1544,15.44
82da6d26645f8f71bd61,Method_gj1NLb4Jn7URf9K2kQPd,方法1,16,0.2712,27.12
82da6d26645f8f71bd61,Method_Cj9Ya2R7fZd6xs1q5mNQ,方法2,15,0.2542,25.42
82da6d26645f8f71bd61,Method_m8vwGkEZc3TSW2xqYUoR,方法3,14,0.2373,23.73
82da6d26645f8f71bd61,Method_BXr9AIsPQhwNvyGdZL57,方法4,10,0.1695,16.95
82da6d26645f8f71bd61,Method_5Q4KoXthUuYz3bvrTDFm,方法5,4,0.0678,6.78
a9554f5c3d61d05617e1,Method_5Q4KoXthUuYz3bvrTDFm,方法1,28,0.2373,23.73
a9554f5c3d61d05617e1,Method_Cj9Ya2R7fZd6xs1q5mNQ,方法2,28,0.2373,23.73
a9554f5c3d61d05617e1,Method_BXr9AIsPQhwNvyGdZL57,方法3,26,0.2203,22.03
a9554f5c3d61d05617e1,Method_m8vwGkEZc3TSW2xqYUoR,方法4,19,0.161,16.1
a9554f5c3d61d05617e1,Method_gj1NLb4Jn7URf9K2kQPd,方法5,17,0.1441,14.41
2e2c00240c341a4265e3,Method_m8vwGkEZc3TSW2xqYUoR,方法1,28,0.2642,26.42
2e2c00240c341a4265e3,Method_Cj9Ya2R7fZd6xs1q5mNQ,方法2,24,0.2264,22.64
2e2c00240c341a4265e3,Method_5Q4KoXthUuYz3bvrTDFm,方法3,20,0.1887,18.87
2e2c00240c341a4265e3,Method_BXr9AIsPQhwNvyGdZL57,方法4,18,0.1698,16.98
2e2c00240c341a4265e3,Method_gj1NLb4Jn7URf9K2kQPd,方法5,16,0.1509,15.09
4e768251c78b687fa993,Method_BXr9AIsPQhwNvyGdZL57,方法1,38,0.2317,23.17
4e768251c78b687fa993,Method_5Q4KoXthUuYz3bvrTDFm,方法2,37,0.2256,22.56
4e768251c78b687fa993,Method_Cj9Ya2R7fZd6xs1q5mNQ,方法3,34,0.2073,20.73
4e768251c78b687fa993,Method_gj1NLb4Jn7URf9K2kQPd,方法4,33,0.2012,20.12
4e768251c78b687fa993,Method_m8vwGkEZc3TSW2xqYUoR,方法5,22,0.1341,13.41
6964a3d507ac1ecf9e52,Method_gj1NLb4Jn7URf9K2kQPd,方法1,64,0.2294,22.94
6964a3d507ac1ecf9e52,Method_BXr9AIsPQhwNvyGdZL57,方法2,57,0.2043,20.43
6964a3d507ac1ecf9e52,Method_Cj9Ya2R7fZd6xs1q5mNQ,方法3,57,0.2043,20.43
6964a3d507ac1ecf9e52,Method_m8vwGkEZc3TSW2xqYUoR,方法4,55,0.1971,19.71
6964a3d507ac1ecf9e52,Method_5Q4KoXthUuYz3bvrTDFm,方法5,46,0.1649,16.49
03754dce5ec7731fb3e2,Method_Cj9Ya2R7fZd6xs1q5mNQ,方法1,48,0.2341,23.41
03754dce5ec7731fb3e2,Method_m8vwGkEZc3TSW2xqYUoR,方法2,45,0.2195,21.95
03754dce5ec7731fb3e2,Method_BXr9AIsPQhwNvyGdZL57,方法3,44,0.2146,21.46
03754dce5ec7731fb3e2,Method_5Q4KoXthUuYz3bvrTDFm,方法4,40,0.1951,19.51
03754dce5ec7731fb3e2,Method_gj1NLb4Jn7URf9K2kQPd,方法5,28,0.1366,13.66
4738a118c8b8fa271fd6,Method_gj1NLb4Jn7URf9K2kQPd,方法1,27,0.2596,25.96
4738a118c8b8fa271fd6,Method_5Q4KoXthUuYz3bvrTDFm,方法2,21,0.2019,20.19
4738a118c8b8fa271fd6,Method_m8vwGkEZc3TSW2xqYUoR,方法3,21,0.2019,20.19
4738a118c8b8fa271fd6,Method_BXr9AIsPQhwNvyGdZL57,方法4,18,0.1731,17.31
4738a118c8b8fa271fd6,Method_Cj9Ya2R7fZd6xs1q5mNQ,方法5,17,0.1635,16.35
2af634997fba501740c2,Method_m8vwGkEZc3TSW2xqYUoR,方法1,31,0.2263,22.63
2af634997fba501740c2,Method_BXr9AIsPQhwNvyGdZL57,方法2,30,0.219,21.9
2af634997fba501740c2,Method_Cj9Ya2R7fZd6xs1q5mNQ,方法3,26,0.1898,18.98
2af634997fba501740c2,Method_5Q4KoXthUuYz3bvrTDFm,方法4,26,0.1898,18.98
2af634997fba501740c2,Method_gj1NLb4Jn7URf9K2kQPd,方法5,24,0.1752,17.52
c9e6e9322dd7054e618c,Method_m8vwGkEZc3TSW2xqYUoR,方法1,16,0.2319,23.19
c9e6e9322dd7054e618c,Method_5Q4KoXthUuYz3bvrTDFm,方法2,16,0.2319,23.19
c9e6e9322dd7054e618c,Method_BXr9AIsPQhwNvyGdZL57,方法3,15,0.2174,21.74
c9e6e9322dd7054e618c,Method_Cj9Ya2R7fZd6xs1q5mNQ,方法4,12,0.1739,17.39
c9e6e9322dd7054e618c,Method_gj1NLb4Jn7URf9K2kQPd,方法5,10,0.1449,14.49
d72abe041b8db9118e70,Method_m8vwGkEZc3TSW2xqYUoR,方法1,24,0.2526,25.26
d72abe041b8db9118e70,Method_Cj9Ya2R7fZd6xs1q5mNQ,方法2,20,0.2105,21.05
d72abe041b8db9118e70,Method_5Q4KoXthUuYz3bvrTDFm,方法3,18,0.1895,18.95
d72abe041b8db9118e70,Method_gj1NLb4Jn7URf9K2kQPd,方法4,17,0.1789,17.89
d72abe041b8db9118e70,Method_BXr9AIsPQhwNvyGdZL57,方法5,16,0.1684,16.84
b0a62c35bfc7f529e83b,Method_Cj9Ya2R7fZd6xs1q5mNQ,方法1,16,0.2105,21.05
b0a62c35bfc7f529e83b,Method_m8vwGkEZc3TSW2xqYUoR,方法2,16,0.2105,21.05
b0a62c35bfc7f529e83b,Method_gj1NLb4Jn7URf9K2kQPd,方法3,16,0.2105,21.05
b0a62c35bfc7f529e83b,Method_5Q4KoXthUuYz3bvrTDFm,方法4,16,0.2105,21.05
b0a62c35bfc7f529e83b,Method_BXr9AIsPQhwNvyGdZL57,方法5,12,0.1579,15.79
a856f10303ba34926fdd,Method_Cj9Ya2R7fZd6xs1q5mNQ,方法1,21,0.2234,22.34
a856f10303ba34926fdd,Method_5Q4KoXthUuYz3bvrTDFm,方法2,21,0.2234,22.34
a856f10303ba34926fdd,Method_gj1NLb4Jn7URf9K2kQPd,方法3,20,0.2128,21.28
a856f10303ba34926fdd,Method_m8vwGkEZc3TSW2xqYUoR,方法4,20,0.2128,21.28
a856f10303ba34926fdd,Method_BXr9AIsPQhwNvyGdZL57,方法5,12,0.1277,12.77
951678e2f3db4cd9911d,Method_m8vwGkEZc3TSW2xqYUoR,方法1,17,0.2297,22.97
951678e2f3db4cd9911d,Method_BXr9AIsPQhwNvyGdZL57,方法2,17,0.2297,22.97
951678e2f3db4cd9911d,Method_gj1NLb4Jn7URf9K2kQPd,方法3,14,0.1892,18.92
951678e2f3db4cd9911d,Method_Cj9Ya2R7fZd6xs1q5mNQ,方法4,14,0.1892,18.92
951678e2f3db4cd9911d,Method_5Q4KoXthUuYz3bvrTDFm,方法5,12,0.1622,16.22
b34d4dc5b6c5fd7c5def,Method_gj1NLb4Jn7URf9K2kQPd,方法1,18,0.2727,27.27
b34d4dc5b6c5fd7c5def,Method_Cj9Ya2R7fZd6xs1q5mNQ,方法2,15,0.2273,22.73
b34d4dc5b6c5fd7c5def,Method_m8vwGkEZc3TSW2xqYUoR,方法3,14,0.2121,21.21
b34d4dc5b6c5fd7c5def,Method_5Q4KoXthUuYz3bvrTDFm,方法4,12,0.1818,18.18
b34d4dc5b6c5fd7c5def,Method_BXr9AIsPQhwNvyGdZL57,方法5,7,0.1061,10.61
430420fb41fe0a889868,Method_Cj9Ya2R7fZd6xs1q5mNQ,方法1,49,0.23,23.0
430420fb41fe0a889868,Method_5Q4KoXthUuYz3bvrTDFm,方法2,45,0.2113,21.13
430420fb41fe0a889868,Method_m8vwGkEZc3TSW2xqYUoR,方法3,42,0.1972,19.72
430420fb41fe0a889868,Method_gj1NLb4Jn7URf9K2kQPd,方法4,39,0.1831,18.31
430420fb41fe0a889868,Method_BXr9AIsPQhwNvyGdZL57,方法5,38,0.1784,17.84
e17f01453906e3ae5716,Method_gj1NLb4Jn7URf9K2kQPd,方法1,45,0.2195,21.95
e17f01453906e3ae5716,Method_Cj9Ya2R7fZd6xs1q5mNQ,方法2,41,0.2,20.0
e17f01453906e3ae5716,Method_5Q4KoXthUuYz3bvrTDFm,方法3,40,0.1951,19.51
e17f01453906e3ae5716,Method_BXr9AIsPQhwNvyGdZL57,方法4,40,0.1951,19.51
e17f01453906e3ae5716,Method_m8vwGkEZc3TSW2xqYUoR,方法5,39,0.1902,19.02
d536120baaef5495c028,Method_5Q4KoXthUuYz3bvrTDFm,方法1,26,0.25,25.0
d536120baaef5495c028,Method_m8vwGkEZc3TSW2xqYUoR,方法2,24,0.2308,23.08
d536120baaef5495c028,Method_BXr9AIsPQhwNvyGdZL57,方法3,22,0.2115,21.15
d536120baaef5495c028,Method_Cj9Ya2R7fZd6xs1q5mNQ,方法4,17,0.1635,16.35
d536120baaef5495c028,Method_gj1NLb4Jn7URf9K2kQPd,方法5,15,0.1442,14.42
2ecb7fb5ff8899614c12,Method_5Q4KoXthUuYz3bvrTDFm,方法1,43,0.2471,24.71
2ecb7fb5ff8899614c12,Method_Cj9Ya2R7fZd6xs1q5mNQ,方法2,41,0.2356,23.56
2ecb7fb5ff8899614c12,Method_BXr9AIsPQhwNvyGdZL57,方法3,32,0.1839,18.39
2ecb7fb5ff8899614c12,Method_m8vwGkEZc3TSW2xqYUoR,方法4,30,0.1724,17.24
2ecb7fb5ff8899614c12,Method_gj1NLb4Jn7URf9K2kQPd,方法5,28,0.1609,16.09
d6f3f410bbb24244d270,Method_m8vwGkEZc3TSW2xqYUoR,方法1,35,0.2318,23.18
d6f3f410bbb24244d270,Method_Cj9Ya2R7fZd6xs1q5mNQ,方法2,34,0.2252,22.52
d6f3f410bbb24244d270,Method_5Q4KoXthUuYz3bvrTDFm,方法3,28,0.1854,18.54
d6f3f410bbb24244d270,Method_gj1NLb4Jn7URf9K2kQPd,方法4,27,0.1788,17.88
d6f3f410bbb24244d270,Method_BXr9AIsPQhwNvyGdZL57,方法5,27,0.1788,17.88
67f8d47cfb7b7b3d2095,Method_gj1NLb4Jn7URf9K2kQPd,方法1,46,0.2421,24.21
67f8d47cfb7b7b3d2095,Method_5Q4KoXthUuYz3bvrTDFm,方法2,41,0.2158,21.58
67f8d47cfb7b7b3d2095,Method_Cj9Ya2R7fZd6xs1q5mNQ,方法3,38,0.2,20.0
67f8d47cfb7b7b3d2095,Method_BXr9AIsPQhwNvyGdZL57,方法4,37,0.1947,19.47
67f8d47cfb7b7b3d2095,Method_m8vwGkEZc3TSW2xqYUoR,方法5,28,0.1474,14.74
a0fa57995e3e8cdcc13a,Method_Cj9Ya2R7fZd6xs1q5mNQ,方法1,43,0.2228,22.28
a0fa57995e3e8cdcc13a,Method_5Q4KoXthUuYz3bvrTDFm,方法2,40,0.2073,20.73
a0fa57995e3e8cdcc13a,Method_m8vwGkEZc3TSW2xqYUoR,方法3,40,0.2073,20.73
a0fa57995e3e8cdcc13a,Method_gj1NLb4Jn7URf9K2kQPd,方法4,38,0.1969,19.69
a0fa57995e3e8cdcc13a,Method_BXr9AIsPQhwNvyGdZL57,方法5,32,0.1658,16.58
fe40bd528b4fbbf591e1,Method_gj1NLb4Jn7URf9K2kQPd,方法1,42,0.28,28.0
fe40bd528b4fbbf591e1,Method_Cj9Ya2R7fZd6xs1q5mNQ,方法2,33,0.22,22.0
fe40bd528b4fbbf591e1,Method_BXr9AIsPQhwNvyGdZL57,方法3,29,0.1933,19.33
fe40bd528b4fbbf591e1,Method_m8vwGkEZc3TSW2xqYUoR,方法4,29,0.1933,19.33
fe40bd528b4fbbf591e1,Method_5Q4KoXthUuYz3bvrTDFm,方法5,17,0.1133,11.33
be52205cb48c05e10567,Method_5Q4KoXthUuYz3bvrTDFm,方法1,11,0.3929,39.29
be52205cb48c05e10567,Method_gj1NLb4Jn7URf9K2kQPd,方法2,8,0.2857,28.57
be52205cb48c05e10567,Method_m8vwGkEZc3TSW2xqYUoR,方法3,3,0.1071,10.71
be52205cb48c05e10567,Method_BXr9AIsPQhwNvyGdZL57,方法4,3,0.1071,10.71
be52205cb48c05e10567,Method_Cj9Ya2R7fZd6xs1q5mNQ,方法5,3,0.1071,10.71
03e0c9bff3a9557480d9,Method_gj1NLb4Jn7URf9K2kQPd,方法1,26,0.2708,27.08
03e0c9bff3a9557480d9,Method_Cj9Ya2R7fZd6xs1q5mNQ,方法2,20,0.2083,20.83
03e0c9bff3a9557480d9,Method_BXr9AIsPQhwNvyGdZL57,方法3,18,0.1875,18.75
03e0c9bff3a9557480d9,Method_5Q4KoXthUuYz3bvrTDFm,方法4,17,0.1771,17.71
03e0c9bff3a9557480d9,Method_m8vwGkEZc3TSW2xqYUoR,方法5,15,0.1562,15.62
60c3549c706fe13322ce,Method_BXr9AIsPQhwNvyGdZL57,方法1,25,0.2294,22.94
60c3549c706fe13322ce,Method_gj1NLb4Jn7URf9K2kQPd,方法2,22,0.2018,20.18
60c3549c706fe13322ce,Method_5Q4KoXthUuYz3bvrTDFm,方法3,22,0.2018,20.18
60c3549c706fe13322ce,Method_m8vwGkEZc3TSW2xqYUoR,方法4,21,0.1927,19.27
60c3549c706fe13322ce,Method_Cj9Ya2R7fZd6xs1q5mNQ,方法5,19,0.1743,17.43
2826ec26211d83efd2c6,Method_m8vwGkEZc3TSW2xqYUoR,方法1,28,0.25,25.0
2826ec26211d83efd2c6,Method_gj1NLb4Jn7URf9K2kQPd,方法2,27,0.2411,24.11
2826ec26211d83efd2c6,Method_5Q4KoXthUuYz3bvrTDFm,方法3,26,0.2321,23.21
2826ec26211d83efd2c6,Method_BXr9AIsPQhwNvyGdZL57,方法4,18,0.1607,16.07
2826ec26211d83efd2c6,Method_Cj9Ya2R7fZd6xs1q5mNQ,方法5,13,0.1161,11.61
6b9ee688551136da2eb9,Method_5Q4KoXthUuYz3bvrTDFm,方法1,25,0.2358,23.58
6b9ee688551136da2eb9,Method_m8vwGkEZc3TSW2xqYUoR,方法2,24,0.2264,22.64
6b9ee688551136da2eb9,Method_BXr9AIsPQhwNvyGdZL57,方法3,22,0.2075,20.75
6b9ee688551136da2eb9,Method_Cj9Ya2R7fZd6xs1q5mNQ,方法4,20,0.1887,18.87
6b9ee688551136da2eb9,Method_gj1NLb4Jn7URf9K2kQPd,方法5,15,0.1415,14.15
454c91e8f96c1dc4e994,Method_m8vwGkEZc3TSW2xqYUoR,方法1,41,0.2343,23.43
454c91e8f96c1dc4e994,Method_5Q4KoXthUuYz3bvrTDFm,方法2,38,0.2171,21.71
454c91e8f96c1dc4e994,Method_gj1NLb4Jn7URf9K2kQPd,方法3,36,0.2057,20.57
454c91e8f96c1dc4e994,Method_BXr9AIsPQhwNvyGdZL57,方法4,32,0.1829,18.29
454c91e8f96c1dc4e994,Method_Cj9Ya2R7fZd6xs1q5mNQ,方法5,28,0.16,16.0
854ce9f7f4d7b6115854,Method_m8vwGkEZc3TSW2xqYUoR,方法1,17,0.2787,27.87
854ce9f7f4d7b6115854,Method_BXr9AIsPQhwNvyGdZL57,方法2,15,0.2459,24.59
854ce9f7f4d7b6115854,Method_5Q4KoXthUuYz3bvrTDFm,方法3,12,0.1967,19.67
854ce9f7f4d7b6115854,Method_Cj9Ya2R7fZd6xs1q5mNQ,方法4,10,0.1639,16.39
854ce9f7f4d7b6115854,Method_gj1NLb4Jn7URf9K2kQPd,方法5,7,0.1148,11.48
d103bd9455fb9258c805,Method_gj1NLb4Jn7URf9K2kQPd,方法1,25,0.2688,26.88
d103bd9455fb9258c805,Method_5Q4KoXthUuYz3bvrTDFm,方法2,22,0.2366,23.66
d103bd9455fb9258c805,Method_Cj9Ya2R7fZd6xs1q5mNQ,方法3,18,0.1935,19.35
d103bd9455fb9258c805,Method_BXr9AIsPQhwNvyGdZL57,方法4,15,0.1613,16.13
d103bd9455fb9258c805,Method_m8vwGkEZc3TSW2xqYUoR,方法5,13,0.1398,13.98
13de1d3a55477a0c0329,Method_5Q4KoXthUuYz3bvrTDFm,方法1,30,0.2609,26.09
13de1d3a55477a0c0329,Method_gj1NLb4Jn7URf9K2kQPd,方法2,26,0.2261,22.61
13de1d3a55477a0c0329,Method_Cj9Ya2R7fZd6xs1q5mNQ,方法3,22,0.1913,19.13
13de1d3a55477a0c0329,Method_m8vwGkEZc3TSW2xqYUoR,方法4,21,0.1826,18.26
13de1d3a55477a0c0329,Method_BXr9AIsPQhwNvyGdZL57,方法5,16,0.1391,13.91
pg8ucem69ixbqhznx0x2,Method_m8vwGkEZc3TSW2xqYUoR,方法1,24,0.2697,26.97
pg8ucem69ixbqhznx0x2,Method_BXr9AIsPQhwNvyGdZL57,方法2,20,0.2247,22.47
pg8ucem69ixbqhznx0x2,Method_5Q4KoXthUuYz3bvrTDFm,方法3,17,0.191,19.1
pg8ucem69ixbqhznx0x2,Method_gj1NLb4Jn7URf9K2kQPd,方法4,16,0.1798,17.98
pg8ucem69ixbqhznx0x2,Method_Cj9Ya2R7fZd6xs1q5mNQ,方法5,12,0.1348,13.48
vzdurh8f0rfus5h4bde2,Method_m8vwGkEZc3TSW2xqYUoR,方法1,22,0.2418,24.18
vzdurh8f0rfus5h4bde2,Method_Cj9Ya2R7fZd6xs1q5mNQ,方法2,18,0.1978,19.78
vzdurh8f0rfus5h4bde2,Method_5Q4KoXthUuYz3bvrTDFm,方法3,17,0.1868,18.68
vzdurh8f0rfus5h4bde2,Method_BXr9AIsPQhwNvyGdZL57,方法4,17,0.1868,18.68
vzdurh8f0rfus5h4bde2,Method_gj1NLb4Jn7URf9K2kQPd,方法5,17,0.1868,18.68
ucxxvfcovdwuokyswife,Method_5Q4KoXthUuYz3bvrTDFm,方法1,28,0.3011,30.11
ucxxvfcovdwuokyswife,Method_BXr9AIsPQhwNvyGdZL57,方法2,21,0.2258,22.58
ucxxvfcovdwuokyswife,Method_Cj9Ya2R7fZd6xs1q5mNQ,方法3,17,0.1828,18.28
ucxxvfcovdwuokyswife,Method_m8vwGkEZc3TSW2xqYUoR,方法4,15,0.1613,16.13
ucxxvfcovdwuokyswife,Method_gj1NLb4Jn7URf9K2kQPd,方法5,12,0.129,12.9
yums89f0epz009xrrwrf,Method_m8vwGkEZc3TSW2xqYUoR,方法1,23,0.2584,25.84
yums89f0epz009xrrwrf,Method_gj1NLb4Jn7URf9K2kQPd,方法2,19,0.2135,21.35
yums89f0epz009xrrwrf,Method_BXr9AIsPQhwNvyGdZL57,方法3,19,0.2135,21.35
yums89f0epz009xrrwrf,Method_Cj9Ya2R7fZd6xs1q5mNQ,方法4,14,0.1573,15.73
yums89f0epz009xrrwrf,Method_5Q4KoXthUuYz3bvrTDFm,方法5,14,0.1573,15.73
4y1vvkscejq34042oag4,Method_m8vwGkEZc3TSW2xqYUoR,方法1,20,0.2198,21.98
4y1vvkscejq34042oag4,Method_5Q4KoXthUuYz3bvrTDFm,方法2,20,0.2198,21.98
4y1vvkscejq34042oag4,Method_gj1NLb4Jn7URf9K2kQPd,方法3,19,0.2088,20.88
4y1vvkscejq34042oag4,Method_Cj9Ya2R7fZd6xs1q5mNQ,方法4,17,0.1868,18.68
4y1vvkscejq34042oag4,Method_BXr9AIsPQhwNvyGdZL57,方法5,15,0.1648,16.48
ng2c52g74hfaudyxmm6m,Method_gj1NLb4Jn7URf9K2kQPd,方法1,28,0.2276,22.76
ng2c52g74hfaudyxmm6m,Method_Cj9Ya2R7fZd6xs1q5mNQ,方法2,26,0.2114,21.14
ng2c52g74hfaudyxmm6m,Method_BXr9AIsPQhwNvyGdZL57,方法3,25,0.2033,20.33
ng2c52g74hfaudyxmm6m,Method_5Q4KoXthUuYz3bvrTDFm,方法4,23,0.187,18.7
ng2c52g74hfaudyxmm6m,Method_m8vwGkEZc3TSW2xqYUoR,方法5,21,0.1707,17.07
ttsjumez81r1ot6tfe7n,Method_m8vwGkEZc3TSW2xqYUoR,方法1,19,0.2317,23.17
ttsjumez81r1ot6tfe7n,Method_5Q4KoXthUuYz3bvrTDFm,方法2,17,0.2073,20.73
ttsjumez81r1ot6tfe7n,Method_gj1NLb4Jn7URf9K2kQPd,方法3,17,0.2073,20.73
ttsjumez81r1ot6tfe7n,Method_BXr9AIsPQhwNvyGdZL57,方法4,15,0.1829,18.29
ttsjumez81r1ot6tfe7n,Method_Cj9Ya2R7fZd6xs1q5mNQ,方法5,14,0.1707,17.07
m3xzctvbxlbxz80zz042,Method_gj1NLb4Jn7URf9K2kQPd,方法1,26,0.2626,26.26
m3xzctvbxlbxz80zz042,Method_5Q4KoXthUuYz3bvrTDFm,方法2,20,0.202,20.2
m3xzctvbxlbxz80zz042,Method_m8vwGkEZc3TSW2xqYUoR,方法3,19,0.1919,19.19
m3xzctvbxlbxz80zz042,Method_BXr9AIsPQhwNvyGdZL57,方法4,17,0.1717,17.17
m3xzctvbxlbxz80zz042,Method_Cj9Ya2R7fZd6xs1q5mNQ,方法5,17,0.1717,17.17
1nebcwra7a0fduy8c1fa,Method_gj1NLb4Jn7URf9K2kQPd,方法1,31,0.3069,30.69
1nebcwra7a0fduy8c1fa,Method_5Q4KoXthUuYz3bvrTDFm,方法2,23,0.2277,22.77
1nebcwra7a0fduy8c1fa,Method_m8vwGkEZc3TSW2xqYUoR,方法3,22,0.2178,21.78
1nebcwra7a0fduy8c1fa,Method_Cj9Ya2R7fZd6xs1q5mNQ,方法4,13,0.1287,12.87
1nebcwra7a0fduy8c1fa,Method_BXr9AIsPQhwNvyGdZL57,方法5,12,0.1188,11.88
z9q10sbk27qpuvatlkuw,Method_m8vwGkEZc3TSW2xqYUoR,方法1,19,0.2159,21.59
z9q10sbk27qpuvatlkuw,Method_Cj9Ya2R7fZd6xs1q5mNQ,方法2,19,0.2159,21.59
z9q10sbk27qpuvatlkuw,Method_gj1NLb4Jn7URf9K2kQPd,方法3,18,0.2045,20.45
z9q10sbk27qpuvatlkuw,Method_5Q4KoXthUuYz3bvrTDFm,方法4,18,0.2045,20.45
z9q10sbk27qpuvatlkuw,Method_BXr9AIsPQhwNvyGdZL57,方法5,14,0.1591,15.91
cgydhui8n3uoxbq5rznl,Method_m8vwGkEZc3TSW2xqYUoR,方法1,20,0.2174,21.74
cgydhui8n3uoxbq5rznl,Method_5Q4KoXthUuYz3bvrTDFm,方法2,20,0.2174,21.74
cgydhui8n3uoxbq5rznl,Method_BXr9AIsPQhwNvyGdZL57,方法3,20,0.2174,21.74
cgydhui8n3uoxbq5rznl,Method_gj1NLb4Jn7URf9K2kQPd,方法4,16,0.1739,17.39
cgydhui8n3uoxbq5rznl,Method_Cj9Ya2R7fZd6xs1q5mNQ,方法5,16,0.1739,17.39
sdun9fmcol7sud39mllw,Method_BXr9AIsPQhwNvyGdZL57,方法1,25,0.2381,23.81
sdun9fmcol7sud39mllw,Method_m8vwGkEZc3TSW2xqYUoR,方法2,23,0.219,21.9
sdun9fmcol7sud39mllw,Method_gj1NLb4Jn7URf9K2kQPd,方法3,20,0.1905,19.05
sdun9fmcol7sud39mllw,Method_5Q4KoXthUuYz3bvrTDFm,方法4,19,0.181,18.1
sdun9fmcol7sud39mllw,Method_Cj9Ya2R7fZd6xs1q5mNQ,方法5,18,0.1714,17.14
csxiwtz34vm9vr0kbryx,Method_BXr9AIsPQhwNvyGdZL57,方法1,27,0.2269,22.69
csxiwtz34vm9vr0kbryx,Method_Cj9Ya2R7fZd6xs1q5mNQ,方法2,25,0.2101,21.01
csxiwtz34vm9vr0kbryx,Method_5Q4KoXthUuYz3bvrTDFm,方法3,24,0.2017,20.17
csxiwtz34vm9vr0kbryx,Method_m8vwGkEZc3TSW2xqYUoR,方法4,23,0.1933,19.33
csxiwtz34vm9vr0kbryx,Method_gj1NLb4Jn7URf9K2kQPd,方法5,20,0.1681,16.81
4v5xbvn3yhmvs97477pc,Method_5Q4KoXthUuYz3bvrTDFm,方法1,28,0.2917,29.17
4v5xbvn3yhmvs97477pc,Method_BXr9AIsPQhwNvyGdZL57,方法2,18,0.1875,18.75
4v5xbvn3yhmvs97477pc,Method_m8vwGkEZc3TSW2xqYUoR,方法3,18,0.1875,18.75
4v5xbvn3yhmvs97477pc,Method_gj1NLb4Jn7URf9K2kQPd,方法4,17,0.1771,17.71
4v5xbvn3yhmvs97477pc,Method_Cj9Ya2R7fZd6xs1q5mNQ,方法5,15,0.1562,15.62
g5wbnnhq1jbyc32q3003,Method_5Q4KoXthUuYz3bvrTDFm,方法1,24,0.2353,23.53
g5wbnnhq1jbyc32q3003,Method_BXr9AIsPQhwNvyGdZL57,方法2,23,0.2255,22.55
g5wbnnhq1jbyc32q3003,Method_gj1NLb4Jn7URf9K2kQPd,方法3,21,0.2059,20.59
g5wbnnhq1jbyc32q3003,Method_m8vwGkEZc3TSW2xqYUoR,方法4,20,0.1961,19.61
g5wbnnhq1jbyc32q3003,Method_Cj9Ya2R7fZd6xs1q5mNQ,方法5,14,0.1373,13.73
ulowmljtsh72z64haltq,Method_m8vwGkEZc3TSW2xqYUoR,方法1,23,0.2421,24.21
ulowmljtsh72z64haltq,Method_BXr9AIsPQhwNvyGdZL57,方法2,23,0.2421,24.21
ulowmljtsh72z64haltq,Method_gj1NLb4Jn7URf9K2kQPd,方法3,19,0.2,20.0
ulowmljtsh72z64haltq,Method_5Q4KoXthUuYz3bvrTDFm,方法4,16,0.1684,16.84
ulowmljtsh72z64haltq,Method_Cj9Ya2R7fZd6xs1q5mNQ,方法5,14,0.1474,14.74
19rc4zj7sw4ms0996992,Method_5Q4KoXthUuYz3bvrTDFm,方法1,27,0.2571,25.71
19rc4zj7sw4ms0996992,Method_BXr9AIsPQhwNvyGdZL57,方法2,25,0.2381,23.81
19rc4zj7sw4ms0996992,Method_m8vwGkEZc3TSW2xqYUoR,方法3,19,0.181,18.1
19rc4zj7sw4ms0996992,Method_Cj9Ya2R7fZd6xs1q5mNQ,方法4,18,0.1714,17.14
19rc4zj7sw4ms0996992,Method_gj1NLb4Jn7URf9K2kQPd,方法5,16,0.1524,15.24
mn8t0yyppsznr674ic1a,Method_m8vwGkEZc3TSW2xqYUoR,方法1,24,0.2581,25.81
mn8t0yyppsznr674ic1a,Method_gj1NLb4Jn7URf9K2kQPd,方法2,21,0.2258,22.58
mn8t0yyppsznr674ic1a,Method_5Q4KoXthUuYz3bvrTDFm,方法3,18,0.1935,19.35
mn8t0yyppsznr674ic1a,Method_Cj9Ya2R7fZd6xs1q5mNQ,方法4,15,0.1613,16.13
mn8t0yyppsznr674ic1a,Method_BXr9AIsPQhwNvyGdZL57,方法5,15,0.1613,16.13
isavn2ahb9n5z1q8win5,Method_gj1NLb4Jn7URf9K2kQPd,方法1,21,0.2258,22.58
isavn2ahb9n5z1q8win5,Method_Cj9Ya2R7fZd6xs1q5mNQ,方法2,20,0.2151,21.51
isavn2ahb9n5z1q8win5,Method_5Q4KoXthUuYz3bvrTDFm,方法3,20,0.2151,21.51
isavn2ahb9n5z1q8win5,Method_BXr9AIsPQhwNvyGdZL57,方法4,18,0.1935,19.35
isavn2ahb9n5z1q8win5,Method_m8vwGkEZc3TSW2xqYUoR,方法5,14,0.1505,15.05
uhky1uwx18u1e4nixzzf,Method_BXr9AIsPQhwNvyGdZL57,方法1,27,0.2647,26.47
uhky1uwx18u1e4nixzzf,Method_5Q4KoXthUuYz3bvrTDFm,方法2,24,0.2353,23.53
uhky1uwx18u1e4nixzzf,Method_Cj9Ya2R7fZd6xs1q5mNQ,方法3,19,0.1863,18.63
uhky1uwx18u1e4nixzzf,Method_m8vwGkEZc3TSW2xqYUoR,方法4,18,0.1765,17.65
uhky1uwx18u1e4nixzzf,Method_gj1NLb4Jn7URf9K2kQPd,方法5,14,0.1373,13.73
h9urbo4ce8x02brjnloz,Method_m8vwGkEZc3TSW2xqYUoR,方法1,24,0.2553,25.53
h9urbo4ce8x02brjnloz,Method_5Q4KoXthUuYz3bvrTDFm,方法2,21,0.2234,22.34
h9urbo4ce8x02brjnloz,Method_gj1NLb4Jn7URf9K2kQPd,方法3,19,0.2021,20.21
h9urbo4ce8x02brjnloz,Method_Cj9Ya2R7fZd6xs1q5mNQ,方法4,18,0.1915,19.15
h9urbo4ce8x02brjnloz,Method_BXr9AIsPQhwNvyGdZL57,方法5,12,0.1277,12.77
lewkf2owb42ywhfto9yf,Method_Cj9Ya2R7fZd6xs1q5mNQ,方法1,27,0.2842,28.42
lewkf2owb42ywhfto9yf,Method_5Q4KoXthUuYz3bvrTDFm,方法2,22,0.2316,23.16
lewkf2owb42ywhfto9yf,Method_gj1NLb4Jn7URf9K2kQPd,方法3,17,0.1789,17.89
lewkf2owb42ywhfto9yf,Method_BXr9AIsPQhwNvyGdZL57,方法4,17,0.1789,17.89
lewkf2owb42ywhfto9yf,Method_m8vwGkEZc3TSW2xqYUoR,方法5,12,0.1263,12.63
p3cs5x8cxrwubesmagvl,Method_m8vwGkEZc3TSW2xqYUoR,方法1,29,0.2458,24.58
p3cs5x8cxrwubesmagvl,Method_gj1NLb4Jn7URf9K2kQPd,方法2,26,0.2203,22.03
p3cs5x8cxrwubesmagvl,Method_5Q4KoXthUuYz3bvrTDFm,方法3,22,0.1864,18.64
p3cs5x8cxrwubesmagvl,Method_Cj9Ya2R7fZd6xs1q5mNQ,方法4,22,0.1864,18.64
p3cs5x8cxrwubesmagvl,Method_BXr9AIsPQhwNvyGdZL57,方法5,19,0.161,16.1
u968v341lom8drwdzqqj,Method_BXr9AIsPQhwNvyGdZL57,方法1,32,0.3636,36.36
u968v341lom8drwdzqqj,Method_gj1NLb4Jn7URf9K2kQPd,方法2,19,0.2159,21.59
u968v341lom8drwdzqqj,Method_m8vwGkEZc3TSW2xqYUoR,方法3,17,0.1932,19.32
u968v341lom8drwdzqqj,Method_5Q4KoXthUuYz3bvrTDFm,方法4,14,0.1591,15.91
u968v341lom8drwdzqqj,Method_Cj9Ya2R7fZd6xs1q5mNQ,方法5,6,0.0682,6.82
x8hocidvl3emcmrhw2f8,Method_BXr9AIsPQhwNvyGdZL57,方法1,27,0.2411,24.11
x8hocidvl3emcmrhw2f8,Method_5Q4KoXthUuYz3bvrTDFm,方法2,27,0.2411,24.11
x8hocidvl3emcmrhw2f8,Method_m8vwGkEZc3TSW2xqYUoR,方法3,23,0.2054,20.54
x8hocidvl3emcmrhw2f8,Method_Cj9Ya2R7fZd6xs1q5mNQ,方法4,19,0.1696,16.96
x8hocidvl3emcmrhw2f8,Method_gj1NLb4Jn7URf9K2kQPd,方法5,16,0.1429,14.29
0sgnvj4zfg3xjjb9fl6h,Method_m8vwGkEZc3TSW2xqYUoR,方法1,25,0.2381,23.81
0sgnvj4zfg3xjjb9fl6h,Method_5Q4KoXthUuYz3bvrTDFm,方法2,24,0.2286,22.86
0sgnvj4zfg3xjjb9fl6h,Method_Cj9Ya2R7fZd6xs1q5mNQ,方法3,22,0.2095,20.95
0sgnvj4zfg3xjjb9fl6h,Method_BXr9AIsPQhwNvyGdZL57,方法4,19,0.181,18.1
0sgnvj4zfg3xjjb9fl6h,Method_gj1NLb4Jn7URf9K2kQPd,方法5,15,0.1429,14.29
7ddzwidmh4uwbopvlast,Method_BXr9AIsPQhwNvyGdZL57,方法1,27,0.2411,24.11
7ddzwidmh4uwbopvlast,Method_gj1NLb4Jn7URf9K2kQPd,方法2,25,0.2232,22.32
7ddzwidmh4uwbopvlast,Method_m8vwGkEZc3TSW2xqYUoR,方法3,24,0.2143,21.43
7ddzwidmh4uwbopvlast,Method_5Q4KoXthUuYz3bvrTDFm,方法4,19,0.1696,16.96
7ddzwidmh4uwbopvlast,Method_Cj9Ya2R7fZd6xs1q5mNQ,方法5,17,0.1518,15.18
j8inicu0iafkpv3u9431,Method_gj1NLb4Jn7URf9K2kQPd,方法1,26,0.2737,27.37
j8inicu0iafkpv3u9431,Method_5Q4KoXthUuYz3bvrTDFm,方法2,21,0.2211,22.11
j8inicu0iafkpv3u9431,Method_m8vwGkEZc3TSW2xqYUoR,方法3,17,0.1789,17.89
j8inicu0iafkpv3u9431,Method_Cj9Ya2R7fZd6xs1q5mNQ,方法4,16,0.1684,16.84
j8inicu0iafkpv3u9431,Method_BXr9AIsPQhwNvyGdZL57,方法5,15,0.1579,15.79
74g1r714u01v7nb4vn8w,Method_m8vwGkEZc3TSW2xqYUoR,方法1,26,0.2574,25.74
74g1r714u01v7nb4vn8w,Method_gj1NLb4Jn7URf9K2kQPd,方法2,26,0.2574,25.74
74g1r714u01v7nb4vn8w,Method_Cj9Ya2R7fZd6xs1q5mNQ,方法3,19,0.1881,18.81
74g1r714u01v7nb4vn8w,Method_BXr9AIsPQhwNvyGdZL57,方法4,16,0.1584,15.84
74g1r714u01v7nb4vn8w,Method_5Q4KoXthUuYz3bvrTDFm,方法5,14,0.1386,13.86
em248gxmeso9cw0wzlv8,Method_m8vwGkEZc3TSW2xqYUoR,方法1,26,0.2241,22.41
em248gxmeso9cw0wzlv8,Method_Cj9Ya2R7fZd6xs1q5mNQ,方法2,26,0.2241,22.41
em248gxmeso9cw0wzlv8,Method_gj1NLb4Jn7URf9K2kQPd,方法3,25,0.2155,21.55
em248gxmeso9cw0wzlv8,Method_5Q4KoXthUuYz3bvrTDFm,方法4,23,0.1983,19.83
em248gxmeso9cw0wzlv8,Method_BXr9AIsPQhwNvyGdZL57,方法5,16,0.1379,13.79
hoedc2pzfz6av5bn1jq3,Method_gj1NLb4Jn7URf9K2kQPd,方法1,24,0.25,25.0
hoedc2pzfz6av5bn1jq3,Method_Cj9Ya2R7fZd6xs1q5mNQ,方法2,22,0.2292,22.92
hoedc2pzfz6av5bn1jq3,Method_BXr9AIsPQhwNvyGdZL57,方法3,21,0.2188,21.88
hoedc2pzfz6av5bn1jq3,Method_m8vwGkEZc3TSW2xqYUoR,方法4,21,0.2188,21.88
hoedc2pzfz6av5bn1jq3,Method_5Q4KoXthUuYz3bvrTDFm,方法5,8,0.0833,8.33
3ywgcurp27qp1fydp27z,Method_gj1NLb4Jn7URf9K2kQPd,方法1,31,0.2696,26.96
3ywgcurp27qp1fydp27z,Method_Cj9Ya2R7fZd6xs1q5mNQ,方法2,24,0.2087,20.87
3ywgcurp27qp1fydp27z,Method_BXr9AIsPQhwNvyGdZL57,方法3,22,0.1913,19.13
3ywgcurp27qp1fydp27z,Method_m8vwGkEZc3TSW2xqYUoR,方法4,21,0.1826,18.26
3ywgcurp27qp1fydp27z,Method_5Q4KoXthUuYz3bvrTDFm,方法5,17,0.1478,14.78
inyirhdpjahiguhs9e5b,Method_m8vwGkEZc3TSW2xqYUoR,方法1,26,0.2364,23.64
inyirhdpjahiguhs9e5b,Method_gj1NLb4Jn7URf9K2kQPd,方法2,26,0.2364,23.64
inyirhdpjahiguhs9e5b,Method_5Q4KoXthUuYz3bvrTDFm,方法3,23,0.2091,20.91
inyirhdpjahiguhs9e5b,Method_BXr9AIsPQhwNvyGdZL57,方法4,18,0.1636,16.36
inyirhdpjahiguhs9e5b,Method_Cj9Ya2R7fZd6xs1q5mNQ,方法5,17,0.1545,15.45
flde3irykh8wauaj2fuw,Method_5Q4KoXthUuYz3bvrTDFm,方法1,25,0.2451,24.51
flde3irykh8wauaj2fuw,Method_Cj9Ya2R7fZd6xs1q5mNQ,方法2,24,0.2353,23.53
flde3irykh8wauaj2fuw,Method_m8vwGkEZc3TSW2xqYUoR,方法3,21,0.2059,20.59
flde3irykh8wauaj2fuw,Method_BXr9AIsPQhwNvyGdZL57,方法4,21,0.2059,20.59
flde3irykh8wauaj2fuw,Method_gj1NLb4Jn7URf9K2kQPd,方法5,11,0.1078,10.78
1otvyki9oso9bg6ob16u,Method_BXr9AIsPQhwNvyGdZL57,方法1,23,0.2277,22.77
1otvyki9oso9bg6ob16u,Method_gj1NLb4Jn7URf9K2kQPd,方法2,22,0.2178,21.78
1otvyki9oso9bg6ob16u,Method_5Q4KoXthUuYz3bvrTDFm,方法3,22,0.2178,21.78
1otvyki9oso9bg6ob16u,Method_m8vwGkEZc3TSW2xqYUoR,方法4,19,0.1881,18.81
1otvyki9oso9bg6ob16u,Method_Cj9Ya2R7fZd6xs1q5mNQ,方法5,15,0.1485,14.85
05e1c3ce1728da7e37e0,Method_5Q4KoXthUuYz3bvrTDFm,方法1,31,0.2313,23.13
05e1c3ce1728da7e37e0,Method_m8vwGkEZc3TSW2xqYUoR,方法2,28,0.209,20.9
05e1c3ce1728da7e37e0,Method_Cj9Ya2R7fZd6xs1q5mNQ,方法3,28,0.209,20.9
05e1c3ce1728da7e37e0,Method_BXr9AIsPQhwNvyGdZL57,方法4,27,0.2015,20.15
05e1c3ce1728da7e37e0,Method_gj1NLb4Jn7URf9K2kQPd,方法5,20,0.1493,14.93
93f200d7351d4980fec6,Method_Cj9Ya2R7fZd6xs1q5mNQ,方法1,30,0.2479,24.79
93f200d7351d4980fec6,Method_BXr9AIsPQhwNvyGdZL57,方法2,27,0.2231,22.31
93f200d7351d4980fec6,Method_5Q4KoXthUuYz3bvrTDFm,方法3,25,0.2066,20.66
93f200d7351d4980fec6,Method_m8vwGkEZc3TSW2xqYUoR,方法4,20,0.1653,16.53
93f200d7351d4980fec6,Method_gj1NLb4Jn7URf9K2kQPd,方法5,19,0.157,15.7
4dfdfa5e1a04c832b9b4,Method_Cj9Ya2R7fZd6xs1q5mNQ,方法1,74,0.2176,21.76
4dfdfa5e1a04c832b9b4,Method_BXr9AIsPQhwNvyGdZL57,方法2,71,0.2088,20.88
4dfdfa5e1a04c832b9b4,Method_5Q4KoXthUuYz3bvrTDFm,方法3,67,0.1971,19.71
4dfdfa5e1a04c832b9b4,Method_m8vwGkEZc3TSW2xqYUoR,方法4,64,0.1882,18.82
4dfdfa5e1a04c832b9b4,Method_gj1NLb4Jn7URf9K2kQPd,方法5,64,0.1882,18.82
151cd83784ab9007e8d8,Method_m8vwGkEZc3TSW2xqYUoR,方法1,37,0.2372,23.72
151cd83784ab9007e8d8,Method_gj1NLb4Jn7URf9K2kQPd,方法2,31,0.1987,19.87
151cd83784ab9007e8d8,Method_BXr9AIsPQhwNvyGdZL57,方法3,31,0.1987,19.87
151cd83784ab9007e8d8,Method_5Q4KoXthUuYz3bvrTDFm,方法4,29,0.1859,18.59
151cd83784ab9007e8d8,Method_Cj9Ya2R7fZd6xs1q5mNQ,方法5,28,0.1795,17.95
8e1012c9f4775ba6a451,Method_5Q4KoXthUuYz3bvrTDFm,方法1,71,0.2094,20.94
8e1012c9f4775ba6a451,Method_Cj9Ya2R7fZd6xs1q5mNQ,方法2,70,0.2065,20.65
8e1012c9f4775ba6a451,Method_m8vwGkEZc3TSW2xqYUoR,方法3,69,0.2035,20.35
8e1012c9f4775ba6a451,Method_gj1NLb4Jn7URf9K2kQPd,方法4,67,0.1976,19.76
8e1012c9f4775ba6a451,Method_BXr9AIsPQhwNvyGdZL57,方法5,62,0.1829,18.29
413cbf664ac3ba8307ea,Method_5Q4KoXthUuYz3bvrTDFm,方法1,39,0.2453,24.53
413cbf664ac3ba8307ea,Method_Cj9Ya2R7fZd6xs1q5mNQ,方法2,34,0.2138,21.38
413cbf664ac3ba8307ea,Method_BXr9AIsPQhwNvyGdZL57,方法3,34,0.2138,21.38
413cbf664ac3ba8307ea,Method_m8vwGkEZc3TSW2xqYUoR,方法4,27,0.1698,16.98
413cbf664ac3ba8307ea,Method_gj1NLb4Jn7URf9K2kQPd,方法5,25,0.1572,15.72
3bf7b3c9aa7d93ecb603,Method_5Q4KoXthUuYz3bvrTDFm,方法1,48,0.2553,25.53
3bf7b3c9aa7d93ecb603,Method_BXr9AIsPQhwNvyGdZL57,方法2,39,0.2074,20.74
3bf7b3c9aa7d93ecb603,Method_Cj9Ya2R7fZd6xs1q5mNQ,方法3,38,0.2021,20.21
3bf7b3c9aa7d93ecb603,Method_gj1NLb4Jn7URf9K2kQPd,方法4,32,0.1702,17.02
3bf7b3c9aa7d93ecb603,Method_m8vwGkEZc3TSW2xqYUoR,方法5,31,0.1649,16.49
9ad512cc6cbd79aa81c7,Method_m8vwGkEZc3TSW2xqYUoR,方法1,23,0.2771,27.71
9ad512cc6cbd79aa81c7,Method_5Q4KoXthUuYz3bvrTDFm,方法2,20,0.241,24.1
9ad512cc6cbd79aa81c7,Method_BXr9AIsPQhwNvyGdZL57,方法3,18,0.2169,21.69
9ad512cc6cbd79aa81c7,Method_Cj9Ya2R7fZd6xs1q5mNQ,方法4,12,0.1446,14.46
9ad512cc6cbd79aa81c7,Method_gj1NLb4Jn7URf9K2kQPd,方法5,10,0.1205,12.05
71f6622e7caa6ed92506,Method_m8vwGkEZc3TSW2xqYUoR,方法1,20,0.2532,25.32
71f6622e7caa6ed92506,Method_Cj9Ya2R7fZd6xs1q5mNQ,方法2,18,0.2278,22.78
71f6622e7caa6ed92506,Method_5Q4KoXthUuYz3bvrTDFm,方法3,18,0.2278,22.78
71f6622e7caa6ed92506,Method_gj1NLb4Jn7URf9K2kQPd,方法4,12,0.1519,15.19
71f6622e7caa6ed92506,Method_BXr9AIsPQhwNvyGdZL57,方法5,11,0.1392,13.92
2fe9648ea28753c73c2c,Method_BXr9AIsPQhwNvyGdZL57,方法1,44,0.2404,24.04
2fe9648ea28753c73c2c,Method_Cj9Ya2R7fZd6xs1q5mNQ,方法2,42,0.2295,22.95
2fe9648ea28753c73c2c,Method_gj1NLb4Jn7URf9K2kQPd,方法3,37,0.2022,20.22
2fe9648ea28753c73c2c,Method_m8vwGkEZc3TSW2xqYUoR,方法4,33,0.1803,18.03
2fe9648ea28753c73c2c,Method_5Q4KoXthUuYz3bvrTDFm,方法5,27,0.1475,14.75
4474f24ef69e01e2c001,Method_gj1NLb4Jn7URf9K2kQPd,方法1,13,0.25,25.0
4474f24ef69e01e2c001,Method_m8vwGkEZc3TSW2xqYUoR,方法2,12,0.2308,23.08
4474f24ef69e01e2c001,Method_BXr9AIsPQhwNvyGdZL57,方法3,11,0.2115,21.15
4474f24ef69e01e2c001,Method_Cj9Ya2R7fZd6xs1q5mNQ,方法4,8,0.1538,15.38
4474f24ef69e01e2c001,Method_5Q4KoXthUuYz3bvrTDFm,方法5,8,0.1538,15.38
f81f52969ef1de783de3,Method_BXr9AIsPQhwNvyGdZL57,方法1,32,0.3299,32.99
f81f52969ef1de783de3,Method_m8vwGkEZc3TSW2xqYUoR,方法2,20,0.2062,20.62
f81f52969ef1de783de3,Method_Cj9Ya2R7fZd6xs1q5mNQ,方法3,18,0.1856,18.56
f81f52969ef1de783de3,Method_5Q4KoXthUuYz3bvrTDFm,方法4,16,0.1649,16.49
f81f52969ef1de783de3,Method_gj1NLb4Jn7URf9K2kQPd,方法5,11,0.1134,11.34
b9c7c66c8b57b9d3c6fa,Method_5Q4KoXthUuYz3bvrTDFm,方法1,31,0.2422,24.22
b9c7c66c8b57b9d3c6fa,Method_gj1NLb4Jn7URf9K2kQPd,方法2,28,0.2188,21.88
b9c7c66c8b57b9d3c6fa,Method_Cj9Ya2R7fZd6xs1q5mNQ,方法3,25,0.1953,19.53
b9c7c66c8b57b9d3c6fa,Method_m8vwGkEZc3TSW2xqYUoR,方法4,23,0.1797,17.97
b9c7c66c8b57b9d3c6fa,Method_BXr9AIsPQhwNvyGdZL57,方法5,21,0.1641,16.41
a95a606f0110653858b2,Method_m8vwGkEZc3TSW2xqYUoR,方法1,36,0.2209,22.09
a95a606f0110653858b2,Method_Cj9Ya2R7fZd6xs1q5mNQ,方法2,35,0.2147,21.47
a95a606f0110653858b2,Method_gj1NLb4Jn7URf9K2kQPd,方法3,34,0.2086,20.86
a95a606f0110653858b2,Method_5Q4KoXthUuYz3bvrTDFm,方法4,31,0.1902,19.02
a95a606f0110653858b2,Method_BXr9AIsPQhwNvyGdZL57,方法5,27,0.1656,16.56
66d7c0bdb21b7d5bd83d,Method_5Q4KoXthUuYz3bvrTDFm,方法1,79,0.2453,24.53
66d7c0bdb21b7d5bd83d,Method_gj1NLb4Jn7URf9K2kQPd,方法2,67,0.2081,20.81
66d7c0bdb21b7d5bd83d,Method_m8vwGkEZc3TSW2xqYUoR,方法3,66,0.205,20.5
66d7c0bdb21b7d5bd83d,Method_Cj9Ya2R7fZd6xs1q5mNQ,方法4,61,0.1894,18.94
66d7c0bdb21b7d5bd83d,Method_BXr9AIsPQhwNvyGdZL57,方法5,49,0.1522,15.22
c89e8b7b18082e2fa6df,Method_Cj9Ya2R7fZd6xs1q5mNQ,方法1,42,0.2308,23.08
c89e8b7b18082e2fa6df,Method_BXr9AIsPQhwNvyGdZL57,方法2,40,0.2198,21.98
c89e8b7b18082e2fa6df,Method_m8vwGkEZc3TSW2xqYUoR,方法3,37,0.2033,20.33
c89e8b7b18082e2fa6df,Method_5Q4KoXthUuYz3bvrTDFm,方法4,33,0.1813,18.13
c89e8b7b18082e2fa6df,Method_gj1NLb4Jn7URf9K2kQPd,方法5,30,0.1648,16.48
522837ace4fd8dd743f2,Method_BXr9AIsPQhwNvyGdZL57,方法1,91,0.2459,24.59
522837ace4fd8dd743f2,Method_Cj9Ya2R7fZd6xs1q5mNQ,方法2,75,0.2027,20.27
522837ace4fd8dd743f2,Method_gj1NLb4Jn7URf9K2kQPd,方法3,73,0.1973,19.73
522837ace4fd8dd743f2,Method_m8vwGkEZc3TSW2xqYUoR,方法4,68,0.1838,18.38
522837ace4fd8dd743f2,Method_5Q4KoXthUuYz3bvrTDFm,方法5,63,0.1703,17.03
0df40593e76a840fd64b,Method_Cj9Ya2R7fZd6xs1q5mNQ,方法1,63,0.2405,24.05
0df40593e76a840fd64b,Method_gj1NLb4Jn7URf9K2kQPd,方法2,54,0.2061,20.61
0df40593e76a840fd64b,Method_m8vwGkEZc3TSW2xqYUoR,方法3,51,0.1947,19.47
0df40593e76a840fd64b,Method_5Q4KoXthUuYz3bvrTDFm,方法4,50,0.1908,19.08
0df40593e76a840fd64b,Method_BXr9AIsPQhwNvyGdZL57,方法5,44,0.1679,16.79
952e59666bdde6dad94c,Method_Cj9Ya2R7fZd6xs1q5mNQ,方法1,58,0.2283,22.83
952e59666bdde6dad94c,Method_BXr9AIsPQhwNvyGdZL57,方法2,55,0.2165,21.65
952e59666bdde6dad94c,Method_m8vwGkEZc3TSW2xqYUoR,方法3,49,0.1929,19.29
952e59666bdde6dad94c,Method_5Q4KoXthUuYz3bvrTDFm,方法4,46,0.1811,18.11
952e59666bdde6dad94c,Method_gj1NLb4Jn7URf9K2kQPd,方法5,46,0.1811,18.11
800d0095388d11344b78,Method_m8vwGkEZc3TSW2xqYUoR,方法1,21,0.2386,23.86
800d0095388d11344b78,Method_BXr9AIsPQhwNvyGdZL57,方法2,19,0.2159,21.59
800d0095388d11344b78,Method_5Q4KoXthUuYz3bvrTDFm,方法3,19,0.2159,21.59
800d0095388d11344b78,Method_gj1NLb4Jn7URf9K2kQPd,方法4,16,0.1818,18.18
800d0095388d11344b78,Method_Cj9Ya2R7fZd6xs1q5mNQ,方法5,13,0.1477,14.77
d53a4fb612fb801fff3d,Method_gj1NLb4Jn7URf9K2kQPd,方法1,29,0.218,21.8
d53a4fb612fb801fff3d,Method_Cj9Ya2R7fZd6xs1q5mNQ,方法2,28,0.2105,21.05
d53a4fb612fb801fff3d,Method_BXr9AIsPQhwNvyGdZL57,方法3,27,0.203,20.3
d53a4fb612fb801fff3d,Method_m8vwGkEZc3TSW2xqYUoR,方法4,26,0.1955,19.55
d53a4fb612fb801fff3d,Method_5Q4KoXthUuYz3bvrTDFm,方法5,23,0.1729,17.29
71ca74e191e71b0219b5,Method_gj1NLb4Jn7URf9K2kQPd,方法1,25,0.2841,28.41
71ca74e191e71b0219b5,Method_m8vwGkEZc3TSW2xqYUoR,方法2,22,0.25,25.0
71ca74e191e71b0219b5,Method_Cj9Ya2R7fZd6xs1q5mNQ,方法3,16,0.1818,18.18
71ca74e191e71b0219b5,Method_BXr9AIsPQhwNvyGdZL57,方法4,15,0.1705,17.05
71ca74e191e71b0219b5,Method_5Q4KoXthUuYz3bvrTDFm,方法5,10,0.1136,11.36
dddd7ba8769cf90bfd62,Method_Cj9Ya2R7fZd6xs1q5mNQ,方法1,21,0.2442,24.42
dddd7ba8769cf90bfd62,Method_5Q4KoXthUuYz3bvrTDFm,方法2,20,0.2326,23.26
dddd7ba8769cf90bfd62,Method_gj1NLb4Jn7URf9K2kQPd,方法3,19,0.2209,22.09
dddd7ba8769cf90bfd62,Method_BXr9AIsPQhwNvyGdZL57,方法4,15,0.1744,17.44
dddd7ba8769cf90bfd62,Method_m8vwGkEZc3TSW2xqYUoR,方法5,11,0.1279,12.79
758a52e21fd5c23cd7ed,Method_BXr9AIsPQhwNvyGdZL57,方法1,30,0.2885,28.85
758a52e21fd5c23cd7ed,Method_m8vwGkEZc3TSW2xqYUoR,方法2,29,0.2788,27.88
758a52e21fd5c23cd7ed,Method_5Q4KoXthUuYz3bvrTDFm,方法3,23,0.2212,22.12
758a52e21fd5c23cd7ed,Method_Cj9Ya2R7fZd6xs1q5mNQ,方法4,13,0.125,12.5
758a52e21fd5c23cd7ed,Method_gj1NLb4Jn7URf9K2kQPd,方法5,9,0.0865,8.65
4cc0dc56eecea1d928d1,Method_BXr9AIsPQhwNvyGdZL57,方法1,31,0.2214,22.14
4cc0dc56eecea1d928d1,Method_gj1NLb4Jn7URf9K2kQPd,方法2,30,0.2143,21.43
4cc0dc56eecea1d928d1,Method_m8vwGkEZc3TSW2xqYUoR,方法3,30,0.2143,21.43
4cc0dc56eecea1d928d1,Method_5Q4KoXthUuYz3bvrTDFm,方法4,27,0.1929,19.29
4cc0dc56eecea1d928d1,Method_Cj9Ya2R7fZd6xs1q5mNQ,方法5,22,0.1571,15.71
e62f7655cb5259abfbf1,Method_gj1NLb4Jn7URf9K2kQPd,方法1,34,0.2576,25.76
e62f7655cb5259abfbf1,Method_m8vwGkEZc3TSW2xqYUoR,方法2,30,0.2273,22.73
e62f7655cb5259abfbf1,Method_Cj9Ya2R7fZd6xs1q5mNQ,方法3,23,0.1742,17.42
e62f7655cb5259abfbf1,Method_BXr9AIsPQhwNvyGdZL57,方法4,23,0.1742,17.42
e62f7655cb5259abfbf1,Method_5Q4KoXthUuYz3bvrTDFm,方法5,22,0.1667,16.67
0258f681a9e1756dfc76,Method_gj1NLb4Jn7URf9K2kQPd,方法1,75,0.2193,21.93
0258f681a9e1756dfc76,Method_Cj9Ya2R7fZd6xs1q5mNQ,方法2,74,0.2164,21.64
0258f681a9e1756dfc76,Method_m8vwGkEZc3TSW2xqYUoR,方法3,68,0.1988,19.88
0258f681a9e1756dfc76,Method_5Q4KoXthUuYz3bvrTDFm,方法4,64,0.1871,18.71
0258f681a9e1756dfc76,Method_BXr9AIsPQhwNvyGdZL57,方法5,61,0.1784,17.84
8bf3625652581859dcd1,Method_m8vwGkEZc3TSW2xqYUoR,方法1,49,0.2322,23.22
8bf3625652581859dcd1,Method_5Q4KoXthUuYz3bvrTDFm,方法2,47,0.2227,22.27
8bf3625652581859dcd1,Method_BXr9AIsPQhwNvyGdZL57,方法3,43,0.2038,20.38
8bf3625652581859dcd1,Method_gj1NLb4Jn7URf9K2kQPd,方法4,39,0.1848,18.48
8bf3625652581859dcd1,Method_Cj9Ya2R7fZd6xs1q5mNQ,方法5,33,0.1564,15.64
63c38a00d97e62c31e08,Method_BXr9AIsPQhwNvyGdZL57,方法1,37,0.245,24.5
63c38a00d97e62c31e08,Method_m8vwGkEZc3TSW2xqYUoR,方法2,34,0.2252,22.52
63c38a00d97e62c31e08,Method_Cj9Ya2R7fZd6xs1q5mNQ,方法3,30,0.1987,19.87
63c38a00d97e62c31e08,Method_gj1NLb4Jn7URf9K2kQPd,方法4,28,0.1854,18.54
63c38a00d97e62c31e08,Method_5Q4KoXthUuYz3bvrTDFm,方法5,22,0.1457,14.57
f9dde99f5db421171b51,Method_gj1NLb4Jn7URf9K2kQPd,方法1,77,0.2319,23.19
f9dde99f5db421171b51,Method_m8vwGkEZc3TSW2xqYUoR,方法2,71,0.2139,21.39
f9dde99f5db421171b51,Method_BXr9AIsPQhwNvyGdZL57,方法3,68,0.2048,20.48
f9dde99f5db421171b51,Method_5Q4KoXthUuYz3bvrTDFm,方法4,66,0.1988,19.88
f9dde99f5db421171b51,Method_Cj9Ya2R7fZd6xs1q5mNQ,方法5,50,0.1506,15.06
b1b3363b7086aaa99b0d,Method_gj1NLb4Jn7URf9K2kQPd,方法1,18,0.25,25.0
b1b3363b7086aaa99b0d,Method_5Q4KoXthUuYz3bvrTDFm,方法2,16,0.2222,22.22
b1b3363b7086aaa99b0d,Method_BXr9AIsPQhwNvyGdZL57,方法3,13,0.1806,18.06
b1b3363b7086aaa99b0d,Method_m8vwGkEZc3TSW2xqYUoR,方法4,13,0.1806,18.06
b1b3363b7086aaa99b0d,Method_Cj9Ya2R7fZd6xs1q5mNQ,方法5,12,0.1667,16.67
e4af37199530e9ea523c,Method_BXr9AIsPQhwNvyGdZL57,方法1,42,0.2346,23.46
e4af37199530e9ea523c,Method_Cj9Ya2R7fZd6xs1q5mNQ,方法2,40,0.2235,22.35
e4af37199530e9ea523c,Method_m8vwGkEZc3TSW2xqYUoR,方法3,37,0.2067,20.67
e4af37199530e9ea523c,Method_5Q4KoXthUuYz3bvrTDFm,方法4,31,0.1732,17.32
e4af37199530e9ea523c,Method_gj1NLb4Jn7URf9K2kQPd,方法5,29,0.162,16.2
204fdbe885269686a392,Method_Cj9Ya2R7fZd6xs1q5mNQ,方法1,28,0.2222,22.22
204fdbe885269686a392,Method_m8vwGkEZc3TSW2xqYUoR,方法2,27,0.2143,21.43
204fdbe885269686a392,Method_5Q4KoXthUuYz3bvrTDFm,方法3,26,0.2063,20.63
204fdbe885269686a392,Method_gj1NLb4Jn7URf9K2kQPd,方法4,24,0.1905,19.05
204fdbe885269686a392,Method_BXr9AIsPQhwNvyGdZL57,方法5,21,0.1667,16.67
b1fbf77b475e79c3d413,Method_BXr9AIsPQhwNvyGdZL57,方法1,50,0.2165,21.65
b1fbf77b475e79c3d413,Method_gj1NLb4Jn7URf9K2kQPd,方法2,49,0.2121,21.21
b1fbf77b475e79c3d413,Method_5Q4KoXthUuYz3bvrTDFm,方法3,46,0.1991,19.91
b1fbf77b475e79c3d413,Method_Cj9Ya2R7fZd6xs1q5mNQ,方法4,44,0.1905,19.05
b1fbf77b475e79c3d413,Method_m8vwGkEZc3TSW2xqYUoR,方法5,42,0.1818,18.18
7f1c076b22be73eef99b,Method_m8vwGkEZc3TSW2xqYUoR,方法1,45,0.2153,21.53
7f1c076b22be73eef99b,Method_Cj9Ya2R7fZd6xs1q5mNQ,方法2,44,0.2105,21.05
7f1c076b22be73eef99b,Method_5Q4KoXthUuYz3bvrTDFm,方法3,42,0.201,20.1
7f1c076b22be73eef99b,Method_BXr9AIsPQhwNvyGdZL57,方法4,40,0.1914,19.14
7f1c076b22be73eef99b,Method_gj1NLb4Jn7URf9K2kQPd,方法5,38,0.1818,18.18
b9a8b9ee84232efd7d61,Method_Cj9Ya2R7fZd6xs1q5mNQ,方法1,21,0.2211,22.11
b9a8b9ee84232efd7d61,Method_m8vwGkEZc3TSW2xqYUoR,方法2,20,0.2105,21.05
b9a8b9ee84232efd7d61,Method_gj1NLb4Jn7URf9K2kQPd,方法3,19,0.2,20.0
b9a8b9ee84232efd7d61,Method_BXr9AIsPQhwNvyGdZL57,方法4,18,0.1895,18.95
b9a8b9ee84232efd7d61,Method_5Q4KoXthUuYz3bvrTDFm,方法5,17,0.1789,17.89
52a24e35d5356ab34a2e,Method_5Q4KoXthUuYz3bvrTDFm,方法1,33,0.2276,22.76
52a24e35d5356ab34a2e,Method_gj1NLb4Jn7URf9K2kQPd,方法2,31,0.2138,21.38
52a24e35d5356ab34a2e,Method_Cj9Ya2R7fZd6xs1q5mNQ,方法3,28,0.1931,19.31
52a24e35d5356ab34a2e,Method_m8vwGkEZc3TSW2xqYUoR,方法4,27,0.1862,18.62
52a24e35d5356ab34a2e,Method_BXr9AIsPQhwNvyGdZL57,方法5,26,0.1793,17.93
5abcc9d4fb5e764b2f6f,Method_gj1NLb4Jn7URf9K2kQPd,方法1,39,0.2437,24.38
5abcc9d4fb5e764b2f6f,Method_BXr9AIsPQhwNvyGdZL57,方法2,34,0.2125,21.25
5abcc9d4fb5e764b2f6f,Method_Cj9Ya2R7fZd6xs1q5mNQ,方法3,32,0.2,20.0
5abcc9d4fb5e764b2f6f,Method_5Q4KoXthUuYz3bvrTDFm,方法4,28,0.175,17.5
5abcc9d4fb5e764b2f6f,Method_m8vwGkEZc3TSW2xqYUoR,方法5,27,0.1688,16.88
04f2689b4ea16d8d7d9a,Method_5Q4KoXthUuYz3bvrTDFm,方法1,97,0.2195,21.95
04f2689b4ea16d8d7d9a,Method_Cj9Ya2R7fZd6xs1q5mNQ,方法2,93,0.2104,21.04
04f2689b4ea16d8d7d9a,Method_gj1NLb4Jn7URf9K2kQPd,方法3,92,0.2081,20.81
04f2689b4ea16d8d7d9a,Method_BXr9AIsPQhwNvyGdZL57,方法4,85,0.1923,19.23
04f2689b4ea16d8d7d9a,Method_m8vwGkEZc3TSW2xqYUoR,方法5,75,0.1697,16.97
2db6dd71f1d07300382c,Method_m8vwGkEZc3TSW2xqYUoR,方法1,17,0.2537,25.37
2db6dd71f1d07300382c,Method_BXr9AIsPQhwNvyGdZL57,方法2,16,0.2388,23.88
2db6dd71f1d07300382c,Method_5Q4KoXthUuYz3bvrTDFm,方法3,14,0.209,20.9
2db6dd71f1d07300382c,Method_gj1NLb4Jn7URf9K2kQPd,方法4,12,0.1791,17.91
2db6dd71f1d07300382c,Method_Cj9Ya2R7fZd6xs1q5mNQ,方法5,8,0.1194,11.94
d2c5423ea5fa0a995264,Method_m8vwGkEZc3TSW2xqYUoR,方法1,27,0.3103,31.03
d2c5423ea5fa0a995264,Method_gj1NLb4Jn7URf9K2kQPd,方法2,22,0.2529,25.29
d2c5423ea5fa0a995264,Method_Cj9Ya2R7fZd6xs1q5mNQ,方法3,14,0.1609,16.09
d2c5423ea5fa0a995264,Method_BXr9AIsPQhwNvyGdZL57,方法4,14,0.1609,16.09
d2c5423ea5fa0a995264,Method_5Q4KoXthUuYz3bvrTDFm,方法5,10,0.1149,11.49
81c441973fd4e024d60a,Method_Cj9Ya2R7fZd6xs1q5mNQ,方法1,53,0.2325,23.25
81c441973fd4e024d60a,Method_BXr9AIsPQhwNvyGdZL57,方法2,51,0.2237,22.37
81c441973fd4e024d60a,Method_5Q4KoXthUuYz3bvrTDFm,方法3,45,0.1974,19.74
81c441973fd4e024d60a,Method_m8vwGkEZc3TSW2xqYUoR,方法4,43,0.1886,18.86
81c441973fd4e024d60a,Method_gj1NLb4Jn7URf9K2kQPd,方法5,36,0.1579,15.79
83b54209fa2b1055369b,Method_5Q4KoXthUuYz3bvrTDFm,方法1,29,0.2283,22.83
83b54209fa2b1055369b,Method_m8vwGkEZc3TSW2xqYUoR,方法2,28,0.2205,22.05
83b54209fa2b1055369b,Method_Cj9Ya2R7fZd6xs1q5mNQ,方法3,27,0.2126,21.26
83b54209fa2b1055369b,Method_gj1NLb4Jn7URf9K2kQPd,方法4,22,0.1732,17.32
83b54209fa2b1055369b,Method_BXr9AIsPQhwNvyGdZL57,方法5,21,0.1654,16.54
9ee4ff457095eaf23309,Method_5Q4KoXthUuYz3bvrTDFm,方法1,41,0.247,24.7
9ee4ff457095eaf23309,Method_m8vwGkEZc3TSW2xqYUoR,方法2,34,0.2048,20.48
9ee4ff457095eaf23309,Method_Cj9Ya2R7fZd6xs1q5mNQ,方法3,34,0.2048,20.48
9ee4ff457095eaf23309,Method_BXr9AIsPQhwNvyGdZL57,方法4,31,0.1867,18.67
9ee4ff457095eaf23309,Method_gj1NLb4Jn7URf9K2kQPd,方法5,26,0.1566,15.66
b6808721d4a7900e360a,Method_m8vwGkEZc3TSW2xqYUoR,方法1,62,0.2199,21.99
b6808721d4a7900e360a,Method_5Q4KoXthUuYz3bvrTDFm,方法2,60,0.2128,21.28
b6808721d4a7900e360a,Method_Cj9Ya2R7fZd6xs1q5mNQ,方法3,56,0.1986,19.86
b6808721d4a7900e360a,Method_gj1NLb4Jn7URf9K2kQPd,方法4,53,0.1879,18.79
b6808721d4a7900e360a,Method_BXr9AIsPQhwNvyGdZL57,方法5,51,0.1809,18.09
f05247f3d32a4bf5a6df,Method_5Q4KoXthUuYz3bvrTDFm,方法1,76,0.3065,30.65
f05247f3d32a4bf5a6df,Method_BXr9AIsPQhwNvyGdZL57,方法2,60,0.2419,24.19
f05247f3d32a4bf5a6df,Method_Cj9Ya2R7fZd6xs1q5mNQ,方法3,49,0.1976,19.76
f05247f3d32a4bf5a6df,Method_gj1NLb4Jn7URf9K2kQPd,方法4,32,0.129,12.9
f05247f3d32a4bf5a6df,Method_m8vwGkEZc3TSW2xqYUoR,方法5,31,0.125,12.5
6fc66606e74242398444,Method_5Q4KoXthUuYz3bvrTDFm,方法1,48,0.2567,25.67
6fc66606e74242398444,Method_BXr9AIsPQhwNvyGdZL57,方法2,39,0.2086,20.86
6fc66606e74242398444,Method_Cj9Ya2R7fZd6xs1q5mNQ,方法3,37,0.1979,19.79
6fc66606e74242398444,Method_gj1NLb4Jn7URf9K2kQPd,方法4,34,0.1818,18.18
6fc66606e74242398444,Method_m8vwGkEZc3TSW2xqYUoR,方法5,29,0.1551,15.51
5a44a7c59729d41d596a,Method_Cj9Ya2R7fZd6xs1q5mNQ,方法1,9,0.2571,25.71
5a44a7c59729d41d596a,Method_BXr9AIsPQhwNvyGdZL57,方法2,8,0.2286,22.86
5a44a7c59729d41d596a,Method_gj1NLb4Jn7URf9K2kQPd,方法3,7,0.2,20.0
5a44a7c59729d41d596a,Method_5Q4KoXthUuYz3bvrTDFm,方法4,6,0.1714,17.14
5a44a7c59729d41d596a,Method_m8vwGkEZc3TSW2xqYUoR,方法5,5,0.1429,14.29
05e6d9723ab3cde0841d,Method_5Q4KoXthUuYz3bvrTDFm,方法1,74,0.212,21.2
05e6d9723ab3cde0841d,Method_gj1NLb4Jn7URf9K2kQPd,方法2,74,0.212,21.2
05e6d9723ab3cde0841d,Method_BXr9AIsPQhwNvyGdZL57,方法3,69,0.1977,19.77
05e6d9723ab3cde0841d,Method_Cj9Ya2R7fZd6xs1q5mNQ,方法4,67,0.192,19.2
05e6d9723ab3cde0841d,Method_m8vwGkEZc3TSW2xqYUoR,方法5,65,0.1862,18.62
2a515047aa9d085849a2,Method_Cj9Ya2R7fZd6xs1q5mNQ,方法1,47,0.241,24.1
2a515047aa9d085849a2,Method_5Q4KoXthUuYz3bvrTDFm,方法2,38,0.1949,19.49
2a515047aa9d085849a2,Method_BXr9AIsPQhwNvyGdZL57,方法3,38,0.1949,19.49
2a515047aa9d085849a2,Method_gj1NLb4Jn7URf9K2kQPd,方法4,36,0.1846,18.46
2a515047aa9d085849a2,Method_m8vwGkEZc3TSW2xqYUoR,方法5,36,0.1846,18.46
3f34e3108d1108dab0fd,Method_5Q4KoXthUuYz3bvrTDFm,方法1,19,0.2676,26.76
3f34e3108d1108dab0fd,Method_BXr9AIsPQhwNvyGdZL57,方法2,17,0.2394,23.94
3f34e3108d1108dab0fd,Method_Cj9Ya2R7fZd6xs1q5mNQ,方法3,14,0.1972,19.72
3f34e3108d1108dab0fd,Method_m8vwGkEZc3TSW2xqYUoR,方法4,12,0.169,16.9
3f34e3108d1108dab0fd,Method_gj1NLb4Jn7URf9K2kQPd,方法5,9,0.1268,12.68
42dd5f9cd9e2c3ac9ed7,Method_BXr9AIsPQhwNvyGdZL57,方法1,36,0.2791,27.91
42dd5f9cd9e2c3ac9ed7,Method_gj1NLb4Jn7URf9K2kQPd,方法2,28,0.2171,21.71
42dd5f9cd9e2c3ac9ed7,Method_m8vwGkEZc3TSW2xqYUoR,方法3,24,0.186,18.6
42dd5f9cd9e2c3ac9ed7,Method_5Q4KoXthUuYz3bvrTDFm,方法4,21,0.1628,16.28
42dd5f9cd9e2c3ac9ed7,Method_Cj9Ya2R7fZd6xs1q5mNQ,方法5,20,0.155,15.5
e5cab2ae37f3a9ed4f46,Method_gj1NLb4Jn7URf9K2kQPd,方法1,33,0.2409,24.09
e5cab2ae37f3a9ed4f46,Method_5Q4KoXthUuYz3bvrTDFm,方法2,28,0.2044,20.44
e5cab2ae37f3a9ed4f46,Method_BXr9AIsPQhwNvyGdZL57,方法3,28,0.2044,20.44
e5cab2ae37f3a9ed4f46,Method_Cj9Ya2R7fZd6xs1q5mNQ,方法4,26,0.1898,18.98
e5cab2ae37f3a9ed4f46,Method_m8vwGkEZc3TSW2xqYUoR,方法5,22,0.1606,16.06
ca10145a308249ed82e9,Method_gj1NLb4Jn7URf9K2kQPd,方法1,26,0.2407,24.07
ca10145a308249ed82e9,Method_m8vwGkEZc3TSW2xqYUoR,方法2,23,0.213,21.3
ca10145a308249ed82e9,Method_BXr9AIsPQhwNvyGdZL57,方法3,23,0.213,21.3
ca10145a308249ed82e9,Method_Cj9Ya2R7fZd6xs1q5mNQ,方法4,23,0.213,21.3
ca10145a308249ed82e9,Method_5Q4KoXthUuYz3bvrTDFm,方法5,13,0.1204,12.04
5cda8273b348fbda9f29,Method_BXr9AIsPQhwNvyGdZL57,方法1,42,0.2111,21.11
5cda8273b348fbda9f29,Method_Cj9Ya2R7fZd6xs1q5mNQ,方法2,42,0.2111,21.11
5cda8273b348fbda9f29,Method_gj1NLb4Jn7URf9K2kQPd,方法3,41,0.206,20.6
5cda8273b348fbda9f29,Method_m8vwGkEZc3TSW2xqYUoR,方法4,40,0.201,20.1
5cda8273b348fbda9f29,Method_5Q4KoXthUuYz3bvrTDFm,方法5,34,0.1709,17.09
96c23b85b0b4ffdc3cae,Method_gj1NLb4Jn7URf9K2kQPd,方法1,20,0.2273,22.73
96c23b85b0b4ffdc3cae,Method_m8vwGkEZc3TSW2xqYUoR,方法2,19,0.2159,21.59
96c23b85b0b4ffdc3cae,Method_5Q4KoXthUuYz3bvrTDFm,方法3,18,0.2045,20.45
96c23b85b0b4ffdc3cae,Method_BXr9AIsPQhwNvyGdZL57,方法4,16,0.1818,18.18
96c23b85b0b4ffdc3cae,Method_Cj9Ya2R7fZd6xs1q5mNQ,方法5,15,0.1705,17.05
329622100fe091a4c48c,Method_gj1NLb4Jn7URf9K2kQPd,方法1,65,0.2289,22.89
329622100fe091a4c48c,Method_m8vwGkEZc3TSW2xqYUoR,方法2,61,0.2148,21.48
329622100fe091a4c48c,Method_Cj9Ya2R7fZd6xs1q5mNQ,方法3,57,0.2007,20.07
329622100fe091a4c48c,Method_BXr9AIsPQhwNvyGdZL57,方法4,51,0.1796,17.96
329622100fe091a4c48c,Method_5Q4KoXthUuYz3bvrTDFm,方法5,50,0.1761,17.61
2933a3227c7ce7fe21eb,Method_m8vwGkEZc3TSW2xqYUoR,方法1,28,0.3373,33.73
2933a3227c7ce7fe21eb,Method_5Q4KoXthUuYz3bvrTDFm,方法2,16,0.1928,19.28
2933a3227c7ce7fe21eb,Method_Cj9Ya2R7fZd6xs1q5mNQ,方法3,15,0.1807,18.07
2933a3227c7ce7fe21eb,Method_gj1NLb4Jn7URf9K2kQPd,方法4,14,0.1687,16.87
2933a3227c7ce7fe21eb,Method_BXr9AIsPQhwNvyGdZL57,方法5,10,0.1205,12.05
3dba043eb6065ad3a343,Method_5Q4KoXthUuYz3bvrTDFm,方法1,10,0.2703,27.03
3dba043eb6065ad3a343,Method_gj1NLb4Jn7URf9K2kQPd,方法2,10,0.2703,27.03
3dba043eb6065ad3a343,Method_Cj9Ya2R7fZd6xs1q5mNQ,方法3,9,0.2432,24.32
3dba043eb6065ad3a343,Method_m8vwGkEZc3TSW2xqYUoR,方法4,6,0.1622,16.22
3dba043eb6065ad3a343,Method_BXr9AIsPQhwNvyGdZL57,方法5,2,0.0541,5.41
8a9f3822aaa08e579e4f,Method_5Q4KoXthUuYz3bvrTDFm,方法1,25,0.2451,24.51
8a9f3822aaa08e579e4f,Method_Cj9Ya2R7fZd6xs1q5mNQ,方法2,22,0.2157,21.57
8a9f3822aaa08e579e4f,Method_gj1NLb4Jn7URf9K2kQPd,方法3,21,0.2059,20.59
8a9f3822aaa08e579e4f,Method_m8vwGkEZc3TSW2xqYUoR,方法4,19,0.1863,18.63
8a9f3822aaa08e579e4f,Method_BXr9AIsPQhwNvyGdZL57,方法5,15,0.1471,14.71
1367d35cf39783effa7a,Method_gj1NLb4Jn7URf9K2kQPd,方法1,16,0.254,25.4
1367d35cf39783effa7a,Method_5Q4KoXthUuYz3bvrTDFm,方法2,15,0.2381,23.81
1367d35cf39783effa7a,Method_m8vwGkEZc3TSW2xqYUoR,方法3,14,0.2222,22.22
1367d35cf39783effa7a,Method_Cj9Ya2R7fZd6xs1q5mNQ,方法4,9,0.1429,14.29
1367d35cf39783effa7a,Method_BXr9AIsPQhwNvyGdZL57,方法5,9,0.1429,14.29
c6ab0de398cfcbd21dc5,Method_Cj9Ya2R7fZd6xs1q5mNQ,方法1,22,0.2268,22.68
c6ab0de398cfcbd21dc5,Method_gj1NLb4Jn7URf9K2kQPd,方法2,21,0.2165,21.65
c6ab0de398cfcbd21dc5,Method_m8vwGkEZc3TSW2xqYUoR,方法3,19,0.1959,19.59
c6ab0de398cfcbd21dc5,Method_5Q4KoXthUuYz3bvrTDFm,方法4,19,0.1959,19.59
c6ab0de398cfcbd21dc5,Method_BXr9AIsPQhwNvyGdZL57,方法5,16,0.1649,16.49
4e508744a9816cc4586a,Method_gj1NLb4Jn7URf9K2kQPd,方法1,17,0.2329,23.29
4e508744a9816cc4586a,Method_Cj9Ya2R7fZd6xs1q5mNQ,方法2,15,0.2055,20.55
4e508744a9816cc4586a,Method_m8vwGkEZc3TSW2xqYUoR,方法3,15,0.2055,20.55
4e508744a9816cc4586a,Method_BXr9AIsPQhwNvyGdZL57,方法4,14,0.1918,19.18
4e508744a9816cc4586a,Method_5Q4KoXthUuYz3bvrTDFm,方法5,12,0.1644,16.44
o3jddioub8dsv0fm22qn,Method_m8vwGkEZc3TSW2xqYUoR,方法1,22,0.2472,24.72
o3jddioub8dsv0fm22qn,Method_BXr9AIsPQhwNvyGdZL57,方法2,20,0.2247,22.47
o3jddioub8dsv0fm22qn,Method_5Q4KoXthUuYz3bvrTDFm,方法3,17,0.191,19.1
o3jddioub8dsv0fm22qn,Method_gj1NLb4Jn7URf9K2kQPd,方法4,16,0.1798,17.98
o3jddioub8dsv0fm22qn,Method_Cj9Ya2R7fZd6xs1q5mNQ,方法5,14,0.1573,15.73
4130weedl0x9hc7qe5a4,Method_gj1NLb4Jn7URf9K2kQPd,方法1,24,0.2308,23.08
4130weedl0x9hc7qe5a4,Method_5Q4KoXthUuYz3bvrTDFm,方法2,24,0.2308,23.08
4130weedl0x9hc7qe5a4,Method_BXr9AIsPQhwNvyGdZL57,方法3,22,0.2115,21.15
4130weedl0x9hc7qe5a4,Method_Cj9Ya2R7fZd6xs1q5mNQ,方法4,19,0.1827,18.27
4130weedl0x9hc7qe5a4,Method_m8vwGkEZc3TSW2xqYUoR,方法5,15,0.1442,14.42
aqpg6qwtponj9ojmx6ls,Method_m8vwGkEZc3TSW2xqYUoR,方法1,24,0.24,24.0
aqpg6qwtponj9ojmx6ls,Method_BXr9AIsPQhwNvyGdZL57,方法2,22,0.22,22.0
aqpg6qwtponj9ojmx6ls,Method_Cj9Ya2R7fZd6xs1q5mNQ,方法3,21,0.21,21.0
aqpg6qwtponj9ojmx6ls,Method_gj1NLb4Jn7URf9K2kQPd,方法4,17,0.17,17.0
aqpg6qwtponj9ojmx6ls,Method_5Q4KoXthUuYz3bvrTDFm,方法5,16,0.16,16.0
pgknalznufvmvwgc1ca8,Method_5Q4KoXthUuYz3bvrTDFm,方法1,24,0.233,23.3
pgknalznufvmvwgc1ca8,Method_BXr9AIsPQhwNvyGdZL57,方法2,23,0.2233,22.33
pgknalznufvmvwgc1ca8,Method_m8vwGkEZc3TSW2xqYUoR,方法3,23,0.2233,22.33
pgknalznufvmvwgc1ca8,Method_gj1NLb4Jn7URf9K2kQPd,方法4,17,0.165,16.5
pgknalznufvmvwgc1ca8,Method_Cj9Ya2R7fZd6xs1q5mNQ,方法5,16,0.1553,15.53
oc0ww31yssff9rktgowo,Method_5Q4KoXthUuYz3bvrTDFm,方法1,25,0.2336,23.36
oc0ww31yssff9rktgowo,Method_BXr9AIsPQhwNvyGdZL57,方法2,24,0.2243,22.43
oc0ww31yssff9rktgowo,Method_gj1NLb4Jn7URf9K2kQPd,方法3,24,0.2243,22.43
oc0ww31yssff9rktgowo,Method_m8vwGkEZc3TSW2xqYUoR,方法4,19,0.1776,17.76
oc0ww31yssff9rktgowo,Method_Cj9Ya2R7fZd6xs1q5mNQ,方法5,15,0.1402,14.02
rsclhbtmbxt0xrye64ax,Method_BXr9AIsPQhwNvyGdZL57,方法1,22,0.2222,22.22
rsclhbtmbxt0xrye64ax,Method_gj1NLb4Jn7URf9K2kQPd,方法2,21,0.2121,21.21
rsclhbtmbxt0xrye64ax,Method_5Q4KoXthUuYz3bvrTDFm,方法3,19,0.1919,19.19
rsclhbtmbxt0xrye64ax,Method_Cj9Ya2R7fZd6xs1q5mNQ,方法4,19,0.1919,19.19
rsclhbtmbxt0xrye64ax,Method_m8vwGkEZc3TSW2xqYUoR,方法5,18,0.1818,18.18
orubxhpr5e1heat93ue4,Method_Cj9Ya2R7fZd6xs1q5mNQ,方法1,25,0.2632,26.32
orubxhpr5e1heat93ue4,Method_BXr9AIsPQhwNvyGdZL57,方法2,23,0.2421,24.21
orubxhpr5e1heat93ue4,Method_5Q4KoXthUuYz3bvrTDFm,方法3,19,0.2,20.0
orubxhpr5e1heat93ue4,Method_m8vwGkEZc3TSW2xqYUoR,方法4,16,0.1684,16.84
orubxhpr5e1heat93ue4,Method_gj1NLb4Jn7URf9K2kQPd,方法5,12,0.1263,12.63
4x441h9y6wzknmtdw7q4,Method_5Q4KoXthUuYz3bvrTDFm,方法1,27,0.2389,23.89
4x441h9y6wzknmtdw7q4,Method_Cj9Ya2R7fZd6xs1q5mNQ,方法2,26,0.2301,23.01
4x441h9y6wzknmtdw7q4,Method_m8vwGkEZc3TSW2xqYUoR,方法3,23,0.2035,20.35
4x441h9y6wzknmtdw7q4,Method_BXr9AIsPQhwNvyGdZL57,方法4,21,0.1858,18.58
4x441h9y6wzknmtdw7q4,Method_gj1NLb4Jn7URf9K2kQPd,方法5,16,0.1416,14.16
2a6ap0t2rsvoogmydj3a,Method_Cj9Ya2R7fZd6xs1q5mNQ,方法1,25,0.2315,23.15
2a6ap0t2rsvoogmydj3a,Method_gj1NLb4Jn7URf9K2kQPd,方法2,22,0.2037,20.37
2a6ap0t2rsvoogmydj3a,Method_5Q4KoXthUuYz3bvrTDFm,方法3,22,0.2037,20.37
2a6ap0t2rsvoogmydj3a,Method_BXr9AIsPQhwNvyGdZL57,方法4,20,0.1852,18.52
2a6ap0t2rsvoogmydj3a,Method_m8vwGkEZc3TSW2xqYUoR,方法5,19,0.1759,17.59
daty5mq7b20bkt2c2zfs,Method_gj1NLb4Jn7URf9K2kQPd,方法1,26,0.2407,24.07
daty5mq7b20bkt2c2zfs,Method_5Q4KoXthUuYz3bvrTDFm,方法2,25,0.2315,23.15
daty5mq7b20bkt2c2zfs,Method_BXr9AIsPQhwNvyGdZL57,方法3,24,0.2222,22.22
daty5mq7b20bkt2c2zfs,Method_m8vwGkEZc3TSW2xqYUoR,方法4,17,0.1574,15.74
daty5mq7b20bkt2c2zfs,Method_Cj9Ya2R7fZd6xs1q5mNQ,方法5,16,0.1481,14.81
hhplrx9xd7cm2w7aslma,Method_gj1NLb4Jn7URf9K2kQPd,方法1,23,0.2396,23.96
hhplrx9xd7cm2w7aslma,Method_5Q4KoXthUuYz3bvrTDFm,方法2,20,0.2083,20.83
hhplrx9xd7cm2w7aslma,Method_BXr9AIsPQhwNvyGdZL57,方法3,19,0.1979,19.79
hhplrx9xd7cm2w7aslma,Method_Cj9Ya2R7fZd6xs1q5mNQ,方法4,17,0.1771,17.71
hhplrx9xd7cm2w7aslma,Method_m8vwGkEZc3TSW2xqYUoR,方法5,17,0.1771,17.71
xgvqpyg5mro3wihwngur,Method_m8vwGkEZc3TSW2xqYUoR,方法1,28,0.2456,24.56
xgvqpyg5mro3wihwngur,Method_Cj9Ya2R7fZd6xs1q5mNQ,方法2,25,0.2193,21.93
xgvqpyg5mro3wihwngur,Method_gj1NLb4Jn7URf9K2kQPd,方法3,23,0.2018,20.18
xgvqpyg5mro3wihwngur,Method_BXr9AIsPQhwNvyGdZL57,方法4,20,0.1754,17.54
xgvqpyg5mro3wihwngur,Method_5Q4KoXthUuYz3bvrTDFm,方法5,18,0.1579,15.79
jnupp0jsv1kjsvbzlnrr,Method_gj1NLb4Jn7URf9K2kQPd,方法1,19,0.2159,21.59
jnupp0jsv1kjsvbzlnrr,Method_BXr9AIsPQhwNvyGdZL57,方法2,19,0.2159,21.59
jnupp0jsv1kjsvbzlnrr,Method_m8vwGkEZc3TSW2xqYUoR,方法3,19,0.2159,21.59
jnupp0jsv1kjsvbzlnrr,Method_Cj9Ya2R7fZd6xs1q5mNQ,方法4,18,0.2045,20.45
jnupp0jsv1kjsvbzlnrr,Method_5Q4KoXthUuYz3bvrTDFm,方法5,13,0.1477,14.77
u9owl1eky0jf8t3nc50o,Method_m8vwGkEZc3TSW2xqYUoR,方法1,24,0.2353,23.53
u9owl1eky0jf8t3nc50o,Method_5Q4KoXthUuYz3bvrTDFm,方法2,21,0.2059,20.59
u9owl1eky0jf8t3nc50o,Method_gj1NLb4Jn7URf9K2kQPd,方法3,21,0.2059,20.59
u9owl1eky0jf8t3nc50o,Method_BXr9AIsPQhwNvyGdZL57,方法4,18,0.1765,17.65
u9owl1eky0jf8t3nc50o,Method_Cj9Ya2R7fZd6xs1q5mNQ,方法5,18,0.1765,17.65
ubi6gd21j9e9rw46hoz6,Method_5Q4KoXthUuYz3bvrTDFm,方法1,23,0.2347,23.47
ubi6gd21j9e9rw46hoz6,Method_m8vwGkEZc3TSW2xqYUoR,方法2,21,0.2143,21.43
ubi6gd21j9e9rw46hoz6,Method_gj1NLb4Jn7URf9K2kQPd,方法3,20,0.2041,20.41
ubi6gd21j9e9rw46hoz6,Method_Cj9Ya2R7fZd6xs1q5mNQ,方法4,18,0.1837,18.37
ubi6gd21j9e9rw46hoz6,Method_BXr9AIsPQhwNvyGdZL57,方法5,16,0.1633,16.33
tv0sptqq56ri3dpcd9nl,Method_5Q4KoXthUuYz3bvrTDFm,方法1,29,0.2589,25.89
tv0sptqq56ri3dpcd9nl,Method_m8vwGkEZc3TSW2xqYUoR,方法2,26,0.2321,23.21
tv0sptqq56ri3dpcd9nl,Method_Cj9Ya2R7fZd6xs1q5mNQ,方法3,19,0.1696,16.96
tv0sptqq56ri3dpcd9nl,Method_gj1NLb4Jn7URf9K2kQPd,方法4,19,0.1696,16.96
tv0sptqq56ri3dpcd9nl,Method_BXr9AIsPQhwNvyGdZL57,方法5,19,0.1696,16.96
8kvpozl8kjupzd4yvwbv,Method_BXr9AIsPQhwNvyGdZL57,方法1,21,0.2414,24.14
8kvpozl8kjupzd4yvwbv,Method_gj1NLb4Jn7URf9K2kQPd,方法2,21,0.2414,24.14
8kvpozl8kjupzd4yvwbv,Method_m8vwGkEZc3TSW2xqYUoR,方法3,16,0.1839,18.39
8kvpozl8kjupzd4yvwbv,Method_Cj9Ya2R7fZd6xs1q5mNQ,方法4,16,0.1839,18.39
8kvpozl8kjupzd4yvwbv,Method_5Q4KoXthUuYz3bvrTDFm,方法5,13,0.1494,14.94
m6p2hujqw21vc4lyt3f3,Method_5Q4KoXthUuYz3bvrTDFm,方法1,23,0.2584,25.84
m6p2hujqw21vc4lyt3f3,Method_BXr9AIsPQhwNvyGdZL57,方法2,20,0.2247,22.47
m6p2hujqw21vc4lyt3f3,Method_gj1NLb4Jn7URf9K2kQPd,方法3,19,0.2135,21.35
m6p2hujqw21vc4lyt3f3,Method_m8vwGkEZc3TSW2xqYUoR,方法4,17,0.191,19.1
m6p2hujqw21vc4lyt3f3,Method_Cj9Ya2R7fZd6xs1q5mNQ,方法5,10,0.1124,11.24
nx4zicy1jbulkuen41s5,Method_m8vwGkEZc3TSW2xqYUoR,方法1,30,0.2857,28.57
nx4zicy1jbulkuen41s5,Method_BXr9AIsPQhwNvyGdZL57,方法2,23,0.219,21.9
nx4zicy1jbulkuen41s5,Method_5Q4KoXthUuYz3bvrTDFm,方法3,20,0.1905,19.05
nx4zicy1jbulkuen41s5,Method_gj1NLb4Jn7URf9K2kQPd,方法4,17,0.1619,16.19
nx4zicy1jbulkuen41s5,Method_Cj9Ya2R7fZd6xs1q5mNQ,方法5,15,0.1429,14.29
xnvmb8uox3576k142awg,Method_BXr9AIsPQhwNvyGdZL57,方法1,29,0.3021,30.21
xnvmb8uox3576k142awg,Method_m8vwGkEZc3TSW2xqYUoR,方法2,22,0.2292,22.92
xnvmb8uox3576k142awg,Method_5Q4KoXthUuYz3bvrTDFm,方法3,18,0.1875,18.75
xnvmb8uox3576k142awg,Method_gj1NLb4Jn7URf9K2kQPd,方法4,16,0.1667,16.67
xnvmb8uox3576k142awg,Method_Cj9Ya2R7fZd6xs1q5mNQ,方法5,11,0.1146,11.46
nkr2o4v6q9alvt7ju51e,Method_Cj9Ya2R7fZd6xs1q5mNQ,方法1,32,0.3137,31.37
nkr2o4v6q9alvt7ju51e,Method_BXr9AIsPQhwNvyGdZL57,方法2,25,0.2451,24.51
nkr2o4v6q9alvt7ju51e,Method_5Q4KoXthUuYz3bvrTDFm,方法3,19,0.1863,18.63
nkr2o4v6q9alvt7ju51e,Method_gj1NLb4Jn7URf9K2kQPd,方法4,14,0.1373,13.73
nkr2o4v6q9alvt7ju51e,Method_m8vwGkEZc3TSW2xqYUoR,方法5,12,0.1176,11.76
01qkq6w2v62cimidb3b7,Method_Cj9Ya2R7fZd6xs1q5mNQ,方法1,23,0.2556,25.56
01qkq6w2v62cimidb3b7,Method_BXr9AIsPQhwNvyGdZL57,方法2,21,0.2333,23.33
01qkq6w2v62cimidb3b7,Method_m8vwGkEZc3TSW2xqYUoR,方法3,20,0.2222,22.22
01qkq6w2v62cimidb3b7,Method_5Q4KoXthUuYz3bvrTDFm,方法4,17,0.1889,18.89
01qkq6w2v62cimidb3b7,Method_gj1NLb4Jn7URf9K2kQPd,方法5,9,0.1,10.0
tp8x8dgd7d6dhpth8xni,Method_5Q4KoXthUuYz3bvrTDFm,方法1,20,0.2469,24.69
tp8x8dgd7d6dhpth8xni,Method_BXr9AIsPQhwNvyGdZL57,方法2,19,0.2346,23.46
tp8x8dgd7d6dhpth8xni,Method_m8vwGkEZc3TSW2xqYUoR,方法3,18,0.2222,22.22
tp8x8dgd7d6dhpth8xni,Method_Cj9Ya2R7fZd6xs1q5mNQ,方法4,13,0.1605,16.05
tp8x8dgd7d6dhpth8xni,Method_gj1NLb4Jn7URf9K2kQPd,方法5,11,0.1358,13.58
uhthvh60xp911d47x7xm,Method_5Q4KoXthUuYz3bvrTDFm,方法1,30,0.2885,28.85
uhthvh60xp911d47x7xm,Method_gj1NLb4Jn7URf9K2kQPd,方法2,21,0.2019,20.19
uhthvh60xp911d47x7xm,Method_m8vwGkEZc3TSW2xqYUoR,方法3,19,0.1827,18.27
uhthvh60xp911d47x7xm,Method_Cj9Ya2R7fZd6xs1q5mNQ,方法4,18,0.1731,17.31
uhthvh60xp911d47x7xm,Method_BXr9AIsPQhwNvyGdZL57,方法5,16,0.1538,15.38
a30afe3tftu3pgsdxxdq,Method_m8vwGkEZc3TSW2xqYUoR,方法1,22,0.275,27.5
a30afe3tftu3pgsdxxdq,Method_gj1NLb4Jn7URf9K2kQPd,方法2,17,0.2125,21.25
a30afe3tftu3pgsdxxdq,Method_Cj9Ya2R7fZd6xs1q5mNQ,方法3,17,0.2125,21.25
a30afe3tftu3pgsdxxdq,Method_BXr9AIsPQhwNvyGdZL57,方法4,14,0.175,17.5
a30afe3tftu3pgsdxxdq,Method_5Q4KoXthUuYz3bvrTDFm,方法5,10,0.125,12.5
9nfrfi8p7oktnfr9c30b,Method_gj1NLb4Jn7URf9K2kQPd,方法1,26,0.2453,24.53
9nfrfi8p7oktnfr9c30b,Method_Cj9Ya2R7fZd6xs1q5mNQ,方法2,22,0.2075,20.75
9nfrfi8p7oktnfr9c30b,Method_BXr9AIsPQhwNvyGdZL57,方法3,21,0.1981,19.81
9nfrfi8p7oktnfr9c30b,Method_m8vwGkEZc3TSW2xqYUoR,方法4,20,0.1887,18.87
9nfrfi8p7oktnfr9c30b,Method_5Q4KoXthUuYz3bvrTDFm,方法5,17,0.1604,16.04
34qcy2qj5lij7g82hpvw,Method_Cj9Ya2R7fZd6xs1q5mNQ,方法1,25,0.2404,24.04
34qcy2qj5lij7g82hpvw,Method_m8vwGkEZc3TSW2xqYUoR,方法2,24,0.2308,23.08
34qcy2qj5lij7g82hpvw,Method_gj1NLb4Jn7URf9K2kQPd,方法3,20,0.1923,19.23
34qcy2qj5lij7g82hpvw,Method_5Q4KoXthUuYz3bvrTDFm,方法4,18,0.1731,17.31
34qcy2qj5lij7g82hpvw,Method_BXr9AIsPQhwNvyGdZL57,方法5,17,0.1635,16.35
mhufhb84kyqgs0anwy1d,Method_BXr9AIsPQhwNvyGdZL57,方法1,23,0.25,25.0
mhufhb84kyqgs0anwy1d,Method_gj1NLb4Jn7URf9K2kQPd,方法2,20,0.2174,21.74
mhufhb84kyqgs0anwy1d,Method_5Q4KoXthUuYz3bvrTDFm,方法3,19,0.2065,20.65
mhufhb84kyqgs0anwy1d,Method_m8vwGkEZc3TSW2xqYUoR,方法4,17,0.1848,18.48
mhufhb84kyqgs0anwy1d,Method_Cj9Ya2R7fZd6xs1q5mNQ,方法5,13,0.1413,14.13
1afepx549ssnar1m9acp,Method_gj1NLb4Jn7URf9K2kQPd,方法1,23,0.23,23.0
1afepx549ssnar1m9acp,Method_5Q4KoXthUuYz3bvrTDFm,方法2,22,0.22,22.0
1afepx549ssnar1m9acp,Method_BXr9AIsPQhwNvyGdZL57,方法3,20,0.2,20.0
1afepx549ssnar1m9acp,Method_Cj9Ya2R7fZd6xs1q5mNQ,方法4,18,0.18,18.0
1afepx549ssnar1m9acp,Method_m8vwGkEZc3TSW2xqYUoR,方法5,17,0.17,17.0
j605t14y7ie6vr2n8s2c,Method_m8vwGkEZc3TSW2xqYUoR,方法1,26,0.2826,28.26
j605t14y7ie6vr2n8s2c,Method_gj1NLb4Jn7URf9K2kQPd,方法2,21,0.2283,22.83
j605t14y7ie6vr2n8s2c,Method_Cj9Ya2R7fZd6xs1q5mNQ,方法3,18,0.1957,19.57
j605t14y7ie6vr2n8s2c,Method_5Q4KoXthUuYz3bvrTDFm,方法4,16,0.1739,17.39
j605t14y7ie6vr2n8s2c,Method_BXr9AIsPQhwNvyGdZL57,方法5,11,0.1196,11.96
zq3xohaut5o9dbd9064z,Method_5Q4KoXthUuYz3bvrTDFm,方法1,27,0.2647,26.47
zq3xohaut5o9dbd9064z,Method_gj1NLb4Jn7URf9K2kQPd,方法2,21,0.2059,20.59
zq3xohaut5o9dbd9064z,Method_BXr9AIsPQhwNvyGdZL57,方法3,19,0.1863,18.63
zq3xohaut5o9dbd9064z,Method_Cj9Ya2R7fZd6xs1q5mNQ,方法4,19,0.1863,18.63
zq3xohaut5o9dbd9064z,Method_m8vwGkEZc3TSW2xqYUoR,方法5,16,0.1569,15.69
me4d1o3nzhyoj0xfast0,Method_Cj9Ya2R7fZd6xs1q5mNQ,方法1,22,0.2472,24.72
me4d1o3nzhyoj0xfast0,Method_m8vwGkEZc3TSW2xqYUoR,方法2,19,0.2135,21.35
me4d1o3nzhyoj0xfast0,Method_5Q4KoXthUuYz3bvrTDFm,方法3,17,0.191,19.1
me4d1o3nzhyoj0xfast0,Method_BXr9AIsPQhwNvyGdZL57,方法4,16,0.1798,17.98
me4d1o3nzhyoj0xfast0,Method_gj1NLb4Jn7URf9K2kQPd,方法5,15,0.1685,16.85
p611flt77czmqgut14jl,Method_Cj9Ya2R7fZd6xs1q5mNQ,方法1,26,0.2766,27.66
p611flt77czmqgut14jl,Method_gj1NLb4Jn7URf9K2kQPd,方法2,18,0.1915,19.15
p611flt77czmqgut14jl,Method_m8vwGkEZc3TSW2xqYUoR,方法3,18,0.1915,19.15
p611flt77czmqgut14jl,Method_5Q4KoXthUuYz3bvrTDFm,方法4,16,0.1702,17.02
p611flt77czmqgut14jl,Method_BXr9AIsPQhwNvyGdZL57,方法5,16,0.1702,17.02
zuw35j06tzftt6oon4c5,Method_m8vwGkEZc3TSW2xqYUoR,方法1,24,0.2124,21.24
zuw35j06tzftt6oon4c5,Method_5Q4KoXthUuYz3bvrTDFm,方法2,24,0.2124,21.24
zuw35j06tzftt6oon4c5,Method_Cj9Ya2R7fZd6xs1q5mNQ,方法3,22,0.1947,19.47
zuw35j06tzftt6oon4c5,Method_BXr9AIsPQhwNvyGdZL57,方法4,22,0.1947,19.47
zuw35j06tzftt6oon4c5,Method_gj1NLb4Jn7URf9K2kQPd,方法5,21,0.1858,18.58
f527k17lr4aumahjtj92,Method_5Q4KoXthUuYz3bvrTDFm,方法1,26,0.2889,28.89
f527k17lr4aumahjtj92,Method_Cj9Ya2R7fZd6xs1q5mNQ,方法2,26,0.2889,28.89
f527k17lr4aumahjtj92,Method_gj1NLb4Jn7URf9K2kQPd,方法3,15,0.1667,16.67
f527k17lr4aumahjtj92,Method_BXr9AIsPQhwNvyGdZL57,方法4,14,0.1556,15.56
f527k17lr4aumahjtj92,Method_m8vwGkEZc3TSW2xqYUoR,方法5,9,0.1,10.0
33184c1cba6a37cdbda2,Method_m8vwGkEZc3TSW2xqYUoR,方法1,58,0.2266,22.66
33184c1cba6a37cdbda2,Method_gj1NLb4Jn7URf9K2kQPd,方法2,55,0.2148,21.48
33184c1cba6a37cdbda2,Method_BXr9AIsPQhwNvyGdZL57,方法3,50,0.1953,19.53
33184c1cba6a37cdbda2,Method_5Q4KoXthUuYz3bvrTDFm,方法4,50,0.1953,19.53
33184c1cba6a37cdbda2,Method_Cj9Ya2R7fZd6xs1q5mNQ,方法5,43,0.168,16.8
3f81bf9625e47ca1963f,Method_gj1NLb4Jn7URf9K2kQPd,方法1,25,0.25,25.0
3f81bf9625e47ca1963f,Method_m8vwGkEZc3TSW2xqYUoR,方法2,21,0.21,21.0
3f81bf9625e47ca1963f,Method_5Q4KoXthUuYz3bvrTDFm,方法3,21,0.21,21.0
3f81bf9625e47ca1963f,Method_Cj9Ya2R7fZd6xs1q5mNQ,方法4,17,0.17,17.0
3f81bf9625e47ca1963f,Method_BXr9AIsPQhwNvyGdZL57,方法5,16,0.16,16.0
8bece93f0b270602e64f,Method_m8vwGkEZc3TSW2xqYUoR,方法1,27,0.2389,23.89
8bece93f0b270602e64f,Method_BXr9AIsPQhwNvyGdZL57,方法2,27,0.2389,23.89
8bece93f0b270602e64f,Method_gj1NLb4Jn7URf9K2kQPd,方法3,22,0.1947,19.47
8bece93f0b270602e64f,Method_5Q4KoXthUuYz3bvrTDFm,方法4,20,0.177,17.7
8bece93f0b270602e64f,Method_Cj9Ya2R7fZd6xs1q5mNQ,方法5,17,0.1504,15.04
27cc9165eef05eb1733f,Method_gj1NLb4Jn7URf9K2kQPd,方法1,22,0.2895,28.95
27cc9165eef05eb1733f,Method_5Q4KoXthUuYz3bvrTDFm,方法2,15,0.1974,19.74
27cc9165eef05eb1733f,Method_Cj9Ya2R7fZd6xs1q5mNQ,方法3,15,0.1974,19.74
27cc9165eef05eb1733f,Method_m8vwGkEZc3TSW2xqYUoR,方法4,14,0.1842,18.42
27cc9165eef05eb1733f,Method_BXr9AIsPQhwNvyGdZL57,方法5,10,0.1316,13.16
3c37e3ad275dcdd39e2c,Method_5Q4KoXthUuYz3bvrTDFm,方法1,27,0.2328,23.28
3c37e3ad275dcdd39e2c,Method_m8vwGkEZc3TSW2xqYUoR,方法2,24,0.2069,20.69
3c37e3ad275dcdd39e2c,Method_gj1NLb4Jn7URf9K2kQPd,方法3,24,0.2069,20.69
3c37e3ad275dcdd39e2c,Method_BXr9AIsPQhwNvyGdZL57,方法4,21,0.181,18.1
3c37e3ad275dcdd39e2c,Method_Cj9Ya2R7fZd6xs1q5mNQ,方法5,20,0.1724,17.24
46e2d5243b6eef040f97,Method_5Q4KoXthUuYz3bvrTDFm,方法1,20,0.2597,25.97
46e2d5243b6eef040f97,Method_gj1NLb4Jn7URf9K2kQPd,方法2,19,0.2468,24.68
46e2d5243b6eef040f97,Method_m8vwGkEZc3TSW2xqYUoR,方法3,14,0.1818,18.18
46e2d5243b6eef040f97,Method_Cj9Ya2R7fZd6xs1q5mNQ,方法4,13,0.1688,16.88
46e2d5243b6eef040f97,Method_BXr9AIsPQhwNvyGdZL57,方法5,11,0.1429,14.29
37f3b3d773c5c073bc9a,Method_m8vwGkEZc3TSW2xqYUoR,方法1,22,0.2444,24.44
37f3b3d773c5c073bc9a,Method_Cj9Ya2R7fZd6xs1q5mNQ,方法2,20,0.2222,22.22
37f3b3d773c5c073bc9a,Method_BXr9AIsPQhwNvyGdZL57,方法3,16,0.1778,17.78
37f3b3d773c5c073bc9a,Method_5Q4KoXthUuYz3bvrTDFm,方法4,16,0.1778,17.78
37f3b3d773c5c073bc9a,Method_gj1NLb4Jn7URf9K2kQPd,方法5,16,0.1778,17.78
96dc0554852b5a94a400,Method_gj1NLb4Jn7URf9K2kQPd,方法1,28,0.2593,25.93
96dc0554852b5a94a400,Method_5Q4KoXthUuYz3bvrTDFm,方法2,23,0.213,21.3
96dc0554852b5a94a400,Method_m8vwGkEZc3TSW2xqYUoR,方法3,23,0.213,21.3
96dc0554852b5a94a400,Method_BXr9AIsPQhwNvyGdZL57,方法4,18,0.1667,16.67
96dc0554852b5a94a400,Method_Cj9Ya2R7fZd6xs1q5mNQ,方法5,16,0.1481,14.81
6273f50d9a0b4e6d971c,Method_Cj9Ya2R7fZd6xs1q5mNQ,方法1,24,0.2892,28.92
6273f50d9a0b4e6d971c,Method_BXr9AIsPQhwNvyGdZL57,方法2,19,0.2289,22.89
6273f50d9a0b4e6d971c,Method_5Q4KoXthUuYz3bvrTDFm,方法3,16,0.1928,19.28
6273f50d9a0b4e6d971c,Method_gj1NLb4Jn7URf9K2kQPd,方法4,12,0.1446,14.46
6273f50d9a0b4e6d971c,Method_m8vwGkEZc3TSW2xqYUoR,方法5,12,0.1446,14.46
4478eae73fb84cedb102,Method_5Q4KoXthUuYz3bvrTDFm,方法1,41,0.2733,27.33
4478eae73fb84cedb102,Method_Cj9Ya2R7fZd6xs1q5mNQ,方法2,34,0.2267,22.67
4478eae73fb84cedb102,Method_m8vwGkEZc3TSW2xqYUoR,方法3,30,0.2,20.0
4478eae73fb84cedb102,Method_gj1NLb4Jn7URf9K2kQPd,方法4,24,0.16,16.0
4478eae73fb84cedb102,Method_BXr9AIsPQhwNvyGdZL57,方法5,21,0.14,14.0
0a7f1a73361654329281,Method_gj1NLb4Jn7URf9K2kQPd,方法1,21,0.2333,23.33
0a7f1a73361654329281,Method_Cj9Ya2R7fZd6xs1q5mNQ,方法2,20,0.2222,22.22
0a7f1a73361654329281,Method_BXr9AIsPQhwNvyGdZL57,方法3,19,0.2111,21.11
0a7f1a73361654329281,Method_5Q4KoXthUuYz3bvrTDFm,方法4,16,0.1778,17.78
0a7f1a73361654329281,Method_m8vwGkEZc3TSW2xqYUoR,方法5,14,0.1556,15.56
301f57984e5d2969c938,Method_gj1NLb4Jn7URf9K2kQPd,方法1,27,0.27,27.0
301f57984e5d2969c938,Method_BXr9AIsPQhwNvyGdZL57,方法2,26,0.26,26.0
301f57984e5d2969c938,Method_Cj9Ya2R7fZd6xs1q5mNQ,方法3,21,0.21,21.0
301f57984e5d2969c938,Method_5Q4KoXthUuYz3bvrTDFm,方法4,14,0.14,14.0
301f57984e5d2969c938,Method_m8vwGkEZc3TSW2xqYUoR,方法5,12,0.12,12.0
3b3b2319b0995f149ecc,Method_5Q4KoXthUuYz3bvrTDFm,方法1,34,0.2329,23.29
3b3b2319b0995f149ecc,Method_gj1NLb4Jn7URf9K2kQPd,方法2,30,0.2055,20.55
3b3b2319b0995f149ecc,Method_m8vwGkEZc3TSW2xqYUoR,方法3,28,0.1918,19.18
3b3b2319b0995f149ecc,Method_Cj9Ya2R7fZd6xs1q5mNQ,方法4,28,0.1918,19.18
3b3b2319b0995f149ecc,Method_BXr9AIsPQhwNvyGdZL57,方法5,26,0.1781,17.81
3313c40ea45a87f9d2e7,Method_Cj9Ya2R7fZd6xs1q5mNQ,方法1,24,0.2824,28.24
3313c40ea45a87f9d2e7,Method_5Q4KoXthUuYz3bvrTDFm,方法2,19,0.2235,22.35
3313c40ea45a87f9d2e7,Method_gj1NLb4Jn7URf9K2kQPd,方法3,16,0.1882,18.82
3313c40ea45a87f9d2e7,Method_m8vwGkEZc3TSW2xqYUoR,方法4,15,0.1765,17.65
3313c40ea45a87f9d2e7,Method_BXr9AIsPQhwNvyGdZL57,方法5,11,0.1294,12.94
81931021ce711e124d0b,Method_Cj9Ya2R7fZd6xs1q5mNQ,方法1,64,0.2261,22.61
81931021ce711e124d0b,Method_5Q4KoXthUuYz3bvrTDFm,方法2,61,0.2155,21.55
81931021ce711e124d0b,Method_gj1NLb4Jn7URf9K2kQPd,方法3,59,0.2085,20.85
81931021ce711e124d0b,Method_m8vwGkEZc3TSW2xqYUoR,方法4,50,0.1767,17.67
81931021ce711e124d0b,Method_BXr9AIsPQhwNvyGdZL57,方法5,49,0.1731,17.31
9294393fcd13593bc537,Method_5Q4KoXthUuYz3bvrTDFm,方法1,31,0.2441,24.41
9294393fcd13593bc537,Method_Cj9Ya2R7fZd6xs1q5mNQ,方法2,28,0.2205,22.05
9294393fcd13593bc537,Method_m8vwGkEZc3TSW2xqYUoR,方法3,25,0.1969,19.69
9294393fcd13593bc537,Method_BXr9AIsPQhwNvyGdZL57,方法4,22,0.1732,17.32
9294393fcd13593bc537,Method_gj1NLb4Jn7URf9K2kQPd,方法5,21,0.1654,16.54
31741464205aa8cdb4f5,Method_BXr9AIsPQhwNvyGdZL57,方法1,28,0.2333,23.33
31741464205aa8cdb4f5,Method_5Q4KoXthUuYz3bvrTDFm,方法2,28,0.2333,23.33
31741464205aa8cdb4f5,Method_m8vwGkEZc3TSW2xqYUoR,方法3,22,0.1833,18.33
31741464205aa8cdb4f5,Method_gj1NLb4Jn7URf9K2kQPd,方法4,22,0.1833,18.33
31741464205aa8cdb4f5,Method_Cj9Ya2R7fZd6xs1q5mNQ,方法5,20,0.1667,16.67
c63d5a67687762a9f967,Method_Cj9Ya2R7fZd6xs1q5mNQ,方法1,34,0.2595,25.95
c63d5a67687762a9f967,Method_BXr9AIsPQhwNvyGdZL57,方法2,28,0.2137,21.37
c63d5a67687762a9f967,Method_5Q4KoXthUuYz3bvrTDFm,方法3,25,0.1908,19.08
c63d5a67687762a9f967,Method_m8vwGkEZc3TSW2xqYUoR,方法4,24,0.1832,18.32
c63d5a67687762a9f967,Method_gj1NLb4Jn7URf9K2kQPd,方法5,20,0.1527,15.27
ad29c5822807dabe497c,Method_m8vwGkEZc3TSW2xqYUoR,方法1,48,0.2254,22.54
ad29c5822807dabe497c,Method_BXr9AIsPQhwNvyGdZL57,方法2,47,0.2207,22.07
ad29c5822807dabe497c,Method_5Q4KoXthUuYz3bvrTDFm,方法3,44,0.2066,20.66
ad29c5822807dabe497c,Method_Cj9Ya2R7fZd6xs1q5mNQ,方法4,37,0.1737,17.37
ad29c5822807dabe497c,Method_gj1NLb4Jn7URf9K2kQPd,方法5,37,0.1737,17.37
6fefd33cf297f69bcae3,Method_gj1NLb4Jn7URf9K2kQPd,方法1,58,0.2358,23.58
6fefd33cf297f69bcae3,Method_BXr9AIsPQhwNvyGdZL57,方法2,52,0.2114,21.14
6fefd33cf297f69bcae3,Method_5Q4KoXthUuYz3bvrTDFm,方法3,51,0.2073,20.73
6fefd33cf297f69bcae3,Method_Cj9Ya2R7fZd6xs1q5mNQ,方法4,43,0.1748,17.48
6fefd33cf297f69bcae3,Method_m8vwGkEZc3TSW2xqYUoR,方法5,42,0.1707,17.07
17dda5f588bed077c742,Method_Cj9Ya2R7fZd6xs1q5mNQ,方法1,48,0.2202,22.02
17dda5f588bed077c742,Method_5Q4KoXthUuYz3bvrTDFm,方法2,45,0.2064,20.64
17dda5f588bed077c742,Method_gj1NLb4Jn7URf9K2kQPd,方法3,44,0.2018,20.18
17dda5f588bed077c742,Method_m8vwGkEZc3TSW2xqYUoR,方法4,44,0.2018,20.18
17dda5f588bed077c742,Method_BXr9AIsPQhwNvyGdZL57,方法5,37,0.1697,16.97
6d90c2fd38f2ea52ffd8,Method_Cj9Ya2R7fZd6xs1q5mNQ,方法1,25,0.2404,24.04
6d90c2fd38f2ea52ffd8,Method_m8vwGkEZc3TSW2xqYUoR,方法2,22,0.2115,21.15
6d90c2fd38f2ea52ffd8,Method_BXr9AIsPQhwNvyGdZL57,方法3,21,0.2019,20.19
6d90c2fd38f2ea52ffd8,Method_gj1NLb4Jn7URf9K2kQPd,方法4,19,0.1827,18.27
6d90c2fd38f2ea52ffd8,Method_5Q4KoXthUuYz3bvrTDFm,方法5,17,0.1635,16.35
fcf6463f948b24ac7cd8,Method_m8vwGkEZc3TSW2xqYUoR,方法1,22,0.2558,25.58
fcf6463f948b24ac7cd8,Method_BXr9AIsPQhwNvyGdZL57,方法2,21,0.2442,24.42
fcf6463f948b24ac7cd8,Method_5Q4KoXthUuYz3bvrTDFm,方法3,16,0.186,18.6
fcf6463f948b24ac7cd8,Method_Cj9Ya2R7fZd6xs1q5mNQ,方法4,15,0.1744,17.44
fcf6463f948b24ac7cd8,Method_gj1NLb4Jn7URf9K2kQPd,方法5,12,0.1395,13.95
d1df92e9d19fb2f22ebb,Method_Cj9Ya2R7fZd6xs1q5mNQ,方法1,59,0.2193,21.93
d1df92e9d19fb2f22ebb,Method_BXr9AIsPQhwNvyGdZL57,方法2,59,0.2193,21.93
d1df92e9d19fb2f22ebb,Method_5Q4KoXthUuYz3bvrTDFm,方法3,59,0.2193,21.93
d1df92e9d19fb2f22ebb,Method_m8vwGkEZc3TSW2xqYUoR,方法4,46,0.171,17.1
d1df92e9d19fb2f22ebb,Method_gj1NLb4Jn7URf9K2kQPd,方法5,46,0.171,17.1
72d383f55803c5a81bd6,Method_gj1NLb4Jn7URf9K2kQPd,方法1,44,0.2839,28.39
72d383f55803c5a81bd6,Method_BXr9AIsPQhwNvyGdZL57,方法2,34,0.2194,21.94
72d383f55803c5a81bd6,Method_m8vwGkEZc3TSW2xqYUoR,方法3,31,0.2,20.0
72d383f55803c5a81bd6,Method_Cj9Ya2R7fZd6xs1q5mNQ,方法4,23,0.1484,14.84
72d383f55803c5a81bd6,Method_5Q4KoXthUuYz3bvrTDFm,方法5,23,0.1484,14.84
c20c86d30d19b39745e2,Method_gj1NLb4Jn7URf9K2kQPd,方法1,26,0.2301,23.01
c20c86d30d19b39745e2,Method_m8vwGkEZc3TSW2xqYUoR,方法2,24,0.2124,21.24
c20c86d30d19b39745e2,Method_Cj9Ya2R7fZd6xs1q5mNQ,方法3,22,0.1947,19.47
c20c86d30d19b39745e2,Method_5Q4KoXthUuYz3bvrTDFm,方法4,21,0.1858,18.58
c20c86d30d19b39745e2,Method_BXr9AIsPQhwNvyGdZL57,方法5,20,0.177,17.7
f26c1d520ac39293c68a,Method_m8vwGkEZc3TSW2xqYUoR,方法1,62,0.2322,23.22
f26c1d520ac39293c68a,Method_gj1NLb4Jn7URf9K2kQPd,方法2,59,0.221,22.1
f26c1d520ac39293c68a,Method_Cj9Ya2R7fZd6xs1q5mNQ,方法3,51,0.191,19.1
f26c1d520ac39293c68a,Method_BXr9AIsPQhwNvyGdZL57,方法4,49,0.1835,18.35
f26c1d520ac39293c68a,Method_5Q4KoXthUuYz3bvrTDFm,方法5,46,0.1723,17.23
bc48d03763657ec4aa63,Method_m8vwGkEZc3TSW2xqYUoR,方法1,48,0.24,24.0
bc48d03763657ec4aa63,Method_Cj9Ya2R7fZd6xs1q5mNQ,方法2,43,0.215,21.5
bc48d03763657ec4aa63,Method_gj1NLb4Jn7URf9K2kQPd,方法3,41,0.205,20.5
bc48d03763657ec4aa63,Method_BXr9AIsPQhwNvyGdZL57,方法4,38,0.19,19.0
bc48d03763657ec4aa63,Method_5Q4KoXthUuYz3bvrTDFm,方法5,30,0.15,15.0
09e4bfadd7e012c37c7c,Method_BXr9AIsPQhwNvyGdZL57,方法1,23,0.2212,22.12
09e4bfadd7e012c37c7c,Method_m8vwGkEZc3TSW2xqYUoR,方法2,23,0.2212,22.12
09e4bfadd7e012c37c7c,Method_5Q4KoXthUuYz3bvrTDFm,方法3,20,0.1923,19.23
09e4bfadd7e012c37c7c,Method_gj1NLb4Jn7URf9K2kQPd,方法4,20,0.1923,19.23
09e4bfadd7e012c37c7c,Method_Cj9Ya2R7fZd6xs1q5mNQ,方法5,18,0.1731,17.31
fc39de3859d890b9693d,Method_gj1NLb4Jn7URf9K2kQPd,方法1,39,0.2786,27.86
fc39de3859d890b9693d,Method_Cj9Ya2R7fZd6xs1q5mNQ,方法2,33,0.2357,23.57
fc39de3859d890b9693d,Method_m8vwGkEZc3TSW2xqYUoR,方法3,26,0.1857,18.57
fc39de3859d890b9693d,Method_BXr9AIsPQhwNvyGdZL57,方法4,21,0.15,15.0
fc39de3859d890b9693d,Method_5Q4KoXthUuYz3bvrTDFm,方法5,21,0.15,15.0
a94a32ebd5f7d177053a,Method_Cj9Ya2R7fZd6xs1q5mNQ,方法1,36,0.2517,25.17
a94a32ebd5f7d177053a,Method_BXr9AIsPQhwNvyGdZL57,方法2,31,0.2168,21.68
a94a32ebd5f7d177053a,Method_gj1NLb4Jn7URf9K2kQPd,方法3,27,0.1888,18.88
a94a32ebd5f7d177053a,Method_m8vwGkEZc3TSW2xqYUoR,方法4,26,0.1818,18.18
a94a32ebd5f7d177053a,Method_5Q4KoXthUuYz3bvrTDFm,方法5,23,0.1608,16.08
9b43f5fcb5d592a689af,Method_BXr9AIsPQhwNvyGdZL57,方法1,32,0.2336,23.36
9b43f5fcb5d592a689af,Method_5Q4KoXthUuYz3bvrTDFm,方法2,30,0.219,21.9
9b43f5fcb5d592a689af,Method_m8vwGkEZc3TSW2xqYUoR,方法3,29,0.2117,21.17
9b43f5fcb5d592a689af,Method_gj1NLb4Jn7URf9K2kQPd,方法4,25,0.1825,18.25
9b43f5fcb5d592a689af,Method_Cj9Ya2R7fZd6xs1q5mNQ,方法5,21,0.1533,15.33
b26aab632fd33a01020a,Method_BXr9AIsPQhwNvyGdZL57,方法1,26,0.2476,24.76
b26aab632fd33a01020a,Method_m8vwGkEZc3TSW2xqYUoR,方法2,25,0.2381,23.81
b26aab632fd33a01020a,Method_gj1NLb4Jn7URf9K2kQPd,方法3,23,0.219,21.9
b26aab632fd33a01020a,Method_Cj9Ya2R7fZd6xs1q5mNQ,方法4,16,0.1524,15.24
b26aab632fd33a01020a,Method_5Q4KoXthUuYz3bvrTDFm,方法5,15,0.1429,14.29
074d7f43de7264306775,Method_m8vwGkEZc3TSW2xqYUoR,方法1,33,0.2102,21.02
074d7f43de7264306775,Method_5Q4KoXthUuYz3bvrTDFm,方法2,33,0.2102,21.02
074d7f43de7264306775,Method_Cj9Ya2R7fZd6xs1q5mNQ,方法3,31,0.1975,19.75
074d7f43de7264306775,Method_BXr9AIsPQhwNvyGdZL57,方法4,30,0.1911,19.11
074d7f43de7264306775,Method_gj1NLb4Jn7URf9K2kQPd,方法5,30,0.1911,19.11
fabad359607dabbaaed4,Method_m8vwGkEZc3TSW2xqYUoR,方法1,23,0.2447,24.47
fabad359607dabbaaed4,Method_5Q4KoXthUuYz3bvrTDFm,方法2,20,0.2128,21.28
fabad359607dabbaaed4,Method_gj1NLb4Jn7URf9K2kQPd,方法3,20,0.2128,21.28
fabad359607dabbaaed4,Method_BXr9AIsPQhwNvyGdZL57,方法4,19,0.2021,20.21
fabad359607dabbaaed4,Method_Cj9Ya2R7fZd6xs1q5mNQ,方法5,12,0.1277,12.77
d6d6e7da792fdf0106f0,Method_m8vwGkEZc3TSW2xqYUoR,方法1,26,0.2889,28.89
d6d6e7da792fdf0106f0,Method_Cj9Ya2R7fZd6xs1q5mNQ,方法2,22,0.2444,24.44
d6d6e7da792fdf0106f0,Method_BXr9AIsPQhwNvyGdZL57,方法3,15,0.1667,16.67
d6d6e7da792fdf0106f0,Method_5Q4KoXthUuYz3bvrTDFm,方法4,14,0.1556,15.56
d6d6e7da792fdf0106f0,Method_gj1NLb4Jn7URf9K2kQPd,方法5,13,0.1444,14.44
e6b9a4292b6a8e8e0ef0,Method_5Q4KoXthUuYz3bvrTDFm,方法1,13,0.2766,27.66
e6b9a4292b6a8e8e0ef0,Method_BXr9AIsPQhwNvyGdZL57,方法2,11,0.234,23.4
e6b9a4292b6a8e8e0ef0,Method_Cj9Ya2R7fZd6xs1q5mNQ,方法3,10,0.2128,21.28
e6b9a4292b6a8e8e0ef0,Method_m8vwGkEZc3TSW2xqYUoR,方法4,8,0.1702,17.02
e6b9a4292b6a8e8e0ef0,Method_gj1NLb4Jn7URf9K2kQPd,方法5,5,0.1064,10.64
9493dac6dc982d2b3dbe,Method_Cj9Ya2R7fZd6xs1q5mNQ,方法1,64,0.2184,21.84
9493dac6dc982d2b3dbe,Method_m8vwGkEZc3TSW2xqYUoR,方法2,61,0.2082,20.82
9493dac6dc982d2b3dbe,Method_gj1NLb4Jn7URf9K2kQPd,方法3,60,0.2048,20.48
9493dac6dc982d2b3dbe,Method_5Q4KoXthUuYz3bvrTDFm,方法4,54,0.1843,18.43
9493dac6dc982d2b3dbe,Method_BXr9AIsPQhwNvyGdZL57,方法5,54,0.1843,18.43
9104b8987aefa9d8e884,Method_Cj9Ya2R7fZd6xs1q5mNQ,方法1,24,0.2791,27.91
9104b8987aefa9d8e884,Method_gj1NLb4Jn7URf9K2kQPd,方法2,20,0.2326,23.26
9104b8987aefa9d8e884,Method_BXr9AIsPQhwNvyGdZL57,方法3,15,0.1744,17.44
9104b8987aefa9d8e884,Method_5Q4KoXthUuYz3bvrTDFm,方法4,14,0.1628,16.28
9104b8987aefa9d8e884,Method_m8vwGkEZc3TSW2xqYUoR,方法5,13,0.1512,15.12
7ec5fc60b1ce755e0e17,Method_BXr9AIsPQhwNvyGdZL57,方法1,55,0.2174,21.74
7ec5fc60b1ce755e0e17,Method_gj1NLb4Jn7URf9K2kQPd,方法2,51,0.2016,20.16
7ec5fc60b1ce755e0e17,Method_m8vwGkEZc3TSW2xqYUoR,方法3,51,0.2016,20.16
7ec5fc60b1ce755e0e17,Method_Cj9Ya2R7fZd6xs1q5mNQ,方法4,50,0.1976,19.76
7ec5fc60b1ce755e0e17,Method_5Q4KoXthUuYz3bvrTDFm,方法5,46,0.1818,18.18
24ca7714d40e2fe53821,Method_BXr9AIsPQhwNvyGdZL57,方法1,27,0.2547,25.47
24ca7714d40e2fe53821,Method_Cj9Ya2R7fZd6xs1q5mNQ,方法2,24,0.2264,22.64
24ca7714d40e2fe53821,Method_gj1NLb4Jn7URf9K2kQPd,方法3,24,0.2264,22.64
24ca7714d40e2fe53821,Method_m8vwGkEZc3TSW2xqYUoR,方法4,18,0.1698,16.98
24ca7714d40e2fe53821,Method_5Q4KoXthUuYz3bvrTDFm,方法5,13,0.1226,12.26
16c505069c1e5c2bece5,Method_gj1NLb4Jn7URf9K2kQPd,方法1,15,0.2679,26.79
16c505069c1e5c2bece5,Method_BXr9AIsPQhwNvyGdZL57,方法2,13,0.2321,23.21
16c505069c1e5c2bece5,Method_Cj9Ya2R7fZd6xs1q5mNQ,方法3,12,0.2143,21.43
16c505069c1e5c2bece5,Method_5Q4KoXthUuYz3bvrTDFm,方法4,8,0.1429,14.29
16c505069c1e5c2bece5,Method_m8vwGkEZc3TSW2xqYUoR,方法5,8,0.1429,14.29
69a4b3d15a5bf0d0e43e,Method_BXr9AIsPQhwNvyGdZL57,方法1,39,0.2516,25.16
69a4b3d15a5bf0d0e43e,Method_m8vwGkEZc3TSW2xqYUoR,方法2,33,0.2129,21.29
69a4b3d15a5bf0d0e43e,Method_5Q4KoXthUuYz3bvrTDFm,方法3,30,0.1935,19.35
69a4b3d15a5bf0d0e43e,Method_gj1NLb4Jn7URf9K2kQPd,方法4,27,0.1742,17.42
69a4b3d15a5bf0d0e43e,Method_Cj9Ya2R7fZd6xs1q5mNQ,方法5,26,0.1677,16.77
6abeead45fd57abadaff,Method_BXr9AIsPQhwNvyGdZL57,方法1,35,0.2966,29.66
6abeead45fd57abadaff,Method_Cj9Ya2R7fZd6xs1q5mNQ,方法2,25,0.2119,21.19
6abeead45fd57abadaff,Method_m8vwGkEZc3TSW2xqYUoR,方法3,23,0.1949,19.49
6abeead45fd57abadaff,Method_5Q4KoXthUuYz3bvrTDFm,方法4,19,0.161,16.1
6abeead45fd57abadaff,Method_gj1NLb4Jn7URf9K2kQPd,方法5,16,0.1356,13.56
5e89fad73b2ada2a30bf,Method_5Q4KoXthUuYz3bvrTDFm,方法1,33,0.2821,28.21
5e89fad73b2ada2a30bf,Method_gj1NLb4Jn7URf9K2kQPd,方法2,24,0.2051,20.51
5e89fad73b2ada2a30bf,Method_BXr9AIsPQhwNvyGdZL57,方法3,24,0.2051,20.51
5e89fad73b2ada2a30bf,Method_Cj9Ya2R7fZd6xs1q5mNQ,方法4,22,0.188,18.8
5e89fad73b2ada2a30bf,Method_m8vwGkEZc3TSW2xqYUoR,方法5,14,0.1197,11.97
94066a900026329cd5cd,Method_Cj9Ya2R7fZd6xs1q5mNQ,方法1,48,0.2412,24.12
94066a900026329cd5cd,Method_5Q4KoXthUuYz3bvrTDFm,方法2,40,0.201,20.1
94066a900026329cd5cd,Method_m8vwGkEZc3TSW2xqYUoR,方法3,38,0.191,19.1
94066a900026329cd5cd,Method_BXr9AIsPQhwNvyGdZL57,方法4,38,0.191,19.1
94066a900026329cd5cd,Method_gj1NLb4Jn7URf9K2kQPd,方法5,35,0.1759,17.59
0bb8692f43a372e8d967,Method_Cj9Ya2R7fZd6xs1q5mNQ,方法1,23,0.2396,23.96
0bb8692f43a372e8d967,Method_BXr9AIsPQhwNvyGdZL57,方法2,22,0.2292,22.92
0bb8692f43a372e8d967,Method_gj1NLb4Jn7URf9K2kQPd,方法3,22,0.2292,22.92
0bb8692f43a372e8d967,Method_m8vwGkEZc3TSW2xqYUoR,方法4,16,0.1667,16.67
0bb8692f43a372e8d967,Method_5Q4KoXthUuYz3bvrTDFm,方法5,13,0.1354,13.54
e224221a9971f9f45489,Method_gj1NLb4Jn7URf9K2kQPd,方法1,40,0.2454,24.54
e224221a9971f9f45489,Method_5Q4KoXthUuYz3bvrTDFm,方法2,37,0.227,22.7
e224221a9971f9f45489,Method_BXr9AIsPQhwNvyGdZL57,方法3,30,0.184,18.4
e224221a9971f9f45489,Method_m8vwGkEZc3TSW2xqYUoR,方法4,29,0.1779,17.79
e224221a9971f9f45489,Method_Cj9Ya2R7fZd6xs1q5mNQ,方法5,27,0.1656,16.56
c42aff1f9940e24491cc,Method_Cj9Ya2R7fZd6xs1q5mNQ,方法1,25,0.2941,29.41
c42aff1f9940e24491cc,Method_gj1NLb4Jn7URf9K2kQPd,方法2,20,0.2353,23.53
c42aff1f9940e24491cc,Method_m8vwGkEZc3TSW2xqYUoR,方法3,18,0.2118,21.18
c42aff1f9940e24491cc,Method_5Q4KoXthUuYz3bvrTDFm,方法4,11,0.1294,12.94
c42aff1f9940e24491cc,Method_BXr9AIsPQhwNvyGdZL57,方法5,11,0.1294,12.94
a34fbbb7d9a19eb82450,Method_gj1NLb4Jn7URf9K2kQPd,方法1,23,0.25,25.0
a34fbbb7d9a19eb82450,Method_BXr9AIsPQhwNvyGdZL57,方法2,21,0.2283,22.83
a34fbbb7d9a19eb82450,Method_m8vwGkEZc3TSW2xqYUoR,方法3,20,0.2174,21.74
a34fbbb7d9a19eb82450,Method_Cj9Ya2R7fZd6xs1q5mNQ,方法4,14,0.1522,15.22
a34fbbb7d9a19eb82450,Method_5Q4KoXthUuYz3bvrTDFm,方法5,14,0.1522,15.22
3c71b62d597098c4cd18,Method_BXr9AIsPQhwNvyGdZL57,方法1,22,0.2529,25.29
3c71b62d597098c4cd18,Method_m8vwGkEZc3TSW2xqYUoR,方法2,21,0.2414,24.14
3c71b62d597098c4cd18,Method_gj1NLb4Jn7URf9K2kQPd,方法3,16,0.1839,18.39
3c71b62d597098c4cd18,Method_5Q4KoXthUuYz3bvrTDFm,方法4,15,0.1724,17.24
3c71b62d597098c4cd18,Method_Cj9Ya2R7fZd6xs1q5mNQ,方法5,13,0.1494,14.94
43d34a076620e32fedfa,Method_gj1NLb4Jn7URf9K2kQPd,方法1,42,0.2609,26.09
43d34a076620e32fedfa,Method_BXr9AIsPQhwNvyGdZL57,方法2,34,0.2112,21.12
43d34a076620e32fedfa,Method_Cj9Ya2R7fZd6xs1q5mNQ,方法3,30,0.1863,18.63
43d34a076620e32fedfa,Method_5Q4KoXthUuYz3bvrTDFm,方法4,30,0.1863,18.63
43d34a076620e32fedfa,Method_m8vwGkEZc3TSW2xqYUoR,方法5,25,0.1553,15.53
eec0307b4d47609d6933,Method_gj1NLb4Jn7URf9K2kQPd,方法1,66,0.2435,24.35
eec0307b4d47609d6933,Method_m8vwGkEZc3TSW2xqYUoR,方法2,60,0.2214,22.14
eec0307b4d47609d6933,Method_5Q4KoXthUuYz3bvrTDFm,方法3,53,0.1956,19.56
eec0307b4d47609d6933,Method_BXr9AIsPQhwNvyGdZL57,方法4,48,0.1771,17.71
eec0307b4d47609d6933,Method_Cj9Ya2R7fZd6xs1q5mNQ,方法5,44,0.1624,16.24
d45eea92ed42431d9076,Method_gj1NLb4Jn7URf9K2kQPd,方法1,17,0.2361,23.61
d45eea92ed42431d9076,Method_5Q4KoXthUuYz3bvrTDFm,方法2,17,0.2361,23.61
d45eea92ed42431d9076,Method_m8vwGkEZc3TSW2xqYUoR,方法3,14,0.1944,19.44
d45eea92ed42431d9076,Method_BXr9AIsPQhwNvyGdZL57,方法4,12,0.1667,16.67
d45eea92ed42431d9076,Method_Cj9Ya2R7fZd6xs1q5mNQ,方法5,12,0.1667,16.67
fe5cf715d9c94fc7779e,Method_5Q4KoXthUuYz3bvrTDFm,方法1,15,0.2542,25.42
fe5cf715d9c94fc7779e,Method_gj1NLb4Jn7URf9K2kQPd,方法2,11,0.1864,18.64
fe5cf715d9c94fc7779e,Method_BXr9AIsPQhwNvyGdZL57,方法3,11,0.1864,18.64
fe5cf715d9c94fc7779e,Method_m8vwGkEZc3TSW2xqYUoR,方法4,11,0.1864,18.64
fe5cf715d9c94fc7779e,Method_Cj9Ya2R7fZd6xs1q5mNQ,方法5,11,0.1864,18.64
1f56b6bda24efafcf3a4,Method_m8vwGkEZc3TSW2xqYUoR,方法1,36,0.2416,24.16
1f56b6bda24efafcf3a4,Method_Cj9Ya2R7fZd6xs1q5mNQ,方法2,30,0.2013,20.13
1f56b6bda24efafcf3a4,Method_BXr9AIsPQhwNvyGdZL57,方法3,29,0.1946,19.46
1f56b6bda24efafcf3a4,Method_gj1NLb4Jn7URf9K2kQPd,方法4,28,0.1879,18.79
1f56b6bda24efafcf3a4,Method_5Q4KoXthUuYz3bvrTDFm,方法5,26,0.1745,17.45
c682f6819dfbfc964bc7,Method_gj1NLb4Jn7URf9K2kQPd,方法1,35,0.2365,23.65
c682f6819dfbfc964bc7,Method_5Q4KoXthUuYz3bvrTDFm,方法2,32,0.2162,21.62
c682f6819dfbfc964bc7,Method_m8vwGkEZc3TSW2xqYUoR,方法3,31,0.2095,20.95
c682f6819dfbfc964bc7,Method_Cj9Ya2R7fZd6xs1q5mNQ,方法4,27,0.1824,18.24
c682f6819dfbfc964bc7,Method_BXr9AIsPQhwNvyGdZL57,方法5,23,0.1554,15.54
81e59e96ce9bd6a76bdb,Method_5Q4KoXthUuYz3bvrTDFm,方法1,23,0.2212,22.12
81e59e96ce9bd6a76bdb,Method_m8vwGkEZc3TSW2xqYUoR,方法2,22,0.2115,21.15
81e59e96ce9bd6a76bdb,Method_Cj9Ya2R7fZd6xs1q5mNQ,方法3,21,0.2019,20.19
81e59e96ce9bd6a76bdb,Method_BXr9AIsPQhwNvyGdZL57,方法4,21,0.2019,20.19
81e59e96ce9bd6a76bdb,Method_gj1NLb4Jn7URf9K2kQPd,方法5,17,0.1635,16.35
a96027a83196027cf822,Method_5Q4KoXthUuYz3bvrTDFm,方法1,27,0.2126,21.26
a96027a83196027cf822,Method_Cj9Ya2R7fZd6xs1q5mNQ,方法2,26,0.2047,20.47
a96027a83196027cf822,Method_m8vwGkEZc3TSW2xqYUoR,方法3,26,0.2047,20.47
a96027a83196027cf822,Method_gj1NLb4Jn7URf9K2kQPd,方法4,25,0.1969,19.69
a96027a83196027cf822,Method_BXr9AIsPQhwNvyGdZL57,方法5,23,0.1811,18.11
f964ee6bca634319a68f,Method_Cj9Ya2R7fZd6xs1q5mNQ,方法1,43,0.2287,22.87
f964ee6bca634319a68f,Method_gj1NLb4Jn7URf9K2kQPd,方法2,40,0.2128,21.28
f964ee6bca634319a68f,Method_BXr9AIsPQhwNvyGdZL57,方法3,38,0.2021,20.21
f964ee6bca634319a68f,Method_5Q4KoXthUuYz3bvrTDFm,方法4,36,0.1915,19.15
f964ee6bca634319a68f,Method_m8vwGkEZc3TSW2xqYUoR,方法5,31,0.1649,16.49
c35834f349db8ef7c591,Method_m8vwGkEZc3TSW2xqYUoR,方法1,42,0.2154,21.54
c35834f349db8ef7c591,Method_gj1NLb4Jn7URf9K2kQPd,方法2,40,0.2051,20.51
c35834f349db8ef7c591,Method_BXr9AIsPQhwNvyGdZL57,方法3,40,0.2051,20.51
c35834f349db8ef7c591,Method_5Q4KoXthUuYz3bvrTDFm,方法4,38,0.1949,19.49
c35834f349db8ef7c591,Method_Cj9Ya2R7fZd6xs1q5mNQ,方法5,35,0.1795,17.95
7f91b4ad141d21887b79,Method_5Q4KoXthUuYz3bvrTDFm,方法1,35,0.2288,22.88
7f91b4ad141d21887b79,Method_gj1NLb4Jn7URf9K2kQPd,方法2,33,0.2157,21.57
7f91b4ad141d21887b79,Method_m8vwGkEZc3TSW2xqYUoR,方法3,33,0.2157,21.57
7f91b4ad141d21887b79,Method_BXr9AIsPQhwNvyGdZL57,方法4,30,0.1961,19.61
7f91b4ad141d21887b79,Method_Cj9Ya2R7fZd6xs1q5mNQ,方法5,22,0.1438,14.38
a11b89c60677835e450c,Method_gj1NLb4Jn7URf9K2kQPd,方法1,26,0.2955,29.55
a11b89c60677835e450c,Method_Cj9Ya2R7fZd6xs1q5mNQ,方法2,18,0.2045,20.45
a11b89c60677835e450c,Method_m8vwGkEZc3TSW2xqYUoR,方法3,18,0.2045,20.45
a11b89c60677835e450c,Method_5Q4KoXthUuYz3bvrTDFm,方法4,14,0.1591,15.91
a11b89c60677835e450c,Method_BXr9AIsPQhwNvyGdZL57,方法5,12,0.1364,13.64
lf5hmkicbiuolk7khwwb,Method_m8vwGkEZc3TSW2xqYUoR,方法1,27,0.2547,25.47
lf5hmkicbiuolk7khwwb,Method_5Q4KoXthUuYz3bvrTDFm,方法2,26,0.2453,24.53
lf5hmkicbiuolk7khwwb,Method_gj1NLb4Jn7URf9K2kQPd,方法3,20,0.1887,18.87
lf5hmkicbiuolk7khwwb,Method_Cj9Ya2R7fZd6xs1q5mNQ,方法4,18,0.1698,16.98
lf5hmkicbiuolk7khwwb,Method_BXr9AIsPQhwNvyGdZL57,方法5,15,0.1415,14.15
4ewf46mylf75olvvihqj,Method_m8vwGkEZc3TSW2xqYUoR,方法1,23,0.2584,25.84
4ewf46mylf75olvvihqj,Method_Cj9Ya2R7fZd6xs1q5mNQ,方法2,21,0.236,23.6
4ewf46mylf75olvvihqj,Method_gj1NLb4Jn7URf9K2kQPd,方法3,18,0.2022,20.22
4ewf46mylf75olvvihqj,Method_BXr9AIsPQhwNvyGdZL57,方法4,15,0.1685,16.85
4ewf46mylf75olvvihqj,Method_5Q4KoXthUuYz3bvrTDFm,方法5,12,0.1348,13.48
u2rchqp6tof1bkr07izf,Method_m8vwGkEZc3TSW2xqYUoR,方法1,23,0.2556,25.56
u2rchqp6tof1bkr07izf,Method_Cj9Ya2R7fZd6xs1q5mNQ,方法2,21,0.2333,23.33
u2rchqp6tof1bkr07izf,Method_5Q4KoXthUuYz3bvrTDFm,方法3,19,0.2111,21.11
u2rchqp6tof1bkr07izf,Method_gj1NLb4Jn7URf9K2kQPd,方法4,16,0.1778,17.78
u2rchqp6tof1bkr07izf,Method_BXr9AIsPQhwNvyGdZL57,方法5,11,0.1222,12.22
nrv5a6tr3ya2iv3p5xpo,Method_m8vwGkEZc3TSW2xqYUoR,方法1,25,0.2551,25.51
nrv5a6tr3ya2iv3p5xpo,Method_5Q4KoXthUuYz3bvrTDFm,方法2,21,0.2143,21.43
nrv5a6tr3ya2iv3p5xpo,Method_Cj9Ya2R7fZd6xs1q5mNQ,方法3,21,0.2143,21.43
nrv5a6tr3ya2iv3p5xpo,Method_BXr9AIsPQhwNvyGdZL57,方法4,19,0.1939,19.39
nrv5a6tr3ya2iv3p5xpo,Method_gj1NLb4Jn7URf9K2kQPd,方法5,12,0.1224,12.24
70ym0xeqaqmx14dv6myx,Method_Cj9Ya2R7fZd6xs1q5mNQ,方法1,23,0.2212,22.12
70ym0xeqaqmx14dv6myx,Method_BXr9AIsPQhwNvyGdZL57,方法2,22,0.2115,21.15
70ym0xeqaqmx14dv6myx,Method_gj1NLb4Jn7URf9K2kQPd,方法3,22,0.2115,21.15
70ym0xeqaqmx14dv6myx,Method_5Q4KoXthUuYz3bvrTDFm,方法4,19,0.1827,18.27
70ym0xeqaqmx14dv6myx,Method_m8vwGkEZc3TSW2xqYUoR,方法5,18,0.1731,17.31
r7embk7pqzg5g5p245x4,Method_Cj9Ya2R7fZd6xs1q5mNQ,方法1,33,0.3173,31.73
r7embk7pqzg5g5p245x4,Method_BXr9AIsPQhwNvyGdZL57,方法2,20,0.1923,19.23
r7embk7pqzg5g5p245x4,Method_5Q4KoXthUuYz3bvrTDFm,方法3,18,0.1731,17.31
r7embk7pqzg5g5p245x4,Method_m8vwGkEZc3TSW2xqYUoR,方法4,17,0.1635,16.35
r7embk7pqzg5g5p245x4,Method_gj1NLb4Jn7URf9K2kQPd,方法5,16,0.1538,15.38
b2imd0ms1p4fxkfcpygc,Method_m8vwGkEZc3TSW2xqYUoR,方法1,20,0.2326,23.26
b2imd0ms1p4fxkfcpygc,Method_Cj9Ya2R7fZd6xs1q5mNQ,方法2,18,0.2093,20.93
b2imd0ms1p4fxkfcpygc,Method_5Q4KoXthUuYz3bvrTDFm,方法3,17,0.1977,19.77
b2imd0ms1p4fxkfcpygc,Method_gj1NLb4Jn7URf9K2kQPd,方法4,17,0.1977,19.77
b2imd0ms1p4fxkfcpygc,Method_BXr9AIsPQhwNvyGdZL57,方法5,14,0.1628,16.28
jv67r7eqa9z2a1777eex,Method_Cj9Ya2R7fZd6xs1q5mNQ,方法1,28,0.2642,26.42
jv67r7eqa9z2a1777eex,Method_m8vwGkEZc3TSW2xqYUoR,方法2,25,0.2358,23.58
jv67r7eqa9z2a1777eex,Method_gj1NLb4Jn7URf9K2kQPd,方法3,21,0.1981,19.81
jv67r7eqa9z2a1777eex,Method_BXr9AIsPQhwNvyGdZL57,方法4,18,0.1698,16.98
jv67r7eqa9z2a1777eex,Method_5Q4KoXthUuYz3bvrTDFm,方法5,14,0.1321,13.21
8jo5o2abn697lg482k0e,Method_BXr9AIsPQhwNvyGdZL57,方法1,23,0.2556,25.56
8jo5o2abn697lg482k0e,Method_5Q4KoXthUuYz3bvrTDFm,方法2,23,0.2556,25.56
8jo5o2abn697lg482k0e,Method_Cj9Ya2R7fZd6xs1q5mNQ,方法3,19,0.2111,21.11
8jo5o2abn697lg482k0e,Method_gj1NLb4Jn7URf9K2kQPd,方法4,13,0.1444,14.44
8jo5o2abn697lg482k0e,Method_m8vwGkEZc3TSW2xqYUoR,方法5,12,0.1333,13.33
ezdogkk0jqt4nvvvbnxp,Method_m8vwGkEZc3TSW2xqYUoR,方法1,23,0.2473,24.73
ezdogkk0jqt4nvvvbnxp,Method_5Q4KoXthUuYz3bvrTDFm,方法2,21,0.2258,22.58
ezdogkk0jqt4nvvvbnxp,Method_BXr9AIsPQhwNvyGdZL57,方法3,18,0.1935,19.35
ezdogkk0jqt4nvvvbnxp,Method_Cj9Ya2R7fZd6xs1q5mNQ,方法4,18,0.1935,19.35
ezdogkk0jqt4nvvvbnxp,Method_gj1NLb4Jn7URf9K2kQPd,方法5,13,0.1398,13.98
wf7yq9n2spgto3w5ad9r,Method_gj1NLb4Jn7URf9K2kQPd,方法1,24,0.2526,25.26
wf7yq9n2spgto3w5ad9r,Method_Cj9Ya2R7fZd6xs1q5mNQ,方法2,23,0.2421,24.21
wf7yq9n2spgto3w5ad9r,Method_m8vwGkEZc3TSW2xqYUoR,方法3,17,0.1789,17.89
wf7yq9n2spgto3w5ad9r,Method_BXr9AIsPQhwNvyGdZL57,方法4,17,0.1789,17.89
wf7yq9n2spgto3w5ad9r,Method_5Q4KoXthUuYz3bvrTDFm,方法5,14,0.1474,14.74
p9enp5lzhiufas1xpd8p,Method_Cj9Ya2R7fZd6xs1q5mNQ,方法1,24,0.2637,26.37
p9enp5lzhiufas1xpd8p,Method_gj1NLb4Jn7URf9K2kQPd,方法2,22,0.2418,24.18
p9enp5lzhiufas1xpd8p,Method_5Q4KoXthUuYz3bvrTDFm,方法3,18,0.1978,19.78
p9enp5lzhiufas1xpd8p,Method_m8vwGkEZc3TSW2xqYUoR,方法4,14,0.1538,15.38
p9enp5lzhiufas1xpd8p,Method_BXr9AIsPQhwNvyGdZL57,方法5,13,0.1429,14.29
lx7vfcjhdxzh2wkt42hc,Method_gj1NLb4Jn7URf9K2kQPd,方法1,24,0.2264,22.64
lx7vfcjhdxzh2wkt42hc,Method_BXr9AIsPQhwNvyGdZL57,方法2,22,0.2075,20.75
lx7vfcjhdxzh2wkt42hc,Method_5Q4KoXthUuYz3bvrTDFm,方法3,22,0.2075,20.75
lx7vfcjhdxzh2wkt42hc,Method_Cj9Ya2R7fZd6xs1q5mNQ,方法4,20,0.1887,18.87
lx7vfcjhdxzh2wkt42hc,Method_m8vwGkEZc3TSW2xqYUoR,方法5,18,0.1698,16.98
dwg6k0ka5vuwzo5h11m0,Method_BXr9AIsPQhwNvyGdZL57,方法1,25,0.2404,24.04
dwg6k0ka5vuwzo5h11m0,Method_m8vwGkEZc3TSW2xqYUoR,方法2,23,0.2212,22.12
dwg6k0ka5vuwzo5h11m0,Method_gj1NLb4Jn7URf9K2kQPd,方法3,21,0.2019,20.19
dwg6k0ka5vuwzo5h11m0,Method_Cj9Ya2R7fZd6xs1q5mNQ,方法4,19,0.1827,18.27
dwg6k0ka5vuwzo5h11m0,Method_5Q4KoXthUuYz3bvrTDFm,方法5,16,0.1538,15.38
5jxldd3plo4x6oq140l5,Method_m8vwGkEZc3TSW2xqYUoR,方法1,30,0.24,24.0
5jxldd3plo4x6oq140l5,Method_gj1NLb4Jn7URf9K2kQPd,方法2,29,0.232,23.2
5jxldd3plo4x6oq140l5,Method_Cj9Ya2R7fZd6xs1q5mNQ,方法3,24,0.192,19.2
5jxldd3plo4x6oq140l5,Method_BXr9AIsPQhwNvyGdZL57,方法4,23,0.184,18.4
5jxldd3plo4x6oq140l5,Method_5Q4KoXthUuYz3bvrTDFm,方法5,19,0.152,15.2
orgvbr9mbmfo4z8tbsa3,Method_BXr9AIsPQhwNvyGdZL57,方法1,28,0.2828,28.28
orgvbr9mbmfo4z8tbsa3,Method_gj1NLb4Jn7URf9K2kQPd,方法2,21,0.2121,21.21
orgvbr9mbmfo4z8tbsa3,Method_5Q4KoXthUuYz3bvrTDFm,方法3,21,0.2121,21.21
orgvbr9mbmfo4z8tbsa3,Method_Cj9Ya2R7fZd6xs1q5mNQ,方法4,15,0.1515,15.15
orgvbr9mbmfo4z8tbsa3,Method_m8vwGkEZc3TSW2xqYUoR,方法5,14,0.1414,14.14
3w0b2b1gz9i1nhmtab7s,Method_5Q4KoXthUuYz3bvrTDFm,方法1,24,0.2353,23.53
3w0b2b1gz9i1nhmtab7s,Method_Cj9Ya2R7fZd6xs1q5mNQ,方法2,24,0.2353,23.53
3w0b2b1gz9i1nhmtab7s,Method_m8vwGkEZc3TSW2xqYUoR,方法3,24,0.2353,23.53
3w0b2b1gz9i1nhmtab7s,Method_BXr9AIsPQhwNvyGdZL57,方法4,17,0.1667,16.67
3w0b2b1gz9i1nhmtab7s,Method_gj1NLb4Jn7URf9K2kQPd,方法5,13,0.1275,12.75
22fey6dqzcrm0jbtfnmm,Method_Cj9Ya2R7fZd6xs1q5mNQ,方法1,26,0.2407,24.07
22fey6dqzcrm0jbtfnmm,Method_m8vwGkEZc3TSW2xqYUoR,方法2,25,0.2315,23.15
22fey6dqzcrm0jbtfnmm,Method_BXr9AIsPQhwNvyGdZL57,方法3,21,0.1944,19.44
22fey6dqzcrm0jbtfnmm,Method_gj1NLb4Jn7URf9K2kQPd,方法4,19,0.1759,17.59
22fey6dqzcrm0jbtfnmm,Method_5Q4KoXthUuYz3bvrTDFm,方法5,17,0.1574,15.74
4atjmlccken75lck9ffp,Method_BXr9AIsPQhwNvyGdZL57,方法1,19,0.2405,24.05
4atjmlccken75lck9ffp,Method_Cj9Ya2R7fZd6xs1q5mNQ,方法2,18,0.2278,22.78
4atjmlccken75lck9ffp,Method_5Q4KoXthUuYz3bvrTDFm,方法3,16,0.2025,20.25
4atjmlccken75lck9ffp,Method_m8vwGkEZc3TSW2xqYUoR,方法4,13,0.1646,16.46
4atjmlccken75lck9ffp,Method_gj1NLb4Jn7URf9K2kQPd,方法5,13,0.1646,16.46
tuidsy7wcktf3jppecp5,Method_m8vwGkEZc3TSW2xqYUoR,方法1,29,0.2544,25.44
tuidsy7wcktf3jppecp5,Method_Cj9Ya2R7fZd6xs1q5mNQ,方法2,27,0.2368,23.68
tuidsy7wcktf3jppecp5,Method_5Q4KoXthUuYz3bvrTDFm,方法3,24,0.2105,21.05
tuidsy7wcktf3jppecp5,Method_gj1NLb4Jn7URf9K2kQPd,方法4,22,0.193,19.3
tuidsy7wcktf3jppecp5,Method_BXr9AIsPQhwNvyGdZL57,方法5,12,0.1053,10.53
gzthlilac9ixoayq02u1,Method_Cj9Ya2R7fZd6xs1q5mNQ,方法1,26,0.2342,23.42
gzthlilac9ixoayq02u1,Method_BXr9AIsPQhwNvyGdZL57,方法2,23,0.2072,20.72
gzthlilac9ixoayq02u1,Method_gj1NLb4Jn7URf9K2kQPd,方法3,21,0.1892,18.92
gzthlilac9ixoayq02u1,Method_5Q4KoXthUuYz3bvrTDFm,方法4,21,0.1892,18.92
gzthlilac9ixoayq02u1,Method_m8vwGkEZc3TSW2xqYUoR,方法5,20,0.1802,18.02
r3uk44zat2tcyj5wmojt,Method_BXr9AIsPQhwNvyGdZL57,方法1,26,0.2281,22.81
r3uk44zat2tcyj5wmojt,Method_m8vwGkEZc3TSW2xqYUoR,方法2,26,0.2281,22.81
r3uk44zat2tcyj5wmojt,Method_5Q4KoXthUuYz3bvrTDFm,方法3,24,0.2105,21.05
r3uk44zat2tcyj5wmojt,Method_gj1NLb4Jn7URf9K2kQPd,方法4,22,0.193,19.3
r3uk44zat2tcyj5wmojt,Method_Cj9Ya2R7fZd6xs1q5mNQ,方法5,16,0.1404,14.04
k1r03pvvsv9zxrft5jgi,Method_gj1NLb4Jn7URf9K2kQPd,方法1,26,0.2281,22.81
k1r03pvvsv9zxrft5jgi,Method_Cj9Ya2R7fZd6xs1q5mNQ,方法2,25,0.2193,21.93
k1r03pvvsv9zxrft5jgi,Method_5Q4KoXthUuYz3bvrTDFm,方法3,23,0.2018,20.18
k1r03pvvsv9zxrft5jgi,Method_m8vwGkEZc3TSW2xqYUoR,方法4,20,0.1754,17.54
k1r03pvvsv9zxrft5jgi,Method_BXr9AIsPQhwNvyGdZL57,方法5,20,0.1754,17.54
5ez4c53h3kdamnlvkpna,Method_BXr9AIsPQhwNvyGdZL57,方法1,23,0.2277,22.77
5ez4c53h3kdamnlvkpna,Method_gj1NLb4Jn7URf9K2kQPd,方法2,20,0.198,19.8
5ez4c53h3kdamnlvkpna,Method_Cj9Ya2R7fZd6xs1q5mNQ,方法3,20,0.198,19.8
5ez4c53h3kdamnlvkpna,Method_m8vwGkEZc3TSW2xqYUoR,方法4,20,0.198,19.8
5ez4c53h3kdamnlvkpna,Method_5Q4KoXthUuYz3bvrTDFm,方法5,18,0.1782,17.82
p10d5vx8mpn0v82i51gp,Method_BXr9AIsPQhwNvyGdZL57,方法1,29,0.2788,27.88
p10d5vx8mpn0v82i51gp,Method_Cj9Ya2R7fZd6xs1q5mNQ,方法2,23,0.2212,22.12
p10d5vx8mpn0v82i51gp,Method_5Q4KoXthUuYz3bvrTDFm,方法3,19,0.1827,18.27
p10d5vx8mpn0v82i51gp,Method_gj1NLb4Jn7URf9K2kQPd,方法4,17,0.1635,16.35
p10d5vx8mpn0v82i51gp,Method_m8vwGkEZc3TSW2xqYUoR,方法5,16,0.1538,15.38
sushd67p0jy6f04a3h0m,Method_5Q4KoXthUuYz3bvrTDFm,方法1,24,0.25,25.0
sushd67p0jy6f04a3h0m,Method_m8vwGkEZc3TSW2xqYUoR,方法2,21,0.2188,21.88
sushd67p0jy6f04a3h0m,Method_gj1NLb4Jn7URf9K2kQPd,方法3,19,0.1979,19.79
sushd67p0jy6f04a3h0m,Method_Cj9Ya2R7fZd6xs1q5mNQ,方法4,19,0.1979,19.79
sushd67p0jy6f04a3h0m,Method_BXr9AIsPQhwNvyGdZL57,方法5,13,0.1354,13.54
cmy2w5due4kl6pn6uia5,Method_gj1NLb4Jn7URf9K2kQPd,方法1,23,0.2614,26.14
cmy2w5due4kl6pn6uia5,Method_m8vwGkEZc3TSW2xqYUoR,方法2,22,0.25,25.0
cmy2w5due4kl6pn6uia5,Method_BXr9AIsPQhwNvyGdZL57,方法3,15,0.1705,17.05
cmy2w5due4kl6pn6uia5,Method_5Q4KoXthUuYz3bvrTDFm,方法4,14,0.1591,15.91
cmy2w5due4kl6pn6uia5,Method_Cj9Ya2R7fZd6xs1q5mNQ,方法5,14,0.1591,15.91
4oqxw56hzk4fk8aqh3e0,Method_m8vwGkEZc3TSW2xqYUoR,方法1,23,0.2371,23.71
4oqxw56hzk4fk8aqh3e0,Method_gj1NLb4Jn7URf9K2kQPd,方法2,19,0.1959,19.59
4oqxw56hzk4fk8aqh3e0,Method_5Q4KoXthUuYz3bvrTDFm,方法3,19,0.1959,19.59
4oqxw56hzk4fk8aqh3e0,Method_Cj9Ya2R7fZd6xs1q5mNQ,方法4,18,0.1856,18.56
4oqxw56hzk4fk8aqh3e0,Method_BXr9AIsPQhwNvyGdZL57,方法5,18,0.1856,18.56
d4geyy1ox6qzlz4ibz0z,Method_5Q4KoXthUuYz3bvrTDFm,方法1,25,0.2717,27.17
d4geyy1ox6qzlz4ibz0z,Method_BXr9AIsPQhwNvyGdZL57,方法2,21,0.2283,22.83
d4geyy1ox6qzlz4ibz0z,Method_gj1NLb4Jn7URf9K2kQPd,方法3,18,0.1957,19.57
d4geyy1ox6qzlz4ibz0z,Method_m8vwGkEZc3TSW2xqYUoR,方法4,14,0.1522,15.22
d4geyy1ox6qzlz4ibz0z,Method_Cj9Ya2R7fZd6xs1q5mNQ,方法5,14,0.1522,15.22
wu3cwt7cavxrllp6s123,Method_Cj9Ya2R7fZd6xs1q5mNQ,方法1,31,0.2818,28.18
wu3cwt7cavxrllp6s123,Method_5Q4KoXthUuYz3bvrTDFm,方法2,21,0.1909,19.09
wu3cwt7cavxrllp6s123,Method_BXr9AIsPQhwNvyGdZL57,方法3,21,0.1909,19.09
wu3cwt7cavxrllp6s123,Method_m8vwGkEZc3TSW2xqYUoR,方法4,19,0.1727,17.27
wu3cwt7cavxrllp6s123,Method_gj1NLb4Jn7URf9K2kQPd,方法5,18,0.1636,16.36
sf30f3p1koevnfztc2pd,Method_gj1NLb4Jn7URf9K2kQPd,方法1,22,0.2222,22.22
sf30f3p1koevnfztc2pd,Method_BXr9AIsPQhwNvyGdZL57,方法2,21,0.2121,21.21
sf30f3p1koevnfztc2pd,Method_Cj9Ya2R7fZd6xs1q5mNQ,方法3,21,0.2121,21.21
sf30f3p1koevnfztc2pd,Method_5Q4KoXthUuYz3bvrTDFm,方法4,18,0.1818,18.18
sf30f3p1koevnfztc2pd,Method_m8vwGkEZc3TSW2xqYUoR,方法5,17,0.1717,17.17
i8lx9f5ut0kaz120j30d,Method_m8vwGkEZc3TSW2xqYUoR,方法1,23,0.2556,25.56
i8lx9f5ut0kaz120j30d,Method_Cj9Ya2R7fZd6xs1q5mNQ,方法2,19,0.2111,21.11
i8lx9f5ut0kaz120j30d,Method_gj1NLb4Jn7URf9K2kQPd,方法3,17,0.1889,18.89
i8lx9f5ut0kaz120j30d,Method_5Q4KoXthUuYz3bvrTDFm,方法4,16,0.1778,17.78
i8lx9f5ut0kaz120j30d,Method_BXr9AIsPQhwNvyGdZL57,方法5,15,0.1667,16.67
6ixkthdoadcwip3r1sy2,Method_gj1NLb4Jn7URf9K2kQPd,方法1,28,0.2667,26.67
6ixkthdoadcwip3r1sy2,Method_m8vwGkEZc3TSW2xqYUoR,方法2,22,0.2095,20.95
6ixkthdoadcwip3r1sy2,Method_Cj9Ya2R7fZd6xs1q5mNQ,方法3,19,0.181,18.1
6ixkthdoadcwip3r1sy2,Method_BXr9AIsPQhwNvyGdZL57,方法4,19,0.181,18.1
6ixkthdoadcwip3r1sy2,Method_5Q4KoXthUuYz3bvrTDFm,方法5,17,0.1619,16.19
skyax9iocbd5gzronpru,Method_gj1NLb4Jn7URf9K2kQPd,方法1,29,0.2458,24.58
skyax9iocbd5gzronpru,Method_Cj9Ya2R7fZd6xs1q5mNQ,方法2,27,0.2288,22.88
skyax9iocbd5gzronpru,Method_BXr9AIsPQhwNvyGdZL57,方法3,25,0.2119,21.19
skyax9iocbd5gzronpru,Method_5Q4KoXthUuYz3bvrTDFm,方法4,23,0.1949,19.49
skyax9iocbd5gzronpru,Method_m8vwGkEZc3TSW2xqYUoR,方法5,14,0.1186,11.86
s97masc6nt48h4ly8s1w,Method_5Q4KoXthUuYz3bvrTDFm,方法1,24,0.24,24.0
s97masc6nt48h4ly8s1w,Method_BXr9AIsPQhwNvyGdZL57,方法2,23,0.23,23.0
s97masc6nt48h4ly8s1w,Method_Cj9Ya2R7fZd6xs1q5mNQ,方法3,20,0.2,20.0
s97masc6nt48h4ly8s1w,Method_m8vwGkEZc3TSW2xqYUoR,方法4,17,0.17,17.0
s97masc6nt48h4ly8s1w,Method_gj1NLb4Jn7URf9K2kQPd,方法5,16,0.16,16.0
510a90cd169e2eb042ab,Method_BXr9AIsPQhwNvyGdZL57,方法1,66,0.2215,22.15
510a90cd169e2eb042ab,Method_Cj9Ya2R7fZd6xs1q5mNQ,方法2,61,0.2047,20.47
510a90cd169e2eb042ab,Method_gj1NLb4Jn7URf9K2kQPd,方法3,59,0.198,19.8
510a90cd169e2eb042ab,Method_5Q4KoXthUuYz3bvrTDFm,方法4,58,0.1946,19.46
510a90cd169e2eb042ab,Method_m8vwGkEZc3TSW2xqYUoR,方法5,54,0.1812,18.12
2959d8017312337a2ba6,Method_m8vwGkEZc3TSW2xqYUoR,方法1,73,0.2517,25.17
2959d8017312337a2ba6,Method_gj1NLb4Jn7URf9K2kQPd,方法2,60,0.2069,20.69
2959d8017312337a2ba6,Method_5Q4KoXthUuYz3bvrTDFm,方法3,59,0.2034,20.34
2959d8017312337a2ba6,Method_Cj9Ya2R7fZd6xs1q5mNQ,方法4,52,0.1793,17.93
2959d8017312337a2ba6,Method_BXr9AIsPQhwNvyGdZL57,方法5,46,0.1586,15.86
07e3362d20ff4337671b,Method_gj1NLb4Jn7URf9K2kQPd,方法1,23,0.23,23.0
07e3362d20ff4337671b,Method_5Q4KoXthUuYz3bvrTDFm,方法2,22,0.22,22.0
07e3362d20ff4337671b,Method_BXr9AIsPQhwNvyGdZL57,方法3,21,0.21,21.0
07e3362d20ff4337671b,Method_Cj9Ya2R7fZd6xs1q5mNQ,方法4,19,0.19,19.0
07e3362d20ff4337671b,Method_m8vwGkEZc3TSW2xqYUoR,方法5,15,0.15,15.0
b6ed77b2b3283f9379c8,Method_BXr9AIsPQhwNvyGdZL57,方法1,68,0.2208,22.08
b6ed77b2b3283f9379c8,Method_gj1NLb4Jn7URf9K2kQPd,方法2,63,0.2045,20.45
b6ed77b2b3283f9379c8,Method_5Q4KoXthUuYz3bvrTDFm,方法3,63,0.2045,20.45
b6ed77b2b3283f9379c8,Method_m8vwGkEZc3TSW2xqYUoR,方法4,59,0.1916,19.16
b6ed77b2b3283f9379c8,Method_Cj9Ya2R7fZd6xs1q5mNQ,方法5,55,0.1786,17.86
09dfa3f18e48917f0242,Method_5Q4KoXthUuYz3bvrTDFm,方法1,58,0.2377,23.77
09dfa3f18e48917f0242,Method_m8vwGkEZc3TSW2xqYUoR,方法2,56,0.2295,22.95
09dfa3f18e48917f0242,Method_gj1NLb4Jn7URf9K2kQPd,方法3,47,0.1926,19.26
09dfa3f18e48917f0242,Method_Cj9Ya2R7fZd6xs1q5mNQ,方法4,44,0.1803,18.03
09dfa3f18e48917f0242,Method_BXr9AIsPQhwNvyGdZL57,方法5,39,0.1598,15.98
dba2bc2a15c1e8d696fe,Method_gj1NLb4Jn7URf9K2kQPd,方法1,20,0.25,25.0
dba2bc2a15c1e8d696fe,Method_BXr9AIsPQhwNvyGdZL57,方法2,19,0.2375,23.75
dba2bc2a15c1e8d696fe,Method_Cj9Ya2R7fZd6xs1q5mNQ,方法3,18,0.225,22.5
dba2bc2a15c1e8d696fe,Method_m8vwGkEZc3TSW2xqYUoR,方法4,15,0.1875,18.75
dba2bc2a15c1e8d696fe,Method_5Q4KoXthUuYz3bvrTDFm,方法5,8,0.1,10.0
ca66ab7e59628143cf1e,Method_BXr9AIsPQhwNvyGdZL57,方法1,18,0.25,25.0
ca66ab7e59628143cf1e,Method_5Q4KoXthUuYz3bvrTDFm,方法2,17,0.2361,23.61
ca66ab7e59628143cf1e,Method_m8vwGkEZc3TSW2xqYUoR,方法3,13,0.1806,18.06
ca66ab7e59628143cf1e,Method_Cj9Ya2R7fZd6xs1q5mNQ,方法4,12,0.1667,16.67
ca66ab7e59628143cf1e,Method_gj1NLb4Jn7URf9K2kQPd,方法5,12,0.1667,16.67
4a7f53c0a376edadf38a,Method_BXr9AIsPQhwNvyGdZL57,方法1,37,0.2403,24.03
4a7f53c0a376edadf38a,Method_m8vwGkEZc3TSW2xqYUoR,方法2,32,0.2078,20.78
4a7f53c0a376edadf38a,Method_Cj9Ya2R7fZd6xs1q5mNQ,方法3,31,0.2013,20.13
4a7f53c0a376edadf38a,Method_gj1NLb4Jn7URf9K2kQPd,方法4,28,0.1818,18.18
4a7f53c0a376edadf38a,Method_5Q4KoXthUuYz3bvrTDFm,方法5,26,0.1688,16.88
bfcf5965e6024248f0a3,Method_Cj9Ya2R7fZd6xs1q5mNQ,方法1,23,0.2447,24.47
bfcf5965e6024248f0a3,Method_BXr9AIsPQhwNvyGdZL57,方法2,22,0.234,23.4
bfcf5965e6024248f0a3,Method_m8vwGkEZc3TSW2xqYUoR,方法3,19,0.2021,20.21
bfcf5965e6024248f0a3,Method_gj1NLb4Jn7URf9K2kQPd,方法4,17,0.1809,18.09
bfcf5965e6024248f0a3,Method_5Q4KoXthUuYz3bvrTDFm,方法5,13,0.1383,13.83
4156dc6090d72c95c23b,Method_m8vwGkEZc3TSW2xqYUoR,方法1,19,0.25,25.0
4156dc6090d72c95c23b,Method_BXr9AIsPQhwNvyGdZL57,方法2,18,0.2368,23.68
4156dc6090d72c95c23b,Method_5Q4KoXthUuYz3bvrTDFm,方法3,15,0.1974,19.74
4156dc6090d72c95c23b,Method_Cj9Ya2R7fZd6xs1q5mNQ,方法4,14,0.1842,18.42
4156dc6090d72c95c23b,Method_gj1NLb4Jn7URf9K2kQPd,方法5,10,0.1316,13.16
1b36a3223f9dd94a211f,Method_Cj9Ya2R7fZd6xs1q5mNQ,方法1,37,0.2372,23.72
1b36a3223f9dd94a211f,Method_5Q4KoXthUuYz3bvrTDFm,方法2,36,0.2308,23.08
1b36a3223f9dd94a211f,Method_gj1NLb4Jn7URf9K2kQPd,方法3,28,0.1795,17.95
1b36a3223f9dd94a211f,Method_BXr9AIsPQhwNvyGdZL57,方法4,28,0.1795,17.95
1b36a3223f9dd94a211f,Method_m8vwGkEZc3TSW2xqYUoR,方法5,27,0.1731,17.31
8cdbc02c05d6ebafa9eb,Method_BXr9AIsPQhwNvyGdZL57,方法1,23,0.3067,30.67
8cdbc02c05d6ebafa9eb,Method_gj1NLb4Jn7URf9K2kQPd,方法2,17,0.2267,22.67
8cdbc02c05d6ebafa9eb,Method_m8vwGkEZc3TSW2xqYUoR,方法3,17,0.2267,22.67
8cdbc02c05d6ebafa9eb,Method_Cj9Ya2R7fZd6xs1q5mNQ,方法4,12,0.16,16.0
8cdbc02c05d6ebafa9eb,Method_5Q4KoXthUuYz3bvrTDFm,方法5,6,0.08,8.0
390d1fc3b78420815190,Method_Cj9Ya2R7fZd6xs1q5mNQ,方法1,36,0.2368,23.68
390d1fc3b78420815190,Method_BXr9AIsPQhwNvyGdZL57,方法2,34,0.2237,22.37
390d1fc3b78420815190,Method_gj1NLb4Jn7URf9K2kQPd,方法3,32,0.2105,21.05
390d1fc3b78420815190,Method_5Q4KoXthUuYz3bvrTDFm,方法4,29,0.1908,19.08
390d1fc3b78420815190,Method_m8vwGkEZc3TSW2xqYUoR,方法5,21,0.1382,13.82
be24259f2867b231800d,Method_m8vwGkEZc3TSW2xqYUoR,方法1,32,0.254,25.4
be24259f2867b231800d,Method_BXr9AIsPQhwNvyGdZL57,方法2,25,0.1984,19.84
be24259f2867b231800d,Method_Cj9Ya2R7fZd6xs1q5mNQ,方法3,25,0.1984,19.84
be24259f2867b231800d,Method_5Q4KoXthUuYz3bvrTDFm,方法4,24,0.1905,19.05
be24259f2867b231800d,Method_gj1NLb4Jn7URf9K2kQPd,方法5,20,0.1587,15.87
c7c79725138f07b9c265,Method_Cj9Ya2R7fZd6xs1q5mNQ,方法1,75,0.2155,21.55
c7c79725138f07b9c265,Method_gj1NLb4Jn7URf9K2kQPd,方法2,74,0.2126,21.26
c7c79725138f07b9c265,Method_BXr9AIsPQhwNvyGdZL57,方法3,69,0.1983,19.83
c7c79725138f07b9c265,Method_m8vwGkEZc3TSW2xqYUoR,方法4,65,0.1868,18.68
c7c79725138f07b9c265,Method_5Q4KoXthUuYz3bvrTDFm,方法5,65,0.1868,18.68
e199ddadaaf5aee02eb8,Method_BXr9AIsPQhwNvyGdZL57,方法1,38,0.2484,24.84
e199ddadaaf5aee02eb8,Method_gj1NLb4Jn7URf9K2kQPd,方法2,37,0.2418,24.18
e199ddadaaf5aee02eb8,Method_m8vwGkEZc3TSW2xqYUoR,方法3,30,0.1961,19.61
e199ddadaaf5aee02eb8,Method_5Q4KoXthUuYz3bvrTDFm,方法4,27,0.1765,17.65
e199ddadaaf5aee02eb8,Method_Cj9Ya2R7fZd6xs1q5mNQ,方法5,21,0.1373,13.73
b92448e12093e45dc6ff,Method_m8vwGkEZc3TSW2xqYUoR,方法1,46,0.219,21.9
b92448e12093e45dc6ff,Method_BXr9AIsPQhwNvyGdZL57,方法2,44,0.2095,20.95
b92448e12093e45dc6ff,Method_5Q4KoXthUuYz3bvrTDFm,方法3,44,0.2095,20.95
b92448e12093e45dc6ff,Method_gj1NLb4Jn7URf9K2kQPd,方法4,40,0.1905,19.05
b92448e12093e45dc6ff,Method_Cj9Ya2R7fZd6xs1q5mNQ,方法5,36,0.1714,17.14
28d90a892cc66338f962,Method_gj1NLb4Jn7URf9K2kQPd,方法1,32,0.2645,26.45
28d90a892cc66338f962,Method_BXr9AIsPQhwNvyGdZL57,方法2,24,0.1983,19.83
28d90a892cc66338f962,Method_5Q4KoXthUuYz3bvrTDFm,方法3,23,0.1901,19.01
28d90a892cc66338f962,Method_m8vwGkEZc3TSW2xqYUoR,方法4,22,0.1818,18.18
28d90a892cc66338f962,Method_Cj9Ya2R7fZd6xs1q5mNQ,方法5,20,0.1653,16.53
3a9d955e2ef47191a742,Method_gj1NLb4Jn7URf9K2kQPd,方法1,34,0.2112,21.12
3a9d955e2ef47191a742,Method_m8vwGkEZc3TSW2xqYUoR,方法2,32,0.1988,19.88
3a9d955e2ef47191a742,Method_5Q4KoXthUuYz3bvrTDFm,方法3,32,0.1988,19.88
3a9d955e2ef47191a742,Method_BXr9AIsPQhwNvyGdZL57,方法4,32,0.1988,19.88
3a9d955e2ef47191a742,Method_Cj9Ya2R7fZd6xs1q5mNQ,方法5,31,0.1925,19.25
1096bd470d3ddff1ec1c,Method_gj1NLb4Jn7URf9K2kQPd,方法1,32,0.2133,21.33
1096bd470d3ddff1ec1c,Method_m8vwGkEZc3TSW2xqYUoR,方法2,32,0.2133,21.33
1096bd470d3ddff1ec1c,Method_5Q4KoXthUuYz3bvrTDFm,方法3,29,0.1933,19.33
1096bd470d3ddff1ec1c,Method_Cj9Ya2R7fZd6xs1q5mNQ,方法4,29,0.1933,19.33
1096bd470d3ddff1ec1c,Method_BXr9AIsPQhwNvyGdZL57,方法5,28,0.1867,18.67
8b586d8b9c06414b2487,Method_BXr9AIsPQhwNvyGdZL57,方法1,51,0.255,25.5
8b586d8b9c06414b2487,Method_m8vwGkEZc3TSW2xqYUoR,方法2,48,0.24,24.0
8b586d8b9c06414b2487,Method_Cj9Ya2R7fZd6xs1q5mNQ,方法3,44,0.22,22.0
8b586d8b9c06414b2487,Method_gj1NLb4Jn7URf9K2kQPd,方法4,30,0.15,15.0
8b586d8b9c06414b2487,Method_5Q4KoXthUuYz3bvrTDFm,方法5,27,0.135,13.5
cc317db3f3bb874542a7,Method_gj1NLb4Jn7URf9K2kQPd,方法1,38,0.2695,26.95
cc317db3f3bb874542a7,Method_m8vwGkEZc3TSW2xqYUoR,方法2,29,0.2057,20.57
cc317db3f3bb874542a7,Method_Cj9Ya2R7fZd6xs1q5mNQ,方法3,26,0.1844,18.44
cc317db3f3bb874542a7,Method_5Q4KoXthUuYz3bvrTDFm,方法4,25,0.1773,17.73
cc317db3f3bb874542a7,Method_BXr9AIsPQhwNvyGdZL57,方法5,23,0.1631,16.31
1224ceafb61456a033d0,Method_5Q4KoXthUuYz3bvrTDFm,方法1,26,0.2131,21.31
1224ceafb61456a033d0,Method_BXr9AIsPQhwNvyGdZL57,方法2,26,0.2131,21.31
1224ceafb61456a033d0,Method_Cj9Ya2R7fZd6xs1q5mNQ,方法3,24,0.1967,19.67
1224ceafb61456a033d0,Method_gj1NLb4Jn7URf9K2kQPd,方法4,23,0.1885,18.85
1224ceafb61456a033d0,Method_m8vwGkEZc3TSW2xqYUoR,方法5,23,0.1885,18.85
29acddb87cfe062d73f5,Method_m8vwGkEZc3TSW2xqYUoR,方法1,32,0.2462,24.62
29acddb87cfe062d73f5,Method_Cj9Ya2R7fZd6xs1q5mNQ,方法2,27,0.2077,20.77
29acddb87cfe062d73f5,Method_5Q4KoXthUuYz3bvrTDFm,方法3,26,0.2,20.0
29acddb87cfe062d73f5,Method_gj1NLb4Jn7URf9K2kQPd,方法4,26,0.2,20.0
29acddb87cfe062d73f5,Method_BXr9AIsPQhwNvyGdZL57,方法5,19,0.1462,14.62
e103cf810dfba59d0431,Method_5Q4KoXthUuYz3bvrTDFm,方法1,33,0.2391,23.91
e103cf810dfba59d0431,Method_Cj9Ya2R7fZd6xs1q5mNQ,方法2,28,0.2029,20.29
e103cf810dfba59d0431,Method_BXr9AIsPQhwNvyGdZL57,方法3,27,0.1957,19.57
e103cf810dfba59d0431,Method_gj1NLb4Jn7URf9K2kQPd,方法4,25,0.1812,18.12
e103cf810dfba59d0431,Method_m8vwGkEZc3TSW2xqYUoR,方法5,25,0.1812,18.12
25c8e1ae2335e8c3e5b3,Method_m8vwGkEZc3TSW2xqYUoR,方法1,51,0.2257,22.57
25c8e1ae2335e8c3e5b3,Method_5Q4KoXthUuYz3bvrTDFm,方法2,51,0.2257,22.57
25c8e1ae2335e8c3e5b3,Method_BXr9AIsPQhwNvyGdZL57,方法3,47,0.208,20.8
25c8e1ae2335e8c3e5b3,Method_gj1NLb4Jn7URf9K2kQPd,方法4,40,0.177,17.7
25c8e1ae2335e8c3e5b3,Method_Cj9Ya2R7fZd6xs1q5mNQ,方法5,37,0.1637,16.37
b8a4fd679898150ef87a,Method_gj1NLb4Jn7URf9K2kQPd,方法1,76,0.2289,22.89
b8a4fd679898150ef87a,Method_BXr9AIsPQhwNvyGdZL57,方法2,71,0.2139,21.39
b8a4fd679898150ef87a,Method_Cj9Ya2R7fZd6xs1q5mNQ,方法3,69,0.2078,20.78
b8a4fd679898150ef87a,Method_5Q4KoXthUuYz3bvrTDFm,方法4,59,0.1777,17.77
b8a4fd679898150ef87a,Method_m8vwGkEZc3TSW2xqYUoR,方法5,57,0.1717,17.17
80423084979315c20dbf,Method_gj1NLb4Jn7URf9K2kQPd,方法1,41,0.2515,25.15
80423084979315c20dbf,Method_BXr9AIsPQhwNvyGdZL57,方法2,34,0.2086,20.86
80423084979315c20dbf,Method_Cj9Ya2R7fZd6xs1q5mNQ,方法3,33,0.2025,20.25
80423084979315c20dbf,Method_m8vwGkEZc3TSW2xqYUoR,方法4,30,0.184,18.4
80423084979315c20dbf,Method_5Q4KoXthUuYz3bvrTDFm,方法5,25,0.1534,15.34
217c87d59a4372c4f3fc,Method_gj1NLb4Jn7URf9K2kQPd,方法1,47,0.2271,22.71
217c87d59a4372c4f3fc,Method_Cj9Ya2R7fZd6xs1q5mNQ,方法2,45,0.2174,21.74
217c87d59a4372c4f3fc,Method_m8vwGkEZc3TSW2xqYUoR,方法3,43,0.2077,20.77
217c87d59a4372c4f3fc,Method_BXr9AIsPQhwNvyGdZL57,方法4,36,0.1739,17.39
217c87d59a4372c4f3fc,Method_5Q4KoXthUuYz3bvrTDFm,方法5,36,0.1739,17.39
5ada57d72f07c3803d33,Method_m8vwGkEZc3TSW2xqYUoR,方法1,32,0.2623,26.23
5ada57d72f07c3803d33,Method_gj1NLb4Jn7URf9K2kQPd,方法2,26,0.2131,21.31
5ada57d72f07c3803d33,Method_Cj9Ya2R7fZd6xs1q5mNQ,方法3,25,0.2049,20.49
5ada57d72f07c3803d33,Method_5Q4KoXthUuYz3bvrTDFm,方法4,20,0.1639,16.39
5ada57d72f07c3803d33,Method_BXr9AIsPQhwNvyGdZL57,方法5,19,0.1557,15.57
f1c1c0932bfeb74762d0,Method_5Q4KoXthUuYz3bvrTDFm,方法1,73,0.2332,23.32
f1c1c0932bfeb74762d0,Method_m8vwGkEZc3TSW2xqYUoR,方法2,68,0.2173,21.73
f1c1c0932bfeb74762d0,Method_gj1NLb4Jn7URf9K2kQPd,方法3,66,0.2109,21.09
f1c1c0932bfeb74762d0,Method_Cj9Ya2R7fZd6xs1q5mNQ,方法4,54,0.1725,17.25
f1c1c0932bfeb74762d0,Method_BXr9AIsPQhwNvyGdZL57,方法5,52,0.1661,16.61
b21ec59d991586279d95,Method_5Q4KoXthUuYz3bvrTDFm,方法1,48,0.2243,22.43
b21ec59d991586279d95,Method_m8vwGkEZc3TSW2xqYUoR,方法2,45,0.2103,21.03
b21ec59d991586279d95,Method_Cj9Ya2R7fZd6xs1q5mNQ,方法3,43,0.2009,20.09
b21ec59d991586279d95,Method_gj1NLb4Jn7URf9K2kQPd,方法4,42,0.1963,19.63
b21ec59d991586279d95,Method_BXr9AIsPQhwNvyGdZL57,方法5,36,0.1682,16.82
e28711e2f5500d3d6b04,Method_BXr9AIsPQhwNvyGdZL57,方法1,107,0.2388,23.88
e28711e2f5500d3d6b04,Method_gj1NLb4Jn7URf9K2kQPd,方法2,92,0.2054,20.54
e28711e2f5500d3d6b04,Method_Cj9Ya2R7fZd6xs1q5mNQ,方法3,86,0.192,19.2
e28711e2f5500d3d6b04,Method_5Q4KoXthUuYz3bvrTDFm,方法4,83,0.1853,18.53
e28711e2f5500d3d6b04,Method_m8vwGkEZc3TSW2xqYUoR,方法5,80,0.1786,17.86
0d260d8fac2289c8ed9e,Method_Cj9Ya2R7fZd6xs1q5mNQ,方法1,34,0.2282,22.82
0d260d8fac2289c8ed9e,Method_m8vwGkEZc3TSW2xqYUoR,方法2,31,0.2081,20.81
0d260d8fac2289c8ed9e,Method_5Q4KoXthUuYz3bvrTDFm,方法3,29,0.1946,19.46
0d260d8fac2289c8ed9e,Method_gj1NLb4Jn7URf9K2kQPd,方法4,28,0.1879,18.79
0d260d8fac2289c8ed9e,Method_BXr9AIsPQhwNvyGdZL57,方法5,27,0.1812,18.12
4c79be630ae9d3db6aaf,Method_Cj9Ya2R7fZd6xs1q5mNQ,方法1,45,0.2514,25.14
4c79be630ae9d3db6aaf,Method_5Q4KoXthUuYz3bvrTDFm,方法2,38,0.2123,21.23
4c79be630ae9d3db6aaf,Method_gj1NLb4Jn7URf9K2kQPd,方法3,36,0.2011,20.11
4c79be630ae9d3db6aaf,Method_m8vwGkEZc3TSW2xqYUoR,方法4,34,0.1899,18.99
4c79be630ae9d3db6aaf,Method_BXr9AIsPQhwNvyGdZL57,方法5,26,0.1453,14.53
5e12a0421c20717035cb,Method_Cj9Ya2R7fZd6xs1q5mNQ,方法1,62,0.246,24.6
5e12a0421c20717035cb,Method_gj1NLb4Jn7URf9K2kQPd,方法2,57,0.2262,22.62
5e12a0421c20717035cb,Method_m8vwGkEZc3TSW2xqYUoR,方法3,50,0.1984,19.84
5e12a0421c20717035cb,Method_5Q4KoXthUuYz3bvrTDFm,方法4,42,0.1667,16.67
5e12a0421c20717035cb,Method_BXr9AIsPQhwNvyGdZL57,方法5,41,0.1627,16.27
7207088b2ef28ff6b669,Method_m8vwGkEZc3TSW2xqYUoR,方法1,21,0.236,23.6
7207088b2ef28ff6b669,Method_5Q4KoXthUuYz3bvrTDFm,方法2,20,0.2247,22.47
7207088b2ef28ff6b669,Method_gj1NLb4Jn7URf9K2kQPd,方法3,19,0.2135,21.35
7207088b2ef28ff6b669,Method_Cj9Ya2R7fZd6xs1q5mNQ,方法4,15,0.1685,16.85
7207088b2ef28ff6b669,Method_BXr9AIsPQhwNvyGdZL57,方法5,14,0.1573,15.73
c24bc0aaf20c79d2dfda,Method_5Q4KoXthUuYz3bvrTDFm,方法1,31,0.2385,23.85
c24bc0aaf20c79d2dfda,Method_m8vwGkEZc3TSW2xqYUoR,方法2,29,0.2231,22.31
c24bc0aaf20c79d2dfda,Method_Cj9Ya2R7fZd6xs1q5mNQ,方法3,26,0.2,20.0
c24bc0aaf20c79d2dfda,Method_BXr9AIsPQhwNvyGdZL57,方法4,26,0.2,20.0
c24bc0aaf20c79d2dfda,Method_gj1NLb4Jn7URf9K2kQPd,方法5,18,0.1385,13.85
24524df0ca55659c384e,Method_5Q4KoXthUuYz3bvrTDFm,方法1,39,0.2378,23.78
24524df0ca55659c384e,Method_BXr9AIsPQhwNvyGdZL57,方法2,38,0.2317,23.17
24524df0ca55659c384e,Method_m8vwGkEZc3TSW2xqYUoR,方法3,35,0.2134,21.34
24524df0ca55659c384e,Method_gj1NLb4Jn7URf9K2kQPd,方法4,29,0.1768,17.68
24524df0ca55659c384e,Method_Cj9Ya2R7fZd6xs1q5mNQ,方法5,23,0.1402,14.02
ed5a13234f04cae4894d,Method_m8vwGkEZc3TSW2xqYUoR,方法1,12,0.2308,23.08
ed5a13234f04cae4894d,Method_Cj9Ya2R7fZd6xs1q5mNQ,方法2,12,0.2308,23.08
ed5a13234f04cae4894d,Method_BXr9AIsPQhwNvyGdZL57,方法3,10,0.1923,19.23
ed5a13234f04cae4894d,Method_gj1NLb4Jn7URf9K2kQPd,方法4,9,0.1731,17.31
ed5a13234f04cae4894d,Method_5Q4KoXthUuYz3bvrTDFm,方法5,9,0.1731,17.31
e7958857e7d2292ffbc7,Method_Cj9Ya2R7fZd6xs1q5mNQ,方法1,31,0.25,25.0
e7958857e7d2292ffbc7,Method_BXr9AIsPQhwNvyGdZL57,方法2,28,0.2258,22.58
e7958857e7d2292ffbc7,Method_m8vwGkEZc3TSW2xqYUoR,方法3,27,0.2177,21.77
e7958857e7d2292ffbc7,Method_gj1NLb4Jn7URf9K2kQPd,方法4,22,0.1774,17.74
e7958857e7d2292ffbc7,Method_5Q4KoXthUuYz3bvrTDFm,方法5,16,0.129,12.9
86366c9920186cc4d1a3,Method_gj1NLb4Jn7URf9K2kQPd,方法1,36,0.2308,23.08
86366c9920186cc4d1a3,Method_BXr9AIsPQhwNvyGdZL57,方法2,32,0.2051,20.51
86366c9920186cc4d1a3,Method_5Q4KoXthUuYz3bvrTDFm,方法3,30,0.1923,19.23
86366c9920186cc4d1a3,Method_m8vwGkEZc3TSW2xqYUoR,方法4,30,0.1923,19.23
86366c9920186cc4d1a3,Method_Cj9Ya2R7fZd6xs1q5mNQ,方法5,28,0.1795,17.95
767e222eeb367b2b010f,Method_Cj9Ya2R7fZd6xs1q5mNQ,方法1,73,0.2852,28.52
767e222eeb367b2b010f,Method_m8vwGkEZc3TSW2xqYUoR,方法2,52,0.2031,20.31
767e222eeb367b2b010f,Method_gj1NLb4Jn7URf9K2kQPd,方法3,48,0.1875,18.75
767e222eeb367b2b010f,Method_BXr9AIsPQhwNvyGdZL57,方法4,45,0.1758,17.58
767e222eeb367b2b010f,Method_5Q4KoXthUuYz3bvrTDFm,方法5,38,0.1484,14.84
46a60ed041c8ebf98061,Method_Cj9Ya2R7fZd6xs1q5mNQ,方法1,22,0.2973,29.73
46a60ed041c8ebf98061,Method_gj1NLb4Jn7URf9K2kQPd,方法2,15,0.2027,20.27
46a60ed041c8ebf98061,Method_5Q4KoXthUuYz3bvrTDFm,方法3,14,0.1892,18.92
46a60ed041c8ebf98061,Method_m8vwGkEZc3TSW2xqYUoR,方法4,12,0.1622,16.22
46a60ed041c8ebf98061,Method_BXr9AIsPQhwNvyGdZL57,方法5,11,0.1486,14.86
54342435561e775ce97f,Method_gj1NLb4Jn7URf9K2kQPd,方法1,38,0.2303,23.03
54342435561e775ce97f,Method_5Q4KoXthUuYz3bvrTDFm,方法2,37,0.2242,22.42
54342435561e775ce97f,Method_m8vwGkEZc3TSW2xqYUoR,方法3,36,0.2182,21.82
54342435561e775ce97f,Method_BXr9AIsPQhwNvyGdZL57,方法4,29,0.1758,17.58
54342435561e775ce97f,Method_Cj9Ya2R7fZd6xs1q5mNQ,方法5,25,0.1515,15.15
78e6c80ea8dc73ec747d,Method_m8vwGkEZc3TSW2xqYUoR,方法1,17,0.2931,29.31
78e6c80ea8dc73ec747d,Method_Cj9Ya2R7fZd6xs1q5mNQ,方法2,14,0.2414,24.14
78e6c80ea8dc73ec747d,Method_5Q4KoXthUuYz3bvrTDFm,方法3,13,0.2241,22.41
78e6c80ea8dc73ec747d,Method_BXr9AIsPQhwNvyGdZL57,方法4,7,0.1207,12.07
78e6c80ea8dc73ec747d,Method_gj1NLb4Jn7URf9K2kQPd,方法5,7,0.1207,12.07
f50dcd09709383fea95f,Method_BXr9AIsPQhwNvyGdZL57,方法1,45,0.2647,26.47
f50dcd09709383fea95f,Method_m8vwGkEZc3TSW2xqYUoR,方法2,42,0.2471,24.71
f50dcd09709383fea95f,Method_gj1NLb4Jn7URf9K2kQPd,方法3,31,0.1824,18.24
f50dcd09709383fea95f,Method_5Q4KoXthUuYz3bvrTDFm,方法4,28,0.1647,16.47
f50dcd09709383fea95f,Method_Cj9Ya2R7fZd6xs1q5mNQ,方法5,24,0.1412,14.12
ade35014b25afed24916,Method_Cj9Ya2R7fZd6xs1q5mNQ,方法1,27,0.2432,24.32
ade35014b25afed24916,Method_5Q4KoXthUuYz3bvrTDFm,方法2,26,0.2342,23.42
ade35014b25afed24916,Method_m8vwGkEZc3TSW2xqYUoR,方法3,22,0.1982,19.82
ade35014b25afed24916,Method_gj1NLb4Jn7URf9K2kQPd,方法4,20,0.1802,18.02
ade35014b25afed24916,Method_BXr9AIsPQhwNvyGdZL57,方法5,16,0.1441,14.41
914f82268754cbf71a54,Method_Cj9Ya2R7fZd6xs1q5mNQ,方法1,23,0.2556,25.56
914f82268754cbf71a54,Method_BXr9AIsPQhwNvyGdZL57,方法2,18,0.2,20.0
914f82268754cbf71a54,Method_m8vwGkEZc3TSW2xqYUoR,方法3,18,0.2,20.0
914f82268754cbf71a54,Method_gj1NLb4Jn7URf9K2kQPd,方法4,16,0.1778,17.78
914f82268754cbf71a54,Method_5Q4KoXthUuYz3bvrTDFm,方法5,15,0.1667,16.67
c0884e4814b0f32935f8,Method_Cj9Ya2R7fZd6xs1q5mNQ,方法1,13,0.2653,26.53
c0884e4814b0f32935f8,Method_BXr9AIsPQhwNvyGdZL57,方法2,13,0.2653,26.53
c0884e4814b0f32935f8,Method_gj1NLb4Jn7URf9K2kQPd,方法3,9,0.1837,18.37
c0884e4814b0f32935f8,Method_5Q4KoXthUuYz3bvrTDFm,方法4,8,0.1633,16.33
c0884e4814b0f32935f8,Method_m8vwGkEZc3TSW2xqYUoR,方法5,6,0.1224,12.24
a87767892344a954c746,Method_m8vwGkEZc3TSW2xqYUoR,方法1,44,0.2444,24.44
a87767892344a954c746,Method_Cj9Ya2R7fZd6xs1q5mNQ,方法2,40,0.2222,22.22
a87767892344a954c746,Method_BXr9AIsPQhwNvyGdZL57,方法3,35,0.1944,19.44
a87767892344a954c746,Method_gj1NLb4Jn7URf9K2kQPd,方法4,33,0.1833,18.33
a87767892344a954c746,Method_5Q4KoXthUuYz3bvrTDFm,方法5,28,0.1556,15.56
8f81bd9cbc5471ebfc60,Method_gj1NLb4Jn7URf9K2kQPd,方法1,56,0.2314,23.14
8f81bd9cbc5471ebfc60,Method_Cj9Ya2R7fZd6xs1q5mNQ,方法2,54,0.2231,22.31
8f81bd9cbc5471ebfc60,Method_BXr9AIsPQhwNvyGdZL57,方法3,48,0.1983,19.83
8f81bd9cbc5471ebfc60,Method_5Q4KoXthUuYz3bvrTDFm,方法4,42,0.1736,17.36
8f81bd9cbc5471ebfc60,Method_m8vwGkEZc3TSW2xqYUoR,方法5,42,0.1736,17.36
vwyziyyebvsje4dqjsrp,Method_gj1NLb4Jn7URf9K2kQPd,方法1,23,0.2396,23.96
vwyziyyebvsje4dqjsrp,Method_Cj9Ya2R7fZd6xs1q5mNQ,方法2,21,0.2188,21.88
vwyziyyebvsje4dqjsrp,Method_m8vwGkEZc3TSW2xqYUoR,方法3,20,0.2083,20.83
vwyziyyebvsje4dqjsrp,Method_BXr9AIsPQhwNvyGdZL57,方法4,18,0.1875,18.75
vwyziyyebvsje4dqjsrp,Method_5Q4KoXthUuYz3bvrTDFm,方法5,14,0.1458,14.58
5c83f4ed6601ddf1a6fa,Method_Cj9Ya2R7fZd6xs1q5mNQ,方法1,23,0.2473,24.73
5c83f4ed6601ddf1a6fa,Method_BXr9AIsPQhwNvyGdZL57,方法2,22,0.2366,23.66
5c83f4ed6601ddf1a6fa,Method_m8vwGkEZc3TSW2xqYUoR,方法3,20,0.2151,21.51
5c83f4ed6601ddf1a6fa,Method_gj1NLb4Jn7URf9K2kQPd,方法4,16,0.172,17.2
5c83f4ed6601ddf1a6fa,Method_5Q4KoXthUuYz3bvrTDFm,方法5,12,0.129,12.9
0999173c045ee29a0b44,Method_m8vwGkEZc3TSW2xqYUoR,方法1,25,0.2294,22.94
0999173c045ee29a0b44,Method_Cj9Ya2R7fZd6xs1q5mNQ,方法2,24,0.2202,22.02
0999173c045ee29a0b44,Method_gj1NLb4Jn7URf9K2kQPd,方法3,21,0.1927,19.27
0999173c045ee29a0b44,Method_BXr9AIsPQhwNvyGdZL57,方法4,20,0.1835,18.35
0999173c045ee29a0b44,Method_5Q4KoXthUuYz3bvrTDFm,方法5,19,0.1743,17.43
8f477d2c60ec76ce22b7,Method_BXr9AIsPQhwNvyGdZL57,方法1,28,0.2617,26.17
8f477d2c60ec76ce22b7,Method_5Q4KoXthUuYz3bvrTDFm,方法2,25,0.2336,23.36
8f477d2c60ec76ce22b7,Method_m8vwGkEZc3TSW2xqYUoR,方法3,25,0.2336,23.36
8f477d2c60ec76ce22b7,Method_Cj9Ya2R7fZd6xs1q5mNQ,方法4,17,0.1589,15.89
8f477d2c60ec76ce22b7,Method_gj1NLb4Jn7URf9K2kQPd,方法5,12,0.1121,11.21
6604efc6fd93e070f40a,Method_gj1NLb4Jn7URf9K2kQPd,方法1,21,0.2625,26.25
6604efc6fd93e070f40a,Method_m8vwGkEZc3TSW2xqYUoR,方法2,18,0.225,22.5
6604efc6fd93e070f40a,Method_BXr9AIsPQhwNvyGdZL57,方法3,17,0.2125,21.25
6604efc6fd93e070f40a,Method_Cj9Ya2R7fZd6xs1q5mNQ,方法4,14,0.175,17.5
6604efc6fd93e070f40a,Method_5Q4KoXthUuYz3bvrTDFm,方法5,10,0.125,12.5
1883af270e36a7580332,Method_m8vwGkEZc3TSW2xqYUoR,方法1,27,0.2126,21.26
1883af270e36a7580332,Method_Cj9Ya2R7fZd6xs1q5mNQ,方法2,27,0.2126,21.26
1883af270e36a7580332,Method_gj1NLb4Jn7URf9K2kQPd,方法3,26,0.2047,20.47
1883af270e36a7580332,Method_5Q4KoXthUuYz3bvrTDFm,方法4,24,0.189,18.9
1883af270e36a7580332,Method_BXr9AIsPQhwNvyGdZL57,方法5,23,0.1811,18.11
a14b9aa97f66fc82ede3,Method_BXr9AIsPQhwNvyGdZL57,方法1,41,0.2579,25.79
a14b9aa97f66fc82ede3,Method_5Q4KoXthUuYz3bvrTDFm,方法2,32,0.2013,20.13
a14b9aa97f66fc82ede3,Method_Cj9Ya2R7fZd6xs1q5mNQ,方法3,31,0.195,19.5
a14b9aa97f66fc82ede3,Method_gj1NLb4Jn7URf9K2kQPd,方法4,29,0.1824,18.24
a14b9aa97f66fc82ede3,Method_m8vwGkEZc3TSW2xqYUoR,方法5,26,0.1635,16.35
388090578f22a3c33738,Method_Cj9Ya2R7fZd6xs1q5mNQ,方法1,22,0.2785,27.85
388090578f22a3c33738,Method_gj1NLb4Jn7URf9K2kQPd,方法2,19,0.2405,24.05
388090578f22a3c33738,Method_m8vwGkEZc3TSW2xqYUoR,方法3,16,0.2025,20.25
388090578f22a3c33738,Method_BXr9AIsPQhwNvyGdZL57,方法4,12,0.1519,15.19
388090578f22a3c33738,Method_5Q4KoXthUuYz3bvrTDFm,方法5,10,0.1266,12.66
1fc5b87acdfc2a8b580c,Method_5Q4KoXthUuYz3bvrTDFm,方法1,24,0.25,25.0
1fc5b87acdfc2a8b580c,Method_BXr9AIsPQhwNvyGdZL57,方法2,21,0.2188,21.88
1fc5b87acdfc2a8b580c,Method_Cj9Ya2R7fZd6xs1q5mNQ,方法3,19,0.1979,19.79
1fc5b87acdfc2a8b580c,Method_gj1NLb4Jn7URf9K2kQPd,方法4,19,0.1979,19.79
1fc5b87acdfc2a8b580c,Method_m8vwGkEZc3TSW2xqYUoR,方法5,13,0.1354,13.54
0b28c0a454678b75eefb,Method_5Q4KoXthUuYz3bvrTDFm,方法1,26,0.321,32.1
0b28c0a454678b75eefb,Method_Cj9Ya2R7fZd6xs1q5mNQ,方法2,16,0.1975,19.75
0b28c0a454678b75eefb,Method_BXr9AIsPQhwNvyGdZL57,方法3,15,0.1852,18.52
0b28c0a454678b75eefb,Method_gj1NLb4Jn7URf9K2kQPd,方法4,14,0.1728,17.28
0b28c0a454678b75eefb,Method_m8vwGkEZc3TSW2xqYUoR,方法5,10,0.1235,12.35
dfa917b9dc15c87ab016,Method_BXr9AIsPQhwNvyGdZL57,方法1,84,0.2127,21.27
dfa917b9dc15c87ab016,Method_Cj9Ya2R7fZd6xs1q5mNQ,方法2,81,0.2051,20.51
dfa917b9dc15c87ab016,Method_5Q4KoXthUuYz3bvrTDFm,方法3,77,0.1949,19.49
dfa917b9dc15c87ab016,Method_m8vwGkEZc3TSW2xqYUoR,方法4,77,0.1949,19.49
dfa917b9dc15c87ab016,Method_gj1NLb4Jn7URf9K2kQPd,方法5,76,0.1924,19.24
2e54b1c7bff5847c82a8,Method_gj1NLb4Jn7URf9K2kQPd,方法1,84,0.234,23.4
2e54b1c7bff5847c82a8,Method_Cj9Ya2R7fZd6xs1q5mNQ,方法2,75,0.2089,20.89
2e54b1c7bff5847c82a8,Method_m8vwGkEZc3TSW2xqYUoR,方法3,69,0.1922,19.22
2e54b1c7bff5847c82a8,Method_BXr9AIsPQhwNvyGdZL57,方法4,66,0.1838,18.38
2e54b1c7bff5847c82a8,Method_5Q4KoXthUuYz3bvrTDFm,方法5,65,0.1811,18.11
869eacc999a52155ed53,Method_Cj9Ya2R7fZd6xs1q5mNQ,方法1,37,0.2517,25.17
869eacc999a52155ed53,Method_gj1NLb4Jn7URf9K2kQPd,方法2,32,0.2177,21.77
869eacc999a52155ed53,Method_BXr9AIsPQhwNvyGdZL57,方法3,28,0.1905,19.05
869eacc999a52155ed53,Method_m8vwGkEZc3TSW2xqYUoR,方法4,26,0.1769,17.69
869eacc999a52155ed53,Method_5Q4KoXthUuYz3bvrTDFm,方法5,24,0.1633,16.33
cby6hsod14blxr7zyfjs,Method_m8vwGkEZc3TSW2xqYUoR,方法1,24,0.233,23.3
cby6hsod14blxr7zyfjs,Method_BXr9AIsPQhwNvyGdZL57,方法2,23,0.2233,22.33
cby6hsod14blxr7zyfjs,Method_gj1NLb4Jn7URf9K2kQPd,方法3,22,0.2136,21.36
cby6hsod14blxr7zyfjs,Method_Cj9Ya2R7fZd6xs1q5mNQ,方法4,18,0.1748,17.48
cby6hsod14blxr7zyfjs,Method_5Q4KoXthUuYz3bvrTDFm,方法5,16,0.1553,15.53
gm1xiqmop9j2d2acc2jg,Method_Cj9Ya2R7fZd6xs1q5mNQ,方法1,29,0.2788,27.88
gm1xiqmop9j2d2acc2jg,Method_gj1NLb4Jn7URf9K2kQPd,方法2,24,0.2308,23.08
gm1xiqmop9j2d2acc2jg,Method_BXr9AIsPQhwNvyGdZL57,方法3,22,0.2115,21.15
gm1xiqmop9j2d2acc2jg,Method_5Q4KoXthUuYz3bvrTDFm,方法4,18,0.1731,17.31
gm1xiqmop9j2d2acc2jg,Method_m8vwGkEZc3TSW2xqYUoR,方法5,11,0.1058,10.58
lqm8jh0uggps7yd0lx2x,Method_m8vwGkEZc3TSW2xqYUoR,方法1,24,0.2474,24.74
lqm8jh0uggps7yd0lx2x,Method_5Q4KoXthUuYz3bvrTDFm,方法2,22,0.2268,22.68
lqm8jh0uggps7yd0lx2x,Method_Cj9Ya2R7fZd6xs1q5mNQ,方法3,18,0.1856,18.56
lqm8jh0uggps7yd0lx2x,Method_gj1NLb4Jn7URf9K2kQPd,方法4,17,0.1753,17.53
lqm8jh0uggps7yd0lx2x,Method_BXr9AIsPQhwNvyGdZL57,方法5,16,0.1649,16.49
7ae6jy1vw15ppmnq6sba,Method_5Q4KoXthUuYz3bvrTDFm,方法1,22,0.2178,21.78
7ae6jy1vw15ppmnq6sba,Method_Cj9Ya2R7fZd6xs1q5mNQ,方法2,22,0.2178,21.78
7ae6jy1vw15ppmnq6sba,Method_m8vwGkEZc3TSW2xqYUoR,方法3,21,0.2079,20.79
7ae6jy1vw15ppmnq6sba,Method_gj1NLb4Jn7URf9K2kQPd,方法4,21,0.2079,20.79
7ae6jy1vw15ppmnq6sba,Method_BXr9AIsPQhwNvyGdZL57,方法5,15,0.1485,14.85
quam8ci0euq2dz8xldzz,Method_Cj9Ya2R7fZd6xs1q5mNQ,方法1,29,0.25,25.0
quam8ci0euq2dz8xldzz,Method_BXr9AIsPQhwNvyGdZL57,方法2,26,0.2241,22.41
quam8ci0euq2dz8xldzz,Method_5Q4KoXthUuYz3bvrTDFm,方法3,23,0.1983,19.83
quam8ci0euq2dz8xldzz,Method_gj1NLb4Jn7URf9K2kQPd,方法4,22,0.1897,18.97
quam8ci0euq2dz8xldzz,Method_m8vwGkEZc3TSW2xqYUoR,方法5,16,0.1379,13.79
4bq1kdgygbtif8w80s5y,Method_5Q4KoXthUuYz3bvrTDFm,方法1,26,0.2453,24.53
4bq1kdgygbtif8w80s5y,Method_m8vwGkEZc3TSW2xqYUoR,方法2,24,0.2264,22.64
4bq1kdgygbtif8w80s5y,Method_gj1NLb4Jn7URf9K2kQPd,方法3,24,0.2264,22.64
4bq1kdgygbtif8w80s5y,Method_Cj9Ya2R7fZd6xs1q5mNQ,方法4,21,0.1981,19.81
4bq1kdgygbtif8w80s5y,Method_BXr9AIsPQhwNvyGdZL57,方法5,11,0.1038,10.38
l41f9f1gb0y5rxcqfv64,Method_m8vwGkEZc3TSW2xqYUoR,方法1,23,0.2473,24.73
l41f9f1gb0y5rxcqfv64,Method_Cj9Ya2R7fZd6xs1q5mNQ,方法2,22,0.2366,23.66
l41f9f1gb0y5rxcqfv64,Method_5Q4KoXthUuYz3bvrTDFm,方法3,21,0.2258,22.58
l41f9f1gb0y5rxcqfv64,Method_gj1NLb4Jn7URf9K2kQPd,方法4,14,0.1505,15.05
l41f9f1gb0y5rxcqfv64,Method_BXr9AIsPQhwNvyGdZL57,方法5,13,0.1398,13.98
d16ht4y29lrac1brhwm1,Method_BXr9AIsPQhwNvyGdZL57,方法1,31,0.3131,31.31
d16ht4y29lrac1brhwm1,Method_Cj9Ya2R7fZd6xs1q5mNQ,方法2,21,0.2121,21.21
d16ht4y29lrac1brhwm1,Method_m8vwGkEZc3TSW2xqYUoR,方法3,21,0.2121,21.21
d16ht4y29lrac1brhwm1,Method_5Q4KoXthUuYz3bvrTDFm,方法4,17,0.1717,17.17
d16ht4y29lrac1brhwm1,Method_gj1NLb4Jn7URf9K2kQPd,方法5,9,0.0909,9.09
0txd5enpfmbrth46w74b,Method_5Q4KoXthUuYz3bvrTDFm,方法1,26,0.2737,27.37
0txd5enpfmbrth46w74b,Method_m8vwGkEZc3TSW2xqYUoR,方法2,23,0.2421,24.21
0txd5enpfmbrth46w74b,Method_Cj9Ya2R7fZd6xs1q5mNQ,方法3,20,0.2105,21.05
0txd5enpfmbrth46w74b,Method_BXr9AIsPQhwNvyGdZL57,方法4,14,0.1474,14.74
0txd5enpfmbrth46w74b,Method_gj1NLb4Jn7URf9K2kQPd,方法5,12,0.1263,12.63
preni1j2j1gkvq1knpag,Method_m8vwGkEZc3TSW2xqYUoR,方法1,22,0.2366,23.66
preni1j2j1gkvq1knpag,Method_5Q4KoXthUuYz3bvrTDFm,方法2,22,0.2366,23.66
preni1j2j1gkvq1knpag,Method_gj1NLb4Jn7URf9K2kQPd,方法3,19,0.2043,20.43
preni1j2j1gkvq1knpag,Method_Cj9Ya2R7fZd6xs1q5mNQ,方法4,17,0.1828,18.28
preni1j2j1gkvq1knpag,Method_BXr9AIsPQhwNvyGdZL57,方法5,13,0.1398,13.98
ggweeccb6anw0j3y32t0,Method_gj1NLb4Jn7URf9K2kQPd,方法1,27,0.2308,23.08
ggweeccb6anw0j3y32t0,Method_Cj9Ya2R7fZd6xs1q5mNQ,方法2,27,0.2308,23.08
ggweeccb6anw0j3y32t0,Method_BXr9AIsPQhwNvyGdZL57,方法3,25,0.2137,21.37
ggweeccb6anw0j3y32t0,Method_5Q4KoXthUuYz3bvrTDFm,方法4,20,0.1709,17.09
ggweeccb6anw0j3y32t0,Method_m8vwGkEZc3TSW2xqYUoR,方法5,18,0.1538,15.38
uem908xkm2x04s4iu84k,Method_BXr9AIsPQhwNvyGdZL57,方法1,26,0.2407,24.07
uem908xkm2x04s4iu84k,Method_m8vwGkEZc3TSW2xqYUoR,方法2,25,0.2315,23.15
uem908xkm2x04s4iu84k,Method_5Q4KoXthUuYz3bvrTDFm,方法3,20,0.1852,18.52
uem908xkm2x04s4iu84k,Method_gj1NLb4Jn7URf9K2kQPd,方法4,19,0.1759,17.59
uem908xkm2x04s4iu84k,Method_Cj9Ya2R7fZd6xs1q5mNQ,方法5,18,0.1667,16.67
nd9xpohv0s4ttw0o7fts,Method_gj1NLb4Jn7URf9K2kQPd,方法1,22,0.22,22.0
nd9xpohv0s4ttw0o7fts,Method_m8vwGkEZc3TSW2xqYUoR,方法2,21,0.21,21.0
nd9xpohv0s4ttw0o7fts,Method_5Q4KoXthUuYz3bvrTDFm,方法3,21,0.21,21.0
nd9xpohv0s4ttw0o7fts,Method_Cj9Ya2R7fZd6xs1q5mNQ,方法4,19,0.19,19.0
nd9xpohv0s4ttw0o7fts,Method_BXr9AIsPQhwNvyGdZL57,方法5,17,0.17,17.0
ny6yox8nvtlotclebkk8,Method_5Q4KoXthUuYz3bvrTDFm,方法1,24,0.233,23.3
ny6yox8nvtlotclebkk8,Method_m8vwGkEZc3TSW2xqYUoR,方法2,22,0.2136,21.36
ny6yox8nvtlotclebkk8,Method_gj1NLb4Jn7URf9K2kQPd,方法3,22,0.2136,21.36
ny6yox8nvtlotclebkk8,Method_BXr9AIsPQhwNvyGdZL57,方法4,20,0.1942,19.42
ny6yox8nvtlotclebkk8,Method_Cj9Ya2R7fZd6xs1q5mNQ,方法5,15,0.1456,14.56
hpb03ydulnt2b9ffa0j2,Method_5Q4KoXthUuYz3bvrTDFm,方法1,32,0.2783,27.83
hpb03ydulnt2b9ffa0j2,Method_gj1NLb4Jn7URf9K2kQPd,方法2,24,0.2087,20.87
hpb03ydulnt2b9ffa0j2,Method_Cj9Ya2R7fZd6xs1q5mNQ,方法3,23,0.2,20.0
hpb03ydulnt2b9ffa0j2,Method_m8vwGkEZc3TSW2xqYUoR,方法4,19,0.1652,16.52
hpb03ydulnt2b9ffa0j2,Method_BXr9AIsPQhwNvyGdZL57,方法5,17,0.1478,14.78
2krjeqjgjqfuumdo3ibt,Method_m8vwGkEZc3TSW2xqYUoR,方法1,24,0.2449,24.49
2krjeqjgjqfuumdo3ibt,Method_5Q4KoXthUuYz3bvrTDFm,方法2,23,0.2347,23.47
2krjeqjgjqfuumdo3ibt,Method_BXr9AIsPQhwNvyGdZL57,方法3,18,0.1837,18.37
2krjeqjgjqfuumdo3ibt,Method_Cj9Ya2R7fZd6xs1q5mNQ,方法4,17,0.1735,17.35
2krjeqjgjqfuumdo3ibt,Method_gj1NLb4Jn7URf9K2kQPd,方法5,16,0.1633,16.33
1n42senfkcjopw1zh39l,Method_m8vwGkEZc3TSW2xqYUoR,方法1,21,0.2121,21.21
1n42senfkcjopw1zh39l,Method_BXr9AIsPQhwNvyGdZL57,方法2,21,0.2121,21.21
1n42senfkcjopw1zh39l,Method_Cj9Ya2R7fZd6xs1q5mNQ,方法3,21,0.2121,21.21
1n42senfkcjopw1zh39l,Method_gj1NLb4Jn7URf9K2kQPd,方法4,20,0.202,20.2
1n42senfkcjopw1zh39l,Method_5Q4KoXthUuYz3bvrTDFm,方法5,16,0.1616,16.16
jj1jl4nhnkxllubypoq3,Method_Cj9Ya2R7fZd6xs1q5mNQ,方法1,26,0.2766,27.66
jj1jl4nhnkxllubypoq3,Method_BXr9AIsPQhwNvyGdZL57,方法2,21,0.2234,22.34
jj1jl4nhnkxllubypoq3,Method_5Q4KoXthUuYz3bvrTDFm,方法3,18,0.1915,19.15
jj1jl4nhnkxllubypoq3,Method_gj1NLb4Jn7URf9K2kQPd,方法4,15,0.1596,15.96
jj1jl4nhnkxllubypoq3,Method_m8vwGkEZc3TSW2xqYUoR,方法5,14,0.1489,14.89
f5j3cojh9fr5gvylr0yi,Method_BXr9AIsPQhwNvyGdZL57,方法1,25,0.2232,22.32
f5j3cojh9fr5gvylr0yi,Method_m8vwGkEZc3TSW2xqYUoR,方法2,24,0.2143,21.43
f5j3cojh9fr5gvylr0yi,Method_Cj9Ya2R7fZd6xs1q5mNQ,方法3,23,0.2054,20.54
f5j3cojh9fr5gvylr0yi,Method_gj1NLb4Jn7URf9K2kQPd,方法4,22,0.1964,19.64
f5j3cojh9fr5gvylr0yi,Method_5Q4KoXthUuYz3bvrTDFm,方法5,18,0.1607,16.07
hkk3qiui3e3r969oyfhf,Method_gj1NLb4Jn7URf9K2kQPd,方法1,28,0.2456,24.56
hkk3qiui3e3r969oyfhf,Method_Cj9Ya2R7fZd6xs1q5mNQ,方法2,26,0.2281,22.81
hkk3qiui3e3r969oyfhf,Method_5Q4KoXthUuYz3bvrTDFm,方法3,22,0.193,19.3
hkk3qiui3e3r969oyfhf,Method_m8vwGkEZc3TSW2xqYUoR,方法4,20,0.1754,17.54
hkk3qiui3e3r969oyfhf,Method_BXr9AIsPQhwNvyGdZL57,方法5,18,0.1579,15.79
xw0r5n17yfqv2va40bhi,Method_Cj9Ya2R7fZd6xs1q5mNQ,方法1,25,0.2336,23.36
xw0r5n17yfqv2va40bhi,Method_gj1NLb4Jn7URf9K2kQPd,方法2,24,0.2243,22.43
xw0r5n17yfqv2va40bhi,Method_m8vwGkEZc3TSW2xqYUoR,方法3,24,0.2243,22.43
xw0r5n17yfqv2va40bhi,Method_5Q4KoXthUuYz3bvrTDFm,方法4,18,0.1682,16.82
xw0r5n17yfqv2va40bhi,Method_BXr9AIsPQhwNvyGdZL57,方法5,16,0.1495,14.95
4erna0vkk9gu5umle1se,Method_m8vwGkEZc3TSW2xqYUoR,方法1,26,0.2385,23.85
4erna0vkk9gu5umle1se,Method_BXr9AIsPQhwNvyGdZL57,方法2,24,0.2202,22.02
4erna0vkk9gu5umle1se,Method_Cj9Ya2R7fZd6xs1q5mNQ,方法3,22,0.2018,20.18
4erna0vkk9gu5umle1se,Method_gj1NLb4Jn7URf9K2kQPd,方法4,19,0.1743,17.43
4erna0vkk9gu5umle1se,Method_5Q4KoXthUuYz3bvrTDFm,方法5,18,0.1651,16.51
fvqo3hum9a1rl6rxbyre,Method_gj1NLb4Jn7URf9K2kQPd,方法1,28,0.2569,25.69
fvqo3hum9a1rl6rxbyre,Method_Cj9Ya2R7fZd6xs1q5mNQ,方法2,26,0.2385,23.85
fvqo3hum9a1rl6rxbyre,Method_5Q4KoXthUuYz3bvrTDFm,方法3,20,0.1835,18.35
fvqo3hum9a1rl6rxbyre,Method_m8vwGkEZc3TSW2xqYUoR,方法4,18,0.1651,16.51
fvqo3hum9a1rl6rxbyre,Method_BXr9AIsPQhwNvyGdZL57,方法5,17,0.156,15.6
22wb5ostye8edvfar59p,Method_5Q4KoXthUuYz3bvrTDFm,方法1,30,0.25,25.0
22wb5ostye8edvfar59p,Method_Cj9Ya2R7fZd6xs1q5mNQ,方法2,28,0.2333,23.33
22wb5ostye8edvfar59p,Method_gj1NLb4Jn7URf9K2kQPd,方法3,26,0.2167,21.67
22wb5ostye8edvfar59p,Method_BXr9AIsPQhwNvyGdZL57,方法4,25,0.2083,20.83
22wb5ostye8edvfar59p,Method_m8vwGkEZc3TSW2xqYUoR,方法5,11,0.0917,9.17
bgvt5n1h0qt51ze0md7w,Method_5Q4KoXthUuYz3bvrTDFm,方法1,23,0.2706,27.06
bgvt5n1h0qt51ze0md7w,Method_Cj9Ya2R7fZd6xs1q5mNQ,方法2,19,0.2235,22.35
bgvt5n1h0qt51ze0md7w,Method_BXr9AIsPQhwNvyGdZL57,方法3,18,0.2118,21.18
bgvt5n1h0qt51ze0md7w,Method_m8vwGkEZc3TSW2xqYUoR,方法4,18,0.2118,21.18
bgvt5n1h0qt51ze0md7w,Method_gj1NLb4Jn7URf9K2kQPd,方法5,7,0.0824,8.24
g4l5baozrnfblxayrhox,Method_5Q4KoXthUuYz3bvrTDFm,方法1,27,0.2477,24.77
g4l5baozrnfblxayrhox,Method_gj1NLb4Jn7URf9K2kQPd,方法2,24,0.2202,22.02
g4l5baozrnfblxayrhox,Method_m8vwGkEZc3TSW2xqYUoR,方法3,24,0.2202,22.02
g4l5baozrnfblxayrhox,Method_BXr9AIsPQhwNvyGdZL57,方法4,20,0.1835,18.35
g4l5baozrnfblxayrhox,Method_Cj9Ya2R7fZd6xs1q5mNQ,方法5,14,0.1284,12.84
ec5zb47nxjbuzemc81p0,Method_BXr9AIsPQhwNvyGdZL57,方法1,28,0.2456,24.56
ec5zb47nxjbuzemc81p0,Method_m8vwGkEZc3TSW2xqYUoR,方法2,25,0.2193,21.93
ec5zb47nxjbuzemc81p0,Method_gj1NLb4Jn7URf9K2kQPd,方法3,23,0.2018,20.18
ec5zb47nxjbuzemc81p0,Method_5Q4KoXthUuYz3bvrTDFm,方法4,20,0.1754,17.54
ec5zb47nxjbuzemc81p0,Method_Cj9Ya2R7fZd6xs1q5mNQ,方法5,18,0.1579,15.79
rd4p70jwu852pbdjwl2d,Method_m8vwGkEZc3TSW2xqYUoR,方法1,30,0.2727,27.27
rd4p70jwu852pbdjwl2d,Method_5Q4KoXthUuYz3bvrTDFm,方法2,26,0.2364,23.64
rd4p70jwu852pbdjwl2d,Method_Cj9Ya2R7fZd6xs1q5mNQ,方法3,21,0.1909,19.09
rd4p70jwu852pbdjwl2d,Method_gj1NLb4Jn7URf9K2kQPd,方法4,21,0.1909,19.09
rd4p70jwu852pbdjwl2d,Method_BXr9AIsPQhwNvyGdZL57,方法5,12,0.1091,10.91
59bybxqvhton27u0jtfm,Method_BXr9AIsPQhwNvyGdZL57,方法1,27,0.2621,26.21
59bybxqvhton27u0jtfm,Method_Cj9Ya2R7fZd6xs1q5mNQ,方法2,22,0.2136,21.36
59bybxqvhton27u0jtfm,Method_gj1NLb4Jn7URf9K2kQPd,方法3,20,0.1942,19.42
59bybxqvhton27u0jtfm,Method_m8vwGkEZc3TSW2xqYUoR,方法4,20,0.1942,19.42
59bybxqvhton27u0jtfm,Method_5Q4KoXthUuYz3bvrTDFm,方法5,14,0.1359,13.59
x7xh8m5fvmipvkav1cb4,Method_Cj9Ya2R7fZd6xs1q5mNQ,方法1,25,0.2336,23.36
x7xh8m5fvmipvkav1cb4,Method_5Q4KoXthUuYz3bvrTDFm,方法2,24,0.2243,22.43
x7xh8m5fvmipvkav1cb4,Method_gj1NLb4Jn7URf9K2kQPd,方法3,22,0.2056,20.56
x7xh8m5fvmipvkav1cb4,Method_BXr9AIsPQhwNvyGdZL57,方法4,21,0.1963,19.63
x7xh8m5fvmipvkav1cb4,Method_m8vwGkEZc3TSW2xqYUoR,方法5,15,0.1402,14.02
ljylby8inwh5b93wkean,Method_Cj9Ya2R7fZd6xs1q5mNQ,方法1,28,0.2617,26.17
ljylby8inwh5b93wkean,Method_m8vwGkEZc3TSW2xqYUoR,方法2,24,0.2243,22.43
ljylby8inwh5b93wkean,Method_gj1NLb4Jn7URf9K2kQPd,方法3,20,0.1869,18.69
ljylby8inwh5b93wkean,Method_BXr9AIsPQhwNvyGdZL57,方法4,19,0.1776,17.76
ljylby8inwh5b93wkean,Method_5Q4KoXthUuYz3bvrTDFm,方法5,16,0.1495,14.95
ygoahstwe9gz9w87qncs,Method_BXr9AIsPQhwNvyGdZL57,方法1,23,0.2473,24.73
ygoahstwe9gz9w87qncs,Method_Cj9Ya2R7fZd6xs1q5mNQ,方法2,23,0.2473,24.73
ygoahstwe9gz9w87qncs,Method_5Q4KoXthUuYz3bvrTDFm,方法3,17,0.1828,18.28
ygoahstwe9gz9w87qncs,Method_gj1NLb4Jn7URf9K2kQPd,方法4,16,0.172,17.2
ygoahstwe9gz9w87qncs,Method_m8vwGkEZc3TSW2xqYUoR,方法5,14,0.1505,15.05
xlp4p1b56hrhhyr2y3kd,Method_m8vwGkEZc3TSW2xqYUoR,方法1,28,0.2745,27.45
xlp4p1b56hrhhyr2y3kd,Method_BXr9AIsPQhwNvyGdZL57,方法2,22,0.2157,21.57
xlp4p1b56hrhhyr2y3kd,Method_Cj9Ya2R7fZd6xs1q5mNQ,方法3,21,0.2059,20.59
xlp4p1b56hrhhyr2y3kd,Method_5Q4KoXthUuYz3bvrTDFm,方法4,17,0.1667,16.67
xlp4p1b56hrhhyr2y3kd,Method_gj1NLb4Jn7URf9K2kQPd,方法5,14,0.1373,13.73
me044us8pj1824r4dye2,Method_Cj9Ya2R7fZd6xs1q5mNQ,方法1,29,0.2479,24.79
me044us8pj1824r4dye2,Method_BXr9AIsPQhwNvyGdZL57,方法2,28,0.2393,23.93
me044us8pj1824r4dye2,Method_gj1NLb4Jn7URf9K2kQPd,方法3,23,0.1966,19.66
me044us8pj1824r4dye2,Method_5Q4KoXthUuYz3bvrTDFm,方法4,19,0.1624,16.24
me044us8pj1824r4dye2,Method_m8vwGkEZc3TSW2xqYUoR,方法5,18,0.1538,15.38
0lgtv09uoh3ova8sjbze,Method_5Q4KoXthUuYz3bvrTDFm,方法1,27,0.2269,22.69
0lgtv09uoh3ova8sjbze,Method_Cj9Ya2R7fZd6xs1q5mNQ,方法2,24,0.2017,20.17
0lgtv09uoh3ova8sjbze,Method_gj1NLb4Jn7URf9K2kQPd,方法3,24,0.2017,20.17
0lgtv09uoh3ova8sjbze,Method_BXr9AIsPQhwNvyGdZL57,方法4,24,0.2017,20.17
0lgtv09uoh3ova8sjbze,Method_m8vwGkEZc3TSW2xqYUoR,方法5,20,0.1681,16.81
4e693829528e3e7de62a,Method_Cj9Ya2R7fZd6xs1q5mNQ,方法1,121,0.2134,21.34
4e693829528e3e7de62a,Method_gj1NLb4Jn7URf9K2kQPd,方法2,116,0.2046,20.46
4e693829528e3e7de62a,Method_5Q4KoXthUuYz3bvrTDFm,方法3,113,0.1993,19.93
4e693829528e3e7de62a,Method_m8vwGkEZc3TSW2xqYUoR,方法4,109,0.1922,19.22
4e693829528e3e7de62a,Method_BXr9AIsPQhwNvyGdZL57,方法5,108,0.1905,19.05
4aa8ff74dc576b7adbcd,Method_5Q4KoXthUuYz3bvrTDFm,方法1,51,0.2189,21.89
4aa8ff74dc576b7adbcd,Method_m8vwGkEZc3TSW2xqYUoR,方法2,50,0.2146,21.46
4aa8ff74dc576b7adbcd,Method_gj1NLb4Jn7URf9K2kQPd,方法3,47,0.2017,20.17
4aa8ff74dc576b7adbcd,Method_Cj9Ya2R7fZd6xs1q5mNQ,方法4,46,0.1974,19.74
4aa8ff74dc576b7adbcd,Method_BXr9AIsPQhwNvyGdZL57,方法5,39,0.1674,16.74
792e3326f0d9f68389d9,Method_BXr9AIsPQhwNvyGdZL57,方法1,58,0.2407,24.07
792e3326f0d9f68389d9,Method_m8vwGkEZc3TSW2xqYUoR,方法2,49,0.2033,20.33
792e3326f0d9f68389d9,Method_Cj9Ya2R7fZd6xs1q5mNQ,方法3,47,0.195,19.5
792e3326f0d9f68389d9,Method_5Q4KoXthUuYz3bvrTDFm,方法4,44,0.1826,18.26
792e3326f0d9f68389d9,Method_gj1NLb4Jn7URf9K2kQPd,方法5,43,0.1784,17.84
9b913075e93b2b788102,Method_Cj9Ya2R7fZd6xs1q5mNQ,方法1,80,0.2439,24.39
9b913075e93b2b788102,Method_m8vwGkEZc3TSW2xqYUoR,方法2,73,0.2226,22.26
9b913075e93b2b788102,Method_BXr9AIsPQhwNvyGdZL57,方法3,72,0.2195,21.95
9b913075e93b2b788102,Method_gj1NLb4Jn7URf9K2kQPd,方法4,60,0.1829,18.29
9b913075e93b2b788102,Method_5Q4KoXthUuYz3bvrTDFm,方法5,43,0.1311,13.11
1c2aef3af32f6323a31d,Method_Cj9Ya2R7fZd6xs1q5mNQ,方法1,35,0.2574,25.74
1c2aef3af32f6323a31d,Method_BXr9AIsPQhwNvyGdZL57,方法2,34,0.25,25.0
1c2aef3af32f6323a31d,Method_5Q4KoXthUuYz3bvrTDFm,方法3,29,0.2132,21.32
1c2aef3af32f6323a31d,Method_m8vwGkEZc3TSW2xqYUoR,方法4,25,0.1838,18.38
1c2aef3af32f6323a31d,Method_gj1NLb4Jn7URf9K2kQPd,方法5,13,0.0956,9.56
9f0ce6d4cdf9d1772417,Method_m8vwGkEZc3TSW2xqYUoR,方法1,32,0.2759,27.59
9f0ce6d4cdf9d1772417,Method_5Q4KoXthUuYz3bvrTDFm,方法2,26,0.2241,22.41
9f0ce6d4cdf9d1772417,Method_Cj9Ya2R7fZd6xs1q5mNQ,方法3,23,0.1983,19.83
9f0ce6d4cdf9d1772417,Method_BXr9AIsPQhwNvyGdZL57,方法4,18,0.1552,15.52
9f0ce6d4cdf9d1772417,Method_gj1NLb4Jn7URf9K2kQPd,方法5,17,0.1466,14.66
db0241cf536c2174d9ed,Method_Cj9Ya2R7fZd6xs1q5mNQ,方法1,35,0.2555,25.55
db0241cf536c2174d9ed,Method_BXr9AIsPQhwNvyGdZL57,方法2,28,0.2044,20.44
db0241cf536c2174d9ed,Method_m8vwGkEZc3TSW2xqYUoR,方法3,26,0.1898,18.98
db0241cf536c2174d9ed,Method_5Q4KoXthUuYz3bvrTDFm,方法4,26,0.1898,18.98
db0241cf536c2174d9ed,Method_gj1NLb4Jn7URf9K2kQPd,方法5,22,0.1606,16.06
2c27d4de6ae130e7e242,Method_m8vwGkEZc3TSW2xqYUoR,方法1,76,0.2242,22.42
2c27d4de6ae130e7e242,Method_BXr9AIsPQhwNvyGdZL57,方法2,74,0.2183,21.83
2c27d4de6ae130e7e242,Method_Cj9Ya2R7fZd6xs1q5mNQ,方法3,73,0.2153,21.53
2c27d4de6ae130e7e242,Method_gj1NLb4Jn7URf9K2kQPd,方法4,59,0.174,17.4
2c27d4de6ae130e7e242,Method_5Q4KoXthUuYz3bvrTDFm,方法5,57,0.1681,16.81
2b3492096a4d12bb86cd,Method_5Q4KoXthUuYz3bvrTDFm,方法1,25,0.2358,23.58
2b3492096a4d12bb86cd,Method_BXr9AIsPQhwNvyGdZL57,方法2,24,0.2264,22.64
2b3492096a4d12bb86cd,Method_gj1NLb4Jn7URf9K2kQPd,方法3,21,0.1981,19.81
2b3492096a4d12bb86cd,Method_Cj9Ya2R7fZd6xs1q5mNQ,方法4,20,0.1887,18.87
2b3492096a4d12bb86cd,Method_m8vwGkEZc3TSW2xqYUoR,方法5,16,0.1509,15.09
f8c2f04e8e116f0fd237,Method_Cj9Ya2R7fZd6xs1q5mNQ,方法1,59,0.2351,23.51
f8c2f04e8e116f0fd237,Method_gj1NLb4Jn7URf9K2kQPd,方法2,51,0.2032,20.32
f8c2f04e8e116f0fd237,Method_BXr9AIsPQhwNvyGdZL57,方法3,48,0.1912,19.12
f8c2f04e8e116f0fd237,Method_5Q4KoXthUuYz3bvrTDFm,方法4,48,0.1912,19.12
f8c2f04e8e116f0fd237,Method_m8vwGkEZc3TSW2xqYUoR,方法5,45,0.1793,17.93
2a6394114c31a10dc92b,Method_BXr9AIsPQhwNvyGdZL57,方法1,70,0.2147,21.47
2a6394114c31a10dc92b,Method_5Q4KoXthUuYz3bvrTDFm,方法2,69,0.2117,21.17
2a6394114c31a10dc92b,Method_Cj9Ya2R7fZd6xs1q5mNQ,方法3,68,0.2086,20.86
2a6394114c31a10dc92b,Method_gj1NLb4Jn7URf9K2kQPd,方法4,61,0.1871,18.71
2a6394114c31a10dc92b,Method_m8vwGkEZc3TSW2xqYUoR,方法5,58,0.1779,17.79
0559e9cf806dab4cc20d,Method_BXr9AIsPQhwNvyGdZL57,方法1,42,0.2333,23.33
0559e9cf806dab4cc20d,Method_m8vwGkEZc3TSW2xqYUoR,方法2,38,0.2111,21.11
0559e9cf806dab4cc20d,Method_Cj9Ya2R7fZd6xs1q5mNQ,方法3,37,0.2056,20.56
0559e9cf806dab4cc20d,Method_5Q4KoXthUuYz3bvrTDFm,方法4,35,0.1944,19.44
0559e9cf806dab4cc20d,Method_gj1NLb4Jn7URf9K2kQPd,方法5,28,0.1556,15.56
6c14ce386a9cda72549c,Method_5Q4KoXthUuYz3bvrTDFm,方法1,50,0.2294,22.94
6c14ce386a9cda72549c,Method_gj1NLb4Jn7URf9K2kQPd,方法2,50,0.2294,22.94
6c14ce386a9cda72549c,Method_m8vwGkEZc3TSW2xqYUoR,方法3,44,0.2018,20.18
6c14ce386a9cda72549c,Method_Cj9Ya2R7fZd6xs1q5mNQ,方法4,37,0.1697,16.97
6c14ce386a9cda72549c,Method_BXr9AIsPQhwNvyGdZL57,方法5,37,0.1697,16.97
2007f4965d2aa6064a25,Method_m8vwGkEZc3TSW2xqYUoR,方法1,27,0.2195,21.95
2007f4965d2aa6064a25,Method_gj1NLb4Jn7URf9K2kQPd,方法2,26,0.2114,21.14
2007f4965d2aa6064a25,Method_Cj9Ya2R7fZd6xs1q5mNQ,方法3,26,0.2114,21.14
2007f4965d2aa6064a25,Method_5Q4KoXthUuYz3bvrTDFm,方法4,23,0.187,18.7
2007f4965d2aa6064a25,Method_BXr9AIsPQhwNvyGdZL57,方法5,21,0.1707,17.07
6fa0b38bfd05105503a1,Method_5Q4KoXthUuYz3bvrTDFm,方法1,39,0.2308,23.08
6fa0b38bfd05105503a1,Method_gj1NLb4Jn7URf9K2kQPd,方法2,38,0.2249,22.49
6fa0b38bfd05105503a1,Method_m8vwGkEZc3TSW2xqYUoR,方法3,32,0.1893,18.93
6fa0b38bfd05105503a1,Method_BXr9AIsPQhwNvyGdZL57,方法4,32,0.1893,18.93
6fa0b38bfd05105503a1,Method_Cj9Ya2R7fZd6xs1q5mNQ,方法5,28,0.1657,16.57
3e4e608ace87fe97bdb5,Method_m8vwGkEZc3TSW2xqYUoR,方法1,26,0.2476,24.76
3e4e608ace87fe97bdb5,Method_BXr9AIsPQhwNvyGdZL57,方法2,23,0.219,21.9
3e4e608ace87fe97bdb5,Method_gj1NLb4Jn7URf9K2kQPd,方法3,23,0.219,21.9
3e4e608ace87fe97bdb5,Method_5Q4KoXthUuYz3bvrTDFm,方法4,20,0.1905,19.05
3e4e608ace87fe97bdb5,Method_Cj9Ya2R7fZd6xs1q5mNQ,方法5,13,0.1238,12.38
d554e419f820fa5cb0ca,Method_BXr9AIsPQhwNvyGdZL57,方法1,20,0.2174,21.74
d554e419f820fa5cb0ca,Method_gj1NLb4Jn7URf9K2kQPd,方法2,19,0.2065,20.65
d554e419f820fa5cb0ca,Method_Cj9Ya2R7fZd6xs1q5mNQ,方法3,19,0.2065,20.65
d554e419f820fa5cb0ca,Method_5Q4KoXthUuYz3bvrTDFm,方法4,17,0.1848,18.48
d554e419f820fa5cb0ca,Method_m8vwGkEZc3TSW2xqYUoR,方法5,17,0.1848,18.48
b8d20bc2e0d3d86f5613,Method_gj1NLb4Jn7URf9K2kQPd,方法1,31,0.2793,27.93
b8d20bc2e0d3d86f5613,Method_Cj9Ya2R7fZd6xs1q5mNQ,方法2,23,0.2072,20.72
b8d20bc2e0d3d86f5613,Method_BXr9AIsPQhwNvyGdZL57,方法3,20,0.1802,18.02
b8d20bc2e0d3d86f5613,Method_5Q4KoXthUuYz3bvrTDFm,方法4,20,0.1802,18.02
b8d20bc2e0d3d86f5613,Method_m8vwGkEZc3TSW2xqYUoR,方法5,17,0.1532,15.32
df62b7675d1fdb8e6b11,Method_Cj9Ya2R7fZd6xs1q5mNQ,方法1,24,0.2449,24.49
df62b7675d1fdb8e6b11,Method_5Q4KoXthUuYz3bvrTDFm,方法2,22,0.2245,22.45
df62b7675d1fdb8e6b11,Method_gj1NLb4Jn7URf9K2kQPd,方法3,19,0.1939,19.39
df62b7675d1fdb8e6b11,Method_m8vwGkEZc3TSW2xqYUoR,方法4,17,0.1735,17.35
df62b7675d1fdb8e6b11,Method_BXr9AIsPQhwNvyGdZL57,方法5,16,0.1633,16.33
ff63c210b94623453b5f,Method_gj1NLb4Jn7URf9K2kQPd,方法1,47,0.2327,23.27
ff63c210b94623453b5f,Method_Cj9Ya2R7fZd6xs1q5mNQ,方法2,47,0.2327,23.27
ff63c210b94623453b5f,Method_5Q4KoXthUuYz3bvrTDFm,方法3,45,0.2228,22.28
ff63c210b94623453b5f,Method_m8vwGkEZc3TSW2xqYUoR,方法4,33,0.1634,16.34
ff63c210b94623453b5f,Method_BXr9AIsPQhwNvyGdZL57,方法5,30,0.1485,14.85
a2f48a796e250a14ff55,Method_gj1NLb4Jn7URf9K2kQPd,方法1,68,0.2625,26.25
a2f48a796e250a14ff55,Method_5Q4KoXthUuYz3bvrTDFm,方法2,54,0.2085,20.85
a2f48a796e250a14ff55,Method_Cj9Ya2R7fZd6xs1q5mNQ,方法3,50,0.1931,19.31
a2f48a796e250a14ff55,Method_m8vwGkEZc3TSW2xqYUoR,方法4,47,0.1815,18.15
a2f48a796e250a14ff55,Method_BXr9AIsPQhwNvyGdZL57,方法5,40,0.1544,15.44
8975db410fd78d462688,Method_Cj9Ya2R7fZd6xs1q5mNQ,方法1,25,0.2551,25.51
8975db410fd78d462688,Method_m8vwGkEZc3TSW2xqYUoR,方法2,22,0.2245,22.45
8975db410fd78d462688,Method_gj1NLb4Jn7URf9K2kQPd,方法3,21,0.2143,21.43
8975db410fd78d462688,Method_5Q4KoXthUuYz3bvrTDFm,方法4,17,0.1735,17.35
8975db410fd78d462688,Method_BXr9AIsPQhwNvyGdZL57,方法5,13,0.1327,13.27
dac03bcbefc3a08c8b50,Method_m8vwGkEZc3TSW2xqYUoR,方法1,25,0.3378,33.78
dac03bcbefc3a08c8b50,Method_5Q4KoXthUuYz3bvrTDFm,方法2,16,0.2162,21.62
dac03bcbefc3a08c8b50,Method_gj1NLb4Jn7URf9K2kQPd,方法3,15,0.2027,20.27
dac03bcbefc3a08c8b50,Method_BXr9AIsPQhwNvyGdZL57,方法4,14,0.1892,18.92
dac03bcbefc3a08c8b50,Method_Cj9Ya2R7fZd6xs1q5mNQ,方法5,4,0.0541,5.41
d7464b55181ef45e2d63,Method_m8vwGkEZc3TSW2xqYUoR,方法1,48,0.2712,27.12
d7464b55181ef45e2d63,Method_BXr9AIsPQhwNvyGdZL57,方法2,39,0.2203,22.03
d7464b55181ef45e2d63,Method_Cj9Ya2R7fZd6xs1q5mNQ,方法3,35,0.1977,19.77
d7464b55181ef45e2d63,Method_5Q4KoXthUuYz3bvrTDFm,方法4,33,0.1864,18.64
d7464b55181ef45e2d63,Method_gj1NLb4Jn7URf9K2kQPd,方法5,22,0.1243,12.43
663aff87732c52f0e342,Method_gj1NLb4Jn7URf9K2kQPd,方法1,92,0.219,21.9
663aff87732c52f0e342,Method_m8vwGkEZc3TSW2xqYUoR,方法2,88,0.2095,20.95
663aff87732c52f0e342,Method_5Q4KoXthUuYz3bvrTDFm,方法3,85,0.2024,20.24
663aff87732c52f0e342,Method_Cj9Ya2R7fZd6xs1q5mNQ,方法4,83,0.1976,19.76
663aff87732c52f0e342,Method_BXr9AIsPQhwNvyGdZL57,方法5,72,0.1714,17.14
c3beec92b66ff78a6ba9,Method_BXr9AIsPQhwNvyGdZL57,方法1,41,0.2343,23.43
c3beec92b66ff78a6ba9,Method_gj1NLb4Jn7URf9K2kQPd,方法2,41,0.2343,23.43
c3beec92b66ff78a6ba9,Method_Cj9Ya2R7fZd6xs1q5mNQ,方法3,39,0.2229,22.29
c3beec92b66ff78a6ba9,Method_m8vwGkEZc3TSW2xqYUoR,方法4,33,0.1886,18.86
c3beec92b66ff78a6ba9,Method_5Q4KoXthUuYz3bvrTDFm,方法5,21,0.12,12.0
7535fe5ae754da62a534,Method_m8vwGkEZc3TSW2xqYUoR,方法1,21,0.2414,24.14
7535fe5ae754da62a534,Method_gj1NLb4Jn7URf9K2kQPd,方法2,20,0.2299,22.99
7535fe5ae754da62a534,Method_5Q4KoXthUuYz3bvrTDFm,方法3,17,0.1954,19.54
7535fe5ae754da62a534,Method_Cj9Ya2R7fZd6xs1q5mNQ,方法4,15,0.1724,17.24
7535fe5ae754da62a534,Method_BXr9AIsPQhwNvyGdZL57,方法5,14,0.1609,16.09
d9dfc134efd3826bdaed,Method_BXr9AIsPQhwNvyGdZL57,方法1,23,0.2212,22.12
d9dfc134efd3826bdaed,Method_gj1NLb4Jn7URf9K2kQPd,方法2,22,0.2115,21.15
d9dfc134efd3826bdaed,Method_5Q4KoXthUuYz3bvrTDFm,方法3,20,0.1923,19.23
d9dfc134efd3826bdaed,Method_Cj9Ya2R7fZd6xs1q5mNQ,方法4,20,0.1923,19.23
d9dfc134efd3826bdaed,Method_m8vwGkEZc3TSW2xqYUoR,方法5,19,0.1827,18.27
e2ea6dbbe90983dbb208,Method_gj1NLb4Jn7URf9K2kQPd,方法1,38,0.2159,21.59
e2ea6dbbe90983dbb208,Method_Cj9Ya2R7fZd6xs1q5mNQ,方法2,38,0.2159,21.59
e2ea6dbbe90983dbb208,Method_BXr9AIsPQhwNvyGdZL57,方法3,37,0.2102,21.02
e2ea6dbbe90983dbb208,Method_5Q4KoXthUuYz3bvrTDFm,方法4,32,0.1818,18.18
e2ea6dbbe90983dbb208,Method_m8vwGkEZc3TSW2xqYUoR,方法5,31,0.1761,17.61
6efd2d79656d1b056f72,Method_Cj9Ya2R7fZd6xs1q5mNQ,方法1,42,0.2485,24.85
6efd2d79656d1b056f72,Method_m8vwGkEZc3TSW2xqYUoR,方法2,37,0.2189,21.89
6efd2d79656d1b056f72,Method_5Q4KoXthUuYz3bvrTDFm,方法3,34,0.2012,20.12
6efd2d79656d1b056f72,Method_BXr9AIsPQhwNvyGdZL57,方法4,30,0.1775,17.75
6efd2d79656d1b056f72,Method_gj1NLb4Jn7URf9K2kQPd,方法5,26,0.1538,15.38
d5067bceac0ffa5e4704,Method_5Q4KoXthUuYz3bvrTDFm,方法1,17,0.2361,23.61
d5067bceac0ffa5e4704,Method_BXr9AIsPQhwNvyGdZL57,方法2,15,0.2083,20.83
d5067bceac0ffa5e4704,Method_m8vwGkEZc3TSW2xqYUoR,方法3,15,0.2083,20.83
d5067bceac0ffa5e4704,Method_gj1NLb4Jn7URf9K2kQPd,方法4,13,0.1806,18.06
d5067bceac0ffa5e4704,Method_Cj9Ya2R7fZd6xs1q5mNQ,方法5,12,0.1667,16.67
ebe7a295f61c831b0093,Method_5Q4KoXthUuYz3bvrTDFm,方法1,34,0.2787,27.87
ebe7a295f61c831b0093,Method_gj1NLb4Jn7URf9K2kQPd,方法2,26,0.2131,21.31
ebe7a295f61c831b0093,Method_m8vwGkEZc3TSW2xqYUoR,方法3,23,0.1885,18.85
ebe7a295f61c831b0093,Method_BXr9AIsPQhwNvyGdZL57,方法4,20,0.1639,16.39
ebe7a295f61c831b0093,Method_Cj9Ya2R7fZd6xs1q5mNQ,方法5,19,0.1557,15.57
fc916744a3bd5120978f,Method_BXr9AIsPQhwNvyGdZL57,方法1,23,0.2323,23.23
fc916744a3bd5120978f,Method_5Q4KoXthUuYz3bvrTDFm,方法2,22,0.2222,22.22
fc916744a3bd5120978f,Method_m8vwGkEZc3TSW2xqYUoR,方法3,19,0.1919,19.19
fc916744a3bd5120978f,Method_Cj9Ya2R7fZd6xs1q5mNQ,方法4,18,0.1818,18.18
fc916744a3bd5120978f,Method_gj1NLb4Jn7URf9K2kQPd,方法5,17,0.1717,17.17
7c30aec52f13bebe07a6,Method_Cj9Ya2R7fZd6xs1q5mNQ,方法1,23,0.3026,30.26
7c30aec52f13bebe07a6,Method_gj1NLb4Jn7URf9K2kQPd,方法2,19,0.25,25.0
7c30aec52f13bebe07a6,Method_BXr9AIsPQhwNvyGdZL57,方法3,16,0.2105,21.05
7c30aec52f13bebe07a6,Method_5Q4KoXthUuYz3bvrTDFm,方法4,14,0.1842,18.42
7c30aec52f13bebe07a6,Method_m8vwGkEZc3TSW2xqYUoR,方法5,4,0.0526,5.26
2d9a38c93e37bc475cb6,Method_Cj9Ya2R7fZd6xs1q5mNQ,方法1,28,0.2617,26.17
2d9a38c93e37bc475cb6,Method_5Q4KoXthUuYz3bvrTDFm,方法2,24,0.2243,22.43
2d9a38c93e37bc475cb6,Method_BXr9AIsPQhwNvyGdZL57,方法3,21,0.1963,19.63
2d9a38c93e37bc475cb6,Method_gj1NLb4Jn7URf9K2kQPd,方法4,18,0.1682,16.82
2d9a38c93e37bc475cb6,Method_m8vwGkEZc3TSW2xqYUoR,方法5,16,0.1495,14.95
a1a127e2bf29c380819c,Method_gj1NLb4Jn7URf9K2kQPd,方法1,22,0.2651,26.51
a1a127e2bf29c380819c,Method_BXr9AIsPQhwNvyGdZL57,方法2,18,0.2169,21.69
a1a127e2bf29c380819c,Method_m8vwGkEZc3TSW2xqYUoR,方法3,18,0.2169,21.69
a1a127e2bf29c380819c,Method_Cj9Ya2R7fZd6xs1q5mNQ,方法4,13,0.1566,15.66
a1a127e2bf29c380819c,Method_5Q4KoXthUuYz3bvrTDFm,方法5,12,0.1446,14.46
2c7d02c44b47e3d24d52,Method_Cj9Ya2R7fZd6xs1q5mNQ,方法1,23,0.3151,31.51
2c7d02c44b47e3d24d52,Method_BXr9AIsPQhwNvyGdZL57,方法2,17,0.2329,23.29
2c7d02c44b47e3d24d52,Method_m8vwGkEZc3TSW2xqYUoR,方法3,16,0.2192,21.92
2c7d02c44b47e3d24d52,Method_5Q4KoXthUuYz3bvrTDFm,方法4,9,0.1233,12.33
2c7d02c44b47e3d24d52,Method_gj1NLb4Jn7URf9K2kQPd,方法5,8,0.1096,10.96
ce9dd8f1570caa0d6f5b,Method_5Q4KoXthUuYz3bvrTDFm,方法1,53,0.242,24.2
ce9dd8f1570caa0d6f5b,Method_BXr9AIsPQhwNvyGdZL57,方法2,50,0.2283,22.83
ce9dd8f1570caa0d6f5b,Method_m8vwGkEZc3TSW2xqYUoR,方法3,44,0.2009,20.09
ce9dd8f1570caa0d6f5b,Method_gj1NLb4Jn7URf9K2kQPd,方法4,40,0.1826,18.26
ce9dd8f1570caa0d6f5b,Method_Cj9Ya2R7fZd6xs1q5mNQ,方法5,32,0.1461,14.61
7c039dde693a18f3a834,Method_BXr9AIsPQhwNvyGdZL57,方法1,30,0.2586,25.86
7c039dde693a18f3a834,Method_5Q4KoXthUuYz3bvrTDFm,方法2,25,0.2155,21.55
7c039dde693a18f3a834,Method_Cj9Ya2R7fZd6xs1q5mNQ,方法3,22,0.1897,18.97
7c039dde693a18f3a834,Method_m8vwGkEZc3TSW2xqYUoR,方法4,20,0.1724,17.24
7c039dde693a18f3a834,Method_gj1NLb4Jn7URf9K2kQPd,方法5,19,0.1638,16.38
hjcfqm1yfzh8s77mo3ec,Method_BXr9AIsPQhwNvyGdZL57,方法1,26,0.2476,24.76
hjcfqm1yfzh8s77mo3ec,Method_gj1NLb4Jn7URf9K2kQPd,方法2,24,0.2286,22.86
hjcfqm1yfzh8s77mo3ec,Method_5Q4KoXthUuYz3bvrTDFm,方法3,24,0.2286,22.86
hjcfqm1yfzh8s77mo3ec,Method_m8vwGkEZc3TSW2xqYUoR,方法4,18,0.1714,17.14
hjcfqm1yfzh8s77mo3ec,Method_Cj9Ya2R7fZd6xs1q5mNQ,方法5,13,0.1238,12.38
1hues7esy9erdsses6m0,Method_BXr9AIsPQhwNvyGdZL57,方法1,26,0.2524,25.24
1hues7esy9erdsses6m0,Method_gj1NLb4Jn7URf9K2kQPd,方法2,22,0.2136,21.36
1hues7esy9erdsses6m0,Method_5Q4KoXthUuYz3bvrTDFm,方法3,20,0.1942,19.42
1hues7esy9erdsses6m0,Method_Cj9Ya2R7fZd6xs1q5mNQ,方法4,18,0.1748,17.48
1hues7esy9erdsses6m0,Method_m8vwGkEZc3TSW2xqYUoR,方法5,17,0.165,16.5
p58nsuk0hj5uh2xk2k9p,Method_m8vwGkEZc3TSW2xqYUoR,方法1,23,0.2323,23.23
p58nsuk0hj5uh2xk2k9p,Method_gj1NLb4Jn7URf9K2kQPd,方法2,22,0.2222,22.22
p58nsuk0hj5uh2xk2k9p,Method_5Q4KoXthUuYz3bvrTDFm,方法3,21,0.2121,21.21
p58nsuk0hj5uh2xk2k9p,Method_BXr9AIsPQhwNvyGdZL57,方法4,18,0.1818,18.18
p58nsuk0hj5uh2xk2k9p,Method_Cj9Ya2R7fZd6xs1q5mNQ,方法5,15,0.1515,15.15
5l1b1ma70rilf7mojch5,Method_Cj9Ya2R7fZd6xs1q5mNQ,方法1,25,0.2193,21.93
5l1b1ma70rilf7mojch5,Method_gj1NLb4Jn7URf9K2kQPd,方法2,24,0.2105,21.05
5l1b1ma70rilf7mojch5,Method_m8vwGkEZc3TSW2xqYUoR,方法3,23,0.2018,20.18
5l1b1ma70rilf7mojch5,Method_5Q4KoXthUuYz3bvrTDFm,方法4,21,0.1842,18.42
5l1b1ma70rilf7mojch5,Method_BXr9AIsPQhwNvyGdZL57,方法5,21,0.1842,18.42
zylvq01zq0hxavbvsd2f,Method_Cj9Ya2R7fZd6xs1q5mNQ,方法1,26,0.2241,22.41
zylvq01zq0hxavbvsd2f,Method_5Q4KoXthUuYz3bvrTDFm,方法2,26,0.2241,22.41
zylvq01zq0hxavbvsd2f,Method_BXr9AIsPQhwNvyGdZL57,方法3,25,0.2155,21.55
zylvq01zq0hxavbvsd2f,Method_gj1NLb4Jn7URf9K2kQPd,方法4,21,0.181,18.1
zylvq01zq0hxavbvsd2f,Method_m8vwGkEZc3TSW2xqYUoR,方法5,18,0.1552,15.52
4ycyhj8tyx2b17fcx29j,Method_5Q4KoXthUuYz3bvrTDFm,方法1,27,0.2389,23.89
4ycyhj8tyx2b17fcx29j,Method_Cj9Ya2R7fZd6xs1q5mNQ,方法2,25,0.2212,22.12
4ycyhj8tyx2b17fcx29j,Method_m8vwGkEZc3TSW2xqYUoR,方法3,25,0.2212,22.12
4ycyhj8tyx2b17fcx29j,Method_BXr9AIsPQhwNvyGdZL57,方法4,18,0.1593,15.93
4ycyhj8tyx2b17fcx29j,Method_gj1NLb4Jn7URf9K2kQPd,方法5,18,0.1593,15.93
n1nh33yq3nhwt4mx36yc,Method_5Q4KoXthUuYz3bvrTDFm,方法1,24,0.2243,22.43
n1nh33yq3nhwt4mx36yc,Method_Cj9Ya2R7fZd6xs1q5mNQ,方法2,22,0.2056,20.56
n1nh33yq3nhwt4mx36yc,Method_BXr9AIsPQhwNvyGdZL57,方法3,21,0.1963,19.63
n1nh33yq3nhwt4mx36yc,Method_gj1NLb4Jn7URf9K2kQPd,方法4,21,0.1963,19.63
n1nh33yq3nhwt4mx36yc,Method_m8vwGkEZc3TSW2xqYUoR,方法5,19,0.1776,17.76
jtbq3gkfw2tcsjvfwm56,Method_gj1NLb4Jn7URf9K2kQPd,方法1,28,0.2642,26.42
jtbq3gkfw2tcsjvfwm56,Method_Cj9Ya2R7fZd6xs1q5mNQ,方法2,24,0.2264,22.64
jtbq3gkfw2tcsjvfwm56,Method_5Q4KoXthUuYz3bvrTDFm,方法3,21,0.1981,19.81
jtbq3gkfw2tcsjvfwm56,Method_BXr9AIsPQhwNvyGdZL57,方法4,21,0.1981,19.81
jtbq3gkfw2tcsjvfwm56,Method_m8vwGkEZc3TSW2xqYUoR,方法5,12,0.1132,11.32
oriig6s6fmvi4f7mxamy,Method_5Q4KoXthUuYz3bvrTDFm,方法1,26,0.2321,23.21
oriig6s6fmvi4f7mxamy,Method_gj1NLb4Jn7URf9K2kQPd,方法2,24,0.2143,21.43
oriig6s6fmvi4f7mxamy,Method_m8vwGkEZc3TSW2xqYUoR,方法3,23,0.2054,20.54
oriig6s6fmvi4f7mxamy,Method_Cj9Ya2R7fZd6xs1q5mNQ,方法4,22,0.1964,19.64
oriig6s6fmvi4f7mxamy,Method_BXr9AIsPQhwNvyGdZL57,方法5,17,0.1518,15.18
i3b6qk80m9jqwgft968o,Method_5Q4KoXthUuYz3bvrTDFm,方法1,28,0.2718,27.18
i3b6qk80m9jqwgft968o,Method_m8vwGkEZc3TSW2xqYUoR,方法2,24,0.233,23.3
i3b6qk80m9jqwgft968o,Method_BXr9AIsPQhwNvyGdZL57,方法3,21,0.2039,20.39
i3b6qk80m9jqwgft968o,Method_gj1NLb4Jn7URf9K2kQPd,方法4,17,0.165,16.5
i3b6qk80m9jqwgft968o,Method_Cj9Ya2R7fZd6xs1q5mNQ,方法5,13,0.1262,12.62
2svwdpmdpjsdzafekntw,Method_m8vwGkEZc3TSW2xqYUoR,方法1,23,0.2644,26.44
2svwdpmdpjsdzafekntw,Method_gj1NLb4Jn7URf9K2kQPd,方法2,22,0.2529,25.29
2svwdpmdpjsdzafekntw,Method_Cj9Ya2R7fZd6xs1q5mNQ,方法3,17,0.1954,19.54
2svwdpmdpjsdzafekntw,Method_BXr9AIsPQhwNvyGdZL57,方法4,14,0.1609,16.09
2svwdpmdpjsdzafekntw,Method_5Q4KoXthUuYz3bvrTDFm,方法5,11,0.1264,12.64
81kmylu471y1njt1pin3,Method_5Q4KoXthUuYz3bvrTDFm,方法1,38,0.322,32.2
81kmylu471y1njt1pin3,Method_m8vwGkEZc3TSW2xqYUoR,方法2,22,0.1864,18.64
81kmylu471y1njt1pin3,Method_Cj9Ya2R7fZd6xs1q5mNQ,方法3,21,0.178,17.8
81kmylu471y1njt1pin3,Method_gj1NLb4Jn7URf9K2kQPd,方法4,19,0.161,16.1
81kmylu471y1njt1pin3,Method_BXr9AIsPQhwNvyGdZL57,方法5,18,0.1525,15.25
e9vzigim3qs88f721ohz,Method_BXr9AIsPQhwNvyGdZL57,方法1,25,0.2358,23.58
e9vzigim3qs88f721ohz,Method_gj1NLb4Jn7URf9K2kQPd,方法2,23,0.217,21.7
e9vzigim3qs88f721ohz,Method_5Q4KoXthUuYz3bvrTDFm,方法3,20,0.1887,18.87
e9vzigim3qs88f721ohz,Method_m8vwGkEZc3TSW2xqYUoR,方法4,20,0.1887,18.87
e9vzigim3qs88f721ohz,Method_Cj9Ya2R7fZd6xs1q5mNQ,方法5,18,0.1698,16.98
8rsw4xhmff15occogf32,Method_BXr9AIsPQhwNvyGdZL57,方法1,37,0.3033,30.33
8rsw4xhmff15occogf32,Method_m8vwGkEZc3TSW2xqYUoR,方法2,27,0.2213,22.13
8rsw4xhmff15occogf32,Method_5Q4KoXthUuYz3bvrTDFm,方法3,22,0.1803,18.03
8rsw4xhmff15occogf32,Method_Cj9Ya2R7fZd6xs1q5mNQ,方法4,21,0.1721,17.21
8rsw4xhmff15occogf32,Method_gj1NLb4Jn7URf9K2kQPd,方法5,15,0.123,12.3
siv6gzi7una85o8fzrwi,Method_m8vwGkEZc3TSW2xqYUoR,方法1,27,0.25,25.0
siv6gzi7una85o8fzrwi,Method_5Q4KoXthUuYz3bvrTDFm,方法2,24,0.2222,22.22
siv6gzi7una85o8fzrwi,Method_gj1NLb4Jn7URf9K2kQPd,方法3,23,0.213,21.3
siv6gzi7una85o8fzrwi,Method_BXr9AIsPQhwNvyGdZL57,方法4,22,0.2037,20.37
siv6gzi7una85o8fzrwi,Method_Cj9Ya2R7fZd6xs1q5mNQ,方法5,12,0.1111,11.11
ti44fbogdeqbfflbizj7,Method_gj1NLb4Jn7URf9K2kQPd,方法1,30,0.303,30.3
ti44fbogdeqbfflbizj7,Method_m8vwGkEZc3TSW2xqYUoR,方法2,21,0.2121,21.21
ti44fbogdeqbfflbizj7,Method_5Q4KoXthUuYz3bvrTDFm,方法3,17,0.1717,17.17
ti44fbogdeqbfflbizj7,Method_BXr9AIsPQhwNvyGdZL57,方法4,16,0.1616,16.16
ti44fbogdeqbfflbizj7,Method_Cj9Ya2R7fZd6xs1q5mNQ,方法5,15,0.1515,15.15
5rxl72n8rmnxwrxcss0q,Method_Cj9Ya2R7fZd6xs1q5mNQ,方法1,22,0.2245,22.45
5rxl72n8rmnxwrxcss0q,Method_m8vwGkEZc3TSW2xqYUoR,方法2,21,0.2143,21.43
5rxl72n8rmnxwrxcss0q,Method_BXr9AIsPQhwNvyGdZL57,方法3,20,0.2041,20.41
5rxl72n8rmnxwrxcss0q,Method_gj1NLb4Jn7URf9K2kQPd,方法4,19,0.1939,19.39
5rxl72n8rmnxwrxcss0q,Method_5Q4KoXthUuYz3bvrTDFm,方法5,16,0.1633,16.33
tbypawuj167ycyvg8sc2,Method_m8vwGkEZc3TSW2xqYUoR,方法1,24,0.2243,22.43
tbypawuj167ycyvg8sc2,Method_gj1NLb4Jn7URf9K2kQPd,方法2,23,0.215,21.5
tbypawuj167ycyvg8sc2,Method_Cj9Ya2R7fZd6xs1q5mNQ,方法3,22,0.2056,20.56
tbypawuj167ycyvg8sc2,Method_BXr9AIsPQhwNvyGdZL57,方法4,21,0.1963,19.63
tbypawuj167ycyvg8sc2,Method_5Q4KoXthUuYz3bvrTDFm,方法5,17,0.1589,15.89
10xnkvdetxarrkdhx4i9,Method_gj1NLb4Jn7URf9K2kQPd,方法1,24,0.2376,23.76
10xnkvdetxarrkdhx4i9,Method_Cj9Ya2R7fZd6xs1q5mNQ,方法2,21,0.2079,20.79
10xnkvdetxarrkdhx4i9,Method_BXr9AIsPQhwNvyGdZL57,方法3,20,0.198,19.8
10xnkvdetxarrkdhx4i9,Method_m8vwGkEZc3TSW2xqYUoR,方法4,19,0.1881,18.81
10xnkvdetxarrkdhx4i9,Method_5Q4KoXthUuYz3bvrTDFm,方法5,17,0.1683,16.83
s8uk59p9w5ck47wlw3ea,Method_5Q4KoXthUuYz3bvrTDFm,方法1,24,0.2474,24.74
s8uk59p9w5ck47wlw3ea,Method_gj1NLb4Jn7URf9K2kQPd,方法2,21,0.2165,21.65
s8uk59p9w5ck47wlw3ea,Method_BXr9AIsPQhwNvyGdZL57,方法3,21,0.2165,21.65
s8uk59p9w5ck47wlw3ea,Method_m8vwGkEZc3TSW2xqYUoR,方法4,16,0.1649,16.49
s8uk59p9w5ck47wlw3ea,Method_Cj9Ya2R7fZd6xs1q5mNQ,方法5,15,0.1546,15.46
y0bdtutppfdzzttzq8dy,Method_m8vwGkEZc3TSW2xqYUoR,方法1,25,0.2604,26.04
y0bdtutppfdzzttzq8dy,Method_5Q4KoXthUuYz3bvrTDFm,方法2,21,0.2188,21.88
y0bdtutppfdzzttzq8dy,Method_BXr9AIsPQhwNvyGdZL57,方法3,19,0.1979,19.79
y0bdtutppfdzzttzq8dy,Method_Cj9Ya2R7fZd6xs1q5mNQ,方法4,16,0.1667,16.67
y0bdtutppfdzzttzq8dy,Method_gj1NLb4Jn7URf9K2kQPd,方法5,15,0.1562,15.62
ipd72mytvphpd9tcejgb,Method_m8vwGkEZc3TSW2xqYUoR,方法1,28,0.2642,26.42
ipd72mytvphpd9tcejgb,Method_5Q4KoXthUuYz3bvrTDFm,方法2,27,0.2547,25.47
ipd72mytvphpd9tcejgb,Method_gj1NLb4Jn7URf9K2kQPd,方法3,18,0.1698,16.98
ipd72mytvphpd9tcejgb,Method_Cj9Ya2R7fZd6xs1q5mNQ,方法4,17,0.1604,16.04
ipd72mytvphpd9tcejgb,Method_BXr9AIsPQhwNvyGdZL57,方法5,16,0.1509,15.09
0dapvs3h4h3h1ahmt2o8,Method_gj1NLb4Jn7URf9K2kQPd,方法1,36,0.3051,30.51
0dapvs3h4h3h1ahmt2o8,Method_Cj9Ya2R7fZd6xs1q5mNQ,方法2,26,0.2203,22.03
0dapvs3h4h3h1ahmt2o8,Method_BXr9AIsPQhwNvyGdZL57,方法3,24,0.2034,20.34
0dapvs3h4h3h1ahmt2o8,Method_m8vwGkEZc3TSW2xqYUoR,方法4,19,0.161,16.1
0dapvs3h4h3h1ahmt2o8,Method_5Q4KoXthUuYz3bvrTDFm,方法5,13,0.1102,11.02
95jqkrj6zv7qf1wz1p8e,Method_Cj9Ya2R7fZd6xs1q5mNQ,方法1,27,0.2647,26.47
95jqkrj6zv7qf1wz1p8e,Method_m8vwGkEZc3TSW2xqYUoR,方法2,22,0.2157,21.57
95jqkrj6zv7qf1wz1p8e,Method_5Q4KoXthUuYz3bvrTDFm,方法3,21,0.2059,20.59
95jqkrj6zv7qf1wz1p8e,Method_gj1NLb4Jn7URf9K2kQPd,方法4,19,0.1863,18.63
95jqkrj6zv7qf1wz1p8e,Method_BXr9AIsPQhwNvyGdZL57,方法5,13,0.1275,12.75
jivt017uwst4sg4fqlek,Method_5Q4KoXthUuYz3bvrTDFm,方法1,27,0.2647,26.47
jivt017uwst4sg4fqlek,Method_Cj9Ya2R7fZd6xs1q5mNQ,方法2,21,0.2059,20.59
jivt017uwst4sg4fqlek,Method_BXr9AIsPQhwNvyGdZL57,方法3,20,0.1961,19.61
jivt017uwst4sg4fqlek,Method_m8vwGkEZc3TSW2xqYUoR,方法4,19,0.1863,18.63
jivt017uwst4sg4fqlek,Method_gj1NLb4Jn7URf9K2kQPd,方法5,15,0.1471,14.71
9jq31h6i3ny1lx0mx89e,Method_5Q4KoXthUuYz3bvrTDFm,方法1,33,0.2426,24.26
9jq31h6i3ny1lx0mx89e,Method_gj1NLb4Jn7URf9K2kQPd,方法2,31,0.2279,22.79
9jq31h6i3ny1lx0mx89e,Method_BXr9AIsPQhwNvyGdZL57,方法3,28,0.2059,20.59
9jq31h6i3ny1lx0mx89e,Method_Cj9Ya2R7fZd6xs1q5mNQ,方法4,25,0.1838,18.38
9jq31h6i3ny1lx0mx89e,Method_m8vwGkEZc3TSW2xqYUoR,方法5,19,0.1397,13.97
cm2celd9hmos24j2a5cg,Method_5Q4KoXthUuYz3bvrTDFm,方法1,23,0.2614,26.14
cm2celd9hmos24j2a5cg,Method_Cj9Ya2R7fZd6xs1q5mNQ,方法2,22,0.25,25.0
cm2celd9hmos24j2a5cg,Method_m8vwGkEZc3TSW2xqYUoR,方法3,15,0.1705,17.05
cm2celd9hmos24j2a5cg,Method_gj1NLb4Jn7URf9K2kQPd,方法4,14,0.1591,15.91
cm2celd9hmos24j2a5cg,Method_BXr9AIsPQhwNvyGdZL57,方法5,14,0.1591,15.91
wmes720kojsggeq71m5y,Method_Cj9Ya2R7fZd6xs1q5mNQ,方法1,28,0.2414,24.14
wmes720kojsggeq71m5y,Method_m8vwGkEZc3TSW2xqYUoR,方法2,26,0.2241,22.41
wmes720kojsggeq71m5y,Method_BXr9AIsPQhwNvyGdZL57,方法3,23,0.1983,19.83
wmes720kojsggeq71m5y,Method_5Q4KoXthUuYz3bvrTDFm,方法4,20,0.1724,17.24
wmes720kojsggeq71m5y,Method_gj1NLb4Jn7URf9K2kQPd,方法5,19,0.1638,16.38
8nqoz5k93j7it8w0muhl,Method_m8vwGkEZc3TSW2xqYUoR,方法1,25,0.2232,22.32
8nqoz5k93j7it8w0muhl,Method_Cj9Ya2R7fZd6xs1q5mNQ,方法2,25,0.2232,22.32
8nqoz5k93j7it8w0muhl,Method_5Q4KoXthUuYz3bvrTDFm,方法3,23,0.2054,20.54
8nqoz5k93j7it8w0muhl,Method_gj1NLb4Jn7URf9K2kQPd,方法4,21,0.1875,18.75
8nqoz5k93j7it8w0muhl,Method_BXr9AIsPQhwNvyGdZL57,方法5,18,0.1607,16.07
6qp85ufr2o1zg8k0cvtb,Method_BXr9AIsPQhwNvyGdZL57,方法1,26,0.2889,28.89
6qp85ufr2o1zg8k0cvtb,Method_5Q4KoXthUuYz3bvrTDFm,方法2,21,0.2333,23.33
6qp85ufr2o1zg8k0cvtb,Method_gj1NLb4Jn7URf9K2kQPd,方法3,16,0.1778,17.78
6qp85ufr2o1zg8k0cvtb,Method_Cj9Ya2R7fZd6xs1q5mNQ,方法4,15,0.1667,16.67
6qp85ufr2o1zg8k0cvtb,Method_m8vwGkEZc3TSW2xqYUoR,方法5,12,0.1333,13.33
5zczdtyecu2w495j80xv,Method_BXr9AIsPQhwNvyGdZL57,方法1,25,0.2451,24.51
5zczdtyecu2w495j80xv,Method_gj1NLb4Jn7URf9K2kQPd,方法2,22,0.2157,21.57
5zczdtyecu2w495j80xv,Method_m8vwGkEZc3TSW2xqYUoR,方法3,22,0.2157,21.57
5zczdtyecu2w495j80xv,Method_5Q4KoXthUuYz3bvrTDFm,方法4,17,0.1667,16.67
5zczdtyecu2w495j80xv,Method_Cj9Ya2R7fZd6xs1q5mNQ,方法5,16,0.1569,15.69
bt192zri52uj2flwikrw,Method_5Q4KoXthUuYz3bvrTDFm,方法1,28,0.2642,26.42
bt192zri52uj2flwikrw,Method_BXr9AIsPQhwNvyGdZL57,方法2,23,0.217,21.7
bt192zri52uj2flwikrw,Method_Cj9Ya2R7fZd6xs1q5mNQ,方法3,23,0.217,21.7
bt192zri52uj2flwikrw,Method_m8vwGkEZc3TSW2xqYUoR,方法4,20,0.1887,18.87
bt192zri52uj2flwikrw,Method_gj1NLb4Jn7URf9K2kQPd,方法5,12,0.1132,11.32
qol4cum3ewnz45dzpijx,Method_BXr9AIsPQhwNvyGdZL57,方法1,26,0.2549,25.49
qol4cum3ewnz45dzpijx,Method_gj1NLb4Jn7URf9K2kQPd,方法2,21,0.2059,20.59
qol4cum3ewnz45dzpijx,Method_m8vwGkEZc3TSW2xqYUoR,方法3,20,0.1961,19.61
qol4cum3ewnz45dzpijx,Method_Cj9Ya2R7fZd6xs1q5mNQ,方法4,19,0.1863,18.63
qol4cum3ewnz45dzpijx,Method_5Q4KoXthUuYz3bvrTDFm,方法5,16,0.1569,15.69
k8d21tlgxmu6i35atvub,Method_BXr9AIsPQhwNvyGdZL57,方法1,27,0.2411,24.11
k8d21tlgxmu6i35atvub,Method_gj1NLb4Jn7URf9K2kQPd,方法2,25,0.2232,22.32
k8d21tlgxmu6i35atvub,Method_5Q4KoXthUuYz3bvrTDFm,方法3,23,0.2054,20.54
k8d21tlgxmu6i35atvub,Method_m8vwGkEZc3TSW2xqYUoR,方法4,20,0.1786,17.86
k8d21tlgxmu6i35atvub,Method_Cj9Ya2R7fZd6xs1q5mNQ,方法5,17,0.1518,15.18
vd2j77wynysztt2wbv2v,Method_BXr9AIsPQhwNvyGdZL57,方法1,24,0.2791,27.91
vd2j77wynysztt2wbv2v,Method_m8vwGkEZc3TSW2xqYUoR,方法2,20,0.2326,23.26
vd2j77wynysztt2wbv2v,Method_Cj9Ya2R7fZd6xs1q5mNQ,方法3,17,0.1977,19.77
vd2j77wynysztt2wbv2v,Method_gj1NLb4Jn7URf9K2kQPd,方法4,14,0.1628,16.28
vd2j77wynysztt2wbv2v,Method_5Q4KoXthUuYz3bvrTDFm,方法5,11,0.1279,12.79
119b36a5797d5ce69625,Method_gj1NLb4Jn7URf9K2kQPd,方法1,32,0.2462,24.62
119b36a5797d5ce69625,Method_Cj9Ya2R7fZd6xs1q5mNQ,方法2,32,0.2462,24.62
119b36a5797d5ce69625,Method_m8vwGkEZc3TSW2xqYUoR,方法3,24,0.1846,18.46
119b36a5797d5ce69625,Method_BXr9AIsPQhwNvyGdZL57,方法4,23,0.1769,17.69
119b36a5797d5ce69625,Method_5Q4KoXthUuYz3bvrTDFm,方法5,19,0.1462,14.62
ee07cc24589beb775d33,Method_gj1NLb4Jn7URf9K2kQPd,方法1,34,0.2267,22.67
ee07cc24589beb775d33,Method_5Q4KoXthUuYz3bvrTDFm,方法2,33,0.22,22.0
ee07cc24589beb775d33,Method_Cj9Ya2R7fZd6xs1q5mNQ,方法3,33,0.22,22.0
ee07cc24589beb775d33,Method_BXr9AIsPQhwNvyGdZL57,方法4,31,0.2067,20.67
ee07cc24589beb775d33,Method_m8vwGkEZc3TSW2xqYUoR,方法5,19,0.1267,12.67
44c7cf3881ae07f7fb3e,Method_Cj9Ya2R7fZd6xs1q5mNQ,方法1,33,0.2374,23.74
44c7cf3881ae07f7fb3e,Method_BXr9AIsPQhwNvyGdZL57,方法2,31,0.223,22.3
44c7cf3881ae07f7fb3e,Method_5Q4KoXthUuYz3bvrTDFm,方法3,27,0.1942,19.42
44c7cf3881ae07f7fb3e,Method_m8vwGkEZc3TSW2xqYUoR,方法4,26,0.1871,18.71
44c7cf3881ae07f7fb3e,Method_gj1NLb4Jn7URf9K2kQPd,方法5,22,0.1583,15.83
c681117f7f586fd730bb,Method_m8vwGkEZc3TSW2xqYUoR,方法1,39,0.2932,29.32
c681117f7f586fd730bb,Method_5Q4KoXthUuYz3bvrTDFm,方法2,28,0.2105,21.05
c681117f7f586fd730bb,Method_Cj9Ya2R7fZd6xs1q5mNQ,方法3,27,0.203,20.3
c681117f7f586fd730bb,Method_BXr9AIsPQhwNvyGdZL57,方法4,20,0.1504,15.04
c681117f7f586fd730bb,Method_gj1NLb4Jn7URf9K2kQPd,方法5,19,0.1429,14.29
1cfe33c5b178a0c2367f,Method_gj1NLb4Jn7URf9K2kQPd,方法1,23,0.2527,25.27
1cfe33c5b178a0c2367f,Method_m8vwGkEZc3TSW2xqYUoR,方法2,21,0.2308,23.08
1cfe33c5b178a0c2367f,Method_Cj9Ya2R7fZd6xs1q5mNQ,方法3,17,0.1868,18.68
1cfe33c5b178a0c2367f,Method_BXr9AIsPQhwNvyGdZL57,方法4,16,0.1758,17.58
1cfe33c5b178a0c2367f,Method_5Q4KoXthUuYz3bvrTDFm,方法5,14,0.1538,15.38
6496d6268092ef8e7e9d,Method_5Q4KoXthUuYz3bvrTDFm,方法1,36,0.24,24.0
6496d6268092ef8e7e9d,Method_gj1NLb4Jn7URf9K2kQPd,方法2,35,0.2333,23.33
6496d6268092ef8e7e9d,Method_Cj9Ya2R7fZd6xs1q5mNQ,方法3,33,0.22,22.0
6496d6268092ef8e7e9d,Method_m8vwGkEZc3TSW2xqYUoR,方法4,31,0.2067,20.67
6496d6268092ef8e7e9d,Method_BXr9AIsPQhwNvyGdZL57,方法5,15,0.1,10.0
00cbf05221bb479e66c3,Method_m8vwGkEZc3TSW2xqYUoR,方法1,34,0.2297,22.97
00cbf05221bb479e66c3,Method_BXr9AIsPQhwNvyGdZL57,方法2,32,0.2162,21.62
00cbf05221bb479e66c3,Method_Cj9Ya2R7fZd6xs1q5mNQ,方法3,32,0.2162,21.62
00cbf05221bb479e66c3,Method_gj1NLb4Jn7URf9K2kQPd,方法4,26,0.1757,17.57
00cbf05221bb479e66c3,Method_5Q4KoXthUuYz3bvrTDFm,方法5,24,0.1622,16.22
5963ba5cd9d242a00e22,Method_5Q4KoXthUuYz3bvrTDFm,方法1,28,0.2137,21.37
5963ba5cd9d242a00e22,Method_Cj9Ya2R7fZd6xs1q5mNQ,方法2,28,0.2137,21.37
5963ba5cd9d242a00e22,Method_BXr9AIsPQhwNvyGdZL57,方法3,27,0.2061,20.61
5963ba5cd9d242a00e22,Method_m8vwGkEZc3TSW2xqYUoR,方法4,25,0.1908,19.08
5963ba5cd9d242a00e22,Method_gj1NLb4Jn7URf9K2kQPd,方法5,23,0.1756,17.56
9a630f9e9f4ec26d8fcd,Method_5Q4KoXthUuYz3bvrTDFm,方法1,25,0.2577,25.77
9a630f9e9f4ec26d8fcd,Method_Cj9Ya2R7fZd6xs1q5mNQ,方法2,24,0.2474,24.74
9a630f9e9f4ec26d8fcd,Method_gj1NLb4Jn7URf9K2kQPd,方法3,19,0.1959,19.59
9a630f9e9f4ec26d8fcd,Method_BXr9AIsPQhwNvyGdZL57,方法4,16,0.1649,16.49
9a630f9e9f4ec26d8fcd,Method_m8vwGkEZc3TSW2xqYUoR,方法5,13,0.134,13.4
21e23771e52cb5291b19,Method_5Q4KoXthUuYz3bvrTDFm,方法1,64,0.2319,23.19
21e23771e52cb5291b19,Method_m8vwGkEZc3TSW2xqYUoR,方法2,61,0.221,22.1
21e23771e52cb5291b19,Method_Cj9Ya2R7fZd6xs1q5mNQ,方法3,56,0.2029,20.29
21e23771e52cb5291b19,Method_gj1NLb4Jn7URf9K2kQPd,方法4,48,0.1739,17.39
21e23771e52cb5291b19,Method_BXr9AIsPQhwNvyGdZL57,方法5,47,0.1703,17.03
9c48779f6e97be993771,Method_BXr9AIsPQhwNvyGdZL57,方法1,34,0.2237,22.37
9c48779f6e97be993771,Method_5Q4KoXthUuYz3bvrTDFm,方法2,31,0.2039,20.39
9c48779f6e97be993771,Method_gj1NLb4Jn7URf9K2kQPd,方法3,30,0.1974,19.74
9c48779f6e97be993771,Method_m8vwGkEZc3TSW2xqYUoR,方法4,30,0.1974,19.74
9c48779f6e97be993771,Method_Cj9Ya2R7fZd6xs1q5mNQ,方法5,27,0.1776,17.76
9795edf22e930bc30fa4,Method_gj1NLb4Jn7URf9K2kQPd,方法1,46,0.23,23.0
9795edf22e930bc30fa4,Method_Cj9Ya2R7fZd6xs1q5mNQ,方法2,46,0.23,23.0
9795edf22e930bc30fa4,Method_5Q4KoXthUuYz3bvrTDFm,方法3,39,0.195,19.5
9795edf22e930bc30fa4,Method_BXr9AIsPQhwNvyGdZL57,方法4,38,0.19,19.0
9795edf22e930bc30fa4,Method_m8vwGkEZc3TSW2xqYUoR,方法5,31,0.155,15.5
bf07cdd92f1ff3197397,Method_BXr9AIsPQhwNvyGdZL57,方法1,35,0.2083,20.83
bf07cdd92f1ff3197397,Method_Cj9Ya2R7fZd6xs1q5mNQ,方法2,35,0.2083,20.83
bf07cdd92f1ff3197397,Method_m8vwGkEZc3TSW2xqYUoR,方法3,34,0.2024,20.24
bf07cdd92f1ff3197397,Method_gj1NLb4Jn7URf9K2kQPd,方法4,33,0.1964,19.64
bf07cdd92f1ff3197397,Method_5Q4KoXthUuYz3bvrTDFm,方法5,31,0.1845,18.45
7742559d8e833fbcd326,Method_BXr9AIsPQhwNvyGdZL57,方法1,39,0.2321,23.21
7742559d8e833fbcd326,Method_m8vwGkEZc3TSW2xqYUoR,方法2,36,0.2143,21.43
7742559d8e833fbcd326,Method_Cj9Ya2R7fZd6xs1q5mNQ,方法3,35,0.2083,20.83
7742559d8e833fbcd326,Method_5Q4KoXthUuYz3bvrTDFm,方法4,31,0.1845,18.45
7742559d8e833fbcd326,Method_gj1NLb4Jn7URf9K2kQPd,方法5,27,0.1607,16.07
8a45d6748ec853f7694c,Method_BXr9AIsPQhwNvyGdZL57,方法1,31,0.2366,23.66
8a45d6748ec853f7694c,Method_m8vwGkEZc3TSW2xqYUoR,方法2,30,0.229,22.9
8a45d6748ec853f7694c,Method_5Q4KoXthUuYz3bvrTDFm,方法3,27,0.2061,20.61
8a45d6748ec853f7694c,Method_Cj9Ya2R7fZd6xs1q5mNQ,方法4,22,0.1679,16.79
8a45d6748ec853f7694c,Method_gj1NLb4Jn7URf9K2kQPd,方法5,21,0.1603,16.03
d3e269bf68d51851097c,Method_gj1NLb4Jn7URf9K2kQPd,方法1,36,0.2105,21.05
d3e269bf68d51851097c,Method_5Q4KoXthUuYz3bvrTDFm,方法2,35,0.2047,20.47
d3e269bf68d51851097c,Method_m8vwGkEZc3TSW2xqYUoR,方法3,34,0.1988,19.88
d3e269bf68d51851097c,Method_Cj9Ya2R7fZd6xs1q5mNQ,方法4,34,0.1988,19.88
d3e269bf68d51851097c,Method_BXr9AIsPQhwNvyGdZL57,方法5,32,0.1871,18.71
8f1ddd99ac8c59bbd788,Method_Cj9Ya2R7fZd6xs1q5mNQ,方法1,26,0.2261,22.61
8f1ddd99ac8c59bbd788,Method_5Q4KoXthUuYz3bvrTDFm,方法2,24,0.2087,20.87
8f1ddd99ac8c59bbd788,Method_gj1NLb4Jn7URf9K2kQPd,方法3,23,0.2,20.0
8f1ddd99ac8c59bbd788,Method_BXr9AIsPQhwNvyGdZL57,方法4,21,0.1826,18.26
8f1ddd99ac8c59bbd788,Method_m8vwGkEZc3TSW2xqYUoR,方法5,21,0.1826,18.26
03b463f52c0fff35433b,Method_BXr9AIsPQhwNvyGdZL57,方法1,18,0.2903,29.03
03b463f52c0fff35433b,Method_gj1NLb4Jn7URf9K2kQPd,方法2,15,0.2419,24.19
03b463f52c0fff35433b,Method_Cj9Ya2R7fZd6xs1q5mNQ,方法3,12,0.1935,19.35
03b463f52c0fff35433b,Method_5Q4KoXthUuYz3bvrTDFm,方法4,11,0.1774,17.74
03b463f52c0fff35433b,Method_m8vwGkEZc3TSW2xqYUoR,方法5,6,0.0968,9.68
b7f42d4b51972267680e,Method_BXr9AIsPQhwNvyGdZL57,方法1,42,0.2258,22.58
b7f42d4b51972267680e,Method_m8vwGkEZc3TSW2xqYUoR,方法2,38,0.2043,20.43
b7f42d4b51972267680e,Method_Cj9Ya2R7fZd6xs1q5mNQ,方法3,37,0.1989,19.89
b7f42d4b51972267680e,Method_gj1NLb4Jn7URf9K2kQPd,方法4,35,0.1882,18.82
b7f42d4b51972267680e,Method_5Q4KoXthUuYz3bvrTDFm,方法5,34,0.1828,18.28
a1d00fdd7660b7e88077,Method_Cj9Ya2R7fZd6xs1q5mNQ,方法1,24,0.2286,22.86
a1d00fdd7660b7e88077,Method_m8vwGkEZc3TSW2xqYUoR,方法2,24,0.2286,22.86
a1d00fdd7660b7e88077,Method_5Q4KoXthUuYz3bvrTDFm,方法3,20,0.1905,19.05
a1d00fdd7660b7e88077,Method_BXr9AIsPQhwNvyGdZL57,方法4,19,0.181,18.1
a1d00fdd7660b7e88077,Method_gj1NLb4Jn7URf9K2kQPd,方法5,18,0.1714,17.14
ac7214620207dfdd149d,Method_5Q4KoXthUuYz3bvrTDFm,方法1,15,0.2632,26.32
ac7214620207dfdd149d,Method_gj1NLb4Jn7URf9K2kQPd,方法2,12,0.2105,21.05
ac7214620207dfdd149d,Method_m8vwGkEZc3TSW2xqYUoR,方法3,11,0.193,19.3
ac7214620207dfdd149d,Method_Cj9Ya2R7fZd6xs1q5mNQ,方法4,10,0.1754,17.54
ac7214620207dfdd149d,Method_BXr9AIsPQhwNvyGdZL57,方法5,9,0.1579,15.79
117ee98c7f916c88ddbb,Method_Cj9Ya2R7fZd6xs1q5mNQ,方法1,38,0.2375,23.75
117ee98c7f916c88ddbb,Method_5Q4KoXthUuYz3bvrTDFm,方法2,38,0.2375,23.75
117ee98c7f916c88ddbb,Method_m8vwGkEZc3TSW2xqYUoR,方法3,36,0.225,22.5
117ee98c7f916c88ddbb,Method_BXr9AIsPQhwNvyGdZL57,方法4,26,0.1625,16.25
117ee98c7f916c88ddbb,Method_gj1NLb4Jn7URf9K2kQPd,方法5,22,0.1375,13.75
91439fcb2590c49dd20d,Method_Cj9Ya2R7fZd6xs1q5mNQ,方法1,21,0.253,25.3
91439fcb2590c49dd20d,Method_m8vwGkEZc3TSW2xqYUoR,方法2,19,0.2289,22.89
91439fcb2590c49dd20d,Method_5Q4KoXthUuYz3bvrTDFm,方法3,16,0.1928,19.28
91439fcb2590c49dd20d,Method_gj1NLb4Jn7URf9K2kQPd,方法4,14,0.1687,16.87
91439fcb2590c49dd20d,Method_BXr9AIsPQhwNvyGdZL57,方法5,13,0.1566,15.66
53d51965c40a54cff1a0,Method_5Q4KoXthUuYz3bvrTDFm,方法1,25,0.2551,25.51
53d51965c40a54cff1a0,Method_Cj9Ya2R7fZd6xs1q5mNQ,方法2,24,0.2449,24.49
53d51965c40a54cff1a0,Method_BXr9AIsPQhwNvyGdZL57,方法3,19,0.1939,19.39
53d51965c40a54cff1a0,Method_gj1NLb4Jn7URf9K2kQPd,方法4,16,0.1633,16.33
53d51965c40a54cff1a0,Method_m8vwGkEZc3TSW2xqYUoR,方法5,14,0.1429,14.29
efd58fbebca61c41c881,Method_m8vwGkEZc3TSW2xqYUoR,方法1,8,0.2105,21.05
efd58fbebca61c41c881,Method_Cj9Ya2R7fZd6xs1q5mNQ,方法2,8,0.2105,21.05
efd58fbebca61c41c881,Method_BXr9AIsPQhwNvyGdZL57,方法3,8,0.2105,21.05
efd58fbebca61c41c881,Method_gj1NLb4Jn7URf9K2kQPd,方法4,8,0.2105,21.05
efd58fbebca61c41c881,Method_5Q4KoXthUuYz3bvrTDFm,方法5,6,0.1579,15.79
be75e05b9db5efb1258a,Method_BXr9AIsPQhwNvyGdZL57,方法1,20,0.2353,23.53
be75e05b9db5efb1258a,Method_Cj9Ya2R7fZd6xs1q5mNQ,方法2,19,0.2235,22.35
be75e05b9db5efb1258a,Method_gj1NLb4Jn7URf9K2kQPd,方法3,17,0.2,20.0
be75e05b9db5efb1258a,Method_m8vwGkEZc3TSW2xqYUoR,方法4,16,0.1882,18.82
be75e05b9db5efb1258a,Method_5Q4KoXthUuYz3bvrTDFm,方法5,13,0.1529,15.29
a337d5368b0d110803b1,Method_5Q4KoXthUuYz3bvrTDFm,方法1,19,0.2568,25.68
a337d5368b0d110803b1,Method_BXr9AIsPQhwNvyGdZL57,方法2,15,0.2027,20.27
a337d5368b0d110803b1,Method_Cj9Ya2R7fZd6xs1q5mNQ,方法3,14,0.1892,18.92
a337d5368b0d110803b1,Method_gj1NLb4Jn7URf9K2kQPd,方法4,13,0.1757,17.57
a337d5368b0d110803b1,Method_m8vwGkEZc3TSW2xqYUoR,方法5,13,0.1757,17.57
204a7d6db340a3c18ca7,Method_m8vwGkEZc3TSW2xqYUoR,方法1,18,0.3462,34.62
204a7d6db340a3c18ca7,Method_5Q4KoXthUuYz3bvrTDFm,方法2,11,0.2115,21.15
204a7d6db340a3c18ca7,Method_BXr9AIsPQhwNvyGdZL57,方法3,8,0.1538,15.38
204a7d6db340a3c18ca7,Method_gj1NLb4Jn7URf9K2kQPd,方法4,8,0.1538,15.38
204a7d6db340a3c18ca7,Method_Cj9Ya2R7fZd6xs1q5mNQ,方法5,7,0.1346,13.46
97442da123c449f6a146,Method_5Q4KoXthUuYz3bvrTDFm,方法1,33,0.2845,28.45
97442da123c449f6a146,Method_Cj9Ya2R7fZd6xs1q5mNQ,方法2,26,0.2241,22.41
97442da123c449f6a146,Method_m8vwGkEZc3TSW2xqYUoR,方法3,26,0.2241,22.41
97442da123c449f6a146,Method_BXr9AIsPQhwNvyGdZL57,方法4,16,0.1379,13.79
97442da123c449f6a146,Method_gj1NLb4Jn7URf9K2kQPd,方法5,15,0.1293,12.93
cac84b1c3033872272f0,Method_m8vwGkEZc3TSW2xqYUoR,方法1,31,0.2719,27.19
cac84b1c3033872272f0,Method_gj1NLb4Jn7URf9K2kQPd,方法2,24,0.2105,21.05
cac84b1c3033872272f0,Method_5Q4KoXthUuYz3bvrTDFm,方法3,21,0.1842,18.42
cac84b1c3033872272f0,Method_Cj9Ya2R7fZd6xs1q5mNQ,方法4,21,0.1842,18.42
cac84b1c3033872272f0,Method_BXr9AIsPQhwNvyGdZL57,方法5,17,0.1491,14.91
882ccee198e25b49b30d,Method_m8vwGkEZc3TSW2xqYUoR,方法1,120,0.2268,22.68
882ccee198e25b49b30d,Method_BXr9AIsPQhwNvyGdZL57,方法2,106,0.2004,20.04
882ccee198e25b49b30d,Method_Cj9Ya2R7fZd6xs1q5mNQ,方法3,106,0.2004,20.04
882ccee198e25b49b30d,Method_gj1NLb4Jn7URf9K2kQPd,方法4,103,0.1947,19.47
882ccee198e25b49b30d,Method_5Q4KoXthUuYz3bvrTDFm,方法5,94,0.1777,17.77
8068144149e4ba65ef38,Method_gj1NLb4Jn7URf9K2kQPd,方法1,47,0.2597,25.97
8068144149e4ba65ef38,Method_Cj9Ya2R7fZd6xs1q5mNQ,方法2,38,0.2099,20.99
8068144149e4ba65ef38,Method_5Q4KoXthUuYz3bvrTDFm,方法3,37,0.2044,20.44
8068144149e4ba65ef38,Method_BXr9AIsPQhwNvyGdZL57,方法4,37,0.2044,20.44
8068144149e4ba65ef38,Method_m8vwGkEZc3TSW2xqYUoR,方法5,22,0.1215,12.15
d035c324a020e7948fe8,Method_m8vwGkEZc3TSW2xqYUoR,方法1,29,0.2339,23.39
d035c324a020e7948fe8,Method_5Q4KoXthUuYz3bvrTDFm,方法2,27,0.2177,21.77
d035c324a020e7948fe8,Method_BXr9AIsPQhwNvyGdZL57,方法3,27,0.2177,21.77
d035c324a020e7948fe8,Method_Cj9Ya2R7fZd6xs1q5mNQ,方法4,26,0.2097,20.97
d035c324a020e7948fe8,Method_gj1NLb4Jn7URf9K2kQPd,方法5,15,0.121,12.1
e43a0e28d5cd6b54a2af,Method_Cj9Ya2R7fZd6xs1q5mNQ,方法1,17,0.2267,22.67
e43a0e28d5cd6b54a2af,Method_gj1NLb4Jn7URf9K2kQPd,方法2,16,0.2133,21.33
e43a0e28d5cd6b54a2af,Method_m8vwGkEZc3TSW2xqYUoR,方法3,15,0.2,20.0
e43a0e28d5cd6b54a2af,Method_BXr9AIsPQhwNvyGdZL57,方法4,15,0.2,20.0
e43a0e28d5cd6b54a2af,Method_5Q4KoXthUuYz3bvrTDFm,方法5,12,0.16,16.0
3565d61f3efec69e611c,Method_5Q4KoXthUuYz3bvrTDFm,方法1,19,0.2603,26.03
3565d61f3efec69e611c,Method_gj1NLb4Jn7URf9K2kQPd,方法2,16,0.2192,21.92
3565d61f3efec69e611c,Method_Cj9Ya2R7fZd6xs1q5mNQ,方法3,14,0.1918,19.18
3565d61f3efec69e611c,Method_BXr9AIsPQhwNvyGdZL57,方法4,13,0.1781,17.81
3565d61f3efec69e611c,Method_m8vwGkEZc3TSW2xqYUoR,方法5,11,0.1507,15.07
e7feb8599ea5f596aeac,Method_BXr9AIsPQhwNvyGdZL57,方法1,26,0.2574,25.74
e7feb8599ea5f596aeac,Method_5Q4KoXthUuYz3bvrTDFm,方法2,22,0.2178,21.78
e7feb8599ea5f596aeac,Method_m8vwGkEZc3TSW2xqYUoR,方法3,19,0.1881,18.81
e7feb8599ea5f596aeac,Method_gj1NLb4Jn7URf9K2kQPd,方法4,17,0.1683,16.83
e7feb8599ea5f596aeac,Method_Cj9Ya2R7fZd6xs1q5mNQ,方法5,17,0.1683,16.83
8ca890875272aede0af5,Method_gj1NLb4Jn7URf9K2kQPd,方法1,25,0.2273,22.73
8ca890875272aede0af5,Method_Cj9Ya2R7fZd6xs1q5mNQ,方法2,24,0.2182,21.82
8ca890875272aede0af5,Method_BXr9AIsPQhwNvyGdZL57,方法3,23,0.2091,20.91
8ca890875272aede0af5,Method_5Q4KoXthUuYz3bvrTDFm,方法4,20,0.1818,18.18
8ca890875272aede0af5,Method_m8vwGkEZc3TSW2xqYUoR,方法5,18,0.1636,16.36
2150588a5903d9a77b79,Method_gj1NLb4Jn7URf9K2kQPd,方法1,32,0.2462,24.62
2150588a5903d9a77b79,Method_5Q4KoXthUuYz3bvrTDFm,方法2,32,0.2462,24.62
2150588a5903d9a77b79,Method_BXr9AIsPQhwNvyGdZL57,方法3,26,0.2,20.0
2150588a5903d9a77b79,Method_m8vwGkEZc3TSW2xqYUoR,方法4,22,0.1692,16.92
2150588a5903d9a77b79,Method_Cj9Ya2R7fZd6xs1q5mNQ,方法5,18,0.1385,13.85
e2d7ee3637149f7087b2,Method_BXr9AIsPQhwNvyGdZL57,方法1,41,0.2291,22.91
e2d7ee3637149f7087b2,Method_m8vwGkEZc3TSW2xqYUoR,方法2,39,0.2179,21.79
e2d7ee3637149f7087b2,Method_5Q4KoXthUuYz3bvrTDFm,方法3,35,0.1955,19.55
e2d7ee3637149f7087b2,Method_gj1NLb4Jn7URf9K2kQPd,方法4,33,0.1844,18.44
e2d7ee3637149f7087b2,Method_Cj9Ya2R7fZd6xs1q5mNQ,方法5,31,0.1732,17.32
bd8eb49a6b08f5e66a70,Method_gj1NLb4Jn7URf9K2kQPd,方法1,24,0.2376,23.76
bd8eb49a6b08f5e66a70,Method_BXr9AIsPQhwNvyGdZL57,方法2,23,0.2277,22.77
bd8eb49a6b08f5e66a70,Method_Cj9Ya2R7fZd6xs1q5mNQ,方法3,21,0.2079,20.79
bd8eb49a6b08f5e66a70,Method_m8vwGkEZc3TSW2xqYUoR,方法4,18,0.1782,17.82
bd8eb49a6b08f5e66a70,Method_5Q4KoXthUuYz3bvrTDFm,方法5,15,0.1485,14.85
915813ad1b5f1bbe2d6e,Method_m8vwGkEZc3TSW2xqYUoR,方法1,22,0.3143,31.43
915813ad1b5f1bbe2d6e,Method_Cj9Ya2R7fZd6xs1q5mNQ,方法2,17,0.2429,24.29
915813ad1b5f1bbe2d6e,Method_5Q4KoXthUuYz3bvrTDFm,方法3,15,0.2143,21.43
915813ad1b5f1bbe2d6e,Method_BXr9AIsPQhwNvyGdZL57,方法4,9,0.1286,12.86
915813ad1b5f1bbe2d6e,Method_gj1NLb4Jn7URf9K2kQPd,方法5,7,0.1,10.0
38357be0ab369a9ae942,Method_Cj9Ya2R7fZd6xs1q5mNQ,方法1,21,0.2333,23.33
38357be0ab369a9ae942,Method_gj1NLb4Jn7URf9K2kQPd,方法2,19,0.2111,21.11
38357be0ab369a9ae942,Method_m8vwGkEZc3TSW2xqYUoR,方法3,17,0.1889,18.89
38357be0ab369a9ae942,Method_5Q4KoXthUuYz3bvrTDFm,方法4,17,0.1889,18.89
38357be0ab369a9ae942,Method_BXr9AIsPQhwNvyGdZL57,方法5,16,0.1778,17.78
798ff22d126a0f8034ff,Method_gj1NLb4Jn7URf9K2kQPd,方法1,26,0.3095,30.95
798ff22d126a0f8034ff,Method_5Q4KoXthUuYz3bvrTDFm,方法2,21,0.25,25.0
798ff22d126a0f8034ff,Method_BXr9AIsPQhwNvyGdZL57,方法3,14,0.1667,16.67
798ff22d126a0f8034ff,Method_Cj9Ya2R7fZd6xs1q5mNQ,方法4,13,0.1548,15.48
798ff22d126a0f8034ff,Method_m8vwGkEZc3TSW2xqYUoR,方法5,10,0.119,11.9
4cb96f0d9108066442a8,Method_gj1NLb4Jn7URf9K2kQPd,方法1,21,0.2386,23.86
4cb96f0d9108066442a8,Method_m8vwGkEZc3TSW2xqYUoR,方法2,21,0.2386,23.86
4cb96f0d9108066442a8,Method_BXr9AIsPQhwNvyGdZL57,方法3,16,0.1818,18.18
4cb96f0d9108066442a8,Method_Cj9Ya2R7fZd6xs1q5mNQ,方法4,16,0.1818,18.18
4cb96f0d9108066442a8,Method_5Q4KoXthUuYz3bvrTDFm,方法5,14,0.1591,15.91
cfaac49f7cc94528ffa7,Method_m8vwGkEZc3TSW2xqYUoR,方法1,19,0.2568,25.68
cfaac49f7cc94528ffa7,Method_gj1NLb4Jn7URf9K2kQPd,方法2,16,0.2162,21.62
cfaac49f7cc94528ffa7,Method_BXr9AIsPQhwNvyGdZL57,方法3,14,0.1892,18.92
cfaac49f7cc94528ffa7,Method_5Q4KoXthUuYz3bvrTDFm,方法4,13,0.1757,17.57
cfaac49f7cc94528ffa7,Method_Cj9Ya2R7fZd6xs1q5mNQ,方法5,12,0.1622,16.22
89af2669cc93dc97f545,Method_5Q4KoXthUuYz3bvrTDFm,方法1,29,0.2479,24.79
89af2669cc93dc97f545,Method_Cj9Ya2R7fZd6xs1q5mNQ,方法2,28,0.2393,23.93
89af2669cc93dc97f545,Method_BXr9AIsPQhwNvyGdZL57,方法3,22,0.188,18.8
89af2669cc93dc97f545,Method_gj1NLb4Jn7URf9K2kQPd,方法4,20,0.1709,17.09
89af2669cc93dc97f545,Method_m8vwGkEZc3TSW2xqYUoR,方法5,18,0.1538,15.38
41abb1b9df74d29b7732,Method_m8vwGkEZc3TSW2xqYUoR,方法1,22,0.25,25.0
41abb1b9df74d29b7732,Method_5Q4KoXthUuYz3bvrTDFm,方法2,18,0.2045,20.45
41abb1b9df74d29b7732,Method_Cj9Ya2R7fZd6xs1q5mNQ,方法3,17,0.1932,19.32
41abb1b9df74d29b7732,Method_BXr9AIsPQhwNvyGdZL57,方法4,16,0.1818,18.18
41abb1b9df74d29b7732,Method_gj1NLb4Jn7URf9K2kQPd,方法5,15,0.1705,17.05
a5c03c57b0930cb5c2ac,Method_5Q4KoXthUuYz3bvrTDFm,方法1,14,0.2414,24.14
a5c03c57b0930cb5c2ac,Method_BXr9AIsPQhwNvyGdZL57,方法2,13,0.2241,22.41
a5c03c57b0930cb5c2ac,Method_m8vwGkEZc3TSW2xqYUoR,方法3,13,0.2241,22.41
a5c03c57b0930cb5c2ac,Method_gj1NLb4Jn7URf9K2kQPd,方法4,11,0.1897,18.97
a5c03c57b0930cb5c2ac,Method_Cj9Ya2R7fZd6xs1q5mNQ,方法5,7,0.1207,12.07
ef133c92e274a97b6eeb,Method_m8vwGkEZc3TSW2xqYUoR,方法1,17,0.2881,28.81
ef133c92e274a97b6eeb,Method_gj1NLb4Jn7URf9K2kQPd,方法2,12,0.2034,20.34
ef133c92e274a97b6eeb,Method_5Q4KoXthUuYz3bvrTDFm,方法3,10,0.1695,16.95
ef133c92e274a97b6eeb,Method_BXr9AIsPQhwNvyGdZL57,方法4,10,0.1695,16.95
ef133c92e274a97b6eeb,Method_Cj9Ya2R7fZd6xs1q5mNQ,方法5,10,0.1695,16.95
fnvhgnuqbir0drk8p1v2,Method_gj1NLb4Jn7URf9K2kQPd,方法1,22,0.2391,23.91
fnvhgnuqbir0drk8p1v2,Method_m8vwGkEZc3TSW2xqYUoR,方法2,21,0.2283,22.83
fnvhgnuqbir0drk8p1v2,Method_Cj9Ya2R7fZd6xs1q5mNQ,方法3,20,0.2174,21.74
fnvhgnuqbir0drk8p1v2,Method_5Q4KoXthUuYz3bvrTDFm,方法4,16,0.1739,17.39
fnvhgnuqbir0drk8p1v2,Method_BXr9AIsPQhwNvyGdZL57,方法5,13,0.1413,14.13
zse4s5wowlo5xntqyqb4,Method_Cj9Ya2R7fZd6xs1q5mNQ,方法1,35,0.2869,28.69
zse4s5wowlo5xntqyqb4,Method_5Q4KoXthUuYz3bvrTDFm,方法2,31,0.2541,25.41
zse4s5wowlo5xntqyqb4,Method_gj1NLb4Jn7URf9K2kQPd,方法3,21,0.1721,17.21
zse4s5wowlo5xntqyqb4,Method_BXr9AIsPQhwNvyGdZL57,方法4,18,0.1475,14.75
zse4s5wowlo5xntqyqb4,Method_m8vwGkEZc3TSW2xqYUoR,方法5,17,0.1393,13.93
wyhkcaf32y8h3707qzrz,Method_5Q4KoXthUuYz3bvrTDFm,方法1,27,0.2727,27.27
wyhkcaf32y8h3707qzrz,Method_m8vwGkEZc3TSW2xqYUoR,方法2,19,0.1919,19.19
wyhkcaf32y8h3707qzrz,Method_BXr9AIsPQhwNvyGdZL57,方法3,19,0.1919,19.19
wyhkcaf32y8h3707qzrz,Method_Cj9Ya2R7fZd6xs1q5mNQ,方法4,18,0.1818,18.18
wyhkcaf32y8h3707qzrz,Method_gj1NLb4Jn7URf9K2kQPd,方法5,16,0.1616,16.16
2egpenarap9h0a2k0bc5,Method_Cj9Ya2R7fZd6xs1q5mNQ,方法1,21,0.2211,22.11
2egpenarap9h0a2k0bc5,Method_gj1NLb4Jn7URf9K2kQPd,方法2,20,0.2105,21.05
2egpenarap9h0a2k0bc5,Method_m8vwGkEZc3TSW2xqYUoR,方法3,19,0.2,20.0
2egpenarap9h0a2k0bc5,Method_5Q4KoXthUuYz3bvrTDFm,方法4,18,0.1895,18.95
2egpenarap9h0a2k0bc5,Method_BXr9AIsPQhwNvyGdZL57,方法5,17,0.1789,17.89
cfi8t4xrx12m2lt4flwz,Method_gj1NLb4Jn7URf9K2kQPd,方法1,28,0.2745,27.45
cfi8t4xrx12m2lt4flwz,Method_Cj9Ya2R7fZd6xs1q5mNQ,方法2,25,0.2451,24.51
cfi8t4xrx12m2lt4flwz,Method_m8vwGkEZc3TSW2xqYUoR,方法3,18,0.1765,17.65
cfi8t4xrx12m2lt4flwz,Method_5Q4KoXthUuYz3bvrTDFm,方法4,16,0.1569,15.69
cfi8t4xrx12m2lt4flwz,Method_BXr9AIsPQhwNvyGdZL57,方法5,15,0.1471,14.71
t8sflynjwck4f650mtvp,Method_m8vwGkEZc3TSW2xqYUoR,方法1,25,0.2381,23.81
t8sflynjwck4f650mtvp,Method_BXr9AIsPQhwNvyGdZL57,方法2,23,0.219,21.9
t8sflynjwck4f650mtvp,Method_Cj9Ya2R7fZd6xs1q5mNQ,方法3,23,0.219,21.9
t8sflynjwck4f650mtvp,Method_5Q4KoXthUuYz3bvrTDFm,方法4,19,0.181,18.1
t8sflynjwck4f650mtvp,Method_gj1NLb4Jn7URf9K2kQPd,方法5,15,0.1429,14.29
pva49fsfcbexwz1crjvg,Method_Cj9Ya2R7fZd6xs1q5mNQ,方法1,22,0.2316,23.16
pva49fsfcbexwz1crjvg,Method_gj1NLb4Jn7URf9K2kQPd,方法2,20,0.2105,21.05
pva49fsfcbexwz1crjvg,Method_5Q4KoXthUuYz3bvrTDFm,方法3,18,0.1895,18.95
pva49fsfcbexwz1crjvg,Method_m8vwGkEZc3TSW2xqYUoR,方法4,18,0.1895,18.95
pva49fsfcbexwz1crjvg,Method_BXr9AIsPQhwNvyGdZL57,方法5,17,0.1789,17.89
lswzzwjmreuixxjqglhy,Method_Cj9Ya2R7fZd6xs1q5mNQ,方法1,23,0.2527,25.27
lswzzwjmreuixxjqglhy,Method_BXr9AIsPQhwNvyGdZL57,方法2,20,0.2198,21.98
lswzzwjmreuixxjqglhy,Method_m8vwGkEZc3TSW2xqYUoR,方法3,18,0.1978,19.78
lswzzwjmreuixxjqglhy,Method_5Q4KoXthUuYz3bvrTDFm,方法4,16,0.1758,17.58
lswzzwjmreuixxjqglhy,Method_gj1NLb4Jn7URf9K2kQPd,方法5,14,0.1538,15.38
votyzmo33yg7y89dag17,Method_m8vwGkEZc3TSW2xqYUoR,方法1,22,0.2366,23.66
votyzmo33yg7y89dag17,Method_gj1NLb4Jn7URf9K2kQPd,方法2,21,0.2258,22.58
votyzmo33yg7y89dag17,Method_5Q4KoXthUuYz3bvrTDFm,方法3,21,0.2258,22.58
votyzmo33yg7y89dag17,Method_Cj9Ya2R7fZd6xs1q5mNQ,方法4,15,0.1613,16.13
votyzmo33yg7y89dag17,Method_BXr9AIsPQhwNvyGdZL57,方法5,14,0.1505,15.05
cy2sv8kkoybje2okbll0,Method_Cj9Ya2R7fZd6xs1q5mNQ,方法1,26,0.25,25.0
cy2sv8kkoybje2okbll0,Method_5Q4KoXthUuYz3bvrTDFm,方法2,24,0.2308,23.08
cy2sv8kkoybje2okbll0,Method_gj1NLb4Jn7URf9K2kQPd,方法3,19,0.1827,18.27
cy2sv8kkoybje2okbll0,Method_m8vwGkEZc3TSW2xqYUoR,方法4,19,0.1827,18.27
cy2sv8kkoybje2okbll0,Method_BXr9AIsPQhwNvyGdZL57,方法5,16,0.1538,15.38
jsmqh4aa20rpfeqmyx4h,Method_m8vwGkEZc3TSW2xqYUoR,方法1,26,0.2653,26.53
jsmqh4aa20rpfeqmyx4h,Method_BXr9AIsPQhwNvyGdZL57,方法2,20,0.2041,20.41
jsmqh4aa20rpfeqmyx4h,Method_gj1NLb4Jn7URf9K2kQPd,方法3,19,0.1939,19.39
jsmqh4aa20rpfeqmyx4h,Method_5Q4KoXthUuYz3bvrTDFm,方法4,17,0.1735,17.35
jsmqh4aa20rpfeqmyx4h,Method_Cj9Ya2R7fZd6xs1q5mNQ,方法5,16,0.1633,16.33
ss27ig83t1pi1ztsy5w8,Method_m8vwGkEZc3TSW2xqYUoR,方法1,23,0.2473,24.73
ss27ig83t1pi1ztsy5w8,Method_Cj9Ya2R7fZd6xs1q5mNQ,方法2,20,0.2151,21.51
ss27ig83t1pi1ztsy5w8,Method_5Q4KoXthUuYz3bvrTDFm,方法3,20,0.2151,21.51
ss27ig83t1pi1ztsy5w8,Method_BXr9AIsPQhwNvyGdZL57,方法4,17,0.1828,18.28
ss27ig83t1pi1ztsy5w8,Method_gj1NLb4Jn7URf9K2kQPd,方法5,13,0.1398,13.98
7rzwry01x1n79a7rw5va,Method_Cj9Ya2R7fZd6xs1q5mNQ,方法1,28,0.2642,26.42
7rzwry01x1n79a7rw5va,Method_5Q4KoXthUuYz3bvrTDFm,方法2,23,0.217,21.7
7rzwry01x1n79a7rw5va,Method_gj1NLb4Jn7URf9K2kQPd,方法3,23,0.217,21.7
7rzwry01x1n79a7rw5va,Method_m8vwGkEZc3TSW2xqYUoR,方法4,16,0.1509,15.09
7rzwry01x1n79a7rw5va,Method_BXr9AIsPQhwNvyGdZL57,方法5,16,0.1509,15.09
yvyud23n1eara086vntf,Method_Cj9Ya2R7fZd6xs1q5mNQ,方法1,23,0.2347,23.47
yvyud23n1eara086vntf,Method_m8vwGkEZc3TSW2xqYUoR,方法2,20,0.2041,20.41
yvyud23n1eara086vntf,Method_gj1NLb4Jn7URf9K2kQPd,方法3,20,0.2041,20.41
yvyud23n1eara086vntf,Method_5Q4KoXthUuYz3bvrTDFm,方法4,18,0.1837,18.37
yvyud23n1eara086vntf,Method_BXr9AIsPQhwNvyGdZL57,方法5,17,0.1735,17.35
9btb3ax7qaitktvbvn8g,Method_Cj9Ya2R7fZd6xs1q5mNQ,方法1,27,0.2673,26.73
9btb3ax7qaitktvbvn8g,Method_gj1NLb4Jn7URf9K2kQPd,方法2,24,0.2376,23.76
9btb3ax7qaitktvbvn8g,Method_5Q4KoXthUuYz3bvrTDFm,方法3,19,0.1881,18.81
9btb3ax7qaitktvbvn8g,Method_m8vwGkEZc3TSW2xqYUoR,方法4,18,0.1782,17.82
9btb3ax7qaitktvbvn8g,Method_BXr9AIsPQhwNvyGdZL57,方法5,13,0.1287,12.87
vrx3ianblcyuixzmhzl2,Method_m8vwGkEZc3TSW2xqYUoR,方法1,32,0.2963,29.63
vrx3ianblcyuixzmhzl2,Method_gj1NLb4Jn7URf9K2kQPd,方法2,22,0.2037,20.37
vrx3ianblcyuixzmhzl2,Method_5Q4KoXthUuYz3bvrTDFm,方法3,21,0.1944,19.44
vrx3ianblcyuixzmhzl2,Method_Cj9Ya2R7fZd6xs1q5mNQ,方法4,20,0.1852,18.52
vrx3ianblcyuixzmhzl2,Method_BXr9AIsPQhwNvyGdZL57,方法5,13,0.1204,12.04
qmf8702zbahi9083s7aq,Method_gj1NLb4Jn7URf9K2kQPd,方法1,22,0.2316,23.16
qmf8702zbahi9083s7aq,Method_Cj9Ya2R7fZd6xs1q5mNQ,方法2,21,0.2211,22.11
qmf8702zbahi9083s7aq,Method_5Q4KoXthUuYz3bvrTDFm,方法3,20,0.2105,21.05
qmf8702zbahi9083s7aq,Method_BXr9AIsPQhwNvyGdZL57,方法4,20,0.2105,21.05
qmf8702zbahi9083s7aq,Method_m8vwGkEZc3TSW2xqYUoR,方法5,12,0.1263,12.63
13nq2h723zixyhir01lf,Method_5Q4KoXthUuYz3bvrTDFm,方法1,29,0.2437,24.37
13nq2h723zixyhir01lf,Method_gj1NLb4Jn7URf9K2kQPd,方法2,26,0.2185,21.85
13nq2h723zixyhir01lf,Method_BXr9AIsPQhwNvyGdZL57,方法3,23,0.1933,19.33
13nq2h723zixyhir01lf,Method_m8vwGkEZc3TSW2xqYUoR,方法4,22,0.1849,18.49
13nq2h723zixyhir01lf,Method_Cj9Ya2R7fZd6xs1q5mNQ,方法5,19,0.1597,15.97
ta1gbqs6pw15bx0jb5on,Method_Cj9Ya2R7fZd6xs1q5mNQ,方法1,20,0.2105,21.05
ta1gbqs6pw15bx0jb5on,Method_gj1NLb4Jn7URf9K2kQPd,方法2,20,0.2105,21.05
ta1gbqs6pw15bx0jb5on,Method_5Q4KoXthUuYz3bvrTDFm,方法3,19,0.2,20.0
ta1gbqs6pw15bx0jb5on,Method_BXr9AIsPQhwNvyGdZL57,方法4,18,0.1895,18.95
ta1gbqs6pw15bx0jb5on,Method_m8vwGkEZc3TSW2xqYUoR,方法5,18,0.1895,18.95
jhmn3s11l13woe6jy3zg,Method_m8vwGkEZc3TSW2xqYUoR,方法1,27,0.2269,22.69
jhmn3s11l13woe6jy3zg,Method_BXr9AIsPQhwNvyGdZL57,方法2,24,0.2017,20.17
jhmn3s11l13woe6jy3zg,Method_5Q4KoXthUuYz3bvrTDFm,方法3,24,0.2017,20.17
jhmn3s11l13woe6jy3zg,Method_Cj9Ya2R7fZd6xs1q5mNQ,方法4,22,0.1849,18.49
jhmn3s11l13woe6jy3zg,Method_gj1NLb4Jn7URf9K2kQPd,方法5,22,0.1849,18.49
w0u7vzowm7eimiupvmm3,Method_Cj9Ya2R7fZd6xs1q5mNQ,方法1,28,0.2435,24.35
w0u7vzowm7eimiupvmm3,Method_5Q4KoXthUuYz3bvrTDFm,方法2,27,0.2348,23.48
w0u7vzowm7eimiupvmm3,Method_BXr9AIsPQhwNvyGdZL57,方法3,23,0.2,20.0
w0u7vzowm7eimiupvmm3,Method_gj1NLb4Jn7URf9K2kQPd,方法4,19,0.1652,16.52
w0u7vzowm7eimiupvmm3,Method_m8vwGkEZc3TSW2xqYUoR,方法5,18,0.1565,15.65
2h9c9tdsnoz1hyzo5frt,Method_Cj9Ya2R7fZd6xs1q5mNQ,方法1,31,0.2696,26.96
2h9c9tdsnoz1hyzo5frt,Method_m8vwGkEZc3TSW2xqYUoR,方法2,28,0.2435,24.35
2h9c9tdsnoz1hyzo5frt,Method_gj1NLb4Jn7URf9K2kQPd,方法3,20,0.1739,17.39
2h9c9tdsnoz1hyzo5frt,Method_BXr9AIsPQhwNvyGdZL57,方法4,19,0.1652,16.52
2h9c9tdsnoz1hyzo5frt,Method_5Q4KoXthUuYz3bvrTDFm,方法5,17,0.1478,14.78
vou4hlfvp8hv0r4odzq6,Method_5Q4KoXthUuYz3bvrTDFm,方法1,22,0.2268,22.68
vou4hlfvp8hv0r4odzq6,Method_Cj9Ya2R7fZd6xs1q5mNQ,方法2,21,0.2165,21.65
vou4hlfvp8hv0r4odzq6,Method_BXr9AIsPQhwNvyGdZL57,方法3,20,0.2062,20.62
vou4hlfvp8hv0r4odzq6,Method_m8vwGkEZc3TSW2xqYUoR,方法4,17,0.1753,17.53
vou4hlfvp8hv0r4odzq6,Method_gj1NLb4Jn7URf9K2kQPd,方法5,17,0.1753,17.53
6g7c63m95z8acd3vx5ct,Method_BXr9AIsPQhwNvyGdZL57,方法1,23,0.2473,24.73
6g7c63m95z8acd3vx5ct,Method_Cj9Ya2R7fZd6xs1q5mNQ,方法2,22,0.2366,23.66
6g7c63m95z8acd3vx5ct,Method_gj1NLb4Jn7URf9K2kQPd,方法3,21,0.2258,22.58
6g7c63m95z8acd3vx5ct,Method_m8vwGkEZc3TSW2xqYUoR,方法4,15,0.1613,16.13
6g7c63m95z8acd3vx5ct,Method_5Q4KoXthUuYz3bvrTDFm,方法5,12,0.129,12.9
te17utf5x961ldgs8zwn,Method_5Q4KoXthUuYz3bvrTDFm,方法1,26,0.2476,24.76
te17utf5x961ldgs8zwn,Method_Cj9Ya2R7fZd6xs1q5mNQ,方法2,23,0.219,21.9
te17utf5x961ldgs8zwn,Method_BXr9AIsPQhwNvyGdZL57,方法3,21,0.2,20.0
te17utf5x961ldgs8zwn,Method_gj1NLb4Jn7URf9K2kQPd,方法4,19,0.181,18.1
te17utf5x961ldgs8zwn,Method_m8vwGkEZc3TSW2xqYUoR,方法5,16,0.1524,15.24
csvv3l0saxxx6pax18c3,Method_gj1NLb4Jn7URf9K2kQPd,方法1,22,0.2444,24.44
csvv3l0saxxx6pax18c3,Method_BXr9AIsPQhwNvyGdZL57,方法2,20,0.2222,22.22
csvv3l0saxxx6pax18c3,Method_m8vwGkEZc3TSW2xqYUoR,方法3,19,0.2111,21.11
csvv3l0saxxx6pax18c3,Method_5Q4KoXthUuYz3bvrTDFm,方法4,17,0.1889,18.89
csvv3l0saxxx6pax18c3,Method_Cj9Ya2R7fZd6xs1q5mNQ,方法5,12,0.1333,13.33
kg28tppvvsvr918dkvlb,Method_m8vwGkEZc3TSW2xqYUoR,方法1,22,0.2444,24.44
kg28tppvvsvr918dkvlb,Method_5Q4KoXthUuYz3bvrTDFm,方法2,19,0.2111,21.11
kg28tppvvsvr918dkvlb,Method_BXr9AIsPQhwNvyGdZL57,方法3,18,0.2,20.0
kg28tppvvsvr918dkvlb,Method_Cj9Ya2R7fZd6xs1q5mNQ,方法4,16,0.1778,17.78
kg28tppvvsvr918dkvlb,Method_gj1NLb4Jn7URf9K2kQPd,方法5,15,0.1667,16.67
28tmrs0kyrrh1odyvf21,Method_5Q4KoXthUuYz3bvrTDFm,方法1,24,0.2202,22.02
28tmrs0kyrrh1odyvf21,Method_m8vwGkEZc3TSW2xqYUoR,方法2,23,0.211,21.1
28tmrs0kyrrh1odyvf21,Method_BXr9AIsPQhwNvyGdZL57,方法3,23,0.211,21.1
28tmrs0kyrrh1odyvf21,Method_gj1NLb4Jn7URf9K2kQPd,方法4,21,0.1927,19.27
28tmrs0kyrrh1odyvf21,Method_Cj9Ya2R7fZd6xs1q5mNQ,方法5,18,0.1651,16.51
l82rq4xaymt7t5uytax9,Method_5Q4KoXthUuYz3bvrTDFm,方法1,25,0.25,25.0
l82rq4xaymt7t5uytax9,Method_Cj9Ya2R7fZd6xs1q5mNQ,方法2,21,0.21,21.0
l82rq4xaymt7t5uytax9,Method_m8vwGkEZc3TSW2xqYUoR,方法3,19,0.19,19.0
l82rq4xaymt7t5uytax9,Method_gj1NLb4Jn7URf9K2kQPd,方法4,19,0.19,19.0
l82rq4xaymt7t5uytax9,Method_BXr9AIsPQhwNvyGdZL57,方法5,16,0.16,16.0
jb3fqd2b9oyprn83h646,Method_Cj9Ya2R7fZd6xs1q5mNQ,方法1,23,0.2421,24.21
jb3fqd2b9oyprn83h646,Method_5Q4KoXthUuYz3bvrTDFm,方法2,20,0.2105,21.05
jb3fqd2b9oyprn83h646,Method_BXr9AIsPQhwNvyGdZL57,方法3,18,0.1895,18.95
jb3fqd2b9oyprn83h646,Method_gj1NLb4Jn7URf9K2kQPd,方法4,18,0.1895,18.95
jb3fqd2b9oyprn83h646,Method_m8vwGkEZc3TSW2xqYUoR,方法5,16,0.1684,16.84
oyaoqkf2b1we4b67bv8l,Method_Cj9Ya2R7fZd6xs1q5mNQ,方法1,26,0.2407,24.07
oyaoqkf2b1we4b67bv8l,Method_m8vwGkEZc3TSW2xqYUoR,方法2,24,0.2222,22.22
oyaoqkf2b1we4b67bv8l,Method_BXr9AIsPQhwNvyGdZL57,方法3,23,0.213,21.3
oyaoqkf2b1we4b67bv8l,Method_gj1NLb4Jn7URf9K2kQPd,方法4,18,0.1667,16.67
oyaoqkf2b1we4b67bv8l,Method_5Q4KoXthUuYz3bvrTDFm,方法5,17,0.1574,15.74
l2yv9tvvcakn7ikerccy,Method_m8vwGkEZc3TSW2xqYUoR,方法1,20,0.2353,23.53
l2yv9tvvcakn7ikerccy,Method_Cj9Ya2R7fZd6xs1q5mNQ,方法2,18,0.2118,21.18
l2yv9tvvcakn7ikerccy,Method_5Q4KoXthUuYz3bvrTDFm,方法3,18,0.2118,21.18
l2yv9tvvcakn7ikerccy,Method_BXr9AIsPQhwNvyGdZL57,方法4,15,0.1765,17.65
l2yv9tvvcakn7ikerccy,Method_gj1NLb4Jn7URf9K2kQPd,方法5,14,0.1647,16.47
xz7x7kwsn26marn29mag,Method_Cj9Ya2R7fZd6xs1q5mNQ,方法1,30,0.2857,28.57
xz7x7kwsn26marn29mag,Method_m8vwGkEZc3TSW2xqYUoR,方法2,23,0.219,21.9
xz7x7kwsn26marn29mag,Method_BXr9AIsPQhwNvyGdZL57,方法3,21,0.2,20.0
xz7x7kwsn26marn29mag,Method_gj1NLb4Jn7URf9K2kQPd,方法4,19,0.181,18.1
xz7x7kwsn26marn29mag,Method_5Q4KoXthUuYz3bvrTDFm,方法5,12,0.1143,11.43
qg0soq1i1uy7yndj17gd,Method_Cj9Ya2R7fZd6xs1q5mNQ,方法1,22,0.2444,24.44
qg0soq1i1uy7yndj17gd,Method_gj1NLb4Jn7URf9K2kQPd,方法2,21,0.2333,23.33
qg0soq1i1uy7yndj17gd,Method_m8vwGkEZc3TSW2xqYUoR,方法3,17,0.1889,18.89
qg0soq1i1uy7yndj17gd,Method_5Q4KoXthUuYz3bvrTDFm,方法4,17,0.1889,18.89
qg0soq1i1uy7yndj17gd,Method_BXr9AIsPQhwNvyGdZL57,方法5,13,0.1444,14.44
8ivuhc6n7pr63b39dupt,Method_5Q4KoXthUuYz3bvrTDFm,方法1,25,0.2551,25.51
8ivuhc6n7pr63b39dupt,Method_m8vwGkEZc3TSW2xqYUoR,方法2,24,0.2449,24.49
8ivuhc6n7pr63b39dupt,Method_gj1NLb4Jn7URf9K2kQPd,方法3,24,0.2449,24.49
8ivuhc6n7pr63b39dupt,Method_BXr9AIsPQhwNvyGdZL57,方法4,15,0.1531,15.31
8ivuhc6n7pr63b39dupt,Method_Cj9Ya2R7fZd6xs1q5mNQ,方法5,10,0.102,10.2
139429592a9c23c08b71,Method_BXr9AIsPQhwNvyGdZL57,方法1,21,0.2625,26.25
139429592a9c23c08b71,Method_m8vwGkEZc3TSW2xqYUoR,方法2,16,0.2,20.0
139429592a9c23c08b71,Method_5Q4KoXthUuYz3bvrTDFm,方法3,15,0.1875,18.75
139429592a9c23c08b71,Method_gj1NLb4Jn7URf9K2kQPd,方法4,15,0.1875,18.75
139429592a9c23c08b71,Method_Cj9Ya2R7fZd6xs1q5mNQ,方法5,13,0.1625,16.25
b217bae3c84d59dde71f,Method_Cj9Ya2R7fZd6xs1q5mNQ,方法1,25,0.2212,22.12
b217bae3c84d59dde71f,Method_BXr9AIsPQhwNvyGdZL57,方法2,25,0.2212,22.12
b217bae3c84d59dde71f,Method_5Q4KoXthUuYz3bvrTDFm,方法3,23,0.2035,20.35
b217bae3c84d59dde71f,Method_gj1NLb4Jn7URf9K2kQPd,方法4,22,0.1947,19.47
b217bae3c84d59dde71f,Method_m8vwGkEZc3TSW2xqYUoR,方法5,18,0.1593,15.93
e50db74322430aa289b1,Method_BXr9AIsPQhwNvyGdZL57,方法1,28,0.2295,22.95
e50db74322430aa289b1,Method_gj1NLb4Jn7URf9K2kQPd,方法2,26,0.2131,21.31
e50db74322430aa289b1,Method_m8vwGkEZc3TSW2xqYUoR,方法3,25,0.2049,20.49
e50db74322430aa289b1,Method_Cj9Ya2R7fZd6xs1q5mNQ,方法4,23,0.1885,18.85
e50db74322430aa289b1,Method_5Q4KoXthUuYz3bvrTDFm,方法5,20,0.1639,16.39
4388d48ebff4cf866ecd,Method_m8vwGkEZc3TSW2xqYUoR,方法1,21,0.2917,29.17
4388d48ebff4cf866ecd,Method_BXr9AIsPQhwNvyGdZL57,方法2,18,0.25,25.0
4388d48ebff4cf866ecd,Method_gj1NLb4Jn7URf9K2kQPd,方法3,14,0.1944,19.44
4388d48ebff4cf866ecd,Method_5Q4KoXthUuYz3bvrTDFm,方法4,10,0.1389,13.89
4388d48ebff4cf866ecd,Method_Cj9Ya2R7fZd6xs1q5mNQ,方法5,9,0.125,12.5
cef765c4375252a6029b,Method_Cj9Ya2R7fZd6xs1q5mNQ,方法1,23,0.2771,27.71
cef765c4375252a6029b,Method_m8vwGkEZc3TSW2xqYUoR,方法2,17,0.2048,20.48
cef765c4375252a6029b,Method_gj1NLb4Jn7URf9K2kQPd,方法3,17,0.2048,20.48
cef765c4375252a6029b,Method_5Q4KoXthUuYz3bvrTDFm,方法4,13,0.1566,15.66
cef765c4375252a6029b,Method_BXr9AIsPQhwNvyGdZL57,方法5,13,0.1566,15.66
3ac65fbc295f5fbd2ff7,Method_m8vwGkEZc3TSW2xqYUoR,方法1,25,0.2809,28.09
3ac65fbc295f5fbd2ff7,Method_BXr9AIsPQhwNvyGdZL57,方法2,19,0.2135,21.35
3ac65fbc295f5fbd2ff7,Method_Cj9Ya2R7fZd6xs1q5mNQ,方法3,16,0.1798,17.98
3ac65fbc295f5fbd2ff7,Method_gj1NLb4Jn7URf9K2kQPd,方法4,16,0.1798,17.98
3ac65fbc295f5fbd2ff7,Method_5Q4KoXthUuYz3bvrTDFm,方法5,13,0.1461,14.61
e73ae5f649c6f52b3fb1,Method_5Q4KoXthUuYz3bvrTDFm,方法1,26,0.2203,22.03
e73ae5f649c6f52b3fb1,Method_m8vwGkEZc3TSW2xqYUoR,方法2,25,0.2119,21.19
e73ae5f649c6f52b3fb1,Method_BXr9AIsPQhwNvyGdZL57,方法3,23,0.1949,19.49
e73ae5f649c6f52b3fb1,Method_Cj9Ya2R7fZd6xs1q5mNQ,方法4,23,0.1949,19.49
e73ae5f649c6f52b3fb1,Method_gj1NLb4Jn7URf9K2kQPd,方法5,21,0.178,17.8
b57bc31cac59b3d26216,Method_Cj9Ya2R7fZd6xs1q5mNQ,方法1,107,0.2281,22.81
b57bc31cac59b3d26216,Method_gj1NLb4Jn7URf9K2kQPd,方法2,96,0.2047,20.47
b57bc31cac59b3d26216,Method_5Q4KoXthUuYz3bvrTDFm,方法3,92,0.1962,19.62
b57bc31cac59b3d26216,Method_BXr9AIsPQhwNvyGdZL57,方法4,92,0.1962,19.62
b57bc31cac59b3d26216,Method_m8vwGkEZc3TSW2xqYUoR,方法5,82,0.1748,17.48
132c90d4a027a4477ad0,Method_Cj9Ya2R7fZd6xs1q5mNQ,方法1,26,0.243,24.3
132c90d4a027a4477ad0,Method_gj1NLb4Jn7URf9K2kQPd,方法2,26,0.243,24.3
132c90d4a027a4477ad0,Method_5Q4KoXthUuYz3bvrTDFm,方法3,20,0.1869,18.69
132c90d4a027a4477ad0,Method_BXr9AIsPQhwNvyGdZL57,方法4,18,0.1682,16.82
132c90d4a027a4477ad0,Method_m8vwGkEZc3TSW2xqYUoR,方法5,17,0.1589,15.89
33c123d08dc07edb50f9,Method_gj1NLb4Jn7URf9K2kQPd,方法1,18,0.3051,30.51
33c123d08dc07edb50f9,Method_Cj9Ya2R7fZd6xs1q5mNQ,方法2,14,0.2373,23.73
33c123d08dc07edb50f9,Method_BXr9AIsPQhwNvyGdZL57,方法3,10,0.1695,16.95
33c123d08dc07edb50f9,Method_m8vwGkEZc3TSW2xqYUoR,方法4,9,0.1525,15.25
33c123d08dc07edb50f9,Method_5Q4KoXthUuYz3bvrTDFm,方法5,8,0.1356,13.56
9f447b50d5788f7b4d0a,Method_BXr9AIsPQhwNvyGdZL57,方法1,21,0.236,23.6
9f447b50d5788f7b4d0a,Method_Cj9Ya2R7fZd6xs1q5mNQ,方法2,20,0.2247,22.47
9f447b50d5788f7b4d0a,Method_gj1NLb4Jn7URf9K2kQPd,方法3,20,0.2247,22.47
9f447b50d5788f7b4d0a,Method_5Q4KoXthUuYz3bvrTDFm,方法4,16,0.1798,17.98
9f447b50d5788f7b4d0a,Method_m8vwGkEZc3TSW2xqYUoR,方法5,12,0.1348,13.48
23f1f5d3d90e2890a423,Method_5Q4KoXthUuYz3bvrTDFm,方法1,50,0.2564,25.64
23f1f5d3d90e2890a423,Method_gj1NLb4Jn7URf9K2kQPd,方法2,38,0.1949,19.49
23f1f5d3d90e2890a423,Method_BXr9AIsPQhwNvyGdZL57,方法3,37,0.1897,18.97
23f1f5d3d90e2890a423,Method_Cj9Ya2R7fZd6xs1q5mNQ,方法4,36,0.1846,18.46
23f1f5d3d90e2890a423,Method_m8vwGkEZc3TSW2xqYUoR,方法5,34,0.1744,17.44
34aaaa47df8c4aa4d926,Method_BXr9AIsPQhwNvyGdZL57,方法1,41,0.2343,23.43
34aaaa47df8c4aa4d926,Method_gj1NLb4Jn7URf9K2kQPd,方法2,38,0.2171,21.71
34aaaa47df8c4aa4d926,Method_m8vwGkEZc3TSW2xqYUoR,方法3,35,0.2,20.0
34aaaa47df8c4aa4d926,Method_Cj9Ya2R7fZd6xs1q5mNQ,方法4,32,0.1829,18.29
34aaaa47df8c4aa4d926,Method_5Q4KoXthUuYz3bvrTDFm,方法5,29,0.1657,16.57
875704a45c0214c68eae,Method_5Q4KoXthUuYz3bvrTDFm,方法1,37,0.2552,25.52
875704a45c0214c68eae,Method_m8vwGkEZc3TSW2xqYUoR,方法2,32,0.2207,22.07
875704a45c0214c68eae,Method_BXr9AIsPQhwNvyGdZL57,方法3,29,0.2,20.0
875704a45c0214c68eae,Method_Cj9Ya2R7fZd6xs1q5mNQ,方法4,24,0.1655,16.55
875704a45c0214c68eae,Method_gj1NLb4Jn7URf9K2kQPd,方法5,23,0.1586,15.86
c5c5e10586e94f96fe95,Method_m8vwGkEZc3TSW2xqYUoR,方法1,42,0.2414,24.14
c5c5e10586e94f96fe95,Method_5Q4KoXthUuYz3bvrTDFm,方法2,38,0.2184,21.84
c5c5e10586e94f96fe95,Method_Cj9Ya2R7fZd6xs1q5mNQ,方法3,36,0.2069,20.69
c5c5e10586e94f96fe95,Method_gj1NLb4Jn7URf9K2kQPd,方法4,33,0.1897,18.97
c5c5e10586e94f96fe95,Method_BXr9AIsPQhwNvyGdZL57,方法5,25,0.1437,14.37
2a003b122e9500e465c4,Method_Cj9Ya2R7fZd6xs1q5mNQ,方法1,27,0.2126,21.26
2a003b122e9500e465c4,Method_m8vwGkEZc3TSW2xqYUoR,方法2,27,0.2126,21.26
2a003b122e9500e465c4,Method_BXr9AIsPQhwNvyGdZL57,方法3,26,0.2047,20.47
2a003b122e9500e465c4,Method_5Q4KoXthUuYz3bvrTDFm,方法4,24,0.189,18.9
2a003b122e9500e465c4,Method_gj1NLb4Jn7URf9K2kQPd,方法5,23,0.1811,18.11
533bc4c6716035e694ac,Method_BXr9AIsPQhwNvyGdZL57,方法1,38,0.2484,24.84
533bc4c6716035e694ac,Method_m8vwGkEZc3TSW2xqYUoR,方法2,33,0.2157,21.57
533bc4c6716035e694ac,Method_5Q4KoXthUuYz3bvrTDFm,方法3,30,0.1961,19.61
533bc4c6716035e694ac,Method_gj1NLb4Jn7URf9K2kQPd,方法4,27,0.1765,17.65
533bc4c6716035e694ac,Method_Cj9Ya2R7fZd6xs1q5mNQ,方法5,25,0.1634,16.34
a624e4f6e0a8f026cba9,Method_gj1NLb4Jn7URf9K2kQPd,方法1,20,0.2817,28.17
a624e4f6e0a8f026cba9,Method_5Q4KoXthUuYz3bvrTDFm,方法2,16,0.2254,22.54
a624e4f6e0a8f026cba9,Method_m8vwGkEZc3TSW2xqYUoR,方法3,13,0.1831,18.31
a624e4f6e0a8f026cba9,Method_Cj9Ya2R7fZd6xs1q5mNQ,方法4,11,0.1549,15.49
a624e4f6e0a8f026cba9,Method_BXr9AIsPQhwNvyGdZL57,方法5,11,0.1549,15.49
7509bbe0d23fe15928ba,Method_Cj9Ya2R7fZd6xs1q5mNQ,方法1,29,0.3021,30.21
7509bbe0d23fe15928ba,Method_m8vwGkEZc3TSW2xqYUoR,方法2,22,0.2292,22.92
7509bbe0d23fe15928ba,Method_5Q4KoXthUuYz3bvrTDFm,方法3,16,0.1667,16.67
7509bbe0d23fe15928ba,Method_BXr9AIsPQhwNvyGdZL57,方法4,16,0.1667,16.67
7509bbe0d23fe15928ba,Method_gj1NLb4Jn7URf9K2kQPd,方法5,13,0.1354,13.54
eb93cedc17b4eac76750,Method_gj1NLb4Jn7URf9K2kQPd,方法1,33,0.25,25.0
eb93cedc17b4eac76750,Method_BXr9AIsPQhwNvyGdZL57,方法2,30,0.2273,22.73
eb93cedc17b4eac76750,Method_5Q4KoXthUuYz3bvrTDFm,方法3,28,0.2121,21.21
eb93cedc17b4eac76750,Method_Cj9Ya2R7fZd6xs1q5mNQ,方法4,24,0.1818,18.18
eb93cedc17b4eac76750,Method_m8vwGkEZc3TSW2xqYUoR,方法5,17,0.1288,12.88
1feef8b4129f5bf21e67,Method_m8vwGkEZc3TSW2xqYUoR,方法1,25,0.2336,23.36
1feef8b4129f5bf21e67,Method_Cj9Ya2R7fZd6xs1q5mNQ,方法2,25,0.2336,23.36
1feef8b4129f5bf21e67,Method_5Q4KoXthUuYz3bvrTDFm,方法3,25,0.2336,23.36
1feef8b4129f5bf21e67,Method_BXr9AIsPQhwNvyGdZL57,方法4,17,0.1589,15.89
1feef8b4129f5bf21e67,Method_gj1NLb4Jn7URf9K2kQPd,方法5,15,0.1402,14.02
951d2aca1b8a1c336908,Method_BXr9AIsPQhwNvyGdZL57,方法1,38,0.2171,21.71
951d2aca1b8a1c336908,Method_5Q4KoXthUuYz3bvrTDFm,方法2,38,0.2171,21.71
951d2aca1b8a1c336908,Method_m8vwGkEZc3TSW2xqYUoR,方法3,36,0.2057,20.57
951d2aca1b8a1c336908,Method_Cj9Ya2R7fZd6xs1q5mNQ,方法4,34,0.1943,19.43
951d2aca1b8a1c336908,Method_gj1NLb4Jn7URf9K2kQPd,方法5,29,0.1657,16.57
49b95110a8c59f6b6c58,Method_5Q4KoXthUuYz3bvrTDFm,方法1,53,0.2819,28.19
49b95110a8c59f6b6c58,Method_gj1NLb4Jn7URf9K2kQPd,方法2,42,0.2234,22.34
49b95110a8c59f6b6c58,Method_BXr9AIsPQhwNvyGdZL57,方法3,34,0.1809,18.09
49b95110a8c59f6b6c58,Method_m8vwGkEZc3TSW2xqYUoR,方法4,31,0.1649,16.49
49b95110a8c59f6b6c58,Method_Cj9Ya2R7fZd6xs1q5mNQ,方法5,28,0.1489,14.89
b8c0c68e7f1220949deb,Method_BXr9AIsPQhwNvyGdZL57,方法1,21,0.2917,29.17
b8c0c68e7f1220949deb,Method_5Q4KoXthUuYz3bvrTDFm,方法2,16,0.2222,22.22
b8c0c68e7f1220949deb,Method_Cj9Ya2R7fZd6xs1q5mNQ,方法3,13,0.1806,18.06
b8c0c68e7f1220949deb,Method_m8vwGkEZc3TSW2xqYUoR,方法4,12,0.1667,16.67
b8c0c68e7f1220949deb,Method_gj1NLb4Jn7URf9K2kQPd,方法5,10,0.1389,13.89
451b0095938a3c54efc4,Method_m8vwGkEZc3TSW2xqYUoR,方法1,24,0.2667,26.67
451b0095938a3c54efc4,Method_BXr9AIsPQhwNvyGdZL57,方法2,22,0.2444,24.44
451b0095938a3c54efc4,Method_Cj9Ya2R7fZd6xs1q5mNQ,方法3,19,0.2111,21.11
451b0095938a3c54efc4,Method_gj1NLb4Jn7URf9K2kQPd,方法4,14,0.1556,15.56
451b0095938a3c54efc4,Method_5Q4KoXthUuYz3bvrTDFm,方法5,11,0.1222,12.22
e4c80506c14da4ad563d,Method_BXr9AIsPQhwNvyGdZL57,方法1,27,0.2477,24.77
e4c80506c14da4ad563d,Method_Cj9Ya2R7fZd6xs1q5mNQ,方法2,24,0.2202,22.02
e4c80506c14da4ad563d,Method_gj1NLb4Jn7URf9K2kQPd,方法3,23,0.211,21.1
e4c80506c14da4ad563d,Method_m8vwGkEZc3TSW2xqYUoR,方法4,18,0.1651,16.51
e4c80506c14da4ad563d,Method_5Q4KoXthUuYz3bvrTDFm,方法5,17,0.156,15.6
25019b8f1c3ac537894b,Method_Cj9Ya2R7fZd6xs1q5mNQ,方法1,21,0.2308,23.08
25019b8f1c3ac537894b,Method_m8vwGkEZc3TSW2xqYUoR,方法2,21,0.2308,23.08
25019b8f1c3ac537894b,Method_BXr9AIsPQhwNvyGdZL57,方法3,18,0.1978,19.78
25019b8f1c3ac537894b,Method_gj1NLb4Jn7URf9K2kQPd,方法4,18,0.1978,19.78
25019b8f1c3ac537894b,Method_5Q4KoXthUuYz3bvrTDFm,方法5,13,0.1429,14.29
4884f3bdc068ef01e042,Method_m8vwGkEZc3TSW2xqYUoR,方法1,65,0.2434,24.34
4884f3bdc068ef01e042,Method_Cj9Ya2R7fZd6xs1q5mNQ,方法2,61,0.2285,22.85
4884f3bdc068ef01e042,Method_5Q4KoXthUuYz3bvrTDFm,方法3,49,0.1835,18.35
4884f3bdc068ef01e042,Method_gj1NLb4Jn7URf9K2kQPd,方法4,48,0.1798,17.98
4884f3bdc068ef01e042,Method_BXr9AIsPQhwNvyGdZL57,方法5,44,0.1648,16.48
b43532c7a35b6aedd478,Method_BXr9AIsPQhwNvyGdZL57,方法1,12,0.2353,23.53
b43532c7a35b6aedd478,Method_m8vwGkEZc3TSW2xqYUoR,方法2,11,0.2157,21.57
b43532c7a35b6aedd478,Method_5Q4KoXthUuYz3bvrTDFm,方法3,10,0.1961,19.61
b43532c7a35b6aedd478,Method_gj1NLb4Jn7URf9K2kQPd,方法4,10,0.1961,19.61
b43532c7a35b6aedd478,Method_Cj9Ya2R7fZd6xs1q5mNQ,方法5,8,0.1569,15.69
f9c641e9c05c243a751e,Method_5Q4KoXthUuYz3bvrTDFm,方法1,32,0.237,23.7
f9c641e9c05c243a751e,Method_BXr9AIsPQhwNvyGdZL57,方法2,28,0.2074,20.74
f9c641e9c05c243a751e,Method_Cj9Ya2R7fZd6xs1q5mNQ,方法3,26,0.1926,19.26
f9c641e9c05c243a751e,Method_gj1NLb4Jn7URf9K2kQPd,方法4,25,0.1852,18.52
f9c641e9c05c243a751e,Method_m8vwGkEZc3TSW2xqYUoR,方法5,24,0.1778,17.78
960bf72352d4f58ad083,Method_gj1NLb4Jn7URf9K2kQPd,方法1,33,0.2519,25.19
960bf72352d4f58ad083,Method_m8vwGkEZc3TSW2xqYUoR,方法2,31,0.2366,23.66
960bf72352d4f58ad083,Method_5Q4KoXthUuYz3bvrTDFm,方法3,24,0.1832,18.32
960bf72352d4f58ad083,Method_BXr9AIsPQhwNvyGdZL57,方法4,22,0.1679,16.79
960bf72352d4f58ad083,Method_Cj9Ya2R7fZd6xs1q5mNQ,方法5,21,0.1603,16.03
0557b1363a5092b5811f,Method_m8vwGkEZc3TSW2xqYUoR,方法1,85,0.2443,24.43
0557b1363a5092b5811f,Method_Cj9Ya2R7fZd6xs1q5mNQ,方法2,70,0.2011,20.11
0557b1363a5092b5811f,Method_gj1NLb4Jn7URf9K2kQPd,方法3,70,0.2011,20.11
0557b1363a5092b5811f,Method_BXr9AIsPQhwNvyGdZL57,方法4,65,0.1868,18.68
0557b1363a5092b5811f,Method_5Q4KoXthUuYz3bvrTDFm,方法5,58,0.1667,16.67
091554ffa26fc9b17c36,Method_5Q4KoXthUuYz3bvrTDFm,方法1,18,0.2857,28.57
091554ffa26fc9b17c36,Method_m8vwGkEZc3TSW2xqYUoR,方法2,16,0.254,25.4
091554ffa26fc9b17c36,Method_Cj9Ya2R7fZd6xs1q5mNQ,方法3,11,0.1746,17.46
091554ffa26fc9b17c36,Method_BXr9AIsPQhwNvyGdZL57,方法4,10,0.1587,15.87
091554ffa26fc9b17c36,Method_gj1NLb4Jn7URf9K2kQPd,方法5,8,0.127,12.7
d7ad1a5f3ab7d6237f8e,Method_m8vwGkEZc3TSW2xqYUoR,方法1,58,0.2125,21.25
d7ad1a5f3ab7d6237f8e,Method_5Q4KoXthUuYz3bvrTDFm,方法2,57,0.2088,20.88
d7ad1a5f3ab7d6237f8e,Method_Cj9Ya2R7fZd6xs1q5mNQ,方法3,54,0.1978,19.78
d7ad1a5f3ab7d6237f8e,Method_gj1NLb4Jn7URf9K2kQPd,方法4,53,0.1941,19.41
d7ad1a5f3ab7d6237f8e,Method_BXr9AIsPQhwNvyGdZL57,方法5,51,0.1868,18.68
e4d6737b176e6ca5ef06,Method_gj1NLb4Jn7URf9K2kQPd,方法1,38,0.2468,24.68
e4d6737b176e6ca5ef06,Method_m8vwGkEZc3TSW2xqYUoR,方法2,36,0.2338,23.38
e4d6737b176e6ca5ef06,Method_BXr9AIsPQhwNvyGdZL57,方法3,29,0.1883,18.83
e4d6737b176e6ca5ef06,Method_5Q4KoXthUuYz3bvrTDFm,方法4,26,0.1688,16.88
e4d6737b176e6ca5ef06,Method_Cj9Ya2R7fZd6xs1q5mNQ,方法5,25,0.1623,16.23
5914db0d4427b322e8af,Method_5Q4KoXthUuYz3bvrTDFm,方法1,13,0.2203,22.03
5914db0d4427b322e8af,Method_m8vwGkEZc3TSW2xqYUoR,方法2,13,0.2203,22.03
5914db0d4427b322e8af,Method_Cj9Ya2R7fZd6xs1q5mNQ,方法3,12,0.2034,20.34
5914db0d4427b322e8af,Method_BXr9AIsPQhwNvyGdZL57,方法4,11,0.1864,18.64
5914db0d4427b322e8af,Method_gj1NLb4Jn7URf9K2kQPd,方法5,10,0.1695,16.95
6314d7cbc465e29f357c,Method_BXr9AIsPQhwNvyGdZL57,方法1,24,0.2553,25.53
6314d7cbc465e29f357c,Method_Cj9Ya2R7fZd6xs1q5mNQ,方法2,21,0.2234,22.34
6314d7cbc465e29f357c,Method_m8vwGkEZc3TSW2xqYUoR,方法3,18,0.1915,19.15
6314d7cbc465e29f357c,Method_gj1NLb4Jn7URf9K2kQPd,方法4,17,0.1809,18.09
6314d7cbc465e29f357c,Method_5Q4KoXthUuYz3bvrTDFm,方法5,14,0.1489,14.89
d2cb0d0da17471ee23a9,Method_m8vwGkEZc3TSW2xqYUoR,方法1,36,0.2368,23.68
d2cb0d0da17471ee23a9,Method_Cj9Ya2R7fZd6xs1q5mNQ,方法2,35,0.2303,23.03
d2cb0d0da17471ee23a9,Method_BXr9AIsPQhwNvyGdZL57,方法3,30,0.1974,19.74
d2cb0d0da17471ee23a9,Method_gj1NLb4Jn7URf9K2kQPd,方法4,27,0.1776,17.76
d2cb0d0da17471ee23a9,Method_5Q4KoXthUuYz3bvrTDFm,方法5,24,0.1579,15.79
75dcc10ba89fd0c25d50,Method_Cj9Ya2R7fZd6xs1q5mNQ,方法1,37,0.2327,23.27
75dcc10ba89fd0c25d50,Method_5Q4KoXthUuYz3bvrTDFm,方法2,36,0.2264,22.64
75dcc10ba89fd0c25d50,Method_BXr9AIsPQhwNvyGdZL57,方法3,34,0.2138,21.38
75dcc10ba89fd0c25d50,Method_m8vwGkEZc3TSW2xqYUoR,方法4,26,0.1635,16.35
75dcc10ba89fd0c25d50,Method_gj1NLb4Jn7URf9K2kQPd,方法5,26,0.1635,16.35
98be3476791a8df7e937,Method_m8vwGkEZc3TSW2xqYUoR,方法1,53,0.2431,24.31
98be3476791a8df7e937,Method_gj1NLb4Jn7URf9K2kQPd,方法2,44,0.2018,20.18
98be3476791a8df7e937,Method_BXr9AIsPQhwNvyGdZL57,方法3,44,0.2018,20.18
98be3476791a8df7e937,Method_5Q4KoXthUuYz3bvrTDFm,方法4,42,0.1927,19.27
98be3476791a8df7e937,Method_Cj9Ya2R7fZd6xs1q5mNQ,方法5,35,0.1606,16.06
29172d2e39ca0d890848,Method_gj1NLb4Jn7URf9K2kQPd,方法1,21,0.2414,24.14
29172d2e39ca0d890848,Method_Cj9Ya2R7fZd6xs1q5mNQ,方法2,19,0.2184,21.84
29172d2e39ca0d890848,Method_m8vwGkEZc3TSW2xqYUoR,方法3,19,0.2184,21.84
29172d2e39ca0d890848,Method_BXr9AIsPQhwNvyGdZL57,方法4,16,0.1839,18.39
29172d2e39ca0d890848,Method_5Q4KoXthUuYz3bvrTDFm,方法5,12,0.1379,13.79
b083663157e08e36d335,Method_5Q4KoXthUuYz3bvrTDFm,方法1,13,0.2453,24.53
b083663157e08e36d335,Method_gj1NLb4Jn7URf9K2kQPd,方法2,11,0.2075,20.75
b083663157e08e36d335,Method_Cj9Ya2R7fZd6xs1q5mNQ,方法3,11,0.2075,20.75
b083663157e08e36d335,Method_m8vwGkEZc3TSW2xqYUoR,方法4,10,0.1887,18.87
b083663157e08e36d335,Method_BXr9AIsPQhwNvyGdZL57,方法5,8,0.1509,15.09
48ad93c227abfa9542aa,Method_m8vwGkEZc3TSW2xqYUoR,方法1,33,0.2324,23.24
48ad93c227abfa9542aa,Method_BXr9AIsPQhwNvyGdZL57,方法2,31,0.2183,21.83
48ad93c227abfa9542aa,Method_gj1NLb4Jn7URf9K2kQPd,方法3,30,0.2113,21.13
48ad93c227abfa9542aa,Method_Cj9Ya2R7fZd6xs1q5mNQ,方法4,30,0.2113,21.13
48ad93c227abfa9542aa,Method_5Q4KoXthUuYz3bvrTDFm,方法5,18,0.1268,12.68
3ab864e1e692786fefd2,Method_BXr9AIsPQhwNvyGdZL57,方法1,22,0.2444,24.44
3ab864e1e692786fefd2,Method_m8vwGkEZc3TSW2xqYUoR,方法2,19,0.2111,21.11
3ab864e1e692786fefd2,Method_Cj9Ya2R7fZd6xs1q5mNQ,方法3,17,0.1889,18.89
3ab864e1e692786fefd2,Method_gj1NLb4Jn7URf9K2kQPd,方法4,16,0.1778,17.78
3ab864e1e692786fefd2,Method_5Q4KoXthUuYz3bvrTDFm,方法5,16,0.1778,17.78
3b6f3bb370f3107e257d,Method_5Q4KoXthUuYz3bvrTDFm,方法1,15,0.3,30.0
3b6f3bb370f3107e257d,Method_Cj9Ya2R7fZd6xs1q5mNQ,方法2,12,0.24,24.0
3b6f3bb370f3107e257d,Method_gj1NLb4Jn7URf9K2kQPd,方法3,9,0.18,18.0
3b6f3bb370f3107e257d,Method_BXr9AIsPQhwNvyGdZL57,方法4,9,0.18,18.0
3b6f3bb370f3107e257d,Method_m8vwGkEZc3TSW2xqYUoR,方法5,5,0.1,10.0
a12c27630a75f6a4a64a,Method_5Q4KoXthUuYz3bvrTDFm,方法1,42,0.2545,25.45
a12c27630a75f6a4a64a,Method_m8vwGkEZc3TSW2xqYUoR,方法2,38,0.2303,23.03
a12c27630a75f6a4a64a,Method_Cj9Ya2R7fZd6xs1q5mNQ,方法3,29,0.1758,17.58
a12c27630a75f6a4a64a,Method_gj1NLb4Jn7URf9K2kQPd,方法4,28,0.1697,16.97
a12c27630a75f6a4a64a,Method_BXr9AIsPQhwNvyGdZL57,方法5,28,0.1697,16.97
hq2dy5tjgczdmkvq0l2d,Method_gj1NLb4Jn7URf9K2kQPd,方法1,10,0.2326,23.26
hq2dy5tjgczdmkvq0l2d,Method_BXr9AIsPQhwNvyGdZL57,方法2,9,0.2093,20.93
hq2dy5tjgczdmkvq0l2d,Method_m8vwGkEZc3TSW2xqYUoR,方法3,9,0.2093,20.93
hq2dy5tjgczdmkvq0l2d,Method_Cj9Ya2R7fZd6xs1q5mNQ,方法4,8,0.186,18.6
hq2dy5tjgczdmkvq0l2d,Method_5Q4KoXthUuYz3bvrTDFm,方法5,7,0.1628,16.28
4a0890c15c26984c191f,Method_gj1NLb4Jn7URf9K2kQPd,方法1,39,0.26,26.0
4a0890c15c26984c191f,Method_Cj9Ya2R7fZd6xs1q5mNQ,方法2,33,0.22,22.0
4a0890c15c26984c191f,Method_BXr9AIsPQhwNvyGdZL57,方法3,32,0.2133,21.33
4a0890c15c26984c191f,Method_5Q4KoXthUuYz3bvrTDFm,方法4,28,0.1867,18.67
4a0890c15c26984c191f,Method_m8vwGkEZc3TSW2xqYUoR,方法5,18,0.12,12.0
a0b36e07079573966740,Method_BXr9AIsPQhwNvyGdZL57,方法1,15,0.3,30.0
a0b36e07079573966740,Method_m8vwGkEZc3TSW2xqYUoR,方法2,14,0.28,28.0
a0b36e07079573966740,Method_5Q4KoXthUuYz3bvrTDFm,方法3,7,0.14,14.0
a0b36e07079573966740,Method_gj1NLb4Jn7URf9K2kQPd,方法4,7,0.14,14.0
a0b36e07079573966740,Method_Cj9Ya2R7fZd6xs1q5mNQ,方法5,7,0.14,14.0
852687af72e9ee38fb42,Method_m8vwGkEZc3TSW2xqYUoR,方法1,12,0.2449,24.49
852687af72e9ee38fb42,Method_Cj9Ya2R7fZd6xs1q5mNQ,方法2,12,0.2449,24.49
852687af72e9ee38fb42,Method_gj1NLb4Jn7URf9K2kQPd,方法3,10,0.2041,20.41
852687af72e9ee38fb42,Method_BXr9AIsPQhwNvyGdZL57,方法4,9,0.1837,18.37
852687af72e9ee38fb42,Method_5Q4KoXthUuYz3bvrTDFm,方法5,6,0.1224,12.24
9723ceb0cf2dca42c118,Method_Cj9Ya2R7fZd6xs1q5mNQ,方法1,38,0.236,23.6
9723ceb0cf2dca42c118,Method_BXr9AIsPQhwNvyGdZL57,方法2,36,0.2236,22.36
9723ceb0cf2dca42c118,Method_5Q4KoXthUuYz3bvrTDFm,方法3,34,0.2112,21.12
9723ceb0cf2dca42c118,Method_gj1NLb4Jn7URf9K2kQPd,方法4,27,0.1677,16.77
9723ceb0cf2dca42c118,Method_m8vwGkEZc3TSW2xqYUoR,方法5,26,0.1615,16.15
bd657014cfd3fe7a8fe2,Method_BXr9AIsPQhwNvyGdZL57,方法1,20,0.2353,23.53
bd657014cfd3fe7a8fe2,Method_Cj9Ya2R7fZd6xs1q5mNQ,方法2,18,0.2118,21.18
bd657014cfd3fe7a8fe2,Method_5Q4KoXthUuYz3bvrTDFm,方法3,17,0.2,20.0
bd657014cfd3fe7a8fe2,Method_m8vwGkEZc3TSW2xqYUoR,方法4,15,0.1765,17.65
bd657014cfd3fe7a8fe2,Method_gj1NLb4Jn7URf9K2kQPd,方法5,15,0.1765,17.65
2xk6toebmkxdw8f2bypd,Method_Cj9Ya2R7fZd6xs1q5mNQ,方法1,17,0.2576,25.76
2xk6toebmkxdw8f2bypd,Method_m8vwGkEZc3TSW2xqYUoR,方法2,15,0.2273,22.73
2xk6toebmkxdw8f2bypd,Method_gj1NLb4Jn7URf9K2kQPd,方法3,13,0.197,19.7
2xk6toebmkxdw8f2bypd,Method_5Q4KoXthUuYz3bvrTDFm,方法4,11,0.1667,16.67
2xk6toebmkxdw8f2bypd,Method_BXr9AIsPQhwNvyGdZL57,方法5,10,0.1515,15.15
02068067a434adb6556a,Method_Cj9Ya2R7fZd6xs1q5mNQ,方法1,2,0.5,50.0
02068067a434adb6556a,Method_BXr9AIsPQhwNvyGdZL57,方法2,1,0.25,25.0
02068067a434adb6556a,Method_5Q4KoXthUuYz3bvrTDFm,方法3,1,0.25,25.0
3531c5f9d520759ba697,Method_BXr9AIsPQhwNvyGdZL57,方法1,40,0.2299,22.99
3531c5f9d520759ba697,Method_gj1NLb4Jn7URf9K2kQPd,方法2,36,0.2069,20.69
3531c5f9d520759ba697,Method_m8vwGkEZc3TSW2xqYUoR,方法3,35,0.2011,20.11
3531c5f9d520759ba697,Method_5Q4KoXthUuYz3bvrTDFm,方法4,32,0.1839,18.39
3531c5f9d520759ba697,Method_Cj9Ya2R7fZd6xs1q5mNQ,方法5,31,0.1782,17.82
037a76bc8e6bf5fe1fc0,Method_BXr9AIsPQhwNvyGdZL57,方法1,10,0.2564,25.64
037a76bc8e6bf5fe1fc0,Method_5Q4KoXthUuYz3bvrTDFm,方法2,10,0.2564,25.64
037a76bc8e6bf5fe1fc0,Method_Cj9Ya2R7fZd6xs1q5mNQ,方法3,9,0.2308,23.08
037a76bc8e6bf5fe1fc0,Method_m8vwGkEZc3TSW2xqYUoR,方法4,6,0.1538,15.38
037a76bc8e6bf5fe1fc0,Method_gj1NLb4Jn7URf9K2kQPd,方法5,4,0.1026,10.26
c08165d73ae49215c391,Method_5Q4KoXthUuYz3bvrTDFm,方法1,37,0.2552,25.52
c08165d73ae49215c391,Method_Cj9Ya2R7fZd6xs1q5mNQ,方法2,33,0.2276,22.76
c08165d73ae49215c391,Method_m8vwGkEZc3TSW2xqYUoR,方法3,30,0.2069,20.69
c08165d73ae49215c391,Method_BXr9AIsPQhwNvyGdZL57,方法4,23,0.1586,15.86
c08165d73ae49215c391,Method_gj1NLb4Jn7URf9K2kQPd,方法5,22,0.1517,15.17
84146496b8d6256d6982,Method_m8vwGkEZc3TSW2xqYUoR,方法1,13,0.2708,27.08
84146496b8d6256d6982,Method_Cj9Ya2R7fZd6xs1q5mNQ,方法2,10,0.2083,20.83
84146496b8d6256d6982,Method_BXr9AIsPQhwNvyGdZL57,方法3,10,0.2083,20.83
84146496b8d6256d6982,Method_5Q4KoXthUuYz3bvrTDFm,方法4,8,0.1667,16.67
84146496b8d6256d6982,Method_gj1NLb4Jn7URf9K2kQPd,方法5,7,0.1458,14.58
5be7405ad4ae9d9a2853,Method_BXr9AIsPQhwNvyGdZL57,方法1,35,0.2397,23.97
5be7405ad4ae9d9a2853,Method_gj1NLb4Jn7URf9K2kQPd,方法2,33,0.226,22.6
5be7405ad4ae9d9a2853,Method_m8vwGkEZc3TSW2xqYUoR,方法3,32,0.2192,21.92
5be7405ad4ae9d9a2853,Method_5Q4KoXthUuYz3bvrTDFm,方法4,23,0.1575,15.75
5be7405ad4ae9d9a2853,Method_Cj9Ya2R7fZd6xs1q5mNQ,方法5,23,0.1575,15.75
avehb7ibwpvjcgcr474k,Method_BXr9AIsPQhwNvyGdZL57,方法1,20,0.2899,28.99
avehb7ibwpvjcgcr474k,Method_Cj9Ya2R7fZd6xs1q5mNQ,方法2,16,0.2319,23.19
avehb7ibwpvjcgcr474k,Method_5Q4KoXthUuYz3bvrTDFm,方法3,15,0.2174,21.74
avehb7ibwpvjcgcr474k,Method_m8vwGkEZc3TSW2xqYUoR,方法4,12,0.1739,17.39
avehb7ibwpvjcgcr474k,Method_gj1NLb4Jn7URf9K2kQPd,方法5,6,0.087,8.7
sfmngecoi3b7ahvhi2k6,Method_BXr9AIsPQhwNvyGdZL57,方法1,23,0.2738,27.38
sfmngecoi3b7ahvhi2k6,Method_gj1NLb4Jn7URf9K2kQPd,方法2,20,0.2381,23.81
sfmngecoi3b7ahvhi2k6,Method_m8vwGkEZc3TSW2xqYUoR,方法3,15,0.1786,17.86
sfmngecoi3b7ahvhi2k6,Method_Cj9Ya2R7fZd6xs1q5mNQ,方法4,13,0.1548,15.48
sfmngecoi3b7ahvhi2k6,Method_5Q4KoXthUuYz3bvrTDFm,方法5,13,0.1548,15.48
1f4oscu6io8xlog2157e,Method_5Q4KoXthUuYz3bvrTDFm,方法1,26,0.2574,25.74
1f4oscu6io8xlog2157e,Method_BXr9AIsPQhwNvyGdZL57,方法2,26,0.2574,25.74
1f4oscu6io8xlog2157e,Method_gj1NLb4Jn7URf9K2kQPd,方法3,17,0.1683,16.83
1f4oscu6io8xlog2157e,Method_Cj9Ya2R7fZd6xs1q5mNQ,方法4,16,0.1584,15.84
1f4oscu6io8xlog2157e,Method_m8vwGkEZc3TSW2xqYUoR,方法5,16,0.1584,15.84
gj009a2t56bxjluh0mox,Method_BXr9AIsPQhwNvyGdZL57,方法1,37,0.2824,28.24
gj009a2t56bxjluh0mox,Method_m8vwGkEZc3TSW2xqYUoR,方法2,28,0.2137,21.37
gj009a2t56bxjluh0mox,Method_5Q4KoXthUuYz3bvrTDFm,方法3,25,0.1908,19.08
gj009a2t56bxjluh0mox,Method_gj1NLb4Jn7URf9K2kQPd,方法4,23,0.1756,17.56
gj009a2t56bxjluh0mox,Method_Cj9Ya2R7fZd6xs1q5mNQ,方法5,18,0.1374,13.74
ov1tvylbnny48ojayssl,Method_gj1NLb4Jn7URf9K2kQPd,方法1,25,0.2315,23.15
ov1tvylbnny48ojayssl,Method_5Q4KoXthUuYz3bvrTDFm,方法2,24,0.2222,22.22
ov1tvylbnny48ojayssl,Method_m8vwGkEZc3TSW2xqYUoR,方法3,21,0.1944,19.44
ov1tvylbnny48ojayssl,Method_Cj9Ya2R7fZd6xs1q5mNQ,方法4,20,0.1852,18.52
ov1tvylbnny48ojayssl,Method_BXr9AIsPQhwNvyGdZL57,方法5,18,0.1667,16.67
qw19zri3d9vkqjhcn3xk,Method_BXr9AIsPQhwNvyGdZL57,方法1,21,0.2727,27.27
qw19zri3d9vkqjhcn3xk,Method_gj1NLb4Jn7URf9K2kQPd,方法2,17,0.2208,22.08
qw19zri3d9vkqjhcn3xk,Method_Cj9Ya2R7fZd6xs1q5mNQ,方法3,16,0.2078,20.78
qw19zri3d9vkqjhcn3xk,Method_5Q4KoXthUuYz3bvrTDFm,方法4,13,0.1688,16.88
qw19zri3d9vkqjhcn3xk,Method_m8vwGkEZc3TSW2xqYUoR,方法5,10,0.1299,12.99
yesnbayr80dvsb8ajp9v,Method_m8vwGkEZc3TSW2xqYUoR,方法1,35,0.28,28.0
yesnbayr80dvsb8ajp9v,Method_gj1NLb4Jn7URf9K2kQPd,方法2,33,0.264,26.4
yesnbayr80dvsb8ajp9v,Method_Cj9Ya2R7fZd6xs1q5mNQ,方法3,27,0.216,21.6
yesnbayr80dvsb8ajp9v,Method_5Q4KoXthUuYz3bvrTDFm,方法4,20,0.16,16.0
yesnbayr80dvsb8ajp9v,Method_BXr9AIsPQhwNvyGdZL57,方法5,10,0.08,8.0
msko5bf6rjt9adsuxby9,Method_m8vwGkEZc3TSW2xqYUoR,方法1,38,0.3333,33.33
msko5bf6rjt9adsuxby9,Method_gj1NLb4Jn7URf9K2kQPd,方法2,26,0.2281,22.81
msko5bf6rjt9adsuxby9,Method_BXr9AIsPQhwNvyGdZL57,方法3,20,0.1754,17.54
msko5bf6rjt9adsuxby9,Method_5Q4KoXthUuYz3bvrTDFm,方法4,18,0.1579,15.79
msko5bf6rjt9adsuxby9,Method_Cj9Ya2R7fZd6xs1q5mNQ,方法5,12,0.1053,10.53
8hn55e1bxuyegxa76l3r,Method_gj1NLb4Jn7URf9K2kQPd,方法1,25,0.2451,24.51
8hn55e1bxuyegxa76l3r,Method_BXr9AIsPQhwNvyGdZL57,方法2,22,0.2157,21.57
8hn55e1bxuyegxa76l3r,Method_m8vwGkEZc3TSW2xqYUoR,方法3,21,0.2059,20.59
8hn55e1bxuyegxa76l3r,Method_5Q4KoXthUuYz3bvrTDFm,方法4,20,0.1961,19.61
8hn55e1bxuyegxa76l3r,Method_Cj9Ya2R7fZd6xs1q5mNQ,方法5,14,0.1373,13.73
t23e5lcdy5k50uvg5k0v,Method_gj1NLb4Jn7URf9K2kQPd,方法1,25,0.2381,23.81
t23e5lcdy5k50uvg5k0v,Method_m8vwGkEZc3TSW2xqYUoR,方法2,22,0.2095,20.95
t23e5lcdy5k50uvg5k0v,Method_5Q4KoXthUuYz3bvrTDFm,方法3,20,0.1905,19.05
t23e5lcdy5k50uvg5k0v,Method_Cj9Ya2R7fZd6xs1q5mNQ,方法4,19,0.181,18.1
t23e5lcdy5k50uvg5k0v,Method_BXr9AIsPQhwNvyGdZL57,方法5,19,0.181,18.1
gsirdbny6840zq22vo7a,Method_m8vwGkEZc3TSW2xqYUoR,方法1,32,0.2667,26.67
gsirdbny6840zq22vo7a,Method_Cj9Ya2R7fZd6xs1q5mNQ,方法2,28,0.2333,23.33
gsirdbny6840zq22vo7a,Method_5Q4KoXthUuYz3bvrTDFm,方法3,23,0.1917,19.17
gsirdbny6840zq22vo7a,Method_BXr9AIsPQhwNvyGdZL57,方法4,21,0.175,17.5
gsirdbny6840zq22vo7a,Method_gj1NLb4Jn7URf9K2kQPd,方法5,16,0.1333,13.33
rb8z9vpc5uyhbcaa71v5,Method_m8vwGkEZc3TSW2xqYUoR,方法1,32,0.2645,26.45
rb8z9vpc5uyhbcaa71v5,Method_BXr9AIsPQhwNvyGdZL57,方法2,31,0.2562,25.62
rb8z9vpc5uyhbcaa71v5,Method_5Q4KoXthUuYz3bvrTDFm,方法3,20,0.1653,16.53
rb8z9vpc5uyhbcaa71v5,Method_gj1NLb4Jn7URf9K2kQPd,方法4,20,0.1653,16.53
rb8z9vpc5uyhbcaa71v5,Method_Cj9Ya2R7fZd6xs1q5mNQ,方法5,18,0.1488,14.88
fcwom6dicy0kov3lxsf8,Method_gj1NLb4Jn7URf9K2kQPd,方法1,28,0.2593,25.93
fcwom6dicy0kov3lxsf8,Method_m8vwGkEZc3TSW2xqYUoR,方法2,25,0.2315,23.15
fcwom6dicy0kov3lxsf8,Method_Cj9Ya2R7fZd6xs1q5mNQ,方法3,21,0.1944,19.44
fcwom6dicy0kov3lxsf8,Method_BXr9AIsPQhwNvyGdZL57,方法4,20,0.1852,18.52
fcwom6dicy0kov3lxsf8,Method_5Q4KoXthUuYz3bvrTDFm,方法5,14,0.1296,12.96
1nyzl7s790ta4c8r1l9g,Method_gj1NLb4Jn7URf9K2kQPd,方法1,26,0.2342,23.42
1nyzl7s790ta4c8r1l9g,Method_BXr9AIsPQhwNvyGdZL57,方法2,25,0.2252,22.52
1nyzl7s790ta4c8r1l9g,Method_5Q4KoXthUuYz3bvrTDFm,方法3,22,0.1982,19.82
1nyzl7s790ta4c8r1l9g,Method_m8vwGkEZc3TSW2xqYUoR,方法4,19,0.1712,17.12
1nyzl7s790ta4c8r1l9g,Method_Cj9Ya2R7fZd6xs1q5mNQ,方法5,19,0.1712,17.12
rdf3wmujcm1k56ftf8uc,Method_gj1NLb4Jn7URf9K2kQPd,方法1,25,0.2381,23.81
rdf3wmujcm1k56ftf8uc,Method_m8vwGkEZc3TSW2xqYUoR,方法2,22,0.2095,20.95
rdf3wmujcm1k56ftf8uc,Method_5Q4KoXthUuYz3bvrTDFm,方法3,22,0.2095,20.95
rdf3wmujcm1k56ftf8uc,Method_Cj9Ya2R7fZd6xs1q5mNQ,方法4,21,0.2,20.0
rdf3wmujcm1k56ftf8uc,Method_BXr9AIsPQhwNvyGdZL57,方法5,15,0.1429,14.29
40rkj6cwy12hdupgq4w2,Method_Cj9Ya2R7fZd6xs1q5mNQ,方法1,26,0.2321,23.21
40rkj6cwy12hdupgq4w2,Method_m8vwGkEZc3TSW2xqYUoR,方法2,23,0.2054,20.54
40rkj6cwy12hdupgq4w2,Method_BXr9AIsPQhwNvyGdZL57,方法3,22,0.1964,19.64
40rkj6cwy12hdupgq4w2,Method_5Q4KoXthUuYz3bvrTDFm,方法4,22,0.1964,19.64
40rkj6cwy12hdupgq4w2,Method_gj1NLb4Jn7URf9K2kQPd,方法5,19,0.1696,16.96
obyl72l5qy37to65i5ml,Method_gj1NLb4Jn7URf9K2kQPd,方法1,32,0.2667,26.67
obyl72l5qy37to65i5ml,Method_Cj9Ya2R7fZd6xs1q5mNQ,方法2,28,0.2333,23.33
obyl72l5qy37to65i5ml,Method_BXr9AIsPQhwNvyGdZL57,方法3,24,0.2,20.0
obyl72l5qy37to65i5ml,Method_m8vwGkEZc3TSW2xqYUoR,方法4,20,0.1667,16.67
obyl72l5qy37to65i5ml,Method_5Q4KoXthUuYz3bvrTDFm,方法5,16,0.1333,13.33
sx8c4g672zgcw7w2lflp,Method_gj1NLb4Jn7URf9K2kQPd,方法1,28,0.2205,22.05
sx8c4g672zgcw7w2lflp,Method_Cj9Ya2R7fZd6xs1q5mNQ,方法2,26,0.2047,20.47
sx8c4g672zgcw7w2lflp,Method_5Q4KoXthUuYz3bvrTDFm,方法3,26,0.2047,20.47
sx8c4g672zgcw7w2lflp,Method_BXr9AIsPQhwNvyGdZL57,方法4,25,0.1969,19.69
sx8c4g672zgcw7w2lflp,Method_m8vwGkEZc3TSW2xqYUoR,方法5,22,0.1732,17.32
wj1gt5zvzfnjf7xcf1c8,Method_m8vwGkEZc3TSW2xqYUoR,方法1,27,0.2647,26.47
wj1gt5zvzfnjf7xcf1c8,Method_Cj9Ya2R7fZd6xs1q5mNQ,方法2,22,0.2157,21.57
wj1gt5zvzfnjf7xcf1c8,Method_BXr9AIsPQhwNvyGdZL57,方法3,19,0.1863,18.63
wj1gt5zvzfnjf7xcf1c8,Method_5Q4KoXthUuYz3bvrTDFm,方法4,18,0.1765,17.65
wj1gt5zvzfnjf7xcf1c8,Method_gj1NLb4Jn7URf9K2kQPd,方法5,16,0.1569,15.69
p9a57kwg5xdwjzm8eql9,Method_Cj9Ya2R7fZd6xs1q5mNQ,方法1,28,0.2617,26.17
p9a57kwg5xdwjzm8eql9,Method_5Q4KoXthUuYz3bvrTDFm,方法2,26,0.243,24.3
p9a57kwg5xdwjzm8eql9,Method_m8vwGkEZc3TSW2xqYUoR,方法3,19,0.1776,17.76
p9a57kwg5xdwjzm8eql9,Method_BXr9AIsPQhwNvyGdZL57,方法4,17,0.1589,15.89
p9a57kwg5xdwjzm8eql9,Method_gj1NLb4Jn7URf9K2kQPd,方法5,17,0.1589,15.89
w9r5wihhl33fmutbq5qd,Method_m8vwGkEZc3TSW2xqYUoR,方法1,26,0.2321,23.21
w9r5wihhl33fmutbq5qd,Method_5Q4KoXthUuYz3bvrTDFm,方法2,24,0.2143,21.43
w9r5wihhl33fmutbq5qd,Method_BXr9AIsPQhwNvyGdZL57,方法3,24,0.2143,21.43
w9r5wihhl33fmutbq5qd,Method_Cj9Ya2R7fZd6xs1q5mNQ,方法4,21,0.1875,18.75
w9r5wihhl33fmutbq5qd,Method_gj1NLb4Jn7URf9K2kQPd,方法5,17,0.1518,15.18
z0mde15metn3m79ek96y,Method_BXr9AIsPQhwNvyGdZL57,方法1,23,0.2421,24.21
z0mde15metn3m79ek96y,Method_m8vwGkEZc3TSW2xqYUoR,方法2,20,0.2105,21.05
z0mde15metn3m79ek96y,Method_Cj9Ya2R7fZd6xs1q5mNQ,方法3,20,0.2105,21.05
z0mde15metn3m79ek96y,Method_5Q4KoXthUuYz3bvrTDFm,方法4,18,0.1895,18.95
z0mde15metn3m79ek96y,Method_gj1NLb4Jn7URf9K2kQPd,方法5,14,0.1474,14.74
udbo68xozj9btqumivk2,Method_BXr9AIsPQhwNvyGdZL57,方法1,24,0.2449,24.49
udbo68xozj9btqumivk2,Method_Cj9Ya2R7fZd6xs1q5mNQ,方法2,21,0.2143,21.43
udbo68xozj9btqumivk2,Method_gj1NLb4Jn7URf9K2kQPd,方法3,20,0.2041,20.41
udbo68xozj9btqumivk2,Method_m8vwGkEZc3TSW2xqYUoR,方法4,20,0.2041,20.41
udbo68xozj9btqumivk2,Method_5Q4KoXthUuYz3bvrTDFm,方法5,13,0.1327,13.27
qu1rl2d6teeyti106rgx,Method_5Q4KoXthUuYz3bvrTDFm,方法1,27,0.2784,27.84
qu1rl2d6teeyti106rgx,Method_m8vwGkEZc3TSW2xqYUoR,方法2,26,0.268,26.8
qu1rl2d6teeyti106rgx,Method_Cj9Ya2R7fZd6xs1q5mNQ,方法3,17,0.1753,17.53
qu1rl2d6teeyti106rgx,Method_BXr9AIsPQhwNvyGdZL57,方法4,16,0.1649,16.49
qu1rl2d6teeyti106rgx,Method_gj1NLb4Jn7URf9K2kQPd,方法5,11,0.1134,11.34
i8wbhc071gfhkbhtmeb1,Method_BXr9AIsPQhwNvyGdZL57,方法1,25,0.2551,25.51
i8wbhc071gfhkbhtmeb1,Method_Cj9Ya2R7fZd6xs1q5mNQ,方法2,24,0.2449,24.49
i8wbhc071gfhkbhtmeb1,Method_m8vwGkEZc3TSW2xqYUoR,方法3,20,0.2041,20.41
i8wbhc071gfhkbhtmeb1,Method_gj1NLb4Jn7URf9K2kQPd,方法4,16,0.1633,16.33
i8wbhc071gfhkbhtmeb1,Method_5Q4KoXthUuYz3bvrTDFm,方法5,13,0.1327,13.27
8l0qqik09gqh0e5anus0,Method_Cj9Ya2R7fZd6xs1q5mNQ,方法1,25,0.2475,24.75
8l0qqik09gqh0e5anus0,Method_m8vwGkEZc3TSW2xqYUoR,方法2,21,0.2079,20.79
8l0qqik09gqh0e5anus0,Method_5Q4KoXthUuYz3bvrTDFm,方法3,20,0.198,19.8
8l0qqik09gqh0e5anus0,Method_gj1NLb4Jn7URf9K2kQPd,方法4,19,0.1881,18.81
8l0qqik09gqh0e5anus0,Method_BXr9AIsPQhwNvyGdZL57,方法5,16,0.1584,15.84
7kqvekz6iho08947fhk9,Method_BXr9AIsPQhwNvyGdZL57,方法1,26,0.26,26.0
7kqvekz6iho08947fhk9,Method_Cj9Ya2R7fZd6xs1q5mNQ,方法2,24,0.24,24.0
7kqvekz6iho08947fhk9,Method_gj1NLb4Jn7URf9K2kQPd,方法3,23,0.23,23.0
7kqvekz6iho08947fhk9,Method_5Q4KoXthUuYz3bvrTDFm,方法4,17,0.17,17.0
7kqvekz6iho08947fhk9,Method_m8vwGkEZc3TSW2xqYUoR,方法5,10,0.1,10.0
148o63s7q5aitfxmmtrg,Method_BXr9AIsPQhwNvyGdZL57,方法1,34,0.2378,23.78
148o63s7q5aitfxmmtrg,Method_Cj9Ya2R7fZd6xs1q5mNQ,方法2,29,0.2028,20.28
148o63s7q5aitfxmmtrg,Method_m8vwGkEZc3TSW2xqYUoR,方法3,28,0.1958,19.58
148o63s7q5aitfxmmtrg,Method_gj1NLb4Jn7URf9K2kQPd,方法4,26,0.1818,18.18
148o63s7q5aitfxmmtrg,Method_5Q4KoXthUuYz3bvrTDFm,方法5,26,0.1818,18.18
gk8izwg77g6t4p5buiar,Method_gj1NLb4Jn7URf9K2kQPd,方法1,25,0.2451,24.51
gk8izwg77g6t4p5buiar,Method_Cj9Ya2R7fZd6xs1q5mNQ,方法2,24,0.2353,23.53
gk8izwg77g6t4p5buiar,Method_m8vwGkEZc3TSW2xqYUoR,方法3,19,0.1863,18.63
gk8izwg77g6t4p5buiar,Method_5Q4KoXthUuYz3bvrTDFm,方法4,17,0.1667,16.67
gk8izwg77g6t4p5buiar,Method_BXr9AIsPQhwNvyGdZL57,方法5,17,0.1667,16.67
70exfe4k4e5vvm5sqspq,Method_Cj9Ya2R7fZd6xs1q5mNQ,方法1,24,0.2202,22.02
70exfe4k4e5vvm5sqspq,Method_BXr9AIsPQhwNvyGdZL57,方法2,22,0.2018,20.18
70exfe4k4e5vvm5sqspq,Method_gj1NLb4Jn7URf9K2kQPd,方法3,22,0.2018,20.18
70exfe4k4e5vvm5sqspq,Method_m8vwGkEZc3TSW2xqYUoR,方法4,21,0.1927,19.27
70exfe4k4e5vvm5sqspq,Method_5Q4KoXthUuYz3bvrTDFm,方法5,20,0.1835,18.35
e43g7im7dra88a4o8bbl,Method_m8vwGkEZc3TSW2xqYUoR,方法1,33,0.33,33.0
e43g7im7dra88a4o8bbl,Method_gj1NLb4Jn7URf9K2kQPd,方法2,20,0.2,20.0
e43g7im7dra88a4o8bbl,Method_Cj9Ya2R7fZd6xs1q5mNQ,方法3,19,0.19,19.0
e43g7im7dra88a4o8bbl,Method_BXr9AIsPQhwNvyGdZL57,方法4,14,0.14,14.0
e43g7im7dra88a4o8bbl,Method_5Q4KoXthUuYz3bvrTDFm,方法5,14,0.14,14.0
lqg2nmqf4x8w52gx12xw,Method_5Q4KoXthUuYz3bvrTDFm,方法1,26,0.2626,26.26
lqg2nmqf4x8w52gx12xw,Method_Cj9Ya2R7fZd6xs1q5mNQ,方法2,24,0.2424,24.24
lqg2nmqf4x8w52gx12xw,Method_BXr9AIsPQhwNvyGdZL57,方法3,20,0.202,20.2
lqg2nmqf4x8w52gx12xw,Method_gj1NLb4Jn7URf9K2kQPd,方法4,15,0.1515,15.15
lqg2nmqf4x8w52gx12xw,Method_m8vwGkEZc3TSW2xqYUoR,方法5,14,0.1414,14.14
lpzjucfyqwtb8ihim9b3,Method_BXr9AIsPQhwNvyGdZL57,方法1,31,0.2768,27.68
lpzjucfyqwtb8ihim9b3,Method_5Q4KoXthUuYz3bvrTDFm,方法2,21,0.1875,18.75
lpzjucfyqwtb8ihim9b3,Method_m8vwGkEZc3TSW2xqYUoR,方法3,21,0.1875,18.75
lpzjucfyqwtb8ihim9b3,Method_gj1NLb4Jn7URf9K2kQPd,方法4,20,0.1786,17.86
lpzjucfyqwtb8ihim9b3,Method_Cj9Ya2R7fZd6xs1q5mNQ,方法5,19,0.1696,16.96
woxwsoo99kl7vq4mk0rr,Method_m8vwGkEZc3TSW2xqYUoR,方法1,25,0.2451,24.51
woxwsoo99kl7vq4mk0rr,Method_Cj9Ya2R7fZd6xs1q5mNQ,方法2,24,0.2353,23.53
woxwsoo99kl7vq4mk0rr,Method_gj1NLb4Jn7URf9K2kQPd,方法3,21,0.2059,20.59
woxwsoo99kl7vq4mk0rr,Method_5Q4KoXthUuYz3bvrTDFm,方法4,16,0.1569,15.69
woxwsoo99kl7vq4mk0rr,Method_BXr9AIsPQhwNvyGdZL57,方法5,16,0.1569,15.69
gq3jw96afgct5rjiim20,Method_m8vwGkEZc3TSW2xqYUoR,方法1,27,0.2621,26.21
gq3jw96afgct5rjiim20,Method_BXr9AIsPQhwNvyGdZL57,方法2,21,0.2039,20.39
gq3jw96afgct5rjiim20,Method_Cj9Ya2R7fZd6xs1q5mNQ,方法3,21,0.2039,20.39
gq3jw96afgct5rjiim20,Method_gj1NLb4Jn7URf9K2kQPd,方法4,19,0.1845,18.45
gq3jw96afgct5rjiim20,Method_5Q4KoXthUuYz3bvrTDFm,方法5,15,0.1456,14.56
hc0idvz0lxc4zpx94cbx,Method_Cj9Ya2R7fZd6xs1q5mNQ,方法1,29,0.29,29.0
hc0idvz0lxc4zpx94cbx,Method_m8vwGkEZc3TSW2xqYUoR,方法2,23,0.23,23.0
hc0idvz0lxc4zpx94cbx,Method_BXr9AIsPQhwNvyGdZL57,方法3,20,0.2,20.0
hc0idvz0lxc4zpx94cbx,Method_5Q4KoXthUuYz3bvrTDFm,方法4,15,0.15,15.0
hc0idvz0lxc4zpx94cbx,Method_gj1NLb4Jn7URf9K2kQPd,方法5,13,0.13,13.0
43vri1lqbgiiwbkaskqd,Method_5Q4KoXthUuYz3bvrTDFm,方法1,25,0.2551,25.51
43vri1lqbgiiwbkaskqd,Method_m8vwGkEZc3TSW2xqYUoR,方法2,22,0.2245,22.45
43vri1lqbgiiwbkaskqd,Method_gj1NLb4Jn7URf9K2kQPd,方法3,21,0.2143,21.43
43vri1lqbgiiwbkaskqd,Method_Cj9Ya2R7fZd6xs1q5mNQ,方法4,18,0.1837,18.37
43vri1lqbgiiwbkaskqd,Method_BXr9AIsPQhwNvyGdZL57,方法5,12,0.1224,12.24
43d98a750c726bb39d11,Method_m8vwGkEZc3TSW2xqYUoR,方法1,23,0.211,21.1
43d98a750c726bb39d11,Method_BXr9AIsPQhwNvyGdZL57,方法2,23,0.211,21.1
43d98a750c726bb39d11,Method_gj1NLb4Jn7URf9K2kQPd,方法3,23,0.211,21.1
43d98a750c726bb39d11,Method_5Q4KoXthUuYz3bvrTDFm,方法4,22,0.2018,20.18
43d98a750c726bb39d11,Method_Cj9Ya2R7fZd6xs1q5mNQ,方法5,18,0.1651,16.51
5d16326e4577a67d94c6,Method_m8vwGkEZc3TSW2xqYUoR,方法1,21,0.2211,22.11
5d16326e4577a67d94c6,Method_gj1NLb4Jn7URf9K2kQPd,方法2,21,0.2211,22.11
5d16326e4577a67d94c6,Method_Cj9Ya2R7fZd6xs1q5mNQ,方法3,21,0.2211,22.11
5d16326e4577a67d94c6,Method_BXr9AIsPQhwNvyGdZL57,方法4,18,0.1895,18.95
5d16326e4577a67d94c6,Method_5Q4KoXthUuYz3bvrTDFm,方法5,14,0.1474,14.74
e00bc7d9f2ce32c4f745,Method_m8vwGkEZc3TSW2xqYUoR,方法1,33,0.2308,23.08
e00bc7d9f2ce32c4f745,Method_gj1NLb4Jn7URf9K2kQPd,方法2,29,0.2028,20.28
e00bc7d9f2ce32c4f745,Method_Cj9Ya2R7fZd6xs1q5mNQ,方法3,29,0.2028,20.28
e00bc7d9f2ce32c4f745,Method_5Q4KoXthUuYz3bvrTDFm,方法4,27,0.1888,18.88
e00bc7d9f2ce32c4f745,Method_BXr9AIsPQhwNvyGdZL57,方法5,25,0.1748,17.48
21fc5674d24be8e9da89,Method_m8vwGkEZc3TSW2xqYUoR,方法1,11,0.2391,23.91
21fc5674d24be8e9da89,Method_gj1NLb4Jn7URf9K2kQPd,方法2,11,0.2391,23.91
21fc5674d24be8e9da89,Method_Cj9Ya2R7fZd6xs1q5mNQ,方法3,10,0.2174,21.74
21fc5674d24be8e9da89,Method_BXr9AIsPQhwNvyGdZL57,方法4,9,0.1957,19.57
21fc5674d24be8e9da89,Method_5Q4KoXthUuYz3bvrTDFm,方法5,5,0.1087,10.87
a7fc1ba478db11fde063,Method_gj1NLb4Jn7URf9K2kQPd,方法1,17,0.2537,25.37
a7fc1ba478db11fde063,Method_BXr9AIsPQhwNvyGdZL57,方法2,16,0.2388,23.88
a7fc1ba478db11fde063,Method_5Q4KoXthUuYz3bvrTDFm,方法3,14,0.209,20.9
a7fc1ba478db11fde063,Method_m8vwGkEZc3TSW2xqYUoR,方法4,12,0.1791,17.91
a7fc1ba478db11fde063,Method_Cj9Ya2R7fZd6xs1q5mNQ,方法5,8,0.1194,11.94
63ff3dff3eb31d62ab3e,Method_m8vwGkEZc3TSW2xqYUoR,方法1,39,0.3023,30.23
63ff3dff3eb31d62ab3e,Method_BXr9AIsPQhwNvyGdZL57,方法2,29,0.2248,22.48
63ff3dff3eb31d62ab3e,Method_gj1NLb4Jn7URf9K2kQPd,方法3,23,0.1783,17.83
63ff3dff3eb31d62ab3e,Method_5Q4KoXthUuYz3bvrTDFm,方法4,22,0.1705,17.05
63ff3dff3eb31d62ab3e,Method_Cj9Ya2R7fZd6xs1q5mNQ,方法5,16,0.124,12.4
4edfd2e1b7c5c5d1d384,Method_BXr9AIsPQhwNvyGdZL57,方法1,14,0.2295,22.95
4edfd2e1b7c5c5d1d384,Method_gj1NLb4Jn7URf9K2kQPd,方法2,14,0.2295,22.95
4edfd2e1b7c5c5d1d384,Method_Cj9Ya2R7fZd6xs1q5mNQ,方法3,12,0.1967,19.67
4edfd2e1b7c5c5d1d384,Method_5Q4KoXthUuYz3bvrTDFm,方法4,11,0.1803,18.03
4edfd2e1b7c5c5d1d384,Method_m8vwGkEZc3TSW2xqYUoR,方法5,10,0.1639,16.39
cbc8550ffaf44443c7ad,Method_Cj9Ya2R7fZd6xs1q5mNQ,方法1,33,0.2558,25.58
cbc8550ffaf44443c7ad,Method_gj1NLb4Jn7URf9K2kQPd,方法2,31,0.2403,24.03
cbc8550ffaf44443c7ad,Method_5Q4KoXthUuYz3bvrTDFm,方法3,25,0.1938,19.38
cbc8550ffaf44443c7ad,Method_BXr9AIsPQhwNvyGdZL57,方法4,24,0.186,18.6
cbc8550ffaf44443c7ad,Method_m8vwGkEZc3TSW2xqYUoR,方法5,16,0.124,12.4
766836b5f30556e81da4,Method_BXr9AIsPQhwNvyGdZL57,方法1,21,0.3,30.0
766836b5f30556e81da4,Method_m8vwGkEZc3TSW2xqYUoR,方法2,16,0.2286,22.86
766836b5f30556e81da4,Method_5Q4KoXthUuYz3bvrTDFm,方法3,12,0.1714,17.14
766836b5f30556e81da4,Method_Cj9Ya2R7fZd6xs1q5mNQ,方法4,12,0.1714,17.14
766836b5f30556e81da4,Method_gj1NLb4Jn7URf9K2kQPd,方法5,9,0.1286,12.86
df02e3643bb9ee33fb0c,Method_m8vwGkEZc3TSW2xqYUoR,方法1,28,0.2617,26.17
df02e3643bb9ee33fb0c,Method_5Q4KoXthUuYz3bvrTDFm,方法2,22,0.2056,20.56
df02e3643bb9ee33fb0c,Method_BXr9AIsPQhwNvyGdZL57,方法3,21,0.1963,19.63
df02e3643bb9ee33fb0c,Method_gj1NLb4Jn7URf9K2kQPd,方法4,20,0.1869,18.69
df02e3643bb9ee33fb0c,Method_Cj9Ya2R7fZd6xs1q5mNQ,方法5,16,0.1495,14.95
f5c3c6eb77fac482de13,Method_m8vwGkEZc3TSW2xqYUoR,方法1,20,0.2899,28.99
f5c3c6eb77fac482de13,Method_Cj9Ya2R7fZd6xs1q5mNQ,方法2,16,0.2319,23.19
f5c3c6eb77fac482de13,Method_BXr9AIsPQhwNvyGdZL57,方法3,13,0.1884,18.84
f5c3c6eb77fac482de13,Method_gj1NLb4Jn7URf9K2kQPd,方法4,11,0.1594,15.94
f5c3c6eb77fac482de13,Method_5Q4KoXthUuYz3bvrTDFm,方法5,9,0.1304,13.04
5f8d87412f69e3d9fb13,Method_5Q4KoXthUuYz3bvrTDFm,方法1,14,0.2258,22.58
5f8d87412f69e3d9fb13,Method_Cj9Ya2R7fZd6xs1q5mNQ,方法2,14,0.2258,22.58
5f8d87412f69e3d9fb13,Method_gj1NLb4Jn7URf9K2kQPd,方法3,13,0.2097,20.97
5f8d87412f69e3d9fb13,Method_BXr9AIsPQhwNvyGdZL57,方法4,11,0.1774,17.74
5f8d87412f69e3d9fb13,Method_m8vwGkEZc3TSW2xqYUoR,方法5,10,0.1613,16.13
6923e581d76689cb57a1,Method_BXr9AIsPQhwNvyGdZL57,方法1,31,0.2743,27.43
6923e581d76689cb57a1,Method_m8vwGkEZc3TSW2xqYUoR,方法2,23,0.2035,20.35
6923e581d76689cb57a1,Method_5Q4KoXthUuYz3bvrTDFm,方法3,22,0.1947,19.47
6923e581d76689cb57a1,Method_Cj9Ya2R7fZd6xs1q5mNQ,方法4,21,0.1858,18.58
6923e581d76689cb57a1,Method_gj1NLb4Jn7URf9K2kQPd,方法5,16,0.1416,14.16
e865c97bc96802575f80,Method_5Q4KoXthUuYz3bvrTDFm,方法1,67,0.2233,22.33
e865c97bc96802575f80,Method_gj1NLb4Jn7URf9K2kQPd,方法2,62,0.2067,20.67
e865c97bc96802575f80,Method_m8vwGkEZc3TSW2xqYUoR,方法3,59,0.1967,19.67
e865c97bc96802575f80,Method_Cj9Ya2R7fZd6xs1q5mNQ,方法4,57,0.19,19.0
e865c97bc96802575f80,Method_BXr9AIsPQhwNvyGdZL57,方法5,55,0.1833,18.33
fb5d5693ffa9f022a191,Method_m8vwGkEZc3TSW2xqYUoR,方法1,16,0.254,25.4
fb5d5693ffa9f022a191,Method_gj1NLb4Jn7URf9K2kQPd,方法2,14,0.2222,22.22
fb5d5693ffa9f022a191,Method_5Q4KoXthUuYz3bvrTDFm,方法3,12,0.1905,19.05
fb5d5693ffa9f022a191,Method_Cj9Ya2R7fZd6xs1q5mNQ,方法4,11,0.1746,17.46
fb5d5693ffa9f022a191,Method_BXr9AIsPQhwNvyGdZL57,方法5,10,0.1587,15.87
1bd9bb053a3ac1bba507,Method_5Q4KoXthUuYz3bvrTDFm,方法1,17,0.2179,21.79
1bd9bb053a3ac1bba507,Method_gj1NLb4Jn7URf9K2kQPd,方法2,16,0.2051,20.51
1bd9bb053a3ac1bba507,Method_m8vwGkEZc3TSW2xqYUoR,方法3,16,0.2051,20.51
1bd9bb053a3ac1bba507,Method_BXr9AIsPQhwNvyGdZL57,方法4,15,0.1923,19.23
1bd9bb053a3ac1bba507,Method_Cj9Ya2R7fZd6xs1q5mNQ,方法5,14,0.1795,17.95
49ef48443e09f8be12f6,Method_m8vwGkEZc3TSW2xqYUoR,方法1,24,0.25,25.0
49ef48443e09f8be12f6,Method_gj1NLb4Jn7URf9K2kQPd,方法2,22,0.2292,22.92
49ef48443e09f8be12f6,Method_Cj9Ya2R7fZd6xs1q5mNQ,方法3,20,0.2083,20.83
49ef48443e09f8be12f6,Method_5Q4KoXthUuYz3bvrTDFm,方法4,17,0.1771,17.71
49ef48443e09f8be12f6,Method_BXr9AIsPQhwNvyGdZL57,方法5,13,0.1354,13.54
def1216bf8f3009dbe41,Method_m8vwGkEZc3TSW2xqYUoR,方法1,25,0.2427,24.27
def1216bf8f3009dbe41,Method_Cj9Ya2R7fZd6xs1q5mNQ,方法2,23,0.2233,22.33
def1216bf8f3009dbe41,Method_BXr9AIsPQhwNvyGdZL57,方法3,21,0.2039,20.39
def1216bf8f3009dbe41,Method_gj1NLb4Jn7URf9K2kQPd,方法4,17,0.165,16.5
def1216bf8f3009dbe41,Method_5Q4KoXthUuYz3bvrTDFm,方法5,17,0.165,16.5
d02f48d05ce5e7ca16e1,Method_m8vwGkEZc3TSW2xqYUoR,方法1,30,0.2632,26.32
d02f48d05ce5e7ca16e1,Method_BXr9AIsPQhwNvyGdZL57,方法2,24,0.2105,21.05
d02f48d05ce5e7ca16e1,Method_5Q4KoXthUuYz3bvrTDFm,方法3,23,0.2018,20.18
d02f48d05ce5e7ca16e1,Method_Cj9Ya2R7fZd6xs1q5mNQ,方法4,21,0.1842,18.42
d02f48d05ce5e7ca16e1,Method_gj1NLb4Jn7URf9K2kQPd,方法5,16,0.1404,14.04
6b22922bfe081d68c7a6,Method_BXr9AIsPQhwNvyGdZL57,方法1,45,0.2459,24.59
6b22922bfe081d68c7a6,Method_Cj9Ya2R7fZd6xs1q5mNQ,方法2,39,0.2131,21.31
6b22922bfe081d68c7a6,Method_gj1NLb4Jn7URf9K2kQPd,方法3,35,0.1913,19.13
6b22922bfe081d68c7a6,Method_5Q4KoXthUuYz3bvrTDFm,方法4,33,0.1803,18.03
6b22922bfe081d68c7a6,Method_m8vwGkEZc3TSW2xqYUoR,方法5,31,0.1694,16.94
baed8a816ea02ae929f4,Method_gj1NLb4Jn7URf9K2kQPd,方法1,36,0.2466,24.66
baed8a816ea02ae929f4,Method_BXr9AIsPQhwNvyGdZL57,方法2,34,0.2329,23.29
baed8a816ea02ae929f4,Method_5Q4KoXthUuYz3bvrTDFm,方法3,27,0.1849,18.49
baed8a816ea02ae929f4,Method_m8vwGkEZc3TSW2xqYUoR,方法4,25,0.1712,17.12
baed8a816ea02ae929f4,Method_Cj9Ya2R7fZd6xs1q5mNQ,方法5,24,0.1644,16.44
dee7cfe3312551bdf5a5,Method_gj1NLb4Jn7URf9K2kQPd,方法1,22,0.2716,27.16
dee7cfe3312551bdf5a5,Method_BXr9AIsPQhwNvyGdZL57,方法2,16,0.1975,19.75
dee7cfe3312551bdf5a5,Method_5Q4KoXthUuYz3bvrTDFm,方法3,15,0.1852,18.52
dee7cfe3312551bdf5a5,Method_m8vwGkEZc3TSW2xqYUoR,方法4,15,0.1852,18.52
dee7cfe3312551bdf5a5,Method_Cj9Ya2R7fZd6xs1q5mNQ,方法5,13,0.1605,16.05
ef912a5602a5f70b244b,Method_5Q4KoXthUuYz3bvrTDFm,方法1,17,0.2881,28.81
ef912a5602a5f70b244b,Method_m8vwGkEZc3TSW2xqYUoR,方法2,14,0.2373,23.73
ef912a5602a5f70b244b,Method_Cj9Ya2R7fZd6xs1q5mNQ,方法3,10,0.1695,16.95
ef912a5602a5f70b244b,Method_BXr9AIsPQhwNvyGdZL57,方法4,9,0.1525,15.25
ef912a5602a5f70b244b,Method_gj1NLb4Jn7URf9K2kQPd,方法5,9,0.1525,15.25
48a71a6a5a15e31084e3,Method_gj1NLb4Jn7URf9K2kQPd,方法1,24,0.2449,24.49
48a71a6a5a15e31084e3,Method_m8vwGkEZc3TSW2xqYUoR,方法2,21,0.2143,21.43
48a71a6a5a15e31084e3,Method_Cj9Ya2R7fZd6xs1q5mNQ,方法3,18,0.1837,18.37
48a71a6a5a15e31084e3,Method_BXr9AIsPQhwNvyGdZL57,方法4,18,0.1837,18.37
48a71a6a5a15e31084e3,Method_5Q4KoXthUuYz3bvrTDFm,方法5,17,0.1735,17.35
16d68f70cf5e52d0b34a,Method_BXr9AIsPQhwNvyGdZL57,方法1,35,0.2365,23.65
16d68f70cf5e52d0b34a,Method_m8vwGkEZc3TSW2xqYUoR,方法2,31,0.2095,20.95
16d68f70cf5e52d0b34a,Method_gj1NLb4Jn7URf9K2kQPd,方法3,28,0.1892,18.92
16d68f70cf5e52d0b34a,Method_Cj9Ya2R7fZd6xs1q5mNQ,方法4,28,0.1892,18.92
16d68f70cf5e52d0b34a,Method_5Q4KoXthUuYz3bvrTDFm,方法5,26,0.1757,17.57
ba8c301bda7090bda756,Method_Cj9Ya2R7fZd6xs1q5mNQ,方法1,15,0.2679,26.79
ba8c301bda7090bda756,Method_gj1NLb4Jn7URf9K2kQPd,方法2,14,0.25,25.0
ba8c301bda7090bda756,Method_BXr9AIsPQhwNvyGdZL57,方法3,13,0.2321,23.21
ba8c301bda7090bda756,Method_5Q4KoXthUuYz3bvrTDFm,方法4,8,0.1429,14.29
ba8c301bda7090bda756,Method_m8vwGkEZc3TSW2xqYUoR,方法5,6,0.1071,10.71
311abc37a94ae8afe41a,Method_m8vwGkEZc3TSW2xqYUoR,方法1,33,0.2705,27.05
311abc37a94ae8afe41a,Method_BXr9AIsPQhwNvyGdZL57,方法2,26,0.2131,21.31
311abc37a94ae8afe41a,Method_Cj9Ya2R7fZd6xs1q5mNQ,方法3,22,0.1803,18.03
311abc37a94ae8afe41a,Method_gj1NLb4Jn7URf9K2kQPd,方法4,21,0.1721,17.21
311abc37a94ae8afe41a,Method_5Q4KoXthUuYz3bvrTDFm,方法5,20,0.1639,16.39
fdd50b3ad56dcf116c82,Method_Cj9Ya2R7fZd6xs1q5mNQ,方法1,26,0.3133,31.33
fdd50b3ad56dcf116c82,Method_BXr9AIsPQhwNvyGdZL57,方法2,17,0.2048,20.48
fdd50b3ad56dcf116c82,Method_gj1NLb4Jn7URf9K2kQPd,方法3,15,0.1807,18.07
fdd50b3ad56dcf116c82,Method_5Q4KoXthUuYz3bvrTDFm,方法4,14,0.1687,16.87
fdd50b3ad56dcf116c82,Method_m8vwGkEZc3TSW2xqYUoR,方法5,11,0.1325,13.25
e22c18eef214a779b4c2,Method_gj1NLb4Jn7URf9K2kQPd,方法1,39,0.2532,25.32
e22c18eef214a779b4c2,Method_m8vwGkEZc3TSW2xqYUoR,方法2,32,0.2078,20.78
e22c18eef214a779b4c2,Method_5Q4KoXthUuYz3bvrTDFm,方法3,31,0.2013,20.13
e22c18eef214a779b4c2,Method_BXr9AIsPQhwNvyGdZL57,方法4,28,0.1818,18.18
e22c18eef214a779b4c2,Method_Cj9Ya2R7fZd6xs1q5mNQ,方法5,24,0.1558,15.58
8711049a2e0ef13bb10c,Method_BXr9AIsPQhwNvyGdZL57,方法1,14,0.2745,27.45
8711049a2e0ef13bb10c,Method_gj1NLb4Jn7URf9K2kQPd,方法2,11,0.2157,21.57
8711049a2e0ef13bb10c,Method_Cj9Ya2R7fZd6xs1q5mNQ,方法3,10,0.1961,19.61
8711049a2e0ef13bb10c,Method_m8vwGkEZc3TSW2xqYUoR,方法4,9,0.1765,17.65
8711049a2e0ef13bb10c,Method_5Q4KoXthUuYz3bvrTDFm,方法5,7,0.1373,13.73
9ef8a5baccebc3841cb2,Method_gj1NLb4Jn7URf9K2kQPd,方法1,18,0.2571,25.71
9ef8a5baccebc3841cb2,Method_m8vwGkEZc3TSW2xqYUoR,方法2,16,0.2286,22.86
9ef8a5baccebc3841cb2,Method_Cj9Ya2R7fZd6xs1q5mNQ,方法3,13,0.1857,18.57
9ef8a5baccebc3841cb2,Method_BXr9AIsPQhwNvyGdZL57,方法4,13,0.1857,18.57
9ef8a5baccebc3841cb2,Method_5Q4KoXthUuYz3bvrTDFm,方法5,10,0.1429,14.29
adcc5c13042d66cbfc8b,Method_BXr9AIsPQhwNvyGdZL57,方法1,41,0.2628,26.28
adcc5c13042d66cbfc8b,Method_5Q4KoXthUuYz3bvrTDFm,方法2,30,0.1923,19.23
adcc5c13042d66cbfc8b,Method_gj1NLb4Jn7URf9K2kQPd,方法3,29,0.1859,18.59
adcc5c13042d66cbfc8b,Method_m8vwGkEZc3TSW2xqYUoR,方法4,29,0.1859,18.59
adcc5c13042d66cbfc8b,Method_Cj9Ya2R7fZd6xs1q5mNQ,方法5,27,0.1731,17.31
54f91ccb08cbece520da,Method_5Q4KoXthUuYz3bvrTDFm,方法1,29,0.2929,29.29
54f91ccb08cbece520da,Method_Cj9Ya2R7fZd6xs1q5mNQ,方法2,23,0.2323,23.23
54f91ccb08cbece520da,Method_gj1NLb4Jn7URf9K2kQPd,方法3,18,0.1818,18.18
54f91ccb08cbece520da,Method_BXr9AIsPQhwNvyGdZL57,方法4,15,0.1515,15.15
54f91ccb08cbece520da,Method_m8vwGkEZc3TSW2xqYUoR,方法5,14,0.1414,14.14
cb65e2038b786e801292,Method_Cj9Ya2R7fZd6xs1q5mNQ,方法1,14,0.2593,25.93
cb65e2038b786e801292,Method_5Q4KoXthUuYz3bvrTDFm,方法2,14,0.2593,25.93
cb65e2038b786e801292,Method_BXr9AIsPQhwNvyGdZL57,方法3,12,0.2222,22.22
cb65e2038b786e801292,Method_gj1NLb4Jn7URf9K2kQPd,方法4,9,0.1667,16.67
cb65e2038b786e801292,Method_m8vwGkEZc3TSW2xqYUoR,方法5,5,0.0926,9.26
1f67cb2e7affbb00b6c8,Method_m8vwGkEZc3TSW2xqYUoR,方法1,69,0.2518,25.18
1f67cb2e7affbb00b6c8,Method_5Q4KoXthUuYz3bvrTDFm,方法2,61,0.2226,22.26
1f67cb2e7affbb00b6c8,Method_Cj9Ya2R7fZd6xs1q5mNQ,方法3,52,0.1898,18.98
1f67cb2e7affbb00b6c8,Method_gj1NLb4Jn7URf9K2kQPd,方法4,51,0.1861,18.61
1f67cb2e7affbb00b6c8,Method_BXr9AIsPQhwNvyGdZL57,方法5,41,0.1496,14.96
45b6cc87a7e957f83027,Method_5Q4KoXthUuYz3bvrTDFm,方法1,30,0.2239,22.39
45b6cc87a7e957f83027,Method_m8vwGkEZc3TSW2xqYUoR,方法2,29,0.2164,21.64
45b6cc87a7e957f83027,Method_Cj9Ya2R7fZd6xs1q5mNQ,方法3,28,0.209,20.9
45b6cc87a7e957f83027,Method_gj1NLb4Jn7URf9K2kQPd,方法4,25,0.1866,18.66
45b6cc87a7e957f83027,Method_BXr9AIsPQhwNvyGdZL57,方法5,22,0.1642,16.42
ff2d815d9ef74b153b54,Method_m8vwGkEZc3TSW2xqYUoR,方法1,20,0.2273,22.73
ff2d815d9ef74b153b54,Method_gj1NLb4Jn7URf9K2kQPd,方法2,20,0.2273,22.73
ff2d815d9ef74b153b54,Method_Cj9Ya2R7fZd6xs1q5mNQ,方法3,17,0.1932,19.32
ff2d815d9ef74b153b54,Method_BXr9AIsPQhwNvyGdZL57,方法4,16,0.1818,18.18
ff2d815d9ef74b153b54,Method_5Q4KoXthUuYz3bvrTDFm,方法5,15,0.1705,17.05
73ae359d8e93d41ae4ff,Method_5Q4KoXthUuYz3bvrTDFm,方法1,23,0.2614,26.14
73ae359d8e93d41ae4ff,Method_gj1NLb4Jn7URf9K2kQPd,方法2,20,0.2273,22.73
73ae359d8e93d41ae4ff,Method_Cj9Ya2R7fZd6xs1q5mNQ,方法3,19,0.2159,21.59
73ae359d8e93d41ae4ff,Method_BXr9AIsPQhwNvyGdZL57,方法4,13,0.1477,14.77
73ae359d8e93d41ae4ff,Method_m8vwGkEZc3TSW2xqYUoR,方法5,13,0.1477,14.77
264320c6b92b92795ba0,Method_5Q4KoXthUuYz3bvrTDFm,方法1,34,0.2237,22.37
264320c6b92b92795ba0,Method_BXr9AIsPQhwNvyGdZL57,方法2,33,0.2171,21.71
264320c6b92b92795ba0,Method_Cj9Ya2R7fZd6xs1q5mNQ,方法3,31,0.2039,20.39
264320c6b92b92795ba0,Method_gj1NLb4Jn7URf9K2kQPd,方法4,28,0.1842,18.42
264320c6b92b92795ba0,Method_m8vwGkEZc3TSW2xqYUoR,方法5,26,0.1711,17.11
504278569f7c6dff25e3,Method_gj1NLb4Jn7URf9K2kQPd,方法1,18,0.2535,25.35
504278569f7c6dff25e3,Method_m8vwGkEZc3TSW2xqYUoR,方法2,16,0.2254,22.54
504278569f7c6dff25e3,Method_Cj9Ya2R7fZd6xs1q5mNQ,方法3,15,0.2113,21.13
504278569f7c6dff25e3,Method_BXr9AIsPQhwNvyGdZL57,方法4,14,0.1972,19.72
504278569f7c6dff25e3,Method_5Q4KoXthUuYz3bvrTDFm,方法5,8,0.1127,11.27
40eb36011ced9a882ea9,Method_Cj9Ya2R7fZd6xs1q5mNQ,方法1,42,0.21,21.0
40eb36011ced9a882ea9,Method_m8vwGkEZc3TSW2xqYUoR,方法2,42,0.21,21.0
40eb36011ced9a882ea9,Method_BXr9AIsPQhwNvyGdZL57,方法3,41,0.205,20.5
40eb36011ced9a882ea9,Method_gj1NLb4Jn7URf9K2kQPd,方法4,40,0.2,20.0
40eb36011ced9a882ea9,Method_5Q4KoXthUuYz3bvrTDFm,方法5,35,0.175,17.5
ed4b51eb098deb0ba58e,Method_Cj9Ya2R7fZd6xs1q5mNQ,方法1,32,0.252,25.2
ed4b51eb098deb0ba58e,Method_gj1NLb4Jn7URf9K2kQPd,方法2,27,0.2126,21.26
ed4b51eb098deb0ba58e,Method_m8vwGkEZc3TSW2xqYUoR,方法3,26,0.2047,20.47
ed4b51eb098deb0ba58e,Method_5Q4KoXthUuYz3bvrTDFm,方法4,22,0.1732,17.32
ed4b51eb098deb0ba58e,Method_BXr9AIsPQhwNvyGdZL57,方法5,20,0.1575,15.75
b4a2138f577d9306f593,Method_5Q4KoXthUuYz3bvrTDFm,方法1,56,0.2171,21.71
b4a2138f577d9306f593,Method_BXr9AIsPQhwNvyGdZL57,方法2,55,0.2132,21.32
b4a2138f577d9306f593,Method_gj1NLb4Jn7URf9K2kQPd,方法3,52,0.2016,20.16
b4a2138f577d9306f593,Method_Cj9Ya2R7fZd6xs1q5mNQ,方法4,50,0.1938,19.38
b4a2138f577d9306f593,Method_m8vwGkEZc3TSW2xqYUoR,方法5,45,0.1744,17.44
76366e9c264169b2bae1,Method_5Q4KoXthUuYz3bvrTDFm,方法1,34,0.2361,23.61
76366e9c264169b2bae1,Method_gj1NLb4Jn7URf9K2kQPd,方法2,31,0.2153,21.53
76366e9c264169b2bae1,Method_BXr9AIsPQhwNvyGdZL57,方法3,30,0.2083,20.83
76366e9c264169b2bae1,Method_Cj9Ya2R7fZd6xs1q5mNQ,方法4,26,0.1806,18.06
76366e9c264169b2bae1,Method_m8vwGkEZc3TSW2xqYUoR,方法5,23,0.1597,15.97
d059dfed16a6d1ca6ddf,Method_m8vwGkEZc3TSW2xqYUoR,方法1,38,0.2657,26.57
d059dfed16a6d1ca6ddf,Method_5Q4KoXthUuYz3bvrTDFm,方法2,32,0.2238,22.38
d059dfed16a6d1ca6ddf,Method_Cj9Ya2R7fZd6xs1q5mNQ,方法3,30,0.2098,20.98
d059dfed16a6d1ca6ddf,Method_BXr9AIsPQhwNvyGdZL57,方法4,24,0.1678,16.78
d059dfed16a6d1ca6ddf,Method_gj1NLb4Jn7URf9K2kQPd,方法5,19,0.1329,13.29
0b828e1ae026c57b34dd,Method_m8vwGkEZc3TSW2xqYUoR,方法1,17,0.2361,23.61
0b828e1ae026c57b34dd,Method_5Q4KoXthUuYz3bvrTDFm,方法2,17,0.2361,23.61
0b828e1ae026c57b34dd,Method_gj1NLb4Jn7URf9K2kQPd,方法3,17,0.2361,23.61
0b828e1ae026c57b34dd,Method_BXr9AIsPQhwNvyGdZL57,方法4,13,0.1806,18.06
0b828e1ae026c57b34dd,Method_Cj9Ya2R7fZd6xs1q5mNQ,方法5,8,0.1111,11.11
b1976734aee3bf129820,Method_BXr9AIsPQhwNvyGdZL57,方法1,42,0.2428,24.28
b1976734aee3bf129820,Method_m8vwGkEZc3TSW2xqYUoR,方法2,38,0.2197,21.97
b1976734aee3bf129820,Method_Cj9Ya2R7fZd6xs1q5mNQ,方法3,32,0.185,18.5
b1976734aee3bf129820,Method_5Q4KoXthUuYz3bvrTDFm,方法4,32,0.185,18.5
b1976734aee3bf129820,Method_gj1NLb4Jn7URf9K2kQPd,方法5,29,0.1676,16.76
50673b01fd2b0c765572,Method_m8vwGkEZc3TSW2xqYUoR,方法1,36,0.2769,27.69
50673b01fd2b0c765572,Method_5Q4KoXthUuYz3bvrTDFm,方法2,32,0.2462,24.62
50673b01fd2b0c765572,Method_Cj9Ya2R7fZd6xs1q5mNQ,方法3,23,0.1769,17.69
50673b01fd2b0c765572,Method_BXr9AIsPQhwNvyGdZL57,方法4,20,0.1538,15.38
50673b01fd2b0c765572,Method_gj1NLb4Jn7URf9K2kQPd,方法5,19,0.1462,14.62
b3ac0cebf20ee45135ca,Method_Cj9Ya2R7fZd6xs1q5mNQ,方法1,36,0.225,22.5
b3ac0cebf20ee45135ca,Method_gj1NLb4Jn7URf9K2kQPd,方法2,35,0.2188,21.88
b3ac0cebf20ee45135ca,Method_m8vwGkEZc3TSW2xqYUoR,方法3,31,0.1938,19.38
b3ac0cebf20ee45135ca,Method_BXr9AIsPQhwNvyGdZL57,方法4,30,0.1875,18.75
b3ac0cebf20ee45135ca,Method_5Q4KoXthUuYz3bvrTDFm,方法5,28,0.175,17.5
74137c4db75be61c10fa,Method_Cj9Ya2R7fZd6xs1q5mNQ,方法1,42,0.2471,24.71
74137c4db75be61c10fa,Method_gj1NLb4Jn7URf9K2kQPd,方法2,36,0.2118,21.18
74137c4db75be61c10fa,Method_m8vwGkEZc3TSW2xqYUoR,方法3,34,0.2,20.0
74137c4db75be61c10fa,Method_BXr9AIsPQhwNvyGdZL57,方法4,30,0.1765,17.65
74137c4db75be61c10fa,Method_5Q4KoXthUuYz3bvrTDFm,方法5,28,0.1647,16.47
781f69b185122bfaddca,Method_gj1NLb4Jn7URf9K2kQPd,方法1,25,0.2551,25.51
781f69b185122bfaddca,Method_Cj9Ya2R7fZd6xs1q5mNQ,方法2,22,0.2245,22.45
781f69b185122bfaddca,Method_5Q4KoXthUuYz3bvrTDFm,方法3,19,0.1939,19.39
781f69b185122bfaddca,Method_m8vwGkEZc3TSW2xqYUoR,方法4,18,0.1837,18.37
781f69b185122bfaddca,Method_BXr9AIsPQhwNvyGdZL57,方法5,14,0.1429,14.29
744e7141564ed216b812,Method_m8vwGkEZc3TSW2xqYUoR,方法1,15,0.2679,26.79
744e7141564ed216b812,Method_BXr9AIsPQhwNvyGdZL57,方法2,14,0.25,25.0
744e7141564ed216b812,Method_gj1NLb4Jn7URf9K2kQPd,方法3,10,0.1786,17.86
744e7141564ed216b812,Method_5Q4KoXthUuYz3bvrTDFm,方法4,9,0.1607,16.07
744e7141564ed216b812,Method_Cj9Ya2R7fZd6xs1q5mNQ,方法5,8,0.1429,14.29
3c1b9222136b752563f6,Method_Cj9Ya2R7fZd6xs1q5mNQ,方法1,15,0.2459,24.59
3c1b9222136b752563f6,Method_m8vwGkEZc3TSW2xqYUoR,方法2,14,0.2295,22.95
3c1b9222136b752563f6,Method_5Q4KoXthUuYz3bvrTDFm,方法3,14,0.2295,22.95
3c1b9222136b752563f6,Method_gj1NLb4Jn7URf9K2kQPd,方法4,9,0.1475,14.75
3c1b9222136b752563f6,Method_BXr9AIsPQhwNvyGdZL57,方法5,9,0.1475,14.75
48a96425072cefa0dc69,Method_5Q4KoXthUuYz3bvrTDFm,方法1,28,0.2857,28.57
48a96425072cefa0dc69,Method_BXr9AIsPQhwNvyGdZL57,方法2,27,0.2755,27.55
48a96425072cefa0dc69,Method_gj1NLb4Jn7URf9K2kQPd,方法3,17,0.1735,17.35
48a96425072cefa0dc69,Method_m8vwGkEZc3TSW2xqYUoR,方法4,16,0.1633,16.33
48a96425072cefa0dc69,Method_Cj9Ya2R7fZd6xs1q5mNQ,方法5,10,0.102,10.2
8ee4fdce37fceab5620a,Method_gj1NLb4Jn7URf9K2kQPd,方法1,15,0.2885,28.85
8ee4fdce37fceab5620a,Method_5Q4KoXthUuYz3bvrTDFm,方法2,13,0.25,25.0
8ee4fdce37fceab5620a,Method_BXr9AIsPQhwNvyGdZL57,方法3,8,0.1538,15.38
8ee4fdce37fceab5620a,Method_Cj9Ya2R7fZd6xs1q5mNQ,方法4,8,0.1538,15.38
8ee4fdce37fceab5620a,Method_m8vwGkEZc3TSW2xqYUoR,方法5,8,0.1538,15.38
d6d4488fa27e11465974,Method_m8vwGkEZc3TSW2xqYUoR,方法1,16,0.2857,28.57
d6d4488fa27e11465974,Method_gj1NLb4Jn7URf9K2kQPd,方法2,12,0.2143,21.43
d6d4488fa27e11465974,Method_BXr9AIsPQhwNvyGdZL57,方法3,12,0.2143,21.43
d6d4488fa27e11465974,Method_Cj9Ya2R7fZd6xs1q5mNQ,方法4,9,0.1607,16.07
d6d4488fa27e11465974,Method_5Q4KoXthUuYz3bvrTDFm,方法5,7,0.125,12.5
6efd353d32bd3d908b23,Method_BXr9AIsPQhwNvyGdZL57,方法1,28,0.2523,25.23
6efd353d32bd3d908b23,Method_Cj9Ya2R7fZd6xs1q5mNQ,方法2,22,0.1982,19.82
6efd353d32bd3d908b23,Method_gj1NLb4Jn7URf9K2kQPd,方法3,22,0.1982,19.82
6efd353d32bd3d908b23,Method_m8vwGkEZc3TSW2xqYUoR,方法4,21,0.1892,18.92
6efd353d32bd3d908b23,Method_5Q4KoXthUuYz3bvrTDFm,方法5,18,0.1622,16.22
4ca5c8ea55be09213d14,Method_gj1NLb4Jn7URf9K2kQPd,方法1,23,0.2396,23.96
4ca5c8ea55be09213d14,Method_Cj9Ya2R7fZd6xs1q5mNQ,方法2,20,0.2083,20.83
4ca5c8ea55be09213d14,Method_5Q4KoXthUuYz3bvrTDFm,方法3,20,0.2083,20.83
4ca5c8ea55be09213d14,Method_m8vwGkEZc3TSW2xqYUoR,方法4,18,0.1875,18.75
4ca5c8ea55be09213d14,Method_BXr9AIsPQhwNvyGdZL57,方法5,15,0.1562,15.62
ec86426a6e0331d06091,Method_5Q4KoXthUuYz3bvrTDFm,方法1,24,0.2824,28.24
ec86426a6e0331d06091,Method_gj1NLb4Jn7URf9K2kQPd,方法2,19,0.2235,22.35
ec86426a6e0331d06091,Method_Cj9Ya2R7fZd6xs1q5mNQ,方法3,17,0.2,20.0
ec86426a6e0331d06091,Method_m8vwGkEZc3TSW2xqYUoR,方法4,13,0.1529,15.29
ec86426a6e0331d06091,Method_BXr9AIsPQhwNvyGdZL57,方法5,12,0.1412,14.12
09400a9b50b6c96c5510,Method_m8vwGkEZc3TSW2xqYUoR,方法1,33,0.2409,24.09
09400a9b50b6c96c5510,Method_BXr9AIsPQhwNvyGdZL57,方法2,29,0.2117,21.17
09400a9b50b6c96c5510,Method_gj1NLb4Jn7URf9K2kQPd,方法3,27,0.1971,19.71
09400a9b50b6c96c5510,Method_5Q4KoXthUuYz3bvrTDFm,方法4,25,0.1825,18.25
09400a9b50b6c96c5510,Method_Cj9Ya2R7fZd6xs1q5mNQ,方法5,23,0.1679,16.79
f5jwwahac3fyc6rq5tex,Method_m8vwGkEZc3TSW2xqYUoR,方法1,25,0.2358,23.58
f5jwwahac3fyc6rq5tex,Method_5Q4KoXthUuYz3bvrTDFm,方法2,22,0.2075,20.75
f5jwwahac3fyc6rq5tex,Method_Cj9Ya2R7fZd6xs1q5mNQ,方法3,21,0.1981,19.81
f5jwwahac3fyc6rq5tex,Method_BXr9AIsPQhwNvyGdZL57,方法4,20,0.1887,18.87
f5jwwahac3fyc6rq5tex,Method_gj1NLb4Jn7URf9K2kQPd,方法5,18,0.1698,16.98
mwmft9w9vjod1g7jidmb,Method_5Q4KoXthUuYz3bvrTDFm,方法1,25,0.2358,23.58
mwmft9w9vjod1g7jidmb,Method_m8vwGkEZc3TSW2xqYUoR,方法2,22,0.2075,20.75
mwmft9w9vjod1g7jidmb,Method_Cj9Ya2R7fZd6xs1q5mNQ,方法3,21,0.1981,19.81
mwmft9w9vjod1g7jidmb,Method_BXr9AIsPQhwNvyGdZL57,方法4,20,0.1887,18.87
mwmft9w9vjod1g7jidmb,Method_gj1NLb4Jn7URf9K2kQPd,方法5,18,0.1698,16.98
zprxec1qxs8nqsmc5830,Method_5Q4KoXthUuYz3bvrTDFm,方法1,32,0.2645,26.45
zprxec1qxs8nqsmc5830,Method_m8vwGkEZc3TSW2xqYUoR,方法2,25,0.2066,20.66
zprxec1qxs8nqsmc5830,Method_gj1NLb4Jn7URf9K2kQPd,方法3,25,0.2066,20.66
zprxec1qxs8nqsmc5830,Method_BXr9AIsPQhwNvyGdZL57,方法4,23,0.1901,19.01
zprxec1qxs8nqsmc5830,Method_Cj9Ya2R7fZd6xs1q5mNQ,方法5,16,0.1322,13.22
cygc6ulxpz04ex7under,Method_m8vwGkEZc3TSW2xqYUoR,方法1,29,0.2843,28.43
cygc6ulxpz04ex7under,Method_BXr9AIsPQhwNvyGdZL57,方法2,26,0.2549,25.49
cygc6ulxpz04ex7under,Method_gj1NLb4Jn7URf9K2kQPd,方法3,18,0.1765,17.65
cygc6ulxpz04ex7under,Method_Cj9Ya2R7fZd6xs1q5mNQ,方法4,18,0.1765,17.65
cygc6ulxpz04ex7under,Method_5Q4KoXthUuYz3bvrTDFm,方法5,11,0.1078,10.78
m4qqnaq8p8fn7b7bl5ic,Method_BXr9AIsPQhwNvyGdZL57,方法1,29,0.2736,27.36
m4qqnaq8p8fn7b7bl5ic,Method_gj1NLb4Jn7URf9K2kQPd,方法2,22,0.2075,20.75
m4qqnaq8p8fn7b7bl5ic,Method_5Q4KoXthUuYz3bvrTDFm,方法3,21,0.1981,19.81
m4qqnaq8p8fn7b7bl5ic,Method_Cj9Ya2R7fZd6xs1q5mNQ,方法4,17,0.1604,16.04
m4qqnaq8p8fn7b7bl5ic,Method_m8vwGkEZc3TSW2xqYUoR,方法5,17,0.1604,16.04
sx57v4y3hp52f9selxdo,Method_BXr9AIsPQhwNvyGdZL57,方法1,27,0.2596,25.96
sx57v4y3hp52f9selxdo,Method_5Q4KoXthUuYz3bvrTDFm,方法2,24,0.2308,23.08
sx57v4y3hp52f9selxdo,Method_gj1NLb4Jn7URf9K2kQPd,方法3,21,0.2019,20.19
sx57v4y3hp52f9selxdo,Method_m8vwGkEZc3TSW2xqYUoR,方法4,18,0.1731,17.31
sx57v4y3hp52f9selxdo,Method_Cj9Ya2R7fZd6xs1q5mNQ,方法5,14,0.1346,13.46
ksm67082xy9g2wnalt38,Method_BXr9AIsPQhwNvyGdZL57,方法1,25,0.2212,22.12
ksm67082xy9g2wnalt38,Method_gj1NLb4Jn7URf9K2kQPd,方法2,24,0.2124,21.24
ksm67082xy9g2wnalt38,Method_m8vwGkEZc3TSW2xqYUoR,方法3,22,0.1947,19.47
ksm67082xy9g2wnalt38,Method_Cj9Ya2R7fZd6xs1q5mNQ,方法4,22,0.1947,19.47
ksm67082xy9g2wnalt38,Method_5Q4KoXthUuYz3bvrTDFm,方法5,20,0.177,17.7
58widcj6smafuwyqxw2m,Method_BXr9AIsPQhwNvyGdZL57,方法1,28,0.2435,24.35
58widcj6smafuwyqxw2m,Method_m8vwGkEZc3TSW2xqYUoR,方法2,25,0.2174,21.74
58widcj6smafuwyqxw2m,Method_5Q4KoXthUuYz3bvrTDFm,方法3,24,0.2087,20.87
58widcj6smafuwyqxw2m,Method_Cj9Ya2R7fZd6xs1q5mNQ,方法4,21,0.1826,18.26
58widcj6smafuwyqxw2m,Method_gj1NLb4Jn7URf9K2kQPd,方法5,17,0.1478,14.78
n3dkt0eq0ekpby9lv06i,Method_m8vwGkEZc3TSW2xqYUoR,方法1,25,0.2604,26.04
n3dkt0eq0ekpby9lv06i,Method_Cj9Ya2R7fZd6xs1q5mNQ,方法2,20,0.2083,20.83
n3dkt0eq0ekpby9lv06i,Method_5Q4KoXthUuYz3bvrTDFm,方法3,20,0.2083,20.83
n3dkt0eq0ekpby9lv06i,Method_gj1NLb4Jn7URf9K2kQPd,方法4,17,0.1771,17.71
n3dkt0eq0ekpby9lv06i,Method_BXr9AIsPQhwNvyGdZL57,方法5,14,0.1458,14.58
v4k20n9xryqdpe6fx42x,Method_5Q4KoXthUuYz3bvrTDFm,方法1,24,0.2308,23.08
v4k20n9xryqdpe6fx42x,Method_BXr9AIsPQhwNvyGdZL57,方法2,23,0.2212,22.12
v4k20n9xryqdpe6fx42x,Method_m8vwGkEZc3TSW2xqYUoR,方法3,21,0.2019,20.19
v4k20n9xryqdpe6fx42x,Method_gj1NLb4Jn7URf9K2kQPd,方法4,18,0.1731,17.31
v4k20n9xryqdpe6fx42x,Method_Cj9Ya2R7fZd6xs1q5mNQ,方法5,18,0.1731,17.31
35wcdp4s13xmtyq5f7os,Method_gj1NLb4Jn7URf9K2kQPd,方法1,24,0.2264,22.64
35wcdp4s13xmtyq5f7os,Method_m8vwGkEZc3TSW2xqYUoR,方法2,24,0.2264,22.64
35wcdp4s13xmtyq5f7os,Method_5Q4KoXthUuYz3bvrTDFm,方法3,23,0.217,21.7
35wcdp4s13xmtyq5f7os,Method_BXr9AIsPQhwNvyGdZL57,方法4,18,0.1698,16.98
35wcdp4s13xmtyq5f7os,Method_Cj9Ya2R7fZd6xs1q5mNQ,方法5,17,0.1604,16.04
2ddkknvpbz2j9wlvybtj,Method_m8vwGkEZc3TSW2xqYUoR,方法1,28,0.2569,25.69
2ddkknvpbz2j9wlvybtj,Method_BXr9AIsPQhwNvyGdZL57,方法2,24,0.2202,22.02
2ddkknvpbz2j9wlvybtj,Method_Cj9Ya2R7fZd6xs1q5mNQ,方法3,21,0.1927,19.27
2ddkknvpbz2j9wlvybtj,Method_gj1NLb4Jn7URf9K2kQPd,方法4,20,0.1835,18.35
2ddkknvpbz2j9wlvybtj,Method_5Q4KoXthUuYz3bvrTDFm,方法5,16,0.1468,14.68
10qi28ikwz4c4v22b06i,Method_m8vwGkEZc3TSW2xqYUoR,方法1,29,0.2788,27.88
10qi28ikwz4c4v22b06i,Method_gj1NLb4Jn7URf9K2kQPd,方法2,20,0.1923,19.23
10qi28ikwz4c4v22b06i,Method_BXr9AIsPQhwNvyGdZL57,方法3,19,0.1827,18.27
10qi28ikwz4c4v22b06i,Method_Cj9Ya2R7fZd6xs1q5mNQ,方法4,18,0.1731,17.31
10qi28ikwz4c4v22b06i,Method_5Q4KoXthUuYz3bvrTDFm,方法5,18,0.1731,17.31
9b0guld0vdm0ggmmfb8k,Method_gj1NLb4Jn7URf9K2kQPd,方法1,22,0.22,22.0
9b0guld0vdm0ggmmfb8k,Method_m8vwGkEZc3TSW2xqYUoR,方法2,22,0.22,22.0
9b0guld0vdm0ggmmfb8k,Method_BXr9AIsPQhwNvyGdZL57,方法3,20,0.2,20.0
9b0guld0vdm0ggmmfb8k,Method_Cj9Ya2R7fZd6xs1q5mNQ,方法4,20,0.2,20.0
9b0guld0vdm0ggmmfb8k,Method_5Q4KoXthUuYz3bvrTDFm,方法5,16,0.16,16.0
1t6e0wa99fijxi3ssnzk,Method_BXr9AIsPQhwNvyGdZL57,方法1,20,0.2198,21.98
1t6e0wa99fijxi3ssnzk,Method_5Q4KoXthUuYz3bvrTDFm,方法2,20,0.2198,21.98
1t6e0wa99fijxi3ssnzk,Method_Cj9Ya2R7fZd6xs1q5mNQ,方法3,18,0.1978,19.78
1t6e0wa99fijxi3ssnzk,Method_m8vwGkEZc3TSW2xqYUoR,方法4,17,0.1868,18.68
1t6e0wa99fijxi3ssnzk,Method_gj1NLb4Jn7URf9K2kQPd,方法5,16,0.1758,17.58
q1movls9kc4kglv6sb5g,Method_m8vwGkEZc3TSW2xqYUoR,方法1,26,0.2261,22.61
q1movls9kc4kglv6sb5g,Method_BXr9AIsPQhwNvyGdZL57,方法2,25,0.2174,21.74
q1movls9kc4kglv6sb5g,Method_gj1NLb4Jn7URf9K2kQPd,方法3,22,0.1913,19.13
q1movls9kc4kglv6sb5g,Method_5Q4KoXthUuYz3bvrTDFm,方法4,21,0.1826,18.26
q1movls9kc4kglv6sb5g,Method_Cj9Ya2R7fZd6xs1q5mNQ,方法5,21,0.1826,18.26
628bztd9ybuth5efk7nw,Method_Cj9Ya2R7fZd6xs1q5mNQ,方法1,33,0.264,26.4
628bztd9ybuth5efk7nw,Method_m8vwGkEZc3TSW2xqYUoR,方法2,31,0.248,24.8
628bztd9ybuth5efk7nw,Method_BXr9AIsPQhwNvyGdZL57,方法3,21,0.168,16.8
628bztd9ybuth5efk7nw,Method_5Q4KoXthUuYz3bvrTDFm,方法4,20,0.16,16.0
628bztd9ybuth5efk7nw,Method_gj1NLb4Jn7URf9K2kQPd,方法5,20,0.16,16.0
vbgs2hp7aiiw880dpm1s,Method_m8vwGkEZc3TSW2xqYUoR,方法1,29,0.2685,26.85
vbgs2hp7aiiw880dpm1s,Method_gj1NLb4Jn7URf9K2kQPd,方法2,25,0.2315,23.15
vbgs2hp7aiiw880dpm1s,Method_Cj9Ya2R7fZd6xs1q5mNQ,方法3,19,0.1759,17.59
vbgs2hp7aiiw880dpm1s,Method_BXr9AIsPQhwNvyGdZL57,方法4,18,0.1667,16.67
vbgs2hp7aiiw880dpm1s,Method_5Q4KoXthUuYz3bvrTDFm,方法5,17,0.1574,15.74
n2bgnbybijni2e9crs4x,Method_BXr9AIsPQhwNvyGdZL57,方法1,25,0.2404,24.04
n2bgnbybijni2e9crs4x,Method_5Q4KoXthUuYz3bvrTDFm,方法2,21,0.2019,20.19
n2bgnbybijni2e9crs4x,Method_m8vwGkEZc3TSW2xqYUoR,方法3,21,0.2019,20.19
n2bgnbybijni2e9crs4x,Method_gj1NLb4Jn7URf9K2kQPd,方法4,19,0.1827,18.27
n2bgnbybijni2e9crs4x,Method_Cj9Ya2R7fZd6xs1q5mNQ,方法5,18,0.1731,17.31
scl0uh5ig9ehluvs46h2,Method_m8vwGkEZc3TSW2xqYUoR,方法1,26,0.2167,21.67
scl0uh5ig9ehluvs46h2,Method_5Q4KoXthUuYz3bvrTDFm,方法2,25,0.2083,20.83
scl0uh5ig9ehluvs46h2,Method_gj1NLb4Jn7URf9K2kQPd,方法3,24,0.2,20.0
scl0uh5ig9ehluvs46h2,Method_BXr9AIsPQhwNvyGdZL57,方法4,23,0.1917,19.17
scl0uh5ig9ehluvs46h2,Method_Cj9Ya2R7fZd6xs1q5mNQ,方法5,22,0.1833,18.33
uzk23hynw87co5ru0tr8,Method_BXr9AIsPQhwNvyGdZL57,方法1,28,0.2276,22.76
uzk23hynw87co5ru0tr8,Method_m8vwGkEZc3TSW2xqYUoR,方法2,25,0.2033,20.33
uzk23hynw87co5ru0tr8,Method_gj1NLb4Jn7URf9K2kQPd,方法3,24,0.1951,19.51
uzk23hynw87co5ru0tr8,Method_5Q4KoXthUuYz3bvrTDFm,方法4,24,0.1951,19.51
uzk23hynw87co5ru0tr8,Method_Cj9Ya2R7fZd6xs1q5mNQ,方法5,22,0.1789,17.89
8wkyo305dh8esq6eop37,Method_5Q4KoXthUuYz3bvrTDFm,方法1,27,0.2647,26.47
8wkyo305dh8esq6eop37,Method_Cj9Ya2R7fZd6xs1q5mNQ,方法2,25,0.2451,24.51
8wkyo305dh8esq6eop37,Method_gj1NLb4Jn7URf9K2kQPd,方法3,20,0.1961,19.61
8wkyo305dh8esq6eop37,Method_BXr9AIsPQhwNvyGdZL57,方法4,16,0.1569,15.69
8wkyo305dh8esq6eop37,Method_m8vwGkEZc3TSW2xqYUoR,方法5,14,0.1373,13.73
mm5p2ct8c21h4q753p3n,Method_5Q4KoXthUuYz3bvrTDFm,方法1,25,0.2273,22.73
mm5p2ct8c21h4q753p3n,Method_m8vwGkEZc3TSW2xqYUoR,方法2,24,0.2182,21.82
mm5p2ct8c21h4q753p3n,Method_Cj9Ya2R7fZd6xs1q5mNQ,方法3,21,0.1909,19.09
mm5p2ct8c21h4q753p3n,Method_BXr9AIsPQhwNvyGdZL57,方法4,21,0.1909,19.09
mm5p2ct8c21h4q753p3n,Method_gj1NLb4Jn7URf9K2kQPd,方法5,19,0.1727,17.27
e58gk2f3crnwqnx0gett,Method_m8vwGkEZc3TSW2xqYUoR,方法1,23,0.2447,24.47
e58gk2f3crnwqnx0gett,Method_gj1NLb4Jn7URf9K2kQPd,方法2,20,0.2128,21.28
e58gk2f3crnwqnx0gett,Method_Cj9Ya2R7fZd6xs1q5mNQ,方法3,19,0.2021,20.21
e58gk2f3crnwqnx0gett,Method_5Q4KoXthUuYz3bvrTDFm,方法4,16,0.1702,17.02
e58gk2f3crnwqnx0gett,Method_BXr9AIsPQhwNvyGdZL57,方法5,16,0.1702,17.02
2xsbkm76x36qvddrl2yo,Method_m8vwGkEZc3TSW2xqYUoR,方法1,24,0.25,25.0
2xsbkm76x36qvddrl2yo,Method_BXr9AIsPQhwNvyGdZL57,方法2,24,0.25,25.0
2xsbkm76x36qvddrl2yo,Method_Cj9Ya2R7fZd6xs1q5mNQ,方法3,20,0.2083,20.83
2xsbkm76x36qvddrl2yo,Method_5Q4KoXthUuYz3bvrTDFm,方法4,20,0.2083,20.83
2xsbkm76x36qvddrl2yo,Method_gj1NLb4Jn7URf9K2kQPd,方法5,8,0.0833,8.33
sbb3va36jvpkdpj257ek,Method_gj1NLb4Jn7URf9K2kQPd,方法1,22,0.2056,20.56
sbb3va36jvpkdpj257ek,Method_5Q4KoXthUuYz3bvrTDFm,方法2,22,0.2056,20.56
sbb3va36jvpkdpj257ek,Method_m8vwGkEZc3TSW2xqYUoR,方法3,21,0.1963,19.63
sbb3va36jvpkdpj257ek,Method_BXr9AIsPQhwNvyGdZL57,方法4,21,0.1963,19.63
sbb3va36jvpkdpj257ek,Method_Cj9Ya2R7fZd6xs1q5mNQ,方法5,21,0.1963,19.63
uon3zzl9a1zr5zmeodmr,Method_5Q4KoXthUuYz3bvrTDFm,方法1,22,0.2391,23.91
uon3zzl9a1zr5zmeodmr,Method_m8vwGkEZc3TSW2xqYUoR,方法2,19,0.2065,20.65
uon3zzl9a1zr5zmeodmr,Method_Cj9Ya2R7fZd6xs1q5mNQ,方法3,18,0.1957,19.57
uon3zzl9a1zr5zmeodmr,Method_gj1NLb4Jn7URf9K2kQPd,方法4,18,0.1957,19.57
uon3zzl9a1zr5zmeodmr,Method_BXr9AIsPQhwNvyGdZL57,方法5,15,0.163,16.3
erjfooit15024g7nj8co,Method_Cj9Ya2R7fZd6xs1q5mNQ,方法1,26,0.2453,24.53
erjfooit15024g7nj8co,Method_BXr9AIsPQhwNvyGdZL57,方法2,25,0.2358,23.58
erjfooit15024g7nj8co,Method_5Q4KoXthUuYz3bvrTDFm,方法3,20,0.1887,18.87
erjfooit15024g7nj8co,Method_gj1NLb4Jn7URf9K2kQPd,方法4,18,0.1698,16.98
erjfooit15024g7nj8co,Method_m8vwGkEZc3TSW2xqYUoR,方法5,17,0.1604,16.04
pgrig4vo54owe59j2j5f,Method_BXr9AIsPQhwNvyGdZL57,方法1,26,0.243,24.3
pgrig4vo54owe59j2j5f,Method_m8vwGkEZc3TSW2xqYUoR,方法2,25,0.2336,23.36
pgrig4vo54owe59j2j5f,Method_5Q4KoXthUuYz3bvrTDFm,方法3,22,0.2056,20.56
pgrig4vo54owe59j2j5f,Method_Cj9Ya2R7fZd6xs1q5mNQ,方法4,19,0.1776,17.76
pgrig4vo54owe59j2j5f,Method_gj1NLb4Jn7URf9K2kQPd,方法5,15,0.1402,14.02
i8ryguu9cpkrb6ouhwqq,Method_m8vwGkEZc3TSW2xqYUoR,方法1,31,0.246,24.6
i8ryguu9cpkrb6ouhwqq,Method_gj1NLb4Jn7URf9K2kQPd,方法2,27,0.2143,21.43
i8ryguu9cpkrb6ouhwqq,Method_5Q4KoXthUuYz3bvrTDFm,方法3,26,0.2063,20.63
i8ryguu9cpkrb6ouhwqq,Method_Cj9Ya2R7fZd6xs1q5mNQ,方法4,25,0.1984,19.84
i8ryguu9cpkrb6ouhwqq,Method_BXr9AIsPQhwNvyGdZL57,方法5,17,0.1349,13.49
j07d6onchxesk14v7b8w,Method_BXr9AIsPQhwNvyGdZL57,方法1,22,0.2391,23.91
j07d6onchxesk14v7b8w,Method_gj1NLb4Jn7URf9K2kQPd,方法2,22,0.2391,23.91
j07d6onchxesk14v7b8w,Method_m8vwGkEZc3TSW2xqYUoR,方法3,19,0.2065,20.65
j07d6onchxesk14v7b8w,Method_Cj9Ya2R7fZd6xs1q5mNQ,方法4,16,0.1739,17.39
j07d6onchxesk14v7b8w,Method_5Q4KoXthUuYz3bvrTDFm,方法5,13,0.1413,14.13
wfsgbko6rfmajn85khu4,Method_m8vwGkEZc3TSW2xqYUoR,方法1,22,0.2418,24.18
wfsgbko6rfmajn85khu4,Method_gj1NLb4Jn7URf9K2kQPd,方法2,21,0.2308,23.08
wfsgbko6rfmajn85khu4,Method_Cj9Ya2R7fZd6xs1q5mNQ,方法3,17,0.1868,18.68
wfsgbko6rfmajn85khu4,Method_5Q4KoXthUuYz3bvrTDFm,方法4,16,0.1758,17.58
wfsgbko6rfmajn85khu4,Method_BXr9AIsPQhwNvyGdZL57,方法5,15,0.1648,16.48
0m8o7nuv982vnv3328qw,Method_m8vwGkEZc3TSW2xqYUoR,方法1,23,0.25,25.0
0m8o7nuv982vnv3328qw,Method_BXr9AIsPQhwNvyGdZL57,方法2,21,0.2283,22.83
0m8o7nuv982vnv3328qw,Method_gj1NLb4Jn7URf9K2kQPd,方法3,20,0.2174,21.74
0m8o7nuv982vnv3328qw,Method_Cj9Ya2R7fZd6xs1q5mNQ,方法4,15,0.163,16.3
0m8o7nuv982vnv3328qw,Method_5Q4KoXthUuYz3bvrTDFm,方法5,13,0.1413,14.13
amzij11bls4wa79p3cj8,Method_m8vwGkEZc3TSW2xqYUoR,方法1,36,0.3364,33.64
amzij11bls4wa79p3cj8,Method_BXr9AIsPQhwNvyGdZL57,方法2,20,0.1869,18.69
amzij11bls4wa79p3cj8,Method_Cj9Ya2R7fZd6xs1q5mNQ,方法3,18,0.1682,16.82
amzij11bls4wa79p3cj8,Method_gj1NLb4Jn7URf9K2kQPd,方法4,17,0.1589,15.89
amzij11bls4wa79p3cj8,Method_5Q4KoXthUuYz3bvrTDFm,方法5,16,0.1495,14.95
axunv0aihh5wvi27tx50,Method_BXr9AIsPQhwNvyGdZL57,方法1,21,0.2258,22.58
axunv0aihh5wvi27tx50,Method_5Q4KoXthUuYz3bvrTDFm,方法2,21,0.2258,22.58
axunv0aihh5wvi27tx50,Method_m8vwGkEZc3TSW2xqYUoR,方法3,20,0.2151,21.51
axunv0aihh5wvi27tx50,Method_gj1NLb4Jn7URf9K2kQPd,方法4,20,0.2151,21.51
axunv0aihh5wvi27tx50,Method_Cj9Ya2R7fZd6xs1q5mNQ,方法5,11,0.1183,11.83
6837091518a3524730fb,Method_Cj9Ya2R7fZd6xs1q5mNQ,方法1,68,0.2152,21.52
6837091518a3524730fb,Method_BXr9AIsPQhwNvyGdZL57,方法2,65,0.2057,20.57
6837091518a3524730fb,Method_5Q4KoXthUuYz3bvrTDFm,方法3,61,0.193,19.3
6837091518a3524730fb,Method_gj1NLb4Jn7URf9K2kQPd,方法4,61,0.193,19.3
6837091518a3524730fb,Method_m8vwGkEZc3TSW2xqYUoR,方法5,61,0.193,19.3
b050239b47c66a7280c9,Method_5Q4KoXthUuYz3bvrTDFm,方法1,32,0.25,25.0
b050239b47c66a7280c9,Method_gj1NLb4Jn7URf9K2kQPd,方法2,30,0.2344,23.44
b050239b47c66a7280c9,Method_BXr9AIsPQhwNvyGdZL57,方法3,27,0.2109,21.09
b050239b47c66a7280c9,Method_m8vwGkEZc3TSW2xqYUoR,方法4,25,0.1953,19.53
b050239b47c66a7280c9,Method_Cj9Ya2R7fZd6xs1q5mNQ,方法5,14,0.1094,10.94
bc7286901f708e9069eb,Method_gj1NLb4Jn7URf9K2kQPd,方法1,26,0.2385,23.85
bc7286901f708e9069eb,Method_Cj9Ya2R7fZd6xs1q5mNQ,方法2,25,0.2294,22.94
bc7286901f708e9069eb,Method_BXr9AIsPQhwNvyGdZL57,方法3,21,0.1927,19.27
bc7286901f708e9069eb,Method_5Q4KoXthUuYz3bvrTDFm,方法4,20,0.1835,18.35
bc7286901f708e9069eb,Method_m8vwGkEZc3TSW2xqYUoR,方法5,17,0.156,15.6
e877c03b218bddedd3b8,Method_gj1NLb4Jn7URf9K2kQPd,方法1,32,0.2406,24.06
e877c03b218bddedd3b8,Method_Cj9Ya2R7fZd6xs1q5mNQ,方法2,31,0.2331,23.31
e877c03b218bddedd3b8,Method_BXr9AIsPQhwNvyGdZL57,方法3,29,0.218,21.8
e877c03b218bddedd3b8,Method_m8vwGkEZc3TSW2xqYUoR,方法4,24,0.1805,18.05
e877c03b218bddedd3b8,Method_5Q4KoXthUuYz3bvrTDFm,方法5,17,0.1278,12.78
8f9ecba976a15fa5d900,Method_m8vwGkEZc3TSW2xqYUoR,方法1,26,0.2626,26.26
8f9ecba976a15fa5d900,Method_5Q4KoXthUuYz3bvrTDFm,方法2,23,0.2323,23.23
8f9ecba976a15fa5d900,Method_Cj9Ya2R7fZd6xs1q5mNQ,方法3,19,0.1919,19.19
8f9ecba976a15fa5d900,Method_BXr9AIsPQhwNvyGdZL57,方法4,18,0.1818,18.18
8f9ecba976a15fa5d900,Method_gj1NLb4Jn7URf9K2kQPd,方法5,13,0.1313,13.13
6cbcdec2dffbcf09a91a,Method_BXr9AIsPQhwNvyGdZL57,方法1,13,0.2653,26.53
6cbcdec2dffbcf09a91a,Method_Cj9Ya2R7fZd6xs1q5mNQ,方法2,13,0.2653,26.53
6cbcdec2dffbcf09a91a,Method_gj1NLb4Jn7URf9K2kQPd,方法3,9,0.1837,18.37
6cbcdec2dffbcf09a91a,Method_m8vwGkEZc3TSW2xqYUoR,方法4,8,0.1633,16.33
6cbcdec2dffbcf09a91a,Method_5Q4KoXthUuYz3bvrTDFm,方法5,6,0.1224,12.24
fdd714a996ac8bd8006d,Method_BXr9AIsPQhwNvyGdZL57,方法1,14,0.2373,23.73
fdd714a996ac8bd8006d,Method_Cj9Ya2R7fZd6xs1q5mNQ,方法2,13,0.2203,22.03
fdd714a996ac8bd8006d,Method_5Q4KoXthUuYz3bvrTDFm,方法3,12,0.2034,20.34
fdd714a996ac8bd8006d,Method_gj1NLb4Jn7URf9K2kQPd,方法4,11,0.1864,18.64
fdd714a996ac8bd8006d,Method_m8vwGkEZc3TSW2xqYUoR,方法5,9,0.1525,15.25
fc5a9edc3413ecece4bd,Method_5Q4KoXthUuYz3bvrTDFm,方法1,19,0.2714,27.14
fc5a9edc3413ecece4bd,Method_BXr9AIsPQhwNvyGdZL57,方法2,16,0.2286,22.86
fc5a9edc3413ecece4bd,Method_gj1NLb4Jn7URf9K2kQPd,方法3,15,0.2143,21.43
fc5a9edc3413ecece4bd,Method_m8vwGkEZc3TSW2xqYUoR,方法4,11,0.1571,15.71
fc5a9edc3413ecece4bd,Method_Cj9Ya2R7fZd6xs1q5mNQ,方法5,9,0.1286,12.86
7bfbef4127aeec4b344e,Method_5Q4KoXthUuYz3bvrTDFm,方法1,41,0.2092,20.92
7bfbef4127aeec4b344e,Method_gj1NLb4Jn7URf9K2kQPd,方法2,41,0.2092,20.92
7bfbef4127aeec4b344e,Method_BXr9AIsPQhwNvyGdZL57,方法3,40,0.2041,20.41
7bfbef4127aeec4b344e,Method_m8vwGkEZc3TSW2xqYUoR,方法4,38,0.1939,19.39
7bfbef4127aeec4b344e,Method_Cj9Ya2R7fZd6xs1q5mNQ,方法5,36,0.1837,18.37
b93d9fe2a844b416581d,Method_gj1NLb4Jn7URf9K2kQPd,方法1,33,0.2705,27.05
b93d9fe2a844b416581d,Method_5Q4KoXthUuYz3bvrTDFm,方法2,32,0.2623,26.23
b93d9fe2a844b416581d,Method_Cj9Ya2R7fZd6xs1q5mNQ,方法3,26,0.2131,21.31
b93d9fe2a844b416581d,Method_BXr9AIsPQhwNvyGdZL57,方法4,18,0.1475,14.75
b93d9fe2a844b416581d,Method_m8vwGkEZc3TSW2xqYUoR,方法5,13,0.1066,10.66
df784e67883e018f88b8,Method_gj1NLb4Jn7URf9K2kQPd,方法1,21,0.28,28.0
df784e67883e018f88b8,Method_Cj9Ya2R7fZd6xs1q5mNQ,方法2,16,0.2133,21.33
df784e67883e018f88b8,Method_BXr9AIsPQhwNvyGdZL57,方法3,16,0.2133,21.33
df784e67883e018f88b8,Method_5Q4KoXthUuYz3bvrTDFm,方法4,14,0.1867,18.67
df784e67883e018f88b8,Method_m8vwGkEZc3TSW2xqYUoR,方法5,8,0.1067,10.67
9c2b85496091fd7f66d4,Method_BXr9AIsPQhwNvyGdZL57,方法1,62,0.2605,26.05
9c2b85496091fd7f66d4,Method_Cj9Ya2R7fZd6xs1q5mNQ,方法2,48,0.2017,20.17
9c2b85496091fd7f66d4,Method_m8vwGkEZc3TSW2xqYUoR,方法3,47,0.1975,19.75
9c2b85496091fd7f66d4,Method_gj1NLb4Jn7URf9K2kQPd,方法4,47,0.1975,19.75
9c2b85496091fd7f66d4,Method_5Q4KoXthUuYz3bvrTDFm,方法5,34,0.1429,14.29
2842c82981077b78b3cd,Method_Cj9Ya2R7fZd6xs1q5mNQ,方法1,67,0.2211,22.11
2842c82981077b78b3cd,Method_5Q4KoXthUuYz3bvrTDFm,方法2,65,0.2145,21.45
2842c82981077b78b3cd,Method_m8vwGkEZc3TSW2xqYUoR,方法3,64,0.2112,21.12
2842c82981077b78b3cd,Method_BXr9AIsPQhwNvyGdZL57,方法4,61,0.2013,20.13
2842c82981077b78b3cd,Method_gj1NLb4Jn7URf9K2kQPd,方法5,46,0.1518,15.18
6ab4994b59925a6d1bba,Method_BXr9AIsPQhwNvyGdZL57,方法1,70,0.2326,23.26
6ab4994b59925a6d1bba,Method_gj1NLb4Jn7URf9K2kQPd,方法2,63,0.2093,20.93
6ab4994b59925a6d1bba,Method_Cj9Ya2R7fZd6xs1q5mNQ,方法3,62,0.206,20.6
6ab4994b59925a6d1bba,Method_5Q4KoXthUuYz3bvrTDFm,方法4,54,0.1794,17.94
6ab4994b59925a6d1bba,Method_m8vwGkEZc3TSW2xqYUoR,方法5,52,0.1728,17.28
fc1c9dd58091c33d8888,Method_Cj9Ya2R7fZd6xs1q5mNQ,方法1,71,0.2254,22.54
fc1c9dd58091c33d8888,Method_BXr9AIsPQhwNvyGdZL57,方法2,69,0.219,21.9
fc1c9dd58091c33d8888,Method_m8vwGkEZc3TSW2xqYUoR,方法3,67,0.2127,21.27
fc1c9dd58091c33d8888,Method_5Q4KoXthUuYz3bvrTDFm,方法4,61,0.1937,19.37
fc1c9dd58091c33d8888,Method_gj1NLb4Jn7URf9K2kQPd,方法5,47,0.1492,14.92
01a691413dc5897db83f,Method_gj1NLb4Jn7URf9K2kQPd,方法1,78,0.2407,24.07
01a691413dc5897db83f,Method_5Q4KoXthUuYz3bvrTDFm,方法2,73,0.2253,22.53
01a691413dc5897db83f,Method_BXr9AIsPQhwNvyGdZL57,方法3,60,0.1852,18.52
01a691413dc5897db83f,Method_Cj9Ya2R7fZd6xs1q5mNQ,方法4,57,0.1759,17.59
01a691413dc5897db83f,Method_m8vwGkEZc3TSW2xqYUoR,方法5,56,0.1728,17.28
374ff25490a1f0aba47f,Method_BXr9AIsPQhwNvyGdZL57,方法1,38,0.2317,23.17
374ff25490a1f0aba47f,Method_gj1NLb4Jn7URf9K2kQPd,方法2,35,0.2134,21.34
374ff25490a1f0aba47f,Method_5Q4KoXthUuYz3bvrTDFm,方法3,33,0.2012,20.12
374ff25490a1f0aba47f,Method_m8vwGkEZc3TSW2xqYUoR,方法4,30,0.1829,18.29
374ff25490a1f0aba47f,Method_Cj9Ya2R7fZd6xs1q5mNQ,方法5,28,0.1707,17.07
424de2c5e2c1f5652cdc,Method_Cj9Ya2R7fZd6xs1q5mNQ,方法1,41,0.277,27.7
424de2c5e2c1f5652cdc,Method_m8vwGkEZc3TSW2xqYUoR,方法2,35,0.2365,23.65
424de2c5e2c1f5652cdc,Method_5Q4KoXthUuYz3bvrTDFm,方法3,28,0.1892,18.92
424de2c5e2c1f5652cdc,Method_BXr9AIsPQhwNvyGdZL57,方法4,23,0.1554,15.54
424de2c5e2c1f5652cdc,Method_gj1NLb4Jn7URf9K2kQPd,方法5,21,0.1419,14.19
5479f88afb95288d6392,Method_5Q4KoXthUuYz3bvrTDFm,方法1,21,0.2258,22.58
5479f88afb95288d6392,Method_gj1NLb4Jn7URf9K2kQPd,方法2,19,0.2043,20.43
5479f88afb95288d6392,Method_m8vwGkEZc3TSW2xqYUoR,方法3,19,0.2043,20.43
5479f88afb95288d6392,Method_Cj9Ya2R7fZd6xs1q5mNQ,方法4,19,0.2043,20.43
5479f88afb95288d6392,Method_BXr9AIsPQhwNvyGdZL57,方法5,15,0.1613,16.13
ed94d52e091b68ca5ee5,Method_Cj9Ya2R7fZd6xs1q5mNQ,方法1,33,0.2143,21.43
ed94d52e091b68ca5ee5,Method_m8vwGkEZc3TSW2xqYUoR,方法2,32,0.2078,20.78
ed94d52e091b68ca5ee5,Method_BXr9AIsPQhwNvyGdZL57,方法3,32,0.2078,20.78
ed94d52e091b68ca5ee5,Method_5Q4KoXthUuYz3bvrTDFm,方法4,29,0.1883,18.83
ed94d52e091b68ca5ee5,Method_gj1NLb4Jn7URf9K2kQPd,方法5,28,0.1818,18.18
db54f15d48fa56b0d953,Method_Cj9Ya2R7fZd6xs1q5mNQ,方法1,22,0.2895,28.95
db54f15d48fa56b0d953,Method_m8vwGkEZc3TSW2xqYUoR,方法2,19,0.25,25.0
db54f15d48fa56b0d953,Method_BXr9AIsPQhwNvyGdZL57,方法3,15,0.1974,19.74
db54f15d48fa56b0d953,Method_gj1NLb4Jn7URf9K2kQPd,方法4,13,0.1711,17.11
db54f15d48fa56b0d953,Method_5Q4KoXthUuYz3bvrTDFm,方法5,7,0.0921,9.21
6a62f52203bda35656be,Method_Cj9Ya2R7fZd6xs1q5mNQ,方法1,58,0.2358,23.58
6a62f52203bda35656be,Method_gj1NLb4Jn7URf9K2kQPd,方法2,50,0.2033,20.33
6a62f52203bda35656be,Method_5Q4KoXthUuYz3bvrTDFm,方法3,49,0.1992,19.92
6a62f52203bda35656be,Method_BXr9AIsPQhwNvyGdZL57,方法4,45,0.1829,18.29
6a62f52203bda35656be,Method_m8vwGkEZc3TSW2xqYUoR,方法5,44,0.1789,17.89
0b02f701b1179f9f74f9,Method_m8vwGkEZc3TSW2xqYUoR,方法1,28,0.2667,26.67
0b02f701b1179f9f74f9,Method_5Q4KoXthUuYz3bvrTDFm,方法2,22,0.2095,20.95
0b02f701b1179f9f74f9,Method_gj1NLb4Jn7URf9K2kQPd,方法3,19,0.181,18.1
0b02f701b1179f9f74f9,Method_Cj9Ya2R7fZd6xs1q5mNQ,方法4,18,0.1714,17.14
0b02f701b1179f9f74f9,Method_BXr9AIsPQhwNvyGdZL57,方法5,18,0.1714,17.14
74e22a3421e605061ef1,Method_Cj9Ya2R7fZd6xs1q5mNQ,方法1,43,0.2287,22.87
74e22a3421e605061ef1,Method_gj1NLb4Jn7URf9K2kQPd,方法2,40,0.2128,21.28
74e22a3421e605061ef1,Method_BXr9AIsPQhwNvyGdZL57,方法3,37,0.1968,19.68
74e22a3421e605061ef1,Method_5Q4KoXthUuYz3bvrTDFm,方法4,34,0.1809,18.09
74e22a3421e605061ef1,Method_m8vwGkEZc3TSW2xqYUoR,方法5,34,0.1809,18.09
de5213e7b8c88440a298,Method_gj1NLb4Jn7URf9K2kQPd,方法1,48,0.24,24.0
de5213e7b8c88440a298,Method_5Q4KoXthUuYz3bvrTDFm,方法2,47,0.235,23.5
de5213e7b8c88440a298,Method_m8vwGkEZc3TSW2xqYUoR,方法3,37,0.185,18.5
de5213e7b8c88440a298,Method_BXr9AIsPQhwNvyGdZL57,方法4,36,0.18,18.0
de5213e7b8c88440a298,Method_Cj9Ya2R7fZd6xs1q5mNQ,方法5,32,0.16,16.0
94a770d27cae58950a5b,Method_Cj9Ya2R7fZd6xs1q5mNQ,方法1,27,0.2455,24.55
94a770d27cae58950a5b,Method_5Q4KoXthUuYz3bvrTDFm,方法2,24,0.2182,21.82
94a770d27cae58950a5b,Method_BXr9AIsPQhwNvyGdZL57,方法3,22,0.2,20.0
94a770d27cae58950a5b,Method_gj1NLb4Jn7URf9K2kQPd,方法4,19,0.1727,17.27
94a770d27cae58950a5b,Method_m8vwGkEZc3TSW2xqYUoR,方法5,18,0.1636,16.36
5faa3d19e595ab735fda,Method_5Q4KoXthUuYz3bvrTDFm,方法1,30,0.2326,23.26
5faa3d19e595ab735fda,Method_Cj9Ya2R7fZd6xs1q5mNQ,方法2,28,0.2171,21.71
5faa3d19e595ab735fda,Method_BXr9AIsPQhwNvyGdZL57,方法3,28,0.2171,21.71
5faa3d19e595ab735fda,Method_gj1NLb4Jn7URf9K2kQPd,方法4,24,0.186,18.6
5faa3d19e595ab735fda,Method_m8vwGkEZc3TSW2xqYUoR,方法5,19,0.1473,14.73
cad61c88146ec4d99a6d,Method_5Q4KoXthUuYz3bvrTDFm,方法1,2,0.3333,33.33
cad61c88146ec4d99a6d,Method_m8vwGkEZc3TSW2xqYUoR,方法2,2,0.3333,33.33
cad61c88146ec4d99a6d,Method_gj1NLb4Jn7URf9K2kQPd,方法3,1,0.1667,16.67
cad61c88146ec4d99a6d,Method_BXr9AIsPQhwNvyGdZL57,方法4,1,0.1667,16.67
1d50eac067378042684b,Method_gj1NLb4Jn7URf9K2kQPd,方法1,44,0.2222,22.22
1d50eac067378042684b,Method_5Q4KoXthUuYz3bvrTDFm,方法2,42,0.2121,21.21
1d50eac067378042684b,Method_Cj9Ya2R7fZd6xs1q5mNQ,方法3,40,0.202,20.2
1d50eac067378042684b,Method_BXr9AIsPQhwNvyGdZL57,方法4,37,0.1869,18.69
1d50eac067378042684b,Method_m8vwGkEZc3TSW2xqYUoR,方法5,35,0.1768,17.68
c8d8f83d06b68fc2f944,Method_BXr9AIsPQhwNvyGdZL57,方法1,34,0.2576,25.76
c8d8f83d06b68fc2f944,Method_gj1NLb4Jn7URf9K2kQPd,方法2,34,0.2576,25.76
c8d8f83d06b68fc2f944,Method_5Q4KoXthUuYz3bvrTDFm,方法3,23,0.1742,17.42
c8d8f83d06b68fc2f944,Method_m8vwGkEZc3TSW2xqYUoR,方法4,21,0.1591,15.91
c8d8f83d06b68fc2f944,Method_Cj9Ya2R7fZd6xs1q5mNQ,方法5,20,0.1515,15.15
72fbfd24cdff0454a0e2,Method_gj1NLb4Jn7URf9K2kQPd,方法1,23,0.2233,22.33
72fbfd24cdff0454a0e2,Method_Cj9Ya2R7fZd6xs1q5mNQ,方法2,22,0.2136,21.36
72fbfd24cdff0454a0e2,Method_5Q4KoXthUuYz3bvrTDFm,方法3,21,0.2039,20.39
72fbfd24cdff0454a0e2,Method_BXr9AIsPQhwNvyGdZL57,方法4,19,0.1845,18.45
72fbfd24cdff0454a0e2,Method_m8vwGkEZc3TSW2xqYUoR,方法5,18,0.1748,17.48
768c216e172762b85899,Method_5Q4KoXthUuYz3bvrTDFm,方法1,38,0.236,23.6
768c216e172762b85899,Method_gj1NLb4Jn7URf9K2kQPd,方法2,34,0.2112,21.12
768c216e172762b85899,Method_m8vwGkEZc3TSW2xqYUoR,方法3,33,0.205,20.5
768c216e172762b85899,Method_BXr9AIsPQhwNvyGdZL57,方法4,29,0.1801,18.01
768c216e172762b85899,Method_Cj9Ya2R7fZd6xs1q5mNQ,方法5,27,0.1677,16.77
306627b1ecbdf4e3aa34,Method_BXr9AIsPQhwNvyGdZL57,方法1,29,0.2661,26.61
306627b1ecbdf4e3aa34,Method_gj1NLb4Jn7URf9K2kQPd,方法2,28,0.2569,25.69
306627b1ecbdf4e3aa34,Method_m8vwGkEZc3TSW2xqYUoR,方法3,26,0.2385,23.85
306627b1ecbdf4e3aa34,Method_5Q4KoXthUuYz3bvrTDFm,方法4,14,0.1284,12.84
306627b1ecbdf4e3aa34,Method_Cj9Ya2R7fZd6xs1q5mNQ,方法5,12,0.1101,11.01
0ef8b2c9e039eaace596,Method_gj1NLb4Jn7URf9K2kQPd,方法1,33,0.2426,24.26
0ef8b2c9e039eaace596,Method_BXr9AIsPQhwNvyGdZL57,方法2,30,0.2206,22.06
0ef8b2c9e039eaace596,Method_m8vwGkEZc3TSW2xqYUoR,方法3,27,0.1985,19.85
0ef8b2c9e039eaace596,Method_5Q4KoXthUuYz3bvrTDFm,方法4,26,0.1912,19.12
0ef8b2c9e039eaace596,Method_Cj9Ya2R7fZd6xs1q5mNQ,方法5,20,0.1471,14.71
6b0cc09c9daf2966d1a7,Method_5Q4KoXthUuYz3bvrTDFm,方法1,47,0.2127,21.27
6b0cc09c9daf2966d1a7,Method_m8vwGkEZc3TSW2xqYUoR,方法2,46,0.2081,20.81
6b0cc09c9daf2966d1a7,Method_BXr9AIsPQhwNvyGdZL57,方法3,44,0.1991,19.91
6b0cc09c9daf2966d1a7,Method_Cj9Ya2R7fZd6xs1q5mNQ,方法4,43,0.1946,19.46
6b0cc09c9daf2966d1a7,Method_gj1NLb4Jn7URf9K2kQPd,方法5,41,0.1855,18.55
b6b2f975de58052aae0c,Method_5Q4KoXthUuYz3bvrTDFm,方法1,49,0.2462,24.62
b6b2f975de58052aae0c,Method_gj1NLb4Jn7URf9K2kQPd,方法2,45,0.2261,22.61
b6b2f975de58052aae0c,Method_BXr9AIsPQhwNvyGdZL57,方法3,39,0.196,19.6
b6b2f975de58052aae0c,Method_m8vwGkEZc3TSW2xqYUoR,方法4,35,0.1759,17.59
b6b2f975de58052aae0c,Method_Cj9Ya2R7fZd6xs1q5mNQ,方法5,31,0.1558,15.58
071685b292483b04e836,Method_gj1NLb4Jn7URf9K2kQPd,方法1,16,0.2192,21.92
071685b292483b04e836,Method_5Q4KoXthUuYz3bvrTDFm,方法2,16,0.2192,21.92
071685b292483b04e836,Method_BXr9AIsPQhwNvyGdZL57,方法3,15,0.2055,20.55
071685b292483b04e836,Method_Cj9Ya2R7fZd6xs1q5mNQ,方法4,13,0.1781,17.81
071685b292483b04e836,Method_m8vwGkEZc3TSW2xqYUoR,方法5,13,0.1781,17.81
2ea821273e01ec758583,Method_BXr9AIsPQhwNvyGdZL57,方法1,33,0.2481,24.81
2ea821273e01ec758583,Method_Cj9Ya2R7fZd6xs1q5mNQ,方法2,28,0.2105,21.05
2ea821273e01ec758583,Method_5Q4KoXthUuYz3bvrTDFm,方法3,25,0.188,18.8
2ea821273e01ec758583,Method_gj1NLb4Jn7URf9K2kQPd,方法4,24,0.1805,18.05
2ea821273e01ec758583,Method_m8vwGkEZc3TSW2xqYUoR,方法5,23,0.1729,17.29
552365f82674884bcaaa,Method_BXr9AIsPQhwNvyGdZL57,方法1,17,0.2464,24.64
552365f82674884bcaaa,Method_Cj9Ya2R7fZd6xs1q5mNQ,方法2,15,0.2174,21.74
552365f82674884bcaaa,Method_5Q4KoXthUuYz3bvrTDFm,方法3,14,0.2029,20.29
552365f82674884bcaaa,Method_m8vwGkEZc3TSW2xqYUoR,方法4,12,0.1739,17.39
552365f82674884bcaaa,Method_gj1NLb4Jn7URf9K2kQPd,方法5,11,0.1594,15.94
cdbfb55b48cefce540dd,Method_5Q4KoXthUuYz3bvrTDFm,方法1,17,0.25,25.0
cdbfb55b48cefce540dd,Method_m8vwGkEZc3TSW2xqYUoR,方法2,13,0.1912,19.12
cdbfb55b48cefce540dd,Method_gj1NLb4Jn7URf9K2kQPd,方法3,13,0.1912,19.12
cdbfb55b48cefce540dd,Method_Cj9Ya2R7fZd6xs1q5mNQ,方法4,13,0.1912,19.12
cdbfb55b48cefce540dd,Method_BXr9AIsPQhwNvyGdZL57,方法5,12,0.1765,17.65
a867295d48d4b4134903,Method_m8vwGkEZc3TSW2xqYUoR,方法1,37,0.2114,21.14
a867295d48d4b4134903,Method_Cj9Ya2R7fZd6xs1q5mNQ,方法2,36,0.2057,20.57
a867295d48d4b4134903,Method_BXr9AIsPQhwNvyGdZL57,方法3,34,0.1943,19.43
a867295d48d4b4134903,Method_5Q4KoXthUuYz3bvrTDFm,方法4,34,0.1943,19.43
a867295d48d4b4134903,Method_gj1NLb4Jn7URf9K2kQPd,方法5,34,0.1943,19.43
a9e1aff282e8d6356dce,Method_m8vwGkEZc3TSW2xqYUoR,方法1,21,0.2333,23.33
a9e1aff282e8d6356dce,Method_5Q4KoXthUuYz3bvrTDFm,方法2,20,0.2222,22.22
a9e1aff282e8d6356dce,Method_Cj9Ya2R7fZd6xs1q5mNQ,方法3,18,0.2,20.0
a9e1aff282e8d6356dce,Method_gj1NLb4Jn7URf9K2kQPd,方法4,17,0.1889,18.89
a9e1aff282e8d6356dce,Method_BXr9AIsPQhwNvyGdZL57,方法5,14,0.1556,15.56
0b16d35f1f39a063708a,Method_BXr9AIsPQhwNvyGdZL57,方法1,57,0.228,22.8
0b16d35f1f39a063708a,Method_gj1NLb4Jn7URf9K2kQPd,方法2,55,0.22,22.0
0b16d35f1f39a063708a,Method_Cj9Ya2R7fZd6xs1q5mNQ,方法3,49,0.196,19.6
0b16d35f1f39a063708a,Method_5Q4KoXthUuYz3bvrTDFm,方法4,48,0.192,19.2
0b16d35f1f39a063708a,Method_m8vwGkEZc3TSW2xqYUoR,方法5,41,0.164,16.4
a0973be15e5e7116f121,Method_5Q4KoXthUuYz3bvrTDFm,方法1,21,0.2593,25.93
a0973be15e5e7116f121,Method_BXr9AIsPQhwNvyGdZL57,方法2,18,0.2222,22.22
a0973be15e5e7116f121,Method_Cj9Ya2R7fZd6xs1q5mNQ,方法3,15,0.1852,18.52
a0973be15e5e7116f121,Method_m8vwGkEZc3TSW2xqYUoR,方法4,14,0.1728,17.28
a0973be15e5e7116f121,Method_gj1NLb4Jn7URf9K2kQPd,方法5,13,0.1605,16.05
49a91a4dce6838ffcbcd,Method_5Q4KoXthUuYz3bvrTDFm,方法1,41,0.2384,23.84
49a91a4dce6838ffcbcd,Method_BXr9AIsPQhwNvyGdZL57,方法2,35,0.2035,20.35
49a91a4dce6838ffcbcd,Method_m8vwGkEZc3TSW2xqYUoR,方法3,34,0.1977,19.77
49a91a4dce6838ffcbcd,Method_Cj9Ya2R7fZd6xs1q5mNQ,方法4,34,0.1977,19.77
49a91a4dce6838ffcbcd,Method_gj1NLb4Jn7URf9K2kQPd,方法5,28,0.1628,16.28
b5863cc5a1b448ca1cab,Method_Cj9Ya2R7fZd6xs1q5mNQ,方法1,31,0.2214,22.14
b5863cc5a1b448ca1cab,Method_5Q4KoXthUuYz3bvrTDFm,方法2,30,0.2143,21.43
b5863cc5a1b448ca1cab,Method_BXr9AIsPQhwNvyGdZL57,方法3,28,0.2,20.0
b5863cc5a1b448ca1cab,Method_gj1NLb4Jn7URf9K2kQPd,方法4,27,0.1929,19.29
b5863cc5a1b448ca1cab,Method_m8vwGkEZc3TSW2xqYUoR,方法5,24,0.1714,17.14
c7bb8ace7e79b91b3346,Method_m8vwGkEZc3TSW2xqYUoR,方法1,29,0.2214,22.14
c7bb8ace7e79b91b3346,Method_gj1NLb4Jn7URf9K2kQPd,方法2,28,0.2137,21.37
c7bb8ace7e79b91b3346,Method_BXr9AIsPQhwNvyGdZL57,方法3,27,0.2061,20.61
c7bb8ace7e79b91b3346,Method_Cj9Ya2R7fZd6xs1q5mNQ,方法4,27,0.2061,20.61
c7bb8ace7e79b91b3346,Method_5Q4KoXthUuYz3bvrTDFm,方法5,20,0.1527,15.27
498121d2486259ef1b3a,Method_BXr9AIsPQhwNvyGdZL57,方法1,46,0.2514,25.14
498121d2486259ef1b3a,Method_Cj9Ya2R7fZd6xs1q5mNQ,方法2,38,0.2077,20.77
498121d2486259ef1b3a,Method_gj1NLb4Jn7URf9K2kQPd,方法3,34,0.1858,18.58
498121d2486259ef1b3a,Method_m8vwGkEZc3TSW2xqYUoR,方法4,33,0.1803,18.03
498121d2486259ef1b3a,Method_5Q4KoXthUuYz3bvrTDFm,方法5,32,0.1749,17.49
3094825929f936abb792,Method_BXr9AIsPQhwNvyGdZL57,方法1,35,0.2201,22.01
3094825929f936abb792,Method_gj1NLb4Jn7URf9K2kQPd,方法2,33,0.2075,20.75
3094825929f936abb792,Method_Cj9Ya2R7fZd6xs1q5mNQ,方法3,33,0.2075,20.75
3094825929f936abb792,Method_m8vwGkEZc3TSW2xqYUoR,方法4,31,0.195,19.5
3094825929f936abb792,Method_5Q4KoXthUuYz3bvrTDFm,方法5,27,0.1698,16.98
897f6d3de550ebf68384,Method_5Q4KoXthUuYz3bvrTDFm,方法1,32,0.3107,31.07
897f6d3de550ebf68384,Method_gj1NLb4Jn7URf9K2kQPd,方法2,22,0.2136,21.36
897f6d3de550ebf68384,Method_m8vwGkEZc3TSW2xqYUoR,方法3,22,0.2136,21.36
897f6d3de550ebf68384,Method_BXr9AIsPQhwNvyGdZL57,方法4,15,0.1456,14.56
897f6d3de550ebf68384,Method_Cj9Ya2R7fZd6xs1q5mNQ,方法5,12,0.1165,11.65
418f4730434eaced55a2,Method_Cj9Ya2R7fZd6xs1q5mNQ,方法1,18,0.2687,26.87
418f4730434eaced55a2,Method_gj1NLb4Jn7URf9K2kQPd,方法2,15,0.2239,22.39
418f4730434eaced55a2,Method_5Q4KoXthUuYz3bvrTDFm,方法3,15,0.2239,22.39
418f4730434eaced55a2,Method_m8vwGkEZc3TSW2xqYUoR,方法4,12,0.1791,17.91
418f4730434eaced55a2,Method_BXr9AIsPQhwNvyGdZL57,方法5,7,0.1045,10.45
b7ef250772618a089b48,Method_m8vwGkEZc3TSW2xqYUoR,方法1,32,0.2406,24.06
b7ef250772618a089b48,Method_BXr9AIsPQhwNvyGdZL57,方法2,30,0.2256,22.56
b7ef250772618a089b48,Method_Cj9Ya2R7fZd6xs1q5mNQ,方法3,26,0.1955,19.55
b7ef250772618a089b48,Method_5Q4KoXthUuYz3bvrTDFm,方法4,25,0.188,18.8
b7ef250772618a089b48,Method_gj1NLb4Jn7URf9K2kQPd,方法5,20,0.1504,15.04
b37bdce835e610d26c0c,Method_m8vwGkEZc3TSW2xqYUoR,方法1,11,0.2558,25.58
b37bdce835e610d26c0c,Method_gj1NLb4Jn7URf9K2kQPd,方法2,10,0.2326,23.26
b37bdce835e610d26c0c,Method_5Q4KoXthUuYz3bvrTDFm,方法3,9,0.2093,20.93
b37bdce835e610d26c0c,Method_BXr9AIsPQhwNvyGdZL57,方法4,7,0.1628,16.28
b37bdce835e610d26c0c,Method_Cj9Ya2R7fZd6xs1q5mNQ,方法5,6,0.1395,13.95
fef67841144f4c95a6c5,Method_BXr9AIsPQhwNvyGdZL57,方法1,20,0.2857,28.57
fef67841144f4c95a6c5,Method_5Q4KoXthUuYz3bvrTDFm,方法2,14,0.2,20.0
fef67841144f4c95a6c5,Method_gj1NLb4Jn7URf9K2kQPd,方法3,13,0.1857,18.57
fef67841144f4c95a6c5,Method_Cj9Ya2R7fZd6xs1q5mNQ,方法4,12,0.1714,17.14
fef67841144f4c95a6c5,Method_m8vwGkEZc3TSW2xqYUoR,方法5,11,0.1571,15.71
700915d303cc358e662a,Method_BXr9AIsPQhwNvyGdZL57,方法1,28,0.2478,24.78
700915d303cc358e662a,Method_m8vwGkEZc3TSW2xqYUoR,方法2,23,0.2035,20.35
700915d303cc358e662a,Method_Cj9Ya2R7fZd6xs1q5mNQ,方法3,21,0.1858,18.58
700915d303cc358e662a,Method_5Q4KoXthUuYz3bvrTDFm,方法4,21,0.1858,18.58
700915d303cc358e662a,Method_gj1NLb4Jn7URf9K2kQPd,方法5,20,0.177,17.7
ffe3886e3e3bab0249b5,Method_BXr9AIsPQhwNvyGdZL57,方法1,34,0.2446,24.46
ffe3886e3e3bab0249b5,Method_Cj9Ya2R7fZd6xs1q5mNQ,方法2,31,0.223,22.3
ffe3886e3e3bab0249b5,Method_gj1NLb4Jn7URf9K2kQPd,方法3,28,0.2014,20.14
ffe3886e3e3bab0249b5,Method_m8vwGkEZc3TSW2xqYUoR,方法4,25,0.1799,17.99
ffe3886e3e3bab0249b5,Method_5Q4KoXthUuYz3bvrTDFm,方法5,21,0.1511,15.11
emnk7ob7xxxdiph6fun3,Method_BXr9AIsPQhwNvyGdZL57,方法1,31,0.265,26.5
emnk7ob7xxxdiph6fun3,Method_5Q4KoXthUuYz3bvrTDFm,方法2,25,0.2137,21.37
emnk7ob7xxxdiph6fun3,Method_m8vwGkEZc3TSW2xqYUoR,方法3,22,0.188,18.8
emnk7ob7xxxdiph6fun3,Method_gj1NLb4Jn7URf9K2kQPd,方法4,20,0.1709,17.09
emnk7ob7xxxdiph6fun3,Method_Cj9Ya2R7fZd6xs1q5mNQ,方法5,19,0.1624,16.24
78uyv6k6u49krocgtkzu,Method_5Q4KoXthUuYz3bvrTDFm,方法1,24,0.2286,22.86
78uyv6k6u49krocgtkzu,Method_m8vwGkEZc3TSW2xqYUoR,方法2,23,0.219,21.9
78uyv6k6u49krocgtkzu,Method_BXr9AIsPQhwNvyGdZL57,方法3,23,0.219,21.9
78uyv6k6u49krocgtkzu,Method_gj1NLb4Jn7URf9K2kQPd,方法4,22,0.2095,20.95
78uyv6k6u49krocgtkzu,Method_Cj9Ya2R7fZd6xs1q5mNQ,方法5,13,0.1238,12.38
sie4alrjjjvlk0w9ye5l,Method_Cj9Ya2R7fZd6xs1q5mNQ,方法1,27,0.2348,23.48
sie4alrjjjvlk0w9ye5l,Method_m8vwGkEZc3TSW2xqYUoR,方法2,26,0.2261,22.61
sie4alrjjjvlk0w9ye5l,Method_BXr9AIsPQhwNvyGdZL57,方法3,24,0.2087,20.87
sie4alrjjjvlk0w9ye5l,Method_5Q4KoXthUuYz3bvrTDFm,方法4,20,0.1739,17.39
sie4alrjjjvlk0w9ye5l,Method_gj1NLb4Jn7URf9K2kQPd,方法5,18,0.1565,15.65
95i3ttsko6c6ol53ebql,Method_BXr9AIsPQhwNvyGdZL57,方法1,25,0.2577,25.77
95i3ttsko6c6ol53ebql,Method_m8vwGkEZc3TSW2xqYUoR,方法2,21,0.2165,21.65
95i3ttsko6c6ol53ebql,Method_Cj9Ya2R7fZd6xs1q5mNQ,方法3,19,0.1959,19.59
95i3ttsko6c6ol53ebql,Method_5Q4KoXthUuYz3bvrTDFm,方法4,17,0.1753,17.53
95i3ttsko6c6ol53ebql,Method_gj1NLb4Jn7URf9K2kQPd,方法5,15,0.1546,15.46
cz0pbk8vede7ey2oce4a,Method_Cj9Ya2R7fZd6xs1q5mNQ,方法1,24,0.2202,22.02
cz0pbk8vede7ey2oce4a,Method_m8vwGkEZc3TSW2xqYUoR,方法2,23,0.211,21.1
cz0pbk8vede7ey2oce4a,Method_BXr9AIsPQhwNvyGdZL57,方法3,21,0.1927,19.27
cz0pbk8vede7ey2oce4a,Method_gj1NLb4Jn7URf9K2kQPd,方法4,21,0.1927,19.27
cz0pbk8vede7ey2oce4a,Method_5Q4KoXthUuYz3bvrTDFm,方法5,20,0.1835,18.35
xvfa4ysm4deeobu8wkym,Method_BXr9AIsPQhwNvyGdZL57,方法1,27,0.2368,23.68
xvfa4ysm4deeobu8wkym,Method_Cj9Ya2R7fZd6xs1q5mNQ,方法2,24,0.2105,21.05
xvfa4ysm4deeobu8wkym,Method_gj1NLb4Jn7URf9K2kQPd,方法3,22,0.193,19.3
xvfa4ysm4deeobu8wkym,Method_m8vwGkEZc3TSW2xqYUoR,方法4,21,0.1842,18.42
xvfa4ysm4deeobu8wkym,Method_5Q4KoXthUuYz3bvrTDFm,方法5,20,0.1754,17.54
5slhcx7pnjhcmlbfffu6,Method_Cj9Ya2R7fZd6xs1q5mNQ,方法1,27,0.2647,26.47
5slhcx7pnjhcmlbfffu6,Method_BXr9AIsPQhwNvyGdZL57,方法2,24,0.2353,23.53
5slhcx7pnjhcmlbfffu6,Method_m8vwGkEZc3TSW2xqYUoR,方法3,22,0.2157,21.57
5slhcx7pnjhcmlbfffu6,Method_5Q4KoXthUuYz3bvrTDFm,方法4,17,0.1667,16.67
5slhcx7pnjhcmlbfffu6,Method_gj1NLb4Jn7URf9K2kQPd,方法5,12,0.1176,11.76
5qfsd40k8fv54hc102p2,Method_gj1NLb4Jn7URf9K2kQPd,方法1,23,0.2527,25.27
5qfsd40k8fv54hc102p2,Method_BXr9AIsPQhwNvyGdZL57,方法2,19,0.2088,20.88
5qfsd40k8fv54hc102p2,Method_Cj9Ya2R7fZd6xs1q5mNQ,方法3,17,0.1868,18.68
5qfsd40k8fv54hc102p2,Method_5Q4KoXthUuYz3bvrTDFm,方法4,16,0.1758,17.58
5qfsd40k8fv54hc102p2,Method_m8vwGkEZc3TSW2xqYUoR,方法5,16,0.1758,17.58
spyu1at0d9k1wxtenlhe,Method_gj1NLb4Jn7URf9K2kQPd,方法1,26,0.2524,25.24
spyu1at0d9k1wxtenlhe,Method_BXr9AIsPQhwNvyGdZL57,方法2,21,0.2039,20.39
spyu1at0d9k1wxtenlhe,Method_Cj9Ya2R7fZd6xs1q5mNQ,方法3,21,0.2039,20.39
spyu1at0d9k1wxtenlhe,Method_5Q4KoXthUuYz3bvrTDFm,方法4,19,0.1845,18.45
spyu1at0d9k1wxtenlhe,Method_m8vwGkEZc3TSW2xqYUoR,方法5,16,0.1553,15.53
z23fh1v40p3hmxxspbo9,Method_m8vwGkEZc3TSW2xqYUoR,方法1,23,0.23,23.0
z23fh1v40p3hmxxspbo9,Method_BXr9AIsPQhwNvyGdZL57,方法2,22,0.22,22.0
z23fh1v40p3hmxxspbo9,Method_5Q4KoXthUuYz3bvrTDFm,方法3,21,0.21,21.0
z23fh1v40p3hmxxspbo9,Method_Cj9Ya2R7fZd6xs1q5mNQ,方法4,17,0.17,17.0
z23fh1v40p3hmxxspbo9,Method_gj1NLb4Jn7URf9K2kQPd,方法5,17,0.17,17.0
n20d6b4o2g64oaa3q8ym,Method_m8vwGkEZc3TSW2xqYUoR,方法1,29,0.2566,25.66
n20d6b4o2g64oaa3q8ym,Method_Cj9Ya2R7fZd6xs1q5mNQ,方法2,23,0.2035,20.35
n20d6b4o2g64oaa3q8ym,Method_5Q4KoXthUuYz3bvrTDFm,方法3,21,0.1858,18.58
n20d6b4o2g64oaa3q8ym,Method_gj1NLb4Jn7URf9K2kQPd,方法4,20,0.177,17.7
n20d6b4o2g64oaa3q8ym,Method_BXr9AIsPQhwNvyGdZL57,方法5,20,0.177,17.7
yj708ceb2o5gueez45or,Method_BXr9AIsPQhwNvyGdZL57,方法1,27,0.2411,24.11
yj708ceb2o5gueez45or,Method_m8vwGkEZc3TSW2xqYUoR,方法2,26,0.2321,23.21
yj708ceb2o5gueez45or,Method_gj1NLb4Jn7URf9K2kQPd,方法3,22,0.1964,19.64
yj708ceb2o5gueez45or,Method_5Q4KoXthUuYz3bvrTDFm,方法4,21,0.1875,18.75
yj708ceb2o5gueez45or,Method_Cj9Ya2R7fZd6xs1q5mNQ,方法5,16,0.1429,14.29
90z3slav21r61p88ksba,Method_BXr9AIsPQhwNvyGdZL57,方法1,34,0.2857,28.57
90z3slav21r61p88ksba,Method_5Q4KoXthUuYz3bvrTDFm,方法2,25,0.2101,21.01
90z3slav21r61p88ksba,Method_gj1NLb4Jn7URf9K2kQPd,方法3,23,0.1933,19.33
90z3slav21r61p88ksba,Method_m8vwGkEZc3TSW2xqYUoR,方法4,22,0.1849,18.49
90z3slav21r61p88ksba,Method_Cj9Ya2R7fZd6xs1q5mNQ,方法5,15,0.1261,12.61
r28s9kyo7knrvytyvmt8,Method_Cj9Ya2R7fZd6xs1q5mNQ,方法1,30,0.2727,27.27
r28s9kyo7knrvytyvmt8,Method_BXr9AIsPQhwNvyGdZL57,方法2,27,0.2455,24.55
r28s9kyo7knrvytyvmt8,Method_m8vwGkEZc3TSW2xqYUoR,方法3,20,0.1818,18.18
r28s9kyo7knrvytyvmt8,Method_5Q4KoXthUuYz3bvrTDFm,方法4,17,0.1545,15.45
r28s9kyo7knrvytyvmt8,Method_gj1NLb4Jn7URf9K2kQPd,方法5,16,0.1455,14.55
apxifjd35xfq6t47ysls,Method_gj1NLb4Jn7URf9K2kQPd,方法1,29,0.2871,28.71
apxifjd35xfq6t47ysls,Method_BXr9AIsPQhwNvyGdZL57,方法2,22,0.2178,21.78
apxifjd35xfq6t47ysls,Method_5Q4KoXthUuYz3bvrTDFm,方法3,18,0.1782,17.82
apxifjd35xfq6t47ysls,Method_Cj9Ya2R7fZd6xs1q5mNQ,方法4,17,0.1683,16.83
apxifjd35xfq6t47ysls,Method_m8vwGkEZc3TSW2xqYUoR,方法5,15,0.1485,14.85
r4oklg89q3yx9o2dfq3q,Method_BXr9AIsPQhwNvyGdZL57,方法1,21,0.2188,21.88
r4oklg89q3yx9o2dfq3q,Method_gj1NLb4Jn7URf9K2kQPd,方法2,20,0.2083,20.83
r4oklg89q3yx9o2dfq3q,Method_m8vwGkEZc3TSW2xqYUoR,方法3,19,0.1979,19.79
r4oklg89q3yx9o2dfq3q,Method_Cj9Ya2R7fZd6xs1q5mNQ,方法4,19,0.1979,19.79
r4oklg89q3yx9o2dfq3q,Method_5Q4KoXthUuYz3bvrTDFm,方法5,17,0.1771,17.71
4i0t5tq7o78lvc1zglgr,Method_BXr9AIsPQhwNvyGdZL57,方法1,22,0.2418,24.18
4i0t5tq7o78lvc1zglgr,Method_gj1NLb4Jn7URf9K2kQPd,方法2,20,0.2198,21.98
4i0t5tq7o78lvc1zglgr,Method_Cj9Ya2R7fZd6xs1q5mNQ,方法3,19,0.2088,20.88
4i0t5tq7o78lvc1zglgr,Method_m8vwGkEZc3TSW2xqYUoR,方法4,16,0.1758,17.58
4i0t5tq7o78lvc1zglgr,Method_5Q4KoXthUuYz3bvrTDFm,方法5,14,0.1538,15.38
hz3im1vs42bx5rxbn7wh,Method_Cj9Ya2R7fZd6xs1q5mNQ,方法1,22,0.2222,22.22
hz3im1vs42bx5rxbn7wh,Method_gj1NLb4Jn7URf9K2kQPd,方法2,22,0.2222,22.22
hz3im1vs42bx5rxbn7wh,Method_5Q4KoXthUuYz3bvrTDFm,方法3,21,0.2121,21.21
hz3im1vs42bx5rxbn7wh,Method_BXr9AIsPQhwNvyGdZL57,方法4,20,0.202,20.2
hz3im1vs42bx5rxbn7wh,Method_m8vwGkEZc3TSW2xqYUoR,方法5,14,0.1414,14.14
icu31mfcha34dnwbsui2,Method_BXr9AIsPQhwNvyGdZL57,方法1,22,0.2391,23.91
icu31mfcha34dnwbsui2,Method_gj1NLb4Jn7URf9K2kQPd,方法2,22,0.2391,23.91
icu31mfcha34dnwbsui2,Method_m8vwGkEZc3TSW2xqYUoR,方法3,20,0.2174,21.74
icu31mfcha34dnwbsui2,Method_5Q4KoXthUuYz3bvrTDFm,方法4,18,0.1957,19.57
icu31mfcha34dnwbsui2,Method_Cj9Ya2R7fZd6xs1q5mNQ,方法5,10,0.1087,10.87
1vb2vsoy23nr0monflhx,Method_gj1NLb4Jn7URf9K2kQPd,方法1,30,0.2564,25.64
1vb2vsoy23nr0monflhx,Method_BXr9AIsPQhwNvyGdZL57,方法2,28,0.2393,23.93
1vb2vsoy23nr0monflhx,Method_Cj9Ya2R7fZd6xs1q5mNQ,方法3,22,0.188,18.8
1vb2vsoy23nr0monflhx,Method_5Q4KoXthUuYz3bvrTDFm,方法4,19,0.1624,16.24
1vb2vsoy23nr0monflhx,Method_m8vwGkEZc3TSW2xqYUoR,方法5,18,0.1538,15.38
7iulsxm22wz4v82hgb2g,Method_BXr9AIsPQhwNvyGdZL57,方法1,32,0.3019,30.19
7iulsxm22wz4v82hgb2g,Method_5Q4KoXthUuYz3bvrTDFm,方法2,20,0.1887,18.87
7iulsxm22wz4v82hgb2g,Method_m8vwGkEZc3TSW2xqYUoR,方法3,20,0.1887,18.87
7iulsxm22wz4v82hgb2g,Method_gj1NLb4Jn7URf9K2kQPd,方法4,19,0.1792,17.92
7iulsxm22wz4v82hgb2g,Method_Cj9Ya2R7fZd6xs1q5mNQ,方法5,15,0.1415,14.15
omzalmrzys0ymf4cgt03,Method_BXr9AIsPQhwNvyGdZL57,方法1,28,0.2188,21.88
omzalmrzys0ymf4cgt03,Method_gj1NLb4Jn7URf9K2kQPd,方法2,28,0.2188,21.88
omzalmrzys0ymf4cgt03,Method_5Q4KoXthUuYz3bvrTDFm,方法3,25,0.1953,19.53
omzalmrzys0ymf4cgt03,Method_m8vwGkEZc3TSW2xqYUoR,方法4,25,0.1953,19.53
omzalmrzys0ymf4cgt03,Method_Cj9Ya2R7fZd6xs1q5mNQ,方法5,22,0.1719,17.19
nilkp0a54b01p87udccl,Method_BXr9AIsPQhwNvyGdZL57,方法1,23,0.2447,24.47
nilkp0a54b01p87udccl,Method_m8vwGkEZc3TSW2xqYUoR,方法2,19,0.2021,20.21
nilkp0a54b01p87udccl,Method_5Q4KoXthUuYz3bvrTDFm,方法3,19,0.2021,20.21
nilkp0a54b01p87udccl,Method_gj1NLb4Jn7URf9K2kQPd,方法4,18,0.1915,19.15
nilkp0a54b01p87udccl,Method_Cj9Ya2R7fZd6xs1q5mNQ,方法5,15,0.1596,15.96
7ssihtyt72rzukfci0o1,Method_5Q4KoXthUuYz3bvrTDFm,方法1,23,0.2371,23.71
7ssihtyt72rzukfci0o1,Method_gj1NLb4Jn7URf9K2kQPd,方法2,21,0.2165,21.65
7ssihtyt72rzukfci0o1,Method_BXr9AIsPQhwNvyGdZL57,方法3,20,0.2062,20.62
7ssihtyt72rzukfci0o1,Method_m8vwGkEZc3TSW2xqYUoR,方法4,17,0.1753,17.53
7ssihtyt72rzukfci0o1,Method_Cj9Ya2R7fZd6xs1q5mNQ,方法5,16,0.1649,16.49
ij9llitbhr4gi126l772,Method_BXr9AIsPQhwNvyGdZL57,方法1,26,0.2342,23.42
ij9llitbhr4gi126l772,Method_gj1NLb4Jn7URf9K2kQPd,方法2,24,0.2162,21.62
ij9llitbhr4gi126l772,Method_5Q4KoXthUuYz3bvrTDFm,方法3,24,0.2162,21.62
ij9llitbhr4gi126l772,Method_Cj9Ya2R7fZd6xs1q5mNQ,方法4,20,0.1802,18.02
ij9llitbhr4gi126l772,Method_m8vwGkEZc3TSW2xqYUoR,方法5,17,0.1532,15.32
qxnna0of95m3oebjc84f,Method_BXr9AIsPQhwNvyGdZL57,方法1,25,0.2604,26.04
qxnna0of95m3oebjc84f,Method_Cj9Ya2R7fZd6xs1q5mNQ,方法2,21,0.2188,21.88
qxnna0of95m3oebjc84f,Method_gj1NLb4Jn7URf9K2kQPd,方法3,18,0.1875,18.75
qxnna0of95m3oebjc84f,Method_5Q4KoXthUuYz3bvrTDFm,方法4,16,0.1667,16.67
qxnna0of95m3oebjc84f,Method_m8vwGkEZc3TSW2xqYUoR,方法5,16,0.1667,16.67
dt7s87imgsbma3l5scym,Method_m8vwGkEZc3TSW2xqYUoR,方法1,23,0.2255,22.55
dt7s87imgsbma3l5scym,Method_Cj9Ya2R7fZd6xs1q5mNQ,方法2,22,0.2157,21.57
dt7s87imgsbma3l5scym,Method_BXr9AIsPQhwNvyGdZL57,方法3,20,0.1961,19.61
dt7s87imgsbma3l5scym,Method_gj1NLb4Jn7URf9K2kQPd,方法4,20,0.1961,19.61
dt7s87imgsbma3l5scym,Method_5Q4KoXthUuYz3bvrTDFm,方法5,17,0.1667,16.67
0m2kzubx9r60wyrsjj7j,Method_Cj9Ya2R7fZd6xs1q5mNQ,方法1,22,0.2056,20.56
0m2kzubx9r60wyrsjj7j,Method_gj1NLb4Jn7URf9K2kQPd,方法2,22,0.2056,20.56
0m2kzubx9r60wyrsjj7j,Method_5Q4KoXthUuYz3bvrTDFm,方法3,22,0.2056,20.56
0m2kzubx9r60wyrsjj7j,Method_BXr9AIsPQhwNvyGdZL57,方法4,21,0.1963,19.63
0m2kzubx9r60wyrsjj7j,Method_m8vwGkEZc3TSW2xqYUoR,方法5,20,0.1869,18.69
wzfry2domlqnblox9w1b,Method_Cj9Ya2R7fZd6xs1q5mNQ,方法1,25,0.2525,25.25
wzfry2domlqnblox9w1b,Method_gj1NLb4Jn7URf9K2kQPd,方法2,22,0.2222,22.22
wzfry2domlqnblox9w1b,Method_5Q4KoXthUuYz3bvrTDFm,方法3,18,0.1818,18.18
wzfry2domlqnblox9w1b,Method_m8vwGkEZc3TSW2xqYUoR,方法4,17,0.1717,17.17
wzfry2domlqnblox9w1b,Method_BXr9AIsPQhwNvyGdZL57,方法5,17,0.1717,17.17
otznu9tyqq50x0xij3br,Method_Cj9Ya2R7fZd6xs1q5mNQ,方法1,27,0.2727,27.27
otznu9tyqq50x0xij3br,Method_gj1NLb4Jn7URf9K2kQPd,方法2,24,0.2424,24.24
otznu9tyqq50x0xij3br,Method_5Q4KoXthUuYz3bvrTDFm,方法3,16,0.1616,16.16
otznu9tyqq50x0xij3br,Method_BXr9AIsPQhwNvyGdZL57,方法4,16,0.1616,16.16
otznu9tyqq50x0xij3br,Method_m8vwGkEZc3TSW2xqYUoR,方法5,16,0.1616,16.16
wty9xgte39cr5rp39e50,Method_Cj9Ya2R7fZd6xs1q5mNQ,方法1,31,0.25,25.0
wty9xgte39cr5rp39e50,Method_m8vwGkEZc3TSW2xqYUoR,方法2,30,0.2419,24.19
wty9xgte39cr5rp39e50,Method_BXr9AIsPQhwNvyGdZL57,方法3,26,0.2097,20.97
wty9xgte39cr5rp39e50,Method_gj1NLb4Jn7URf9K2kQPd,方法4,19,0.1532,15.32
wty9xgte39cr5rp39e50,Method_5Q4KoXthUuYz3bvrTDFm,方法5,18,0.1452,14.52
5kqtdcvyt7rgqdoextw8,Method_gj1NLb4Jn7URf9K2kQPd,方法1,24,0.2308,23.08
5kqtdcvyt7rgqdoextw8,Method_BXr9AIsPQhwNvyGdZL57,方法2,21,0.2019,20.19
5kqtdcvyt7rgqdoextw8,Method_Cj9Ya2R7fZd6xs1q5mNQ,方法3,20,0.1923,19.23
5kqtdcvyt7rgqdoextw8,Method_m8vwGkEZc3TSW2xqYUoR,方法4,20,0.1923,19.23
5kqtdcvyt7rgqdoextw8,Method_5Q4KoXthUuYz3bvrTDFm,方法5,19,0.1827,18.27
t5uf4x6hffga8in2ua6l,Method_gj1NLb4Jn7URf9K2kQPd,方法1,30,0.2609,26.09
t5uf4x6hffga8in2ua6l,Method_5Q4KoXthUuYz3bvrTDFm,方法2,22,0.1913,19.13
t5uf4x6hffga8in2ua6l,Method_BXr9AIsPQhwNvyGdZL57,方法3,21,0.1826,18.26
t5uf4x6hffga8in2ua6l,Method_m8vwGkEZc3TSW2xqYUoR,方法4,21,0.1826,18.26
t5uf4x6hffga8in2ua6l,Method_Cj9Ya2R7fZd6xs1q5mNQ,方法5,21,0.1826,18.26
5dmn9cwdf4l1snqfjw1p,Method_Cj9Ya2R7fZd6xs1q5mNQ,方法1,19,0.2159,21.59
5dmn9cwdf4l1snqfjw1p,Method_gj1NLb4Jn7URf9K2kQPd,方法2,19,0.2159,21.59
5dmn9cwdf4l1snqfjw1p,Method_m8vwGkEZc3TSW2xqYUoR,方法3,17,0.1932,19.32
5dmn9cwdf4l1snqfjw1p,Method_5Q4KoXthUuYz3bvrTDFm,方法4,17,0.1932,19.32
5dmn9cwdf4l1snqfjw1p,Method_BXr9AIsPQhwNvyGdZL57,方法5,16,0.1818,18.18
t8zrwu8iwkcdnwf3ruse,Method_BXr9AIsPQhwNvyGdZL57,方法1,26,0.243,24.3
t8zrwu8iwkcdnwf3ruse,Method_gj1NLb4Jn7URf9K2kQPd,方法2,26,0.243,24.3
t8zrwu8iwkcdnwf3ruse,Method_Cj9Ya2R7fZd6xs1q5mNQ,方法3,19,0.1776,17.76
t8zrwu8iwkcdnwf3ruse,Method_5Q4KoXthUuYz3bvrTDFm,方法4,19,0.1776,17.76
t8zrwu8iwkcdnwf3ruse,Method_m8vwGkEZc3TSW2xqYUoR,方法5,17,0.1589,15.89
2b935bfe06ef02369807,Method_5Q4KoXthUuYz3bvrTDFm,方法1,17,0.2297,22.97
2b935bfe06ef02369807,Method_m8vwGkEZc3TSW2xqYUoR,方法2,15,0.2027,20.27
2b935bfe06ef02369807,Method_Cj9Ya2R7fZd6xs1q5mNQ,方法3,15,0.2027,20.27
2b935bfe06ef02369807,Method_gj1NLb4Jn7URf9K2kQPd,方法4,14,0.1892,18.92
2b935bfe06ef02369807,Method_BXr9AIsPQhwNvyGdZL57,方法5,13,0.1757,17.57
71d0a8156e59c4dcedfd,Method_BXr9AIsPQhwNvyGdZL57,方法1,16,0.2909,29.09
71d0a8156e59c4dcedfd,Method_5Q4KoXthUuYz3bvrTDFm,方法2,13,0.2364,23.64
71d0a8156e59c4dcedfd,Method_m8vwGkEZc3TSW2xqYUoR,方法3,11,0.2,20.0
71d0a8156e59c4dcedfd,Method_gj1NLb4Jn7URf9K2kQPd,方法4,8,0.1455,14.55
71d0a8156e59c4dcedfd,Method_Cj9Ya2R7fZd6xs1q5mNQ,方法5,7,0.1273,12.73
6106e5232ac32bc22d1d,Method_5Q4KoXthUuYz3bvrTDFm,方法1,29,0.2148,21.48
6106e5232ac32bc22d1d,Method_Cj9Ya2R7fZd6xs1q5mNQ,方法2,28,0.2074,20.74
6106e5232ac32bc22d1d,Method_m8vwGkEZc3TSW2xqYUoR,方法3,28,0.2074,20.74
6106e5232ac32bc22d1d,Method_gj1NLb4Jn7URf9K2kQPd,方法4,27,0.2,20.0
6106e5232ac32bc22d1d,Method_BXr9AIsPQhwNvyGdZL57,方法5,23,0.1704,17.04
eb4493aa138e8edc3f6d,Method_BXr9AIsPQhwNvyGdZL57,方法1,29,0.2148,21.48
eb4493aa138e8edc3f6d,Method_gj1NLb4Jn7URf9K2kQPd,方法2,28,0.2074,20.74
eb4493aa138e8edc3f6d,Method_Cj9Ya2R7fZd6xs1q5mNQ,方法3,28,0.2074,20.74
eb4493aa138e8edc3f6d,Method_5Q4KoXthUuYz3bvrTDFm,方法4,28,0.2074,20.74
eb4493aa138e8edc3f6d,Method_m8vwGkEZc3TSW2xqYUoR,方法5,22,0.163,16.3
5d2379fb72082166dee3,Method_m8vwGkEZc3TSW2xqYUoR,方法1,28,0.2545,25.45
5d2379fb72082166dee3,Method_Cj9Ya2R7fZd6xs1q5mNQ,方法2,25,0.2273,22.73
5d2379fb72082166dee3,Method_5Q4KoXthUuYz3bvrTDFm,方法3,21,0.1909,19.09
5d2379fb72082166dee3,Method_BXr9AIsPQhwNvyGdZL57,方法4,19,0.1727,17.27
5d2379fb72082166dee3,Method_gj1NLb4Jn7URf9K2kQPd,方法5,17,0.1545,15.45
2e40c1b07d32d3b80862,Method_5Q4KoXthUuYz3bvrTDFm,方法1,46,0.2614,26.14
2e40c1b07d32d3b80862,Method_Cj9Ya2R7fZd6xs1q5mNQ,方法2,40,0.2273,22.73
2e40c1b07d32d3b80862,Method_m8vwGkEZc3TSW2xqYUoR,方法3,31,0.1761,17.61
2e40c1b07d32d3b80862,Method_BXr9AIsPQhwNvyGdZL57,方法4,30,0.1705,17.05
2e40c1b07d32d3b80862,Method_gj1NLb4Jn7URf9K2kQPd,方法5,29,0.1648,16.48
57f84519c468df122d69,Method_Cj9Ya2R7fZd6xs1q5mNQ,方法1,25,0.2747,27.47
57f84519c468df122d69,Method_BXr9AIsPQhwNvyGdZL57,方法2,20,0.2198,21.98
57f84519c468df122d69,Method_5Q4KoXthUuYz3bvrTDFm,方法3,17,0.1868,18.68
57f84519c468df122d69,Method_m8vwGkEZc3TSW2xqYUoR,方法4,15,0.1648,16.48
57f84519c468df122d69,Method_gj1NLb4Jn7URf9K2kQPd,方法5,14,0.1538,15.38
64d65eddd629b80922f1,Method_Cj9Ya2R7fZd6xs1q5mNQ,方法1,10,0.2703,27.03
64d65eddd629b80922f1,Method_BXr9AIsPQhwNvyGdZL57,方法2,9,0.2432,24.32
64d65eddd629b80922f1,Method_gj1NLb4Jn7URf9K2kQPd,方法3,6,0.1622,16.22
64d65eddd629b80922f1,Method_m8vwGkEZc3TSW2xqYUoR,方法4,6,0.1622,16.22
64d65eddd629b80922f1,Method_5Q4KoXthUuYz3bvrTDFm,方法5,6,0.1622,16.22
d311ac015e2e230935b2,Method_m8vwGkEZc3TSW2xqYUoR,方法1,22,0.2651,26.51
d311ac015e2e230935b2,Method_Cj9Ya2R7fZd6xs1q5mNQ,方法2,18,0.2169,21.69
d311ac015e2e230935b2,Method_gj1NLb4Jn7URf9K2kQPd,方法3,16,0.1928,19.28
d311ac015e2e230935b2,Method_5Q4KoXthUuYz3bvrTDFm,方法4,14,0.1687,16.87
d311ac015e2e230935b2,Method_BXr9AIsPQhwNvyGdZL57,方法5,13,0.1566,15.66
33b73273ab8e1a11fcda,Method_5Q4KoXthUuYz3bvrTDFm,方法1,17,0.2394,23.94
33b73273ab8e1a11fcda,Method_gj1NLb4Jn7URf9K2kQPd,方法2,16,0.2254,22.54
33b73273ab8e1a11fcda,Method_Cj9Ya2R7fZd6xs1q5mNQ,方法3,14,0.1972,19.72
33b73273ab8e1a11fcda,Method_m8vwGkEZc3TSW2xqYUoR,方法4,13,0.1831,18.31
33b73273ab8e1a11fcda,Method_BXr9AIsPQhwNvyGdZL57,方法5,11,0.1549,15.49
a1ed24a77c97b05064ef,Method_gj1NLb4Jn7URf9K2kQPd,方法1,22,0.25,25.0
a1ed24a77c97b05064ef,Method_BXr9AIsPQhwNvyGdZL57,方法2,18,0.2045,20.45
a1ed24a77c97b05064ef,Method_m8vwGkEZc3TSW2xqYUoR,方法3,17,0.1932,19.32
a1ed24a77c97b05064ef,Method_Cj9Ya2R7fZd6xs1q5mNQ,方法4,17,0.1932,19.32
a1ed24a77c97b05064ef,Method_5Q4KoXthUuYz3bvrTDFm,方法5,14,0.1591,15.91
f286ac7cd0663855cc5f,Method_gj1NLb4Jn7URf9K2kQPd,方法1,26,0.2626,26.26
f286ac7cd0663855cc5f,Method_m8vwGkEZc3TSW2xqYUoR,方法2,23,0.2323,23.23
f286ac7cd0663855cc5f,Method_5Q4KoXthUuYz3bvrTDFm,方法3,20,0.202,20.2
f286ac7cd0663855cc5f,Method_Cj9Ya2R7fZd6xs1q5mNQ,方法4,16,0.1616,16.16
f286ac7cd0663855cc5f,Method_BXr9AIsPQhwNvyGdZL57,方法5,14,0.1414,14.14
a3cd849a5a8d682e18db,Method_5Q4KoXthUuYz3bvrTDFm,方法1,25,0.266,26.6
a3cd849a5a8d682e18db,Method_Cj9Ya2R7fZd6xs1q5mNQ,方法2,19,0.2021,20.21
a3cd849a5a8d682e18db,Method_BXr9AIsPQhwNvyGdZL57,方法3,18,0.1915,19.15
a3cd849a5a8d682e18db,Method_gj1NLb4Jn7URf9K2kQPd,方法4,17,0.1809,18.09
a3cd849a5a8d682e18db,Method_m8vwGkEZc3TSW2xqYUoR,方法5,15,0.1596,15.96
e77eaaa90a75ea6167f4,Method_m8vwGkEZc3TSW2xqYUoR,方法1,31,0.248,24.8
e77eaaa90a75ea6167f4,Method_gj1NLb4Jn7URf9K2kQPd,方法2,28,0.224,22.4
e77eaaa90a75ea6167f4,Method_BXr9AIsPQhwNvyGdZL57,方法3,23,0.184,18.4
e77eaaa90a75ea6167f4,Method_5Q4KoXthUuYz3bvrTDFm,方法4,22,0.176,17.6
e77eaaa90a75ea6167f4,Method_Cj9Ya2R7fZd6xs1q5mNQ,方法5,21,0.168,16.8
faa31dca7ed1dd11fe44,Method_m8vwGkEZc3TSW2xqYUoR,方法1,53,0.2218,22.18
faa31dca7ed1dd11fe44,Method_5Q4KoXthUuYz3bvrTDFm,方法2,52,0.2176,21.76
faa31dca7ed1dd11fe44,Method_Cj9Ya2R7fZd6xs1q5mNQ,方法3,50,0.2092,20.92
faa31dca7ed1dd11fe44,Method_BXr9AIsPQhwNvyGdZL57,方法4,44,0.1841,18.41
faa31dca7ed1dd11fe44,Method_gj1NLb4Jn7URf9K2kQPd,方法5,40,0.1674,16.74
00df647ee4bf7173642f,Method_m8vwGkEZc3TSW2xqYUoR,方法1,81,0.2571,25.71
00df647ee4bf7173642f,Method_gj1NLb4Jn7URf9K2kQPd,方法2,65,0.2063,20.63
00df647ee4bf7173642f,Method_BXr9AIsPQhwNvyGdZL57,方法3,59,0.1873,18.73
00df647ee4bf7173642f,Method_Cj9Ya2R7fZd6xs1q5mNQ,方法4,57,0.181,18.1
00df647ee4bf7173642f,Method_5Q4KoXthUuYz3bvrTDFm,方法5,53,0.1683,16.83
e0be3445997310f4d68e,Method_5Q4KoXthUuYz3bvrTDFm,方法1,50,0.2222,22.22
e0be3445997310f4d68e,Method_m8vwGkEZc3TSW2xqYUoR,方法2,45,0.2,20.0
e0be3445997310f4d68e,Method_BXr9AIsPQhwNvyGdZL57,方法3,45,0.2,20.0
e0be3445997310f4d68e,Method_Cj9Ya2R7fZd6xs1q5mNQ,方法4,44,0.1956,19.56
e0be3445997310f4d68e,Method_gj1NLb4Jn7URf9K2kQPd,方法5,41,0.1822,18.22
cf73246d819a1ea78e14,Method_gj1NLb4Jn7URf9K2kQPd,方法1,28,0.2569,25.69
cf73246d819a1ea78e14,Method_m8vwGkEZc3TSW2xqYUoR,方法2,23,0.211,21.1
cf73246d819a1ea78e14,Method_BXr9AIsPQhwNvyGdZL57,方法3,22,0.2018,20.18
cf73246d819a1ea78e14,Method_5Q4KoXthUuYz3bvrTDFm,方法4,20,0.1835,18.35
cf73246d819a1ea78e14,Method_Cj9Ya2R7fZd6xs1q5mNQ,方法5,16,0.1468,14.68
b3e8039d33099e1d066c,Method_m8vwGkEZc3TSW2xqYUoR,方法1,19,0.2405,24.05
b3e8039d33099e1d066c,Method_5Q4KoXthUuYz3bvrTDFm,方法2,17,0.2152,21.52
b3e8039d33099e1d066c,Method_gj1NLb4Jn7URf9K2kQPd,方法3,15,0.1899,18.99
b3e8039d33099e1d066c,Method_Cj9Ya2R7fZd6xs1q5mNQ,方法4,14,0.1772,17.72
b3e8039d33099e1d066c,Method_BXr9AIsPQhwNvyGdZL57,方法5,14,0.1772,17.72
b32b82ebae5971dd48df,Method_Cj9Ya2R7fZd6xs1q5mNQ,方法1,30,0.2222,22.22
b32b82ebae5971dd48df,Method_m8vwGkEZc3TSW2xqYUoR,方法2,28,0.2074,20.74
b32b82ebae5971dd48df,Method_5Q4KoXthUuYz3bvrTDFm,方法3,28,0.2074,20.74
b32b82ebae5971dd48df,Method_gj1NLb4Jn7URf9K2kQPd,方法4,28,0.2074,20.74
b32b82ebae5971dd48df,Method_BXr9AIsPQhwNvyGdZL57,方法5,21,0.1556,15.56
9c39551b2cbe4f0c6d03,Method_BXr9AIsPQhwNvyGdZL57,方法1,26,0.2281,22.81
9c39551b2cbe4f0c6d03,Method_gj1NLb4Jn7URf9K2kQPd,方法2,24,0.2105,21.05
9c39551b2cbe4f0c6d03,Method_Cj9Ya2R7fZd6xs1q5mNQ,方法3,22,0.193,19.3
9c39551b2cbe4f0c6d03,Method_m8vwGkEZc3TSW2xqYUoR,方法4,22,0.193,19.3
9c39551b2cbe4f0c6d03,Method_5Q4KoXthUuYz3bvrTDFm,方法5,20,0.1754,17.54
1ca19e51244cdd3f09ff,Method_m8vwGkEZc3TSW2xqYUoR,方法1,18,0.2278,22.78
1ca19e51244cdd3f09ff,Method_Cj9Ya2R7fZd6xs1q5mNQ,方法2,16,0.2025,20.25
1ca19e51244cdd3f09ff,Method_BXr9AIsPQhwNvyGdZL57,方法3,16,0.2025,20.25
1ca19e51244cdd3f09ff,Method_5Q4KoXthUuYz3bvrTDFm,方法4,16,0.2025,20.25
1ca19e51244cdd3f09ff,Method_gj1NLb4Jn7URf9K2kQPd,方法5,13,0.1646,16.46
0eb6eec8b4bee8ab6a44,Method_m8vwGkEZc3TSW2xqYUoR,方法1,35,0.2734,27.34
0eb6eec8b4bee8ab6a44,Method_5Q4KoXthUuYz3bvrTDFm,方法2,26,0.2031,20.31
0eb6eec8b4bee8ab6a44,Method_gj1NLb4Jn7URf9K2kQPd,方法3,26,0.2031,20.31
0eb6eec8b4bee8ab6a44,Method_BXr9AIsPQhwNvyGdZL57,方法4,21,0.1641,16.41
0eb6eec8b4bee8ab6a44,Method_Cj9Ya2R7fZd6xs1q5mNQ,方法5,20,0.1562,15.62
dc93d7d840a88e5efb17,Method_5Q4KoXthUuYz3bvrTDFm,方法1,33,0.2463,24.63
dc93d7d840a88e5efb17,Method_Cj9Ya2R7fZd6xs1q5mNQ,方法2,32,0.2388,23.88
dc93d7d840a88e5efb17,Method_m8vwGkEZc3TSW2xqYUoR,方法3,26,0.194,19.4
dc93d7d840a88e5efb17,Method_gj1NLb4Jn7URf9K2kQPd,方法4,23,0.1716,17.16
dc93d7d840a88e5efb17,Method_BXr9AIsPQhwNvyGdZL57,方法5,20,0.1493,14.93
c7d5a3256a9f99ba3e98,Method_m8vwGkEZc3TSW2xqYUoR,方法1,27,0.2231,22.31
c7d5a3256a9f99ba3e98,Method_5Q4KoXthUuYz3bvrTDFm,方法2,25,0.2066,20.66
c7d5a3256a9f99ba3e98,Method_Cj9Ya2R7fZd6xs1q5mNQ,方法3,24,0.1983,19.83
c7d5a3256a9f99ba3e98,Method_BXr9AIsPQhwNvyGdZL57,方法4,24,0.1983,19.83
c7d5a3256a9f99ba3e98,Method_gj1NLb4Jn7URf9K2kQPd,方法5,21,0.1736,17.36
2b54ed4af8281eb82f58,Method_5Q4KoXthUuYz3bvrTDFm,方法1,40,0.2797,27.97
2b54ed4af8281eb82f58,Method_BXr9AIsPQhwNvyGdZL57,方法2,34,0.2378,23.78
2b54ed4af8281eb82f58,Method_m8vwGkEZc3TSW2xqYUoR,方法3,24,0.1678,16.78
2b54ed4af8281eb82f58,Method_Cj9Ya2R7fZd6xs1q5mNQ,方法4,24,0.1678,16.78
2b54ed4af8281eb82f58,Method_gj1NLb4Jn7URf9K2kQPd,方法5,21,0.1469,14.69
c16e14d7aa5b4ef519e3,Method_gj1NLb4Jn7URf9K2kQPd,方法1,17,0.2787,27.87
c16e14d7aa5b4ef519e3,Method_5Q4KoXthUuYz3bvrTDFm,方法2,15,0.2459,24.59
c16e14d7aa5b4ef519e3,Method_Cj9Ya2R7fZd6xs1q5mNQ,方法3,12,0.1967,19.67
c16e14d7aa5b4ef519e3,Method_m8vwGkEZc3TSW2xqYUoR,方法4,10,0.1639,16.39
c16e14d7aa5b4ef519e3,Method_BXr9AIsPQhwNvyGdZL57,方法5,7,0.1148,11.48
c53129098375fc7f17bc,Method_m8vwGkEZc3TSW2xqYUoR,方法1,52,0.2453,24.53
c53129098375fc7f17bc,Method_BXr9AIsPQhwNvyGdZL57,方法2,46,0.217,21.7
c53129098375fc7f17bc,Method_5Q4KoXthUuYz3bvrTDFm,方法3,42,0.1981,19.81
c53129098375fc7f17bc,Method_gj1NLb4Jn7URf9K2kQPd,方法4,40,0.1887,18.87
c53129098375fc7f17bc,Method_Cj9Ya2R7fZd6xs1q5mNQ,方法5,32,0.1509,15.09
953123cfe1c275e6d8a9,Method_m8vwGkEZc3TSW2xqYUoR,方法1,30,0.2326,23.26
953123cfe1c275e6d8a9,Method_gj1NLb4Jn7URf9K2kQPd,方法2,27,0.2093,20.93
953123cfe1c275e6d8a9,Method_5Q4KoXthUuYz3bvrTDFm,方法3,26,0.2016,20.16
953123cfe1c275e6d8a9,Method_Cj9Ya2R7fZd6xs1q5mNQ,方法4,23,0.1783,17.83
953123cfe1c275e6d8a9,Method_BXr9AIsPQhwNvyGdZL57,方法5,23,0.1783,17.83
7b1d65c8c7637c14d9f2,Method_5Q4KoXthUuYz3bvrTDFm,方法1,26,0.2574,25.74
7b1d65c8c7637c14d9f2,Method_gj1NLb4Jn7URf9K2kQPd,方法2,22,0.2178,21.78
7b1d65c8c7637c14d9f2,Method_Cj9Ya2R7fZd6xs1q5mNQ,方法3,22,0.2178,21.78
7b1d65c8c7637c14d9f2,Method_m8vwGkEZc3TSW2xqYUoR,方法4,19,0.1881,18.81
7b1d65c8c7637c14d9f2,Method_BXr9AIsPQhwNvyGdZL57,方法5,12,0.1188,11.88
855b21869c4fdbed8047,Method_Cj9Ya2R7fZd6xs1q5mNQ,方法1,16,0.2581,25.81
855b21869c4fdbed8047,Method_gj1NLb4Jn7URf9K2kQPd,方法2,14,0.2258,22.58
855b21869c4fdbed8047,Method_5Q4KoXthUuYz3bvrTDFm,方法3,13,0.2097,20.97
855b21869c4fdbed8047,Method_m8vwGkEZc3TSW2xqYUoR,方法4,10,0.1613,16.13
855b21869c4fdbed8047,Method_BXr9AIsPQhwNvyGdZL57,方法5,9,0.1452,14.52
f63cab44b941c6ca80d6,Method_5Q4KoXthUuYz3bvrTDFm,方法1,42,0.2346,23.46
f63cab44b941c6ca80d6,Method_m8vwGkEZc3TSW2xqYUoR,方法2,36,0.2011,20.11
f63cab44b941c6ca80d6,Method_gj1NLb4Jn7URf9K2kQPd,方法3,35,0.1955,19.55
f63cab44b941c6ca80d6,Method_Cj9Ya2R7fZd6xs1q5mNQ,方法4,34,0.1899,18.99
f63cab44b941c6ca80d6,Method_BXr9AIsPQhwNvyGdZL57,方法5,32,0.1788,17.88
4e4bb1f26e34ca0a13dc,Method_gj1NLb4Jn7URf9K2kQPd,方法1,25,0.2252,22.52
4e4bb1f26e34ca0a13dc,Method_5Q4KoXthUuYz3bvrTDFm,方法2,24,0.2162,21.62
4e4bb1f26e34ca0a13dc,Method_m8vwGkEZc3TSW2xqYUoR,方法3,24,0.2162,21.62
4e4bb1f26e34ca0a13dc,Method_BXr9AIsPQhwNvyGdZL57,方法4,21,0.1892,18.92
4e4bb1f26e34ca0a13dc,Method_Cj9Ya2R7fZd6xs1q5mNQ,方法5,17,0.1532,15.32
7f58862bfed16feedfd6,Method_Cj9Ya2R7fZd6xs1q5mNQ,方法1,18,0.24,24.0
7f58862bfed16feedfd6,Method_BXr9AIsPQhwNvyGdZL57,方法2,17,0.2267,22.67
7f58862bfed16feedfd6,Method_m8vwGkEZc3TSW2xqYUoR,方法3,14,0.1867,18.67
7f58862bfed16feedfd6,Method_5Q4KoXthUuYz3bvrTDFm,方法4,13,0.1733,17.33
7f58862bfed16feedfd6,Method_gj1NLb4Jn7URf9K2kQPd,方法5,13,0.1733,17.33
a2b5174e55754addcd68,Method_5Q4KoXthUuYz3bvrTDFm,方法1,31,0.2897,28.97
a2b5174e55754addcd68,Method_m8vwGkEZc3TSW2xqYUoR,方法2,23,0.215,21.5
a2b5174e55754addcd68,Method_BXr9AIsPQhwNvyGdZL57,方法3,20,0.1869,18.69
a2b5174e55754addcd68,Method_gj1NLb4Jn7URf9K2kQPd,方法4,19,0.1776,17.76
a2b5174e55754addcd68,Method_Cj9Ya2R7fZd6xs1q5mNQ,方法5,14,0.1308,13.08
056ab41140f68c15db14,Method_5Q4KoXthUuYz3bvrTDFm,方法1,52,0.2488,24.88
056ab41140f68c15db14,Method_gj1NLb4Jn7URf9K2kQPd,方法2,48,0.2297,22.97
056ab41140f68c15db14,Method_m8vwGkEZc3TSW2xqYUoR,方法3,39,0.1866,18.66
056ab41140f68c15db14,Method_Cj9Ya2R7fZd6xs1q5mNQ,方法4,37,0.177,17.7
056ab41140f68c15db14,Method_BXr9AIsPQhwNvyGdZL57,方法5,33,0.1579,15.79
9369995cb6743cb69182,Method_Cj9Ya2R7fZd6xs1q5mNQ,方法1,24,0.2609,26.09
9369995cb6743cb69182,Method_gj1NLb4Jn7URf9K2kQPd,方法2,20,0.2174,21.74
9369995cb6743cb69182,Method_m8vwGkEZc3TSW2xqYUoR,方法3,18,0.1957,19.57
9369995cb6743cb69182,Method_5Q4KoXthUuYz3bvrTDFm,方法4,17,0.1848,18.48
9369995cb6743cb69182,Method_BXr9AIsPQhwNvyGdZL57,方法5,13,0.1413,14.13
e5b30ace9334d153e076,Method_Cj9Ya2R7fZd6xs1q5mNQ,方法1,41,0.2547,25.47
e5b30ace9334d153e076,Method_m8vwGkEZc3TSW2xqYUoR,方法2,40,0.2484,24.84
e5b30ace9334d153e076,Method_5Q4KoXthUuYz3bvrTDFm,方法3,34,0.2112,21.12
e5b30ace9334d153e076,Method_gj1NLb4Jn7URf9K2kQPd,方法4,31,0.1925,19.25
e5b30ace9334d153e076,Method_BXr9AIsPQhwNvyGdZL57,方法5,15,0.0932,9.32
367c27a001837dabb2e9,Method_Cj9Ya2R7fZd6xs1q5mNQ,方法1,25,0.2294,22.94
367c27a001837dabb2e9,Method_gj1NLb4Jn7URf9K2kQPd,方法2,23,0.211,21.1
367c27a001837dabb2e9,Method_5Q4KoXthUuYz3bvrTDFm,方法3,21,0.1927,19.27
367c27a001837dabb2e9,Method_m8vwGkEZc3TSW2xqYUoR,方法4,21,0.1927,19.27
367c27a001837dabb2e9,Method_BXr9AIsPQhwNvyGdZL57,方法5,19,0.1743,17.43
a3c8ab369e2e928ed523,Method_5Q4KoXthUuYz3bvrTDFm,方法1,16,0.3137,31.37
a3c8ab369e2e928ed523,Method_Cj9Ya2R7fZd6xs1q5mNQ,方法2,12,0.2353,23.53
a3c8ab369e2e928ed523,Method_m8vwGkEZc3TSW2xqYUoR,方法3,10,0.1961,19.61
a3c8ab369e2e928ed523,Method_gj1NLb4Jn7URf9K2kQPd,方法4,7,0.1373,13.73
a3c8ab369e2e928ed523,Method_BXr9AIsPQhwNvyGdZL57,方法5,6,0.1176,11.76
06309f4c8785254f4c13,Method_5Q4KoXthUuYz3bvrTDFm,方法1,16,0.254,25.4
06309f4c8785254f4c13,Method_BXr9AIsPQhwNvyGdZL57,方法2,15,0.2381,23.81
06309f4c8785254f4c13,Method_m8vwGkEZc3TSW2xqYUoR,方法3,13,0.2063,20.63
06309f4c8785254f4c13,Method_Cj9Ya2R7fZd6xs1q5mNQ,方法4,12,0.1905,19.05
06309f4c8785254f4c13,Method_gj1NLb4Jn7URf9K2kQPd,方法5,7,0.1111,11.11
47b08a7751ab609be9e5,Method_5Q4KoXthUuYz3bvrTDFm,方法1,24,0.3243,32.43
47b08a7751ab609be9e5,Method_BXr9AIsPQhwNvyGdZL57,方法2,16,0.2162,21.62
47b08a7751ab609be9e5,Method_m8vwGkEZc3TSW2xqYUoR,方法3,13,0.1757,17.57
47b08a7751ab609be9e5,Method_gj1NLb4Jn7URf9K2kQPd,方法4,12,0.1622,16.22
47b08a7751ab609be9e5,Method_Cj9Ya2R7fZd6xs1q5mNQ,方法5,9,0.1216,12.16
17f2d0e73044110cdea5,Method_BXr9AIsPQhwNvyGdZL57,方法1,24,0.24,24.0
17f2d0e73044110cdea5,Method_gj1NLb4Jn7URf9K2kQPd,方法2,22,0.22,22.0
17f2d0e73044110cdea5,Method_5Q4KoXthUuYz3bvrTDFm,方法3,20,0.2,20.0
17f2d0e73044110cdea5,Method_Cj9Ya2R7fZd6xs1q5mNQ,方法4,17,0.17,17.0
17f2d0e73044110cdea5,Method_m8vwGkEZc3TSW2xqYUoR,方法5,17,0.17,17.0
c200d8d792314a9d3575,Method_m8vwGkEZc3TSW2xqYUoR,方法1,32,0.2388,23.88
c200d8d792314a9d3575,Method_Cj9Ya2R7fZd6xs1q5mNQ,方法2,32,0.2388,23.88
c200d8d792314a9d3575,Method_5Q4KoXthUuYz3bvrTDFm,方法3,25,0.1866,18.66
c200d8d792314a9d3575,Method_gj1NLb4Jn7URf9K2kQPd,方法4,24,0.1791,17.91
c200d8d792314a9d3575,Method_BXr9AIsPQhwNvyGdZL57,方法5,21,0.1567,15.67
84f116e542feb4ff69c0,Method_5Q4KoXthUuYz3bvrTDFm,方法1,24,0.24,24.0
84f116e542feb4ff69c0,Method_BXr9AIsPQhwNvyGdZL57,方法2,21,0.21,21.0
84f116e542feb4ff69c0,Method_Cj9Ya2R7fZd6xs1q5mNQ,方法3,21,0.21,21.0
84f116e542feb4ff69c0,Method_m8vwGkEZc3TSW2xqYUoR,方法4,19,0.19,19.0
84f116e542feb4ff69c0,Method_gj1NLb4Jn7URf9K2kQPd,方法5,15,0.15,15.0
mbbw64iibpv7ndj2iie1,Method_5Q4KoXthUuYz3bvrTDFm,方法1,30,0.2804,28.04
mbbw64iibpv7ndj2iie1,Method_m8vwGkEZc3TSW2xqYUoR,方法2,24,0.2243,22.43
mbbw64iibpv7ndj2iie1,Method_Cj9Ya2R7fZd6xs1q5mNQ,方法3,20,0.1869,18.69
mbbw64iibpv7ndj2iie1,Method_gj1NLb4Jn7URf9K2kQPd,方法4,17,0.1589,15.89
mbbw64iibpv7ndj2iie1,Method_BXr9AIsPQhwNvyGdZL57,方法5,16,0.1495,14.95
hpty3h6eij2tr467ueks,Method_Cj9Ya2R7fZd6xs1q5mNQ,方法1,21,0.2258,22.58
hpty3h6eij2tr467ueks,Method_m8vwGkEZc3TSW2xqYUoR,方法2,20,0.2151,21.51
hpty3h6eij2tr467ueks,Method_gj1NLb4Jn7URf9K2kQPd,方法3,19,0.2043,20.43
hpty3h6eij2tr467ueks,Method_BXr9AIsPQhwNvyGdZL57,方法4,19,0.2043,20.43
hpty3h6eij2tr467ueks,Method_5Q4KoXthUuYz3bvrTDFm,方法5,14,0.1505,15.05
ygc6nfsry40yon3nicac,Method_5Q4KoXthUuYz3bvrTDFm,方法1,27,0.2455,24.55
ygc6nfsry40yon3nicac,Method_gj1NLb4Jn7URf9K2kQPd,方法2,26,0.2364,23.64
ygc6nfsry40yon3nicac,Method_m8vwGkEZc3TSW2xqYUoR,方法3,21,0.1909,19.09
ygc6nfsry40yon3nicac,Method_Cj9Ya2R7fZd6xs1q5mNQ,方法4,19,0.1727,17.27
ygc6nfsry40yon3nicac,Method_BXr9AIsPQhwNvyGdZL57,方法5,17,0.1545,15.45
th28zykgzvfex40v22hz,Method_gj1NLb4Jn7URf9K2kQPd,方法1,27,0.2308,23.08
th28zykgzvfex40v22hz,Method_m8vwGkEZc3TSW2xqYUoR,方法2,27,0.2308,23.08
th28zykgzvfex40v22hz,Method_BXr9AIsPQhwNvyGdZL57,方法3,23,0.1966,19.66
th28zykgzvfex40v22hz,Method_Cj9Ya2R7fZd6xs1q5mNQ,方法4,21,0.1795,17.95
th28zykgzvfex40v22hz,Method_5Q4KoXthUuYz3bvrTDFm,方法5,19,0.1624,16.24
3dglsy7ee3ytfq1lpwlv,Method_m8vwGkEZc3TSW2xqYUoR,方法1,33,0.2538,25.38
3dglsy7ee3ytfq1lpwlv,Method_5Q4KoXthUuYz3bvrTDFm,方法2,29,0.2231,22.31
3dglsy7ee3ytfq1lpwlv,Method_gj1NLb4Jn7URf9K2kQPd,方法3,29,0.2231,22.31
3dglsy7ee3ytfq1lpwlv,Method_BXr9AIsPQhwNvyGdZL57,方法4,20,0.1538,15.38
3dglsy7ee3ytfq1lpwlv,Method_Cj9Ya2R7fZd6xs1q5mNQ,方法5,19,0.1462,14.62
219jkfkejubvu4dvuv13,Method_5Q4KoXthUuYz3bvrTDFm,方法1,33,0.2821,28.21
219jkfkejubvu4dvuv13,Method_m8vwGkEZc3TSW2xqYUoR,方法2,29,0.2479,24.79
219jkfkejubvu4dvuv13,Method_BXr9AIsPQhwNvyGdZL57,方法3,22,0.188,18.8
219jkfkejubvu4dvuv13,Method_gj1NLb4Jn7URf9K2kQPd,方法4,18,0.1538,15.38
219jkfkejubvu4dvuv13,Method_Cj9Ya2R7fZd6xs1q5mNQ,方法5,15,0.1282,12.82
rgl39qjfatpnh3v4o28m,Method_gj1NLb4Jn7URf9K2kQPd,方法1,29,0.2358,23.58
rgl39qjfatpnh3v4o28m,Method_m8vwGkEZc3TSW2xqYUoR,方法2,28,0.2276,22.76
rgl39qjfatpnh3v4o28m,Method_5Q4KoXthUuYz3bvrTDFm,方法3,26,0.2114,21.14
rgl39qjfatpnh3v4o28m,Method_BXr9AIsPQhwNvyGdZL57,方法4,23,0.187,18.7
rgl39qjfatpnh3v4o28m,Method_Cj9Ya2R7fZd6xs1q5mNQ,方法5,17,0.1382,13.82
iqhpwbqkqi7kugzduhit,Method_gj1NLb4Jn7URf9K2kQPd,方法1,31,0.2441,24.41
iqhpwbqkqi7kugzduhit,Method_m8vwGkEZc3TSW2xqYUoR,方法2,28,0.2205,22.05
iqhpwbqkqi7kugzduhit,Method_Cj9Ya2R7fZd6xs1q5mNQ,方法3,24,0.189,18.9
iqhpwbqkqi7kugzduhit,Method_BXr9AIsPQhwNvyGdZL57,方法4,22,0.1732,17.32
iqhpwbqkqi7kugzduhit,Method_5Q4KoXthUuYz3bvrTDFm,方法5,22,0.1732,17.32
12s3yomv0kltozc1qxc4,Method_gj1NLb4Jn7URf9K2kQPd,方法1,33,0.2797,27.97
12s3yomv0kltozc1qxc4,Method_Cj9Ya2R7fZd6xs1q5mNQ,方法2,23,0.1949,19.49
12s3yomv0kltozc1qxc4,Method_BXr9AIsPQhwNvyGdZL57,方法3,22,0.1864,18.64
12s3yomv0kltozc1qxc4,Method_m8vwGkEZc3TSW2xqYUoR,方法4,21,0.178,17.8
12s3yomv0kltozc1qxc4,Method_5Q4KoXthUuYz3bvrTDFm,方法5,19,0.161,16.1
qaubz3kt65qtoit8g4vi,Method_5Q4KoXthUuYz3bvrTDFm,方法1,29,0.2566,25.66
qaubz3kt65qtoit8g4vi,Method_Cj9Ya2R7fZd6xs1q5mNQ,方法2,28,0.2478,24.78
qaubz3kt65qtoit8g4vi,Method_m8vwGkEZc3TSW2xqYUoR,方法3,24,0.2124,21.24
qaubz3kt65qtoit8g4vi,Method_BXr9AIsPQhwNvyGdZL57,方法4,17,0.1504,15.04
qaubz3kt65qtoit8g4vi,Method_gj1NLb4Jn7URf9K2kQPd,方法5,15,0.1327,13.27
0qamadarf6xhm9pm2jta,Method_m8vwGkEZc3TSW2xqYUoR,方法1,27,0.2673,26.73
0qamadarf6xhm9pm2jta,Method_5Q4KoXthUuYz3bvrTDFm,方法2,23,0.2277,22.77
0qamadarf6xhm9pm2jta,Method_gj1NLb4Jn7URf9K2kQPd,方法3,23,0.2277,22.77
0qamadarf6xhm9pm2jta,Method_Cj9Ya2R7fZd6xs1q5mNQ,方法4,14,0.1386,13.86
0qamadarf6xhm9pm2jta,Method_BXr9AIsPQhwNvyGdZL57,方法5,14,0.1386,13.86
1eekhswi2ckx4uw0j1c9,Method_Cj9Ya2R7fZd6xs1q5mNQ,方法1,26,0.2321,23.21
1eekhswi2ckx4uw0j1c9,Method_m8vwGkEZc3TSW2xqYUoR,方法2,23,0.2054,20.54
1eekhswi2ckx4uw0j1c9,Method_BXr9AIsPQhwNvyGdZL57,方法3,23,0.2054,20.54
1eekhswi2ckx4uw0j1c9,Method_gj1NLb4Jn7URf9K2kQPd,方法4,20,0.1786,17.86
1eekhswi2ckx4uw0j1c9,Method_5Q4KoXthUuYz3bvrTDFm,方法5,20,0.1786,17.86
80xvovy2zizaj5kr0va5,Method_m8vwGkEZc3TSW2xqYUoR,方法1,26,0.25,25.0
80xvovy2zizaj5kr0va5,Method_gj1NLb4Jn7URf9K2kQPd,方法2,23,0.2212,22.12
80xvovy2zizaj5kr0va5,Method_Cj9Ya2R7fZd6xs1q5mNQ,方法3,22,0.2115,21.15
80xvovy2zizaj5kr0va5,Method_5Q4KoXthUuYz3bvrTDFm,方法4,20,0.1923,19.23
80xvovy2zizaj5kr0va5,Method_BXr9AIsPQhwNvyGdZL57,方法5,13,0.125,12.5
hva2hcwvh4mv0i4t59t6,Method_Cj9Ya2R7fZd6xs1q5mNQ,方法1,22,0.2444,24.44
hva2hcwvh4mv0i4t59t6,Method_BXr9AIsPQhwNvyGdZL57,方法2,19,0.2111,21.11
hva2hcwvh4mv0i4t59t6,Method_m8vwGkEZc3TSW2xqYUoR,方法3,18,0.2,20.0
hva2hcwvh4mv0i4t59t6,Method_gj1NLb4Jn7URf9K2kQPd,方法4,18,0.2,20.0
hva2hcwvh4mv0i4t59t6,Method_5Q4KoXthUuYz3bvrTDFm,方法5,13,0.1444,14.44
x9xz7kb08kmf1tytnc1f,Method_m8vwGkEZc3TSW2xqYUoR,方法1,25,0.2315,23.15
x9xz7kb08kmf1tytnc1f,Method_Cj9Ya2R7fZd6xs1q5mNQ,方法2,25,0.2315,23.15
x9xz7kb08kmf1tytnc1f,Method_gj1NLb4Jn7URf9K2kQPd,方法3,23,0.213,21.3
x9xz7kb08kmf1tytnc1f,Method_5Q4KoXthUuYz3bvrTDFm,方法4,21,0.1944,19.44
x9xz7kb08kmf1tytnc1f,Method_BXr9AIsPQhwNvyGdZL57,方法5,14,0.1296,12.96
tezxtgugzffgu5fxr0cz,Method_m8vwGkEZc3TSW2xqYUoR,方法1,31,0.2627,26.27
tezxtgugzffgu5fxr0cz,Method_5Q4KoXthUuYz3bvrTDFm,方法2,27,0.2288,22.88
tezxtgugzffgu5fxr0cz,Method_BXr9AIsPQhwNvyGdZL57,方法3,27,0.2288,22.88
tezxtgugzffgu5fxr0cz,Method_Cj9Ya2R7fZd6xs1q5mNQ,方法4,18,0.1525,15.25
tezxtgugzffgu5fxr0cz,Method_gj1NLb4Jn7URf9K2kQPd,方法5,15,0.1271,12.71
lvp2qmljigke8u0nfbvl,Method_BXr9AIsPQhwNvyGdZL57,方法1,25,0.2717,27.17
lvp2qmljigke8u0nfbvl,Method_gj1NLb4Jn7URf9K2kQPd,方法2,22,0.2391,23.91
lvp2qmljigke8u0nfbvl,Method_Cj9Ya2R7fZd6xs1q5mNQ,方法3,18,0.1957,19.57
lvp2qmljigke8u0nfbvl,Method_m8vwGkEZc3TSW2xqYUoR,方法4,14,0.1522,15.22
lvp2qmljigke8u0nfbvl,Method_5Q4KoXthUuYz3bvrTDFm,方法5,13,0.1413,14.13
8bj43lrpbsn3smxxn3xn,Method_BXr9AIsPQhwNvyGdZL57,方法1,25,0.2941,29.41
8bj43lrpbsn3smxxn3xn,Method_5Q4KoXthUuYz3bvrTDFm,方法2,20,0.2353,23.53
8bj43lrpbsn3smxxn3xn,Method_m8vwGkEZc3TSW2xqYUoR,方法3,15,0.1765,17.65
8bj43lrpbsn3smxxn3xn,Method_Cj9Ya2R7fZd6xs1q5mNQ,方法4,14,0.1647,16.47
8bj43lrpbsn3smxxn3xn,Method_gj1NLb4Jn7URf9K2kQPd,方法5,11,0.1294,12.94
19buea1jycypffshcw38,Method_5Q4KoXthUuYz3bvrTDFm,方法1,28,0.2667,26.67
19buea1jycypffshcw38,Method_m8vwGkEZc3TSW2xqYUoR,方法2,22,0.2095,20.95
19buea1jycypffshcw38,Method_Cj9Ya2R7fZd6xs1q5mNQ,方法3,21,0.2,20.0
19buea1jycypffshcw38,Method_gj1NLb4Jn7URf9K2kQPd,方法4,18,0.1714,17.14
19buea1jycypffshcw38,Method_BXr9AIsPQhwNvyGdZL57,方法5,16,0.1524,15.24
vcw0s2e0akak8rqunatk,Method_Cj9Ya2R7fZd6xs1q5mNQ,方法1,24,0.2449,24.49
vcw0s2e0akak8rqunatk,Method_5Q4KoXthUuYz3bvrTDFm,方法2,22,0.2245,22.45
vcw0s2e0akak8rqunatk,Method_m8vwGkEZc3TSW2xqYUoR,方法3,20,0.2041,20.41
vcw0s2e0akak8rqunatk,Method_BXr9AIsPQhwNvyGdZL57,方法4,16,0.1633,16.33
vcw0s2e0akak8rqunatk,Method_gj1NLb4Jn7URf9K2kQPd,方法5,16,0.1633,16.33
dri4ey8he2jovloucu86,Method_gj1NLb4Jn7URf9K2kQPd,方法1,23,0.2323,23.23
dri4ey8he2jovloucu86,Method_5Q4KoXthUuYz3bvrTDFm,方法2,20,0.202,20.2
dri4ey8he2jovloucu86,Method_Cj9Ya2R7fZd6xs1q5mNQ,方法3,19,0.1919,19.19
dri4ey8he2jovloucu86,Method_BXr9AIsPQhwNvyGdZL57,方法4,19,0.1919,19.19
dri4ey8he2jovloucu86,Method_m8vwGkEZc3TSW2xqYUoR,方法5,18,0.1818,18.18
687ndz7mxhpv3gg91ie2,Method_m8vwGkEZc3TSW2xqYUoR,方法1,28,0.2692,26.92
687ndz7mxhpv3gg91ie2,Method_5Q4KoXthUuYz3bvrTDFm,方法2,26,0.25,25.0
687ndz7mxhpv3gg91ie2,Method_gj1NLb4Jn7URf9K2kQPd,方法3,20,0.1923,19.23
687ndz7mxhpv3gg91ie2,Method_BXr9AIsPQhwNvyGdZL57,方法4,15,0.1442,14.42
687ndz7mxhpv3gg91ie2,Method_Cj9Ya2R7fZd6xs1q5mNQ,方法5,15,0.1442,14.42
wmep7eexur6wwrlrz9sv,Method_5Q4KoXthUuYz3bvrTDFm,方法1,22,0.2095,20.95
wmep7eexur6wwrlrz9sv,Method_Cj9Ya2R7fZd6xs1q5mNQ,方法2,22,0.2095,20.95
wmep7eexur6wwrlrz9sv,Method_m8vwGkEZc3TSW2xqYUoR,方法3,21,0.2,20.0
wmep7eexur6wwrlrz9sv,Method_BXr9AIsPQhwNvyGdZL57,方法4,20,0.1905,19.05
wmep7eexur6wwrlrz9sv,Method_gj1NLb4Jn7URf9K2kQPd,方法5,20,0.1905,19.05
2ui63dibc4r8oo0p9agh,Method_5Q4KoXthUuYz3bvrTDFm,方法1,32,0.2807,28.07
2ui63dibc4r8oo0p9agh,Method_BXr9AIsPQhwNvyGdZL57,方法2,24,0.2105,21.05
2ui63dibc4r8oo0p9agh,Method_m8vwGkEZc3TSW2xqYUoR,方法3,20,0.1754,17.54
2ui63dibc4r8oo0p9agh,Method_Cj9Ya2R7fZd6xs1q5mNQ,方法4,19,0.1667,16.67
2ui63dibc4r8oo0p9agh,Method_gj1NLb4Jn7URf9K2kQPd,方法5,19,0.1667,16.67
rufanlg0slv70u876a05,Method_5Q4KoXthUuYz3bvrTDFm,方法1,32,0.2689,26.89
rufanlg0slv70u876a05,Method_gj1NLb4Jn7URf9K2kQPd,方法2,29,0.2437,24.37
rufanlg0slv70u876a05,Method_Cj9Ya2R7fZd6xs1q5mNQ,方法3,25,0.2101,21.01
rufanlg0slv70u876a05,Method_m8vwGkEZc3TSW2xqYUoR,方法4,20,0.1681,16.81
rufanlg0slv70u876a05,Method_BXr9AIsPQhwNvyGdZL57,方法5,13,0.1092,10.92
o6tn58jvkqobrz2qmf5i,Method_Cj9Ya2R7fZd6xs1q5mNQ,方法1,29,0.2458,24.58
o6tn58jvkqobrz2qmf5i,Method_gj1NLb4Jn7URf9K2kQPd,方法2,29,0.2458,24.58
o6tn58jvkqobrz2qmf5i,Method_BXr9AIsPQhwNvyGdZL57,方法3,22,0.1864,18.64
o6tn58jvkqobrz2qmf5i,Method_m8vwGkEZc3TSW2xqYUoR,方法4,20,0.1695,16.95
o6tn58jvkqobrz2qmf5i,Method_5Q4KoXthUuYz3bvrTDFm,方法5,18,0.1525,15.25
iwjs5oi2pl8omkdrs53q,Method_gj1NLb4Jn7URf9K2kQPd,方法1,32,0.2963,29.63
iwjs5oi2pl8omkdrs53q,Method_m8vwGkEZc3TSW2xqYUoR,方法2,25,0.2315,23.15
iwjs5oi2pl8omkdrs53q,Method_Cj9Ya2R7fZd6xs1q5mNQ,方法3,23,0.213,21.3
iwjs5oi2pl8omkdrs53q,Method_BXr9AIsPQhwNvyGdZL57,方法4,14,0.1296,12.96
iwjs5oi2pl8omkdrs53q,Method_5Q4KoXthUuYz3bvrTDFm,方法5,14,0.1296,12.96
qrrck1nnty89cmohw40b,Method_m8vwGkEZc3TSW2xqYUoR,方法1,23,0.2644,26.44
qrrck1nnty89cmohw40b,Method_Cj9Ya2R7fZd6xs1q5mNQ,方法2,19,0.2184,21.84
qrrck1nnty89cmohw40b,Method_5Q4KoXthUuYz3bvrTDFm,方法3,18,0.2069,20.69
qrrck1nnty89cmohw40b,Method_gj1NLb4Jn7URf9K2kQPd,方法4,17,0.1954,19.54
qrrck1nnty89cmohw40b,Method_BXr9AIsPQhwNvyGdZL57,方法5,10,0.1149,11.49
6569uz69or21mbcejw25,Method_gj1NLb4Jn7URf9K2kQPd,方法1,21,0.2258,22.58
6569uz69or21mbcejw25,Method_Cj9Ya2R7fZd6xs1q5mNQ,方法2,19,0.2043,20.43
6569uz69or21mbcejw25,Method_m8vwGkEZc3TSW2xqYUoR,方法3,19,0.2043,20.43
6569uz69or21mbcejw25,Method_BXr9AIsPQhwNvyGdZL57,方法4,18,0.1935,19.35
6569uz69or21mbcejw25,Method_5Q4KoXthUuYz3bvrTDFm,方法5,16,0.172,17.2
jjx780kahllbp5y3x7p8,Method_Cj9Ya2R7fZd6xs1q5mNQ,方法1,30,0.25,25.0
jjx780kahllbp5y3x7p8,Method_BXr9AIsPQhwNvyGdZL57,方法2,30,0.25,25.0
jjx780kahllbp5y3x7p8,Method_gj1NLb4Jn7URf9K2kQPd,方法3,23,0.1917,19.17
jjx780kahllbp5y3x7p8,Method_m8vwGkEZc3TSW2xqYUoR,方法4,19,0.1583,15.83
jjx780kahllbp5y3x7p8,Method_5Q4KoXthUuYz3bvrTDFm,方法5,18,0.15,15.0
h7i4kmpsra4szfbhrcbh,Method_Cj9Ya2R7fZd6xs1q5mNQ,方法1,29,0.2589,25.89
h7i4kmpsra4szfbhrcbh,Method_5Q4KoXthUuYz3bvrTDFm,方法2,22,0.1964,19.64
h7i4kmpsra4szfbhrcbh,Method_gj1NLb4Jn7URf9K2kQPd,方法3,21,0.1875,18.75
h7i4kmpsra4szfbhrcbh,Method_m8vwGkEZc3TSW2xqYUoR,方法4,20,0.1786,17.86
h7i4kmpsra4szfbhrcbh,Method_BXr9AIsPQhwNvyGdZL57,方法5,20,0.1786,17.86
0z4mockl76xn8mhdaehw,Method_BXr9AIsPQhwNvyGdZL57,方法1,24,0.2222,22.22
0z4mockl76xn8mhdaehw,Method_gj1NLb4Jn7URf9K2kQPd,方法2,23,0.213,21.3
0z4mockl76xn8mhdaehw,Method_Cj9Ya2R7fZd6xs1q5mNQ,方法3,22,0.2037,20.37
0z4mockl76xn8mhdaehw,Method_5Q4KoXthUuYz3bvrTDFm,方法4,22,0.2037,20.37
0z4mockl76xn8mhdaehw,Method_m8vwGkEZc3TSW2xqYUoR,方法5,17,0.1574,15.74
bfl1bc2oafd8hrz2xswq,Method_Cj9Ya2R7fZd6xs1q5mNQ,方法1,28,0.2692,26.92
bfl1bc2oafd8hrz2xswq,Method_gj1NLb4Jn7URf9K2kQPd,方法2,23,0.2212,22.12
bfl1bc2oafd8hrz2xswq,Method_5Q4KoXthUuYz3bvrTDFm,方法3,20,0.1923,19.23
bfl1bc2oafd8hrz2xswq,Method_m8vwGkEZc3TSW2xqYUoR,方法4,17,0.1635,16.35
bfl1bc2oafd8hrz2xswq,Method_BXr9AIsPQhwNvyGdZL57,方法5,16,0.1538,15.38
7eeq2weegodhsqj7bxc2,Method_5Q4KoXthUuYz3bvrTDFm,方法1,36,0.2975,29.75
7eeq2weegodhsqj7bxc2,Method_Cj9Ya2R7fZd6xs1q5mNQ,方法2,26,0.2149,21.49
7eeq2weegodhsqj7bxc2,Method_gj1NLb4Jn7URf9K2kQPd,方法3,22,0.1818,18.18
7eeq2weegodhsqj7bxc2,Method_BXr9AIsPQhwNvyGdZL57,方法4,20,0.1653,16.53
7eeq2weegodhsqj7bxc2,Method_m8vwGkEZc3TSW2xqYUoR,方法5,17,0.1405,14.05
0i1e50rz4mkhee97xvpo,Method_5Q4KoXthUuYz3bvrTDFm,方法1,23,0.2447,24.47
0i1e50rz4mkhee97xvpo,Method_gj1NLb4Jn7URf9K2kQPd,方法2,21,0.2234,22.34
0i1e50rz4mkhee97xvpo,Method_m8vwGkEZc3TSW2xqYUoR,方法3,21,0.2234,22.34
0i1e50rz4mkhee97xvpo,Method_Cj9Ya2R7fZd6xs1q5mNQ,方法4,18,0.1915,19.15
0i1e50rz4mkhee97xvpo,Method_BXr9AIsPQhwNvyGdZL57,方法5,11,0.117,11.7
ac896071204b0ce26a1e,Method_m8vwGkEZc3TSW2xqYUoR,方法1,73,0.2128,21.28
ac896071204b0ce26a1e,Method_gj1NLb4Jn7URf9K2kQPd,方法2,69,0.2012,20.12
ac896071204b0ce26a1e,Method_5Q4KoXthUuYz3bvrTDFm,方法3,69,0.2012,20.12
ac896071204b0ce26a1e,Method_Cj9Ya2R7fZd6xs1q5mNQ,方法4,67,0.1953,19.53
ac896071204b0ce26a1e,Method_BXr9AIsPQhwNvyGdZL57,方法5,65,0.1895,18.95
75a72c46b8271a57fba6,Method_BXr9AIsPQhwNvyGdZL57,方法1,18,0.2609,26.09
75a72c46b8271a57fba6,Method_Cj9Ya2R7fZd6xs1q5mNQ,方法2,15,0.2174,21.74
75a72c46b8271a57fba6,Method_5Q4KoXthUuYz3bvrTDFm,方法3,15,0.2174,21.74
75a72c46b8271a57fba6,Method_gj1NLb4Jn7URf9K2kQPd,方法4,14,0.2029,20.29
75a72c46b8271a57fba6,Method_m8vwGkEZc3TSW2xqYUoR,方法5,7,0.1014,10.14
fda1eaffdfa7350e5d97,Method_gj1NLb4Jn7URf9K2kQPd,方法1,54,0.2432,24.32
fda1eaffdfa7350e5d97,Method_m8vwGkEZc3TSW2xqYUoR,方法2,51,0.2297,22.97
fda1eaffdfa7350e5d97,Method_5Q4KoXthUuYz3bvrTDFm,方法3,46,0.2072,20.72
fda1eaffdfa7350e5d97,Method_BXr9AIsPQhwNvyGdZL57,方法4,39,0.1757,17.57
fda1eaffdfa7350e5d97,Method_Cj9Ya2R7fZd6xs1q5mNQ,方法5,32,0.1441,14.41
0e804947f4cdc2721046,Method_BXr9AIsPQhwNvyGdZL57,方法1,26,0.25,25.0
0e804947f4cdc2721046,Method_m8vwGkEZc3TSW2xqYUoR,方法2,25,0.2404,24.04
0e804947f4cdc2721046,Method_5Q4KoXthUuYz3bvrTDFm,方法3,22,0.2115,21.15
0e804947f4cdc2721046,Method_Cj9Ya2R7fZd6xs1q5mNQ,方法4,18,0.1731,17.31
0e804947f4cdc2721046,Method_gj1NLb4Jn7URf9K2kQPd,方法5,13,0.125,12.5
f7c4a29d42220e1cea27,Method_Cj9Ya2R7fZd6xs1q5mNQ,方法1,28,0.2373,23.73
f7c4a29d42220e1cea27,Method_gj1NLb4Jn7URf9K2kQPd,方法2,27,0.2288,22.88
f7c4a29d42220e1cea27,Method_m8vwGkEZc3TSW2xqYUoR,方法3,23,0.1949,19.49
f7c4a29d42220e1cea27,Method_5Q4KoXthUuYz3bvrTDFm,方法4,22,0.1864,18.64
f7c4a29d42220e1cea27,Method_BXr9AIsPQhwNvyGdZL57,方法5,18,0.1525,15.25
539911ee11c1b2aaeb88,Method_m8vwGkEZc3TSW2xqYUoR,方法1,25,0.2404,24.04
539911ee11c1b2aaeb88,Method_BXr9AIsPQhwNvyGdZL57,方法2,23,0.2212,22.12
539911ee11c1b2aaeb88,Method_5Q4KoXthUuYz3bvrTDFm,方法3,23,0.2212,22.12
539911ee11c1b2aaeb88,Method_Cj9Ya2R7fZd6xs1q5mNQ,方法4,19,0.1827,18.27
539911ee11c1b2aaeb88,Method_gj1NLb4Jn7URf9K2kQPd,方法5,14,0.1346,13.46
94752e120f6bb6178ad5,Method_gj1NLb4Jn7URf9K2kQPd,方法1,28,0.2593,25.93
94752e120f6bb6178ad5,Method_BXr9AIsPQhwNvyGdZL57,方法2,26,0.2407,24.07
94752e120f6bb6178ad5,Method_Cj9Ya2R7fZd6xs1q5mNQ,方法3,19,0.1759,17.59
94752e120f6bb6178ad5,Method_5Q4KoXthUuYz3bvrTDFm,方法4,19,0.1759,17.59
94752e120f6bb6178ad5,Method_m8vwGkEZc3TSW2xqYUoR,方法5,16,0.1481,14.81
13f8b8305f6c25c21921,Method_gj1NLb4Jn7URf9K2kQPd,方法1,68,0.2547,25.47
13f8b8305f6c25c21921,Method_Cj9Ya2R7fZd6xs1q5mNQ,方法2,64,0.2397,23.97
13f8b8305f6c25c21921,Method_5Q4KoXthUuYz3bvrTDFm,方法3,46,0.1723,17.23
13f8b8305f6c25c21921,Method_BXr9AIsPQhwNvyGdZL57,方法4,46,0.1723,17.23
13f8b8305f6c25c21921,Method_m8vwGkEZc3TSW2xqYUoR,方法5,43,0.161,16.1
0c81ca27b7d931b6ff6e,Method_5Q4KoXthUuYz3bvrTDFm,方法1,30,0.2113,21.13
0c81ca27b7d931b6ff6e,Method_Cj9Ya2R7fZd6xs1q5mNQ,方法2,29,0.2042,20.42
0c81ca27b7d931b6ff6e,Method_gj1NLb4Jn7URf9K2kQPd,方法3,29,0.2042,20.42
0c81ca27b7d931b6ff6e,Method_m8vwGkEZc3TSW2xqYUoR,方法4,28,0.1972,19.72
0c81ca27b7d931b6ff6e,Method_BXr9AIsPQhwNvyGdZL57,方法5,26,0.1831,18.31
e2ee4818284ba527ef0a,Method_m8vwGkEZc3TSW2xqYUoR,方法1,19,0.2603,26.03
e2ee4818284ba527ef0a,Method_Cj9Ya2R7fZd6xs1q5mNQ,方法2,15,0.2055,20.55
e2ee4818284ba527ef0a,Method_gj1NLb4Jn7URf9K2kQPd,方法3,15,0.2055,20.55
e2ee4818284ba527ef0a,Method_BXr9AIsPQhwNvyGdZL57,方法4,13,0.1781,17.81
e2ee4818284ba527ef0a,Method_5Q4KoXthUuYz3bvrTDFm,方法5,11,0.1507,15.07
76a2f2705490042bb8cb,Method_BXr9AIsPQhwNvyGdZL57,方法1,23,0.2987,29.87
76a2f2705490042bb8cb,Method_5Q4KoXthUuYz3bvrTDFm,方法2,16,0.2078,20.78
76a2f2705490042bb8cb,Method_gj1NLb4Jn7URf9K2kQPd,方法3,15,0.1948,19.48
76a2f2705490042bb8cb,Method_Cj9Ya2R7fZd6xs1q5mNQ,方法4,14,0.1818,18.18
76a2f2705490042bb8cb,Method_m8vwGkEZc3TSW2xqYUoR,方法5,9,0.1169,11.69
87aa4503451b6a77b2b7,Method_gj1NLb4Jn7URf9K2kQPd,方法1,27,0.2523,25.23
87aa4503451b6a77b2b7,Method_BXr9AIsPQhwNvyGdZL57,方法2,22,0.2056,20.56
87aa4503451b6a77b2b7,Method_5Q4KoXthUuYz3bvrTDFm,方法3,22,0.2056,20.56
87aa4503451b6a77b2b7,Method_Cj9Ya2R7fZd6xs1q5mNQ,方法4,19,0.1776,17.76
87aa4503451b6a77b2b7,Method_m8vwGkEZc3TSW2xqYUoR,方法5,17,0.1589,15.89
1552f58e2818ce7fa863,Method_m8vwGkEZc3TSW2xqYUoR,方法1,29,0.2339,23.39
1552f58e2818ce7fa863,Method_gj1NLb4Jn7URf9K2kQPd,方法2,26,0.2097,20.97
1552f58e2818ce7fa863,Method_BXr9AIsPQhwNvyGdZL57,方法3,24,0.1935,19.35
1552f58e2818ce7fa863,Method_5Q4KoXthUuYz3bvrTDFm,方法4,23,0.1855,18.55
1552f58e2818ce7fa863,Method_Cj9Ya2R7fZd6xs1q5mNQ,方法5,22,0.1774,17.74
211ed39c57c6e6cdefbf,Method_m8vwGkEZc3TSW2xqYUoR,方法1,37,0.296,29.6
211ed39c57c6e6cdefbf,Method_5Q4KoXthUuYz3bvrTDFm,方法2,25,0.2,20.0
211ed39c57c6e6cdefbf,Method_Cj9Ya2R7fZd6xs1q5mNQ,方法3,23,0.184,18.4
211ed39c57c6e6cdefbf,Method_BXr9AIsPQhwNvyGdZL57,方法4,22,0.176,17.6
211ed39c57c6e6cdefbf,Method_gj1NLb4Jn7URf9K2kQPd,方法5,18,0.144,14.4
28bc8af257c48eac3bf1,Method_m8vwGkEZc3TSW2xqYUoR,方法1,19,0.2879,28.79
28bc8af257c48eac3bf1,Method_BXr9AIsPQhwNvyGdZL57,方法2,16,0.2424,24.24
28bc8af257c48eac3bf1,Method_gj1NLb4Jn7URf9K2kQPd,方法3,16,0.2424,24.24
28bc8af257c48eac3bf1,Method_Cj9Ya2R7fZd6xs1q5mNQ,方法4,9,0.1364,13.64
28bc8af257c48eac3bf1,Method_5Q4KoXthUuYz3bvrTDFm,方法5,6,0.0909,9.09
2f3ef424b925a9881b81,Method_Cj9Ya2R7fZd6xs1q5mNQ,方法1,27,0.2269,22.69
2f3ef424b925a9881b81,Method_gj1NLb4Jn7URf9K2kQPd,方法2,26,0.2185,21.85
2f3ef424b925a9881b81,Method_5Q4KoXthUuYz3bvrTDFm,方法3,24,0.2017,20.17
2f3ef424b925a9881b81,Method_BXr9AIsPQhwNvyGdZL57,方法4,21,0.1765,17.65
2f3ef424b925a9881b81,Method_m8vwGkEZc3TSW2xqYUoR,方法5,21,0.1765,17.65
8fe25991951e1f37568b,Method_BXr9AIsPQhwNvyGdZL57,方法1,31,0.248,24.8
8fe25991951e1f37568b,Method_Cj9Ya2R7fZd6xs1q5mNQ,方法2,31,0.248,24.8
8fe25991951e1f37568b,Method_5Q4KoXthUuYz3bvrTDFm,方法3,26,0.208,20.8
8fe25991951e1f37568b,Method_gj1NLb4Jn7URf9K2kQPd,方法4,19,0.152,15.2
8fe25991951e1f37568b,Method_m8vwGkEZc3TSW2xqYUoR,方法5,18,0.144,14.4
a959b7dd7f65365313a4,Method_gj1NLb4Jn7URf9K2kQPd,方法1,55,0.2183,21.83
a959b7dd7f65365313a4,Method_m8vwGkEZc3TSW2xqYUoR,方法2,52,0.2063,20.63
a959b7dd7f65365313a4,Method_Cj9Ya2R7fZd6xs1q5mNQ,方法3,52,0.2063,20.63
a959b7dd7f65365313a4,Method_5Q4KoXthUuYz3bvrTDFm,方法4,49,0.1944,19.44
a959b7dd7f65365313a4,Method_BXr9AIsPQhwNvyGdZL57,方法5,44,0.1746,17.46
67456512891f96cc0fc3,Method_5Q4KoXthUuYz3bvrTDFm,方法1,20,0.2564,25.64
67456512891f96cc0fc3,Method_Cj9Ya2R7fZd6xs1q5mNQ,方法2,19,0.2436,24.36
67456512891f96cc0fc3,Method_m8vwGkEZc3TSW2xqYUoR,方法3,16,0.2051,20.51
67456512891f96cc0fc3,Method_BXr9AIsPQhwNvyGdZL57,方法4,13,0.1667,16.67
67456512891f96cc0fc3,Method_gj1NLb4Jn7URf9K2kQPd,方法5,10,0.1282,12.82
83bf9b0424c17c9e13e7,Method_gj1NLb4Jn7URf9K2kQPd,方法1,18,0.2466,24.66
83bf9b0424c17c9e13e7,Method_m8vwGkEZc3TSW2xqYUoR,方法2,16,0.2192,21.92
83bf9b0424c17c9e13e7,Method_5Q4KoXthUuYz3bvrTDFm,方法3,15,0.2055,20.55
83bf9b0424c17c9e13e7,Method_Cj9Ya2R7fZd6xs1q5mNQ,方法4,12,0.1644,16.44
83bf9b0424c17c9e13e7,Method_BXr9AIsPQhwNvyGdZL57,方法5,12,0.1644,16.44
01558eef77a8d39b7103,Method_gj1NLb4Jn7URf9K2kQPd,方法1,29,0.2302,23.02
01558eef77a8d39b7103,Method_5Q4KoXthUuYz3bvrTDFm,方法2,26,0.2063,20.63
01558eef77a8d39b7103,Method_m8vwGkEZc3TSW2xqYUoR,方法3,25,0.1984,19.84
01558eef77a8d39b7103,Method_Cj9Ya2R7fZd6xs1q5mNQ,方法4,23,0.1825,18.25
01558eef77a8d39b7103,Method_BXr9AIsPQhwNvyGdZL57,方法5,23,0.1825,18.25
359f25d9131a0699405b,Method_Cj9Ya2R7fZd6xs1q5mNQ,方法1,32,0.2443,24.43
359f25d9131a0699405b,Method_gj1NLb4Jn7URf9K2kQPd,方法2,29,0.2214,22.14
359f25d9131a0699405b,Method_BXr9AIsPQhwNvyGdZL57,方法3,24,0.1832,18.32
359f25d9131a0699405b,Method_5Q4KoXthUuYz3bvrTDFm,方法4,24,0.1832,18.32
359f25d9131a0699405b,Method_m8vwGkEZc3TSW2xqYUoR,方法5,22,0.1679,16.79
1d7229e0f5f825007870,Method_5Q4KoXthUuYz3bvrTDFm,方法1,20,0.2439,24.39
1d7229e0f5f825007870,Method_BXr9AIsPQhwNvyGdZL57,方法2,20,0.2439,24.39
1d7229e0f5f825007870,Method_gj1NLb4Jn7URf9K2kQPd,方法3,17,0.2073,20.73
1d7229e0f5f825007870,Method_m8vwGkEZc3TSW2xqYUoR,方法4,13,0.1585,15.85
1d7229e0f5f825007870,Method_Cj9Ya2R7fZd6xs1q5mNQ,方法5,12,0.1463,14.63
b9d88af0a70c4ccb592e,Method_5Q4KoXthUuYz3bvrTDFm,方法1,15,0.2344,23.44
b9d88af0a70c4ccb592e,Method_Cj9Ya2R7fZd6xs1q5mNQ,方法2,14,0.2188,21.88
b9d88af0a70c4ccb592e,Method_gj1NLb4Jn7URf9K2kQPd,方法3,13,0.2031,20.31
b9d88af0a70c4ccb592e,Method_BXr9AIsPQhwNvyGdZL57,方法4,11,0.1719,17.19
b9d88af0a70c4ccb592e,Method_m8vwGkEZc3TSW2xqYUoR,方法5,11,0.1719,17.19
d4d7a248a58363732f8e,Method_Cj9Ya2R7fZd6xs1q5mNQ,方法1,26,0.2342,23.42
d4d7a248a58363732f8e,Method_5Q4KoXthUuYz3bvrTDFm,方法2,23,0.2072,20.72
d4d7a248a58363732f8e,Method_BXr9AIsPQhwNvyGdZL57,方法3,23,0.2072,20.72
d4d7a248a58363732f8e,Method_gj1NLb4Jn7URf9K2kQPd,方法4,23,0.2072,20.72
d4d7a248a58363732f8e,Method_m8vwGkEZc3TSW2xqYUoR,方法5,16,0.1441,14.41
5e29473eb1e80fde79a0,Method_Cj9Ya2R7fZd6xs1q5mNQ,方法1,46,0.2486,24.86
5e29473eb1e80fde79a0,Method_5Q4KoXthUuYz3bvrTDFm,方法2,42,0.227,22.7
5e29473eb1e80fde79a0,Method_BXr9AIsPQhwNvyGdZL57,方法3,39,0.2108,21.08
5e29473eb1e80fde79a0,Method_m8vwGkEZc3TSW2xqYUoR,方法4,32,0.173,17.3
5e29473eb1e80fde79a0,Method_gj1NLb4Jn7URf9K2kQPd,方法5,26,0.1405,14.05
0b307ee95b41e222f204,Method_Cj9Ya2R7fZd6xs1q5mNQ,方法1,29,0.2458,24.58
0b307ee95b41e222f204,Method_gj1NLb4Jn7URf9K2kQPd,方法2,24,0.2034,20.34
0b307ee95b41e222f204,Method_m8vwGkEZc3TSW2xqYUoR,方法3,24,0.2034,20.34
0b307ee95b41e222f204,Method_5Q4KoXthUuYz3bvrTDFm,方法4,21,0.178,17.8
0b307ee95b41e222f204,Method_BXr9AIsPQhwNvyGdZL57,方法5,20,0.1695,16.95
1974349ec27d7d67bf08,Method_m8vwGkEZc3TSW2xqYUoR,方法1,47,0.2448,24.48
1974349ec27d7d67bf08,Method_5Q4KoXthUuYz3bvrTDFm,方法2,42,0.2188,21.88
1974349ec27d7d67bf08,Method_Cj9Ya2R7fZd6xs1q5mNQ,方法3,37,0.1927,19.27
1974349ec27d7d67bf08,Method_gj1NLb4Jn7URf9K2kQPd,方法4,34,0.1771,17.71
1974349ec27d7d67bf08,Method_BXr9AIsPQhwNvyGdZL57,方法5,32,0.1667,16.67
35e028ec34bfdb7a6d26,Method_gj1NLb4Jn7URf9K2kQPd,方法1,28,0.2276,22.76
35e028ec34bfdb7a6d26,Method_5Q4KoXthUuYz3bvrTDFm,方法2,27,0.2195,21.95
35e028ec34bfdb7a6d26,Method_BXr9AIsPQhwNvyGdZL57,方法3,26,0.2114,21.14
35e028ec34bfdb7a6d26,Method_m8vwGkEZc3TSW2xqYUoR,方法4,25,0.2033,20.33
35e028ec34bfdb7a6d26,Method_Cj9Ya2R7fZd6xs1q5mNQ,方法5,17,0.1382,13.82
d3fd2319c0f3aa00c371,Method_Cj9Ya2R7fZd6xs1q5mNQ,方法1,23,0.2396,23.96
d3fd2319c0f3aa00c371,Method_gj1NLb4Jn7URf9K2kQPd,方法2,21,0.2188,21.88
d3fd2319c0f3aa00c371,Method_5Q4KoXthUuYz3bvrTDFm,方法3,19,0.1979,19.79
d3fd2319c0f3aa00c371,Method_BXr9AIsPQhwNvyGdZL57,方法4,18,0.1875,18.75
d3fd2319c0f3aa00c371,Method_m8vwGkEZc3TSW2xqYUoR,方法5,15,0.1562,15.62
5bdad002590327215ae0,Method_gj1NLb4Jn7URf9K2kQPd,方法1,20,0.2532,25.32
5bdad002590327215ae0,Method_Cj9Ya2R7fZd6xs1q5mNQ,方法2,20,0.2532,25.32
5bdad002590327215ae0,Method_5Q4KoXthUuYz3bvrTDFm,方法3,15,0.1899,18.99
5bdad002590327215ae0,Method_BXr9AIsPQhwNvyGdZL57,方法4,12,0.1519,15.19
5bdad002590327215ae0,Method_m8vwGkEZc3TSW2xqYUoR,方法5,12,0.1519,15.19
919b6f74756bdb77edab,Method_Cj9Ya2R7fZd6xs1q5mNQ,方法1,25,0.2475,24.75
919b6f74756bdb77edab,Method_5Q4KoXthUuYz3bvrTDFm,方法2,24,0.2376,23.76
919b6f74756bdb77edab,Method_gj1NLb4Jn7URf9K2kQPd,方法3,21,0.2079,20.79
919b6f74756bdb77edab,Method_BXr9AIsPQhwNvyGdZL57,方法4,18,0.1782,17.82
919b6f74756bdb77edab,Method_m8vwGkEZc3TSW2xqYUoR,方法5,13,0.1287,12.87
8596e232b0d863cd3130,Method_m8vwGkEZc3TSW2xqYUoR,方法1,23,0.2644,26.44
8596e232b0d863cd3130,Method_gj1NLb4Jn7URf9K2kQPd,方法2,20,0.2299,22.99
8596e232b0d863cd3130,Method_Cj9Ya2R7fZd6xs1q5mNQ,方法3,18,0.2069,20.69
8596e232b0d863cd3130,Method_BXr9AIsPQhwNvyGdZL57,方法4,15,0.1724,17.24
8596e232b0d863cd3130,Method_5Q4KoXthUuYz3bvrTDFm,方法5,11,0.1264,12.64
17656005bd4086137ab7,Method_m8vwGkEZc3TSW2xqYUoR,方法1,26,0.2453,24.53
17656005bd4086137ab7,Method_Cj9Ya2R7fZd6xs1q5mNQ,方法2,24,0.2264,22.64
17656005bd4086137ab7,Method_BXr9AIsPQhwNvyGdZL57,方法3,22,0.2075,20.75
17656005bd4086137ab7,Method_gj1NLb4Jn7URf9K2kQPd,方法4,19,0.1792,17.92
17656005bd4086137ab7,Method_5Q4KoXthUuYz3bvrTDFm,方法5,15,0.1415,14.15
d76c58732e315933a6cf,Method_BXr9AIsPQhwNvyGdZL57,方法1,18,0.2769,27.69
d76c58732e315933a6cf,Method_gj1NLb4Jn7URf9K2kQPd,方法2,16,0.2462,24.62
d76c58732e315933a6cf,Method_5Q4KoXthUuYz3bvrTDFm,方法3,14,0.2154,21.54
d76c58732e315933a6cf,Method_m8vwGkEZc3TSW2xqYUoR,方法4,12,0.1846,18.46
d76c58732e315933a6cf,Method_Cj9Ya2R7fZd6xs1q5mNQ,方法5,5,0.0769,7.69
7c27b1482db039a6eee9,Method_BXr9AIsPQhwNvyGdZL57,方法1,15,0.2206,22.06
7c27b1482db039a6eee9,Method_5Q4KoXthUuYz3bvrTDFm,方法2,14,0.2059,20.59
7c27b1482db039a6eee9,Method_m8vwGkEZc3TSW2xqYUoR,方法3,14,0.2059,20.59
7c27b1482db039a6eee9,Method_Cj9Ya2R7fZd6xs1q5mNQ,方法4,13,0.1912,19.12
7c27b1482db039a6eee9,Method_gj1NLb4Jn7URf9K2kQPd,方法5,12,0.1765,17.65
75e30b71e38030454877,Method_5Q4KoXthUuYz3bvrTDFm,方法1,32,0.2302,23.02
75e30b71e38030454877,Method_gj1NLb4Jn7URf9K2kQPd,方法2,31,0.223,22.3
75e30b71e38030454877,Method_m8vwGkEZc3TSW2xqYUoR,方法3,28,0.2014,20.14
75e30b71e38030454877,Method_BXr9AIsPQhwNvyGdZL57,方法4,27,0.1942,19.42
75e30b71e38030454877,Method_Cj9Ya2R7fZd6xs1q5mNQ,方法5,21,0.1511,15.11
eacb3353d7bc80cf3e7a,Method_gj1NLb4Jn7URf9K2kQPd,方法1,19,0.2533,25.33
eacb3353d7bc80cf3e7a,Method_Cj9Ya2R7fZd6xs1q5mNQ,方法2,17,0.2267,22.67
eacb3353d7bc80cf3e7a,Method_m8vwGkEZc3TSW2xqYUoR,方法3,15,0.2,20.0
eacb3353d7bc80cf3e7a,Method_BXr9AIsPQhwNvyGdZL57,方法4,13,0.1733,17.33
eacb3353d7bc80cf3e7a,Method_5Q4KoXthUuYz3bvrTDFm,方法5,11,0.1467,14.67
41126caf1874c098d357,Method_5Q4KoXthUuYz3bvrTDFm,方法1,31,0.2793,27.93
41126caf1874c098d357,Method_m8vwGkEZc3TSW2xqYUoR,方法2,24,0.2162,21.62
41126caf1874c098d357,Method_BXr9AIsPQhwNvyGdZL57,方法3,20,0.1802,18.02
41126caf1874c098d357,Method_Cj9Ya2R7fZd6xs1q5mNQ,方法4,19,0.1712,17.12
41126caf1874c098d357,Method_gj1NLb4Jn7URf9K2kQPd,方法5,17,0.1532,15.32
69ae85efb03510241445,Method_gj1NLb4Jn7URf9K2kQPd,方法1,23,0.219,21.9
69ae85efb03510241445,Method_5Q4KoXthUuYz3bvrTDFm,方法2,23,0.219,21.9
69ae85efb03510241445,Method_Cj9Ya2R7fZd6xs1q5mNQ,方法3,22,0.2095,20.95
69ae85efb03510241445,Method_BXr9AIsPQhwNvyGdZL57,方法4,20,0.1905,19.05
69ae85efb03510241445,Method_m8vwGkEZc3TSW2xqYUoR,方法5,17,0.1619,16.19
c5c5601b771f1b4491fa,Method_Cj9Ya2R7fZd6xs1q5mNQ,方法1,23,0.2556,25.56
c5c5601b771f1b4491fa,Method_gj1NLb4Jn7URf9K2kQPd,方法2,20,0.2222,22.22
c5c5601b771f1b4491fa,Method_BXr9AIsPQhwNvyGdZL57,方法3,18,0.2,20.0
c5c5601b771f1b4491fa,Method_5Q4KoXthUuYz3bvrTDFm,方法4,16,0.1778,17.78
c5c5601b771f1b4491fa,Method_m8vwGkEZc3TSW2xqYUoR,方法5,13,0.1444,14.44
c4ffbc0ba8c38e725fc8,Method_Cj9Ya2R7fZd6xs1q5mNQ,方法1,14,0.2222,22.22
c4ffbc0ba8c38e725fc8,Method_gj1NLb4Jn7URf9K2kQPd,方法2,13,0.2063,20.63
c4ffbc0ba8c38e725fc8,Method_5Q4KoXthUuYz3bvrTDFm,方法3,13,0.2063,20.63
c4ffbc0ba8c38e725fc8,Method_BXr9AIsPQhwNvyGdZL57,方法4,13,0.2063,20.63
c4ffbc0ba8c38e725fc8,Method_m8vwGkEZc3TSW2xqYUoR,方法5,10,0.1587,15.87
55a47a152d359522e38d,Method_BXr9AIsPQhwNvyGdZL57,方法1,31,0.2296,22.96
55a47a152d359522e38d,Method_gj1NLb4Jn7URf9K2kQPd,方法2,27,0.2,20.0
55a47a152d359522e38d,Method_Cj9Ya2R7fZd6xs1q5mNQ,方法3,27,0.2,20.0
55a47a152d359522e38d,Method_5Q4KoXthUuYz3bvrTDFm,方法4,27,0.2,20.0
55a47a152d359522e38d,Method_m8vwGkEZc3TSW2xqYUoR,方法5,23,0.1704,17.04
7ffc1d4e5026fc5195ea,Method_Cj9Ya2R7fZd6xs1q5mNQ,方法1,20,0.2564,25.64
7ffc1d4e5026fc5195ea,Method_gj1NLb4Jn7URf9K2kQPd,方法2,19,0.2436,24.36
7ffc1d4e5026fc5195ea,Method_5Q4KoXthUuYz3bvrTDFm,方法3,15,0.1923,19.23
7ffc1d4e5026fc5195ea,Method_BXr9AIsPQhwNvyGdZL57,方法4,15,0.1923,19.23
7ffc1d4e5026fc5195ea,Method_m8vwGkEZc3TSW2xqYUoR,方法5,9,0.1154,11.54
a05da04117e032cb4977,Method_m8vwGkEZc3TSW2xqYUoR,方法1,25,0.2404,24.04
a05da04117e032cb4977,Method_5Q4KoXthUuYz3bvrTDFm,方法2,23,0.2212,22.12
a05da04117e032cb4977,Method_Cj9Ya2R7fZd6xs1q5mNQ,方法3,21,0.2019,20.19
a05da04117e032cb4977,Method_BXr9AIsPQhwNvyGdZL57,方法4,18,0.1731,17.31
a05da04117e032cb4977,Method_gj1NLb4Jn7URf9K2kQPd,方法5,17,0.1635,16.35
9be4ba08415daa1ee6fe,Method_BXr9AIsPQhwNvyGdZL57,方法1,23,0.2875,28.75
9be4ba08415daa1ee6fe,Method_Cj9Ya2R7fZd6xs1q5mNQ,方法2,20,0.25,25.0
9be4ba08415daa1ee6fe,Method_5Q4KoXthUuYz3bvrTDFm,方法3,15,0.1875,18.75
9be4ba08415daa1ee6fe,Method_m8vwGkEZc3TSW2xqYUoR,方法4,11,0.1375,13.75
9be4ba08415daa1ee6fe,Method_gj1NLb4Jn7URf9K2kQPd,方法5,11,0.1375,13.75
o6kw9thwvq6csdr9taal,Method_m8vwGkEZc3TSW2xqYUoR,方法1,29,0.2522,25.22
o6kw9thwvq6csdr9taal,Method_Cj9Ya2R7fZd6xs1q5mNQ,方法2,26,0.2261,22.61
o6kw9thwvq6csdr9taal,Method_gj1NLb4Jn7URf9K2kQPd,方法3,24,0.2087,20.87
o6kw9thwvq6csdr9taal,Method_5Q4KoXthUuYz3bvrTDFm,方法4,20,0.1739,17.39
o6kw9thwvq6csdr9taal,Method_BXr9AIsPQhwNvyGdZL57,方法5,16,0.1391,13.91
owzdfs89mm4ci0382a3b,Method_5Q4KoXthUuYz3bvrTDFm,方法1,26,0.2653,26.53
owzdfs89mm4ci0382a3b,Method_Cj9Ya2R7fZd6xs1q5mNQ,方法2,24,0.2449,24.49
owzdfs89mm4ci0382a3b,Method_gj1NLb4Jn7URf9K2kQPd,方法3,22,0.2245,22.45
owzdfs89mm4ci0382a3b,Method_BXr9AIsPQhwNvyGdZL57,方法4,16,0.1633,16.33
owzdfs89mm4ci0382a3b,Method_m8vwGkEZc3TSW2xqYUoR,方法5,10,0.102,10.2
7n0vh1m7hm3g0v8ggv7v,Method_Cj9Ya2R7fZd6xs1q5mNQ,方法1,24,0.2222,22.22
7n0vh1m7hm3g0v8ggv7v,Method_m8vwGkEZc3TSW2xqYUoR,方法2,24,0.2222,22.22
7n0vh1m7hm3g0v8ggv7v,Method_gj1NLb4Jn7URf9K2kQPd,方法3,23,0.213,21.3
7n0vh1m7hm3g0v8ggv7v,Method_5Q4KoXthUuYz3bvrTDFm,方法4,22,0.2037,20.37
7n0vh1m7hm3g0v8ggv7v,Method_BXr9AIsPQhwNvyGdZL57,方法5,15,0.1389,13.89
32n93dfesjggabieb85t,Method_gj1NLb4Jn7URf9K2kQPd,方法1,30,0.2542,25.42
32n93dfesjggabieb85t,Method_Cj9Ya2R7fZd6xs1q5mNQ,方法2,27,0.2288,22.88
32n93dfesjggabieb85t,Method_5Q4KoXthUuYz3bvrTDFm,方法3,21,0.178,17.8
32n93dfesjggabieb85t,Method_BXr9AIsPQhwNvyGdZL57,方法4,21,0.178,17.8
32n93dfesjggabieb85t,Method_m8vwGkEZc3TSW2xqYUoR,方法5,19,0.161,16.1
k6jujv82n727fuwbxa6f,Method_gj1NLb4Jn7URf9K2kQPd,方法1,29,0.2522,25.22
k6jujv82n727fuwbxa6f,Method_m8vwGkEZc3TSW2xqYUoR,方法2,24,0.2087,20.87
k6jujv82n727fuwbxa6f,Method_Cj9Ya2R7fZd6xs1q5mNQ,方法3,23,0.2,20.0
k6jujv82n727fuwbxa6f,Method_5Q4KoXthUuYz3bvrTDFm,方法4,20,0.1739,17.39
k6jujv82n727fuwbxa6f,Method_BXr9AIsPQhwNvyGdZL57,方法5,19,0.1652,16.52
di7sclw5samggg4sxipv,Method_gj1NLb4Jn7URf9K2kQPd,方法1,30,0.2679,26.79
di7sclw5samggg4sxipv,Method_BXr9AIsPQhwNvyGdZL57,方法2,29,0.2589,25.89
di7sclw5samggg4sxipv,Method_m8vwGkEZc3TSW2xqYUoR,方法3,22,0.1964,19.64
di7sclw5samggg4sxipv,Method_5Q4KoXthUuYz3bvrTDFm,方法4,18,0.1607,16.07
di7sclw5samggg4sxipv,Method_Cj9Ya2R7fZd6xs1q5mNQ,方法5,13,0.1161,11.61
m380dsj058viwn3ly6j1,Method_m8vwGkEZc3TSW2xqYUoR,方法1,25,0.2688,26.88
m380dsj058viwn3ly6j1,Method_5Q4KoXthUuYz3bvrTDFm,方法2,24,0.2581,25.81
m380dsj058viwn3ly6j1,Method_gj1NLb4Jn7URf9K2kQPd,方法3,19,0.2043,20.43
m380dsj058viwn3ly6j1,Method_Cj9Ya2R7fZd6xs1q5mNQ,方法4,14,0.1505,15.05
m380dsj058viwn3ly6j1,Method_BXr9AIsPQhwNvyGdZL57,方法5,11,0.1183,11.83
tndsnutlm99ld8f4uya0,Method_m8vwGkEZc3TSW2xqYUoR,方法1,21,0.2333,23.33
tndsnutlm99ld8f4uya0,Method_Cj9Ya2R7fZd6xs1q5mNQ,方法2,19,0.2111,21.11
tndsnutlm99ld8f4uya0,Method_5Q4KoXthUuYz3bvrTDFm,方法3,19,0.2111,21.11
tndsnutlm99ld8f4uya0,Method_BXr9AIsPQhwNvyGdZL57,方法4,17,0.1889,18.89
tndsnutlm99ld8f4uya0,Method_gj1NLb4Jn7URf9K2kQPd,方法5,14,0.1556,15.56
twa56vh9h75mwaqdma1y,Method_Cj9Ya2R7fZd6xs1q5mNQ,方法1,25,0.2427,24.27
twa56vh9h75mwaqdma1y,Method_5Q4KoXthUuYz3bvrTDFm,方法2,24,0.233,23.3
twa56vh9h75mwaqdma1y,Method_m8vwGkEZc3TSW2xqYUoR,方法3,19,0.1845,18.45
twa56vh9h75mwaqdma1y,Method_BXr9AIsPQhwNvyGdZL57,方法4,19,0.1845,18.45
twa56vh9h75mwaqdma1y,Method_gj1NLb4Jn7URf9K2kQPd,方法5,16,0.1553,15.53
l1rn095adguamaugi4ux,Method_5Q4KoXthUuYz3bvrTDFm,方法1,28,0.2435,24.35
l1rn095adguamaugi4ux,Method_m8vwGkEZc3TSW2xqYUoR,方法2,25,0.2174,21.74
l1rn095adguamaugi4ux,Method_Cj9Ya2R7fZd6xs1q5mNQ,方法3,24,0.2087,20.87
l1rn095adguamaugi4ux,Method_BXr9AIsPQhwNvyGdZL57,方法4,20,0.1739,17.39
l1rn095adguamaugi4ux,Method_gj1NLb4Jn7URf9K2kQPd,方法5,18,0.1565,15.65
qkc2f9omqulfmn3j0m9p,Method_gj1NLb4Jn7URf9K2kQPd,方法1,26,0.2524,25.24
qkc2f9omqulfmn3j0m9p,Method_BXr9AIsPQhwNvyGdZL57,方法2,22,0.2136,21.36
qkc2f9omqulfmn3j0m9p,Method_Cj9Ya2R7fZd6xs1q5mNQ,方法3,20,0.1942,19.42
qkc2f9omqulfmn3j0m9p,Method_m8vwGkEZc3TSW2xqYUoR,方法4,19,0.1845,18.45
qkc2f9omqulfmn3j0m9p,Method_5Q4KoXthUuYz3bvrTDFm,方法5,16,0.1553,15.53
k7fa3kdg6dq9avbiqv1f,Method_Cj9Ya2R7fZd6xs1q5mNQ,方法1,24,0.2182,21.82
k7fa3kdg6dq9avbiqv1f,Method_BXr9AIsPQhwNvyGdZL57,方法2,23,0.2091,20.91
k7fa3kdg6dq9avbiqv1f,Method_5Q4KoXthUuYz3bvrTDFm,方法3,22,0.2,20.0
k7fa3kdg6dq9avbiqv1f,Method_gj1NLb4Jn7URf9K2kQPd,方法4,21,0.1909,19.09
k7fa3kdg6dq9avbiqv1f,Method_m8vwGkEZc3TSW2xqYUoR,方法5,20,0.1818,18.18
wi36b9plgjc82atx6z7h,Method_BXr9AIsPQhwNvyGdZL57,方法1,23,0.2396,23.96
wi36b9plgjc82atx6z7h,Method_5Q4KoXthUuYz3bvrTDFm,方法2,22,0.2292,22.92
wi36b9plgjc82atx6z7h,Method_gj1NLb4Jn7URf9K2kQPd,方法3,21,0.2188,21.88
wi36b9plgjc82atx6z7h,Method_Cj9Ya2R7fZd6xs1q5mNQ,方法4,16,0.1667,16.67
wi36b9plgjc82atx6z7h,Method_m8vwGkEZc3TSW2xqYUoR,方法5,14,0.1458,14.58
aai4o855shne2taonl8m,Method_gj1NLb4Jn7URf9K2kQPd,方法1,28,0.2523,25.23
aai4o855shne2taonl8m,Method_m8vwGkEZc3TSW2xqYUoR,方法2,23,0.2072,20.72
aai4o855shne2taonl8m,Method_BXr9AIsPQhwNvyGdZL57,方法3,22,0.1982,19.82
aai4o855shne2taonl8m,Method_Cj9Ya2R7fZd6xs1q5mNQ,方法4,19,0.1712,17.12
aai4o855shne2taonl8m,Method_5Q4KoXthUuYz3bvrTDFm,方法5,19,0.1712,17.12
pxnnkthuxasggux3hyae,Method_BXr9AIsPQhwNvyGdZL57,方法1,24,0.2286,22.86
pxnnkthuxasggux3hyae,Method_5Q4KoXthUuYz3bvrTDFm,方法2,22,0.2095,20.95
pxnnkthuxasggux3hyae,Method_Cj9Ya2R7fZd6xs1q5mNQ,方法3,22,0.2095,20.95
pxnnkthuxasggux3hyae,Method_m8vwGkEZc3TSW2xqYUoR,方法4,19,0.181,18.1
pxnnkthuxasggux3hyae,Method_gj1NLb4Jn7URf9K2kQPd,方法5,18,0.1714,17.14
nq4jln5s1zqjk7nwbbeo,Method_5Q4KoXthUuYz3bvrTDFm,方法1,22,0.2683,26.83
nq4jln5s1zqjk7nwbbeo,Method_Cj9Ya2R7fZd6xs1q5mNQ,方法2,18,0.2195,21.95
nq4jln5s1zqjk7nwbbeo,Method_m8vwGkEZc3TSW2xqYUoR,方法3,15,0.1829,18.29
nq4jln5s1zqjk7nwbbeo,Method_gj1NLb4Jn7URf9K2kQPd,方法4,14,0.1707,17.07
nq4jln5s1zqjk7nwbbeo,Method_BXr9AIsPQhwNvyGdZL57,方法5,13,0.1585,15.85
p8bk6cdfntr0humt6q45,Method_gj1NLb4Jn7URf9K2kQPd,方法1,27,0.2755,27.55
p8bk6cdfntr0humt6q45,Method_5Q4KoXthUuYz3bvrTDFm,方法2,21,0.2143,21.43
p8bk6cdfntr0humt6q45,Method_BXr9AIsPQhwNvyGdZL57,方法3,17,0.1735,17.35
p8bk6cdfntr0humt6q45,Method_Cj9Ya2R7fZd6xs1q5mNQ,方法4,17,0.1735,17.35
p8bk6cdfntr0humt6q45,Method_m8vwGkEZc3TSW2xqYUoR,方法5,16,0.1633,16.33
4nun1ah7qw10q705a2aq,Method_BXr9AIsPQhwNvyGdZL57,方法1,24,0.233,23.3
4nun1ah7qw10q705a2aq,Method_gj1NLb4Jn7URf9K2kQPd,方法2,21,0.2039,20.39
4nun1ah7qw10q705a2aq,Method_5Q4KoXthUuYz3bvrTDFm,方法3,20,0.1942,19.42
4nun1ah7qw10q705a2aq,Method_m8vwGkEZc3TSW2xqYUoR,方法4,19,0.1845,18.45
4nun1ah7qw10q705a2aq,Method_Cj9Ya2R7fZd6xs1q5mNQ,方法5,19,0.1845,18.45
9npnusbksscam12fc4ut,Method_Cj9Ya2R7fZd6xs1q5mNQ,方法1,27,0.2647,26.47
9npnusbksscam12fc4ut,Method_gj1NLb4Jn7URf9K2kQPd,方法2,20,0.1961,19.61
9npnusbksscam12fc4ut,Method_m8vwGkEZc3TSW2xqYUoR,方法3,20,0.1961,19.61
9npnusbksscam12fc4ut,Method_5Q4KoXthUuYz3bvrTDFm,方法4,19,0.1863,18.63
9npnusbksscam12fc4ut,Method_BXr9AIsPQhwNvyGdZL57,方法5,16,0.1569,15.69
hu267zw9zywa4ew3d5bw,Method_BXr9AIsPQhwNvyGdZL57,方法1,28,0.2222,22.22
hu267zw9zywa4ew3d5bw,Method_Cj9Ya2R7fZd6xs1q5mNQ,方法2,28,0.2222,22.22
hu267zw9zywa4ew3d5bw,Method_m8vwGkEZc3TSW2xqYUoR,方法3,25,0.1984,19.84
hu267zw9zywa4ew3d5bw,Method_gj1NLb4Jn7URf9K2kQPd,方法4,23,0.1825,18.25
hu267zw9zywa4ew3d5bw,Method_5Q4KoXthUuYz3bvrTDFm,方法5,22,0.1746,17.46
zhx5rxgopln1p5hd10ql,Method_gj1NLb4Jn7URf9K2kQPd,方法1,27,0.25,25.0
zhx5rxgopln1p5hd10ql,Method_5Q4KoXthUuYz3bvrTDFm,方法2,26,0.2407,24.07
zhx5rxgopln1p5hd10ql,Method_BXr9AIsPQhwNvyGdZL57,方法3,21,0.1944,19.44
zhx5rxgopln1p5hd10ql,Method_m8vwGkEZc3TSW2xqYUoR,方法4,18,0.1667,16.67
zhx5rxgopln1p5hd10ql,Method_Cj9Ya2R7fZd6xs1q5mNQ,方法5,16,0.1481,14.81
pammg9gw4enjosw3z60e,Method_m8vwGkEZc3TSW2xqYUoR,方法1,25,0.2427,24.27
pammg9gw4enjosw3z60e,Method_Cj9Ya2R7fZd6xs1q5mNQ,方法2,24,0.233,23.3
pammg9gw4enjosw3z60e,Method_5Q4KoXthUuYz3bvrTDFm,方法3,20,0.1942,19.42
pammg9gw4enjosw3z60e,Method_BXr9AIsPQhwNvyGdZL57,方法4,19,0.1845,18.45
pammg9gw4enjosw3z60e,Method_gj1NLb4Jn7URf9K2kQPd,方法5,15,0.1456,14.56
r9m46ndmmmzeeehft96z,Method_Cj9Ya2R7fZd6xs1q5mNQ,方法1,31,0.3483,34.83
r9m46ndmmmzeeehft96z,Method_5Q4KoXthUuYz3bvrTDFm,方法2,20,0.2247,22.47
r9m46ndmmmzeeehft96z,Method_m8vwGkEZc3TSW2xqYUoR,方法3,16,0.1798,17.98
r9m46ndmmmzeeehft96z,Method_BXr9AIsPQhwNvyGdZL57,方法4,12,0.1348,13.48
r9m46ndmmmzeeehft96z,Method_gj1NLb4Jn7URf9K2kQPd,方法5,10,0.1124,11.24
i39gdpglcxstun30b4yw,Method_m8vwGkEZc3TSW2xqYUoR,方法1,25,0.2475,24.75
i39gdpglcxstun30b4yw,Method_BXr9AIsPQhwNvyGdZL57,方法2,22,0.2178,21.78
i39gdpglcxstun30b4yw,Method_gj1NLb4Jn7URf9K2kQPd,方法3,22,0.2178,21.78
i39gdpglcxstun30b4yw,Method_5Q4KoXthUuYz3bvrTDFm,方法4,20,0.198,19.8
i39gdpglcxstun30b4yw,Method_Cj9Ya2R7fZd6xs1q5mNQ,方法5,12,0.1188,11.88
whzjoeh34i7o86p37u99,Method_Cj9Ya2R7fZd6xs1q5mNQ,方法1,27,0.2477,24.77
whzjoeh34i7o86p37u99,Method_gj1NLb4Jn7URf9K2kQPd,方法2,27,0.2477,24.77
whzjoeh34i7o86p37u99,Method_5Q4KoXthUuYz3bvrTDFm,方法3,25,0.2294,22.94
whzjoeh34i7o86p37u99,Method_BXr9AIsPQhwNvyGdZL57,方法4,15,0.1376,13.76
whzjoeh34i7o86p37u99,Method_m8vwGkEZc3TSW2xqYUoR,方法5,15,0.1376,13.76
3lbe8ny12qw7qwcyihpn,Method_BXr9AIsPQhwNvyGdZL57,方法1,23,0.2447,24.47
3lbe8ny12qw7qwcyihpn,Method_gj1NLb4Jn7URf9K2kQPd,方法2,21,0.2234,22.34
3lbe8ny12qw7qwcyihpn,Method_m8vwGkEZc3TSW2xqYUoR,方法3,20,0.2128,21.28
3lbe8ny12qw7qwcyihpn,Method_5Q4KoXthUuYz3bvrTDFm,方法4,17,0.1809,18.09
3lbe8ny12qw7qwcyihpn,Method_Cj9Ya2R7fZd6xs1q5mNQ,方法5,13,0.1383,13.83
exaiz0y0uvpeg498cg4j,Method_Cj9Ya2R7fZd6xs1q5mNQ,方法1,24,0.2376,23.76
exaiz0y0uvpeg498cg4j,Method_BXr9AIsPQhwNvyGdZL57,方法2,23,0.2277,22.77
exaiz0y0uvpeg498cg4j,Method_5Q4KoXthUuYz3bvrTDFm,方法3,19,0.1881,18.81
exaiz0y0uvpeg498cg4j,Method_gj1NLb4Jn7URf9K2kQPd,方法4,18,0.1782,17.82
exaiz0y0uvpeg498cg4j,Method_m8vwGkEZc3TSW2xqYUoR,方法5,17,0.1683,16.83
d9qmlhyp13mf5nto4qih,Method_Cj9Ya2R7fZd6xs1q5mNQ,方法1,37,0.3246,32.46
d9qmlhyp13mf5nto4qih,Method_5Q4KoXthUuYz3bvrTDFm,方法2,24,0.2105,21.05
d9qmlhyp13mf5nto4qih,Method_gj1NLb4Jn7URf9K2kQPd,方法3,23,0.2018,20.18
d9qmlhyp13mf5nto4qih,Method_BXr9AIsPQhwNvyGdZL57,方法4,19,0.1667,16.67
d9qmlhyp13mf5nto4qih,Method_m8vwGkEZc3TSW2xqYUoR,方法5,11,0.0965,9.65
b6nwoi7doh1m1yzbkxup,Method_Cj9Ya2R7fZd6xs1q5mNQ,方法1,29,0.2589,25.89
b6nwoi7doh1m1yzbkxup,Method_5Q4KoXthUuYz3bvrTDFm,方法2,27,0.2411,24.11
b6nwoi7doh1m1yzbkxup,Method_gj1NLb4Jn7URf9K2kQPd,方法3,26,0.2321,23.21
b6nwoi7doh1m1yzbkxup,Method_m8vwGkEZc3TSW2xqYUoR,方法4,15,0.1339,13.39
b6nwoi7doh1m1yzbkxup,Method_BXr9AIsPQhwNvyGdZL57,方法5,15,0.1339,13.39
d4xny47ows87zd7viwj5,Method_gj1NLb4Jn7URf9K2kQPd,方法1,28,0.2373,23.73
d4xny47ows87zd7viwj5,Method_5Q4KoXthUuYz3bvrTDFm,方法2,26,0.2203,22.03
d4xny47ows87zd7viwj5,Method_BXr9AIsPQhwNvyGdZL57,方法3,22,0.1864,18.64
d4xny47ows87zd7viwj5,Method_Cj9Ya2R7fZd6xs1q5mNQ,方法4,22,0.1864,18.64
d4xny47ows87zd7viwj5,Method_m8vwGkEZc3TSW2xqYUoR,方法5,20,0.1695,16.95
zoo8a9uj8a0dplifqzdp,Method_gj1NLb4Jn7URf9K2kQPd,方法1,24,0.2286,22.86
zoo8a9uj8a0dplifqzdp,Method_BXr9AIsPQhwNvyGdZL57,方法2,22,0.2095,20.95
zoo8a9uj8a0dplifqzdp,Method_Cj9Ya2R7fZd6xs1q5mNQ,方法3,22,0.2095,20.95
zoo8a9uj8a0dplifqzdp,Method_m8vwGkEZc3TSW2xqYUoR,方法4,20,0.1905,19.05
zoo8a9uj8a0dplifqzdp,Method_5Q4KoXthUuYz3bvrTDFm,方法5,17,0.1619,16.19
k6kv9y9tqfll5d282ymb,Method_Cj9Ya2R7fZd6xs1q5mNQ,方法1,28,0.2718,27.18
k6kv9y9tqfll5d282ymb,Method_gj1NLb4Jn7URf9K2kQPd,方法2,23,0.2233,22.33
k6kv9y9tqfll5d282ymb,Method_m8vwGkEZc3TSW2xqYUoR,方法3,21,0.2039,20.39
k6kv9y9tqfll5d282ymb,Method_BXr9AIsPQhwNvyGdZL57,方法4,17,0.165,16.5
k6kv9y9tqfll5d282ymb,Method_5Q4KoXthUuYz3bvrTDFm,方法5,14,0.1359,13.59
xf5q0ixkpbxl3w7k16qo,Method_5Q4KoXthUuYz3bvrTDFm,方法1,26,0.268,26.8
xf5q0ixkpbxl3w7k16qo,Method_Cj9Ya2R7fZd6xs1q5mNQ,方法2,19,0.1959,19.59
xf5q0ixkpbxl3w7k16qo,Method_BXr9AIsPQhwNvyGdZL57,方法3,18,0.1856,18.56
xf5q0ixkpbxl3w7k16qo,Method_gj1NLb4Jn7URf9K2kQPd,方法4,17,0.1753,17.53
xf5q0ixkpbxl3w7k16qo,Method_m8vwGkEZc3TSW2xqYUoR,方法5,17,0.1753,17.53
slmfpw1fyabrtys8ufg9,Method_BXr9AIsPQhwNvyGdZL57,方法1,23,0.2473,24.73
slmfpw1fyabrtys8ufg9,Method_Cj9Ya2R7fZd6xs1q5mNQ,方法2,22,0.2366,23.66
slmfpw1fyabrtys8ufg9,Method_5Q4KoXthUuYz3bvrTDFm,方法3,17,0.1828,18.28
slmfpw1fyabrtys8ufg9,Method_gj1NLb4Jn7URf9K2kQPd,方法4,16,0.172,17.2
slmfpw1fyabrtys8ufg9,Method_m8vwGkEZc3TSW2xqYUoR,方法5,15,0.1613,16.13
9dbg3fyz4qnj7x9qug6x,Method_gj1NLb4Jn7URf9K2kQPd,方法1,28,0.2523,25.23
9dbg3fyz4qnj7x9qug6x,Method_Cj9Ya2R7fZd6xs1q5mNQ,方法2,24,0.2162,21.62
9dbg3fyz4qnj7x9qug6x,Method_BXr9AIsPQhwNvyGdZL57,方法3,23,0.2072,20.72
9dbg3fyz4qnj7x9qug6x,Method_5Q4KoXthUuYz3bvrTDFm,方法4,21,0.1892,18.92
9dbg3fyz4qnj7x9qug6x,Method_m8vwGkEZc3TSW2xqYUoR,方法5,15,0.1351,13.51
